/*--------------------------------*- C++ -*----------------------------------*\
| =========                 |                                                 |
| \\      /  F ield         | OpenFOAM: The Open Source CFD Toolbox           |
|  \\    /   O peration     | Version:  2506                                  |
|   \\  /    A nd           | Website:  www.openfoam.com                      |
|    \\/     M anipulation  |                                                 |
\*---------------------------------------------------------------------------*/
FoamFile
{
    version     2.0;
    format      ascii;
    arch        "LSB;label=32;scalar=64";
    class       volScalarField;
    location    "1000";
    object      cp;
}
// * * * * * * * * * * * * * * * * * * * * * * * * * * * * * * * * * * * * * //

dimensions      [0 0 0 0 0 0 0];

internalField   nonuniform List<scalar> 
20540
(
0.0557283
0.0162145
0.0557285
0.0160666
0.055729
0.0159747
0.0557299
0.0159183
0.055731
0.0158781
0.0557322
0.0158481
0.0557334
0.0158255
0.0557341
0.0158088
0.0557342
0.015797
0.055733
0.0157895
0.0557304
0.0157863
0.0557258
0.0157872
0.055719
0.015792
0.0557098
0.0158003
0.0556979
0.0158114
0.0556829
0.0158239
0.0556646
0.015836
0.0556422
0.0158458
0.055613
0.0158537
0.0555728
0.0158614
0.0555125
0.01588
0.0554297
0.0159007
0.0553337
0.015928
0.0552247
0.0159571
0.055099
0.0159913
0.0549579
0.0160276
0.0548021
0.016068
0.054636
0.0161094
0.054467
0.0161495
0.054309
0.0161842
0.0541993
0.0162036
0.0541475
0.0162065
0.0541511
0.0161935
0.0542098
0.0161643
0.0543249
0.0161186
0.0544834
0.0160604
0.0546519
0.0160009
0.0548177
0.0159429
0.0549735
0.015889
0.0551155
0.0158401
0.0552427
0.0157958
0.0553537
0.0157585
0.0554513
0.0157223
0.0555374
0.0156952
0.0556033
0.0156675
0.0556481
0.0156524
0.0556803
0.01564
0.055705
0.0156269
0.0557251
0.0156121
0.0557418
0.0155966
0.0557554
0.0155821
0.055766
0.0155701
0.0557741
0.0155613
0.0557798
0.0155561
0.0557835
0.0155549
0.0557853
0.0155577
0.0557857
0.0155645
0.0557851
0.0155755
0.0557839
0.0155911
0.0557825
0.0156122
0.0557811
0.0156403
0.0557798
0.0156781
0.0557788
0.0157315
0.0557782
0.0158185
0.055778
0.0159579
-0.00790163
-0.0144565
-0.0211863
-0.0289659
-0.0362636
-0.0434703
-0.0504804
-0.0573656
-0.064189
-0.0708937
-0.0774355
-0.0838063
-0.0899625
-0.095899
-0.101601
-0.107085
-0.112339
-0.117335
-0.122104
-0.126681
-0.13109
-0.135305
-0.1393
-0.143082
-0.14666
-0.150028
-0.153224
-0.156249
-0.159108
-0.161805
-0.164341
-0.166753
-0.168959
-0.170842
-0.173087
-0.173794
-0.17291
-0.178604
-0.191596
-0.204059
-0.213517
-0.220901
-0.227055
-0.232522
-0.237778
-0.242799
-0.24765
-0.252301
-0.256353
-0.260029
-0.263388
-0.266057
-0.268182
-0.270242
-0.27279
-0.276506
-0.282071
-0.289352
-0.297037
-0.304297
-0.31059
-0.315838
-0.320846
-0.325475
-0.329333
-0.33311
-0.336726
-0.340069
-0.343127
-0.345794
-0.348082
-0.349965
-0.351459
-0.352673
-0.353335
-0.353966
-0.354039
-0.354268
-0.353725
-0.353527
-0.352492
-0.351693
-0.350845
-0.348937
-0.350635
-0.346332
-0.358586
-0.350628
-0.00789548
-0.0144562
-0.0211863
-0.0289658
-0.0362636
-0.0434703
-0.0504803
-0.0573655
-0.064189
-0.0708937
-0.0774355
-0.0838063
-0.0899625
-0.0958989
-0.101601
-0.107085
-0.112339
-0.117335
-0.122104
-0.126681
-0.13109
-0.135305
-0.1393
-0.143082
-0.14666
-0.150028
-0.153224
-0.156249
-0.159108
-0.161804
-0.16434
-0.166753
-0.168959
-0.170842
-0.173087
-0.173794
-0.17291
-0.178603
-0.191595
-0.204059
-0.213517
-0.220902
-0.227056
-0.232522
-0.237779
-0.242799
-0.24765
-0.252301
-0.256353
-0.260029
-0.263388
-0.266057
-0.268182
-0.270242
-0.272789
-0.276503
-0.282068
-0.289347
-0.297033
-0.304293
-0.310587
-0.315835
-0.320842
-0.325471
-0.329328
-0.333106
-0.336721
-0.340064
-0.343123
-0.34579
-0.348079
-0.349962
-0.351456
-0.352671
-0.353333
-0.353964
-0.354036
-0.354264
-0.35372
-0.353523
-0.352487
-0.351688
-0.350837
-0.348927
-0.350624
-0.346308
-0.358591
-0.35039
-0.00789316
-0.0144556
-0.0211861
-0.0289657
-0.0362635
-0.0434702
-0.0504803
-0.0573655
-0.064189
-0.0708936
-0.0774355
-0.0838063
-0.0899625
-0.0958989
-0.101601
-0.107085
-0.112339
-0.117335
-0.122104
-0.126681
-0.13109
-0.135305
-0.1393
-0.143082
-0.14666
-0.150028
-0.153224
-0.156249
-0.159108
-0.161804
-0.16434
-0.166753
-0.168959
-0.170842
-0.173087
-0.173794
-0.172908
-0.178597
-0.19159
-0.204058
-0.213519
-0.220904
-0.227058
-0.232524
-0.237781
-0.242801
-0.247652
-0.252302
-0.256354
-0.26003
-0.263388
-0.266057
-0.268181
-0.270239
-0.272783
-0.276494
-0.282055
-0.289333
-0.29702
-0.304283
-0.310578
-0.315826
-0.32083
-0.325458
-0.329314
-0.333092
-0.336707
-0.340051
-0.343112
-0.34578
-0.348071
-0.349955
-0.351449
-0.352666
-0.353327
-0.353957
-0.354026
-0.354255
-0.353709
-0.353513
-0.352472
-0.351674
-0.350815
-0.348899
-0.350591
-0.346234
-0.358577
-0.350004
-0.00788955
-0.0144547
-0.0211858
-0.0289655
-0.0362632
-0.0434701
-0.0504802
-0.0573654
-0.0641888
-0.0708935
-0.0774354
-0.0838062
-0.0899624
-0.0958988
-0.101601
-0.107085
-0.112339
-0.117335
-0.122104
-0.126681
-0.13109
-0.135305
-0.1393
-0.143082
-0.14666
-0.150028
-0.153224
-0.156248
-0.159108
-0.161804
-0.16434
-0.166752
-0.168959
-0.170841
-0.173087
-0.173793
-0.172901
-0.178584
-0.19158
-0.204055
-0.213522
-0.22091
-0.227064
-0.232529
-0.237785
-0.242804
-0.247655
-0.252305
-0.256356
-0.260031
-0.263388
-0.266056
-0.268178
-0.270231
-0.27277
-0.276473
-0.282027
-0.289304
-0.296994
-0.304262
-0.310562
-0.315807
-0.320807
-0.325433
-0.329289
-0.333065
-0.336682
-0.340027
-0.343091
-0.345762
-0.348056
-0.349941
-0.351436
-0.352656
-0.353316
-0.353944
-0.354009
-0.354239
-0.353687
-0.353495
-0.352444
-0.351648
-0.350771
-0.348845
-0.350522
-0.346092
-0.358497
-0.349436
-0.00788761
-0.0144536
-0.0211855
-0.0289651
-0.0362629
-0.0434698
-0.0504799
-0.0573652
-0.0641887
-0.0708934
-0.0774352
-0.0838061
-0.0899623
-0.0958987
-0.101601
-0.107085
-0.112339
-0.117335
-0.122104
-0.126681
-0.13109
-0.135305
-0.1393
-0.143082
-0.14666
-0.150028
-0.153224
-0.156248
-0.159108
-0.161804
-0.16434
-0.166752
-0.168958
-0.170841
-0.173087
-0.173792
-0.17289
-0.17856
-0.191561
-0.204051
-0.213527
-0.220918
-0.227073
-0.232538
-0.237792
-0.24281
-0.24766
-0.25231
-0.25636
-0.260034
-0.26339
-0.266056
-0.268173
-0.270219
-0.272748
-0.276439
-0.281984
-0.289259
-0.296954
-0.304229
-0.310536
-0.315779
-0.320772
-0.325397
-0.329251
-0.333026
-0.336644
-0.339992
-0.34306
-0.345735
-0.348034
-0.349921
-0.351418
-0.352642
-0.3533
-0.353926
-0.353985
-0.354216
-0.353656
-0.353469
-0.352403
-0.35161
-0.350706
-0.348765
-0.35041
-0.345877
-0.358311
-0.34868
-0.00788739
-0.0144524
-0.021185
-0.0289647
-0.0362625
-0.0434694
-0.0504796
-0.0573648
-0.0641883
-0.070893
-0.0774349
-0.0838058
-0.0899621
-0.0958985
-0.101601
-0.107085
-0.112338
-0.117335
-0.122104
-0.126681
-0.13109
-0.135305
-0.1393
-0.143082
-0.14666
-0.150028
-0.153224
-0.156248
-0.159108
-0.161804
-0.16434
-0.166752
-0.168958
-0.170839
-0.173087
-0.173791
-0.172872
-0.178525
-0.191535
-0.204044
-0.213532
-0.22093
-0.227086
-0.23255
-0.237803
-0.242819
-0.247668
-0.252318
-0.256366
-0.260038
-0.263392
-0.266055
-0.268166
-0.270202
-0.272717
-0.276392
-0.281924
-0.289198
-0.2969
-0.304185
-0.310501
-0.315741
-0.320727
-0.325348
-0.3292
-0.332975
-0.336595
-0.339946
-0.343018
-0.345699
-0.348004
-0.349894
-0.351393
-0.352622
-0.353278
-0.353902
-0.353954
-0.354186
-0.353616
-0.353433
-0.352348
-0.351557
-0.350616
-0.348656
-0.350249
-0.345587
-0.357989
-0.347752
-0.00788894
-0.0144511
-0.0211844
-0.028964
-0.0362618
-0.0434688
-0.050479
-0.0573643
-0.0641878
-0.0708926
-0.0774345
-0.0838054
-0.0899617
-0.0958983
-0.101601
-0.107084
-0.112338
-0.117334
-0.122104
-0.126681
-0.13109
-0.135304
-0.1393
-0.143082
-0.14666
-0.150028
-0.153224
-0.156248
-0.159108
-0.161804
-0.16434
-0.166752
-0.168957
-0.170838
-0.173087
-0.173788
-0.172849
-0.178478
-0.191498
-0.204032
-0.213538
-0.220944
-0.227103
-0.232566
-0.237817
-0.242832
-0.247679
-0.252328
-0.256374
-0.260044
-0.263396
-0.266055
-0.268157
-0.270179
-0.272676
-0.276331
-0.281848
-0.289121
-0.29683
-0.304128
-0.310454
-0.315693
-0.320669
-0.325286
-0.329136
-0.33291
-0.336532
-0.339887
-0.342965
-0.345652
-0.347964
-0.349859
-0.351361
-0.352595
-0.353249
-0.353871
-0.353914
-0.354147
-0.353564
-0.353386
-0.352277
-0.351488
-0.3505
-0.348514
-0.350032
-0.34522
-0.357508
-0.346665
-0.00789233
-0.0144499
-0.0211836
-0.0289632
-0.0362609
-0.043468
-0.0504782
-0.0573635
-0.0641871
-0.0708918
-0.0774338
-0.0838049
-0.0899613
-0.0958979
-0.1016
-0.107084
-0.112338
-0.117334
-0.122104
-0.126681
-0.131089
-0.135304
-0.1393
-0.143082
-0.14666
-0.150028
-0.153224
-0.156248
-0.159108
-0.161804
-0.16434
-0.166751
-0.168957
-0.170836
-0.173088
-0.173786
-0.172819
-0.178419
-0.19145
-0.204015
-0.213543
-0.220961
-0.227124
-0.232586
-0.237835
-0.242848
-0.247693
-0.252343
-0.256386
-0.260052
-0.263402
-0.266056
-0.268147
-0.270152
-0.272627
-0.276257
-0.281756
-0.289026
-0.296744
-0.304057
-0.310395
-0.315633
-0.320599
-0.32521
-0.329058
-0.332831
-0.336455
-0.339814
-0.342899
-0.345592
-0.347913
-0.349813
-0.35132
-0.352559
-0.353211
-0.353831
-0.353865
-0.354098
-0.353499
-0.353325
-0.352188
-0.351396
-0.350354
-0.348334
-0.349753
-0.34478
-0.356847
-0.345436
-0.00789746
-0.0144487
-0.0211827
-0.028962
-0.0362597
-0.0434669
-0.0504771
-0.0573624
-0.064186
-0.0708908
-0.0774329
-0.0838041
-0.0899606
-0.0958974
-0.1016
-0.107084
-0.112338
-0.117334
-0.122103
-0.12668
-0.131089
-0.135304
-0.1393
-0.143082
-0.14666
-0.150028
-0.153224
-0.156248
-0.159108
-0.161804
-0.164339
-0.166751
-0.168956
-0.170834
-0.173088
-0.173783
-0.172785
-0.178351
-0.191389
-0.203991
-0.213544
-0.220978
-0.227147
-0.23261
-0.237858
-0.242868
-0.247712
-0.252361
-0.256402
-0.260064
-0.26341
-0.266058
-0.268137
-0.270122
-0.272571
-0.276173
-0.28165
-0.288914
-0.296641
-0.303968
-0.310322
-0.315561
-0.320516
-0.32512
-0.328965
-0.332736
-0.336363
-0.339726
-0.342818
-0.345519
-0.347847
-0.349755
-0.351267
-0.35251
-0.35316
-0.353781
-0.353806
-0.354037
-0.353421
-0.353246
-0.352079
-0.351279
-0.350177
-0.348115
-0.349411
-0.344278
-0.355986
-0.344098
-0.00790396
-0.0144476
-0.0211816
-0.0289606
-0.0362581
-0.0434653
-0.0504756
-0.0573608
-0.0641845
-0.0708894
-0.0774316
-0.083803
-0.0899597
-0.0958966
-0.101599
-0.107083
-0.112338
-0.117334
-0.122103
-0.12668
-0.131089
-0.135304
-0.1393
-0.143082
-0.146661
-0.150028
-0.153224
-0.156249
-0.159108
-0.161804
-0.164339
-0.166751
-0.168956
-0.170831
-0.173088
-0.173782
-0.172748
-0.178276
-0.191314
-0.203955
-0.21354
-0.220993
-0.227172
-0.232637
-0.237884
-0.242893
-0.247733
-0.252382
-0.256421
-0.260078
-0.263422
-0.266063
-0.268129
-0.270091
-0.272511
-0.276081
-0.281532
-0.288785
-0.296519
-0.30386
-0.310231
-0.315474
-0.320419
-0.325015
-0.328856
-0.332626
-0.336255
-0.339621
-0.342721
-0.345429
-0.347764
-0.349681
-0.3512
-0.352446
-0.353096
-0.353718
-0.353734
-0.353963
-0.353328
-0.353148
-0.35195
-0.351133
-0.34997
-0.347856
-0.349004
-0.343734
-0.354904
-0.342694
-0.00791111
-0.0144467
-0.0211802
-0.0289588
-0.036256
-0.0434632
-0.0504735
-0.0573588
-0.0641825
-0.0708876
-0.0774299
-0.0838015
-0.0899584
-0.0958955
-0.101598
-0.107082
-0.112337
-0.117334
-0.122103
-0.126679
-0.131089
-0.135304
-0.139301
-0.143083
-0.146661
-0.150029
-0.153225
-0.156249
-0.159109
-0.161804
-0.164339
-0.166751
-0.168956
-0.170828
-0.173088
-0.173784
-0.172714
-0.178196
-0.191224
-0.203904
-0.213525
-0.221003
-0.227196
-0.232666
-0.237914
-0.242921
-0.247759
-0.252408
-0.256444
-0.260096
-0.263436
-0.26607
-0.268123
-0.270064
-0.272453
-0.275986
-0.281405
-0.288641
-0.296377
-0.303732
-0.31012
-0.315371
-0.320309
-0.324895
-0.328733
-0.332501
-0.33613
-0.3395
-0.342605
-0.34532
-0.347661
-0.349588
-0.351116
-0.352363
-0.353013
-0.353638
-0.353649
-0.353873
-0.35322
-0.353026
-0.3518
-0.350955
-0.349732
-0.347562
-0.348536
-0.343176
-0.35358
-0.341292
-0.0079177
-0.0144459
-0.0211785
-0.0289565
-0.0362534
-0.0434605
-0.0504709
-0.0573561
-0.0641799
-0.0708851
-0.0774275
-0.0837995
-0.0899566
-0.0958941
-0.101597
-0.107081
-0.112336
-0.117333
-0.122102
-0.126679
-0.131088
-0.135304
-0.139301
-0.143083
-0.146662
-0.15003
-0.153226
-0.15625
-0.159109
-0.161805
-0.16434
-0.166751
-0.168956
-0.170825
-0.173087
-0.17379
-0.172686
-0.178117
-0.191117
-0.203834
-0.213497
-0.221004
-0.227217
-0.232694
-0.237945
-0.242951
-0.247787
-0.252436
-0.256471
-0.260118
-0.263454
-0.266082
-0.268122
-0.270044
-0.272402
-0.275897
-0.281276
-0.288486
-0.296217
-0.30358
-0.309986
-0.315251
-0.320185
-0.324759
-0.328594
-0.332359
-0.335988
-0.339359
-0.342469
-0.345191
-0.347534
-0.349472
-0.351011
-0.352258
-0.35291
-0.35354
-0.353547
-0.353764
-0.353097
-0.35288
-0.35163
-0.350746
-0.349467
-0.347242
-0.34801
-0.342642
-0.351996
-0.339989
-0.00792192
-0.0144449
-0.0211766
-0.0289538
-0.0362502
-0.0434571
-0.0504675
-0.0573526
-0.0641765
-0.0708819
-0.0774245
-0.0837968
-0.0899543
-0.0958921
-0.101595
-0.10708
-0.112335
-0.117332
-0.122101
-0.126678
-0.131087
-0.135304
-0.139301
-0.143084
-0.146663
-0.150031
-0.153227
-0.156251
-0.15911
-0.161806
-0.16434
-0.166752
-0.168957
-0.170822
-0.173085
-0.1738
-0.172675
-0.178044
-0.190998
-0.203741
-0.213448
-0.220989
-0.227229
-0.232719
-0.237975
-0.242983
-0.247817
-0.252466
-0.256501
-0.260143
-0.263475
-0.266099
-0.26813
-0.270035
-0.272366
-0.275822
-0.281153
-0.288324
-0.296039
-0.303404
-0.309826
-0.315111
-0.320045
-0.324609
-0.32844
-0.332201
-0.335827
-0.339198
-0.342311
-0.345038
-0.347382
-0.34933
-0.35088
-0.352126
-0.352782
-0.353417
-0.353428
-0.353635
-0.352958
-0.352711
-0.351445
-0.350513
-0.349185
-0.346913
-0.347435
-0.34218
-0.350163
-0.338889
-0.00792139
-0.0144432
-0.0211743
-0.0289505
-0.0362462
-0.0434529
-0.0504632
-0.0573483
-0.0641723
-0.0708778
-0.0774206
-0.0837934
-0.0899513
-0.0958895
-0.101593
-0.107078
-0.112334
-0.117331
-0.1221
-0.126677
-0.131087
-0.135303
-0.139301
-0.143084
-0.146664
-0.150032
-0.153228
-0.156252
-0.159112
-0.161807
-0.164341
-0.166753
-0.168959
-0.170821
-0.173082
-0.173816
-0.172688
-0.177983
-0.19087
-0.203619
-0.213374
-0.220954
-0.227226
-0.232736
-0.238001
-0.243014
-0.247848
-0.252497
-0.256533
-0.260171
-0.2635
-0.266122
-0.268148
-0.270044
-0.272355
-0.275775
-0.28105
-0.288165
-0.295848
-0.303204
-0.30964
-0.314949
-0.319889
-0.324444
-0.328271
-0.332028
-0.335649
-0.339016
-0.342129
-0.34486
-0.347202
-0.349158
-0.350718
-0.351964
-0.352628
-0.353268
-0.353289
-0.353484
-0.352809
-0.352523
-0.351255
-0.350269
-0.3489
-0.346607
-0.346836
-0.341847
-0.348148
-0.338114
-0.0079133
-0.01444
-0.0211713
-0.0289466
-0.0362416
-0.0434479
-0.050458
-0.057343
-0.064167
-0.0708727
-0.0774157
-0.0837889
-0.0899473
-0.095886
-0.10159
-0.107075
-0.112332
-0.11733
-0.122099
-0.126676
-0.131085
-0.135302
-0.139301
-0.143084
-0.146664
-0.150033
-0.15323
-0.156254
-0.159113
-0.161809
-0.164343
-0.166754
-0.168962
-0.17082
-0.173077
-0.173839
-0.172733
-0.177947
-0.190744
-0.203464
-0.213266
-0.220891
-0.2272
-0.232738
-0.238018
-0.243039
-0.247876
-0.252525
-0.256565
-0.260202
-0.263528
-0.266152
-0.268179
-0.270074
-0.272378
-0.275771
-0.280982
-0.288024
-0.295654
-0.302985
-0.309426
-0.314763
-0.319717
-0.324265
-0.328088
-0.331838
-0.335452
-0.338813
-0.341921
-0.344654
-0.346994
-0.348955
-0.350523
-0.351769
-0.352446
-0.353092
-0.353131
-0.353313
-0.352654
-0.352325
-0.351075
-0.350038
-0.348641
-0.346368
-0.346264
-0.341713
-0.3461
-0.337828
-0.00789453
-0.014434
-0.0211674
-0.0289419
-0.0362363
-0.0434421
-0.0504517
-0.0573365
-0.0641606
-0.0708665
-0.0774095
-0.0837832
-0.0899421
-0.0958815
-0.101586
-0.107072
-0.112329
-0.117327
-0.122097
-0.126674
-0.131084
-0.135301
-0.139299
-0.143084
-0.146665
-0.150034
-0.153231
-0.156255
-0.159115
-0.161811
-0.164345
-0.166756
-0.168966
-0.170823
-0.173072
-0.173869
-0.172818
-0.177958
-0.190626
-0.203277
-0.213118
-0.220793
-0.227143
-0.232718
-0.238021
-0.243055
-0.247897
-0.252549
-0.256596
-0.260234
-0.263558
-0.26619
-0.268226
-0.270131
-0.272444
-0.275823
-0.280971
-0.287919
-0.29547
-0.302755
-0.309189
-0.314555
-0.31953
-0.324073
-0.327891
-0.331635
-0.335238
-0.33859
-0.341688
-0.344417
-0.346757
-0.348721
-0.350294
-0.351541
-0.352239
-0.352891
-0.352958
-0.353129
-0.352507
-0.352139
-0.350934
-0.349863
-0.348457
-0.346276
-0.345818
-0.341876
-0.344302
-0.33825
-0.0078615
-0.0144238
-0.0211621
-0.0289363
-0.0362301
-0.0434352
-0.0504443
-0.0573288
-0.0641529
-0.0708589
-0.0774021
-0.0837761
-0.0899355
-0.0958756
-0.101581
-0.107067
-0.112325
-0.117324
-0.122094
-0.126672
-0.131081
-0.135298
-0.139297
-0.143083
-0.146664
-0.150034
-0.153232
-0.156257
-0.159117
-0.161813
-0.164347
-0.166757
-0.168971
-0.170827
-0.173066
-0.173907
-0.172946
-0.178037
-0.190525
-0.203067
-0.212923
-0.220652
-0.227048
-0.232665
-0.238
-0.243054
-0.247906
-0.252564
-0.256621
-0.260265
-0.26359
-0.266235
-0.268293
-0.270222
-0.27256
-0.275947
-0.281038
-0.287876
-0.295319
-0.302531
-0.308939
-0.314331
-0.319332
-0.323871
-0.327684
-0.33142
-0.33501
-0.338349
-0.341432
-0.344154
-0.346491
-0.348459
-0.350039
-0.351288
-0.352014
-0.352674
-0.352785
-0.352948
-0.35239
-0.352003
-0.350878
-0.349809
-0.348439
-0.346445
-0.345663
-0.342484
-0.343194
-0.339706
-0.00781068
-0.0144084
-0.0211542
-0.0289294
-0.0362232
-0.0434274
-0.0504355
-0.0573199
-0.0641439
-0.0708499
-0.077393
-0.0837673
-0.0899273
-0.095868
-0.101574
-0.10706
-0.112319
-0.117319
-0.12209
-0.126668
-0.131078
-0.135295
-0.139294
-0.14308
-0.146663
-0.150034
-0.153232
-0.156258
-0.159119
-0.161814
-0.16435
-0.166759
-0.168977
-0.170835
-0.17306
-0.173954
-0.17312
-0.178194
-0.190462
-0.202851
-0.212682
-0.22046
-0.226911
-0.232572
-0.237945
-0.243029
-0.247898
-0.252564
-0.256636
-0.260292
-0.263622
-0.266288
-0.268383
-0.270351
-0.272733
-0.276149
-0.281203
-0.287922
-0.295231
-0.30234
-0.308699
-0.314106
-0.319134
-0.32367
-0.327474
-0.3312
-0.334772
-0.338095
-0.341159
-0.34387
-0.346203
-0.348174
-0.349764
-0.351024
-0.351795
-0.352464
-0.352634
-0.352805
-0.35235
-0.351976
-0.350985
-0.349987
-0.348734
-0.347029
-0.346059
-0.343801
-0.343361
-0.342617
-0.00774075
-0.0143862
-0.0211425
-0.028921
-0.0362153
-0.0434185
-0.0504254
-0.0573096
-0.0641334
-0.0708394
-0.0773823
-0.0837567
-0.089917
-0.0958584
-0.101565
-0.107052
-0.112311
-0.117312
-0.122085
-0.126663
-0.131073
-0.13529
-0.139289
-0.143076
-0.14666
-0.150032
-0.153231
-0.156258
-0.159119
-0.161816
-0.164353
-0.166761
-0.168984
-0.170847
-0.173057
-0.174015
-0.173344
-0.178426
-0.190463
-0.202647
-0.212406
-0.220211
-0.22672
-0.232436
-0.237849
-0.242969
-0.247864
-0.252545
-0.256638
-0.260313
-0.263653
-0.266349
-0.268499
-0.270527
-0.272971
-0.276438
-0.281473
-0.28808
-0.295239
-0.302218
-0.308501
-0.313909
-0.318959
-0.323486
-0.327276
-0.330987
-0.334536
-0.33784
-0.340881
-0.34358
-0.345909
-0.347887
-0.34949
-0.350774
-0.351611
-0.352304
-0.352558
-0.352768
-0.352462
-0.352159
-0.351375
-0.350556
-0.349546
-0.348275
-0.347399
-0.34623
-0.34546
-0.347486
-0.00765585
-0.0143553
-0.0211274
-0.0289102
-0.0362061
-0.0434082
-0.0504138
-0.0572982
-0.0641217
-0.0708273
-0.0773699
-0.0837441
-0.0899046
-0.0958465
-0.101554
-0.107041
-0.112301
-0.117303
-0.122077
-0.126656
-0.131066
-0.135283
-0.139283
-0.14307
-0.146654
-0.150027
-0.153228
-0.156256
-0.159118
-0.161816
-0.164354
-0.166763
-0.168991
-0.170863
-0.173057
-0.174092
-0.173622
-0.178726
-0.190532
-0.202474
-0.21212
-0.219917
-0.226472
-0.232248
-0.237709
-0.242869
-0.247796
-0.252497
-0.256621
-0.260327
-0.263685
-0.266423
-0.268645
-0.270757
-0.273289
-0.276822
-0.281851
-0.288356
-0.295366
-0.302203
-0.308394
-0.313786
-0.318847
-0.323356
-0.327119
-0.330808
-0.334326
-0.337605
-0.340622
-0.343309
-0.345639
-0.34763
-0.349259
-0.350584
-0.351509
-0.352263
-0.352645
-0.352945
-0.352852
-0.352712
-0.352237
-0.351745
-0.351156
-0.35055
-0.350171
-0.35029
-0.350129
-0.35483
-0.00756785
-0.0143159
-0.0211093
-0.0288971
-0.036195
-0.0433964
-0.0504009
-0.0572858
-0.0641086
-0.0708138
-0.0773558
-0.0837293
-0.0898898
-0.0958319
-0.10154
-0.107028
-0.112288
-0.117291
-0.122067
-0.126646
-0.131056
-0.135273
-0.139273
-0.143061
-0.146646
-0.15002
-0.153222
-0.156251
-0.159116
-0.161813
-0.164355
-0.166765
-0.168999
-0.170882
-0.173063
-0.17419
-0.173963
-0.179095
-0.190645
-0.202337
-0.211853
-0.219605
-0.226179
-0.232006
-0.237519
-0.242729
-0.247695
-0.252418
-0.256584
-0.260333
-0.26372
-0.266518
-0.268827
-0.271053
-0.273704
-0.277316
-0.282341
-0.288747
-0.295621
-0.302321
-0.308421
-0.313793
-0.318859
-0.323336
-0.327059
-0.330713
-0.334189
-0.337436
-0.340425
-0.343101
-0.34544
-0.347458
-0.349136
-0.350532
-0.351582
-0.35245
-0.35302
-0.353493
-0.353696
-0.353856
-0.353842
-0.353882
-0.353967
-0.354296
-0.354885
-0.356531
-0.357796
-0.364957
-0.00748179
-0.0142654
-0.0210868
-0.0288843
-0.0361827
-0.0433831
-0.0503869
-0.0572723
-0.0640944
-0.0707989
-0.07734
-0.0837125
-0.0898726
-0.0958146
-0.101523
-0.107011
-0.112272
-0.117276
-0.122053
-0.126634
-0.131044
-0.13526
-0.13926
-0.143048
-0.146634
-0.15001
-0.153212
-0.156243
-0.159109
-0.161808
-0.164354
-0.166765
-0.169007
-0.170907
-0.173075
-0.174314
-0.174377
-0.179536
-0.190777
-0.202209
-0.2116
-0.219302
-0.225873
-0.231737
-0.237287
-0.242546
-0.247563
-0.25231
-0.256532
-0.26034
-0.263769
-0.266645
-0.269064
-0.271432
-0.274234
-0.277941
-0.282962
-0.289256
-0.295997
-0.302573
-0.308603
-0.313977
-0.319058
-0.323503
-0.327171
-0.330776
-0.3342
-0.337408
-0.340369
-0.343041
-0.345403
-0.347471
-0.349234
-0.350743
-0.351968
-0.353026
-0.353867
-0.354632
-0.355254
-0.355892
-0.356525
-0.357337
-0.358371
-0.359908
-0.361879
-0.365275
-0.368431
-0.377707
-0.00739385
-0.0142391
-0.0210544
-0.0288587
-0.0361702
-0.0433729
-0.0503746
-0.0572585
-0.0640791
-0.0707825
-0.0773225
-0.0836936
-0.089853
-0.0957946
-0.101504
-0.106991
-0.112252
-0.117257
-0.122035
-0.126617
-0.131027
-0.135243
-0.139243
-0.143032
-0.146618
-0.149995
-0.153199
-0.156232
-0.159099
-0.1618
-0.164351
-0.166763
-0.169015
-0.170938
-0.173096
-0.17447
-0.174869
-0.180053
-0.190926
-0.202049
-0.211318
-0.218993
-0.225572
-0.231469
-0.237048
-0.242349
-0.24741
-0.252189
-0.256476
-0.260362
-0.263851
-0.266827
-0.269391
-0.271928
-0.274903
-0.278724
-0.283743
-0.289909
-0.2965
-0.302957
-0.30894
-0.314348
-0.31948
-0.323914
-0.327534
-0.331088
-0.33446
-0.337631
-0.340573
-0.343255
-0.345665
-0.347819
-0.349715
-0.351402
-0.352878
-0.354229
-0.355458
-0.356669
-0.35787
-0.359185
-0.360663
-0.362476
-0.364696
-0.36764
-0.371189
-0.376377
-0.381468
-0.392284
-0.00727347
-0.0142034
-0.0210529
-0.0288514
-0.0361438
-0.043341
-0.0503547
-0.0572489
-0.064071
-0.0707708
-0.0773059
-0.0836728
-0.08983
-0.0957708
-0.10148
-0.106967
-0.112227
-0.117234
-0.122014
-0.126597
-0.131007
-0.135221
-0.139221
-0.14301
-0.146596
-0.149976
-0.153181
-0.156215
-0.159084
-0.16179
-0.164346
-0.166758
-0.169024
-0.170977
-0.173131
-0.174664
-0.175444
-0.180644
-0.191087
-0.201844
-0.210963
-0.218623
-0.225241
-0.231197
-0.236821
-0.242169
-0.247276
-0.252098
-0.256457
-0.260426
-0.264002
-0.267108
-0.269855
-0.272592
-0.275756
-0.279707
-0.284725
-0.29075
-0.29717
-0.303498
-0.309441
-0.314908
-0.320126
-0.324584
-0.328182
-0.331703
-0.335048
-0.338207
-0.341161
-0.343892
-0.346395
-0.348691
-0.350792
-0.352742
-0.354565
-0.356332
-0.358081
-0.359901
-0.361844
-0.364024
-0.366519
-0.369493
-0.373011
-0.377379
-0.382414
-0.389082
-0.395616
-0.407217
-0.00714568
-0.0141561
-0.0210325
-0.0288553
-0.0361565
-0.0433404
-0.0503365
-0.0572168
-0.0640349
-0.0707407
-0.077285
-0.0836582
-0.0898174
-0.0957558
-0.101461
-0.106943
-0.112199
-0.117205
-0.121986
-0.12657
-0.130979
-0.135192
-0.139192
-0.142982
-0.146569
-0.149951
-0.153159
-0.156194
-0.159066
-0.161777
-0.164339
-0.166755
-0.169036
-0.171029
-0.173191
-0.174907
-0.176103
-0.181305
-0.191253
-0.201583
-0.210512
-0.218143
-0.224815
-0.230862
-0.236568
-0.241996
-0.247175
-0.252066
-0.256519
-0.260593
-0.264284
-0.267552
-0.270516
-0.27349
-0.276863
-0.28095
-0.285964
-0.291838
-0.298075
-0.304263
-0.31016
-0.31569
-0.321013
-0.325525
-0.329129
-0.332647
-0.336007
-0.339204
-0.342228
-0.345074
-0.347749
-0.350275
-0.352677
-0.355002
-0.35729
-0.359606
-0.362006
-0.364574
-0.367376
-0.370517
-0.374069
-0.378175
-0.382859
-0.388384
-0.394492
-0.402037
-0.409277
-0.420714
-0.00699864
-0.0141009
-0.0210134
-0.0288512
-0.0361535
-0.0433413
-0.0503504
-0.0572366
-0.0640453
-0.0707318
-0.0772548
-0.0836114
-0.0897639
-0.0957043
-0.101418
-0.10691
-0.112175
-0.117189
-0.121974
-0.126558
-0.130963
-0.135169
-0.139163
-0.142949
-0.146533
-0.149914
-0.153123
-0.15616
-0.159034
-0.161752
-0.164323
-0.166747
-0.169047
-0.171091
-0.17328
-0.175202
-0.176841
-0.182026
-0.191416
-0.201261
-0.209958
-0.217537
-0.224263
-0.230417
-0.236238
-0.241787
-0.24708
-0.252086
-0.256682
-0.260907
-0.264762
-0.268238
-0.271462
-0.274709
-0.278314
-0.282541
-0.287546
-0.293264
-0.299308
-0.305348
-0.31119
-0.316777
-0.322211
-0.326787
-0.330411
-0.333949
-0.33736
-0.340641
-0.343794
-0.346823
-0.349744
-0.352586
-0.355382
-0.358177
-0.36102
-0.36397
-0.367086
-0.370439
-0.374087
-0.378112
-0.38256
-0.387531
-0.393
-0.399168
-0.405726
-0.413397
-0.420582
-0.430962
-0.0068388
-0.0140425
-0.0209899
-0.0288465
-0.0361559
-0.0433404
-0.0503493
-0.057237
-0.0640502
-0.0707457
-0.0772766
-0.0836333
-0.0897775
-0.0957009
-0.101394
-0.106864
-0.112112
-0.117116
-0.1219
-0.126488
-0.1309
-0.135115
-0.13912
-0.142916
-0.146511
-0.149901
-0.153116
-0.156157
-0.159034
-0.161756
-0.164333
-0.166764
-0.169083
-0.171183
-0.173408
-0.175545
-0.177629
-0.182767
-0.191535
-0.20083
-0.209244
-0.216744
-0.22352
-0.229794
-0.235756
-0.241464
-0.24692
-0.252098
-0.256899
-0.261339
-0.265427
-0.269177
-0.272714
-0.276277
-0.280144
-0.284526
-0.289533
-0.295106
-0.300967
-0.306863
-0.312652
-0.318292
-0.323849
-0.328516
-0.332182
-0.33577
-0.339269
-0.342683
-0.346018
-0.349288
-0.352516
-0.355733
-0.358971
-0.362274
-0.365685
-0.369252
-0.373019
-0.377037
-0.381339
-0.385976
-0.390955
-0.396335
-0.402049
-0.408246
-0.414599
-0.421712
-0.428214
-0.436961
-0.00667009
-0.0139773
-0.0209633
-0.0288416
-0.0361552
-0.0433361
-0.0503519
-0.0572473
-0.0640613
-0.0707518
-0.0772747
-0.0836252
-0.08977
-0.0957
-0.101404
-0.106884
-0.112136
-0.117142
-0.121921
-0.126495
-0.130885
-0.135077
-0.139059
-0.142837
-0.146418
-0.149802
-0.153015
-0.15606
-0.158947
-0.161683
-0.164283
-0.166742
-0.169105
-0.171292
-0.173589
-0.17596
-0.178483
-0.183546
-0.19165
-0.200341
-0.208427
-0.215821
-0.222645
-0.229056
-0.23519
-0.241099
-0.24677
-0.252177
-0.257247
-0.261972
-0.266361
-0.270444
-0.27434
-0.278247
-0.282389
-0.286931
-0.291948
-0.297395
-0.303088
-0.308849
-0.314583
-0.320262
-0.325928
-0.330677
-0.334387
-0.338033
-0.341633
-0.345189
-0.348714
-0.352225
-0.355745
-0.359299
-0.362918
-0.36663
-0.370467
-0.374457
-0.378623
-0.382991
-0.387567
-0.392371
-0.397382
-0.402631
-0.408025
-0.413685
-0.419301
-0.425373
-0.430804
-0.437702
-0.00649923
-0.01391
-0.0209356
-0.0288346
-0.0361541
-0.0433335
-0.0503545
-0.0572533
-0.0640663
-0.0707574
-0.0772828
-0.0836352
-0.0897799
-0.095705
-0.101401
-0.10687
-0.112114
-0.117118
-0.121903
-0.126485
-0.130885
-0.135087
-0.139081
-0.142869
-0.146457
-0.149845
-0.153057
-0.156098
-0.15898
-0.161711
-0.16431
-0.166773
-0.169154
-0.17141
-0.173772
-0.176338
-0.179222
-0.184137
-0.191507
-0.199519
-0.20721
-0.214462
-0.221331
-0.227913
-0.234277
-0.240466
-0.246444
-0.252183
-0.257629
-0.262745
-0.26753
-0.272023
-0.276329
-0.280611
-0.285042
-0.289751
-0.294796
-0.300149
-0.305705
-0.311355
-0.317045
-0.322764
-0.328547
-0.333408
-0.337182
-0.340901
-0.344613
-0.348314
-0.352013
-0.35573
-0.359478
-0.363274
-0.367136
-0.371077
-0.375111
-0.379247
-0.383486
-0.387836
-0.39228
-0.396825
-0.40143
-0.40612
-0.410794
-0.415565
-0.420158
-0.424992
-0.429221
-0.434356
-0.00634102
-0.0138447
-0.0209063
-0.0288258
-0.0361519
-0.0433281
-0.0503538
-0.0572593
-0.0640755
-0.0707678
-0.0772908
-0.0836374
-0.0897773
-0.0956997
-0.101398
-0.106871
-0.11212
-0.117131
-0.12192
-0.1265
-0.130889
-0.135077
-0.139057
-0.142834
-0.146415
-0.149803
-0.153019
-0.156071
-0.15897
-0.161726
-0.164358
-0.166865
-0.169305
-0.171669
-0.17414
-0.176895
-0.180075
-0.184805
-0.191426
-0.198705
-0.205935
-0.212987
-0.219877
-0.226637
-0.23327
-0.239808
-0.246178
-0.252354
-0.258291
-0.26391
-0.269189
-0.274157
-0.2789
-0.283549
-0.288241
-0.293079
-0.298117
-0.303353
-0.308746
-0.31424
-0.319823
-0.325491
-0.331276
-0.336116
-0.339846
-0.343537
-0.347245
-0.350954
-0.354669
-0.3584
-0.362153
-0.365934
-0.369745
-0.373589
-0.377463
-0.381366
-0.385286
-0.389222
-0.393146
-0.397068
-0.400934
-0.404785
-0.408512
-0.412241
-0.415728
-0.419315
-0.422418
-0.425948
-0.0062314
-0.0137949
-0.0208822
-0.0288167
-0.0361479
-0.0433217
-0.0503521
-0.057264
-0.0640818
-0.0707741
-0.0772963
-0.0836423
-0.089783
-0.0957056
-0.101403
-0.106873
-0.112117
-0.117125
-0.121914
-0.126493
-0.130882
-0.135073
-0.139058
-0.142842
-0.146431
-0.149826
-0.153048
-0.156105
-0.159009
-0.161771
-0.164413
-0.166939
-0.169407
-0.171835
-0.174371
-0.177214
-0.180521
-0.185022
-0.19099
-0.197615
-0.204413
-0.211272
-0.218199
-0.225166
-0.23211
-0.239064
-0.245901
-0.252606
-0.259137
-0.26535
-0.271187
-0.27666
-0.281845
-0.286848
-0.291781
-0.296737
-0.301776
-0.306919
-0.31217
-0.317511
-0.322969
-0.328553
-0.33432
-0.339124
-0.342734
-0.346294
-0.349888
-0.353478
-0.35706
-0.360641
-0.364216
-0.367782
-0.371334
-0.374868
-0.378373
-0.381843
-0.385261
-0.388627
-0.391911
-0.395123
-0.39822
-0.401231
-0.404087
-0.406859
-0.409425
-0.411934
-0.414165
-0.416412
-0.00617897
-0.0137656
-0.0208652
-0.0288077
-0.0361428
-0.0433146
-0.0503479
-0.0572653
-0.064086
-0.0707803
-0.0773029
-0.0836477
-0.0897869
-0.0957073
-0.101404
-0.106874
-0.112119
-0.117131
-0.121923
-0.126504
-0.130891
-0.135078
-0.139059
-0.142839
-0.146426
-0.149822
-0.153045
-0.156106
-0.159019
-0.161794
-0.164456
-0.167008
-0.169507
-0.171988
-0.174571
-0.177442
-0.180769
-0.185032
-0.190457
-0.196522
-0.202932
-0.209605
-0.216568
-0.223731
-0.230978
-0.238352
-0.245649
-0.252894
-0.260046
-0.266861
-0.273234
-0.27916
-0.284702
-0.289958
-0.295038
-0.300035
-0.305021
-0.310032
-0.315101
-0.320235
-0.325475
-0.330833
-0.336362
-0.340931
-0.344341
-0.347696
-0.351075
-0.354434
-0.357766
-0.361073
-0.364347
-0.367582
-0.37077
-0.373903
-0.376971
-0.379966
-0.382876
-0.385695
-0.388408
-0.391013
-0.393495
-0.395854
-0.398075
-0.400165
-0.402106
-0.403913
-0.405565
-0.407088
-0.00618075
-0.0137553
-0.0208548
-0.0287991
-0.0361364
-0.0433064
-0.0503416
-0.0572645
-0.0640884
-0.0707851
-0.0773081
-0.0836526
-0.0897918
-0.0957117
-0.101408
-0.106879
-0.112123
-0.117137
-0.121931
-0.126512
-0.130898
-0.135083
-0.139063
-0.142842
-0.14643
-0.149828
-0.153055
-0.15612
-0.159041
-0.161829
-0.164506
-0.167077
-0.169597
-0.172105
-0.174699
-0.177539
-0.180793
-0.184783
-0.189704
-0.195242
-0.201273
-0.207752
-0.214759
-0.222122
-0.229679
-0.237501
-0.245256
-0.253082
-0.260932
-0.268406
-0.27534
-0.281705
-0.287567
-0.293026
-0.298198
-0.303189
-0.308083
-0.312933
-0.317789
-0.322673
-0.327639
-0.3327
-0.337913
-0.342195
-0.345359
-0.348455
-0.35156
-0.354628
-0.357651
-0.360628
-0.363552
-0.366415
-0.369209
-0.371926
-0.374558
-0.377098
-0.37954
-0.381874
-0.384097
-0.386201
-0.388184
-0.39004
-0.391771
-0.393369
-0.394843
-0.396178
-0.397398
-0.398477
-0.00623668
-0.0137639
-0.020851
-0.0287909
-0.0361288
-0.0432971
-0.0503332
-0.0572615
-0.0640892
-0.0707883
-0.077312
-0.0836572
-0.0897977
-0.0957186
-0.101416
-0.106886
-0.112129
-0.117142
-0.121936
-0.126517
-0.130904
-0.135091
-0.139074
-0.142859
-0.146452
-0.149854
-0.153084
-0.156152
-0.159075
-0.161867
-0.164549
-0.167127
-0.16965
-0.172161
-0.174732
-0.177491
-0.180607
-0.184295
-0.188732
-0.193762
-0.199412
-0.205697
-0.212784
-0.220367
-0.228268
-0.236586
-0.244796
-0.25327
-0.261947
-0.270173
-0.277713
-0.284513
-0.290658
-0.296258
-0.301452
-0.306368
-0.311106
-0.315728
-0.320305
-0.324865
-0.329465
-0.334123
-0.338895
-0.342789
-0.345646
-0.348423
-0.351194
-0.353913
-0.356573
-0.359175
-0.36171
-0.36417
-0.366552
-0.368847
-0.371051
-0.373157
-0.375163
-0.377059
-0.378851
-0.380524
-0.382091
-0.383532
-0.384872
-0.386075
-0.387193
-0.388156
-0.389067
-0.38979
-0.00634834
-0.0137918
-0.0208538
-0.0287826
-0.0361201
-0.0432869
-0.0503221
-0.0572554
-0.0640878
-0.0707917
-0.0773173
-0.0836626
-0.089802
-0.0957214
-0.10142
-0.106893
-0.112141
-0.117161
-0.121959
-0.126539
-0.130922
-0.135102
-0.139077
-0.142855
-0.146444
-0.149845
-0.153077
-0.156152
-0.159088
-0.161898
-0.164599
-0.167196
-0.169733
-0.172247
-0.174783
-0.177431
-0.180364
-0.183715
-0.187653
-0.19214
-0.19736
-0.203411
-0.210595
-0.218384
-0.226648
-0.235489
-0.244076
-0.253268
-0.262945
-0.272044
-0.280244
-0.287466
-0.293847
-0.299517
-0.304658
-0.309431
-0.313953
-0.318296
-0.322546
-0.326726
-0.330895
-0.335064
-0.339273
-0.342693
-0.345236
-0.347697
-0.350122
-0.352482
-0.354773
-0.356993
-0.359138
-0.361204
-0.363186
-0.365081
-0.366886
-0.368597
-0.370215
-0.371735
-0.37316
-0.374483
-0.375715
-0.376841
-0.377886
-0.378815
-0.379688
-0.380415
-0.381148
-0.381647
-0.00650425
-0.013835
-0.0208624
-0.0287752
-0.0361105
-0.0432762
-0.0503108
-0.0572485
-0.064084
-0.0707907
-0.0773192
-0.0836695
-0.0898135
-0.0957342
-0.101431
-0.106899
-0.11214
-0.117158
-0.121958
-0.126544
-0.130937
-0.135129
-0.139115
-0.142903
-0.146498
-0.149899
-0.153128
-0.156197
-0.159123
-0.161926
-0.164619
-0.167203
-0.169724
-0.172212
-0.174681
-0.17719
-0.179916
-0.182934
-0.186398
-0.190366
-0.195157
-0.200999
-0.208363
-0.216381
-0.225078
-0.234469
-0.243303
-0.253275
-0.264122
-0.274182
-0.283056
-0.290648
-0.297194
-0.302852
-0.307866
-0.312444
-0.316712
-0.320754
-0.324668
-0.328468
-0.332214
-0.335923
-0.33963
-0.342644
-0.344888
-0.347046
-0.349156
-0.351197
-0.353165
-0.355061
-0.356881
-0.358623
-0.360286
-0.361866
-0.363364
-0.364777
-0.366106
-0.367349
-0.36851
-0.369586
-0.370583
-0.371494
-0.372338
-0.373086
-0.373797
-0.374373
-0.375001
-0.375337
-0.00667199
-0.0138832
-0.0208728
-0.0287688
-0.0361022
-0.0432659
-0.050298
-0.0572412
-0.064083
-0.0707933
-0.07732
-0.0836677
-0.0898116
-0.0957366
-0.101443
-0.10692
-0.112169
-0.117189
-0.121985
-0.126559
-0.130939
-0.135118
-0.139092
-0.142874
-0.146468
-0.149874
-0.153112
-0.156195
-0.159139
-0.161966
-0.164682
-0.167285
-0.16982
-0.17231
-0.174739
-0.17714
-0.179703
-0.182453
-0.18553
-0.189053
-0.193443
-0.199088
-0.206625
-0.214787
-0.223864
-0.233665
-0.242453
-0.253078
-0.265047
-0.275975
-0.285404
-0.293235
-0.299843
-0.305404
-0.310237
-0.314602
-0.31862
-0.322385
-0.326012
-0.329487
-0.332879
-0.336198
-0.339466
-0.342118
-0.344127
-0.346059
-0.347928
-0.349724
-0.351445
-0.353092
-0.354665
-0.356163
-0.357585
-0.35893
-0.3602
-0.361395
-0.362516
-0.363561
-0.364536
-0.365437
-0.366272
-0.367036
-0.367745
-0.368374
-0.36898
-0.369459
-0.370031
-0.370238
-0.00683834
-0.0139321
-0.0208848
-0.0287626
-0.0360946
-0.0432589
-0.0502877
-0.0572308
-0.0640754
-0.0707933
-0.0773285
-0.0836822
-0.0898249
-0.095741
-0.101435
-0.106903
-0.112147
-0.117172
-0.121981
-0.126574
-0.130975
-0.135177
-0.13917
-0.142969
-0.146573
-0.149984
-0.153222
-0.156299
-0.159236
-0.162055
-0.164761
-0.167348
-0.169868
-0.172334
-0.174706
-0.176999
-0.179417
-0.181938
-0.184689
-0.187821
-0.191832
-0.197299
-0.20501
-0.21327
-0.222734
-0.232868
-0.241409
-0.252646
-0.265759
-0.277532
-0.28747
-0.29548
-0.302118
-0.307556
-0.312207
-0.316381
-0.320184
-0.323719
-0.32712
-0.330334
-0.333448
-0.336463
-0.339382
-0.341767
-0.343615
-0.345393
-0.347093
-0.348719
-0.350273
-0.351755
-0.353167
-0.35451
-0.355782
-0.356986
-0.358122
-0.359191
-0.360193
-0.361131
-0.362005
-0.362817
-0.363571
-0.364265
-0.364911
-0.365492
-0.366052
-0.366506
-0.367056
-0.367226
-0.00699684
-0.0139774
-0.0208961
-0.0287586
-0.0360863
-0.0432495
-0.0502805
-0.05723
-0.0640747
-0.0707858
-0.0773123
-0.0836645
-0.0898161
-0.0957506
-0.101469
-0.106959
-0.11222
-0.117255
-0.122064
-0.126649
-0.131039
-0.135227
-0.139208
-0.142997
-0.146594
-0.149999
-0.153236
-0.156313
-0.159252
-0.162078
-0.164791
-0.167381
-0.169901
-0.172363
-0.174702
-0.176914
-0.179225
-0.181571
-0.184058
-0.186854
-0.190511
-0.19582
-0.203698
-0.212012
-0.221863
-0.232243
-0.240355
-0.252132
-0.266354
-0.278902
-0.289261
-0.297369
-0.303992
-0.309275
-0.313739
-0.317743
-0.321358
-0.324712
-0.327955
-0.330982
-0.333911
-0.336724
-0.339402
-0.341604
-0.343362
-0.345045
-0.346638
-0.348155
-0.349598
-0.350968
-0.352273
-0.353508
-0.354678
-0.355781
-0.356824
-0.357811
-0.358727
-0.359591
-0.360392
-0.361137
-0.361835
-0.362475
-0.363068
-0.363607
-0.364125
-0.364556
-0.365069
-0.365225
-0.00714219
-0.0140213
-0.0209053
-0.0287542
-0.0360842
-0.0432428
-0.0502623
-0.057209
-0.0640638
-0.0707966
-0.0773471
-0.083718
-0.0898773
-0.0958079
-0.101516
-0.106993
-0.112245
-0.117274
-0.122081
-0.126669
-0.131063
-0.135257
-0.139241
-0.143034
-0.146634
-0.15004
-0.153277
-0.156353
-0.15929
-0.162117
-0.164829
-0.167414
-0.169927
-0.172384
-0.174693
-0.176835
-0.17906
-0.181264
-0.183531
-0.186036
-0.189368
-0.194541
-0.20257
-0.210911
-0.221147
-0.231706
-0.239266
-0.251519
-0.266805
-0.280076
-0.290801
-0.298971
-0.305577
-0.310718
-0.315041
-0.318935
-0.322429
-0.325673
-0.32882
-0.331707
-0.334506
-0.337172
-0.339673
-0.341741
-0.343414
-0.345004
-0.346501
-0.347924
-0.349273
-0.350554
-0.35177
-0.352926
-0.354021
-0.355058
-0.356039
-0.356959
-0.357824
-0.358633
-0.35939
-0.360094
-0.360747
-0.361353
-0.361915
-0.36243
-0.362921
-0.363341
-0.363826
-0.363992
-0.00727235
-0.0140584
-0.0209178
-0.0287464
-0.0360675
-0.0432326
-0.0502705
-0.0572395
-0.0641049
-0.0708348
-0.0773751
-0.083738
-0.0898942
-0.0958266
-0.101539
-0.107021
-0.112276
-0.117307
-0.122115
-0.126701
-0.131094
-0.135287
-0.13927
-0.143062
-0.146661
-0.150067
-0.153302
-0.156376
-0.159313
-0.162141
-0.164855
-0.167433
-0.169944
-0.172399
-0.174684
-0.176773
-0.178932
-0.181026
-0.183116
-0.185372
-0.188413
-0.193468
-0.201631
-0.209979
-0.220591
-0.231278
-0.238211
-0.250879
-0.267191
-0.281143
-0.292187
-0.300407
-0.307009
-0.312038
-0.316249
-0.320046
-0.323421
-0.326548
-0.329582
-0.332334
-0.33503
-0.337555
-0.339903
-0.341871
-0.343483
-0.345005
-0.346433
-0.34779
-0.349073
-0.350288
-0.351439
-0.352538
-0.353582
-0.354575
-0.355515
-0.356394
-0.357229
-0.358004
-0.358733
-0.359409
-0.360031
-0.360609
-0.361147
-0.361638
-0.362102
-0.362501
-0.362965
-0.363146
-0.00739096
-0.0140912
-0.0209148
-0.0287419
-0.0360853
-0.0432618
-0.0502917
-0.0572524
-0.0641162
-0.0708505
-0.0773961
-0.083763
-0.089921
-0.0958535
-0.101566
-0.107047
-0.112301
-0.117332
-0.122139
-0.126725
-0.131116
-0.13531
-0.139293
-0.143084
-0.146683
-0.150088
-0.153322
-0.156394
-0.159329
-0.162159
-0.164874
-0.167448
-0.169955
-0.17241
-0.174675
-0.176721
-0.178829
-0.180838
-0.182787
-0.184832
-0.187616
-0.19257
-0.200847
-0.209191
-0.220164
-0.230947
-0.237253
-0.250323
-0.26762
-0.282189
-0.293496
-0.301741
-0.308318
-0.313214
-0.317289
-0.320971
-0.324236
-0.327227
-0.330152
-0.332819
-0.335437
-0.337851
-0.340113
-0.342011
-0.343565
-0.345039
-0.346413
-0.347711
-0.348939
-0.350104
-0.351211
-0.352265
-0.353271
-0.35423
-0.355141
-0.356001
-0.356817
-0.357577
-0.358289
-0.358949
-0.359559
-0.360123
-0.360644
-0.361116
-0.361561
-0.361949
-0.362408
-0.362603
-0.00748563
-0.0141052
-0.0209368
-0.0287672
-0.0360983
-0.0432698
-0.0503023
-0.0572678
-0.064135
-0.0708713
-0.0774178
-0.0837856
-0.0899438
-0.0958757
-0.101588
-0.107069
-0.112322
-0.117353
-0.122159
-0.126744
-0.131134
-0.135328
-0.13931
-0.1431
-0.146699
-0.150103
-0.153336
-0.156407
-0.15934
-0.16217
-0.164885
-0.167457
-0.169962
-0.172416
-0.174666
-0.176678
-0.178746
-0.180688
-0.182528
-0.1844
-0.186958
-0.191826
-0.200204
-0.208542
-0.219859
-0.230745
-0.236508
-0.249968
-0.268137
-0.2832
-0.294687
-0.302908
-0.309425
-0.314182
-0.318115
-0.321675
-0.324848
-0.327734
-0.330584
-0.333175
-0.335713
-0.338051
-0.340269
-0.342111
-0.343615
-0.34505
-0.346383
-0.347638
-0.348824
-0.349954
-0.351029
-0.352052
-0.353032
-0.353969
-0.354863
-0.355711
-0.356514
-0.357266
-0.357968
-0.358619
-0.359223
-0.359777
-0.36029
-0.360751
-0.361188
-0.36157
-0.362022
-0.36223
-0.00756738
-0.0141486
-0.0209587
-0.0287784
-0.0361091
-0.0432825
-0.0503164
-0.0572836
-0.0641526
-0.0708902
-0.0774371
-0.0838053
-0.0899633
-0.0958946
-0.101606
-0.107086
-0.112339
-0.117369
-0.122175
-0.126758
-0.131148
-0.135341
-0.139323
-0.143112
-0.14671
-0.150114
-0.153346
-0.156416
-0.159348
-0.162177
-0.164892
-0.167461
-0.169964
-0.172419
-0.174657
-0.176643
-0.17868
-0.180572
-0.182327
-0.184057
-0.186422
-0.191217
-0.199692
-0.208037
-0.219697
-0.230717
-0.236026
-0.249799
-0.268665
-0.284107
-0.295714
-0.30388
-0.310328
-0.314936
-0.318732
-0.322204
-0.325295
-0.328096
-0.330891
-0.33341
-0.335886
-0.338172
-0.340349
-0.342157
-0.34363
-0.345031
-0.346333
-0.347561
-0.348722
-0.349825
-0.350874
-0.351876
-0.352836
-0.353759
-0.354642
-0.355483
-0.35628
-0.357028
-0.357727
-0.358374
-0.358975
-0.359526
-0.360038
-0.360497
-0.360934
-0.361311
-0.361761
-0.361979
-0.00765582
-0.0141861
-0.0209758
-0.0287909
-0.0361199
-0.0432951
-0.0503303
-0.0572982
-0.0641687
-0.0709071
-0.077454
-0.0838222
-0.0899797
-0.0959102
-0.101621
-0.1071
-0.112353
-0.117382
-0.122187
-0.126769
-0.131158
-0.13535
-0.139332
-0.14312
-0.146718
-0.150121
-0.153351
-0.156421
-0.159351
-0.16218
-0.164895
-0.167462
-0.169964
-0.17242
-0.174648
-0.176613
-0.178627
-0.180482
-0.182172
-0.183788
-0.185992
-0.190733
-0.199308
-0.207688
-0.219694
-0.230849
-0.235752
-0.249734
-0.269155
-0.284896
-0.296579
-0.304672
-0.311027
-0.315503
-0.319194
-0.322592
-0.325603
-0.328328
-0.331075
-0.333541
-0.335977
-0.338227
-0.340374
-0.342158
-0.343609
-0.344985
-0.346268
-0.347477
-0.348619
-0.349703
-0.350735
-0.351721
-0.352669
-0.353581
-0.35446
-0.355297
-0.356093
-0.356839
-0.357538
-0.358185
-0.358788
-0.359339
-0.359855
-0.360317
-0.360762
-0.361134
-0.361585
-0.36181
-0.00774337
-0.014217
-0.0209909
-0.0288017
-0.0361295
-0.0433069
-0.0503436
-0.0573118
-0.0641833
-0.0709219
-0.0774686
-0.0838364
-0.0899932
-0.0959228
-0.101633
-0.107111
-0.112363
-0.117392
-0.122196
-0.126777
-0.131165
-0.135356
-0.139338
-0.143125
-0.146723
-0.150125
-0.153354
-0.156422
-0.159352
-0.162181
-0.164895
-0.16746
-0.169961
-0.172419
-0.174639
-0.176588
-0.178587
-0.180415
-0.182055
-0.183582
-0.185657
-0.190369
-0.199053
-0.2075
-0.219822
-0.231076
-0.235604
-0.249729
-0.269599
-0.285574
-0.297294
-0.305293
-0.311553
-0.315931
-0.319528
-0.322845
-0.325787
-0.328456
-0.33117
-0.333594
-0.336002
-0.338229
-0.340355
-0.342122
-0.34356
-0.34492
-0.346189
-0.347386
-0.348516
-0.349587
-0.350607
-0.351583
-0.352522
-0.353429
-0.354305
-0.355142
-0.355939
-0.356687
-0.35739
-0.35804
-0.358648
-0.3592
-0.359724
-0.360188
-0.360646
-0.361019
-0.361473
-0.361703
-0.00782002
-0.0142398
-0.0210032
-0.0288106
-0.0361379
-0.0433176
-0.0503558
-0.057324
-0.0641961
-0.0709348
-0.0774809
-0.0838482
-0.0900041
-0.0959329
-0.101642
-0.10712
-0.112371
-0.117399
-0.122202
-0.126783
-0.13117
-0.135361
-0.139341
-0.143129
-0.146725
-0.150127
-0.153355
-0.156422
-0.159351
-0.16218
-0.164893
-0.167457
-0.169958
-0.172417
-0.174631
-0.176567
-0.178556
-0.180366
-0.181969
-0.18343
-0.185409
-0.190122
-0.198914
-0.207447
-0.220026
-0.231338
-0.235534
-0.249767
-0.270005
-0.286156
-0.297869
-0.305767
-0.311951
-0.316238
-0.319736
-0.322991
-0.325881
-0.328505
-0.331196
-0.33359
-0.335979
-0.338191
-0.340304
-0.342061
-0.343491
-0.34484
-0.346102
-0.347292
-0.348415
-0.349478
-0.35049
-0.35146
-0.352393
-0.353297
-0.354173
-0.355012
-0.355814
-0.356567
-0.357276
-0.35793
-0.358545
-0.359101
-0.359633
-0.360098
-0.360569
-0.360945
-0.361409
-0.361641
-0.0078785
-0.014256
-0.0210122
-0.0288182
-0.0361455
-0.0433272
-0.0503668
-0.057335
-0.0642073
-0.0709456
-0.0774911
-0.0838578
-0.0900129
-0.0959408
-0.101649
-0.107127
-0.112377
-0.117404
-0.122206
-0.126786
-0.131173
-0.135363
-0.139343
-0.14313
-0.146726
-0.150127
-0.153354
-0.156421
-0.159349
-0.162178
-0.164891
-0.167453
-0.169954
-0.172415
-0.174623
-0.17655
-0.178534
-0.180331
-0.18191
-0.183325
-0.185236
-0.189982
-0.198868
-0.207491
-0.220266
-0.231593
-0.235514
-0.249841
-0.270379
-0.286649
-0.29832
-0.306126
-0.312242
-0.316432
-0.319848
-0.323058
-0.325907
-0.328497
-0.331171
-0.333545
-0.335923
-0.338126
-0.340231
-0.341984
-0.34341
-0.344754
-0.346011
-0.347197
-0.348317
-0.349377
-0.350385
-0.351351
-0.352282
-0.353184
-0.354062
-0.354906
-0.355715
-0.356474
-0.357192
-0.357852
-0.358475
-0.359035
-0.359575
-0.360041
-0.360522
-0.360898
-0.361373
-0.361609
-0.00791878
-0.014267
-0.0210186
-0.0288247
-0.0361524
-0.0433358
-0.0503764
-0.0573445
-0.0642168
-0.0709546
-0.0774995
-0.0838655
-0.0900198
-0.095947
-0.101655
-0.107131
-0.112381
-0.117408
-0.122209
-0.126789
-0.131175
-0.135365
-0.139344
-0.143131
-0.146726
-0.150126
-0.153352
-0.156419
-0.159346
-0.162175
-0.164888
-0.167449
-0.169951
-0.172412
-0.174615
-0.176537
-0.17852
-0.180309
-0.181874
-0.183259
-0.18513
-0.189931
-0.198893
-0.207593
-0.220514
-0.231825
-0.235528
-0.249948
-0.270723
-0.287062
-0.298667
-0.306391
-0.312435
-0.316536
-0.319891
-0.323066
-0.325882
-0.328448
-0.331112
-0.333473
-0.335845
-0.338044
-0.340145
-0.341898
-0.343324
-0.344665
-0.345921
-0.347106
-0.348226
-0.349286
-0.350292
-0.351256
-0.352186
-0.353089
-0.353972
-0.354822
-0.355639
-0.356407
-0.357134
-0.357801
-0.358432
-0.358994
-0.359542
-0.360009
-0.3605
-0.360873
-0.361357
-0.361597
-0.00794375
-0.0142738
-0.0210234
-0.0288303
-0.0361587
-0.0433433
-0.0503847
-0.0573526
-0.0642247
-0.070962
-0.0775063
-0.0838716
-0.0900252
-0.0959518
-0.101659
-0.107135
-0.112384
-0.11741
-0.122211
-0.12679
-0.131176
-0.135365
-0.139344
-0.14313
-0.146725
-0.150124
-0.15335
-0.156416
-0.159344
-0.162173
-0.164885
-0.167446
-0.169949
-0.172409
-0.174609
-0.176528
-0.178511
-0.180297
-0.181856
-0.183224
-0.185078
-0.189942
-0.198965
-0.207727
-0.220753
-0.232026
-0.235566
-0.250081
-0.27104
-0.287403
-0.298929
-0.306576
-0.312545
-0.316572
-0.319882
-0.323031
-0.325822
-0.328372
-0.331032
-0.333385
-0.335755
-0.337953
-0.340054
-0.341809
-0.343238
-0.344578
-0.345834
-0.347021
-0.348142
-0.349205
-0.350211
-0.351175
-0.352106
-0.353012
-0.353901
-0.354758
-0.355585
-0.356362
-0.357098
-0.357771
-0.358408
-0.358974
-0.359528
-0.359995
-0.360494
-0.360865
-0.361354
-0.3616
-0.00795677
-0.0142775
-0.021027
-0.0288351
-0.0361643
-0.0433498
-0.0503917
-0.0573594
-0.0642313
-0.0709679
-0.0775118
-0.0838765
-0.0900294
-0.0959555
-0.101662
-0.107138
-0.112386
-0.117412
-0.122213
-0.126791
-0.131177
-0.135365
-0.139344
-0.14313
-0.146724
-0.150123
-0.153348
-0.156414
-0.159341
-0.16217
-0.164882
-0.167443
-0.169946
-0.172406
-0.174604
-0.176522
-0.178507
-0.180294
-0.181852
-0.183214
-0.185069
-0.189994
-0.199067
-0.207875
-0.220976
-0.232197
-0.235625
-0.250235
-0.271327
-0.287679
-0.299117
-0.306693
-0.31259
-0.316561
-0.319836
-0.322967
-0.325741
-0.328282
-0.330939
-0.333289
-0.33566
-0.337859
-0.339962
-0.341721
-0.343153
-0.344495
-0.345752
-0.346942
-0.348068
-0.349133
-0.350141
-0.351107
-0.352041
-0.352952
-0.353847
-0.354713
-0.35555
-0.356336
-0.357079
-0.357757
-0.3584
-0.358968
-0.359527
-0.359994
-0.360498
-0.360868
-0.361361
-0.361611
-0.0079609
-0.0142794
-0.0210299
-0.0288393
-0.0361693
-0.0433553
-0.0503975
-0.057365
-0.0642366
-0.0709727
-0.0775161
-0.0838803
-0.0900326
-0.0959583
-0.101665
-0.10714
-0.112388
-0.117413
-0.122213
-0.126791
-0.131177
-0.135365
-0.139344
-0.143129
-0.146723
-0.150121
-0.153346
-0.156412
-0.159339
-0.162168
-0.16488
-0.16744
-0.169944
-0.172404
-0.1746
-0.176519
-0.178507
-0.180297
-0.181858
-0.183222
-0.185091
-0.19007
-0.199185
-0.208026
-0.221176
-0.232337
-0.235702
-0.250407
-0.271585
-0.287898
-0.299247
-0.306756
-0.312589
-0.316515
-0.319768
-0.322886
-0.325647
-0.328184
-0.330842
-0.333192
-0.335566
-0.337766
-0.339873
-0.341638
-0.343074
-0.344417
-0.345678
-0.346872
-0.348002
-0.349072
-0.350082
-0.351051
-0.35199
-0.352906
-0.353809
-0.354684
-0.35553
-0.356323
-0.357073
-0.357755
-0.358401
-0.358972
-0.359534
-0.360001
-0.360509
-0.360877
-0.361373
-0.361627
-0.0079589
-0.0142802
-0.0210323
-0.0288429
-0.0361735
-0.04336
-0.0504023
-0.0573696
-0.0642409
-0.0709765
-0.0775195
-0.0838832
-0.0900351
-0.0959604
-0.101666
-0.107141
-0.112389
-0.117414
-0.122214
-0.126792
-0.131177
-0.135365
-0.139343
-0.143128
-0.146721
-0.15012
-0.153345
-0.15641
-0.159338
-0.162167
-0.164878
-0.167438
-0.169943
-0.172402
-0.174597
-0.176518
-0.17851
-0.180304
-0.18187
-0.183241
-0.185132
-0.19016
-0.199305
-0.208174
-0.221353
-0.23245
-0.235795
-0.250589
-0.271813
-0.288068
-0.299328
-0.306775
-0.312555
-0.316448
-0.319685
-0.322795
-0.325549
-0.328087
-0.330746
-0.333098
-0.335475
-0.337679
-0.33979
-0.341561
-0.343001
-0.344346
-0.34561
-0.346809
-0.347946
-0.34902
-0.350034
-0.351007
-0.351951
-0.352874
-0.353784
-0.354668
-0.355521
-0.35632
-0.357074
-0.357759
-0.358408
-0.35898
-0.359545
-0.360011
-0.360523
-0.360889
-0.361387
-0.361644
-0.0079532
-0.0142807
-0.0210344
-0.0288458
-0.036177
-0.0433638
-0.0504061
-0.0573733
-0.0642443
-0.0709795
-0.0775221
-0.0838855
-0.090037
-0.095962
-0.101668
-0.107142
-0.112389
-0.117414
-0.122214
-0.126792
-0.131176
-0.135365
-0.139343
-0.143127
-0.14672
-0.150118
-0.153343
-0.156409
-0.159336
-0.162165
-0.164876
-0.167437
-0.169942
-0.1724
-0.174595
-0.176519
-0.178514
-0.180313
-0.181886
-0.183268
-0.185185
-0.190254
-0.199422
-0.208312
-0.221508
-0.23254
-0.235899
-0.250776
-0.272013
-0.288195
-0.299373
-0.306764
-0.3125
-0.316368
-0.319597
-0.322702
-0.325452
-0.327993
-0.330655
-0.333009
-0.33539
-0.337598
-0.339715
-0.341491
-0.342934
-0.344283
-0.345551
-0.346755
-0.347897
-0.348977
-0.349994
-0.350972
-0.351923
-0.352852
-0.35377
-0.35466
-0.35552
-0.356324
-0.357081
-0.357767
-0.358418
-0.35899
-0.359557
-0.360023
-0.360537
-0.360902
-0.361402
-0.36166
-0.00794581
-0.0142812
-0.0210361
-0.0288483
-0.0361799
-0.0433668
-0.0504092
-0.0573762
-0.0642469
-0.0709817
-0.0775241
-0.0838872
-0.0900384
-0.0959632
-0.101669
-0.107143
-0.11239
-0.117415
-0.122214
-0.126792
-0.131176
-0.135364
-0.139342
-0.143127
-0.146719
-0.150117
-0.153342
-0.156408
-0.159335
-0.162164
-0.164875
-0.167436
-0.169942
-0.172399
-0.174593
-0.17652
-0.178519
-0.180323
-0.181903
-0.183297
-0.185243
-0.190347
-0.199532
-0.208439
-0.221641
-0.232611
-0.23601
-0.250961
-0.272185
-0.288288
-0.29939
-0.306732
-0.312433
-0.316282
-0.319509
-0.322611
-0.32536
-0.327907
-0.330571
-0.332929
-0.335313
-0.337526
-0.339647
-0.341428
-0.342875
-0.344227
-0.345499
-0.346709
-0.347856
-0.34894
-0.349962
-0.350946
-0.351903
-0.352839
-0.353763
-0.35466
-0.355524
-0.35633
-0.357089
-0.357777
-0.358429
-0.359001
-0.359568
-0.360035
-0.36055
-0.360914
-0.361415
-0.361674
-0.00793822
-0.0142818
-0.0210376
-0.0288503
-0.0361821
-0.0433692
-0.0504115
-0.0573784
-0.0642489
-0.0709835
-0.0775257
-0.0838885
-0.0900394
-0.0959641
-0.101669
-0.107143
-0.11239
-0.117415
-0.122214
-0.126792
-0.131176
-0.135364
-0.139342
-0.143126
-0.146719
-0.150117
-0.153342
-0.156407
-0.159335
-0.162164
-0.164874
-0.167436
-0.169941
-0.172398
-0.174593
-0.176522
-0.178524
-0.180332
-0.181919
-0.183327
-0.1853
-0.190435
-0.199631
-0.208554
-0.221753
-0.232667
-0.236123
-0.25114
-0.272333
-0.288354
-0.299387
-0.306688
-0.312361
-0.316198
-0.319425
-0.322526
-0.325276
-0.327829
-0.330495
-0.332857
-0.335246
-0.337462
-0.339588
-0.341373
-0.342823
-0.344178
-0.345455
-0.34667
-0.347822
-0.348911
-0.349938
-0.350927
-0.35189
-0.352832
-0.353762
-0.354663
-0.35553
-0.356339
-0.357099
-0.357786
-0.358438
-0.359011
-0.359579
-0.360046
-0.360561
-0.360924
-0.361427
-0.361685
-0.00793144
-0.0142826
-0.0210387
-0.0288518
-0.0361839
-0.043371
-0.0504133
-0.0573801
-0.0642504
-0.0709848
-0.0775268
-0.0838895
-0.0900402
-0.0959647
-0.10167
-0.107144
-0.112391
-0.117415
-0.122214
-0.126792
-0.131176
-0.135364
-0.139341
-0.143126
-0.146718
-0.150116
-0.153341
-0.156407
-0.159334
-0.162163
-0.164874
-0.167436
-0.169941
-0.172397
-0.174592
-0.176524
-0.178528
-0.18034
-0.181934
-0.183354
-0.185353
-0.190516
-0.19972
-0.208655
-0.221848
-0.232711
-0.236234
-0.251309
-0.272458
-0.288398
-0.299371
-0.306639
-0.31229
-0.316118
-0.319348
-0.32245
-0.325202
-0.327761
-0.330429
-0.332795
-0.335187
-0.337407
-0.339538
-0.341327
-0.342779
-0.344137
-0.345419
-0.346638
-0.347794
-0.348887
-0.349918
-0.350914
-0.351882
-0.352829
-0.353763
-0.354668
-0.355538
-0.356347
-0.357107
-0.357795
-0.358447
-0.35902
-0.359588
-0.360055
-0.36057
-0.360933
-0.361437
-0.361694
-0.0079261
-0.0142835
-0.0210397
-0.028853
-0.0361852
-0.0433724
-0.0504146
-0.0573813
-0.0642515
-0.0709857
-0.0775276
-0.0838902
-0.0900408
-0.0959652
-0.10167
-0.107144
-0.112391
-0.117415
-0.122214
-0.126792
-0.131176
-0.135364
-0.139341
-0.143125
-0.146718
-0.150116
-0.153341
-0.156407
-0.159334
-0.162163
-0.164874
-0.167436
-0.169941
-0.172396
-0.174592
-0.176526
-0.178532
-0.180346
-0.181947
-0.183378
-0.1854
-0.190587
-0.199796
-0.208742
-0.221925
-0.232746
-0.236337
-0.251464
-0.272563
-0.288428
-0.299348
-0.306589
-0.312222
-0.316046
-0.31928
-0.322383
-0.325138
-0.327703
-0.330373
-0.332742
-0.335138
-0.337361
-0.339496
-0.341288
-0.342742
-0.344104
-0.345389
-0.346611
-0.347772
-0.348868
-0.349904
-0.350905
-0.351878
-0.352829
-0.353767
-0.354674
-0.355545
-0.356354
-0.357114
-0.357802
-0.358454
-0.359027
-0.359595
-0.360062
-0.360577
-0.36094
-0.361444
-0.361701
-0.00792248
-0.0142845
-0.0210404
-0.0288539
-0.0361862
-0.0433733
-0.0504155
-0.0573822
-0.0642523
-0.0709864
-0.0775282
-0.0838907
-0.0900412
-0.0959655
-0.101671
-0.107144
-0.112391
-0.117415
-0.122214
-0.126792
-0.131176
-0.135364
-0.139341
-0.143125
-0.146718
-0.150116
-0.153341
-0.156406
-0.159334
-0.162163
-0.164874
-0.167436
-0.169941
-0.172396
-0.174592
-0.176527
-0.178535
-0.180352
-0.181957
-0.183398
-0.18544
-0.190647
-0.19986
-0.208816
-0.221989
-0.232772
-0.23643
-0.251602
-0.27265
-0.288446
-0.299322
-0.306542
-0.312162
-0.315983
-0.319221
-0.322326
-0.325085
-0.327655
-0.330326
-0.332699
-0.335097
-0.337323
-0.339461
-0.341256
-0.342712
-0.344076
-0.345365
-0.346591
-0.347754
-0.348854
-0.349893
-0.350898
-0.351876
-0.352831
-0.353771
-0.35468
-0.355551
-0.356361
-0.35712
-0.357808
-0.35846
-0.359033
-0.3596
-0.360068
-0.360583
-0.360945
-0.36145
-0.361705
-0.00792065
-0.0142855
-0.021041
-0.0288546
-0.0361869
-0.043374
-0.0504162
-0.0573828
-0.0642529
-0.0709869
-0.0775287
-0.083891
-0.0900415
-0.0959658
-0.101671
-0.107144
-0.112391
-0.117415
-0.122214
-0.126792
-0.131176
-0.135364
-0.139341
-0.143125
-0.146718
-0.150116
-0.153341
-0.156406
-0.159334
-0.162163
-0.164874
-0.167436
-0.169941
-0.172396
-0.174592
-0.176529
-0.178537
-0.180355
-0.181964
-0.183413
-0.185471
-0.190695
-0.199912
-0.208877
-0.222039
-0.232793
-0.23651
-0.251721
-0.272721
-0.288458
-0.299297
-0.3065
-0.31211
-0.31593
-0.319173
-0.322279
-0.325041
-0.327616
-0.330288
-0.332664
-0.335065
-0.337293
-0.339434
-0.34123
-0.342688
-0.344055
-0.345346
-0.346575
-0.34774
-0.348843
-0.349886
-0.350894
-0.351875
-0.352833
-0.353776
-0.354685
-0.355556
-0.356366
-0.357125
-0.357812
-0.358464
-0.359037
-0.359604
-0.360072
-0.360587
-0.360949
-0.361455
-0.361709
-0.00792055
-0.0142865
-0.0210415
-0.0288551
-0.0361874
-0.0433744
-0.0504166
-0.0573832
-0.0642532
-0.0709872
-0.0775289
-0.0838912
-0.0900417
-0.095966
-0.101671
-0.107144
-0.112391
-0.117416
-0.122214
-0.126792
-0.131176
-0.135364
-0.139341
-0.143125
-0.146718
-0.150116
-0.153341
-0.156406
-0.159334
-0.162163
-0.164874
-0.167436
-0.169941
-0.172396
-0.174592
-0.176529
-0.178538
-0.180358
-0.181969
-0.183424
-0.185495
-0.190732
-0.199953
-0.208925
-0.222078
-0.232808
-0.236576
-0.251821
-0.272779
-0.288465
-0.299274
-0.306465
-0.312068
-0.315888
-0.319135
-0.322242
-0.325007
-0.327586
-0.330259
-0.332637
-0.33504
-0.33727
-0.339413
-0.341211
-0.34267
-0.344039
-0.345332
-0.346563
-0.34773
-0.348835
-0.349881
-0.350892
-0.351875
-0.352835
-0.353779
-0.354689
-0.355561
-0.356369
-0.357129
-0.357816
-0.358467
-0.359041
-0.359607
-0.360075
-0.36059
-0.360952
-0.361458
-0.361712
-0.00792214
-0.0142874
-0.0210418
-0.0288555
-0.0361877
-0.0433747
-0.0504169
-0.0573835
-0.0642535
-0.0709874
-0.0775291
-0.0838914
-0.0900418
-0.0959661
-0.101671
-0.107145
-0.112391
-0.117416
-0.122214
-0.126792
-0.131176
-0.135364
-0.139341
-0.143125
-0.146718
-0.150116
-0.153341
-0.156407
-0.159334
-0.162163
-0.164874
-0.167436
-0.169941
-0.172396
-0.174592
-0.17653
-0.178539
-0.180359
-0.181972
-0.183431
-0.18551
-0.190757
-0.199982
-0.20896
-0.222106
-0.232819
-0.236626
-0.251901
-0.272823
-0.288469
-0.299255
-0.306438
-0.312035
-0.315856
-0.319106
-0.322215
-0.324982
-0.327563
-0.330238
-0.332618
-0.335022
-0.337254
-0.339398
-0.341197
-0.342657
-0.344028
-0.345322
-0.346554
-0.347723
-0.348829
-0.349877
-0.35089
-0.351875
-0.352837
-0.353782
-0.354693
-0.355564
-0.356372
-0.357131
-0.357818
-0.35847
-0.359043
-0.359609
-0.360077
-0.360592
-0.360954
-0.361461
-0.361713
-0.00792535
-0.0142882
-0.0210421
-0.0288557
-0.0361879
-0.0433749
-0.0504171
-0.0573836
-0.0642536
-0.0709875
-0.0775292
-0.0838915
-0.0900419
-0.0959661
-0.101671
-0.107145
-0.112391
-0.117416
-0.122215
-0.126792
-0.131176
-0.135364
-0.139341
-0.143125
-0.146718
-0.150116
-0.153341
-0.156407
-0.159334
-0.162163
-0.164874
-0.167436
-0.169941
-0.172396
-0.174592
-0.17653
-0.178539
-0.18036
-0.181974
-0.183434
-0.185519
-0.190773
-0.2
-0.208984
-0.222125
-0.232826
-0.236661
-0.251958
-0.272855
-0.288471
-0.299241
-0.306418
-0.312012
-0.315833
-0.319086
-0.322196
-0.324966
-0.327549
-0.330224
-0.332605
-0.33501
-0.337243
-0.339389
-0.341188
-0.342649
-0.34402
-0.345316
-0.346549
-0.347719
-0.348826
-0.349875
-0.350889
-0.351876
-0.352839
-0.353784
-0.354695
-0.355566
-0.356374
-0.357133
-0.35782
-0.358471
-0.359045
-0.359611
-0.360079
-0.360593
-0.360955
-0.361462
-0.361715
-0.00792737
-0.0142887
-0.0210422
-0.0288558
-0.036188
-0.043375
-0.0504171
-0.0573837
-0.0642536
-0.0709876
-0.0775293
-0.0838915
-0.0900419
-0.0959662
-0.101671
-0.107145
-0.112391
-0.117416
-0.122215
-0.126792
-0.131176
-0.135364
-0.139341
-0.143125
-0.146718
-0.150116
-0.153341
-0.156407
-0.159334
-0.162163
-0.164874
-0.167436
-0.169941
-0.172396
-0.174592
-0.17653
-0.178539
-0.18036
-0.181974
-0.183436
-0.185523
-0.19078
-0.200009
-0.208995
-0.222135
-0.232829
-0.236679
-0.25199
-0.272874
-0.288473
-0.299233
-0.306406
-0.311999
-0.315821
-0.319075
-0.322186
-0.324957
-0.327541
-0.330216
-0.332598
-0.335004
-0.337238
-0.339384
-0.341184
-0.342645
-0.344017
-0.345313
-0.346547
-0.347717
-0.348825
-0.349874
-0.350889
-0.351876
-0.35284
-0.353785
-0.354696
-0.355567
-0.356375
-0.357134
-0.357821
-0.358472
-0.359046
-0.359612
-0.36008
-0.360594
-0.360956
-0.361463
-0.361716
-0.00793299
-0.0142889
-0.0210423
-0.0288559
-0.0361881
-0.043375
-0.0504172
-0.0573837
-0.0642537
-0.0709876
-0.0775293
-0.0838915
-0.0900419
-0.0959662
-0.101671
-0.107145
-0.112391
-0.117416
-0.122215
-0.126792
-0.131176
-0.135364
-0.139341
-0.143125
-0.146718
-0.150116
-0.153341
-0.156407
-0.159334
-0.162163
-0.164874
-0.167436
-0.169941
-0.172396
-0.174592
-0.17653
-0.178539
-0.18036
-0.181974
-0.183436
-0.185524
-0.190781
-0.200011
-0.208999
-0.222137
-0.232831
-0.236686
-0.252001
-0.27288
-0.288473
-0.29923
-0.306402
-0.311994
-0.315816
-0.319071
-0.322183
-0.324954
-0.327539
-0.330214
-0.332596
-0.335002
-0.337236
-0.339383
-0.341183
-0.342644
-0.344016
-0.345313
-0.346546
-0.347716
-0.348824
-0.349874
-0.350889
-0.351876
-0.35284
-0.353785
-0.354696
-0.355567
-0.356376
-0.357134
-0.357822
-0.358473
-0.359046
-0.359612
-0.360081
-0.360595
-0.360957
-0.361464
-0.361717
-0.477805
-0.477913
-0.478501
-0.479813
-0.481737
-0.484825
-0.489417
-0.495925
-0.504565
-0.51535
-0.527422
-0.540138
-0.552136
-0.562807
-0.572131
-0.578628
-0.581898
-0.581772
-0.579466
-0.572633
-0.562625
-0.552478
-0.538892
-0.522951
-0.505249
-0.487026
-0.467897
-0.448946
-0.429364
-0.410263
-0.392953
-0.375663
-0.359794
-0.344954
-0.33149
-0.318914
-0.308612
-0.29936
-0.290852
-0.285651
-0.282066
-0.281186
-0.283866
-0.288694
-0.296864
-0.306411
-0.316219
-0.325147
-0.332199
-0.338808
-0.345189
-0.357778
-0.357857
-0.362909
-0.367351
-0.371213
-0.374525
-0.377144
-0.378683
-0.378422
-0.375096
-0.368422
-0.35644
-0.337991
-0.318504
-0.304703
-0.30271
-0.309374
-0.32174
-0.334395
-0.345635
-0.355136
-0.363204
-0.371513
-0.377106
-0.379594
-0.386432
-0.399538
-0.415398
-0.43152
-0.446741
-0.460176
-0.471098
-0.480246
-0.488767
-0.499588
-0.51704
-0.544496
-0.582156
-0.627482
-0.67903
-0.735193
-0.79477
-0.857206
-0.921495
-0.988392
-1.0555
-0.477628
-0.477907
-0.478501
-0.479812
-0.481736
-0.484824
-0.489415
-0.495923
-0.504563
-0.515348
-0.527413
-0.540141
-0.552147
-0.562815
-0.572133
-0.578514
-0.581904
-0.581783
-0.579476
-0.572634
-0.562632
-0.55249
-0.538896
-0.522953
-0.505251
-0.487029
-0.467901
-0.44895
-0.42937
-0.410265
-0.392955
-0.375667
-0.359797
-0.344957
-0.331492
-0.318921
-0.308612
-0.29935
-0.290852
-0.285676
-0.282037
-0.281181
-0.283865
-0.288691
-0.296864
-0.306408
-0.316222
-0.325143
-0.332196
-0.338829
-0.345746
-0.351928
-0.357831
-0.362908
-0.36735
-0.371213
-0.374525
-0.377144
-0.378683
-0.378422
-0.375097
-0.368423
-0.356444
-0.337992
-0.318502
-0.304707
-0.302715
-0.309261
-0.321552
-0.334392
-0.345634
-0.355135
-0.363202
-0.371511
-0.377104
-0.379592
-0.386432
-0.399537
-0.415397
-0.431519
-0.44674
-0.460172
-0.471098
-0.480249
-0.488767
-0.499573
-0.517053
-0.544495
-0.582155
-0.62748
-0.679028
-0.73519
-0.794768
-0.857203
-0.921492
-0.988389
-1.0555
-0.477574
-0.477898
-0.478498
-0.47981
-0.481733
-0.484821
-0.489413
-0.495921
-0.504563
-0.515352
-0.527422
-0.540147
-0.552153
-0.562818
-0.572134
-0.578534
-0.581933
-0.58181
-0.579502
-0.572637
-0.562649
-0.552525
-0.538909
-0.522962
-0.505259
-0.487039
-0.467912
-0.448963
-0.429377
-0.410279
-0.392976
-0.37568
-0.359807
-0.344964
-0.331496
-0.31892
-0.308608
-0.299347
-0.290845
-0.285664
-0.282033
-0.281173
-0.283861
-0.288689
-0.296861
-0.306406
-0.31622
-0.325141
-0.332195
-0.338828
-0.345724
-0.352041
-0.357826
-0.362907
-0.367349
-0.371212
-0.374524
-0.377144
-0.378683
-0.378422
-0.375097
-0.368425
-0.356447
-0.337993
-0.318503
-0.304707
-0.302715
-0.309294
-0.321636
-0.334391
-0.345633
-0.355133
-0.3632
-0.371508
-0.377102
-0.37959
-0.38643
-0.399536
-0.415396
-0.431518
-0.446739
-0.460174
-0.471098
-0.480249
-0.488771
-0.499578
-0.517046
-0.544491
-0.582152
-0.627477
-0.679025
-0.735187
-0.794764
-0.857199
-0.921488
-0.988385
-1.05549
-0.477519
-0.477879
-0.478493
-0.479807
-0.481728
-0.484816
-0.489408
-0.495917
-0.504562
-0.515358
-0.527434
-0.540161
-0.552164
-0.562822
-0.572138
-0.578582
-0.581996
-0.581861
-0.579552
-0.57265
-0.562686
-0.552589
-0.538937
-0.522982
-0.505278
-0.487062
-0.467938
-0.448994
-0.429399
-0.410312
-0.393024
-0.375714
-0.359834
-0.344982
-0.331507
-0.318919
-0.3086
-0.299338
-0.290832
-0.285651
-0.282016
-0.28116
-0.283858
-0.288683
-0.296857
-0.306403
-0.316218
-0.32514
-0.332194
-0.338821
-0.345674
-0.352066
-0.357824
-0.362906
-0.367348
-0.371211
-0.374524
-0.377144
-0.378683
-0.378423
-0.375099
-0.368427
-0.35645
-0.337995
-0.318503
-0.304705
-0.30271
-0.309305
-0.321649
-0.33439
-0.345631
-0.35513
-0.363196
-0.371503
-0.377098
-0.379587
-0.386426
-0.399533
-0.415394
-0.431517
-0.446739
-0.460176
-0.471098
-0.48025
-0.488777
-0.499579
-0.517039
-0.544484
-0.582148
-0.627472
-0.679019
-0.735181
-0.794758
-0.857193
-0.921482
-0.98838
-1.05549
-0.477471
-0.477853
-0.478484
-0.479801
-0.48172
-0.484807
-0.4894
-0.49591
-0.504561
-0.515366
-0.527448
-0.540182
-0.552181
-0.562833
-0.572166
-0.578644
-0.58208
-0.581935
-0.579626
-0.572677
-0.562741
-0.552684
-0.538983
-0.523015
-0.505309
-0.487101
-0.467982
-0.449048
-0.429445
-0.410373
-0.393107
-0.375779
-0.359886
-0.345018
-0.33153
-0.318924
-0.308588
-0.299317
-0.29081
-0.285623
-0.28198
-0.281135
-0.283848
-0.28867
-0.296848
-0.306401
-0.316216
-0.325138
-0.332192
-0.338817
-0.345661
-0.352077
-0.357822
-0.362904
-0.367346
-0.37121
-0.374524
-0.377145
-0.378685
-0.378426
-0.375103
-0.368432
-0.356455
-0.337997
-0.318503
-0.304702
-0.302705
-0.309295
-0.321643
-0.334387
-0.345628
-0.355127
-0.36319
-0.371497
-0.377093
-0.379582
-0.386421
-0.399528
-0.415391
-0.431516
-0.44674
-0.460179
-0.471098
-0.480252
-0.488783
-0.499578
-0.517028
-0.544473
-0.582141
-0.627464
-0.679011
-0.735173
-0.79475
-0.857186
-0.921474
-0.988373
-1.05548
-0.477433
-0.477822
-0.478471
-0.479791
-0.481708
-0.484793
-0.489388
-0.4959
-0.504559
-0.515374
-0.527464
-0.540208
-0.552204
-0.56286
-0.572246
-0.578769
-0.582164
-0.582028
-0.57972
-0.572715
-0.562814
-0.552802
-0.539045
-0.523061
-0.505353
-0.487155
-0.468046
-0.449127
-0.42952
-0.410466
-0.393231
-0.375883
-0.359973
-0.345082
-0.33157
-0.318942
-0.308574
-0.299286
-0.290778
-0.285577
-0.281915
-0.281084
-0.283815
-0.28864
-0.296828
-0.306395
-0.316207
-0.325135
-0.33219
-0.338813
-0.345655
-0.352076
-0.357818
-0.3629
-0.367344
-0.371209
-0.374525
-0.377147
-0.37869
-0.378433
-0.375112
-0.368443
-0.356464
-0.338001
-0.318504
-0.304696
-0.302697
-0.309287
-0.321635
-0.334385
-0.345626
-0.355123
-0.363184
-0.37149
-0.377087
-0.379575
-0.386412
-0.399523
-0.415388
-0.431515
-0.446742
-0.460183
-0.471098
-0.480255
-0.488789
-0.499571
-0.517012
-0.54446
-0.582131
-0.627452
-0.679
-0.735163
-0.794741
-0.857177
-0.921466
-0.988366
-1.05547
-0.477403
-0.47779
-0.478454
-0.479778
-0.481691
-0.484776
-0.489371
-0.495885
-0.504554
-0.515378
-0.527478
-0.540237
-0.552231
-0.562908
-0.572373
-0.578897
-0.58224
-0.582136
-0.579829
-0.572767
-0.562901
-0.552939
-0.539122
-0.523121
-0.505411
-0.487227
-0.468131
-0.449232
-0.429629
-0.410598
-0.393401
-0.376036
-0.360106
-0.345184
-0.33164
-0.318982
-0.308567
-0.29925
-0.29074
-0.285516
-0.281822
-0.281004
-0.283752
-0.288584
-0.296786
-0.306369
-0.316186
-0.325126
-0.332184
-0.338807
-0.345645
-0.352071
-0.357811
-0.362895
-0.36734
-0.371208
-0.374527
-0.377154
-0.378699
-0.378445
-0.375127
-0.368463
-0.356486
-0.338013
-0.318506
-0.304687
-0.302681
-0.309274
-0.321628
-0.334382
-0.345623
-0.355118
-0.363176
-0.371484
-0.377083
-0.379566
-0.386401
-0.399515
-0.415385
-0.431514
-0.446746
-0.460187
-0.471099
-0.48026
-0.488792
-0.499559
-0.516992
-0.544443
-0.582116
-0.627437
-0.678987
-0.735152
-0.794731
-0.857168
-0.921458
-0.988359
-1.05546
-0.477382
-0.477758
-0.478436
-0.47976
-0.481669
-0.484753
-0.489348
-0.495863
-0.504543
-0.515377
-0.527487
-0.540266
-0.552265
-0.562979
-0.572515
-0.578992
-0.582317
-0.582255
-0.57995
-0.57283
-0.563
-0.553088
-0.539212
-0.523194
-0.505484
-0.487317
-0.468239
-0.449366
-0.429774
-0.410773
-0.393623
-0.376247
-0.360297
-0.34534
-0.331754
-0.319057
-0.308577
-0.299219
-0.290704
-0.285444
-0.281708
-0.280899
-0.283664
-0.288506
-0.296717
-0.306312
-0.316148
-0.325103
-0.33217
-0.338793
-0.34563
-0.352062
-0.357802
-0.362888
-0.367336
-0.371208
-0.374533
-0.377165
-0.378715
-0.378464
-0.375151
-0.368496
-0.356526
-0.338037
-0.318508
-0.304672
-0.302651
-0.309254
-0.321619
-0.334379
-0.34562
-0.355113
-0.363169
-0.371479
-0.37708
-0.379556
-0.386387
-0.399506
-0.415382
-0.431515
-0.446751
-0.460191
-0.4711
-0.480267
-0.488793
-0.499541
-0.516966
-0.544422
-0.582098
-0.627419
-0.678972
-0.735139
-0.79472
-0.857159
-0.92145
-0.988351
-1.05545
-0.47737
-0.477731
-0.478416
-0.479739
-0.481643
-0.484723
-0.489316
-0.495833
-0.504523
-0.515365
-0.527485
-0.540289
-0.552303
-0.563067
-0.572643
-0.579062
-0.582397
-0.58238
-0.580075
-0.572904
-0.563111
-0.553245
-0.539315
-0.523283
-0.505575
-0.48743
-0.468373
-0.449533
-0.42996
-0.410994
-0.393897
-0.376519
-0.360552
-0.345559
-0.331925
-0.319183
-0.30862
-0.299209
-0.29068
-0.28537
-0.281583
-0.280774
-0.28355
-0.288404
-0.296625
-0.30623
-0.316094
-0.325063
-0.33214
-0.338765
-0.345612
-0.352049
-0.35779
-0.362879
-0.367332
-0.37121
-0.374543
-0.377182
-0.378739
-0.378493
-0.375187
-0.368543
-0.356585
-0.338074
-0.318506
-0.304645
-0.302607
-0.309228
-0.321609
-0.334377
-0.345619
-0.35511
-0.363163
-0.371477
-0.37708
-0.379545
-0.38637
-0.399495
-0.41538
-0.431517
-0.446758
-0.460197
-0.471102
-0.480275
-0.488792
-0.499515
-0.516933
-0.544396
-0.582074
-0.627397
-0.678954
-0.735124
-0.794708
-0.857149
-0.921442
-0.988344
-1.05544
-0.477367
-0.477708
-0.478395
-0.479713
-0.481609
-0.484686
-0.489273
-0.49579
-0.504488
-0.515337
-0.527467
-0.540301
-0.552341
-0.563157
-0.572744
-0.579117
-0.582479
-0.582506
-0.580199
-0.57299
-0.563233
-0.553406
-0.539431
-0.523389
-0.505688
-0.487568
-0.468538
-0.449736
-0.430193
-0.411265
-0.394225
-0.376856
-0.360878
-0.345853
-0.33217
-0.319378
-0.308717
-0.29924
-0.290687
-0.285307
-0.281459
-0.280633
-0.283407
-0.288273
-0.296505
-0.30613
-0.316028
-0.325006
-0.332094
-0.338727
-0.345591
-0.352032
-0.357776
-0.362869
-0.367328
-0.371215
-0.374557
-0.377205
-0.37877
-0.378534
-0.375238
-0.368609
-0.356664
-0.338124
-0.3185
-0.3046
-0.302546
-0.309194
-0.321595
-0.334376
-0.345618
-0.355107
-0.363159
-0.371478
-0.377085
-0.379534
-0.386348
-0.399481
-0.415377
-0.431519
-0.446767
-0.460203
-0.471106
-0.480286
-0.488788
-0.49948
-0.516893
-0.544364
-0.582043
-0.62737
-0.678933
-0.735107
-0.794695
-0.857139
-0.921435
-0.988338
-1.05542
-0.477372
-0.477693
-0.478373
-0.47968
-0.481568
-0.484637
-0.489216
-0.49573
-0.504435
-0.515288
-0.527428
-0.540296
-0.552374
-0.563238
-0.572817
-0.579159
-0.582558
-0.582628
-0.580318
-0.573087
-0.563366
-0.553567
-0.539561
-0.523518
-0.505828
-0.487738
-0.468738
-0.449978
-0.430477
-0.411589
-0.394606
-0.377261
-0.361279
-0.346228
-0.332499
-0.319659
-0.308891
-0.29934
-0.290747
-0.285275
-0.281352
-0.280488
-0.283233
-0.288108
-0.29635
-0.306009
-0.315949
-0.324935
-0.332034
-0.338683
-0.345566
-0.352012
-0.357759
-0.362859
-0.367326
-0.371222
-0.374574
-0.377234
-0.378811
-0.378588
-0.375309
-0.368701
-0.356772
-0.338189
-0.318488
-0.304535
-0.302465
-0.309149
-0.321577
-0.334376
-0.34562
-0.355106
-0.363157
-0.371486
-0.377095
-0.37952
-0.386321
-0.399464
-0.415375
-0.431523
-0.446778
-0.460213
-0.471111
-0.480298
-0.48878
-0.499436
-0.516842
-0.544323
-0.582005
-0.627337
-0.678909
-0.735088
-0.794682
-0.857129
-0.921429
-0.988332
-1.0554
-0.477383
-0.477684
-0.47835
-0.479641
-0.481518
-0.484575
-0.48914
-0.495647
-0.504355
-0.515209
-0.527363
-0.540267
-0.552395
-0.563301
-0.572864
-0.579194
-0.582635
-0.582745
-0.580428
-0.573197
-0.563514
-0.553726
-0.539704
-0.523672
-0.506002
-0.487945
-0.46898
-0.450264
-0.430815
-0.411972
-0.395043
-0.377738
-0.361761
-0.346692
-0.332925
-0.320043
-0.309166
-0.299538
-0.290895
-0.285304
-0.281291
-0.280359
-0.283036
-0.287908
-0.296154
-0.305859
-0.315855
-0.324854
-0.331964
-0.338633
-0.345537
-0.351989
-0.357742
-0.36285
-0.367324
-0.371231
-0.374595
-0.377268
-0.378861
-0.378658
-0.375406
-0.368829
-0.356919
-0.338279
-0.318475
-0.304448
-0.302359
-0.309089
-0.321553
-0.334379
-0.345625
-0.355108
-0.363159
-0.3715
-0.377111
-0.379505
-0.386286
-0.399443
-0.415372
-0.431529
-0.446793
-0.460225
-0.47112
-0.480312
-0.488768
-0.49938
-0.516777
-0.54427
-0.581955
-0.627297
-0.678881
-0.735067
-0.794668
-0.85712
-0.921426
-0.988329
-1.05538
-0.477398
-0.477682
-0.478326
-0.479593
-0.481455
-0.484496
-0.489041
-0.495537
-0.504243
-0.515097
-0.527267
-0.540212
-0.552401
-0.563347
-0.572893
-0.579226
-0.58271
-0.582855
-0.580528
-0.573324
-0.563683
-0.553883
-0.539864
-0.523857
-0.506216
-0.488196
-0.469271
-0.4506
-0.431214
-0.412419
-0.395539
-0.378288
-0.362328
-0.347255
-0.33346
-0.320547
-0.309564
-0.299863
-0.291167
-0.285438
-0.281319
-0.280277
-0.282847
-0.287687
-0.295922
-0.305675
-0.315742
-0.324762
-0.33189
-0.338581
-0.345504
-0.351964
-0.357723
-0.36284
-0.367324
-0.371241
-0.374617
-0.377305
-0.378919
-0.378745
-0.375532
-0.369005
-0.357127
-0.338411
-0.318466
-0.304339
-0.302221
-0.309011
-0.321523
-0.334388
-0.345637
-0.355116
-0.363167
-0.371524
-0.377136
-0.379486
-0.386239
-0.399415
-0.415369
-0.431537
-0.44681
-0.460241
-0.471133
-0.480328
-0.488751
-0.499311
-0.516697
-0.544201
-0.581893
-0.627249
-0.678848
-0.735045
-0.794657
-0.857115
-0.921427
-0.98833
-1.05536
-0.477411
-0.477683
-0.478298
-0.479535
-0.481379
-0.484394
-0.488912
-0.495393
-0.504093
-0.514949
-0.527145
-0.540135
-0.552397
-0.563389
-0.572919
-0.57927
-0.582795
-0.582968
-0.580625
-0.573477
-0.563882
-0.554044
-0.540048
-0.524082
-0.506483
-0.488501
-0.46962
-0.450991
-0.431682
-0.412939
-0.396095
-0.37891
-0.362981
-0.347921
-0.334116
-0.321188
-0.310108
-0.300345
-0.291604
-0.285731
-0.281491
-0.280296
-0.28271
-0.287488
-0.295677
-0.305465
-0.315607
-0.324658
-0.331816
-0.338528
-0.345471
-0.351938
-0.357705
-0.36283
-0.367324
-0.371251
-0.37464
-0.377343
-0.378984
-0.37885
-0.375694
-0.369243
-0.357424
-0.338616
-0.318477
-0.30421
-0.302049
-0.308914
-0.32149
-0.334407
-0.34566
-0.355136
-0.363187
-0.37156
-0.37717
-0.379459
-0.386179
-0.39938
-0.415366
-0.431548
-0.446832
-0.460264
-0.471152
-0.480345
-0.488726
-0.499225
-0.516595
-0.544112
-0.581815
-0.627193
-0.678814
-0.735026
-0.794652
-0.857117
-0.921438
-0.988339
-1.05534
-0.477417
-0.477684
-0.478264
-0.479464
-0.481284
-0.484266
-0.48875
-0.49521
-0.503906
-0.51477
-0.527009
-0.540056
-0.552406
-0.563458
-0.572977
-0.579355
-0.582913
-0.583109
-0.580738
-0.573672
-0.564133
-0.554225
-0.540267
-0.52436
-0.506818
-0.488877
-0.470047
-0.451454
-0.432228
-0.413545
-0.396722
-0.379609
-0.36372
-0.348688
-0.334895
-0.321978
-0.31082
-0.301014
-0.292243
-0.286231
-0.281881
-0.280497
-0.282697
-0.287384
-0.295472
-0.30526
-0.315463
-0.324548
-0.331749
-0.338482
-0.345442
-0.351915
-0.357687
-0.36282
-0.367322
-0.37126
-0.37466
-0.377382
-0.379055
-0.378973
-0.375894
-0.369555
-0.357834
-0.338943
-0.31854
-0.304071
-0.301843
-0.3088
-0.321456
-0.334443
-0.345703
-0.355175
-0.363222
-0.371608
-0.377207
-0.37942
-0.3861
-0.399336
-0.415366
-0.431565
-0.446859
-0.460294
-0.471179
-0.480362
-0.488692
-0.499121
-0.516468
-0.543999
-0.581721
-0.627131
-0.678782
-0.735014
-0.794658
-0.857133
-0.921463
-0.988362
-1.05533
-0.477411
-0.477679
-0.478221
-0.479379
-0.481166
-0.484104
-0.488546
-0.494986
-0.50369
-0.514583
-0.526898
-0.540023
-0.552485
-0.563618
-0.573131
-0.579542
-0.583118
-0.583326
-0.580909
-0.573942
-0.564474
-0.554457
-0.540545
-0.524719
-0.507251
-0.489352
-0.47058
-0.452017
-0.432882
-0.414264
-0.39744
-0.380401
-0.364554
-0.34956
-0.335796
-0.322917
-0.311712
-0.301892
-0.29312
-0.286977
-0.282556
-0.280977
-0.282923
-0.287476
-0.295426
-0.305134
-0.315355
-0.324449
-0.331706
-0.338456
-0.345422
-0.351897
-0.357672
-0.362811
-0.367319
-0.371265
-0.374678
-0.377421
-0.379138
-0.379123
-0.376143
-0.369958
-0.358389
-0.339447
-0.31872
-0.30395
-0.301611
-0.308678
-0.321428
-0.334507
-0.345775
-0.355242
-0.363277
-0.371664
-0.377241
-0.379362
-0.386003
-0.399291
-0.415374
-0.43159
-0.446892
-0.460334
-0.471216
-0.480378
-0.488647
-0.498997
-0.516311
-0.543856
-0.58161
-0.627068
-0.678759
-0.735019
-0.794686
-0.857173
-0.921513
-0.988407
-1.05532
-0.477388
-0.477665
-0.478165
-0.479277
-0.48102
-0.483901
-0.488297
-0.49473
-0.503476
-0.514449
-0.526893
-0.54014
-0.552748
-0.563992
-0.573501
-0.579938
-0.583508
-0.583708
-0.581212
-0.574352
-0.564972
-0.554798
-0.540933
-0.525207
-0.507833
-0.489977
-0.47127
-0.45273
-0.433696
-0.415147
-0.398288
-0.381315
-0.365507
-0.350559
-0.336827
-0.324002
-0.312791
-0.30299
-0.294263
-0.288014
-0.283553
-0.28184
-0.283532
-0.287921
-0.295704
-0.305256
-0.315385
-0.324427
-0.331725
-0.338479
-0.345426
-0.351891
-0.357664
-0.362804
-0.367315
-0.371268
-0.374693
-0.377466
-0.379243
-0.379315
-0.376463
-0.370489
-0.359146
-0.340172
-0.319118
-0.303908
-0.301383
-0.308568
-0.321427
-0.334617
-0.345889
-0.355349
-0.363357
-0.371716
-0.377252
-0.379275
-0.385889
-0.399256
-0.4154
-0.431628
-0.446932
-0.460384
-0.471263
-0.480392
-0.488592
-0.498852
-0.51612
-0.543684
-0.58149
-0.627015
-0.67876
-0.735057
-0.794752
-0.85725
-0.921603
-0.988486
-1.05534
-0.477342
-0.47764
-0.478094
-0.479157
-0.480838
-0.483657
-0.488018
-0.494482
-0.503345
-0.514502
-0.527163
-0.540606
-0.553408
-0.564791
-0.574291
-0.58073
-0.584249
-0.584405
-0.581785
-0.575019
-0.565731
-0.555356
-0.541532
-0.525914
-0.508656
-0.490845
-0.47221
-0.453693
-0.43476
-0.41628
-0.39934
-0.382407
-0.366628
-0.351721
-0.338018
-0.325259
-0.31406
-0.304315
-0.295685
-0.289384
-0.284913
-0.283136
-0.284677
-0.288938
-0.296525
-0.305913
-0.315786
-0.32463
-0.331892
-0.338601
-0.34548
-0.351911
-0.357674
-0.362808
-0.367316
-0.371273
-0.374714
-0.377528
-0.379389
-0.379582
-0.376893
-0.371187
-0.360168
-0.341186
-0.319881
-0.304071
-0.301214
-0.308516
-0.321484
-0.334798
-0.346061
-0.355506
-0.363459
-0.371739
-0.377206
-0.379136
-0.385758
-0.399245
-0.415458
-0.431693
-0.446988
-0.46045
-0.471322
-0.480404
-0.488529
-0.498689
-0.515898
-0.543488
-0.581377
-0.626996
-0.67881
-0.735152
-0.794879
-0.857388
-0.921752
-0.988618
-1.05539
-0.477285
-0.477605
-0.478009
-0.479017
-0.480628
-0.483391
-0.487762
-0.494362
-0.503494
-0.514998
-0.528047
-0.541789
-0.554834
-0.566363
-0.575825
-0.582219
-0.585613
-0.58566
-0.582849
-0.576141
-0.566919
-0.556298
-0.54251
-0.526993
-0.509862
-0.4921
-0.473545
-0.455038
-0.436193
-0.417773
-0.400707
-0.383777
-0.367991
-0.353109
-0.339422
-0.326739
-0.315561
-0.305878
-0.297397
-0.291109
-0.28669
-0.284915
-0.286437
-0.29074
-0.298218
-0.307451
-0.317004
-0.325363
-0.332394
-0.338915
-0.345635
-0.351984
-0.357717
-0.362837
-0.367338
-0.3713
-0.374768
-0.377642
-0.379615
-0.379963
-0.377482
-0.372113
-0.361505
-0.342568
-0.3211
-0.304679
-0.301225
-0.308612
-0.321662
-0.335096
-0.346302
-0.355718
-0.363569
-0.371687
-0.377041
-0.378915
-0.385629
-0.399295
-0.415586
-0.431807
-0.447074
-0.460543
-0.471398
-0.480415
-0.488466
-0.498524
-0.515659
-0.543296
-0.581307
-0.627049
-0.67895
-0.735344
-0.795103
-0.857619
-0.921989
-0.988827
-1.05549
-0.477261
-0.477591
-0.477927
-0.478873
-0.480416
-0.483162
-0.487677
-0.494637
-0.504324
-0.516461
-0.530117
-0.544282
-0.55762
-0.569261
-0.57858
-0.584817
-0.587988
-0.587817
-0.584712
-0.577987
-0.568767
-0.55785
-0.54408
-0.52864
-0.511626
-0.493904
-0.475418
-0.456899
-0.438116
-0.419731
-0.402491
-0.385526
-0.369665
-0.354768
-0.341086
-0.328476
-0.317349
-0.307737
-0.299417
-0.293196
-0.288948
-0.287276
-0.288799
-0.293484
-0.301128
-0.310322
-0.319626
-0.327226
-0.333588
-0.339591
-0.34599
-0.352155
-0.357821
-0.362916
-0.367408
-0.371383
-0.374904
-0.377889
-0.380023
-0.380549
-0.378305
-0.373341
-0.363308
-0.344554
-0.322739
-0.30597
-0.301626
-0.308988
-0.322071
-0.335584
-0.34664
-0.355985
-0.363635
-0.371484
-0.376683
-0.378588
-0.38557
-0.399475
-0.415828
-0.432036
-0.447231
-0.460679
-0.471492
-0.480423
-0.488416
-0.498388
-0.515456
-0.543161
-0.581338
-0.627236
-0.67924
-0.735691
-0.795476
-0.857988
-0.922355
-0.989147
-1.05567
-0.477282
-0.477649
-0.477875
-0.47875
-0.480262
-0.483142
-0.488129
-0.495909
-0.506616
-0.519758
-0.534291
-0.549042
-0.562597
-0.574157
-0.583171
-0.589059
-0.5918
-0.591229
-0.587699
-0.580831
-0.571497
-0.56024
-0.546442
-0.53102
-0.514092
-0.496384
-0.477943
-0.459383
-0.440624
-0.422228
-0.404767
-0.387713
-0.371712
-0.356748
-0.343051
-0.3305
-0.319412
-0.30988
-0.301765
-0.295668
-0.291698
-0.290264
-0.291928
-0.297112
-0.305572
-0.315071
-0.324304
-0.331144
-0.336154
-0.340978
-0.346688
-0.352505
-0.358034
-0.363076
-0.367557
-0.371559
-0.375161
-0.378292
-0.380629
-0.381384
-0.379389
-0.374836
-0.365861
-0.347838
-0.325143
-0.308021
-0.302718
-0.309846
-0.322911
-0.336378
-0.347093
-0.356238
-0.363552
-0.371002
-0.376022
-0.378116
-0.385656
-0.399971
-0.416339
-0.43241
-0.447475
-0.460924
-0.471661
-0.480476
-0.488423
-0.49834
-0.515368
-0.543178
-0.581581
-0.627672
-0.679783
-0.736281
-0.796077
-0.858566
-0.922911
-0.98963
-1.05596
-0.477248
-0.477706
-0.477841
-0.478696
-0.480389
-0.483834
-0.489863
-0.499202
-0.511666
-0.526341
-0.541863
-0.556999
-0.570535
-0.581732
-0.590151
-0.595388
-0.597434
-0.596257
-0.59214
-0.584958
-0.575359
-0.563712
-0.549812
-0.534333
-0.517439
-0.499712
-0.481286
-0.462661
-0.443886
-0.425435
-0.407723
-0.390534
-0.374352
-0.359255
-0.345465
-0.332906
-0.321826
-0.312356
-0.30446
-0.298529
-0.294862
-0.293882
-0.296024
-0.301755
-0.311541
-0.322301
-0.33189
-0.338207
-0.341408
-0.3438
-0.348024
-0.353178
-0.35841
-0.36335
-0.367815
-0.371854
-0.375542
-0.378799
-0.381287
-0.382233
-0.380552
-0.376387
-0.368854
-0.352584
-0.329658
-0.311182
-0.305131
-0.311494
-0.324353
-0.337741
-0.34765
-0.356299
-0.36317
-0.370071
-0.37486
-0.377435
-0.385969
-0.400999
-0.417419
-0.43319
-0.448012
-0.46139
-0.471967
-0.480598
-0.488479
-0.498447
-0.515536
-0.543571
-0.582272
-0.628535
-0.680729
-0.737259
-0.79703
-0.859453
-0.92374
-0.990342
-1.05642
-0.47687
-0.477498
-0.47772
-0.478773
-0.481071
-0.485908
-0.494228
-0.506284
-0.521187
-0.537459
-0.553744
-0.568898
-0.582037
-0.59251
-0.599981
-0.604249
-0.605333
-0.603306
-0.598415
-0.590719
-0.58069
-0.568603
-0.554511
-0.538896
-0.52197
-0.504185
-0.485737
-0.467031
-0.448202
-0.429659
-0.411697
-0.394332
-0.377944
-0.362677
-0.348735
-0.33611
-0.325012
-0.315557
-0.307795
-0.302023
-0.298656
-0.298233
-0.301156
-0.307964
-0.319177
-0.332428
-0.343323
-0.349367
-0.350512
-0.34919
-0.350718
-0.354438
-0.359061
-0.36376
-0.368172
-0.372259
-0.37603
-0.379372
-0.381932
-0.382978
-0.381551
-0.377778
-0.371293
-0.357359
-0.335769
-0.316501
-0.309309
-0.314601
-0.326359
-0.339866
-0.348245
-0.356
-0.362222
-0.368423
-0.372915
-0.376304
-0.386511
-0.40265
-0.419029
-0.434364
-0.448762
-0.46188
-0.472292
-0.480818
-0.488816
-0.498997
-0.516254
-0.5447
-0.583764
-0.630184
-0.682407
-0.738852
-0.798505
-0.860808
-0.92499
-0.991413
-1.05716
-0.475649
-0.476562
-0.477187
-0.479035
-0.483159
-0.491071
-0.503227
-0.518754
-0.536031
-0.553632
-0.570314
-0.585102
-0.597386
-0.606754
-0.612964
-0.615946
-0.615786
-0.612656
-0.6068
-0.59839
-0.587775
-0.575189
-0.560808
-0.544982
-0.527945
-0.510061
-0.491547
-0.472746
-0.453832
-0.435156
-0.416969
-0.399412
-0.382823
-0.367392
-0.353308
-0.340635
-0.329541
-0.32014
-0.312511
-0.30691
-0.303873
-0.30402
-0.307941
-0.316475
-0.329845
-0.346035
-0.36001
-0.366749
-0.365287
-0.358912
-0.355598
-0.356693
-0.360118
-0.364215
-0.368503
-0.372644
-0.376493
-0.379882
-0.382454
-0.383537
-0.382256
-0.378732
-0.372917
-0.361553
-0.342404
-0.323749
-0.314858
-0.320581
-0.329332
-0.343238
-0.348899
-0.355103
-0.360373
-0.365629
-0.369655
-0.373927
-0.386586
-0.404512
-0.421003
-0.435945
-0.450031
-0.463305
-0.473829
-0.482056
-0.48981
-0.500127
-0.51812
-0.547427
-0.586742
-0.633165
-0.685239
-0.74148
-0.800908
-0.86293
-0.926844
-0.992975
-1.05831
-0.473743
-0.474941
-0.476361
-0.479792
-0.4869
-0.498779
-0.514816
-0.533259
-0.552371
-0.570777
-0.587421
-0.601701
-0.613114
-0.621355
-0.626288
-0.627961
-0.62655
-0.622316
-0.615522
-0.606385
-0.595186
-0.582141
-0.567456
-0.551415
-0.534236
-0.516235
-0.497638
-0.478745
-0.459764
-0.44098
-0.422652
-0.404962
-0.388233
-0.37268
-0.358516
-0.345856
-0.334845
-0.325604
-0.318228
-0.312952
-0.310322
-0.311081
-0.315978
-0.326193
-0.342118
-0.361147
-0.378335
-0.386624
-0.382083
-0.37111
-0.362254
-0.35986
-0.361423
-0.364749
-0.368837
-0.372958
-0.376843
-0.380233
-0.38277
-0.38385
-0.382633
-0.379288
-0.373791
-0.36454
-0.348203
-0.330927
-0.320933
-0.327364
-0.332729
-0.346828
-0.349442
-0.353648
-0.357693
-0.36192
-0.365522
-0.370183
-0.385644
-0.406548
-0.423803
-0.438461
-0.452003
-0.46524
-0.475139
-0.482709
-0.491505
-0.503628
-0.522941
-0.55271
-0.591933
-0.638086
-0.689752
-0.74555
-0.804522
-0.866077
-0.929618
-0.995319
-1.0602
-0.471875
-0.473213
-0.475536
-0.480728
-0.490885
-0.506319
-0.52546
-0.545964
-0.566226
-0.585043
-0.601661
-0.615548
-0.626227
-0.633493
-0.637341
-0.63792
-0.635484
-0.630359
-0.622824
-0.613112
-0.601462
-0.588074
-0.573152
-0.556942
-0.539649
-0.521559
-0.502908
-0.483957
-0.464936
-0.446091
-0.427689
-0.409942
-0.393148
-0.377549
-0.363368
-0.350747
-0.339833
-0.330757
-0.323637
-0.318719
-0.31655
-0.317985
-0.323827
-0.335381
-0.353315
-0.374827
-0.39444
-0.40462
-0.397567
-0.382802
-0.368895
-0.363091
-0.362756
-0.365316
-0.369133
-0.37321
-0.377094
-0.380458
-0.382955
-0.384014
-0.38278
-0.379538
-0.374175
-0.36657
-0.352705
-0.336903
-0.326085
-0.331641
-0.336535
-0.349228
-0.349738
-0.352026
-0.354941
-0.358413
-0.362225
-0.367186
-0.384301
-0.406952
-0.424171
-0.438295
-0.45108
-0.464575
-0.47638
-0.485599
-0.49556
-0.509146
-0.529782
-0.559985
-0.598983
-0.644673
-0.695725
-0.750866
-0.8092
-0.870134
-0.93314
-0.998261
-1.06295
-0.470113
-0.471466
-0.474797
-0.481759
-0.494765
-0.513468
-0.535161
-0.557177
-0.578232
-0.59735
-0.613962
-0.627464
-0.637472
-0.643868
-0.646762
-0.646388
-0.643078
-0.637205
-0.629064
-0.618886
-0.606878
-0.593225
-0.578114
-0.561763
-0.544384
-0.526235
-0.507546
-0.488562
-0.469521
-0.450662
-0.432234
-0.414474
-0.397665
-0.382061
-0.367895
-0.355334
-0.344531
-0.335616
-0.328722
-0.324117
-0.322366
-0.32441
-0.331192
-0.343993
-0.363669
-0.387466
-0.409414
-0.421031
-0.412216
-0.393771
-0.375255
-0.366237
-0.364051
-0.365802
-0.369297
-0.373312
-0.377185
-0.380526
-0.382983
-0.384011
-0.382725
-0.379491
-0.374293
-0.367779
-0.356163
-0.341769
-0.330398
-0.333968
-0.340735
-0.350137
-0.349986
-0.350575
-0.352554
-0.355701
-0.359621
-0.365356
-0.381975
-0.405099
-0.423587
-0.437786
-0.450606
-0.464156
-0.476854
-0.487945
-0.500008
-0.515606
-0.537758
-0.568477
-0.607261
-0.652429
-0.702794
-0.757182
-0.814774
-0.874994
-0.937377
-1.00182
-1.06645
-0.468508
-0.469749
-0.474241
-0.482821
-0.498361
-0.520038
-0.543854
-0.566952
-0.588605
-0.607953
-0.624553
-0.6377
-0.6471
-0.652716
-0.65477
-0.653571
-0.64952
-0.643026
-0.634393
-0.623841
-0.611551
-0.59769
-0.582429
-0.565971
-0.548531
-0.530351
-0.511645
-0.492654
-0.473617
-0.45477
-0.436355
-0.418609
-0.401814
-0.38623
-0.3721
-0.359607
-0.348909
-0.340148
-0.333467
-0.329135
-0.327717
-0.330242
-0.337789
-0.351658
-0.372775
-0.398538
-0.42286
-0.435594
-0.425799
-0.403498
-0.380906
-0.369002
-0.365132
-0.366067
-0.369244
-0.373189
-0.377059
-0.38039
-0.382809
-0.383808
-0.382496
-0.37919
-0.374199
-0.368192
-0.358695
-0.345486
-0.333999
-0.335433
-0.344626
-0.350307
-0.350531
-0.349612
-0.350997
-0.354059
-0.358655
-0.365543
-0.381269
-0.402097
-0.420026
-0.434862
-0.44856
-0.462815
-0.476753
-0.490048
-0.504562
-0.522389
-0.546141
-0.577479
-0.616132
-0.660815
-0.710495
-0.764123
-0.820954
-0.880439
-0.942167
-1.00592
-1.07052
-0.467082
-0.468101
-0.473862
-0.483803
-0.501551
-0.526035
-0.551646
-0.575522
-0.597628
-0.617147
-0.633735
-0.646551
-0.655395
-0.660311
-0.661628
-0.659712
-0.655037
-0.648024
-0.638987
-0.628135
-0.615627
-0.601608
-0.586233
-0.569702
-0.552225
-0.53403
-0.515324
-0.496345
-0.477328
-0.458507
-0.440121
-0.42241
-0.405649
-0.390103
-0.37602
-0.363595
-0.352993
-0.344369
-0.337873
-0.333787
-0.332636
-0.335483
-0.343571
-0.358243
-0.38045
-0.407779
-0.434288
-0.447969
-0.437721
-0.411703
-0.38562
-0.371175
-0.365799
-0.366002
-0.368897
-0.372794
-0.376678
-0.380015
-0.382406
-0.383387
-0.382092
-0.378671
-0.373843
-0.367936
-0.360438
-0.348125
-0.336701
-0.336353
-0.347693
-0.351053
-0.351513
-0.349278
-0.350476
-0.35401
-0.359509
-0.367273
-0.381785
-0.399953
-0.41675
-0.43192
-0.446465
-0.461607
-0.476886
-0.492272
-0.509149
-0.529193
-0.554564
-0.586634
-0.625308
-0.66962
-0.718693
-0.771615
-0.827713
-0.886482
-0.947546
-1.01062
-1.0751
-0.465853
-0.466537
-0.473528
-0.484672
-0.504287
-0.531491
-0.558684
-0.583124
-0.60555
-0.625199
-0.641782
-0.654288
-0.662622
-0.666907
-0.667578
-0.665052
-0.659861
-0.652423
-0.64306
-0.631965
-0.619284
-0.605139
-0.589678
-0.573097
-0.555597
-0.537392
-0.518692
-0.499731
-0.480743
-0.461958
-0.443613
-0.425949
-0.409236
-0.393739
-0.379709
-0.367349
-0.356833
-0.348326
-0.341986
-0.338104
-0.337169
-0.340215
-0.348594
-0.363737
-0.386681
-0.415117
-0.443474
-0.458052
-0.44761
-0.418275
-0.389263
-0.372627
-0.36592
-0.3655
-0.36818
-0.372069
-0.375988
-0.379353
-0.381737
-0.38272
-0.381478
-0.377948
-0.373167
-0.367345
-0.361334
-0.349733
-0.33832
-0.336311
-0.349211
-0.352118
-0.352296
-0.349345
-0.3509
-0.355245
-0.361447
-0.369635
-0.382736
-0.398633
-0.414298
-0.429504
-0.444704
-0.460707
-0.477311
-0.494638
-0.513727
-0.535907
-0.562904
-0.595827
-0.634693
-0.678783
-0.727362
-0.779654
-0.835065
-0.893147
-0.953558
-1.01597
-1.08026
-0.464809
-0.465034
-0.473134
-0.485381
-0.506597
-0.536486
-0.565146
-0.589951
-0.612589
-0.632338
-0.648922
-0.661141
-0.669015
-0.672751
-0.672872
-0.669835
-0.664221
-0.656432
-0.646798
-0.635501
-0.622668
-0.608411
-0.592878
-0.576255
-0.558734
-0.540523
-0.521835
-0.502898
-0.483942
-0.465199
-0.446904
-0.429295
-0.412637
-0.397194
-0.383219
-0.370919
-0.360476
-0.352064
-0.345849
-0.342125
-0.341352
-0.344502
-0.352947
-0.368213
-0.39153
-0.420607
-0.450398
-0.465891
-0.455405
-0.423157
-0.391712
-0.373239
-0.365413
-0.364458
-0.367019
-0.370932
-0.374919
-0.378343
-0.380753
-0.381757
-0.380593
-0.376997
-0.372176
-0.36658
-0.361281
-0.350376
-0.338737
-0.334832
-0.347199
-0.351571
-0.351562
-0.349336
-0.351948
-0.357116
-0.363812
-0.372088
-0.383892
-0.397994
-0.412669
-0.42775
-0.443431
-0.460222
-0.478074
-0.497182
-0.518321
-0.542535
-0.571157
-0.605053
-0.644284
-0.68831
-0.736524
-0.788278
-0.843063
-0.900498
-0.960272
-1.02205
-1.08606
-0.463909
-0.463477
-0.472581
-0.485977
-0.508504
-0.541049
-0.571206
-0.596177
-0.618922
-0.638762
-0.655363
-0.667333
-0.674803
-0.678068
-0.677729
-0.674261
-0.668287
-0.660195
-0.650322
-0.638843
-0.625872
-0.611517
-0.595918
-0.579254
-0.561712
-0.5435
-0.524824
-0.505912
-0.486992
-0.468294
-0.450051
-0.4325
-0.415901
-0.400514
-0.38659
-0.374345
-0.363961
-0.355618
-0.34949
-0.345873
-0.345196
-0.348358
-0.356693
-0.371762
-0.39505
-0.424369
-0.455131
-0.471575
-0.461104
-0.426303
-0.392851
-0.372858
-0.364144
-0.362753
-0.36528
-0.369265
-0.373376
-0.376901
-0.379377
-0.380428
-0.379363
-0.375757
-0.370856
-0.36546
-0.360315
-0.350057
-0.337953
-0.331365
-0.339762
-0.347768
-0.348493
-0.348892
-0.353109
-0.35911
-0.366186
-0.374436
-0.385217
-0.397962
-0.411815
-0.426706
-0.442735
-0.460223
-0.479219
-0.499941
-0.522969
-0.549106
-0.579341
-0.61431
-0.654064
-0.698182
-0.746166
-0.797487
-0.851723
-0.908564
-0.96774
-1.02893
-1.09259
-0.46311
-0.461677
-0.471773
-0.486353
-0.51
-0.545257
-0.576974
-0.601918
-0.624704
-0.644644
-0.661287
-0.673045
-0.680155
-0.683012
-0.682278
-0.678444
-0.67216
-0.663803
-0.653715
-0.642068
-0.628967
-0.614514
-0.598848
-0.582141
-0.564579
-0.546362
-0.527698
-0.50881
-0.489923
-0.471267
-0.453075
-0.43558
-0.419037
-0.403703
-0.389829
-0.377627
-0.367284
-0.35898
-0.352893
-0.349318
-0.348653
-0.351716
-0.359784
-0.374406
-0.397301
-0.426544
-0.457844
-0.47525
-0.464476
-0.427529
-0.392496
-0.371302
-0.361951
-0.360253
-0.362816
-0.366955
-0.371255
-0.374938
-0.377525
-0.378649
-0.377695
-0.374133
-0.369171
-0.363864
-0.358589
-0.348728
-0.336301
-0.325954
-0.327213
-0.340425
-0.343574
-0.347864
-0.353987
-0.36087
-0.368339
-0.376626
-0.386709
-0.398489
-0.411701
-0.426397
-0.442679
-0.460774
-0.480794
-0.502963
-0.527716
-0.555655
-0.587474
-0.623593
-0.664009
-0.708372
-0.756267
-0.807272
-0.861052
-0.91737
-0.976001
-1.03664
-1.09993
-0.462392
-0.459507
-0.470631
-0.486306
-0.511135
-0.54919
-0.582523
-0.607264
-0.630067
-0.650117
-0.666812
-0.67838
-0.685173
-0.687681
-0.686613
-0.68247
-0.675918
-0.667324
-0.657038
-0.64523
-0.631998
-0.617445
-0.601707
-0.584953
-0.567366
-0.549141
-0.530485
-0.511616
-0.492758
-0.47414
-0.455993
-0.43855
-0.422061
-0.406778
-0.392946
-0.380778
-0.370455
-0.362161
-0.356068
-0.352464
-0.351715
-0.354559
-0.362196
-0.376143
-0.398302
-0.427066
-0.458476
-0.476942
-0.465569
-0.426725
-0.390452
-0.368382
-0.358653
-0.356808
-0.359403
-0.363785
-0.36837
-0.372289
-0.375049
-0.37628
-0.375449
-0.372005
-0.367078
-0.361811
-0.356224
-0.346626
-0.333876
-0.319034
-0.312356
-0.330283
-0.338173
-0.346328
-0.354437
-0.362254
-0.370189
-0.378656
-0.388377
-0.399547
-0.412306
-0.426844
-0.443319
-0.461937
-0.482855
-0.506298
-0.532608
-0.562215
-0.595564
-0.632877
-0.674067
-0.718812
-0.766758
-0.817575
-0.871009
-0.926893
-0.985056
-1.04521
-1.1081
-0.461742
-0.456931
-0.469109
-0.485784
-0.511816
-0.55273
-0.587777
-0.612236
-0.63508
-0.655262
-0.672035
-0.683458
-0.689996
-0.692226
-0.690888
-0.686486
-0.6797
-0.67089
-0.660413
-0.64844
-0.635071
-0.620409
-0.604592
-0.587784
-0.570165
-0.551928
-0.533274
-0.51442
-0.495588
-0.477005
-0.4589
-0.441506
-0.425066
-0.409827
-0.396028
-0.383876
-0.373554
-0.365243
-0.35911
-0.355432
-0.354543
-0.357102
-0.364195
-0.377202
-0.398108
-0.425563
-0.456092
-0.475094
-0.462978
-0.423624
-0.38661
-0.364186
-0.354413
-0.352605
-0.355384
-0.360088
-0.365018
-0.369234
-0.37222
-0.373603
-0.372915
-0.369615
-0.36473
-0.359587
-0.353776
-0.344433
-0.331254
-0.311894
-0.301114
-0.318887
-0.333461
-0.34464
-0.354535
-0.363276
-0.371698
-0.380425
-0.390074
-0.400961
-0.413479
-0.427948
-0.4446
-0.463655
-0.485319
-0.509817
-0.537423
-0.568441
-0.603129
-0.641539
-0.683499
-0.728684
-0.776786
-0.827536
-0.88075
-0.936316
-0.994119
-1.05388
-1.11639
-0.461157
-0.453952
-0.467156
-0.484754
-0.511915
-0.555777
-0.592679
-0.616896
-0.639856
-0.660203
-0.6771
-0.688448
-0.694809
-0.696834
-0.695279
-0.690655
-0.683651
-0.674628
-0.663952
-0.651801
-0.638277
-0.623491
-0.60758
-0.590707
-0.573047
-0.55479
-0.536133
-0.517289
-0.498479
-0.479926
-0.46186
-0.444508
-0.428108
-0.4129
-0.399116
-0.386962
-0.376619
-0.368266
-0.362066
-0.358284
-0.357222
-0.359458
-0.365938
-0.377825
-0.397021
-0.422399
-0.450807
-0.469495
-0.456454
-0.418302
-0.381256
-0.359168
-0.349677
-0.348136
-0.351289
-0.35634
-0.361609
-0.366126
-0.369354
-0.370913
-0.370376
-0.367199
-0.362331
-0.357396
-0.35158
-0.342393
-0.328737
-0.304889
-0.296657
-0.308558
-0.32975
-0.343222
-0.354535
-0.364103
-0.372996
-0.381984
-0.391694
-0.40252
-0.414965
-0.429456
-0.446299
-0.465751
-0.488045
-0.513407
-0.542073
-0.574252
-0.610055
-0.649407
-0.692064
-0.737689
-0.785991
-0.836751
-0.889834
-0.94517
-1.0027
-1.06215
-1.12434
-0.460631
-0.450608
-0.464728
-0.483181
-0.511396
-0.55828
-0.597248
-0.621364
-0.644528
-0.665081
-0.682159
-0.693504
-0.699761
-0.701642
-0.699906
-0.695079
-0.68786
-0.678615
-0.667722
-0.655372
-0.641673
-0.626744
-0.610723
-0.593771
-0.576058
-0.557771
-0.539103
-0.520262
-0.501465
-0.482935
-0.464897
-0.447576
-0.431205
-0.416013
-0.402229
-0.390054
-0.379666
-0.371244
-0.364945
-0.36102
-0.359739
-0.361598
-0.367404
-0.378074
-0.395309
-0.418167
-0.443592
-0.461127
-0.447215
-0.41069
-0.374687
-0.353469
-0.344522
-0.343471
-0.347036
-0.352442
-0.358042
-0.36286
-0.366336
-0.368079
-0.367701
-0.364657
-0.359857
-0.355196
-0.349501
-0.34051
-0.325927
-0.297757
-0.297225
-0.301855
-0.327097
-0.342225
-0.354558
-0.364838
-0.374186
-0.383463
-0.393317
-0.404215
-0.416708
-0.431299
-0.448351
-0.468156
-0.490986
-0.517074
-0.546623
-0.579767
-0.61652
-0.656708
-0.700017
-0.746087
-0.794636
-0.845469
-0.898492
-0.953666
-1.01099
-1.07019
-1.13209
-0.460155
-0.446985
-0.461836
-0.481057
-0.510243
-0.56017
-0.601476
-0.625744
-0.649179
-0.670006
-0.687335
-0.698758
-0.704983
-0.70677
-0.704879
-0.699855
-0.692412
-0.682928
-0.671792
-0.659216
-0.645317
-0.630223
-0.614073
-0.597026
-0.579248
-0.560919
-0.542229
-0.523381
-0.50459
-0.486073
-0.468054
-0.450754
-0.434399
-0.41921
-0.405408
-0.393193
-0.382738
-0.374223
-0.367796
-0.363693
-0.362154
-0.363595
-0.368685
-0.378083
-0.393199
-0.413203
-0.435105
-0.450442
-0.436229
-0.401357
-0.36728
-0.347246
-0.339084
-0.338641
-0.342647
-0.348421
-0.354347
-0.359465
-0.363191
-0.365124
-0.364927
-0.362024
-0.357356
-0.35303
-0.347522
-0.338744
-0.322744
-0.291169
-0.298258
-0.299648
-0.325461
-0.341673
-0.354693
-0.365554
-0.375325
-0.38491
-0.394974
-0.406035
-0.41866
-0.433392
-0.45067
-0.47081
-0.494103
-0.520785
-0.551058
-0.585011
-0.622575
-0.663496
-0.707411
-0.753928
-0.802751
-0.853695
-0.906707
-0.961768
-1.01894
-1.07793
-1.13959
-0.459706
-0.443169
-0.458489
-0.47838
-0.508426
-0.56135
-0.605347
-0.630131
-0.653905
-0.675111
-0.692769
-0.704353
-0.710614
-0.712348
-0.710313
-0.705087
-0.6974
-0.687647
-0.676236
-0.663401
-0.649271
-0.633984
-0.617682
-0.60052
-0.58266
-0.564276
-0.545553
-0.526689
-0.507892
-0.489379
-0.471368
-0.454077
-0.437724
-0.422523
-0.408686
-0.39641
-0.385866
-0.377231
-0.370646
-0.366332
-0.364498
-0.365482
-0.369825
-0.377936
-0.390892
-0.407869
-0.425922
-0.438251
-0.424067
-0.390886
-0.359302
-0.340711
-0.333536
-0.333738
-0.338197
-0.344345
-0.350581
-0.355987
-0.359959
-0.362082
-0.362085
-0.359334
-0.354857
-0.350922
-0.345585
-0.337221
-0.319222
-0.286637
-0.297142
-0.299947
-0.324674
-0.341522
-0.354992
-0.366312
-0.376471
-0.386369
-0.396688
-0.407978
-0.420814
-0.435738
-0.453222
-0.473653
-0.497347
-0.524537
-0.555411
-0.59002
-0.628262
-0.669835
-0.714313
-0.761253
-0.810354
-0.861435
-0.914469
-0.969447
-1.0265
-1.08534
-1.14678
-0.459249
-0.439204
-0.454699
-0.475148
-0.505874
-0.561717
-0.608853
-0.634589
-0.658814
-0.680527
-0.698601
-0.710431
-0.716788
-0.718495
-0.716317
-0.710871
-0.702908
-0.692846
-0.681116
-0.667982
-0.653585
-0.638074
-0.621594
-0.604296
-0.586336
-0.567882
-0.549113
-0.53022
-0.511408
-0.492887
-0.474872
-0.457577
-0.441212
-0.425981
-0.412091
-0.399733
-0.389077
-0.380295
-0.373523
-0.368965
-0.3668
-0.367296
-0.370869
-0.377703
-0.388536
-0.402457
-0.416568
-0.425442
-0.411197
-0.37988
-0.351126
-0.33403
-0.327952
-0.328839
-0.333754
-0.340266
-0.346794
-0.352467
-0.356673
-0.35898
-0.359209
-0.356621
-0.35239
-0.348892
-0.343711
-0.335947
-0.315921
-0.284751
-0.29435
-0.301378
-0.324601
-0.34172
-0.355473
-0.367145
-0.377658
-0.387876
-0.398482
-0.410046
-0.423147
-0.438324
-0.456054
-0.47673
-0.500717
-0.528301
-0.559653
-0.594815
-0.63364
-0.675766
-0.720741
-0.768086
-0.817469
-0.868686
-0.921754
-0.976677
-1.03365
-1.09237
-1.15364
-0.458745
-0.435079
-0.450479
-0.471347
-0.502449
-0.56118
-0.61201
-0.63917
-0.664024
-0.686384
-0.704965
-0.717123
-0.723626
-0.725323
-0.722988
-0.71729
-0.709007
-0.698589
-0.68649
-0.673013
-0.658308
-0.642538
-0.625851
-0.608392
-0.590313
-0.571773
-0.552944
-0.534011
-0.515171
-0.49663
-0.478599
-0.461285
-0.444891
-0.429614
-0.41565
-0.403188
-0.392395
-0.38344
-0.37645
-0.371617
-0.369086
-0.369062
-0.37185
-0.377435
-0.386232
-0.397199
-0.407482
-0.412742
-0.398246
-0.368825
-0.342984
-0.327437
-0.322466
-0.324033
-0.329389
-0.336237
-0.343033
-0.348943
-0.353368
-0.355848
-0.356328
-0.35392
-0.349975
-0.346973
-0.341842
-0.334923
-0.313147
-0.285874
-0.291386
-0.303186
-0.3251
-0.342219
-0.35613
-0.36807
-0.378907
-0.389448
-0.400368
-0.412243
-0.425648
-0.441118
-0.45913
-0.480075
-0.504319
-0.532163
-0.563842
-0.599417
-0.638698
-0.681311
-0.726746
-0.774449
-0.824078
-0.875435
-0.928566
-0.983452
-1.04036
-1.099
-1.16014
-0.458151
-0.430751
-0.445819
-0.466897
-0.497937
-0.559646
-0.614841
-0.64394
-0.669653
-0.692808
-0.711992
-0.724553
-0.73124
-0.732928
-0.730413
-0.724422
-0.715768
-0.704939
-0.692415
-0.678542
-0.663486
-0.647419
-0.630493
-0.612848
-0.594628
-0.575985
-0.55708
-0.538093
-0.519212
-0.500639
-0.482578
-0.46523
-0.448791
-0.433448
-0.41939
-0.406802
-0.395846
-0.386689
-0.379451
-0.374307
-0.371377
-0.370804
-0.372795
-0.377167
-0.38405
-0.392255
-0.398976
-0.400737
-0.38585
-0.358158
-0.335086
-0.321219
-0.317277
-0.319429
-0.32517
-0.332317
-0.339343
-0.345455
-0.350079
-0.35272
-0.35347
-0.351261
-0.34763
-0.345164
-0.339864
-0.334137
-0.311077
-0.290376
-0.290184
-0.305451
-0.326127
-0.342994
-0.356951
-0.369091
-0.380226
-0.391095
-0.40235
-0.414565
-0.428306
-0.444099
-0.462411
-0.483631
-0.508125
-0.536203
-0.568112
-0.603934
-0.64354
-0.686523
-0.732308
-0.78033
-0.830218
-0.881709
-0.934887
-0.989748
-1.04663
-1.10523
-1.16628
-0.457421
-0.426161
-0.440651
-0.461568
-0.492097
-0.557021
-0.617371
-0.648985
-0.675811
-0.699916
-0.719795
-0.732827
-0.739727
-0.7414
-0.738672
-0.732339
-0.723255
-0.711952
-0.698941
-0.684617
-0.669162
-0.652757
-0.635558
-0.6177
-0.599316
-0.58055
-0.561555
-0.542498
-0.523564
-0.504945
-0.486838
-0.46944
-0.452938
-0.43751
-0.423336
-0.410597
-0.399452
-0.390064
-0.382546
-0.377058
-0.373693
-0.372543
-0.373727
-0.376925
-0.38203
-0.387718
-0.391245
-0.389828
-0.374471
-0.348474
-0.327771
-0.315474
-0.312404
-0.315093
-0.321159
-0.32856
-0.335778
-0.342048
-0.346844
-0.349631
-0.350666
-0.348675
-0.345368
-0.343443
-0.337634
-0.333586
-0.309881
-0.29738
-0.291509
-0.308117
-0.327574
-0.344005
-0.357912
-0.370202
-0.381614
-0.392818
-0.404426
-0.417003
-0.431105
-0.447245
-0.465871
-0.487362
-0.512084
-0.540358
-0.57245
-0.608458
-0.648268
-0.691474
-0.737528
-0.785796
-0.835858
-0.887456
-0.940732
-0.995608
-1.05248
-1.11104
-1.17202
-0.456501
-0.421231
-0.434795
-0.454935
-0.484724
-0.553216
-0.619619
-0.654402
-0.682599
-0.70781
-0.728472
-0.742042
-0.749176
-0.750818
-0.747838
-0.741109
-0.731528
-0.719683
-0.706119
-0.691284
-0.675377
-0.65859
-0.641082
-0.622981
-0.60441
-0.585502
-0.566399
-0.547259
-0.528257
-0.509577
-0.49141
-0.473945
-0.45736
-0.441826
-0.427514
-0.414598
-0.403237
-0.393587
-0.385756
-0.379888
-0.376053
-0.374296
-0.374663
-0.376724
-0.380189
-0.383627
-0.384382
-0.380218
-0.36438
-0.340116
-0.321238
-0.310253
-0.307903
-0.311098
-0.317439
-0.325023
-0.332386
-0.33877
-0.343703
-0.346617
-0.347948
-0.346199
-0.343217
-0.3418
-0.335035
-0.333163
-0.309427
-0.304879
-0.295189
-0.31116
-0.329315
-0.345192
-0.35898
-0.371387
-0.383065
-0.394608
-0.406587
-0.419546
-0.434028
-0.450528
-0.469477
-0.491237
-0.516166
-0.544596
-0.576813
-0.612941
-0.652886
-0.696247
-0.742471
-0.790884
-0.841092
-0.892795
-0.946123
-1.00097
-1.05786
-1.11645
-1.17741
-0.45532
-0.415849
-0.427859
-0.446463
-0.475691
-0.548164
-0.62162
-0.660283
-0.69011
-0.716573
-0.738108
-0.75228
-0.759663
-0.761252
-0.757976
-0.750789
-0.740641
-0.72818
-0.713993
-0.698582
-0.68217
-0.664955
-0.647101
-0.628725
-0.609943
-0.590872
-0.571645
-0.552407
-0.533322
-0.514567
-0.496325
-0.478775
-0.462089
-0.446426
-0.431952
-0.418834
-0.407226
-0.397283
-0.389102
-0.382817
-0.378475
-0.37608
-0.375616
-0.376574
-0.378526
-0.379979
-0.378389
-0.371964
-0.355688
-0.332992
-0.315433
-0.305657
-0.303967
-0.307522
-0.314071
-0.32176
-0.329203
-0.33566
-0.340692
-0.343717
-0.345348
-0.343859
-0.341217
-0.340205
-0.332188
-0.332689
-0.310139
-0.311653
-0.300168
-0.314416
-0.331219
-0.346487
-0.360117
-0.372627
-0.384565
-0.396455
-0.40882
-0.422177
-0.437054
-0.453926
-0.473201
-0.495223
-0.520342
-0.548891
-0.58118
-0.617353
-0.657354
-0.700797
-0.747138
-0.795666
-0.845977
-0.897718
-0.951086
-1.00596
-1.06289
-1.12144
-1.18235
-0.453817
-0.409876
-0.419223
-0.435717
-0.464935
-0.541842
-0.623429
-0.666706
-0.698415
-0.726268
-0.748769
-0.763602
-0.771244
-0.772757
-0.769137
-0.761429
-0.750639
-0.737486
-0.722603
-0.706548
-0.689574
-0.671885
-0.653646
-0.634965
-0.615946
-0.596693
-0.577324
-0.557973
-0.538792
-0.519947
-0.501613
-0.483961
-0.467153
-0.45134
-0.436679
-0.42333
-0.411446
-0.401174
-0.392608
-0.385866
-0.380976
-0.37791
-0.376598
-0.376476
-0.377025
-0.376736
-0.373205
-0.365007
-0.348407
-0.327041
-0.310395
-0.301651
-0.300554
-0.304351
-0.311037
-0.318781
-0.326246
-0.332741
-0.337841
-0.340974
-0.3429
-0.34167
-0.339442
-0.33851
-0.329715
-0.33216
-0.312382
-0.317937
-0.305704
-0.317693
-0.333151
-0.347812
-0.361281
-0.373894
-0.386098
-0.398344
-0.411107
-0.424879
-0.440162
-0.457411
-0.477012
-0.499289
-0.524579
-0.553219
-0.585532
-0.621685
-0.661663
-0.705106
-0.751502
-0.800109
-0.850511
-0.90229
-0.955687
-1.01053
-1.06745
-1.126
-1.18697
-0.451985
-0.403158
-0.408211
-0.42249
-0.452445
-0.53427
-0.625105
-0.673723
-0.707542
-0.736909
-0.760462
-0.776013
-0.783919
-0.785329
-0.781316
-0.773021
-0.761513
-0.747592
-0.73194
-0.715175
-0.697583
-0.679372
-0.660709
-0.641693
-0.622412
-0.602957
-0.583431
-0.563952
-0.544661
-0.525714
-0.507273
-0.4895
-0.47255
-0.456565
-0.441691
-0.428084
-0.415892
-0.405258
-0.396269
-0.389031
-0.383555
-0.379783
-0.377606
-0.376426
-0.375671
-0.373859
-0.36876
-0.359237
-0.342493
-0.32229
-0.306284
-0.29832
-0.297638
-0.301629
-0.308347
-0.316087
-0.323533
-0.330039
-0.335177
-0.338438
-0.340628
-0.33967
-0.337921
-0.33645
-0.328251
-0.331703
-0.316017
-0.323511
-0.311005
-0.320733
-0.33497
-0.349092
-0.36243
-0.375164
-0.387645
-0.400256
-0.413432
-0.42763
-0.443329
-0.46096
-0.480887
-0.50341
-0.528856
-0.557557
-0.58985
-0.625919
-0.665794
-0.709156
-0.755539
-0.804179
-0.854659
-0.906477
-0.959902
-1.01469
-1.07157
-1.13005
-1.19101
-0.449161
-0.395263
-0.393968
-0.406425
-0.438036
-0.525438
-0.62682
-0.681547
-0.717659
-0.748644
-0.773336
-0.789659
-0.79783
-0.799103
-0.794643
-0.785689
-0.773381
-0.758605
-0.742105
-0.724556
-0.706284
-0.6875
-0.668373
-0.648988
-0.629421
-0.609744
-0.590043
-0.570423
-0.551009
-0.531945
-0.513382
-0.495472
-0.478359
-0.462177
-0.447064
-0.433168
-0.420634
-0.4096
-0.400146
-0.392367
-0.386258
-0.381737
-0.378664
-0.376425
-0.374429
-0.371259
-0.364896
-0.354431
-0.337769
-0.318608
-0.303175
-0.295802
-0.295338
-0.299415
-0.306048
-0.313709
-0.321093
-0.327581
-0.332724
-0.336132
-0.338545
-0.337951
-0.336514
-0.334196
-0.327675
-0.331335
-0.320532
-0.32777
-0.315403
-0.323312
-0.336562
-0.350256
-0.363522
-0.376411
-0.389185
-0.402174
-0.415773
-0.430408
-0.446531
-0.464547
-0.484797
-0.507561
-0.533151
-0.561891
-0.594125
-0.630053
-0.66975
-0.712949
-0.759249
-0.807876
-0.858408
-0.910259
-0.96371
-1.01845
-1.07526
-1.13362
-1.19451
-1.12208
-1.18655
-1.26005
-1.34381
-1.43825
-1.54625
-1.66653
-1.7989
-1.93178
-2.06444
-2.12158
-2.0204
-1.74309
-1.35128
-0.87047
-0.501611
-0.172196
0.0529072
0.109116
0.0522762
-0.0660188
-0.177556
-0.352743
-0.397965
-0.499975
-0.459387
-0.484413
-0.322209
-0.132487
-0.0936961
-0.291594
-0.196345
-0.0303041
-1.12208
-1.18655
-1.26005
-1.34381
-1.43825
-1.54624
-1.66652
-1.7989
-1.93177
-2.06443
-2.12158
-2.0204
-1.74309
-1.35128
-0.870478
-0.501617
-0.1722
0.0529012
0.109114
0.0522778
-0.066016
-0.177553
-0.35274
-0.397962
-0.499974
-0.459387
-0.484415
-0.322214
-0.132491
-0.0936948
-0.291592
-0.196349
-0.0303084
-1.12207
-1.18654
-1.26004
-1.3438
-1.43824
-1.54623
-1.66652
-1.79889
-1.93176
-2.06442
-2.12157
-2.0204
-1.7431
-1.35129
-0.870482
-0.50162
-0.172205
0.0528974
0.109112
0.0522777
-0.0660152
-0.177551
-0.352739
-0.397961
-0.499974
-0.459387
-0.484415
-0.322215
-0.132493
-0.0936975
-0.29159
-0.196346
-0.0303102
-1.12206
-1.18653
-1.26003
-1.34379
-1.43823
-1.54622
-1.6665
-1.79887
-1.93174
-2.0644
-2.12156
-2.0204
-1.7431
-1.35129
-0.870485
-0.501623
-0.172207
0.0528927
0.109109
0.052277
-0.0660146
-0.17755
-0.352737
-0.39796
-0.499973
-0.459387
-0.484416
-0.322215
-0.132492
-0.093703
-0.291588
-0.19634
-0.0303131
-1.12205
-1.18651
-1.26001
-1.34378
-1.43821
-1.5462
-1.66648
-1.79885
-1.93172
-2.06438
-2.12156
-2.0204
-1.7431
-1.3513
-0.870492
-0.501629
-0.172211
0.0528863
0.109105
0.0522759
-0.0660136
-0.177547
-0.352734
-0.397958
-0.499972
-0.459388
-0.484418
-0.322214
-0.132491
-0.0937105
-0.291585
-0.196334
-0.0303176
-1.12204
-1.1865
-1.26
-1.34376
-1.4382
-1.54619
-1.66646
-1.79883
-1.93169
-2.06436
-2.12155
-2.02041
-1.74312
-1.35132
-0.870511
-0.501645
-0.172218
0.0528792
0.1091
0.0522747
-0.0660121
-0.177544
-0.35273
-0.397956
-0.499971
-0.459389
-0.484421
-0.322214
-0.132489
-0.0937197
-0.291582
-0.196326
-0.0303235
-1.12203
-1.18648
-1.25998
-1.34374
-1.43818
-1.54617
-1.66644
-1.79881
-1.93167
-2.06435
-2.12156
-2.02044
-1.74316
-1.35136
-0.870551
-0.501676
-0.172234
0.052872
0.109095
0.0522737
-0.0660097
-0.177539
-0.352726
-0.397953
-0.49997
-0.45939
-0.484424
-0.322214
-0.132485
-0.0937306
-0.291579
-0.196317
-0.0303305
-1.12201
-1.18647
-1.25997
-1.34373
-1.43816
-1.54614
-1.66642
-1.79878
-1.93165
-2.06434
-2.12158
-2.02049
-1.74322
-1.35143
-0.870609
-0.501721
-0.172258
0.0528639
0.10909
0.0522731
-0.0660061
-0.177533
-0.352721
-0.397951
-0.49997
-0.459392
-0.484429
-0.322214
-0.132479
-0.0937431
-0.291576
-0.196306
-0.0303383
-1.122
-1.18645
-1.25995
-1.34371
-1.43814
-1.54612
-1.6664
-1.79876
-1.93163
-2.06434
-2.12163
-2.02057
-1.74331
-1.35152
-0.870672
-0.501769
-0.172289
0.0528533
0.109085
0.052273
-0.0660011
-0.177525
-0.352716
-0.397948
-0.499969
-0.459394
-0.484434
-0.322213
-0.132472
-0.0937574
-0.291573
-0.196293
-0.0303468
-1.12198
-1.18644
-1.25994
-1.34369
-1.43812
-1.5461
-1.66637
-1.79874
-1.93162
-2.06437
-2.12171
-2.02067
-1.74342
-1.35161
-0.870737
-0.501819
-0.172323
0.052839
0.10908
0.0522736
-0.0659947
-0.177516
-0.352711
-0.397946
-0.499969
-0.459397
-0.48444
-0.322213
-0.132464
-0.0937731
-0.291569
-0.19628
-0.0303558
-1.12196
-1.18643
-1.25993
-1.34368
-1.43811
-1.54609
-1.66636
-1.79873
-1.93162
-2.06442
-2.12182
-2.02081
-1.74354
-1.35172
-0.870807
-0.501874
-0.172359
0.05282
0.109076
0.0522748
-0.0659869
-0.177506
-0.352705
-0.397943
-0.499969
-0.459401
-0.484448
-0.322213
-0.132454
-0.0937901
-0.291566
-0.196267
-0.0303649
-1.12194
-1.18642
-1.25992
-1.34367
-1.43809
-1.54607
-1.66635
-1.79872
-1.93164
-2.0645
-2.12196
-2.02097
-1.74368
-1.35184
-0.870887
-0.501937
-0.172397
0.0527974
0.109071
0.0522763
-0.065978
-0.177495
-0.352698
-0.39794
-0.499969
-0.459405
-0.484456
-0.322213
-0.132443
-0.0938079
-0.291563
-0.196253
-0.030374
-1.12192
-1.18641
-1.25992
-1.34366
-1.43809
-1.54607
-1.66635
-1.79873
-1.93168
-2.06461
-2.12215
-2.02117
-1.74385
-1.35197
-0.870975
-0.502008
-0.172441
0.0527732
0.109068
0.0522778
-0.065968
-0.177482
-0.352691
-0.397937
-0.49997
-0.459411
-0.484466
-0.322213
-0.13243
-0.093826
-0.29156
-0.19624
-0.0303831
-1.12191
-1.18642
-1.25992
-1.34367
-1.43809
-1.54607
-1.66636
-1.79876
-1.93173
-2.06475
-2.12238
-2.0214
-1.74405
-1.35212
-0.87107
-0.502086
-0.17249
0.0527485
0.109065
0.0522786
-0.0659576
-0.177467
-0.352682
-0.397933
-0.49997
-0.459417
-0.484478
-0.322215
-0.132416
-0.0938439
-0.291558
-0.196228
-0.0303918
-1.1219
-1.18644
-1.25994
-1.34369
-1.4381
-1.54609
-1.6664
-1.79881
-1.93182
-2.06494
-2.12266
-2.02169
-1.74427
-1.35228
-0.871166
-0.502166
-0.172543
0.0527235
0.109062
0.0522781
-0.0659472
-0.177451
-0.352671
-0.397929
-0.49997
-0.459424
-0.484492
-0.322217
-0.1324
-0.0938611
-0.291558
-0.196218
-0.0304001
-1.12191
-1.18648
-1.25998
-1.34373
-1.43814
-1.54614
-1.66646
-1.79889
-1.93195
-2.06519
-2.12302
-2.02203
-1.74451
-1.35245
-0.871258
-0.502244
-0.172592
0.052701
0.10906
0.052276
-0.0659377
-0.177432
-0.352659
-0.397924
-0.499969
-0.459433
-0.484509
-0.322221
-0.132383
-0.0938772
-0.291559
-0.196209
-0.0304079
-1.12194
-1.18656
-1.26005
-1.3438
-1.43821
-1.54622
-1.66656
-1.79901
-1.93212
-2.06551
-2.12347
-2.02244
-1.74479
-1.35262
-0.871343
-0.50231
-0.17263
0.0526872
0.109059
0.0522722
-0.0659304
-0.177411
-0.352643
-0.397919
-0.499967
-0.459443
-0.484528
-0.322226
-0.132364
-0.0938919
-0.291564
-0.196204
-0.030415
-1.12201
-1.18668
-1.26017
-1.34392
-1.43832
-1.54634
-1.66672
-1.79918
-1.93237
-2.06594
-2.12404
-2.02294
-1.74509
-1.3528
-0.87141
-0.502344
-0.172642
0.0526792
0.109058
0.0522684
-0.0659267
-0.177388
-0.352622
-0.397915
-0.499964
-0.459454
-0.48455
-0.322234
-0.132343
-0.093905
-0.291572
-0.196201
-0.0304212
-1.12214
-1.18687
-1.26034
-1.3441
-1.4385
-1.54653
-1.66694
-1.79943
-1.93272
-2.06652
-2.12477
-2.02354
-1.74542
-1.35293
-0.871411
-0.502314
-0.172637
0.0526373
0.109049
0.0522659
-0.0659278
-0.177365
-0.352595
-0.39791
-0.499958
-0.459466
-0.484576
-0.322244
-0.13232
-0.0939163
-0.291585
-0.196203
-0.0304265
-1.12234
-1.18714
-1.26059
-1.34437
-1.43875
-1.54681
-1.66727
-1.7998
-1.9332
-2.0673
-2.12571
-2.02428
-1.74575
-1.35301
-0.871407
-0.502297
-0.172724
0.0524845
0.108984
0.0522599
-0.0659343
-0.177344
-0.352564
-0.397901
-0.499951
-0.45948
-0.484605
-0.322257
-0.132295
-0.0939256
-0.291603
-0.19621
-0.0304307
-1.12266
-1.18754
-1.26096
-1.34475
-1.43913
-1.54721
-1.66774
-1.80032
-1.93388
-2.06837
-2.12692
-2.02517
-1.74623
-1.35332
-0.871623
-0.50245
-0.173009
0.0521714
0.1088
0.0522276
-0.0659463
-0.177327
-0.352528
-0.397881
-0.499946
-0.459494
-0.484639
-0.322273
-0.132268
-0.0939324
-0.291628
-0.196223
-0.0304338
-1.12313
-1.18811
-1.26147
-1.34529
-1.43967
-1.54778
-1.66844
-1.8011
-1.93481
-2.06974
-2.12849
-2.02646
-1.74709
-1.35395
-0.872049
-0.502812
-0.17349
0.0517021
0.108478
0.0521293
-0.0659677
-0.177318
-0.352489
-0.397847
-0.499947
-0.459507
-0.484678
-0.322293
-0.132237
-0.0939362
-0.291662
-0.196242
-0.030436
-1.12382
-1.18894
-1.26223
-1.34609
-1.44048
-1.54863
-1.66938
-1.80213
-1.93605
-2.07158
-2.13058
-2.02818
-1.74829
-1.35483
-0.872676
-0.503365
-0.17412
0.0510927
0.108038
0.0519309
-0.066013
-0.17732
-0.352449
-0.397795
-0.499956
-0.459518
-0.48472
-0.322317
-0.132202
-0.0939361
-0.291706
-0.196268
-0.0304375
-1.12487
-1.19014
-1.26331
-1.34718
-1.44158
-1.54978
-1.67065
-1.80352
-1.93762
-2.07382
-2.13318
-2.0304
-1.74988
-1.35598
-0.873508
-0.504119
-0.174934
0.0503144
0.107468
0.051605
-0.066111
-0.177343
-0.352414
-0.397727
-0.499964
-0.459526
-0.484767
-0.322345
-0.132162
-0.093931
-0.291762
-0.196302
-0.0304387
-1.12637
-1.19176
-1.26476
-1.34866
-1.44304
-1.55127
-1.6722
-1.80512
-1.93942
-2.07657
-2.13648
-2.03322
-1.75189
-1.35746
-0.874611
-0.50514
-0.176022
0.0493176
0.106726
0.0511266
-0.0663005
-0.177404
-0.352393
-0.39765
-0.499955
-0.459532
-0.484819
-0.322378
-0.132116
-0.0939198
-0.291831
-0.196343
-0.0304402
-1.1284
-1.19375
-1.26652
-1.35037
-1.4447
-1.55291
-1.67391
-1.80698
-1.94165
-2.08003
-2.14065
-2.03685
-1.75446
-1.35935
-0.876047
-0.506516
-0.177471
0.0480489
0.105765
0.0504756
-0.0666238
-0.17753
-0.3524
-0.397572
-0.499913
-0.459543
-0.484875
-0.322416
-0.132063
-0.0939008
-0.291917
-0.196394
-0.0304427
-1.13084
-1.19608
-1.26855
-1.35233
-1.44661
-1.55481
-1.67595
-1.80925
-1.94441
-2.08436
-2.14592
-2.04145
-1.7577
-1.36176
-0.877918
-0.508332
-0.179403
0.0464414
0.104533
0.0496218
-0.0671301
-0.177753
-0.352469
-0.397503
-0.499832
-0.45957
-0.484933
-0.32246
-0.132001
-0.0938722
-0.29202
-0.196456
-0.0304477
-1.13383
-1.19887
-1.27098
-1.35467
-1.44887
-1.55707
-1.67838
-1.81204
-1.94784
-2.08979
-2.15255
-2.04728
-1.7618
-1.36484
-0.880327
-0.510607
-0.181958
0.0444091
0.102975
0.0485222
-0.0678705
-0.17812
-0.352656
-0.397449
-0.49972
-0.45961
-0.48499
-0.32251
-0.131929
-0.0938318
-0.292144
-0.196533
-0.0304565
-1.13742
-1.20219
-1.2739
-1.35746
-1.45155
-1.55976
-1.68129
-1.81546
-1.95209
-2.09654
-2.16085
-2.05461
-1.76693
-1.36864
-0.883254
-0.513297
-0.185281
0.0418449
0.101025
0.0471261
-0.0688812
-0.178707
-0.353022
-0.397438
-0.499586
-0.459644
-0.485044
-0.322569
-0.131845
-0.0937765
-0.292289
-0.196631
-0.030471
-1.14167
-1.20612
-1.27737
-1.36077
-1.45474
-1.56296
-1.68478
-1.81965
-1.95733
-2.10493
-2.17122
-2.06381
-1.77334
-1.37341
-0.886798
-0.516408
-0.189473
0.0386284
0.0986087
0.0453693
-0.070195
-0.179598
-0.353602
-0.397529
-0.499447
-0.459637
-0.485093
-0.322638
-0.131746
-0.0937021
-0.292458
-0.196759
-0.0304931
-1.14667
-1.21073
-1.2815
-1.3647
-1.45851
-1.56678
-1.68896
-1.82476
-1.96378
-2.11529
-2.18413
-2.07531
-1.78134
-1.37942
-0.891287
-0.520095
-0.194522
0.0346507
0.0956496
0.0431708
-0.071856
-0.180878
-0.354431
-0.397843
-0.499349
-0.459562
-0.485149
-0.322719
-0.13163
-0.093603
-0.292651
-0.196929
-0.0305247
-1.15249
-1.2161
-1.28636
-1.36932
-1.46295
-1.57129
-1.69394
-1.83099
-1.97166
-2.12804
-2.20017
-2.08966
-1.79133
-1.38688
-0.896973
-0.524644
-0.200153
0.0298255
0.0920784
0.0404311
-0.0739049
-0.182617
-0.355615
-0.398535
-0.499349
-0.459423
-0.485218
-0.322805
-0.131493
-0.0934732
-0.292872
-0.197152
-0.0305662
-1.1592
-1.2223
-1.29205
-1.37471
-1.46815
-1.57662
-1.69985
-1.83855
-1.98123
-2.14365
-2.22002
-2.10749
-1.8037
-1.39616
-0.904224
-0.530498
-0.205973
0.0241474
0.0878507
0.0370398
-0.0763944
-0.184868
-0.357351
-0.399696
-0.499478
-0.459274
-0.485281
-0.322886
-0.131332
-0.0933024
-0.293117
-0.19744
-0.0306258
-1.16682
-1.22937
-1.29861
-1.38094
-1.47421
-1.58286
-1.70683
-1.84765
-1.99276
-2.16263
-2.24449
-2.12953
-1.819
-1.40761
-0.913157
-0.53808
-0.212249
0.0176632
0.0829604
0.0329232
-0.079374
-0.187687
-0.359829
-0.401395
-0.499884
-0.459169
-0.485308
-0.322984
-0.131166
-0.0930526
-0.293368
-0.197847
-0.0307572
-1.17468
-1.23669
-1.30547
-1.38746
-1.48057
-1.58949
-1.7143
-1.85764
-2.00544
-2.18373
-2.27201
-2.15442
-1.83621
-1.42085
-0.92345
-0.547269
-0.219384
0.0108377
0.0778341
0.0284091
-0.0826839
-0.190875
-0.362955
-0.403587
-0.500831
-0.459192
-0.485267
-0.322971
-0.130861
-0.0927911
-0.293699
-0.198201
-0.0307669
-1.18228
-1.24376
-1.31214
-1.39378
-1.48679
-1.59604
-1.72172
-1.86784
-2.01846
-2.20555
-2.30079
-2.18065
-1.85418
-1.43501
-0.935047
-0.557567
-0.227727
0.00350825
0.0725032
0.0236814
-0.0861995
-0.194172
-0.366487
-0.406115
-0.502304
-0.459407
-0.485232
-0.323023
-0.13052
-0.0924156
-0.294024
-0.198699
-0.0308934
-1.18974
-1.25071
-1.31873
-1.40005
-1.493
-1.60264
-1.72924
-1.87841
-2.03202
-2.22849
-2.33147
-2.20881
-1.8733
-1.45012
-0.947534
-0.56864
-0.237337
-0.00466381
0.0666503
0.0184501
-0.090135
-0.197739
-0.370515
-0.409066
-0.504315
-0.459828
-0.485177
-0.323054
-0.130072
-0.0919775
-0.294373
-0.199209
-0.0310289
-1.19701
-1.25747
-1.32519
-1.40619
-1.49912
-1.60925
-1.73676
-1.88924
-2.04605
-2.2523
-2.36382
-2.23876
-1.89333
-1.46619
-0.96072
-0.580326
-0.247844
-0.0135431
0.0603441
0.0126869
-0.0945171
-0.201615
-0.374994
-0.412587
-0.506912
-0.460451
-0.485122
-0.323053
-0.129514
-0.0914687
-0.294736
-0.199728
-0.0311848
-1.20402
-1.26401
-1.33145
-1.41218
-1.50513
-1.61581
-1.74421
-1.90019
-2.0604
-2.27676
-2.3976
-2.27043
-1.91411
-1.48313
-0.974899
-0.592922
-0.259155
-0.0230784
0.053591
0.00638105
-0.099374
-0.205842
-0.379919
-0.416846
-0.510097
-0.461248
-0.485068
-0.322982
-0.128853
-0.0908894
-0.295108
-0.200257
-0.0313464
-1.21075
-1.27027
-1.33749
-1.41798
-1.51097
-1.6223
-1.75152
-1.91114
-2.075
-2.30156
-2.43248
-2.30372
-1.93553
-1.50095
-0.990011
-0.606522
-0.271304
-0.033218
0.0463831
-0.000479351
-0.10475
-0.210449
-0.385304
-0.421887
-0.513886
-0.462345
-0.484984
-0.322791
-0.1281
-0.090243
-0.295486
-0.20085
-0.0314976
-1.21716
-1.27626
-1.34329
-1.42357
-1.51661
-1.62865
-1.7586
-1.92189
-2.0897
-2.32629
-2.46805
-2.33851
-1.95737
-1.51947
-1.00605
-0.620964
-0.284218
-0.0439828
0.0387294
-0.00790763
-0.110689
-0.215481
-0.391158
-0.42771
-0.518333
-0.463913
-0.484798
-0.322422
-0.127265
-0.0895291
-0.295863
-0.201601
-0.0316636
-1.22324
-1.28194
-1.34881
-1.42893
-1.52202
-1.63482
-1.76537
-1.93227
-2.10445
-2.3506
-2.50377
-2.37466
-1.97941
-1.53843
-1.02287
-0.636167
-0.297776
-0.0555092
0.0306292
-0.015916
-0.117214
-0.221008
-0.397526
-0.434336
-0.523489
-0.465886
-0.484418
-0.321803
-0.126345
-0.0887402
-0.296207
-0.202564
-0.0319391
-1.22897
-1.28733
-1.35407
-1.43406
-1.52716
-1.64076
-1.77176
-1.94209
-2.11909
-2.37379
-2.53878
-2.41186
-2.0014
-1.55769
-1.04035
-0.651993
-0.31185
-0.0680514
0.0220003
-0.0245352
-0.124337
-0.227102
-0.404494
-0.441805
-0.529398
-0.468158
-0.483697
-0.320847
-0.12533
-0.0878647
-0.296472
-0.203717
-0.0324083
-1.23436
-1.29241
-1.35903
-1.43893
-1.532
-1.64641
-1.77769
-1.95108
-2.13346
-2.39509
-2.5718
-2.44935
-2.02296
-1.57693
-1.05833
-0.668296
-0.326294
-0.0818073
0.0125974
-0.0338828
-0.132086
-0.233842
-0.412173
-0.450154
-0.536221
-0.47069
-0.482522
-0.319461
-0.124201
-0.0868958
-0.296607
-0.204982
-0.0330744
-1.23934
-1.29717
-1.36371
-1.44355
-1.53651
-1.65169
-1.7831
-1.95905
-2.14733
-2.41298
-2.60026
-2.4852
-2.0435
-1.59587
-1.07655
-0.684831
-0.340929
-0.0965249
0.00215268
-0.0441453
-0.140515
-0.241308
-0.42067
-0.459433
-0.544221
-0.473402
-0.480894
-0.317516
-0.122937
-0.0858371
-0.296551
-0.206264
-0.0339055
-1.24402
-1.30167
-1.36809
-1.44787
-1.54064
-1.65652
-1.78793
-1.96574
-2.16003
-2.42563
-2.62157
-2.51597
-2.06222
-1.61423
-1.0949
-0.701419
-0.355623
-0.111645
-0.00928668
-0.0553929
-0.149682
-0.249562
-0.430096
-0.469735
-0.553559
-0.476287
-0.478674
-0.314831
-0.121522
-0.0847039
-0.296224
-0.207489
-0.0348984
-1.24809
-1.30571
-1.37211
-1.4519
-1.54442
-1.66082
-1.79208
-1.97085
-2.17082
-2.43162
-2.63242
-2.54028
-2.07808
-1.63182
-1.11329
-0.717947
-0.370243
-0.126927
-0.0215697
-0.0675913
-0.159671
-0.258671
-0.440583
-0.481225
-0.564295
-0.479371
-0.475607
-0.311217
-0.119949
-0.0835331
-0.295498
-0.208583
-0.0360507
-1.25154
-1.30913
-1.37549
-1.45527
-1.54752
-1.66433
-1.79543
-1.97435
-2.17866
-2.43184
-2.63294
-2.55723
-2.09085
-1.6481
-1.1319
-0.734371
-0.384314
-0.14202
-0.0346421
-0.0807173
-0.170557
-0.268674
-0.452264
-0.494127
-0.576506
-0.482618
-0.47154
-0.306454
-0.118166
-0.0823932
-0.294263
-0.209379
-0.037313
-0.444207
-0.38642
-0.376641
-0.387625
-0.421628
-0.515213
-0.62865
-0.690435
-0.729077
-0.761841
-0.78783
-0.805044
-0.813525
-0.814653
-0.809698
-0.800008
-0.786798
-0.771057
-0.753601
-0.735169
-0.716135
-0.696711
-0.677065
-0.657272
-0.637388
-0.617468
-0.597577
-0.577801
-0.558251
-0.539056
-0.520354
-0.502284
-0.484981
-0.468569
-0.453175
-0.438941
-0.426008
-0.414509
-0.40452
-0.396122
-0.389297
-0.383941
-0.379887
-0.376515
-0.373238
-0.36873
-0.361228
-0.350046
-0.333661
-0.315536
-0.300871
-0.293939
-0.293632
-0.297725
-0.304282
-0.311834
-0.319142
-0.325601
-0.330732
-0.334277
-0.33674
-0.336427
-0.335147
-0.33239
-0.328029
-0.330569
-0.324236
-0.328449
-0.317555
-0.325046
-0.337816
-0.351257
-0.364515
-0.377575
-0.390638
-0.403993
-0.417997
-0.433053
-0.449587
-0.467979
-0.488544
-0.511539
-0.537258
-0.566017
-0.598159
-0.633898
-0.673355
-0.716321
-0.762474
-0.811045
-0.861609
-0.913486
-0.966952
-1.02162
-1.07834
-1.13654
-1.19731
-0.440696
-0.378178
-0.35914
-0.368777
-0.405374
-0.504985
-0.630334
-0.699195
-0.740512
-0.7752
-0.802614
-0.820824
-0.8297
-0.830749
-0.825344
-0.814943
-0.800834
-0.784119
-0.76569
-0.746353
-0.726536
-0.706454
-0.686277
-0.666067
-0.645863
-0.625697
-0.605616
-0.585687
-0.566001
-0.546676
-0.527831
-0.509595
-0.49209
-0.475431
-0.459735
-0.445135
-0.431769
-0.419767
-0.409197
-0.400132
-0.392536
-0.38629
-0.3812
-0.376656
-0.372081
-0.366258
-0.357704
-0.345931
-0.329961
-0.312957
-0.299332
-0.292797
-0.292574
-0.296585
-0.303036
-0.310438
-0.317638
-0.324027
-0.329116
-0.332765
-0.335153
-0.335027
-0.333833
-0.330945
-0.328844
-0.329423
-0.326868
-0.325924
-0.317848
-0.326045
-0.338748
-0.352095
-0.365413
-0.378671
-0.392031
-0.405749
-0.420154
-0.435625
-0.452564
-0.471328
-0.492206
-0.51543
-0.541273
-0.570036
-0.602063
-0.637573
-0.676734
-0.719404
-0.76535
-0.813824
-0.864395
-0.916293
-0.969767
-1.02436
-1.08097
-1.13897
-1.19957
-0.437364
-0.371527
-0.343984
-0.352453
-0.39149
-0.496261
-0.631517
-0.706391
-0.750376
-0.787046
-0.815911
-0.835148
-0.844507
-0.8456
-0.839878
-0.828902
-0.814025
-0.796453
-0.777152
-0.756993
-0.736457
-0.715769
-0.695103
-0.674509
-0.654012
-0.633626
-0.613378
-0.593316
-0.573516
-0.554079
-0.535109
-0.516721
-0.499027
-0.482133
-0.466147
-0.451194
-0.437405
-0.424906
-0.413758
-0.404024
-0.395655
-0.388521
-0.382412
-0.376738
-0.370957
-0.363976
-0.354595
-0.342509
-0.32717
-0.311361
-0.298812
-0.292647
-0.292342
-0.296101
-0.302289
-0.309433
-0.31643
-0.322663
-0.327653
-0.331349
-0.333625
-0.333757
-0.332555
-0.329625
-0.329576
-0.32816
-0.328696
-0.32176
-0.31734
-0.326525
-0.339304
-0.352696
-0.366186
-0.379721
-0.393436
-0.407563
-0.422408
-0.438325
-0.455693
-0.474845
-0.496046
-0.519504
-0.545472
-0.574233
-0.606121
-0.641356
-0.680148
-0.722427
-0.768073
-0.816378
-0.866915
-0.918818
-0.972298
-1.02682
-1.08329
-1.14107
-1.20146
-0.433207
-0.365973
-0.330946
-0.338484
-0.379794
-0.488893
-0.632129
-0.712046
-0.758712
-0.797393
-0.827716
-0.847997
-0.857916
-0.859168
-0.853261
-0.841847
-0.826332
-0.808021
-0.787952
-0.767054
-0.745867
-0.724627
-0.703514
-0.682574
-0.661818
-0.64124
-0.620853
-0.600685
-0.580797
-0.561274
-0.542203
-0.523685
-0.50582
-0.488705
-0.472442
-0.457147
-0.442948
-0.42996
-0.418239
-0.407837
-0.398696
-0.390678
-0.383566
-0.376804
-0.369897
-0.361885
-0.351843
-0.339625
-0.325042
-0.310487
-0.299049
-0.293332
-0.292925
-0.296356
-0.302146
-0.308911
-0.315596
-0.321593
-0.32643
-0.3301
-0.3322
-0.332563
-0.331326
-0.328479
-0.330118
-0.326847
-0.329168
-0.316026
-0.31605
-0.326458
-0.339454
-0.353035
-0.36681
-0.380704
-0.394834
-0.409417
-0.42474
-0.441136
-0.458958
-0.478514
-0.50005
-0.523751
-0.549851
-0.578605
-0.610332
-0.645242
-0.683585
-0.725372
-0.770607
-0.818649
-0.869094
-0.920981
-0.974463
-1.0289
-1.08524
-1.14276
-1.20289
-0.428272
-0.361117
-0.319713
-0.326568
-0.369957
-0.482597
-0.63209
-0.716251
-0.765643
-0.80635
-0.838124
-0.859456
-0.87
-0.871513
-0.865543
-0.853815
-0.837785
-0.818846
-0.798105
-0.776546
-0.75477
-0.733029
-0.711513
-0.690264
-0.66928
-0.648543
-0.628045
-0.607798
-0.58785
-0.56827
-0.549124
-0.530499
-0.512484
-0.495166
-0.47864
-0.463014
-0.44841
-0.434938
-0.422647
-0.411579
-0.401668
-0.392775
-0.384683
-0.376879
-0.368927
-0.360007
-0.349446
-0.337228
-0.32345
-0.310147
-0.299809
-0.294589
-0.294134
-0.297223
-0.302548
-0.308845
-0.315136
-0.320832
-0.32546
-0.329019
-0.330927
-0.331477
-0.33025
-0.327557
-0.330157
-0.325543
-0.328153
-0.309371
-0.314228
-0.325882
-0.339183
-0.353094
-0.367263
-0.381596
-0.396201
-0.411287
-0.427128
-0.444034
-0.462335
-0.482315
-0.504201
-0.52816
-0.554402
-0.583152
-0.614704
-0.649249
-0.687068
-0.728251
-0.772947
-0.820613
-0.87088
-0.922707
-0.976172
-1.03053
-1.0867
-1.14393
-1.20375
-0.422539
-0.356639
-0.310134
-0.31662
-0.361877
-0.477238
-0.631276
-0.718965
-0.771146
-0.813865
-0.847064
-0.869436
-0.880657
-0.882523
-0.876605
-0.864687
-0.848265
-0.828812
-0.807499
-0.785361
-0.763061
-0.740875
-0.719003
-0.697484
-0.67631
-0.655446
-0.634871
-0.614579
-0.594602
-0.574994
-0.555804
-0.537101
-0.518964
-0.501465
-0.484696
-0.468756
-0.453762
-0.439813
-0.426955
-0.415228
-0.404558
-0.394809
-0.385771
-0.376986
-0.36808
-0.358375
-0.347422
-0.335307
-0.322345
-0.310259
-0.300964
-0.29624
-0.29577
-0.298528
-0.303369
-0.30916
-0.315016
-0.320361
-0.324736
-0.328119
-0.329855
-0.330532
-0.329389
-0.326973
-0.329431
-0.324209
-0.325967
-0.303569
-0.312413
-0.324895
-0.338495
-0.352863
-0.367529
-0.382374
-0.397513
-0.41315
-0.429547
-0.446993
-0.465796
-0.486218
-0.508471
-0.532704
-0.559105
-0.587863
-0.619238
-0.653393
-0.690623
-0.731089
-0.775094
-0.822229
-0.872198
-0.923898
-0.977317
-1.03159
-1.08759
-1.14448
-1.20393
-0.416025
-0.352216
-0.302053
-0.308515
-0.35543
-0.472663
-0.629559
-0.720127
-0.775173
-0.819874
-0.85445
-0.877834
-0.889769
-0.892064
-0.886306
-0.874317
-0.857627
-0.837775
-0.815993
-0.793366
-0.770614
-0.748044
-0.725866
-0.704123
-0.682798
-0.661846
-0.641231
-0.620928
-0.600955
-0.581354
-0.562157
-0.543414
-0.525186
-0.507535
-0.490546
-0.474317
-0.458954
-0.444546
-0.431139
-0.418762
-0.407349
-0.396774
-0.38684
-0.377144
-0.367386
-0.357023
-0.345798
-0.33387
-0.321709
-0.310759
-0.302458
-0.298189
-0.297714
-0.300157
-0.30452
-0.309795
-0.315194
-0.320151
-0.324245
-0.327408
-0.329013
-0.329769
-0.328732
-0.326807
-0.327959
-0.323
-0.323023
-0.301083
-0.31097
-0.323537
-0.337401
-0.352336
-0.367587
-0.383016
-0.398744
-0.414978
-0.431966
-0.449982
-0.46931
-0.490192
-0.512827
-0.53735
-0.563927
-0.592712
-0.623924
-0.657683
-0.694278
-0.733923
-0.777078
-0.823501
-0.873005
-0.924463
-0.977767
-1.03192
-1.08772
-1.14426
-1.20328
-0.40876
-0.347561
-0.295396
-0.302078
-0.350459
-0.468692
-0.626791
-0.719676
-0.777646
-0.824286
-0.860179
-0.884536
-0.897203
-0.899991
-0.89449
-0.882542
-0.865707
-0.845575
-0.823434
-0.800409
-0.777284
-0.754395
-0.731967
-0.710048
-0.688616
-0.667618
-0.647001
-0.62673
-0.606799
-0.587243
-0.568083
-0.549341
-0.531057
-0.51329
-0.496121
-0.479634
-0.463925
-0.449085
-0.435155
-0.422159
-0.410035
-0.398671
-0.387896
-0.377377
-0.366877
-0.355985
-0.3446
-0.33293
-0.321535
-0.311615
-0.304254
-0.300402
-0.299913
-0.302052
-0.305947
-0.310709
-0.315638
-0.320188
-0.323984
-0.326904
-0.328414
-0.329214
-0.328276
-0.326837
-0.326389
-0.321972
-0.320235
-0.303247
-0.309592
-0.321753
-0.335955
-0.351543
-0.367446
-0.383514
-0.39988
-0.416748
-0.434359
-0.452968
-0.472838
-0.494193
-0.517223
-0.54205
-0.568824
-0.597663
-0.628742
-0.662131
-0.698081
-0.736822
-0.778949
-0.824429
-0.87324
-0.924293
-0.977384
-1.03138
-1.08697
-1.14311
-1.20164
-0.400777
-0.342498
-0.290226
-0.297105
-0.346795
-0.465111
-0.622801
-0.717524
-0.778459
-0.826968
-0.864117
-0.889399
-0.902808
-0.906138
-0.900982
-0.889183
-0.872324
-0.852036
-0.829649
-0.806327
-0.782913
-0.759778
-0.737161
-0.715119
-0.693628
-0.672626
-0.652049
-0.631848
-0.611998
-0.592525
-0.573447
-0.554757
-0.536467
-0.51863
-0.501328
-0.484626
-0.468614
-0.453378
-0.438956
-0.425379
-0.412592
-0.400501
-0.388962
-0.377712
-0.366584
-0.355292
-0.343852
-0.3325
-0.321826
-0.312821
-0.306302
-0.302861
-0.302348
-0.304188
-0.307626
-0.311882
-0.316337
-0.320472
-0.323959
-0.326632
-0.328069
-0.32887
-0.32805
-0.326866
-0.325661
-0.321258
-0.318702
-0.308275
-0.307298
-0.319453
-0.334226
-0.350493
-0.367093
-0.383849
-0.400897
-0.418433
-0.436693
-0.455914
-0.476344
-0.498187
-0.52162
-0.546758
-0.573737
-0.602649
-0.633634
-0.666705
-0.702044
-0.739848
-0.780805
-0.825109
-0.872949
-0.923341
-0.976022
-1.02975
-1.08507
-1.1408
-1.19876
-0.392148
-0.337024
-0.28673
-0.293433
-0.344257
-0.461678
-0.617402
-0.713537
-0.777468
-0.827757
-0.866088
-0.892248
-0.9064
-0.910314
-0.905581
-0.894034
-0.877273
-0.856955
-0.834448
-0.810938
-0.787328
-0.764029
-0.741292
-0.719185
-0.697685
-0.676726
-0.656232
-0.636143
-0.616416
-0.597065
-0.578114
-0.559525
-0.54128
-0.523425
-0.506039
-0.489181
-0.47293
-0.45736
-0.442502
-0.428391
-0.414996
-0.40225
-0.390041
-0.378173
-0.366543
-0.354974
-0.34357
-0.332587
-0.322587
-0.314377
-0.308576
-0.305523
-0.305009
-0.306558
-0.309549
-0.313311
-0.317292
-0.321014
-0.324189
-0.326616
-0.327992
-0.328747
-0.328095
-0.326989
-0.325756
-0.321222
-0.318215
-0.312788
-0.304764
-0.31701
-0.332422
-0.349279
-0.366578
-0.384046
-0.401799
-0.420026
-0.43895
-0.458796
-0.479789
-0.50212
-0.525957
-0.551408
-0.578598
-0.607597
-0.638526
-0.671354
-0.706178
-0.74309
-0.782769
-0.82562
-0.872129
-0.921543
-0.97358
-1.0269
-1.08184
-1.13709
-1.19441
-0.382988
-0.331406
-0.28518
-0.291082
-0.34268
-0.458105
-0.610384
-0.707539
-0.774445
-0.826434
-0.865877
-0.892867
-0.907762
-0.912295
-0.908062
-0.896866
-0.880325
-0.860109
-0.83762
-0.814045
-0.790342
-0.766972
-0.744191
-0.722083
-0.70063
-0.679762
-0.659399
-0.639471
-0.619912
-0.600721
-0.581936
-0.563501
-0.545365
-0.527555
-0.510139
-0.493179
-0.476747
-0.460918
-0.445715
-0.431163
-0.417247
-0.403921
-0.391135
-0.378765
-0.366763
-0.35505
-0.343774
-0.333193
-0.323822
-0.316293
-0.311079
-0.308345
-0.307852
-0.309152
-0.311723
-0.315001
-0.318518
-0.321835
-0.324697
-0.326888
-0.328199
-0.328886
-0.328409
-0.327382
-0.326053
-0.322269
-0.318589
-0.315343
-0.305595
-0.315434
-0.330807
-0.347954
-0.365893
-0.384091
-0.402572
-0.421503
-0.441098
-0.46157
-0.483131
-0.505956
-0.530198
-0.555957
-0.583345
-0.612418
-0.643292
-0.675928
-0.710352
-0.746519
-0.784979
-0.826238
-0.871063
-0.919024
-0.96996
-1.02255
-1.07695
-1.13167
-1.18826
-0.373473
-0.326221
-0.285835
-0.2905
-0.342018
-0.454131
-0.601501
-0.699288
-0.769081
-0.822712
-0.86319
-0.890986
-0.906632
-0.911826
-0.908172
-0.897432
-0.881236
-0.861265
-0.838947
-0.81545
-0.791775
-0.768439
-0.745703
-0.723668
-0.702322
-0.681598
-0.661415
-0.641693
-0.622346
-0.603354
-0.584769
-0.566548
-0.548597
-0.530906
-0.513527
-0.496537
-0.479997
-0.463973
-0.448499
-0.433611
-0.419302
-0.405529
-0.392278
-0.3795
-0.367229
-0.35548
-0.344417
-0.334282
-0.325502
-0.318559
-0.313808
-0.311312
-0.310817
-0.31191
-0.314123
-0.316968
-0.320035
-0.322958
-0.325511
-0.327479
-0.328718
-0.329343
-0.329017
-0.328128
-0.326704
-0.32387
-0.319912
-0.317261
-0.310643
-0.315116
-0.329643
-0.346801
-0.365215
-0.384074
-0.403251
-0.422876
-0.443139
-0.46423
-0.486343
-0.509638
-0.534262
-0.560312
-0.587891
-0.617034
-0.647842
-0.680307
-0.714442
-0.75006
-0.787459
-0.827049
-0.869848
-0.915917
-0.965323
-1.01678
-1.07027
-1.12422
-1.17997
-0.364001
-0.322153
-0.288757
-0.292749
-0.342528
-0.449638
-0.590601
-0.688435
-0.760871
-0.816206
-0.857641
-0.886199
-0.902604
-0.908513
-0.905536
-0.895375
-0.879669
-0.860105
-0.838138
-0.814895
-0.7914
-0.768229
-0.745645
-0.723765
-0.702592
-0.682066
-0.662107
-0.642633
-0.623545
-0.604793
-0.586438
-0.568473
-0.550771
-0.53327
-0.51602
-0.499099
-0.482552
-0.466424
-0.450778
-0.435659
-0.421068
-0.406993
-0.393443
-0.380421
-0.368
-0.356282
-0.345478
-0.335804
-0.327602
-0.321199
-0.316817
-0.314467
-0.31392
-0.314804
-0.316698
-0.319179
-0.321864
-0.324427
-0.326673
-0.328428
-0.329587
-0.330171
-0.329985
-0.329264
-0.327925
-0.325728
-0.322485
-0.319656
-0.3169
-0.31727
-0.329296
-0.345928
-0.364535
-0.383979
-0.40384
-0.42414
-0.445039
-0.46672
-0.489369
-0.513129
-0.53813
-0.56445
-0.592186
-0.621364
-0.652064
-0.684289
-0.718107
-0.75333
-0.790055
-0.828387
-0.869156
-0.912733
-0.959751
-1.00941
-1.0616
-1.11457
-1.16921
-0.355184
-0.319717
-0.293943
-0.299122
-0.34545
-0.444815
-0.577569
-0.674449
-0.748847
-0.805999
-0.848373
-0.877669
-0.894827
-0.901473
-0.899241
-0.889792
-0.874776
-0.855856
-0.834503
-0.811777
-0.788685
-0.765864
-0.74358
-0.721965
-0.701039
-0.68076
-0.66106
-0.641859
-0.623059
-0.604582
-0.586468
-0.568768
-0.551368
-0.534154
-0.517147
-0.500413
-0.483992
-0.467935
-0.45231
-0.437149
-0.422481
-0.408344
-0.394758
-0.381749
-0.369396
-0.357872
-0.347424
-0.338252
-0.330622
-0.324724
-0.320664
-0.318395
-0.3177
-0.318288
-0.319814
-0.321911
-0.324234
-0.326487
-0.328462
-0.329999
-0.331044
-0.331594
-0.331551
-0.331035
-0.329979
-0.32837
-0.326335
-0.323849
-0.322721
-0.323165
-0.331338
-0.346418
-0.36451
-0.384121
-0.404482
-0.425404
-0.446952
-0.469242
-0.492417
-0.516607
-0.541939
-0.568497
-0.596368
-0.625571
-0.656159
-0.688123
-0.721551
-0.756299
-0.792363
-0.829657
-0.86878
-0.910052
-0.954186
-1.00086
-1.05039
-1.1014
-1.15445
-0.347715
-0.31948
-0.301537
-0.310038
-0.352628
-0.44113
-0.562755
-0.657301
-0.732357
-0.790897
-0.834446
-0.86456
-0.882546
-0.890042
-0.888697
-0.880133
-0.866015
-0.84798
-0.827519
-0.805646
-0.783266
-0.76105
-0.739266
-0.718057
-0.697478
-0.67751
-0.658103
-0.639194
-0.620695
-0.602521
-0.584666
-0.567214
-0.550132
-0.53328
-0.516624
-0.500213
-0.484084
-0.468285
-0.452875
-0.437895
-0.423415
-0.409485
-0.396142
-0.383448
-0.371495
-0.360388
-0.350357
-0.341666
-0.33455
-0.329107
-0.325323
-0.323091
-0.322205
-0.322448
-0.323557
-0.325236
-0.327177
-0.329115
-0.330874
-0.332308
-0.333302
-0.33384
-0.333949
-0.3337
-0.333092
-0.332159
-0.33117
-0.330265
-0.330061
-0.3317
-0.337309
-0.34954
-0.365956
-0.38487
-0.405367
-0.426747
-0.448808
-0.47161
-0.495275
-0.519899
-0.545568
-0.572334
-0.600263
-0.629384
-0.65975
-0.691339
-0.724235
-0.758389
-0.793854
-0.830439
-0.868326
-0.90759
-0.948916
-0.992224
-1.03795
-1.08544
-1.13509
-0.342217
-0.322292
-0.311752
-0.324569
-0.365054
-0.441561
-0.548485
-0.638061
-0.711917
-0.770474
-0.814912
-0.846125
-0.865192
-0.873821
-0.87365
-0.866256
-0.853352
-0.836561
-0.817314
-0.796623
-0.775303
-0.753977
-0.732932
-0.712329
-0.692251
-0.672699
-0.65365
-0.635064
-0.616877
-0.599024
-0.581459
-0.564248
-0.54746
-0.530995
-0.514762
-0.498776
-0.483064
-0.467665
-0.452632
-0.438016
-0.423885
-0.410302
-0.397349
-0.385133
-0.373758
-0.363267
-0.353801
-0.34556
-0.338781
-0.333612
-0.330007
-0.327796
-0.326762
-0.326738
-0.327515
-0.328856
-0.330482
-0.332159
-0.333741
-0.335123
-0.336228
-0.336952
-0.337297
-0.337394
-0.337338
-0.337223
-0.337239
-0.337668
-0.338862
-0.341534
-0.346371
-0.355498
-0.369886
-0.387251
-0.406756
-0.428014
-0.450458
-0.473738
-0.497789
-0.522679
-0.54852
-0.575385
-0.60333
-0.632363
-0.662511
-0.693737
-0.726064
-0.759451
-0.793998
-0.829626
-0.866421
-0.904213
-0.94321
-0.983468
-1.02543
-1.06895
-1.11398
-0.339408
-0.32853
-0.325002
-0.341621
-0.381724
-0.447763
-0.538186
-0.61938
-0.689293
-0.746059
-0.789939
-0.821548
-0.841653
-0.851681
-0.853066
-0.847345
-0.836234
-0.821281
-0.803747
-0.784651
-0.76475
-0.744595
-0.724542
-0.704777
-0.685392
-0.666404
-0.647819
-0.629628
-0.611781
-0.594245
-0.576985
-0.56002
-0.543461
-0.527328
-0.511529
-0.496024
-0.480823
-0.465949
-0.451448
-0.437371
-0.423779
-0.410745
-0.398356
-0.386725
-0.375961
-0.366179
-0.357484
-0.349943
-0.343613
-0.338603
-0.335005
-0.33271
-0.331497
-0.331204
-0.331699
-0.332791
-0.334188
-0.33567
-0.337152
-0.338569
-0.339839
-0.340898
-0.341691
-0.342261
-0.342794
-0.343524
-0.344618
-0.346315
-0.348919
-0.352758
-0.358332
-0.36584
-0.376701
-0.392203
-0.410558
-0.430601
-0.452258
-0.475361
-0.499625
-0.524825
-0.55087
-0.577754
-0.605528
-0.634234
-0.663926
-0.694606
-0.726294
-0.758935
-0.79255
-0.827084
-0.862601
-0.899001
-0.936295
-0.974268
-1.01296
-1.05226
-1.09225
-0.340049
-0.337941
-0.34131
-0.360873
-0.400173
-0.458607
-0.533518
-0.60406
-0.667168
-0.720138
-0.761921
-0.792686
-0.813135
-0.824248
-0.827249
-0.823572
-0.814709
-0.802028
-0.786705
-0.769708
-0.751637
-0.733007
-0.714238
-0.695546
-0.677047
-0.6588
-0.64083
-0.623133
-0.605695
-0.588518
-0.571606
-0.554961
-0.53862
-0.52268
-0.507201
-0.492137
-0.47746
-0.463183
-0.449323
-0.435923
-0.423028
-0.410707
-0.399048
-0.388151
-0.378104
-0.369024
-0.361006
-0.354136
-0.348414
-0.343822
-0.340397
-0.338087
-0.336754
-0.336253
-0.336456
-0.33718
-0.338252
-0.339558
-0.341016
-0.342557
-0.344106
-0.345587
-0.346985
-0.348314
-0.349621
-0.35116
-0.353259
-0.356114
-0.359951
-0.364979
-0.371378
-0.379394
-0.389107
-0.401009
-0.416473
-0.435315
-0.456037
-0.47808
-0.50145
-0.526079
-0.55185
-0.578628
-0.606305
-0.634799
-0.664079
-0.694123
-0.724951
-0.756553
-0.788951
-0.822104
-0.856029
-0.890666
-0.926007
-0.961918
-0.998289
-1.03488
-1.0715
-0.344676
-0.350229
-0.359797
-0.381993
-0.419114
-0.470745
-0.533022
-0.592981
-0.647851
-0.694963
-0.733119
-0.762052
-0.782061
-0.793811
-0.798253
-0.796584
-0.79003
-0.779739
-0.76678
-0.75201
-0.735995
-0.719204
-0.702006
-0.684637
-0.667239
-0.649912
-0.632714
-0.615675
-0.598827
-0.582178
-0.565712
-0.549469
-0.533482
-0.517805
-0.50254
-0.487735
-0.473438
-0.459655
-0.446403
-0.433721
-0.421628
-0.410149
-0.399344
-0.389291
-0.38007
-0.371759
-0.364419
-0.358107
-0.352869
-0.348713
-0.345591
-0.343447
-0.342217
-0.341731
-0.341785
-0.342252
-0.343101
-0.344281
-0.345719
-0.347387
-0.349233
-0.351163
-0.35314
-0.355209
-0.357441
-0.35995
-0.363056
-0.367011
-0.371935
-0.377993
-0.385317
-0.393954
-0.403993
-0.41551
-0.428644
-0.443817
-0.461761
-0.482357
-0.504722
-0.528278
-0.552924
-0.578654
-0.605396
-0.633075
-0.661616
-0.690943
-0.720985
-0.751677
-0.782956
-0.814782
-0.847091
-0.879866
-0.91301
-0.946535
-0.980254
-1.01426
-1.04819
-0.353402
-0.364852
-0.379354
-0.40356
-0.438184
-0.48256
-0.534155
-0.584464
-0.631077
-0.671818
-0.70547
-0.731583
-0.750272
-0.761968
-0.767367
-0.767379
-0.762965
-0.755049
-0.744471
-0.731938
-0.718011
-0.703127
-0.687621
-0.671739
-0.655648
-0.639464
-0.623266
-0.60711
-0.591051
-0.575119
-0.559316
-0.54369
-0.528308
-0.513189
-0.498353
-0.483869
-0.469834
-0.456358
-0.443528
-0.43137
-0.419905
-0.409174
-0.399203
-0.390027
-0.381691
-0.374228
-0.367654
-0.361996
-0.357273
-0.353475
-0.350577
-0.348589
-0.347464
-0.347007
-0.347036
-0.347499
-0.348424
-0.349774
-0.351455
-0.353396
-0.355571
-0.357917
-0.360409
-0.363104
-0.366145
-0.369639
-0.373674
-0.378565
-0.384489
-0.391484
-0.3996
-0.408899
-0.419406
-0.431122
-0.444091
-0.458344
-0.473997
-0.491274
-0.510472
-0.5317
-0.554716
-0.579054
-0.604382
-0.63059
-0.657609
-0.685396
-0.713883
-0.743019
-0.772702
-0.802895
-0.833465
-0.864405
-0.895502
-0.92681
-0.957964
-0.989188
-1.01985
-0.365801
-0.381164
-0.398794
-0.423505
-0.455633
-0.493538
-0.53554
-0.577117
-0.615842
-0.650149
-0.678938
-0.701767
-0.718609
-0.729707
-0.735545
-0.736771
-0.734097
-0.728227
-0.719818
-0.70945
-0.697598
-0.684651
-0.670924
-0.656659
-0.642033
-0.627179
-0.612198
-0.597163
-0.582134
-0.567153
-0.552248
-0.537471
-0.522895
-0.508553
-0.494484
-0.480757
-0.467413
-0.454516
-0.442107
-0.430274
-0.419197
-0.408966
-0.399575
-0.391021
-0.383343
-0.376569
-0.370686
-0.365677
-0.361526
-0.358213
-0.35571
-0.353984
-0.352963
-0.352541
-0.352631
-0.353198
-0.354267
-0.355831
-0.35778
-0.359993
-0.362469
-0.365283
-0.368463
-0.372018
-0.375968
-0.380351
-0.385218
-0.390843
-0.397449
-0.405079
-0.413784
-0.423576
-0.434457
-0.44644
-0.459499
-0.473598
-0.488743
-0.504955
-0.522279
-0.540806
-0.560628
-0.581806
-0.604337
-0.628102
-0.652911
-0.678602
-0.705002
-0.731995
-0.75944
-0.787314
-0.815446
-0.843865
-0.872291
-0.900874
-0.92914
-0.957514
-0.985113
-0.381001
-0.398368
-0.417191
-0.440749
-0.469437
-0.501655
-0.535745
-0.569458
-0.600976
-0.629131
-0.653119
-0.6725
-0.687175
-0.697269
-0.703091
-0.705076
-0.703724
-0.699545
-0.693037
-0.684651
-0.674783
-0.663769
-0.651884
-0.639349
-0.626335
-0.612982
-0.599398
-0.585673
-0.571877
-0.55807
-0.544303
-0.53063
-0.517104
-0.503762
-0.490652
-0.477864
-0.465466
-0.453488
-0.441976
-0.431016
-0.420711
-0.411081
-0.402155
-0.393991
-0.386685
-0.38031
-0.374832
-0.37023
-0.366469
-0.363506
-0.361297
-0.359791
-0.358933
-0.358664
-0.358934
-0.359708
-0.360961
-0.362654
-0.364732
-0.367167
-0.369979
-0.37325
-0.377035
-0.38132
-0.386077
-0.391338
-0.397175
-0.403636
-0.410839
-0.418886
-0.427847
-0.437761
-0.448682
-0.460625
-0.473542
-0.487407
-0.502227
-0.517961
-0.534543
-0.551941
-0.570155
-0.589194
-0.609071
-0.629799
-0.651358
-0.673717
-0.69679
-0.720507
-0.744729
-0.76939
-0.79431
-0.819463
-0.844599
-0.869741
-0.894486
-0.919072
-0.942745
-0.397612
-0.415308
-0.433707
-0.454882
-0.479361
-0.505905
-0.533208
-0.559991
-0.585163
-0.607794
-0.627279
-0.643287
-0.655697
-0.664549
-0.670023
-0.672395
-0.672
-0.669195
-0.664339
-0.657766
-0.649783
-0.640658
-0.63062
-0.619865
-0.608556
-0.596828
-0.584794
-0.572549
-0.560172
-0.547734
-0.535295
-0.522916
-0.510653
-0.498556
-0.486681
-0.475082
-0.463804
-0.452895
-0.442447
-0.432541
-0.423192
-0.41443
-0.406328
-0.398943
-0.392288
-0.386406
-0.38135
-0.377102
-0.373629
-0.370901
-0.368873
-0.3675
-0.366737
-0.366552
-0.366924
-0.367822
-0.369215
-0.371073
-0.37337
-0.376099
-0.379269
-0.382899
-0.387011
-0.391635
-0.39681
-0.402583
-0.40899
-0.416022
-0.423726
-0.432144
-0.441293
-0.451235
-0.46204
-0.473676
-0.486093
-0.499328
-0.513426
-0.528344
-0.544014
-0.560404
-0.577487
-0.595213
-0.613523
-0.63237
-0.651708
-0.671513
-0.691746
-0.712362
-0.733285
-0.754459
-0.775731
-0.797024
-0.818142
-0.839055
-0.859468
-0.879448
-0.898366
-0.413685
-0.430454
-0.447193
-0.465279
-0.485331
-0.506455
-0.527788
-0.548551
-0.568068
-0.585735
-0.601114
-0.613948
-0.624113
-0.631602
-0.636504
-0.638979
-0.639234
-0.637502
-0.634027
-0.629045
-0.622781
-0.615443
-0.607214
-0.598258
-0.588718
-0.578716
-0.568361
-0.557746
-0.546953
-0.536057
-0.525125
-0.514219
-0.503397
-0.492715
-0.482227
-0.471985
-0.462042
-0.452447
-0.443249
-0.434493
-0.42621
-0.418486
-0.411367
-0.404866
-0.398967
-0.393714
-0.389135
-0.385246
-0.382053
-0.379545
-0.377722
-0.376521
-0.375928
-0.375905
-0.376422
-0.377452
-0.378975
-0.380977
-0.383444
-0.38637
-0.389754
-0.393606
-0.397938
-0.40277
-0.408128
-0.414041
-0.420534
-0.427637
-0.435391
-0.443836
-0.453003
-0.462885
-0.473429
-0.484595
-0.496429
-0.508991
-0.522254
-0.536135
-0.550575
-0.565576
-0.581148
-0.597257
-0.613842
-0.630833
-0.64818
-0.66584
-0.683741
-0.701824
-0.720009
-0.738251
-0.756455
-0.774567
-0.79237
-0.809903
-0.826816
-0.843339
-0.858682
-0.42748
-0.442333
-0.456621
-0.471361
-0.487176
-0.503439
-0.519595
-0.535203
-0.549863
-0.563199
-0.574915
-0.584825
-0.592826
-0.598885
-0.603034
-0.605356
-0.605966
-0.605005
-0.602628
-0.598993
-0.594254
-0.588561
-0.582053
-0.574858
-0.567093
-0.558864
-0.550266
-0.541385
-0.532301
-0.523084
-0.513801
-0.504513
-0.495277
-0.48615
-0.477181
-0.468421
-0.459917
-0.451713
-0.443855
-0.436383
-0.429334
-0.422739
-0.416621
-0.411022
-0.405995
-0.401547
-0.39764
-0.394276
-0.391481
-0.389251
-0.387591
-0.386501
-0.385954
-0.385944
-0.386472
-0.387515
-0.389065
-0.391106
-0.393625
-0.396615
-0.40008
-0.404026
-0.40846
-0.413392
-0.418835
-0.424801
-0.431303
-0.438351
-0.445955
-0.454128
-0.462877
-0.472208
-0.482115
-0.492617
-0.503746
-0.515447
-0.527624
-0.54024
-0.553341
-0.566946
-0.580993
-0.595369
-0.610014
-0.624919
-0.640069
-0.655431
-0.670943
-0.686535
-0.70212
-0.717642
-0.73299
-0.748126
-0.762809
-0.777106
-0.790641
-0.803766
-0.815574
-0.437353
-0.449668
-0.461185
-0.472672
-0.48468
-0.496773
-0.508621
-0.519994
-0.530646
-0.540352
-0.548938
-0.556281
-0.562304
-0.56697
-0.570281
-0.572271
-0.572999
-0.572542
-0.570991
-0.568441
-0.564995
-0.560753
-0.555813
-0.55027
-0.544214
-0.537727
-0.53089
-0.523773
-0.516447
-0.508974
-0.501415
-0.493826
-0.48626
-0.478768
-0.471396
-0.464188
-0.457189
-0.450435
-0.443966
-0.437815
-0.432013
-0.42659
-0.421573
-0.416974
-0.412827
-0.409134
-0.405935
-0.403227
-0.400994
-0.399235
-0.39793
-0.397135
-0.396801
-0.396924
-0.397513
-0.39856
-0.400068
-0.402013
-0.404424
-0.407298
-0.410641
-0.414465
-0.418761
-0.423532
-0.428778
-0.434503
-0.440712
-0.447405
-0.454586
-0.462261
-0.470429
-0.479082
-0.488206
-0.497785
-0.507816
-0.518269
-0.52912
-0.540376
-0.552069
-0.564125
-0.576404
-0.588873
-0.601544
-0.614399
-0.627394
-0.640473
-0.653559
-0.666618
-0.679602
-0.692476
-0.705096
-0.717422
-0.729258
-0.740734
-0.751467
-0.761835
-0.770905
-0.442526
-0.452109
-0.460886
-0.469443
-0.478204
-0.486891
-0.495302
-0.503308
-0.510779
-0.517591
-0.523645
-0.528864
-0.533197
-0.536613
-0.539103
-0.540678
-0.541363
-0.541199
-0.540233
-0.538521
-0.536124
-0.533107
-0.529534
-0.52547
-0.520977
-0.516118
-0.510952
-0.505535
-0.499924
-0.494169
-0.48832
-0.482425
-0.476528
-0.470671
-0.464896
-0.459239
-0.453737
-0.448424
-0.44333
-0.438484
-0.433912
-0.42964
-0.425685
-0.422067
-0.418804
-0.415911
-0.413404
-0.411293
-0.409581
-0.408267
-0.407364
-0.406875
-0.406798
-0.407122
-0.407837
-0.408947
-0.41047
-0.412402
-0.414749
-0.41751
-0.420687
-0.424283
-0.42829
-0.4327
-0.437497
-0.442708
-0.448334
-0.454368
-0.460814
-0.467671
-0.474928
-0.482564
-0.490565
-0.498942
-0.507686
-0.51678
-0.526197
-0.53592
-0.545902
-0.556072
-0.566418
-0.576964
-0.587668
-0.598482
-0.609355
-0.620229
-0.631079
-0.641893
-0.652558
-0.662985
-0.673088
-0.682892
-0.692243
-0.701201
-0.709428
-0.717205
-0.723864
-0.442227
-0.449272
-0.45565
-0.461781
-0.467954
-0.473986
-0.479767
-0.485237
-0.490325
-0.494965
-0.499103
-0.502693
-0.505705
-0.508116
-0.509918
-0.511111
-0.511705
-0.511719
-0.511177
-0.510108
-0.508548
-0.506534
-0.504105
-0.501302
-0.498166
-0.494741
-0.491067
-0.487185
-0.483136
-0.478959
-0.474692
-0.470371
-0.466032
-0.461709
-0.457435
-0.453239
-0.449151
-0.445198
-0.441408
-0.437802
-0.434404
-0.431234
-0.428311
-0.425651
-0.423268
-0.421175
-0.419378
-0.417892
-0.416729
-0.415896
-0.415395
-0.415209
-0.415369
-0.415874
-0.416718
-0.417911
-0.419444
-0.421334
-0.423549
-0.426098
-0.428979
-0.432177
-0.435697
-0.439537
-0.443711
-0.448228
-0.453071
-0.458242
-0.463744
-0.46957
-0.475708
-0.482151
-0.488909
-0.495984
-0.503341
-0.510956
-0.51879
-0.526819
-0.535012
-0.543353
-0.55184
-0.560439
-0.569136
-0.577892
-0.586661
-0.595415
-0.604142
-0.612762
-0.621178
-0.629339
-0.637224
-0.644792
-0.651985
-0.658771
-0.665084
-0.670931
-0.676093
-0.437789
-0.442652
-0.447023
-0.451196
-0.455349
-0.459367
-0.463192
-0.466797
-0.470145
-0.473202
-0.475938
-0.47833
-0.480359
-0.482013
-0.483282
-0.484167
-0.484668
-0.484794
-0.484557
-0.483971
-0.483054
-0.481828
-0.480316
-0.478541
-0.476529
-0.474306
-0.4719
-0.469337
-0.466645
-0.46385
-0.46098
-0.458059
-0.455114
-0.452169
-0.449248
-0.446374
-0.443569
-0.440854
-0.438249
-0.435774
-0.433444
-0.431278
-0.42929
-0.427494
-0.425903
-0.424524
-0.423368
-0.422445
-0.421758
-0.421318
-0.421128
-0.421189
-0.421516
-0.422107
-0.422965
-0.424094
-0.425476
-0.427123
-0.429033
-0.431209
-0.43365
-0.436354
-0.439334
-0.442597
-0.44615
-0.44997
-0.454055
-0.458406
-0.463014
-0.46787
-0.472967
-0.478301
-0.483865
-0.489633
-0.495586
-0.501704
-0.50798
-0.514406
-0.520967
-0.527635
-0.534387
-0.541204
-0.548061
-0.55493
-0.561788
-0.568603
-0.575347
-0.581964
-0.588434
-0.594707
-0.600786
-0.606597
-0.612167
-0.617378
-0.622313
-0.626773
-0.630881
-0.428521
-0.431741
-0.434669
-0.437473
-0.440234
-0.442886
-0.445405
-0.447777
-0.449984
-0.452009
-0.453836
-0.455453
-0.456851
-0.458022
-0.458961
-0.459666
-0.460139
-0.460381
-0.460398
-0.460196
-0.459786
-0.459178
-0.458383
-0.457416
-0.45629
-0.45502
-0.453623
-0.452114
-0.450512
-0.448831
-0.44709
-0.445305
-0.443494
-0.441673
-0.439857
-0.438064
-0.436309
-0.434606
-0.432969
-0.431413
-0.42995
-0.428593
-0.427353
-0.426241
-0.425268
-0.424444
-0.423777
-0.423277
-0.42295
-0.422804
-0.422844
-0.423076
-0.423505
-0.424134
-0.424967
-0.426006
-0.427253
-0.428707
-0.430373
-0.432247
-0.434332
-0.436628
-0.439135
-0.441844
-0.444755
-0.447865
-0.451171
-0.45467
-0.458358
-0.462228
-0.466275
-0.470489
-0.474864
-0.479389
-0.484054
-0.488844
-0.493746
-0.498744
-0.503823
-0.508966
-0.514159
-0.519382
-0.524621
-0.529853
-0.535061
-0.540222
-0.54532
-0.550326
-0.555225
-0.559976
-0.564582
-0.568984
-0.573216
-0.57718
-0.580972
-0.584411
-0.587663
-0.418332
-0.420344
-0.422263
-0.424123
-0.425932
-0.427668
-0.429321
-0.430883
-0.432342
-0.433692
-0.434925
-0.436033
-0.437011
-0.437856
-0.438564
-0.439132
-0.439562
-0.439853
-0.440008
-0.44003
-0.439923
-0.439693
-0.439345
-0.438888
-0.438328
-0.437676
-0.436939
-0.436128
-0.435253
-0.434324
-0.433352
-0.432347
-0.431321
-0.430284
-0.429248
-0.428224
-0.427221
-0.42625
-0.425322
-0.424446
-0.423632
-0.422888
-0.422224
-0.421648
-0.421167
-0.420788
-0.420519
-0.420365
-0.420333
-0.420426
-0.42065
-0.42101
-0.421508
-0.422148
-0.422933
-0.423865
-0.424946
-0.426176
-0.427557
-0.42909
-0.430775
-0.432611
-0.434599
-0.436738
-0.439025
-0.441459
-0.444036
-0.446753
-0.449606
-0.452589
-0.455698
-0.458926
-0.462265
-0.465709
-0.469248
-0.472873
-0.476575
-0.480343
-0.484168
-0.488038
-0.491941
-0.495864
-0.499795
-0.503719
-0.507624
-0.511493
-0.515315
-0.519069
-0.522746
-0.526325
-0.5298
-0.533145
-0.536368
-0.539424
-0.542351
-0.545064
-0.547616
-0.408512
-0.409807
-0.411108
-0.412386
-0.413619
-0.414807
-0.415946
-0.417028
-0.418048
-0.419001
-0.419882
-0.420687
-0.421413
-0.422058
-0.42262
-0.423096
-0.423487
-0.423792
-0.424014
-0.424152
-0.42421
-0.424191
-0.424097
-0.423934
-0.423705
-0.423415
-0.423071
-0.422677
-0.422239
-0.421765
-0.421261
-0.420732
-0.420187
-0.419633
-0.419076
-0.418524
-0.417984
-0.417463
-0.416966
-0.416502
-0.416077
-0.415697
-0.415368
-0.415097
-0.414888
-0.414747
-0.41468
-0.41469
-0.414782
-0.414961
-0.415229
-0.415592
-0.416051
-0.41661
-0.41727
-0.418035
-0.418904
-0.419881
-0.420964
-0.422156
-0.423456
-0.424864
-0.426378
-0.427999
-0.429724
-0.431552
-0.43348
-0.435505
-0.437625
-0.439835
-0.442131
-0.444509
-0.446963
-0.449488
-0.452078
-0.454726
-0.457425
-0.460169
-0.462948
-0.465755
-0.468581
-0.471419
-0.474257
-0.477088
-0.479901
-0.482688
-0.485437
-0.488142
-0.49079
-0.493374
-0.495882
-0.49831
-0.500644
-0.502883
-0.505012
-0.507033
-0.508894
-0.399505
-0.400375
-0.401275
-0.402165
-0.403022
-0.403851
-0.404649
-0.405411
-0.406133
-0.406814
-0.407449
-0.408037
-0.408576
-0.409064
-0.4095
-0.409882
-0.410211
-0.410486
-0.410708
-0.410877
-0.410995
-0.411063
-0.411084
-0.411061
-0.410996
-0.410892
-0.410754
-0.410583
-0.410384
-0.410162
-0.409917
-0.409654
-0.409378
-0.409093
-0.408805
-0.408519
-0.408238
-0.407969
-0.407715
-0.40748
-0.407269
-0.407086
-0.406935
-0.406822
-0.406749
-0.40672
-0.406738
-0.406805
-0.406927
-0.407105
-0.407341
-0.40764
-0.408002
-0.408431
-0.408927
-0.409492
-0.410127
-0.410833
-0.41161
-0.412459
-0.413381
-0.414373
-0.415437
-0.416572
-0.417777
-0.41905
-0.42039
-0.421794
-0.42326
-0.424786
-0.426367
-0.428001
-0.429685
-0.431412
-0.433179
-0.434983
-0.436819
-0.438682
-0.440566
-0.442467
-0.444379
-0.446297
-0.448215
-0.450128
-0.452026
-0.453908
-0.455762
-0.457592
-0.459379
-0.461135
-0.462831
-0.464495
-0.466076
-0.467636
-0.469078
-0.470528
-0.471778
-0.390567
-0.391162
-0.391809
-0.392455
-0.393071
-0.393669
-0.394246
-0.394798
-0.395323
-0.395821
-0.396289
-0.396727
-0.397132
-0.397505
-0.397844
-0.398149
-0.398418
-0.398653
-0.398851
-0.399016
-0.399148
-0.399249
-0.39932
-0.399365
-0.399386
-0.399381
-0.399351
-0.399295
-0.399217
-0.399118
-0.398999
-0.398863
-0.398713
-0.39855
-0.39839
-0.398231
-0.398073
-0.397919
-0.397771
-0.397628
-0.397497
-0.39738
-0.397282
-0.397207
-0.397154
-0.397129
-0.397122
-0.39714
-0.39719
-0.397271
-0.397386
-0.397536
-0.397723
-0.397948
-0.398213
-0.398518
-0.398864
-0.399252
-0.399681
-0.400154
-0.400669
-0.401225
-0.401825
-0.402466
-0.403145
-0.403873
-0.404648
-0.40545
-0.406299
-0.407189
-0.408101
-0.409055
-0.410046
-0.411053
-0.412085
-0.413144
-0.414225
-0.415323
-0.416436
-0.417562
-0.418695
-0.419834
-0.420974
-0.422115
-0.423248
-0.424378
-0.42549
-0.4266
-0.427676
-0.428754
-0.429778
-0.43082
-0.431769
-0.432779
-0.433631
-0.43463
-0.435325
-0.38233
-0.382744
-0.383233
-0.383732
-0.3842
-0.384651
-0.385087
-0.385503
-0.385898
-0.386272
-0.386623
-0.386951
-0.387255
-0.387535
-0.387789
-0.388018
-0.388222
-0.3884
-0.388553
-0.388682
-0.388787
-0.38887
-0.38893
-0.38897
-0.388989
-0.388988
-0.388965
-0.388922
-0.388861
-0.388781
-0.388688
-0.388584
-0.388468
-0.388344
-0.388215
-0.388084
-0.387955
-0.387826
-0.387688
-0.387541
-0.387399
-0.38726
-0.387124
-0.386988
-0.386865
-0.386756
-0.38665
-0.386554
-0.386469
-0.386396
-0.386338
-0.386299
-0.38628
-0.386286
-0.38632
-0.386373
-0.386453
-0.386553
-0.386668
-0.386803
-0.386952
-0.387126
-0.387336
-0.387572
-0.387835
-0.388118
-0.388429
-0.388764
-0.389122
-0.38951
-0.389911
-0.390335
-0.390772
-0.391214
-0.391664
-0.392122
-0.392585
-0.393056
-0.393533
-0.394019
-0.39451
-0.395013
-0.395523
-0.396047
-0.396579
-0.397124
-0.397667
-0.398225
-0.398762
-0.399321
-0.39983
-0.400383
-0.400836
-0.401394
-0.401763
-0.402374
-0.402602
-0.376011
-0.376268
-0.376631
-0.377022
-0.377378
-0.377716
-0.37804
-0.378347
-0.378635
-0.378904
-0.379153
-0.37938
-0.379587
-0.37977
-0.379932
-0.38007
-0.380187
-0.380281
-0.380353
-0.380404
-0.380432
-0.380436
-0.380418
-0.380375
-0.380306
-0.380217
-0.380112
-0.379994
-0.379863
-0.379721
-0.379568
-0.379405
-0.379233
-0.379057
-0.378862
-0.378656
-0.378441
-0.378213
-0.377976
-0.37774
-0.377504
-0.377263
-0.377012
-0.376756
-0.376497
-0.376226
-0.375958
-0.375691
-0.375422
-0.375155
-0.374893
-0.374638
-0.374391
-0.374158
-0.37393
-0.373698
-0.373468
-0.373238
-0.373016
-0.372807
-0.37261
-0.372422
-0.372241
-0.372074
-0.371918
-0.371761
-0.371607
-0.371476
-0.371353
-0.371242
-0.371165
-0.371105
-0.371062
-0.371051
-0.371069
-0.371116
-0.3712
-0.371308
-0.371436
-0.371577
-0.371719
-0.371862
-0.372007
-0.372154
-0.372305
-0.372461
-0.37262
-0.372789
-0.372956
-0.37314
-0.373309
-0.373516
-0.373688
-0.37395
-0.374119
-0.3745
-0.374649
-0.370963
-0.37113
-0.371442
-0.371797
-0.372111
-0.372404
-0.372683
-0.372944
-0.373187
-0.37341
-0.373613
-0.373797
-0.37396
-0.374102
-0.374224
-0.374325
-0.374406
-0.374466
-0.374506
-0.374525
-0.374524
-0.374504
-0.374464
-0.374404
-0.374325
-0.374226
-0.374107
-0.373967
-0.373809
-0.373633
-0.373443
-0.373238
-0.37302
-0.372792
-0.372553
-0.372303
-0.372023
-0.371714
-0.371398
-0.371078
-0.370745
-0.370401
-0.370053
-0.369703
-0.369338
-0.368959
-0.368578
-0.368194
-0.367806
-0.367418
-0.367027
-0.366632
-0.366233
-0.36582
-0.365385
-0.364949
-0.364507
-0.364066
-0.363639
-0.36322
-0.362815
-0.362413
-0.362007
-0.361595
-0.361182
-0.360778
-0.36037
-0.359958
-0.359545
-0.359122
-0.358699
-0.358276
-0.357857
-0.357452
-0.357063
-0.356689
-0.356325
-0.355969
-0.35562
-0.355277
-0.354943
-0.354621
-0.354313
-0.354019
-0.35374
-0.353479
-0.353236
-0.353015
-0.352817
-0.352651
-0.352513
-0.352435
-0.352408
-0.352482
-0.352584
-0.352851
-0.353115
-0.368001
-0.368154
-0.368459
-0.368809
-0.369116
-0.369398
-0.369662
-0.369907
-0.370129
-0.370331
-0.37051
-0.370667
-0.370803
-0.370916
-0.371007
-0.371076
-0.371123
-0.371148
-0.371151
-0.371133
-0.371094
-0.371034
-0.370954
-0.370854
-0.370733
-0.370586
-0.370413
-0.370217
-0.369999
-0.369764
-0.36951
-0.369238
-0.36895
-0.368648
-0.368332
-0.368003
-0.367661
-0.367308
-0.366945
-0.366572
-0.366187
-0.365788
-0.365375
-0.364951
-0.364521
-0.364084
-0.363641
-0.363192
-0.362736
-0.36227
-0.361794
-0.361302
-0.360798
-0.360275
-0.359739
-0.359202
-0.358662
-0.358116
-0.357561
-0.356988
-0.356403
-0.35582
-0.355236
-0.354643
-0.354044
-0.353445
-0.352848
-0.352249
-0.351647
-0.35104
-0.350419
-0.349781
-0.349128
-0.348466
-0.347792
-0.347103
-0.346393
-0.345676
-0.344956
-0.344244
-0.343557
-0.3429
-0.342276
-0.341689
-0.341139
-0.340625
-0.340146
-0.339704
-0.339305
-0.338956
-0.338664
-0.338453
-0.338309
-0.338267
-0.338301
-0.338491
-0.338684
-0.365995
-0.366144
-0.366436
-0.366772
-0.367063
-0.367328
-0.367573
-0.367796
-0.367997
-0.368174
-0.368328
-0.368459
-0.368567
-0.368653
-0.368716
-0.368756
-0.368774
-0.36877
-0.368743
-0.368694
-0.368621
-0.368525
-0.368406
-0.368267
-0.368107
-0.367926
-0.367726
-0.367505
-0.367264
-0.367003
-0.366722
-0.366422
-0.366102
-0.365765
-0.36541
-0.365038
-0.364658
-0.364272
-0.363879
-0.363478
-0.363067
-0.362645
-0.362213
-0.361771
-0.361318
-0.360854
-0.360379
-0.359892
-0.359393
-0.35888
-0.358354
-0.357814
-0.35726
-0.356693
-0.356109
-0.355505
-0.354882
-0.354242
-0.35358
-0.352898
-0.352195
-0.351473
-0.350729
-0.349965
-0.349182
-0.348382
-0.347569
-0.346743
-0.345908
-0.345065
-0.344212
-0.343352
-0.342488
-0.341623
-0.340757
-0.339894
-0.339035
-0.338182
-0.337335
-0.336494
-0.335662
-0.334842
-0.334038
-0.333253
-0.332492
-0.331755
-0.331044
-0.330368
-0.329738
-0.329174
-0.328697
-0.32832
-0.328021
-0.327799
-0.327599
-0.327503
-0.327491
-0.364737
-0.364896
-0.365188
-0.365514
-0.365797
-0.366052
-0.36629
-0.366508
-0.366703
-0.366869
-0.367008
-0.367123
-0.367213
-0.367279
-0.367322
-0.36734
-0.367335
-0.367306
-0.367253
-0.367175
-0.367074
-0.366949
-0.3668
-0.366628
-0.366432
-0.36622
-0.365994
-0.365752
-0.365492
-0.365214
-0.364918
-0.364606
-0.364277
-0.36393
-0.363567
-0.363185
-0.362787
-0.362375
-0.361948
-0.361507
-0.361054
-0.36059
-0.360113
-0.359625
-0.359125
-0.358613
-0.358088
-0.35755
-0.356997
-0.356429
-0.355844
-0.355243
-0.354623
-0.353984
-0.353326
-0.352648
-0.351949
-0.35123
-0.35049
-0.349729
-0.348945
-0.34814
-0.347313
-0.346465
-0.345596
-0.344709
-0.343806
-0.342886
-0.341953
-0.341007
-0.340051
-0.339088
-0.338117
-0.337138
-0.336154
-0.335164
-0.33417
-0.333172
-0.332168
-0.33116
-0.330153
-0.329152
-0.32816
-0.327181
-0.326218
-0.325277
-0.324366
-0.323496
-0.322678
-0.321932
-0.321253
-0.320628
-0.320032
-0.319474
-0.318989
-0.318751
-0.318784
-0.363872
-0.364041
-0.364341
-0.364661
-0.364938
-0.365186
-0.365412
-0.365613
-0.365788
-0.365938
-0.366063
-0.366163
-0.366238
-0.366289
-0.366314
-0.366315
-0.366292
-0.366244
-0.366172
-0.366076
-0.365958
-0.365819
-0.365659
-0.365475
-0.365268
-0.36504
-0.364792
-0.364525
-0.36424
-0.363936
-0.363615
-0.363277
-0.362922
-0.362551
-0.362164
-0.361762
-0.361345
-0.360916
-0.360474
-0.360019
-0.359553
-0.359075
-0.358585
-0.358083
-0.357569
-0.357042
-0.356501
-0.355944
-0.355372
-0.354783
-0.354175
-0.353547
-0.352899
-0.35223
-0.351537
-0.350822
-0.350083
-0.349319
-0.348528
-0.34771
-0.346866
-0.345995
-0.345099
-0.344178
-0.343233
-0.342267
-0.34128
-0.340275
-0.339254
-0.338219
-0.337171
-0.336112
-0.335041
-0.333958
-0.332864
-0.331763
-0.330654
-0.329539
-0.328418
-0.327298
-0.326181
-0.325068
-0.323964
-0.32287
-0.321788
-0.320724
-0.319688
-0.318687
-0.31773
-0.316822
-0.315935
-0.315052
-0.31419
-0.313444
-0.312916
-0.312672
-0.312648
-0.363299
-0.363479
-0.363785
-0.3641
-0.364372
-0.364616
-0.364833
-0.36502
-0.36518
-0.365318
-0.365433
-0.365524
-0.36559
-0.365631
-0.365646
-0.365635
-0.3656
-0.36554
-0.365456
-0.365348
-0.365217
-0.365063
-0.364887
-0.364688
-0.364467
-0.364225
-0.363963
-0.363682
-0.363382
-0.363063
-0.362727
-0.362374
-0.362005
-0.36162
-0.36122
-0.360805
-0.360377
-0.359935
-0.359481
-0.359014
-0.358535
-0.358044
-0.357541
-0.357026
-0.356499
-0.355958
-0.355403
-0.354833
-0.354245
-0.35364
-0.353014
-0.352368
-0.351699
-0.351005
-0.350286
-0.349541
-0.348768
-0.347966
-0.347134
-0.346274
-0.345384
-0.344467
-0.343523
-0.342552
-0.341558
-0.34054
-0.339502
-0.338444
-0.337368
-0.336276
-0.335168
-0.334046
-0.33291
-0.331761
-0.3306
-0.329427
-0.328243
-0.327049
-0.325851
-0.324654
-0.323458
-0.322264
-0.321075
-0.319893
-0.318718
-0.317553
-0.316403
-0.315273
-0.314166
-0.313078
-0.312016
-0.311005
-0.310079
-0.309297
-0.308696
-0.308285
-0.308041
-0.362895
-0.363083
-0.363395
-0.363702
-0.363968
-0.364206
-0.364419
-0.364604
-0.364762
-0.364895
-0.365003
-0.365085
-0.365143
-0.365174
-0.365181
-0.365162
-0.365118
-0.365049
-0.364956
-0.364839
-0.364698
-0.364535
-0.364349
-0.36414
-0.36391
-0.363658
-0.363385
-0.363093
-0.36278
-0.362449
-0.3621
-0.361733
-0.36135
-0.360952
-0.360538
-0.360111
-0.35967
-0.359217
-0.358751
-0.358274
-0.357787
-0.357288
-0.356778
-0.356257
-0.355724
-0.355179
-0.354619
-0.354044
-0.353452
-0.352841
-0.352209
-0.351554
-0.350875
-0.35017
-0.349436
-0.348675
-0.347883
-0.347061
-0.346206
-0.345321
-0.344404
-0.343455
-0.342478
-0.341472
-0.34044
-0.339384
-0.338305
-0.337206
-0.336088
-0.334952
-0.333799
-0.33263
-0.331447
-0.330251
-0.329043
-0.327823
-0.326591
-0.325349
-0.324101
-0.322849
-0.321595
-0.320342
-0.319089
-0.317837
-0.31659
-0.315352
-0.314125
-0.312915
-0.311724
-0.310558
-0.309439
-0.308402
-0.307467
-0.306647
-0.305968
-0.305447
-0.3051
-0.362618
-0.362813
-0.363133
-0.363435
-0.363697
-0.363933
-0.364143
-0.364325
-0.36448
-0.364609
-0.364711
-0.364788
-0.36484
-0.364865
-0.364864
-0.364839
-0.364788
-0.364712
-0.364612
-0.364488
-0.36434
-0.364169
-0.363975
-0.363759
-0.363521
-0.363261
-0.36298
-0.362679
-0.362357
-0.362016
-0.361657
-0.36128
-0.360887
-0.360478
-0.360054
-0.359617
-0.359167
-0.358705
-0.358231
-0.357747
-0.357252
-0.356748
-0.356233
-0.355708
-0.355172
-0.354624
-0.354062
-0.353485
-0.352891
-0.352278
-0.351644
-0.350987
-0.350304
-0.349594
-0.348856
-0.348086
-0.347285
-0.346451
-0.345584
-0.344682
-0.343746
-0.342777
-0.341775
-0.340745
-0.339687
-0.338604
-0.337498
-0.336371
-0.335225
-0.334061
-0.332879
-0.33168
-0.330466
-0.32924
-0.328001
-0.326749
-0.325486
-0.324214
-0.322933
-0.321648
-0.32036
-0.319071
-0.317781
-0.316487
-0.315196
-0.313912
-0.312639
-0.311382
-0.310151
-0.308955
-0.307812
-0.306744
-0.305778
-0.30494
-0.304246
-0.303678
-0.303269
-0.36243
-0.362628
-0.362956
-0.363253
-0.363514
-0.363749
-0.363957
-0.364137
-0.36429
-0.364416
-0.364515
-0.364588
-0.364634
-0.364655
-0.364649
-0.364618
-0.364562
-0.36448
-0.364374
-0.364245
-0.364091
-0.363914
-0.363714
-0.363492
-0.363248
-0.362982
-0.362695
-0.362386
-0.362058
-0.361709
-0.361342
-0.360956
-0.360554
-0.360137
-0.359705
-0.359259
-0.358801
-0.358332
-0.357852
-0.357361
-0.356861
-0.356352
-0.355834
-0.355307
-0.35477
-0.354222
-0.353662
-0.353087
-0.352496
-0.351887
-0.351256
-0.350601
-0.34992
-0.349211
-0.348471
-0.3477
-0.346896
-0.346057
-0.345183
-0.344272
-0.343325
-0.342343
-0.341326
-0.340279
-0.339204
-0.338102
-0.336976
-0.335831
-0.334668
-0.333485
-0.332284
-0.331064
-0.329832
-0.328588
-0.32733
-0.326059
-0.324776
-0.323486
-0.322189
-0.320888
-0.319583
-0.318277
-0.316969
-0.315659
-0.314351
-0.31305
-0.311758
-0.310485
-0.309235
-0.30802
-0.306851
-0.305746
-0.304726
-0.30383
-0.303089
-0.30249
-0.302043
-0.362305
-0.362505
-0.362843
-0.363135
-0.363395
-0.363629
-0.363836
-0.364014
-0.364166
-0.364289
-0.364386
-0.364456
-0.364498
-0.364515
-0.364505
-0.364469
-0.364408
-0.364322
-0.364212
-0.364077
-0.363919
-0.363737
-0.363533
-0.363306
-0.363057
-0.362786
-0.362494
-0.36218
-0.361846
-0.361491
-0.361117
-0.360725
-0.360316
-0.359892
-0.359453
-0.359001
-0.358537
-0.358062
-0.357577
-0.357083
-0.356579
-0.356068
-0.355549
-0.355021
-0.354485
-0.353939
-0.353382
-0.352811
-0.352225
-0.35162
-0.350994
-0.350345
-0.349668
-0.348962
-0.348226
-0.347457
-0.346654
-0.345815
-0.344939
-0.344025
-0.343072
-0.342081
-0.341055
-0.339997
-0.33891
-0.337795
-0.336656
-0.335501
-0.334327
-0.333133
-0.331921
-0.330692
-0.32945
-0.328194
-0.326923
-0.32564
-0.324347
-0.323048
-0.321745
-0.320437
-0.319127
-0.317814
-0.316501
-0.31519
-0.313882
-0.31258
-0.311287
-0.31001
-0.308753
-0.307526
-0.306336
-0.305204
-0.304148
-0.30321
-0.302421
-0.301782
-0.30129
-0.362227
-0.362427
-0.362776
-0.36306
-0.363323
-0.363555
-0.363761
-0.363939
-0.364088
-0.36421
-0.364304
-0.364371
-0.36441
-0.364423
-0.364409
-0.36437
-0.364305
-0.364215
-0.3641
-0.363962
-0.3638
-0.363615
-0.363407
-0.363176
-0.362924
-0.362649
-0.362353
-0.362036
-0.361698
-0.361339
-0.360961
-0.360565
-0.360151
-0.359722
-0.359278
-0.358821
-0.358352
-0.357873
-0.357384
-0.356887
-0.356381
-0.355869
-0.355348
-0.354822
-0.354287
-0.353744
-0.353191
-0.352626
-0.352045
-0.351448
-0.350828
-0.350185
-0.349514
-0.348815
-0.348083
-0.347319
-0.346519
-0.345683
-0.344808
-0.343894
-0.342938
-0.341943
-0.34091
-0.339845
-0.338749
-0.337626
-0.336481
-0.335319
-0.334137
-0.332936
-0.331716
-0.330483
-0.329235
-0.32797
-0.326691
-0.325403
-0.324106
-0.322804
-0.321498
-0.32019
-0.31888
-0.317568
-0.316257
-0.314949
-0.313645
-0.312346
-0.311055
-0.309777
-0.308515
-0.30728
-0.306075
-0.304924
-0.303842
-0.302877
-0.302056
-0.301394
-0.300883
-0.362182
-0.362381
-0.36274
-0.363017
-0.363282
-0.363512
-0.363718
-0.363894
-0.364042
-0.364162
-0.364254
-0.364318
-0.364354
-0.364364
-0.364348
-0.364305
-0.364237
-0.364144
-0.364027
-0.363886
-0.36372
-0.363533
-0.363322
-0.363089
-0.362834
-0.362558
-0.362259
-0.36194
-0.361599
-0.361238
-0.360857
-0.360457
-0.36004
-0.359607
-0.35916
-0.3587
-0.358227
-0.357746
-0.357254
-0.356755
-0.356248
-0.355735
-0.355215
-0.35469
-0.354158
-0.353619
-0.35307
-0.352511
-0.351937
-0.351347
-0.350735
-0.350099
-0.349435
-0.348742
-0.348016
-0.347257
-0.346461
-0.345629
-0.344756
-0.343843
-0.342887
-0.341889
-0.340853
-0.339782
-0.338678
-0.337549
-0.3364
-0.335232
-0.334043
-0.332838
-0.331616
-0.33038
-0.329128
-0.327859
-0.326578
-0.325288
-0.32399
-0.322687
-0.321381
-0.320075
-0.318767
-0.317459
-0.316152
-0.314847
-0.313546
-0.312249
-0.310958
-0.309678
-0.308411
-0.307169
-0.305952
-0.304787
-0.303685
-0.302699
-0.301857
-0.301194
-0.300683
-0.362159
-0.362359
-0.362727
-0.362995
-0.363264
-0.363491
-0.363697
-0.363871
-0.364018
-0.364136
-0.364226
-0.364288
-0.364322
-0.36433
-0.36431
-0.364266
-0.364195
-0.3641
-0.36398
-0.363837
-0.36367
-0.363481
-0.363269
-0.363035
-0.362778
-0.362501
-0.362201
-0.361881
-0.361538
-0.361176
-0.360793
-0.360392
-0.359972
-0.359537
-0.359087
-0.358625
-0.35815
-0.357667
-0.357174
-0.356674
-0.356167
-0.355655
-0.355136
-0.354613
-0.354084
-0.353549
-0.353006
-0.352453
-0.351886
-0.351302
-0.350697
-0.350069
-0.349412
-0.348725
-0.348003
-0.347249
-0.346457
-0.345629
-0.344758
-0.343847
-0.342889
-0.34189
-0.34085
-0.339774
-0.338663
-0.337529
-0.336376
-0.335204
-0.334012
-0.332806
-0.331582
-0.330345
-0.329092
-0.327822
-0.32654
-0.325249
-0.32395
-0.322648
-0.321343
-0.320039
-0.318733
-0.317429
-0.316124
-0.314822
-0.313522
-0.312226
-0.310935
-0.309653
-0.308382
-0.307135
-0.30591
-0.304733
-0.303615
-0.302614
-0.301759
-0.301107
-0.300605
-0.362151
-0.362351
-0.362727
-0.362988
-0.36326
-0.363484
-0.36369
-0.363862
-0.364008
-0.364125
-0.364213
-0.364273
-0.364305
-0.364312
-0.36429
-0.364244
-0.364172
-0.364076
-0.363955
-0.363811
-0.363643
-0.363453
-0.36324
-0.363006
-0.362749
-0.362471
-0.362171
-0.36185
-0.361508
-0.361145
-0.360761
-0.36036
-0.359939
-0.359503
-0.359051
-0.358588
-0.358112
-0.357628
-0.357135
-0.356635
-0.356128
-0.355617
-0.355101
-0.354581
-0.354054
-0.353524
-0.352986
-0.352439
-0.351878
-0.351301
-0.350703
-0.35008
-0.349428
-0.348746
-0.348029
-0.347278
-0.346488
-0.345662
-0.344793
-0.343881
-0.342921
-0.341921
-0.340877
-0.339796
-0.33868
-0.337544
-0.336387
-0.335213
-0.33402
-0.332813
-0.331589
-0.330351
-0.329098
-0.327828
-0.326545
-0.325254
-0.323955
-0.322653
-0.321349
-0.320046
-0.318743
-0.31744
-0.316138
-0.314837
-0.313538
-0.312241
-0.310949
-0.309664
-0.308391
-0.307141
-0.30591
-0.304725
-0.303597
-0.302585
-0.301722
-0.301085
-0.300587
-0.362152
-0.362354
-0.362735
-0.362989
-0.363264
-0.363486
-0.363692
-0.363863
-0.364008
-0.364123
-0.36421
-0.364269
-0.3643
-0.364306
-0.364283
-0.364236
-0.364163
-0.364067
-0.363945
-0.363802
-0.363633
-0.363444
-0.363231
-0.362997
-0.36274
-0.362463
-0.362164
-0.361844
-0.361501
-0.36114
-0.360756
-0.360354
-0.359932
-0.359496
-0.359044
-0.358581
-0.358105
-0.357622
-0.357128
-0.35663
-0.356124
-0.355615
-0.355101
-0.354584
-0.35406
-0.353535
-0.353001
-0.352459
-0.351903
-0.351332
-0.350738
-0.350121
-0.349472
-0.348793
-0.348077
-0.347327
-0.346539
-0.345713
-0.344844
-0.343931
-0.34297
-0.341968
-0.340921
-0.339835
-0.338715
-0.337576
-0.336416
-0.335241
-0.334048
-0.332841
-0.331617
-0.330379
-0.329126
-0.327856
-0.326574
-0.325281
-0.323982
-0.322681
-0.321377
-0.320076
-0.318773
-0.317471
-0.31617
-0.314869
-0.31357
-0.312272
-0.310979
-0.309692
-0.308418
-0.307165
-0.305931
-0.304741
-0.303606
-0.302586
-0.301718
-0.301095
-0.300603
-0.362158
-0.362363
-0.362746
-0.362996
-0.363273
-0.363493
-0.363699
-0.363869
-0.364013
-0.364128
-0.364214
-0.364273
-0.364304
-0.364309
-0.364286
-0.364239
-0.364166
-0.36407
-0.363949
-0.363806
-0.363638
-0.36345
-0.363237
-0.363005
-0.362749
-0.362474
-0.362175
-0.361856
-0.361515
-0.361154
-0.36077
-0.360369
-0.359948
-0.359513
-0.35906
-0.358598
-0.358123
-0.35764
-0.357148
-0.356651
-0.356147
-0.355641
-0.355129
-0.354614
-0.354094
-0.353572
-0.353042
-0.352505
-0.351952
-0.351385
-0.350794
-0.350179
-0.349531
-0.348853
-0.348137
-0.347387
-0.346598
-0.345772
-0.344901
-0.343987
-0.343025
-0.34202
-0.340969
-0.33988
-0.338758
-0.337615
-0.336455
-0.335279
-0.334086
-0.332879
-0.331655
-0.330417
-0.329164
-0.327894
-0.326612
-0.325319
-0.32402
-0.322717
-0.321415
-0.320113
-0.318811
-0.317509
-0.316208
-0.314906
-0.313607
-0.312307
-0.311013
-0.309725
-0.30845
-0.307196
-0.30596
-0.304769
-0.30363
-0.302605
-0.301731
-0.301123
-0.30064
-0.362167
-0.362374
-0.362759
-0.363006
-0.363284
-0.363502
-0.363709
-0.363878
-0.364023
-0.364137
-0.364224
-0.364283
-0.364314
-0.364319
-0.364297
-0.364251
-0.364178
-0.364083
-0.363963
-0.363821
-0.363655
-0.363468
-0.363257
-0.363026
-0.362771
-0.362497
-0.3622
-0.361883
-0.361543
-0.361183
-0.360801
-0.360401
-0.359981
-0.359546
-0.359095
-0.358634
-0.35816
-0.357679
-0.357188
-0.356693
-0.356191
-0.355687
-0.355177
-0.354665
-0.354147
-0.353628
-0.353101
-0.352566
-0.352017
-0.351451
-0.350861
-0.350246
-0.349599
-0.348919
-0.348203
-0.347451
-0.34666
-0.345832
-0.344959
-0.344043
-0.343079
-0.342072
-0.341018
-0.339926
-0.338801
-0.337657
-0.336495
-0.335319
-0.334126
-0.332919
-0.331696
-0.330458
-0.329205
-0.327934
-0.326651
-0.325358
-0.324058
-0.322756
-0.321453
-0.320151
-0.318849
-0.317547
-0.316246
-0.314942
-0.313642
-0.312342
-0.311047
-0.309757
-0.308482
-0.307228
-0.305992
-0.304801
-0.303661
-0.302632
-0.301754
-0.301161
-0.30069
-0.362177
-0.362385
-0.362772
-0.363016
-0.363296
-0.363514
-0.363721
-0.36389
-0.364035
-0.36415
-0.364237
-0.364296
-0.364328
-0.364334
-0.364313
-0.364268
-0.364197
-0.364104
-0.363985
-0.363845
-0.36368
-0.363495
-0.363285
-0.363056
-0.362803
-0.362531
-0.362236
-0.36192
-0.361582
-0.361223
-0.360843
-0.360444
-0.360025
-0.359592
-0.359142
-0.358683
-0.35821
-0.357731
-0.357243
-0.35675
-0.356249
-0.355747
-0.355239
-0.354729
-0.354213
-0.353696
-0.353171
-0.352638
-0.352089
-0.351523
-0.350933
-0.350317
-0.349668
-0.348987
-0.348268
-0.347514
-0.34672
-0.34589
-0.345014
-0.344096
-0.343129
-0.342119
-0.341063
-0.339968
-0.338842
-0.337697
-0.336535
-0.335358
-0.334166
-0.332959
-0.331735
-0.330497
-0.329244
-0.327972
-0.326689
-0.325394
-0.324095
-0.322792
-0.321489
-0.320187
-0.318884
-0.317581
-0.316279
-0.314975
-0.313674
-0.312372
-0.311077
-0.309786
-0.308511
-0.307258
-0.306023
-0.304833
-0.303693
-0.302663
-0.301783
-0.301205
-0.300745
-0.362186
-0.362397
-0.362784
-0.363027
-0.363308
-0.363525
-0.363733
-0.363903
-0.364049
-0.364164
-0.364252
-0.364312
-0.364345
-0.364352
-0.364333
-0.364289
-0.36422
-0.364129
-0.364012
-0.363874
-0.363711
-0.363527
-0.36332
-0.363092
-0.362842
-0.362571
-0.362277
-0.361964
-0.361627
-0.36127
-0.360891
-0.360494
-0.360077
-0.359645
-0.359198
-0.35874
-0.358269
-0.357793
-0.357306
-0.356815
-0.356316
-0.355815
-0.355309
-0.3548
-0.354286
-0.35377
-0.353245
-0.352712
-0.352163
-0.351597
-0.351005
-0.350387
-0.349736
-0.349051
-0.34833
-0.347573
-0.346776
-0.345943
-0.345065
-0.344144
-0.343174
-0.342162
-0.341103
-0.340007
-0.33888
-0.337734
-0.336572
-0.335395
-0.334203
-0.332995
-0.331772
-0.330532
-0.329279
-0.328006
-0.326723
-0.325427
-0.324128
-0.322824
-0.321521
-0.320218
-0.318915
-0.317611
-0.316308
-0.315003
-0.313702
-0.312398
-0.311102
-0.309811
-0.308536
-0.307285
-0.306052
-0.304863
-0.303725
-0.302696
-0.301815
-0.30125
-0.3008
-0.362194
-0.362407
-0.362794
-0.363037
-0.363319
-0.363536
-0.363745
-0.363916
-0.364063
-0.364179
-0.364268
-0.36433
-0.364364
-0.364372
-0.364355
-0.364313
-0.364246
-0.364156
-0.364042
-0.363905
-0.363744
-0.363562
-0.363357
-0.363131
-0.362883
-0.362614
-0.362322
-0.36201
-0.361675
-0.36132
-0.360943
-0.360547
-0.360132
-0.359702
-0.359256
-0.358801
-0.358332
-0.357857
-0.357373
-0.356883
-0.356386
-0.355886
-0.355381
-0.354874
-0.354361
-0.353845
-0.35332
-0.352787
-0.352236
-0.351668
-0.351074
-0.350454
-0.349799
-0.349112
-0.348387
-0.347627
-0.346828
-0.345991
-0.34511
-0.344186
-0.343214
-0.3422
-0.341139
-0.340042
-0.338914
-0.337767
-0.336606
-0.335428
-0.334236
-0.333028
-0.331804
-0.330563
-0.329309
-0.328036
-0.326752
-0.325456
-0.324156
-0.322851
-0.321548
-0.320244
-0.31894
-0.317636
-0.316332
-0.315026
-0.313724
-0.31242
-0.311124
-0.309832
-0.308558
-0.307308
-0.306077
-0.30489
-0.303754
-0.302728
-0.301848
-0.301293
-0.300854
-0.362201
-0.362415
-0.362803
-0.363046
-0.363329
-0.363547
-0.363757
-0.363928
-0.364076
-0.364193
-0.364284
-0.364347
-0.364383
-0.364393
-0.364377
-0.364337
-0.364272
-0.364184
-0.364071
-0.363937
-0.363778
-0.363598
-0.363394
-0.363171
-0.362924
-0.362657
-0.362367
-0.362057
-0.361723
-0.36137
-0.360994
-0.3606
-0.360186
-0.359759
-0.359315
-0.358861
-0.358395
-0.357921
-0.357438
-0.35695
-0.356455
-0.355956
-0.355452
-0.354945
-0.354433
-0.353916
-0.353391
-0.352856
-0.352304
-0.351734
-0.351138
-0.350514
-0.349857
-0.349167
-0.348439
-0.347676
-0.346874
-0.346034
-0.345151
-0.344224
-0.34325
-0.342233
-0.341171
-0.340072
-0.338944
-0.337797
-0.336635
-0.335458
-0.334265
-0.333056
-0.331831
-0.33059
-0.329335
-0.32806
-0.326776
-0.325479
-0.324179
-0.322874
-0.321571
-0.320266
-0.318962
-0.317656
-0.316352
-0.315045
-0.313743
-0.312437
-0.311141
-0.309849
-0.308576
-0.307327
-0.306098
-0.304913
-0.303781
-0.302759
-0.301879
-0.301333
-0.300904
-0.362206
-0.362423
-0.362811
-0.363054
-0.363338
-0.363556
-0.363767
-0.363939
-0.364089
-0.364207
-0.364299
-0.364363
-0.364401
-0.364412
-0.364398
-0.36436
-0.364296
-0.36421
-0.3641
-0.363967
-0.36381
-0.363631
-0.36343
-0.363207
-0.362962
-0.362697
-0.362408
-0.362099
-0.361767
-0.361415
-0.361041
-0.360649
-0.360237
-0.359812
-0.359369
-0.358918
-0.358453
-0.357981
-0.3575
-0.357013
-0.356519
-0.356021
-0.355517
-0.355011
-0.354498
-0.353982
-0.353456
-0.35292
-0.352366
-0.351793
-0.351195
-0.350569
-0.349909
-0.349216
-0.348485
-0.347719
-0.346915
-0.346072
-0.345186
-0.344257
-0.343281
-0.342262
-0.341199
-0.340099
-0.338971
-0.337824
-0.336661
-0.335483
-0.33429
-0.33308
-0.331854
-0.330611
-0.329356
-0.328081
-0.326796
-0.325499
-0.324198
-0.322893
-0.321589
-0.320283
-0.318979
-0.317673
-0.316368
-0.31506
-0.313757
-0.312451
-0.311155
-0.309863
-0.308591
-0.307343
-0.306115
-0.304933
-0.303804
-0.302786
-0.301908
-0.301369
-0.30095
-0.362211
-0.362429
-0.362817
-0.363061
-0.363345
-0.363565
-0.363777
-0.36395
-0.3641
-0.364219
-0.364313
-0.364378
-0.364417
-0.36443
-0.364417
-0.36438
-0.364319
-0.364234
-0.364125
-0.363993
-0.363838
-0.363661
-0.363461
-0.36324
-0.362996
-0.362732
-0.362444
-0.362137
-0.361806
-0.361456
-0.361083
-0.360692
-0.360282
-0.359858
-0.359417
-0.358967
-0.358504
-0.358034
-0.357553
-0.357068
-0.356575
-0.356077
-0.355574
-0.355068
-0.354556
-0.354038
-0.353512
-0.352974
-0.352419
-0.351844
-0.351244
-0.350615
-0.349953
-0.349257
-0.348525
-0.347757
-0.34695
-0.346105
-0.345217
-0.344285
-0.343307
-0.342287
-0.341222
-0.340122
-0.338993
-0.337846
-0.336683
-0.335504
-0.33431
-0.333099
-0.331873
-0.330629
-0.329374
-0.328097
-0.326812
-0.325514
-0.324214
-0.322908
-0.321604
-0.320297
-0.318993
-0.317686
-0.31638
-0.315072
-0.313768
-0.312462
-0.311166
-0.309874
-0.308603
-0.307355
-0.306129
-0.304948
-0.303824
-0.30281
-0.301934
-0.3014
-0.300989
-0.362215
-0.362434
-0.362822
-0.363067
-0.363352
-0.363572
-0.363785
-0.363958
-0.36411
-0.36423
-0.364324
-0.364391
-0.36443
-0.364445
-0.364433
-0.364398
-0.364337
-0.364254
-0.364146
-0.364015
-0.363861
-0.363685
-0.363486
-0.363267
-0.363024
-0.362761
-0.362475
-0.362168
-0.361839
-0.361489
-0.361118
-0.360728
-0.360319
-0.359896
-0.359457
-0.359008
-0.358546
-0.358077
-0.357598
-0.357113
-0.356621
-0.356124
-0.355621
-0.355116
-0.354603
-0.354085
-0.353557
-0.353019
-0.352462
-0.351886
-0.351284
-0.350653
-0.349989
-0.349292
-0.348558
-0.347787
-0.346979
-0.346132
-0.345242
-0.344309
-0.343329
-0.342307
-0.341242
-0.340141
-0.339012
-0.337864
-0.336701
-0.335522
-0.334327
-0.333115
-0.331888
-0.330644
-0.329387
-0.32811
-0.326824
-0.325526
-0.324225
-0.322919
-0.321615
-0.320308
-0.319003
-0.317695
-0.31639
-0.315081
-0.313777
-0.312471
-0.311174
-0.309883
-0.308612
-0.307364
-0.306139
-0.30496
-0.303839
-0.302829
-0.301954
-0.301426
-0.301022
-0.362218
-0.362438
-0.362826
-0.363072
-0.363357
-0.363578
-0.363791
-0.363965
-0.364117
-0.364239
-0.364333
-0.364401
-0.364442
-0.364457
-0.364446
-0.364412
-0.364352
-0.364269
-0.364162
-0.364033
-0.36388
-0.363705
-0.363507
-0.363288
-0.363046
-0.362784
-0.362498
-0.362193
-0.361864
-0.361515
-0.361144
-0.360756
-0.360348
-0.359926
-0.359488
-0.359039
-0.358578
-0.35811
-0.357632
-0.357148
-0.356656
-0.35616
-0.355657
-0.355152
-0.354639
-0.354121
-0.353593
-0.353053
-0.352496
-0.351918
-0.351315
-0.350682
-0.350017
-0.349318
-0.348583
-0.347811
-0.347002
-0.346154
-0.345263
-0.344328
-0.343347
-0.342324
-0.341258
-0.340156
-0.339027
-0.337879
-0.336715
-0.335535
-0.33434
-0.333127
-0.3319
-0.330655
-0.329398
-0.32812
-0.326834
-0.325535
-0.324234
-0.322928
-0.321623
-0.320316
-0.319011
-0.317703
-0.316397
-0.315088
-0.313784
-0.312477
-0.31118
-0.309889
-0.308619
-0.307371
-0.306146
-0.304968
-0.30385
-0.302843
-0.30197
-0.301446
-0.301048
-0.362221
-0.362441
-0.362829
-0.363075
-0.363361
-0.363582
-0.363796
-0.363971
-0.364123
-0.364245
-0.364341
-0.364409
-0.36445
-0.364466
-0.364456
-0.364422
-0.364363
-0.364281
-0.364175
-0.364046
-0.363893
-0.363719
-0.363522
-0.363303
-0.363062
-0.3628
-0.362515
-0.36221
-0.361882
-0.361534
-0.361164
-0.360776
-0.360368
-0.359947
-0.35951
-0.359062
-0.358602
-0.358134
-0.357656
-0.357173
-0.356681
-0.356185
-0.355683
-0.355178
-0.354665
-0.354146
-0.353618
-0.353078
-0.352519
-0.351941
-0.351336
-0.350703
-0.350037
-0.349338
-0.348601
-0.347829
-0.347018
-0.346169
-0.345277
-0.344342
-0.34336
-0.342336
-0.34127
-0.340168
-0.339038
-0.337889
-0.336726
-0.335545
-0.334349
-0.333136
-0.331908
-0.330663
-0.329405
-0.328127
-0.326841
-0.325542
-0.32424
-0.322933
-0.321629
-0.320321
-0.319016
-0.317708
-0.316402
-0.315092
-0.313788
-0.312481
-0.311185
-0.309893
-0.308623
-0.307375
-0.306151
-0.304974
-0.303857
-0.302852
-0.301981
-0.30146
-0.301065
-0.362222
-0.362443
-0.362832
-0.363078
-0.363364
-0.363586
-0.3638
-0.363975
-0.364128
-0.36425
-0.364346
-0.364414
-0.364456
-0.364472
-0.364462
-0.364429
-0.36437
-0.364289
-0.364183
-0.364055
-0.363902
-0.363728
-0.363531
-0.363313
-0.363072
-0.362811
-0.362526
-0.362221
-0.361893
-0.361546
-0.361176
-0.360788
-0.360381
-0.35996
-0.359523
-0.359076
-0.358616
-0.358149
-0.357671
-0.357188
-0.356697
-0.356201
-0.355699
-0.355193
-0.35468
-0.354162
-0.353633
-0.353092
-0.352534
-0.351955
-0.35135
-0.350716
-0.35005
-0.349349
-0.348613
-0.34784
-0.347029
-0.346179
-0.345287
-0.34435
-0.343368
-0.342344
-0.341277
-0.340175
-0.339045
-0.337896
-0.336732
-0.335551
-0.334355
-0.333141
-0.331913
-0.330667
-0.32941
-0.328131
-0.326845
-0.325546
-0.324244
-0.322937
-0.321632
-0.320324
-0.319019
-0.31771
-0.316404
-0.315095
-0.313791
-0.312483
-0.311187
-0.309896
-0.308625
-0.307378
-0.306153
-0.304976
-0.303861
-0.302857
-0.301987
-0.301468
-0.301074
-0.362223
-0.362444
-0.362833
-0.36308
-0.363365
-0.363587
-0.363802
-0.363977
-0.36413
-0.364252
-0.364348
-0.364417
-0.364459
-0.364475
-0.364466
-0.364432
-0.364374
-0.364293
-0.364187
-0.364059
-0.363907
-0.363733
-0.363536
-0.363318
-0.363077
-0.362816
-0.362531
-0.362227
-0.361899
-0.361551
-0.361182
-0.360794
-0.360387
-0.359967
-0.35953
-0.359083
-0.358623
-0.358156
-0.357679
-0.357195
-0.356704
-0.356208
-0.355706
-0.355201
-0.354687
-0.354169
-0.35364
-0.353099
-0.35254
-0.351961
-0.351356
-0.350722
-0.350055
-0.349355
-0.348618
-0.347845
-0.347033
-0.346184
-0.345291
-0.344355
-0.343372
-0.342348
-0.341281
-0.340178
-0.339048
-0.337899
-0.336735
-0.335554
-0.334358
-0.333144
-0.331916
-0.33067
-0.329412
-0.328134
-0.326847
-0.325547
-0.324246
-0.322938
-0.321634
-0.320326
-0.31902
-0.317712
-0.316406
-0.315096
-0.313792
-0.312485
-0.311188
-0.309897
-0.308626
-0.307379
-0.306154
-0.304977
-0.303863
-0.302859
-0.30199
-0.301473
-0.301075
-0.362224
-0.362445
-0.362834
-0.36308
-0.363366
-0.363588
-0.363802
-0.363978
-0.364131
-0.364253
-0.364349
-0.364418
-0.36446
-0.364476
-0.364467
-0.364434
-0.364376
-0.364294
-0.364189
-0.36406
-0.363908
-0.363735
-0.363538
-0.36332
-0.363079
-0.362818
-0.362533
-0.362229
-0.361901
-0.361553
-0.361184
-0.360796
-0.36039
-0.359969
-0.359532
-0.359085
-0.358625
-0.358158
-0.357681
-0.357198
-0.356707
-0.356211
-0.355709
-0.355203
-0.35469
-0.354171
-0.353642
-0.353102
-0.352543
-0.351964
-0.351358
-0.350725
-0.350058
-0.349357
-0.34862
-0.347847
-0.347036
-0.346186
-0.345293
-0.344356
-0.343374
-0.34235
-0.341282
-0.34018
-0.33905
-0.337901
-0.336736
-0.335555
-0.334359
-0.333145
-0.331917
-0.330671
-0.329413
-0.328135
-0.326847
-0.325548
-0.324247
-0.322939
-0.321634
-0.320327
-0.319021
-0.317713
-0.316406
-0.315097
-0.313792
-0.312485
-0.311189
-0.309897
-0.308627
-0.307379
-0.306155
-0.304978
-0.303863
-0.302859
-0.301989
-0.301463
-0.301088
-1.25422
-1.31174
-1.37802
-1.4577
-1.54961
-1.66653
-1.79741
-1.9756
-2.18259
-2.43098
-2.62442
-2.56818
-2.10015
-1.66195
-1.14953
-0.749861
-0.396357
-0.154085
-0.046983
-0.0938621
-0.181624
-0.278796
-0.464553
-0.50772
-0.589545
-0.486088
-0.466816
-0.30092
-0.116261
-0.081039
-0.29252
-0.210244
-0.039047
-1.25629
-1.3137
-1.37984
-1.45934
-1.55085
-1.66758
-1.79809
-1.97485
-2.18278
-2.42694
-2.61125
-2.57333
-2.10613
-1.67369
-1.16566
-0.764466
-0.407326
-0.162602
-0.0586837
-0.106947
-0.192687
-0.288787
-0.477213
-0.521654
-0.602954
-0.489918
-0.461537
-0.294627
-0.114095
-0.0796654
-0.290542
-0.210821
-0.0407348
-1.25794
-1.31522
-1.38115
-1.46039
-1.55141
-1.66768
-1.79752
-1.97212
-2.17895
-2.41685
-2.59025
-2.56941
-2.10814
-1.68334
-1.18116
-0.778782
-0.41965
-0.168127
-0.0710052
-0.120738
-0.204359
-0.299244
-0.490735
-0.53643
-0.617011
-0.49414
-0.455547
-0.287551
-0.111747
-0.0782477
-0.288014
-0.211224
-0.0427203
-1.25906
-1.31613
-1.38176
-1.46061
-1.55102
-1.66648
-1.7953
-1.96688
-2.1703
-2.40054
-2.56028
-2.55422
-2.10555
-1.69003
-1.19589
-0.793428
-0.433636
-0.170948
-0.0836525
-0.135064
-0.216556
-0.310184
-0.505098
-0.552018
-0.631679
-0.49853
-0.448919
-0.279662
-0.10917
-0.0768177
-0.284862
-0.211313
-0.0449575
-1.25954
-1.31629
-1.3815
-1.4598
-1.54944
-1.6637
-1.79108
-1.95874
-2.15656
-2.37784
-2.52227
-2.52805
-2.09798
-1.69338
-1.20766
-0.807535
-0.448007
-0.173746
-0.0963885
-0.149836
-0.229173
-0.321711
-0.52031
-0.568377
-0.646896
-0.502964
-0.441755
-0.270917
-0.106347
-0.0753435
-0.281036
-0.211012
-0.0474424
-1.25925
-1.31558
-1.38019
-1.45774
-1.54639
-1.65903
-1.7845
-1.94736
-2.13776
-2.3485
-2.47759
-2.49145
-2.08499
-1.69353
-1.21775
-0.820972
-0.462294
-0.17868
-0.10892
-0.164883
-0.242057
-0.333941
-0.536392
-0.585506
-0.6626
-0.507502
-0.434003
-0.261262
-0.103271
-0.0738072
-0.276505
-0.210243
-0.0501374
-1.25805
-1.31381
-1.37764
-1.45419
-1.54159
-1.65214
-1.77522
-1.93236
-2.11389
-2.31245
-2.42729
-2.44545
-2.06659
-1.68985
-1.22763
-0.83453
-0.477035
-0.186816
-0.120966
-0.179924
-0.255039
-0.346928
-0.553396
-0.603426
-0.678729
-0.512078
-0.425565
-0.250707
-0.0999471
-0.0721945
-0.27125
-0.209045
-0.0530139
-1.25578
-1.31084
-1.37367
-1.44891
-1.53474
-1.6427
-1.76286
-1.9135
-2.08512
-2.27027
-2.37246
-2.39186
-2.04301
-1.68243
-1.23548
-0.847307
-0.491355
-0.198006
-0.132232
-0.194628
-0.2679
-0.360638
-0.571403
-0.62217
-0.695219
-0.516501
-0.416381
-0.239309
-0.0963627
-0.07048
-0.26527
-0.207683
-0.0560539
-1.2522
-1.30642
-1.36808
-1.4417
-1.52559
-1.63042
-1.74712
-1.89054
-2.05165
-2.22271
-2.31398
-2.3323
-2.01402
-1.67123
-1.24078
-0.858671
-0.505099
-0.213852
-0.141981
-0.208632
-0.280326
-0.375058
-0.590418
-0.641768
-0.712024
-0.520762
-0.406368
-0.227124
-0.0924955
-0.0686167
-0.25859
-0.206315
-0.0592483
-1.24708
-1.30033
-1.36065
-1.43235
-1.5139
-1.61504
-1.72771
-1.86331
-2.01362
-2.17028
-2.25216
-2.26788
-1.97972
-1.65565
-1.24331
-0.868628
-0.520162
-0.233894
-0.151983
-0.22148
-0.291844
-0.390233
-0.61037
-0.662264
-0.729162
-0.524969
-0.39554
-0.214252
-0.0883154
-0.0665437
-0.251277
-0.204873
-0.062578
-1.24007
-1.29222
-1.35103
-1.42059
-1.49948
-1.59645
-1.70455
-1.83183
-1.97113
-2.11342
-2.18697
-2.19939
-1.94028
-1.63579
-1.2426
-0.876774
-0.535781
-0.256066
-0.169351
-0.232775
-0.301604
-0.406243
-0.631177
-0.683719
-0.746715
-0.529059
-0.384134
-0.200828
-0.0837815
-0.0642188
-0.243472
-0.203335
-0.066021
-1.23087
-1.2818
-1.33899
-1.40617
-1.48207
-1.57443
-1.67751
-1.79635
-1.92469
-2.05322
-2.11906
-2.128
-1.89622
-1.61184
-1.23875
-0.883181
-0.550632
-0.279666
-0.19203
-0.246783
-0.308192
-0.423151
-0.652721
-0.706126
-0.764786
-0.532947
-0.372366
-0.186924
-0.0788403
-0.0616099
-0.235364
-0.201702
-0.0695386
-1.21899
-1.26845
-1.32392
-1.38862
-1.46149
-1.54896
-1.64656
-1.75705
-1.87456
-1.9903
-2.04892
-2.05437
-1.84803
-1.58391
-1.23149
-0.887501
-0.564831
-0.303636
-0.215756
-0.266876
-0.311324
-0.441228
-0.674979
-0.729463
-0.783369
-0.536599
-0.360163
-0.172511
-0.0734329
-0.0586917
-0.227176
-0.199938
-0.0730767
-1.20293
-1.25067
-1.30417
-1.36596
-1.43541
-1.51746
-1.60883
-1.71079
-1.81692
-1.92005
-1.97135
-1.97283
-1.79135
-1.54864
-1.21893
-0.889084
-0.578757
-0.328637
-0.241707
-0.29058
-0.317691
-0.462343
-0.699523
-0.756131
-0.804444
-0.540343
-0.346958
-0.157153
-0.0674624
-0.0553673
-0.218873
-0.198003
-0.0767253
-1.18083
-1.22569
-1.27709
-1.33623
-1.40241
-1.47898
-1.56345
-1.65648
-1.75113
-1.84189
-1.88558
-1.8832
-1.72564
-1.50525
-1.20008
-0.887221
-0.591864
-0.354931
-0.269667
-0.313332
-0.334615
-0.484662
-0.726447
-0.786527
-0.828309
-0.544114
-0.332354
-0.140611
-0.060829
-0.0516476
-0.210611
-0.195751
-0.0803055
-1.15509
-1.1949
-1.24242
-1.29819
-1.36129
-1.43327
-1.51202
-1.59697
-1.6816
-1.76047
-1.79683
-1.79143
-1.6558
-1.4572
-1.1766
-0.882223
-0.603484
-0.380525
-0.297306
-0.336176
-0.358985
-0.507864
-0.754058
-0.818866
-0.853525
-0.548031
-0.316902
-0.12337
-0.0536255
-0.0474306
-0.202522
-0.193253
-0.0837886
-1.12855
-1.16354
-1.20542
-1.25509
-1.31249
-1.37801
-1.45038
-1.52723
-1.60321
-1.67123
-1.70281
-1.69692
-1.58217
-1.40502
-1.14838
-0.873994
-0.613292
-0.405259
-0.324934
-0.360488
-0.386387
-0.539021
-0.784573
-0.853585
-0.880383
-0.551952
-0.300638
-0.105391
-0.0458652
-0.0427033
-0.194623
-0.190484
-0.0871416
-1.10495
-1.13732
-1.17486
-1.21828
-1.26848
-1.32541
-1.3889
-1.45592
-1.52262
-1.58068
-1.61026
-1.60529
-1.50813
-1.34977
-1.11568
-0.862582
-0.621148
-0.428846
-0.352206
-0.384992
-0.414745
-0.576206
-0.820135
-0.892654
-0.909316
-0.555741
-0.283586
-0.0866726
-0.0376038
-0.0374476
-0.186871
-0.187404
-0.0903889
-1.07937
-1.10934
-1.1437
-1.183
-1.22798
-1.2785
-1.33444
-1.39298
-1.4512
-1.50091
-1.52781
-1.52023
-1.43403
-1.29005
-1.07847
-0.847965
-0.626925
-0.451082
-0.378825
-0.41033
-0.444036
-0.615863
-0.860055
-0.940294
-0.94092
-0.559494
-0.265715
-0.0672014
-0.0289148
-0.0316411
-0.179282
-0.183968
-0.0935003
-1.04811
-1.07515
-1.10583
-1.14081
-1.18059
-1.22522
-1.27439
-1.32589
-1.3765
-1.41893
-1.44057
-1.42857
-1.35185
-1.22379
-1.037
-0.830357
-0.630497
-0.471708
-0.404682
-0.435735
-0.473867
-0.658179
-0.903874
-0.995294
-0.976342
-0.563156
-0.246876
-0.047038
-0.0199089
-0.025258
-0.172228
-0.180271
-0.0962786
-1.01045
-1.03436
-1.06173
-1.09294
-1.12819
-1.16749
-1.21023
-1.25455
-1.29697
-1.33156
-1.34681
-1.33291
-1.26749
-1.15699
-0.994698
-0.810891
-0.632012
-0.490147
-0.428787
-0.460743
-0.503441
-0.701409
-0.951166
-1.05163
-1.01553
-0.566292
-0.22828
-0.0279783
-0.0110664
-0.0187025
-0.166518
-0.177037
-0.0985577
-0.962667
-0.980521
-1.00273
-1.02953
-1.06036
-1.09493
-1.13243
-1.17102
-1.20741
-1.23668
-1.24924
-1.2379
-1.18539
-1.09177
-0.951755
-0.789513
-0.631393
-0.506121
-0.450995
-0.484859
-0.532148
-0.745432
-1.00075
-1.10881
-1.05927
-0.56848
-0.210115
-0.0105715
-0.00257963
-0.0126443
-0.162153
-0.174449
-0.100047
-0.91369
-0.927517
-0.945411
-0.967627
-0.993578
-1.023
-1.05518
-1.08843
-1.12005
-1.14576
-1.1582
-1.1505
-1.10809
-1.02811
-0.907603
-0.766344
-0.628764
-0.519712
-0.471461
-0.508331
-0.560523
-0.791465
-1.05433
-1.17016
-1.10654
-0.570295
-0.191812
0.00615436
0.00573322
-0.00690067
-0.158487
-0.172318
-0.101127
-0.871383
-0.882793
-0.897461
-0.915767
-0.937313
-0.961948
-0.989098
-1.01731
-1.04432
-1.06624
-1.07706
-1.06979
-1.03329
-0.964511
-0.862304
-0.741815
-0.624206
-0.530835
-0.490104
-0.530945
-0.588475
-0.839943
-1.11259
-1.23604
-1.15497
-0.571995
-0.173089
0.0225323
0.013934
-0.00150358
-0.155406
-0.17058
-0.101906
-0.825181
-0.833545
-0.84471
-0.85917
-0.876563
-0.896803
-0.9194
-0.943048
-0.965785
-0.984086
-0.993144
-0.986619
-0.956724
-0.899812
-0.816246
-0.716068
-0.617683
-0.539284
-0.506752
-0.552427
-0.615728
-0.891456
-1.17611
-1.30711
-1.20472
-0.573825
-0.153726
0.0387792
0.0220725
0.0035409
-0.152833
-0.169211
-0.102435
-0.778037
-0.784071
-0.792637
-0.804184
-0.818327
-0.834975
-0.853695
-0.873293
-0.892144
-0.907136
-0.914647
-0.90903
-0.885373
-0.839297
-0.772468
-0.6903
-0.609479
-0.545024
-0.521157
-0.572353
-0.641977
-0.946378
-1.24508
-1.38299
-1.25542
-0.575581
-0.133515
0.0550858
0.0301975
0.00824095
-0.150724
-0.16816
-0.102747
-0.728533
-0.732333
-0.738607
-0.747651
-0.759039
-0.772643
-0.788084
-0.804237
-0.819859
-0.832199
-0.838782
-0.834632
-0.817057
-0.780913
-0.729119
-0.663234
-0.598836
-0.547555
-0.532892
-0.590137
-0.666547
-1.00493
-1.3188
-1.46205
-1.30539
-0.57646
-0.11224
0.0716219
0.0383457
0.0126467
-0.149041
-0.167346
-0.102897
-0.679294
-0.681938
-0.686788
-0.69403
-0.703269
-0.71433
-0.726932
-0.740044
-0.752876
-0.762989
-0.769022
-0.766422
-0.75422
-0.726762
-0.687882
-0.636069
-0.586322
-0.546997
-0.54156
-0.604875
-0.688645
-1.06678
-1.39602
-1.54124
-1.35234
-0.575502
-0.0896718
0.0885249
0.0465419
0.01681
-0.147728
-0.1667
-0.10294
-0.633201
-0.635213
-0.638962
-0.644607
-0.651879
-0.660588
-0.670614
-0.681042
-0.691513
-0.699837
-0.705524
-0.704319
-0.696519
-0.676154
-0.647785
-0.60786
-0.571183
-0.542799
-0.546424
-0.615249
-0.707053
-1.13113
-1.47486
-1.61652
-1.39521
-0.571931
-0.0656912
0.105884
0.054802
0.0207502
-0.146705
-0.166186
-0.102917
-0.589545
-0.591123
-0.594051
-0.598421
-0.604077
-0.610841
-0.61874
-0.626953
-0.635467
-0.642296
-0.647597
-0.647406
-0.642954
-0.628231
-0.608507
-0.578731
-0.553609
-0.534937
-0.547032
-0.619825
-0.72056
-1.19731
-1.55321
-1.68477
-1.4335
-0.565029
-0.040262
0.123687
0.0631237
0.0244696
-0.145896
-0.165784
-0.102856
-0.549191
-0.550275
-0.552465
-0.555761
-0.560058
-0.565198
-0.571316
-0.577664
-0.58448
-0.589961
-0.594742
-0.595156
-0.593165
-0.58285
-0.570159
-0.54884
-0.53372
-0.523177
-0.542924
-0.617364
-0.728726
-1.26405
-1.62948
-1.74455
-1.46584
-0.554011
-0.013379
0.141817
0.0714848
0.0279596
-0.145241
-0.165479
-0.102776
-0.510076
-0.510647
-0.512149
-0.514523
-0.517685
-0.521491
-0.526144
-0.530964
-0.536365
-0.540729
-0.545037
-0.545952
-0.545977
-0.539403
-0.532693
-0.5186
-0.512056
-0.507616
-0.533822
-0.60667
-0.731975
-1.32871
-1.70165
-1.79461
-1.49022
-0.538331
0.0146467
0.160049
0.0798246
0.031201
-0.144686
-0.165272
-0.102694
-0.472672
-0.472874
-0.473859
-0.475506
-0.477754
-0.480484
-0.483942
-0.487537
-0.491796
-0.495329
-0.499315
-0.500831
-0.502608
-0.499372
-0.497571
-0.489528
-0.489756
-0.48911
-0.520163
-0.586069
-0.731888
-1.38828
-1.76815
-1.83353
-1.50435
-0.517427
0.0433651
0.178076
0.0880532
0.0341775
-0.144182
-0.165166
-0.102619
-0.436027
-0.435942
-0.436569
-0.43772
-0.43934
-0.441353
-0.444026
-0.446883
-0.450493
-0.453746
-0.457836
-0.460369
-0.463896
-0.463892
-0.466024
-0.463106
-0.467785
-0.469413
-0.502193
-0.555119
-0.727283
-1.43967
-1.82608
-1.85967
-1.50578
-0.491756
0.0716877
0.195551
0.0960954
0.036835
-0.143685
-0.165174
-0.102524
-0.403132
-0.402873
-0.403236
-0.404017
-0.405185
-0.406725
-0.408912
-0.41142
-0.414808
-0.418269
-0.422877
-0.426763
-0.432023
-0.434949
-0.439994
-0.441068
-0.447626
-0.450617
-0.480324
-0.51567
-0.713306
-1.47697
-1.86939
-1.87178
-1.4944
-0.462693
0.0995433
0.212137
0.103777
0.0390474
-0.143203
-0.165343
-0.10246
-0.375185
-0.375314
-0.37579
-0.376508
-0.37755
-0.37893
-0.38095
-0.38344
-0.386947
-0.39092
-0.396288
-0.401519
-0.408251
-0.413264
-0.420203
-0.423386
-0.431073
-0.433776
-0.457453
-0.472153
-0.686687
-1.49039
-1.89003
-1.86909
-1.47202
-0.429434
0.126676
0.227374
0.110811
0.040914
-0.14275
-0.165746
-0.10304
-0.353678
-0.354164
-0.35487
-0.35575
-0.356955
-0.358544
-0.360823
-0.363757
-0.367888
-0.372831
-0.379291
-0.385905
-0.393863
-0.400222
-0.408307
-0.412627
-0.421436
-0.42494
-0.443178
-0.444634
-0.655086
-1.47692
-1.88677
-1.85546
-1.44643
-0.398031
0.146667
0.238693
0.115397
0.0422873
-0.14273
-0.166067
-0.102304
-0.339113
-0.339568
-0.340251
-0.341165
-0.342496
-0.344326
-0.346971
-0.350512
-0.355457
-0.361486
-0.369129
-0.377049
-0.385891
-0.393365
-0.401877
-0.40807
-0.418783
-0.421992
-0.435968
-0.431654
-0.632339
-1.45223
-1.87112
-1.83947
-1.42276
-0.375309
0.159731
0.246332
0.117551
0.0430748
-0.142896
-0.166236
-0.102493
-0.327824
-0.328325
-0.329084
-0.330119
-0.331596
-0.333668
-0.336684
-0.340791
-0.346608
-0.353853
-0.362708
-0.371749
-0.381403
-0.389297
-0.399321
-0.406906
-0.417352
-0.420393
-0.432827
-0.425665
-0.613731
-1.42486
-1.85023
-1.82368
-1.40169
-0.356694
0.170113
0.251915
0.118417
0.0436101
-0.143205
-0.166336
-0.102488
-0.319215
-0.319826
-0.320612
-0.321647
-0.323108
-0.325199
-0.32851
-0.333262
-0.340071
-0.348552
-0.358592
-0.36862
-0.378909
-0.388177
-0.398768
-0.406231
-0.416755
-0.419927
-0.432151
-0.424497
-0.598285
-1.39794
-1.82866
-1.80937
-1.38456
-0.341144
0.178309
0.255377
0.118809
0.0438612
-0.143529
-0.1664
-0.102461
-0.312943
-0.31345
-0.314109
-0.314941
-0.316309
-0.318534
-0.322146
-0.327576
-0.335394
-0.345168
-0.356351
-0.367577
-0.378799
-0.388047
-0.398303
-0.405952
-0.416593
-0.419868
-0.432373
-0.425638
-0.587122
-1.37393
-1.80888
-1.79696
-1.37091
-0.328729
0.184904
0.257113
0.1192
0.0438624
-0.143821
-0.166437
-0.102445
-0.308165
-0.308588
-0.30912
-0.309827
-0.31118
-0.313516
-0.317348
-0.323344
-0.332266
-0.343275
-0.355578
-0.367519
-0.378728
-0.387877
-0.398282
-0.405979
-0.416619
-0.419922
-0.432779
-0.427255
-0.579483
-1.35488
-1.79266
-1.78662
-1.36025
-0.318845
0.189985
0.257793
0.119592
0.0437097
-0.144062
-0.166453
-0.102433
-0.305104
-0.305331
-0.305685
-0.306348
-0.307556
-0.309729
-0.31365
-0.320247
-0.33016
-0.342209
-0.355363
-0.367749
-0.379069
-0.38813
-0.398451
-0.406086
-0.416705
-0.419968
-0.433148
-0.428806
-0.574507
-1.34008
-1.78091
-1.77823
-1.35183
-0.310906
0.192992
0.258093
0.119858
0.0434946
-0.144251
-0.166454
-0.102423
-0.303125
-0.303185
-0.303413
-0.303903
-0.304856
-0.306884
-0.31089
-0.317973
-0.328818
-0.34184
-0.355628
-0.368269
-0.379509
-0.388405
-0.398647
-0.406221
-0.416795
-0.420001
-0.433464
-0.430234
-0.572229
-1.32878
-1.77269
-1.77162
-1.34525
-0.305773
0.19422
0.258424
0.119961
0.043276
-0.144392
-0.166447
-0.102417
-0.301828
-0.301837
-0.30195
-0.302231
-0.302946
-0.304834
-0.308883
-0.316404
-0.328153
-0.341893
-0.356039
-0.368748
-0.379906
-0.388676
-0.398837
-0.406355
-0.41689
-0.42004
-0.433725
-0.431457
-0.571498
-1.32165
-1.76677
-1.76706
-1.34116
-0.30347
0.194837
0.258781
0.119939
0.0430852
-0.144495
-0.166437
-0.102412
-0.30101
-0.300962
-0.300978
-0.301087
-0.301578
-0.303312
-0.307377
-0.315357
-0.327864
-0.342101
-0.35645
-0.369172
-0.380252
-0.388912
-0.399003
-0.406477
-0.416986
-0.420095
-0.433936
-0.432446
-0.571457
-1.31796
-1.76268
-1.76446
-1.33926
-0.302568
0.195406
0.259073
0.119847
0.0429321
-0.144567
-0.166426
-0.10241
-0.300562
-0.30046
-0.300384
-0.30036
-0.300637
-0.302209
-0.306284
-0.314705
-0.327787
-0.342363
-0.35682
-0.36953
-0.380535
-0.389112
-0.399143
-0.406587
-0.417077
-0.42016
-0.434105
-0.433222
-0.571844
-1.31624
-1.76016
-1.763
-1.33846
-0.301761
0.195895
0.259268
0.11973
0.0428128
-0.144615
-0.166415
-0.10241
-0.300335
-0.300183
-0.300038
-0.299925
-0.30001
-0.301422
-0.305547
-0.314335
-0.327838
-0.342626
-0.357136
-0.369818
-0.38076
-0.389275
-0.399262
-0.406682
-0.417162
-0.42023
-0.434248
-0.43383
-0.572465
-1.31553
-1.75876
-1.76202
-1.33775
-0.300794
0.196287
0.259369
0.119618
0.0427203
-0.144649
-0.166406
-0.102411
-0.300218
-0.300032
-0.299863
-0.29968
-0.299594
-0.30089
-0.305109
-0.314159
-0.327963
-0.342875
-0.357401
-0.370043
-0.380936
-0.389409
-0.399364
-0.406764
-0.417238
-0.4203
-0.434372
-0.434313
-0.573149
-1.3154
-1.75804
-1.76131
-1.33694
-0.299882
0.196597
0.259397
0.119525
0.0426507
-0.144672
-0.166398
-0.102413
-0.300167
-0.299967
-0.299794
-0.299559
-0.29933
-0.300562
-0.304891
-0.314128
-0.328126
-0.343106
-0.357621
-0.370219
-0.381074
-0.389518
-0.39945
-0.406833
-0.417303
-0.420366
-0.434484
-0.434704
-0.573788
-1.3156
-1.75772
-1.76073
-1.33605
-0.299118
0.196839
0.259376
0.119454
0.0426012
-0.144689
-0.166391
-0.102416
-0.300161
-0.299957
-0.299782
-0.299518
-0.299184
-0.300394
-0.304817
-0.314197
-0.32831
-0.343318
-0.357807
-0.370357
-0.38118
-0.389607
-0.399522
-0.40689
-0.417357
-0.420427
-0.434586
-0.435026
-0.574353
-1.31595
-1.75759
-1.7602
-1.33516
-0.298488
0.197021
0.25933
0.119406
0.0425677
-0.144703
-0.166385
-0.102419
-0.300181
-0.299975
-0.299803
-0.299527
-0.299126
-0.300344
-0.304838
-0.31433
-0.328504
-0.343514
-0.357965
-0.370469
-0.381262
-0.389677
-0.399582
-0.406937
-0.417401
-0.42048
-0.434678
-0.435295
-0.574843
-1.31633
-1.75756
-1.75971
-1.33431
-0.297964
0.197154
0.259274
0.119376
0.0425458
-0.144714
-0.166379
-0.102423
-0.300215
-0.300007
-0.299838
-0.299565
-0.299133
-0.300373
-0.304921
-0.314501
-0.328702
-0.343693
-0.358102
-0.370559
-0.381325
-0.389731
-0.39963
-0.406974
-0.417435
-0.420524
-0.434759
-0.435522
-0.57526
-1.31669
-1.75756
-1.75924
-1.33357
-0.297538
0.197249
0.259218
0.11936
0.0425319
-0.144723
-0.166375
-0.102427
-0.300257
-0.300046
-0.299878
-0.299618
-0.299185
-0.300448
-0.305043
-0.314691
-0.328897
-0.343858
-0.358222
-0.370634
-0.381374
-0.389773
-0.399668
-0.407002
-0.417461
-0.42056
-0.434828
-0.435715
-0.575609
-1.31701
-1.75757
-1.7588
-1.33295
-0.297206
0.197312
0.259167
0.119353
0.0425231
-0.144731
-0.166372
-0.102431
-0.300302
-0.300087
-0.29992
-0.299675
-0.299263
-0.300547
-0.305185
-0.314888
-0.329086
-0.344008
-0.358327
-0.370697
-0.381411
-0.389805
-0.399697
-0.407024
-0.41748
-0.420588
-0.434886
-0.435877
-0.575899
-1.31729
-1.75756
-1.75841
-1.33243
-0.296956
0.197352
0.259123
0.119352
0.0425176
-0.144738
-0.166369
-0.102435
-0.300348
-0.300128
-0.299959
-0.299731
-0.299352
-0.300654
-0.305329
-0.315079
-0.329262
-0.344143
-0.358419
-0.37075
-0.38144
-0.389828
-0.399719
-0.407039
-0.417493
-0.420608
-0.434933
-0.436014
-0.576138
-1.31751
-1.75753
-1.75806
-1.33201
-0.296769
0.197377
0.259088
0.119354
0.0425141
-0.144743
-0.166368
-0.10244
-0.300393
-0.300167
-0.299994
-0.299781
-0.299442
-0.300763
-0.305467
-0.315258
-0.329424
-0.344264
-0.358499
-0.370794
-0.381462
-0.389844
-0.399736
-0.40705
-0.417501
-0.420621
-0.434969
-0.436128
-0.576335
-1.3177
-1.7575
-1.75776
-1.33166
-0.29663
0.197391
0.259059
0.119357
0.0425119
-0.144748
-0.166367
-0.102443
-0.300437
-0.300205
-0.300026
-0.299824
-0.299525
-0.300869
-0.305591
-0.315419
-0.329567
-0.344369
-0.358568
-0.370832
-0.381478
-0.389856
-0.399748
-0.407057
-0.417506
-0.42063
-0.434996
-0.436222
-0.576496
-1.31785
-1.75746
-1.75751
-1.33139
-0.296527
0.1974
0.259038
0.11936
0.0425106
-0.144751
-0.166366
-0.102447
-0.300476
-0.30024
-0.300055
-0.299859
-0.299595
-0.300979
-0.3057
-0.315559
-0.32969
-0.344458
-0.358626
-0.370862
-0.38149
-0.389863
-0.399757
-0.407062
-0.417508
-0.420634
-0.435015
-0.436297
-0.576626
-1.31798
-1.75742
-1.75729
-1.33118
-0.296451
0.197405
0.259022
0.119363
0.0425099
-0.144753
-0.166367
-0.102451
-0.300511
-0.300271
-0.300081
-0.299886
-0.299649
-0.301093
-0.305792
-0.315675
-0.329792
-0.344531
-0.358674
-0.370887
-0.381499
-0.389868
-0.399764
-0.407066
-0.41751
-0.420637
-0.435029
-0.436356
-0.576731
-1.31809
-1.75738
-1.7571
-1.33104
-0.296397
0.197409
0.259011
0.119365
0.0425099
-0.144755
-0.166367
-0.102455
-0.300539
-0.300297
-0.300103
-0.299906
-0.299687
-0.301165
-0.30587
-0.315767
-0.329872
-0.344588
-0.35871
-0.370907
-0.381505
-0.389872
-0.399769
-0.407069
-0.41751
-0.420638
-0.435039
-0.4364
-0.576811
-1.31818
-1.75734
-1.75695
-1.33096
-0.296359
0.197412
0.259004
0.119367
0.0425104
-0.144755
-0.166368
-0.102458
-0.300558
-0.300317
-0.300121
-0.299919
-0.299707
-0.301175
-0.305933
-0.315835
-0.32993
-0.344629
-0.358738
-0.370921
-0.38151
-0.389874
-0.399773
-0.407071
-0.417511
-0.420639
-0.435046
-0.436432
-0.57687
-1.31825
-1.75732
-1.75684
-1.33091
-0.296334
0.197415
0.259001
0.119368
0.042511
-0.144755
-0.16637
-0.10246
-0.300568
-0.300328
-0.300131
-0.299927
-0.299713
-0.301195
-0.305975
-0.315878
-0.329966
-0.344655
-0.358755
-0.37093
-0.381513
-0.389876
-0.399776
-0.407073
-0.417512
-0.420639
-0.435051
-0.436452
-0.576907
-1.31829
-1.75731
-1.75679
-1.33089
-0.296319
0.197418
0.258999
0.119369
0.0425114
-0.144755
-0.166371
-0.102459
-0.300572
-0.300333
-0.300136
-0.299931
-0.299715
-0.301209
-0.30598
-0.315899
-0.329984
-0.344668
-0.358763
-0.370935
-0.381515
-0.389877
-0.399778
-0.407074
-0.417513
-0.42064
-0.435053
-0.436462
-0.576925
-1.31832
-1.75731
-1.75677
-1.33088
-0.296306
0.197423
0.258999
0.119368
0.0425102
-0.144763
-0.166373
-0.102453
-0.300575
-0.300335
-0.300137
-0.29993
-0.299718
-0.301136
-0.306003
-0.315907
-0.329991
-0.344673
-0.358767
-0.370938
-0.381516
-0.389878
-0.399779
-0.407075
-0.417513
-0.420641
-0.435055
-0.436467
-0.576941
-1.31834
-1.75732
-1.75676
-1.33086
-0.296267
0.19744
0.258997
0.11936
0.0424998
-0.14478
-0.166372
-0.102423
)
;

boundaryField
{
    inlet
    {
        type            calculated;
        value           nonuniform List<scalar> 
65
(
0.0557283
0.0557285
0.055729
0.0557299
0.055731
0.0557322
0.0557334
0.0557341
0.0557342
0.055733
0.0557304
0.0557258
0.055719
0.0557098
0.0556979
0.0556829
0.0556646
0.0556422
0.055613
0.0555728
0.0555125
0.0554297
0.0553337
0.0552247
0.055099
0.0549579
0.0548021
0.054636
0.054467
0.054309
0.0541993
0.0541475
0.0541511
0.0542098
0.0543249
0.0544834
0.0546519
0.0548177
0.0549735
0.0551155
0.0552427
0.0553537
0.0554513
0.0555374
0.0556033
0.0556481
0.0556803
0.055705
0.0557251
0.0557418
0.0557554
0.055766
0.0557741
0.0557798
0.0557835
0.0557853
0.0557857
0.0557851
0.0557839
0.0557825
0.0557811
0.0557798
0.0557788
0.0557782
0.055778
)
;
    }
    outlet
    {
        type            calculated;
        value           uniform 0;
    }
    lowerWallStartup
    {
        type            symmetryPlane;
    }
    upperWallStartup
    {
        type            symmetryPlane;
    }
    upperWall
    {
        type            calculated;
        value           nonuniform List<scalar> 
218
(
-0.00793299
-0.0142889
-0.0210423
-0.0288559
-0.0361881
-0.043375
-0.0504172
-0.0573837
-0.0642537
-0.0709876
-0.0775293
-0.0838915
-0.0900419
-0.0959662
-0.101671
-0.107145
-0.112391
-0.117416
-0.122215
-0.126792
-0.131176
-0.135364
-0.139341
-0.143125
-0.146718
-0.150116
-0.153341
-0.156407
-0.159334
-0.162163
-0.164874
-0.167436
-0.169941
-0.172396
-0.174592
-0.17653
-0.178539
-0.18036
-0.181974
-0.183436
-0.185524
-0.190781
-0.200011
-0.208999
-0.222137
-0.232831
-0.236686
-0.252001
-0.27288
-0.288473
-0.29923
-0.306402
-0.311994
-0.315816
-0.319071
-0.322183
-0.324954
-0.327539
-0.330214
-0.332596
-0.335002
-0.337236
-0.339383
-0.341183
-0.342644
-0.344016
-0.345313
-0.346546
-0.347716
-0.348824
-0.349874
-0.350889
-0.351876
-0.35284
-0.353785
-0.354696
-0.355567
-0.356376
-0.357134
-0.357822
-0.358473
-0.359046
-0.359612
-0.360081
-0.360595
-0.360957
-0.361464
-0.361717
-0.362224
-0.362445
-0.362834
-0.36308
-0.363366
-0.363588
-0.363802
-0.363978
-0.364131
-0.364253
-0.364349
-0.364418
-0.36446
-0.364476
-0.364467
-0.364434
-0.364376
-0.364294
-0.364189
-0.36406
-0.363908
-0.363735
-0.363538
-0.36332
-0.363079
-0.362818
-0.362533
-0.362229
-0.361901
-0.361553
-0.361184
-0.360796
-0.36039
-0.359969
-0.359532
-0.359085
-0.358625
-0.358158
-0.357681
-0.357198
-0.356707
-0.356211
-0.355709
-0.355203
-0.35469
-0.354171
-0.353642
-0.353102
-0.352543
-0.351964
-0.351358
-0.350725
-0.350058
-0.349357
-0.34862
-0.347847
-0.347036
-0.346186
-0.345293
-0.344356
-0.343374
-0.34235
-0.341282
-0.34018
-0.33905
-0.337901
-0.336736
-0.335555
-0.334359
-0.333145
-0.331917
-0.330671
-0.329413
-0.328135
-0.326847
-0.325548
-0.324247
-0.322939
-0.321634
-0.320327
-0.319021
-0.317713
-0.316406
-0.315097
-0.313792
-0.312485
-0.311189
-0.309897
-0.308627
-0.307379
-0.306155
-0.304978
-0.303863
-0.302859
-0.301989
-0.301463
-0.301088
-0.300575
-0.300335
-0.300137
-0.29993
-0.299718
-0.301136
-0.306003
-0.315907
-0.329991
-0.344673
-0.358767
-0.370938
-0.381516
-0.389878
-0.399779
-0.407075
-0.417513
-0.420641
-0.435055
-0.436467
-0.576941
-1.31834
-1.75732
-1.75676
-1.33086
-0.296267
0.19744
0.258997
0.11936
0.0424998
-0.14478
-0.166372
-0.102423
)
;
    }
    lowerWall
    {
        type            calculated;
        value           nonuniform List<scalar> 
266
(
-0.00790163
-0.0144565
-0.0211863
-0.0289659
-0.0362636
-0.0434703
-0.0504804
-0.0573656
-0.064189
-0.0708937
-0.0774355
-0.0838063
-0.0899625
-0.095899
-0.101601
-0.107085
-0.112339
-0.117335
-0.122104
-0.126681
-0.13109
-0.135305
-0.1393
-0.143082
-0.14666
-0.150028
-0.153224
-0.156249
-0.159108
-0.161805
-0.164341
-0.166753
-0.168959
-0.170842
-0.173087
-0.173794
-0.17291
-0.178604
-0.191596
-0.204059
-0.213517
-0.220901
-0.227055
-0.232522
-0.237778
-0.242799
-0.24765
-0.252301
-0.256353
-0.260029
-0.263388
-0.266057
-0.268182
-0.270242
-0.27279
-0.276506
-0.282071
-0.289352
-0.297037
-0.304297
-0.31059
-0.315838
-0.320846
-0.325475
-0.329333
-0.33311
-0.336726
-0.340069
-0.343127
-0.345794
-0.348082
-0.349965
-0.351459
-0.352673
-0.353335
-0.353966
-0.354039
-0.354268
-0.353725
-0.353527
-0.352492
-0.351693
-0.350845
-0.348937
-0.350635
-0.346332
-0.358586
-0.350628
-0.477805
-0.477628
-0.477574
-0.477519
-0.477471
-0.477433
-0.477403
-0.477382
-0.47737
-0.477367
-0.477372
-0.477383
-0.477398
-0.477411
-0.477417
-0.477411
-0.477388
-0.477342
-0.477285
-0.477261
-0.477282
-0.477248
-0.47687
-0.475649
-0.473743
-0.471875
-0.470113
-0.468508
-0.467082
-0.465853
-0.464809
-0.463909
-0.46311
-0.462392
-0.461742
-0.461157
-0.460631
-0.460155
-0.459706
-0.459249
-0.458745
-0.458151
-0.457421
-0.456501
-0.45532
-0.453817
-0.451985
-0.449161
-0.477805
-0.477913
-0.478501
-0.479813
-0.481737
-0.484825
-0.489417
-0.495925
-0.504565
-0.51535
-0.527422
-0.540138
-0.552136
-0.562807
-0.572131
-0.578628
-0.581898
-0.581772
-0.579466
-0.572633
-0.562625
-0.552478
-0.538892
-0.522951
-0.505249
-0.487026
-0.467897
-0.448946
-0.429364
-0.410263
-0.392953
-0.375663
-0.359794
-0.344954
-0.33149
-0.318914
-0.308612
-0.29936
-0.290852
-0.285651
-0.282066
-0.281186
-0.283866
-0.288694
-0.296864
-0.306411
-0.316219
-0.325147
-0.332199
-0.338808
-0.345189
-0.357778
-0.357857
-0.362909
-0.367351
-0.371213
-0.374525
-0.377144
-0.378683
-0.378422
-0.375096
-0.368422
-0.35644
-0.337991
-0.318504
-0.304703
-0.30271
-0.309374
-0.32174
-0.334395
-0.345635
-0.355136
-0.363204
-0.371513
-0.377106
-0.379594
-0.386432
-0.399538
-0.415398
-0.43152
-0.446741
-0.460176
-0.471098
-0.480246
-0.488767
-0.499588
-0.51704
-0.544496
-0.582156
-0.627482
-0.67903
-0.735193
-0.79477
-0.857206
-0.921495
-0.988392
-1.0555
-1.12208
-1.18655
-1.26005
-1.34381
-1.43825
-1.54625
-1.66653
-1.7989
-1.93178
-2.06444
-2.12158
-2.0204
-1.74309
-1.35128
-0.87047
-0.501611
-0.172196
0.0529072
0.109116
0.0522762
-0.0660188
-0.177556
-0.352743
-0.397965
-0.499975
-0.459387
-0.484413
-0.322209
-0.132487
-0.0936961
-0.291594
-0.196345
-0.0303041
)
;
    }
    front
    {
        type            empty;
    }
    back
    {
        type            empty;
    }
}


// ************************************************************************* //
