/*--------------------------------*- C++ -*----------------------------------*\
| =========                 |                                                 |
| \\      /  F ield         | OpenFOAM: The Open Source CFD Toolbox           |
|  \\    /   O peration     | Version:  2506                                  |
|   \\  /    A nd           | Website:  www.openfoam.com                      |
|    \\/     M anipulation  |                                                 |
\*---------------------------------------------------------------------------*/
FoamFile
{
    version     2.0;
    format      ascii;
    arch        "LSB;label=32;scalar=64";
    class       volScalarField;
    location    "1000";
    object      epsilon;
}
// * * * * * * * * * * * * * * * * * * * * * * * * * * * * * * * * * * * * * //

dimensions      [0 2 -3 0 0 0 0];

internalField   nonuniform List<scalar> 
20540
(
14591.4
44641.3
14595.8
44656.1
14529.8
44588
14388
44438.2
14155.7
44195.2
13809.5
43833.1
13318.9
43310.3
12650.9
42571.7
11777.8
41554
10688.1
40188.5
9390.44
38386.1
7918.46
36074.4
6337.9
33203.3
4743.55
29779.6
3248.33
25856
1965.89
21528.9
989.206
16934.1
367.213
12212.1
80.7509
7553.07
14.6967
3385.37
2.509
789.903
0.399404
85.5249
0.242852
5.45237
0.24031
0.354073
0.240344
0.0348722
0.244807
0.00650375
0.244956
0.00528169
0.244958
0.00526193
0.244958
0.00526177
0.244958
0.00526163
0.244958
0.00526151
0.244958
0.0052615
0.244958
0.00526153
0.244958
0.00526156
0.244958
0.00526176
0.244958
0.00526198
0.244959
0.00526255
0.244957
0.00527852
0.244861
0.00588854
0.240502
0.0262179
0.240312
0.226679
0.241565
2.95495
0.328154
48.4346
1.7709
499.673
9.84067
2577.95
50.9486
6360.9
257.141
10880
771.865
15571.9
1641.1
20207.4
2844.3
24662.8
4310.93
28803.9
5940.85
32518.6
7623.32
35731
9254.45
38402.6
10750.9
40535.7
12057.9
42181.8
13144.3
43418.9
14004
44337.4
14654.8
44999.1
15128.2
45463.7
15459.2
45783
15679.3
45995.8
15812.2
46125.7
15872.3
46182.3
15866.3
46165.1
2.62778e+06
2.25307e+06
2.17894e+06
2.13839e+06
2.10106e+06
2.07863e+06
2.07251e+06
2.06314e+06
2.06086e+06
2.05497e+06
2.05263e+06
2.04908e+06
2.04363e+06
2.03963e+06
2.03485e+06
2.02967e+06
2.02471e+06
2.01876e+06
2.01335e+06
2.00931e+06
2.00449e+06
1.99828e+06
1.99058e+06
1.98276e+06
1.97399e+06
1.96607e+06
1.95749e+06
1.94898e+06
1.94169e+06
1.93114e+06
1.92556e+06
1.91529e+06
1.90418e+06
1.90223e+06
1.86656e+06
1.87621e+06
1.9608e+06
2.18537e+06
2.28219e+06
2.24621e+06
2.23396e+06
2.21158e+06
2.19837e+06
2.1913e+06
2.19424e+06
2.19444e+06
2.20059e+06
2.19957e+06
2.18931e+06
2.19092e+06
2.17389e+06
2.1578e+06
2.15413e+06
2.15263e+06
2.17815e+06
2.21807e+06
2.25309e+06
2.25982e+06
2.23027e+06
2.19318e+06
2.15073e+06
2.11303e+06
2.06863e+06
2.05695e+06
2.03944e+06
2.02045e+06
1.99612e+06
1.97167e+06
1.94536e+06
1.91959e+06
1.89312e+06
1.86496e+06
1.83441e+06
1.80336e+06
1.77678e+06
1.74637e+06
1.71666e+06
1.67899e+06
1.6424e+06
1.59711e+06
1.55048e+06
1.49476e+06
1.43605e+06
1.37274e+06
1.29946e+06
1.26858e+06
1.17782e+06
1.52379e+06
814102
702240
677391
664163
652009
644603
642538
639485
638689
636778
635994
634851
633104
631833
630304
628674
627111
625230
623519
622242
620714
618764
616346
613887
611132
608638
605943
603255
600971
597634
595887
592671
589141
588581
577537
580369
607355
680946
714888
704176
698884
689893
684122
680725
680964
680533
682231
681747
678484
679057
673945
669093
668300
668388
677411
692189
707189
713697
708141
699184
687306
676573
664911
663577
659767
655601
649430
643002
635643
628086
620057
610929
601435
591344
582517
572929
563536
551989
540079
526133
510335
493105
473090
453066
429210
415548
390739
464858
442335
389287
375297
367838
360934
356489
354968
352992
352210
350908
350211
349403
348329
347538
346650
345728
344893
343902
342989
342278
341453
340452
339251
338042
336683
335451
334107
332748
331589
329875
328955
327282
325399
324969
318972
320788
332194
361090
374328
367401
363227
358187
355549
354630
355675
356512
358261
359008
358460
359437
357642
355688
355205
354296
356768
362197
369020
372721
370710
366725
360641
355156
350431
350977
349930
348762
346368
343663
340241
336418
332199
326957
321994
316297
311156
306022
301074
295186
288682
281446
272355
263453
251792
241591
228276
219850
209091
238925
282943
254242
245031
240116
235511
232380
231135
229673
228935
227939
227316
226681
225918
225355
224754
224153
223634
223034
222477
222026
221512
220922
220243
219572
218818
218137
217388
216616
215962
214967
214428
213451
212301
212020
208328
209403
215825
233651
242898
237970
233387
228436
225483
224099
224374
224688
225739
226174
225968
226731
225904
224981
224957
224915
227282
232302
239346
244093
244327
242505
238565
234964
232938
234132
234019
233831
232719
231258
229161
226593
223676
219788
216479
212362
208533
205018
201726
197914
193451
188644
182100
176250
167743
161365
151920
146312
140492
159748
196011
179291
172684
169178
165845
163475
162447
161329
160683
159909
159383
158882
158311
157893
157457
157042
156689
156295
155932
155634
155289
154909
154491
154087
153637
153236
152795
152331
151949
151336
151013
150419
149671
149555
147191
147587
152856
169240
177964
174123
169103
163826
160268
158169
157644
157264
157644
157533
157093
157527
156944
156415
156762
157771
161257
167274
175316
180900
182242
181330
178314
175494
174675
176009
176232
176392
175805
174865
173346
171339
169024
165792
163294
159965
156783
154058
151589
148802
145386
141772
136569
132224
125393
120956
113522
109647
106237
121678
142729
132349
127352
124734
122214
120359
119521
118666
118131
117538
117115
116724
116288
115973
115642
115345
115085
114809
114563
114363
114121
113856
113573
113307
113018
112766
112495
112205
111980
111588
111398
111035
110531
110567
109054
108871
114266
131616
140529
137342
132051
126547
122570
119959
118867
117967
117864
117314
116579
116733
116176
115803
116378
118151
122623
129495
138234
144299
146231
145758
143231
140785
140566
141877
142234
142544
142215
141550
140348
138660
136692
133861
131834
128986
126192
123922
121925
119740
116955
114054
109691
106240
100478
97188.4
91039.8
88328
86377.6
99775.8
107667
100710
96783.4
94773.6
92825.2
91354.8
90687
90042.6
89625.3
89180.9
88858.2
88560.6
88225.4
87985.4
87727.2
87509.6
87303.8
87096.8
86922.8
86789.1
86612.6
86412
86199.5
86002.6
85796.4
85623.8
85445.4
85254.1
85120.4
84860.9
84755
84534.6
84189.7
84344
83411.9
82767.5
88523
107140
116500
113809
108416
102803
98581.6
95647.2
94178.8
92930.7
92499.7
91648.3
90686.1
90626.4
90035.6
89719.2
90396.9
92601.6
97687.7
105093
114242
120635
122978
122796
120615
118384
118476
119729
120155
120548
120376
119891
118905
117438
115712
113171
111443
108933
106406
104422
102718
100923
98557.7
96140
92363.1
89513.9
84515.5
81961.3
76758.6
74860.6
73915.1
85785.3
83462.7
78323.9
75138.5
73565.4
72045.8
70878.6
70362.4
69891.3
69586.5
69266.3
69035
68816.2
68558.9
68376.5
68169.8
68007.4
67834.2
67668.1
67538.2
67449
67317.3
67153.9
66976
66810.9
66644.1
66509.1
66377.9
66241
66158.2
65976.6
65922.3
65790.1
65550.5
65784.1
65263
64291.1
70181.2
89722.1
99766.4
97557.5
92231.9
86593.5
82242.9
79110.4
77391.4
75914.8
75259.5
74222.8
73103.5
72884
72251.4
71943.9
72630.8
74990.7
80328.5
87987.8
97356.7
104050
106783
106883
105024
102959
103207
104404
104881
105340
105287
104942
104133
102847
101315
99012.1
97487.5
95241.5
92919
91126.9
89608.6
88082.2
86015.6
83957.3
80627.7
78219
73819.1
71758.7
67318.5
66000.3
65788.2
76277.6
66153.1
61942.2
59276.5
58024.9
56839.3
55918
55533.9
55205.1
55002.4
54785.1
54634.1
54481.9
54286.6
54148.7
53980.2
53857.2
53705.1
53563.1
53459.3
53399.6
53299.5
53159.2
52997.6
52844.4
52692.8
52571.8
52460.6
52350.3
52292.8
52154.5
52129.6
52050
51879.4
52151.6
51922.5
50770.2
56401.9
76280.6
87274.8
85632.6
80546.8
74949.1
70545.5
67293.1
65401
63772.8
62958.6
61819.3
60599.5
60257
59591.6
59266.1
59897.7
62202.3
67481.2
75158.4
84610.4
91625.3
94796.9
95242.9
93731.3
91838.8
92156.2
93303
93835.8
94364.1
94420.5
94195.2
93550.5
92433.5
91074.7
88989.9
87610.2
85588.8
83442.2
81787
80389
79055.2
77214.1
75440.5
72478.7
70412.6
66519.5
64800.5
61015.2
60112.6
60429.7
69582.5
53415.5
49657.2
47355.2
46340.9
45420.1
44700.1
44428.5
44215.8
44101.8
43969
43886.1
43790
43645.6
43542.7
43403.7
43309.7
43173.1
43045.7
42956.5
42915.2
42838.3
42714.5
42561
42410.4
42261.7
42142
42035.3
41934.5
41886.4
41769.2
41758.1
41707.8
41580.3
41853.1
41835.8
40631.1
45622.4
65104.8
77309.2
76392
71732.1
66245
61844.2
58523.2
56506.3
54775.3
53842
52656.2
51378.2
50935.1
50252.2
49890.1
50426
52525.6
57486.9
64964.9
74365
81723.6
85407.6
86300.3
85189.9
83517.6
83854.6
84956.8
85556.4
86155.7
86328.9
86219.2
85734.7
84790.1
83601.5
81732.8
80465.7
78649.1
76667.8
75119.2
73801
72609.5
70948.5
69410.9
66773.7
64986.5
61554.1
60076.8
56882.1
56274.9
56978.6
64757.6
43859
40271.3
38221.5
37379.2
36668.2
36113.1
35934.7
35815.3
35775.7
35711.7
35685.2
35636.5
35534.7
35460
35345.3
35273
35150.2
35032.3
34950.4
34919.7
34860
34750.2
34602.7
34452.2
34301.5
34177.4
34067.4
33966
33918.1
33808.4
33800
33763.8
33661.5
33902.2
34042.6
32883.9
36963.8
55199.4
68789.7
68832.2
64790.4
59511.2
55165
51814.9
49705.7
47903.9
46875.5
45679.7
44375.4
43846.7
43158.6
42748.8
43166.9
44965
49403.2
56466.1
65648.5
73334.9
77602.1
79059.8
78421.4
77050.7
77384.6
78448.8
79124.8
79799.8
80097.9
80110.3
79784.5
79026.9
78013.2
76371.6
75203.8
73584.4
71770.8
70317.2
69057.3
67974.4
66466.9
65131.2
62798.6
61247.4
58258.4
56959.7
54317.4
53914.1
54891.4
61265.8
36569.8
32988.8
31116.7
30393.5
29846.4
29425.2
29321.7
29276.2
29296.8
29288.3
29307.5
29299.1
29233.9
29182.5
29089.4
29033.6
28924.7
28814.7
28735.9
28709.9
28662.9
28567.1
28426.6
28277.5
28124.7
27995
27878.9
27772
27719.3
27609.6
27596.3
27564.9
27475.3
27663.6
27910.4
26876.8
29928.8
46018.5
60958.9
62293.7
59031.7
54118.9
49887.6
46546.8
44371.9
42523.1
41414.3
40231.6
38926.4
38322.8
37638.2
37175.3
37467.3
38914.1
42684.7
49116.5
57868.5
65797.2
70686
72822.7
72743.5
71783.9
72117.3
73155.7
73912.7
74666.9
75094.3
75246.8
75075.5
74522.9
73696
72301.8
71236.7
69815.3
68182
66827.2
65620.8
64625.9
63259.1
62100.2
60067.1
58723.9
56177
55020.4
52911.9
52649.2
53802.9
58950.9
30925.5
27253.5
25521.1
24873.5
24450.6
24136.8
24091.6
24102.1
24169.8
24204.8
24261.1
24287.4
24253.8
24224
24151.4
24108.3
24014.8
23912.7
23835.4
23809.9
23772.3
23690.8
23560.3
23415.6
23263.3
23129.6
23008.1
22894.3
22834.8
22722.2
22698.8
22666.9
22582.6
22711.7
23010
22159.4
24224.3
37371.7
53288
56268.8
53949.4
49621.5
45585
42301
40088.7
38214.9
37036.9
35880.7
34595.7
33926.6
33250.9
32736
32901.6
33987.9
37016.9
42615.3
50685.6
58676.3
64160.2
67050.7
67658.9
67197.3
67580.4
68618.6
69454.4
70289.5
70848.5
71155
71142.7
70807
70185.4
69064.7
68120.8
66905.2
65472
64233.9
63092.1
62177
60948.9
59948.5
58217.8
57065.3
54967.8
53937.1
52356.5
52199.4
53451.1
57729.3
26393.6
22722.6
21066.6
20459.5
20126.3
19896.9
19894.3
19945.2
20050.8
20120.3
20205.5
20261.3
20254.6
20246.1
20193.7
20161.1
20084.4
19991.5
19916.2
19888.6
19857.5
19790
19673.1
19536.9
19389.1
19254.7
19130.5
19010.7
18944.4
18829.1
18793
18757.9
18675.2
18750
19045.3
18407.7
19650.2
29405.4
45402.1
50324.7
49126.4
45668.8
41935
38773.6
36561.3
34688.2
33453.1
32330.4
31084.8
30360.7
29696.8
29138.3
29179.3
29930.7
32220.2
36818.2
43942.9
51715.6
57670
61332.7
62744.2
62864.9
63392.8
64472
65380.1
66296.5
66987.1
67453.2
67622.4
67492.3
67102.4
66284.8
65491.9
64496
63288.2
62196.3
61145.6
60314.6
59233.6
58380.2
56956.7
55988.3
54344.2
53451.5
52383.1
52329.8
53625.5
57342.4
22604.8
19094.8
17484
16891.1
16618.3
16452.7
16477.7
16559.6
16692.8
16789.7
16897
16977.2
16994.5
17007.7
16974.6
16952.7
16894
16812.4
16740.4
16710.1
16683.4
16628.9
16528.8
16405
16266.3
16135.1
16012.1
15889
15817.1
15701.2
15652
15612
15531.1
15559.2
15812.6
15384.9
16032
22550.4
37114.8
44077.6
44241.8
41910.6
38663.3
35720.5
33561.8
31724.4
30450.7
29366.5
28178.4
27413
26762.4
26178.5
26088.9
26562.7
28179.5
31692
37637.4
44830.5
51004.5
55358.7
57625.4
58437.3
59231.6
60398.5
61379.2
62378
63198.4
63824.5
64192.1
64267.1
64115.1
63629.7
63028.4
62271.8
61317.6
60410.3
59490.8
58762.1
57845.4
57136.6
56022.9
55242.3
54044.5
53326.6
52738.4
52809.4
54141.2
57507.4
19263.4
16137.8
14567.9
13974.7
13738.6
13619.1
13660.6
13764.5
13916.2
14034.8
14158.8
14260.1
14299.8
14333.3
14318.3
14309.3
14269.4
14201.7
14135.4
14102.9
14079
14036.1
13954.6
13846.9
13721.5
13597.8
13480.2
13357.7
13282.3
13168.8
13108.4
13062
12986
12974.1
13166
12917.2
13195.5
17132.7
28668.8
37243
39106.4
37948.5
35505.9
32919.8
30893.3
29143
27861.9
26823.1
25711
24923.9
24288
23702.5
23484.3
23744.3
24793.1
27264.7
31875.9
38109.3
44125.8
48950.2
52024.3
53617.9
54797.9
56102.9
57180.4
58267.2
59214.6
59997.7
60562.1
60871.8
60940.3
60784.1
60433.2
59939.2
59266.1
58586.9
57848.3
57253.5
56526.7
55972
55166.2
54585.9
53813.4
53325.6
53162.1
53396.2
54780.9
57941.1
16122.4
13665.9
12153.9
11561
11345.4
11257.9
11307.6
11425.3
11588.5
11724
11860.4
11979.7
12040.7
12092.2
12095.3
12102.2
12080.9
12030.5
11972.9
11940.1
11918.3
11885.5
11822.4
11733.7
11625.3
11512.9
11404.8
11287
11210.9
11102.8
11035
10981.2
10915.1
10868.6
10997.4
10879.7
10968
13095.2
20854.5
29843.8
33443.3
33516.5
32188.8
30144
28363.1
26775.2
25537.2
24559.7
23544.2
22762.7
22146.1
21582.8
21257.9
21356
21963.2
23555.8
26804.7
31783.3
37192.4
42112.2
45793.7
48163.9
49834.1
51341.7
52546.5
53733.3
54806.2
55740.2
56493.5
57033.9
57361.1
57466.3
57419.1
57220.9
56849.3
56441
55935.5
55517
55012.1
54634.7
54131.2
53770.6
53392.2
53198.8
53342.5
53814
55292.9
58330.4
13061.7
11454.6
10099.1
9528.77
9327.93
9263.2
9315.73
9440.96
9609.87
9758.43
9903.98
10038.5
10119.5
10188.7
10210.4
10233.1
10229.6
10200.8
10156.1
10125.7
10106.2
10081.8
10035.5
9966.86
9878.57
9780.88
9685.8
9577.2
9503.21
9403.57
9333.17
9272.57
9218.07
9148.5
9219.05
9181.81
9197.32
10218.3
14555.7
22280
27094
28590.7
28306.3
27144.8
25764.3
24444.1
23325.6
22442.4
21548.9
20809.8
20225
19705.6
19321.1
19284.1
19585.8
20514.2
22555.4
26148.1
30547
35081.1
38991.4
41970.2
44160.9
45924.1
47285.7
48588.3
49786
50862.5
51789.8
52546.3
53119.6
53510.9
53748.5
53817.5
53793.1
53692.5
53465.2
53268.6
53016.8
52854
52645.8
52527.1
52511.9
52618.6
53019.3
53758.5
55369.9
58275.5
10013.6
9256.83
8270.08
7771.4
7594.86
7550.56
7604.42
7733.7
7904.34
8062.82
8215.23
8362.07
8462
8548.57
8590.32
8627.25
8641.41
8633.88
8608.74
8584.26
8568.39
8551.52
8520.27
8470.47
8404.11
8324.26
8245.06
8149.79
8081.3
7992.61
7924.79
7859.78
7815.35
7737.54
7759.51
7759.15
7761.95
8197.87
10285.2
15353.1
20359.2
23033.7
23835.9
23601.6
22866.4
21952.6
21058.8
20328.4
19591.1
18942.1
18414.7
17959.6
17578.8
17421.9
17547.2
18024.6
19159.9
21436.1
24614.6
28313.3
31950.2
35167.5
37755
39765.1
41289.1
42714.1
44031
45236.6
46315.7
47260.5
48053.7
48703.6
49212.8
49584.7
49856.3
50051.9
50140.9
50217.5
50240.8
50337.6
50415.6
50560.7
50834.1
51223.8
51934
52920.2
54659
57399.3
6762.73
6947.93
6531.64
6182.99
6065.2
6047.52
6108.13
6242.46
6412.48
6578.66
6736.38
6892.58
7009.44
7112.63
7175.27
7227.85
7259.83
7271.55
7267.76
7255.69
7245.72
7236.55
7218.92
7186.57
7141.17
7081.49
7020.44
6942.13
6882.44
6806.83
6746.21
6681.39
6643.37
6573.19
6556.09
6564.42
6573.81
6745.49
7626.4
10156.9
14051.4
17102.5
18822.2
19439.7
19415.4
19099.4
18544.9
18056.9
17523.1
17022.6
16595.9
16228.4
15911.3
15684.7
15717.3
15929.7
16492.5
17720.2
19724.7
22344
25249.7
28201.3
30864.6
32989.1
34613.6
36126
37531.1
38834.3
40028.7
41117.7
42087.2
42947.2
43691.5
44329.6
44874.9
45350.2
45743.6
46102.3
46426.3
46770.8
47135.9
47550.8
48086.3
48739.7
49667.5
50861.7
52620.5
55212.5
3185.88
4518.43
4692.15
4653.12
4657.43
4685.37
4771.79
4915.2
5084.92
5257.48
5419.88
5582.84
5714.48
5833.18
5916.94
5986.47
6036.84
6068.89
6084.46
6088.21
6089.51
6089.29
6084.68
6068.81
6042.46
6003.09
5960.89
5903.14
5855.06
5794.51
5744.61
5686.04
5651.08
5598.45
5557.65
5559.17
5574.56
5645.45
5972.99
6985.19
9141.98
11608.2
13589
14829.2
15478.4
15658
15614.4
15470.6
15185
14898.6
14635
14386
14180.8
13965.1
13965.9
14053.1
14306.3
14877.6
15956.1
17540.9
19501.8
21757.9
24065.2
26036
27599.1
29084.6
30488.7
31814.1
33054.8
34216.6
35291.4
36286.7
37197.4
38031.8
38793.4
39498.2
40145.6
40757.1
41345.1
41935.4
42551.2
43209.4
43964.3
44829.7
45898.8
47207
48861.5
51242.2
578.161
1880.58
2736.65
3068.71
3279.22
3404.59
3541.19
3702.49
3878.64
4058.57
4226.18
4394.14
4538.49
4671.3
4775.54
4862.92
4932.09
4984.25
5020.54
5042.79
5059.15
5071.29
5075.44
5075.3
5068.59
5049.45
5025.41
4989.49
4955.07
4912.06
4875.34
4828.93
4796.58
4762.09
4719.43
4706.59
4723.29
4761.39
4873.19
5219.29
6067.68
7475.68
8987.1
10280.6
11258.8
11884.7
12243.9
12443.4
12454.6
12445.7
12404.2
12311.2
12245
12131.4
12149.3
12210.2
12342.2
12604.9
13104.3
13920.7
15032.3
16451.9
18088.9
19620.1
20903.7
22175.8
23420.2
24629.8
25794.6
26914.4
27983.4
29004.5
29974.3
30897.7
31775.6
32616.3
33423.4
34206.5
34977.7
35750.5
36545.4
37376.8
38277.6
39268.6
40390.8
41700.1
43162.3
45247.6
37.9342
242.546
758.574
1403.36
1877.65
2145.08
2355.64
2559.11
2755.06
2945.71
3120.4
3293.47
3449.44
3594.9
3717.87
3822.99
3910.95
3982.66
4040.4
4083.07
4117.32
4143.91
4163.34
4178.04
4182.85
4182.13
4179.02
4165.47
4145.55
4121.75
4099.49
4069.37
4043.22
4022.58
3992.16
3971.73
3985.47
4015.95
4054.99
4155.93
4414.78
4960.99
5758.19
6628.35
7459.49
8177.27
8732.24
9164.02
9456.02
9670.33
9819.19
9918.89
10005.8
10061.4
10140.4
10245.5
10374.2
10543.6
10786.9
11171.9
11719.6
12467.2
13414.7
14389.2
15256.7
16160.9
17086.3
18022.6
18958.6
19888.7
20806.7
21710.8
22597.8
23468.3
24322.4
25162.8
25992.5
26815.8
27640
28472.6
29325.2
30208.4
31137
32129.4
33189.8
34383.2
35575.4
37312.7
1.27656
9.24804
54.2597
187.767
475.772
843.243
1177.52
1455.06
1680.06
1883.04
2069.72
2252.7
2421.54
2578.01
2716.09
2836.95
2942.97
3033.63
3112.73
3177.02
3231.24
3275
3311.51
3341.08
3362.96
3379.46
3391.96
3392.63
3392.91
3389.43
3384.93
3371.52
3356.44
3346.78
3332.38
3316.5
3327.65
3355.98
3378.33
3404.47
3467.92
3612.76
3898.52
4296.93
4751.66
5240.39
5697.5
6124.59
6492.52
6816.65
7085.15
7318.69
7524.86
7711.99
7888.69
8068.19
8247.23
8430.67
8620.5
8846.58
9129.47
9499.36
9975.76
10500.3
10989.7
11520.8
12086.9
12682.6
13301.4
13938.9
14590.5
15253.4
15925
16603.8
17289.2
17981.4
18681.3
19390.5
20111.7
20848.4
21604.6
22386.8
23195.7
24048.4
24920.8
25893.1
26763.8
28112.8
0.046767
0.18646
1.13454
5.9035
26.2974
81.0091
192.502
372.747
592.274
829.669
1055.03
1259.76
1439.11
1599.33
1745.38
1878.69
2002.37
2112.37
2212.17
2297.63
2372.07
2433.96
2488.52
2534.17
2573.16
2606.3
2635.38
2656.2
2673.79
2687.32
2697.87
2701.86
2701.96
2703.03
2704.26
2704.38
2715.81
2741.52
2765.79
2779.19
2792.45
2821.9
2884.65
3007.71
3173.05
3388.76
3624.48
3880.27
4135.86
4395.46
4641.1
4880.31
5108.76
5333.39
5552.76
5772.31
5988.45
6201.06
6405.36
6608.88
6817.75
7048.64
7310.84
7590.35
7850.66
8133.29
8437.77
8763.55
9109.4
9474.25
9856.84
10256.2
10671.3
11101.6
11546.7
12006.4
12480.8
12970.4
13475.4
13997.6
14535.7
15095.2
15667.2
16271.8
16866.1
17544.1
18083.4
19013.2
0.00219966
0.00373659
0.0156745
0.0798132
0.402677
1.68898
6.13814
18.8058
46.671
101.676
189.711
309.251
454.753
614.55
779.45
936.545
1082.81
1211.25
1325.81
1425.19
1514.75
1592.06
1663.93
1727.31
1784.87
1835.71
1882.79
1921.87
1957.18
1987.36
2013.6
2034.62
2052.05
2067.89
2082.71
2095.52
2112.99
2140.59
2168.06
2187.39
2199.18
2208.51
2220.05
2244.94
2283.86
2346.41
2425.54
2524.54
2636.42
2764.47
2901.19
3048.37
3202.43
3365.48
3535.76
3714.35
3898.17
4085.71
4271.82
4457.35
4639.95
4825.95
5015.36
5197.23
5357.68
5523.95
5696.82
5877.1
6065.37
6262.19
6467.94
6683.03
6907.67
7142.23
7386.73
7641.67
7906.73
8182.82
8468.69
8766.49
9072.32
9392.43
9714.26
10059.1
10383.3
10768.8
11043.7
11583.4
0.000467805
0.000162031
0.000242523
0.000840423
0.00400373
0.0173264
0.0672487
0.23738
0.750163
2.22507
5.96711
14.0844
30.6201
57.6831
100.998
158.559
233.388
319.826
418.111
519.236
624.679
723.974
819.787
906.649
986.146
1055.42
1119.04
1173.46
1222.79
1266.42
1306.19
1341.29
1373.46
1403.1
1431.77
1458.47
1486.44
1519.98
1552.92
1580.83
1602.08
1618.69
1630.53
1642.36
1653.96
1670.18
1690.85
1718.73
1753.11
1796.25
1847.16
1907.18
1975.68
2053.85
2141.09
2238.15
2343.42
2456.73
2574.99
2698.52
2824.49
2954.81
3087.36
3210.38
3316.04
3422.77
3530.68
3640.07
3751.17
3864.36
3979.9
4098.21
4219.45
4344.08
4472.02
4603.88
4739.08
4878.67
5021.05
5168.47
5316.89
5472.05
5623.47
5787.31
5934.08
6113.44
6233.54
6467.18
0.000463251
7.34748e-05
2.13977e-05
1.81486e-05
3.68144e-05
0.000132081
0.000507833
0.00184288
0.00611351
0.0189988
0.055102
0.147577
0.378226
0.902798
2.04721
4.29373
9.13334
15.5522
28.6508
43.0949
67.5983
95.3643
131.719
172.027
219.158
268.625
322.45
376.885
432.672
487.196
541.464
592.933
642.67
689.438
734.407
776.954
818.096
860.989
902.329
939.408
970.774
997.237
1018.75
1037.13
1052.54
1066.65
1080.13
1094.26
1109.31
1126.51
1146.11
1169.21
1195.95
1227.41
1263.39
1304.79
1350.83
1402.11
1457.3
1517.11
1580.15
1647.52
1717.81
1784.2
1841.62
1899.96
1959.04
2018.86
2079.3
2140.46
2202.23
2264.79
2327.96
2392.02
2456.6
2522.19
2588.01
2654.99
2721.58
2789.69
2856.13
2925.12
2989.74
3060
3119.51
3193.64
3240.29
3329.37
0.000462548
7.42076e-05
1.93709e-05
7.08968e-06
3.37315e-06
2.89149e-06
4.29361e-06
1.09843e-05
3.4509e-05
0.000108597
0.00032441
0.000901854
0.00237244
0.00587479
0.0138375
0.0308415
0.0700093
0.139064
0.298319
0.538385
1.07206
1.79521
3.32562
5.09686
8.30344
12.2846
18.0732
24.9794
34.253
44.6499
57.6782
71.9127
88.5678
106.6
126.869
148.698
172.516
198.902
227.611
256.545
284.876
311.622
336.834
360.367
382.107
402.578
421.83
440.558
458.886
477.678
496.726
517.033
538.009
560.418
583.94
609.259
635.841
664.238
693.749
724.98
757.19
791.182
826.15
859.21
887.767
916.647
945.739
975.066
1004.5
1034.12
1063.76
1093.57
1123.28
1153.17
1182.77
1212.6
1241.86
1271.45
1300
1329.15
1356.48
1385.06
1410.4
1438.56
1460.69
1489.32
1505.86
1541.68
0.000462346
7.43761e-05
1.9213e-05
7.11786e-06
3.3363e-06
1.88365e-06
1.20621e-06
8.15431e-07
7.41798e-07
9.05877e-07
1.61682e-06
3.77864e-06
9.5747e-06
2.38965e-05
5.72743e-05
0.000130667
0.000292652
0.000612278
0.00131701
0.00250584
0.00520239
0.00907978
0.0180628
0.0291868
0.0527273
0.0831667
0.134349
0.227906
0.32952
0.542263
0.756016
1.20066
1.60321
2.43429
3.16378
4.59625
5.96625
8.29827
10.8793
14.1977
17.5255
21.1674
24.634
28.2274
31.9462
35.9849
40.1281
44.5827
49.1956
54.1721
59.445
65.1152
71.38
78.5853
86.412
95.3164
104.903
115.559
126.87
139.196
152.085
165.918
180.285
193.927
205.832
217.888
230.116
242.454
254.845
267.366
279.768
292.391
304.676
317.289
329.308
341.808
353.395
365.686
376.663
388.668
398.802
410.479
419.494
430.851
438.394
449.56
455.182
468.505
0.000462312
7.43409e-05
1.92325e-05
7.0969e-06
3.34863e-06
1.87887e-06
1.18684e-06
8.14132e-07
5.98822e-07
4.56795e-07
3.68342e-07
3.04995e-07
2.69198e-07
2.81183e-07
3.41361e-07
5.10961e-07
9.14086e-07
1.77003e-06
3.59928e-06
7.0651e-06
1.48892e-05
2.68996e-05
5.50935e-05
9.15112e-05
0.000173143
0.000272269
0.000459208
0.000783047
0.00114837
0.00195105
0.00290163
0.00459381
0.00717397
0.0106942
0.0172992
0.0259098
0.0430421
0.06485
0.110872
0.150575
0.202881
0.243506
0.267128
0.314575
0.347959
0.420259
0.468881
0.569791
0.637223
0.777347
0.871096
1.05965
1.19442
1.46167
1.78996
2.2891
2.88343
3.69614
4.57129
5.76166
7.00505
8.52378
10.2301
11.8546
13.453
14.9851
16.7762
18.4892
20.3811
22.3005
24.1955
26.3602
28.2214
30.5793
32.4026
34.8685
36.6291
39.1642
40.8394
43.3759
44.9297
47.4405
48.8289
51.2601
52.4624
54.758
55.7344
58.5924
0.000462299
7.43293e-05
1.92348e-05
7.0939e-06
3.34898e-06
1.87861e-06
1.18607e-06
8.15009e-07
5.97433e-07
4.57139e-07
3.65081e-07
2.9787e-07
2.50787e-07
2.13949e-07
1.85906e-07
1.64934e-07
1.45977e-07
1.34691e-07
1.23325e-07
1.19777e-07
1.24212e-07
1.37745e-07
1.74528e-07
2.3564e-07
3.79059e-07
5.61344e-07
9.54908e-07
1.48168e-06
2.45049e-06
3.81105e-06
6.47189e-06
9.97688e-06
1.71788e-05
2.70541e-05
4.71733e-05
8.0531e-05
0.000139414
0.000270786
0.000418747
0.000715623
0.000790022
0.000833683
0.000945618
0.00103213
0.0012382
0.00144181
0.00194179
0.00239835
0.00346121
0.0042321
0.00588522
0.00680635
0.00862757
0.00940937
0.0108443
0.0140939
0.0192844
0.0308523
0.0433114
0.0667627
0.0991283
0.129724
0.194209
0.23473
0.299564
0.347925
0.424051
0.493844
0.57649
0.66625
0.7522
0.864192
0.950029
1.08662
1.16914
1.32189
1.40511
1.5654
1.65087
1.81411
1.89653
2.05806
2.13761
2.29109
2.36505
2.50827
2.5707
2.71008
0.000462306
7.4326e-05
1.92378e-05
7.09256e-06
3.34906e-06
1.87943e-06
1.1846e-06
8.16843e-07
5.95482e-07
4.59005e-07
3.63487e-07
2.99056e-07
2.50247e-07
2.1394e-07
1.87171e-07
1.64158e-07
1.49353e-07
1.36322e-07
1.31182e-07
1.34503e-07
1.48228e-07
1.77714e-07
2.51542e-07
3.50775e-07
5.87488e-07
8.49377e-07
1.41603e-06
2.14278e-06
2.94896e-06
5.0838e-06
6.50902e-06
9.42876e-06
1.16509e-05
1.50676e-05
1.64065e-05
1.90097e-05
2.13472e-05
3.00107e-05
6.78781e-05
0.000202747
0.000627618
0.00167283
0.00435669
0.00892957
0.0200662
0.0322546
0.0599412
0.0842706
0.133742
0.175009
0.237848
0.291269
0.351302
0.402316
0.449355
0.485373
0.514386
0.526691
0.551932
0.565148
0.591888
0.605935
0.635276
0.652749
0.682427
0.700567
0.733063
0.754126
0.788554
0.812454
0.848325
0.8741
0.911284
0.938196
0.975967
1.00354
1.04144
1.06871
1.10643
1.13178
1.1688
1.19108
1.22683
1.24631
1.27922
1.29608
1.32819
1.24285
0.000462323
7.43434e-05
1.92277e-05
7.10378e-06
3.34081e-06
1.88655e-06
1.17937e-06
8.2034e-07
5.94451e-07
4.58727e-07
3.74204e-07
3.03544e-07
3.04308e-07
3.43322e-07
4.78391e-07
8.20641e-07
1.58634e-06
3.18686e-06
6.54303e-06
1.26102e-05
2.65183e-05
4.65874e-05
9.41238e-05
0.000152385
0.000290154
0.000441263
0.000765419
0.00118875
0.00169787
0.0029834
0.00401349
0.00618723
0.00835367
0.0115225
0.0165986
0.0212377
0.0306215
0.0438198
0.0705551
0.116318
0.215301
0.351196
0.648934
0.953385
1.59698
2.14043
3.20154
4.13833
5.5835
6.87324
8.51119
10.0197
11.5899
13.1648
14.5456
16.0654
17.2431
18.6609
19.6665
20.9239
21.9691
23.2654
24.3442
25.5779
26.56
27.6224
28.6504
29.6731
30.7545
31.7236
32.837
33.7713
34.8776
35.8026
36.8846
37.7775
38.8706
39.7152
40.847
41.6107
42.7544
43.4379
44.5648
45.1851
46.2621
46.7804
47.876
47.742
0.000462355
7.44031e-05
1.91804e-05
7.14921e-06
3.30792e-06
1.90316e-06
1.19776e-06
8.15384e-07
8.32285e-07
1.13581e-06
2.30254e-06
5.74805e-06
1.48315e-05
3.73319e-05
9.01193e-05
0.000208361
0.000460166
0.000978878
0.00206582
0.00401
0.00845864
0.0147122
0.0295654
0.0472639
0.0894457
0.134911
0.234293
0.353401
0.532747
0.890514
1.20822
1.843
2.51237
3.43965
4.74551
6.01524
8.10526
10.1038
13.2047
16.5265
21.3804
26.9654
34.5252
43.0716
53.5285
65.078
77.9578
91.8736
106.756
121.71
136.777
151.164
165.217
178.307
190.991
202.715
214.095
224.681
235.004
244.784
254.228
263.427
272.494
280.941
288.325
295.55
302.805
309.863
317.056
323.996
331.165
338.003
345.14
351.856
358.967
365.499
372.566
378.821
385.83
391.722
398.69
404.105
411.071
415.847
422.924
426.792
434.338
436.578
0.000462528
7.42711e-05
1.93298e-05
7.10415e-06
3.31376e-06
2.82402e-06
4.42362e-06
1.2455e-05
4.19244e-05
0.000136495
0.00041534
0.00117541
0.00311758
0.00788654
0.0189697
0.0436996
0.0955292
0.202908
0.425309
0.81117
1.64565
2.74734
5.14447
7.65493
12.9595
17.7302
26.5848
35.4687
48.0411
61.4782
77.7049
95.3734
114.701
135.682
157.521
180.78
204.702
230.022
256.49
284.89
315.746
349.129
385.614
423.459
463.218
503.239
542.824
582.816
620.817
656.221
688.269
717.229
743.205
766.899
788.533
808.902
828.215
847.201
865.989
885.243
905.064
926.125
948.245
970.102
989.622
1009.71
1030.47
1051.75
1073.71
1096.08
1119.07
1142.34
1166.17
1190.11
1214.59
1238.94
1263.84
1288.3
1313.42
1337.65
1362.87
1386.47
1411.83
1434.18
1460.04
1480
1507.6
1522.65
0.000462088
7.46432e-05
1.99319e-05
1.43175e-05
2.84201e-05
0.000109929
0.000462852
0.00180954
0.00635295
0.0203994
0.0609347
0.168724
0.438897
1.09579
2.55461
5.6122
11.1737
21.1723
36.717
57.9491
88.0959
122.835
167.833
214.783
270.362
325.336
385.313
442.5
501.301
555.915
609.321
658.306
704.069
746.419
784.435
820.042
852.005
883.736
913.317
945.373
977.872
1014.18
1051.85
1090.1
1129.13
1166.6
1202.83
1240.48
1274.96
1306.82
1336.74
1366.11
1396.52
1429.62
1466.23
1507.97
1555.53
1609.72
1671
1739.96
1816.54
1901.53
1993.84
2082.8
2160.5
2240.44
2322.36
2405.82
2490.54
2576.13
2662.37
2748.89
2835.55
2921.95
3008.03
3093.35
3177.99
3261.37
3343.88
3424.58
3504.51
3581.84
3659.11
3732.07
3807.41
3873.76
3950.47
4003.09
0.000446704
0.00012962
0.000159675
0.000534392
0.00275265
0.0130964
0.054404
0.205345
0.688538
2.11712
5.95707
14.7709
32.4882
65.2094
114.82
184.695
270.513
372.017
480.822
592.91
703.269
806.095
901.957
985.466
1061.67
1125.6
1183.71
1231.92
1276.87
1314.11
1348.5
1378.08
1404.86
1429.34
1449.88
1469.02
1487.28
1506.61
1524.56
1548.7
1572.67
1605.66
1637.8
1674.03
1710.16
1747
1783.88
1830.47
1879.63
1937.11
2007.08
2090.66
2194.46
2319.66
2468.46
2643.75
2844.26
3069.11
3316.59
3581.91
3863.12
4155.52
4455.04
4722.95
4945.96
5165.5
5380.67
5590.77
5795.2
5993.87
6186.24
6372.57
6552.52
6726.25
6893.64
7054.79
7209.92
7358.95
7502.27
7639.75
7771.94
7898.42
8020.46
8136.22
8249.73
8353.25
8463.43
8544.01
0.00154349
0.00219686
0.00831039
0.0478485
0.260684
1.18941
4.54822
15.2353
41.1365
93.9494
186.321
317.226
479.457
658.794
840.156
1011.13
1162.85
1296.17
1408.78
1507.09
1593.02
1667.85
1735.58
1793.98
1847.24
1891.76
1931.28
1963.65
1993.08
2014.34
2032.58
2047.08
2058.04
2069.21
2069.98
2076.32
2083.73
2087.48
2094.79
2109.9
2126.23
2157.02
2184.94
2224.05
2264.05
2314.57
2373.27
2476.98
2616.75
2810.03
3059.55
3366.22
3749.26
4197.56
4714.87
5289.7
5900.21
6534.18
7165.44
7778.57
8364.95
8911.59
9414.3
9824.94
10148
10447.8
10723.8
10980.3
11215.8
11436.3
11637.9
11829.2
12003.7
12169.1
12319.8
12462.8
12596.9
12721.8
12841.6
12953.3
13059.6
13160.5
13256.4
13346.9
13433.8
13513.3
13595.7
13653.4
0.0282877
0.0984578
0.576841
3.50388
17.0756
59.491
151.088
323.903
553.587
813.49
1069.58
1302.21
1504.32
1679.93
1834.99
1973.62
2096.85
2206.29
2299.02
2379.21
2445.76
2500.69
2546.65
2583.52
2615.19
2638.54
2657.07
2671.43
2682.8
2683.85
2684.53
2683.71
2681.19
2675.61
2666.6
2655.81
2650.98
2640.14
2640.48
2647.94
2662.36
2693.65
2726.67
2784.89
2857.65
2967.51
3135.53
3464.91
3925.22
4539.99
5296.05
6208.21
7280.17
8441.11
9659.59
10848.7
11954.3
12949.6
13786.9
14501.7
15081.1
15532.2
15890.5
16163.5
16370.9
16549.6
16699.3
16831.2
16940.8
17043.5
17123.5
17211.5
17269
17340.6
17370.8
17430.9
17474
17511
17564.8
17585.2
17632.9
17673
17710.7
17746
17779.3
17809.2
17840.9
17856.5
0.669752
4.92752
29.3307
127.899
356.682
708.548
1072.68
1396.28
1667.37
1908.52
2129.83
2336.25
2522.22
2684.39
2822.11
2938.53
3036.82
3119.74
3187.74
3244.22
3288
3322.3
3346.41
3363.55
3376.38
3378.45
3378.64
3374.86
3368.83
3354.17
3337.76
3319.21
3301.59
3277.47
3257.75
3234.33
3218.83
3199.34
3187.23
3193.6
3213.34
3256.31
3318.76
3441.2
3620.72
3926.9
4470.24
5447.2
6659.29
8165.27
9920.46
11916
13982.1
15934.1
17656.9
19046.5
20114.6
20865.6
21360
21709.5
21833.9
21843.8
21832.7
21807.6
21782.8
21748.3
21700.5
21648.1
21591
21537
21479.5
21430.6
21375.7
21328.9
21277
21233.3
21192.1
21153.2
21122
21090.8
21064.4
21041.2
21020.7
21002.2
20985.7
20970.2
20957.8
20938.3
20.5981
149.647
503.607
1157.64
1684.05
2007.97
2276.47
2533.51
2779.03
3011.16
3218.03
3404.63
3567.7
3706.24
3820.39
3913.41
3987.91
4046.51
4091.29
4124.51
4145.93
4160.48
4162.08
4161.38
4156.95
4143.99
4123.76
4100.36
4075.55
4042.55
4011.68
3977.57
3945.31
3905.36
3875.92
3841.16
3814.74
3784.29
3773.56
3784.9
3823.44
3901.77
4054.33
4342.67
4803.19
5674.61
7199.2
9376.17
11727.7
14515.7
17567.3
20642
23296
25361.5
26776.3
27626.1
28043.5
28046.9
27963.5
27727.9
27318.9
26856
26408.1
26078
25842.5
25615.8
25398
25192
24997.7
24817.7
24649.4
24495.5
24351.1
24218.7
24095.2
23982.4
23879.1
23784.5
23699
23621
23550.1
23485.6
23427
23373.6
23324.8
23279.6
23239.3
23195.2
368.575
1393.18
2355.3
2822.98
3091.63
3274.68
3485.34
3708.43
3934.32
4153.12
4343.28
4511.21
4651.43
4765.05
4854.59
4924.06
4975.44
5011.79
5034.56
5046.32
5046.98
5042.88
5029.88
5007.2
4984.69
4952.02
4915.72
4872.92
4830.14
4779.76
4735.64
4687.08
4639.59
4588.22
4551.69
4504.79
4466.68
4431.76
4434.79
4463.68
4548.29
4715.46
5089.54
5735.24
6875.28
9069.4
12228.2
15652.9
19081.5
23221.5
27347.4
30820.9
33191.8
34523.2
34998.3
34909.8
34526
33751
32951.6
32148.4
31313.9
30491
29730.6
29171.1
28777
28411
28071.5
27757.3
27467.6
27201.6
26957.1
26733.8
26528.9
26341.9
26171.1
26015.7
25874.7
25746.9
25631.3
25526.7
25431.9
25345.9
25267.7
25196.2
25130.7
25070.2
25015
24958.1
2435.48
3990.4
4319.15
4405.96
4471.34
4556.2
4729.54
4938.61
5155.02
5360.35
5531.05
5679.55
5796.74
5886.13
5952.22
5999.18
6028.63
6044.69
6045.93
6040.42
6022.87
5997.11
5967.04
5927.61
5888.54
5835.53
5782.91
5721.07
5660.69
5595.1
5539.72
5477.18
5415.98
5358.75
5316
5254.05
5206.97
5185.6
5207.04
5281.84
5461.54
5810.69
6679.21
7997.37
10555.5
14873.2
19435.7
23344.1
27689.4
33119.7
37717.9
40714.2
42089.8
42189.1
41675.2
40532.6
39245.1
37871.7
36556.8
35338.8
34191.9
33122.8
32158.9
31452.6
30954.8
30498.1
30079
29694.3
29342.4
29021.4
28728.8
28463
28221.8
28003.8
27807
27630.2
27471.7
27329.5
27202.1
27087.6
26984.4
26890.8
26805.4
26726.8
26654.1
26586
26522.7
26458.1
5931.53
6440.4
6150.78
5925.33
5866.58
5903.53
6053.93
6260.3
6470.99
6661.2
6810.5
6939.1
7033.27
7099.73
7144.06
7169.88
7179
7176.4
7160.43
7132.85
7097.72
7055.23
7009.41
6953.56
6898.36
6824.52
6755.43
6675.34
6599.64
6521.75
6456.87
6380.17
6308.83
6251.55
6200.17
6120.8
6076.33
6081.68
6141.54
6305.61
6654.68
7341.98
9172.35
11576.9
16390.5
22726.2
27436.3
31170.7
36662.8
43196.7
47499.3
49339.3
49356.9
48372.3
46524.4
44588.9
42646.9
40830.8
39179.6
37695.1
36349.7
35128
34041.2
33247.4
32686
32172.2
31702.3
31272.9
30882
30527.4
30205.9
29916.1
29656.1
29424.1
29218.1
29036.1
28875.5
28733.3
28606.8
28493.2
28390.5
28296.4
28209.3
28127.4
28049.8
27975.2
27903.9
27830.1
9263.56
8727.01
7856.37
7466.9
7342.21
7364.11
7510.18
7713
7916.78
8088.82
8215.41
8324.1
8395.58
8440.51
8464.7
8470.78
8461.79
8439.71
8404.26
8360.11
8309.48
8251.54
8190.81
8119.07
8047.11
7953.03
7868.97
7771.49
7683.36
7596.48
7523.45
7432.88
7357.17
7303.95
7238.55
7144.43
7121.52
7160.76
7299.14
7613.07
8232.41
9498.2
12922.3
16677.3
24105.9
31243.8
34925.5
38518.7
45555.2
52766.4
56057.9
56413.5
55209.1
52806.2
50042
47541.5
45140.5
43047.4
41196.8
39554.9
38097.6
36790.1
35635.3
34793
34192.9
33642.2
33139.1
32680.8
32265.8
31891.1
31552.8
31251.1
30984.5
30751.2
30548.8
30374
30222.3
30088.9
29969.9
29861.5
29761.3
29666.6
29576.2
29488.1
29401.7
29315.8
29231
29141.9
12293.5
10859.7
9597.66
9128.32
8973.34
8991.61
9143.34
9338.85
9532.58
9682.96
9785.96
9874.84
9924.11
9948.71
9954.23
9941.48
9912.12
9874.18
9821.53
9762.15
9697.52
9625.39
9550.17
9463.45
9374.99
9261.62
9164.46
9051.33
8954.46
8861.91
8781.52
8678.71
8605.8
8557.48
8472.24
8374.13
8385.7
8483.4
8748.83
9283.42
10298.2
12472.1
18058.6
23059.4
32660.2
39176.3
41399.4
45279.6
54135.2
61411.4
63199
62208.6
59515.7
56080
52646.2
49789.7
47082.9
44847.4
42894.9
41169.5
39659.7
38309.2
37121.7
36254.9
35629.4
35051.9
34525.5
34047.9
33617.7
33230.7
32882.1
32576.6
32312.1
32087
31898
31738.7
31602
31480.4
31369
31263.1
31160.8
31059.3
30958.2
30855.7
30751.8
30646
30538.7
30425.3
15247.7
12940.6
11496
11000.5
10830.2
10846.2
11003.5
11186.1
11365.4
11491
11570.1
11639.6
11667.4
11672.6
11659
11625.9
11580.6
11528.5
11459.5
11386.6
11309.2
11223.8
11135.5
11034.7
10930.1
10799.3
10691.5
10565.4
10464
10368.8
10281.6
10169.9
10106.9
10060.6
9953.05
9866.7
9923.07
10116.3
10564
11383
12939.8
16404.7
24320.7
30123.2
41030.2
45955.8
46921.9
51405
62338.1
68945.9
69117
66751.2
62756.6
58583.6
54706
51650
48752.2
46474.6
44483.7
42722.1
41197.9
39829.7
38630.9
37752.8
37106.8
36506.7
35962.2
35470.4
35029.9
34633.6
34277.7
33974
33718
33508.1
33338.8
33199.3
33078.2
32965.2
32855.1
32743.2
32629
32509.9
32387.2
32259.1
32126.5
31989.7
31849.5
31701.7
18256.3
15142.2
13668.1
13174.4
12987
12996.1
13152
13315.1
13475
13572.7
13627.4
13677.3
13684.2
13668.9
13635.1
13585.9
13527
13461.5
13377.1
13292.2
13203.4
13106.3
13006
12892.3
12772.6
12627.2
12511.8
12376
12274.5
12179
12085.8
11970.5
11922.6
11875.7
11743.6
11685
11807.5
12129.7
12808.2
13965.8
16211.3
21327.4
31156.9
37234.8
48665.2
51553.8
51525.8
57181.7
70058.9
75378.7
74095.8
70249
65359.5
60661.7
56515.5
53371.8
50364.5
48114.5
46122.4
44353.3
42837.3
41464.7
40266.6
39383.1
38716.1
38093.8
37533.6
37030.1
36580.9
36174.9
35812.4
35514.6
35271
35080.9
34934.4
34813.9
34703.3
34590.1
34470
34339.5
34200.5
34051
33894.1
33728.1
33555.2
33376.4
33192.3
33000.4
21347
17713.1
16236.3
15748.4
15531.3
15523.1
15667.7
15803.6
15938.3
16004.9
16034.1
16063.8
16048.2
16010.9
15960.5
15896.7
15825.4
15747.1
15648.6
15553.8
15455.3
15348
15237.1
15112
14979.1
14822.7
14702.9
14561.4
14464
14370.1
14272.5
14159.3
14129.3
14080.2
13923.7
13906.2
14124
14598.2
15534.4
17073.5
20121.7
27136.8
38004.4
44017.4
55414.6
56188.3
55408.2
62834.8
77189.7
80916.2
78271
73160.4
67654
62601.6
58315.6
55157.8
52096.4
49918.2
47944
46183.2
44687.2
43315.6
42124.2
41235.6
40543.9
39898.1
39323.2
38808.1
38349.1
37930.5
37560.7
37271.5
37042
36873.4
36748.6
36641.8
36531.7
36405
36260.6
36097
35919.5
35726.4
35523.1
35307.6
35083.3
34852.5
34614.7
34369.9
24716.2
20803.9
19334
18839.9
18573.4
18532.7
18654
18753.8
18856.3
18887.8
18889.5
18896.3
18856.8
18799
18733.1
18655.3
18572.4
18481.8
18370.6
18268.4
18161.5
18045.8
17926.3
17791.7
17648.6
17485.5
17364.8
17222
17132.1
17041.1
16941.4
16836.3
16824
16771.9
16594.8
16626.3
16973.6
17600.7
18796.5
20735.6
24648.8
33480.3
44645.5
50364.9
61380.4
60217.3
58891.6
68473.3
83698.9
85834.2
81909.5
75874.2
69932.9
64651.8
60314.2
57186.6
54106.2
52024.5
50074.7
48329.3
46857.6
45487.2
44304.2
43407.5
42685.5
42014.3
41424.1
40895.6
40423.5
39987.7
39608.9
39329.5
39113.4
38964.9
38857.1
38754.1
38630.7
38475.1
38290.9
38079.8
37850.8
37601.9
37341.2
37065.8
36780.6
36489.1
36189.4
35884.5
28601.2
24596.5
23121.3
22597.5
22256.1
22164.8
22248.2
22301.4
22363.8
22355.1
22324.6
22306
22240.2
22163.7
22082.2
21990.8
21896.7
21794.1
21672.4
21564.4
21450.6
21328.1
21202.2
21060.6
20911
20745.7
20627.8
20487.7
20407.9
20321
20221.8
20129.7
20133.8
20075.4
19885
19974.1
20471.5
21230
22665.1
24990.6
29760.6
40090.5
51037.3
56350.9
66832.5
63913.6
62320
74130.6
89764.7
90445.1
85368.9
78700.9
72464.7
67042.6
62708.3
59633
56552.9
54577.3
52650.1
50920.9
49472.6
48100.6
46924.3
46014.1
45255.9
44556.8
43949.5
43404
42913.8
42455.2
42064.9
41794.6
41588.2
41455.6
41356.4
41244.4
41092
40891.2
40652.5
40380.7
40088.6
39773.6
39446.1
39101.9
38747.7
38388.4
38019.6
37648.7
33288.6
29320.4
27803
27217.2
26770.3
26607.1
26635.7
26630.5
26641.5
26585.5
26518.5
26472
26376.8
26281.2
26183.1
26077.8
25972.5
25858.3
25727.8
25615.3
25495.7
25368.5
25238.4
25092.5
24940.4
24777
24665.2
24531.2
24462.6
24380.4
24284.6
24207.7
24225.5
24157.7
23962.1
24117.5
24758.6
25613.3
27245.7
29906.2
35454.3
46854.8
57295
62168
72125.5
67613.6
65968.3
79901.4
95656.4
95093.2
89019.5
81948.4
75515.1
70006.5
65703.5
62687
59613.5
57742.4
55830.6
54114
52684.8
51306
50132.4
49202.1
48401.6
47671.8
47044.4
46476.7
45962.3
45474.3
45069.2
44805.1
44602.3
44478.6
44376.8
44240.8
44043
43781.7
43475.2
43131.5
42766.7
42376.5
41974.2
41553.5
41123.4
40690.2
40245.9
39804
39140.9
35275.7
33651.8
32964.3
32376.3
32117.3
32070
31990.9
31939.7
31827
31718.7
31638.9
31511.4
31393.9
31277.4
31157.2
31040.2
30914.2
30776.1
30659.6
30535.1
30404.7
30272.4
30124.8
29974.2
29815.9
29712.4
29586.2
29528.6
29450.8
29360.1
29297.5
29325.1
29246.2
29052.4
29277.6
30028.1
30933.6
32700.5
35611.5
41803
53842.3
63661.5
68103.5
77633.8
71685.5
70122.6
85960.8
101727
100135
93263.6
85939.7
79370.9
73801.9
69537.4
66574.2
63503.1
61726.6
59819.4
58108.6
56691.6
55299.5
54123.1
53165.3
52316.9
51553
50901.1
50304.8
49759.1
49234.7
48810.1
48546.8
48339.1
48215
48097.5
47921.6
47662.8
47327.4
46941.7
46516.5
46070.4
45597.1
45112.7
44608.6
44096.1
43583.1
43056.9
42539.4
46679.3
42812.2
41042.6
40207
39436.8
39055
38909.2
38738
38610.1
38429.5
38271.1
38150.8
37986.6
37842.8
37704.8
37567.8
37437.2
37298.4
37152.7
37031.8
36902.6
36769.7
36636.5
36488.9
36342.6
36190.4
36096.1
35976.7
35927.9
35852.7
35766.7
35714.4
35746
35655.3
35467.9
35757.1
36560.6
37465.3
39289.6
42337.7
48994.6
61295.8
70493.6
74529.5
83776.9
76536.6
75113.6
92584.3
108416
105989
98535.7
91042.7
84369.2
78742.3
74507.4
71583.9
68501.6
66804
64887.9
63173.5
61760.7
60347.8
59162.1
58169.6
57268.2
56466.3
55784.2
55151.8
54566.9
53998.8
53548.3
53277.9
53054.7
52918.7
52770.9
52539.5
52205.1
51783.5
51308.7
50793.2
50257.9
49693.9
49120
48525.3
47923.5
47324.5
46709.1
46110.6
56527.3
52491.9
50506.9
49468.2
48468.1
47932.4
47663
47377.5
47155.4
46893.1
46672.5
46502.4
46295.1
46118.6
45954
45796.6
45649
45494.4
45339.6
45212.1
45077
44940.6
44805.9
44657.9
44516.6
44368.1
44281.1
44163.8
44119.2
44042
43956.5
43907.2
43935.1
43832
43651
43988.2
44775.8
45627
47423.2
50471.5
57374.3
69650
78277.2
81926.7
91061.8
82651.2
81361.4
100176
116255
113180
105339
97714.2
90941.5
85239.2
81012.6
78109.4
74995
73356.7
71416.8
69687.9
68270.3
66828.8
65627
64593.3
63634.4
62789.8
62070.7
61393.8
60761.7
60141.6
59656.9
59368.7
59117.4
58956.3
58762.6
58459.8
58036.4
57517.7
56944.3
56329.9
55696.7
55033.4
54361.8
53668.2
52968.7
52276
51562
50875.8
69601.6
65122.1
62821.4
61513.1
60226.6
59501.6
59080.5
58654.3
58317.2
57955.7
57657.2
57424.9
57165.4
56946.7
56748
56563.7
56392.6
56216.8
56048.7
55909.8
55764.6
55620.5
55480.8
55328.3
55188.2
55035.9
54950.2
54824.3
54776.5
54688.2
54593.5
54536.6
54550.7
54431.7
54250.7
54612.1
55315.8
56065.9
57746.3
60641
67548
79565.8
87690.4
90949
100158
90663.3
89447.6
109320
125939
122395
114323
106571
99684.4
93872.3
89623.2
86717.8
83544
81944
79965.4
78210.9
76780.7
75303.6
74078.3
72998.3
71978.7
71086.1
70322.4
69591.9
68903.9
68222.7
67692.9
67373.5
67079.2
66877.4
66620.7
66230.7
65705.1
65078
64395.7
63672.1
62930.6
62157.4
61377.2
60573.7
59765.6
58968.8
58143.3
57360.2
87299.6
81919.8
79167
77504.1
75861.9
74906.9
74303.4
73704.6
73228.5
72745
72348.5
72038.3
71713
71438.4
71193.8
70971.9
70766.7
70559.8
70369.2
70209.5
70045.7
69884.5
69730.8
69563.2
69413.5
69241.4
69145.2
68991.5
68928.7
68813.1
68691.8
68613.1
68599.9
68453.7
68260.4
68619.9
69187.8
69801.3
71287.9
73868
80529.1
92068.5
99744.9
102560
112038
101494
100245
120892
138439
134597
126417
118520
111487
105516
101207
98277
95012.9
93431.1
91401.6
89612.5
88165.4
86649
85395.3
84264.6
83182.7
82237.1
81420.7
80626.7
79873.4
79120.6
78531.5
78163.9
77808.8
77547.5
77208.5
76713.6
76070.8
75322.1
74517.8
73671.2
72806.7
71908.5
71004.5
70075.9
69143.3
68227.1
67271.8
66378.3
111954
104822
101429
99295.7
97206
95974.5
95153.8
94344.2
93701.8
93066.6
92545.6
92137.1
91726.3
91375.8
91067
90789.9
90532.8
90277.9
90047.4
89850.4
89651.4
89454.7
89269.1
89064.9
88883.6
88662.7
88534.6
88321.2
88225.6
88055.5
87878.8
87758.4
87699.7
87500.9
87276.7
87612.7
88032.7
88495.4
89742.5
91861.9
98040.4
108852
116085
118318
128260
116622
115179
136288
155252
151276
143084
135000
127778
121589
117183
114211
110826
109249
107164
105339
103879
102327
101047
99865.5
98722
97718.5
96840.3
95972.3
95143.2
94305.9
93639.1
93201.3
92762.5
92417.6
91971.9
91349.5
90569.7
89680.5
88734.4
87743.8
86734.1
85688.3
84637
83560
82478.3
81419.6
80306.2
79281.9
147536
137126
132817
130042
127372
125807
124729
123662
122821
121993
121313
120779
120253
119795
119393
119032
118694
118362
118060
117797
117533
117267
117017
116736
116482
116163
115967
115641
115485
115215
114937
114746
114617
114316
114033
114343
114667
115008
116050
117631
123173
132963
139665
141014
151593
138687
136804
157942
178940
174975
166855
158532
151074
144604
140074
137061
133538
131972
129846
128001
126553
124986
123698
122476
121278
120215
119267
118312
117393
116453
115681
115141
114585
114122
113535
112751
111802
110741
109620
108450
107258
106027
104789
103525
102253
101013
99695.8
98506.5
201426
184957
179296
175595
172125
170151
168765
167375
166297
165217
164325
163628
162939
162326
161782
161287
160820
160357
159928
159548
159165
158770
158394
157965
157565
157060
156734
156209
155947
155503
155045
154741
154502
154006
153620
153943
154331
154663
155713
156879
161941
170469
176421
176274
187595
172985
170258
190648
214467
210612
202666
194041
186328
179534
174897
171899
168262
166763
164660
162858
161494
159972
158727
157497
156266
155149
154124
153067
152038
150966
150047
149354
148627
147987
147196
146188
145008
143711
142348
140929
139484
137997
136499
134976
133437
131946
130339
128922
289095
261178
253367
248212
243528
241015
239243
237431
236059
234628
233441
232519
231584
230725
229954
229237
228548
227857
227196
226604
226000
225361
224746
224032
223349
222498
221930
221047
220596
219843
219067
218572
218160
217296
216721
217174
217984
218599
220275
221684
227424
235118
240109
237239
249285
231907
227568
245465
273123
269333
261740
252784
244903
237847
233268
230495
226900
225660
223773
222192
221096
219769
218698
217535
216316
215158
214046
212856
211674
210408
209256
208314
207310
206380
205260
203894
202347
200673
198920
197099
195242
193336
191411
189463
187480
185575
183484
181694
449522
398311
386621
378852
372023
368690
366378
363936
362159
360171
358519
357249
355891
354606
353428
352302
351200
350070
348953
347949
346906
345781
344686
343400
342146
340614
339568
337998
337190
335847
334469
333616
332906
331314
330361
331226
333248
334855
338760
342503
353245
363963
369130
361303
374256
351167
343476
354345
387159
382816
376041
366896
359371
352511
348656
346801
343787
343383
342236
341324
340936
340129
339492
338518
337350
336121
334840
333379
331881
330216
328592
327152
325598
324097
322336
320265
317982
315548
313000
310359
307653
304887
302075
299251
296340
293578
290475
287914
824866
717341
696910
683203
671490
666400
662969
659198
656593
653395
650741
648728
646425
644188
642092
640033
637990
635849
633674
631718
629658
627407
625197
622585
620012
616917
614785
611656
610046
607375
604635
602986
601635
598367
596539
598526
603695
608037
618299
630091
659497
690396
705384
689794
709003
669311
653356
645136
686067
677837
673334
664737
659649
654697
653777
654947
653873
655827
656507
657047
658094
658069
657959
656927
655380
653473
651305
648729
646024
642968
639854
636972
633896
630878
627418
623441
619120
614538
609732
604743
599608
594371
589005
583652
578060
572824
566802
562002
2.66491e+06
2.30527e+06
2.24446e+06
2.20225e+06
2.16637e+06
2.15096e+06
2.14038e+06
2.12873e+06
2.1207e+06
2.11076e+06
2.10249e+06
2.09621e+06
2.08902e+06
2.08198e+06
2.07538e+06
2.06888e+06
2.06244e+06
2.05568e+06
2.04879e+06
2.0426e+06
2.03608e+06
2.02894e+06
2.02192e+06
2.01362e+06
2.00543e+06
1.99562e+06
1.98884e+06
1.97892e+06
1.97384e+06
1.96535e+06
1.95665e+06
1.95152e+06
1.9472e+06
1.93667e+06
1.93112e+06
1.93739e+06
1.95396e+06
1.96736e+06
1.99923e+06
2.03531e+06
2.12517e+06
2.21146e+06
2.24369e+06
2.17939e+06
2.20977e+06
2.0901e+06
2.03563e+06
1.93991e+06
2.01352e+06
1.98133e+06
1.98332e+06
1.97546e+06
1.98072e+06
1.98455e+06
1.99773e+06
2.01363e+06
2.02288e+06
2.03732e+06
2.04808e+06
2.05714e+06
2.06676e+06
2.07238e+06
2.07685e+06
2.07732e+06
2.07538e+06
2.07175e+06
2.06685e+06
2.06039e+06
2.05325e+06
2.04481e+06
2.03582e+06
2.02715e+06
2.01774e+06
2.00828e+06
1.99742e+06
1.98502e+06
1.97164e+06
1.95752e+06
1.94271e+06
1.9274e+06
1.91158e+06
1.89556e+06
1.87901e+06
1.86273e+06
1.84542e+06
1.8296e+06
1.81089e+06
1.79652e+06
6.90866e+07
336927
42211.7
49947.1
79403.6
111211
158137
221273
308925
399639
508438
473370
634927
114996
3.31463e+06
2.8646e+08
1.00767e+06
763299
864361
919983
857824
1.01058e+06
1.00492e+06
966444
937658
932317
963867
998578
1.04944e+06
1.28551e+06
1.32411e+06
1.48085e+06
1.64473e+06
1.78209e+06
1.87506e+06
1.85265e+06
2.14695e+06
1.50576e+06
1.16267e+06
1.39175e+06
805594
384090
380315
183595
168572
211671
73443
1.59193e+06
435795
1.0677e+07
3.80238e+08
4.58282e+06
35474
52064.6
70100.4
88100.8
103748
114583
120660
122230
116200
97584
145764
7.75269e+07
967519
6.05451e+06
8.35675e+07
1.74062e+08
1.01997e+06
50779.9
68269.7
88527.7
119566
174529
241187
293473
328372
366440
408478
452817
492447
531450
592149
540269
512579
528184
502765
520106
540682
579333
638499
699058
766028
848583
929661
1.03775e+06
1.11783e+06
954387
171506
22918.7
26326.8
39928.8
54452.4
75464.5
103575
142046
182113
225628
208655
281616
103762
2.89969e+06
6.99571e+07
373132
348383
383230
398771
392621
419952
412529
394585
381110
376297
383091
390858
401726
470891
478019
519120
562588
597455
620061
607133
672954
488520
375324
392570
241863
126271
134313
62281.1
56303.7
135357
31916
328993
388917
5.87394e+06
8.23512e+07
904464
18366.9
24931.4
31788.1
38404.8
43955.4
47436.1
48650.5
47573.1
43243.9
34769.8
81355.4
1.54701e+07
598607
4.45524e+06
2.1392e+07
4.24922e+07
226335
28317.4
34934.1
43104.4
55878.6
76413.1
99643.8
119092
133953
149319
164768
180091
193576
207832
228502
212933
209216
214202
214958
230903
243911
261897
286759
311045
336908
367733
397915
436677
468139
1.03625e+06
115704
14592.1
16440.1
24473.3
33268.3
46014.1
63220.6
86591.5
111083
135864
129565
173548
116793
836872
1.00627e+07
212305
219972
236769
241906
238490
246032
239577
228409
220150
216437
218011
220211
223303
256525
256556
273391
292373
307591
318174
311151
337728
252087
190609
169067
105554
56001.3
52358
22950.8
19562.1
57639.6
11711.7
60891.4
121534
832224
1.48899e+07
82392.2
9734.37
12408.1
15056.5
17510.7
19474.6
20540.2
20610.2
19647.4
17372.3
13905.8
34409.4
1.50837e+06
172267
943345
2.2316e+06
7.52476e+06
41348.3
17382.5
20867.1
25578.5
32645.3
42817.2
53801.8
63671.7
71960.4
80409.9
88642.5
96695.2
104270
113472
125485
119128
122054
125899
131070
145550
156776
170192
187450
204138
221959
242769
263812
289361
312957
1.09318e+06
92009.9
10716.4
11924.5
17725.1
24217
33607.2
46319.7
63406.1
81374.2
99108.3
99687.7
130435
131080
407914
1.4695e+06
160485
168900
179476
181427
177757
180392
174631
166025
159468
155742
154874
154542
154439
173965
171844
180365
191394
200918
208274
205011
221775
171110
130063
109925
70266.2
36415.1
27852.1
11436.6
8331.41
18096.5
3714.95
11674.8
18840.6
57869.3
1.28635e+06
10873.6
5801.41
7037.08
8201.42
9221.16
9974.6
10294
10144.7
9512.28
8328.72
6882.78
14460.7
122410
42181
111453
204283
851900
13332.1
12245.3
14853.8
18507.6
23632.7
30384.5
37459.2
44079.7
49917.8
55875.9
61654.4
67335.1
73039.8
80672.2
90196.2
86447.8
91169.8
96283.4
102704
114449
124951
137097
152083
166753
182668
201012
220009
242051
263899
1.11987e+06
79426.9
8727.66
9614.44
14317.7
19648.3
27287.3
37612.9
51350.7
65907.1
80492.6
85473.2
108682
133667
263352
335860
137916
144957
153147
154257
150383
151832
146675
139183
133021
128757
126118
123920
121493
132422
129247
132461
138087
143542
148707
147375
158258
128064
99200.1
82876.2
54848.7
28865.9
19947.5
8316.98
5022.84
6638.43
1859.4
3150.18
2837.48
9252.55
106976
3848.69
4061.9
4779.92
5411.39
5909.76
6210.12
6253.76
6046.64
5615.87
4980.97
4378.18
7540.46
14899.9
14165
22836.9
41390.4
104832
8173.63
9638.4
11938.8
15125
19348.2
24576.6
29891.8
34884.4
39362.1
43952
48420.9
52869.6
57593
64323.2
72246.6
69600.2
74724.9
80824.5
87368.1
96243.1
105932
117112
130578
143982
158802
175764
193650
213790
234597
1.11247e+06
71332.9
7556.74
8242.68
12274.3
16882.7
23406.9
32214.2
43860.6
56437.6
69473.4
77447.3
95807.7
127318
184329
153641
126864
133352
140777
142008
138068
139613
134959
127925
121557
116502
112398
108679
104509
109508
105636
105173
106681
108603
111568
110952
117812
100885
81013.6
67694.1
46631
26085.9
16540.8
7437.52
3974.13
3910
1447.06
1681.16
1515.33
4348.96
15023.8
2719.39
3225.79
3715.97
4108.09
4366.94
4474.54
4428.73
4271.06
4044.3
3780.01
3578.41
5005.62
6103
6915.57
10269.4
14170.3
21600.9
6478.52
8036.45
10105.4
12905
16467.5
20684
24834.3
28672
32129.2
35707.8
39226.5
42796.6
46789.5
52690.4
59013
57133
62075.8
68261.8
74292.1
80888.4
89568.6
99631.2
111592
123708
137390
153014
169753
188265
207936
1.06935e+06
65127.5
6751.26
7290.44
10837.4
14926.9
20649.3
28382.3
38599.3
49971
62200.2
72313.2
87426.9
117185
140288
120529
121714
128419
135936
137794
133930
136096
131880
124983
118109
112146
106763
101741
96257.5
97099.7
92688.2
89606.6
88104
87101.4
87748.2
86882.2
90879.1
82345.5
69700.8
59341.3
43255
26719.9
16285.2
7915.27
3991.08
3038.81
1402.25
1338.16
1364.87
2809.74
3643.66
2294.45
2710.98
3061.64
3320.69
3476.5
3545.19
3548.4
3529.08
3516.06
3523.95
3549.73
4223.02
4702.02
4519.66
6138.78
6382.12
7084.3
5452.77
6821.69
8621.46
11010.9
13966.4
17344.5
20559
23461.8
26083.8
28842.9
31590.2
34440.8
37774.6
42760
47505.3
46306.9
50727.3
56280.4
61522
66521.6
74060.6
82877
93293.5
104048
116463
130645
146058
162948
181263
991575
59549.3
6118.45
6542.38
9703.99
13387
18493
25418
34601.9
45198.1
56974.4
68574.4
81595.8
107022
117694
113393
119844
127275
135384
138158
134549
137545
133754
126875
119395
112514
106032
99897.3
93466.7
91373.3
86471.1
81620.8
77935.5
74581.3
72979.6
71094.4
72776.3
69020.9
62088.6
54924.2
43175.8
30034.6
18802.6
9871.52
4904.29
3017.35
1568.61
1288.4
1330.87
1964.64
1920.22
2011.21
2329.06
2592.15
2791.35
2936.5
3059.23
3175.13
3311.17
3480.46
3691.55
3893.87
4276.92
4611.7
3922.73
4402.45
4081.37
4295.38
4678.5
5797.77
7289.14
9251.68
11632.7
14273.4
16695.3
18830.2
20777.8
22873.3
24983.7
27221.1
29920.4
33910.5
37264.6
36677.7
40385.8
44935.5
49350.1
53284.7
59638.5
67174.5
76076.1
85466.4
96542.5
109216
123167
138421
155207
883341
53896
5573.48
5907.34
8747.28
12097.8
16715.1
23011.6
31417.7
41467.5
52928.3
65421.5
77215.9
98603.1
106853
111393
119571
128025
136995
140781
137667
141498
138152
131322
123308
115628
108282
101251
94211.1
90053.1
84779.7
78771.3
73562.3
68454.8
64823.5
61492.3
60958.7
59198.1
56256
52314.6
44849.2
35238.9
23902.1
13653.6
6956.71
3691.09
1941.62
1366
1298.69
1524.13
1576.53
1801.5
2047.95
2265.4
2455.1
2638.56
2847.98
3086.39
3363.07
3677.7
4039.98
4399.43
4751.02
4978.6
4182.51
3950.28
3541.16
3637.92
4098.97
4942.06
6109.75
7654.86
9507.82
11505
13266.3
14800.9
16239.7
17822.4
19420.5
21137.4
23230.6
26210.7
28464.5
28379.2
31321.5
34801
38457.9
41660
46868.9
53177.4
60666.9
68767.6
78511.7
89688.9
102134
115784
130959
751980
47785.8
5076.93
5347.02
7913.45
10988.7
15216.4
21017.3
28817.9
38428.5
49588.2
62430.4
73639.8
92186.3
101463
110258
119590
129143
139013
143721
141383
145863
143012
136368
128045
119819
111939
104307
97019.1
91503
86026.7
79350.3
73175.6
66876.7
61593
56758.1
54040.3
52254.7
51279.7
49986.3
46684.9
41093.8
31016.1
19570.2
10569.6
5290.45
2634.01
1586.38
1316.8
1353.62
1475.98
1665.89
1864.06
2061.34
2264.98
2501.83
2800.78
3154.31
3557.87
3991.59
4460.57
4944.05
5401.73
5650.64
4973.62
4275
3663.83
3507.2
3729.78
4286.36
5136.76
6295.51
7682.21
9138.98
10388.1
11512.3
12618.4
13835.7
15036.5
16315.6
17846.8
19865.3
21326.8
21600.2
23822.4
26356.6
29352.5
31989.8
36155.5
41353.9
47588.5
54527.4
63013.6
72774
83760.1
95887.1
109453
607595
41093.2
4608.6
4846.17
7180.13
10030.9
13954
19366.2
26683.3
35891
46699.4
59430.3
70482.1
87147.7
97917.9
108594
118808
129294
139846
145211
143878
148665
146367
140114
131832
123433
115445
107601
100466
94259.4
88810.6
81959.8
75357.8
68402.3
61932.2
55817.1
51167
48137.8
47166.2
47278.4
47262.8
45988.4
39066.2
27590.7
16247.3
8251.2
3909.83
2052.99
1447.96
1360.01
1472.63
1608.62
1768.94
1954.92
2176.4
2463.46
2842.68
3302.66
3830.05
4381.16
4933.63
5479.53
6050.55
6489.39
6115.02
5154.04
4189.17
3672.52
3595.93
3864.72
4417.57
5234.83
6229.58
7266.77
8183.46
9115.75
10070.8
11053.6
11946.7
12847.2
13868.5
15093
16054.6
16490.1
18001.6
19792.4
22205.1
24345.5
27610.8
31855.3
37022.7
42955.7
50304.1
58779
68419.9
79144.7
91171.2
462049
33940.3
4157.08
4399.6
6539.64
9216.42
12913.5
18030.3
24956.2
33762.3
44139.6
56400.7
67419.4
82715.7
94298.9
105631
116337
127343
138108
143744
143544
148220
146458
140799
132963
124837
117203
109590
103035
96788.9
91660.2
85157.1
78688.1
71671.8
64625.4
57661.8
51550.7
46861.6
44468.2
44324.8
45991.7
48505.7
46026.4
36956.2
24231.1
13165.4
6213.81
2956.45
1773.47
1497.42
1547.64
1628.11
1751.1
1922.19
2152.89
2476.14
2920.22
3477.58
4135.64
4830.91
5491.29
6059.28
6620.32
7271.15
7379.62
6461.57
5097.95
4124.43
3706.36
3696.01
3977.22
4506.17
5191.81
5952.4
6760.27
7758.65
8744.3
9590.48
10219.6
10755.3
11295.9
11927.6
12481.2
12868.4
13761
14997.2
16876
18550.8
21082.8
24547.3
28846.5
33941.3
40301.5
47656.3
56108.3
65576.4
76182.4
327303
26673.1
3716.84
4006.79
5992.64
8549.4
12098.4
17007.6
23618.2
32010.3
41864.6
53385.3
64221.8
78212.9
89685.6
100875
111515
122420
132681
138164
139032
143152
141851
136969
129982
122596
115784
108881
103283
97567.5
93033.9
87360.5
81614.8
75192.1
68288.9
61128.1
54243.9
48155.8
43862.7
42071.3
43350.8
48000.8
49971.9
45717.7
34094.1
20505.1
10166.4
4632.51
2413.24
1791.88
1716.44
1722.25
1798.96
1944.08
2167.78
2506.24
2990.68
3627.98
4420.73
5298.58
6145.59
6793.07
7220.85
7814.49
8474.75
7993.95
6391.52
4899.45
4061.43
3773.16
3820.72
4118.33
4587.99
5242.05
6221.72
7595.69
8790.01
9549.56
9904.08
10024.5
10046.1
10162.1
10290.9
10455.4
10839.5
11654.4
13035.1
14286.3
16261.9
19123.7
22751.9
27174.7
32710.8
39128.9
46567.7
54937.1
64275.4
213313
19788
3289.28
3670.27
5546.82
8043.83
11527.5
16316.6
22676.3
30634.8
39863.8
50425.1
60728.9
73161.7
83691.5
94050.8
103946
113976
122925
127915
129550
132689
131738
127740
121919
115673
110056
104280
99933.7
95245.6
91606.8
87198.6
82606.8
77300.7
71310.2
64775.8
57969.2
51234.1
45447.8
41576
40942.5
44843.2
50251.5
51131.4
44279.7
30196
16417.5
7609.23
3588.01
2296.05
1996.23
1903.55
1914.45
2013.6
2208.28
2532.45
3018.35
3694.69
4591.14
5659.16
6786.27
7691.84
8087.07
8253.65
9084.91
9378.75
8013.98
6015.75
4686.8
4064.54
3919.61
4066.16
4423.41
5164.78
6629.35
8728.04
10287.3
10952
11018.3
10627.3
10000.6
9533.59
9127.17
8934.41
8902.5
9371.26
10297.7
11199.6
12791.9
15220.3
18362.8
22269.5
27135
32782.9
39373.7
46799.3
55045.9
126011
13838.2
2885.41
3396.22
5218.19
7725.03
11236.5
15995.2
22152.5
29638.1
38115.2
47499.1
56793.6
67264.4
76186.9
85068.6
93501.5
101864
108842
113026
114908
116830
116126
113052
108582
103743
99542.1
95180.5
92225.8
88870.3
86320.3
83435.5
80369.3
76659.1
72140.4
66911.5
61100.3
54769.2
48492.7
43169.2
40049.3
41130.4
46795.9
52409.3
51371.9
41204.9
25292.2
12571
5700.07
3149.87
2432.9
2182.11
2105.57
2136.95
2275.42
2547.8
2981.54
3627.83
4549.45
5730.74
7091.44
8408.19
9189.26
9035.61
9212.37
10211.4
9667.36
7478.52
5570.49
4570.02
4216.5
4282.87
4646.69
5642.88
7904.73
10979.7
13032
13816
13594.3
12464.4
11006.3
9810.84
8710.28
7981.96
7626.05
7782.93
8321.39
8979
10343.7
12488.3
15289.9
18802.4
23136.7
28174.7
34076.6
40716.3
48063
66201.9
9227.41
2529.72
3196.96
5033.9
7634.05
11257.3
16063.8
22069.6
28986.4
36527.1
44463.9
52188
60264.6
67067.6
73893
80235.7
86328.5
91067.7
94191.5
95702.1
96502.8
96022.5
93861.9
90771.2
87425.7
84677.2
81830.7
80208.5
78257.2
76864.1
75546.3
74088.2
72143.4
69504.4
66181
62020.8
57012.3
51522
46002.4
41276.2
39342.4
41717.4
49178.2
53770.9
50197.9
36308.4
20123.6
9376.99
4631.78
3117
2591.91
2386.84
2330.08
2384.66
2565.18
2882.94
3399.78
4204.91
5326.26
6737.12
8381.8
9739.63
10193.4
9433.69
10210.3
10804.8
9170.76
6731.03
5232.58
4656.22
4700.36
5167.49
6540.67
9569.37
13419.6
16100.3
17211.6
16808.1
15069.4
12768.4
10704.8
8784.73
7425.86
6731.26
6612.05
6855.35
7387.01
8651.21
10626.5
13204.2
16428.7
20357.8
24927.9
30282
36285.3
42921.1
30213
5822.92
2242.61
3095.81
5025.52
7789.11
11601.8
16514.6
22329.9
28551.8
34842.4
40933.5
46516.1
51857.6
56216.3
60595.1
64492.2
68114.7
70783.1
72669.9
73415.4
73603.8
73335
72056.8
70266.3
68345.3
66930.1
65493.7
64969.7
64254.2
63920.3
63946
63902.5
63583.6
62810.2
61533.8
59459.7
56522.5
52760.3
48350.1
43742.3
39897.6
38874.4
42894.8
51346
53951.5
47062.8
30258.4
15372.2
7241.68
4234.57
3199.21
2788.32
2615.12
2566.7
2620.74
2765.4
3040.87
3546.01
4359.17
5477.16
6953.52
8815.54
10499.6
10201.8
9721.12
11019.7
10575.7
8140.24
6061.21
5126.49
5116.47
5711.57
7308.91
10600.9
14531.9
17743.5
19390.8
19143.4
17311.9
14554.8
11796.4
9126.15
7158.49
6071.31
5704.82
5748.39
6265.06
7523.55
9419.18
11864.4
14886.9
18516.2
22734.8
27657.7
33156.6
39249
11568.3
3468.76
2028.62
3112.65
5206.15
8270.29
12391.4
17397
22810.4
27999.5
32522.8
36278.7
39281.7
41794.5
43696.6
45642.5
47247.4
48751.8
49828.4
50652.7
50882.6
50927.3
50902.9
50413.4
49720.9
48985.7
48654.6
48321.6
48581.1
48734.8
49129.7
50101.1
51053.7
51929.6
52616.1
53076
52971.9
52240.7
50827.6
48485.2
45423.6
41885.2
38684.4
38676.8
44667.1
52669.6
52681.5
41881.4
24159.8
11726.5
6152.45
4134.32
3364.79
3023.65
2856.13
2771.96
2723.65
2686.53
2736.74
2997.48
3500.1
4322.15
5769.92
8189.36
10529.8
9529.4
10262
11017
9493.16
7053.56
5623.04
5381.97
5907.98
7397.28
10260.9
13416.3
16767.5
19051.7
19229.9
17942.4
15428.4
12434.5
9416.44
7023.74
5587.45
4998.01
4929.15
5520.68
6842.66
8723.72
11100
13982.1
17393.1
21345.8
25923.7
31021.9
36699.4
3554.39
1998.65
1927.78
3274.82
5693.21
9195.4
13657.6
18574.7
23079.3
26635.9
28752
29792
30216.4
30339.2
30332.3
30524.1
30649.3
30891.7
31132.2
31461.5
31538.3
31759.8
32044.2
32124.2
32215.7
32286.6
32601.5
32956.6
33653.9
34268.5
35056.8
36366.2
37713
39159.6
40637.5
42140.4
43410.1
44399.4
45190.9
45210.3
44583.7
42922.1
40230.6
37621.3
38594.3
46833.7
52796.7
49937.6
35342
18837.7
9502.53
5666.45
4209.05
3597.66
3288.51
3078.28
2860.69
2567.74
2195.9
1918.95
1803.74
1888.21
2369.6
3771.69
7973.06
9460.43
9052.11
10398.9
10051.4
7993.71
6124.58
5424.12
5742.4
6818.75
8620.49
10340.7
13020.8
16013.5
17091.6
16609.5
14981
12311.8
9387.9
6844.1
5217.77
4464.3
4376.07
5120.24
6572.28
8481.79
10817.9
13568.9
16813
20546.4
24825.6
29583.9
34919.2
1137.83
1290.5
1981.26
3699.78
6607.85
10643.6
15320.5
19706.9
22331.9
23221
22701
21429
20177.9
19164.8
18483
18115.7
17960.4
17956
18082.9
18400.2
18670
19097.4
19574.8
19965.9
20411.7
20843.6
21384
21947.1
22644.3
23290.6
24046.7
25127.9
26321.5
27706.7
29256.6
31012.7
32840.9
34725
36816.8
38699
40322.7
41138.2
40740.7
38761.6
36650.7
39065.4
48650.3
51595.2
45481.5
28513.4
15083
8299
5521.96
4403.29
3887.15
3561.31
3238.16
2825.06
2310.14
1729.34
1218.21
968.51
908.152
1305.85
3310.64
7581.89
7901.54
8934.72
9568.1
8266.82
6336.89
5350.71
5316.42
5716.13
6336.77
6563.8
7541.72
9997.49
12576.5
13379.9
12863
11310.5
8993.18
6534.3
4849.54
4059.45
4086.38
5066.66
6616.47
8568.72
10899.3
13557.5
16609.8
20119.9
24094
28516.2
33513.9
823.479
1181.06
2265.71
4508.18
8075.13
12675.2
17017.7
19047.8
19442.4
17314.3
15113
13291.3
12037.9
11393.1
11107.7
11010.9
11023.3
11328.7
11700.1
12145.2
12596
13107
13622.5
14107.8
14616.1
15112.8
15630.2
16143.4
16669.5
17152.6
17679.9
18337.5
19023.9
19850
20848.8
22101.4
23610.9
25529.7
27914.7
30578.3
33563.9
36603.3
38676.3
38812.3
37271.9
35927.3
40453.2
48977.9
48893.5
38922.9
23088.4
12737.9
7696.89
5584.64
4680.34
4194.43
3796.89
3359.83
2850.52
2305.55
1594.32
896.518
622.61
572.186
1141.28
3446.38
6259.74
7044.11
8268.63
7778.21
6193.52
5208.46
4727.07
4578.54
4152.66
3276.37
3301.33
3913.51
5636.82
7442.55
8913.31
8363.12
7700.71
5972.43
4359.63
3669.08
4060.81
5252.95
6882.66
8875.7
11182.6
13722.7
16582.9
19801.6
23401
27427
32017.6
1159.83
1481.03
2957.71
5877.03
10280.5
14669.4
16486.2
16210.6
13245.5
10813.4
9192.63
8398.57
8092.18
8027.66
8118.28
8498.26
8933.07
9457.76
9980.08
10504.5
11019.3
11535.4
12029.9
12501.3
12968.8
13419.7
13852.9
14266
14640.1
14937.5
15222.2
15507.9
15761.9
16069.3
16481.2
17089.5
17915.6
19142.2
20907.4
23197.6
26329.6
30285.7
34321.8
37048.8
37300.6
35754.3
35705.6
42652.9
47375
44363.5
31739.6
19016.9
11275.7
7441.23
5758.74
4948.46
4405.5
3899
3377.46
2864.71
2312.44
1469.42
672.73
467.985
543.416
1172.07
3630.39
5256.03
6294.02
6433.36
5579.72
4757.47
4120.02
3457.82
2519.96
1618.57
1415.01
1434.72
1757
2554.02
3778.17
4408.48
4810.81
4348.18
3841.24
3753.11
4555.1
5974.3
7672.95
9574.26
11608.2
13829.3
16404.9
19227.4
22326.4
25848.6
29902.9
1861.45
2288.41
4268.83
8085.1
12466.6
14254.5
13631.1
10358.5
8293.39
7287.81
6930.73
6887.07
7202.35
7680.28
8255.36
8907.4
9576.42
10217.7
10824.5
11387.3
11908.9
12391.1
12826
13219.6
13581.5
13912.3
14200.4
14458.7
14664.7
14841.2
14980.2
15062.1
15083.2
15096.6
15155.3
15326.7
15559
16123.5
17191.1
18778.1
21142.2
24431.8
28951.9
33607.4
36114.2
36079.3
34349.8
36157.2
43041.5
43594.4
37796.1
25459.4
16042.2
10340.9
7345.94
5882.47
5025.96
4351.27
3737.7
3207.97
2761.35
2219.6
1190.21
541.039
424.524
553.335
1523.71
3512.83
4421.38
4702.23
4342.4
3922.66
3394.89
2477.5
1616.19
1044.29
955.784
967.664
1426.96
2143.69
3158.31
3812.25
4345.83
4625.22
4855.62
5850.86
7384.1
8436.76
9498.63
10639.2
11972.6
13709.8
15704.9
17862.5
20314.1
23244.4
26685.7
3057.97
3746.68
6339.27
10349.4
12231.6
11792.9
8702.47
7076.24
6463.94
6343.49
6641.7
7149.14
7963.41
8895.67
9872.15
10799.1
11663.3
12448.8
13157
13784.2
14336.2
14817.4
15227.3
15575.4
15869.5
16123.9
16326.4
16496.7
16601
16650.7
16633.1
16486.1
16220.7
15866.3
15486.9
15251.1
15158.3
15334.8
15985.6
16982.7
18691.3
21102.9
24422.7
29544.3
33883.3
35309.2
34512.8
33291.4
36995.5
40731.4
38730.4
30370.7
20636.1
13736.9
9519.82
7120.63
5713.8
4751.47
3984.52
3404.02
2996.74
2606.35
1795.87
878.63
440.944
421.656
724.261
1937.93
2746.42
3059.72
2902.2
2722.76
2385.04
1677.49
1232.89
886.237
853.3
952.673
1539.92
4258.23
5723.36
7945.69
9777.38
13023.2
14483.9
12408.5
10109.9
9443.68
9428.27
9815
9846.33
10704.3
11695.9
12930.4
14515.9
16474.2
18683
4155.29
5356.3
8198.76
10616.4
11127.2
8390.08
6639.25
6074.48
6006.5
6411.93
7180.29
8316.85
9541.93
10760.5
11977.1
13126.4
14176.8
15109.3
15919.9
16613.6
17200.9
17690.5
18087.4
18403.9
18645.5
18833.1
18959.7
19052.5
19091
19084.5
18981.2
18752.8
18372.8
17851.5
17237.9
16609.7
16074.7
15776.1
15955
16644.4
18078.7
20008.1
22245.7
26481.2
31369
33843.9
33933
32390
33517.6
36736.7
36979.8
32031.5
23135.3
16075.1
11238.9
8141.94
6240.18
4992.7
4041.68
3412.69
3032.79
2746.98
2245.82
1386.05
615.871
408.701
522.873
1089.55
1711.2
2035.85
2007.79
1912.04
1742.83
1410.88
1247.5
894.991
724.83
975.604
2377.28
7579.44
13074.1
15499.1
18691.1
17688.6
11971.1
7420.82
5473.99
4568.66
4398.01
3973.99
3930.41
3891.52
3945
4119.85
4711.73
5542.68
6677.31
4918.83
6611.47
9172.68
10429.5
9230
6810
5896.85
5732.02
6078.46
6924.89
8190.15
9547.36
11033.9
12565.7
14066.6
15460.6
16699.7
17765.2
18662.8
19409.9
20025.5
20522.4
20908.4
21196.9
21400.2
21526.6
21580.7
21607.3
21580.6
21486.6
21310.1
21004.6
20525.8
19871
19083.9
18245.5
17456.4
16853.2
16626.2
16898.9
17960.2
19747.2
21416.2
24251
28903.8
31976.1
32603.8
31543.4
31638.1
34086.9
34654.3
31546.6
23961.1
17226.8
12251.8
8830.36
6602.09
5137.08
4036.42
3374.27
3017.86
2817.04
2558.58
1977.14
993.921
469.758
449.43
790.545
1286.92
1519.91
1645.05
1639.72
1598.91
1400.5
1164.02
685.341
431.845
743.929
2744.46
6239.99
9667.44
9011.49
8066.29
4904.33
2655.37
1781.85
1354.07
1113.84
974.192
913.445
887.606
810.677
825.049
785.768
847.467
1051.19
1385.03
5168.4
7592.53
9638.14
10083.8
7818.76
6053.13
5567.81
5714.95
6419.63
7682.54
9116.56
10767.6
12622.8
14532.8
16371.9
18034.1
19460.7
20640.4
21598.4
22372.5
22996.1
23487.5
23855.4
24111.5
24263.2
24333.3
24348.6
24292.3
24174.9
24005.1
23757.8
23382.4
22819.5
22045
21096.4
20058.2
19039
18170.1
17641
17658.5
18205.9
19668
21058.4
22850.5
26582.8
29974.7
30933.9
30375.3
30218.5
32032
32633
30326.8
23456.3
17251
12403.4
9101.95
6835.65
5248.86
4071.83
3373.06
3034.12
2908.05
2779.9
2510.35
1607.54
682.069
400.383
536.905
1075.55
1401.02
1528.35
1554.34
1478.48
1075.57
654.124
239.367
94.1268
189.733
590.329
1064.84
1327.41
1630.36
1144.82
709.114
457.972
334.59
253.916
234.554
193.739
167.314
169.061
141.076
139.85
141.701
139.08
184.649
256.759
4972.49
8286.05
9959.59
9596.15
6991.92
5696.63
5451.71
5826.31
6945.02
8357.06
10035.9
12103.1
14419.4
16782.6
19003.5
20946.2
22546.8
23809.6
24788.5
25550.3
26149.2
26611.3
26945.2
27155.5
27256.5
27285.6
27227.2
27084
26883.9
26635.4
26319.3
25877.3
25232.3
24342.9
23240.7
22013.7
20776.5
19659.8
18835.7
18560.2
18847.6
19739.6
21027.6
22153.1
24570.2
28051.2
29272.6
29062.4
28870.5
30364.2
30859
28984
22947.4
16795
12230.9
9094.13
6951.26
5339.89
4155.76
3425.82
3093.58
3020.28
2973.89
2891.19
2348.3
1169.79
475.606
364.25
687.304
1198.69
1367.22
1397.62
1004.07
530.063
202.84
35.6838
16.0771
23.187
62.846
120.871
152.377
228.497
155.896
107.436
80.26
64.5422
52.9402
42.9613
33.8541
30.8485
31.8903
24.2641
25.1513
23.5275
24.6108
33.26
46.3292
4688.54
8769.01
10246.7
9126.72
6540.66
5532.37
5449.52
6117.61
7430.87
9014.15
11053.3
13643.1
16523.2
19404.1
22030.1
24247.6
25997.5
27305.9
28261.7
28967.5
29503.7
29907.4
30185.1
30336
30393.4
30358
30212.8
29992.5
29714.3
29388.6
28999.7
28486.4
27757.8
26755.6
25504.9
24096.3
22650.2
21297.7
20201.9
19597.8
19646.8
20175.3
21001.9
21852.8
23157.2
26233.2
27774.4
27716
27646.8
28867.6
29285.7
27653.7
22351
16663.2
12185.5
9096.65
7012.69
5424.69
4261.84
3526.7
3188.75
3120.93
3151.43
3162.09
2999.57
1952.3
742.828
352.998
386.148
831.519
1103.76
896.023
464.838
178.532
41.5313
6.34641
4.08443
4.48676
9.02397
16.6043
19.996
34.0007
21.9559
19.225
15.9319
13.5347
11.1704
8.68466
6.91583
5.96478
5.28884
4.90285
5.13456
4.60475
4.78094
6.30263
8.37488
4480.51
9145.23
10516.7
8679.65
6291.88
5501.8
5501.64
6465.82
7886.01
9700.65
12248.5
15477.6
19020.3
22458.7
25483.8
27949.3
29815.7
31132
32024
32633.3
33070.4
33387.4
33585.6
33675.8
33673.3
33550.8
33333
33036.8
32679
32272.3
31805.4
31216.2
30401.7
29287.5
27891.7
26306.9
24658.4
23078.1
21722.9
20798.9
20550.1
20843.1
21271.6
21755.9
22406.1
24564
26485.2
26501.7
26442.8
27503.2
27849.1
26357.2
21450.1
16069.3
11911.1
9052.26
7047.68
5511.21
4382.9
3658.46
3312.58
3214.36
3247.85
3352.24
3369.35
2820.13
1320.31
445.487
272.582
461.385
643.601
411.007
163.001
47.6426
8.23442
1.90744
1.61332
1.68458
2.15745
3.25148
3.50488
5.48534
4.55339
4.11448
3.47073
3.04063
2.55402
2.04951
1.73653
1.4426
1.39741
1.25535
1.27535
1.29118
1.3326
1.52191
1.83678
4322.44
9479.3
10819.1
8588.84
6175.29
5502.37
5668.52
6804.82
8342.38
10510.1
13697
17699.8
21983.1
25984.4
29371.1
32039.6
33985.7
35277.2
36072.6
36551.7
36859.1
37064.3
37169.8
37189.2
37098
36898.3
36605.5
36231.6
35791.9
35301.3
34752.6
34083.7
33181.2
31955.5
30417.4
28660.3
26814.3
25011.8
23404.9
22185.9
21589.7
21631.3
21873.2
21894.5
22150.7
23303.6
25396.4
25501
25345.6
26236.7
26508.5
25089.3
20503.7
15604.5
11768.7
8970.07
7035.91
5597.19
4517.27
3812.8
3460.64
3316.22
3304.16
3433.35
3531.77
3379.21
2180.4
757.482
279.59
268.842
296.674
150.911
48.7593
11.5806
2.12884
1.00908
1.03394
1.04291
1.06892
1.20686
1.16971
1.43123
1.28171
1.19588
1.0369
0.943985
0.840795
0.749096
0.676983
0.633634
0.629424
0.631694
0.600891
0.616351
0.616166
0.667722
0.712482
4186.24
9803.21
10916
8278.59
6125.77
5520.88
5925.58
7138.06
8828.94
11516.8
15497.8
20405.2
25471.1
30004.1
33688.2
36497.8
38481.6
39722.9
40399.7
40727.4
40883.2
40956.9
40965.6
40885.5
40704.1
40424.2
40053.1
39599.6
39077
38501.1
37868.2
37117.1
36125.4
34788.9
33110.4
31184
29143.7
27122.7
25269.4
23767.3
22826.9
22567.6
22640.6
22477.9
22104.3
22692.3
24458.7
24788
24397.5
25048.6
25248.3
23853.5
19559.5
15099.9
11563.1
8915.66
7022.85
5680.43
4656.39
3976.56
3623.47
3452.57
3348.76
3428.89
3596.24
3586.33
2985.17
1373.86
400.633
172.402
121.628
48.8471
13.7091
3.08934
0.920688
0.760323
0.84095
0.833887
0.820148
0.774298
0.723975
0.695957
0.629787
0.587104
0.538867
0.510015
0.489235
0.479239
0.468963
0.465201
0.462385
0.466695
0.463876
0.480677
0.507549
0.512491
0.520772
4068.51
10133.3
10873.9
8224.31
6102.68
5608.86
6218.77
7482.42
9442.37
12824.9
17782.1
23698.2
29539.3
34522.6
38413.7
41298.5
43287.3
44458.7
45010.4
45175.1
45165.9
45097.4
44983.6
44798.9
44525.3
44161
43709.1
43175.1
42569.7
41908.5
41190.9
40356.8
39275.6
37829
36012
33918.1
31685.2
29447.4
27350.7
25572.4
24309.5
23707.9
23573.6
23329.1
22537.5
22490.8
23756.5
24384.1
23729.5
24007.9
24087.7
22674.8
18647.9
14595.3
11335.8
8845.34
7027.34
5755.64
4789.37
4136.02
3788.21
3604.3
3426.26
3417.11
3607.61
3633.67
3428.3
2204.92
730.543
142.942
45.3921
15.0511
3.99138
1.11776
0.623477
0.647739
0.719164
0.745659
0.715947
0.664496
0.599619
0.538874
0.489305
0.460579
0.440281
0.430937
0.429943
0.426876
0.429607
0.428027
0.431705
0.436993
0.44647
0.456569
0.475959
0.475345
0.482036
3975.6
10415.5
10885.6
8025.49
6066.45
5800.99
6545.56
7865.6
10286.8
14616.7
20735.2
27687.9
34222.1
39547.3
43552.7
46451.7
48413.1
49504.6
49934.1
49931.9
49743.2
49518
49272.7
48976.7
48605.9
48153.5
47619.3
47005
46318
45573.2
44772.2
43856
42686.4
41130.9
39176.6
36916
34490.3
32035.3
29695.6
27645
26070.5
25130.6
24739.9
24397.5
23593.1
22722.2
23460.8
24232.3
23445.1
23194.9
23085.2
21578.7
17780.9
14094.2
11097.9
8802.84
7015.4
5800.07
4900.62
4275.86
3937.2
3755.91
3531.6
3404.81
3584.5
3681.26
3635.51
2959.12
1297.07
172.519
16.3496
4.65388
1.35567
0.602907
0.516432
0.581449
0.643463
0.680665
0.653588
0.612498
0.560563
0.508824
0.471132
0.446006
0.428648
0.422122
0.420768
0.422862
0.422938
0.426177
0.430823
0.436985
0.444836
0.450465
0.457729
0.464426
0.445891
3927.78
10553.3
10902
7972.08
6055.79
6072.21
6909.68
8396.32
11552.4
17135.5
24503.7
32378.9
39433.6
44958
48977.6
51829.1
53729.3
54735
55046.2
54864
54488.8
54097.1
53711.9
53298
52824.8
52281.3
51663.8
50970.2
50204.1
49378.8
48497.5
47502
46246.9
44586.7
42500.6
40079.8
37468.5
34803.6
32229
29916.1
28047.1
26774.1
26086.7
25610.9
24842
23803.9
23776.2
24474.9
23637.6
22882.6
22390.4
20607
17005.7
13619.1
10869.4
8669.1
6976.66
5792.39
4955.52
4368.95
4046.15
3870.6
3635.66
3400.47
3509.63
3681.43
3786.76
3525.93
2079.21
216.737
10.8403
1.64211
0.651632
0.461809
0.466136
0.533932
0.609685
0.650123
0.642436
0.60213
0.554894
0.511423
0.473142
0.445002
0.431139
0.422494
0.421616
0.42233
0.423034
0.423433
0.424527
0.429178
0.448352
0.44832
0.45539
0.42767
0.41015
3928.31
10561.7
10893.5
7838.53
6129.41
6394.57
7339.55
9164.25
13449.5
20527.1
29037.7
37566.9
44916.4
50502.4
54458.4
57220.7
59042.3
59968.4
60161.3
59806.6
59248.4
58691.7
58167.2
57635.8
57061.7
56429.5
55732.3
54964.1
54124.5
53224.4
52267.7
51196.8
49861.1
48104.1
45897.9
43330.9
40548.8
37688.7
34892.2
32326.3
30167.1
28573.5
27575.1
26913
26132.5
25165.4
24844.6
25272.4
24259.7
23062.6
22076.7
19768.9
16329.5
13178.4
10623.3
8608.39
6971.78
5778.68
4979.26
4423.13
4111.06
3942.61
3703.9
3389.71
3373.05
3647.45
3814.62
3620.16
2339.39
229.446
10.6384
1.05928
0.462428
0.410184
0.439543
0.511333
0.580083
0.636699
0.633794
0.604992
0.554032
0.507063
0.474217
0.443884
0.429427
0.421998
0.421301
0.422512
0.421288
0.424151
0.426592
0.427799
0.433826
0.43237
0.436894
0.402851
0.380267
4016.16
10542.7
10832.4
7753.49
6297.48
6762.2
7896.34
10316
16232.8
24913.5
34277.5
43118.7
50553
56102.3
59951.2
62607.1
64350.7
65207.8
65290.2
64778.3
64046.1
63331.2
62672.7
62028.7
61358.4
60643.2
59872.6
59036.8
58131
57163.5
56137.7
54996.6
53585.8
51739.8
49423.9
46722.6
43781.7
40737.7
37729.6
34919.9
32477.4
30566
29253.4
28357.8
27504.9
26622.2
26264.8
26564.3
25471
23574.4
21980.6
19143.1
15779.2
12798.3
10399.3
8515.06
6970.69
5792.24
4990.05
4450.95
4141.41
3975.73
3738.4
3362.75
3212.23
3504.84
3811.67
3788.38
2120.68
246.085
11.4957
1.18427
0.453493
0.401139
0.424012
0.495219
0.572545
0.631252
0.63871
0.601794
0.555885
0.515974
0.473484
0.445001
0.433869
0.420756
0.411768
0.40876
0.408247
0.416067
0.414567
0.415962
0.42866
0.419764
0.416418
0.372948
0.355668
4211.45
10511.4
10750.8
7607.42
6479.01
7200.07
8613.74
12043.1
20095.1
30264
40043.7
48845.8
56198.7
61652.7
65378.6
67928.2
69605
70403.1
70389.7
69739.7
68846.2
67984.1
67200.3
66451.6
65693
64902.6
64067.1
63172.7
62210.3
61184.6
60098
58893.9
57415.3
55490.1
53076.9
50255.1
47169.5
43955.2
40748.4
37707
34991.2
32765.1
31129.7
29970.5
28972.9
28120.5
27865.6
28249.4
27215.7
24592.8
22059.2
18769.5
15382.7
12502.5
10212.3
8438.29
6968.45
5805.57
4990.73
4457.57
4144.11
3979.4
3740.67
3307.94
3052.6
3251.86
3612.89
3575.02
1947.77
213.545
14.2605
1.11437
0.447825
0.403065
0.428736
0.491055
0.554125
0.610967
0.619569
0.598459
0.552936
0.514824
0.475968
0.452226
0.434104
0.424012
0.413564
0.407972
0.40945
0.415075
0.412336
0.415628
0.408073
0.408747
0.377998
0.351126
0.338514
4528.98
10443.3
10593.5
7417.98
6635.03
7726.39
9529.16
14548.1
25080.6
36384.8
46092.9
54564.7
61730.9
67067.3
70675
73131.3
74758
75508.5
75419.2
74650.6
73612.6
72617.4
71720.2
70877.1
70040.4
69185.3
68295.6
67353.7
66346.1
65273.6
64136.9
62879.1
61342.5
59350
56854.1
53928.2
50714.3
47345.7
43955.5
40697
37720.8
35186.3
33217
31764.7
30559.7
29632.2
29468.5
30081.4
29247.4
26090.5
22299
18616.1
15152.4
12310.8
10085.2
8376.71
6953.56
5795.52
4993.78
4451.1
4126.41
3948.46
3693.92
3224.24
2884.52
3022.13
3386.41
3422.64
1773.24
208.059
15.0669
1.49932
0.483081
0.41185
0.430485
0.487687
0.54768
0.583748
0.617089
0.582653
0.564654
0.515888
0.484832
0.452637
0.446935
0.42201
0.417398
0.40278
0.400809
0.403139
0.409086
0.404038
0.405671
0.382916
0.357708
0.336422
0.324564
4972.65
10339.2
10346.7
7186.4
6778.2
8352.87
10702.6
17977.7
31025.2
42955.3
52168.3
60120.3
67053.9
72277.3
75784.7
78168.1
79763.6
80482.5
80337.2
79470.8
78307.7
77195.9
76199.3
75274.6
74371.8
73464.3
72533.1
71556.7
70517.3
69411.7
68237.7
66938.2
65355.8
63310.5
60749.1
57737.9
54414.9
50910.8
47355.2
43896.7
40676.4
37844.5
35535.2
33755.7
32290.4
31173
30945.5
31767.3
31280
27789.5
22750.3
18627.4
15103.8
12219.1
10021.8
8331.29
6946.87
5804.83
4996.01
4432.14
4089.81
3892.03
3617.73
3123
2713.07
2729.74
2900.8
2702.72
1028.32
138.352
17.7261
2.27658
0.530476
0.426633
0.436084
0.481857
0.527579
0.582317
0.590465
0.570218
0.545561
0.528452
0.490395
0.460132
0.445367
0.426314
0.417633
0.40446
0.397418
0.401223
0.39828
0.403556
0.387699
0.364409
0.336848
0.324226
0.307734
5542.35
10235.8
10024
6921.18
6930.8
9079.85
12232.2
22338.3
37570.5
49607.1
58044.3
65395.2
72096.5
77227.3
80659.7
82994.2
84578.2
85283.6
85101
84159.3
82891.8
81681.5
80600.9
79608.5
78653.5
77707.4
76748.8
75752.7
74697
73573.8
72377.9
71051.2
69437.7
67356.6
64749.7
61675
58265.1
54647.3
50947.5
47309.5
43864.6
40751.5
38104
35969.4
34187.8
32768.3
32260.6
33112.5
32953.5
29425.7
23575.7
18639.9
15077.2
12196.5
9977.67
8314.23
6941.12
5813.45
4991.29
4401.82
4037.9
3817.76
3521.71
3025.21
2583.41
2571.95
2694.62
2353.72
733.47
98.6076
11.1536
1.72665
0.631908
0.464548
0.451451
0.472958
0.508239
0.554386
0.571101
0.568584
0.541826
0.518004
0.505352
0.467101
0.448222
0.429746
0.41799
0.403194
0.398478
0.398508
0.395844
0.387449
0.36493
0.345226
0.32785
0.310679
0.297176
6242.18
10162.3
9645.09
6640.74
7151.73
9900.37
14238.5
27438.2
44254
56004.8
63551.8
70309
76806.5
81872.2
85257.3
87567.8
89159.4
89869.5
89666.8
88672.8
87322.4
86032.2
84883.8
83838.7
82845.9
81876.1
80905.5
79905.9
78850.8
77727.8
76527.5
75190.4
73563.4
71466.5
68836.8
65723.6
62252.5
58546.3
54726.9
50933.3
47287.6
43914.7
40939.7
38432.8
36285
34474.5
33468.4
33916.2
33965
30679.6
24477
18659.8
14908.4
12209.2
9980.14
8308.48
6941.55
5830.94
4989.84
4370.19
3978.6
3730.14
3413.23
2955.38
2510.26
2375.74
2414.12
1958.26
526.978
75.5373
9.52993
1.68874
0.593339
0.464743
0.454201
0.46404
0.496946
0.522771
0.55013
0.539632
0.523335
0.515857
0.494951
0.484653
0.454476
0.432616
0.423781
0.411804
0.394132
0.382979
0.380473
0.371165
0.35478
0.343188
0.329663
0.311366
0.289588
7091.22
10124.3
9215.16
6389.72
7525.99
10817.3
16810.9
32901.3
50629
61898.5
68581.4
74810
81145.1
86174
89538.9
91849.1
93465.7
94197.2
93989.9
92966
91553.6
90202.2
89002.2
87919.3
86903.7
85925.4
84958.9
83972.6
82936.5
81832.7
80647.6
79319.6
77699.2
75609.3
72982.9
69859.4
66356.2
62590.9
58680.7
54759.7
50941
47335.3
44052.9
41170.7
38618.5
36361.3
34719.5
34353.6
34252.1
31149.2
25065.1
18993.3
14991
12246.2
10025.6
8310.68
6938.27
5841.1
4987.82
4343.45
3918.68
3638.76
3319.03
2882.93
2482.26
2254.44
2185.81
1613.21
391.782
57.4868
7.82859
1.40662
0.581695
0.46442
0.457752
0.459366
0.475184
0.509349
0.517277
0.523978
0.507748
0.49434
0.495586
0.474707
0.458775
0.446113
0.418309
0.404172
0.392848
0.376819
0.381346
0.360436
0.356796
0.346962
0.330154
0.311241
0.290805
8137.85
10099.7
8724.68
6434.46
8120.52
11858.8
19936.1
38259.8
56356.1
67136.3
73073.6
78867
85082.6
90099.7
93469
95800.1
97455.8
98222.6
98024.1
96991.4
95537.1
94142.1
92905.8
91799.3
90775.1
89803.4
88857
87901.4
86903
85838.8
84690
83392.6
81801.7
79744.4
77150.1
74048.1
70545.8
66754.8
62787.1
58771.3
54812.3
51006.6
47446.2
44201.2
41223.1
38483.7
36157.2
34738.8
34050
31076.1
25063.3
19371.5
15251.3
12217.8
10027.9
8300.28
6930
5837.41
4984.79
4324.24
3865.49
3572.63
3271.65
2860.23
2381.22
2014.93
1876.88
1263.66
288.563
44.1069
6.44107
1.43285
0.572741
0.454603
0.448151
0.448795
0.456665
0.482063
0.499954
0.491806
0.488205
0.486771
0.474754
0.472643
0.44768
0.432668
0.418496
0.40415
0.380338
0.376452
0.362857
0.357906
0.356074
0.347814
0.329779
0.311858
0.29271
9479.32
10066.4
8243.44
6875.26
8954.98
13073.6
23452.9
43080.6
61239.7
71650.3
77003
82461
88595
93620.3
97015.1
99384.7
101090
101902
101723
100700
99222.3
97799.6
96540.6
95423.3
94403.5
93452.2
92540.9
91632.6
90690.6
89686.6
88596.3
87353
85816.4
83820
81289.7
78243.9
74779.4
71000.3
67013
62940
58878.4
54911.5
51111.6
47532.3
44128.9
40873.6
37870.4
35351.6
33649.1
30772.7
24999
19367.7
15283.4
12235.7
10009.4
8271.05
6918.1
5845.09
4989.72
4322.91
3848.12
3555.6
3280.92
2841.93
2160.46
1658.66
1492.35
923.161
208.127
33.4982
5.28888
1.09253
0.519961
0.440996
0.435992
0.437002
0.439521
0.453835
0.471392
0.473001
0.468876
0.47007
0.463449
0.451889
0.445455
0.430142
0.41745
0.39223
0.380867
0.360428
0.361026
0.356493
0.353031
0.344189
0.333307
0.312733
0.293304
11288.2
10033.9
7927.13
7808.3
10007.6
14503.9
27065
47064.2
65213.6
75428.5
80364.3
85580.3
91662.4
96710.4
100148
102569
104329
105193
105042
104045
102558
101121
99850.3
98732.4
97727.7
96808.4
95945.5
95099.7
94231.5
93307.6
92298.2
91133.3
89677.9
87772.6
85340.4
82388.9
79002.5
75277.1
71312.7
67225.1
63103.9
59020.5
55027.9
51157.8
47355.3
43578.7
39909.8
36358.1
33369.5
30179.3
24907.3
19594.6
15470.2
12408.6
10065.3
8300.82
6965.15
5886.97
5032.41
4368.13
3898.98
3614.16
3325.04
2725.27
1744.63
1204.23
1053.77
623.727
143.677
24.589
4.19413
0.984748
0.49486
0.425123
0.420117
0.419507
0.422402
0.429336
0.440961
0.45602
0.451287
0.451215
0.44493
0.445108
0.430083
0.425145
0.407839
0.389953
0.365461
0.352466
0.345181
0.343615
0.343573
0.332619
0.333202
0.322751
0.30237
13844.7
10029.1
7972.42
9065.89
11228.1
16149.5
30418.4
50083.2
68301
78489
83162.2
88217
94268
99347.3
102839
105322
107139
108055
107938
106977
105494
104053
102778
101667
100684
99805.6
99001.3
98230.4
97451
96625.2
95718
94656.1
93309.6
91526.8
89228.7
86411.5
83146.7
79520.6
75625.8
71570.9
67438.4
63288.9
59157.8
55053.8
50903.2
46635.9
42319.1
37850
33555.5
29551.4
24631.9
19746.2
15694
12541.2
10236.8
8437.23
7092.62
5992.42
5146.24
4505.72
4065.86
3770.46
3355.58
2427.53
1316.66
776.547
652.234
384.648
93.9609
17.4464
3.25739
0.85516
0.462488
0.404966
0.402071
0.402487
0.402633
0.40755
0.415327
0.42775
0.429482
0.434447
0.429892
0.429735
0.418747
0.415613
0.407013
0.388257
0.354311
0.339882
0.332433
0.329069
0.328859
0.330895
0.32369
0.316058
0.300819
17570.3
10125.3
8345.79
10497
12535
17940.2
33206.6
52162.7
70570.8
80860.9
85404.5
90364.5
96396.9
101511
105067
107615
109488
110453
110371
109456
107985
106545
105270
104167
103210
102376
101637
100949
100270
99556.9
98770.4
97834.8
96624.5
94995.9
92868.5
90227.4
87129.7
83651.1
79876.4
75905.8
71814.7
67654.5
63445.9
59175.9
54749.5
50059
45139
39848.7
34417.7
29268.5
24257.4
19580.8
15643.9
12492.8
10349
8598.4
7225.73
6160.3
5369.24
4791.71
4380.38
3999.59
3339.19
2277.55
1174.8
594.829
415.168
221.6
56.7418
11.4151
2.35069
0.70494
0.422054
0.382323
0.379307
0.380031
0.380526
0.387536
0.392826
0.402893
0.407258
0.419004
0.416282
0.416777
0.409157
0.407333
0.394492
0.37766
0.354014
0.326364
0.318449
0.31786
0.31766
0.316711
0.315464
0.316273
0.302951
1.20264e+06
1.38084e+06
1.5508e+06
1.76298e+06
1.97156e+06
2.21639e+06
2.56822e+06
2.95007e+06
3.44477e+06
4.23217e+06
5.05545e+06
5.4014e+06
4.97227e+06
3.85282e+06
2.32857e+06
917607
404061
24389.2
310334
485818
460291
367587
210708
141169
93491.1
97105.8
115073
165531
194848
207644
231608
136326
133414
500962
560624
616127
683466
747393
819769
919735
1.01643e+06
1.12765e+06
1.28034e+06
1.3886e+06
1.36881e+06
1.18373e+06
876746
522347
211585
102604
15302.4
95013.7
136338
126356
99787.6
60535.7
42835.7
30853.6
33393.7
40616.3
58917.4
66413.2
64652.6
76624.7
48832.5
45956.6
337691
374207
408036
448894
488200
532377
588948
637868
680506
713357
682657
583487
427996
268595
141029
54488.7
29531.1
10244.2
42659.2
60383.3
54684.5
42061.2
26933.2
20209.7
16149.5
18859.8
23966.7
35417.8
36565.5
33735.2
44422.1
28901.6
25813.7
286756
315627
342236
374480
406022
441330
482884
515888
535832
533307
471682
363312
230923
117518
49096.8
16898.6
10034.1
8029.12
28094.9
39444.3
34725.8
25548.2
16636.2
12772.7
11012.1
13420.3
17303.5
25088.2
24962
22564.5
31995.5
21203.8
17624.9
256141
280153
302075
328708
354857
383687
414292
434709
438095
413145
339665
238827
136389
60874.8
21982.9
6874.24
4589.67
6872.51
21550.5
29365.3
25061.3
17804.6
11889
9268.33
8508.36
10511.7
13552.7
19071.8
19254.7
17329
25468.3
17346.6
13428.7
228008
248089
266259
288335
309865
333083
354527
364902
355695
316873
241282
155457
79892
32363.5
10918.5
3505.92
2858.51
5868.79
17055.7
22804.1
19001.6
13284.6
9234.71
7287.86
6993.83
8623.23
11068.3
15206.7
16039.9
14383.3
21230.6
15170.4
11014.6
199649
216386
231476
249726
267303
285726
300233
303290
286651
242796
173633
106807
52439.1
20830.3
6993.82
2523.49
2220.08
4837.88
13584.2
18324.9
15164.4
10567.5
7614.21
6029.25
5931.04
7261.09
9284.27
12594.4
14059.1
12484.6
18059
13897.3
9547.15
171782
185687
198291
213394
227765
242363
252437
251109
232406
191121
133568
84223.3
43407.5
18381.4
6597.66
2566.21
1963.41
3868.27
10875.6
15331.2
12889.8
8979.49
6563.8
5148.99
5113.21
6220.89
7943.38
10748.6
12751.5
11135.6
15487.8
13175.1
8644.48
145703
157259
167909
180525
192505
204499
212154
209467
193214
159438
114643
78404.4
44745
20741.5
8183.41
3287.01
1993.65
3077.68
8771.44
13415.7
11735.4
8150.58
5860.23
4484.77
4451.79
5398.8
6901.44
9379.65
11833.1
10114.4
13328.6
12815.3
8108.26
122436
132087
141252
152016
162420
173053
179871
178424
167556
143491
110370
83234.2
52678.9
26489.3
11449.5
4747.23
2415.06
2550.05
7131.72
12262.2
11406.8
7894.51
5399.83
3956.39
3903.41
4732.6
6067.6
8310.81
11145.6
9312.47
11496.7
12704.3
7822.79
102529
110682
118763
128256
137829
148092
155398
156862
152819
138880
115945
95102.5
65172.8
34993.8
16371.9
7110.36
3348.13
2332.85
5842.56
11613.3
11722.2
8137.83
5147
3523.85
3442.75
4181.27
5382.22
7435.01
10593.8
8670.13
9946.74
12762.6
7716.13
86103.2
93127.1
100462
109179
118519
129004
138092
143259
146166
141818
127871
111188
80365.5
45480.5
22779
10469.4
4912.84
2450.93
4821.88
11243
12570
8872.68
5112.43
3168.74
3052.56
3716.92
4806.25
6688.6
10117
8149.03
8646.28
12927.4
7740.63
72958.1
79169.8
86060.2
94395.8
103916
115062
126330
135739
145421
148994
142793
128593
96044.1
56857.5
30221.2
14737.1
7152.59
2960.95
4026.41
10948.5
13836.6
10133.2
5346.61
2886.46
2720.14
3320.64
4314.64
6034.97
9675.07
7720.66
7559.15
13149.3
7862.11
62711.9
68400.7
75086.8
83333.6
93274.8
105277
118727
132110
148272
157473
157320
144136
109696
67703.8
37886.3
19540.3
9943.08
3866.66
3405.81
10570.9
15386.5
11952.5
5942.44
2684.34
2436.05
2979.69
3891.63
5454.15
9241.36
7361.7
6652.62
13385.2
8053.88
54942.4
60350.1
66999.7
75338
85779
98623.3
113985
130739
151810
164602
167846
154517
118690
76306.2
44425.3
24102
12893.4
4999.19
2901.92
9992.64
17040.5
14323.6
7028.72
2583.83
2193.52
2685.36
3527.2
4935.85
8799.15
7052.09
5901.11
13595.8
8293.87
49225.3
54530.1
61231.7
69727.9
80595.9
94087.3
110856
129976
153518
167513
171411
156764
121045
80784.3
47940.9
27122.1
15178.7
5846.94
2490.31
9127.17
18571.2
17158.6
8757.24
2626.74
1988.35
2431.34
3214.49
4474.37
8340.36
6775.63
5281.96
13746.3
8562.92
45149.7
50452.9
57210.8
65813
76900.7
90675.6
108105
128312
151378
163763
165384
148523
114884
79084.8
46637.8
27539
15786
5864.16
2127.47
7963.74
19712.2
20316.4
11235.1
2885.42
1819.2
2212.61
2948.01
4066.64
7863.8
6520.11
4775.9
13807.2
8843.97
42311.9
47624.3
54357.8
62888.4
73858.6
87383.5
104457
124056
143242
151939
147749
128649
98619.4
67576.6
37678.2
23256.1
13417.4
4685.96
1789.78
6604.64
20175.3
23616.8
14462.4
3480.58
1688.77
2024.86
2722.46
3710.25
7373.89
6277.06
4367.14
13754.5
9121.58
40292.2
45524.8
52064.9
60229
70627.3
83204.6
98618.4
115227
127233
130614
118089
97873.4
71297.2
44768.3
21262.8
13313.1
7961.06
3626.91
1676.01
5248.56
19760.2
26788.1
18348
4581.06
1606.13
1864.33
2532.14
3402.09
6879.11
6041.3
4043.11
13570.8
9381.73
38626.2
43580.6
49673.3
57059.4
66324.2
77080.1
89378.8
99871.9
104431
99781.1
79296
59096.5
33414.9
14724.9
5722.58
4456.76
4975.72
4280.68
2308.75
4145.38
18429.1
29546.5
22695.9
6389.78
1591
1728.01
2370.72
3137.64
6389.93
5809.86
3793.94
13246.3
9611.75
36777.2
41140.2
46462.8
52565.4
60054
67973.9
75110.7
78447.5
75722.5
61911.7
36763
17269.5
5636.54
1819.73
1151.29
2607.01
6334.24
6621.45
4009.06
3641.35
16324.6
31628.1
27213.6
9104.87
1681.42
1613.2
2232.02
2910.74
5916.42
5582.63
3609.23
12779.3
9800.3
34149.5
37504.7
41715.6
45973.4
51056.9
54640.7
56260.1
52553.6
40793.2
20142.9
6902.09
1574.03
361.683
285.107
864.985
3622.37
9402.45
8835.6
5943.09
3726.07
13840
32808.2
31655.5
12758
1948.26
1517.97
2110.62
2713.87
5465.96
5359.16
3479.25
12175.6
9937.44
30484.7
32413.8
35090.1
36240.9
38224.2
35683.8
30501.7
21086.7
9547.86
2987.76
536.285
89.1511
84.7245
249.363
919.28
4578.91
11568.3
10651.4
7444.73
4311.18
11494.3
32853.1
35899.4
17197.3
2512.93
1445.45
2000.99
2538.79
5041.63
5137.53
3393.6
11448.9
10014.2
21277.7
20803.9
20589.2
18974.5
17141.7
13112
8387.88
3826.47
1288.71
287.181
47.9644
37.807
93.138
336.729
1340.18
5760.85
13658.4
12456.4
8834.96
5139.63
9725.84
31647
39770.9
22206.5
3556.08
1405.25
1898.57
2377.39
4642.55
4913.46
3340.7
10619.1
10024.2
8073.54
6990.37
6466.82
5313.71
4197.51
2730.92
1292.27
495.637
139.421
32.8169
20.8122
45.8038
140.963
472.821
1724.03
6769.36
15753.8
14288.4
10252.5
6167.33
8598.77
29238.2
42986.9
27636.3
5294.42
1417.11
1800.4
2222.56
4264.21
4679.04
3308.75
9710.59
9962.67
1913.54
1525.71
1352.1
1047.06
733.632
409.06
166.76
57.229
18.252
11.9046
21.0525
71.0154
197.452
630.186
2132.31
7523.46
17767
16060.6
11628.6
7442.61
8166.58
25663
45178.6
33274.3
7931.48
1520.49
1705.57
2069.16
3900.23
4426.56
3284.5
8753.01
9827.12
377.839
283.28
242.014
176.418
106.981
51.1688
20.3976
8.75325
6.65051
9.95646
30.975
97.9073
263.757
796.045
2493.6
7893.84
19578.9
17664.4
12894.1
8910.18
8350.71
21151.4
45821.4
38701.5
11692.9
1789.83
1615.78
1914.64
3544.82
4151.2
3254.8
7781.84
9613.35
68.1161
48.1004
39.4271
26.1933
13.6294
6.72251
3.7955
3.35268
4.50804
12.3313
46.4815
126.587
330.293
944.329
2819.57
8198.98
21072
18999.1
14030.4
10336.3
8984.75
16874.2
44356.1
43496.3
16590.6
2355.14
1534.69
1761.17
3194.95
3853.57
3208.65
6833.54
9318.56
11.7786
7.94536
6.27735
3.6901
2.24285
1.71076
1.67748
2.14729
5.10555
18.4086
59.3236
150.205
379.39
1017.52
2918.24
8392.39
22181.9
20001.1
15001.4
11556.7
10084.5
13869.7
40236.4
47593.5
22211.5
3401.54
1478.09
1612.31
2851.75
3541.04
3139.43
5943.46
8941.63
2.32347
1.60337
1.27791
1.02796
0.902087
0.918917
1.1353
2.24956
6.66087
22.4077
68.4958
162.501
415.131
1214.9
3228.39
8509.71
22929.4
20672.6
15767.9
12549
11412.5
12258.1
33451.3
50235.6
28151.5
5112.73
1473.18
1474.65
2521.26
3226.88
3046.28
5143.9
8483.66
0.798874
0.704136
0.651118
0.643075
0.641672
0.709528
1.15409
2.83561
9.52373
29.7858
84.1194
196.115
489.692
1230.49
3270.55
8433.38
23362.2
21100.8
16320.6
13344.1
12682.7
11607.7
25384.4
50438.3
33946.6
7585.85
1573.36
1357.55
2215
2927.3
2933.8
4462.45
7948.55
0.53228
0.545155
0.539573
0.538909
0.55791
0.721785
1.26382
3.37265
10.6587
32.1846
87.9835
192.497
470.484
1371.88
3480.69
8769.07
23609.4
21403.6
16694.6
13957.4
13595.5
11587.1
18801.6
47873.7
38766.9
10874.8
1877.54
1281.99
1947.27
2657.58
2810.18
3919.71
7343.58
0.482847
0.480416
0.487096
0.495532
0.539844
0.783344
1.74263
4.86832
13.8971
38.642
100.482
214.744
502.589
1128.75
3073.12
8416.48
23719.5
21550.1
16881.4
14362.5
14102.8
11946.9
14717.6
42222.1
41302
14947.8
2552.01
1273.3
1735.08
2431.38
2686.76
3510.3
6689.77
0.444918
0.447274
0.446007
0.454631
0.490598
0.654883
1.40104
3.74761
10.6071
29.4145
74.8113
139.334
343.655
990.513
2762.74
7310.5
23755.3
21613.1
16972.6
14565.1
14321.1
12387.5
12407.4
34292.7
41351.2
18772.2
3764.57
1378.45
1599.77
2258.94
2574.4
3218.56
6014.54
0.405572
0.407145
0.409678
0.419537
0.454264
0.659185
1.39237
3.73514
10.0363
24.1891
57.2041
105.012
267.555
778.28
2462.88
6075.81
22923.1
21040.2
16706.7
14611.4
14221.9
12676.6
10972.1
26442.5
40046.4
21779.2
5474.87
1656.86
1561.06
2155.79
2484.6
3034.39
5352.56
0.37624
0.378913
0.380105
0.383076
0.402632
0.511448
0.935078
2.41679
6.97954
19.403
47.7788
85.6355
225.725
675.171
2134.73
5417.31
21332.8
19898.4
16107
14583.3
13869.4
12803.9
10247.4
19964.8
38116
24342.7
7575.65
2175.86
1612.57
2129.4
2419.12
2940.43
4730.85
0.346017
0.342333
0.345004
0.34448
0.357674
0.429444
0.757341
1.98294
5.88111
16.3763
40.1345
67.1627
181.855
559.456
1713.34
4730.05
19591.8
18620.6
15399.2
14370.2
13369.3
12724.6
10098.8
15555.9
35261.3
26472.8
10010.4
3027.25
1777.4
2195.3
2387.39
2925.49
4187.14
0.326719
0.313707
0.313749
0.313999
0.32161
0.370229
0.645281
1.73924
5.26405
14.0156
30.6736
43.5849
131.609
463.497
1405.68
3992.24
17762.7
17382.2
14695.1
13998
12821.9
12466.5
10237.3
13041.4
31758.2
27834.4
12780.4
4279.99
2089.24
2384.37
2416.67
3022.47
3766.11
0.309257
0.296559
0.282171
0.281304
0.284349
0.319971
0.549355
1.43923
3.82095
8.68105
15.1239
20.7696
75.596
347.679
1077.1
3309.94
15830
16239.7
14017.4
13495.6
12270.5
12085.2
10492
11658.8
28188
28126.3
15727.4
5942.65
2593.61
2738.52
2569.24
3334.57
3551.41
0.293636
0.281247
0.25731
0.2519
0.255117
0.282587
0.463687
1.11531
2.73554
5.03882
7.29885
11.4318
50.041
268.284
838.866
2696.57
13865.2
15194.9
13340
12896.3
11702.7
11606.6
10722.6
10949.4
24668.3
28100.7
18505.3
7955.14
3342.18
3310.89
2936.06
4062.8
3610.94
0.281292
0.266909
0.243444
0.22689
0.227242
0.241368
0.357965
0.785739
1.7582
2.67335
3.38418
6.78341
34.6522
207.913
638.609
2203.02
11961.3
14191.2
12655.1
12222.3
11096.3
11035.8
10885.6
10631
21375.1
27965.6
21015.9
10217.4
4373.86
4143.88
3619.29
5434.43
4092.69
0.270608
0.2584
0.232652
0.207523
0.20824
0.212036
0.275446
0.520058
1.04384
1.40349
2.0989
4.5063
27.1053
178.989
507.736
1784.6
10157.5
13184.1
11942.3
11480.5
10439.3
10389.4
10964.7
10495.1
18443.3
27589.1
23130.2
12621.2
5691.27
5231.44
4666.29
7427.39
5061.25
0.269083
0.253955
0.229036
0.197196
0.186069
0.18755
0.212011
0.332864
0.596636
0.785703
1.78695
3.27099
23.5983
163.687
434.228
1467.06
8470.65
12138.8
11175.5
10669.3
9750.55
9697.9
10893
10458.5
15900.2
26775.7
24467.9
15071.1
7257.68
6520.5
5989.13
9625.46
6375.69
0.271987
0.256222
0.23077
0.194202
0.164658
0.16093
0.168091
0.216754
0.349713
0.63134
1.89902
2.27855
22.2223
159.474
423.641
1205.87
6899.44
11043.1
10332.2
9790.3
9029.67
8980.91
10648.8
10431.6
13958.8
25222.5
24739.9
17260.2
8982.86
7898.54
7381.64
11500.3
7644.32
0.273303
0.255412
0.232256
0.197446
0.161618
0.148799
0.150817
0.169433
0.247801
0.612424
1.97626
1.36368
21.9765
159.024
405.038
1012.4
5449.13
9910.31
9410.32
8858.25
8279.09
8251.57
10227.6
10354.2
12627.4
22942.7
24513.6
18870.1
10713.9
9202.24
8609.13
12660.8
8411.01
0.284479
0.262183
0.238066
0.199516
0.16442
0.146926
0.146725
0.158045
0.21311
0.516189
2.28518
0.811054
22.0958
159.817
396.749
834.691
4132.09
8764.22
8433.08
7900.93
7506.09
7529.28
9647.13
10162.1
11726
20318.4
23898.3
19627.1
12221.3
10227.5
9465.19
13132.6
8677.15
0.279874
0.262804
0.247544
0.212379
0.163392
0.145381
0.14501
0.152973
0.195891
0.406488
2.47137
0.628812
16.2503
156.787
402.182
683.927
2981.99
7626.52
7431.64
6949.25
6724.99
6839.12
8973.27
9923.6
11021.7
17659.3
22499.4
19337.2
13190
10762.5
9845.13
13041.1
8387.74
0.281172
0.263905
0.240259
0.20571
0.171826
0.140504
0.142437
0.147263
0.18304
0.363333
1.57437
0.631482
10.5269
153.226
422.367
549.756
2054.03
6505.5
6432.53
6031.14
5957.16
6210.56
8293.68
9689.41
10422.4
15134.6
20291.1
17757.3
13452.2
10685.7
9810.22
12119.5
7317.04
43138.5
10437.2
8944.25
11929
13818
19702.6
35220.7
53396.2
72065.6
82530.8
87055.2
91970.5
97986.4
103132
106754
109367
111286
112291
112243
111373
109918
108480
107201
106103
105166
104373
103695
103089
102512
101916
101259
100463
99408.7
97958
96030.3
93599.9
90709.3
87423
83816.9
79982.2
75987.8
71877.4
67660.6
63307.5
58705.9
53712.1
48311
42335.6
35941.9
29661.2
24037.2
19315.3
15511.1
12475.6
10384.8
8718.73
7418.94
6448.02
5751.86
5237.67
4783.33
4235.09
3399.31
2281.39
1169.11
552.324
308.84
135.81
34.0377
7.22817
1.64651
0.57221
0.382009
0.355957
0.35604
0.355819
0.36014
0.367427
0.371891
0.381432
0.386655
0.399272
0.401159
0.405243
0.399436
0.399633
0.388781
0.361093
0.34004
0.314236
0.304766
0.30466
0.30552
0.304432
0.305167
0.302633
0.289455
51440.6
10986.2
9670.08
13345.8
15082.2
21385.2
36600.2
54038.9
72958.8
83627.4
88220.8
93123.5
99114.6
104285
107976
110654
112613
113652
113637
112815
111377
109936
108646
107540
106614
105850
105225
104697
104219
103745
103223
102580
101704
100462
98770.5
96597.1
93965.4
90928.1
87550.7
83913.5
80078.9
76084.1
71930.5
67577.4
62904.3
57745.2
52037.2
45588.2
38465.4
31216.8
24758.1
19594.7
15719.3
12765.8
10662.8
9057.27
7848.68
6962.4
6325.68
5797.5
5219.8
4492.15
3567.79
2355.56
1167.67
553.441
285.579
102.961
24.1429
4.71927
1.12862
0.461105
0.343124
0.330617
0.329939
0.333561
0.343298
0.349056
0.354048
0.363721
0.370847
0.383748
0.387356
0.395729
0.393012
0.393536
0.385424
0.359753
0.326358
0.301206
0.291886
0.292049
0.292411
0.291453
0.293496
0.290673
0.278813
53909.7
11866.3
10531
14826.6
16436.1
23083
37529.8
54249.2
73380.5
84268.9
89009.7
93918.8
99867.7
105049
108806
111547
113533
114590
114604
113827
112400
110944
109623
108490
107552
106801
106216
105757
105379
105038
104678
104209
103538
102542
101124
99257.3
96936.6
94205.4
91113.9
87730.3
84108.9
80280
76238.4
71935.7
67250.9
62012.1
56128.8
49413.6
41867.2
33997.3
26826.8
21047.5
16791.5
13718.6
11479
9833.67
8622.67
7732.39
7061.02
6422.35
5676.11
4778.6
3722.1
2401.02
1186.82
564.896
293.37
100.459
21.9504
4.37622
1.10843
0.418189
0.31508
0.306517
0.305781
0.313426
0.325517
0.333044
0.338059
0.348096
0.358237
0.370359
0.376525
0.386131
0.390398
0.389927
0.383643
0.358606
0.325169
0.28862
0.278938
0.27904
0.278718
0.280396
0.27929
0.279597
0.268992
55188.5
13240.5
11500.2
16343.1
17889.1
24768.3
38072.3
54087.7
73318.9
84455.6
89410.1
94333.5
100218
105386
109196
111979
113970
115025
115053
114308
112881
111398
110033
108856
107889
107130
106564
106152
105848
105611
105401
105118
104687
104000
102917
101399
99430.9
97057.1
94302.5
91225.8
87871.3
84261.4
80386.2
76192.2
71562.7
66330.8
60393.9
53584.3
45863.9
37733.3
30135.5
23831.1
19050.9
15553.4
13010.4
11163.1
9814.7
8801.52
7987.76
7186.14
6286.49
5234.19
4037
2627.19
1318.24
600.527
306.368
98.9785
21.6704
4.68672
1.08442
0.410857
0.293207
0.284297
0.28399
0.294476
0.309666
0.318946
0.324735
0.333773
0.347067
0.360728
0.367318
0.378918
0.386229
0.388247
0.382164
0.359152
0.323294
0.288941
0.268576
0.266003
0.266226
0.26618
0.268332
0.266968
0.267211
56602.7
15407.1
12584.3
17873.6
19448.4
26417.5
38297.7
53546.7
72776.4
84175.9
89382.5
94336.5
100126
105254
109096
111907
113887
114924
114959
114238
112803
111282
109856
108614
107595
106808
106242
105863
105624
105481
105399
105273
105048
104630
103915
102823
101305
99342.9
96974.7
94263.4
91235.4
87906.9
84263.8
80249.3
75753.7
70620
64742
57973.7
50266
42123.4
34357.4
27679.2
22389
18381.2
15412.4
13229.6
11610.2
10363.3
9334.15
8360.29
7331.86
6155.55
4833.06
3400.6
1925.65
899.095
404.135
117.363
22.8004
4.54028
1.04311
0.403045
0.277958
0.265668
0.265108
0.273137
0.291638
0.30559
0.313659
0.321282
0.336069
0.352631
0.361882
0.371407
0.382038
0.386159
0.382412
0.358042
0.326124
0.28827
0.261808
0.255499
0.255274
0.255446
0.259979
0.259291
0.258867
58406.4
18825.1
13840.4
19406.1
21117.2
28014.6
38295.2
52656
71696.8
83359
88901.8
93901.1
99555.5
104612
108462
111282
113233
114238
114268
113561
112111
110540
109039
107715
106624
105786
105199
104832
104640
104568
104569
104596
104597
104477
104094
103367
102318
100877
99005.3
96725.1
94084.6
91104.9
87765.7
84007.8
79729.5
74785.9
69071.8
62462.8
54919.8
46925.2
39173
32293.8
26617.6
22147.6
18727.6
16140.9
14170.4
12624.3
11345.3
10188.5
9024.12
7749.1
6363.29
4923.77
3216.98
1616.23
705.85
186.698
28.9376
5.0435
1.13739
0.406942
0.266684
0.250797
0.250283
0.257694
0.270109
0.287289
0.30265
0.311858
0.325481
0.343177
0.355953
0.36794
0.378111
0.384681
0.381273
0.359241
0.32509
0.29132
0.262556
0.248769
0.247282
0.247022
0.248604
0.253975
0.250693
60505
24031.2
15406
20949.1
22893.4
29555.1
38161.5
51451.8
70130.9
82002.9
87891.1
92945.9
98459.5
103417
107251
110060
111972
112934
112951
112248
110778
109150
107563
106141
104957
104044
103410
103032
102865
102838
102909
103075
103268
103407
103358
103060
102465
101477
100147
98435.9
96290.4
93731.7
90767.2
87343.2
83366.7
78704.2
73255.5
66918.5
59671.2
51945.5
44342.1
37415.2
31501
26675.8
22854.7
19870.1
17532.5
15665.4
14117.9
12749
11423.5
10039.6
8589.4
7107.74
5204.25
2941.47
1328.37
386.27
54.5098
8.09109
1.53512
0.441596
0.270305
0.237919
0.236399
0.243546
0.255292
0.266746
0.284862
0.301589
0.317522
0.334479
0.349693
0.364586
0.378241
0.384422
0.381721
0.361872
0.325547
0.292865
0.261981
0.244465
0.240593
0.240579
0.241174
0.247029
0.247022
62650.7
31416.8
17558.8
22554
24773.7
31046.2
37922.6
49947.7
68062.5
80096.9
86352.5
91466.9
96817.9
101641
105425
108204
110068
110982
110981
110280
108790
107101
105420
103887
102591
101580
100872
100453
100291
100284
100398
100675
101038
101399
101659
101767
101633
101173
100369
99160.1
97597.7
95614.4
93120.9
90107
86514.2
82222.2
77139.3
71184.7
64355
57008.1
49671.6
42834.7
36826.9
31770.3
27636
24306.3
21627.7
19445.9
17619.2
16009.4
14485.7
12952.9
11391.2
9824.06
7893.86
5097.71
2520.76
874.625
132.412
17.8547
2.63761
0.600653
0.280273
0.230714
0.225601
0.229051
0.241424
0.252245
0.26404
0.284522
0.305182
0.324352
0.341913
0.360626
0.377556
0.386518
0.386852
0.368364
0.329893
0.292948
0.262944
0.243531
0.236263
0.236165
0.236324
0.241568
0.241965
64633.6
40885.3
20837.8
24362.1
26768.4
32504.1
37660.6
48163.1
65473.5
77602.6
84235.8
89419.4
94594.1
99249.5
102948
105677
107487
108353
108331
107637
106133
104387
102610
100958
99533.7
98401.4
97590.7
97101.5
96910.5
96904.4
97037
97383.5
97884.6
98448.3
98991.4
99441.6
99731
99792.2
99559.3
98943.9
97931.3
96473
94566.8
92115
88998.6
85162.4
80544.4
75079
68783.1
61927.3
54974.3
48359.3
42397.5
37238.5
32897.1
29301.2
26334
23865.2
21765.5
19904.1
18158.6
16441.3
14722
13008
11077
8118.23
4539.34
1840.38
338.469
47.0646
6.65431
1.13029
0.345167
0.234382
0.218103
0.219062
0.228195
0.240439
0.249189
0.264137
0.286579
0.309728
0.331236
0.35405
0.375049
0.389589
0.392753
0.382275
0.340327
0.295923
0.264424
0.244595
0.2342
0.232691
0.232494
0.236419
0.238407
66501.6
51505.8
26235.7
26709.5
28928.4
33948.7
37460.6
46153.4
62344.9
74476.1
81484.2
86753.9
91751.3
96210.5
99787.4
102441
104192
105012
104971
104289
102787
100994
99130.1
97358.1
95797.5
94526.2
93587.6
92995.3
92737.5
92713
92841.6
93206.9
93799.7
94529.1
95314.3
96077.1
96749.2
97255.4
97568.4
97569.7
97182.7
96355.6
95001
93085.5
90562.8
87323.9
83269.3
78393.5
72737.9
66491.6
60043.5
53783.1
48006.8
42880.3
38451.7
34687.6
31506.1
28801.7
26461.2
24366.1
22405.6
20494.4
18590.8
16680.5
14619.4
11767.5
7509.52
3516.91
854.941
134.901
19.934
3.09514
0.62715
0.266701
0.218138
0.211602
0.21625
0.228745
0.237258
0.249656
0.267353
0.284774
0.310529
0.341037
0.36923
0.38893
0.398707
0.39797
0.36469
0.308339
0.26798
0.245101
0.234
0.230305
0.230198
0.232453
0.235111
68257.5
61903.4
35449.4
30245.1
31422.2
35389.7
37341.9
44074.2
58646.9
70673.5
78033.4
83413.1
88246.8
92489.8
95906.9
98453
100133
100911
100850
100190
98715.1
96897.6
94964.3
93085.4
91391.8
89974.2
88889.4
88165.3
87806.5
87740.6
87842.8
88176.6
88802.8
89641.5
90612.3
91637.7
92644.8
93559.6
94321.3
94854.5
95114.7
94988.1
94315.8
93058.6
91089.6
88431
85058.8
80899.1
75974.5
70457.8
64641
58871.2
53424.2
48472.6
44090
40274.4
36975.5
34113.5
31594.2
29315
27176.4
25094.1
23010.4
20882.7
18589.7
15761.4
11366.3
6125.61
2010.79
377.933
61.4423
9.87328
1.71649
0.433054
0.236997
0.210145
0.207609
0.215054
0.225783
0.237951
0.252476
0.265253
0.280337
0.313286
0.354728
0.384656
0.401808
0.407731
0.398339
0.342808
0.284089
0.2506
0.234896
0.230107
0.229254
0.230982
0.233261
69399.5
71361.4
49223.1
36120.2
34803.3
36906.7
37409.8
42123.5
54424.5
66166.8
73811.9
79320.7
84017.7
88035.7
91253.6
93652.2
95236
95967.8
95887.6
95259.3
93847.8
92041.5
90074.3
88118.2
86312.5
84758
83522.6
82648.4
82157.2
82021.2
82084.2
82349.7
82942.7
83821.3
84906.9
86124.6
87399.8
88660.3
89834
90849.6
91635.3
92143.3
92200.6
91696.2
90462.5
88507
85759.6
82317.2
78230.1
73555.3
68496
63354.4
58384.1
53757.2
49566
45832.5
42534.7
39618.1
37009.6
34623.6
32372
30170.6
27944.3
25619.9
23065.5
20049.9
15835.1
9806.53
4134.23
1001.68
187.052
32.8708
5.80969
1.14501
0.351842
0.223677
0.206087
0.204728
0.210787
0.22376
0.237138
0.248194
0.258215
0.276141
0.321728
0.369767
0.398827
0.409782
0.411759
0.390581
0.321306
0.267165
0.240469
0.231103
0.22926
0.230124
0.231939
69586.5
79673.5
65456
46490.7
39772.5
39085.5
37740.3
40560.1
49921.8
60974.4
68745.2
74370.1
78955.5
82742.2
85720.5
87924.6
89377.7
90053.1
89957.5
89376.2
88075.6
86335.2
84389.7
82409.2
80536.1
78877.4
77509.3
76484.9
75842.2
75602.4
75619.1
75803.7
76297.6
77140
78259.4
79583.3
81040.1
82560.2
84069.4
85491.9
86750.2
87767.5
88450.2
88690.2
88340.8
87200.5
85284.4
82612.2
79267.9
75465.4
71303
66932
62586.1
58434.1
54588.9
51083.8
47921.3
45072.5
42485.5
40092.3
37816
35572.5
33273.9
30818.4
28047.4
24743.9
20483.7
14436.5
7443.71
2453.64
556.175
110.63
21.3094
4.16088
0.923414
0.324291
0.21905
0.204783
0.202932
0.207125
0.21987
0.230475
0.238211
0.24849
0.271403
0.331454
0.382025
0.407049
0.412386
0.411723
0.377898
0.306568
0.259927
0.238604
0.232061
0.23228
0.23254
69052.2
85716.5
80686.4
63132.1
49227.7
42937.3
38740.4
39675.5
45453.6
55069.1
62630.6
68265.1
72718.1
76236.9
78909.8
80852.7
82120.5
82730.5
82631.2
82123.7
80994.8
79394.7
77548.5
75619.2
73746.9
72039.5
70577.4
69420.9
68619.7
68226.5
68178.9
68293.1
68641.9
69370
70435.8
71772.1
73314.7
74998.1
76750.2
78495.3
80154.8
81641.2
82868.3
83743.7
84208.7
84055.1
83129.7
81408.1
79039
76094.3
72757.1
69274.8
65765
62329.6
59032.7
55938.6
53077
50449.4
48022.4
45747.9
43561.6
41380.4
39106.3
36615.6
33724.5
30180.7
25640.1
19574
12055.1
5390.88
1649.96
398.839
88.2362
19.0337
4.15568
1.01121
0.357509
0.227341
0.204668
0.20313
0.204186
0.212486
0.220504
0.226965
0.238157
0.26558
0.330834
0.384789
0.407465
0.409138
0.406336
0.376811
0.314921
0.268173
0.247589
0.238551
0.238542
68131.2
88312
92102.5
82877.2
66554.1
52250
42112.6
40147.8
42336.4
48683.4
55466.2
60815.5
65010.4
68170.1
70455.9
72088.7
73143.5
73724.5
73682.3
73311
72439.1
71079.3
69442.2
67676.8
65915.3
64262.5
62798.5
61584.8
60674.6
60131.8
59988.9
60055
60294.2
60869.4
61819.8
63088.1
64619.9
66357.4
68235.7
70183.3
72122.5
73965.8
75626
77013.9
78041.9
78723.7
78767.1
78143.4
76747.5
74836.4
72491.7
69850.9
67109.8
64444
61912.9
59497.6
57174.4
54969.2
52888.4
50901.7
48966.5
46996.8
44884.2
42489.1
39611.1
35985
31294.7
25237.6
17787.2
10084.9
4313.38
1374.8
366.34
90.3694
21.7216
5.24681
1.36039
0.456707
0.252148
0.20963
0.203706
0.203719
0.206505
0.21211
0.218058
0.230419
0.26592
0.325575
0.37548
0.396754
0.398768
0.396439
0.380703
0.334992
0.294202
0.265823
0.253327
67136.1
87104.6
98757.5
97634.8
88624.2
72163.5
52917.6
44020.3
42967.4
44488.1
48358
52646.3
56178.9
58764.2
60582.2
61932.1
62831.3
63475.2
63665
63481
62941.4
61909.2
60580.3
59085.6
57542.8
56047.9
54678.2
53494.9
52550.3
51901.9
51628.4
51643.2
51801.6
52218.6
53004.3
54127
55545.9
57216.4
59084.5
61086.9
63151.8
65199.5
67145.1
68901.2
70381.4
71520.5
72257.9
72587.5
72370.4
71473.5
70069.8
68360.8
66530.4
64692.2
62888.9
61144.5
59470.3
57865.1
56345.9
54875.2
53376.6
51795.3
50027.2
47939.3
45338.1
41976.8
37577.1
31880.7
24803.6
16789.7
9307.29
4065.44
1408.1
417.549
114.38
30.3545
8.0266
2.20144
0.699398
0.318987
0.225809
0.2058
0.203481
0.203896
0.205698
0.212452
0.228841
0.269444
0.323914
0.368009
0.387578
0.389121
0.389069
0.383502
0.360984
0.325902
0.294873
66039.1
83192.7
98550
105143
103437
94903.2
76897.7
59354.3
50077.2
47088.9
47113.2
47706.2
49087.1
50754.9
52111.7
53096.8
53697.6
54158.9
54300
54190.3
53807.4
52999.7
51923
50680.4
49359.6
48039.5
46788.8
45663.9
44712.1
43981.6
43529.4
43406.8
43491.5
43750.2
44314.5
45208.1
46404.2
47877.4
49587.9
51483.9
53505.9
55585.1
57644
59603.1
61382.8
62914
64137.8
65011.7
65581.5
65770.6
65466
64576.3
63617.1
62698
61828
60919.8
59881.9
58809.5
57814.7
56916
56039.7
55090
53943.3
52415.9
50349.9
47559.3
43827.9
38936
32747.1
25342.8
17291.6
9924.05
4681.67
1828.48
616.657
189.934
55.8708
16.1707
4.72518
1.46637
0.546898
0.291702
0.22382
0.207855
0.206649
0.206457
0.210744
0.229726
0.27388
0.325727
0.367348
0.390278
0.39467
0.393951
0.393285
0.387547
0.366755
64495.5
77743.6
92976.7
103560
107595
105321
96749.7
82777.9
70209.6
60999.6
55359.4
52293.9
50730.5
49943.5
49643.9
49563.7
49503.1
49261.9
48778.9
48085.8
47188
46149
44997.8
43763.7
42488.6
41218.6
39997.7
38866.9
37862.3
37019.4
36375
35970.6
35862.9
35952.3
36239.1
36807
37658.7
38794.4
40192.3
41810.7
43606.7
45528.6
47509.9
49480.5
51371.5
53120.5
54670.2
55979.5
57025.3
57764.2
58177.4
58306.8
58318.9
58352.7
58489.3
58430.1
58020.8
57483.3
57132.6
56886
56613.5
56273.7
55786.6
55025.4
53769.1
51827.6
49043.9
45263.7
40368
34325
27250.5
19562.4
12224.9
6510.43
2971.38
1181.44
423.008
141.562
45.6592
14.5363
4.67892
1.59092
0.630064
0.333508
0.243821
0.220431
0.217424
0.218204
0.227902
0.264564
0.320109
0.369264
0.40599
0.42454
0.427093
0.427566
0.428147
62224
71564.6
83386.4
94544.5
102238
103297
100571
93875.1
85152.8
76760.7
69712.5
64070.4
59805.5
56530.2
53928.6
51752.5
49807.1
48089.8
46482.9
44936.5
43430.2
41940
40463.6
39006.6
37582.1
36207.5
34901
33682.1
32569.6
31579.4
30732.1
30052.8
29566.4
29327.9
29344.9
29509.8
29933.2
30615.7
31547.4
32710.5
34084.8
35650
37347
39116
40900.9
42649.3
44312.8
45850.3
47225.7
48410.5
49395.5
50200.2
50869.5
51452.4
51996.9
52488.1
52907.5
53306.9
53728.6
54168
54601.7
55010.8
55376
55448.2
55006.7
53825.9
52059.7
49568.7
46193.1
41834.6
36502.3
30298.4
23451.1
16464.6
10236.7
5605.35
2726.61
1195.09
480.331
181.302
65.7713
23.3965
8.3205
3.03745
1.19744
0.557453
0.335222
0.265227
0.252013
0.252849
0.270201
0.317311
0.373714
0.422093
0.454527
0.464925
0.467904
58783.9
64776.3
72688.8
80954.1
88040.5
92330.7
92384.4
90429.9
85775.7
80134.6
74559.3
69353
64597.7
60327.5
56551.7
53222.5
50283.3
47669.4
45270.7
43053.5
40992.8
39068.8
37267.3
35577.4
33992.1
32507
31120.2
29831.7
28643.2
27556.3
26576.3
25714.2
24982.5
24393
23962.6
23761.4
23784
23935.4
24319.7
24938.3
25774.8
26812.3
28019.7
29361.5
30801.1
32301.1
33825
35337.5
36802.6
38189.9
39484.1
40685.1
41806.9
42868
43892.5
44896.3
45888.5
46878.4
47873.1
48874.1
49872.7
50837.7
51709.6
52396.6
52802.6
52847.7
52347.2
50994.6
48953.2
46231.8
42778.7
38558.8
33611.8
28059.5
22103.5
16120.9
10728.6
6488.06
3582.41
1821.25
861.63
383.863
163.1
67.0294
27.0411
10.8716
4.44235
1.9038
0.912207
0.546606
0.438443
0.420747
0.443812
0.480128
0.539811
0.57617
0.611255
53741.9
57273.5
61871.4
66907.6
71584.6
75090.3
76466
76211.3
74939
72145.5
68554.8
64741.7
60931.3
57244.7
53754.8
50495.4
47477.4
44695.5
42133.3
39773.8
37600.7
35598.2
33750.5
32043.3
30464.3
29002.5
27648.8
26395.3
25235.9
24165.8
23181.8
22283.5
21471.1
20747.3
20122.8
19608.3
19209.2
18968.7
18946.6
19025.5
19261.9
19698.5
20320.3
21109.9
22052.2
23121.3
24287.9
25523.4
26801.8
28101.2
29405.1
30702.5
31990.2
33271.9
34555.2
35848.1
37156.4
38481.1
39824.4
41189.8
42573.1
43948.4
45266.9
46467.2
47477.7
48216.3
48599.9
48643.2
48163.5
46857.7
44947.3
42452.7
39425.7
35887.3
31858.8
27409.9
22661.4
17806.8
13165.7
9111.54
5898.24
3582.41
2051.85
1114.78
578.188
288.194
139.062
65.4861
30.3911
14.064
6.69305
3.26823
2.10439
1.91573
1.90114
1.93401
2.15995
46867.5
48776.3
51110
53653.8
56085.8
58047.8
59171.3
59191.6
58768
57581.6
55658.4
53374.9
50884.6
48306.7
45729.4
43214.1
40800.4
38512
36360.1
34348.2
32474.5
30734
29119.1
27621.7
26233.3
24945.8
23751.3
22642.8
21613.8
20658.9
19773.5
18953.9
18197.1
17501.7
16868.3
16298.6
15796.5
15369.3
15020.8
14761.1
14648.8
14669.1
14769.4
14983.6
15353.3
15860.3
16497.7
17252.4
18110.2
19056.7
20078.8
21165.4
22308.3
23502.2
24743.9
26031.9
27366
28747.8
30180.6
31665.7
33197.6
34757.3
36311.1
37818.2
39231.1
40496.1
41552.1
42318
42700.3
42746.2
42545.7
41670.2
40206.4
38325.5
36026.7
33379.1
30454.6
27268.2
23861.7
20300.5
16696
13210.6
10024.6
7288.96
5089.39
3426.53
2233.98
1419.89
885.998
550.022
342.868
218.477
145.542
101.79
79.482
62.7334
60.6247
38264.3
39191.8
40225.7
41289.7
42272.9
43061.6
43473.5
43460.8
43204.5
42549.2
41493.5
40186.8
38699.2
37096.2
35433.8
33757.2
32100.6
30488.8
28938.4
27459.8
26058.6
24737
23494.4
22328.9
21237.3
20215.9
19260.9
18368.2
17534.2
16755
16027.4
15348.8
14716.9
14130
13587.1
13086.8
12629.4
12215
11848.7
11526.7
11259.3
11030
10899.7
10845.5
10903.1
10960.5
11128.6
11380.3
11731.8
12179.8
12724.7
13364.8
14096.9
14917.2
15821.6
16807.4
17873
19018.9
20246.2
21553.7
22936.1
24382.5
25877.5
27399
28917.3
30393
31781.6
33035.4
34106.1
34937.4
35453.7
35610.2
35620.6
35438.1
34687.5
33525.1
32089.7
30387.4
28446.5
26340.5
24141.2
21852.9
19497.3
17107.8
14723
12395.9
10212.3
8236.26
6504.49
5038.24
3845.95
2902.01
2190.47
1654.49
1279.63
989.984
798.836
28607.1
28989.7
29372.6
29720.7
30011.1
30177.9
30175.6
30097.7
29850.1
29373.6
28743.9
27982.9
27117.1
26174.4
25181.2
24160.8
23132.5
22112.2
21111.7
20140
19203
18305
17448.1
16632.8
15859.4
15127.4
14435.9
13783.6
13169.3
12591.4
12048.6
11539.4
11062.7
10617.4
10202.5
9817.39
9461.69
9135.29
8837.4
8566.8
8330.22
8119.58
7947.73
7781.71
7687.43
7631.9
7680.51
7681.58
7761.2
7854.56
8008.95
8228.27
8516.75
8878.7
9317.87
9837.69
10441.1
11131.3
11912.8
12787
13752.4
14805.3
15940.4
17148.2
18414.3
19719
21037.9
22342.2
23597.1
24767
25808.7
26695.1
27389.5
27839.4
28006
28021.8
28026.1
27795
27133.9
26252.2
25203.4
24003.4
22671.7
21238.5
19746.4
18249.5
16771.7
15304.8
13844.8
12394.6
10955.7
9552.38
8211.42
6959
5823.22
4801.67
3932.12
19225.7
19335.7
19433.2
19484.3
19486.3
19471.2
19396.9
19246.1
19007
18694
18313.6
17873.6
17383.5
16853.8
16295.2
15717.5
15129.5
14539.1
13952.6
13374.8
12810
12261
11730.3
11219.5
10729.6
10261.3
9814.69
9389.93
8986.77
8604.93
8243.97
7903.52
7583.08
7282.39
7000.8
6738.46
6494.41
6269.3
6061.63
5873.56
5701.89
5548.71
5414.62
5305.92
5184.3
5109.53
5043.45
5068.34
5061.73
5110.75
5126.79
5167.74
5232.13
5328.77
5461.69
5637.08
5863
6145.3
6485.02
6883.66
7346.3
7881.56
8494.29
9186.47
9957.11
10801.4
11711
12673.5
13671.8
14683.5
15681.6
16648.9
17559.2
18395.8
19126.7
19739.9
20190.5
20465.1
20559.1
20576.9
20586.7
20457.2
20222.1
19724.2
19107.3
18372.3
17526.6
16586.2
15558
14461.5
13298.7
12095.2
10840.2
9583.69
8301.85
7076.32
5869.07
11617.3
11610.4
11606
11571.3
11526.2
11450
11337
11197.5
11029.3
10833.1
10611
10365.8
10100.8
9819.68
9526.09
9223.58
8915.45
8604.9
8294.39
7985.7
7680.9
7381.74
7089.64
6805.72
6530.85
6265.68
6010.67
5766.14
5532.29
5309.19
5096.94
4895.43
4704.72
4524.63
4355.21
4196.22
4047.93
3909.48
3782.23
3663.94
3557.39
3457.32
3373.93
3293.51
3231.66
3160.15
3108.46
3045.32
3053
3051.31
3071.52
3074.19
3100.3
3118.27
3152.49
3203.34
3269.59
3352.3
3455.33
3585.67
3749.77
3949.41
4187.24
4465.83
4787.6
5153.75
5563.81
6016.45
6510.19
7049.1
7632.09
8249.98
8887.74
9536.34
10178
10804.6
11410.3
11979.8
12473.8
12857.8
12991.3
13044.6
13123.9
13093.8
13091.7
13092.4
13010.8
12718
12290.7
11757.3
11074.9
10259.2
9285.76
8232.72
7058.58
5934.31
4752.51
6459.28
6437.36
6394.85
6340.23
6277.79
6206.59
6125.95
6035.47
5935.09
5825.09
5705.99
5578.57
5443.74
5302.54
5156.1
5005.5
4851.99
4696.53
4540.34
4384.93
4231.05
4079.56
3930.79
3785.21
3643.27
3505.38
3371.8
3242.79
3118.46
2999.04
2884.47
2774.99
2670.43
2571.12
2476.68
2387.63
2303.35
2224.48
2150.4
2081.69
2017.45
1958.82
1904.25
1853.56
1808.34
1767.87
1739.19
1699.16
1668.02
1620.98
1605.28
1598.11
1586.96
1604.92
1600.64
1623.49
1632.08
1649.12
1675.49
1711.25
1756.33
1813.76
1882.58
1965.94
2063.92
2179.38
2312.02
2465.01
2634.52
2827.78
3039.24
3272.42
3511.66
3771.31
4037.05
4317.72
4577.8
4830.91
5086.44
5229.53
5296.74
5286.96
5304.8
5328.75
5301.35
5288.79
5293.78
5270.92
5159.1
4852.38
4404.71
3881.96
3303.33
2723.99
2154.92
1665.28
1216.32
3318.64
3296.89
3264.41
3228.45
3188.96
3145.82
3098.97
3048.42
2994.26
2936.64
2875.77
2811.9
2745.32
2676.36
2605.36
2532.69
2458.75
2383.9
2308.56
2233.05
2157.81
2083.01
2009.19
1936.61
1865.48
1795.95
1728.15
1662.17
1598.12
1536.06
1476.05
1418.17
1362.42
1308.95
1257.59
1208.68
1161.91
1117.5
1075.38
1035.31
997.85
961.692
928.612
897.102
868.714
842.04
817.681
795.623
775.462
755.838
743.275
728.497
709.592
699.186
677.988
681.971
681.537
682.624
679.336
679.732
679.927
689.76
695.378
708.845
724.525
745.898
769.78
800.067
830.06
867.59
910.042
961.266
1004.27
1054.42
1114.97
1194.45
1234.01
1245.09
1250.96
1265.65
1254
1253.77
1257.57
1257.6
1241.66
1245.06
1239.84
1223.38
1171.96
1063.48
928.977
783.426
636.641
501.296
380.086
282.368
199.919
1530.23
1509.86
1487.42
1463.95
1439.49
1413.98
1387.42
1359.81
1331.18
1301.57
1271.02
1239.6
1207.38
1174.46
1140.94
1106.94
1072.6
1038.05
1003.45
968.936
934.632
900.644
867.07
833.981
801.46
769.555
738.348
707.877
678.216
649.399
621.476
594.496
568.448
543.439
519.367
496.385
474.376
453.385
433.477
414.404
396.512
379.331
363.256
347.982
333.533
319.983
307.403
295.213
284.534
273.73
264.561
255.081
247.442
239.055
232.876
225.999
221.48
215.342
209.609
204.264
197.175
185.884
181.092
177.184
178.963
177.363
178.209
178.155
177.781
176.205
177.128
175.332
175.06
174.844
174.172
173.218
171.399
171.749
170.061
170.417
169.467
168.018
166.177
163.906
161.352
158.651
155.46
150.401
139.673
122.037
103.312
85.0207
68.0133
53.1557
40.4155
30.2975
21.9544
464.085
457.812
450.357
442.485
434.224
425.603
416.647
407.373
397.788
387.895
377.718
367.28
356.61
345.734
334.693
323.524
312.285
301.032
289.832
278.734
267.785
257.005
246.417
236.021
225.835
215.86
206.123
196.629
187.41
178.47
169.835
161.504
153.49
145.793
138.417
131.361
124.622
118.2
112.084
106.268
100.748
95.5044
90.5352
85.8233
81.3617
77.1478
73.1588
69.4026
65.8634
62.5327
59.4075
56.4755
53.7241
51.1502
48.7394
46.4752
44.3299
42.291
40.3643
38.5557
36.8622
35.3035
33.8652
32.546
31.3389
30.2441
29.2314
28.2827
27.3712
26.4854
25.6089
24.7412
23.8783
23.0242
22.1899
21.388
20.6218
19.8921
19.186
18.4973
17.8105
17.117
16.4077
15.6732
14.9009
14.0718
13.1529
12.0417
10.6541
9.27381
7.94726
6.73241
5.63682
4.69609
3.89057
3.23909
2.69795
57.7566
56.9975
56.2611
55.5106
54.7186
53.8644
52.9321
51.9112
50.7912
49.5102
48.1357
46.7356
45.3151
43.858
42.3785
40.8624
39.339
37.8016
36.2894
34.7932
33.3444
31.9222
30.5482
29.1939
27.883
26.5879
25.338
24.1084
22.9316
21.782
20.6913
19.6299
18.6289
17.6553
16.741
15.8514
15.0194
14.209
13.4586
12.7261
12.053
11.3948
10.793
10.2023
9.66393
9.13267
8.64886
8.16958
7.73358
7.30226
6.91313
6.5278
6.18224
5.83931
5.53316
5.22936
4.95908
4.69126
4.45357
4.21877
4.0108
3.80683
3.62641
3.4513
3.29502
3.14508
3.00955
2.87985
2.76228
2.64916
2.54284
2.44223
2.34455
2.25518
2.17068
2.09559
2.02378
1.95145
1.86493
1.81637
1.77637
1.73941
1.69816
1.65835
1.6103
1.56992
1.52997
1.50002
1.47202
1.45212
1.43156
1.43278
1.42371
1.45057
1.45041
1.49166
1.48585
2.73139
2.73622
2.74439
2.74836
2.76016
2.76501
2.77845
2.78853
2.79725
2.8001
2.7986
2.7971
2.79369
2.78928
2.78271
2.77486
2.76536
2.75447
2.74309
2.73069
2.71918
2.70689
2.69513
2.68341
2.6713
2.66007
2.64767
2.63666
2.62534
2.61654
2.60815
2.60328
2.59913
2.59894
2.59824
2.5929
2.5866
2.57484
2.56005
2.53465
2.52469
2.49475
2.51166
2.48648
2.51683
2.49453
2.53552
2.51442
2.51004
2.46823
2.48676
2.42662
2.44129
2.38848
2.37948
2.32759
2.34517
2.28806
2.28132
2.22803
2.24729
2.17905
2.1968
2.13655
2.14089
2.08542
2.10789
2.05213
2.07316
2.03839
2.03078
2.02167
1.99389
2.01053
1.97827
2.00972
1.96893
1.97
1.90926
1.90275
1.92841
1.97169
2.11579
2.3966
2.36017
2.4113
2.36144
2.32717
2.36639
2.5433
2.6647
3.0018
3.1945
3.60444
3.76481
4.17692
4.26549
1.48198
1.63097
1.89103
2.0597
2.33728
2.52077
2.80155
3.02447
3.2817
3.56513
3.78008
4.15387
4.33276
4.72717
4.94615
5.28862
5.5728
5.81999
6.18784
6.36963
6.84782
7.07203
7.4548
7.801
8.02778
8.4852
8.60572
9.0631
9.2033
9.72731
9.91323
10.5357
10.7811
11.5284
12.0931
12.2179
12.8791
12.9046
12.8965
12.787
12.6536
12.6003
13.0757
13.2856
14.0468
14.3027
15.2666
14.9515
14.9512
15.3818
15.2533
15.4282
15.2999
15.4985
15.3435
15.3861
15.8429
15.5708
15.6765
15.5751
15.8531
15.6853
15.9442
15.6186
15.778
15.6568
15.5118
15.6391
15.4458
15.3533
15.9854
15.8034
15.9968
15.9084
16.0096
15.893
16.1828
16.0509
16.2821
16.0884
16.0193
16.4144
16.7582
17.8864
18.774
18.4125
18.373
18.2182
18.3014
18.6449
19.5423
19.9711
20.9879
22.5453
21.9678
22.0206
20.7361
49.5937
51.6049
53.3383
55.4923
57.2186
59.3578
61.0918
63.3035
65.0183
67.3185
69.2865
71.6343
73.7749
75.8093
78.2514
79.8725
82.2881
83.5926
85.9536
87.4878
90.2966
91.9587
94.7963
96.2175
98.5814
100.13
101.573
104.29
105.866
107.756
112.559
114.404
118.924
120.25
124.523
124.222
125.244
124.779
126.373
126.094
127.643
127.342
128.847
128.505
129.925
129.602
131.159
130.86
132.311
131.967
132.804
132.078
133.578
132.333
132.951
132.058
132.919
131.698
132.758
131.26
131.73
130.499
131.82
130.438
130.315
128.582
128.052
131.089
128.272
129.073
130.668
130
130.037
129.49
129.766
128.723
129.85
128.761
129.246
128.704
129.772
129.138
130.792
130.295
132.305
131.951
134.053
132.542
133.042
130.026
126.328
123.79
120.422
117.216
111.874
106.799
99.126
444.886
453.413
462.126
470.779
479.641
488.369
497.339
506.133
515.269
524.217
533.602
542.68
552.279
561.403
571.239
580.484
590.703
600.069
610.687
620.057
630.95
639.959
651.027
659.4
670.787
678.59
691.018
698.558
712.866
721.107
738.39
746.676
765.141
769.542
770.669
773.3
775.747
780.536
795.09
801.274
817.414
814.643
813.439
816.05
818.846
822.574
836.854
836.841
843.704
843.147
848.868
847.815
853.65
852.156
858.331
856.484
862.077
860.746
867.56
866.314
873.246
872.355
875.719
873.818
876.005
872.567
876.987
869.778
876
868.206
868.287
863.591
863.679
861.592
843.512
836.728
828.93
821.095
813.919
807.96
802.766
798.213
793.537
789.186
784.398
781.336
773.847
766.961
755.395
739.617
716.513
688.146
651.048
610.08
560.822
511.634
455.578
1554.55
1588.1
1622.24
1656.94
1692.21
1728.02
1764.37
1801.22
1838.56
1876.34
1914.55
1953.12
1992.05
2031.27
2070.82
2110.63
2150.77
2191.16
2231.92
2272.93
2314.29
2355.81
2397.61
2439.53
2481.68
2523.86
2565.96
2607.62
2648.71
2689.07
2728.75
2767.59
2805.79
2843.9
2882.4
2921.45
2960.28
2998.28
3035.77
3073.19
3110.01
3147.12
3181.68
3217.8
3248.32
3277.63
3309.75
3343.88
3381.65
3429.78
3493.32
3524.29
3537.24
3549.52
3563.08
3579.1
3606.91
3654.11
3690.06
3741.91
3805.32
3821.94
3818.45
3823.83
3846.4
3890.19
3883.8
3887.6
3884.07
3887.15
3885.26
3887
3882.68
3885.08
3865.28
3878.93
3855.6
3850.9
3837.79
3833.83
3825.97
3814.91
3798.05
3776.83
3748.68
3708.26
3649.57
3568.03
3458.24
3318.95
3147.16
2947.68
2719.06
2471.93
2205.93
1941.02
1672.63
4089.9
4180.57
4271.74
4363.35
4455.33
4547.63
4640.15
4732.84
4825.6
4918.37
5011.05
5103.59
5195.9
5287.92
5379.57
5470.81
5561.58
5651.82
5741.47
5830.46
5918.7
6006.11
6092.54
6177.89
6262.04
6344.91
6426.48
6506.79
6585.9
6663.92
6740.87
6816.71
6891.32
6964.49
7035.95
7105.57
7173.36
7239.86
7305.07
7368.8
7431.19
7492.28
7551.32
7608.35
7663.29
7717.04
7769.8
7822.33
7874.76
7927.35
7979.88
8032.77
8085.27
8138.16
8189.87
8241.35
8292.28
8343.6
8394.83
8447.33
8496.81
8546.67
8595.13
8647.14
8692.98
8742.68
8795.72
8829.76
8885
8885.55
8887.61
8886.76
8890.99
8903.65
8891.65
8902.18
8878.39
8883.68
8846.03
8847.9
8801.6
8747.51
8660.15
8531.43
8356.29
8133.23
7860.78
7538.08
7163.94
6739.49
6265.81
5750.41
5198.71
4628.82
4047.6
3480.33
2925.53
8667.86
8795.32
8920.88
9044.49
9166.08
9285.6
9402.96
9518.11
9630.98
9741.55
9849.79
9955.69
10059.2
10160.5
10259.3
10355.8
10449.9
10541.6
10631
10717.9
10802.5
10884.5
10963.7
11040
11113.1
11183.2
11250.3
11314.8
11376.7
11436.3
11493.7
11548.8
11601.3
11651.2
11698.4
11742.8
11784.4
11823.8
11860.9
11896.3
11929.7
11961.5
11991.6
12020.4
12047.8
12074
12098.9
12122.7
12145.3
12166.6
12186.7
12207.1
12224.3
12245.3
12249.8
12249.5
12254.9
12251.1
12250.6
12252.3
12250.3
12254.5
12249.6
12248.1
12242.3
12242
12231.1
12231.3
12214.8
12194.3
12162.3
12118.7
12063.8
11997.5
11919.7
11829.5
11724
11599.7
11451.3
11277.7
11076.2
10844
10577.4
10272.9
9928.8
9544.81
9120.04
8653.75
8144.89
7594.17
7003.52
6376.8
5719.15
5054.33
4400.09
3763.25
3131.59
13750.8
13850.4
13946.3
14038.6
14127.4
14212.6
14294.4
14372.6
14447.2
14518.5
14586.5
14651.5
14713.4
14772.4
14828.7
14882.2
14932.9
14981.1
15026.8
15070.1
15111
15148.8
15183
15213.3
15240
15263.5
15284.2
15302.4
15318.4
15332.2
15343.9
15353.7
15361.4
15367.4
15370.9
15371.8
15372
15370.6
15368.1
15363.5
15356.7
15347.6
15336.3
15322.8
15307.2
15289.4
15269.6
15247.7
15223.9
15197.9
15170
15140
15107.8
15073.3
15035.8
14995.2
14951.9
14905.7
14856.6
14804.8
14749.8
14691.7
14629.9
14564.3
14494
14419
14338.3
14251.2
14156.6
14053.4
13940.5
13817.3
13682.4
13533.3
13366.7
13180.5
12973.9
12746
12495.4
12220.2
11918.3
11587.6
11224.9
10827.7
10397.4
9941.85
9461.61
8947.08
8395.39
7805.61
7181.63
6534.14
5852.31
5117.93
4350.34
3629.46
2972.95
17903.1
17950.7
17994.7
18035.4
18072.9
18107
18138
18165.8
18190.3
18211.7
18230.3
18246.5
18260.3
18271.9
18281.4
18288.6
18293.8
18297.1
18298.7
18299.6
18300.7
18301.7
18294.1
18275.3
18256.3
18236.6
18215.6
18193
18168.4
18141.8
18113.1
18082.2
18049.3
18014.2
17977
17937.7
17896.6
17853.5
17808.6
17761.8
17712.9
17662
17608.9
17553.6
17496.1
17436.3
17374.2
17309.8
17243.1
17173.9
17102.3
17028.2
16951.4
16871.8
16789.2
16703.4
16614.4
16521.9
16425.9
16326.1
16222
16113.4
15999.7
15880.6
15755.3
15623.4
15484.1
15336.5
15179.6
15012.1
14832.7
14639.8
14432
14208.2
13966.8
13706.2
13426.3
13128.6
12814.9
12485
12131.8
11753
11345.8
10908.7
10443.7
9959.13
9454.32
8915.16
8339.58
7719.12
7051.18
6342.91
5608.81
4884.58
4186.84
3538.81
2940.55
20951.4
20951.5
20958.5
20958.5
20952.6
20939.6
20928.5
20916.7
20903
20887.3
20869.5
20849.9
20828.4
20805.1
20780
20752.9
20723.9
20693.1
20660.4
20625.8
20589.2
20550
20507.4
20461.4
20412.9
20362.2
20309.3
20254.3
20197.1
20137.8
20076.1
20012.3
19946.2
19877.8
19807.3
19734.5
19659.7
19582.7
19503.7
19422.6
19339.3
19253.9
19166.2
19076.2
18983.8
18888.9
18791.5
18691.5
18588.8
18483.2
18374.8
18263.3
18148.7
18030.8
17909.4
17784.3
17655.5
17522.5
17385.3
17243.3
17096.3
16943.9
16785.6
16620.9
16449.1
16269.8
16082
15885
15677.7
15459.2
15228.6
14984.9
14727.2
14453.9
14163.6
13855.5
13529.4
13190.7
12840.1
12471.5
12076.4
11656.3
11208.8
10734.7
10235.2
9712.54
9168.48
8602.77
8005.64
7383.79
6760.96
6118.62
5462.68
4813.32
4190.44
3610.2
3067.44
23170.5
23146.4
23120.6
23092.8
23063
23030.9
22997
22961.1
22923.2
22883.4
22841.6
22797.7
22751.8
22703.7
22653.6
22601.2
22546.6
22489.7
22430.5
22368.7
22304.4
22237.3
22167.3
22094.3
22018.7
21940.5
21859.8
21776.6
21691.1
21603.2
21512.9
21420.2
21325.2
21227.9
21128.3
21026.4
20922.4
20816.2
20707.7
20597.1
20484.3
20369.2
20251.8
20132
20009.7
19884.9
19757.4
19627.1
19494
19357.9
19218.7
19076.3
18930.5
18781.2
18628.3
18471.5
18310.6
18145.4
17975.7
17801.1
17621.3
17435.8
17244.2
17046.1
16840.8
16627.8
16406.3
16175.8
15935.2
15683.7
15420.8
15145.6
14857.4
14554.7
14235.9
13899.7
13544.5
13174.2
12788.8
12384.7
11960.9
11519.7
11056.3
10576.4
10080.7
9569.22
9041.03
8496.88
7924.09
7337.26
6765.71
6197.28
5635.26
5081.82
4572.79
4105.61
3628.67
24917.5
24877.5
24835.4
24791.4
24745.2
24696.7
24645.7
24592.3
24536.3
24477.7
24416.5
24352.5
24285.7
24216.1
24143.7
24068.3
23990.1
23908.8
23824.7
23737.5
23647.2
23553.9
23457.6
23358.2
23256.1
23151.2
23043.8
22933.8
22821.5
22706.7
22589.7
22470.4
22348.9
22225.3
22099.6
21971.9
21842.1
21710.4
21576.8
21441.1
21303.6
21163.9
21022.3
20878.4
20732.4
20584.1
20433.4
20280.2
20124.4
19965.8
19804.4
19640
19472.6
19301.8
19127.7
18949.9
18768.2
18582.4
18392.2
18197.1
17997
17791.2
17579.5
17361.1
17135.7
16902.5
16661
16410.2
16149.4
15877.8
15594.8
15299.7
14991.4
14669
14331.7
13978.9
13610.1
13225.8
12825.6
12409.3
11977.5
11533.4
11072.6
10602.7
10123.6
9635.3
9135.32
8626.5
8106.48
7586.7
7065.68
6564.47
6091
5652.98
5271.03
4893.08
4594.68
26407.5
26356.4
26302.1
26244.9
26184.4
26120.4
26052.8
25981.7
25906.9
25828.3
25746.1
25660.2
25570.6
25477.3
25380.4
25280
25176.1
25068.7
24958.1
24844.1
24727
24606.8
24483.7
24357.7
24229.1
24098.1
23964.8
23829.3
23691.7
23552.3
23410.9
23267.8
23123
22976.6
22828.7
22679.2
22528.4
22376.1
22222.5
22067.5
21911.2
21753.5
21594.5
21434
21272.1
21108.6
20943.4
20776.4
20607.5
20436.6
20263.5
20088
19910.1
19729.4
19545.7
19358.7
19168
18973.4
18774.2
18570.1
18360.6
18145.1
17923.2
17694.1
17457.3
17212.3
16958
16693.6
16418.3
16131.5
15833.1
15522.2
15197.3
14858.2
14505.3
14138.6
13758.5
13365
12957.3
12535.3
12100.2
11653.2
11196.7
10732.3
10260.9
9784.06
9303.13
8820.55
8340.11
7867.77
7406.38
6966.08
6556.08
6172.8
5839.25
5534.29
5293.43
27768.4
27704.2
27635.1
27561.4
27482.6
27398.9
27310.1
27216.3
27117.6
27014.2
26906
26793.3
26676.2
26555
26429.8
26300.8
26168.2
26032.2
25893.1
25751
25606.1
25458.7
25308.8
25156.9
25003
24847.3
24690.1
24531.5
24371.6
24210.5
24048.4
23885.3
23721.4
23556.7
23391.3
23225.3
23058.8
22891.9
22724.6
22557
22389.2
22221.1
22052.9
21884.4
21715.7
21546.6
21377
21206.8
21035.7
20863.5
20690
20514.8
20337.7
20158
19975.5
19789.5
19599.4
19404.6
19204.1
18997.5
18784.1
18563.4
18334.3
18096.1
17848.7
17591.3
17322.6
17041.5
16747.6
16441.1
16122.5
15790
15440.7
15076.9
14701.8
14315
13916.7
13506.6
13082.6
12645.9
12197.8
11742
11285.5
10821.8
10351.6
9877.53
9403.1
8930.08
8464.25
8008.88
7568.59
7151.79
6768.37
6408.23
6095.18
5800.22
5545.83
29062.9
28979.1
28888.2
28790.7
28686.5
28575.8
28458.6
28335.3
28206.2
28071.5
27931.7
27787
27637.9
27484.6
27327.7
27167.4
27004.1
26838.2
26669.8
26499.5
26327.3
26153.7
25978.7
25802.8
25626
25448.5
25270.6
25092.3
24913.8
24735.1
24556.4
24377.7
24199.2
24021.1
23843.5
23666.5
23490.3
23315
23140.8
22967.9
22796.3
22626.2
22457.5
22290.3
22124.5
21959.9
21796.2
21633.1
21470.2
21307
21143
20977.4
20809.6
20638.7
20463.8
20283.9
20098
19904.9
19703.4
19492.8
19272.5
19041.7
18798.9
18543.7
18276.6
17997.1
17702.5
17391.7
17066.5
16728.2
16377.9
16011
15624.5
15227.9
14829
14418.1
13996
13563.5
13120.8
12668.4
12207.3
11741.8
11276.2
10803.8
10326.7
9848.1
9372.22
8900.92
8439.78
7991.14
7559.14
7151.96
6778.14
6430.75
6125.96
5835.99
5580.46
30320.3
30208.1
30086.5
29956.9
29818.9
29673.3
29520.4
29360.8
29195.1
29023.8
28847.6
28666.9
28482.5
28294.8
28104.3
27911.6
27717.2
27521.4
27324.7
27127.4
26929.8
26732.1
26534.6
26337.5
26141
25945.1
25750
25555.7
25362.4
25170
24978.7
24788.7
24600.1
24413.2
24228.3
24045.6
23865.3
23687.8
23513.3
23342.1
23174.3
23010.1
22849.3
22691.9
22537.6
22386.2
22236.9
22089.2
21942.1
21794.6
21645.7
21494.2
21338.6
21177.4
21009.1
20832.5
20646.1
20447.8
20236.2
20010.8
19771.4
19516.8
19244.8
18956.3
18653.3
18335.2
17997
17638.9
17268.8
16890.3
16498.7
16092.4
15670
15242.4
14811.8
14367.4
13912.1
13448
12975.7
12496.2
12011.1
11521.6
11030.7
10539.2
10048.9
9562.87
9084.04
8616.05
8161.91
7725.08
7309.38
6919.47
6559.85
6229.22
5933.24
5656.46
5413.28
31561.2
31411.5
31250.5
31080.6
30901.2
30713.9
30519.1
30317.8
30111
29899.3
29683.6
29464.7
29243.4
29020.3
28796.1
28571.4
28346.7
28122.5
27899.2
27677.1
27456.4
27237.3
27020.1
26804.8
26591.4
26380.1
26170.9
25963.7
25758.5
25555.4
25354.7
25156.5
24961.3
24769.3
24581
24396.9
24217.3
24042.6
23873.3
23709.6
23551.6
23399.3
23252.4
23110.8
22974
22841
22710.7
22581.9
22452.9
22322
22187.2
22046.5
21897.8
21738.9
21567.7
21382.6
21182
20963.2
20724.4
20466.2
20189.3
19891.7
19570
19227.8
18873.2
18501.9
18110.3
17701.7
17284.1
16856.3
16414
15959.8
15493.9
15022.4
14544.5
14058.7
13565.3
13066.2
12561.7
12053.9
11544.5
11035.1
10528.1
10025.9
9530.48
9044.8
8571.25
8113.42
7672.48
7251.7
6854.07
6484.11
6144.98
5836.12
5561.51
5310.47
5101.34
32815.5
32620
32412.1
32195
31968.3
31734
31492.9
31246.4
30995.6
30741.3
30484.8
30226.8
29968.3
29710.1
29452.9
29197.3
28943.9
28693
28445
28200
27958.3
27720
27485
27253.5
27025.3
26800.4
26578.6
26360
26144.5
25932.2
25723.5
25518.7
25318.4
25123.3
24933.9
24750.9
24574.6
24405.8
24244.7
24091.5
23946.2
23808.4
23677.8
23553.8
23435.3
23320.8
23208.2
23095.3
22979.6
22858.2
22728.2
22586.8
22431.3
22259
22067.5
21855
21620.5
21361.2
21074.4
20761.7
20428.5
20071
19688
19285.2
18869.2
18433
17978.5
17511.5
17035.1
16550.8
16056.7
15555.5
15046.3
14532.6
14014.3
13491.6
12965.2
12437.3
11908.7
11382.3
10859.6
10342.4
9833.51
9334.59
8847.59
8374.77
7917.77
7479.38
7059.39
6661.82
6288.8
5946.03
5635.35
5359.27
5122.44
4918.32
4772.74
34133
33885.2
33624.4
33355
33076.6
32791.9
32501.8
32208
31911.6
31613.8
31315.8
31018.6
30723.2
30430.4
30141
29855.5
29574.4
29297.9
29026.2
28759.3
28497.4
28240.3
27988.2
27740.6
27497.6
27258.9
27024.3
26793.7
26567.1
26344.7
26127.3
25915.1
25709.4
25510.7
25319.9
25137.7
24964.5
24801.3
24647.9
24504.4
24370.4
24245
24127.7
24017.5
23912.4
23809.6
23706.3
23599
23483.8
23357
23214.8
23053.8
22871.2
22664.4
22431.1
22168.7
21878.6
21560.7
21211.4
20833.9
20432.7
20002
19545.9
19071.7
18582.5
18079.3
17563.9
17042.1
16513.7
15982.6
15445.1
14905.7
14360.9
13814.7
13266.9
12718.7
12172
11629.2
11091.8
10562.7
10042.8
9534.11
9038.85
8557.28
8091.33
7641.98
7210.42
6798.61
6406.22
6038.87
5697.47
5390.1
5117.46
4887.87
4706.6
4572.09
4510.3
35589.6
35284.4
34966.3
34641.2
34308.1
33970.7
33629.7
33287.1
32944.1
32602
32262.1
31925.4
31593
31265.6
30943.9
30628.5
30319.5
30016.9
29720.9
29431.2
29148
28870.7
28599.6
28334
28074
27818.8
27568.5
27322.8
27081.9
26846.1
26616.5
26393.6
26179.2
25973.5
25777.9
25592.9
25418.9
25257
25106.2
24966.6
24837.1
24716.3
24603.6
24497.4
24393.9
24289.4
24179.9
24060.6
23926.6
23773
23596.1
23392.6
23159.6
22895.6
22601.4
22274
21915.8
21525
21100.2
20645.6
20163.7
19655.5
19125.6
18582.1
18028.1
17468.2
16904
16339.8
15773.7
15210
14642.5
14078.1
13510
12945
12382.2
11823.8
11273.3
10732.7
10203.7
9688.46
9186.64
8700.86
8231.19
7777.1
7340.67
6921.27
6520.64
6140.1
5781.03
5450.04
5146.38
4881.77
4656.08
4485.45
4373.44
4323.37
4329.6
37291.4
36925
36546.2
36162.5
35772.4
35380.4
34986.9
34594.1
34203.1
33815.5
33432.4
33055
32684.2
32320.9
31965.4
31618.3
31279.1
30948.2
30625
30309.4
30001.2
29699.9
29405.6
29117.3
28835.3
28558.4
28286.9
28020.1
27758.8
27503.4
27255.6
27015.6
26786.1
26566.6
26359.1
26163.6
25980.4
25811
25652.7
25505.9
25368.6
25238.8
25116.3
24998
24878.3
24752.6
24615.6
24461.7
24284.9
24080.4
23844.5
23575
23273.3
22936.6
22565.5
22158.4
21718.9
21245.6
20741.2
20208.2
19649.8
19070.5
18476
17875.7
17273.2
16674.1
16078.4
15488.7
14901.4
14320.3
13737.4
13161.8
12583.9
12015
11452.2
10899.6
10361.5
9838.73
9332.91
8843.81
8371.13
7917.33
7479.76
7058.49
6655.51
6268.83
5901.82
5555.44
5234.03
4943.06
4680.81
4463.67
4290.91
4186.85
4149.29
4168
4243.57
39380.2
38949.7
38507
38062.2
37612.7
37163.7
36715.3
36270
35828.6
35392.9
34964
34543
34130.9
33728.3
33335.4
32952.4
32578.7
32214.4
31858.8
31511.4
31172.1
30840.1
30515.7
30197.3
29885.5
29578.7
29277.4
28980.8
28690.1
28406
28130.6
27863.7
27609.3
27365.4
27134.8
26916.7
26711.6
26520.7
26339.7
26169.3
26006.6
25848.9
25697.2
25545.8
25386.9
25215.9
25026.7
24812.8
24568.3
24289.1
23972.6
23619.8
23232.3
22807.1
22347.3
21854
21330.5
20776.7
20196.9
19592.4
18968.9
18332
17688.8
17050.2
16418.4
15799.1
15189.3
14590.1
13996.1
13410.6
12824.8
12250.2
11675
11115.5
10565.6
10032.1
9519.13
9025.01
8551.28
8094.77
7656.57
7238.03
6834.02
6446.82
6077.52
5723.45
5390.44
5079.12
4797.07
4546.04
4325.77
4157.61
4039.45
4003.11
4025.01
4120.48
4230.25
42045.1
41546.8
41036.8
40527.6
40015.2
39505.9
38998.9
38497.2
38001.3
37513
37033.6
36564.1
36105.3
35657.5
35220.9
34795.5
34380
33974.6
33578.3
33190.3
32810.9
32438.4
32073.9
31714.8
31362.4
31014.2
30671.5
30333.1
30000.8
29675.4
29359.4
29052.4
28759.2
28476
28206.8
27949.4
27704.8
27473.7
27249.7
27034.7
26824
26615.4
26410.7
26201.1
25976.8
25734.1
25466.5
25167.4
24831.5
24456.6
24042.3
23589.6
23102.4
22581.2
22030.5
21450.9
20846.9
20219.1
19572.6
18908.4
18234.1
17555.8
16881.6
16223
15579.3
14955.4
14344.7
13747.1
13156.4
12575.4
11995.5
11430.8
10867.3
10326.7
9798.29
9292.53
8811.3
8350.53
7911.35
7488.06
7084.46
6699.56
6326.76
5971.74
5633.45
5309.59
5008.66
4730.88
4486.34
4271.48
4091.03
3971.41
3907.1
3923.08
4004.01
4160.28
4259.48
45540.8
44970.3
44388.2
43809.9
43229.6
42654.6
42083.3
41519
40962
40414.3
39877.1
39351.2
38837.3
38335.6
37845.9
37367.9
36900.1
36442.6
35993.9
35553.3
35120.9
34695
34276.6
33862.7
33455
33050.4
32650.9
32254.8
31864.6
31481.4
31107.8
30743
30392.4
30050.3
29722
29403.8
29097.2
28802.1
28510
28224.5
27939.2
27652.7
27368
27071.9
26753.9
26412.2
26040.1
25631.5
25182.8
24694.4
24167.7
23604.4
23011.3
22390.2
21747
21083.1
20403.5
19708.6
19004.4
18291.6
17579.6
16873.7
16183
15517.5
14873.1
14253.3
13647.9
13056.9
12473.3
11900.5
11330.7
10780
10232.4
9715.11
9211.18
8735.58
8286.4
7857.47
7449.59
7055.55
6682.53
6325.97
5979.39
5652.11
5339.82
5041.93
4769.32
4521.47
4309.88
4125.49
3980.88
3904.42
3881.37
3948.23
4079.36
4264.15
4321.15
50223.5
49574.3
48913.4
48259.1
47603.4
46954.6
46310.3
45674.3
45046.6
44429.2
43823.2
43229.5
42648.5
42080.1
41523.9
40979.4
40444.6
39919.6
39402.7
38892.9
38390.5
37893.3
37402.8
36915.2
36432.9
35951.8
35475.1
35000.5
34531.2
34068.3
33614.5
33168.5
32736.4
32309.8
31896.2
31489.5
31092.5
30703.9
30313.2
29926.5
29535.1
29139.8
28744
28330.2
27888.2
27418.9
26915.9
26374.2
25792.3
25173.5
24521.1
23839
23133.7
22409.1
21672.7
20925.5
20172.5
19414.1
18656.7
17900.2
17156.8
16429.8
15728.8
15060.9
14417.8
13801.9
13199.7
12612.7
12033.5
11466.8
10905.2
10367.4
9834.12
9338.87
8856.4
8407.69
7985.18
7581.66
7197.62
6825.62
6475.75
6139.29
5811.55
5504.95
5211.19
4932.41
4681.19
4456.09
4269.18
4107.05
3992.64
3953.58
3960.57
4084.11
4237.17
4430.24
4426.27
56614.9
55877.7
55128.3
54387.7
53645.5
52911.1
52181.4
51460.3
50747.7
50045.7
49355.5
48677.5
48012.3
47359.1
46717.7
46087.1
45464.9
44851.3
44244.2
43642.6
43046.8
42454.3
41866.9
41280
40696.8
40112.6
39531.2
38949.9
38372.8
37800.7
37236.4
36677.8
36131.7
35587
35053.6
34523
33999.3
33479.7
32952.7
32426.7
31891.4
31350
30806.3
30238.3
29637.8
29008.7
28345.2
27643.7
26905.5
26136.4
25341.6
24526.3
23698.1
22861.9
22024.3
21186.2
20353.1
19525.1
18709.6
17905.8
17127.5
16375.5
15659.5
14982.4
14331.8
13709.7
13100.2
12507
11922.5
11353
10791.3
10258.6
9731.23
9249.94
8779.32
8347.9
7941.08
7551.85
7180.37
6819.86
6483.14
6156.85
5838.97
5544.23
5259.99
4991.91
4753.54
4542.45
4370.87
4222.82
4132.32
4123.33
4155.68
4331.12
4483.62
4672.7
4597.23
65524.5
64685.2
63833
62991
62146
61308.7
60475
59649.5
58831.6
58023.6
57226.5
56440.6
55666.4
54902.6
54149.1
53404.4
52665.9
51933.8
51205.6
50480.3
49758.2
49036.4
48317.1
47595
46874.2
46148.9
45424.2
44696.8
43971.5
43248.8
42531.3
41816.4
41111.4
40402.6
39702.3
38999.4
38300.2
37600
36886.8
36172
35443.5
34707.6
33968.1
33199.6
32396.5
31566.2
30703.4
29806.2
28878.9
27929.6
26965
25991.1
25016.6
24045.9
23085.2
22134.8
21200.9
20283.5
19390.6
18521.6
17689.5
16893.5
16143
15435.8
14756.6
14106.8
13469.3
12850.3
12242
11652.7
11074.6
10531.7
9994.18
9512.34
9037.64
8608.61
8202.09
7812.54
7439.43
7077.14
6740.73
6412.35
6092.85
5798.61
5512.6
5244.41
5007.99
4800.03
4633.03
4490.5
4417.4
4433.32
4488.15
4706.54
4842.55
5030.58
4865.04
78294.9
77332.1
76355.8
75389.1
74416.5
73449.9
72484.5
71525
70570.9
69624.5
68686.6
67757.4
66836.9
65924.1
65018.2
64117.8
63219.8
62324.6
61429.2
60532.7
59635.3
58733.7
57830.5
56919.8
56006.3
55084
54158.4
53226.1
52292.4
51357.5
50423.8
49488
48557.9
47617.4
46681.8
45737.1
44792
43840
42869.6
41895.2
40903.3
39903.8
38899.9
37864.3
36795
35702.3
34581.2
33432.4
32262.7
31082
29898.4
28718.6
27551.5
26400.6
25272.1
24165.3
23086.9
22036.7
21024.3
20048
19121.6
18241.8
17417.3
16641.4
15895.7
15182
14482.2
13805.1
13142.7
12505.7
11883.7
11305.4
10731.8
10226.7
9723.95
9275.96
8848.86
8439.91
8047
7666.3
7313.78
6967.63
6631.29
6322.74
6020.44
5737.95
5489.54
5271.34
5096.69
4950.52
4887.98
4927.9
5000.66
5256.57
5366.45
5576.25
5291.44
97345.3
96223.4
95087.9
93957.9
92817.5
91678.4
90535.8
89394.6
88254.1
87116.6
85983
84852.9
83726.4
82602
81479
80355.7
79228.9
78098.6
76962
75817.9
74666.3
73503.8
72333.1
71147.9
69953.7
68744.1
67525.3
66293.7
65055.2
63809.3
62558.7
61299.2
60039.3
58760.8
57482
56186.3
54885.2
53570.5
52232.1
50887.3
49522.1
48149.9
46773.3
45364.9
43926.7
42470.8
40993.2
39496.9
37991.3
36487.9
34995.9
33522
32075.5
30659
29278.2
27931.3
26626
25361.7
24150.2
22989
21892.9
20856.3
19887.5
18975.7
18100.1
17262.4
16444.1
15656.2
14890.1
14159
13448.1
12793.5
12142.3
11578.5
11011.4
10513.1
10035.7
9580.54
9142.38
8719.37
8327.62
7941.84
7567.02
7223.6
6884.78
6568.18
6289.1
6043.45
5846.71
5686.68
5628.27
5694.3
5784.79
6079.31
6160.71
6448.92
5996.49
127509
126161
124802
123437
122054
120662
119259
117848
116429
115005
113575
112139
110698
109249
107792
106325
104844
103350
101839
100310
98763.7
97195.3
95607.9
93995.4
92363.7
90706.6
89030.6
87332.8
85618.8
83888.1
82143.7
80380.6
78608.4
76807
74998.5
73163.2
71316.2
69447.7
67550.4
65644.3
63715.5
61781.4
59843.6
57877.3
55888.2
53888.9
51876.7
49857.4
47842.9
45845.9
43876.5
41942
40051.8
38207.2
36414.3
34669.5
32982.1
31350.9
29791.7
28300.9
26895.4
25568
24327.8
23161.8
22045.8
20981.7
19948.8
18960.1
18005.1
17100.7
16224.4
15424.4
14626.2
13945.7
13255.2
12657
12082.6
11539.3
11016
10512.8
10045.8
9586.23
9138.63
8728.59
8321.68
7940.25
7602.68
7304.82
7066.46
6879.6
6818.86
6919.85
7037.4
7385.8
7443.04
7950.03
7239.57
179858
178135
176407
174645
172853
171033
169186
167313
165417
163497
161556
159592
157604
155593
153555
151490
149394
147267
145107
142911
140679
138407
136099
133748
131361
128932
126469
123969
121438
118877
116288
113666
111023
108337
105635
102894
100133
97341.9
94516.3
91680.2
88820
85957.7
83094.1
80209
77311.4
74413.2
71512.5
68618.4
65746.3
62909.5
60120.1
57385.9
54717.5
52115.2
49585.7
47123.4
44740.3
42434.5
40229
38119.2
36126.8
34244.5
32485.4
30836.1
29267
27778.6
26345.9
24982.7
23674.8
22444.4
21255.7
20178.8
19102.5
18197.2
17273.7
16484.7
15728.5
15020.7
14339.4
13686.9
13080.1
12484.5
11902
11368.7
10837
10336.2
9892.45
9501.29
9191.05
8958.92
8891.42
9054.93
9229.5
9681.2
9731.45
10826.7
9669.35
285175
282646
280140
277520
274857
272115
269318
266457
263539
260564
257534
254448
251306
248107
244850
241534
238156
234715
231209
227637
223997
220287
216508
212656
208739
204752
200704
196596
192433
188216
183953
179637
175286
170871
166433
161940
157419
152859
148258
143649
139016
134388
129766
125133
120503
115883
111270
106680
102132
97641.2
93224.1
88890.7
84655.7
80518.8
76490
72561.1
68749.6
65053.5
61510
58114.6
54900.8
51864.3
49029.2
46385.5
43889.4
41539.2
39295.5
37174
35150.2
33257.3
31433.9
29793.3
28153.2
26790
25397.5
24223.8
23103.7
22066
21069.2
20117
19230.5
18363.2
17510.2
16731.1
15950.5
15212.8
14561.4
13989.9
13544.2
13227
13147.5
13441.6
13743.9
14423.3
14501.4
17346.9
15234.3
556591
551646
546819
541638
536406
530959
525401
519684
513842
507865
501766
495541
489196
482730
476144
469439
462612
455663
448590
441390
434063
426604
419017
411297
403457
395492
387417
379237
370962
362598
354157
345634
337060
328391
319699
310926
302123
293268
284361
275458
266531
257631
248750
239873
231015
222177
213353
204565
195847
187225
178727
170372
162190
154182
146370
138742
131330
124133
117225
110603
104333
98416.5
92906.3
87795.8
83000.5
78508.6
74240.9
70218.4
66392
62821.3
59386.6
56303.4
53221.3
50669
48062.6
45875.2
43789.2
41864.7
40012.4
38242.1
36587.1
34969.2
33371.6
31908.4
30438.9
29044.9
27808.2
26719.4
25862
25249
25055.1
25568.3
26089.5
27198.2
27235.6
36722.6
31491.8
1.7796e+06
1.76437e+06
1.74995e+06
1.73395e+06
1.71802e+06
1.70122e+06
1.68412e+06
1.66643e+06
1.64833e+06
1.62975e+06
1.61076e+06
1.59131e+06
1.57144e+06
1.55115e+06
1.53044e+06
1.50931e+06
1.48776e+06
1.46577e+06
1.44336e+06
1.4205e+06
1.3972e+06
1.37344e+06
1.34924e+06
1.32458e+06
1.2995e+06
1.27398e+06
1.24808e+06
1.22181e+06
1.1952e+06
1.16826e+06
1.14104e+06
1.11352e+06
1.0858e+06
1.05774e+06
1.02957e+06
1.0011e+06
972494
943689
914704
885690
856585
827535
798524
769539
740627
711784
683000
654350
625946
597863
570190
542992
516360
490299
464878
440057
415933
392499
369990
348408
327951
308632
290618
273899
258221
243523
229569
216415
203914
192252
181056
170979
160958
152572
144098
136909
130082
123797
117766
112023
106644
101435
96313.9
91617.7
86947.4
82511.2
78541.3
75010.8
72137.9
69976
68935.5
69819.8
70804.3
73073.3
72464.3
112070
93410.7
0.269955
0.253207
0.241456
0.204292
0.168163
0.140442
0.138519
0.140793
0.179097
0.34135
0.946875
0.720729
8.07859
161.414
427.803
444.39
1405.08
5454.81
5503.02
5200.65
5249.11
5701.2
7722.91
9467.14
9928.45
12960.6
17559.7
15290.7
12740.9
10113
9486
10776.5
5928.2
0.260656
0.243751
0.227844
0.196841
0.167205
0.138368
0.136222
0.138826
0.178991
0.488275
1.05455
0.745475
4.44668
140.949
456.547
347.384
961.48
4501.87
4680.25
4469.71
4636.98
5331.35
7297.81
9275.67
9530.24
11219.6
14888.4
12763.7
11340.3
9412.47
9098.02
9459.68
4641.85
0.257245
0.236287
0.21943
0.195796
0.169941
0.138966
0.134618
0.137532
0.176072
0.607077
1.04576
0.67329
3.03258
107.621
387.585
239.578
684.45
3612.8
3934.45
3818.72
4109.7
5098.18
7010.62
9107.66
9169.05
9967.66
12432.6
10471.9
9533.02
8558.63
8564.75
8146.85
3432.05
0.257929
0.233597
0.21942
0.19462
0.168837
0.138601
0.131977
0.136382
0.172502
0.610006
0.824187
0.517631
1.94088
87.7847
228.284
123.937
442.385
2769.62
3252.4
3240.37
3659.12
4972.58
6854.51
8956.51
8859.11
9126.66
10388.9
8559.14
7648.96
7513.15
7863.68
6792.32
2491.29
0.249664
0.230358
0.217033
0.195998
0.171542
0.138757
0.132745
0.136637
0.168259
0.525713
0.558315
0.430466
1.13713
67.0834
103.074
44.8181
197.005
1973.23
2619.53
2720.78
3273.99
4896.57
6803.57
8839.06
8680.66
8472.78
8837.85
7050.47
5986.84
6251.04
7019.34
5427.59
1956.63
0.248537
0.230427
0.215382
0.196582
0.169628
0.140291
0.132966
0.137815
0.160464
0.385791
0.392462
0.336922
0.822206
36.9272
30.3721
10.2495
49.9766
1261.57
2028.51
2250.84
2935.18
4819.16
6830.78
8761.48
8652.39
7896.87
7836.02
5879.03
4641.62
5025.68
6018.74
4267.41
1707.41
0.242514
0.228467
0.212447
0.195224
0.1712
0.141117
0.135282
0.137122
0.161214
0.292502
0.28964
0.287008
0.795981
7.91151
6.32512
1.62452
9.85821
690.087
1477.4
1817.31
2624.28
4692.25
6893.13
8716.15
8696.47
7555.61
7100.52
4985.81
3648.61
3960.36
4963.17
3390.51
1608.51
0.23919
0.228155
0.21166
0.195069
0.1687
0.141518
0.135595
0.136472
0.15903
0.23277
0.228946
0.246646
0.679957
1.13377
1.02806
0.408175
1.94402
299.289
970.366
1405.65
2323.27
4485.13
6896.43
8687.78
8775.94
7485.45
6594.45
4384.74
2994.24
3124.59
3970.37
2757.89
1597.19
0.236296
0.22753
0.211339
0.193791
0.169081
0.142431
0.136228
0.136164
0.162687
0.191184
0.190702
0.237163
0.673545
0.723703
0.571146
0.24733
0.338293
105.504
524.945
1003.24
2017.91
4173.58
6773.46
8641.13
8870.21
7630.27
6248.25
4100.36
2680.65
2537.99
3157.36
2385.65
1695.57
0.234264
0.226661
0.211838
0.193846
0.168502
0.143807
0.136377
0.135898
0.157663
0.173169
0.175133
0.258908
0.555252
0.678268
0.557143
0.249736
0.121809
24.0212
195.497
612.542
1694.23
3743.49
6485.89
8540.99
8962.1
7994.64
6057.09
4065.91
2637.76
2135.18
2618.64
2218.91
1885.53
0.233141
0.228059
0.214088
0.19602
0.170049
0.146774
0.137791
0.136098
0.153168
0.176088
0.183495
0.27482
0.616664
0.706642
0.552652
0.255166
0.13567
2.2505
45.5059
273.953
1339.45
3197.63
5973.96
8339.99
9032.42
8325.91
6133.85
4233.02
2771.81
1924.78
2366.6
2172.99
2163.57
0.232182
0.231334
0.224741
0.205213
0.177496
0.154402
0.142237
0.139022
0.151477
0.176791
0.189408
0.284129
0.69388
0.794461
0.583975
0.259098
0.154597
0.227307
4.3469
76.2149
963.809
2556.8
5193.98
7970.62
9065.91
8582.2
6468.18
4540.65
2965.06
1875.68
2288.84
2233.92
2532.67
0.232705
0.232441
0.229983
0.216984
0.196803
0.173273
0.155492
0.154079
0.169706
0.198994
0.211217
0.315664
0.76941
0.909013
0.659053
0.290209
0.161331
0.157059
0.315225
12.4363
592.974
1859.86
4145.56
7339.27
9025.1
8764.67
6905.26
4891.31
3168.97
1946.41
2285.61
2410.15
3069.5
0.238883
0.23865
0.238758
0.235121
0.223212
0.203267
0.191872
0.200828
0.216107
0.223183
0.230078
0.373696
0.910669
1.05914
0.793615
0.367968
0.19794
0.173876
0.235264
1.64484
255.975
1137.33
2878.46
6315.21
8829.71
8846.73
7344.45
5262.73
3376.68
2100.95
2364.43
2654.21
3763.17
0.246075
0.243262
0.24236
0.241207
0.238487
0.228669
0.230249
0.233522
0.234432
0.233315
0.246588
0.488122
1.14374
1.25201
0.938592
0.443584
0.240824
0.224897
0.372513
0.723791
60.1753
527.562
1666.43
4893.8
8423.85
8853.16
7738.64
5614.26
3581.04
2301.41
2511.53
3031.14
4597.24
0.276161
0.261962
0.253564
0.244208
0.239344
0.23247
0.23866
0.241328
0.242722
0.242944
0.278282
0.734984
1.53476
1.54596
0.977966
0.451478
0.286804
0.28065
0.585548
1.04919
6.82925
152.581
718.489
3233.82
7750.57
8847.79
8068.37
5944.88
3808.92
2525.46
2708.88
3574.68
5521.45
0.341184
0.315681
0.294172
0.274321
0.259136
0.247436
0.244719
0.252061
0.253374
0.266422
0.383477
1.27878
2.18196
2.02737
1.1578
0.52826
0.346517
0.342568
0.729571
1.6831
2.77914
22.0869
183.403
1695.04
6733.22
8768.55
8289.71
6297.76
4074.34
2771.96
2935.01
4382.44
6438.47
0.427475
0.416639
0.392529
0.362174
0.337402
0.319863
0.313751
0.315342
0.328137
0.395414
0.834041
2.50586
3.28135
2.7066
1.45744
0.655895
0.422608
0.424355
1.03707
2.37267
4.20904
7.74384
27.7495
643.159
5339.43
8503.82
8383.16
6651.48
4370.76
3041.38
3140.76
5436.82
7349.24
0.470709
0.470438
0.467085
0.452783
0.433265
0.429952
0.437626
0.470847
0.577568
0.967512
2.57329
4.97852
5.00088
3.72147
1.9079
0.822009
0.504998
0.515354
1.46221
3.47786
6.381
12.7429
16.5379
156.672
3804.79
8058.69
8386.95
6965.52
4668.54
3310.46
3330.43
6772.19
8194.9
0.631262
0.651476
0.667289
0.701197
0.745524
0.839369
1.02732
1.37148
2.04966
4.13212
7.61593
9.37893
8.01401
5.33155
2.55859
1.02455
0.585947
0.614023
1.90331
5.33298
8.19648
19.9943
29.2118
49.4594
2336.09
7461.94
8363.32
7178.37
4895.82
3498.63
3522.95
8415.35
8882.48
2.17265
2.34952
2.59129
3.15524
3.70568
4.74476
6.03323
8.05978
10.5566
17.6185
17.466
17.3872
13.5206
7.93366
3.38294
1.22923
0.636082
0.702432
2.62568
7.25654
11.7733
26.1122
52.8503
56.098
1333.86
6731.02
8285.05
7276.22
4963.28
3560.15
3793.44
10141.6
9301.01
47.61
42.445
41.8676
41.3962
40.7688
40.7456
42.804
45.4046
50.4645
48.1637
41.8905
33.7131
22.4227
11.0583
3.95827
1.53205
0.681879
0.748922
3.49279
9.75376
16.1089
34.4586
100.037
93.608
814.274
5976.91
8155.74
7287.31
4965.8
3501.73
4204.89
11809.4
9515.2
617.148
489.302
396.335
328.005
278.152
237.432
211.111
184.72
161.557
131.489
94.707
56.9322
31.24
14.0103
4.57747
1.0315
0.451279
0.738907
4.68456
12.7282
21.6016
45.0199
179.495
163.992
560.74
5248.88
7974.78
7250.36
4952.77
3380.44
4839.96
13423.1
9591.81
3126.4
2481.19
1952.06
1523.01
1176.82
894.657
665.484
476.823
321.119
209.531
127.705
69.2242
25.2536
6.42345
1.52176
0.434685
0.352042
0.82235
6.29373
15.9276
28.7428
64.4178
345.068
315.871
463.171
4619.79
7761.81
7187.92
4924.54
3263.47
5764.64
14919.7
9608.35
4777.68
3831.25
2995.74
2284.39
1695.14
1220.86
851.517
567.714
351.999
182.578
77.9114
26.4938
7.97777
2.12771
0.578204
0.273033
0.314918
1.02317
8.3508
19.2281
38.9288
107.27
738.886
685.149
545.2
4159.26
7549.61
7117.28
4886.33
3216.67
7028.1
16251.2
9554.22
3777.73
2935.44
2192.66
1566.14
1061.1
677.308
393.541
207.14
100.907
44.7886
17.9027
6.3701
2.05218
0.661057
0.291715
0.23396
0.339702
1.29692
10.5892
23.0063
56.7546
218.512
1693.21
1778.04
800.652
3872.93
7369.58
7063.29
4851.49
3238.28
8667.46
17393.4
9396.17
896.001
648.498
451.256
301.099
191.9
116.218
66.4374
35.5686
17.7145
8.14675
3.46679
1.39797
0.589879
0.316889
0.243445
0.234806
0.402599
1.7657
12.2978
29.1647
95.9708
538.356
3820.73
5057.86
1572.64
3779.93
7307.04
7064.04
4842.9
3353.49
10585
18493.3
9206.32
143.217
101.531
69.5509
45.9373
29.1733
17.7565
10.3369
5.75786
3.07784
1.61112
0.867589
0.506074
0.359298
0.279379
0.266059
0.28973
0.551883
2.53445
13.097
39.1942
197.621
1481.55
8492.57
10999.4
3412
4102.82
7336.33
7137.31
4883.33
3577.43
12873.2
19587.6
9031.56
16.0789
11.7403
8.36279
5.82252
3.98705
2.70632
1.8388
1.2775
0.916766
0.677866
0.535118
0.418552
0.369597
0.373802
0.38725
0.463713
0.887535
3.66119
15.1302
63.103
476.919
4141.69
17096.2
18994.2
6691.63
4866.75
7407.31
7308.08
4996.42
3925.22
15552.7
20702
8916.02
2.28136
1.95359
1.68179
1.47535
1.29498
1.13344
0.989859
0.863849
0.772711
0.646783
0.618042
0.615696
0.635393
0.653405
0.719708
0.88625
1.57961
5.05536
24.1279
134.145
1217.15
10898.2
28683.6
28714.9
11699.6
6167.08
7759.27
7646.96
5192.43
4418.19
18662
21858.1
8846.43
1.50254
1.46926
1.4533
1.43026
1.37841
1.36718
1.37199
1.3219
1.33366
1.30097
1.34036
1.32756
1.37892
1.43384
1.55445
1.84639
2.87987
8.02327
50.361
336.973
2952.47
23777.6
39793.5
39426.3
17929.1
8053.59
8570.53
8272.66
5494.8
5092.09
22298.9
23076.9
8799.64
4.57894
4.43229
4.40187
4.35597
4.29338
4.21805
4.08449
3.98283
3.88461
3.61885
3.55157
3.45773
3.40431
3.44456
3.60243
3.87973
5.44394
16.9029
134.831
874.163
6332.33
37046.6
51422.4
50713.8
25329.6
10559.6
10005
9323.68
5934.55
6001.55
26566.2
24388.3
8756.53
20.0208
19.2098
18.3436
17.3978
16.3778
15.2982
14.2226
13.0645
11.9271
10.9923
9.82323
8.21421
7.82567
7.5535
7.80685
8.26182
11.9433
48.755
405.236
2123.13
12089.2
51448.6
63453.4
62267.3
32835.3
13998.8
12152.8
10868.4
6467.08
7287.36
31712.9
25627.5
8748.06
91.8058
84.0734
76.4139
68.9059
61.6431
54.7221
48.158
42.1399
36.2878
31.165
27.0435
21.8958
16.8533
16.0465
15.8133
17.1959
31.0923
174.236
1241.4
4685.46
21062.8
66214
75050.2
73068
39860.8
18461.8
15103.9
12899.9
6987.61
9222.25
37996
26515
8900.95
401.765
350.9
303.511
259.924
220.487
185.072
153.826
126.507
102.605
82.2452
67.9053
51.0905
35.6356
30.9357
31.0674
37.8916
111.621
714.168
3712.32
9287.53
33452.2
75045.4
83969.4
80022.4
44702.3
24651.2
18891.8
14722.3
7298.44
12769.4
45415.4
26862.3
9203.65
1415.94
1185.64
979.628
796.909
639.76
506.154
393.809
301.444
225.971
165.503
120.393
82.6666
56.508
54.2715
59.7769
130.052
581.085
3188.08
8733.78
14919.9
39654.5
78027.5
88095.9
78424.7
44208.8
31754.8
20669.4
14645
7741.95
20486.3
53181.7
26034.3
9649.83
2408.07
1955.47
1559.85
1216.78
939.371
712.997
527.695
382.552
274.225
194.365
129.324
91.4674
88.9826
98.1504
198.574
755.911
3176.67
10321.8
12393.9
17150.4
40765
67667.9
78432.2
67291.5
42109.8
33415.1
19327.1
12267.2
10037.3
35328.7
56579.9
22789.9
10023.7
2546.2
2050.3
1610.48
1252.65
939.549
689.116
511.068
370.822
272.446
189.699
154.085
154.47
173.448
326.161
1063.43
3831.35
11023.5
13213.1
12892.5
17194.7
32200.2
51030.9
62883
54938.3
39636.2
32042.2
17455.6
9514.97
14633
49093.3
55904.9
19345.5
10678
2392.64
1917.99
1511.15
1174.1
899.632
681.086
511.975
372.874
295.666
280.348
293.647
337.768
589.488
1641.62
5026.85
12142
14113.4
13574.1
11917.1
17216.8
26691.1
32818.6
46271.1
43128.2
35893.2
29457.4
15437.2
8656.09
24059.7
59678.6
52224.8
16199.3
11599.4
2391.14
1922.59
1525.09
1189.64
937.231
716.892
584.313
588.216
581.393
607.338
734.871
1141.07
2543.92
6838.32
13198.1
15305.2
14771.1
12884.8
11286
18346.2
25518.3
22112.4
33169.1
31852.7
31408.6
24988.5
13421.3
11078.3
38501.8
64626.7
46438.9
14057.7
12783.8
2566.93
2154.31
1821.63
1488.74
1305.65
1272.5
1264.73
1289.18
1373.47
1571.17
2151.35
3783.59
8343.17
14110.7
16424.6
16146.4
14438.4
12380.8
11708.1
20953
29609.1
19706.5
24423.9
22767.1
25957.6
19703.4
11667.3
16531
53903
64929.8
39947
12967.6
14210
3287.06
2989.03
2610.75
2486.09
2494.58
2502.37
2565.8
2666.37
2910.27
3474.5
4991.06
9214.88
14534.6
17619.5
17563.6
16194.5
14012.4
12694.5
13702.5
26010.3
40417.3
24720.4
17448.1
15935.6
20007.9
15251.8
12777.1
24240.5
66942.9
61297.2
34015.5
12649.8
15863.5
4377.79
4046.72
3850.8
3830.82
3843.33
3852.93
3916.31
4146.15
4559.57
5759.74
9376.99
14998.7
18580.7
19170.1
17850.4
15936.1
14147
14116.2
17297.4
32581
53522.4
42993.4
14216.3
11633.3
14810.5
13550.8
19778.2
34316.1
75464.3
54742.2
29528.3
12933.1
17730.2
5043.65
4772.7
4676.95
4666.24
4672.26
4717.21
4870.86
5152.19
6029.48
9057.94
14942.5
19338.4
20586.4
19703.2
17732.9
16033.2
15133.1
16762.4
22447.7
40144.8
69232.5
74932
24307.6
13663.8
15523
21939.3
30653.8
45434.4
78949.9
46764.7
26623.8
13714.5
19796
5300.78
5086.22
5021.56
5011.05
5034.81
5122.27
5342.4
5954.65
8180.58
13920.1
19306
21747.8
21410.2
19743.9
17851.2
16758.8
17077.7
20653.1
29081.9
49040.6
87489.9
115690
66355
33069.1
32780.5
53362
35092.7
56191.1
77946.8
38863.6
25101.2
14931
22052.4
5348.74
5158.14
5106.41
5102.1
5140.34
5277.13
5667.13
7110.95
11764.1
18119.7
22035.1
22916.1
21690.5
19828.4
18469.1
18217.4
20020.8
25737.2
37104.6
60325.8
105647
158282
141019
88912.2
86910.9
86663.1
34951.4
65547.8
73633
32038.6
24704.4
16550.9
24500
5207.95
5066.63
5044.71
5050.56
5126.15
5360.9
6129.6
9021.43
15472.4
20994.6
23503.7
23457.8
21860.9
20268.1
19686.5
20450.1
23933.3
31910.7
46347.1
73399.7
123380
204155
225373
173131
159346
91348.8
34758.1
72548.6
67450.4
26771.5
25214.8
18569.5
27150.7
4948.53
4881.28
4873.97
4912.68
5062.88
5456.66
6860.14
11524.5
18196.6
22648
24179.2
23760.1
22238.4
21170.7
21524.8
23465.8
28737.8
39034.6
56601.4
87839.7
142267
248487
305153
262787
209972
81059.3
36375
76824.1
60624.4
23222.4
26485.7
20984.6
30029.9
4697.61
4688.02
4704.83
4791.71
5004.08
5602.84
7832.83
13718.6
19871.2
23372.6
24444.5
24072.2
22959.1
22542.7
23995.6
27229.4
34331
46953
67637.2
103194
163207
288009
373089
339832
231358
65103.8
39638.8
78584.5
54097.9
21306.3
28413.6
23842.1
33180.4
4506.55
4524.44
4585.43
4686.12
4926.88
5790.51
8902.65
15162.4
20596.4
23544.5
24541.4
24532.8
24029.8
24397.1
27073.2
31684.9
40608.3
55514.7
79221.1
118961
184847
321561
423748
391511
227511
50571
43760.7
78389.8
48603.7
20733
30934.3
27211
36664.9
4374.98
4440.35
4483.06
4557.34
4819.09
5985.92
9777.24
15796.7
20721.7
23401.5
24620.1
25192.8
25444.9
26734.4
30724.6
36774.9
47486.3
64599.2
91144.7
134669
205869
347943
453691
413097
206129
40468
48081
76960.1
44507
21302.9
34026.5
31183.8
40572.4
4318.56
4372.93
4362.17
4389.33
4679.24
6143.55
10241.2
15904
20465.7
23134.6
24763.8
26074.8
27219
29537.2
34925.9
42461.7
54922.5
74143.2
103260
149948
225204
366077
462114
406324
174479
34975.7
52390.2
74985.3
41930.6
22915.9
37711.8
35885.8
45024.7
4286.61
4297.61
4205.54
4180.8
4511.5
6210.5
10354.2
15668.5
20037.4
22876.2
25046.1
27207.2
29355.5
32803.7
39678
48745.7
62932.7
84166.8
115523
164599
242131
375387
450796
376872
140448
33261.8
56652.7
73186.6
40881.8
25562.7
42057.1
41488.7
50188.7
4262.15
4215
4009.33
3935.07
4324
6190.72
10227.4
15277.7
19597.9
22741.6
25543.6
28637.1
31883.9
36562.8
45021.8
55682.7
71607.9
94798.6
128040
178682
256418
376595
423701
332380
109487
34502
61152.5
72170.6
41346.2
29313.5
47182.2
48229.5
56293.6
4248.17
4119.26
3784.88
3670.87
4129.42
6101.58
9989.35
14879.6
19292.9
22842.2
26353.3
30446.7
34876.8
40890.1
51054.1
63401.1
81134.4
106305
141124
192606
268445
371625
386451
281028
84765.7
38284.4
66456.2
72456.6
43370.8
34320.7
53278.3
56440.8
63658
4241.99
4021.47
3553.3
3407.14
3941.89
5978.45
9740.92
14604.9
19242.6
23319.6
27609.6
32773.5
38471.2
45929.6
57950.8
72128.5
91825.5
119134
155367
207236
279573
363573
345590
229887
67309.7
44617.6
73400.9
74593.3
47128.6
40835.3
60640.5
66598.7
72735.9
4261.84
3943.41
3337.08
3162.66
3769.52
5875.85
9566.59
14553.7
19599.9
24341.9
29509.5
35838.9
42900.5
51929.1
66006.9
82237.6
104178
133987
171742
224017
292297
356519
307960
184513
56769.4
53949.4
83176.6
79304.4
52998.9
49248.3
69731.1
79392.8
84202.2
4346.72
3921.05
3163.58
2955.81
3612.42
5899.09
9529.14
14850
20546.1
26148.3
32355.1
39999.8
48554.4
59309.3
75716.7
94340.8
118984
151957
191781
245196
310178
355782
280251
148758
52266.3
67224.3
97540.7
87685.2
61711.4
60174.3
81303.4
95868.1
99094.9
4554.29
4006.65
3073.98
2805.3
3473.34
6471.05
9705.57
15639.2
22329.2
29112.1
36638.1
45855.4
56104.7
68806.4
87945
109492
137573
174824
217926
274265
338285
368399
269304
125066
52874
86018.6
119152
101575
74585.9
74613.9
96657.6
117683
119102
4981.13
4286.67
3131.76
2736.45
3398.06
9629.19
10197.3
17129.3
25358.3
33875.7
43226.2
54486.5
66790.1
81802.3
104322
129653
162368
205726
254350
316965
384536
404602
284119
115569
57383.8
112567
152372
124293
94001.9
94281.6
118212
147647
147169
5814.53
4926.81
3461.22
2799.13
3606.83
25949.2
11197.7
19711.9
30411.6
41679.1
53823.2
68056.3
83141.4
101167
128258
158908
198320
250903
309043
383971
463028
482196
341212
124802
63575.3
150291
204637
162169
124453
122346
150914
191028
188971
7484.92
6304.73
4343.67
3140.8
5040.85
113923
13274.9
24298.1
39244
55299
72280.8
91540.7
111103
133754
167979
207091
257257
324985
400158
498819
603797
639075
478197
166529
68295.4
205638
290057
228427
175242
165736
206231
259604
257371
11173.6
9446.5
6531.88
4242.45
11673.5
824642
18804.8
33522.6
56775.1
82368.6
109175
138766
167527
199366
247583
303194
374082
470846
579884
727451
888266
976436
794003
283549
74809.4
296552
442887
356310
271223
247724
316533
390906
392079
20873.9
17700.6
12355
7753.42
42860.6
4.9899e+06
39417.3
57213.1
102007
152506
205273
262566
316620
373767
460072
560022
685948
858169
1.05464e+06
1.32774e+06
1.62539e+06
1.8643e+06
1.61857e+06
620861
129480
509321
819226
687639
536110
500723
615803
773459
772503
53589.8
44870.3
30852.6
19739.7
147537
1.78875e+07
122320
143632
282210
447078
620790
805259
971131
1.13612e+06
1.3854e+06
1.67595e+06
2.03408e+06
2.52621e+06
3.09053e+06
3.8918e+06
4.73548e+06
5.6124e+06
5.22163e+06
2.16226e+06
356232
1.47381e+06
2.66909e+06
2.25022e+06
1.75344e+06
1.63867e+06
1.84955e+06
2.37819e+06
2.23592e+06
)
;

boundaryField
{
    inlet
    {
        type            fixedValue;
        value           uniform 17.83;
    }
    outlet
    {
        type            zeroGradient;
    }
    lowerWallStartup
    {
        type            symmetryPlane;
    }
    upperWallStartup
    {
        type            symmetryPlane;
    }
    upperWall
    {
        type            epsilonWallFunction;
        blending        stepwise;
        value           nonuniform List<scalar> 
218
(
2.66491e+06
2.30527e+06
2.24446e+06
2.20225e+06
2.16637e+06
2.15096e+06
2.14038e+06
2.12873e+06
2.1207e+06
2.11076e+06
2.10249e+06
2.09621e+06
2.08902e+06
2.08198e+06
2.07538e+06
2.06888e+06
2.06244e+06
2.05568e+06
2.04879e+06
2.0426e+06
2.03608e+06
2.02894e+06
2.02192e+06
2.01362e+06
2.00543e+06
1.99562e+06
1.98884e+06
1.97892e+06
1.97384e+06
1.96535e+06
1.95665e+06
1.95152e+06
1.9472e+06
1.93667e+06
1.93112e+06
1.93739e+06
1.95396e+06
1.96736e+06
1.99923e+06
2.03531e+06
2.12517e+06
2.21146e+06
2.24369e+06
2.17939e+06
2.20977e+06
2.0901e+06
2.03563e+06
1.93991e+06
2.01352e+06
1.98133e+06
1.98332e+06
1.97546e+06
1.98072e+06
1.98455e+06
1.99773e+06
2.01363e+06
2.02288e+06
2.03732e+06
2.04808e+06
2.05714e+06
2.06676e+06
2.07238e+06
2.07685e+06
2.07732e+06
2.07538e+06
2.07175e+06
2.06685e+06
2.06039e+06
2.05325e+06
2.04481e+06
2.03582e+06
2.02715e+06
2.01774e+06
2.00828e+06
1.99742e+06
1.98502e+06
1.97164e+06
1.95752e+06
1.94271e+06
1.9274e+06
1.91158e+06
1.89556e+06
1.87901e+06
1.86273e+06
1.84542e+06
1.8296e+06
1.81089e+06
1.79652e+06
1.7796e+06
1.76437e+06
1.74995e+06
1.73395e+06
1.71802e+06
1.70122e+06
1.68412e+06
1.66643e+06
1.64833e+06
1.62975e+06
1.61076e+06
1.59131e+06
1.57144e+06
1.55115e+06
1.53044e+06
1.50931e+06
1.48776e+06
1.46577e+06
1.44336e+06
1.4205e+06
1.3972e+06
1.37344e+06
1.34924e+06
1.32458e+06
1.2995e+06
1.27398e+06
1.24808e+06
1.22181e+06
1.1952e+06
1.16826e+06
1.14104e+06
1.11352e+06
1.0858e+06
1.05774e+06
1.02957e+06
1.0011e+06
972494
943689
914704
885690
856585
827535
798524
769539
740627
711784
683000
654350
625946
597863
570190
542992
516360
490299
464878
440057
415933
392499
369990
348408
327951
308632
290618
273899
258221
243523
229569
216415
203914
192252
181056
170979
160958
152572
144098
136909
130082
123797
117766
112023
106644
101435
96313.9
91617.7
86947.4
82511.2
78541.3
75010.8
72137.9
69976
68935.5
69819.8
70804.3
73073.3
72464.3
112070
93410.7
53589.8
44870.3
30852.6
19739.7
147537
1.78875e+07
122320
143632
282210
447078
620790
805259
971131
1.13612e+06
1.3854e+06
1.67595e+06
2.03408e+06
2.52621e+06
3.09053e+06
3.8918e+06
4.73548e+06
5.6124e+06
5.22163e+06
2.16226e+06
356232
1.47381e+06
2.66909e+06
2.25022e+06
1.75344e+06
1.63867e+06
1.84955e+06
2.37819e+06
2.23592e+06
)
;
    }
    lowerWall
    {
        type            epsilonWallFunction;
        blending        stepwise;
        value           nonuniform List<scalar> 
266
(
2.62778e+06
2.25307e+06
2.17894e+06
2.13839e+06
2.10106e+06
2.07863e+06
2.07251e+06
2.06314e+06
2.06086e+06
2.05497e+06
2.05263e+06
2.04908e+06
2.04363e+06
2.03963e+06
2.03485e+06
2.02967e+06
2.02471e+06
2.01876e+06
2.01335e+06
2.00931e+06
2.00449e+06
1.99828e+06
1.99058e+06
1.98276e+06
1.97399e+06
1.96607e+06
1.95749e+06
1.94898e+06
1.94169e+06
1.93114e+06
1.92556e+06
1.91529e+06
1.90418e+06
1.90223e+06
1.86656e+06
1.87621e+06
1.9608e+06
2.18537e+06
2.28219e+06
2.24621e+06
2.23396e+06
2.21158e+06
2.19837e+06
2.1913e+06
2.19424e+06
2.19444e+06
2.20059e+06
2.19957e+06
2.18931e+06
2.19092e+06
2.17389e+06
2.1578e+06
2.15413e+06
2.15263e+06
2.17815e+06
2.21807e+06
2.25309e+06
2.25982e+06
2.23027e+06
2.19318e+06
2.15073e+06
2.11303e+06
2.06863e+06
2.05695e+06
2.03944e+06
2.02045e+06
1.99612e+06
1.97167e+06
1.94536e+06
1.91959e+06
1.89312e+06
1.86496e+06
1.83441e+06
1.80336e+06
1.77678e+06
1.74637e+06
1.71666e+06
1.67899e+06
1.6424e+06
1.59711e+06
1.55048e+06
1.49476e+06
1.43605e+06
1.37274e+06
1.29946e+06
1.26858e+06
1.17782e+06
1.52379e+06
6.90866e+07
954387
1.03625e+06
1.09318e+06
1.11987e+06
1.11247e+06
1.06935e+06
991575
883341
751980
607595
462049
327303
213313
126011
66201.9
30213
11568.3
3554.39
1137.83
823.479
1159.83
1861.45
3057.97
4155.29
4918.83
5168.4
4972.49
4688.54
4480.51
4322.44
4186.24
4068.51
3975.6
3927.78
3928.31
4016.16
4211.45
4528.98
4972.65
5542.35
6242.18
7091.22
8137.85
9479.32
11288.2
13844.7
17570.3
6.90866e+07
336927
42211.7
49947.1
79403.6
111211
158137
221273
308925
399639
508438
473370
634927
114996
3.31463e+06
2.8646e+08
1.00767e+06
763299
864361
919983
857824
1.01058e+06
1.00492e+06
966444
937658
932317
963867
998578
1.04944e+06
1.28551e+06
1.32411e+06
1.48085e+06
1.64473e+06
1.78209e+06
1.87506e+06
1.85265e+06
2.14695e+06
1.50576e+06
1.16267e+06
1.39175e+06
805594
384090
380315
183595
168572
211671
73443
1.59193e+06
435795
1.0677e+07
3.80238e+08
4.58282e+06
35474
52064.6
70100.4
88100.8
103748
114583
120660
122230
116200
97584
145764
7.75269e+07
967519
6.05451e+06
8.35675e+07
1.74062e+08
1.01997e+06
50779.9
68269.7
88527.7
119566
174529
241187
293473
328372
366440
408478
452817
492447
531450
592149
540269
512579
528184
502765
520106
540682
579333
638499
699058
766028
848583
929661
1.03775e+06
1.11783e+06
1.20264e+06
1.38084e+06
1.5508e+06
1.76298e+06
1.97156e+06
2.21639e+06
2.56822e+06
2.95007e+06
3.44477e+06
4.23217e+06
5.05545e+06
5.4014e+06
4.97227e+06
3.85282e+06
2.32857e+06
917607
404061
24389.2
310334
485818
460291
367587
210708
141169
93491.1
97105.8
115073
165531
194848
207644
231608
136326
133414
)
;
    }
    front
    {
        type            empty;
    }
    back
    {
        type            empty;
    }
}


// ************************************************************************* //
