/*--------------------------------*- C++ -*----------------------------------*\
| =========                 |                                                 |
| \\      /  F ield         | OpenFOAM: The Open Source CFD Toolbox           |
|  \\    /   O peration     | Version:  2506                                  |
|   \\  /    A nd           | Website:  www.openfoam.com                      |
|    \\/     M anipulation  |                                                 |
\*---------------------------------------------------------------------------*/
FoamFile
{
    version     2.0;
    format      ascii;
    arch        "LSB;label=32;scalar=64";
    class       volScalarField;
    location    "1000";
    object      k;
}
// * * * * * * * * * * * * * * * * * * * * * * * * * * * * * * * * * * * * * //

dimensions      [0 2 -2 0 0 0 0];

internalField   nonuniform List<scalar> 
20540
(
10.0415
25.9195
10.0485
25.9578
10.0464
26.06
10.0327
26.2345
9.99944
26.4837
9.93308
26.8004
9.8135
27.165
9.61485
27.5444
9.30737
27.8902
8.86079
28.139
8.24964
28.2117
7.4623
28.0117
6.50605
27.4298
5.40079
26.363
4.1919
24.7101
2.95393
22.3771
1.79186
19.284
0.836706
15.3551
0.228517
10.6851
0.0316751
5.7116
0.00228076
1.76601
7.39703e-05
0.252058
2.83906e-05
0.0189127
2.78637e-05
0.000923456
2.76201e-05
4.20813e-05
2.86227e-05
1.79667e-06
2.86547e-05
1.20649e-06
2.86551e-05
1.19865e-06
2.86551e-05
1.19862e-06
2.86551e-05
1.19859e-06
2.8655e-05
1.19856e-06
2.8655e-05
1.19855e-06
2.8655e-05
1.19856e-06
2.86551e-05
1.19857e-06
2.86551e-05
1.19862e-06
2.86551e-05
1.19867e-06
2.86551e-05
1.19886e-06
2.86548e-05
1.2053e-06
2.86346e-05
1.48038e-06
2.76491e-05
2.64034e-05
2.78475e-05
0.000475425
2.81199e-05
0.0103646
5.05452e-05
0.149246
0.00126155
1.19636
0.018649
4.58733
0.145881
9.32079
0.628081
14.0804
1.48766
18.2151
2.59555
21.5668
3.82539
24.1559
5.06854
26.0564
6.2424
27.3494
7.29096
28.1249
8.18277
28.4756
8.90114
28.5041
9.44503
28.3092
9.83274
27.9735
10.0913
27.5662
10.2508
27.1431
10.3398
26.7472
10.3832
26.4081
10.3999
26.143
10.4027
25.9579
10.3986
25.8496
10.39
25.8088
19.623
17.7081
17.316
17.1003
16.9005
16.7792
16.746
16.6957
16.6834
16.6519
16.6394
16.6204
16.5911
16.5697
16.5439
16.5161
16.4894
16.4572
16.428
16.4061
16.38
16.3464
16.3046
16.2621
16.2143
16.1711
16.1242
16.0776
16.0377
15.9797
15.949
15.8926
15.831
15.8207
15.624
15.6732
16.1396
17.3433
17.8611
17.6756
17.6114
17.4942
17.4243
17.3867
17.402
17.403
17.4354
17.4304
17.3764
17.3849
17.2957
17.21
17.1907
17.1825
17.3163
17.5281
17.7142
17.7526
17.6003
17.4067
17.1825
16.9821
16.7446
16.6818
16.5878
16.4855
16.3536
16.2205
16.0764
15.9344
15.788
15.6316
15.4607
15.2859
15.1354
14.9625
14.7923
14.5756
14.363
14.0988
13.8229
13.4919
13.1359
12.7517
12.2926
12.1069
11.523
13.7052
15.0734
13.5385
13.1589
12.9704
12.7974
12.6937
12.6743
12.6413
12.641
12.624
12.6226
12.6145
12.5949
12.582
12.5626
12.5429
12.5214
12.4944
12.4704
12.454
12.4328
12.4042
12.3671
12.3287
12.2857
12.2467
12.2052
12.1637
12.13
12.0791
12.0545
12.0086
11.9553
11.9583
11.8173
11.8104
12.3853
14.3929
15.8229
15.8946
15.7161
15.3053
14.9409
14.6517
14.4869
14.3325
14.2602
14.1528
14.0107
13.9721
13.8536
13.7576
13.7822
13.914
14.3483
15.0824
16.0563
16.9339
17.472
17.7961
17.8925
17.9368
18.061
18.4024
18.59
18.7768
18.8805
18.954
18.9628
18.9258
18.8445
18.6901
18.5252
18.3148
18.1146
17.9228
17.7122
17.5034
17.1978
16.9618
16.4935
16.2269
15.6019
15.3443
14.68
14.5868
14.4642
15.6802
17.1603
15.5581
15.1207
14.9138
14.725
14.6113
14.5952
14.5659
14.572
14.5598
14.5642
14.5607
14.5429
14.5324
14.5131
14.4943
14.4719
14.4429
14.4175
14.4011
14.3789
14.3478
14.3068
14.2637
14.2155
14.1717
14.1257
14.0794
14.043
13.9865
13.9606
13.9119
13.853
13.8632
13.726
13.6813
14.4092
17.1199
19.1828
19.3772
19.1271
18.5424
18.0035
17.5641
17.2956
17.0481
16.9163
16.7446
16.5371
16.4679
16.3145
16.1944
16.2402
16.4549
17.09
18.1625
19.5989
20.9157
21.765
22.2963
22.4946
22.6082
22.8467
23.3493
23.6372
23.9238
24.0982
24.2278
24.2683
24.2409
24.1529
23.964
23.7654
23.5016
23.2473
23.011
22.7502
22.4982
22.1134
21.8282
21.2296
20.9121
20.111
19.8181
18.9803
18.8896
18.7978
20.3009
18.4196
16.7804
16.3049
16.0915
15.8987
15.7836
15.7753
15.7551
15.7712
15.7679
15.7813
15.7852
15.7719
15.7661
15.7486
15.7327
15.7107
15.6811
15.6559
15.6408
15.619
15.5868
15.543
15.4964
15.4444
15.3971
15.348
15.2986
15.261
15.2013
15.1756
15.1268
15.065
15.0849
14.9636
14.8683
15.7642
19.2453
21.953
22.2789
21.9607
21.2142
20.5036
19.9108
19.5314
19.1821
18.982
18.7366
18.4543
18.3466
18.1545
18.0076
18.0767
18.3877
19.2443
20.6677
22.5508
24.2633
25.3762
26.0731
26.3465
26.5085
26.8306
27.4476
27.8057
28.1605
28.3816
28.546
28.6033
28.5757
28.4765
28.2567
28.0295
27.721
27.4215
27.1478
26.8477
26.5587
26.1139
25.7836
25.0884
24.722
23.7923
23.4648
22.4991
22.4158
22.3299
24.1615
19.1935
17.5
16.9885
16.7723
16.5805
16.468
16.4719
16.4656
16.4963
16.5059
16.532
16.5464
16.5399
16.5407
16.5262
16.5147
16.4936
16.4639
16.4391
16.4264
16.4054
16.3722
16.3253
16.2746
16.2179
16.1665
16.1139
16.0608
16.0221
15.9589
15.9338
15.8853
15.8211
15.8529
15.7547
15.5936
16.6822
20.9685
24.3259
24.7984
24.4252
23.5417
22.6747
21.9374
21.4499
20.9996
20.729
20.4086
20.0477
19.8967
19.6636
19.4854
19.5759
19.983
21.0559
22.8131
25.1044
27.1738
28.5227
29.3687
29.7087
29.9119
30.3053
31.0145
31.4316
31.8431
32.1046
32.2985
32.3704
32.3419
32.2332
31.9881
31.7375
31.3912
31.0519
30.7464
30.4135
30.094
29.5999
29.2307
28.458
28.0487
27.0185
26.6619
25.6018
25.5263
25.4691
27.536
19.7443
17.9655
17.4164
17.1995
17.0124
16.906
16.9258
16.9377
16.9875
17.0138
17.0562
17.0841
17.0863
17.0957
17.0853
17.0794
17.0596
17.0297
17.0057
16.9957
16.9761
16.9416
16.891
16.8352
16.7728
16.716
16.6587
16.601
16.5605
16.493
16.4681
16.4198
16.3527
16.397
16.3267
16.09
17.3701
22.4261
26.4425
27.0905
26.6807
25.6895
24.6854
23.8178
23.23
22.685
22.3466
21.9561
21.519
21.3227
21.0499
20.8372
20.9428
21.4323
22.6938
24.7502
27.4089
29.8121
31.3896
32.3852
32.7961
33.0415
33.5026
34.2928
34.7659
35.2309
35.5333
35.7578
35.8471
35.8205
35.7062
35.4428
35.1736
34.7959
34.4211
34.0878
33.7262
33.3817
32.8458
32.444
31.6077
31.1613
30.0528
29.6722
28.5474
28.4809
28.4819
30.6942
20.1852
18.2891
17.699
17.4822
17.3036
17.2061
17.2453
17.2796
17.3527
17.399
17.4611
17.5052
17.5183
17.538
17.5326
17.5337
17.5157
17.4859
17.4625
17.4556
17.4378
17.4021
17.3472
17.2854
17.216
17.1526
17.0894
17.0258
16.9825
16.9095
16.8842
16.8354
16.7646
16.82
16.7814
16.4653
17.9047
23.6458
28.3486
29.2184
28.7958
27.7285
26.6059
25.6218
24.9418
24.3095
23.9067
23.4534
22.9452
22.7029
22.3936
22.1439
22.256
22.8062
24.2173
26.5323
29.5224
32.2514
34.0658
35.2247
35.7213
36.0165
36.5462
37.4126
37.9431
38.4631
38.8107
39.0703
39.183
39.1635
39.0496
38.7763
38.4937
38.0916
37.6858
37.3285
36.9413
36.577
36.0058
35.5776
34.6908
34.213
33.0477
32.6466
31.4878
31.4319
31.5177
33.7992
20.566
18.5251
17.8891
17.6724
17.5059
17.42
17.4813
17.5417
17.6418
17.7114
17.7961
17.8593
17.8854
17.917
17.9178
17.9272
17.9117
17.8824
17.8597
17.8562
17.8405
17.8039
17.7446
17.6762
17.599
17.5278
17.4575
17.3865
17.3395
17.2595
17.2327
17.1825
17.1071
17.17
17.1671
16.7738
18.311
24.611
30.0439
31.2013
30.7978
29.6895
28.4673
27.38
26.6147
25.9021
25.4382
24.9297
24.3564
24.0679
23.7258
23.4375
23.5456
24.1303
25.6447
28.1729
31.4602
34.5155
36.5867
37.9331
38.5397
38.8985
39.5009
40.4423
41.0347
41.614
42.0135
42.3156
42.4601
42.4554
42.3497
42.0776
41.7873
41.3692
40.9382
40.5609
40.1513
39.7722
39.1726
38.7248
37.8014
37.2988
36.0991
35.6811
34.521
34.4766
34.6734
36.9536
20.9063
18.7012
18.0133
17.7958
17.6445
17.5725
17.658
17.7478
17.8781
17.9739
18.0838
18.1689
18.2103
18.2556
18.2638
18.2829
18.2709
18.2431
18.2214
18.2214
18.2082
18.1713
18.108
18.033
17.9475
17.8678
17.7893
17.7097
17.6579
17.5696
17.5401
17.4875
17.4065
17.471
17.5079
17.0458
18.596
25.2845
31.4984
33.0304
32.6904
31.5819
30.2816
29.1045
28.2608
27.4744
26.9519
26.3958
25.7642
25.4291
25.0579
24.7302
24.823
25.4135
26.9793
29.667
33.2126
36.5971
38.9527
40.5195
41.2703
41.7135
42.3948
43.4123
44.073
44.7179
45.1781
45.532
45.7194
45.7405
45.6524
45.395
45.1043
44.6809
44.2327
43.8405
43.4123
43.0237
42.4039
41.9442
41.0007
40.4812
39.2725
38.8417
37.7162
37.6828
38.011
40.2238
21.2077
18.8311
18.0844
17.8638
17.7307
17.6742
17.785
17.9074
18.0703
18.1951
18.3325
18.4423
18.5013
18.5625
18.5796
18.6099
18.603
18.5782
18.5577
18.5612
18.5508
18.5149
18.4487
18.3678
18.2741
18.1856
18.0984
18.0092
17.9516
17.8541
17.8201
17.7644
17.6769
17.7359
17.8143
17.3005
18.7655
25.6199
32.6568
34.6726
34.4588
33.3985
32.0477
30.7967
29.8819
29.0285
28.4498
27.8536
27.1709
26.7889
26.3919
26.0254
26.0906
26.6579
28.2187
31.0005
34.7539
38.465
41.136
42.9635
43.9022
44.4591
45.2284
46.3247
47.0615
47.7799
48.3112
48.7278
48.9713
49.0328
48.9734
48.7473
48.4664
48.0508
47.5964
47.1963
46.7552
46.3633
45.7337
45.2709
44.3272
43.8002
42.6122
42.174
41.1222
41.0997
41.5711
43.6473
21.4579
18.9194
18.1066
17.8797
17.7667
17.7271
17.8638
18.0211
18.2188
18.3749
18.5419
18.6792
18.7587
18.838
18.8662
18.909
18.9092
18.8892
18.8708
18.8776
18.8709
18.8375
18.7704
18.6848
18.584
18.4869
18.3909
18.2915
18.2276
18.1201
18.0802
18.0202
17.9263
17.9721
18.089
17.55
18.833
25.5721
33.4393
36.0689
36.0707
35.1148
33.7528
32.4484
31.472
30.5596
29.9272
29.2985
28.5728
28.1439
27.7243
27.3213
27.3456
27.8632
29.3598
32.1543
36.0466
40.0671
43.0823
45.2164
46.3953
47.106
47.9768
49.1559
49.9776
50.7782
51.3925
51.884
52.199
52.3191
52.3025
52.1262
51.8692
51.4781
51.0323
50.6344
50.1889
49.8013
49.1753
48.7195
47.7995
47.2768
46.1434
45.706
44.7696
44.7601
45.3766
47.2743
21.6322
18.963
18.0783
17.8408
17.7492
17.7272
17.8896
18.0839
18.3179
18.5078
18.7062
18.8739
18.9768
19.0769
19.1186
19.1756
19.1853
19.1726
19.1576
19.1676
19.1654
19.1366
19.0714
18.9832
18.877
18.7724
18.6684
18.5588
18.4882
18.3707
18.3232
18.2582
18.1585
18.1844
18.3306
17.8005
18.8234
25.119
33.743
37.1306
37.4753
36.6843
35.3704
34.0405
33.016
32.0555
31.373
30.7198
29.9609
29.4862
29.0466
28.6128
28.5804
29.0283
30.4036
33.1127
37.0505
41.3372
44.7138
47.2012
48.6799
49.5966
50.5893
51.857
52.7729
53.665
54.3749
54.9549
55.3579
55.5575
55.6032
55.4944
55.2821
54.9362
54.5182
54.1366
53.6997
53.326
52.7207
52.2838
51.4153
50.9118
49.8704
49.4461
48.669
48.6795
49.4344
51.1543
21.6921
18.9518
17.9924
17.7397
17.6697
17.6657
17.8533
18.0861
18.3577
18.5837
18.8152
19.0162
19.1459
19.2698
19.3283
19.4015
19.4237
19.4208
19.4114
19.4243
19.4278
19.4059
19.3463
19.2583
19.1495
19.0394
18.9288
18.8097
18.7327
18.6058
18.5495
18.4785
18.3753
18.374
18.5373
18.0521
18.7726
24.2857
33.4472
37.7449
38.5923
38.0386
36.8562
35.5402
34.4884
33.4953
32.7689
32.1002
31.3202
30.8025
30.3456
29.8899
29.7855
30.1508
31.3565
33.8697
37.7332
42.2036
45.9338
48.8136
50.6541
51.8413
52.9863
54.3515
55.3714
56.3642
57.1829
57.866
58.3741
58.6754
58.8101
58.7841
58.645
58.3688
58.0032
57.6569
57.2472
56.9008
56.3373
55.9336
55.1477
54.6817
53.7726
53.3783
52.8058
52.8506
53.7352
55.341
21.5842
18.8651
17.836
17.5644
17.5156
17.5292
17.742
18.0143
18.3241
18.5885
18.8549
19.0924
19.2528
19.4039
19.4829
19.5752
19.6127
19.6231
19.622
19.6388
19.6495
19.6361
19.5862
19.5025
19.3946
19.2818
19.167
19.0401
18.9574
18.8226
18.7569
18.6789
18.5761
18.5393
18.7076
18.2989
18.7195
23.1902
32.4265
37.7639
39.3004
39.084
38.1409
36.8964
35.8489
34.8468
34.0871
33.414
32.6278
32.073
31.6019
31.1357
30.9498
31.2248
32.2253
34.4394
38.0827
42.6045
46.6373
49.9258
52.1847
53.715
55.0559
56.5332
57.6674
58.7704
59.7103
60.5117
61.1421
61.5684
61.8199
61.9024
61.8578
61.6858
61.4025
61.1162
60.7595
60.4583
59.9631
59.6096
58.9397
58.5331
57.7979
57.4613
57.1259
57.2338
58.2527
59.8595
21.2321
18.6715
17.589
17.2976
17.2691
17.3006
17.5388
17.8512
18.1998
18.5051
18.808
19.0852
19.2805
19.4629
19.5672
19.6815
19.7389
19.7656
19.7744
19.7988
19.8185
19.8151
19.7788
19.7046
19.6021
19.4903
19.3746
19.2427
19.1557
19.0154
18.9407
18.8548
18.7572
18.6811
18.839
18.5292
18.6941
22.0284
30.6032
37.0201
39.434
39.7082
39.1072
38.0324
37.037
36.0609
35.2862
34.6231
33.8503
33.2688
32.7882
32.3252
32.0565
32.2394
33.0166
34.8535
38.1198
42.5059
46.73
50.3991
53.1113
55.0563
56.6511
58.2632
59.5235
60.7463
61.8194
62.7533
63.5228
64.0963
64.49
64.7175
64.7918
64.7493
64.5918
64.3963
64.1251
63.8939
63.4992
63.2167
62.6973
62.3765
61.8541
61.6163
61.53
61.7482
62.9147
64.6325
20.5328
18.3234
17.2206
16.9154
16.9073
16.9583
17.2226
17.5755
17.9634
18.312
18.6536
18.9738
19.2086
19.4268
19.5617
19.7017
19.7839
19.8322
19.8554
19.889
19.9197
19.9279
19.9077
19.8501
19.7581
19.6522
19.5399
19.407
19.3179
19.1757
19.0937
18.9994
18.911
18.7983
18.9294
18.7277
18.7046
20.9503
28.1143
35.3531
38.7899
39.7672
39.5897
38.8359
37.9625
37.0648
36.3057
35.6729
34.9389
34.3477
33.8654
33.4217
33.0802
33.1747
33.7315
35.1554
37.902
41.9301
46.1619
50.1091
53.262
55.6745
57.5898
59.3689
60.7696
62.1227
63.3395
64.419
65.3423
66.0827
66.6436
67.0444
67.2817
67.3901
67.39
67.3328
67.1863
67.056
66.8022
66.6165
66.2797
66.0793
65.7999
65.7161
65.8562
66.2616
67.5985
69.5032
19.357
17.7514
16.6837
16.3838
16.3994
16.4748
16.768
17.1615
17.5892
17.9837
18.3658
18.732
19.0114
19.2704
19.4422
19.6122
19.7247
19.8004
19.844
19.8905
19.9348
19.9583
19.9547
19.919
19.845
19.7508
19.6471
19.5188
19.4308
19.2912
19.2049
19.1029
19.0257
18.8866
18.9766
18.8769
18.7347
20.0864
25.315
32.7062
37.163
39.0373
39.4377
39.1218
38.4919
37.75
37.0564
36.4843
35.8232
35.2482
34.778
34.372
33.9831
33.9958
34.3576
35.3858
37.5083
40.9648
44.9453
48.9869
52.4926
55.3699
57.6629
59.647
61.2053
62.7001
64.0694
65.3055
66.3933
67.3164
68.0652
68.664
69.0964
69.4003
69.5836
69.6973
69.7237
69.7366
69.6744
69.6147
69.4905
69.4512
69.4392
69.544
69.918
70.5639
72.1007
74.2236
17.6578
16.7614
15.9059
15.6513
15.7039
15.8144
16.1424
16.5767
17.0449
17.4881
17.9132
18.3285
18.6575
18.9629
19.1787
19.3842
19.5334
19.6429
19.7143
19.7792
19.8406
19.8838
19.8989
19.886
19.84
19.7645
19.6755
19.559
19.476
19.3451
19.2589
19.1516
19.0847
18.9378
18.9761
18.9456
18.7816
19.4807
22.7443
29.2357
34.4261
37.2693
38.4602
38.6567
38.4457
37.9636
37.4094
36.9412
36.4005
35.88
35.446
35.0985
34.71
34.639
34.8601
35.5473
37.0451
39.7704
43.2274
47.072
50.7183
53.9805
56.6717
58.887
60.6149
62.2594
63.7848
65.1822
66.441
67.5554
68.507
69.3191
69.9735
70.5036
70.9052
71.2307
71.4702
71.6801
71.8125
71.9522
72.0632
72.2325
72.4762
72.8191
73.4748
74.3622
76.1103
78.4598
15.1796
15.198
14.7814
14.6408
14.7678
14.929
15.304
15.7804
16.291
16.7862
17.2576
17.7248
18.1089
18.4666
18.7343
18.9822
19.175
19.3255
19.4332
19.5239
19.6076
19.6741
19.7166
19.7247
19.7105
19.6656
19.5981
19.5021
19.429
19.3141
19.2339
19.1262
19.0686
18.9352
18.9159
18.9229
18.8039
19.0968
20.8763
25.4343
30.6824
34.3186
36.3772
37.289
37.545
37.4837
37.1886
36.8872
36.5295
36.1142
35.7548
35.4908
35.1519
35.038
35.1677
35.5971
36.5673
38.5064
41.2349
44.5696
48.0434
51.4483
54.4444
56.8841
58.7835
60.5808
62.2627
63.8236
65.254
66.5538
67.7079
68.7352
69.6212
70.3921
71.0401
71.6095
72.0951
72.539
72.9174
73.2908
73.6624
74.0795
74.5951
75.213
76.1318
77.2933
79.1944
81.733
11.5386
12.9452
13.0976
13.2274
13.5158
13.754
14.1963
14.721
15.2785
15.8299
16.3521
16.8742
17.3189
17.735
18.0632
18.3615
18.6058
18.8055
18.9592
19.0849
19.1983
19.2931
19.3674
19.4092
19.4211
19.4133
19.3799
19.3147
19.257
19.1671
19.0998
18.9996
18.952
18.8481
18.7783
18.8031
18.7478
18.8384
19.6633
22.209
26.4671
30.3141
33.07
34.7419
35.6324
36.0724
36.1109
36.1039
36.0153
35.7735
35.5447
35.3955
35.1654
35.0772
35.1645
35.436
36.0317
37.2736
39.2059
41.7961
44.7574
47.9536
51.0212
53.5773
55.5887
57.4985
59.3025
60.9978
62.5766
64.0458
65.3942
66.6322
67.7504
68.7691
69.6744
70.4973
71.2428
71.9414
72.5885
73.2219
73.8709
74.5625
75.3551
76.2585
77.4218
78.8392
80.8249
83.425
6.50483
9.62542
10.687
11.2563
11.8187
12.204
12.7378
13.3301
13.9449
14.5593
15.1386
15.7193
16.2302
16.7109
17.1085
17.4663
17.7709
18.0283
18.2391
18.4112
18.5639
18.6942
18.8061
18.8854
18.9414
18.9654
18.9671
18.9522
18.9162
18.8617
18.8152
18.7332
18.6986
18.631
18.537
18.5647
18.5647
18.5878
18.9022
20.0662
22.6455
25.8718
28.7787
30.9887
32.4841
33.4997
34.0184
34.3776
34.5851
34.5972
34.5972
34.607
34.5564
34.5914
34.6822
34.8974
35.2806
36.0378
37.2652
39.0528
41.2767
43.9073
46.6939
49.145
51.1301
53.0491
54.8915
56.6521
58.3208
59.9026
61.3903
62.7892
64.094
65.3189
66.4547
67.5242
68.5322
69.4977
70.4289
71.3494
72.2797
73.2413
74.289
75.4435
76.8017
78.3908
80.3794
82.9108
1.59133
4.98453
7.2682
8.51194
9.5042
10.1476
10.821
11.517
12.2094
12.8977
13.5437
14.1884
14.7717
15.323
15.7987
16.2261
16.6009
16.9251
17.2043
17.4358
17.6398
17.8154
17.9742
18.0967
18.2007
18.273
18.3231
18.3419
18.3448
18.3404
18.3239
18.2747
18.2575
18.2244
18.1468
18.1658
18.2136
18.2356
18.3359
18.7752
19.9326
21.963
24.2831
26.4746
28.2645
29.7263
30.7114
31.4785
32.0485
32.4211
32.6681
32.9255
33.0758
33.2794
33.4802
33.7491
34.0747
34.5778
35.3263
36.4476
37.9278
39.808
41.9961
44.0659
45.817
47.5653
49.2902
50.9796
52.619
54.2058
55.7339
57.2036
58.6107
59.9629
61.2567
62.502
63.7046
64.8763
66.0283
67.175
68.3398
69.5441
70.8222
72.1965
73.7181
75.4212
77.3533
79.7429
0.135707
0.865746
2.67081
4.772
6.36876
7.39766
8.29939
9.16092
9.96569
10.745
11.4727
12.1916
12.8558
13.4839
14.045
14.5516
15.0071
15.4081
15.7671
16.072
16.3419
16.5753
16.7914
16.9658
17.1254
17.2537
17.3588
17.4285
17.4899
17.5322
17.5421
17.5429
17.5615
17.5604
17.5351
17.5521
17.6182
17.6943
17.7297
17.8658
18.2762
19.1778
20.5525
22.1469
23.6947
25.2001
26.4141
27.4627
28.3351
29.0472
29.5798
30.1008
30.5015
30.9146
31.2966
31.7008
32.1009
32.552
33.0851
33.7977
34.7265
35.9312
37.424
38.941
40.2855
41.6795
43.103
44.5414
45.9794
47.4089
48.8219
50.2148
51.5828
52.9274
54.2471
55.545
56.8247
58.0921
59.3559
60.6248
61.9133
63.2344
64.6081
66.0493
67.5805
69.226
70.9578
73.109
0.00502083
0.0409062
0.251504
0.8588
2.14831
3.6757
5.00789
6.12224
7.06994
7.96276
8.80219
9.61789
10.3755
11.0854
11.7361
12.33
12.8778
13.3671
13.8169
14.2094
14.5607
14.8655
15.1525
15.391
15.614
15.8063
15.977
16.1079
16.2362
16.3326
16.4051
16.4565
16.514
16.5759
16.5815
16.6259
16.7082
16.8377
16.9039
16.9508
17.075
17.3692
17.9512
18.8012
19.7578
20.8585
21.9
22.9092
23.8414
24.7104
25.4385
26.1472
26.7633
27.3682
27.9403
28.5096
29.054
29.5869
30.1146
30.685
31.3377
32.1214
33.0766
34.083
35.0026
35.981
37.0082
38.0756
39.1737
40.2955
41.4344
42.5864
43.7469
44.9145
46.0875
47.2658
48.4507
49.6438
50.8493
52.0709
53.315
54.5869
55.894
57.2423
58.6333
60.092
61.522
63.3676
0.000137402
0.00087166
0.00603672
0.0333235
0.153633
0.470931
1.11138
2.0871
3.20894
4.35463
5.4062
6.35285
7.20195
7.98626
8.72756
9.42003
10.0759
10.6689
11.2197
11.7095
12.1559
12.5447
12.9165
13.2351
13.5342
13.8006
14.0493
14.2505
14.4526
14.6177
14.7608
14.8786
14.9912
15.1085
15.1904
15.2694
15.3759
15.5417
15.6697
15.745
15.8043
15.8992
16.0826
16.4196
16.8493
17.4259
18.0556
18.7401
19.44
20.1697
20.8589
21.5574
22.2253
22.8938
23.5545
24.2169
24.8672
25.4973
26.101
26.6901
27.2834
27.9096
28.5945
29.2855
29.9096
30.5683
31.2603
31.9844
32.7383
33.52
34.3273
35.1585
36.0119
36.8863
37.7811
38.6956
39.63
40.5842
41.5591
42.5551
43.5733
44.6142
45.6769
46.7644
47.8614
49.0087
50.0536
51.5092
2.97714e-06
1.38258e-05
8.62655e-05
0.000488074
0.0026282
0.0115773
0.0438911
0.136209
0.335895
0.725984
1.32084
2.08818
2.97706
3.90649
4.82961
5.68504
6.47624
7.1769
7.82041
8.39791
8.94345
9.42677
9.89889
10.319
10.7152
11.0703
11.4113
11.6964
11.9776
12.2222
12.4455
12.6388
12.8212
12.9984
13.159
13.3039
13.4591
13.6595
13.8445
13.9864
14.0883
14.174
14.2566
14.385
14.5462
14.7802
15.065
15.4064
15.7877
16.222
16.6802
17.1748
17.6911
18.2343
18.8016
19.3919
19.9978
20.6072
21.2099
21.8027
22.3858
22.9701
23.5615
24.1141
24.5924
25.0789
25.5751
26.0825
26.6023
27.1355
27.683
28.2454
28.8233
29.4169
30.0267
30.6528
31.2952
31.9537
32.6282
33.318
34.0219
34.7397
35.4658
36.2073
36.9359
37.7131
38.3567
39.3668
1.99735e-07
2.53742e-07
9.52216e-07
5.12736e-06
2.76158e-05
0.000126621
0.000516541
0.00189802
0.00620488
0.0190291
0.0519556
0.123023
0.267446
0.497218
0.854289
1.31207
1.88616
2.52406
3.22666
3.92227
4.63419
5.28275
5.90818
6.46697
6.98532
7.4397
7.87263
8.24674
8.60466
8.92874
9.23702
9.51364
9.77951
10.0301
10.2736
10.5013
10.729
10.9832
11.2279
11.4405
11.6155
11.7617
11.8806
11.9925
12.0988
12.2182
12.3531
12.511
12.6918
12.9032
13.1428
13.4146
13.7186
14.0554
14.4255
14.8269
15.2563
15.7074
16.1726
16.6484
17.1295
17.6186
18.1127
18.564
18.9471
19.3295
19.7114
20.0936
20.4768
20.8619
21.2497
21.641
22.0367
22.4372
22.8431
23.2544
23.6714
24.0937
24.5207
24.9523
25.3862
25.8242
26.2578
26.7
27.1166
27.5766
27.912
28.5256
1.96823e-07
5.4298e-08
3.2013e-08
5.49481e-08
2.18283e-07
9.85514e-07
4.09173e-06
1.55239e-05
5.33492e-05
0.000171623
0.000512869
0.00140929
0.0037146
0.0090821
0.0209676
0.0444322
0.0955391
0.161586
0.297178
0.440347
0.684468
0.9511
1.29547
1.66633
2.09168
2.52683
2.99184
3.45111
3.9146
4.35832
4.79664
5.20364
5.59637
5.96157
6.3121
6.64202
6.95918
7.28457
7.59868
7.88217
8.12974
8.34363
8.52778
8.68898
8.83239
8.96515
9.09295
9.22018
9.35128
9.49024
9.64079
9.80609
9.98979
10.1938
10.4197
10.6674
10.9355
11.2223
11.5238
11.8396
12.1659
12.5048
12.8523
13.1736
13.4475
13.7215
13.995
14.2678
14.5397
14.8108
15.0811
15.3508
15.6199
15.8884
16.1563
16.4234
16.6893
16.954
17.2161
17.4764
17.7317
17.9857
18.2291
18.4766
18.6981
18.9474
19.1187
19.4207
1.96304e-07
5.55484e-08
2.38912e-08
1.2739e-08
9.42626e-09
1.20286e-08
2.74783e-08
9.04867e-08
3.11223e-07
1.02371e-06
3.15614e-06
9.00749e-06
2.43192e-05
6.17385e-05
0.000148768
0.000338479
0.000777683
0.00158727
0.00346911
0.0063891
0.0129465
0.0219483
0.0410973
0.0633857
0.102967
0.153041
0.223787
0.308401
0.420338
0.544197
0.697861
0.862874
1.05351
1.25703
1.4819
1.71991
1.97517
2.24956
2.54255
2.83396
3.11844
3.38622
3.63913
3.87458
4.09231
4.29456
4.48587
4.66954
4.84885
5.02779
5.20769
5.39332
5.5829
5.77908
5.98226
6.19418
6.41325
6.64026
6.87225
7.11058
7.35202
7.59945
7.84929
8.07926
8.27465
8.46869
8.66113
8.85166
9.04015
9.22642
9.41037
9.59194
9.77092
9.94732
10.1207
10.2912
10.458
10.6216
10.7802
10.9357
11.084
11.2306
11.3655
11.5038
11.6196
11.7553
11.8378
12.013
1.96174e-07
5.57965e-08
2.34913e-08
1.30732e-08
8.36543e-09
6.23188e-09
4.78229e-09
4.14994e-09
4.57685e-09
6.85707e-09
1.47931e-08
3.81405e-08
1.01288e-07
2.60394e-07
6.39025e-07
1.48864e-06
3.38586e-06
7.22754e-06
1.56396e-05
3.0644e-05
6.46434e-05
0.000115501
0.000233693
0.000384852
0.000708675
0.00111626
0.00197995
0.00299751
0.00479595
0.00793497
0.010989
0.0175883
0.0237095
0.0360254
0.0469258
0.0674201
0.0882571
0.120506
0.157308
0.202178
0.250084
0.300437
0.352237
0.404169
0.459743
0.517567
0.578086
0.640989
0.707365
0.776348
0.851067
0.928097
1.01454
1.10789
1.20966
1.32068
1.43842
1.56668
1.69946
1.84257
1.98841
2.14332
2.3001
2.44751
2.57348
2.69976
2.82602
2.95144
3.07643
3.19988
3.32225
3.44288
3.56141
3.67848
3.79192
3.9045
4.0118
4.11911
4.21892
4.32056
4.41119
4.50702
4.58643
4.67711
4.74223
4.82997
4.87612
4.977
1.96165e-07
5.57562e-08
2.35434e-08
1.29954e-08
8.44716e-09
6.14478e-09
4.78536e-09
3.90134e-09
3.33301e-09
2.86164e-09
2.6067e-09
2.33516e-09
2.37406e-09
2.64708e-09
3.51315e-09
5.69826e-09
1.07366e-08
2.14721e-08
4.42643e-08
8.88771e-08
1.88644e-07
3.5004e-07
7.27405e-07
1.23421e-06
2.38166e-06
3.7643e-06
6.92496e-06
1.05421e-05
1.76598e-05
2.94911e-05
4.25256e-05
7.30418e-05
0.000105516
0.000178041
0.000257762
0.000431745
0.000643193
0.00109355
0.00167423
0.00231962
0.00328731
0.00373655
0.00458817
0.00516696
0.00601667
0.00742014
0.00829798
0.0102132
0.0115529
0.0142633
0.0160277
0.0195943
0.0223146
0.0267896
0.0333518
0.0407444
0.0509071
0.0632726
0.0773353
0.0946811
0.11456
0.135825
0.161644
0.184678
0.207869
0.229167
0.254459
0.278379
0.304212
0.330691
0.356611
0.384684
0.410991
0.440406
0.465972
0.496638
0.520629
0.551998
0.574454
0.605325
0.625961
0.656267
0.674163
0.703409
0.718601
0.746002
0.757968
0.790776
1.96161e-07
5.57444e-08
2.3551e-08
1.29854e-08
8.45113e-09
6.14252e-09
4.78256e-09
3.907e-09
3.32132e-09
2.86797e-09
2.56747e-09
2.28203e-09
2.11521e-09
1.91304e-09
1.81368e-09
1.6715e-09
1.60082e-09
1.52203e-09
1.48384e-09
1.50643e-09
1.60254e-09
1.8284e-09
2.38845e-09
3.2798e-09
5.36516e-09
8.01825e-09
1.41971e-08
2.15609e-08
3.74575e-08
5.92458e-08
9.58905e-08
1.62234e-07
2.53753e-07
4.57596e-07
7.34252e-07
1.34846e-06
2.25128e-06
4.64979e-06
6.924e-06
1.17559e-05
1.25836e-05
1.38723e-05
1.57851e-05
1.7303e-05
2.1095e-05
2.49324e-05
3.26961e-05
4.07175e-05
5.78727e-05
7.06193e-05
9.80358e-05
0.000114078
0.000146331
0.00016015
0.000187519
0.000244181
0.000339073
0.000554773
0.00076622
0.00119671
0.00166593
0.00230488
0.00321197
0.00400025
0.00498011
0.00583042
0.00691529
0.00817175
0.0093118
0.010875
0.0121443
0.0138206
0.0152507
0.0171582
0.018541
0.0207606
0.0220547
0.0244295
0.0257542
0.0281095
0.0293817
0.0317486
0.0329068
0.035152
0.0362369
0.0382945
0.0392316
0.0411063
1.96165e-07
5.57397e-08
2.35578e-08
1.29803e-08
8.45159e-09
6.14841e-09
4.7693e-09
3.92764e-09
3.29424e-09
2.90023e-09
2.53127e-09
2.32065e-09
2.07762e-09
1.94897e-09
1.79066e-09
1.69782e-09
1.61149e-09
1.56465e-09
1.58757e-09
1.67491e-09
1.90671e-09
2.35917e-09
3.44148e-09
4.89218e-09
8.32704e-09
1.22615e-08
2.05734e-08
3.21985e-08
4.45389e-08
7.79405e-08
1.0167e-07
1.51733e-07
1.85667e-07
2.48474e-07
2.73781e-07
3.22832e-07
3.6696e-07
5.21913e-07
1.18673e-06
3.49801e-06
1.06561e-05
2.78662e-05
7.16924e-05
0.000144552
0.000299394
0.000528142
0.000846513
0.00138077
0.00196936
0.00272022
0.00362104
0.00446535
0.00543893
0.00618935
0.00701529
0.00758542
0.00813276
0.00838889
0.00891573
0.00919398
0.0097408
0.0100396
0.0106387
0.0109955
0.0115511
0.0119241
0.0125095
0.0129385
0.0135607
0.0140428
0.0146904
0.0151798
0.0158488
0.0163608
0.0170427
0.0175625
0.0182432
0.0187616
0.0194442
0.0199199
0.0205873
0.0209875
0.0216277
0.0219665
0.0225532
0.0228446
0.0234204
0.0224045
1.96169e-07
5.57602e-08
2.35301e-08
1.30219e-08
8.40435e-09
6.20245e-09
4.71193e-09
3.98625e-09
3.24052e-09
2.96292e-09
2.54623e-09
2.48634e-09
2.6498e-09
3.29319e-09
5.06636e-09
9.32265e-09
1.87816e-08
3.88067e-08
7.95234e-08
1.58046e-07
3.36124e-07
6.07501e-07
1.24884e-06
2.06982e-06
4.01211e-06
6.2298e-06
1.08972e-05
1.75358e-05
2.5196e-05
4.50138e-05
6.17111e-05
9.82822e-05
0.000129896
0.000190177
0.000274082
0.000355881
0.000522188
0.000750508
0.00121428
0.0019576
0.0035654
0.00566391
0.0102467
0.0147769
0.02404
0.0324133
0.0474154
0.061047
0.0814991
0.0996366
0.123681
0.144584
0.168868
0.19062
0.213447
0.235088
0.255522
0.277137
0.295217
0.315465
0.333963
0.354511
0.373436
0.392659
0.408488
0.425362
0.441047
0.457757
0.47333
0.489656
0.505022
0.520497
0.535876
0.550414
0.565736
0.579406
0.594485
0.607316
0.622579
0.633827
0.649135
0.658782
0.673513
0.682073
0.696014
0.702665
0.716802
0.715496
1.96173e-07
5.58353e-08
2.34098e-08
1.31948e-08
8.20781e-09
6.40577e-09
4.61325e-09
4.39593e-09
5.20618e-09
8.99815e-09
2.16666e-08
5.84954e-08
1.56921e-07
4.05777e-07
1.00209e-06
2.36536e-06
5.32603e-06
1.15756e-05
2.44151e-05
4.90193e-05
0.00010528
0.000187902
0.000385308
0.000628863
0.00121562
0.00186572
0.00328491
0.00509767
0.0076574
0.013125
0.0180035
0.0279938
0.0370511
0.0533924
0.0714714
0.0923038
0.122352
0.153693
0.197665
0.245902
0.311795
0.38709
0.484808
0.593603
0.723664
0.864721
1.02024
1.18568
1.36096
1.53618
1.71231
1.88095
2.04532
2.19968
2.34885
2.48747
2.62162
2.74639
2.86778
2.98143
3.09142
3.19601
3.29838
3.39
3.46911
3.54491
3.62014
3.69262
3.76469
3.83448
3.90369
3.97072
4.03723
4.10159
4.16556
4.22666
4.28797
4.34498
4.40377
4.45622
4.51256
4.55954
4.61401
4.65427
4.70813
4.73942
4.79471
4.81263
1.96279e-07
5.56371e-08
2.37816e-08
1.28182e-08
9.10475e-09
1.16653e-08
2.87956e-08
1.03874e-07
3.79458e-07
1.28663e-06
4.03404e-06
1.1707e-05
3.18495e-05
8.25736e-05
0.000203183
0.000478185
0.00106614
0.00231961
0.00491142
0.00963764
0.0199168
0.0336331
0.0636893
0.0948181
0.161273
0.218669
0.327945
0.433418
0.585196
0.741173
0.932117
1.1323
1.35326
1.58542
1.82798
2.07917
2.33639
2.60168
2.87516
3.15995
3.46337
3.78116
4.12247
4.46707
4.82422
5.17572
5.52029
5.86126
6.18277
6.47966
6.74749
6.98735
7.2018
7.39419
7.56863
7.72857
7.87814
8.0203
8.1578
8.29409
8.43057
8.57103
8.71538
8.85441
8.97617
9.0996
9.22469
9.35134
9.47946
9.60873
9.739
9.86985
10.0012
10.1325
10.2637
10.3941
10.524
10.6522
10.7796
10.9042
11.0284
11.1479
11.2686
11.3808
11.4994
11.5992
11.722
11.7954
1.95909e-07
5.61161e-08
2.64728e-08
4.12294e-08
1.65622e-07
8.25113e-07
3.75297e-06
1.52963e-05
5.546e-05
0.000184086
0.000565946
0.0016061
0.00429424
0.0109785
0.0260426
0.0578343
0.115148
0.218827
0.375394
0.587441
0.879686
1.20957
1.627
2.04994
2.54281
3.01501
3.52438
3.99596
4.47909
4.91447
5.34465
5.72743
6.09351
6.42491
6.73032
7.01219
7.27444
7.52784
7.77237
8.02594
8.28698
8.56417
8.85483
9.13805
9.43029
9.70152
9.96721
10.2323
10.4752
10.6952
10.8951
11.0824
11.265
11.4507
11.6455
11.8547
12.0853
12.3369
12.6159
12.921
13.2556
13.619
14.0103
14.3818
14.7033
15.0308
15.3633
15.6989
16.0365
16.3747
16.7125
17.0486
17.3825
17.7129
18.0393
18.3608
18.6767
18.9864
19.2895
19.5853
19.874
20.1541
20.4277
20.6901
20.9501
21.1893
21.4458
21.6355
1.82388e-07
1.84272e-07
5.38435e-07
3.22353e-06
1.9172e-05
9.656e-05
0.000420615
0.0016473
0.00569589
0.0181032
0.0518351
0.128775
0.282899
0.558578
0.963925
1.51299
2.16165
2.90082
3.66396
4.42726
5.16025
5.83045
6.4551
6.99596
7.50617
7.93618
8.34979
8.70106
9.0476
9.34057
9.63195
9.88147
10.1313
10.3469
10.55
10.7384
10.9172
11.0959
11.2712
11.4644
11.6616
11.8883
12.118
12.345
12.5803
12.792
13.0114
13.2537
13.4955
13.7452
14.023
14.333
14.7009
15.1326
15.6357
16.2184
16.8823
17.6141
18.4206
19.2748
20.1801
21.1135
22.0727
22.9218
23.6263
24.3158
24.9917
25.6481
26.2865
26.9042
27.5025
28.0792
28.6357
29.1712
29.6866
30.1817
30.6567
31.1121
31.548
31.965
32.3637
32.7447
33.1089
33.456
33.7893
34.1013
34.4145
34.6627
1.78578e-06
7.20319e-06
4.55015e-05
0.000296641
0.0017237
0.0082403
0.0328913
0.111744
0.299383
0.677973
1.30535
2.14769
3.13581
4.17385
5.1828
6.11344
6.93632
7.67789
8.32534
8.92009
9.46366
9.95436
10.4166
10.824
11.211
11.5389
11.8531
12.1175
12.3723
12.5759
12.7773
12.9444
13.1082
13.2331
13.3563
13.4657
13.5743
13.6843
13.7953
13.927
14.0613
14.2428
14.4142
14.5983
14.7954
14.9841
15.2213
15.5711
16.0048
16.5449
17.2294
18.0426
19.0591
20.235
21.5852
23.0816
24.6726
26.3166
27.9788
29.5874
31.1516
32.6301
34.0248
35.1635
36.0674
36.9092
37.7024
38.4381
39.1297
39.7748
40.382
40.948
41.4807
41.9791
42.4507
42.8931
43.3102
43.7041
44.0742
44.4242
44.7539
45.0649
45.3586
45.6359
45.898
46.1435
46.382
46.5735
6.97815e-05
0.000460096
0.00312978
0.020196
0.102555
0.356547
0.899239
1.86189
3.05967
4.32936
5.52557
6.59948
7.55472
8.42122
9.22093
9.9602
10.6322
11.2484
11.7844
12.2743
12.7054
13.0825
13.4308
13.7303
14.0071
14.2397
14.4569
14.6384
14.8043
14.9282
15.0513
15.1522
15.2362
15.2908
15.3477
15.3956
15.4518
15.5009
15.5616
15.6389
15.7286
15.881
16.0131
16.1957
16.417
16.6873
17.1467
17.945
18.9967
20.3382
22.001
23.953
26.2774
28.757
31.3938
33.9924
36.4599
38.7512
40.7892
42.5598
44.1352
45.4851
46.6435
47.5408
48.2402
48.8685
49.446
49.9596
50.4325
50.8606
51.2564
51.6161
51.9465
52.2512
52.5375
52.7995
53.0467
53.2804
53.4974
53.7033
53.8945
54.073
54.2398
54.3958
54.5417
54.6777
54.8073
54.9095
0.00261089
0.0225684
0.142008
0.611915
1.68387
3.21805
4.70879
6.00325
7.11936
8.15645
9.13522
10.0584
10.9033
11.6646
12.3453
12.9554
13.5004
13.9921
14.4158
14.8014
15.1305
15.4123
15.6685
15.8807
16.0684
16.2237
16.3585
16.4701
16.5574
16.6132
16.6691
16.715
16.728
16.7254
16.7359
16.735
16.7437
16.7424
16.7703
16.8062
16.8793
17.019
17.1595
17.4301
17.806
18.4168
19.5679
21.4119
23.683
26.4491
29.6755
33.2634
37.0777
40.6895
44.0867
46.9675
49.4067
51.4129
52.9616
54.199
55.2015
55.9308
56.4892
56.9385
57.2837
57.5837
57.8508
58.0713
58.2648
58.4322
58.5828
58.7179
58.8294
58.9385
59.0315
59.1171
59.2008
59.2826
59.3602
59.4323
59.4989
59.5599
59.6154
59.6661
59.7122
59.754
59.7926
59.8187
0.0769126
0.568838
1.88234
4.14876
5.92109
7.11797
8.20254
9.23891
10.2131
11.1386
11.9937
12.7922
13.5173
14.1644
14.7333
15.2345
15.6739
16.0614
16.3904
16.6846
16.9265
17.1284
17.3074
17.4482
17.5633
17.6547
17.72
17.7726
17.7945
17.7964
17.7955
17.7937
17.7737
17.7209
17.6923
17.6486
17.6225
17.5601
17.5694
17.5969
17.684
17.8416
18.0943
18.6067
19.3921
20.8869
23.4508
26.9126
30.7337
35.1575
39.9687
44.8464
49.3512
53.098
56.1756
58.4024
60.0883
61.2459
61.9716
62.4873
62.7842
62.811
62.8084
62.8855
62.8838
62.9023
62.903
62.8886
62.837
62.7839
62.7379
62.6929
62.6419
62.5972
62.5519
62.5092
62.472
62.4396
62.4104
62.3831
62.3566
62.3306
62.3046
62.2785
62.2521
62.2254
62.1979
62.1666
1.08617
3.95284
6.51612
8.10813
9.22473
10.0385
10.9166
11.7889
12.6416
13.4648
14.2146
14.9083
15.5267
16.0694
16.5383
16.9456
17.2957
17.5969
17.8479
18.065
18.2351
18.3717
18.4852
18.5692
18.6247
18.6647
18.6699
18.6705
18.6563
18.6108
18.5682
18.5177
18.4574
18.3708
18.323
18.242
18.1888
18.0926
18.0986
18.142
18.2798
18.5252
19.0513
20.0557
21.7092
24.8893
29.3631
34.2425
39.2569
45.0233
50.8374
56.0866
60.2715
63.2964
65.4034
66.6083
67.3464
67.5799
67.5654
67.448
67.1509
66.6871
66.2427
65.9479
65.7353
65.5267
65.322
65.1155
64.9151
64.7237
64.5444
64.376
64.2151
64.0674
63.9295
63.802
63.6851
63.5779
63.479
63.3868
63.3001
63.2179
63.1395
63.0642
62.9912
62.9201
62.85
62.7814
5.30232
8.82925
10.1679
11.0506
11.7077
12.257
13.0093
13.7717
14.5328
15.2652
15.9198
16.5214
17.0458
17.497
17.8803
18.208
18.483
18.7135
18.9001
19.0531
19.165
19.249
19.3094
19.3472
19.3527
19.3491
19.3247
19.2721
19.214
19.1306
19.0627
18.9755
18.8841
18.7803
18.7177
18.6028
18.5226
18.4334
18.4535
18.5421
18.7797
19.2204
20.304
22.0833
25.2642
30.6806
36.5176
41.8319
47.5832
54.3075
60.4097
65.2063
68.4498
70.3785
71.3589
71.5747
71.4705
71.0589
70.3957
69.7448
69.016
68.2339
67.5059
66.9786
66.6085
66.2525
65.9138
65.5886
65.2844
64.9988
64.733
64.4862
64.2564
64.0456
63.8513
63.6727
63.5087
63.3578
63.2185
63.089
62.9678
62.8534
62.7445
62.64
62.5387
62.4402
62.3428
62.2501
10.5332
12.4156
12.8001
13.1842
13.5515
13.9448
14.6205
15.3022
15.9891
16.6395
17.208
17.7282
18.17
18.5428
18.8541
19.1152
19.3277
19.5005
19.6336
19.7349
19.8007
19.8412
19.859
19.8586
19.8385
19.7875
19.7262
19.6385
19.5488
19.44
19.3527
19.2365
19.1246
19.0168
18.9392
18.793
18.6991
18.6473
18.7001
18.8748
19.2748
20.0509
22.0834
24.8997
30.1172
37.3564
43.2484
48.2766
54.7015
62.0376
67.7946
71.6367
73.7195
74.5157
74.4978
74.018
73.1671
72.208
71.1626
70.1658
69.1607
68.1763
67.2769
66.6116
66.1403
65.6925
65.2709
64.8732
64.5036
64.1597
63.8417
63.5488
63.2794
63.0331
62.8081
62.6026
62.4148
62.2422
62.0831
61.9351
61.7965
61.665
61.5391
61.4171
61.298
61.1809
61.0641
60.9535
14.5557
14.902
14.6572
14.7281
14.9249
15.2312
15.8524
16.4703
17.0923
17.667
18.1584
18.6072
18.9771
19.2833
19.5344
19.7401
19.9013
20.0273
20.1168
20.1758
20.2054
20.2102
20.2011
20.1692
20.1161
20.0308
19.9441
19.8285
19.7171
19.5923
19.4909
19.3528
19.2314
19.1285
19.0319
18.8607
18.7751
18.7787
18.8898
19.1965
19.8305
21.1096
24.4891
28.4002
35.5885
43.498
48.4475
53.1021
60.3031
67.8577
72.8097
75.5042
76.4525
76.3301
75.524
74.4028
73.0951
71.7953
70.5124
69.3065
68.1451
67.047
66.0504
65.3063
64.7737
64.2706
63.7999
63.3595
62.952
62.5754
62.2292
61.913
61.625
61.364
61.1279
60.9139
60.719
60.5399
60.3744
60.2193
60.0727
59.9317
59.7951
59.6606
59.5276
59.3952
59.2613
59.1342
17.3215
16.6227
15.9185
15.8505
15.9531
16.2059
16.7832
17.3455
17.9078
18.4121
18.8351
19.2215
19.5291
19.7791
19.9802
20.14
20.2596
20.3474
20.4012
20.4269
20.4279
20.411
20.3728
20.314
20.2388
20.1268
20.0218
19.8854
19.7611
19.6279
19.5167
19.3635
19.2428
19.1485
19.0288
18.8443
18.7954
18.8507
19.0596
19.5397
20.4753
22.4323
27.3789
32.1181
40.714
48.1984
51.8704
56.3814
64.3777
71.7458
75.6427
77.2094
77.2303
76.3809
74.8997
73.4256
71.8134
70.3208
68.9045
67.583
66.3463
65.1971
64.1578
63.3777
62.8131
62.2809
61.7849
61.3233
60.8975
60.5062
60.1482
59.824
59.5316
59.2697
59.0354
58.8244
58.6325
58.4553
58.29
58.1325
57.9812
57.8328
57.6865
57.5399
57.3929
57.245
57.0933
56.9491
19.2287
17.7345
16.7965
16.6612
16.7194
16.936
17.4737
17.9825
18.4883
18.9275
19.29
19.6218
19.8756
20.0785
20.238
20.36
20.4458
20.5029
20.5279
20.5288
20.5098
20.4684
20.4118
20.3336
20.2412
20.1096
19.9926
19.8424
19.7127
19.5767
19.4591
19.2978
19.1862
19.0998
18.9551
18.7743
18.7764
18.894
19.2269
19.9087
21.2003
23.9728
30.3771
35.4992
44.8233
51.2187
53.7189
58.3395
67.0165
73.8516
76.64
77.2326
76.57
75.0651
73.1886
71.5108
69.713
68.1398
66.6679
65.2998
64.045
62.8865
61.8397
61.0504
60.4724
59.9278
59.4221
58.9531
58.5222
58.1277
57.768
57.4459
57.1587
56.9048
56.6805
56.4793
56.2953
56.1231
55.9594
55.8
55.6434
55.4861
55.3285
55.168
55.005
54.8399
54.6688
54.5062
20.5493
18.3941
17.4044
17.2452
17.2785
17.471
17.9687
18.4248
18.8768
19.2561
19.5653
19.8493
20.0567
20.22
20.3451
20.4361
20.4948
20.5273
20.53
20.5125
20.4738
20.4177
20.3476
20.2557
20.1506
20.006
19.8825
19.7248
19.5956
19.4611
19.34
19.1774
19.0801
18.9983
18.8313
18.6743
18.7253
18.9231
19.3943
20.281
21.9637
25.6104
33.0494
38.1638
47.665
52.6932
54.3368
59.1664
68.3419
74.4336
76.1859
76.0332
74.7958
72.8511
70.7508
68.9821
67.0912
65.5121
64.0352
62.666
61.4292
60.2875
59.2565
58.4754
57.896
57.3501
56.8452
56.3782
55.9508
55.5602
55.2054
54.8921
54.6158
54.3755
54.1657
53.977
53.802
53.6342
53.4707
53.307
53.1427
52.9741
52.8028
52.6261
52.4455
52.2618
52.0698
51.8883
21.3763
18.7919
17.8209
17.6583
17.6737
17.8477
18.3038
18.7082
19.1089
19.4333
19.6955
19.9374
20.1049
20.235
20.3316
20.3971
20.4345
20.4476
20.4332
20.3988
20.3485
20.2821
20.2028
20.1018
19.9883
19.8369
19.7115
19.552
19.4277
19.2975
19.1758
19.0178
18.9374
18.857
18.6727
18.5533
18.6556
18.9373
19.5476
20.623
22.6988
27.1886
35.0761
39.9626
49.2618
52.9269
53.9759
59.1469
68.5372
73.7751
74.6429
73.9407
72.2522
70.0586
67.8533
66.0691
64.151
62.614
61.1649
59.8248
58.6284
57.5196
56.5195
55.7578
55.1848
54.645
54.1481
53.6896
53.2711
52.8886
52.5427
52.2423
51.9804
51.7565
51.5626
51.3862
51.2185
51.0527
50.8865
50.7156
50.541
50.3589
50.1724
49.9784
49.7794
49.5768
49.3639
49.1639
21.8222
19.0151
18.098
17.9393
17.9376
18.0954
18.5073
18.8619
19.2137
19.4883
19.7091
19.9137
20.047
20.1492
20.222
20.2669
20.2878
20.2855
20.2562
20.2111
20.1535
20.0804
19.9955
19.8895
19.7716
19.6186
19.4952
19.3385
19.2223
19.0984
18.9787
18.83
18.7663
18.6858
18.4902
18.4163
18.5711
18.929
19.6622
20.8999
23.3307
28.5072
36.3599
40.9029
49.778
52.214
52.8729
58.4365
67.7755
72.1504
72.3236
71.2089
69.2284
66.9077
64.6834
62.9329
61.0338
59.5681
58.1674
56.8754
55.7323
54.6665
53.7069
52.9712
52.4097
51.8814
51.3975
50.9515
50.5453
50.1734
49.8388
49.5537
49.3076
49.1009
48.9222
48.756
48.5928
48.426
48.2543
48.074
47.8875
47.6909
47.4889
47.2777
47.0611
46.8409
46.6084
46.3918
21.9923
19.1167
18.2709
18.1165
18.0956
18.2377
18.6031
18.9098
19.2152
19.4446
19.6288
19.8004
19.9046
19.9832
20.0364
20.0649
20.072
20.0575
20.017
19.9664
19.9044
19.8277
19.7404
19.6328
19.5142
19.364
19.2455
19.0954
18.9891
18.8729
18.7575
18.6215
18.5725
18.4915
18.292
18.2644
18.4702
18.8872
19.7148
21.0774
23.7963
29.4223
36.9257
41.0907
49.4238
50.8177
51.2336
57.1571
66.2386
69.806
69.4756
68.0522
65.9195
63.5564
61.3721
59.6858
57.8375
56.4586
55.1184
53.8861
52.8033
51.7864
50.8728
50.1672
49.6208
49.108
48.6406
48.2097
47.8178
47.4577
47.136
46.8673
46.6369
46.4467
46.2813
46.1226
45.961
45.7906
45.6116
45.4209
45.2224
45.0118
44.7956
44.5688
44.3367
44.1012
43.852
43.6217
21.969
19.1331
18.3633
18.2104
18.1687
18.2936
18.6112
18.8721
19.1336
19.322
19.4736
19.6158
19.6951
19.754
19.7911
19.8065
19.8026
19.7783
19.7309
19.6779
19.614
19.5363
19.4493
19.343
19.2268
19.0829
18.9716
18.8307
18.7351
18.6273
18.5182
18.3967
18.3594
18.279
18.0834
18.0964
18.3487
18.8004
19.6888
21.131
24.0504
29.8745
36.8727
40.6519
48.3944
48.9491
49.2205
55.4114
64.0976
66.952
66.2741
64.6481
62.4588
60.1147
58.0087
56.4044
54.6276
53.342
52.0693
50.9028
49.8835
48.9187
48.0542
47.3811
46.8527
46.3582
45.9095
45.4954
45.1189
44.7717
44.4637
44.2116
43.9961
43.8207
43.6663
43.5124
43.3501
43.1748
42.9881
42.7875
42.5782
42.3556
42.1274
41.8879
41.6436
41.3962
41.1339
40.8937
21.8123
19.0881
18.3914
18.2364
18.1728
18.2785
18.5481
18.7654
18.9853
19.1368
19.2591
19.3749
19.4331
19.4753
19.4991
19.5037
19.4911
19.4601
19.4093
19.3559
19.2921
19.2156
19.1311
19.0285
18.9173
18.7823
18.6797
18.5496
18.465
18.366
18.2646
18.158
18.1296
18.0504
17.8657
17.911
18.199
18.6612
19.5756
21.0494
24.0756
29.884
36.3048
39.7153
46.8585
46.769
46.9557
53.2915
61.504
63.7568
62.855
61.1195
58.938
56.6556
54.6513
53.1383
51.4458
50.2542
49.0524
47.9547
46.9995
46.0885
45.2745
44.6352
44.1272
43.6533
43.2249
42.8287
42.4685
42.1348
41.8411
41.605
41.4032
41.2409
41.0949
40.9438
40.7798
40.5995
40.406
40.1973
39.9795
39.748
39.5112
39.2627
39.0099
38.7547
38.4836
38.2375
21.5647
18.9973
18.3661
18.2055
18.1197
18.2044
18.4269
18.6029
18.7836
18.9017
18.9977
19.0897
19.1299
19.158
19.1709
19.1667
19.1474
19.1125
19.0605
19.0081
18.946
18.8724
18.7921
18.6952
18.5911
18.4666
18.3736
18.2552
18.1811
18.091
17.9981
17.9059
17.8837
17.8064
17.6376
17.707
18.0137
18.4664
19.3735
20.8325
23.8715
29.4983
35.326
38.3923
44.9496
44.3868
44.5273
50.8781
58.5829
60.3466
59.317
57.5455
55.4156
53.2235
51.3341
49.916
48.3153
47.215
46.0854
45.0573
44.1655
43.309
42.5458
41.9414
41.4557
41.0043
40.5972
40.2198
39.8767
39.5573
39.2782
39.0573
38.8679
38.7169
38.5775
38.4281
38.2624
38.0784
37.8801
37.666
37.443
37.206
36.9644
36.711
36.4541
36.1953
35.9198
35.6722
21.2564
18.8683
18.2934
18.1247
18.0175
18.0797
18.2569
18.3942
18.5381
18.6262
18.6984
18.769
18.794
18.8101
18.8137
18.8025
18.7786
18.7417
18.6901
18.6397
18.5805
18.5111
18.4362
18.3462
18.2506
18.1374
18.0543
17.9477
17.8832
17.8018
17.7176
17.6385
17.6204
17.5457
17.3958
17.4807
17.7885
18.2154
19.086
20.487
23.451
28.7776
34.0249
36.7737
42.774
41.879
41.9947
48.2393
55.4308
56.8097
55.7251
53.9708
51.9232
49.84
48.0715
46.7489
45.2439
44.2305
43.1733
42.2144
41.3849
40.5833
39.8707
39.3017
38.8405
38.4131
38.0283
37.6706
37.3451
37.041
36.7768
36.5702
36.3923
36.251
36.117
35.9692
35.803
35.6172
35.4169
35.2008
34.9762
34.7377
34.4954
34.2414
33.9846
33.7264
33.4511
33.2059
20.9064
18.702
18.1745
17.9965
17.8694
17.9085
18.043
18.1443
18.2542
18.3154
18.3662
18.4176
18.4298
18.4356
18.4313
18.4147
18.388
18.3502
18.3002
18.2525
18.1969
18.1325
18.0638
17.9814
17.8948
17.7932
17.7196
17.6244
17.5684
17.4952
17.4193
17.3517
17.3358
17.2643
17.1345
17.2264
17.5196
17.9089
18.7186
20.0245
22.836
27.7795
32.4727
34.9285
40.4042
39.2935
39.3939
45.4268
52.1146
53.1997
52.1133
50.4141
48.4699
46.5074
44.8617
43.6336
42.2261
41.2949
40.3098
39.4195
38.651
37.9045
37.2422
36.7096
36.2748
35.8728
35.5112
35.1741
34.8673
34.5794
34.3305
34.1376
33.9704
33.8378
33.7088
33.5633
33.3983
33.2136
33.0145
32.8
32.5774
32.3416
32.1025
31.852
31.5996
31.346
31.0752
30.8362
20.5228
18.4928
18.0048
17.8174
17.673
17.6891
17.7845
17.8528
17.9317
17.9692
18.0008
18.0351
18.0365
18.0333
18.0224
18.0017
17.9733
17.9355
17.8878
17.8432
17.7917
17.7326
17.6702
17.5957
17.5182
17.4276
17.3628
17.2779
17.2292
17.1633
17.095
17.0372
17.0221
16.9544
16.8442
16.9354
17.2027
17.5465
18.2767
19.4574
22.0514
26.553
30.7206
32.903
37.8834
36.6517
36.7396
42.473
48.6713
49.5386
48.4877
46.8709
45.0443
43.2101
41.6872
40.5521
39.2434
38.39
37.4771
36.6548
35.9465
35.2557
34.6439
34.1489
33.7426
33.3675
33.0302
32.7149
32.428
32.1576
31.9245
31.7449
31.5881
31.4637
31.3398
31.1981
31.0367
30.856
30.6614
30.452
30.2353
30.0059
29.774
29.531
29.2868
29.0417
28.7796
28.5502
20.101
18.226
17.7714
17.5755
17.417
17.4113
17.4718
17.5106
17.5619
17.5786
17.5933
17.6126
17.6048
17.594
17.5778
17.5541
17.5245
17.4873
17.4423
17.4007
17.3533
17.2995
17.2432
17.1762
17.1073
17.0267
16.9697
16.8938
16.8513
16.7916
16.7298
16.6799
16.6646
16.6011
16.5086
16.5935
16.8283
17.1228
17.7613
18.7948
21.1193
25.134
28.7995
30.7216
35.2275
33.9515
34.0258
39.3864
45.1066
45.8165
44.8274
43.3124
41.6142
39.914
38.5135
37.4707
36.2623
35.4838
34.6439
33.89
33.242
32.6081
32.0477
31.5922
31.2168
30.8705
30.5589
30.267
30.0013
29.7501
29.5336
29.3673
29.2211
29.1048
28.9868
28.8505
28.6953
28.5217
28.335
28.1343
27.927
27.7078
27.4866
27.255
27.0228
26.7897
26.54
26.3235
19.6192
17.8727
17.447
17.2446
17.0754
17.0501
17.0807
17.094
17.1213
17.1205
17.1207
17.1268
17.1115
17.0944
17.0739
17.048
17.0177
16.9813
16.939
16.9003
16.8567
16.8077
16.757
16.6969
16.6356
16.5637
16.5132
16.4448
16.4071
16.3526
16.2962
16.2526
16.2365
16.1768
16.0999
16.1751
16.3752
16.6204
17.1619
18.0354
20.0518
23.5418
26.7184
28.3847
32.4237
31.1649
31.2227
36.1461
41.39
41.9886
41.0795
39.6816
38.121
36.561
35.2842
34.3345
33.2299
32.5252
31.7609
31.0772
30.4912
29.9169
29.41
28.9966
28.655
28.3399
28.0562
27.7898
27.5474
27.3173
27.1189
26.9663
26.8314
26.7234
26.6124
26.4837
26.3373
26.1738
25.9982
25.8096
25.6151
25.4097
25.2028
24.9862
24.7693
24.5517
24.3181
24.1174
19.0251
17.3768
16.9774
16.7709
16.5952
16.5536
16.5596
16.5519
16.5592
16.5442
16.5322
16.5277
16.5063
16.4842
16.4603
16.4327
16.402
16.3665
16.3268
16.2905
16.2504
16.2055
16.1596
16.1053
16.0505
15.9856
15.9405
15.878
15.8442
15.7937
15.7415
15.703
15.6857
15.6292
15.5655
15.6298
15.7971
15.9962
16.4427
17.1541
18.8399
21.772
24.4581
25.8623
29.4226
28.2309
28.2681
32.6892
37.4413
37.9606
37.1456
35.8787
34.4667
33.0561
31.9078
31.0554
30.0615
29.433
28.7496
28.1407
27.6207
27.1108
26.6617
26.2945
25.9907
25.7102
25.4574
25.2196
25.0031
24.7969
24.6185
24.4808
24.3582
24.2595
24.157
24.0379
23.9029
23.7526
23.5912
23.4181
23.2398
23.0517
22.8625
22.6644
22.4663
22.2676
22.0537
21.8717
18.2029
16.6233
16.2497
16.0424
15.8645
15.811
15.7981
15.7741
15.7662
15.7403
15.7192
15.7063
15.6805
15.6547
15.6283
15.5996
15.5689
15.5344
15.4968
15.4627
15.4254
15.384
15.3422
15.2926
15.2429
15.1838
15.1428
15.0851
15.0542
15.0069
14.958
14.9235
14.9052
14.8511
14.7983
14.8523
14.9916
15.1507
15.5113
16.0707
17.4251
19.7759
21.9543
23.0767
26.1177
25.0343
25.0459
28.8821
33.0973
33.5548
32.8468
31.7281
30.4817
29.2372
28.2296
27.4848
26.6153
26.0705
25.4786
24.9537
24.5079
24.071
23.6872
23.373
23.1126
22.8719
22.6545
22.4495
22.2627
22.0839
21.9284
21.8075
21.6989
21.6106
21.518
21.4108
21.29
21.1558
21.0119
20.8578
20.6992
20.5321
20.3641
20.1883
20.0128
19.8365
19.6463
19.486
16.8891
15.3615
15.0166
14.8137
14.6391
14.5789
14.5534
14.5188
14.5006
14.4677
14.4407
14.4222
14.3939
14.3659
14.3382
14.3092
14.2789
14.2457
14.2103
14.1783
14.1437
14.1054
14.067
14.0215
13.9761
13.9219
13.8844
13.8309
13.8025
13.758
13.7122
13.6811
13.6622
13.6105
13.5665
13.6119
13.7291
13.8559
14.1452
14.5749
15.6261
17.4019
19.0504
19.8599
22.2999
21.361
21.3398
24.4581
28.028
28.4214
27.8383
26.8977
25.8515
24.8083
23.9703
23.3559
22.6385
22.1951
21.7144
21.291
20.9344
20.5852
20.2796
20.0285
19.82
19.6266
19.4511
19.2848
19.1328
18.9863
18.8575
18.7562
18.664
18.5877
18.5071
18.4141
18.3099
18.1948
18.0715
17.9398
17.8043
17.6617
17.5184
17.3688
17.2192
17.0693
16.907
16.7717
14.7852
13.34
13.0413
12.8553
12.696
12.6368
12.6049
12.566
12.5425
12.5072
12.4781
12.4572
12.4291
12.4014
12.3745
12.347
12.3189
12.2886
12.2567
12.228
12.1971
12.1632
12.1293
12.0892
12.0494
12.0018
11.9688
11.9213
11.8965
11.8566
11.8155
11.7891
11.7709
11.7233
11.6889
11.7259
11.8225
11.9196
12.1433
12.4583
13.2333
14.4629
15.5667
16.0319
17.7267
16.9672
16.9023
19.0122
21.6369
21.914
21.5033
20.8214
20.0719
19.3255
18.7361
18.3113
17.8103
17.5095
17.1813
16.8938
16.6548
16.4186
16.2123
16.0401
15.8953
15.7595
15.635
15.5152
15.4047
15.2966
15.1999
15.1222
15.0499
14.9882
14.9222
14.8462
14.7616
14.6689
14.5698
14.4644
14.356
14.2424
14.1279
14.0091
13.8895
13.7709
13.6411
13.5345
19.4048
17.6147
17.3024
17.0848
16.8981
16.8173
16.7624
16.7017
16.6598
16.608
16.5648
16.5319
16.4942
16.4574
16.4228
16.3887
16.3547
16.3191
16.2828
16.2502
16.2157
16.1779
16.1407
16.0967
16.0533
16.001
15.9649
15.912
15.8847
15.8394
15.7928
15.7651
15.742
15.6858
15.655
15.6885
15.7766
15.8485
16.0182
16.2098
16.6828
17.1348
17.3059
16.976
17.137
16.5145
16.2275
15.7168
16.1113
15.9402
15.9504
15.908
15.9358
15.9557
16.0257
16.1102
16.1591
16.2355
16.2924
16.3402
16.3908
16.4205
16.4441
16.4467
16.4366
16.4177
16.392
16.3581
16.3205
16.2761
16.2287
16.1829
16.1331
16.0829
16.0253
15.9594
15.888
15.8126
15.7333
15.651
15.5657
15.4792
15.3894
15.3009
15.2065
15.1199
15.0172
14.9382
99.7176
2.86963
0.713605
0.799242
1.08858
1.36376
1.72593
2.16105
2.70155
3.2112
3.77397
3.62755
4.39427
1.87418
10.978
208.442
5.63586
4.94168
5.36646
5.59222
5.0881
5.95278
5.92997
5.77695
5.6604
5.63711
5.76189
5.89793
6.09479
6.97135
7.11246
7.66168
8.2184
8.67565
8.98838
8.93707
9.87552
7.8372
6.62316
7.48962
5.20777
3.17409
3.09326
1.93405
1.83021
2.00519
1.04401
140.205
2.97798
23.6415
276.743
13.7402
0.634084
0.811099
0.99086
1.15475
1.28794
1.37678
1.428
1.44723
1.4105
1.27321
1.61947
87.3444
5.09876
16.337
92.1377
149.541
5.00047
0.785182
0.967551
1.16001
1.42232
1.83568
2.28495
2.60092
2.78968
2.99115
3.21377
3.44569
3.65118
3.85066
4.14485
3.9069
3.77317
3.85675
3.7005
3.76469
3.85122
4.02703
4.29601
4.56601
4.85949
5.21196
5.54975
5.98411
6.2976
115.464
4.72193
0.731686
0.799581
1.06492
1.36547
1.78721
2.35409
3.11247
3.991
4.72609
4.85491
6.25697
1.89579
6.18888
64.6971
7.90935
7.84092
7.97294
7.76281
7.29954
7.37704
6.94793
6.48942
6.11631
5.8547
5.67334
5.51882
5.29397
5.48341
5.43103
5.48063
5.60623
5.71519
5.82786
5.71041
5.93001
4.9571
4.05748
3.6479
2.59982
1.68391
1.53581
0.916663
0.84616
1.1039
0.473973
10.7694
1.67275
9.51352
72.5066
3.32497
0.434057
0.524002
0.60965
0.686209
0.747051
0.78411
0.797802
0.788493
0.745619
0.655991
0.880395
25.2535
2.95276
9.08838
27.999
47.1928
1.66333
0.675539
0.787533
0.914744
1.08149
1.30941
1.54225
1.73085
1.87439
2.02144
2.16852
2.31457
2.45725
2.63184
2.8211
2.71687
2.77951
2.78088
2.78861
3.05473
3.2194
3.40182
3.63721
3.85428
4.08507
4.35197
4.62149
4.94114
5.23857
121.97
6.58893
0.945941
1.03293
1.38604
1.82422
2.44599
3.2882
4.39852
5.67227
6.70818
7.05704
8.90947
4.48357
3.36222
13.501
11.1416
11.2903
11.4751
11.1834
10.6049
10.5937
9.9721
9.30568
8.74499
8.32559
7.9849
7.67156
7.21394
7.19151
6.99931
6.8135
6.75636
6.71979
6.79369
6.63452
6.72711
5.88201
4.79662
3.59179
2.49876
1.60504
0.980721
0.533173
0.439268
0.496243
0.176402
1.11361
0.520382
0.798207
4.83532
0.459612
0.338594
0.385367
0.427988
0.465112
0.49451
0.511741
0.516655
0.508505
0.482445
0.435323
0.475471
3.97134
1.10634
2.04528
1.64388
5.32584
0.739861
0.699518
0.817822
0.957665
1.12481
1.32487
1.52314
1.70368
1.85962
2.02127
2.18152
2.34242
2.51943
2.76516
2.98266
2.91001
3.10362
3.09706
3.16826
3.59249
3.85584
4.11538
4.43179
4.71893
5.02961
5.3853
5.75827
6.18015
6.6159
126.392
8.05166
1.26331
1.3867
1.86082
2.44554
3.25388
4.32236
5.69796
7.23584
8.5155
9.10619
11.2024
8.34777
7.76213
12.5059
14.0068
14.2922
14.5846
14.3016
13.6591
13.6563
12.9407
12.1472
11.4645
10.9423
10.5062
10.0956
9.52541
9.4179
9.12074
8.7978
8.61936
8.46636
8.49051
8.30405
8.40976
7.54965
6.37389
5.00922
3.63015
2.37176
1.20571
0.603843
0.383266
0.213085
0.0763755
0.182222
0.0951533
0.0408979
0.307406
0.31075
0.338326
0.371883
0.400893
0.425605
0.446566
0.461047
0.468747
0.46863
0.456189
0.425964
0.333719
0.498379
0.425947
0.252475
0.246991
0.542609
0.705486
0.820335
0.972201
1.15244
1.35963
1.59455
1.82356
2.03689
2.22514
2.41985
2.61114
2.80363
3.02144
3.32915
3.58698
3.5133
3.77944
3.82356
3.95461
4.43099
4.76855
5.10341
5.50338
5.86955
6.27081
6.72747
7.20904
7.74288
8.30239
128.441
9.18859
1.58989
1.7516
2.33414
3.04068
3.99601
5.23899
6.81697
8.55786
10.052
10.9466
13.1857
11.99
13.4556
16.1237
16.6352
17.0532
17.4671
17.2235
16.5382
16.5716
15.7944
14.8995
14.1057
13.4813
12.9439
12.4284
11.7496
11.5109
11.1078
10.6191
10.2743
9.94981
9.8615
9.61442
9.67189
8.89073
7.73121
6.38941
4.85362
3.33231
1.96661
1.05262
0.615353
0.202355
0.12155
0.0865775
0.0251548
0.0289982
0.229172
0.37723
0.422294
0.461981
0.495476
0.524041
0.549829
0.569435
0.582062
0.586715
0.577959
0.546374
0.400176
0.126528
0.344024
0.12799
0.296083
0.487358
0.815438
0.973079
1.15806
1.37737
1.62594
1.9001
2.16085
2.39888
2.60705
2.82112
3.02941
3.23929
3.4789
3.81726
4.09111
4.01712
4.32225
4.42858
4.61038
5.07032
5.45124
5.83789
6.29457
6.71889
7.1906
7.72584
8.29279
8.91372
9.5694
127.879
10.0653
1.88467
2.08417
2.75848
3.56968
4.6478
6.03664
7.783
9.70129
11.4026
12.6464
14.9773
15.1346
17.2308
18.6543
19.1885
19.7616
20.3179
20.1465
19.4399
19.5391
18.7245
17.7448
16.8406
16.1056
15.4549
14.8209
14.0275
13.6158
13.1023
12.4137
11.8519
11.2937
11.0148
10.6495
10.5935
9.94909
8.89701
7.59384
5.99448
4.32674
2.81595
1.64418
1.0047
0.471788
0.301345
0.17612
0.081485
0.120592
0.367814
0.502009
0.563488
0.618062
0.664313
0.70436
0.740791
0.768089
0.785541
0.79344
0.787941
0.755785
0.627221
0.283818
0.499549
0.291354
0.519631
0.694157
0.932161
1.10862
1.31508
1.5596
1.83372
2.1291
2.40263
2.64572
2.85598
3.07263
3.28278
3.49612
3.74212
4.08629
4.35149
4.28629
4.60765
4.7592
4.9782
5.39954
5.80152
6.2202
6.71166
7.17689
7.70331
8.30012
8.93632
9.62782
10.3632
124.558
10.7012
2.13929
2.37864
3.13266
4.03848
5.22466
6.74125
8.63396
10.716
12.6245
14.2378
16.6398
17.7871
19.8896
20.9642
21.7411
22.5033
23.2292
23.1686
22.4698
22.6662
21.84
20.7943
19.7832
18.9333
18.1637
17.4048
16.4991
15.899
15.2754
14.3719
13.5642
12.7259
12.173
11.6146
11.3694
10.8477
9.97357
8.76458
7.198
5.48455
3.76323
2.33508
1.46663
0.891664
0.566764
0.372452
0.235811
0.309764
0.547162
0.646989
0.722847
0.791661
0.851427
0.90548
0.956687
0.996708
1.02498
1.0435
1.05126
1.0318
0.946777
0.66499
0.750334
0.575786
0.738409
0.86455
1.02829
1.20791
1.42132
1.67459
1.95582
2.2528
2.5205
2.75259
2.95176
3.15924
3.3606
3.56713
3.807
4.1354
4.37327
4.32806
4.64549
4.81869
5.06322
5.44554
5.8524
6.28871
6.79965
7.2944
7.86484
8.51151
9.2055
9.95659
10.7599
118.451
11.0889
2.35457
2.63876
3.46433
4.45838
5.74266
7.37374
9.39597
11.6313
13.7453
15.7283
18.1956
20.0294
22.067
23.2701
24.299
25.2869
26.2088
26.2983
25.645
25.9659
25.1569
24.0709
22.9653
22.006
21.1235
20.2446
19.2413
18.4612
17.7364
16.6249
15.5678
14.4292
13.5351
12.6948
12.163
11.6827
10.9989
9.96055
8.54501
6.90779
4.97743
3.25001
2.07552
1.35359
0.87905
0.615925
0.457386
0.528593
0.702776
0.794813
0.879937
0.960536
1.03425
1.1062
1.17896
1.24003
1.28738
1.32478
1.35457
1.35938
1.31198
1.11966
1.04656
0.880148
0.918742
0.98425
1.1065
1.27342
1.47877
1.7253
1.99724
2.2796
2.52709
2.73749
2.91892
3.11083
3.29679
3.48902
3.7116
4.00463
4.20468
4.18859
4.48544
4.66021
4.92134
5.27224
5.67254
6.11606
6.63624
7.15351
7.76042
8.44812
9.19075
9.99399
10.8555
109.675
11.2088
2.53319
2.86979
3.76167
4.83969
6.21508
7.95013
10.0875
12.464
14.7759
17.1005
19.6479
21.9558
24.039
25.5226
26.8134
28.056
29.1933
29.4634
28.9025
29.3626
28.6023
27.5101
26.3363
25.287
24.3133
23.334
22.2638
21.3343
20.5302
19.2426
17.9601
16.532
15.2648
14.0665
13.1505
12.5488
11.9791
11.16
10.0205
8.61203
6.57557
4.52514
2.94763
1.92939
1.26327
0.89046
0.698283
0.729582
0.855943
0.946254
1.03637
1.1276
1.21699
1.31177
1.41309
1.503
1.57637
1.63663
1.69167
1.72519
1.71259
1.5823
1.40281
1.19247
1.11026
1.10648
1.18281
1.32002
1.50245
1.72682
1.97555
2.23161
2.45099
2.63688
2.80087
2.97576
3.14292
3.31513
3.51041
3.75143
3.90972
3.92718
4.1936
4.35639
4.62431
4.95122
5.33821
5.78123
6.30425
6.84039
7.47862
8.20085
8.98491
9.83395
10.7441
98.5208
11.0407
2.67816
3.07692
4.03228
5.19166
6.65362
8.48427
10.7237
13.2261
15.719
18.3337
20.9811
23.6274
25.8559
27.6307
29.1897
30.6984
32.0547
32.519
32.1026
32.6969
32.0188
30.9615
29.7609
28.6577
27.6321
26.5895
25.5002
24.4745
23.6288
22.2243
20.771
19.1008
17.4761
15.8854
14.5172
13.5912
12.9494
12.3041
11.5199
10.5012
8.57352
6.26311
4.21139
2.74276
1.77791
1.22413
0.956542
0.930937
1.02811
1.11166
1.20241
1.3025
1.40829
1.52922
1.66426
1.78958
1.89568
1.98262
2.0601
2.11842
2.1433
2.0653
1.8468
1.56158
1.3613
1.26844
1.27991
1.36938
1.51399
1.70191
1.91601
2.13788
2.32953
2.5009
2.65599
2.817
2.96398
3.11049
3.26887
3.44733
3.57329
3.6211
3.83861
3.98324
4.25178
4.55821
4.92579
5.36396
5.88654
6.43971
7.10441
7.85412
8.67167
9.55904
10.5082
85.4742
10.5705
2.79249
3.26499
4.28326
5.52325
7.06985
8.99007
11.3195
13.9281
16.5754
19.4121
22.1686
25.0568
27.4564
29.4853
31.2971
33.0556
34.6096
35.2604
35.0368
35.7388
35.1735
34.1961
33.0232
31.9176
30.8957
29.8434
28.7986
27.7506
26.9167
25.4812
23.9448
22.1204
20.2087
18.2542
16.4259
15.0104
14.0378
13.3758
12.8993
12.3724
10.8549
8.48428
5.97792
3.93622
2.51381
1.67128
1.26578
1.16882
1.23645
1.30423
1.38892
1.49335
1.61321
1.76036
1.93128
2.09731
2.24482
2.36745
2.46768
2.53867
2.58923
2.57227
2.38322
2.03126
1.70447
1.49766
1.42209
1.4459
1.53814
1.67925
1.85199
2.04009
2.21643
2.39366
2.5557
2.70784
2.83166
2.94361
3.0546
3.17145
3.26613
3.32691
3.48488
3.60931
3.86952
4.15386
4.49861
4.92991
5.45074
6.01914
6.7054
7.47618
8.32047
9.23854
10.2165
71.2168
9.80768
2.87925
3.43852
4.52169
5.84426
7.47683
9.48343
11.8919
14.5831
17.3476
20.3272
23.1776
26.214
28.7415
30.9639
32.9812
34.9373
36.6342
37.4426
37.4447
38.2079
37.7773
36.9233
35.8402
34.7947
33.8426
32.8472
31.9192
30.9381
30.1803
28.8219
27.3193
25.4674
23.396
21.1789
18.9622
17.0042
15.4788
14.4924
14.0755
13.9981
13.1493
11.084
8.29765
5.64711
3.59794
2.31302
1.6746
1.47499
1.49812
1.53786
1.60617
1.70631
1.83355
2.00213
2.20629
2.41539
2.61432
2.79021
2.92848
3.00571
3.04718
3.07624
2.97745
2.61552
2.16136
1.81622
1.63084
1.57266
1.59917
1.68919
1.81785
1.98174
2.17191
2.39391
2.58626
2.73304
2.82491
2.88523
2.93206
2.98557
3.03592
3.08389
3.17744
3.28084
3.52032
3.77656
4.09792
4.52222
5.04162
5.62447
6.32831
7.11499
7.98054
8.92213
9.91949
56.5953
8.79144
2.94207
3.60216
4.75567
6.16683
7.89081
9.98402
12.4614
15.2074
18.0406
21.0761
23.971
27.0428
29.6062
31.934
34.0703
36.1301
37.8702
38.7978
39.0298
39.7895
39.5073
38.8152
37.8844
36.966
36.1543
35.29
34.5503
33.7287
33.1146
31.9498
30.6147
28.8915
26.8374
24.5286
22.08
19.669
17.525
15.9364
15.1532
15.263
15.0889
13.7873
11.1046
7.96639
5.18009
3.26352
2.24746
1.88094
1.83166
1.82724
1.8651
1.94769
2.0702
2.24855
2.47532
2.7223
2.9784
3.22902
3.44045
3.54838
3.55431
3.55321
3.55798
3.28715
2.74308
2.2409
1.92301
1.7667
1.72076
1.75291
1.84544
2.00951
2.26556
2.59318
2.84407
2.98149
3.02476
3.00562
2.96004
2.93172
2.91105
2.91456
2.94167
3.01874
3.22299
3.44598
3.74771
4.16783
4.68859
5.28614
6.00451
6.8031
7.68541
8.64359
9.6523
42.5432
7.59516
2.98603
3.76179
4.99609
6.50753
8.33354
10.5169
13.0523
15.819
18.6593
21.6521
24.5024
27.471
29.9497
32.266
34.4005
36.438
38.0998
39.094
39.5174
40.2065
40.0669
39.5579
38.8271
38.0894
37.475
36.8125
36.3254
35.7486
35.3426
34.4896
33.4511
32.0192
30.1873
28.0106
25.5601
22.9167
20.2926
18.0348
16.4864
16.2362
16.4795
16.1003
14.164
10.8811
7.39335
4.66909
3.07582
2.42899
2.25962
2.1891
2.17936
2.22683
2.32653
2.49404
2.72046
2.98508
3.28892
3.62416
3.95018
4.1526
4.17135
4.04028
4.05497
3.95886
3.43687
2.78389
2.30757
2.0385
1.91619
1.89756
1.96022
2.16388
2.5684
3.07463
3.40393
3.53161
3.51777
3.37295
3.18542
3.03789
2.90081
2.82178
2.78248
2.82223
2.97871
3.16832
3.45893
3.88075
4.40761
5.02092
5.75166
6.55936
7.45458
8.4227
9.43628
29.9485
6.33036
3.01924
3.92634
5.25913
6.89011
8.83474
11.1136
13.6904
16.4318
19.1967
22.031
24.7077
27.411
29.6668
31.8252
33.8055
35.6671
37.1288
38.1273
38.6589
39.2316
39.2225
38.9138
38.4231
37.9175
37.5417
37.1298
36.92
36.6316
36.4634
35.9997
35.3697
34.381
32.9842
31.179
28.9998
26.437
23.6426
20.9199
18.534
17.3167
17.3901
17.6858
16.916
14.213
10.2916
6.68861
4.28998
3.18098
2.8147
2.64424
2.56691
2.559
2.61259
2.73888
2.92603
3.16286
3.4703
3.8614
4.30674
4.68322
4.86331
4.65014
4.46073
4.51238
4.17572
3.44066
2.79134
2.38729
2.18614
2.13474
2.19685
2.49014
3.10827
3.82161
4.24512
4.38897
4.2992
3.99975
3.63172
3.31184
3.0078
2.79678
2.68676
2.67588
2.77801
2.94191
3.23424
3.66611
4.205
4.83536
5.57662
6.39128
7.29561
8.26736
9.28106
19.4924
5.12454
3.05504
4.11061
5.56984
7.3487
9.43384
11.8098
14.3958
17.0411
19.6182
22.15
24.4874
26.752
28.6317
30.4657
32.1253
33.6589
34.8315
35.7418
36.2715
36.7503
36.8365
36.7366
36.5085
36.2654
36.1525
36.0341
36.114
36.1488
36.2533
36.2045
36.0037
35.5065
34.6743
33.4677
31.8486
29.7134
27.1563
24.3718
21.491
19.1579
18.2037
18.5848
18.7812
17.4414
13.7785
9.44154
6.05842
4.23732
3.54138
3.22302
3.04931
2.96675
2.9492
2.99715
3.09139
3.22741
3.46342
3.84056
4.34079
4.87515
5.301
5.36336
4.90288
4.87402
4.81873
4.174
3.37256
2.80795
2.51435
2.44339
2.53172
2.93005
3.74877
4.62505
5.16788
5.35771
5.21348
4.78973
4.24563
3.72781
3.21957
2.84115
2.62812
2.56106
2.60978
2.76336
3.07299
3.52406
4.08068
4.72855
5.47799
6.29745
7.20657
8.17604
9.18658
11.5445
4.03788
3.10945
4.33955
5.96633
7.92934
10.1762
12.6351
15.1663
17.599
19.8304
21.8858
23.6809
25.333
26.6947
28.0453
29.242
30.3409
31.1821
31.9323
32.3725
32.8014
32.998
33.0888
33.1315
33.1599
33.3076
33.4744
33.8415
34.1673
34.5315
34.8894
35.1324
35.1641
34.9308
34.3742
33.4563
32.0747
30.1962
27.8369
25.0328
22.1175
19.7689
19.1524
19.7491
19.7164
17.4661
12.9236
8.54908
5.75142
4.51449
3.96107
3.65886
3.47769
3.36853
3.30464
3.24953
3.19444
3.23555
3.4655
3.88999
4.44982
5.14495
5.6689
5.50472
5.08664
5.20959
4.87558
4.02289
3.29528
2.87709
2.77199
2.88118
3.33911
4.25066
5.1438
5.80056
6.0847
5.96591
5.51969
4.87827
4.19559
3.49634
2.9382
2.6012
2.4651
2.46831
2.63174
2.97494
3.4528
4.03272
4.69616
5.4496
6.27027
7.17815
8.13917
9.14367
6.07338
3.13884
3.20157
4.65299
6.50025
8.68512
11.1007
13.5891
15.9378
17.9722
19.6474
20.9986
22.0653
22.9859
23.7303
24.5042
25.1887
25.8483
26.394
26.9709
27.3323
27.7481
28.0904
28.3672
28.6594
28.9434
29.3307
29.7567
30.3468
30.8962
31.463
32.126
32.7295
33.2113
33.5302
33.6542
33.5043
32.9472
31.9823
30.5375
28.4236
25.758
22.6847
20.3404
20.1387
20.8692
20.3139
16.9248
11.8581
7.91659
5.85806
4.91656
4.42492
4.12394
3.90978
3.7185
3.48045
3.16509
2.87806
2.77427
2.93848
3.2844
3.96403
4.93038
5.81488
5.35263
5.31127
5.34082
4.68486
3.82396
3.25669
3.06716
3.1499
3.54646
4.38655
5.13814
5.83588
6.24868
6.24239
5.90764
5.32711
4.57016
3.75592
3.05474
2.59961
2.3858
2.35602
2.5504
2.94356
3.45247
4.04874
4.7216
5.47464
6.29205
7.19199
8.13841
9.13251
2.75114
2.51504
3.36854
5.10793
7.23268
9.67193
12.2214
14.604
16.5281
17.8822
18.7612
19.1872
19.4513
19.6562
19.8324
20.098
20.4024
20.7636
21.1414
21.6091
21.9766
22.443
22.9329
23.3773
23.8724
24.3618
24.93
25.5373
26.2383
26.8976
27.5677
28.3787
29.1698
29.9313
30.6339
31.2824
31.7843
32.0645
32.0994
31.7126
30.7318
29.0884
26.4477
23.037
20.9041
21.1863
21.7845
20.458
15.9077
10.897
7.75555
6.1877
5.39497
4.93298
4.60639
4.29818
3.89931
3.34896
2.69576
2.14568
1.87325
1.77404
2.01087
2.93108
4.94578
5.56163
5.21798
5.40649
5.17996
4.34825
3.62499
3.29563
3.25698
3.49036
4.07427
4.51823
5.0837
5.66529
5.92408
5.75565
5.36637
4.67232
3.86764
3.11735
2.60676
2.32303
2.27943
2.52639
2.96247
3.4957
4.10872
4.78912
5.53475
6.34018
7.21968
8.14179
9.11803
1.28497
2.23969
3.71757
5.77617
8.2385
10.9283
13.4669
15.4557
16.5307
16.9857
16.7202
16.2947
15.9776
15.8263
15.7711
15.7874
15.9989
16.3184
16.7092
17.1878
17.6478
18.1866
18.7585
19.3024
19.886
20.4652
21.0783
21.7116
22.389
23.02
23.6581
24.4359
25.2011
26.0064
26.8309
27.7307
28.6306
29.507
30.371
31.037
31.287
31.0104
29.7422
26.9068
23.1196
21.538
22.1777
22.3928
20.051
14.7047
10.398
7.92832
6.64349
5.93627
5.47483
5.06808
4.57282
3.90643
3.09549
2.23812
1.48922
1.08246
0.919789
1.14139
2.6411
4.92535
5.03143
5.14592
5.19065
4.67646
3.97259
3.39088
3.21782
3.26795
3.4229
3.45501
3.64493
4.12155
4.85625
5.06704
4.91159
4.42568
3.78728
3.09319
2.57366
2.26116
2.24195
2.55049
3.03185
3.59657
4.21468
4.88215
5.60144
6.37581
7.21778
8.10155
9.04677
1.04147
2.42931
4.32415
6.75259
9.58392
12.4374
14.5451
15.4368
15.6625
14.7091
13.707
13.1052
12.8463
12.7562
12.7576
13.0034
13.4142
13.9013
14.4215
14.9743
15.5189
16.0874
16.6568
17.2035
17.7613
18.3126
18.8511
19.3852
19.8966
20.3554
20.7778
21.2993
21.7851
22.3217
22.991
23.8359
24.7997
25.9107
27.2051
28.5678
29.9523
31.1199
31.244
30.1959
27.0235
23.0554
22.2756
23.0836
22.6557
19.0827
13.8872
10.322
8.29095
7.18014
6.51707
6.00269
5.45001
4.78253
4.01937
3.19372
2.18997
1.15046
0.675936
0.553707
1.02734
2.7416
4.39906
4.63253
4.90309
4.59735
3.98386
3.38224
3.0903
2.87733
2.679
2.15201
2.11617
2.25588
2.7451
3.22567
3.91715
3.66833
3.41388
2.91896
2.46151
2.15977
2.25721
2.65349
3.17923
3.73763
4.32808
4.94655
5.61871
6.34542
7.12477
7.94354
8.83638
1.31391
3.12074
5.30761
8.14218
11.3152
13.6884
14.5191
14.4561
12.9993
11.8641
11.337
11.1331
11.1116
11.4395
11.8697
12.4368
13.0127
13.6216
14.2135
14.79
15.3425
15.8827
16.399
16.8862
17.3653
17.8322
18.2594
18.6706
19.0257
19.3306
19.539
19.7716
19.9404
20.1083
20.3544
20.7567
21.3363
22.203
23.4736
25.0366
26.957
29.192
31.1014
31.4927
30.3931
26.5747
23.092
23.0619
23.5261
22.25
17.905
13.4414
10.4783
8.74485
7.74101
7.05222
6.41415
5.72667
5.00594
4.2781
3.45143
2.16862
0.836279
0.484268
0.485376
1.01815
2.86674
3.87881
4.24708
4.23351
3.79425
3.30785
2.92929
2.44617
1.95027
1.30241
1.0557
1.05792
1.18036
1.44491
2.04554
2.2863
2.56038
2.36746
2.25188
2.18412
2.44383
2.94053
3.40504
3.88768
4.38036
4.92622
5.52456
6.1569
6.82391
7.54837
8.36737
1.79967
4.39574
6.8354
10.0678
12.7499
13.6512
13.3073
11.6739
10.7878
10.4659
10.4424
10.7961
11.2705
12.0436
12.8371
13.6626
14.4283
15.1231
15.7642
16.342
16.8644
17.3371
17.7559
18.1253
18.4616
18.7771
19.0277
19.2617
19.4
19.5192
19.5215
19.5642
19.5216
19.4253
19.3581
19.3174
19.4431
19.8055
20.5319
21.6248
23.3043
25.8058
28.8451
31.2981
31.594
30.183
25.5931
23.195
23.3753
23.2945
21.1103
16.7561
13.1782
10.7049
9.1802
8.18534
7.37848
6.59969
5.84457
5.1448
4.45796
3.50899
1.67401
0.583256
0.379894
0.461271
1.31972
2.84915
3.37464
3.52444
3.30942
3.03178
2.65116
2.01505
1.41267
0.861101
0.626988
0.633193
0.818713
1.17736
1.66796
1.93618
2.21658
2.36473
2.54062
2.90141
3.26262
3.47156
3.68889
3.98171
4.32583
4.73575
5.16888
5.62618
6.13582
6.75317
7.48232
2.50159
6.23215
8.93799
11.6898
12.7827
12.4359
10.9475
10.2513
10.0885
10.2842
10.821
11.8187
12.9317
14.0573
15.0892
16.035
16.8908
17.642
18.295
18.8527
19.3266
19.7253
20.0507
20.3099
20.5061
20.6949
20.7946
20.9275
20.9313
20.9668
20.8593
20.6373
20.3041
19.8852
19.4376
19.0949
18.9278
18.92
19.1558
19.7366
20.7661
22.4142
25.3167
29.048
31.3138
31.274
29.0864
24.3204
23.188
23.1553
22.4249
19.4504
15.7548
12.8777
10.7775
9.35169
8.27665
7.33461
6.48548
5.75955
5.12667
4.34857
2.6939
0.999297
0.407411
0.342008
0.607082
1.73752
2.56199
2.57249
2.54454
2.39408
2.03816
1.50358
1.03862
0.648614
0.465044
0.484974
0.711973
1.71024
2.24923
2.77534
3.3096
4.23783
4.64152
4.10222
3.65719
3.38056
3.37111
3.45776
3.41403
3.53419
3.76571
4.03951
4.39504
4.84955
5.35605
3.06755
7.92343
10.5168
12.0613
12.2414
10.7807
9.97076
9.77062
10.0708
10.8553
12.2303
13.6305
14.9518
16.2354
17.4333
18.5056
19.4398
20.2296
20.8849
21.4193
21.8494
22.1882
22.4441
22.6367
22.7121
22.8278
22.8303
22.8815
22.8355
22.7208
22.5198
22.199
21.7356
21.1439
20.4812
19.8244
19.2527
18.8904
18.8785
19.1878
19.8335
20.8718
22.7613
26.2335
29.5569
30.5499
29.7494
25.9616
23.1424
22.904
22.537
20.6347
17.2951
14.3589
11.9238
10.1273
8.79588
7.6931
6.74446
5.96972
5.3556
4.70893
3.47665
1.6191
0.563674
0.331295
0.411641
0.991839
1.6805
1.89808
1.82956
1.74252
1.50152
1.13548
0.855444
0.462002
0.306652
0.341861
0.763216
2.20313
3.46635
3.59698
4.29836
4.49017
3.45174
2.34472
1.79426
1.58721
1.44722
1.40111
1.42457
1.34467
1.34879
1.38801
1.55311
1.7897
2.10813
3.42768
9.07399
11.2597
11.9931
11.2485
9.95583
9.54646
9.73396
10.4933
12.048
13.5898
15.146
16.6988
18.1869
19.5549
20.7502
21.7563
22.5764
23.2307
23.7445
24.1409
24.4358
24.639
24.7643
24.8441
24.8702
24.824
24.7367
24.6054
24.4212
24.1538
23.7613
23.2061
22.499
21.6868
20.8458
20.0628
19.4328
19.0687
19.1334
19.6043
20.3447
21.4706
23.971
27.4764
29.1633
28.9853
26.2256
23.0665
22.53
22.3242
20.9484
18.0155
15.1627
12.5973
10.5766
9.06155
7.83149
6.79764
5.99836
5.40788
4.89242
4.08288
2.36128
0.922432
0.375045
0.319109
0.605711
1.20397
1.47829
1.44026
1.37531
1.19651
0.888353
0.584984
0.281298
0.159557
0.224292
0.748168
1.51987
2.23211
1.70817
2.00139
1.28444
0.867243
0.627608
0.480081
0.398932
0.363499
0.349518
0.344044
0.304506
0.307065
0.305594
0.306433
0.376753
0.483247
3.5391
9.84034
11.7157
11.9075
10.4887
9.57618
9.42036
9.90632
11.3807
13.0754
14.7833
16.5847
18.4052
20.1353
21.6887
23.0063
24.0736
24.9078
25.5462
26.0289
26.3878
26.6421
26.8009
26.8988
26.9378
26.8935
26.7744
26.6115
26.4098
26.1615
25.8346
25.3864
24.767
23.965
23.0238
22.0245
21.0621
20.2354
19.643
19.4034
19.6002
20.1925
20.917
22.3922
25.4556
27.5776
27.7331
25.9046
22.879
22.1068
21.8926
20.7827
18.1143
15.2791
12.7157
10.7116
9.18434
7.88692
6.79365
6.00064
5.45035
5.03239
4.49178
3.18524
1.53192
0.549109
0.292174
0.372612
0.895251
1.23648
1.19912
1.12376
0.884063
0.552738
0.273996
0.0922856
0.0354324
0.054446
0.146249
0.220392
0.363015
0.295232
0.357095
0.226345
0.173707
0.138059
0.111895
0.0887736
0.0748653
0.0713686
0.0692414
0.0608042
0.0550584
0.0563421
0.0543985
0.0706351
0.0954979
3.44497
10.3041
12.008
11.6586
10.0684
9.36997
9.40706
10.3915
12.1537
13.9686
15.9351
18.0444
20.1813
22.1805
23.9255
25.3555
26.465
27.2906
27.8914
28.3259
28.637
28.8468
28.963
29.0333
29.0336
28.9196
28.7451
28.5186
28.2521
27.9458
27.5741
27.0815
26.4042
25.5166
24.4582
23.3141
22.1858
21.1781
20.3952
19.9246
19.8549
20.1718
20.7097
21.4854
23.6541
25.9995
26.4341
25.3256
22.5755
21.6841
21.4445
20.4527
17.8836
15.1594
12.6614
10.6948
9.22138
7.91346
6.81189
6.04171
5.53956
5.18591
4.78599
3.91228
2.34378
0.950814
0.341178
0.24428
0.469108
0.878852
0.893248
0.778779
0.506047
0.244814
0.081058
0.0138402
0.00671043
0.00744259
0.017285
0.025968
0.0469548
0.0450246
0.0572803
0.0398662
0.0315996
0.0318333
0.0272182
0.0197747
0.0155641
0.0146554
0.0124544
0.0119645
0.0104346
0.0104708
0.0108237
0.0134217
0.0181488
3.3337
10.4707
12.2007
11.4172
9.83801
9.26672
9.50776
10.9712
12.8179
14.8279
17.1225
19.6069
22.1021
24.3821
26.3101
27.8338
28.9636
29.7579
30.3
30.6688
30.9196
31.077
31.1585
31.1919
31.1346
30.975
30.7513
30.4746
30.1571
29.8014
29.3848
28.8477
28.1143
27.1466
25.9797
24.7005
23.4154
22.2337
21.2662
20.6038
20.3039
20.3406
20.6498
21.0533
22.2577
24.494
25.2026
24.4783
22.1429
21.2353
20.9862
20.1025
17.7918
15.11
12.6533
10.6872
9.22892
7.9408
6.87641
6.1364
5.6778
5.36617
5.02543
4.46102
3.2414
1.62679
0.531865
0.240294
0.239705
0.497587
0.571396
0.430637
0.21966
0.0806974
0.0170906
0.00322457
0.00232361
0.00242377
0.00340804
0.00452148
0.00793909
0.00712941
0.0100139
0.00776465
0.00736999
0.00813548
0.00568544
0.00438026
0.00363093
0.00320486
0.0027422
0.00250577
0.00251459
0.00234825
0.00243105
0.00293686
0.00369335
3.24197
10.4737
12.2967
11.2141
9.69351
9.24721
9.77224
11.4828
13.4328
15.7261
18.4124
21.3357
24.2156
26.7684
28.8553
30.4479
31.5777
32.3234
32.791
33.0805
33.2611
33.3636
33.4159
33.4064
33.2901
33.0945
32.8311
32.5108
32.1456
31.7409
31.2772
30.6933
29.9039
28.8595
27.5901
26.1836
24.7491
23.3978
22.2457
21.3954
20.8982
20.727
20.725
20.8931
21.3921
23.1008
24.0922
23.5794
21.5984
20.7534
20.5138
19.6982
17.4714
14.9027
12.6108
10.6748
9.23218
7.98371
6.97215
6.26858
5.85082
5.56628
5.22793
4.80903
4.0149
2.4826
0.940445
0.292758
0.175315
0.26042
0.307756
0.190494
0.0770898
0.0220635
0.00404243
0.00165535
0.00157817
0.001531
0.00161218
0.00164951
0.00204339
0.00191367
0.00240638
0.00215518
0.00232849
0.00205221
0.00157649
0.00134549
0.00121119
0.00111188
0.00103964
0.000973902
0.000988473
0.000953521
0.000970305
0.00104298
0.00119163
3.16857
10.4682
12.2813
11.1414
9.66071
9.2499
10.1434
11.9486
14.0663
16.7168
19.8691
23.2806
26.5497
29.3477
31.5582
33.1927
34.3069
34.994
35.3808
35.5861
35.6925
35.7461
35.758
35.6907
35.5376
35.3079
35.0077
34.6459
34.2342
33.7799
33.2667
32.6335
31.7874
30.6682
29.3007
27.7727
26.1947
24.6779
23.3407
22.2963
21.6116
21.2572
21.0372
20.8779
21.0134
21.9559
23.1176
22.7674
21.0218
20.2514
20.032
19.2596
17.1665
14.8052
12.5669
10.6714
9.22943
8.0439
7.08933
6.42731
6.04468
5.77535
5.41163
5.01309
4.48664
3.30369
1.56671
0.491153
0.184056
0.152862
0.14153
0.0709666
0.0239106
0.00592275
0.00170256
0.00133088
0.00139351
0.00134381
0.00128521
0.00121902
0.00114883
0.00106776
0.00106016
0.00100998
0.000996244
0.000922393
0.000819393
0.000773045
0.000757782
0.00073993
0.000730812
0.000727542
0.000730812
0.000724454
0.00072506
0.000752131
0.000757698
3.10407
10.4624
12.2849
10.9217
9.4987
9.31207
10.5268
12.3983
14.7756
17.8651
21.5574
25.4821
29.1201
32.1203
34.4128
36.0637
37.1548
37.7837
38.0925
38.2144
38.2519
38.2506
38.203
38.0904
37.9027
37.6393
37.3032
36.901
36.4432
35.9386
35.374
34.6891
33.7849
32.5917
31.129
29.4837
27.7668
26.0882
24.566
23.3212
22.4393
21.907
21.5368
21.1014
20.887
21.2501
22.2774
22.1146
20.5055
19.7563
19.5506
18.8067
16.8407
14.5751
12.4725
10.6471
9.22024
8.11446
7.22173
6.59995
6.24652
5.98351
5.59237
5.15227
4.70506
3.83504
2.27156
0.874768
0.243477
0.100665
0.0587706
0.0239891
0.00732509
0.00212603
0.00121742
0.0012083
0.0012628
0.00124424
0.00114661
0.00104474
0.000961847
0.000877496
0.000815696
0.000740932
0.000708181
0.000684282
0.000662007
0.000653142
0.000651618
0.000653145
0.000648918
0.000660487
0.000658765
0.000679636
0.000676276
0.000680459
0.000689136
3.04797
10.4468
12.2758
10.8616
9.47633
9.52155
10.9247
12.9004
15.6256
19.259
23.5486
27.9775
31.9351
35.0831
37.4184
39.0669
40.1326
40.7112
40.9537
40.9988
40.9565
40.8875
40.7885
40.6354
40.4126
40.1152
39.7433
39.3011
38.7975
38.242
37.6243
36.8855
35.9217
34.6543
33.0978
31.3377
29.4849
27.6474
25.9416
24.4918
23.3999
22.6783
22.1654
21.6096
20.9917
20.9948
21.6242
21.6435
20.1491
19.3235
19.0991
18.3596
16.4972
14.379
12.4056
10.6124
9.21381
8.18292
7.35441
6.77148
6.43959
6.18144
5.77212
5.26579
4.77507
4.06436
2.86517
1.43459
0.434493
0.080556
0.0226713
0.00801229
0.00263629
0.00122976
0.00104939
0.00110964
0.00113466
0.00112827
0.00107512
0.00099728
0.000899241
0.000802291
0.000722134
0.000672499
0.000643211
0.000634729
0.000629728
0.000629394
0.000627353
0.000632473
0.000639158
0.000640989
0.000646526
0.000653201
0.000651351
0.000658262
0.000614958
3.00453
10.416
12.2585
10.8022
9.37943
9.8335
11.3507
13.5163
16.7231
21.018
25.9215
30.7995
35.0064
38.2475
40.5926
42.2252
43.2661
43.8058
43.9925
43.9562
43.8338
43.7008
43.5515
43.3574
43.0983
42.7659
42.3578
41.8756
41.3262
40.7192
40.047
39.2523
38.227
36.8844
35.234
33.3597
31.3723
29.3778
27.4898
25.833
24.5201
23.5917
22.924
22.2734
21.5044
20.986
21.3359
21.3524
19.9067
19.0046
18.7132
17.9359
16.148
14.1869
12.333
10.5987
9.20971
8.23211
7.46726
6.92214
6.60171
6.3476
5.92871
5.34786
4.82802
4.18061
3.31805
2.09901
0.781993
0.100138
0.0086719
0.00297988
0.00134425
0.000975543
0.000962628
0.00102896
0.00105965
0.00108188
0.00100452
0.000923069
0.000838477
0.000764879
0.000711035
0.000665342
0.000639108
0.00062906
0.0006249
0.000623424
0.000626793
0.000633045
0.000642059
0.000640688
0.000647001
0.00062156
0.000610837
0.000601658
0.00056378
2.98368
10.3373
12.1711
10.6856
9.33447
10.1824
11.8672
14.3305
18.2079
23.2498
28.7044
33.9133
38.2737
41.5497
43.8744
45.4785
46.4943
47.0033
47.1348
47.0195
46.822
46.6251
46.4237
46.1861
45.8882
45.5189
45.0731
44.5502
43.9547
43.2961
42.5686
41.7167
40.6291
39.2115
37.4692
35.4844
33.3678
31.2234
29.1616
27.3053
25.7714
24.624
23.7869
23.0388
22.2053
21.4256
21.3399
21.3022
19.9087
18.9687
18.4995
17.5635
15.8285
14.0012
12.2625
10.5821
9.17915
8.22655
7.52317
7.01851
6.70351
6.44509
6.01746
5.39108
4.83314
4.36303
3.72363
2.75186
1.17525
0.100125
0.00649687
0.0014807
0.000968975
0.000877048
0.000904845
0.000975526
0.00103783
0.0010656
0.00100548
0.000919655
0.000831097
0.000760669
0.000709254
0.000668941
0.00064214
0.000627518
0.000626474
0.000626476
0.000623014
0.00062811
0.00062311
0.000622212
0.000627678
0.000594383
0.000580046
0.00054829
0.000510722
2.98851
10.1807
12.0098
10.5328
9.35339
10.5799
12.5097
15.4224
20.1744
25.9627
31.8151
37.1987
41.6196
44.8898
47.1801
48.7539
49.7515
50.2397
50.3235
50.1418
49.8772
49.621
49.3704
49.0911
48.7559
48.3512
47.8699
47.3085
46.6694
45.961
45.179
44.27
43.1208
41.6313
39.8027
37.7149
35.4776
33.192
30.9646
28.9144
27.1576
25.7754
24.738
23.8667
22.9679
22.1242
21.7744
21.6145
20.2348
19.1055
18.4515
17.272
15.5532
13.8214
12.1852
10.5623
9.19028
8.21699
7.5453
7.06812
6.75333
6.49153
6.06303
5.41683
4.8201
4.37336
3.81347
2.81253
1.75509
0.207469
0.00784754
0.00122954
0.0008626
0.000830687
0.000872166
0.000958964
0.00102755
0.00105424
0.000997675
0.00091268
0.000825751
0.000767612
0.000715003
0.000667879
0.000649639
0.000632429
0.00062545
0.000624159
0.000623041
0.000628458
0.000623252
0.000623513
0.000624976
0.000577483
0.000555233
0.000503731
0.000480312
3.0377
9.93359
11.7423
10.3001
9.51171
11.0576
13.3112
16.8877
22.7076
29.1529
35.2004
40.6091
45.0248
48.2726
50.5311
52.0835
53.0754
53.5542
53.6027
53.3699
53.048
52.7393
52.4444
52.1271
51.7576
51.3206
50.8064
50.2093
49.5289
48.7725
47.9366
46.9699
45.7585
44.1982
42.2861
40.0989
37.7448
35.3218
32.9325
30.6907
28.7091
27.0802
25.8143
24.7829
23.7967
22.9142
22.468
22.2543
20.9952
19.5099
18.5099
17.1021
15.3485
13.6737
12.1118
10.5571
9.19919
8.22446
7.54519
7.08283
6.76486
6.50832
6.09043
5.40854
4.70999
4.27419
4.02289
3.37895
1.617
0.159961
0.00803197
0.00129368
0.000855512
0.000826973
0.000861254
0.000943534
0.00102971
0.00104775
0.00100451
0.00092359
0.000834278
0.000767978
0.000717934
0.00067068
0.000645714
0.000620115
0.000614171
0.000612629
0.000612051
0.000615874
0.00060798
0.000620006
0.000598544
0.000542921
0.000512817
0.000473537
0.000453933
3.14074
9.61813
11.3577
10.0001
9.70123
11.6358
14.2914
18.8074
25.816
32.737
38.7646
44.0798
48.4548
51.6823
53.922
55.4676
56.468
56.9484
56.9762
56.708
56.3395
55.9862
55.6527
55.302
54.9023
54.4365
53.8929
53.2632
52.5446
51.7423
50.8535
49.8287
48.555
46.9251
44.9322
42.6492
40.1819
37.6256
35.0782
32.6485
30.4437
28.5609
27.0424
25.8111
24.6991
23.754
23.2704
23.1173
22.0402
20.2659
18.6857
17.044
15.2364
13.5809
12.0383
10.5426
9.18062
8.23809
7.54457
7.0784
6.74433
6.49232
6.07976
5.34799
4.56651
4.07769
3.89242
3.54028
1.63959
0.152597
0.00843383
0.00125233
0.000854159
0.000827943
0.000857071
0.000942043
0.000994415
0.00102776
0.000999927
0.000914482
0.00083161
0.000768643
0.000747473
0.00067808
0.000647076
0.000624517
0.000614508
0.000614354
0.000611657
0.00061717
0.000606349
0.000587402
0.000540594
0.000498592
0.00047916
0.000454276
0.000430831
3.3021
9.26669
10.8883
9.65529
9.85625
12.3233
15.4649
21.2302
29.4194
36.5781
42.4068
47.5579
51.8854
55.1081
57.3484
58.9053
59.9295
60.4243
60.4471
60.1584
59.7547
59.3656
59.0004
58.622
58.1971
57.7071
57.1384
56.4803
55.7271
54.8821
53.9423
52.8604
51.5251
49.8275
47.7569
45.3822
42.8059
40.1203
37.4193
34.8061
32.381
30.241
28.4502
26.9786
25.6906
24.6243
24.079
24.034
23.1788
21.1957
19.0124
17.0477
15.228
13.5487
11.9755
10.5166
9.18592
8.23769
7.54242
7.05513
6.69801
6.42313
5.98849
5.23164
4.38658
3.81697
3.64445
3.30891
1.57611
0.178694
0.012016
0.00160961
0.000885284
0.000835343
0.000858681
0.000934158
0.00098762
0.00103258
0.000999506
0.000913696
0.000841638
0.000785357
0.000744096
0.000684202
0.000652243
0.000630454
0.000603779
0.000591171
0.000595956
0.000596704
0.000584243
0.000554121
0.000504165
0.000481803
0.000467509
0.000436687
0.000417984
3.51984
8.91369
10.3687
9.29413
10.0283
13.11
16.8557
24.1465
33.3549
40.518
46.0377
51.0043
55.2995
58.5409
60.8047
62.3929
63.4573
63.9822
64.0152
63.7201
63.2936
62.8787
62.4897
62.0903
61.6464
61.1379
60.5497
59.8684
59.0856
58.2023
57.215
56.0782
54.6833
52.9208
50.7768
48.3149
45.6345
42.8243
39.9744
37.1828
34.5419
32.1448
30.0674
28.3183
26.7996
25.535
24.8407
24.8321
24.2199
22.173
19.5118
17.0614
15.2094
13.5343
11.9306
10.4895
9.20522
8.24289
7.52556
7.00361
6.62378
6.31005
5.84016
5.06257
4.17751
3.51143
3.17449
2.52822
0.85305
0.135808
0.0187108
0.00253674
0.000960898
0.00086231
0.000867272
0.000911333
0.000952737
0.00100276
0.00096813
0.000933496
0.000848606
0.000783224
0.000743839
0.000694943
0.000652837
0.00062603
0.000607073
0.000590638
0.000583065
0.000596265
0.000566047
0.000527869
0.000485758
0.000469002
0.000440672
0.000422503
0.000398273
3.78969
8.58595
9.83345
8.94361
10.2872
13.975
18.5021
27.4648
37.4125
44.4107
49.5898
54.392
58.6833
61.9706
64.2825
65.9231
67.0452
67.617
67.6754
67.388
66.9523
66.5226
66.119
65.7066
65.251
64.7312
64.1303
63.4324
62.6264
61.7109
60.6811
59.4933
58.0422
56.2192
54.0071
51.464
48.6851
45.7561
42.7629
39.7986
36.948
34.2969
31.925
29.8676
28.0648
26.5282
25.5565
25.4076
24.9702
22.9816
20.0283
17.1045
15.1314
13.5191
11.9051
10.4629
9.20629
8.24327
7.49325
6.9299
6.51885
6.16447
5.65629
4.84314
3.90466
3.20422
2.86154
2.14757
0.607712
0.0945525
0.0129614
0.00231964
0.000998195
0.00087598
0.000874588
0.000896283
0.00093008
0.000950195
0.000928709
0.000892791
0.000852101
0.000790696
0.000740147
0.000729958
0.000659102
0.000633952
0.000606545
0.000589775
0.000571254
0.000563159
0.000540357
0.000506403
0.000474887
0.00045505
0.000428154
0.000404002
0.000387628
4.10958
8.29909
9.31881
8.63283
10.7097
14.8988
20.4397
31.0115
41.3844
48.1448
53.0176
57.701
62.0229
65.3841
67.7693
69.4838
70.6818
71.3181
71.4175
71.1525
70.7221
70.2897
69.8817
69.4655
69.0071
68.4844
67.879
67.1729
66.352
65.4119
64.3466
63.1137
61.612
59.7346
57.4613
54.8443
51.9743
48.9333
45.8037
42.6738
39.6209
36.7223
34.0542
31.6668
29.5318
27.6647
26.2958
25.7915
25.3232
23.2997
20.4307
17.3016
15.1887
13.5146
11.8874
10.4486
9.1941
8.22635
7.44498
6.84105
6.38936
5.99388
5.44867
4.60835
3.62629
2.84594
2.44812
1.72771
0.440541
0.0801696
0.0120683
0.00230439
0.00108634
0.000908519
0.000892051
0.000892211
0.000905854
0.000918494
0.000922506
0.000865282
0.000827892
0.00077135
0.000743311
0.000726248
0.00068618
0.00064627
0.000608109
0.000599887
0.000565118
0.000535291
0.000518729
0.000490534
0.000472768
0.000451407
0.00042875
0.000400731
0.000377793
4.48399
8.0583
8.86746
8.6238
11.3487
15.8756
22.668
34.5644
45.1062
51.6488
56.292
60.914
65.3018
68.764
71.2472
73.0578
74.35
75.0684
75.2258
74.998
74.5886
74.1666
73.7657
73.3562
72.9049
72.3893
71.7895
71.0851
70.2592
69.3045
68.213
66.9433
65.3988
63.4753
61.1499
58.4685
55.5165
52.3725
49.1151
45.8282
42.5824
39.4457
36.486
33.7575
31.253
29.003
27.1599
26.1226
25.3892
23.3034
20.7483
17.6809
15.3169
13.5059
11.8361
10.4356
9.20257
8.21136
7.39059
6.74282
6.24512
5.80907
5.23591
4.37933
3.34977
2.50502
2.0686
1.3429
0.319112
0.0474939
0.00720923
0.00170145
0.000977486
0.000878917
0.000873326
0.000882445
0.000886035
0.000890738
0.000882065
0.000865085
0.000831261
0.000769873
0.000733034
0.000730629
0.000683222
0.000642317
0.000625445
0.000585145
0.000563162
0.000522383
0.000503369
0.000484847
0.000475937
0.000451353
0.000429823
0.000403791
0.000375965
4.92867
7.8635
8.54209
8.9904
12.2007
16.9168
25.1194
37.9054
48.4739
54.8844
59.3931
64.0126
68.4991
72.0878
74.6934
76.6217
78.0268
78.8449
79.0778
78.9025
78.5305
78.1333
77.7519
77.3608
76.9281
76.431
75.8483
75.1575
74.3388
73.3816
72.2756
70.9802
69.4034
67.4449
65.079
62.3452
59.323
56.0873
52.7131
49.2804
45.8533
42.4907
39.25
36.1809
33.2855
30.6052
28.2486
26.5553
25.3545
23.3764
20.9227
17.9234
15.3197
13.4769
11.8283
10.4096
9.20677
8.1915
7.33262
6.63999
6.09831
5.62935
5.03727
4.15691
3.03606
2.13886
1.71238
1.01795
0.229852
0.0362486
0.00585839
0.00155058
0.000946532
0.000860905
0.000856882
0.000859934
0.000858792
0.000860742
0.000847328
0.000828506
0.000793764
0.000748788
0.000729252
0.000703503
0.00068292
0.000646098
0.000607725
0.000579806
0.000565168
0.000515979
0.00050144
0.000482746
0.000474323
0.000451364
0.000429459
0.000404286
0.000380074
5.47542
7.71541
8.47894
9.86922
13.2111
18.0371
27.6546
40.8669
51.4398
57.8338
62.3036
66.9745
71.5888
75.3275
78.079
80.1462
81.6823
82.6173
82.944
82.8367
82.5196
82.1622
81.8139
81.4539
81.0524
80.5867
80.0344
79.3709
78.5735
77.6285
76.5225
75.2153
73.62
71.6405
69.249
66.478
63.4006
60.0877
56.6109
53.046
49.4521
45.8796
42.374
38.9753
35.6854
32.547
29.6519
27.2436
25.3848
23.4124
20.9052
18.0425
15.4583
13.5256
11.8752
10.419
9.21127
8.16685
7.27285
6.53964
5.96549
5.47718
4.86473
3.89444
2.59317
1.70618
1.34629
0.730855
0.164528
0.0274988
0.00483828
0.00143415
0.000914116
0.000830718
0.000825386
0.000827687
0.000827209
0.000832214
0.000811836
0.000800573
0.000763539
0.000745205
0.000729961
0.000685205
0.000671254
0.000634963
0.00060373
0.000583574
0.000545202
0.00051366
0.000500814
0.000478952
0.000464085
0.000457081
0.000431381
0.000409792
0.00038611
6.17666
7.62024
8.72027
11.1152
14.3047
19.2385
30.0897
43.3539
53.9954
60.4883
65.0042
69.7732
74.5399
78.4496
81.3691
83.5956
85.2802
86.3488
86.7875
86.7649
86.5195
86.2178
85.9168
85.6016
85.245
84.8248
84.3175
83.6969
82.9374
82.0216
80.9329
79.6312
78.0345
76.0519
73.6531
70.8638
67.7499
64.3781
60.8164
57.137
53.3943
49.6311
45.8821
42.1746
38.5029
34.901
31.4556
28.323
25.6869
23.3661
20.862
18.0261
15.5867
13.5814
11.8988
10.4351
9.2081
8.13298
7.21797
6.46136
5.87082
5.36854
4.68761
3.48176
1.95362
1.20907
0.952718
0.495879
0.114413
0.0203543
0.00391756
0.00129153
0.000864998
0.000801709
0.000798592
0.000789625
0.000791856
0.000798069
0.000780061
0.00076838
0.000735704
0.000723061
0.00069886
0.000680548
0.000655365
0.00063281
0.000602921
0.00057315
0.000546385
0.0004978
0.000482874
0.000480731
0.000464081
0.0004488
0.000445797
0.000409252
0.000386549
7.10814
7.59017
9.28211
12.5216
15.4173
20.4949
32.2452
45.3411
56.1519
62.8389
67.4715
72.3769
77.3161
81.4152
84.5231
86.9281
88.7774
89.9954
90.5643
90.6451
90.4866
90.2567
90.0177
89.7614
89.4641
89.1043
88.6581
88.0974
87.394
86.5269
85.4759
84.2002
82.6231
80.6589
78.2753
75.4905
72.3633
68.9553
65.3311
61.559
57.6896
53.7596
49.7937
45.8062
41.7803
37.732
33.7416
29.9021
26.4175
23.4642
20.8068
18.0063
15.5845
13.5783
11.888
10.4239
9.1857
8.08854
7.18791
6.45389
5.84704
5.2882
4.38642
2.91007
1.44001
0.781524
0.601002
0.312385
0.0761984
0.0146996
0.00313543
0.00115428
0.000818859
0.000773071
0.000767887
0.000768084
0.000764881
0.000765801
0.000749792
0.000733305
0.000706076
0.000704721
0.00068234
0.000655928
0.000641556
0.000626553
0.000599722
0.000574095
0.000546497
0.000489872
0.00048088
0.000462043
0.000447331
0.000437301
0.000434616
0.000421637
0.000386421
8.36689
7.63831
9.97714
13.923
16.4896
21.7471
33.9917
46.8539
57.9249
64.8724
69.6774
74.7492
79.876
84.18
87.4946
90.0954
92.1246
93.5068
94.2219
94.426
94.3699
94.2272
94.065
93.8819
93.6584
93.3746
93.0062
92.5236
91.8964
91.0996
90.109
88.8834
87.3505
85.4303
83.0884
80.3359
77.2231
73.8068
70.1474
66.3095
62.3404
58.272
54.121
49.8901
45.5501
41.0946
36.588
32.0773
27.7431
23.9329
20.772
17.9707
15.577
13.5708
11.868
10.4088
9.13858
8.0835
7.24677
6.56684
5.91285
5.16136
4.06845
2.59157
1.29064
0.629114
0.394783
0.190767
0.0481558
0.0100304
0.00239618
0.0010063
0.000768961
0.000738468
0.00073711
0.000730215
0.000729697
0.000734673
0.000713823
0.000710081
0.000684559
0.00068431
0.00066047
0.000654649
0.000640202
0.000617914
0.000604688
0.000562434
0.000527558
0.00047271
0.000462881
0.000448789
0.000444138
0.000433679
0.000434283
0.000412681
0.000392838
6.63566
7.32048
7.95985
8.73353
9.48605
10.3499
11.53
12.7853
14.3358
16.6596
19.0754
20.3344
19.6498
16.9768
12.4569
6.91483
4.14108
0.593997
3.59177
5.05649
5.07436
4.56199
3.29705
2.64616
2.12232
2.30242
2.73484
3.70261
4.41839
4.9666
5.78061
4.38884
4.68689
5.54732
5.98227
6.37302
6.82674
7.2491
7.69919
8.25177
8.68001
9.01223
9.36033
9.3812
8.95453
7.87958
6.33104
4.44458
2.44037
1.53648
0.545408
1.79742
2.41055
2.36582
2.10845
1.65292
1.46025
1.40741
1.72053
2.25742
3.16729
4.25718
4.1652
4.93113
5.60145
4.68119
7.05807
7.57558
8.03353
8.55984
9.0521
9.5651
10.1256
10.4408
10.4254
10.0154
8.77257
7.12068
5.07857
3.26799
1.9066
0.959019
0.626264
0.58386
1.50805
2.07481
1.97957
1.73193
1.49445
1.4568
1.61056
2.09378
2.81679
3.91957
5.33462
5.02687
5.73243
7.04975
5.57155
8.86165
9.47366
10.0101
10.6266
11.2076
11.8139
12.4317
12.7478
12.6092
11.8635
10.0033
7.67805
4.92565
2.59556
1.15261
0.508293
0.326794
0.728838
1.79062
2.46219
2.30531
1.97294
1.74682
1.73414
1.9446
2.50929
3.32396
4.51337
6.22825
5.81046
6.37581
8.1888
6.28437
10.2155
10.8838
11.4649
12.1343
12.7679
13.4293
14.055
14.334
14.0522
13.0191
10.7426
8.09192
5.11996
2.63816
1.09172
0.476927
0.305488
0.912428
2.12228
2.86141
2.65558
2.24653
2.00443
1.9887
2.22139
2.82989
3.70114
4.9414
6.9787
6.48617
6.86876
9.17715
6.91155
11.0772
11.7769
12.3834
13.0846
13.7524
14.452
15.0658
15.2938
14.8846
13.6246
11.075
8.3237
5.34347
2.89459
1.29414
0.634061
0.439865
1.0627
2.35451
3.16773
2.94037
2.47568
2.21633
2.19187
2.43728
3.07391
3.9882
5.27711
7.64578
7.08833
7.24625
10.1044
7.51388
11.5285
12.2462
12.8711
13.5968
14.2955
15.0361
15.6481
15.8463
15.3841
14.0317
11.4053
8.76371
5.86421
3.40811
1.64682
0.877568
0.639379
1.15743
2.49856
3.43009
3.21559
2.698
2.39898
2.35508
2.60565
3.26332
4.2149
5.55942
8.25895
7.63819
7.5305
11.0186
8.1249
11.668
12.3975
13.0413
13.7927
14.5299
15.327
15.9727
16.1882
15.79
14.524
12.0235
9.62908
6.80604
4.21881
2.16543
1.19186
0.846026
1.21111
2.58319
3.69347
3.53078
2.94761
2.56808
2.48738
2.73745
3.41312
4.39917
5.80446
8.83109
8.1491
7.74048
11.9463
8.76506
11.5911
12.3308
12.9981
13.7815
14.5715
15.4478
16.1835
16.4796
16.279
15.279
13.0634
10.9776
8.18977
5.35152
2.89298
1.61959
1.08194
1.25252
2.6279
3.98266
3.91884
3.25048
2.73693
2.59488
2.84121
3.53322
4.55145
6.01725
9.36616
8.63026
7.89506
12.9008
9.44766
11.3806
12.1313
12.8301
13.6559
14.5185
15.4965
16.3877
16.8401
16.9551
16.3717
14.552
12.8018
10.0156
6.83735
3.88469
2.2199
1.40988
1.31679
2.64176
4.3051
4.40339
3.63143
2.92049
2.68275
2.92377
3.63036
4.67805
6.19839
9.8628
9.08833
8.01133
13.8863
10.1812
11.1062
11.8705
12.6088
13.488
14.4443
15.5472
16.6447
17.3541
17.8723
17.7979
16.4527
15.0424
12.2198
8.64507
5.14856
3.02851
1.88504
1.4411
2.62835
4.65259
5.00038
4.11826
3.13859
2.75662
2.9907
3.7095
4.78346
6.34762
10.3164
9.52751
8.1038
14.8997
10.9705
10.8209
11.6036
12.3894
13.3334
14.402
15.6563
16.9874
18.0146
19.043
19.4878
18.6583
17.5559
14.647
10.6673
6.62998
4.0392
2.53768
1.66469
2.58856
5.00286
5.71603
4.74308
3.41852
2.82362
3.04664
3.77486
4.87181
6.4654
10.7207
9.94946
8.18407
15.9314
11.8169
10.5621
11.3687
12.2091
13.228
14.4258
15.8447
17.425
18.8024
20.3903
21.3241
20.9822
20.1142
17.0667
12.7381
8.21819
5.20089
3.3593
2.01541
2.52962
5.31788
6.54443
5.53793
3.79731
2.89367
3.09561
3.83047
4.94763
6.55385
11.0686
10.3534
8.26136
16.9665
12.7187
10.353
11.1895
12.0892
13.1888
14.5257
16.1071
17.9358
19.6708
21.7882
23.1188
23.1624
22.4232
19.1985
14.6454
9.74942
6.41188
4.291
2.48838
2.45406
5.55342
7.46197
6.52777
4.32341
2.98132
3.14125
3.88031
5.01605
6.61703
11.3536
10.737
8.34225
17.9856
13.6716
10.2051
11.0757
12.0356
13.2175
14.6876
16.4146
18.4666
20.5215
23.0637
24.6452
24.8828
24.1442
20.7255
16.1284
10.9895
7.50344
5.21281
3.00865
2.35638
5.66275
8.42339
7.7204
5.05649
3.10859
3.18699
3.92822
5.08264
6.66082
11.5708
11.0972
8.43172
18.966
14.6688
10.1186
11.0245
12.0401
13.2988
14.8761
16.7154
18.9353
21.2246
24.0048
25.6243
25.7992
24.9192
21.34
16.8831
11.6317
8.20835
5.90863
3.3873
2.23287
5.602
9.36038
9.10359
6.05682
3.30918
3.23601
3.9776
5.15284
6.69246
11.718
11.4311
8.53403
19.8825
15.7015
10.0833
11.0193
12.0788
13.3938
15.0385
16.9339
19.2294
21.6203
24.3405
25.7727
25.558
24.4068
20.7378
16.5717
11.3685
8.29485
6.10974
3.42896
2.07032
5.3365
10.1823
10.646
7.3688
3.63372
3.29132
4.03133
5.23133
6.71977
11.7962
11.737
8.6534
20.7089
16.7591
10.0761
11.0269
12.1145
13.4422
15.0983
16.9704
19.2198
21.5368
23.8389
24.8481
23.8647
22.293
18.5524
14.628
9.70614
7.29477
5.46893
3.01027
1.8593
4.86456
10.7814
12.2914
9.00509
4.15459
3.3579
4.09094
5.32131
6.75017
11.8105
12.015
8.79443
21.4193
17.8298
10.0572
11.0013
12.0896
13.3823
14.9826
16.7409
18.7904
20.7892
22.2602
22.5193
20.4505
18.3735
14.44
10.6468
6.40757
4.8749
3.89378
2.61382
1.72646
4.24583
11.0505
13.9531
10.946
4.96676
3.44484
4.15662
5.42385
6.78939
11.7703
12.2673
8.96303
21.9891
18.9009
9.971
10.8718
11.9254
13.1108
14.5596
16.058
17.671
18.9583
19.5062
18.4894
15.2994
12.5885
8.11093
4.33243
2.30317
2.18261
2.96009
3.05841
2.02267
3.64267
10.9007
15.5278
13.1331
6.17553
3.56979
4.22752
5.53748
6.84039
11.6871
12.4961
9.16684
22.3969
19.9593
9.72943
10.52
11.4799
12.4474
13.6262
14.7072
15.5902
16.0295
15.303
12.8432
8.61929
4.82092
1.82813
0.785589
0.668593
1.56821
3.96164
4.49372
3.0439
3.30834
10.3206
16.9021
15.4836
7.86306
3.76658
4.3025
5.65805
6.90257
11.5733
12.704
9.41357
22.6254
20.9917
9.21148
9.80266
10.6018
11.2231
12.0066
12.5168
12.4585
11.7378
9.47406
5.32454
2.07506
0.586315
0.188535
0.208889
0.593853
2.39929
5.87202
6.18851
4.4502
3.40044
9.42126
17.9579
17.9265
10.0439
4.0974
4.38138
5.77885
6.97156
11.4388
12.8921
9.70949
22.6627
21.9849
8.31063
8.6155
9.1882
9.24035
9.47785
8.92269
7.62929
5.57051
2.71054
0.929714
0.199194
0.0588287
0.065739
0.204367
0.742906
3.30994
7.74362
8.00323
5.90394
3.95387
8.43197
18.5632
20.4181
12.6673
4.66831
4.46466
5.89259
7.03972
11.2892
13.058
10.0575
22.503
22.9261
6.0601
5.8817
5.81534
5.26731
4.72477
3.75313
2.42682
1.15989
0.406903
0.102162
0.0336242
0.0330176
0.0894572
0.309324
1.14922
4.47252
9.88309
10.0921
7.53632
4.9274
7.73018
18.5725
22.8441
15.6701
5.63282
4.55554
5.99301
7.09729
11.1246
13.1956
10.455
22.1493
23.8019
2.5027
2.18235
2.02437
1.63201
1.27551
0.879068
0.41047
0.16027
0.0488242
0.0209215
0.0195542
0.0493527
0.144081
0.460504
1.6005
5.7513
12.3714
12.5098
9.46165
6.29648
7.60262
18.0026
25.0654
18.9779
7.16078
4.6721
6.07279
7.13331
10.9391
13.2943
10.8932
21.6166
24.5964
0.646051
0.517767
0.458748
0.34241
0.234788
0.143451
0.0559824
0.0207072
0.011229
0.0106595
0.0243665
0.0782663
0.211587
0.652487
2.1443
7.11228
15.2228
15.2532
11.6984
8.07995
8.1411
16.9356
26.8951
22.4711
9.39712
4.85631
6.12566
7.13959
10.7238
13.3402
11.3567
20.9318
25.2921
0.135625
0.101516
0.0862739
0.0595779
0.0358746
0.0192134
0.00819663
0.00519742
0.00550307
0.011669
0.0376909
0.112629
0.297167
0.87537
2.72741
8.47324
18.419
18.2976
14.2419
10.2743
9.30862
15.6877
28.0754
25.9902
12.409
5.19419
6.1487
7.11084
10.4703
13.3248
11.826
20.1338
25.8698
0.0257553
0.0181015
0.0147202
0.00912297
0.00530393
0.0032603
0.00259668
0.00257641
0.00530947
0.0153015
0.0571396
0.152106
0.390096
1.08219
3.22717
9.69107
21.9019
21.6031
17.077
12.8051
11.1309
14.8558
28.1985
29.4475
16.1085
5.84183
6.14405
7.0467
10.1742
13.2471
12.281
19.2741
26.3086
0.00494271
0.00337729
0.00266884
0.00180224
0.00148209
0.00138033
0.00148708
0.00264516
0.00667095
0.0234746
0.0744247
0.184856
0.486678
1.33459
3.75444
10.6603
25.5718
25.111
20.1671
15.5544
13.6168
14.8091
27.1545
32.7165
20.2922
7.02773
6.1217
6.95366
9.83965
13.1168
12.7049
18.4161
26.5843
0.00140901
0.00108663
0.000961883
0.000932916
0.000908837
0.000959285
0.00138569
0.00287951
0.00971671
0.0325665
0.0965348
0.220979
0.516576
1.35749
3.8028
11.1379
29.2974
28.7536
23.4443
18.4763
16.6343
15.4532
25.1056
35.3565
24.7917
8.96471
6.11207
6.85131
9.48161
12.9552
13.0882
17.6325
26.6714
0.000790874
0.00077423
0.000739246
0.0007431
0.000752359
0.000871755
0.00141199
0.00346336
0.0110036
0.035456
0.100444
0.22262
0.553068
1.62284
4.19406
11.5774
32.8881
32.4495
26.8168
21.5469
19.98
16.6718
22.7955
36.8224
29.267
11.7387
6.20164
6.76965
9.12739
12.7925
13.4296
16.9998
26.5476
0.000690963
0.000659947
0.000663318
0.000660918
0.000692707
0.000884533
0.00157935
0.00427297
0.0137531
0.0439147
0.125283
0.263935
0.628082
1.56305
4.1877
11.5827
36.0356
36.094
30.1677
24.7194
23.2295
18.6668
21.3749
36.4574
33.151
15.339
6.57375
6.75106
8.81881
12.6648
13.7396
16.5688
26.2008
0.000607693
0.000599952
0.000604691
0.000610076
0.000681304
0.00102442
0.00230185
0.00644522
0.0179018
0.046046
0.120672
0.261412
0.660714
1.66299
4.50965
11.5585
38.2373
39.472
33.3194
27.8732
26.213
21.1533
20.7433
34.7701
36.131
19.3492
7.5297
6.85493
8.61883
12.6039
14.0323
16.3464
25.642
0.000554772
0.000551993
0.000556996
0.000563537
0.000615772
0.000890302
0.00199784
0.00559885
0.0175882
0.0552796
0.129251
0.244626
0.529289
1.27659
3.83095
10.6367
39.2097
42.182
35.9865
30.8006
28.7468
23.9829
20.1989
31.6927
37.9838
23.162
9.34267
7.17487
8.5992
12.6387
14.3118
16.3082
24.8969
0.000505844
0.000508283
0.000511251
0.0005218
0.000582446
0.000892283
0.00198896
0.00534145
0.0136644
0.0366477
0.0955696
0.181563
0.442782
1.24527
3.61983
10.4041
39.3168
43.7219
37.7641
33.1394
30.5188
26.4824
20.13
28.2458
38.0257
26.3526
11.8952
7.83047
8.82408
12.8127
14.5673
16.4292
24.0149
0.000473991
0.000477044
0.000476065
0.000483099
0.000516153
0.000684035
0.00138801
0.00410671
0.0126842
0.0345894
0.085043
0.156155
0.39957
1.30283
3.57457
10.146
39.2705
44.8309
39.2411
35.2405
31.9318
28.6443
20.8084
25.4814
37.5366
29.1245
14.9256
8.92339
9.30902
13.1473
14.7838
16.6435
23.0401
0.000438374
0.000431091
0.000433194
0.000434323
0.000459321
0.000594138
0.00132026
0.00409394
0.0122928
0.0328736
0.078745
0.134187
0.347634
1.04882
3.56843
9.73892
39.3207
45.7484
40.5916
37.1915
33.2043
30.4451
22.3636
24.2638
36.4098
31.4769
18.3037
10.5975
10.0966
13.7099
14.9765
16.9016
22.0586
0.000417048
0.000399308
0.000400193
0.000401155
0.00041634
0.000551697
0.00129773
0.00421562
0.0124981
0.0321859
0.0697454
0.0925695
0.26809
0.92338
2.79311
8.65331
39.2149
46.5562
41.8656
38.9622
34.4205
32.0081
24.4046
24.0153
34.8255
33.2411
21.9061
12.9121
11.2311
14.5916
15.2242
17.2452
21.1835
0.000397461
0.000377591
0.000361548
0.000362066
0.000368391
0.000455004
0.000944964
0.00273271
0.00728797
0.0185134
0.0330818
0.0427673
0.147738
0.651463
2.46823
7.86531
38.6697
47.261
43.0667
40.5303
35.6225
33.3962
26.8939
23.9083
33.2843
34.6863
25.4326
15.8014
12.7824
15.8843
15.7116
17.951
20.6009
0.000377813
0.000358387
0.000330188
0.000328564
0.00033431
0.000427435
0.000990394
0.00264027
0.0066529
0.011844
0.017799
0.0249445
0.103821
0.540444
1.92086
6.9495
37.828
47.8099
44.1601
41.8751
36.8138
34.6291
29.5172
24.175
31.7559
35.7908
28.6726
19.1104
14.7994
17.6657
16.7159
19.6288
20.5486
0.000362037
0.000340898
0.000311445
0.000298189
0.000301352
0.000351918
0.000661954
0.00175187
0.00433749
0.00679656
0.00825442
0.0159735
0.0827123
0.468565
1.68865
6.33845
36.6929
48.1045
45.0824
42.9669
37.9678
35.6844
32.0285
25.047
30.4785
36.0414
31.5289
22.6528
17.2859
19.9721
18.5362
22.8971
21.4119
0.000350694
0.000331365
0.000297279
0.000273612
0.000274464
0.000295544
0.000471766
0.00111725
0.00252768
0.00358493
0.00489011
0.0113173
0.070133
0.445776
1.45768
5.63541
35.2268
48.2108
45.7528
43.7611
39.0342
36.5783
34.1921
26.5645
29.6029
35.9292
33.8607
26.2471
20.1772
22.7429
21.2842
27.6725
23.4829
0.000346535
0.000326613
0.000293162
0.000255181
0.000252296
0.000258962
0.000337519
0.000660431
0.00135813
0.00192957
0.00388328
0.00836485
0.0643587
0.444562
1.4032
5.19672
33.3881
48.2479
46.1295
44.2139
39.9698
37.3456
35.9754
28.4765
29.3614
35.5653
35.6191
29.6164
23.326
25.7976
24.7183
32.9681
26.5029
0.000348726
0.000324392
0.000294148
0.000251139
0.000219979
0.000220938
0.000244644
0.00037496
0.000689859
0.00103363
0.00374863
0.00560578
0.0638068
0.447625
1.39558
4.69279
31.0974
48.2413
46.2591
44.3746
40.7467
38.0246
37.4318
30.5961
29.5451
34.7407
37.0906
32.4286
26.5099
28.8561
28.3213
37.6225
29.5617
0.00034991
0.000329732
0.00029672
0.000250881
0.00020576
0.000185998
0.000192198
0.000242645
0.000388558
0.000945972
0.00354822
0.00285881
0.0566012
0.450709
1.40287
4.3412
28.3263
47.9759
46.2798
44.3885
41.3366
38.658
38.586
32.9425
29.9037
33.8371
37.5284
34.4104
29.4346
31.5664
31.532
40.8467
31.5603
0.000366022
0.000329716
0.000298561
0.000260648
0.000201696
0.000178211
0.0001807
0.00019038
0.000281556
0.000749107
0.00249007
0.00126471
0.0530759
0.437735
1.41561
3.89129
25.0505
47.2125
46.0404
44.1641
41.7013
39.2926
39.4635
35.2113
30.2296
32.9058
37.3673
35.4172
31.7355
33.5184
33.8811
42.4119
32.3054
0.00036474
0.000343923
0.0003139
0.000256639
0.0002062
0.000174636
0.000177305
0.000181733
0.00024006
0.000503843
0.00243008
0.000741798
0.0478759
0.511062
1.47051
3.55178
21.3272
45.9255
45.278
43.5436
41.8456
39.858
40.1964
37.2149
30.6087
32.0582
36.8236
35.3549
32.9922
34.3715
35.0728
42.7941
31.5831
0.000365204
0.00033697
0.000304894
0.000260548
0.000211768
0.000172698
0.000178505
0.000180361
0.000217303
0.000411656
0.00163889
0.000757064
0.0311314
0.61659
1.82154
3.22368
17.2793
44.0535
44.0033
42.5532
41.8439
40.416
40.8184
38.7614
31.1914
31.5382
35.4235
33.9138
32.9854
33.9397
35.2415
41.4866
28.6067
10.4207
7.76859
10.6824
15.1822
17.4567
22.8907
35.2521
47.9212
59.2947
66.5322
71.5446
76.797
82.1137
86.6263
90.155
92.9589
95.1736
96.7262
97.5958
97.9357
97.9925
97.9462
97.8703
97.7698
97.6301
97.4332
97.155
96.7651
96.231
95.5237
94.6155
93.464
92.0012
90.1524
87.8813
85.1921
82.1266
78.7359
75.0762
71.2085
67.177
63.0104
58.7196
54.2987
49.7086
44.9209
39.9764
34.8829
29.7838
25.0723
21.1589
18.0431
15.5538
13.5222
11.849
10.407
9.19768
8.2452
7.49269
6.82449
6.07983
5.14734
3.99334
2.56076
1.28828
0.600801
0.317523
0.122527
0.0293055
0.00645467
0.0017728
0.000872989
0.000717785
0.000705415
0.000705236
0.000699679
0.000696821
0.000696885
0.000681539
0.000682923
0.000662646
0.000662007
0.000638788
0.000635748
0.000622454
0.000617616
0.00059622
0.00055332
0.000511965
0.000463773
0.00044379
0.000432962
0.00043086
0.000417665
0.000418633
0.000401514
0.000379705
13.4094
8.02778
11.3896
16.3297
18.3562
23.9316
36.1451
48.6822
60.3611
67.9062
73.1592
78.6069
84.119
88.8504
92.6092
95.6323
98.0467
99.7842
100.825
101.318
101.506
101.571
101.593
101.587
101.545
101.449
101.278
101.001
100.582
99.9897
99.1922
98.146
96.7872
95.0466
92.8861
90.3023
87.3278
84.0072
80.3916
76.5375
72.4866
68.2652
63.8804
59.3208
54.5422
49.5001
44.2118
38.6531
32.915
27.3716
22.632
18.8891
16.0642
13.8858
12.1598
10.7369
9.63355
8.76921
8.03691
7.31539
6.45455
5.40719
4.16238
2.67781
1.29976
0.61395
0.304824
0.103528
0.0235297
0.0049321
0.00138629
0.000765994
0.000667593
0.000661397
0.00066076
0.000664384
0.000674922
0.000665041
0.000664397
0.000653646
0.000643579
0.000642524
0.00062218
0.000621058
0.000611343
0.000608487
0.000595997
0.000551852
0.000505426
0.000452682
0.000427687
0.000417208
0.000412396
0.000404046
0.000395636
0.000395498
0.000379741
16.4179
8.50434
12.1211
17.4451
19.274
24.9392
36.787
49.237
61.2176
69.0969
74.6305
80.2913
86.0073
90.9722
94.9824
98.2462
100.88
102.821
104.052
104.719
105.057
105.248
105.383
105.486
105.553
105.573
105.526
105.381
105.102
104.653
103.996
103.088
101.868
100.273
98.2612
95.8225
92.9791
89.7672
86.2322
82.4248
78.3837
74.1332
69.6782
65.0043
60.0674
54.8177
49.2599
43.3616
37.1725
31.0076
25.5269
21.0907
17.7133
15.1836
13.2749
11.7969
10.683
9.7759
8.96467
8.11099
7.08657
5.85351
4.45511
2.81773
1.33699
0.616583
0.311478
0.100207
0.0216788
0.00494627
0.00132576
0.000711036
0.000626296
0.000620603
0.000622424
0.000629097
0.000641227
0.000649017
0.000640402
0.000640325
0.000629898
0.000626694
0.000611962
0.00061094
0.000607112
0.00060777
0.000594173
0.000549064
0.000506124
0.000454949
0.000418231
0.000405274
0.000393367
0.000390052
0.000390207
0.000382842
0.000365444
19.6172
9.33085
12.8566
18.5153
20.2182
25.8988
37.2038
49.5927
61.8468
70.071
75.9107
81.7876
87.7006
92.897
97.1639
100.676
103.535
105.687
107.119
107.971
108.469
108.795
109.05
109.268
109.455
109.603
109.69
109.689
109.568
109.284
108.795
108.056
107.009
105.594
103.768
101.513
98.8404
95.7774
92.3624
88.6397
84.6443
80.3986
75.9065
71.1529
66.0979
60.6935
54.9412
48.8167
42.3519
35.8018
29.7881
24.7428
20.7855
17.784
15.5227
13.8006
12.4791
11.3818
10.3828
9.3282
8.1043
6.67101
5.07766
3.29502
1.6087
0.710295
0.328904
0.104284
0.0224181
0.00475267
0.0013356
0.000675852
0.000590591
0.000585754
0.00058537
0.000598112
0.000613841
0.000632043
0.000626102
0.000626459
0.000619313
0.000615472
0.000607989
0.000607761
0.000606413
0.000605976
0.000592341
0.00055162
0.000500607
0.000454932
0.000413254
0.000390779
0.000377802
0.000375665
0.000374171
0.000373193
0.00036235
23.1163
10.7352
13.608
19.5324
21.1945
26.7994
37.4195
49.7457
62.222
70.786
76.942
83.0229
89.1098
94.519
99.0321
102.787
105.868
108.23
109.864
110.904
111.567
112.033
112.412
112.749
113.06
113.341
113.576
113.734
113.781
113.68
113.385
112.844
112.005
110.808
109.21
107.183
104.728
101.862
98.6166
95.0284
91.1283
86.9364
82.4559
77.6727
72.5525
67.0536
61.1784
54.9179
48.3078
41.5516
35.199
29.6853
25.1913
21.6671
18.9458
16.8383
15.172
13.7656
12.4849
11.1846
9.75135
8.12921
6.37713
4.50239
2.47028
1.09178
0.454303
0.119966
0.022903
0.00476658
0.00137284
0.000676205
0.000561397
0.000554351
0.000553513
0.000561837
0.000586606
0.000603516
0.000607951
0.000610041
0.000614827
0.000610734
0.000606862
0.000606676
0.000605567
0.000605478
0.000593522
0.000550088
0.000503151
0.000453349
0.000411451
0.000389995
0.000371293
0.000369858
0.000367744
0.000367864
0.000362231
26.9556
13.0347
14.4441
20.484
22.2051
27.635
37.4504
49.6728
62.3099
71.191
77.6581
83.917
90.1392
95.7256
100.459
104.439
107.731
110.296
112.128
113.355
114.183
114.79
115.294
115.752
116.188
116.607
116.994
117.323
117.557
117.656
117.575
117.266
116.669
115.732
114.405
112.656
110.474
107.865
104.851
101.459
97.7169
93.6417
89.2356
84.4859
79.3641
73.8363
67.908
61.5868
54.9272
48.0934
41.5439
35.6948
30.7558
26.7365
23.5244
20.9575
18.8643
17.075
15.4547
13.872
12.2115
10.4171
8.51931
6.52318
4.08468
1.95219
0.797709
0.200632
0.0326626
0.00543766
0.00141991
0.000668593
0.000540271
0.000529321
0.000528744
0.000537691
0.000552761
0.000576233
0.000591755
0.000597423
0.000604156
0.000610759
0.000606586
0.000605583
0.000605436
0.000604718
0.000593414
0.000549856
0.000502822
0.000452863
0.000411954
0.000391332
0.000371643
0.00036503
0.000361561
0.000361108
0.000354097
31.1391
16.5728
15.4929
21.3692
23.2484
28.4061
37.3426
49.3393
62.0713
71.2289
77.9872
84.3857
90.6905
96.4012
101.312
105.483
108.963
111.717
113.744
115.159
116.151
116.898
117.525
118.103
118.665
119.223
119.768
120.275
120.708
121.029
121.188
121.134
120.819
120.185
119.178
117.759
115.91
113.624
110.911
107.79
104.28
100.396
96.1388
91.4968
86.4466
80.9623
75.0534
68.7428
62.1071
55.2974
48.6592
42.5849
37.2969
32.8463
29.1667
26.1294
23.5829
21.3757
19.3803
17.4728
15.5458
13.5337
11.4544
9.30356
6.56511
3.51305
1.50066
0.412325
0.0561368
0.00867501
0.00167453
0.000713596
0.000528638
0.000505116
0.000505112
0.000514443
0.000528728
0.000541888
0.000566852
0.000584869
0.000597258
0.000604274
0.00060535
0.00060681
0.000607331
0.000607246
0.000598384
0.000552871
0.000505766
0.000456056
0.00041219
0.000386618
0.000366476
0.00036219
0.000357064
0.000356777
0.000351242
35.6461
21.601
16.9151
22.251
24.3221
29.1179
37.0662
48.6961
61.4029
70.8477
77.841
84.3291
90.6576
96.4313
101.462
105.78
109.412
112.326
114.52
116.11
117.261
118.146
118.897
119.593
120.281
120.98
121.692
122.395
123.047
123.607
124.031
124.27
124.263
123.974
123.338
122.305
120.85
118.955
116.619
113.85
110.658
107.05
103.027
98.5772
93.682
88.3226
82.5126
76.288
69.7426
63.0404
56.4124
50.2141
44.673
39.8698
35.7757
32.2953
29.3034
26.6685
24.2718
21.9953
19.7402
17.4419
15.1012
12.7268
9.89421
6.06702
2.84075
0.93144
0.138154
0.0182298
0.00289972
0.000832246
0.000537264
0.000489984
0.00048734
0.000491508
0.000506747
0.000519812
0.000533995
0.000561751
0.000586223
0.000597644
0.000602381
0.000610363
0.000616989
0.000618448
0.000612975
0.000567664
0.000510321
0.000459229
0.000414388
0.000387238
0.000366152
0.00035965
0.000354239
0.000353675
0.000349233
40.449
28.1381
19.0882
23.2353
25.4349
29.7775
36.6412
47.7423
60.2763
69.9008
77.128
83.6633
89.9486
95.7094
100.788
105.198
108.949
112.005
114.358
116.111
117.406
118.417
119.276
120.075
120.87
121.69
122.543
123.42
124.294
125.114
125.839
126.421
126.797
126.888
126.677
126.086
125.086
123.655
121.771
119.438
116.652
113.415
109.721
105.559
100.912
95.77
90.1492
84.0956
77.7128
71.1769
64.6676
58.4506
52.7581
47.6926
43.2558
39.3839
35.9775
32.9245
30.1152
27.4391
24.8039
22.1498
19.467
16.7571
13.7838
9.68476
5.151
1.97474
0.355556
0.0498931
0.00728048
0.00141833
0.000605233
0.000490187
0.000474628
0.000477027
0.000488933
0.000503464
0.000514723
0.000529164
0.000562366
0.000586318
0.000596904
0.000608758
0.000623661
0.000628879
0.000627547
0.000594612
0.000520941
0.000464839
0.000415449
0.000386878
0.000365683
0.000357149
0.000351931
0.000351987
0.000347956
45.5395
35.9321
22.6742
24.5632
26.6305
30.387
36.0863
46.4467
58.6554
68.3604
75.7335
82.2594
88.4418
94.1201
99.1738
103.611
107.435
110.602
113.09
114.978
116.415
117.55
118.519
119.421
120.324
121.264
122.261
123.311
124.386
125.438
126.433
127.326
128.077
128.611
128.891
128.843
128.38
127.483
126.127
124.317
122.028
119.258
115.995
112.225
107.933
103.112
97.7827
91.9976
85.8637
79.5552
73.259
67.1405
61.4105
56.1877
51.4992
47.3088
43.5417
40.1039
36.8963
33.8171
30.7797
27.7248
24.6304
21.4864
18.1684
14.0991
8.61892
3.83507
0.901146
0.14152
0.0211704
0.00348161
0.000891131
0.000519726
0.00046883
0.000464264
0.000471141
0.000488491
0.0005014
0.000513872
0.000531416
0.000561038
0.000583952
0.000603048
0.000622094
0.000638225
0.000640162
0.000627034
0.000555895
0.000483437
0.000422614
0.000388743
0.000366048
0.000357203
0.000351069
0.000350527
0.000346984
50.8545
44.5035
28.679
26.7396
27.9911
30.9721
35.455
44.7686
56.4852
66.1577
73.6079
80.0673
86.0747
91.5815
96.5182
100.904
104.741
107.977
110.573
112.584
114.148
115.397
116.464
117.457
118.453
119.498
120.618
121.817
123.079
124.377
125.67
126.912
128.057
128.998
129.721
130.187
130.324
130.094
129.408
128.208
126.512
124.305
121.58
118.31
114.487
110.103
105.18
99.7755
93.9936
87.9985
81.9754
76.0847
70.4474
65.191
60.3633
55.952
51.9048
48.1459
44.5877
41.1382
37.7145
34.2522
30.7141
27.0705
23.2313
18.9311
13.2136
6.82772
2.14696
0.398125
0.0647787
0.0105975
0.00202622
0.000686057
0.000485644
0.000459125
0.000457772
0.000469443
0.0004871
0.000502778
0.000518474
0.000533684
0.000554969
0.00058672
0.000615064
0.000636814
0.000650466
0.000650474
0.00061663
0.000522581
0.000444663
0.000397056
0.000368547
0.000357103
0.000350785
0.000349029
0.000346583
56.2908
53.3002
37.9704
30.5303
29.9724
31.572
34.8357
42.6771
53.7105
63.2101
70.6586
76.9962
82.763
88.0111
92.7327
96.9759
100.752
104.008
106.681
108.796
110.47
111.818
112.97
114.038
115.108
116.236
117.457
118.784
120.216
121.737
123.311
124.887
126.404
127.804
129.044
130.078
130.774
131.136
131.12
130.675
129.734
128.23
126.156
123.501
120.265
116.44
112.048
107.15
101.841
96.2695
90.6101
85.0238
79.627
74.4803
69.6487
65.1404
60.924
56.9412
53.1174
49.3696
45.6178
41.79
37.8283
33.6751
29.2354
24.3653
18.5257
11.1375
4.49888
1.06638
0.197999
0.0349042
0.00633237
0.00142269
0.000598414
0.000470366
0.000455094
0.000454938
0.000464224
0.000482836
0.000500856
0.000514864
0.000527429
0.000551911
0.000594627
0.000630361
0.000651607
0.000660084
0.000653784
0.000598133
0.000495438
0.000420459
0.000377374
0.000359399
0.000351479
0.000348705
0.000347035
61.6833
62.0517
49.9817
37.5141
33.0768
32.8538
34.351
40.1931
50.2753
59.4319
66.7826
72.9462
78.4214
83.3339
87.7436
91.748
95.3846
98.6023
101.317
103.515
105.284
106.717
107.937
109.062
110.183
111.365
112.654
114.075
115.638
117.341
119.16
121.045
122.935
124.781
126.526
128.104
129.435
130.479
131.183
131.418
131.209
130.504
129.253
127.405
124.897
121.767
118.037
113.777
109.076
104.059
98.8855
93.7046
88.6375
83.7588
79.0802
74.6244
70.3783
66.3013
62.3325
58.3981
54.4201
50.3198
46.0191
41.4308
36.4304
30.8682
24.4569
16.6111
8.28952
2.66698
0.597094
0.118446
0.0229219
0.00463007
0.00119533
0.000570815
0.000466927
0.000454609
0.000454731
0.000460812
0.000477362
0.000490263
0.000499906
0.00051348
0.000547492
0.000605291
0.000644231
0.000660228
0.000662858
0.000646877
0.000570223
0.00047066
0.000405233
0.000371758
0.000357084
0.000351882
0.000350084
66.8294
70.6494
63.0357
48.9944
39.3922
35.2921
34.7586
37.8874
46.0238
54.6595
61.7699
67.6845
72.8125
77.3117
81.3105
84.978
88.3909
91.5056
94.2227
96.4849
98.3334
99.8369
101.107
102.262
103.399
104.593
105.901
107.36
108.993
110.813
112.818
114.971
117.21
119.481
121.725
123.874
125.858
127.612
129.062
130.136
130.812
130.948
130.531
129.492
127.918
125.721
122.913
119.504
115.594
111.308
106.797
102.189
97.5984
93.1091
88.763
84.5502
80.4511
76.4445
72.484
68.5059
64.4357
60.1897
55.674
50.7757
45.341
39.1792
32.0548
23.6262
14.1559
6.1516
1.84405
0.440925
0.0971826
0.0210315
0.00473127
0.00131116
0.000611943
0.000477539
0.000458491
0.000456623
0.000459748
0.00047104
0.000479154
0.000486711
0.000501289
0.00053994
0.000606911
0.000647078
0.000658538
0.000658148
0.000638834
0.000569676
0.000481591
0.000415737
0.000380224
0.000365411
0.00036117
71.7199
78.4757
75.1928
64.2799
51.4876
41.5096
36.8294
37.5195
41.6496
49.0592
55.5986
61.1287
65.8532
69.88
73.4018
76.6815
79.8364
82.8201
85.5265
87.8577
89.7853
91.3459
92.647
93.8037
94.9149
96.0622
97.3151
98.73
100.342
102.176
104.257
106.577
109.081
111.705
114.388
117.064
119.66
122.1
124.304
126.2
127.721
128.781
129.372
129.362
128.705
127.345
125.437
123.016
120.101
116.768
113.1
109.24
105.298
101.365
97.4917
93.6948
89.9648
86.244
82.4953
78.664
74.6811
70.4624
65.9046
60.8779
55.2127
48.7039
41.129
32.2992
22.2958
12.4086
5.18266
1.61946
0.425874
0.10433
0.0250521
0.00616139
0.00174305
0.000731193
0.000508693
0.000465379
0.000461762
0.000461462
0.000468038
0.000475464
0.000482533
0.000498253
0.00054152
0.000598698
0.000634148
0.000644581
0.000643055
0.000626815
0.000574334
0.000505077
0.000444988
0.000407055
0.000385464
76.3459
84.9666
85.4627
79.8324
68.5107
55.6485
44.2124
40.152
40.957
44.1471
49.2313
53.976
58.1591
61.6454
64.6806
67.6227
70.5715
73.4396
76.125
78.5363
80.5353
82.1296
83.443
84.5777
85.6128
86.6358
87.732
88.981
90.4335
92.1245
94.1013
96.3967
98.9832
101.795
104.768
107.835
110.919
113.94
116.812
119.452
121.778
123.714
125.197
126.171
126.589
126.392
125.521
123.994
121.964
119.557
116.872
113.956
110.878
107.679
104.436
101.196
97.9671
94.7317
91.4208
87.9617
84.2943
80.342
76.0065
71.1577
65.6313
59.2327
51.7542
43.0191
32.9953
22.1517
12.16
5.22696
1.77974
0.519852
0.140995
0.0372209
0.00989629
0.0028355
0.00103766
0.000592294
0.000485642
0.000469015
0.00046691
0.000468524
0.000474769
0.000484785
0.000509876
0.000557924
0.000608606
0.000635727
0.000640936
0.000641027
0.000634044
0.000605589
0.000550865
0.000494396
0.000449458
80.5937
89.6395
93.6928
92.0245
85.7906
74.954
61.9688
51.2304
46.3064
46.2687
47.2156
49.5905
52.4724
55.2475
57.998
60.6773
63.3172
65.8476
68.2352
70.3785
72.1181
73.571
74.7804
75.7917
76.6421
77.4238
78.233
79.156
80.2556
81.5766
83.1881
85.1576
87.5087
90.2074
93.1907
96.3927
99.7384
103.141
106.509
109.748
112.767
115.48
117.81
119.693
121.074
121.947
122.255
121.982
121.072
119.691
117.918
115.872
113.648
111.32
108.901
106.433
103.926
101.333
98.6291
95.7602
92.6404
89.2021
85.3664
81.0133
75.9954
70.1425
63.2735
55.2238
45.901
35.3765
24.1922
13.904
6.52307
2.52441
0.839543
0.255513
0.0745199
0.0214906
0.00634768
0.00208138
0.00089506
0.000573483
0.000492971
0.000479675
0.000477874
0.000480213
0.000490646
0.000524025
0.000575413
0.000622331
0.000650506
0.000656855
0.000656785
0.000655595
0.000645031
0.000610221
0.000562767
84.166
92.558
98.703
100.197
98.1454
92.2513
82.2632
72.0133
63.5334
58.113
55.0381
54.6943
54.9776
55.7545
57.2031
58.943
60.8204
62.7137
64.584
66.0663
67.152
67.99
68.6525
69.1417
69.528
69.8765
70.2233
70.6464
71.2149
71.9598
72.9392
74.2401
75.9286
78.0488
80.5818
83.4792
86.6829
90.1064
93.6506
97.214
100.695
103.993
107.019
109.693
111.955
113.766
115.088
115.934
116.37
116.274
115.646
114.68
113.5
112.036
110.378
108.652
106.895
105.092
103.155
101.044
98.7146
96.0724
93.0067
89.4343
85.2431
80.296
74.4487
67.5559
59.5193
50.3169
40.0309
29.0156
18.3624
9.86482
4.50616
1.78601
0.634229
0.210366
0.0673526
0.0213638
0.00692556
0.00244539
0.00106887
0.00065208
0.000531978
0.000505226
0.000503176
0.000506103
0.000527804
0.000581454
0.000638803
0.000687783
0.000714007
0.00071749
0.000719499
0.000717366
0.000713809
86.6175
93.6934
100.159
103.97
104.254
102.258
96.9896
89.6471
82.4522
76.3731
71.6746
68.4326
66.3601
65.1076
64.4837
64.3653
64.4318
64.6387
64.9258
65.247
65.5296
65.6184
65.5827
65.4463
65.2257
64.9735
64.7407
64.5701
64.5297
64.587
64.7793
65.2349
66.0356
67.1775
68.7154
70.7004
73.1443
75.9971
79.169
82.5648
86.0802
89.5981
93.0091
96.2194
99.1523
101.748
103.962
105.777
107.18
108.173
108.808
109.253
109.332
108.955
108.185
107.432
106.64
105.679
104.476
103.039
101.429
99.6201
97.5386
95.029
91.9742
88.2581
83.7426
78.3324
71.9433
64.5359
56.1255
46.7768
36.6441
26.2079
16.6364
9.26728
4.55336
2.00374
0.806018
0.303268
0.109491
0.0387796
0.0137796
0.00508199
0.00207659
0.00104056
0.000690828
0.000588462
0.000573027
0.00058386
0.000631327
0.000690728
0.000745017
0.000778817
0.000791534
0.000795314
0.000796049
87.4232
92.9038
98.553
102.883
104.935
104.643
102.781
98.7885
93.9489
89.1143
84.6811
80.9059
77.7904
75.2455
73.1744
71.4819
70.0547
68.8299
67.7566
66.798
65.9219
65.1236
64.368
63.6287
62.8961
62.1718
61.4663
60.7974
60.1847
59.64
59.1924
58.9237
58.9131
59.0377
59.4236
60.2307
61.4425
63.0702
65.1224
67.5805
70.4196
73.5155
76.7419
79.9894
83.1678
86.1973
89.0056
91.5409
93.772
95.6907
97.3098
98.6435
99.6671
100.398
100.917
101.323
101.692
101.924
101.721
101.037
100.306
99.5101
98.4314
96.9295
94.9199
92.3912
89.3452
85.6286
81.1275
75.76
69.5039
62.3977
54.5077
45.9262
36.7883
27.4523
18.7482
11.6219
6.55004
3.37994
1.61432
0.722954
0.307863
0.126449
0.0508674
0.0203829
0.00832297
0.0036076
0.00178503
0.00112784
0.000930374
0.000892798
0.000908847
0.000946317
0.000993845
0.00101377
0.00104636
86.0196
89.908
94.1157
97.8732
100.508
101.345
100.842
99.2099
96.4194
93.1681
89.7686
86.4061
83.1912
80.2029
77.4794
75.0288
72.8361
70.8778
69.1253
67.5457
66.1195
64.8059
63.5545
62.3574
61.2087
60.1043
59.0426
58.0251
57.0548
56.1376
55.2856
54.5199
53.8554
53.3062
52.9456
52.8821
52.9844
53.3098
54.0261
55.1445
56.6444
58.5043
60.6775
63.1042
65.7325
68.5102
71.3198
74.0647
76.68
79.1259
81.3796
83.4274
85.2627
86.8952
88.3481
89.6436
90.7832
91.7309
92.4737
93.0593
93.5978
94.1251
94.4569
94.2665
93.4472
92.1958
90.4992
88.2285
85.3351
81.8483
77.7669
73.0165
67.5776
61.4708
54.7701
47.567
39.9501
32.078
24.3391
17.3134
11.5086
7.15841
4.1835
2.3099
1.21263
0.60939
0.295366
0.139259
0.0645254
0.0297675
0.0141416
0.00680688
0.00427563
0.00402832
0.00398285
0.00404288
0.00439524
81.9471
84.4279
87.1241
89.677
91.7098
92.8957
92.9754
92.5191
91.2703
89.2817
86.9566
84.4468
81.8681
79.3058
76.8177
74.4393
72.1891
70.0735
68.0906
66.2335
64.494
62.86
61.3189
59.8603
58.4757
57.1576
55.9006
54.7004
53.5546
52.4626
51.4257
50.4469
49.5305
48.686
47.9304
47.2771
46.7368
46.3688
46.2767
46.3474
46.5791
47.107
47.9655
49.1338
50.597
52.3192
54.2477
56.3221
58.4873
60.6963
62.9105
65.0987
67.2364
69.3061
71.2954
73.1944
74.9942
76.69
78.2875
79.7992
81.2312
82.554
83.7019
84.6311
85.3338
85.8082
85.8037
85.2186
83.9401
82.1939
79.9097
77.0658
73.6936
69.8766
65.6226
60.9133
55.7758
50.2607
44.4338
38.3702
32.176
26.0425
20.2535
15.1041
10.8123
7.4448
4.95093
3.19931
2.02598
1.27157
0.800486
0.512659
0.343274
0.243106
0.18503
0.150047
0.139691
74.6166
76.0806
77.6008
79.0405
80.2389
81.0467
81.2541
81.0955
80.5581
79.4499
78.0051
76.3215
74.4804
72.5492
70.5815
68.6178
66.6872
64.8092
62.9959
61.2538
59.5856
57.9909
56.4676
55.0124
53.622
52.2928
51.0215
49.8054
48.6421
47.5302
46.4685
45.4571
44.4966
43.5893
42.7377
41.9457
41.2206
40.5746
40.0154
39.548
39.2156
39.1002
39.1374
39.2728
39.5985
40.1495
40.9317
41.9235
43.1153
44.4875
46.0165
47.6753
49.4364
51.2729
53.1598
55.0764
57.0067
58.9401
60.8696
62.7873
64.6801
66.5271
68.303
69.9793
71.5171
72.8617
73.9524
74.7501
75.249
75.3791
75.0993
74.1257
72.6546
70.767
68.4592
65.7333
62.6368
59.2654
55.6797
51.8669
47.8497
43.6666
39.3537
34.9424
30.4952
26.1022
21.884
17.9694
14.4525
11.3832
8.81791
6.7371
5.13213
3.90153
3.02127
2.3324
1.86855
64.299
65.0629
65.8002
66.4634
66.9924
67.334
67.3799
67.2783
66.9499
66.2617
65.3502
64.2599
63.0289
61.6941
60.2889
58.842
57.3774
55.9137
54.4654
53.0428
51.6535
50.3022
48.992
47.7245
46.5006
45.3202
44.1831
43.0888
42.0367
41.0264
40.0576
39.1304
38.2449
37.4016
36.6014
35.8458
35.1368
34.476
33.8666
33.3119
32.8221
32.3899
32.0426
31.7816
31.7705
31.7659
31.8652
32.0006
32.2979
32.7475
33.3566
34.1196
35.0366
36.1016
37.3054
38.6366
40.0838
41.6356
43.2806
45.0066
46.8001
48.6444
50.5189
52.3982
54.2515
56.0438
57.7377
59.2938
60.6699
61.8173
62.6852
63.2465
63.4683
63.4842
63.2355
62.3564
61.0849
59.517
57.6677
55.5392
53.1591
50.575
47.8514
45.0736
42.2608
39.3949
36.4891
33.5553
30.6126
27.6542
24.6795
21.7091
18.8035
16.0335
13.475
11.1387
9.12299
52.0119
52.3353
52.6106
52.8293
52.966
52.9789
52.9386
52.784
52.4349
51.9351
51.318
50.5945
49.7795
48.8891
47.9396
46.9464
45.9234
44.8828
43.835
42.7885
41.75
40.7249
39.7175
38.7309
37.7677
36.8293
35.9169
35.0316
34.1744
33.3458
32.5465
31.7772
31.0385
30.331
29.6558
29.0133
28.4051
27.8313
27.2951
26.7946
26.3359
25.9138
25.5407
25.209
24.9272
24.676
24.6676
24.6503
24.7247
24.7222
24.8556
24.9758
25.2053
25.541
25.9898
26.5547
27.2411
28.0529
28.9917
30.0569
31.2439
32.5443
33.9467
35.4357
36.9927
38.5954
40.2179
41.8318
43.4059
44.9093
46.3112
47.5806
48.6879
49.5957
50.263
50.62
50.7639
50.7573
50.7059
50.2845
49.4169
48.3485
47.0769
45.5923
43.9127
42.0585
40.0441
37.8785
35.5757
33.1391
30.5748
27.9076
25.123
22.3186
19.4307
16.6271
13.8325
39.5704
39.6356
39.649
39.6427
39.6253
39.5427
39.3724
39.1141
38.792
38.4077
37.9644
37.4661
36.9183
36.3268
35.6984
35.0399
34.3579
33.6588
32.9484
32.2314
31.5122
30.7946
30.0819
29.3768
28.6816
27.9981
27.3282
26.6731
26.034
25.412
24.8079
24.2227
23.6571
23.112
22.5882
22.0864
21.6078
21.1527
20.7228
20.3173
19.9398
19.5866
19.2661
18.9656
18.7124
18.4624
18.2729
18.0592
18.0481
18.0384
18.0785
18.0751
18.16
18.1737
18.2753
18.3723
18.5453
18.7887
19.103
19.4996
19.9807
20.5559
21.226
21.9929
22.8537
23.8028
24.8317
25.9289
27.0767
28.2568
29.448
30.6274
31.772
32.8578
33.8539
34.7548
35.5377
36.1082
36.4355
36.5164
36.5344
36.5964
36.5393
36.2835
35.7413
35.0218
34.1075
32.9803
31.5902
29.9578
28.0038
25.8138
23.401
20.8518
17.9667
15.1517
12.1746
28.5223
28.5012
28.4373
28.3195
28.1751
28.0025
27.7998
27.5666
27.3029
27.0091
26.6862
26.3359
25.9604
25.5621
25.1437
24.7082
24.2583
23.797
23.3269
22.8505
22.3702
21.8882
21.4062
20.9262
20.4495
19.9775
19.5114
19.0522
18.6009
18.1582
17.725
17.302
16.89
16.4897
16.1019
15.7274
15.3665
15.0207
14.6891
14.3743
14.0747
13.7923
13.5276
13.2756
13.0516
12.8336
12.649
12.4633
12.3135
12.1283
12.0134
11.8869
11.9152
11.8979
11.934
11.9229
11.9768
11.9675
11.9644
12.0254
11.9975
12.1132
12.1921
12.3486
12.5553
12.8049
13.1071
13.4676
13.8737
14.3285
14.8426
15.4142
16.0292
16.6416
17.2282
17.8485
18.3719
18.8013
18.9884
19.1375
19.2257
19.2188
19.3104
19.221
19.2444
19.1453
18.833
18.1821
17.1665
15.8579
14.2996
12.5309
10.5225
8.49487
6.599
5.01406
3.60708
19.3874
19.305
19.1882
19.0597
18.9177
18.7608
18.5885
18.401
18.1982
17.9806
17.7488
17.5033
17.245
16.9748
16.6938
16.4032
16.1042
15.798
15.486
15.1694
14.8493
14.5268
14.2027
13.878
13.5534
13.2297
12.9075
12.5876
12.2704
11.9567
11.647
11.342
11.0423
10.7485
10.4614
10.1812
9.90868
9.64383
9.38779
9.14043
8.90046
8.67284
8.45182
8.23711
8.02278
7.81557
7.60881
7.41347
7.21856
7.04202
6.85957
6.69523
6.51763
6.365
6.19037
6.05997
5.89012
5.75875
5.56582
5.43337
5.22663
5.13528
4.99583
5.05381
5.05357
5.06207
5.11236
5.15759
5.20459
5.26251
5.34899
5.50713
5.62062
5.64656
5.66928
5.65376
5.66179
5.6817
5.64755
5.65922
5.65713
5.6463
5.62533
5.57221
5.50325
5.41969
5.28613
4.89223
4.40814
3.86498
3.28889
2.71226
2.15956
1.66722
1.24078
0.904971
0.62948
11.9627
11.8663
11.7619
11.6503
11.5312
11.4048
11.2703
11.1287
10.9786
10.8196
10.6517
10.4753
10.2904
10.0974
9.89699
9.68974
9.4765
9.25808
9.03523
8.80854
8.57855
8.34572
8.11054
7.87352
7.63527
7.39646
7.15779
6.91997
6.68364
6.4494
6.2178
5.98925
5.76408
5.54262
5.32551
5.11215
4.90334
4.69987
4.50003
4.30512
4.11645
3.93083
3.74911
3.5777
3.41441
3.2604
3.11366
2.97563
2.84387
2.72134
2.60417
2.49548
2.39197
2.29577
2.20307
2.11624
2.03046
1.94929
1.87017
1.79643
1.7283
1.66776
1.61264
1.56356
1.52007
1.48282
1.45257
1.42833
1.4081
1.39049
1.37423
1.35784
1.34071
1.32291
1.30397
1.28326
1.26152
1.23825
1.21266
1.18479
1.15577
1.12528
1.09098
1.04881
0.993414
0.920983
0.832134
0.73247
0.628327
0.525359
0.427936
0.339978
0.263303
0.199615
0.14755
0.107695
0.0761025
4.93752
4.869
4.79178
4.71053
4.62576
4.53667
4.44421
4.34722
4.24723
4.14478
4.03995
3.93283
3.82356
3.71241
3.5998
3.48629
3.37241
3.25864
3.14532
3.03268
2.9209
2.81016
2.70068
2.59272
2.48658
2.38252
2.28078
2.18151
2.08485
1.99086
1.89966
1.81122
1.72567
1.64297
1.56328
1.48644
1.41262
1.34175
1.27371
1.20859
1.14618
1.08654
1.02941
0.974879
0.922761
0.873061
0.82562
0.780546
0.737582
0.696982
0.65844
0.622146
0.587772
0.555436
0.524643
0.49544
0.467481
0.441018
0.415855
0.392142
0.369752
0.348807
0.329183
0.311077
0.294444
0.27938
0.265769
0.253615
0.242766
0.233123
0.224454
0.216526
0.209029
0.201651
0.194118
0.186214
0.177881
0.16908
0.159944
0.150605
0.14107
0.131327
0.121205
0.1106
0.0995137
0.0881142
0.0767331
0.0657359
0.055443
0.0460753
0.0377772
0.0306424
0.0246429
0.0197447
0.0157941
0.0127148
0.0102701
0.781958
0.773104
0.763777
0.753612
0.742326
0.729511
0.71469
0.69935
0.683217
0.666326
0.648709
0.630684
0.612218
0.593474
0.574206
0.554638
0.534615
0.514602
0.494476
0.474722
0.455124
0.43605
0.417239
0.398995
0.381083
0.363753
0.346808
0.330423
0.31449
0.299081
0.284246
0.269859
0.256208
0.242825
0.230343
0.218005
0.206625
0.195343
0.184987
0.174669
0.165231
0.15577
0.147166
0.1385
0.130674
0.122764
0.115679
0.108504
0.102134
0.095669
0.089988
0.0842018
0.0791564
0.0739909
0.069497
0.0648748
0.0608565
0.0567173
0.0531349
0.0494539
0.0462841
0.0430919
0.040363
0.037646
0.035339
0.0330681
0.0311544
0.0292827
0.0277123
0.0261829
0.0248883
0.0236055
0.0224894
0.0213787
0.020356
0.0193347
0.0183849
0.0173964
0.016532
0.015562
0.014721
0.0138515
0.0130433
0.0122646
0.011499
0.0107204
0.00995012
0.00918055
0.0084879
0.00784096
0.0072753
0.00684463
0.0064789
0.00627329
0.0060803
0.00609074
0.0058475
0.0415211
0.0418732
0.0420169
0.0423014
0.0423862
0.042586
0.0427604
0.043006
0.0432083
0.0432194
0.0432081
0.0431906
0.0431509
0.0430893
0.0430001
0.0428798
0.0427359
0.0425621
0.0423674
0.0421532
0.0419221
0.0416575
0.0413746
0.0410631
0.0407431
0.0404169
0.0401058
0.0397963
0.0395056
0.0392178
0.0389682
0.0387344
0.0385336
0.0383301
0.0381636
0.0377587
0.0376305
0.0370101
0.0369571
0.0362273
0.0361302
0.0353464
0.0352635
0.034361
0.0341863
0.0330336
0.0328809
0.0314937
0.0315576
0.0300493
0.0299458
0.0284865
0.0282546
0.0267987
0.0266551
0.0250486
0.0248847
0.0232233
0.0232265
0.0215148
0.0212258
0.0198738
0.0196254
0.0182974
0.0183288
0.0171552
0.0170735
0.0161331
0.0159994
0.0152278
0.0152487
0.0145783
0.0145344
0.0140532
0.014075
0.0137236
0.0136809
0.0133369
0.0134284
0.0131502
0.0134019
0.0133139
0.0132055
0.0133924
0.0133166
0.0136254
0.0135487
0.0135332
0.0143653
0.0142769
0.0142998
0.0141811
0.0141738
0.0149712
0.0154921
0.0170513
0.0166646
0.0250326
0.0288177
0.030911
0.0354893
0.0372031
0.0420294
0.0439334
0.0487077
0.0510248
0.0560567
0.0584936
0.0633482
0.0666863
0.070819
0.0747616
0.0778957
0.0822156
0.0851331
0.0888711
0.0917801
0.0964572
0.0982989
0.104468
0.107466
0.113266
0.115659
0.121507
0.12341
0.128378
0.12942
0.134113
0.135639
0.141994
0.144682
0.154445
0.156332
0.163099
0.160152
0.160153
0.158811
0.158028
0.16423
0.166875
0.175832
0.174332
0.174836
0.171371
0.173004
0.168002
0.169137
0.163343
0.164597
0.158001
0.158991
0.151944
0.152204
0.143054
0.138508
0.139092
0.131918
0.124144
0.119362
0.120186
0.113961
0.112945
0.107219
0.10805
0.102919
0.102267
0.0979631
0.0989016
0.0949177
0.095796
0.0925326
0.0925297
0.0900827
0.0911749
0.0880572
0.0885661
0.090039
0.0880129
0.0887387
0.0907918
0.0902422
0.0907133
0.0903433
0.0907025
0.0901863
0.091487
0.0907955
0.0915541
0.0885081
0.0867002
0.0851249
0.0821638
0.0807213
0.0764156
0.73711
0.758992
0.780446
0.803674
0.821982
0.846071
0.862297
0.885596
0.903073
0.928054
0.945863
0.972982
0.99172
1.01752
1.03455
1.05374
1.07243
1.08219
1.1035
1.11264
1.13498
1.14608
1.17698
1.19347
1.23011
1.24635
1.28376
1.29815
1.34091
1.34139
1.35217
1.34501
1.34732
1.34143
1.34633
1.33843
1.34064
1.32898
1.33619
1.31642
1.32226
1.29578
1.30241
1.29055
1.26686
1.26357
1.23079
1.22547
1.18707
1.18619
1.13871
1.1406
1.09507
1.08772
1.04252
1.0381
0.990833
0.987557
0.937863
0.940223
0.894704
0.887021
0.845322
0.839972
0.804097
0.797772
0.762997
0.757385
0.722064
0.725822
0.696787
0.692268
0.660055
0.633637
0.630554
0.62542
0.611074
0.61019
0.595398
0.595857
0.580494
0.586354
0.581603
0.559033
0.548209
0.540077
0.530615
0.522116
0.512892
0.504883
0.494083
0.482637
0.465037
0.446246
0.419614
0.393621
0.359202
4.87335
4.93686
4.99889
5.06136
5.12155
5.18229
5.24001
5.29927
5.35564
5.41605
5.47385
5.53778
5.59668
5.66242
5.71758
5.78069
5.82837
5.88955
5.93293
5.99795
6.04571
6.12703
6.17693
6.27211
6.31253
6.37685
6.36226
6.36284
6.35373
6.36579
6.35635
6.36337
6.34725
6.35316
6.38953
6.36734
6.3645
6.33639
6.33319
6.28826
6.28826
6.23294
6.22861
6.16566
6.15929
6.06814
6.00736
5.9416
5.8722
5.79991
5.72771
5.65161
5.57628
5.49721
5.42057
5.33485
5.25679
5.17216
5.08893
5.0066
4.91934
4.82136
4.75604
4.61913
4.58659
4.56788
4.41503
4.34953
4.35373
4.17045
4.09715
4.11524
3.95472
3.84935
3.75525
3.66853
3.58781
3.51268
3.44441
3.38343
3.32844
3.27867
3.23297
3.19248
3.15468
3.11775
3.07473
3.02215
2.95032
2.85937
2.73921
2.59779
2.42545
2.24039
2.02965
1.82268
1.59727
11.9392
12.09
12.2417
12.3943
12.5478
12.702
12.8569
13.0124
13.1685
13.3248
13.4815
13.6382
13.7948
13.951
14.107
14.2624
14.4176
14.5723
14.7274
14.8828
15.0391
15.1954
15.3525
15.51
15.6693
15.8292
15.9889
16.1442
16.2915
16.4283
16.5564
16.6754
16.7808
16.8771
16.9758
17.1026
17.2724
17.3546
17.3915
17.429
17.4922
17.5249
17.5481
17.5653
17.646
17.6391
17.6616
17.657
17.6665
17.7277
17.8293
17.8199
17.8257
17.8494
17.9022
17.8922
17.9255
17.9141
17.9171
17.9097
17.9234
17.9755
17.9443
17.9553
17.9476
17.9112
17.9081
17.8019
17.8269
17.7065
17.637
17.513
17.3514
17.1623
16.9496
16.7257
16.5077
16.2976
16.0896
15.8803
15.6688
15.4532
15.2279
14.9832
14.7053
14.3794
13.9879
13.5179
12.9555
12.2988
11.5359
10.6829
9.73953
8.75062
7.71758
6.70478
5.69986
21.9269
22.231
22.535
22.8385
23.1415
23.4437
23.7449
24.0448
24.3434
24.6402
24.9352
25.2279
25.5184
25.8062
26.0912
26.3733
26.6523
26.9281
27.2005
27.4694
27.7346
27.9958
28.2525
28.5042
28.7502
28.99
29.2233
29.45
29.6701
29.8839
30.0919
30.2935
30.4877
30.6733
30.8489
31.0146
31.1689
31.3125
31.4494
31.5732
31.6971
31.8173
31.9157
31.9874
32.0386
32.0814
32.1163
32.1549
32.2008
32.2568
32.3205
32.3965
32.4591
32.5649
32.549
32.5586
32.5825
32.5901
32.6567
32.765
32.7444
32.7636
32.7667
32.8221
32.8105
32.8164
32.8107
32.8208
32.8487
32.8229
32.8217
32.8302
32.7906
32.7841
32.7237
32.7127
32.5962
32.4558
32.1906
31.8069
31.3154
30.7219
30.0287
29.2346
28.3353
27.3246
26.1963
24.9449
23.5637
22.0526
20.4207
18.6925
16.8745
15.0093
13.1124
11.2657
9.46593
35.0113
35.3701
35.7225
36.0682
36.4072
36.7395
37.065
37.3837
37.6954
38
38.2976
38.5879
38.871
39.1468
39.4151
39.6761
39.9295
40.1754
40.4138
40.6445
40.8675
41.0822
41.2876
41.4824
41.6648
41.8336
41.9907
42.1376
42.2759
42.4074
42.5316
42.6477
42.7519
42.8412
42.9173
42.9689
42.9548
42.957
42.9434
42.9445
42.9441
42.9588
42.9328
42.9297
42.907
42.9047
42.8805
42.8864
42.8552
42.851
42.8229
42.8184
42.7869
42.7909
42.7494
42.7409
42.7037
42.7066
42.6751
42.6679
42.6389
42.6269
42.5912
42.5355
42.4549
42.3425
42.197
42.0167
41.801
41.5477
41.2556
40.9244
40.5497
40.1306
39.6625
39.1443
38.5686
37.9312
37.2257
36.4474
35.5917
34.6538
33.6289
32.5115
31.2959
29.9763
28.5489
27.012
25.3615
23.5916
21.7323
19.8436
17.8914
15.897
13.8667
11.9032
9.97724
46.8405
47.1126
47.3744
47.6261
47.8682
48.101
48.3248
48.5397
48.7459
48.9435
49.1326
49.3134
49.4859
49.6501
49.8061
49.9537
50.093
50.224
50.3467
50.4611
50.5669
50.663
50.7479
50.8189
50.8632
50.8725
50.8741
50.8796
50.886
50.8867
50.8798
50.885
50.8781
50.8767
50.8705
50.8703
50.8518
50.8368
50.8069
50.7638
50.7088
50.6435
50.5676
50.4828
50.3889
50.287
50.1763
50.0581
49.9312
49.7962
49.6503
49.4951
49.3293
49.1544
48.9687
48.7739
48.5682
48.3518
48.1242
47.8857
47.6345
47.3699
47.0894
46.7904
46.47
46.1251
45.7525
45.3494
44.9125
44.4387
43.9254
43.3753
42.796
42.1795
41.5211
40.8166
40.0615
39.2515
38.3822
37.4491
36.4476
35.3734
34.222
32.9888
31.6682
30.2551
28.7469
27.1431
25.4426
23.6431
21.7646
19.8414
17.8072
15.6899
13.4658
11.1804
8.90627
55.0589
55.2093
55.349
55.4785
55.5984
55.7102
55.8145
55.9102
55.9962
56.0731
56.1429
56.2062
56.2631
56.313
56.3559
56.3913
56.4191
56.4396
56.4528
56.458
56.4552
56.4422
56.4202
56.3888
56.3459
56.2911
56.2262
56.1525
56.0715
55.9839
55.8899
55.7902
55.6839
55.572
55.4541
55.3304
55.1995
55.0612
54.9147
54.7592
54.5947
54.4207
54.2372
54.044
53.841
53.6281
53.4051
53.172
52.9285
52.6743
52.409
52.1324
51.8439
51.5432
51.2297
50.9036
50.5686
50.2242
49.8688
49.501
49.1194
48.7223
48.308
47.8746
47.4199
46.9417
46.4379
45.9058
45.3431
44.7472
44.1162
43.4534
42.7606
42.0235
41.2401
40.4075
39.5228
38.5822
37.5825
36.5206
35.3941
34.2007
32.9387
31.6058
30.1999
28.7191
27.1637
25.5368
23.8431
22.089
20.2681
18.353
16.2875
14.0594
11.7637
9.68027
7.88996
59.8727
59.9239
59.9646
59.9954
60.0183
60.0372
60.0579
60.0711
60.0623
60.0288
59.9948
59.9606
59.9233
59.8806
59.8318
59.7763
59.7139
59.6443
59.5675
59.4832
59.3913
59.2913
59.1829
59.0658
58.9398
58.8047
58.661
58.5089
58.3487
58.1809
58.0057
57.8232
57.6337
57.4371
57.2334
57.0231
56.8077
56.586
56.3573
56.1212
55.877
55.6242
55.3625
55.0914
54.8107
54.5199
54.2188
53.907
53.5842
53.2502
52.9045
52.5468
52.1767
51.7936
51.3972
50.9876
50.5676
50.1323
49.681
49.2134
48.7285
48.2254
47.7031
47.16
46.5949
46.006
45.3916
44.75
44.0792
43.377
42.6418
41.8723
41.0664
40.2211
39.3333
38.4001
37.4182
36.3849
35.2982
34.1571
32.9608
31.7084
30.3999
29.0355
27.6156
26.141
24.6126
23.0344
21.4059
19.7231
17.9621
16.1066
14.162
12.231
10.4979
9.01676
7.63892
62.1431
62.1144
62.0777
62.0337
61.9832
61.9271
61.8657
61.7971
61.7198
61.6345
61.5436
61.4473
61.3456
61.2387
61.1259
61.0068
60.881
60.7483
60.6084
60.4613
60.3066
60.1441
59.9736
59.7949
59.608
59.4129
59.2097
58.9984
58.7794
58.5527
58.3184
58.0767
57.8276
57.5712
57.3074
57.0369
56.7594
56.474
56.1806
55.8791
55.5691
55.2503
54.9223
54.5848
54.2374
53.8797
53.5114
53.1321
52.7414
52.339
51.9245
51.4975
51.0576
50.6045
50.1376
49.6569
49.1623
48.6528
48.1277
47.5861
47.0273
46.4503
45.8541
45.2375
44.5995
43.9386
43.2535
42.5424
41.8039
41.036
40.2371
39.4056
38.5395
37.6371
36.6966
35.716
34.6935
33.6277
32.5179
31.3642
30.1666
28.9251
27.642
26.3188
24.9553
23.554
22.113
20.6374
19.1216
17.5692
15.9645
14.354
12.7872
11.3391
10.0693
8.95044
7.84762
62.7089
62.6297
62.544
62.4521
62.3541
62.2502
62.1401
62.0237
61.9005
61.7707
61.6345
61.4919
61.3426
61.1865
61.0235
60.8534
60.6761
60.4914
60.2993
60.0995
59.8921
59.6768
59.4535
59.2223
58.9831
58.7361
58.4813
58.2188
57.9488
57.6712
57.3863
57.094
56.7945
56.4876
56.1735
55.8522
55.5236
55.1874
54.8434
54.4913
54.1309
53.7617
53.3835
52.9959
52.5985
52.191
51.773
51.3442
50.9042
50.4527
49.9893
49.5138
49.0257
48.5248
48.0107
47.483
46.9415
46.3856
45.8147
45.2282
44.6252
44.0051
43.3668
42.7094
42.0319
41.3329
40.6112
39.8653
39.0939
38.2955
37.4687
36.6123
35.725
34.8057
33.8536
32.8679
31.848
30.7939
29.706
28.5851
27.4318
26.2474
25.036
23.7994
22.5372
21.2535
19.9465
18.6249
17.2913
15.9625
14.6385
13.3614
12.1567
11.081
10.2039
9.43853
8.77951
62.1463
62.0334
61.9133
61.7867
61.6532
61.513
61.3658
61.2116
61.0502
60.8816
60.7057
60.5226
60.3319
60.1338
59.9281
59.7148
59.4938
59.2652
59.0289
58.7849
58.5331
58.2736
58.0065
57.7317
57.4494
57.1597
56.8628
56.5587
56.2475
55.9294
55.6044
55.2726
54.9339
54.5884
54.2361
53.8769
53.5108
53.1375
52.7568
52.3685
51.9723
51.568
51.1551
50.7334
50.3026
49.8623
49.4122
48.9519
48.4813
48
47.5077
47.0042
46.4892
45.9623
45.4234
44.8718
44.3074
43.7295
43.1375
42.5308
41.9089
41.2708
40.6157
39.9427
39.2508
38.5388
37.8056
37.0498
36.2704
35.4663
34.6366
33.7808
32.8982
31.9889
31.0527
30.0898
29.1007
28.0864
27.0482
25.9878
24.9068
23.8077
22.694
21.5691
20.4348
19.2959
18.1557
17.0229
15.9075
14.8238
13.7777
12.7892
11.8612
11.0024
10.276
9.65934
9.16136
60.8251
60.6852
60.5372
60.3816
60.218
60.0465
59.867
59.6794
59.4838
59.2802
59.0685
58.8489
58.6212
58.3856
58.1422
57.891
57.6322
57.3657
57.0917
56.8103
56.5216
56.2257
55.9228
55.6129
55.2962
54.973
54.6432
54.3071
53.9647
53.6161
53.2615
52.9007
52.534
52.1612
51.7823
51.3973
51.006
50.6083
50.2041
49.793
49.3749
48.9495
48.5167
48.076
47.6274
47.1704
46.7049
46.2304
45.7467
45.2537
44.7509
44.2382
43.7152
43.1816
42.637
42.0807
41.5124
40.9312
40.3366
39.7278
39.1042
38.4649
37.8094
37.1366
36.4457
35.7355
35.005
34.2534
33.4799
32.6841
31.8654
31.0243
30.1617
29.2779
28.3735
27.4495
26.5069
25.5479
24.5742
23.5884
22.5927
21.5903
20.5841
19.5782
18.5768
17.5858
16.6098
15.657
14.7345
13.8508
13.0106
12.2225
11.4909
10.8135
10.2285
9.69328
9.24405
58.9834
58.8189
58.6448
58.4619
58.2699
58.0688
57.8588
57.6398
57.4122
57.1759
56.9312
56.6783
56.4173
56.1485
55.872
55.588
55.2968
54.9986
54.6935
54.3817
54.0635
53.7391
53.4085
53.0719
52.7297
52.3817
52.0283
51.6695
51.3054
50.9361
50.5616
50.182
49.7973
49.4075
49.0127
48.6126
48.2073
47.7967
47.3805
46.9588
46.5313
46.0979
45.6584
45.2125
44.7602
44.3011
43.8348
43.361
42.8796
42.39
41.892
41.3851
40.8689
40.3429
39.8062
39.2583
38.6983
38.1253
37.5385
36.9372
36.3207
35.6883
35.0395
34.3737
33.6898
32.9869
32.2647
31.5228
30.761
29.9793
29.178
28.359
27.5243
26.6738
25.8083
24.9298
24.04
23.1415
22.2362
21.3268
20.4163
19.5078
18.6041
17.71
16.8305
15.9704
15.134
14.3269
13.5528
12.8168
12.1215
11.4735
10.8783
10.3332
9.87081
9.43119
9.05025
56.7759
56.5869
56.387
56.1774
55.9576
55.7279
55.4887
55.2402
54.9827
54.7165
54.442
54.1596
53.8695
53.5721
53.2677
52.9566
52.6392
52.3157
51.9863
51.6515
51.3113
50.9659
50.6157
50.2607
49.9011
49.537
49.1684
48.7954
48.4182
48.0367
47.6511
47.2614
46.8677
46.47
46.0683
45.6626
45.2529
44.8392
44.4214
43.9995
43.5734
43.143
42.7081
42.2686
41.8243
41.3747
40.9195
40.4581
39.9902
39.5151
39.0323
38.5411
38.0407
37.5302
37.0088
36.4752
35.9285
35.3678
34.792
34.2003
33.5922
32.9676
32.3263
31.6677
30.9908
30.2956
29.5826
28.852
28.1037
27.3386
26.5578
25.7648
24.9614
24.1472
23.3239
22.494
21.6595
20.8229
19.9859
19.1517
18.3234
17.5039
16.6964
15.9051
15.1339
14.3862
13.6651
12.9743
12.3152
11.6909
11.1038
10.5604
10.0641
9.61441
9.22552
8.85984
8.55276
54.3102
54.0969
53.8716
53.636
53.3894
53.1329
52.8665
52.5911
52.3069
52.0145
51.7144
51.407
51.0928
50.7723
50.4458
50.1138
49.7766
49.4345
49.0879
48.737
48.3821
48.0233
47.6609
47.2948
46.9253
46.5523
46.1759
45.7961
45.413
45.0267
44.6373
44.2448
43.8494
43.4512
43.0502
42.6466
42.2403
41.8315
41.4203
41.0066
40.5904
40.1715
39.7499
39.3253
38.8974
38.4655
38.029
37.5874
37.1397
36.6851
36.2225
35.751
35.2694
34.7766
34.2713
33.7521
33.218
32.668
32.1011
31.5166
30.9144
30.2951
29.6591
29.0058
28.3344
27.646
26.9422
26.2237
25.4905
24.7454
23.9895
23.2271
22.4592
21.6861
20.9094
20.1317
19.3546
18.5813
17.8128
17.0531
16.3049
15.5703
14.8531
14.1563
13.482
12.8324
12.2099
11.6163
11.0517
10.5187
10.0201
9.56179
9.14584
8.77352
8.45219
8.16059
7.94132
51.6696
51.4327
51.1833
50.9234
50.6525
50.3718
50.0817
49.7831
49.4764
49.1624
48.8416
48.5146
48.182
47.8442
47.5017
47.155
46.8044
46.4503
46.0929
45.7326
45.3695
45.0037
44.6354
44.2646
43.8913
43.5155
43.1372
42.7565
42.3733
41.9878
41.6001
41.2104
40.819
40.4259
40.0313
39.6355
39.2385
38.8406
38.4418
38.0422
37.6415
37.2398
36.8367
36.432
36.0251
35.6151
35.201
34.7819
34.3565
33.9234
33.4812
33.0285
32.564
32.0862
31.5938
31.0854
30.5599
30.0167
29.455
28.8743
28.275
27.6587
27.026
26.3766
25.7107
25.0311
24.3396
23.6375
22.9252
22.2069
21.4825
20.7575
20.0309
19.3043
18.5791
17.8573
17.1407
16.4328
15.7343
15.0498
14.3806
13.7289
13.0979
12.4887
11.9024
11.3407
10.8044
10.2946
9.81042
9.35546
8.93262
8.54783
8.20252
7.90213
7.65165
7.44415
7.31963
48.9238
48.6653
48.3943
48.1131
47.8213
47.5204
47.2109
46.8938
46.5696
46.2392
45.9031
45.562
45.2166
44.8673
44.5147
44.1591
43.801
43.4406
43.0782
42.714
42.3481
41.9806
41.6116
41.2409
40.8686
40.4946
40.1189
39.7414
39.3623
38.9816
38.5997
38.2167
37.8331
37.449
37.0647
36.6804
36.2964
35.913
35.5301
35.1476
34.7654
34.3832
34.0009
33.6178
33.233
32.8454
32.4535
32.0559
31.6509
31.2365
30.8112
30.3733
29.9213
29.4539
28.9697
28.4676
27.947
27.407
26.8477
26.2688
25.6716
25.0585
24.4303
23.7875
23.1318
22.467
21.7948
21.1173
20.4346
19.7519
19.0671
18.3869
17.7078
17.0337
16.3645
15.7027
15.0504
14.4107
13.7845
13.1761
12.5853
12.0144
11.4654
10.9375
10.4316
9.94866
9.48865
9.05194
8.63815
8.25239
7.89681
7.57883
7.30027
7.07211
6.89837
6.7802
6.74794
46.1327
45.8558
45.5668
45.2684
44.9601
44.6438
44.3198
43.9892
43.6527
43.3112
42.9652
42.6155
42.2626
41.9072
41.5496
41.1904
40.8296
40.4678
40.105
39.7413
39.3769
39.0116
38.6457
38.2787
37.9108
37.5418
37.1717
36.8004
36.428
36.0548
35.6813
35.3074
34.934
34.5611
34.1891
33.8184
33.4491
33.0817
32.7157
32.3512
31.9877
31.6251
31.2629
30.9003
30.5359
30.1682
29.7955
29.4157
29.0267
28.6264
28.2129
27.7847
27.3404
26.8788
26.399
25.9003
25.3822
24.8447
24.2879
23.7124
23.1204
22.5145
21.896
21.2668
20.6297
19.9889
19.3458
18.7028
18.0594
17.421
16.7834
16.1547
15.5286
14.9119
14.3029
13.7048
13.1198
12.5506
11.998
11.4653
10.9507
10.4573
9.9848
9.53109
9.09815
8.68532
8.29255
7.92025
7.56941
7.24615
6.95168
6.69631
6.48271
6.32717
6.23153
6.19823
6.21316
43.347
43.0559
42.7533
42.4423
42.1225
41.7956
41.4622
41.1233
40.7797
40.4321
40.0812
39.7277
39.3723
39.0153
38.6573
38.2986
37.9394
37.5799
37.2203
36.8605
36.5007
36.1407
35.7804
35.4197
35.0585
34.6966
34.334
33.9706
33.6068
33.2426
32.8788
32.5153
32.1533
31.7924
31.4336
31.0768
30.7224
30.3707
30.0209
29.6733
29.327
28.9818
28.6373
28.2923
27.9447
27.593
27.2349
26.8681
26.49
26.0987
25.6924
25.2697
24.8296
24.3712
23.8944
23.3988
22.8846
22.3518
21.8014
21.2344
20.6538
20.0623
19.4617
18.8557
18.2474
17.6409
17.0369
16.4376
15.8417
15.2545
14.6698
14.0976
13.5283
12.9727
12.4264
11.8941
11.3778
10.8795
10.3994
9.93951
9.4972
9.07584
8.67246
8.28551
7.91762
7.56644
7.23285
6.91761
6.62358
6.35667
6.11786
5.92121
5.76982
5.68346
5.65947
5.67897
5.75557
40.6076
40.3068
39.9954
39.6768
39.3502
39.0179
38.68
38.3377
37.9916
37.6426
37.2913
36.9385
36.5845
36.23
35.8752
35.5206
35.1661
34.8121
34.4584
34.1051
33.7522
33.3994
33.0468
32.694
32.3411
31.9876
31.6338
31.2794
30.925
30.5707
30.2172
29.8647
29.5144
29.1656
28.8196
28.4761
28.1357
27.7983
27.4629
27.1299
26.7981
26.4673
26.1372
25.8059
25.471
25.1308
24.7828
24.4244
24.0531
23.6671
23.265
22.8455
22.4085
21.9536
21.4814
20.9917
20.4854
19.9625
19.4248
18.8735
18.3123
17.7439
17.1708
16.5979
16.028
15.4649
14.9079
14.3593
13.8164
13.2844
12.7559
12.2425
11.7318
11.2387
10.7555
10.2891
9.84046
9.41064
8.99937
8.60688
8.23077
7.8742
7.53179
7.20387
6.89297
6.59531
6.31353
6.04871
5.80542
5.58829
5.39947
5.25658
5.16208
5.13608
5.15935
5.2408
5.34945
37.9444
37.6387
37.3233
37.0019
36.6735
36.3403
36.0025
35.6612
35.317
34.9708
34.623
34.2745
33.9256
33.5768
33.2284
32.8807
32.5336
32.1873
31.8418
31.4969
31.1526
30.8087
30.4652
30.1216
29.778
29.434
29.0897
28.7451
28.4007
28.0567
27.714
27.3724
27.0336
26.6964
26.3626
26.0313
25.7033
25.3785
25.0552
24.7342
24.414
24.0945
23.7755
23.4542
23.1283
22.7959
22.4546
22.1015
21.7344
21.352
20.9534
20.5377
20.1054
19.6568
19.193
18.7141
18.2213
17.7149
17.1971
16.6693
16.1357
15.5987
15.0617
14.5303
14.0061
13.4924
12.9873
12.4926
12.005
11.5295
11.0578
10.6031
10.1505
9.7192
9.29718
8.89431
8.5096
8.14335
7.7947
7.46241
7.14508
6.84498
6.55518
6.27861
6.01668
5.76485
5.52797
5.30704
5.10793
4.9335
4.78847
4.69278
4.64664
4.66143
4.73716
4.85781
4.967
35.3765
35.0706
34.7559
34.4362
34.1103
33.7806
33.4471
33.1108
32.7723
32.4324
32.0916
31.7506
31.4099
31.0696
30.7302
30.3917
30.0542
29.7177
29.3821
29.0473
28.7132
28.3795
28.0462
27.7128
27.3796
27.0458
26.7119
26.3777
26.0439
25.7106
25.3788
25.0482
24.7207
24.3946
24.072
23.7519
23.435
23.1208
22.8077
22.4965
22.1855
21.8749
21.5643
21.2505
20.931
20.6043
20.2678
19.9188
19.5556
19.1774
18.7838
18.3745
17.9506
17.5127
17.0624
16.5998
16.1267
15.6431
15.1519
14.6545
14.155
13.6561
13.1616
12.6768
12.2023
11.7406
11.2887
10.8481
10.4152
9.99465
9.57808
9.17973
8.7829
8.41008
8.04519
7.70111
7.37444
7.06494
6.77121
6.49107
6.22448
5.9723
5.72713
5.49442
5.27367
5.06053
4.86183
4.67813
4.51616
4.37726
4.26947
4.21326
4.20083
4.25409
4.37038
4.50491
4.59611
32.912
32.6103
32.3004
31.9866
31.6674
31.3451
31.0194
30.6917
30.3623
30.032
29.7013
29.3707
29.0406
28.7113
28.3831
28.056
27.73
27.4051
27.0811
26.7578
26.4353
26.113
25.7913
25.4692
25.1473
24.8247
24.5021
24.1791
23.8565
23.5344
23.2139
22.8946
22.5782
22.263
21.9513
21.6416
21.3347
21.0302
20.7259
20.4232
20.12
19.8169
19.5134
19.2057
18.8917
18.5702
18.2385
17.8943
17.5366
17.1649
16.7795
16.3805
15.9694
15.5471
15.1154
14.6744
14.2261
13.7706
13.3111
12.8487
12.388
11.9311
11.4821
11.0459
10.6215
10.211
9.81065
9.42177
9.04049
8.67152
8.30658
7.96045
7.61507
7.29566
6.98218
6.6905
6.41454
6.15398
5.90694
5.67088
5.44707
5.23473
5.02689
4.83094
4.6442
4.46323
4.29633
4.1434
4.0117
3.9016
3.82446
3.79882
3.80934
3.90067
4.03476
4.16806
4.22983
30.5481
30.2546
29.9536
29.6495
29.3405
29.029
28.7147
28.3987
28.0814
27.7635
27.4456
27.1279
26.811
26.495
26.1801
25.8663
25.5536
25.242
24.9312
24.621
24.3115
24.0021
23.6931
23.3836
23.0741
22.7639
22.4536
22.1428
21.8324
21.5224
21.2139
20.9063
20.6015
20.2974
19.9966
19.6972
19.4003
19.1049
18.8092
18.5147
18.2191
17.9233
17.6267
17.3254
17.0174
16.7021
16.3768
16.0397
15.6902
15.3285
14.9551
14.5706
14.1768
13.7745
13.3656
12.9502
12.5304
12.1064
11.6816
11.2568
10.8366
10.4227
10.0194
9.63049
9.25399
8.89159
8.5389
8.19743
7.86332
7.54113
7.22299
6.92367
6.62431
6.35197
6.08329
5.83677
5.6038
5.38432
5.17609
4.9766
4.78816
4.60845
4.43148
4.26581
4.10673
3.95218
3.81124
3.68313
3.57543
3.48816
3.43518
3.43054
3.45984
3.57973
3.71612
3.83757
3.86622
28.2717
27.9901
27.7015
27.4105
27.1151
26.8176
26.5176
26.2163
25.914
25.6112
25.3085
25.0061
24.7046
24.4039
24.1044
23.8059
23.5084
23.2117
22.9158
22.6204
22.3254
22.0304
21.7356
21.4401
21.1446
20.8481
20.5515
20.2542
19.9572
19.6605
19.3649
19.07
18.7776
18.4854
18.1962
17.9076
17.6211
17.3356
17.049
16.7633
16.4761
16.1886
15.9
15.6064
15.3062
14.9992
14.6829
14.356
14.0182
13.6701
13.3127
12.9465
12.5735
12.1946
11.8115
11.4243
11.0352
10.6443
10.255
9.86811
9.4879
9.11576
8.75582
8.4108
8.0781
7.75905
7.4491
7.14983
6.85759
6.57672
6.29984
6.04134
5.78204
5.55
5.31935
5.11075
4.9134
4.72776
4.55127
4.38177
4.22215
4.06892
3.91728
3.77623
3.63946
3.50642
3.38634
3.27789
3.18885
3.11926
3.08392
3.09393
3.13774
3.27423
3.40334
3.50639
3.5048
26.0581
25.7917
25.519
25.2442
24.9655
24.685
24.4023
24.1184
23.8336
23.5485
23.2635
22.9788
22.6949
22.4118
22.1296
21.8484
21.5679
21.2881
21.0089
20.73
20.4513
20.1723
19.8934
19.6137
19.3336
19.0526
18.7712
18.489
18.2069
17.9249
17.6437
17.3629
17.0841
16.805
16.5285
16.252
15.9772
15.7026
15.4267
15.1513
14.8742
14.5966
14.3178
14.034
13.7443
13.4484
13.1441
12.8306
12.508
12.1771
11.8389
11.4942
11.1448
10.7915
10.436
10.0783
9.72053
9.36278
9.00849
8.65815
8.31587
7.98264
7.6623
7.3567
7.06287
6.78193
6.5094
6.24692
5.9911
5.74602
5.50479
5.28113
5.05603
4.85772
4.65883
4.48146
4.3132
4.15512
4.00441
3.85935
3.72306
3.5913
3.46041
3.33926
3.22055
3.10504
3.00161
2.90865
2.83392
2.77769
2.75416
2.77516
2.82736
2.97012
3.08664
3.16801
3.14272
23.8686
23.6208
23.367
23.1116
22.8526
22.5919
22.3293
22.0656
21.801
21.5362
21.2713
21.0068
20.7428
20.4794
20.2168
19.9549
19.6936
19.4327
19.1722
18.9117
18.6512
18.3902
18.129
17.8668
17.6042
17.3404
17.076
16.8107
16.5453
16.2797
16.0146
15.7495
15.4859
15.2216
14.9594
14.6968
14.4353
14.1736
13.9102
13.6472
13.3822
13.1168
12.8501
12.5789
12.3024
12.0206
11.7315
11.4346
11.1304
10.8197
10.5035
10.1827
9.85885
9.53265
9.20574
8.87795
8.55134
8.22601
7.90526
7.5894
7.28223
6.98446
6.69954
6.42869
6.16887
5.92103
5.68096
5.45024
5.22582
5.01144
4.80073
4.60648
4.41036
4.23994
4.06747
3.9156
3.77105
3.63542
3.50572
3.38068
3.26336
3.14923
3.03553
2.93063
2.82683
2.72583
2.63588
2.55527
2.49159
2.4453
2.42925
2.45787
2.51288
2.65381
2.75539
2.81372
2.7722
21.643
21.417
21.1855
20.9525
20.7163
20.4785
20.2389
19.9982
19.7567
19.5148
19.2728
19.0309
18.7893
18.5481
18.3074
18.0672
17.8272
17.5874
17.3477
17.1078
16.8675
16.6267
16.3853
16.1427
15.8995
15.6549
15.4096
15.1632
14.9164
14.6692
14.422
14.1746
13.9282
13.6806
13.4347
13.1879
12.9418
12.6952
12.4468
12.1985
11.9483
11.6976
11.4457
11.1899
10.9296
10.6649
10.3941
10.117
9.83413
9.54636
9.25457
8.95957
8.66286
8.36493
8.06723
7.76956
7.47384
7.18011
6.89149
6.60812
6.33345
6.068
5.81481
5.57473
5.34486
5.12599
4.91432
4.71129
4.51419
4.3264
4.14206
3.9729
3.80167
3.65452
3.50444
3.3737
3.24886
3.13191
3.01983
2.91169
2.81029
2.71121
2.61231
2.52126
2.43042
2.34204
2.2636
2.19345
2.1388
2.10021
2.0889
2.12174
2.1757
2.30887
2.39519
2.42822
2.37992
19.2812
19.0804
18.8744
18.6672
18.4569
18.2452
18.0317
17.8171
17.6016
17.3855
17.1691
16.9526
16.7361
16.5197
16.3034
16.0872
15.8709
15.6546
15.4379
15.2208
15.0031
14.7845
14.5651
14.3443
14.1225
13.8994
13.6752
13.4499
13.2239
12.9971
12.7701
12.5424
12.3153
12.0869
11.8595
11.6311
11.4029
11.1739
10.9432
10.7124
10.4799
10.247
10.013
9.77584
9.53512
9.29083
9.0417
8.78764
8.52922
8.26723
8.00246
7.73559
7.46793
7.19985
6.93258
6.6659
6.40153
6.13949
5.88257
5.63087
5.38738
5.15254
4.929
4.71746
4.51528
4.32315
4.13771
3.96022
3.7883
3.62491
3.46479
3.31843
3.17008
3.04373
2.91421
2.8024
2.69554
2.59571
2.49996
2.40759
2.32108
2.23636
2.15169
2.07393
1.99586
1.91999
1.85293
1.79314
1.74726
1.71577
1.70816
1.7425
1.79297
1.91395
1.98559
1.9887
1.9448
16.5946
16.4221
16.245
16.0666
15.8854
15.7027
15.5182
15.3326
15.1459
14.9584
14.7703
14.5817
14.3928
14.2036
14.0141
13.8244
13.6342
13.4435
13.2522
13.0602
12.8673
12.6732
12.4782
12.2816
12.0839
11.8847
11.6844
11.4827
11.2802
11.0768
10.8729
10.6681
10.4636
10.2576
10.0524
9.84595
9.63957
9.43235
9.22367
9.01496
8.80483
8.59449
8.38337
8.16989
7.95389
7.73528
7.51307
7.28731
7.05851
6.82735
6.59448
6.36048
6.12642
5.89258
5.65998
5.42842
5.19935
4.97278
4.75114
4.53448
4.32535
4.12415
3.93316
3.75298
3.58135
3.41882
3.26252
3.11346
2.96963
2.83347
2.7005
2.5796
2.45722
2.35402
2.24804
2.15756
2.07124
1.99098
1.9141
1.84009
1.77104
1.70336
1.63579
1.57402
1.51174
1.45151
1.3987
1.35201
1.31699
1.29383
1.29013
1.32301
1.36645
1.46774
1.52252
1.50746
1.47085
13.3918
13.2517
13.1086
12.9635
12.8163
12.6674
12.517
12.3653
12.2124
12.0587
11.9041
11.7488
11.5929
11.4364
11.2794
11.1218
10.9635
10.8046
10.6449
10.4843
10.3228
10.16
9.99627
9.83111
9.66486
9.49726
9.3286
9.15882
8.98821
8.81676
8.64484
8.47215
8.29953
8.12577
7.95249
7.77826
7.60409
7.42929
7.25349
7.07783
6.90129
6.72488
6.54817
6.3701
6.19065
6.00976
5.82674
5.64174
5.45524
5.2678
5.07995
4.89216
4.70527
4.51945
4.3355
4.15323
3.97374
3.79702
3.62498
3.45765
3.29696
3.1432
2.99806
2.8619
2.73284
2.61111
2.49446
2.3836
2.27702
2.1765
2.07872
1.99009
1.90057
1.82559
1.74845
1.68305
1.62048
1.56233
1.50637
1.45245
1.40197
1.35227
1.30269
1.25717
1.21106
1.16669
1.12751
1.09287
1.06644
1.04843
1.04459
1.06739
1.09444
1.15693
1.18328
1.27661
1.20131
14.8334
14.7266
14.6243
14.5132
14.4025
14.2869
14.1696
14.049
13.926
13.8002
13.6719
13.5411
13.4077
13.2718
13.1333
12.9922
12.8485
12.7022
12.553
12.4011
12.2463
12.0885
11.9276
11.7637
11.5968
11.4269
11.2541
11.0785
10.9002
10.7192
10.5357
10.3496
10.1613
9.97009
9.77706
9.58114
9.38319
9.18273
8.97978
8.77523
8.56859
8.36072
8.15144
7.94058
7.72836
7.51465
7.29926
7.0826
6.86536
6.64799
6.43109
6.21508
6.00062
5.78776
5.57701
5.36806
5.16171
4.95792
4.75868
4.56418
4.37631
4.19544
4.02339
3.86053
3.70493
3.55631
3.4127
3.2748
3.14141
3.01459
2.8907
2.77687
2.66196
2.56329
2.46243
2.37473
2.29025
2.21118
2.13429
2.06002
1.98934
1.92005
1.85103
1.78664
1.72188
1.65931
1.60221
1.55039
1.50708
1.47334
1.45493
1.46323
1.47358
1.50183
1.4915
1.99307
1.76709
0.000348879
0.000330147
0.000294512
0.000251133
0.000206464
0.000170138
0.000165646
0.00016625
0.000207048
0.000377589
0.00107887
0.000863507
0.0243481
0.612059
2.26919
2.96405
13.2867
41.6056
42.3212
41.2822
41.7085
41.0204
41.4194
39.9465
31.8307
30.9842
33.2573
31.4234
31.286
32.489
34.7379
38.2228
24.2821
0.000344259
0.000318201
0.000292818
0.000249985
0.000206154
0.000170588
0.000164011
0.000163082
0.000202297
0.000485911
0.00113819
0.000912212
0.0142878
0.573957
2.5714
2.58041
9.61741
38.5772
40.3973
39.8643
41.5878
41.8095
42.2266
41.0978
32.8102
30.2362
31.0638
28.7369
28.7943
30.7172
33.9639
34.7161
20.0867
0.000343354
0.00031283
0.000292483
0.000256298
0.000205728
0.000170099
0.000162051
0.000162185
0.000196632
0.000564392
0.00109216
0.00079876
0.0113191
0.565234
2.47279
2.09322
6.66513
34.8182
38.119
38.2496
41.5104
42.8437
43.2961
42.3636
34.1226
29.3231
29.2732
25.9861
25.8658
28.5447
32.6522
31.1141
16.1042
0.00034297
0.000311295
0.000286111
0.000249506
0.000207381
0.000175156
0.000161532
0.000163234
0.000192297
0.000577647
0.000885818
0.000680828
0.00603849
0.565531
2.38038
1.50414
4.34742
30.2377
35.3958
36.3749
41.4726
44.0831
44.6009
43.7707
35.7566
28.7428
27.5371
23.1511
22.7678
25.9712
30.7784
27.245
12.9072
0.000342344
0.000312719
0.0002864
0.000249407
0.000208478
0.000176837
0.000159666
0.000160549
0.000185148
0.000538088
0.000617457
0.000530046
0.00342532
0.57624
1.36799
0.698422
2.12921
24.8326
32.1202
34.1975
41.3726
45.4053
46.1153
45.3125
37.681
28.5537
25.973
20.5642
19.7063
23.136
28.3883
23.2559
11.0126
0.00033928
0.000311296
0.000287773
0.00025251
0.000210662
0.000179114
0.000161421
0.000159961
0.000185262
0.000421498
0.000443917
0.000446342
0.00217192
0.5314
0.374792
0.121864
0.606303
18.8335
28.1924
31.6227
41.0876
46.6553
47.7625
46.9463
39.8533
28.3185
24.5908
18.4628
16.9343
20.1798
25.6032
19.4651
10.1842
0.000338335
0.000314996
0.000282465
0.000259043
0.000211265
0.000177611
0.00016156
0.000161587
0.000183314
0.000332234
0.000339107
0.000372648
0.0022951
0.131233
0.0778649
0.0159882
0.147983
12.7182
23.5305
28.5081
40.4647
47.6201
49.4226
48.5971
42.1404
28.5347
23.5425
16.9413
14.6808
17.3056
22.591
16.4267
9.94437
0.000338578
0.000313844
0.000282567
0.000256685
0.000217623
0.00017771
0.000163539
0.000163291
0.000186834
0.000283472
0.000283376
0.00036057
0.00183878
0.00610106
0.005904
0.00242899
0.0379206
7.09478
18.0986
24.6726
39.3096
47.9699
50.9286
50.1568
44.3863
29.7664
22.6586
16.033
13.0717
14.7508
19.5812
14.1689
9.97589
0.000338407
0.000314049
0.000282455
0.000257017
0.000220492
0.000179806
0.000167014
0.000166212
0.000190297
0.000243049
0.000241961
0.000318946
0.00188057
0.00171912
0.00127386
0.000555459
0.00520042
2.57168
12.0078
19.9146
37.3822
47.4549
52.0057
51.4791
46.4781
32.1539
22.5367
15.9197
12.2621
12.8267
16.8065
12.8609
10.4831
0.00034077
0.000318438
0.000285976
0.00025974
0.000223166
0.000185909
0.000171274
0.000169461
0.000191612
0.000216749
0.000224385
0.000401161
0.00105427
0.0013089
0.00107249
0.000514193
0.017083
0.571934
5.87008
14.1457
34.3988
45.7729
52.2724
52.3941
48.3752
34.7505
23.3555
16.604
12.1363
11.6266
14.6349
12.2809
11.3146
0.000343316
0.000332013
0.000302427
0.000267491
0.000229073
0.000192914
0.000177194
0.000173908
0.000191306
0.000230356
0.000242884
0.00044406
0.00108993
0.00132833
0.00106769
0.000509365
0.000240308
0.0518585
1.53533
7.81139
30.0287
42.6555
51.2705
52.8206
49.9059
37.4408
25.2816
17.9521
12.6301
10.9544
13.5206
12.1472
12.4175
0.00034468
0.000336851
0.000318029
0.00028577
0.000243178
0.000205763
0.000186164
0.000180861
0.000194898
0.000223627
0.000247636
0.000465223
0.00130278
0.00146834
0.00109222
0.000514032
0.000419712
0.00226371
0.157774
2.53578
24.1405
37.9026
48.4211
52.5494
50.9122
40.1774
27.2887
19.476
13.4542
10.8644
13.1763
12.3696
13.865
0.00034828
0.000342474
0.000327885
0.000300088
0.000263378
0.000228357
0.000205127
0.000198729
0.000213836
0.000255352
0.000284083
0.000507744
0.00142507
0.00168301
0.00120672
0.000527459
0.00042071
0.00045165
0.00504918
0.456299
17.0559
31.4478
43.2312
51.1339
51.2535
42.8795
29.3932
21.1433
14.4831
11.3236
13.3099
13.0446
15.6899
0.000360231
0.000358262
0.000349869
0.000327245
0.000296668
0.000268396
0.000250053
0.000249723
0.00027452
0.000302144
0.000324704
0.000626169
0.00170872
0.00201117
0.00145342
0.000667997
0.00044462
0.000426749
0.000551264
0.0479342
8.97376
23.1357
35.238
47.8227
51.01
45.3078
31.7345
22.9953
15.6982
12.2329
13.9202
13.9616
17.8683
0.000375997
0.000371765
0.000365175
0.000350866
0.00033178
0.000311614
0.000297387
0.000298937
0.000320167
0.000329155
0.000358441
0.000835614
0.00213851
0.0024141
0.00175995
0.000828589
0.000505908
0.000488206
0.000872739
0.00358225
2.38727
13.6438
24.9297
41.8034
50.048
46.8758
34.4827
24.9224
17.033
13.441
14.6232
15.1142
20.4674
0.00042324
0.000404649
0.000385028
0.00036448
0.000345584
0.000331125
0.000322635
0.000329881
0.000344089
0.000352732
0.000422301
0.00129764
0.002891
0.0029838
0.00212915
0.00104198
0.000656513
0.000650167
0.00146734
0.00217194
0.218902
4.6286
13.5401
32.9148
47.9437
47.4537
37.3516
26.8818
18.5266
14.8186
15.2993
16.4813
23.3367
0.000521777
0.000484074
0.000447343
0.000413914
0.000386168
0.000365417
0.000357091
0.000363777
0.000373689
0.000402228
0.000617187
0.00230214
0.00414765
0.00383956
0.00227548
0.00107017
0.000785041
0.000807396
0.00175331
0.0042347
0.0109608
0.632734
3.96732
21.278
44.3157
47.2988
39.9169
28.8192
20.1659
16.3268
15.9769
18.2637
26.197
0.000696602
0.000656422
0.000605709
0.000555318
0.000508806
0.000479188
0.000477356
0.000480022
0.000502879
0.000623843
0.00139948
0.00459958
0.00632392
0.00534891
0.00299793
0.00145004
0.00100325
0.00102445
0.00250459
0.00578164
0.0107953
0.0371929
0.428241
9.36276
38.4241
46.6225
41.8736
30.6843
21.9034
17.9394
16.2863
20.8926
28.7396
0.000796401
0.000785361
0.000755857
0.000701236
0.000674564
0.000675501
0.00068821
0.000749155
0.000946547
0.0016487
0.00459857
0.00966613
0.00971544
0.00747575
0.00409004
0.0018698
0.0012324
0.00128151
0.00381463
0.00857253
0.0186552
0.0305661
0.0488984
2.33458
29.7451
45.0416
42.9283
32.6423
23.6756
19.2503
16.5176
24.2572
30.5722
0.00106302
0.00108197
0.00110492
0.00115617
0.00124043
0.00141106
0.00180877
0.0024798
0.003756
0.00748645
0.014752
0.018857
0.0160387
0.0112133
0.0057607
0.00245839
0.00146466
0.00156268
0.00487108
0.0135205
0.0226805
0.054551
0.0709972
0.312434
20.6152
42.6057
43.0253
34.364
25.2258
19.8332
16.8651
28.0498
31.6893
0.00437275
0.00457235
0.00489434
0.00602472
0.00719116
0.00928236
0.0123328
0.0164266
0.0208601
0.0353667
0.0361263
0.0363858
0.0278372
0.0173889
0.00805782
0.00303954
0.00160972
0.00180503
0.006725
0.0197413
0.031967
0.0699252
0.123006
0.171988
12.9932
39.9269
42.8293
35.2062
26.0242
19.5413
17.4721
31.8038
32.1195
0.109095
0.0959785
0.0922045
0.0890563
0.089062
0.0903855
0.0946142
0.101698
0.101129
0.104344
0.0901342
0.0738572
0.0462685
0.0248967
0.0109571
0.00374229
0.0016754
0.0019677
0.00892154
0.0270223
0.0451092
0.0932312
0.238189
0.268071
7.55021
36.6129
42.3143
35.5632
26.3252
18.7357
18.3185
35.1226
32.2928
1.43141
1.12221
0.900884
0.73606
0.620472
0.523613
0.456079
0.401462
0.345401
0.286471
0.210548
0.130426
0.0652385
0.0269268
0.0074952
0.00208372
0.00122133
0.00203164
0.0120647
0.0363466
0.0610497
0.121827
0.497373
0.48239
4.60521
32.7941
41.46
35.6342
26.3804
17.971
19.388
38.4063
32.2601
7.23717
5.72147
4.4813
3.48101
2.67827
2.03341
1.50991
1.08843
0.735701
0.48099
0.294134
0.16052
0.0706568
0.0212716
0.00526978
0.00140888
0.00106091
0.002359
0.0165259
0.0462985
0.0820099
0.179466
1.02141
0.964427
3.18136
28.8786
40.3631
35.5679
26.2463
17.2658
21.1623
41.3877
31.7737
11.2691
9.03092
7.05337
5.36843
3.97795
2.86063
1.993
1.33409
0.840173
0.446676
0.197023
0.0668514
0.0204688
0.00559831
0.00157066
0.000779353
0.000871188
0.00278555
0.0226132
0.0564795
0.111606
0.305366
2.24765
2.19505
2.73028
25.0948
39.1098
35.4655
25.9279
16.8611
23.7512
43.9156
31.0474
9.66703
7.49747
5.59008
3.99137
2.70671
1.73208
1.02242
0.536232
0.261068
0.115951
0.0464316
0.016558
0.00536393
0.00175998
0.000819184
0.000680024
0.00101654
0.00365856
0.0298255
0.0671331
0.162008
0.622323
5.22658
5.55291
3.46517
22.1291
37.8555
35.2698
25.6215
16.8012
27.2807
45.8917
30.2038
2.61736
1.86851
1.28374
0.8467
0.534028
0.320512
0.181884
0.096791
0.0479822
0.0220084
0.00936269
0.00380023
0.00162901
0.000900071
0.000710024
0.000693417
0.00118607
0.00485607
0.0357888
0.0855429
0.265534
1.49355
11.5942
15.5382
5.82969
20.2214
36.7657
35.0506
25.3802
17.06
31.3791
47.5618
29.3261
0.442888
0.308887
0.208414
0.135766
0.0851668
0.0512935
0.0296042
0.0163915
0.00873198
0.00459343
0.00248694
0.00147518
0.0010452
0.000817605
0.000790158
0.000869664
0.00164364
0.00699849
0.0394903
0.113168
0.51979
3.96395
24.8497
32.2655
11.0647
19.6984
36.0422
34.9204
25.239
17.5704
35.8672
49.1062
28.4531
0.0543984
0.0388688
0.027148
0.0185833
0.0125531
0.00843157
0.00567986
0.00392466
0.0028019
0.00207899
0.00161894
0.0012636
0.0011158
0.00112823
0.00116664
0.00141575
0.00262772
0.0103786
0.0444848
0.171952
1.19161
10.6448
47.609
52.9975
20.6054
21.2656
35.8247
35.0807
25.2675
18.434
40.7799
50.5764
27.5935
0.00842613
0.00703396
0.00592498
0.00509164
0.00438184
0.00376016
0.00321908
0.00276233
0.0024306
0.00200479
0.00190701
0.00195186
0.00192519
0.00199113
0.00214634
0.00268019
0.00465453
0.0150546
0.06718
0.338517
2.92955
26.7464
76.3601
76.6002
32.8214
24.4752
36.0858
35.6733
25.5643
19.6954
46.1717
51.9966
26.7413
0.00562585
0.00542871
0.00522371
0.00500265
0.00476392
0.00447575
0.00444451
0.00410925
0.00410746
0.00404767
0.00416522
0.00410052
0.00424526
0.00444554
0.00473671
0.00556969
0.00860494
0.0232335
0.131707
0.814487
6.95578
57.5988
101.404
100.578
47.1266
29.3138
37.3464
36.9416
26.1137
21.3982
52.0943
53.3732
25.8772
0.0163786
0.0159657
0.0155363
0.0151024
0.0145946
0.014096
0.0133854
0.0128122
0.0123004
0.0113088
0.0105992
0.0106159
0.0106716
0.0105786
0.0106489
0.0116645
0.0162731
0.0471222
0.336832
2.09226
14.6673
87.1952
125.444
123.576
62.8108
35.5606
40.3247
39.1339
26.8592
23.602
58.5817
54.7125
24.9651
0.0728971
0.0687112
0.0643283
0.059799
0.0551953
0.0506034
0.0461778
0.0416128
0.0374544
0.0340202
0.0298089
0.024573
0.0230177
0.0232459
0.0229084
0.0242776
0.0339729
0.12561
1.00358
5.21155
27.2661
116.549
146.995
143.93
77.0257
43.9014
45.4482
42.5039
27.7034
26.4175
65.8177
55.6964
24.0629
0.326273
0.293336
0.261612
0.231631
0.203405
0.177455
0.153524
0.131973
0.112154
0.0949755
0.081227
0.0644138
0.0500873
0.0474944
0.0465241
0.0496902
0.0837941
0.431764
3.16825
11.8896
44.8237
138.043
162.692
158.928
88.3438
52.4807
52.15
46.5989
28.2802
30.1114
73.8218
56.0047
23.3199
1.38431
1.18901
1.01125
0.851931
0.710977
0.587703
0.481416
0.389995
0.31333
0.248582
0.202047
0.152109
0.103811
0.0904484
0.0881004
0.104109
0.281637
1.69811
9.9395
23.5091
61.1347
146.855
170.05
164.545
93.2891
67.8362
58.8076
49.1503
27.7785
35.792
82.2718
55.0108
22.7194
4.75806
3.93076
3.20466
2.57738
2.04237
1.59755
1.23064
0.932592
0.692622
0.501618
0.361721
0.248462
0.165125
0.15448
0.163439
0.319166
1.37142
7.11052
23.6162
33.0383
67.4837
146.088
166.949
155.608
91.5946
78.4276
58.8339
47.3817
27.3116
47.0461
88.1906
51.6469
22.1199
7.78603
6.29942
4.99503
3.90543
2.99247
2.26626
1.67068
1.19287
0.836219
0.581684
0.387746
0.257913
0.24396
0.257937
0.465389
1.67206
7.04555
24.0696
31.1511
35.5165
67.4818
120.514
138.054
128.947
86.9503
76.3251
55.2133
39.343
29.4191
64.206
88.725
45.1933
21.1477
8.14756
6.54278
5.09143
3.82673
2.82223
2.0133
1.4366
1.02765
0.742522
0.5242
0.399922
0.392106
0.425163
0.729122
2.23721
7.95644
23.4033
30.9834
32.2197
32.5771
49.467
87.7382
106.508
101.649
79.4112
72.2704
49.4711
30.5615
35.1284
77.6447
84.5331
38.9067
20.5615
6.95293
5.4391
4.21346
3.2234
2.46516
1.84189
1.37654
1.02696
0.737985
0.683861
0.707884
0.782329
1.26568
3.32974
9.88041
23.9811
30.3055
32.0649
30.0256
29.7058
35.4219
54.8997
77.6548
79.2162
69.7079
64.4879
42.701
25.3064
45.8582
85.2374
77.3081
33.14
20.1602
6.38727
5.16626
4.13641
3.22187
2.47212
1.88059
1.3895
1.28572
1.32012
1.35306
1.58365
2.33915
4.98365
12.8817
24.2984
30.2888
31.8652
30.9849
27.2471
28.6797
31.505
33.0342
57.4043
58.5235
59.996
53.8867
35.69
26.2874
59.9702
86.6408
68.2783
28.5317
19.9083
6.3549
5.22133
4.31649
3.51898
2.76094
2.63913
2.66664
2.67586
2.82542
3.18382
4.27149
7.17231
14.9098
24.4624
29.933
31.9349
31.3505
28.9154
25.9676
29.1133
31.3384
26.7193
42.158
42.5572
49.3041
42.4126
29.174
31.3877
72.5868
83.0679
58.751
25.1727
19.7567
6.98695
6.28247
5.45428
5.01849
4.95383
4.95901
5.0766
5.22357
5.66937
6.64658
9.08434
15.4803
23.559
29.5156
31.65
31.6075
29.7702
27.4557
26.4245
32.6221
37.521
26.2698
29.157
30.2529
38.5554
32.3772
26.1599
38.1865
81.0052
76.0423
49.9332
22.728
19.6575
8.29838
7.72131
7.17954
7.11467
7.09696
7.19272
7.30918
7.63483
8.29374
10.0486
14.871
22.4287
28.4651
31.3058
31.5087
30.3353
28.1839
27.0716
28.562
37.2985
46.1381
34.1762
21.7018
21.7425
29.0135
24.6076
29.2278
46.2312
84.1595
66.8756
42.5619
20.9513
19.5712
8.72941
8.31677
8.14457
8.16102
8.15261
8.23279
8.52067
8.96846
10.1558
13.8263
20.7126
27.0304
30.3666
31.3243
30.3866
28.8029
27.3094
27.8437
31.7922
42.0424
53.3849
50.557
23.1854
19.0133
23.4965
26.4643
35.5929
53.6826
82.6963
56.9298
36.7565
19.6574
19.4683
8.83444
8.53705
8.47828
8.4656
8.51223
8.65529
8.99513
9.79394
12.2526
18.2862
24.721
28.982
30.5854
30.3106
28.925
27.578
27.1959
29.5407
35.5367
46.5209
61.0503
68.1126
41.8717
26.9025
28.9565
40.3897
38.2148
59.1292
77.7727
47.4079
32.2918
18.707
19.3284
8.72125
8.51486
8.49502
8.49547
8.56348
8.75159
9.23675
10.7036
15.0937
21.5845
26.614
29.3765
29.7717
28.8956
27.5991
26.8701
27.7928
31.7946
39.3717
51.0886
67.7255
82.392
69.7518
49.8302
49.7617
54.4017
37.6731
62.2183
70.6711
39.0409
28.8962
17.994
19.1395
8.31965
8.22707
8.22759
8.24868
8.38359
8.66615
9.40152
11.9054
17.6034
23.3056
27.0986
28.7645
28.4875
27.4544
26.6091
26.6463
28.8892
34.2492
42.9997
55.4632
73.2837
94.5081
95.1032
76.6914
73.0947
56.6025
36.5742
62.8218
62.5735
32.1304
26.3165
17.4399
18.8948
7.80934
7.7884
7.78791
7.85807
8.06898
8.42921
9.57388
13.2648
19.0167
23.8029
26.6315
27.6011
27.0655
26.1947
25.9534
26.823
30.227
36.6228
46.2173
59.362
77.6757
104.343
114.227
99.29
86.8937
51.923
36.0334
61.1924
54.4109
26.658
24.339
16.9879
18.5914
7.27941
7.27884
7.31398
7.44816
7.65183
8.12102
9.76699
14.1755
19.4639
23.431
25.5664
26.1918
25.6925
25.1489
25.5837
27.2505
31.576
38.7158
48.8894
62.5947
81.2819
111.176
126.704
114.621
90.8313
44.287
35.8852
57.8648
46.7526
22.4685
22.8015
16.5886
18.2293
6.74808
6.78833
6.86911
6.98986
7.17566
7.7639
9.87028
14.4706
19.185
22.4596
24.1727
24.7126
24.4352
24.2939
25.4038
27.7644
32.7637
40.399
50.9322
65.0258
83.9799
114.916
132.824
121.655
87.3377
36.6642
35.6339
53.4295
39.9484
19.3111
21.5738
16.2138
17.8107
6.27312
6.35046
6.41239
6.4802
6.64621
7.3676
9.82183
14.2358
18.3644
21.1282
22.6274
23.2517
23.2857
23.5829
25.3026
28.2251
33.6764
41.6003
52.3018
66.5675
85.5072
115.774
133.184
121.058
78.7423
30.4598
34.9417
48.4321
34.1458
16.9243
20.5533
15.8475
17.3391
5.84621
5.91648
5.9318
5.93487
6.0773
6.92908
9.55027
13.5943
17.2064
19.6126
21.0325
21.8406
22.2217
22.951
25.1828
28.5305
34.2496
42.2904
52.9834
67.1783
85.7327
113.992
128.646
114.419
67.4586
25.9461
33.7352
43.3014
29.3262
15.1066
19.6631
15.4766
16.8184
5.43435
5.4748
5.42862
5.35726
5.49349
6.45232
9.06852
12.6903
15.8696
18.0345
19.4533
20.4799
21.2085
22.3319
24.9705
28.6157
34.4556
42.4732
52.9984
66.88
84.6214
109.906
120.282
103.486
55.5766
22.8522
32.0493
38.3733
25.3825
13.7084
18.8459
15.0901
16.2522
5.02636
5.02589
4.90959
4.77034
4.90685
5.94478
8.4348
11.6451
14.4682
16.4696
17.925
19.1646
20.2119
21.6734
24.6169
28.4473
34.2929
42.1743
52.388
65.7322
82.2548
103.936
109.285
90.1686
44.5413
20.7607
30.0231
33.8438
22.1747
12.6179
18.0598
14.6786
15.6428
4.61742
4.57807
4.38391
4.19296
4.33009
5.41976
7.71428
10.5508
13.0805
14.9656
16.465
17.8878
19.2053
20.9394
24.0934
28.0135
33.7745
41.4303
51.2082
63.8247
78.8031
96.5878
96.8531
76.0815
35.1511
19.298
27.8217
29.8027
19.5617
11.7496
17.2732
14.2336
14.9908
4.21226
4.13247
3.86718
3.63986
3.77236
4.89018
6.96378
9.47115
11.757
13.5489
15.0804
16.6425
18.1702
20.1072
23.3857
27.3144
32.9199
40.2801
49.5241
61.2719
74.5113
88.4203
84.0971
62.4928
27.6573
18.1922
25.5898
26.2683
17.4161
11.0357
16.4617
13.7462
14.294
3.81322
3.69614
3.37333
3.12136
3.237
4.36891
6.22249
8.44533
10.5239
12.2302
13.7717
15.4222
17.0947
19.1637
22.4878
26.356
31.749
38.7598
47.4017
58.1984
69.6633
79.9551
71.9566
50.2878
21.928
17.2662
23.4328
23.2127
15.6277
10.4195
15.6047
13.2048
13.5459
3.42146
3.27648
2.91284
2.64292
2.72188
3.86523
5.51273
7.49083
9.38813
11.0076
12.5322
14.2189
15.9696
18.1002
21.3962
25.1437
30.2763
36.8958
44.8979
54.7194
64.5041
71.6551
61.0956
39.9775
17.6134
16.4107
21.4131
20.5799
14.1026
9.84986
14.6819
12.5924
12.7331
3.03829
2.87686
2.49122
2.20513
2.22205
3.38206
4.84161
6.60649
8.34056
9.86753
11.3478
13.0202
14.7837
16.907
20.105
23.6776
28.5068
34.6999
42.0492
50.9204
59.2109
63.8436
51.8491
31.7157
14.2816
15.5499
19.5497
18.2937
12.7571
9.27526
13.6695
11.8822
11.8319
2.66141
2.49501
2.10765
1.80421
1.7323
2.89175
4.20298
5.77543
7.35695
8.78351
10.1928
11.8041
13.5184
15.5678
18.6002
21.9463
26.4289
32.1604
38.8577
46.8326
53.8666
56.6564
44.2247
25.3422
11.4911
14.6155
17.81
16.2609
11.5068
8.63511
12.5336
11.0287
10.8004
2.28035
2.12061
1.75272
1.43189
1.24686
2.25397
3.57951
4.96561
6.39559
7.71075
9.02402
10.5313
12.1387
14.0506
16.8502
19.9171
24.0038
29.2293
35.2721
42.4069
48.4282
50.0219
37.9676
20.4727
8.81966
13.5016
16.1036
14.3577
10.2486
7.84532
11.2186
9.95524
9.56926
1.87482
1.73319
1.40616
1.07756
0.773964
1.4529
2.94482
4.12802
5.39093
6.57572
7.76633
9.12961
10.5774
12.2906
14.7877
17.516
21.1427
25.7944
31.1517
37.4695
42.6773
43.6368
32.6226
16.6033
5.91701
12.0405
14.2354
12.3942
8.83061
6.78895
9.63282
8.55155
8.05063
1.43
1.31618
1.0503
0.744423
0.52253
2.58432
2.27909
3.20587
4.2601
5.27641
6.30716
7.48267
8.71934
10.1712
12.2859
14.5978
17.6676
21.6284
26.1989
31.6305
36.1127
36.8707
27.4717
13.1354
2.89646
9.99899
11.8706
10.0982
7.10808
5.47178
7.72079
6.86107
6.35423
1.06701
0.973226
0.769155
0.53181
0.925622
16.4195
1.71729
2.30644
3.16517
4.00772
4.85159
5.78633
6.73742
7.8284
9.4274
11.187
13.5126
16.5432
20.0529
24.3074
27.8971
28.7254
21.5799
9.75461
1.82697
7.6839
9.48439
8.06582
6.01658
5.07283
6.34011
6.1854
5.70575
1.21812
1.08329
0.846336
0.635351
2.04085
51.4921
1.92382
2.30934
3.61916
4.91044
6.09824
7.23304
8.16846
9.03687
10.2731
11.6107
13.1447
15.0991
17.1633
19.8717
22.4629
24.9607
23.577
12.9188
3.68221
9.45969
13.7852
11.9458
9.72871
8.88424
9.12447
10.0881
8.9065
)
;

boundaryField
{
    inlet
    {
        type            fixedValue;
        value           uniform 0.00109;
    }
    outlet
    {
        type            zeroGradient;
    }
    lowerWallStartup
    {
        type            symmetryPlane;
    }
    upperWallStartup
    {
        type            symmetryPlane;
    }
    upperWall
    {
        type            kqRWallFunction;
        value           nonuniform List<scalar> 
218
(
19.4048
17.6147
17.3024
17.0848
16.8981
16.8173
16.7624
16.7017
16.6598
16.608
16.5648
16.5319
16.4942
16.4574
16.4228
16.3887
16.3547
16.3191
16.2828
16.2502
16.2157
16.1779
16.1407
16.0967
16.0533
16.001
15.9649
15.912
15.8847
15.8394
15.7928
15.7651
15.742
15.6858
15.655
15.6885
15.7766
15.8485
16.0182
16.2098
16.6828
17.1348
17.3059
16.976
17.137
16.5145
16.2275
15.7168
16.1113
15.9402
15.9504
15.908
15.9358
15.9557
16.0257
16.1102
16.1591
16.2355
16.2924
16.3402
16.3908
16.4205
16.4441
16.4467
16.4366
16.4177
16.392
16.3581
16.3205
16.2761
16.2287
16.1829
16.1331
16.0829
16.0253
15.9594
15.888
15.8126
15.7333
15.651
15.5657
15.4792
15.3894
15.3009
15.2065
15.1199
15.0172
14.9382
14.8334
14.7266
14.6243
14.5132
14.4025
14.2869
14.1696
14.049
13.926
13.8002
13.6719
13.5411
13.4077
13.2718
13.1333
12.9922
12.8485
12.7022
12.553
12.4011
12.2463
12.0885
11.9276
11.7637
11.5968
11.4269
11.2541
11.0785
10.9002
10.7192
10.5357
10.3496
10.1613
9.97009
9.77706
9.58114
9.38319
9.18273
8.97978
8.77523
8.56859
8.36072
8.15144
7.94058
7.72836
7.51465
7.29926
7.0826
6.86536
6.64799
6.43109
6.21508
6.00062
5.78776
5.57701
5.36806
5.16171
4.95792
4.75868
4.56418
4.37631
4.19544
4.02339
3.86053
3.70493
3.55631
3.4127
3.2748
3.14141
3.01459
2.8907
2.77687
2.66196
2.56329
2.46243
2.37473
2.29025
2.21118
2.13429
2.06002
1.98934
1.92005
1.85103
1.78664
1.72188
1.65931
1.60221
1.55039
1.50708
1.47334
1.45493
1.46323
1.47358
1.50183
1.4915
1.99307
1.76709
1.21812
1.08329
0.846336
0.635351
2.04085
51.4921
1.92382
2.30934
3.61916
4.91044
6.09824
7.23304
8.16846
9.03687
10.2731
11.6107
13.1447
15.0991
17.1633
19.8717
22.4629
24.9607
23.577
12.9188
3.68221
9.45969
13.7852
11.9458
9.72871
8.88424
9.12447
10.0881
8.9065
)
;
    }
    lowerWall
    {
        type            kqRWallFunction;
        value           nonuniform List<scalar> 
266
(
19.623
17.7081
17.316
17.1003
16.9005
16.7792
16.746
16.6957
16.6834
16.6519
16.6394
16.6204
16.5911
16.5697
16.5439
16.5161
16.4894
16.4572
16.428
16.4061
16.38
16.3464
16.3046
16.2621
16.2143
16.1711
16.1242
16.0776
16.0377
15.9797
15.949
15.8926
15.831
15.8207
15.624
15.6732
16.1396
17.3433
17.8611
17.6756
17.6114
17.4942
17.4243
17.3867
17.402
17.403
17.4354
17.4304
17.3764
17.3849
17.2957
17.21
17.1907
17.1825
17.3163
17.5281
17.7142
17.7526
17.6003
17.4067
17.1825
16.9821
16.7446
16.6818
16.5878
16.4855
16.3536
16.2205
16.0764
15.9344
15.788
15.6316
15.4607
15.2859
15.1354
14.9625
14.7923
14.5756
14.363
14.0988
13.8229
13.4919
13.1359
12.7517
12.2926
12.1069
11.523
13.7052
99.7176
115.464
121.97
126.392
128.441
127.879
124.558
118.451
109.675
98.5208
85.4742
71.2168
56.5953
42.5432
29.9485
19.4924
11.5445
6.07338
2.75114
1.28497
1.04147
1.31391
1.79967
2.50159
3.06755
3.42768
3.5391
3.44497
3.3337
3.24197
3.16857
3.10407
3.04797
3.00453
2.98368
2.98851
3.0377
3.14074
3.3021
3.51984
3.78969
4.10958
4.48399
4.92867
5.47542
6.17666
7.10814
8.36689
99.7176
2.86963
0.713605
0.799242
1.08858
1.36376
1.72593
2.16105
2.70155
3.2112
3.77397
3.62755
4.39427
1.87418
10.978
208.442
5.63586
4.94168
5.36646
5.59222
5.0881
5.95278
5.92997
5.77695
5.6604
5.63711
5.76189
5.89793
6.09479
6.97135
7.11246
7.66168
8.2184
8.67565
8.98838
8.93707
9.87552
7.8372
6.62316
7.48962
5.20777
3.17409
3.09326
1.93405
1.83021
2.00519
1.04401
140.205
2.97798
23.6415
276.743
13.7402
0.634084
0.811099
0.99086
1.15475
1.28794
1.37678
1.428
1.44723
1.4105
1.27321
1.61947
87.3444
5.09876
16.337
92.1377
149.541
5.00047
0.785182
0.967551
1.16001
1.42232
1.83568
2.28495
2.60092
2.78968
2.99115
3.21377
3.44569
3.65118
3.85066
4.14485
3.9069
3.77317
3.85675
3.7005
3.76469
3.85122
4.02703
4.29601
4.56601
4.85949
5.21196
5.54975
5.98411
6.2976
6.63566
7.32048
7.95985
8.73353
9.48605
10.3499
11.53
12.7853
14.3358
16.6596
19.0754
20.3344
19.6498
16.9768
12.4569
6.91483
4.14108
0.593997
3.59177
5.05649
5.07436
4.56199
3.29705
2.64616
2.12232
2.30242
2.73484
3.70261
4.41839
4.9666
5.78061
4.38884
4.68689
)
;
    }
    front
    {
        type            empty;
    }
    back
    {
        type            empty;
    }
}


// ************************************************************************* //
