/*--------------------------------*- C++ -*----------------------------------*\
| =========                 |                                                 |
| \\      /  F ield         | OpenFOAM: The Open Source CFD Toolbox           |
|  \\    /   O peration     | Version:  2506                                  |
|   \\  /    A nd           | Website:  www.openfoam.com                      |
|    \\/     M anipulation  |                                                 |
\*---------------------------------------------------------------------------*/
FoamFile
{
    version     2.0;
    format      ascii;
    arch        "LSB;label=32;scalar=64";
    class       volScalarField;
    location    "1000";
    object      nut;
}
// * * * * * * * * * * * * * * * * * * * * * * * * * * * * * * * * * * * * * //

dimensions      [0 2 -1 0 0 0 0];

internalField   nonuniform List<scalar> 
20540
(
0.000621934
0.00135444
0.000622611
0.001358
0.000625182
0.0013708
0.000629613
0.0013939
0.000635714
0.00142832
0.00064303
0.00147476
0.00065076
0.00153346
0.000657666
0.00160393
0.00066196
0.00168474
0.000661132
0.00177321
0.00065227
0.00186607
0.000632917
0.0019576
0.000601079
0.00203942
0.000553418
0.00210046
0.00048686
0.00212535
0.000399469
0.00209328
0.000292122
0.00197641
0.000171581
0.00173764
5.82011e-05
0.00136043
6.14411e-06
0.000867267
1.86596e-07
0.000355348
1.23295e-09
6.68579e-05
2.9871e-10
5.90422e-06
2.90769e-10
2.16761e-07
2.85667e-10
4.57026e-09
3.0119e-10
4.46698e-11
3.01679e-10
2.48036e-11
3.01685e-10
2.45742e-11
3.01685e-10
2.45737e-11
3.01685e-10
2.45732e-11
3.01684e-10
2.45726e-11
3.01684e-10
2.45724e-11
3.01685e-10
2.45726e-11
3.01685e-10
2.45728e-11
3.01685e-10
2.45739e-11
3.01685e-10
2.45748e-11
3.01686e-10
2.458e-11
3.01681e-10
2.47697e-11
3.01373e-10
3.34949e-11
2.86079e-10
2.39311e-09
2.90429e-10
8.9742e-08
2.94602e-10
3.27189e-06
7.00689e-10
4.13897e-05
8.08833e-08
0.000257797
3.18075e-06
0.000734661
3.75932e-05
0.00122922
0.000138071
0.00164
0.000258054
0.00191762
0.000369457
0.0020716
0.000463039
0.00212936
0.000536337
0.0021214
0.000590332
0.00207017
0.000627578
0.00199241
0.000651167
0.00190032
0.000663265
0.00180393
0.000665852
0.0017099
0.000661993
0.00162203
0.000654469
0.0015425
0.000645322
0.00147352
0.000636036
0.00141623
0.000627649
0.00137092
0.00062083
0.00133732
0.000615944
0.00131473
0.000613128
0.00130219
0.000612349
0.00129857
1.31881e-05
1.2526e-05
1.23849e-05
1.23074e-05
1.22349e-05
1.21901e-05
1.21779e-05
1.21598e-05
1.21553e-05
1.21441e-05
1.21396e-05
1.2133e-05
1.21225e-05
1.21149e-05
1.21056e-05
1.20958e-05
1.20862e-05
1.20746e-05
1.2064e-05
1.20561e-05
1.20467e-05
1.20346e-05
1.20194e-05
1.2004e-05
1.19866e-05
1.19707e-05
1.19536e-05
1.19365e-05
1.19219e-05
1.19005e-05
1.18892e-05
1.18686e-05
1.18455e-05
1.18422e-05
1.17703e-05
1.17835e-05
1.19563e-05
1.23874e-05
1.25808e-05
1.25181e-05
1.24956e-05
1.24546e-05
1.24295e-05
1.24159e-05
1.2421e-05
1.24213e-05
1.24327e-05
1.24314e-05
1.24125e-05
1.24154e-05
1.23846e-05
1.23536e-05
1.23469e-05
1.23437e-05
1.23897e-05
1.24664e-05
1.25344e-05
1.25514e-05
1.25005e-05
1.24337e-05
1.23546e-05
1.22834e-05
1.21985e-05
1.21761e-05
1.21426e-05
1.2106e-05
1.20583e-05
1.20098e-05
1.19569e-05
1.19044e-05
1.185e-05
1.17917e-05
1.17275e-05
1.16612e-05
1.16037e-05
1.15375e-05
1.14718e-05
1.13881e-05
1.13045e-05
1.12014e-05
1.10911e-05
1.09601e-05
1.08142e-05
1.06607e-05
1.04657e-05
1.03991e-05
1.0146e-05
1.1094e-05
2.51182e-05
2.34906e-05
2.30059e-05
2.27967e-05
2.26065e-05
2.24971e-05
2.25004e-05
2.24905e-05
2.25174e-05
2.25241e-05
2.25469e-05
2.25586e-05
2.25505e-05
2.25496e-05
2.25348e-05
2.25222e-05
2.25011e-05
2.24715e-05
2.24468e-05
2.24335e-05
2.24124e-05
2.23797e-05
2.23335e-05
2.22838e-05
2.22283e-05
2.21778e-05
2.21259e-05
2.20737e-05
2.2035e-05
2.19724e-05
2.19472e-05
2.18986e-05
2.18346e-05
2.18661e-05
2.17619e-05
2.16307e-05
2.27307e-05
2.73794e-05
3.15192e-05
3.22894e-05
3.18072e-05
3.05594e-05
2.93674e-05
2.83823e-05
2.77377e-05
2.71668e-05
2.68264e-05
2.64426e-05
2.60389e-05
2.58739e-05
2.56297e-05
2.54589e-05
2.55804e-05
2.60687e-05
2.7352e-05
2.95771e-05
3.28094e-05
3.61614e-05
3.87977e-05
4.07663e-05
4.19213e-05
4.27976e-05
4.41531e-05
4.59303e-05
4.71425e-05
4.83999e-05
4.94013e-05
5.02843e-05
5.09137e-05
5.13256e-05
5.15443e-05
5.14605e-05
5.13544e-05
5.10513e-05
5.06978e-05
5.04608e-05
5.01032e-05
4.99521e-05
4.92869e-05
4.92144e-05
4.79745e-05
4.80591e-05
4.63077e-05
4.67708e-05
4.51883e-05
4.60828e-05
4.81886e-05
4.7602e-05
5.99159e-05
5.59608e-05
5.48291e-05
5.44202e-05
5.40662e-05
5.38983e-05
5.40096e-05
5.40944e-05
5.42595e-05
5.43698e-05
5.4511e-05
5.46108e-05
5.46454e-05
5.46909e-05
5.46851e-05
5.46892e-05
5.46522e-05
5.45904e-05
5.45437e-05
5.45324e-05
5.44956e-05
5.44201e-05
5.4301e-05
5.41676e-05
5.4019e-05
5.38841e-05
5.37499e-05
5.36164e-05
5.35257e-05
5.3372e-05
5.33234e-05
5.32227e-05
5.30776e-05
5.32263e-05
5.31595e-05
5.25144e-05
5.62507e-05
7.30519e-05
8.8474e-05
9.19784e-05
9.06491e-05
8.63906e-05
8.20456e-05
7.82923e-05
7.56941e-05
7.33705e-05
7.18877e-05
7.02891e-05
6.86623e-05
6.79038e-05
6.69796e-05
6.63595e-05
6.68257e-05
6.87805e-05
7.36782e-05
8.19692e-05
9.36821e-05
0.000105634
0.000115008
0.000122002
0.000126277
0.000129525
0.000134056
0.000139802
0.000143699
0.000147697
0.000150895
0.000153723
0.000155788
0.000157202
0.000158046
0.000158077
0.000157865
0.000157161
0.000156319
0.000155725
0.000154718
0.000154326
0.000152453
0.000152365
0.000148933
0.000149394
0.000144567
0.000146314
0.000142033
0.000146071
0.000152098
0.000155243
0.00010792
9.96788e-05
9.76472e-05
9.70537e-05
9.65948e-05
9.64835e-05
9.69019e-05
9.72694e-05
9.77825e-05
9.81689e-05
9.86048e-05
9.893e-05
9.90974e-05
9.9271e-05
9.93157e-05
9.93814e-05
9.93329e-05
9.92263e-05
9.91543e-05
9.9165e-05
9.91174e-05
9.89728e-05
9.8721e-05
9.84304e-05
9.81066e-05
9.78116e-05
9.75239e-05
9.7242e-05
9.70579e-05
9.67459e-05
9.66619e-05
9.648e-05
9.62121e-05
9.65941e-05
9.67313e-05
9.50135e-05
0.000103629
0.000142668
0.000178569
0.000187718
0.000185977
0.00017731
0.000167798
0.000159213
0.000153015
0.000147386
0.000143655
0.000139695
0.00013564
0.000133612
0.000131307
0.000129721
0.000130732
0.000135294
0.00014665
0.000165492
0.000191224
0.000217064
0.000237205
0.000252295
0.000261868
0.00026916
0.00027814
0.000289596
0.000297345
0.000305225
0.000311519
0.000317129
0.000321318
0.000324332
0.000326284
0.000326951
0.000326631
0.000325674
0.000324525
0.000323534
0.000321586
0.000320761
0.000317259
0.000317166
0.000311085
0.000312092
0.000303717
0.000307092
0.000299888
0.000309078
0.000319422
0.000328894
0.00016915
0.00015373
0.000150418
0.000149653
0.000149187
0.000149305
0.000150321
0.000151247
0.000152421
0.000153337
0.00015433
0.000155088
0.000155524
0.00015595
0.000156109
0.000156304
0.000156255
0.000156085
0.000155978
0.000156034
0.000155982
0.000155731
0.00015526
0.000154702
0.000154077
0.000153502
0.000152944
0.000152401
0.000152048
0.000151463
0.00015131
0.000150984
0.000150515
0.000151237
0.000151768
0.000148283
0.000163857
0.000233816
0.000299259
0.00031786
0.000317517
0.000304463
0.000288721
0.000273837
0.000262672
0.000252367
0.000245315
0.000237955
0.000230258
0.000226177
0.00022173
0.000218466
0.000220012
0.000227791
0.00024744
0.000280016
0.000323535
0.000367371
0.000401768
0.000428098
0.000445477
0.000458848
0.000473205
0.000491854
0.000504535
0.000517361
0.00052765
0.000536912
0.000544034
0.000549439
0.000553224
0.000555465
0.000555159
0.000554415
0.000553504
0.000552264
0.000549172
0.000547764
0.000542375
0.000542415
0.000533702
0.0005355
0.00052395
0.000528931
0.000519641
0.000534837
0.000549533
0.000560833
0.000245818
0.000219483
0.000214365
0.000213446
0.000213133
0.000213719
0.000215724
0.000217585
0.000219856
0.000221649
0.000223561
0.000225043
0.000225946
0.000226809
0.00022718
0.000227608
0.000227594
0.000227344
0.000227188
0.000227318
0.000227276
0.000226881
0.000226088
0.000225124
0.00022403
0.000223012
0.00022202
0.000221056
0.000220419
0.000219394
0.000219106
0.000218535
0.000217741
0.000218851
0.000219988
0.000214013
0.000237645
0.000343907
0.000447799
0.000480923
0.00048517
0.000469356
0.000447442
0.000425608
0.000408582
0.000392607
0.000381316
0.00036983
0.000357491
0.000350535
0.000343264
0.000337442
0.000339188
0.0003499
0.000377995
0.000425743
0.000489113
0.000554325
0.000606423
0.000647593
0.00067585
0.000697923
0.000718656
0.000745998
0.000764795
0.000783687
0.000799039
0.000812966
0.000824033
0.000832829
0.000839431
0.000844583
0.000844597
0.000844806
0.000845009
0.000843907
0.000839621
0.000837567
0.000830198
0.000830613
0.000819707
0.000822592
0.000808991
0.000815317
0.000805646
0.000826518
0.000845238
0.000849827
0.000340586
0.000298921
0.000291298
0.000290233
0.000290301
0.00029166
0.000295149
0.000298442
0.000302375
0.000305506
0.000308808
0.000311414
0.000313065
0.000314622
0.000315357
0.000316178
0.000316274
0.000315947
0.000315733
0.000315972
0.000315969
0.000315408
0.000314192
0.000312672
0.000310913
0.00030925
0.000307617
0.000306014
0.000304939
0.000303246
0.000302717
0.000301754
0.000300447
0.000301884
0.000303858
0.000294796
0.000325928
0.000469676
0.000620837
0.00067512
0.000688346
0.000673114
0.000646252
0.000617719
0.000594489
0.000572315
0.000556087
0.000540169
0.000522497
0.00051186
0.000501275
0.000491887
0.000493152
0.00050551
0.000540322
0.000602861
0.000686629
0.000776008
0.000849282
0.000909393
0.000952126
0.000986172
0.00101461
0.00105215
0.00107837
0.00110452
0.00112617
0.00114591
0.00116208
0.00117543
0.00118604
0.00119575
0.00119666
0.00119878
0.00120125
0.00120097
0.0011957
0.00119308
0.00118385
0.00118493
0.00117266
0.00117689
0.00116302
0.00117033
0.00116252
0.00118777
0.00120953
0.00119851
0.000456089
0.000394337
0.000383316
0.000382087
0.000382826
0.000385323
0.000390887
0.000396244
0.000402536
0.000407594
0.000412878
0.00041714
0.00041993
0.000422538
0.00042386
0.000425314
0.000425663
0.000425314
0.000425053
0.000425448
0.000425531
0.000424818
0.00042311
0.000420895
0.000418269
0.000415737
0.000413222
0.000410715
0.000409007
0.000406358
0.000405432
0.000403884
0.000401808
0.000403332
0.000406413
0.00039387
0.000429979
0.000607578
0.000814272
0.000898104
0.000925553
0.000916143
0.000886821
0.000852854
0.000823746
0.000795403
0.000773844
0.000753597
0.000730351
0.000715298
0.000701193
0.000687181
0.000686976
0.000698815
0.000736831
0.000811862
0.000914954
0.00103046
0.0011282
0.00121163
0.00127283
0.00132265
0.00136065
0.00140993
0.00144494
0.00147954
0.00150885
0.00153566
0.00155817
0.0015773
0.00159321
0.00160937
0.00161206
0.00161723
0.00162329
0.00162484
0.00161917
0.00161627
0.00160557
0.00160754
0.00159505
0.00160074
0.00158879
0.00159678
0.00159322
0.00162086
0.0016447
0.00161123
0.00059463
0.000508154
0.000492661
0.000491203
0.000492963
0.000497002
0.000505318
0.000513516
0.000523001
0.000530719
0.000538713
0.000545316
0.000549772
0.00055392
0.000556147
0.000558582
0.000559434
0.000559212
0.00055896
0.000559585
0.000559823
0.000559032
0.000556833
0.000553835
0.000550172
0.000546552
0.000542909
0.000539195
0.000536632
0.000532693
0.000531154
0.000528785
0.000525617
0.000526759
0.000531317
0.000515072
0.000551811
0.000754289
0.00102313
0.00114665
0.00119408
0.00119771
0.00116985
0.0011329
0.00109907
0.00106528
0.0010384
0.00101435
0.000985842
0.000965819
0.000948299
0.000928737
0.000925851
0.000934471
0.00097078
0.00105393
0.00117334
0.00131559
0.00144054
0.00155145
0.00163544
0.00170518
0.00175527
0.00181791
0.00186303
0.00190721
0.00194551
0.00198083
0.00201093
0.00203711
0.00205955
0.00208409
0.0020899
0.00209927
0.0021103
0.00211499
0.00210995
0.00210731
0.00209584
0.00209885
0.00208744
0.00209459
0.00208675
0.00209537
0.00209826
0.002126
0.00215184
0.00209271
0.000757816
0.000642708
0.00062156
0.000619762
0.000622938
0.000628946
0.000640752
0.000652726
0.000666375
0.000677646
0.00068922
0.000699029
0.000705843
0.000712197
0.000715797
0.00071969
0.000721431
0.000721636
0.000721544
0.000722508
0.000722999
0.000722291
0.000719721
0.000715953
0.000711165
0.00070629
0.000701307
0.000696079
0.000692429
0.000686851
0.000684423
0.000680965
0.000676344
0.000676424
0.000682705
0.000662979
0.000694681
0.000907372
0.00124154
0.00141634
0.00148981
0.00151545
0.00149464
0.00145855
0.0014222
0.00138454
0.00135294
0.00132604
0.00129322
0.00126804
0.00124747
0.00122186
0.00121494
0.00121765
0.00124666
0.00133137
0.00146178
0.0016294
0.00178316
0.001925
0.00203623
0.00213003
0.00219553
0.00227336
0.00232981
0.00238478
0.00243323
0.00247851
0.0025175
0.00255195
0.00258195
0.00261666
0.00262732
0.0026421
0.00265936
0.00266875
0.00266588
0.00266439
0.00265322
0.00265737
0.00264836
0.00265688
0.00265493
0.00266455
0.00267559
0.00270151
0.00272969
0.00264769
0.000944839
0.000799943
0.000771986
0.00076972
0.000774759
0.000783166
0.000799238
0.000816089
0.000835016
0.000850911
0.000867091
0.000881178
0.00089124
0.000900687
0.000906313
0.000912302
0.000915504
0.000916647
0.000916999
0.000918472
0.000919389
0.000919035
0.000916391
0.000912016
0.000906164
0.000899977
0.000893535
0.000886537
0.000881594
0.000874059
0.000870422
0.000865585
0.000859189
0.000857456
0.000865068
0.000842975
0.000863582
0.00106621
0.00146297
0.00170105
0.00180735
0.00186477
0.00185866
0.00182884
0.00179343
0.00175456
0.00171961
0.00169125
0.00165579
0.00162583
0.00160286
0.00157153
0.00155908
0.00155393
0.00157034
0.00164791
0.00178134
0.00197019
0.00215262
0.00232744
0.00247034
0.0025919
0.00267702
0.00277209
0.00284106
0.00290801
0.00296771
0.00302427
0.00307361
0.00311736
0.00315587
0.003202
0.00321974
0.00324118
0.00326576
0.0032815
0.00328283
0.00328382
0.0032744
0.00327988
0.00327445
0.00328437
0.00328929
0.00330081
0.00332101
0.00334442
0.00337601
0.00328303
0.00115165
0.000981044
0.000945288
0.000942524
0.000949962
0.000961178
0.000982323
0.00100534
0.0010308
0.00105259
0.00107458
0.00109424
0.00110867
0.00112237
0.0011309
0.00113982
0.00114528
0.00114813
0.00114947
0.00115172
0.00115334
0.00115373
0.00115155
0.00114693
0.0011403
0.00113293
0.00112508
0.00111618
0.00110981
0.00110011
0.00109495
0.00108843
0.00108009
0.00107581
0.00108351
0.00106104
0.0010655
0.00123399
0.00168102
0.00199187
0.00214115
0.00223797
0.00225699
0.00224049
0.00221098
0.00217482
0.00213897
0.00211111
0.00207543
0.00204184
0.00201746
0.00198203
0.00196212
0.00194885
0.00194903
0.00200911
0.00213495
0.00233732
0.00254561
0.00275348
0.00293189
0.00308403
0.00319389
0.00330833
0.00339114
0.00347134
0.00354351
0.00361217
0.0036737
0.00372767
0.00377571
0.00383347
0.00386108
0.00389053
0.00392334
0.00394704
0.00395498
0.00396018
0.00395441
0.00396172
0.00396087
0.00397251
0.00398447
0.00399929
0.00402898
0.00405082
0.00408786
0.00399499
0.0013694
0.0011861
0.00114162
0.00113868
0.00114924
0.00116366
0.00119074
0.00122145
0.00125488
0.00128411
0.00131326
0.00134001
0.00136024
0.0013796
0.00139215
0.00140523
0.00141393
0.00141955
0.00142277
0.00142619
0.00142896
0.00143065
0.00142974
0.00142552
0.00141868
0.00141053
0.00140155
0.00139085
0.00138308
0.00137117
0.00136428
0.00135576
0.00134566
0.00133783
0.00134406
0.00132355
0.0013093
0.00142037
0.00188944
0.00227872
0.0024846
0.00262435
0.00268189
0.00268739
0.00267034
0.00264228
0.00260935
0.00258463
0.00255193
0.00251694
0.00249247
0.00245622
0.00242682
0.00240722
0.00239055
0.0024227
0.00252816
0.00273199
0.00295966
0.00319831
0.00341309
0.0035995
0.00373894
0.00387458
0.00397296
0.0040678
0.00415379
0.0042353
0.00431075
0.00437602
0.00443507
0.00450305
0.00454386
0.00458295
0.00462478
0.0046578
0.00467495
0.00468651
0.00468672
0.00469688
0.00470155
0.0047158
0.0047343
0.00475428
0.0047933
0.00481589
0.00486187
0.00477464
0.00158861
0.00140963
0.00135907
0.00135711
0.00137191
0.00138989
0.00142403
0.00146433
0.00150715
0.00154561
0.00158352
0.00161918
0.00164705
0.00167371
0.00169175
0.00171056
0.00172369
0.00173353
0.00173989
0.0017453
0.00174993
0.0017535
0.00175497
0.00175214
0.00174601
0.00173781
0.00172832
0.00171626
0.00170734
0.00169344
0.00168488
0.00167402
0.00166298
0.00164979
0.00165383
0.00163716
0.00160496
0.00164598
0.00208434
0.00255043
0.00282957
0.00301037
0.00312211
0.0031599
0.00316354
0.00315055
0.00312598
0.00310805
0.00308227
0.00304937
0.00302663
0.00299431
0.0029545
0.00293174
0.00290073
0.00289928
0.00297037
0.00315888
0.00339437
0.00365763
0.0039062
0.00413071
0.00430339
0.00446148
0.00457781
0.00468888
0.00479016
0.00488561
0.00497544
0.0050548
0.00512579
0.00520287
0.00525829
0.00530983
0.00536158
0.00540495
0.00543382
0.00545421
0.00546315
0.00547785
0.00548925
0.00550741
0.0055324
0.00555948
0.00560683
0.00563378
0.00569512
0.00562385
0.00179484
0.00164318
0.00159252
0.00159425
0.00161509
0.00163729
0.00168013
0.00173191
0.00178586
0.00183562
0.00188417
0.00193095
0.00196865
0.00200452
0.00203001
0.00205646
0.00207567
0.00209138
0.00210224
0.00211126
0.00211885
0.00212505
0.00213011
0.00213012
0.00212597
0.00211889
0.00210989
0.00209737
0.0020879
0.00207261
0.00206284
0.0020494
0.00203882
0.00201866
0.00202002
0.00200845
0.00196185
0.00193666
0.00227106
0.00279834
0.00316338
0.00338594
0.00356006
0.00364445
0.00367848
0.00368911
0.00368005
0.00367386
0.00365976
0.00363378
0.00361537
0.00359235
0.00354501
0.00352164
0.00348156
0.00344973
0.00347476
0.00362716
0.00385323
0.00412954
0.00440558
0.00466838
0.00487647
0.00505831
0.00519515
0.00532416
0.00544234
0.00555301
0.00565744
0.00575333
0.00583804
0.00592415
0.0059944
0.00605929
0.00612367
0.00617808
0.00622084
0.00625264
0.00627351
0.00629495
0.00631501
0.00633889
0.0063713
0.00640752
0.00646083
0.006498
0.0065799
0.00653763
0.00196973
0.00187246
0.00183207
0.00184274
0.00187263
0.00190047
0.0019542
0.00201974
0.00208688
0.00215036
0.00221177
0.0022721
0.00232222
0.00236973
0.00240527
0.00244136
0.00246865
0.00249254
0.00251009
0.00252441
0.00253651
0.00254635
0.00255605
0.00256103
0.00256053
0.00255621
0.00254911
0.00253763
0.00252866
0.00251303
0.00250306
0.00248721
0.00247853
0.00245133
0.00244941
0.00244367
0.00238623
0.00230566
0.00248134
0.00302032
0.00346283
0.00375058
0.00397289
0.00412338
0.00419845
0.0042426
0.00425777
0.00426984
0.00427309
0.00426011
0.00424975
0.00424137
0.00419372
0.00417155
0.00413032
0.00407967
0.00405605
0.00415205
0.00434627
0.00461659
0.00490761
0.00520289
0.00544715
0.00565425
0.00581257
0.00596101
0.00609765
0.00622496
0.00634498
0.00645658
0.00655926
0.00665546
0.00674157
0.00681904
0.00689647
0.00696457
0.00702285
0.0070683
0.00710511
0.00713567
0.00716689
0.00719933
0.00724106
0.00728869
0.00734233
0.00740041
0.00750737
0.00750351
0.00209165
0.00207524
0.00206116
0.00208966
0.00213341
0.00216985
0.00223786
0.00231997
0.00240275
0.00248272
0.00255955
0.00263613
0.00270158
0.00276387
0.00281266
0.00286043
0.00289846
0.00293296
0.00296005
0.00298213
0.0030009
0.0030163
0.00303128
0.00304328
0.00304888
0.00304948
0.00304614
0.00303787
0.00303098
0.00301669
0.00300811
0.00299082
0.00298465
0.00295378
0.00294709
0.00294773
0.00288012
0.00277288
0.00276567
0.0032259
0.00371667
0.00409208
0.00434872
0.0045696
0.0047014
0.0047901
0.00483945
0.00487787
0.00490554
0.00491239
0.00491534
0.00492657
0.00488934
0.0048705
0.00483719
0.00478414
0.00472375
0.00475189
0.00488827
0.00512854
0.00541542
0.00572887
0.00600496
0.00623662
0.00641618
0.0065847
0.00674085
0.00688609
0.0070225
0.00715075
0.00726901
0.00738392
0.00748337
0.00757548
0.00766535
0.00774604
0.00782197
0.00788383
0.00794202
0.00798319
0.00802872
0.00807343
0.00812782
0.00818201
0.00824796
0.00832745
0.00846159
0.00850024
0.00214842
0.00220741
0.00225463
0.00231369
0.00237943
0.0024299
0.00251747
0.00261952
0.0027209
0.00282064
0.00291595
0.00301181
0.00309591
0.00317639
0.00324218
0.0033047
0.00335691
0.00340421
0.00344411
0.00347722
0.00350559
0.00352943
0.00355107
0.0035709
0.00358617
0.00359449
0.00359715
0.00359498
0.00359228
0.00358172
0.00357664
0.00356002
0.00355608
0.00352818
0.00351537
0.00351827
0.00345182
0.0033425
0.00319858
0.00345266
0.00393681
0.0043724
0.00470308
0.00495457
0.00516323
0.00530644
0.00539971
0.00547262
0.00553391
0.00556774
0.00559099
0.00562639
0.00561202
0.00559982
0.00558416
0.0055437
0.0054759
0.00544407
0.00550544
0.00568454
0.00593751
0.0062485
0.00654542
0.0067958
0.00699314
0.00717993
0.00735478
0.007518
0.00767134
0.00781663
0.00795167
0.00808176
0.00819867
0.00831269
0.00841148
0.00850478
0.00859847
0.00868096
0.00875447
0.00881561
0.0088778
0.00893973
0.00900275
0.00906971
0.00916401
0.00925762
0.00941576
0.00950716
0.00207099
0.00224572
0.00237774
0.00248239
0.00258437
0.00265659
0.00277194
0.00289796
0.00302186
0.00314528
0.00326275
0.00338135
0.0034878
0.00359023
0.0036771
0.00375891
0.00382937
0.00389313
0.00394813
0.00399642
0.00403823
0.00407368
0.00410631
0.00413387
0.00416052
0.00418128
0.00419255
0.00420009
0.00420401
0.00420052
0.00420136
0.00418882
0.00418728
0.00417044
0.00415014
0.00415342
0.00409983
0.0040037
0.00381364
0.00379217
0.00416161
0.00460191
0.00499654
0.00530229
0.00554815
0.00576025
0.00591056
0.00602407
0.00613017
0.00619684
0.00624806
0.00631214
0.00632633
0.00634201
0.00634341
0.0063271
0.00628107
0.00622534
0.00621699
0.00631438
0.00650183
0.00677395
0.00706601
0.00732355
0.00753212
0.00773289
0.00792393
0.00810428
0.00827426
0.00843509
0.00858607
0.00873053
0.00886437
0.00899379
0.00911024
0.00922069
0.00932957
0.0094304
0.00952462
0.00960394
0.00968656
0.00976846
0.00985163
0.00993931
0.0100444
0.0101603
0.0103269
0.0104744
0.00177186
0.00217073
0.00236378
0.0025468
0.0027107
0.0028153
0.00296953
0.00312435
0.00327625
0.00342818
0.00357241
0.00371799
0.00385123
0.00397994
0.00409255
0.00419807
0.00429152
0.00437711
0.00445126
0.00451799
0.00457813
0.00462929
0.00467639
0.00471775
0.0047536
0.00478981
0.00481482
0.00483642
0.00484929
0.00485746
0.00486676
0.00486254
0.00486591
0.00486409
0.00484073
0.00484734
0.00481202
0.00473497
0.00456284
0.00437055
0.00448679
0.00483586
0.00522928
0.00558802
0.00588553
0.00613158
0.00632842
0.00649691
0.00666201
0.00676613
0.00685158
0.00694805
0.0069947
0.00706016
0.00708064
0.00709456
0.00708479
0.0070563
0.00701352
0.00703644
0.00714029
0.00733864
0.00759071
0.00783131
0.00803467
0.00823638
0.00843328
0.00862294
0.00880429
0.00897831
0.00914472
0.00930413
0.00945515
0.00960141
0.00973611
0.00986299
0.00998604
0.0101036
0.0102144
0.0103169
0.0104193
0.0105226
0.0106279
0.0107383
0.0108617
0.0109986
0.0111732
0.0113448
0.00119532
0.00184542
0.0021907
0.00245068
0.00269918
0.0028609
0.00306018
0.00325365
0.00344183
0.00362866
0.00380559
0.0039834
0.0041487
0.00430858
0.00445213
0.00458644
0.00470817
0.00481997
0.00492073
0.00501093
0.00509331
0.0051652
0.00523123
0.00528924
0.00534383
0.00539253
0.00543166
0.00547621
0.00550022
0.00552573
0.00554627
0.00555468
0.0055684
0.00558013
0.00556458
0.00557966
0.00556427
0.00550809
0.00538365
0.00518792
0.00504852
0.00518956
0.00548525
0.00582815
0.00613561
0.00645042
0.00667031
0.00687522
0.00708934
0.00723066
0.0073609
0.00749256
0.00757881
0.00771143
0.00775154
0.00779929
0.00783045
0.00785644
0.00783293
0.00782519
0.00786279
0.00797442
0.00815404
0.00834885
0.00852514
0.00870835
0.00889433
0.00907934
0.00926095
0.00943837
0.00961109
0.00977835
0.00993952
0.0100965
0.0102456
0.0103893
0.0105292
0.0106655
0.0107974
0.0109255
0.01105
0.0111732
0.0112978
0.0114267
0.011566
0.0117156
0.0119005
0.0120736
0.000394198
0.00118905
0.00173731
0.00212493
0.00247915
0.0027221
0.00297596
0.00322421
0.00345901
0.0036889
0.00390632
0.00412322
0.00432707
0.00452371
0.00470396
0.00487275
0.0050289
0.00517253
0.00530597
0.00542566
0.00553546
0.00563268
0.00572889
0.00580739
0.00588206
0.0059514
0.0060127
0.00606843
0.00611248
0.00616307
0.00619832
0.00622429
0.00625448
0.00627702
0.0062799
0.00631022
0.00632107
0.00628564
0.00620915
0.00607853
0.00589312
0.0058073
0.00590513
0.00613596
0.00638605
0.0066917
0.006933
0.00716691
0.00742212
0.00760113
0.00774322
0.00792513
0.00804087
0.00821644
0.00830359
0.00839546
0.00846668
0.00853689
0.0085709
0.00858856
0.00861257
0.00866894
0.008775
0.00890731
0.00903799
0.00918211
0.00933627
0.00949671
0.00966048
0.00982539
0.00999033
0.0101537
0.0103145
0.0104733
0.0106281
0.0107794
0.0109278
0.011074
0.0112179
0.0113599
0.0115016
0.0116456
0.0117933
0.0119462
0.012109
0.012277
0.0124766
0.0126483
4.36936e-05
0.000278118
0.000846313
0.00146041
0.00194419
0.00229609
0.00263164
0.00295142
0.00324435
0.00352749
0.0037963
0.00406172
0.00431213
0.00455184
0.00477519
0.00498493
0.0051827
0.00536496
0.00553757
0.00569374
0.00583758
0.00596697
0.00609505
0.00620037
0.00631034
0.00640637
0.00648946
0.00656292
0.00664104
0.00671171
0.00675578
0.00680644
0.006865
0.00689933
0.00693185
0.00698106
0.00700951
0.0070165
0.00697681
0.00691225
0.0068093
0.00667221
0.00660219
0.00665982
0.00677383
0.00698937
0.00719098
0.00740702
0.00764158
0.00785255
0.0080197
0.00822119
0.00836825
0.00854895
0.00869323
0.00882777
0.00893972
0.00904503
0.00913296
0.00920214
0.00926086
0.00932006
0.00939644
0.00948463
0.00957369
0.00967435
0.00978607
0.0099072
0.0100361
0.0101708
0.0103102
0.0104527
0.0105971
0.0107429
0.0108891
0.011035
0.0111807
0.0113263
0.0114718
0.0116176
0.0117644
0.011913
0.0120654
0.0122202
0.0123845
0.012544
0.0127378
0.0128922
1.77726e-06
1.62844e-05
0.000104919
0.000353515
0.000873043
0.00144201
0.00191683
0.00231837
0.00267762
0.00303047
0.00336908
0.00369571
0.00400101
0.00429006
0.004564
0.00482297
0.00507151
0.00530097
0.00551981
0.0057197
0.0059052
0.00607284
0.00623998
0.00638101
0.00652449
0.00665362
0.00677303
0.00688307
0.0069926
0.00708317
0.00715568
0.00722923
0.00731258
0.00738873
0.00742566
0.0075012
0.00755032
0.00760305
0.00761229
0.00759578
0.00756651
0.00751555
0.00743927
0.00740382
0.00739389
0.00747214
0.00757609
0.00771231
0.00787941
0.00806177
0.0082201
0.00840735
0.00856687
0.00874115
0.00890638
0.00906667
0.00921185
0.00934501
0.00946814
0.00957898
0.00968126
0.00977546
0.00987046
0.00995672
0.0100336
0.0101136
0.0101982
0.0102879
0.0103833
0.010484
0.01059
0.0107008
0.0108158
0.0109347
0.0110569
0.0111818
0.0113093
0.0114389
0.0115708
0.0117047
0.0118412
0.0119792
0.0121218
0.0122628
0.0124156
0.0125514
0.0127279
0.012855
3.63322e-08
3.66735e-07
2.89085e-06
1.69291e-05
8.07789e-05
0.000246391
0.000577471
0.00105175
0.00156475
0.00205702
0.00249323
0.00288331
0.00324375
0.00358914
0.00392769
0.00425101
0.00456318
0.00484968
0.00512141
0.00537081
0.00560649
0.005819
0.00603376
0.00622101
0.00640681
0.00657677
0.0067408
0.00688083
0.00703088
0.0071562
0.0072685
0.007374
0.0074858
0.00760033
0.0076795
0.00775924
0.00783471
0.00792953
0.00798997
0.00802809
0.00805022
0.00806212
0.00806973
0.00806732
0.00805247
0.00806482
0.00809507
0.00814561
0.00822371
0.00832986
0.00843731
0.00857012
0.00870203
0.00884449
0.00899249
0.00914388
0.00929358
0.00943552
0.00957226
0.00970096
0.0098265
0.00994589
0.0100656
0.0101692
0.0102555
0.0103399
0.0104232
0.010506
0.0105893
0.0106735
0.0107593
0.0108472
0.0109375
0.0110303
0.0111259
0.0112242
0.0113253
0.0114288
0.0115354
0.0116437
0.0117557
0.0118672
0.0119852
0.0120959
0.0122236
0.0123214
0.012469
0.012559
3.62648e-10
4.60413e-09
4.27289e-08
2.68621e-07
1.54384e-06
7.14218e-06
2.82461e-05
8.87899e-05
0.000217572
0.000466529
0.00082766
0.00126902
0.00175405
0.0022349
0.00269326
0.00310585
0.00348607
0.00382721
0.00415165
0.0044536
0.0047524
0.00502352
0.00530006
0.00554819
0.00578946
0.00600839
0.00622455
0.00640655
0.00659706
0.00676491
0.006923
0.00706596
0.00720965
0.0073535
0.00748271
0.00760162
0.00771576
0.00784478
0.00795654
0.0080487
0.00812265
0.00818708
0.00823966
0.00829573
0.00833823
0.00837914
0.00842116
0.00846178
0.00850876
0.00856722
0.00863114
0.00870881
0.00879571
0.00889147
0.0089981
0.00911172
0.00923304
0.00935429
0.00947775
0.00959815
0.00972021
0.00983978
0.00996196
0.0100696
0.0101594
0.0102473
0.0103334
0.0104178
0.0105008
0.0105826
0.0106636
0.010744
0.0108243
0.0109044
0.0109852
0.0110661
0.0111481
0.0112301
0.0113139
0.0113966
0.0114826
0.0115642
0.0116534
0.0117294
0.0118251
0.0118867
0.0119898
0.0120411
7.67513e-12
3.57627e-11
3.36482e-10
2.81536e-09
1.71432e-08
8.32812e-08
3.57083e-07
1.36585e-06
4.61905e-06
1.46465e-05
4.0714e-05
9.67106e-05
0.000210237
0.000385733
0.000650335
0.000977156
0.0013719
0.00179279
0.00224108
0.00266657
0.00309409
0.00346929
0.0038322
0.0041515
0.00445322
0.00471984
0.00498466
0.00521602
0.00544952
0.00566558
0.00587896
0.00607315
0.00626702
0.00645308
0.00663467
0.00680497
0.00696969
0.00714276
0.00730613
0.00745161
0.00757939
0.00769163
0.00779092
0.00788114
0.00796534
0.00804444
0.00812247
0.00819628
0.00826943
0.00834207
0.0084162
0.00849199
0.00857326
0.00865684
0.00874724
0.00884
0.00893909
0.00903841
0.00914167
0.00924398
0.0093496
0.00945488
0.00956365
0.00966112
0.00974336
0.00982438
0.00990422
0.00998273
0.0100601
0.0101361
0.0102112
0.010285
0.0103581
0.0104299
0.0105014
0.0105713
0.0106413
0.0107089
0.0107774
0.0108419
0.0109089
0.0109684
0.0110346
0.0110863
0.0111521
0.0111954
0.0112483
0.011324
7.5262e-12
3.61136e-12
4.3105e-12
1.49729e-11
1.16484e-10
6.61799e-10
2.96712e-09
1.17692e-08
4.18994e-08
1.3953e-07
4.29624e-07
1.21122e-06
3.28335e-06
8.22289e-06
1.93277e-05
4.13813e-05
8.99447e-05
0.000151099
0.000277421
0.000404954
0.000623752
0.000853708
0.00114669
0.00145267
0.00179671
0.00213918
0.00249838
0.00284414
0.00318757
0.00350895
0.00382426
0.00411008
0.00438598
0.00463947
0.00488263
0.00511032
0.00532788
0.00554692
0.00575909
0.00595223
0.00612742
0.00628282
0.00642465
0.00655157
0.00667052
0.00678165
0.00688929
0.00699202
0.00709469
0.0071955
0.00729862
0.00740186
0.00751004
0.0076195
0.00773415
0.00784912
0.00796746
0.00808392
0.00820131
0.00831566
0.00843011
0.00854202
0.00865431
0.00875398
0.00883743
0.00891868
0.00899799
0.00907507
0.00915036
0.00922343
0.00929497
0.00936431
0.00943242
0.00949814
0.00956295
0.00962483
0.00968621
0.00974367
0.00980142
0.00985352
0.00990749
0.00995299
0.0100032
0.0100408
0.0100868
0.0101171
0.0101526
0.0101955
7.49795e-12
3.74229e-12
2.65197e-12
2.0601e-12
2.37075e-12
4.50353e-12
1.5827e-11
6.70869e-11
2.52612e-10
8.68516e-10
2.7635e-09
8.0968e-09
2.2436e-08
5.83933e-08
1.43947e-07
3.34327e-07
7.77484e-07
1.63052e-06
3.63077e-06
6.82383e-06
1.4071e-05
2.41507e-05
4.57086e-05
7.09451e-05
0.000114916
0.000171592
0.000249388
0.000342683
0.000464239
0.000596944
0.000759921
0.000931819
0.00112784
0.00133407
0.00155786
0.0017904
0.00203528
0.0022898
0.00255617
0.00281752
0.00307229
0.00331166
0.00353852
0.00374926
0.00394452
0.00412316
0.00429337
0.00445438
0.0046112
0.0047628
0.00491378
0.00506334
0.00521402
0.0053635
0.00551575
0.00566772
0.00582171
0.00597433
0.00612685
0.00627663
0.00642466
0.00656947
0.00671187
0.00683734
0.00694133
0.00704163
0.00713873
0.00723199
0.00732225
0.00740859
0.00749227
0.00757194
0.00764939
0.00772258
0.00779404
0.00786067
0.00792619
0.00798592
0.00804543
0.00809774
0.00815118
0.00819558
0.00824275
0.00827932
0.0083189
0.00835072
0.00837522
0.00842463
7.49134e-12
3.76724e-12
2.58501e-12
2.16101e-12
1.88779e-12
1.85559e-12
1.70644e-12
1.90081e-12
2.5415e-12
4.67143e-12
1.21815e-11
3.46481e-11
9.64354e-11
2.5537e-10
6.4168e-10
1.52636e-09
3.52558e-09
7.67848e-09
1.6715e-08
3.37271e-08
7.22915e-08
1.32233e-07
2.72114e-07
4.56714e-07
8.57238e-07
1.34841e-06
2.62612e-06
3.54821e-06
6.28218e-06
1.04502e-05
1.43755e-05
2.31884e-05
3.15571e-05
4.7983e-05
6.26413e-05
8.90057e-05
0.000117501
0.000157498
0.000204712
0.000259113
0.000321176
0.00038378
0.000453292
0.000520834
0.000595462
0.00066997
0.000749514
0.000829425
0.000915385
0.00100134
0.00109661
0.00119055
0.0012978
0.00140572
0.00152403
0.0016469
0.00177511
0.00191162
0.00204884
0.00219515
0.00233975
0.00249187
0.00264106
0.00278005
0.00289581
0.00301065
0.00312352
0.00323356
0.00334241
0.0034467
0.00355066
0.00364857
0.0037467
0.00383817
0.00392969
0.00401413
0.00409883
0.00417581
0.00425297
0.00432258
0.00439134
0.00445379
0.00451301
0.00456952
0.00461683
0.00467029
0.00470118
0.00475842
7.49119e-12
3.76357e-12
2.59387e-12
2.14167e-12
1.91777e-12
1.80867e-12
1.73652e-12
1.68258e-12
1.66962e-12
1.61343e-12
1.66025e-12
1.60911e-12
1.88432e-12
2.24279e-12
3.25403e-12
5.71925e-12
1.13497e-11
2.34429e-11
4.89931e-11
1.00625e-10
2.15108e-10
4.0995e-10
8.64358e-10
1.49813e-09
2.94849e-09
4.68394e-09
9.3987e-09
1.27735e-08
2.44418e-08
4.01196e-08
5.60921e-08
1.04523e-07
1.39676e-07
2.66768e-07
3.45664e-07
6.47491e-07
8.6503e-07
1.65961e-06
2.27536e-06
3.21604e-06
4.79381e-06
5.1603e-06
7.09254e-06
7.63815e-06
9.36327e-06
1.1791e-05
1.32168e-05
1.64759e-05
1.88508e-05
2.35543e-05
2.65412e-05
3.26092e-05
3.752e-05
4.41901e-05
5.59291e-05
6.52701e-05
8.08892e-05
9.74822e-05
0.00011775
0.00014003
0.000168615
0.000194791
0.000229869
0.000258934
0.00028907
0.000315417
0.000347363
0.000377223
0.000408665
0.000441339
0.00047304
0.000505246
0.000538677
0.00057085
0.00060309
0.000636631
0.000665997
0.000700211
0.000727233
0.000760277
0.00078488
0.000817061
0.000837712
0.000868717
0.000885869
0.000914694
0.000927729
0.000960523
7.4911e-12
3.76257e-12
2.59523e-12
2.13929e-12
1.91938e-12
1.80758e-12
1.73562e-12
1.68565e-12
1.66178e-12
1.61936e-12
1.62504e-12
1.57347e-12
1.60562e-12
1.5395e-12
1.59246e-12
1.52457e-12
1.57995e-12
1.54792e-12
1.60681e-12
1.70518e-12
1.86081e-12
2.18429e-12
2.94179e-12
4.10854e-12
6.8344e-12
1.0308e-11
1.89969e-11
2.82373e-11
5.15308e-11
8.28919e-11
1.27868e-10
2.37428e-10
3.37344e-10
6.96585e-10
1.02858e-09
2.03216e-09
3.27187e-09
7.18594e-09
1.0304e-08
1.73808e-08
1.8039e-08
2.07749e-08
2.3715e-08
2.61064e-08
3.23452e-08
3.88029e-08
4.95487e-08
6.22147e-08
8.70887e-08
1.06056e-07
1.46977e-07
1.7208e-07
2.23371e-07
2.45323e-07
2.91831e-07
3.80746e-07
5.36565e-07
8.97813e-07
1.21996e-06
1.93057e-06
2.51976e-06
3.68569e-06
4.78095e-06
6.13548e-06
7.45129e-06
8.7934e-06
1.01495e-05
1.21698e-05
1.35369e-05
1.59759e-05
1.76464e-05
1.98924e-05
2.20336e-05
2.43842e-05
2.64632e-05
2.93447e-05
3.11555e-05
3.43119e-05
3.61598e-05
3.92e-05
4.09672e-05
4.40792e-05
4.55916e-05
4.85401e-05
4.99695e-05
5.26187e-05
5.38845e-05
5.61147e-05
7.49128e-12
3.7621e-12
2.5963e-12
2.13799e-12
1.91954e-12
1.81026e-12
1.72814e-12
1.69968e-12
1.64015e-12
1.64927e-12
1.58647e-12
1.62072e-12
1.5524e-12
1.59794e-12
1.54181e-12
1.58038e-12
1.56488e-12
1.61625e-12
1.72915e-12
1.87713e-12
2.2074e-12
2.81865e-12
4.23762e-12
6.14071e-12
1.06224e-11
1.59304e-11
2.69019e-11
4.35448e-11
6.05415e-11
1.07543e-10
1.42927e-10
2.19759e-10
2.66289e-10
3.68774e-10
4.11179e-10
4.93424e-10
5.67727e-10
8.16888e-10
1.8673e-09
5.43165e-09
1.62834e-08
4.17776e-08
1.06177e-07
2.106e-07
4.02036e-07
7.7831e-07
1.07593e-06
2.03614e-06
2.60992e-06
3.8053e-06
4.96147e-06
6.16113e-06
7.57859e-06
8.56969e-06
9.85698e-06
1.0669e-05
1.15726e-05
1.20253e-05
1.2962e-05
1.34613e-05
1.44275e-05
1.49711e-05
1.60346e-05
1.66696e-05
1.75966e-05
1.82659e-05
1.92123e-05
1.99786e-05
2.09881e-05
2.18451e-05
2.28955e-05
2.37253e-05
2.48073e-05
2.56777e-05
2.67845e-05
2.76616e-05
2.87613e-05
2.96431e-05
3.07538e-05
3.15541e-05
3.26364e-05
3.32828e-05
3.43145e-05
3.48447e-05
3.57862e-05
3.62391e-05
3.71679e-05
3.63492e-05
7.49135e-12
3.76399e-12
2.59158e-12
2.14832e-12
1.90283e-12
1.83527e-12
1.6943e-12
1.74332e-12
1.58984e-12
1.72237e-12
1.5593e-12
1.83291e-12
2.07662e-12
2.84299e-12
4.82894e-12
9.53166e-12
2.0013e-11
4.25297e-11
8.69868e-11
1.78274e-10
3.8344e-10
7.12964e-10
1.49128e-09
2.53025e-09
4.99298e-09
7.91577e-09
1.39629e-08
2.32811e-08
3.36512e-08
6.11256e-08
8.53978e-08
1.40506e-07
1.81785e-07
2.82495e-07
4.07318e-07
5.36715e-07
8.01437e-07
1.15687e-06
1.88083e-06
2.96513e-06
5.31391e-06
8.22102e-06
1.45616e-05
2.06129e-05
3.25696e-05
4.41761e-05
6.32008e-05
8.10488e-05
0.000107064
0.000129993
0.000161755
0.000187769
0.000221441
0.000248409
0.000281898
0.000309609
0.000340788
0.000370423
0.000398838
0.000428058
0.000456906
0.000486174
0.000515561
0.000542514
0.000565422
0.00058952
0.000611059
0.000635549
0.000655635
0.00068021
0.000699034
0.000721991
0.000741012
0.000761567
0.000780953
0.000799787
0.000818282
0.000835825
0.000854025
0.000868919
0.000887015
0.000899203
0.000916099
0.000926635
0.000942439
0.000949893
0.00096588
0.000965066
7.49112e-12
3.77111e-12
2.57147e-12
2.19173e-12
1.83292e-12
1.94048e-12
1.59914e-12
2.13296e-12
2.93096e-12
6.41571e-12
1.83492e-11
5.35754e-11
1.49423e-10
3.96951e-10
1.00286e-09
2.41668e-09
5.54798e-09
1.23198e-08
2.59698e-08
5.39304e-08
1.17933e-07
2.15987e-07
4.51935e-07
7.53053e-07
1.4869e-06
2.32213e-06
4.14506e-06
6.61787e-06
9.90567e-06
1.741e-05
2.41441e-05
3.82685e-05
4.91769e-05
7.45911e-05
9.6878e-05
0.000127476
0.000166227
0.000210411
0.000266299
0.000329294
0.000409228
0.000500103
0.000612697
0.00073628
0.000880504
0.0010341
0.00120167
0.00137717
0.0015615
0.00174503
0.00192928
0.00210643
0.00227882
0.00244226
0.0025998
0.00274708
0.00288918
0.00302135
0.00314961
0.0032682
0.00338327
0.00348978
0.00359325
0.00368152
0.00375661
0.00382666
0.0038952
0.00396043
0.00402314
0.00408429
0.00414141
0.00419818
0.00425026
0.0043031
0.00435046
0.00439897
0.00444163
0.00448523
0.00452373
0.00456245
0.00459679
0.00463011
0.00466104
0.00468827
0.00471713
0.00473671
0.00476365
0.00477469
7.49636e-12
3.75104e-12
2.63328e-12
2.08152e-12
2.25143e-12
4.33676e-12
1.687e-11
7.79674e-11
3.09103e-10
1.09152e-09
3.5263e-09
1.04941e-08
2.92839e-08
7.78105e-08
1.95865e-07
4.70931e-07
1.07086e-06
2.38655e-06
5.10449e-06
1.03056e-05
2.16943e-05
3.70565e-05
7.09636e-05
0.000105702
0.000180626
0.000242717
0.000364092
0.000476664
0.000641551
0.000804195
0.00100632
0.00120986
0.00143694
0.00166729
0.00190918
0.00215215
0.0024
0.00264837
0.00290066
0.00315447
0.00341904
0.00368559
0.00396648
0.00424109
0.0045218
0.00479081
0.00505252
0.00530508
0.00554173
0.00575833
0.00595345
0.00612645
0.00628082
0.00641632
0.00653819
0.00664576
0.00674445
0.0068334
0.00691635
0.00699388
0.00706768
0.00713903
0.00720932
0.00727352
0.0073275
0.00738061
0.00743209
0.00748302
0.00753223
0.00758111
0.00762807
0.00767485
0.00771939
0.007764
0.00780588
0.00784815
0.00788703
0.00792688
0.00796244
0.00799996
0.00803179
0.00806711
0.00809474
0.00812797
0.00815127
0.00818158
0.00820276
0.00822374
7.47526e-12
3.79689e-12
3.16442e-12
1.06854e-11
8.68668e-11
5.57387e-10
2.73874e-09
1.16372e-08
4.35739e-08
1.49509e-07
4.73072e-07
1.37597e-06
3.78139e-06
9.89916e-06
2.38938e-05
5.36389e-05
0.000106797
0.000203552
0.000345423
0.000535951
0.000790573
0.00107198
0.00141951
0.00176086
0.00215241
0.0025147
0.00290131
0.00324767
0.00360183
0.0039101
0.00421924
0.00448471
0.00474637
0.00497731
0.00519704
0.00539652
0.00558985
0.00577113
0.00595289
0.0061324
0.00632053
0.00650872
0.00670884
0.00689422
0.00708838
0.00726107
0.00743335
0.00759621
0.00774581
0.00787771
0.00799209
0.0080914
0.0081782
0.00825435
0.00832445
0.0083874
0.00845045
0.00850946
0.00857243
0.00863565
0.00870549
0.0087787
0.00886025
0.00893758
0.00900572
0.00907548
0.00914704
0.00921973
0.00929331
0.00936743
0.00944179
0.00951622
0.00959022
0.00966387
0.00973645
0.00980836
0.00987851
0.00994781
0.0100146
0.0100808
0.0101434
0.0102062
0.0102638
0.0103233
0.0103749
0.0104314
0.010478
0.010524
6.70214e-12
2.35772e-11
1.63407e-10
1.75003e-09
1.20178e-08
6.40747e-08
2.92672e-07
1.18934e-06
4.24071e-06
1.39318e-05
4.05936e-05
0.000101042
0.000221707
0.000430625
0.000728301
0.00111547
0.00155462
0.00203574
0.00251281
0.00297525
0.00340771
0.00379543
0.00415779
0.00446988
0.00477627
0.00503592
0.00530089
0.00553101
0.00576983
0.00597525
0.00619184
0.00637692
0.00657567
0.00674107
0.00690896
0.00706471
0.00721228
0.00735481
0.00749955
0.00763796
0.00778251
0.00792185
0.00806942
0.00819334
0.00832891
0.00843004
0.00854127
0.00863681
0.00872064
0.00877785
0.00881785
0.00884369
0.00886347
0.00888471
0.00891355
0.00895443
0.00901853
0.00909812
0.0092078
0.00933487
0.00948745
0.00965471
0.00984238
0.0100121
0.0101574
0.0103016
0.0104472
0.0105897
0.010731
0.0108686
0.0110042
0.0111352
0.0112629
0.0113862
0.0115058
0.0116211
0.0117318
0.0118382
0.0119397
0.0120368
0.0121291
0.0122175
0.0123008
0.0123814
0.0124555
0.0125293
0.0125945
0.0126562
1.85948e-10
2.12564e-09
2.24219e-08
1.65515e-07
1.02578e-06
5.13805e-06
2.14073e-05
7.37631e-05
0.000196096
0.000440325
0.000823069
0.00130863
0.00184583
0.00237994
0.00287747
0.00332664
0.00372372
0.00409321
0.00442794
0.00475163
0.00505989
0.00534701
0.00562664
0.00587757
0.00612368
0.0063344
0.00654735
0.00672981
0.00691226
0.00706624
0.00722894
0.00736663
0.00751408
0.00761664
0.00775617
0.00785965
0.00795854
0.00807361
0.00817647
0.00827369
0.0083692
0.00846407
0.00855818
0.00862381
0.00870184
0.00873043
0.00878618
0.00880962
0.00881016
0.00876723
0.00873224
0.00870357
0.00871972
0.0087791
0.00889375
0.00906449
0.00928548
0.00953918
0.0098324
0.0101287
0.010441
0.0107529
0.0110674
0.0113265
0.0115369
0.0117351
0.0119297
0.0121102
0.0122864
0.0124502
0.0126108
0.0127571
0.0129008
0.0130332
0.0131646
0.0132862
0.0134017
0.0135126
0.0136142
0.013712
0.013803
0.0138883
0.0139681
0.0140435
0.0141135
0.0141808
0.014241
0.0142981
1.54926e-08
1.93504e-07
1.52832e-06
1.04767e-05
5.54341e-05
0.00019232
0.000481686
0.000963248
0.00152197
0.00207366
0.00256911
0.00301009
0.0034146
0.00379929
0.00417023
0.00452393
0.00485202
0.0051613
0.00543646
0.00569908
0.00594027
0.00615973
0.00637496
0.00656733
0.00675202
0.00691636
0.00707924
0.00721918
0.00735237
0.00747309
0.00759493
0.00769936
0.00779235
0.00786465
0.00795005
0.00803225
0.00810581
0.00819082
0.00825407
0.00831274
0.00836289
0.00842674
0.00846368
0.00847689
0.00848829
0.00844543
0.008439
0.00836446
0.00827438
0.00819996
0.00822577
0.00831753
0.00853625
0.00881721
0.00918271
0.00958581
0.010008
0.0104366
0.0108608
0.0112415
0.0116246
0.011988
0.0123222
0.0125846
0.0127935
0.0129872
0.0131767
0.0133464
0.0135123
0.0136599
0.0138085
0.0139314
0.0140633
0.01417
0.0143008
0.0143941
0.0144933
0.0145904
0.0146644
0.0147604
0.0148255
0.01489
0.01495
0.0150062
0.0150586
0.0151084
0.0151531
0.0151964
9.16019e-07
9.30281e-06
6.18792e-05
0.000263485
0.00071545
0.0013154
0.00186034
0.00232297
0.00273586
0.00313725
0.00352643
0.00389748
0.00424203
0.00456178
0.00486038
0.00514063
0.00540157
0.00564796
0.00586727
0.00607771
0.00626642
0.00643486
0.00660267
0.00674813
0.00688236
0.00701174
0.00712831
0.00723398
0.00732397
0.00740565
0.00749223
0.00757561
0.00762795
0.00768166
0.00773787
0.00779305
0.00783875
0.0078853
0.00794169
0.0079598
0.00797985
0.00800547
0.00798497
0.00794573
0.007881
0.00777361
0.00770904
0.00757491
0.00758035
0.00771068
0.00798929
0.00835686
0.00884903
0.00935146
0.00990701
0.0104237
0.010922
0.0114013
0.0118185
0.012178
0.0125607
0.0128889
0.0131542
0.0133797
0.0135578
0.0137219
0.0138801
0.0140199
0.0141508
0.014268
0.01438
0.0144794
0.0145717
0.014658
0.0147401
0.0148133
0.0148842
0.0149528
0.015014
0.0150729
0.0151256
0.0151733
0.0152165
0.0152557
0.0152913
0.0153241
0.015353
0.0153807
2.5847e-05
0.000194604
0.000633205
0.00133815
0.00187366
0.00227089
0.00265998
0.00303223
0.00337806
0.00370824
0.00402307
0.00432578
0.00460926
0.004872
0.00511372
0.00533756
0.00554438
0.00573755
0.00590963
0.0060744
0.00621947
0.00634651
0.0064773
0.00658428
0.00667856
0.0067693
0.00685296
0.00693305
0.00699242
0.007051
0.00710452
0.00716406
0.00720634
0.00723692
0.0072684
0.00729797
0.00732674
0.00733352
0.00736215
0.00736308
0.00736121
0.00734254
0.00726787
0.00717505
0.00704635
0.00691917
0.00687501
0.00695232
0.00724868
0.00766374
0.00818423
0.00876891
0.00940927
0.0100052
0.0106068
0.0111118
0.0115875
0.0120368
0.0123605
0.0126739
0.0129861
0.0132213
0.0134444
0.013648
0.0137717
0.0139017
0.0140212
0.0141294
0.0142159
0.0142948
0.0143713
0.0144409
0.0145029
0.0145614
0.0146148
0.0146635
0.0147094
0.0147526
0.014792
0.0148279
0.0148599
0.0148882
0.014913
0.0149346
0.0149532
0.0149693
0.014982
0.0149954
0.000288079
0.00100937
0.00162246
0.00209593
0.00247721
0.00276956
0.00307729
0.00337284
0.00365578
0.00392885
0.00418693
0.00443412
0.00466462
0.00487721
0.00507077
0.00524848
0.00541109
0.00556061
0.00569449
0.0058203
0.00592959
0.00602367
0.00611408
0.00619774
0.00626298
0.00633145
0.00638176
0.00643818
0.00648535
0.00652177
0.00655244
0.00658439
0.00660854
0.00661993
0.0066384
0.00664833
0.00666599
0.00664766
0.00664752
0.00663618
0.00661208
0.00655003
0.00641821
0.00631197
0.00616935
0.00614736
0.00634577
0.00674185
0.00726879
0.00785647
0.00850537
0.00918575
0.00985
0.0104445
0.0110001
0.0114381
0.0118229
0.0121784
0.0124685
0.0127357
0.0129601
0.0131267
0.0132835
0.0134181
0.0135143
0.0136017
0.0136803
0.0137478
0.0138074
0.0138604
0.0139087
0.0139518
0.0139893
0.0140239
0.0140548
0.0140824
0.0141073
0.0141296
0.0141492
0.014166
0.0141799
0.0141911
0.0141997
0.014206
0.0142101
0.0142123
0.0142119
0.0142132
0.00103894
0.00175822
0.0021543
0.00249445
0.002759
0.00296761
0.00322058
0.00345632
0.00368732
0.00391252
0.00412394
0.00432535
0.00451119
0.00468099
0.00483406
0.00497366
0.00509996
0.00521407
0.00531749
0.00540887
0.00548852
0.00556056
0.00562372
0.0056833
0.00572426
0.00577412
0.00581195
0.00584283
0.00586958
0.00588696
0.00590368
0.0059166
0.00592596
0.00592356
0.00593149
0.00592793
0.00593007
0.0058973
0.00588583
0.00585832
0.00581174
0.0057219
0.00555495
0.00548812
0.00544217
0.00569594
0.00617514
0.00674651
0.00735929
0.0080145
0.00870779
0.00939886
0.0100187
0.0105663
0.0109967
0.0113751
0.0117142
0.0119995
0.0122002
0.0123884
0.0125377
0.0126507
0.0127534
0.0128368
0.0128995
0.0129531
0.0129997
0.0130385
0.0130727
0.0131019
0.0131273
0.0131491
0.0131671
0.0131827
0.0131956
0.0132058
0.0132137
0.0132194
0.013223
0.0132245
0.0132241
0.013222
0.0132182
0.0132129
0.0132062
0.0131983
0.0131886
0.0131815
0.00168343
0.00215411
0.00239739
0.00264019
0.0028173
0.00296454
0.00317784
0.00336631
0.00355564
0.00374083
0.00391311
0.00407631
0.00422471
0.00435865
0.00447824
0.00458657
0.00468318
0.00476901
0.00484512
0.00491417
0.00497147
0.00502192
0.00506377
0.00510426
0.00513472
0.00516361
0.00518413
0.0051998
0.0052115
0.00521518
0.00522037
0.00521991
0.00521769
0.00520633
0.00520668
0.00519309
0.00517895
0.00514576
0.00512453
0.00508488
0.00502452
0.00492832
0.00478514
0.00481988
0.00498058
0.00552642
0.00613561
0.00672931
0.00734539
0.00801867
0.00870855
0.00936098
0.00990969
0.010331
0.0107361
0.0110584
0.0112976
0.0114928
0.0116329
0.0117546
0.011843
0.0119085
0.0119666
0.0120111
0.0120452
0.0120724
0.0120946
0.0121117
0.0121256
0.012136
0.0121439
0.0121493
0.0121521
0.0121528
0.0121513
0.0121476
0.0121419
0.0121347
0.0121261
0.0121164
0.0121059
0.0120945
0.0120824
0.0120696
0.0120561
0.0120421
0.0120268
0.012015
0.0020584
0.00229015
0.00246105
0.00261456
0.00273047
0.00283523
0.00301149
0.00316534
0.0033212
0.00347281
0.00361215
0.00374341
0.00386058
0.00396494
0.00405725
0.00414018
0.00421253
0.0042772
0.00433372
0.00438219
0.00442185
0.00445499
0.004484
0.00450936
0.00452573
0.00454053
0.00454939
0.00455321
0.00455384
0.00454782
0.00454455
0.00453496
0.00452433
0.00450864
0.00450356
0.00448116
0.00445485
0.00443214
0.00439974
0.00435637
0.00429914
0.00422243
0.00417681
0.00435273
0.00472867
0.00545027
0.00604844
0.0065886
0.00718429
0.00785387
0.00851108
0.00909498
0.00952829
0.00992999
0.0102583
0.0104797
0.0106525
0.0107767
0.010862
0.0109292
0.0109702
0.0109969
0.0110182
0.0110322
0.0110434
0.0110505
0.0110546
0.0110554
0.011054
0.0110504
0.0110457
0.0110393
0.0110309
0.0110207
0.0110085
0.0109944
0.010979
0.0109628
0.0109462
0.0109296
0.010913
0.0108965
0.0108801
0.0108635
0.0108469
0.0108304
0.0108129
0.0107995
0.00219654
0.00228996
0.00237618
0.00247706
0.00255258
0.00262877
0.00277261
0.0028995
0.00302772
0.00315096
0.00326267
0.00336734
0.00345871
0.00353908
0.00360939
0.00367206
0.0037268
0.00377364
0.00381395
0.00384683
0.00387282
0.0038954
0.0039114
0.00392448
0.00393225
0.00393645
0.00393677
0.00393187
0.00392488
0.00391259
0.00390377
0.00388826
0.00387249
0.00385626
0.0038465
0.00381647
0.00379147
0.00376988
0.00373698
0.00370146
0.0036639
0.00363121
0.00373585
0.0040262
0.00456786
0.00533684
0.00584908
0.00631847
0.00689023
0.00754373
0.00814829
0.00862447
0.00901958
0.00936276
0.00959038
0.00974536
0.00985805
0.00992368
0.00996167
0.00998487
0.0099891
0.0099861
0.00997961
0.00997122
0.00996631
0.00995956
0.00995101
0.00994038
0.00992828
0.00991525
0.00990212
0.00988753
0.00987126
0.00985321
0.00983342
0.00981225
0.0097905
0.00976901
0.0097483
0.00972857
0.00970976
0.00969167
0.0096742
0.00965706
0.00964023
0.00962374
0.00960641
0.00959358
0.00218242
0.00218738
0.00220869
0.00227113
0.00232299
0.00238005
0.00249736
0.00260173
0.00270676
0.0028059
0.00289447
0.00297704
0.00304726
0.00310838
0.00316168
0.00320903
0.0032488
0.00328172
0.00330951
0.003331
0.00334761
0.00335947
0.00336741
0.00337218
0.00337359
0.00337019
0.00336465
0.00335387
0.00334223
0.00332657
0.00331458
0.00329565
0.00327794
0.00326345
0.00324892
0.00321514
0.00319759
0.00317592
0.00314941
0.00313381
0.00312607
0.0031529
0.00341475
0.00376512
0.00440703
0.00513758
0.00553504
0.00595884
0.00648414
0.00711957
0.00764838
0.00804238
0.00840816
0.00865652
0.0088124
0.00891077
0.00897173
0.00899142
0.0089924
0.00898284
0.00896061
0.00893613
0.00890928
0.00888525
0.00886958
0.00885373
0.00883674
0.00881839
0.00879923
0.00878033
0.00876205
0.00874207
0.00872058
0.0086974
0.0086728
0.00864753
0.00862275
0.00859943
0.008578
0.00855833
0.00854016
0.00852305
0.00850683
0.00849111
0.00847585
0.00846107
0.00844537
0.00843435
0.00208174
0.002011
0.00199459
0.00203164
0.00206893
0.00211381
0.00220944
0.00229458
0.00237997
0.00245875
0.00252816
0.00259259
0.00264571
0.00269196
0.00273216
0.00276661
0.00279467
0.00281717
0.00283567
0.00284893
0.00285729
0.00286269
0.00286501
0.00286421
0.00286112
0.0028527
0.00284357
0.00282938
0.00281551
0.00279875
0.00278534
0.0027651
0.00274811
0.00273536
0.0027177
0.00268598
0.00267265
0.00265693
0.00264305
0.00265067
0.00267816
0.00276783
0.00315511
0.00352043
0.00420168
0.0048472
0.00515711
0.0055098
0.00600003
0.00661503
0.00705014
0.00740643
0.0077035
0.0078741
0.00797145
0.00802423
0.00804358
0.00802804
0.00800143
0.00796858
0.00792812
0.00788893
0.00784818
0.00781411
0.007792
0.00777064
0.00774835
0.00772521
0.00770196
0.00768002
0.00765901
0.00763581
0.00761135
0.0075854
0.00755856
0.00753194
0.00750702
0.0074847
0.00746505
0.00744761
0.00743184
0.00741718
0.00740344
0.00739015
0.00737733
0.00736498
0.00735152
0.0073428
0.0019265
0.00179428
0.00176041
0.00178198
0.00181004
0.00184683
0.00192449
0.00199321
0.00206193
0.00212366
0.00217738
0.00222706
0.00226683
0.00230163
0.00233098
0.00235545
0.00237476
0.0023896
0.00240127
0.00240776
0.00241119
0.00241222
0.0024108
0.00240653
0.00240053
0.00238925
0.00237836
0.00236277
0.00234854
0.00233231
0.00231873
0.0022989
0.00228433
0.00227288
0.00225373
0.0022278
0.0022177
0.00221095
0.00221378
0.00224193
0.00230452
0.00245164
0.00291362
0.00326532
0.0039413
0.00448693
0.00473226
0.00501079
0.00547691
0.00605378
0.00640646
0.00672564
0.00694466
0.00705635
0.00710559
0.0071225
0.00710954
0.0070685
0.00702285
0.00697463
0.00692268
0.00687434
0.00682508
0.00678549
0.00676014
0.00673582
0.00671058
0.00668498
0.00665995
0.00663709
0.00661507
0.00659039
0.00656488
0.00653822
0.00651136
0.00648572
0.00646288
0.00644345
0.00642706
0.00641291
0.00640029
0.0063886
0.00637767
0.00636705
0.00635684
0.00634697
0.00633579
0.00632931
0.00173404
0.00156421
0.0015247
0.00153736
0.00155911
0.00159015
0.00165256
0.00170736
0.001762
0.0018097
0.00185078
0.00188873
0.00191812
0.00194367
0.00196463
0.00198159
0.00199455
0.00200388
0.00201017
0.00201244
0.00201275
0.002011
0.00200732
0.00200112
0.0019935
0.00198108
0.00196982
0.00195437
0.00194108
0.00192637
0.0019135
0.00189539
0.00188396
0.00187362
0.00185417
0.00183591
0.0018287
0.00183218
0.0018511
0.0018959
0.00198747
0.00218455
0.00266507
0.00298967
0.00363319
0.00407469
0.00427224
0.00448839
0.00493933
0.00545833
0.00574736
0.00601474
0.00616779
0.0062318
0.00624322
0.00623309
0.00619636
0.00613851
0.00608111
0.00602395
0.00596591
0.00591284
0.00585946
0.00581778
0.00579142
0.00576592
0.0057395
0.00571321
0.00568815
0.00566581
0.00564398
0.00561923
0.00559428
0.00556862
0.00554351
0.00552054
0.00550116
0.00548555
0.00547292
0.00546222
0.00545271
0.00544382
0.0054355
0.00542728
0.00541936
0.00541164
0.00540244
0.00539782
0.00152195
0.0013372
0.00129942
0.00130716
0.00132416
0.00135058
0.00139997
0.00144305
0.00148589
0.00152217
0.00155327
0.00158187
0.00160328
0.00162155
0.00163622
0.00164769
0.00165595
0.00166133
0.00166392
0.00166381
0.00166227
0.00165895
0.00165415
0.00164716
0.00163896
0.0016267
0.00161603
0.0016018
0.00159021
0.00157752
0.00156593
0.00155036
0.00154191
0.00153294
0.0015144
0.0015031
0.00149981
0.00151226
0.00154336
0.00159993
0.00171246
0.00194336
0.00240443
0.00269668
0.00328948
0.00363647
0.00379075
0.00396629
0.00439905
0.00484889
0.00508871
0.00529599
0.00539689
0.00542264
0.00540579
0.00537648
0.00532361
0.00525643
0.00519322
0.00513215
0.00507224
0.00501791
0.00496382
0.00492256
0.00489661
0.00487117
0.00484491
0.00481926
0.00479538
0.00477447
0.00475366
0.00473001
0.00470686
0.00468347
0.00466134
0.004642
0.00462663
0.00461493
0.00460582
0.00459813
0.00459122
0.0045846
0.00457834
0.004572
0.00456587
0.00455978
0.00455212
0.00454881
0.00130487
0.00112368
0.00109157
0.00109657
0.00110978
0.00113199
0.00117038
0.00120365
0.00123673
0.00126387
0.00128702
0.00130818
0.00132354
0.00133631
0.00134636
0.0013539
0.00135885
0.0013615
0.00136186
0.00136051
0.00135803
0.00135404
0.00134893
0.00134198
0.00133399
0.00132276
0.0013133
0.00130093
0.00129138
0.00128086
0.0012709
0.00125825
0.00125224
0.00124477
0.00122823
0.00122206
0.00122385
0.00124197
0.00128051
0.00134376
0.00146832
0.00171431
0.00213568
0.00239242
0.00292243
0.00318933
0.00330522
0.00345849
0.00386556
0.00424248
0.00444064
0.00459001
0.00464939
0.00464585
0.00460935
0.00456764
0.00450527
0.00443492
0.00437052
0.00430939
0.0042508
0.00419782
0.00414559
0.00410647
0.0040818
0.00405727
0.00403218
0.00400813
0.00398619
0.0039672
0.00394798
0.00392633
0.00390583
0.00388554
0.00386704
0.00385164
0.00384013
0.00383186
0.00382558
0.00382016
0.00381514
0.00381012
0.0038053
0.00380025
0.00379533
0.00379031
0.00378374
0.00378118
0.00109399
0.000929588
0.000904619
0.000907981
0.000918031
0.000936239
0.00096548
0.000990679
0.00101566
0.00103558
0.00105244
0.00106782
0.00107859
0.00108734
0.00109406
0.00109879
0.00110152
0.00110249
0.00110166
0.00109977
0.00109698
0.00109297
0.00108811
0.00108175
0.00107452
0.00106486
0.00105693
0.00104671
0.0010392
0.00103081
0.0010226
0.00101285
0.00100874
0.00100265
0.000988783
0.000986158
0.000992675
0.00101319
0.00105467
0.00111977
0.00124793
0.00149278
0.00186335
0.00208443
0.00254547
0.00274617
0.00282983
0.00297343
0.00334666
0.00365351
0.0038125
0.00391209
0.00393888
0.00391436
0.00386568
0.00381726
0.00375101
0.00368226
0.0036201
0.00356176
0.0035068
0.00345705
0.00340853
0.00337264
0.00334975
0.00332677
0.00330356
0.00328172
0.00326215
0.00324529
0.00322804
0.00320902
0.00319162
0.0031748
0.00316007
0.00314838
0.00314017
0.00313452
0.00313022
0.00312629
0.00312245
0.00311842
0.00311446
0.00311016
0.00310594
0.00310151
0.00309564
0.00309336
0.00089661
0.000758684
0.000739679
0.000741901
0.00074928
0.000763695
0.000785407
0.000804024
0.000822431
0.000836718
0.000848735
0.000859677
0.000867039
0.000872892
0.000877266
0.000880079
0.000881373
0.00088143
0.000880077
0.000878099
0.000875426
0.000871782
0.000867522
0.000862065
0.000855926
0.00084805
0.000841725
0.000833673
0.000828034
0.000821574
0.000815109
0.00080796
0.000805249
0.000800333
0.000789376
0.000789171
0.000798797
0.000819177
0.000859769
0.000922562
0.00104678
0.00127763
0.00159324
0.00177992
0.00217055
0.00231675
0.00237561
0.00251633
0.002849
0.00309235
0.00321372
0.00327356
0.00327584
0.00323773
0.00318313
0.00313261
0.00306698
0.0030033
0.00294581
0.00289226
0.00284248
0.0027973
0.00275368
0.00272164
0.00270083
0.00267986
0.00265904
0.00263976
0.00262271
0.00260803
0.00259298
0.00257691
0.00256272
0.00254938
0.00253815
0.00252962
0.00252391
0.00252004
0.00251694
0.00251383
0.00251061
0.00250707
0.00250353
0.00249958
0.00249567
0.0024915
0.00248605
0.00248371
0.000719392
0.000610401
0.000596322
0.000597665
0.000602802
0.000613756
0.000629381
0.000642732
0.000655907
0.000665856
0.000674198
0.000681787
0.000686667
0.000690477
0.000693211
0.00069477
0.000695248
0.000694868
0.000693405
0.000691616
0.000689291
0.000686231
0.000682735
0.000678322
0.0006734
0.000667302
0.000662497
0.000656441
0.000652386
0.000647597
0.00064273
0.000637723
0.000636007
0.000632108
0.00062393
0.00062521
0.000636027
0.000654481
0.000691322
0.000748433
0.000862678
0.00107011
0.00133107
0.00148557
0.00180828
0.00190979
0.0019508
0.00209066
0.00237866
0.00256636
0.00265312
0.00268289
0.00266811
0.00262276
0.00256723
0.00251815
0.00245658
0.0024002
0.00234894
0.00230148
0.00225785
0.00221806
0.00218005
0.00215218
0.00213364
0.00211501
0.00209686
0.00208028
0.00206576
0.00205321
0.00204046
0.0020274
0.00201625
0.0020061
0.00199786
0.00199181
0.00198783
0.001985
0.0019825
0.00197975
0.00197678
0.00197342
0.00197002
0.0019662
0.0019624
0.0019583
0.00195314
0.00195056
0.000565173
0.000483381
0.000473215
0.000473859
0.000477173
0.0004851
0.000495924
0.000505152
0.000514248
0.000520932
0.000526535
0.00053163
0.00053475
0.000537143
0.000538773
0.000539551
0.000539619
0.000539085
0.000537758
0.000536289
0.000534418
0.000532017
0.000529318
0.000525946
0.000522218
0.000517732
0.000514257
0.000509915
0.000507122
0.000503715
0.00050022
0.000496867
0.000495827
0.000492822
0.000487059
0.000489037
0.000499394
0.000514849
0.000546089
0.000595111
0.000694813
0.000872903
0.00108225
0.00120727
0.00146693
0.00153268
0.00156146
0.0016989
0.00194089
0.00208113
0.002138
0.00214638
0.00212109
0.00207371
0.00202103
0.00197595
0.00192083
0.00187292
0.00182878
0.00178812
0.0017511
0.00171715
0.00168508
0.00166146
0.00164532
0.00162925
0.00161391
0.00160004
0.00158795
0.00157743
0.00156697
0.00155675
0.0015483
0.00154088
0.00153504
0.00153078
0.00152789
0.0015256
0.00152333
0.00152069
0.0015178
0.00151451
0.00151117
0.00150741
0.00150367
0.00149963
0.00149476
0.00149195
0.000434214
0.000375714
0.000368533
0.000368643
0.000370545
0.000375953
0.000383103
0.000389189
0.000395191
0.000399481
0.000403084
0.000406365
0.00040827
0.000409697
0.000410608
0.000410946
0.000410837
0.00041031
0.000409237
0.000408123
0.00040672
0.000404955
0.000402994
0.000400565
0.000397903
0.000394776
0.000392392
0.00038943
0.000387592
0.000385278
0.000382892
0.000380742
0.00038014
0.000377931
0.000374086
0.000376169
0.000384954
0.000396972
0.000421719
0.000461271
0.000543452
0.000689221
0.000851551
0.000950027
0.00115285
0.00119122
0.00121185
0.00134298
0.00154004
0.00164094
0.00167378
0.00166824
0.00163795
0.00159256
0.00154538
0.00150597
0.00145879
0.00141967
0.00138299
0.00134938
0.00131904
0.00129103
0.00126491
0.00124552
0.00123188
0.00121849
0.00120595
0.00119469
0.00118489
0.00117631
0.00116801
0.00116033
0.00115414
0.00114893
0.00114491
0.00114189
0.00113966
0.00113762
0.00113544
0.00113286
0.00113005
0.00112687
0.00112365
0.00112003
0.00111644
0.00111258
0.0011081
0.00110519
0.000324819
0.000285216
0.000280237
0.000279982
0.000280863
0.000284281
0.000288728
0.000292502
0.000296235
0.000298826
0.00030101
0.000303007
0.000304095
0.000304888
0.000305359
0.000305466
0.000305302
0.000304864
0.000304073
0.000303289
0.000302309
0.000301095
0.000299761
0.00029812
0.000296337
0.000294282
0.000292739
0.000290826
0.000289676
0.000288184
0.000286643
0.000285326
0.000284993
0.000283466
0.000281038
0.000282848
0.000289521
0.000298176
0.00031637
0.000346086
0.000409445
0.000522308
0.000643037
0.000717927
0.000870794
0.000889567
0.000904657
0.00102442
0.00117947
0.00124887
0.00126398
0.00125064
0.00121974
0.00117923
0.00113921
0.00110642
0.00106785
0.00103725
0.00100797
0.000981288
0.000957389
0.000935201
0.000914775
0.000899469
0.000888393
0.000877711
0.000867883
0.000859083
0.000851424
0.000844656
0.000838338
0.000832815
0.000828444
0.000824928
0.000822219
0.000820056
0.000818241
0.000816388
0.000814321
0.000811893
0.000809284
0.000806354
0.000803389
0.000800089
0.000796824
0.000793321
0.000789395
0.000786603
0.000234804
0.000209656
0.000206268
0.000205808
0.000206021
0.000207966
0.000210516
0.000212665
0.000214805
0.000216242
0.000217459
0.000218578
0.000219142
0.000219539
0.00021975
0.000219748
0.000219592
0.000219267
0.000218734
0.000218221
0.000217585
0.000216811
0.000215967
0.000214935
0.000213826
0.000212564
0.000211629
0.000210468
0.000209789
0.000208884
0.000207948
0.000207181
0.000207004
0.000206025
0.000204578
0.000205933
0.000210463
0.00021617
0.000228418
0.000248871
0.000293787
0.000375138
0.000460021
0.00051422
0.000624151
0.000630289
0.000641333
0.000744506
0.000861637
0.000906837
0.000910235
0.000893933
0.000865724
0.000831951
0.000799919
0.000774087
0.000744209
0.000721443
0.000699199
0.000679068
0.000661176
0.000644485
0.000629321
0.000617856
0.000609344
0.000601286
0.000593992
0.00058747
0.000581783
0.000576725
0.000572168
0.000568403
0.000565457
0.000563193
0.000561414
0.00055986
0.000558385
0.000556762
0.00055493
0.00055281
0.000550562
0.00054806
0.000545538
0.000542748
0.00054
0.000537064
0.000533856
0.000531421
0.000161726
0.00014693
0.000144682
0.000144159
0.000144
0.000144942
0.000146239
0.000147315
0.000148402
0.0001491
0.000149693
0.000150248
0.000150494
0.000150658
0.000150726
0.000150681
0.000150556
0.000150338
0.000150009
0.0001497
0.000149321
0.000148867
0.000148377
0.000147781
0.000147149
0.000146432
0.00014591
0.000145254
0.000144879
0.000144368
0.000143839
0.000143417
0.000143323
0.00014275
0.000141946
0.00014282
0.000145527
0.000148898
0.000156267
0.000168816
0.000197262
0.000250262
0.000305167
0.000341499
0.00041532
0.000414651
0.000422405
0.00050445
0.00058828
0.000615781
0.000612742
0.000597066
0.000573805
0.00054777
0.000523906
0.000504945
0.000483367
0.000467533
0.000451772
0.000437627
0.000425162
0.000413507
0.000403057
0.000395095
0.000389058
0.000383448
0.000378443
0.00037397
0.000370065
0.000366571
0.000363528
0.000361143
0.000359284
0.000357918
0.000356805
0.000355733
0.000354612
0.000353326
0.000351878
0.000350224
0.000348484
0.000346562
0.000344635
0.000342511
0.000340432
0.000338213
0.000335839
0.000333951
0.000103153
9.5223e-05
9.37955e-05
9.33164e-05
9.30138e-05
9.33501e-05
9.3888e-05
9.43185e-05
9.47716e-05
9.50364e-05
9.52634e-05
9.54846e-05
9.55557e-05
9.55955e-05
9.5593e-05
9.55396e-05
9.54504e-05
9.53163e-05
9.51316e-05
9.49611e-05
9.47561e-05
9.45157e-05
9.4259e-05
9.39496e-05
9.36255e-05
9.32562e-05
9.29911e-05
9.26519e-05
9.24615e-05
9.21959e-05
9.19206e-05
9.1704e-05
9.16517e-05
9.13504e-05
9.09415e-05
9.14158e-05
9.27924e-05
9.45059e-05
9.83054e-05
0.000104852
0.000120159
0.000149703
0.000180665
0.000202025
0.000246272
0.000243219
0.000248088
0.000305851
0.000360968
0.000376239
0.000370986
0.00035841
0.000341451
0.000323458
0.000307467
0.000294962
0.000280978
0.000271074
0.000261087
0.000252224
0.000244496
0.000237281
0.000230901
0.000226017
0.000222256
0.000218822
0.000215796
0.000213094
0.000210732
0.000208609
0.000206812
0.000205463
0.000204409
0.000203661
0.000203021
0.000202351
0.000201603
0.000200731
0.000199754
0.000198653
0.000197505
0.000196244
0.000194987
0.000193606
0.000192266
0.000190832
0.000189324
0.000188083
5.7109e-05
5.33197e-05
5.24932e-05
5.21312e-05
5.18444e-05
5.18839e-05
5.20283e-05
5.21293e-05
5.22536e-05
5.23038e-05
5.23486e-05
5.24005e-05
5.2394e-05
5.23795e-05
5.23519e-05
5.23069e-05
5.22492e-05
5.21744e-05
5.20816e-05
5.19969e-05
5.18984e-05
5.17858e-05
5.16677e-05
5.15265e-05
5.13812e-05
5.12129e-05
5.10941e-05
5.09362e-05
5.08491e-05
5.07241e-05
5.05942e-05
5.04938e-05
5.04619e-05
5.03213e-05
5.01406e-05
5.03449e-05
5.09049e-05
5.16006e-05
5.3158e-05
5.58197e-05
6.22108e-05
7.48821e-05
8.84851e-05
9.82486e-05
0.000119585
0.000116943
0.000119324
0.000151937
0.000182615
0.000189907
0.000185477
0.000177472
0.000167367
0.000157131
0.000148318
0.000141565
0.000134168
0.000129115
0.000123997
0.000119527
0.000115689
0.000112127
0.000109027
0.000106649
0.000104802
0.000103142
0.000101694
0.0001004
9.92696e-05
9.82482e-05
9.73989e-05
9.6779e-05
9.62877e-05
9.5944e-05
9.56334e-05
9.5287e-05
9.48883e-05
9.44216e-05
9.39047e-05
9.33281e-05
9.27318e-05
9.20805e-05
9.14357e-05
9.07287e-05
9.00484e-05
8.93201e-05
8.85658e-05
8.7929e-05
2.38515e-05
2.23269e-05
2.19639e-05
2.17699e-05
2.16043e-05
2.15667e-05
2.1569e-05
2.15587e-05
2.15632e-05
2.15471e-05
2.15344e-05
2.15289e-05
2.15081e-05
2.14866e-05
2.14635e-05
2.1437e-05
2.14079e-05
2.13742e-05
2.13366e-05
2.13024e-05
2.12644e-05
2.1222e-05
2.11786e-05
2.11272e-05
2.10753e-05
2.10138e-05
2.09711e-05
2.09114e-05
2.08793e-05
2.08309e-05
2.07805e-05
2.0744e-05
2.07267e-05
2.06716e-05
2.06135e-05
2.06751e-05
2.08375e-05
2.10299e-05
2.14645e-05
2.21696e-05
2.38981e-05
2.72681e-05
3.09178e-05
3.35345e-05
3.98886e-05
3.8711e-05
3.93537e-05
5.04264e-05
6.14136e-05
6.37618e-05
6.18048e-05
5.86966e-05
5.49676e-05
5.13408e-05
4.83251e-05
4.60762e-05
4.36606e-05
4.20726e-05
4.04683e-05
3.90932e-05
3.79346e-05
3.68674e-05
3.59527e-05
3.52484e-05
3.46966e-05
3.42058e-05
3.37794e-05
3.33961e-05
3.30596e-05
3.27523e-05
3.24971e-05
3.2311e-05
3.21582e-05
3.20478e-05
3.19413e-05
3.18184e-05
3.16765e-05
3.15128e-05
3.13338e-05
3.11368e-05
3.09343e-05
3.07151e-05
3.04984e-05
3.02627e-05
3.00361e-05
2.9795e-05
2.95466e-05
2.93354e-05
1.27169e-05
1.21135e-05
1.20044e-05
1.19288e-05
1.18627e-05
1.18338e-05
1.18147e-05
1.17935e-05
1.17789e-05
1.17608e-05
1.17457e-05
1.17343e-05
1.1721e-05
1.17081e-05
1.1696e-05
1.1684e-05
1.16721e-05
1.16596e-05
1.16468e-05
1.16352e-05
1.1623e-05
1.16096e-05
1.15964e-05
1.15808e-05
1.15654e-05
1.15468e-05
1.15338e-05
1.15149e-05
1.15051e-05
1.14889e-05
1.14722e-05
1.1462e-05
1.14539e-05
1.14341e-05
1.14219e-05
1.14338e-05
1.14645e-05
1.14904e-05
1.15507e-05
1.1619e-05
1.17865e-05
1.19488e-05
1.20134e-05
1.19009e-05
1.19609e-05
1.17437e-05
1.16425e-05
1.14601e-05
1.16024e-05
1.15418e-05
1.15449e-05
1.15294e-05
1.15389e-05
1.15456e-05
1.15702e-05
1.16002e-05
1.16174e-05
1.16443e-05
1.16644e-05
1.16813e-05
1.16992e-05
1.17097e-05
1.17181e-05
1.17191e-05
1.17158e-05
1.17092e-05
1.17003e-05
1.16885e-05
1.16754e-05
1.16598e-05
1.16432e-05
1.1627e-05
1.16094e-05
1.15917e-05
1.15713e-05
1.15481e-05
1.15228e-05
1.14959e-05
1.14676e-05
1.14381e-05
1.14075e-05
1.13763e-05
1.13438e-05
1.13117e-05
1.12773e-05
1.12457e-05
1.1208e-05
1.11791e-05
1.29537e-05
2.19967e-06
1.08574e-06
1.15103e-06
1.34314e-06
1.50512e-06
1.69534e-06
1.89953e-06
2.12626e-06
2.32225e-06
2.52117e-06
2.50189e-06
2.73711e-06
2.74904e-06
3.27229e-06
1.36505e-05
2.8369e-06
2.87936e-06
2.99863e-06
3.05937e-06
2.71616e-06
3.15581e-06
3.14932e-06
3.10788e-06
3.07533e-06
3.06755e-06
3.09995e-06
3.13516e-06
3.18569e-06
3.40253e-06
3.43842e-06
3.56762e-06
3.69593e-06
3.80117e-06
3.87785e-06
3.88008e-06
4.08829e-06
3.6712e-06
3.3956e-06
3.62745e-06
3.02992e-06
2.36074e-06
2.26428e-06
1.83366e-06
1.78838e-06
1.7096e-06
1.33568e-06
0.00111134
1.83149e-06
4.71134e-06
1.81276e-05
3.70764e-06
1.02006e-06
1.13723e-06
1.26051e-06
1.3622e-06
1.43897e-06
1.48887e-06
1.52102e-06
1.5422e-06
1.54092e-06
1.49507e-06
1.61934e-06
8.85647e-06
2.41831e-06
3.96741e-06
9.14282e-06
1.15626e-05
2.20637e-06
1.09267e-06
1.23413e-06
1.36801e-06
1.52274e-06
1.73768e-06
1.94824e-06
2.07457e-06
2.13297e-06
2.19743e-06
2.27564e-06
2.35979e-06
2.43641e-06
2.51102e-06
2.61113e-06
2.54272e-06
2.49973e-06
2.53454e-06
2.45131e-06
2.45251e-06
2.46887e-06
2.51933e-06
2.60144e-06
2.68413e-06
2.77446e-06
2.88104e-06
2.9817e-06
3.10562e-06
3.19315e-06
0.00125722
1.17004e-05
2.10233e-06
2.1856e-06
2.55616e-06
3.08168e-06
3.80937e-06
4.81542e-06
6.13798e-06
7.87163e-06
8.90948e-06
1.01666e-05
1.25116e-05
3.11733e-06
1.18882e-06
5.38494e-06
1.5089e-05
1.58825e-05
1.49286e-05
1.36005e-05
1.22141e-05
1.16629e-05
1.05317e-05
9.60534e-06
8.83429e-06
8.19824e-06
7.56168e-06
7.01318e-06
6.27878e-06
5.74676e-06
5.55344e-06
5.20758e-06
5.02799e-06
4.92037e-06
4.92976e-06
4.83384e-06
4.70293e-06
4.52705e-06
3.94775e-06
3.05078e-06
2.51513e-06
2.02104e-06
1.58053e-06
1.21424e-06
1.14449e-06
8.1026e-07
6.33492e-07
3.17276e-05
6.47516e-07
1.38674e-06
5.7455e-06
1.10008e-06
9.23207e-07
9.91203e-07
1.0523e-06
1.10349e-06
1.14269e-06
1.16651e-06
1.17746e-06
1.17619e-06
1.15705e-06
1.11388e-06
8.57455e-07
3.71015e-06
1.31086e-06
1.66857e-06
3.29821e-06
4.7172e-06
1.10014e-06
1.45041e-06
1.59783e-06
1.74711e-06
1.88383e-06
2.01941e-06
2.14834e-06
2.26402e-06
2.36054e-06
2.4629e-06
2.5686e-06
2.67725e-06
2.80731e-06
2.9995e-06
3.13465e-06
3.11987e-06
3.32341e-06
3.24925e-06
3.25586e-06
3.63712e-06
3.82438e-06
3.9768e-06
4.15204e-06
4.2984e-06
4.45789e-06
4.63534e-06
4.83077e-06
5.03195e-06
5.27587e-06
0.00129207
3.37695e-05
5.51892e-06
5.84088e-06
7.06481e-06
9.00256e-06
1.1702e-05
1.53922e-05
2.01086e-05
2.60679e-05
2.98089e-05
3.4594e-05
4.11648e-05
1.54908e-05
1.21573e-06
1.63028e-06
5.26227e-05
5.21534e-05
5.00528e-05
4.65315e-05
4.24412e-05
4.10529e-05
3.7357e-05
3.41212e-05
3.12639e-05
2.88232e-05
2.63211e-05
2.40531e-05
2.09745e-05
1.81448e-05
1.71859e-05
1.52826e-05
1.40518e-05
1.32123e-05
1.30554e-05
1.27318e-05
1.20596e-05
1.23522e-05
1.08635e-05
6.86759e-06
5.32371e-06
4.14015e-06
1.65329e-06
1.11476e-06
8.87739e-07
3.84512e-07
2.39128e-07
1.83296e-06
2.00534e-07
6.89023e-08
1.41319e-07
2.30749e-07
1.05997e-06
1.07717e-06
1.09492e-06
1.11187e-06
1.13012e-06
1.14746e-06
1.16563e-06
1.18448e-06
1.20582e-06
1.22651e-06
5.91308e-07
9.41041e-07
6.39463e-07
3.99098e-07
1.08984e-07
3.39255e-07
1.19147e-06
2.53354e-06
2.88468e-06
3.22696e-06
3.48802e-06
3.68955e-06
3.88083e-06
4.1027e-06
4.32512e-06
4.57281e-06
4.83193e-06
5.10701e-06
5.47885e-06
6.06448e-06
6.38056e-06
6.39762e-06
7.10274e-06
6.85678e-06
6.89253e-06
7.98036e-06
8.53492e-06
8.95616e-06
9.43009e-06
9.81762e-06
1.02574e-05
1.07515e-05
1.13118e-05
1.18795e-05
1.25874e-05
0.0013152
6.3413e-05
1.34034e-05
1.45134e-05
1.75818e-05
2.22266e-05
2.83539e-05
3.6301e-05
4.60841e-05
5.79073e-05
6.58496e-05
7.48642e-05
8.65909e-05
4.78459e-05
1.32934e-05
9.57863e-06
0.000110023
0.000108846
0.000106665
0.000101464
9.44625e-05
9.30454e-05
8.63058e-05
7.99874e-05
7.41782e-05
6.91921e-05
6.41438e-05
5.93555e-05
5.28753e-05
4.58868e-05
4.35681e-05
3.86222e-05
3.49352e-05
3.21082e-05
3.11512e-05
3.02723e-05
2.8701e-05
2.99792e-05
2.81124e-05
2.0544e-05
1.6879e-05
1.39028e-05
4.69752e-06
2.86942e-06
1.58681e-06
2.25815e-07
1.41318e-07
2.55974e-07
4.32508e-08
2.60133e-09
6.61165e-09
7.99266e-07
1.77574e-06
1.76874e-06
1.76364e-06
1.76795e-06
1.79936e-06
1.85843e-06
1.94931e-06
2.07787e-06
2.24882e-06
2.3726e-06
6.9313e-07
1.82618e-07
3.87112e-07
5.14738e-08
2.68765e-08
3.11048e-08
3.35986e-06
4.94601e-06
5.72685e-06
6.45849e-06
7.03995e-06
7.53123e-06
7.98955e-06
8.47107e-06
8.9269e-06
9.43179e-06
9.95268e-06
1.05061e-05
1.12489e-05
1.23647e-05
1.28384e-05
1.28505e-05
1.41008e-05
1.36655e-05
1.37045e-05
1.54395e-05
1.63785e-05
1.70976e-05
1.79234e-05
1.85942e-05
1.93744e-05
2.02639e-05
2.12597e-05
2.22916e-05
2.35077e-05
0.00132582
9.56693e-05
2.60663e-05
2.87203e-05
3.42469e-05
4.23504e-05
5.26665e-05
6.5675e-05
8.14478e-05
0.000100009
0.000112978
0.000126174
0.000143977
9.67962e-05
6.18749e-05
6.96649e-05
0.000180585
0.000180558
0.000179297
0.000173079
0.000163689
0.000162784
0.000153072
0.00014355
0.000134621
0.000127038
0.000119563
0.000112184
0.000102267
9.00542e-05
8.59162e-05
7.66185e-05
6.88007e-05
6.20714e-05
5.88567e-05
5.64502e-05
5.31986e-05
5.55506e-05
5.42283e-05
4.43338e-05
3.86552e-05
3.46216e-05
1.74497e-05
1.199e-05
6.78487e-06
5.55141e-07
7.15123e-07
2.14149e-07
2.00702e-08
8.17945e-09
4.41855e-08
3.32769e-06
3.95133e-06
4.01856e-06
4.08299e-06
4.18218e-06
4.38125e-06
4.66648e-06
5.04274e-06
5.51671e-06
6.03564e-06
6.13662e-06
1.91138e-06
9.6701e-08
7.51978e-07
6.45588e-08
1.90621e-07
2.03913e-07
7.32166e-06
8.84165e-06
1.01099e-05
1.12888e-05
1.22974e-05
1.32213e-05
1.40585e-05
1.48467e-05
1.55404e-05
1.6297e-05
1.70579e-05
1.78623e-05
1.89129e-05
2.03882e-05
2.08501e-05
2.08671e-05
2.25007e-05
2.18387e-05
2.1896e-05
2.40405e-05
2.52467e-05
2.61911e-05
2.73089e-05
2.82181e-05
2.93034e-05
3.05635e-05
3.19614e-05
3.34483e-05
3.5131e-05
0.00132297
0.000127822
4.23038e-05
4.74288e-05
5.57939e-05
6.79295e-05
8.30604e-05
0.000101809
0.000124297
0.000150084
0.000168435
0.000185854
0.000210723
0.000161918
0.000144964
0.000203843
0.000261208
0.000263565
0.000263918
0.000257235
0.000246343
0.000246108
0.000233809
0.000221527
0.00020998
0.000200384
0.000191257
0.000181907
0.000169454
0.000152363
0.000146259
0.000131868
0.000118504
0.000105699
9.78714e-05
9.1996e-05
8.57306e-05
8.83047e-05
8.79371e-05
7.6668e-05
6.93539e-05
6.4589e-05
4.31456e-05
3.27126e-05
2.28599e-05
5.1234e-06
5.64787e-06
1.66054e-06
3.94357e-07
3.00952e-07
8.10438e-07
8.34055e-06
8.8588e-06
9.25197e-06
9.66825e-06
1.02248e-05
1.10379e-05
1.19891e-05
1.3003e-05
1.40097e-05
1.47821e-05
1.43664e-05
7.07336e-06
1.18789e-06
3.24766e-06
7.4394e-07
1.71495e-06
2.00763e-06
1.20711e-05
1.3764e-05
1.54026e-05
1.69633e-05
1.83772e-05
1.97242e-05
2.09201e-05
2.19722e-05
2.28482e-05
2.37958e-05
2.47255e-05
2.57043e-05
2.69359e-05
2.85213e-05
2.88782e-05
2.89414e-05
3.07807e-05
2.9863e-05
3.00223e-05
3.24392e-05
3.38197e-05
3.49507e-05
3.63304e-05
3.7473e-05
3.88724e-05
4.05211e-05
4.2339e-05
4.43128e-05
4.64835e-05
0.00130578
0.000158249
6.10092e-05
6.98467e-05
8.14973e-05
9.83352e-05
0.000118974
0.000144104
0.000173813
0.00020682
0.000230609
0.000252296
0.000285033
0.000242986
0.000253792
0.000328175
0.000349513
0.000354902
0.000357253
0.0003506
0.000339284
0.000339746
0.000325513
0.000311374
0.00029823
0.000287682
0.000278118
0.00026797
0.000254525
0.000234296
0.000226572
0.000207459
0.000187947
0.000167338
0.000151985
0.00013974
0.000128012
0.000128611
0.000128442
0.000116506
0.000107803
0.000101319
7.82658e-05
6.19983e-05
4.85055e-05
2.35474e-05
2.06168e-05
9.32985e-06
3.66675e-06
3.07354e-06
7.39497e-06
1.64194e-05
1.73464e-05
1.84233e-05
1.96476e-05
2.12255e-05
2.3235e-05
2.51968e-05
2.67923e-05
2.78724e-05
2.82248e-05
2.69922e-05
1.91036e-05
8.46425e-06
1.12111e-05
4.86052e-06
7.68903e-06
9.49567e-06
1.74525e-05
1.92496e-05
2.10886e-05
2.29213e-05
2.465e-05
2.63345e-05
2.78107e-05
2.90646e-05
3.00631e-05
3.11436e-05
3.21753e-05
3.32512e-05
3.45309e-05
3.59948e-05
3.62336e-05
3.64068e-05
3.82882e-05
3.71316e-05
3.75029e-05
4.012e-05
4.16221e-05
4.29469e-05
4.4603e-05
4.60245e-05
4.78006e-05
4.99073e-05
5.22171e-05
5.4754e-05
5.74847e-05
0.00127349
0.000185842
8.15498e-05
9.5787e-05
0.000111309
0.000133633
0.000160495
0.000192521
0.000229628
0.000269387
0.000298449
0.000324671
0.000365182
0.000337368
0.000372371
0.000429787
0.000443406
0.000452158
0.000456635
0.000450528
0.000439915
0.000441168
0.000425843
0.000411008
0.000397558
0.000387363
0.000378738
0.000369238
0.000356496
0.000335694
0.000327418
0.000304761
0.000279875
0.000251244
0.000225926
0.000204014
0.000182952
0.000177969
0.00017536
0.000162572
0.000152205
0.000142988
0.000118586
9.63005e-05
7.90535e-05
5.46504e-05
4.4336e-05
2.65002e-05
1.41473e-05
1.27998e-05
2.31486e-05
2.82693e-05
2.99203e-05
3.20339e-05
3.44887e-05
3.75045e-05
4.08909e-05
4.35856e-05
4.50482e-05
4.53832e-05
4.47336e-05
4.27116e-05
3.62217e-05
2.44656e-05
2.51295e-05
1.58365e-05
1.86133e-05
2.02979e-05
2.35525e-05
2.51726e-05
2.70004e-05
2.89568e-05
3.08619e-05
3.27667e-05
3.44261e-05
3.58172e-05
3.69052e-05
3.80772e-05
3.91533e-05
4.0248e-05
4.14378e-05
4.2563e-05
4.26985e-05
4.30503e-05
4.48357e-05
4.34974e-05
4.41694e-05
4.69494e-05
4.8559e-05
5.01166e-05
5.21001e-05
5.38871e-05
5.61428e-05
5.88134e-05
6.17237e-05
6.49411e-05
6.83334e-05
0.00122555
0.0002098
0.000103622
0.000125473
0.000145589
0.000174249
0.000207982
0.000247198
0.000291497
0.000337173
0.000371245
0.00040229
0.000449953
0.000439998
0.000486729
0.000526303
0.000541153
0.000553349
0.000559894
0.000554963
0.000546111
0.00054838
0.000532953
0.000518665
0.000506243
0.000497705
0.000491332
0.000483977
0.00047352
0.000454885
0.000447441
0.000423062
0.000394644
0.000359325
0.000323512
0.000289595
0.000255323
0.000239409
0.000229572
0.000214263
0.000201494
0.000189423
0.000162807
0.000134977
0.000112405
9.07665e-05
7.3973e-05
5.2242e-05
3.3791e-05
3.14318e-05
4.18245e-05
4.47325e-05
4.72014e-05
5.05136e-05
5.42939e-05
5.86933e-05
6.31022e-05
6.58736e-05
6.65002e-05
6.55493e-05
6.37525e-05
6.08866e-05
5.55603e-05
4.52598e-05
4.2345e-05
3.23974e-05
3.13292e-05
3.02886e-05
3.07182e-05
3.17319e-05
3.3252e-05
3.50588e-05
3.69436e-05
3.89577e-05
4.07545e-05
4.22802e-05
4.34761e-05
4.47168e-05
4.57772e-05
4.67941e-05
4.77416e-05
4.83234e-05
4.83314e-05
4.89107e-05
5.05328e-05
4.90801e-05
5.00439e-05
5.29599e-05
5.47204e-05
5.6566e-05
5.89601e-05
6.12379e-05
6.41138e-05
6.74872e-05
7.11376e-05
7.5171e-05
7.93313e-05
0.0011617
0.000229581
0.00012715
0.000159354
0.000184917
0.000220754
0.000261846
0.000308244
0.000359142
0.000409686
0.000448449
0.000484561
0.000538005
0.000545016
0.000592999
0.000623186
0.000641218
0.000656752
0.000665226
0.00066221
0.000656036
0.000659646
0.000645181
0.000632668
0.000622548
0.000616879
0.000613892
0.000610027
0.000603218
0.000589162
0.000584107
0.000560207
0.000530629
0.000490989
0.000446274
0.000400141
0.000350987
0.000318151
0.000294302
0.000272577
0.000255837
0.000241516
0.000213291
0.000180396
0.00015102
0.000127975
0.000108005
8.50141e-05
6.25363e-05
5.7622e-05
6.44529e-05
6.67633e-05
6.98052e-05
7.40712e-05
7.88063e-05
8.41247e-05
8.9003e-05
9.13774e-05
9.09042e-05
8.86291e-05
8.56308e-05
8.16926e-05
7.65379e-05
6.79378e-05
6.17174e-05
5.13376e-05
4.55212e-05
4.12875e-05
3.95291e-05
3.93733e-05
4.01608e-05
4.14079e-05
4.30083e-05
4.50104e-05
4.70157e-05
4.8896e-05
5.0314e-05
5.16195e-05
5.25831e-05
5.337e-05
5.38862e-05
5.38409e-05
5.38833e-05
5.46345e-05
5.56679e-05
5.41784e-05
5.54293e-05
5.84549e-05
6.03977e-05
6.26177e-05
6.55331e-05
6.84479e-05
7.20882e-05
7.62889e-05
8.07998e-05
8.57651e-05
9.07968e-05
0.00108218
0.000244717
0.000152285
0.000197974
0.000229963
0.000273711
0.000322378
0.0003756
0.00043217
0.000486455
0.000529491
0.000570661
0.00062754
0.000648391
0.000692894
0.000720526
0.000741998
0.000760598
0.00077088
0.000770576
0.00076789
0.000773239
0.000760731
0.000751131
0.000744492
0.000742798
0.000744156
0.000744942
0.000742959
0.000735297
0.000734209
0.000712985
0.000684759
0.000643808
0.000593474
0.000537282
0.00047458
0.000421253
0.000376018
0.000340581
0.000316852
0.000299571
0.000271452
0.000234807
0.000197953
0.000168999
0.000145462
0.000122449
9.95872e-05
9.04056e-05
9.34334e-05
9.51692e-05
9.81489e-05
0.000102669
0.000107618
0.000113214
0.000118088
0.000119869
0.000118413
0.000115137
0.000111084
0.000105855
9.97213e-05
9.1764e-05
8.35937e-05
7.20484e-05
6.24155e-05
5.49673e-05
5.06155e-05
4.86858e-05
4.82006e-05
4.84807e-05
4.95518e-05
5.15463e-05
5.40272e-05
5.65684e-05
5.83709e-05
5.97016e-05
6.04058e-05
6.07007e-05
6.05512e-05
5.99767e-05
5.9801e-05
6.04089e-05
6.07164e-05
5.92369e-05
6.06881e-05
6.37863e-05
6.59658e-05
6.86655e-05
7.22247e-05
7.59085e-05
8.04429e-05
8.55815e-05
9.10658e-05
9.7057e-05
0.000103035
0.000987915
0.00025507
0.000179479
0.000241864
0.000281378
0.000333534
0.000389613
0.000448921
0.000509992
0.000566908
0.000613607
0.000659346
0.000717125
0.000747692
0.000788414
0.000816886
0.000841503
0.000862672
0.000874575
0.000877776
0.000879101
0.000886428
0.000876984
0.000871452
0.000869462
0.000872823
0.000879491
0.000886073
0.000889941
0.00089003
0.000894354
0.000877944
0.000853633
0.000814446
0.000762293
0.000700099
0.00062775
0.000555316
0.000484916
0.000426458
0.000387698
0.000363569
0.000338094
0.000299192
0.000255728
0.000218002
0.000187496
0.000162866
0.000142312
0.000130761
0.000130517
0.000130736
0.000132591
0.00013632
0.000140541
0.000145698
0.000150021
0.000150987
0.000148736
0.00014504
0.000140557
0.000134188
0.000126229
0.000117133
0.000108118
9.52841e-05
8.24707e-05
7.19806e-05
6.45826e-05
6.02255e-05
5.78696e-05
5.69891e-05
5.72848e-05
5.93802e-05
6.28005e-05
6.6477e-05
6.88436e-05
7.00964e-05
7.02774e-05
6.96596e-05
6.84965e-05
6.72578e-05
6.64613e-05
6.65144e-05
6.60313e-05
6.45952e-05
6.60903e-05
6.91948e-05
7.16874e-05
7.49795e-05
7.93028e-05
8.38837e-05
8.94329e-05
9.56029e-05
0.00010216
0.000109253
0.000116243
0.000880753
0.000260789
0.000209593
0.000291455
0.000339663
0.000400341
0.000463186
0.000527484
0.000591739
0.000650221
0.000699679
0.000748862
0.000805251
0.000841526
0.000879601
0.000909841
0.000936831
0.000959686
0.000972811
0.000980531
0.0009861
0.000995361
0.000990298
0.000989977
0.00099376
0.00100316
0.00101604
0.00102942
0.0010402
0.00104939
0.00106082
0.00105163
0.00103356
0.000999104
0.000949231
0.000885821
0.000808889
0.000723031
0.000630177
0.000543296
0.000476709
0.000436791
0.000410045
0.000374212
0.000325513
0.00027855
0.000237548
0.000206918
0.000188376
0.000177699
0.000175915
0.000174476
0.000174032
0.000175617
0.000177931
0.000181562
0.000184389
0.000183844
0.000180599
0.000177102
0.000173345
0.000166816
0.000157458
0.000145406
0.000134438
0.000121652
0.000105954
9.22448e-05
8.19462e-05
7.44496e-05
6.9749e-05
6.71489e-05
6.68069e-05
6.93302e-05
7.42477e-05
7.96783e-05
8.28199e-05
8.37771e-05
8.314e-05
8.1105e-05
7.84952e-05
7.61212e-05
7.41121e-05
7.31219e-05
7.18494e-05
7.03728e-05
7.17212e-05
7.48082e-05
7.77325e-05
8.17507e-05
8.69577e-05
9.25453e-05
9.91989e-05
0.000106453
0.000114154
0.000122396
0.000130455
0.000763636
0.000262371
0.000243967
0.000347004
0.000405003
0.000473818
0.000542208
0.000610088
0.000676155
0.000735165
0.000786053
0.000836754
0.000889745
0.00092834
0.000964601
0.000996252
0.00102462
0.00104843
0.00106279
0.00107533
0.00108488
0.00109648
0.00109674
0.00110251
0.00111286
0.00112881
0.00114845
0.00116958
0.00118837
0.00120758
0.00122719
0.00122775
0.00121913
0.00119366
0.00115011
0.00109012
0.00101431
0.000922542
0.000815465
0.000704082
0.000597474
0.000529074
0.000486389
0.000456269
0.000407764
0.000352891
0.000299653
0.000257849
0.000237307
0.000231268
0.000230198
0.000226573
0.000223282
0.000221637
0.0002206
0.000221059
0.000220676
0.000217058
0.000212045
0.000208884
0.00020694
0.000201768
0.000193644
0.000178
0.000162891
0.000150397
0.000132654
0.000115947
0.000102253
9.20142e-05
8.43095e-05
7.96986e-05
7.81797e-05
8.15942e-05
8.95566e-05
9.74791e-05
0.000101369
0.000102493
0.00010108
9.63468e-05
9.13166e-05
8.71223e-05
8.29747e-05
8.02088e-05
7.82698e-05
7.64942e-05
7.75459e-05
8.06671e-05
8.41763e-05
8.90536e-05
9.5216e-05
0.000101882
0.000109723
0.000118119
0.000127023
0.000136429
0.000145586
0.000640596
0.000260626
0.000284335
0.000408528
0.000477035
0.000553088
0.00062517
0.000694969
0.000761467
0.000819907
0.000870158
0.000919652
0.000967405
0.00100533
0.00103969
0.00107156
0.00110002
0.00112398
0.0011399
0.00115754
0.00117056
0.00118567
0.00119229
0.00120551
0.00122368
0.00124728
0.00127428
0.00130358
0.00133019
0.00135893
0.00138626
0.00139794
0.00140092
0.00138777
0.0013573
0.00130757
0.00123876
0.0011485
0.00103742
0.000912408
0.000771944
0.000656159
0.000581617
0.000537133
0.000501316
0.000441228
0.000376896
0.00032029
0.000290585
0.000289115
0.000293077
0.000288382
0.000281639
0.000275796
0.000269976
0.000264987
0.00025844
0.000248174
0.000238242
0.000234165
0.000235399
0.000234763
0.000231647
0.000215386
0.000194394
0.00017946
0.00016233
0.000142466
0.000125885
0.000112236
0.000102011
9.57634e-05
9.34757e-05
9.88988e-05
0.00011
0.000119714
0.000124455
0.000125483
0.000122366
0.000115515
0.000107851
0.000100618
9.34779e-05
8.81963e-05
8.51925e-05
8.28002e-05
8.34672e-05
8.67507e-05
9.10143e-05
9.6861e-05
0.000104081
0.000111915
0.000120972
0.000130484
0.000140575
0.000151081
0.000161297
0.000516539
0.000256137
0.000332051
0.000475685
0.000554656
0.000636661
0.000711519
0.00078141
0.000845125
0.000901668
0.000948296
0.000993073
0.00103409
0.00106879
0.00110008
0.00113047
0.00115763
0.0011811
0.00119901
0.00122063
0.00123724
0.00125958
0.00127182
0.00129405
0.00132154
0.0013539
0.00138916
0.00142808
0.00146344
0.00150282
0.00153892
0.00156154
0.00157466
0.00157276
0.00155685
0.00152322
0.00147192
0.00139373
0.00128822
0.00116209
0.00100706
0.000839611
0.000714896
0.000632097
0.000590393
0.000545403
0.000470583
0.000398679
0.000352288
0.000348881
0.000362119
0.000360703
0.000350608
0.000339966
0.000328266
0.000315168
0.000298343
0.00027574
0.000256742
0.000249236
0.000251713
0.0002552
0.000259666
0.000253979
0.000229331
0.0002094
0.000193417
0.000170979
0.000152083
0.000135615
0.000122197
0.000114313
0.000111633
0.000118133
0.000132171
0.000143462
0.000149291
0.0001501
0.000145539
0.000137015
0.000127054
0.000116834
0.000106197
9.78326e-05
9.23498e-05
8.92782e-05
8.94171e-05
9.30355e-05
9.82397e-05
0.000105181
0.000113499
0.000122488
0.000132664
0.000143181
0.000154353
0.000165805
0.000176962
0.000397004
0.000252005
0.000388023
0.000547466
0.000637494
0.000726488
0.000803326
0.000870023
0.000927079
0.000976302
0.00101577
0.00105314
0.00108502
0.00111379
0.00114086
0.00116823
0.0011933
0.00121635
0.0012363
0.00126284
0.00128472
0.00131561
0.00133631
0.0013675
0.00140597
0.00144797
0.00149179
0.00153982
0.00158647
0.00163516
0.00167894
0.00171323
0.00173836
0.00175024
0.00174835
0.0017282
0.00169424
0.00163812
0.00155539
0.0014424
0.00128932
0.00110349
0.000904781
0.000769636
0.000683647
0.000648474
0.000583389
0.000496782
0.000427903
0.000411106
0.000433161
0.000441393
0.000432107
0.000416229
0.000397877
0.000375032
0.000343657
0.000302019
0.000265704
0.000247954
0.000248647
0.000256284
0.000270244
0.000275465
0.000267322
0.000239545
0.000221656
0.000202296
0.00017893
0.000161238
0.000145321
0.000135163
0.000130806
0.000137294
0.000153396
0.000163866
0.000170664
0.000171841
0.000167331
0.00015839
0.000147153
0.000134301
0.000120554
0.000108538
0.000100302
9.58672e-05
9.53884e-05
9.94956e-05
0.000105871
0.000113913
0.000123365
0.000133329
0.000144351
0.000155641
0.000167669
0.000179818
0.000191714
0.000286968
0.000255627
0.000454744
0.000626003
0.000730442
0.000820869
0.000895002
0.000955319
0.00100223
0.00103823
0.00106823
0.00109389
0.0011155
0.00113775
0.00115985
0.001184
0.00120858
0.00123343
0.00125828
0.0012925
0.00132138
0.00136069
0.00139514
0.00143657
0.00148675
0.00153913
0.00159134
0.00164919
0.00170609
0.00176285
0.00181342
0.001854
0.0018884
0.0019116
0.00192308
0.00192054
0.00190721
0.00187012
0.00181118
0.00173102
0.00160074
0.00142563
0.00119722
0.000962748
0.000817176
0.000744209
0.00070497
0.000615557
0.000523814
0.000481006
0.000501997
0.000526213
0.000523716
0.000506217
0.000481691
0.000448943
0.000400277
0.0003356
0.0002724
0.000231091
0.000222028
0.000224623
0.000245102
0.000267149
0.000289003
0.00027059
0.000247405
0.000233021
0.000208078
0.000186578
0.000169756
0.000157317
0.000151146
0.000153025
0.000168773
0.000177101
0.000182805
0.000184453
0.000182376
0.000175061
0.00016554
0.000151174
0.00013483
0.00011957
0.000108854
0.000102498
0.000101352
0.000106039
0.000113963
0.00012297
0.000132911
0.000143499
0.000155088
0.000166922
0.000179574
0.000192156
0.000204533
0.000191647
0.000284837
0.000529747
0.000717044
0.000826958
0.000915584
0.000984256
0.00103339
0.00106529
0.00108049
0.00110178
0.00111215
0.00112693
0.00114614
0.00116705
0.00119098
0.00122232
0.00125605
0.00129211
0.00133578
0.00137825
0.00142734
0.00147711
0.00153108
0.00159209
0.0016544
0.00171573
0.00178094
0.0018411
0.00190009
0.00195107
0.0019931
0.00203057
0.002059
0.00207836
0.00208999
0.00209449
0.00208408
0.00205204
0.00200202
0.00190652
0.0017742
0.00156481
0.00126958
0.00101902
0.000862566
0.000808971
0.000754297
0.000644414
0.000567324
0.000569677
0.000608121
0.000622353
0.000608753
0.000580717
0.000540137
0.000478351
0.000393108
0.000297846
0.000215927
0.000175088
0.000150009
0.00015358
0.000205004
0.000276113
0.000294263
0.000270705
0.00025298
0.000240254
0.000212874
0.000193099
0.000180214
0.000166257
0.000160797
0.000173305
0.000177676
0.000178635
0.000180385
0.000184799
0.000179504
0.000173006
0.000159583
0.000143406
0.00012779
0.000117208
0.000108793
0.000106859
0.00011219
0.00012018
0.000129665
0.000140448
0.000152128
0.000163981
0.000176081
0.000188964
0.000201664
0.000214279
0.000130601
0.000349831
0.000627798
0.00081161
0.000924439
0.00100985
0.00106539
0.00109094
0.00110128
0.00111822
0.00110837
0.00111515
0.00113865
0.00117623
0.00121114
0.00123825
0.00128264
0.00133471
0.0013896
0.00144498
0.00150135
0.00155874
0.00161785
0.00167948
0.00174364
0.00180843
0.00186992
0.00193307
0.00199229
0.00204773
0.00209483
0.00213867
0.00217155
0.00219694
0.00221457
0.00223164
0.00224641
0.00225659
0.00225484
0.00224027
0.00218485
0.00210384
0.00195416
0.00168099
0.00131256
0.00106872
0.000909888
0.00087468
0.000795572
0.000682501
0.00064514
0.000681677
0.000719353
0.000720264
0.000693988
0.000649113
0.000581182
0.000486154
0.000373304
0.000260693
0.000163847
0.000108884
8.38419e-05
8.97876e-05
0.000189627
0.000287965
0.000288346
0.000266739
0.000253431
0.000238089
0.000224138
0.0001934
0.000175285
0.000168148
0.000166403
0.000163676
0.000158544
0.000152923
0.000168767
0.000172703
0.000168788
0.000155855
0.000143544
0.000131782
0.000122926
0.000113354
0.000110702
0.00011555
0.000125035
0.000135864
0.00014668
0.000158228
0.000170011
0.000181839
0.000194599
0.000207151
0.000219788
0.000118546
0.000449717
0.000742744
0.000910295
0.00102372
0.00109836
0.00111886
0.00112593
0.00113558
0.00112463
0.00111886
0.00116295
0.00123381
0.00128542
0.00131873
0.00138209
0.00146912
0.00153522
0.00159983
0.00166161
0.00172081
0.00177708
0.00183301
0.00188806
0.0019425
0.00199708
0.0020462
0.00209501
0.00213737
0.00217407
0.00219767
0.00222656
0.00224524
0.0022591
0.00228179
0.00231359
0.00234435
0.00236677
0.00238621
0.00240206
0.00240563
0.00238122
0.00227159
0.00211431
0.00176337
0.00133157
0.00110394
0.00097915
0.000944817
0.000842006
0.000751762
0.00075279
0.000803777
0.000830832
0.000816712
0.000773148
0.000704059
0.000612692
0.000510075
0.000398163
0.000270732
0.000132869
6.60447e-05
4.82242e-05
8.32297e-05
0.000196285
0.000278231
0.000274191
0.000261667
0.000244555
0.000230629
0.00019767
0.000181824
0.00016274
0.000155547
0.000127215
0.000122083
0.000117032
0.000120316
0.000125824
0.000154933
0.000144814
0.000136209
0.000128395
0.000125082
0.00011442
0.000112921
0.000120636
0.000132169
0.000141655
0.000150762
0.000160475
0.000171339
0.000183005
0.000195232
0.000207058
0.000219484
0.000133962
0.000591826
0.000857207
0.00101523
0.00112087
0.00114957
0.0011508
0.00116024
0.0011482
0.00117153
0.00125833
0.00132823
0.0013732
0.00146712
0.00156192
0.00163805
0.00170599
0.00176569
0.00182184
0.00187415
0.00192257
0.00196816
0.00201194
0.00205284
0.0020927
0.00213261
0.00216608
0.00219917
0.00222524
0.0022514
0.0022572
0.00226868
0.0022704
0.00226463
0.0022624
0.00226897
0.0022869
0.00231778
0.00237194
0.00243192
0.00248395
0.0025324
0.00253649
0.00240928
0.00222883
0.00177767
0.0013441
0.00112224
0.00105146
0.00100433
0.00090905
0.000855044
0.000876346
0.000924916
0.000936505
0.000904533
0.000840478
0.000756996
0.000667765
0.000574994
0.000463628
0.000288047
9.35631e-05
4.51005e-05
3.90181e-05
7.95999e-05
0.000203735
0.000257621
0.000257926
0.000250729
0.000232211
0.000206995
0.000187442
0.000155744
0.000135843
9.43204e-05
7.08872e-05
7.02068e-05
7.13682e-05
7.35694e-05
9.96728e-05
0.000106714
0.00012264
0.000116011
0.000118812
0.000114394
0.000118001
0.000130259
0.000135996
0.000142075
0.000148764
0.000157931
0.000167442
0.000177437
0.000187712
0.000198386
0.000210721
0.000156594
0.000759931
0.000985057
0.00112831
0.00117358
0.0011766
0.00116921
0.00118407
0.00126293
0.00135269
0.00141601
0.00152316
0.00158728
0.00169973
0.00179654
0.00188609
0.00195645
0.00201452
0.00206622
0.00211073
0.00214938
0.00218316
0.00221226
0.00223664
0.00225857
0.00228087
0.00229464
0.00230942
0.00230978
0.00231044
0.00228957
0.00228709
0.00227396
0.00224958
0.00222537
0.00219123
0.00218671
0.00218954
0.00220697
0.00224128
0.00231186
0.00245312
0.00258649
0.00262328
0.00248757
0.00227252
0.00171618
0.00133917
0.00114254
0.00112026
0.00106117
0.000992522
0.000974294
0.000997354
0.00103252
0.00102508
0.000974894
0.000900894
0.000822512
0.000742588
0.00064773
0.000499267
0.000211903
5.65891e-05
3.0596e-05
3.46073e-05
0.000102874
0.000207978
0.000231814
0.000237748
0.000226996
0.00021089
0.000186333
0.000147503
0.000111131
6.39042e-05
3.7017e-05
3.72898e-05
4.22761e-05
5.8197e-05
7.92795e-05
8.8502e-05
0.000101751
0.000108811
0.00011964
0.000129492
0.000129741
0.000128563
0.000128936
0.000134114
0.000140667
0.000147228
0.000153109
0.000159488
0.000166798
0.000176579
0.000188815
0.000184179
0.000932979
0.00113418
0.00118834
0.00120227
0.00118025
0.00123945
0.0013366
0.00141709
0.00150056
0.0015867
0.00175843
0.00188997
0.00199926
0.00207571
0.00214284
0.00220152
0.00225015
0.00228956
0.00232065
0.00234487
0.00236331
0.00237618
0.00238351
0.00238476
0.00239055
0.00238372
0.00238936
0.0023752
0.00237614
0.00235435
0.00232504
0.00228738
0.00224298
0.00219564
0.00215168
0.00212713
0.00210091
0.00206592
0.00206434
0.00207641
0.00214263
0.00236191
0.0025704
0.00260452
0.002493
0.00220619
0.00159901
0.00130804
0.00118471
0.00116856
0.0011211
0.00108254
0.00108649
0.00109812
0.00110536
0.00107901
0.00101899
0.000950059
0.000877055
0.000789338
0.000652985
0.000363689
0.000102288
3.38786e-05
2.49665e-05
4.57975e-05
0.000140205
0.000215094
0.000194655
0.000200786
0.000189458
0.000156756
0.000121293
7.87464e-05
4.27234e-05
2.28102e-05
2.22195e-05
2.96258e-05
6.18201e-05
7.95534e-05
8.72457e-05
0.000100826
0.000124111
0.000133868
0.000122057
0.000119067
0.000108912
0.000108481
0.000109633
0.000106538
0.000105018
0.000109119
0.000113576
0.000119763
0.000128482
0.000138193
0.000203809
0.00105488
0.00121411
0.00123325
0.00121205
0.00124672
0.00134766
0.00141442
0.00151967
0.00165402
0.00187487
0.0020105
0.00210858
0.00220464
0.00228376
0.00234803
0.0023991
0.00243765
0.00246584
0.00248537
0.00249788
0.00250466
0.0025065
0.00250588
0.0024899
0.00249028
0.0024742
0.00247319
0.0024583
0.00243449
0.00240462
0.00236506
0.00231426
0.00225392
0.00219013
0.00212951
0.0020753
0.00203576
0.00201038
0.00199078
0.00195828
0.00195954
0.00209601
0.00233892
0.00250646
0.00248189
0.00234734
0.00187281
0.00143809
0.00128519
0.00123614
0.00119636
0.00116362
0.00115434
0.00113854
0.00113371
0.00111584
0.00106687
0.00101292
0.000939841
0.000851172
0.000726494
0.000484382
0.00017022
4.64312e-05
2.41695e-05
2.91664e-05
8.126e-05
0.000148532
0.000159266
0.000150044
0.000142923
0.000116426
8.22454e-05
5.2794e-05
2.1464e-05
1.16761e-05
1.07812e-05
2.20525e-05
5.76347e-05
8.27136e-05
7.51299e-05
8.89638e-05
0.000102583
8.95744e-05
6.66763e-05
5.2931e-05
4.96274e-05
4.28601e-05
4.44588e-05
4.64702e-05
4.18173e-05
4.15036e-05
4.20871e-05
4.60754e-05
5.20093e-05
5.99013e-05
0.000214971
0.00112083
0.00124393
0.0012412
0.00123375
0.00130994
0.00139094
0.0014877
0.00163033
0.00188652
0.00202946
0.00216251
0.00227448
0.00236903
0.00244659
0.00250645
0.00255096
0.00258215
0.0026025
0.00261423
0.00261917
0.0026186
0.00261318
0.00260388
0.0025958
0.00258598
0.00256993
0.00254873
0.00252487
0.00249808
0.00246392
0.00241919
0.00236127
0.00229271
0.00221802
0.0021435
0.00207525
0.00201665
0.0019683
0.00194971
0.0019259
0.00188643
0.00193727
0.00213249
0.00235075
0.00239382
0.00231916
0.00196239
0.00151355
0.00134023
0.0012943
0.00125196
0.00121907
0.00120113
0.00116573
0.00114014
0.00111935
0.00107452
0.0010303
0.000959682
0.000872163
0.000764713
0.000586377
0.000253806
7.70476e-05
2.69485e-05
2.0392e-05
4.17682e-05
0.000101373
0.000129402
0.000113486
0.000103818
8.05845e-05
5.07142e-05
2.64587e-05
1.03913e-05
5.30573e-06
6.08608e-06
1.83563e-05
3.33174e-05
4.63832e-05
2.91413e-05
4.46924e-05
3.02754e-05
2.54917e-05
1.98952e-05
1.5319e-05
1.28592e-05
1.22069e-05
1.20364e-05
1.20019e-05
1.02941e-05
1.02855e-05
1.06964e-05
9.97222e-06
1.21528e-05
1.51747e-05
0.000218108
0.00114783
0.00128169
0.00126549
0.00126633
0.00136347
0.00143448
0.00154545
0.00181581
0.00200284
0.0021575
0.00229899
0.00241528
0.0025108
0.00258589
0.00264144
0.00268018
0.00270517
0.00271941
0.00272545
0.00272518
0.00271984
0.00270991
0.00270074
0.00269166
0.00267507
0.00264977
0.00262369
0.00259662
0.00256605
0.00252837
0.0024806
0.00241925
0.0023447
0.00226146
0.00217653
0.00209701
0.00202819
0.00196851
0.00191888
0.00189912
0.00186578
0.00186988
0.00197488
0.00219386
0.0022835
0.00223771
0.00198828
0.00155899
0.00137312
0.00132185
0.0012818
0.001259
0.00121794
0.00117323
0.00113454
0.0011106
0.00106658
0.00102014
0.000960757
0.000881167
0.000783771
0.000653206
0.000363741
0.000131388
3.97861e-05
1.91889e-05
2.32733e-05
6.70657e-05
9.82132e-05
8.46731e-05
7.31207e-05
4.75767e-05
2.55647e-05
1.03293e-05
3.20218e-06
1.20041e-06
1.40615e-06
3.26089e-06
4.10533e-06
8.93486e-06
4.81153e-06
1.00247e-05
6.50233e-06
5.92974e-06
5.12693e-06
4.43786e-06
3.02389e-06
2.60367e-06
2.73984e-06
2.5523e-06
2.35861e-06
1.95086e-06
2.01621e-06
1.91493e-06
2.43185e-06
3.19673e-06
0.000214803
0.00115323
0.00130299
0.00127479
0.00130488
0.00138708
0.00146089
0.00166805
0.0019142
0.00210134
0.00227718
0.0024212
0.00254211
0.0026383
0.00271101
0.00276237
0.00279577
0.00281525
0.00282446
0.00282627
0.00282253
0.00281431
0.00280187
0.00279368
0.00278339
0.00275864
0.00273129
0.00270262
0.0026721
0.00263885
0.00259997
0.00255077
0.00248674
0.00240721
0.00231656
0.00222221
0.00213216
0.00205323
0.00198753
0.00192503
0.00188245
0.0018552
0.0018357
0.0018754
0.0020495
0.00216882
0.00214837
0.00198624
0.00158878
0.00139368
0.0013412
0.00129893
0.00125434
0.00123147
0.00117963
0.00113195
0.00110096
0.00105546
0.00100491
0.000958951
0.000892752
0.000801394
0.000693205
0.00047646
0.000210534
6.95548e-05
2.20271e-05
1.47441e-05
2.88164e-05
5.79918e-05
5.2523e-05
3.90554e-05
2.29541e-05
1.01763e-05
2.91528e-06
4.83118e-07
2.52078e-07
2.15004e-07
4.27864e-07
5.02109e-07
1.30222e-06
7.98475e-07
1.89417e-06
1.33139e-06
1.11971e-06
1.41306e-06
1.25943e-06
8.19193e-07
6.43987e-07
6.26616e-07
4.37755e-07
5.30964e-07
3.89613e-07
4.194e-07
4.28418e-07
4.87453e-07
6.39854e-07
0.000213333
0.00112523
0.00130747
0.00128542
0.00133179
0.00139696
0.00149293
0.00177079
0.00198992
0.00219522
0.00238718
0.00253599
0.00266081
0.00275734
0.00282794
0.00287554
0.00290413
0.00291872
0.00292368
0.0029223
0.00291632
0.00290632
0.00289469
0.00288648
0.00287044
0.0028444
0.00281695
0.0027868
0.00275458
0.0027198
0.00267975
0.00262921
0.00256277
0.0024789
0.00238169
0.00227878
0.00217859
0.00208897
0.00201478
0.00194953
0.00188846
0.00184565
0.00182731
0.00182548
0.00192539
0.00205831
0.00205821
0.00194569
0.00159612
0.00140588
0.00135349
0.0013152
0.00127464
0.00123314
0.00118252
0.00113003
0.0010931
0.00104616
0.000998546
0.000960952
0.000909876
0.000830402
0.000721243
0.000566416
0.000315245
0.000122
3.42734e-05
1.47217e-05
1.33919e-05
2.67983e-05
2.66221e-05
1.86271e-05
9.34206e-06
3.28281e-06
6.32965e-07
1.47454e-07
1.1897e-07
1.1784e-07
1.15839e-07
1.10811e-07
2.83688e-07
1.34543e-07
4.11051e-07
2.82241e-07
3.06837e-07
4.40109e-07
2.60436e-07
1.98834e-07
1.71568e-07
1.54977e-07
1.27961e-07
1.1526e-07
1.10834e-07
1.07777e-07
1.11254e-07
1.23165e-07
1.4659e-07
0.000211121
0.00107957
0.00129402
0.00130398
0.00134408
0.00139881
0.00156221
0.00183533
0.00205929
0.00229447
0.00249105
0.00264699
0.00277468
0.00287147
0.00294056
0.00298529
0.00300994
0.00302043
0.00302186
0.00301805
0.00301076
0.00300059
0.00299224
0.00298253
0.00296202
0.002938
0.00291032
0.00287937
0.00284588
0.00280965
0.0027682
0.00271612
0.00264728
0.0025594
0.00245626
0.00234548
0.00223561
0.00213498
0.0020503
0.0019808
0.0019127
0.00185504
0.00181732
0.00180581
0.00183817
0.00195523
0.00197238
0.00188814
0.00158774
0.00140941
0.00135996
0.00132494
0.00128077
0.00124387
0.00120164
0.00113293
0.00108844
0.00104089
0.000998192
0.000966678
0.000930056
0.000867517
0.000757366
0.000620901
0.000430572
0.000196691
6.02883e-05
1.73151e-05
1.01481e-05
1.3229e-05
1.32446e-05
7.94614e-06
3.28131e-06
9.19598e-07
1.78605e-07
1.29292e-07
1.38941e-07
1.25228e-07
1.08425e-07
7.53135e-08
1.07219e-07
6.00863e-08
1.14455e-07
1.01601e-07
1.40594e-07
1.24659e-07
8.75794e-08
7.94981e-08
7.60296e-08
7.71283e-08
6.96122e-08
6.8e-08
6.89512e-08
6.33745e-08
6.35856e-08
6.43286e-08
6.95773e-08
0.000209045
0.00104043
0.0012547
0.00130073
0.0013602
0.00139948
0.00163357
0.00188824
0.00213458
0.00239298
0.00259403
0.0027559
0.00288584
0.00298316
0.00305173
0.00309486
0.0031168
0.00312417
0.00312321
0.00311815
0.00311064
0.00310274
0.00309598
0.00308273
0.00306386
0.00304074
0.00301317
0.00298167
0.00294699
0.00290916
0.002866
0.00281206
0.00274069
0.00264894
0.00254026
0.00242213
0.00230305
0.00219137
0.0020949
0.00201666
0.00194702
0.00188006
0.00182098
0.00179176
0.0017941
0.00186176
0.0018939
0.00182942
0.0015692
0.00140683
0.0013624
0.0013306
0.00129351
0.00126421
0.00120773
0.00114259
0.00108961
0.00104041
0.00100133
0.000975119
0.000950238
0.000905221
0.000797697
0.000658773
0.000512971
0.000290688
0.000101318
2.86618e-05
1.09049e-05
7.82247e-06
6.07659e-06
3.00353e-06
1.05528e-06
2.7262e-07
1.22548e-07
1.57978e-07
1.6903e-07
1.55838e-07
1.39075e-07
1.10816e-07
1.01548e-07
7.16932e-08
7.89212e-08
7.67677e-08
8.61459e-08
8.11166e-08
7.18683e-08
7.17984e-08
7.63402e-08
7.77651e-08
7.63678e-08
7.54139e-08
7.99943e-08
7.66365e-08
7.67879e-08
7.62489e-08
7.25205e-08
0.000207149
0.00100493
0.0012443
0.00129677
0.00132559
0.0014136
0.00168308
0.00193815
0.00222548
0.00249413
0.00269878
0.00286399
0.00299627
0.00309472
0.00316377
0.00320713
0.00322864
0.00323452
0.00323254
0.00322709
0.0032211
0.00321508
0.00320641
0.00319378
0.00317647
0.00315416
0.00312679
0.00309477
0.00305883
0.0030192
0.00297397
0.00291779
0.00284365
0.00274799
0.00263396
0.00250885
0.00238094
0.00225838
0.0021494
0.00205951
0.00198525
0.00191391
0.00184382
0.00178283
0.00177631
0.00179096
0.00182615
0.00177566
0.0015511
0.0014024
0.00136248
0.0013345
0.00130499
0.00126617
0.00121082
0.00114434
0.00108947
0.00104323
0.00100804
0.000985861
0.000969158
0.000933282
0.000840523
0.000696766
0.00055402
0.000369091
0.000155569
5.01285e-05
1.33171e-05
5.28998e-06
2.5558e-06
1.06031e-06
3.52258e-07
1.31678e-07
1.4488e-07
1.7282e-07
1.70663e-07
1.67088e-07
1.44271e-07
1.26867e-07
1.15009e-07
9.9575e-08
9.50837e-08
8.41559e-08
8.37624e-08
8.26284e-08
8.06215e-08
8.01134e-08
8.14874e-08
8.25317e-08
8.19631e-08
8.41275e-08
8.41979e-08
8.64852e-08
8.10984e-08
8.13131e-08
8.20739e-08
0.000205508
0.000969301
0.00124727
0.00129101
0.00132435
0.00145473
0.00172727
0.00200172
0.0023272
0.0026029
0.00280665
0.00297267
0.00310726
0.00320875
0.0032804
0.00332603
0.0033487
0.00335515
0.00335363
0.00334878
0.00334255
0.00333635
0.00332862
0.00331731
0.00330119
0.00327961
0.00325237
0.00321973
0.00318237
0.00314066
0.00309299
0.00303415
0.00295687
0.00285714
0.00273775
0.00260582
0.00246937
0.00233617
0.00221445
0.00211111
0.00202719
0.00195241
0.00187571
0.00180151
0.00175967
0.00176385
0.0017715
0.00172898
0.00153981
0.00139978
0.00136293
0.00133791
0.00131351
0.00127493
0.00122188
0.00114592
0.00108725
0.00104705
0.00101639
0.000997762
0.000985203
0.000954115
0.000875171
0.000730316
0.00056883
0.000409149
0.000215509
8.40051e-05
2.32575e-05
4.08582e-06
1.01909e-06
3.83874e-07
1.56713e-07
1.21768e-07
1.58962e-07
1.71082e-07
1.61119e-07
1.53649e-07
1.45304e-07
1.34705e-07
1.21372e-07
1.07503e-07
9.59174e-08
8.83734e-08
8.45708e-08
8.41407e-08
8.30113e-08
8.35193e-08
8.24509e-08
8.41113e-08
8.51672e-08
8.46193e-08
8.42602e-08
8.41066e-08
8.02239e-08
8.20411e-08
7.06082e-08
0.000204358
0.000937474
0.00124241
0.00130856
0.00130515
0.00150023
0.00177151
0.00209039
0.00244679
0.00272004
0.00291645
0.00308348
0.00322279
0.00332913
0.00340503
0.0034545
0.00347997
0.00348868
0.00348821
0.00348262
0.00347637
0.00347104
0.00346452
0.00345446
0.00343933
0.0034183
0.00339099
0.00335753
0.00331851
0.0032744
0.00322385
0.00316186
0.00308102
0.00297687
0.00285193
0.00271313
0.00256826
0.00242467
0.0022903
0.00217257
0.00207557
0.00199324
0.00191174
0.00183008
0.00176405
0.00174442
0.00174631
0.00169333
0.0015212
0.00140142
0.00136522
0.00134173
0.00131986
0.00128522
0.00123349
0.00114848
0.00108813
0.00105155
0.00102403
0.00100855
0.000996249
0.000965487
0.000895759
0.000755978
0.000585264
0.000427293
0.000272548
0.000134002
4.24313e-05
5.23119e-06
4.13965e-07
1.71721e-07
1.19963e-07
1.42064e-07
1.6149e-07
1.63881e-07
1.57051e-07
1.54763e-07
1.38949e-07
1.252e-07
1.12876e-07
1.03481e-07
9.65789e-08
8.93288e-08
8.5761e-08
8.43703e-08
8.35259e-08
8.272e-08
8.36015e-08
8.46295e-08
8.6118e-08
8.45414e-08
8.46941e-08
7.71876e-08
7.33643e-08
7.01498e-08
6.41554e-08
0.000203986
0.000911321
0.00122292
0.00128906
0.00129494
0.00153672
0.00183434
0.00220127
0.0025828
0.00283912
0.00302627
0.00319684
0.00334331
0.00345598
0.00353726
0.00359154
0.00362102
0.00363273
0.00363244
0.00362671
0.00362106
0.00361666
0.0036112
0.0036021
0.00358762
0.0035668
0.00353909
0.00350449
0.0034635
0.00341664
0.00336281
0.00329724
0.00321243
0.00310359
0.002973
0.00282742
0.00267444
0.00252103
0.00237475
0.00224301
0.00213124
0.0020382
0.00195209
0.00186526
0.00178635
0.00173564
0.0017238
0.00166868
0.00150913
0.00141517
0.00137562
0.00134726
0.00132596
0.00129546
0.00124507
0.00116256
0.00108693
0.00105153
0.00102791
0.00101474
0.000999553
0.000965877
0.000896367
0.000769229
0.000599017
0.000465375
0.00032954
0.000193295
5.97863e-05
4.16287e-06
3.50438e-07
1.20164e-07
1.29678e-07
1.49909e-07
1.5808e-07
1.60411e-07
1.58996e-07
1.57194e-07
1.41631e-07
1.26416e-07
1.12031e-07
1.01825e-07
9.56872e-08
9.05017e-08
8.60765e-08
8.38833e-08
8.37781e-08
8.36372e-08
8.25776e-08
8.38551e-08
8.23126e-08
8.1186e-08
7.90856e-08
7.09228e-08
6.64942e-08
6.32637e-08
5.7236e-08
0.000204619
0.000883208
0.00119165
0.00127379
0.00128458
0.00157541
0.00191896
0.00233586
0.00272357
0.00295539
0.00313724
0.00331508
0.00347084
0.00359108
0.0036787
0.00373859
0.00377304
0.00378804
0.0037885
0.0037835
0.00377894
0.00377569
0.00377136
0.00376319
0.00374932
0.00372864
0.0037005
0.00366472
0.0036217
0.00357199
0.00351466
0.00344524
0.00335625
0.00324265
0.00310652
0.00295441
0.00279365
0.00263086
0.00247313
0.00232763
0.00220035
0.00209263
0.00199736
0.00190487
0.00181678
0.00175054
0.00171753
0.00166375
0.00151899
0.00142447
0.00138794
0.00135814
0.00133325
0.00130463
0.00125791
0.00116638
0.00109032
0.00105157
0.00102904
0.00101653
0.000998446
0.000961948
0.000893229
0.000779061
0.000619915
0.000471937
0.000343109
0.000196657
0.000118506
1.68836e-05
5.20994e-07
1.28445e-07
1.44816e-07
1.51405e-07
1.55754e-07
1.61861e-07
1.63818e-07
1.57104e-07
1.41342e-07
1.23917e-07
1.10766e-07
1.04584e-07
9.70243e-08
9.04415e-08
8.84499e-08
8.53013e-08
8.35673e-08
8.29839e-08
8.29272e-08
8.38059e-08
8.19516e-08
8.17888e-08
8.10314e-08
6.94169e-08
6.35064e-08
5.66885e-08
5.46011e-08
0.000206786
0.000842374
0.00114557
0.00123149
0.00129298
0.00162734
0.00201954
0.00248813
0.00285884
0.00307024
0.00325333
0.00344209
0.00360909
0.0037382
0.0038332
0.0038996
0.00393982
0.00395849
0.00396067
0.00395736
0.00395446
0.00395269
0.00394968
0.00394254
0.00392932
0.0039088
0.00388018
0.00384316
0.00379798
0.00374519
0.00368403
0.00361032
0.00351671
0.00339803
0.00325612
0.00309729
0.00292862
0.00275634
0.00258708
0.00242763
0.00228403
0.00215927
0.00205017
0.00194927
0.00185296
0.00177503
0.00172981
0.00167791
0.00155753
0.00145315
0.00140285
0.00137508
0.00134366
0.0013148
0.00126956
0.00117799
0.00109261
0.00105102
0.00102678
0.00101439
0.000994518
0.000958878
0.000893001
0.000782903
0.000621548
0.000469119
0.000382123
0.00027124
0.000110966
9.35807e-06
5.05069e-07
1.27187e-07
1.45253e-07
1.53437e-07
1.57444e-07
1.61793e-07
1.66671e-07
1.56514e-07
1.42182e-07
1.27571e-07
1.12688e-07
1.02875e-07
9.7973e-08
9.0973e-08
8.64896e-08
8.2254e-08
8.24457e-08
8.26359e-08
8.25837e-08
8.20469e-08
8.02466e-08
8.31728e-08
7.52179e-08
6.31989e-08
5.68378e-08
5.41131e-08
5.21411e-08
0.000210802
0.000792067
0.00107989
0.00118307
0.00130734
0.00169237
0.00213403
0.0026434
0.0029849
0.00318708
0.00337738
0.0035801
0.00376002
0.00389919
0.00400257
0.00407635
0.00412293
0.00414585
0.00415069
0.00415003
0.00414943
0.00414951
0.00414804
0.00414208
0.00412958
0.00410923
0.0040801
0.00404174
0.00399426
0.00393815
0.00387279
0.0037943
0.00369558
0.00357139
0.00342335
0.0032575
0.00308066
0.00289867
0.00271774
0.00254418
0.00238384
0.00224065
0.00211425
0.00200061
0.00189502
0.0018059
0.00174897
0.00170257
0.0016064
0.00150302
0.00142453
0.00139294
0.00135824
0.0013277
0.00127718
0.00118546
0.00108855
0.00105208
0.00102647
0.00101161
0.000987847
0.000953289
0.000889335
0.000778155
0.00061481
0.000460193
0.000377421
0.000315529
0.000124215
9.81399e-06
4.48909e-07
1.26664e-07
1.46626e-07
1.53062e-07
1.54201e-07
1.6265e-07
1.60609e-07
1.55601e-07
1.45241e-07
1.25765e-07
1.12566e-07
1.03284e-07
1.05647e-07
9.15059e-08
8.68077e-08
8.27852e-08
8.21779e-08
8.32625e-08
8.2235e-08
8.25898e-08
8.02485e-08
7.4715e-08
6.44536e-08
5.47367e-08
5.46657e-08
5.28956e-08
4.93492e-08
0.000216682
0.00074004
0.00100722
0.00113106
0.00131772
0.00176896
0.00225881
0.00278833
0.00310579
0.00330951
0.00351139
0.00373058
0.00392492
0.00407533
0.00418812
0.0042702
0.0043238
0.0043518
0.00436025
0.00436317
0.00436551
0.00436789
0.00436829
0.00436372
0.00435208
0.00433198
0.00430236
0.0042626
0.00421269
0.00415304
0.00408314
0.00399943
0.00389511
0.00376495
0.00361038
0.00343714
0.00325177
0.00305978
0.00286695
0.00267911
0.00250174
0.00233917
0.00219307
0.00206222
0.00194376
0.00184164
0.00177077
0.00172821
0.00165324
0.00154973
0.00145892
0.00140503
0.00137736
0.00134199
0.00127981
0.00118827
0.00109215
0.00105381
0.00102526
0.00100643
0.000978503
0.00094039
0.000873755
0.000763995
0.000600372
0.000433878
0.000352993
0.000287906
0.000126081
1.38126e-05
8.62462e-07
1.55521e-07
1.46012e-07
1.52487e-07
1.54152e-07
1.61043e-07
1.60286e-07
1.64386e-07
1.45702e-07
1.28954e-07
1.12904e-07
1.07602e-07
1.0278e-07
9.30811e-08
8.56676e-08
8.47669e-08
7.86047e-08
7.80909e-08
7.97507e-08
7.94887e-08
7.50958e-08
6.83957e-08
5.63917e-08
5.45604e-08
5.49913e-08
5.10151e-08
4.84464e-08
0.000224233
0.000691623
0.000935166
0.0010818
0.00133531
0.00185189
0.00238915
0.00291889
0.00322736
0.0034397
0.00365648
0.00389436
0.0041045
0.00426736
0.00439072
0.00448212
0.00454361
0.00457782
0.00459084
0.00459819
0.00460423
0.00460951
0.00461221
0.00460937
0.00459885
0.00457918
0.00454916
0.00450804
0.00445564
0.00439229
0.00431756
0.00422821
0.00411782
0.00398125
0.00381973
0.00363868
0.00344438
0.00324201
0.00303696
0.00283461
0.00263994
0.00245732
0.00228969
0.00213811
0.00200183
0.0018825
0.00179462
0.00174698
0.0016878
0.00159225
0.00150608
0.00140643
0.00137841
0.00134919
0.00127826
0.0011886
0.0010978
0.00105344
0.00102023
0.00099603
0.000965499
0.00092073
0.000848508
0.000738605
0.000578917
0.000406527
0.00031266
0.000212848
6.36889e-05
1.19978e-05
1.77752e-06
2.54398e-07
1.5665e-07
1.56861e-07
1.55233e-07
1.55124e-07
1.54847e-07
1.5541e-07
1.42862e-07
1.37539e-07
1.18799e-07
1.04474e-07
1.01544e-07
9.44622e-08
8.61261e-08
8.27377e-08
7.942e-08
7.76263e-08
7.69891e-08
7.97508e-08
7.24035e-08
6.21428e-08
5.47757e-08
5.43253e-08
5.18847e-08
4.95513e-08
4.63905e-08
0.000233215
0.000648181
0.000868191
0.00104013
0.00137421
0.00193582
0.00251871
0.0030391
0.00335296
0.00357828
0.00381301
0.00407161
0.0042989
0.00447552
0.00461075
0.0047127
0.00478321
0.00482491
0.00484361
0.0048563
0.004867
0.00487592
0.00488152
0.0048809
0.00487191
0.00485297
0.00482278
0.00478043
0.00472558
0.00465846
0.00457871
0.0044834
0.00436652
0.00422311
0.00405421
0.00386491
0.00366122
0.00344803
0.00323038
0.00301321
0.00280097
0.00259783
0.00240733
0.00223209
0.00207346
0.00193288
0.00182211
0.0017546
0.00170289
0.00161538
0.00153132
0.00141261
0.00136673
0.00134866
0.00127844
0.00118503
0.00109896
0.00105198
0.00101244
0.000981893
0.000947173
0.00089583
0.000817621
0.000697815
0.000531148
0.000359274
0.000273492
0.000176353
4.53165e-05
8.15976e-06
1.35561e-06
2.80466e-07
1.41912e-07
1.48662e-07
1.52489e-07
1.52866e-07
1.53185e-07
1.46574e-07
1.35922e-07
1.26168e-07
1.20605e-07
1.08625e-07
9.7563e-08
1.02666e-07
8.72276e-08
8.41674e-08
7.92143e-08
7.76429e-08
7.37051e-08
7.16254e-08
6.63867e-08
5.95691e-08
5.56179e-08
5.39829e-08
5.03231e-08
4.72822e-08
4.5505e-08
0.000243501
0.000609973
0.000810321
0.00101003
0.00144341
0.00201786
0.00264075
0.00315451
0.00348308
0.00372492
0.00398065
0.00426185
0.00450764
0.00469949
0.00484815
0.0049621
0.00504301
0.00509365
0.00511942
0.00513845
0.00515499
0.0051685
0.00517779
0.00518008
0.00517319
0.00515547
0.00512549
0.00508221
0.00502509
0.00495427
0.00486941
0.00476791
0.00464421
0.00449358
0.0043169
0.00411893
0.00390537
0.00368089
0.00345019
0.00321783
0.00298775
0.00276372
0.00254942
0.00234827
0.00216319
0.001998
0.00185942
0.00176518
0.00169922
0.00159255
0.00153479
0.00144381
0.00139268
0.00134636
0.00127433
0.0011826
0.00109598
0.00104452
0.000999731
0.000963801
0.000923479
0.00086683
0.000782811
0.000646727
0.000471465
0.000306828
0.000223433
0.000137188
3.31454e-05
7.65773e-06
1.37546e-06
2.83002e-07
1.79006e-07
1.59845e-07
1.57679e-07
1.54391e-07
1.48611e-07
1.45239e-07
1.39224e-07
1.24871e-07
1.17872e-07
1.03805e-07
1.00467e-07
9.7945e-08
9.32412e-08
8.68898e-08
7.85351e-08
7.86486e-08
7.29255e-08
6.73359e-08
6.36503e-08
5.83463e-08
5.66995e-08
5.34375e-08
5.01858e-08
4.6417e-08
4.43577e-08
0.000255182
0.000577252
0.000767959
0.00104751
0.00154018
0.00209692
0.00275092
0.00326804
0.00361672
0.00387868
0.00415843
0.00446393
0.00472967
0.00493843
0.00510231
0.00522998
0.00532295
0.00538418
0.0054187
0.00544525
0.00546905
0.00548835
0.00550238
0.00550849
0.0055045
0.00548871
0.00545954
0.00541579
0.00535677
0.00528249
0.0051926
0.00508483
0.00495411
0.00479598
0.00461119
0.00440414
0.00418027
0.00394401
0.00369978
0.00345182
0.00320358
0.00295839
0.0027197
0.00249112
0.0022763
0.00208204
0.00191216
0.00178773
0.00169377
0.00156904
0.00154575
0.00148133
0.00140849
0.00134057
0.00125761
0.00117935
0.00109852
0.00103891
0.000985577
0.000942087
0.000895743
0.000834646
0.000743387
0.00059872
0.000406843
0.000250511
0.000176191
0.000100609
2.33929e-05
3.53143e-06
5.97499e-07
1.85226e-07
1.47832e-07
1.49702e-07
1.49957e-07
1.52566e-07
1.4869e-07
1.40193e-07
1.35369e-07
1.28543e-07
1.22481e-07
1.07908e-07
9.75825e-08
1.01207e-07
9.15728e-08
8.32331e-08
8.41635e-08
7.62436e-08
7.26581e-08
6.5176e-08
5.97994e-08
5.8698e-08
5.71375e-08
5.28438e-08
5.03623e-08
4.71475e-08
4.37456e-08
0.000268654
0.000551016
0.000752699
0.00113055
0.00164979
0.00217188
0.00284852
0.00337988
0.00375246
0.00403815
0.00434464
0.00467604
0.00496331
0.0051909
0.00537205
0.00551543
0.0056224
0.0056961
0.00574141
0.00577685
0.00580962
0.0058362
0.00585628
0.00586739
0.0058674
0.00585449
0.00582698
0.00578351
0.0057232
0.00564591
0.00555129
0.00543737
0.00529958
0.00513381
0.00494069
0.00472427
0.0044897
0.00424121
0.003983
0.00371899
0.00345228
0.0031857
0.00292228
0.00266542
0.00241887
0.00219056
0.00198629
0.00182697
0.00169917
0.00158259
0.00157195
0.00149251
0.00138495
0.00133792
0.00125568
0.00117495
0.00110084
0.00103454
0.000970764
0.000917628
0.00086588
0.000798307
0.000698017
0.00054373
0.000348388
0.000204336
0.000140607
7.38015e-05
1.64778e-05
2.68114e-06
4.79557e-07
1.51018e-07
1.40785e-07
1.46731e-07
1.47455e-07
1.48294e-07
1.45352e-07
1.3832e-07
1.29246e-07
1.25615e-07
1.16151e-07
1.03666e-07
1.00816e-07
9.42413e-08
9.37594e-08
8.6833e-08
7.94265e-08
7.48625e-08
7.55838e-08
6.365e-08
6.23656e-08
5.86017e-08
5.68656e-08
5.27167e-08
5.03341e-08
4.71697e-08
4.44163e-08
0.000284642
0.000532212
0.000784906
0.00127503
0.00175411
0.00223965
0.00293481
0.00348902
0.00388872
0.00420134
0.00453692
0.00489568
0.00520623
0.00545481
0.0056555
0.00581686
0.00594006
0.00602839
0.00608684
0.00613277
0.00617657
0.00621225
0.00624003
0.00625766
0.00626305
0.00625432
0.00622963
0.00618749
0.00612679
0.00604725
0.00594847
0.00582878
0.00568412
0.00551077
0.00530927
0.00508333
0.00483779
0.00457671
0.0043041
0.00402366
0.00373815
0.00344999
0.00316171
0.00287629
0.00259716
0.00233251
0.00208953
0.00188957
0.00172352
0.00160314
0.00157336
0.00151272
0.00140717
0.00134563
0.00126798
0.00118123
0.00110381
0.00102698
0.00095406
0.000890377
0.000832313
0.000759352
0.000649178
0.000480308
0.000280129
0.000157956
0.000109307
5.20748e-05
1.17056e-05
2.03165e-06
3.98346e-07
1.69433e-07
1.44635e-07
1.40837e-07
1.4063e-07
1.41088e-07
1.40118e-07
1.37345e-07
1.25834e-07
1.2195e-07
1.11904e-07
1.06324e-07
1.03476e-07
9.35086e-08
9.10357e-08
8.43582e-08
7.85819e-08
7.81437e-08
7.02398e-08
6.58833e-08
6.25257e-08
5.79129e-08
5.49066e-08
5.46302e-08
5.0248e-08
4.83275e-08
4.57453e-08
0.000304177
0.000520849
0.000863349
0.00142404
0.00184024
0.00229667
0.00301071
0.00359425
0.00402362
0.00436566
0.00473218
0.00511971
0.00545543
0.00572732
0.00595006
0.00613189
0.00627382
0.00637923
0.00645348
0.00651195
0.00656902
0.00661599
0.00665349
0.00667955
0.0066921
0.00668921
0.00666889
0.00662951
0.00656972
0.00648906
0.00638704
0.00626227
0.00611125
0.00593067
0.00572098
0.00548558
0.005229
0.00495513
0.00466785
0.00437065
0.00406607
0.00375619
0.00344308
0.00312919
0.00281747
0.00251561
0.0022313
0.00198573
0.00177957
0.00162819
0.00157263
0.00149249
0.00141336
0.00133785
0.00126597
0.00118062
0.0010956
0.00101123
0.000931745
0.000860189
0.00079559
0.000717709
0.00059477
0.000400342
0.000196888
0.000109253
7.75217e-05
3.54813e-05
8.19986e-06
1.51639e-06
3.2933e-07
1.5245e-07
1.36079e-07
1.3607e-07
1.36623e-07
1.33766e-07
1.33601e-07
1.33514e-07
1.24194e-07
1.16523e-07
1.07943e-07
1.04282e-07
9.87943e-08
9.36472e-08
8.98788e-08
8.47719e-08
8.02185e-08
7.58171e-08
7.3519e-08
6.32755e-08
6.07944e-08
6.05305e-08
5.64171e-08
5.45006e-08
5.36795e-08
4.67043e-08
4.44746e-08
0.000328452
0.000516992
0.000972627
0.00155652
0.00190525
0.00234087
0.00307636
0.00369432
0.00415475
0.00452784
0.00492671
0.00534429
0.00570713
0.00600479
0.00625221
0.00645722
0.00662062
0.00674586
0.00683886
0.00691258
0.00698524
0.00704606
0.00709573
0.00713254
0.00715448
0.00715954
0.0071456
0.00711086
0.00705375
0.00697356
0.00686967
0.00674094
0.00658445
0.00639733
0.00617998
0.00593548
0.00566805
0.00538144
0.00507939
0.00476529
0.0044415
0.00410986
0.00377206
0.00343008
0.00308631
0.00274752
0.00242123
0.00212609
0.00187182
0.00167679
0.00158181
0.00147777
0.00139282
0.0013231
0.00124249
0.00115905
0.00107068
0.000982608
0.000903562
0.000831995
0.000756768
0.000667519
0.000516054
0.000313968
0.000141741
7.07879e-05
4.98415e-05
2.28328e-05
5.56143e-06
1.11468e-06
2.71622e-07
1.40223e-07
1.30485e-07
1.3282e-07
1.31988e-07
1.31919e-07
1.30774e-07
1.29507e-07
1.21825e-07
1.13141e-07
1.04472e-07
1.02882e-07
9.7473e-08
9.01061e-08
8.84626e-08
8.50098e-08
7.95304e-08
7.63995e-08
7.58634e-08
6.35448e-08
6.26053e-08
5.83875e-08
5.47635e-08
5.20131e-08
5.25201e-08
5.06235e-08
4.46745e-08
0.000358585
0.000518598
0.00107346
0.00166204
0.00195227
0.00237256
0.00313158
0.00378768
0.00427905
0.00468407
0.00511618
0.0055649
0.00595679
0.0062827
0.00655748
0.0067885
0.00697634
0.00712444
0.00723918
0.00733141
0.0074224
0.00749997
0.00756473
0.00761511
0.00764915
0.0076648
0.00765977
0.00763211
0.00757999
0.00750246
0.00739865
0.00726759
0.007107
0.00691452
0.00669044
0.00643759
0.00615987
0.00586089
0.0055443
0.00521338
0.00487044
0.00451717
0.00415499
0.00378552
0.00341069
0.00303619
0.00266911
0.00232393
0.00201267
0.00176129
0.00160087
0.00148437
0.00139593
0.00132677
0.00122489
0.00113402
0.0010402
0.000954641
0.000880275
0.000809962
0.000718331
0.000599453
0.000446128
0.0002654
0.000127612
5.98837e-05
3.37858e-05
1.47802e-05
3.67822e-06
7.93236e-07
2.19829e-07
1.29285e-07
1.26091e-07
1.28373e-07
1.28919e-07
1.26277e-07
1.25934e-07
1.25348e-07
1.16741e-07
1.12634e-07
1.03561e-07
1.00584e-07
9.43108e-08
9.25456e-08
9.01541e-08
8.43625e-08
8.34194e-08
7.5385e-08
7.07559e-08
6.16211e-08
6.05537e-08
5.70286e-08
5.58878e-08
5.3446e-08
5.3807e-08
4.8463e-08
4.58457e-08
3.29516e-06
3.49282e-06
3.67703e-06
3.89381e-06
4.10774e-06
4.34981e-06
4.65877e-06
4.98694e-06
5.3694e-06
5.9021e-06
6.47785e-06
6.88968e-06
6.98883e-06
6.7325e-06
5.9975e-06
4.68974e-06
3.81964e-06
1.30201e-06
3.74137e-06
4.73661e-06
5.03469e-06
5.09555e-06
4.64315e-06
4.46411e-06
4.33606e-06
4.91322e-06
5.8497e-06
7.45386e-06
9.01725e-06
1.06916e-05
1.29848e-05
1.27164e-05
1.48187e-05
5.52846e-06
5.74517e-06
5.93285e-06
6.13694e-06
6.32793e-06
6.5079e-06
6.66307e-06
6.67124e-06
6.48234e-06
6.15884e-06
5.70403e-06
5.27212e-06
4.72057e-06
4.11452e-06
3.40364e-06
2.5332e-06
2.07076e-06
1.74955e-06
3.06025e-06
3.83581e-06
3.98667e-06
4.00953e-06
4.06196e-06
4.48012e-06
5.77797e-06
7.97818e-06
1.12919e-05
1.5324e-05
2.45602e-05
2.41506e-05
2.85605e-05
5.78274e-05
4.29148e-05
1.32768e-05
1.38026e-05
1.4235e-05
1.46903e-05
1.51058e-05
1.54669e-05
1.56677e-05
1.53808e-05
1.43745e-05
1.26552e-05
1.0146e-05
7.82086e-06
5.42358e-06
3.57854e-06
2.3198e-06
1.51911e-06
1.1953e-06
2.99489e-06
4.79801e-06
6.41627e-06
6.44938e-06
6.41831e-06
7.46304e-06
9.45114e-06
1.44556e-05
2.09203e-05
2.97951e-05
3.9039e-05
7.00451e-05
6.74147e-05
6.65765e-05
0.000154763
0.000108229
2.46467e-05
2.55919e-05
2.63507e-05
2.71398e-05
2.78432e-05
2.84619e-05
2.88047e-05
2.83501e-05
2.67046e-05
2.37514e-05
1.90933e-05
1.46037e-05
9.45587e-06
5.15939e-06
2.43533e-06
1.376e-06
9.57888e-07
5.95437e-06
1.02712e-05
1.38325e-05
1.37736e-05
1.37123e-05
1.65077e-05
2.11898e-05
3.09055e-05
4.22264e-05
5.74674e-05
7.30759e-05
0.000139861
0.00013466
0.000114347
0.000284622
0.000201669
3.6668e-05
3.80543e-05
3.91624e-05
4.03146e-05
4.13456e-05
4.23028e-05
4.29139e-05
4.25381e-05
4.05658e-05
3.69236e-05
3.05784e-05
2.46753e-05
1.7298e-05
1.02898e-05
4.87954e-06
2.97798e-06
1.83e-06
1.09025e-05
1.88101e-05
2.50939e-05
2.53255e-05
2.55114e-05
3.04142e-05
3.84041e-05
5.21972e-05
6.85657e-05
9.09678e-05
0.000115226
0.000227643
0.000218497
0.000166725
0.000436961
0.000320155
4.84347e-05
5.03146e-05
5.18341e-05
5.34399e-05
5.49318e-05
5.64348e-05
5.76208e-05
5.76894e-05
5.60579e-05
5.27238e-05
4.57517e-05
4.01111e-05
3.21652e-05
2.33003e-05
1.38052e-05
1.03205e-05
6.09173e-06
1.73188e-05
2.92532e-05
3.96029e-05
4.09503e-05
4.15222e-05
4.78729e-05
5.93299e-05
7.64432e-05
9.86179e-05
0.000129335
0.000164817
0.000328008
0.000314393
0.000222591
0.000605717
0.000461319
5.99132e-05
6.23758e-05
6.44119e-05
6.66271e-05
6.88081e-05
7.12141e-05
7.34019e-05
7.45141e-05
7.43075e-05
7.29825e-05
6.74255e-05
6.47167e-05
5.90209e-05
5.01848e-05
3.48995e-05
2.74665e-05
1.65726e-05
2.49216e-05
4.13608e-05
5.77846e-05
6.13674e-05
6.19948e-05
6.80253e-05
8.27922e-05
0.000103026
0.000131996
0.000172215
0.000220864
0.000436652
0.00042058
0.000282617
0.000786265
0.000622307
7.13277e-05
7.44956e-05
7.71933e-05
8.02339e-05
8.34215e-05
8.72355e-05
9.09586e-05
9.3924e-05
9.65516e-05
9.93359e-05
9.74103e-05
9.90786e-05
9.60432e-05
8.71454e-05
6.39645e-05
4.98198e-05
3.28094e-05
3.41267e-05
5.5221e-05
8.00822e-05
8.70434e-05
8.70826e-05
9.0428e-05
0.000108145
0.000131899
0.000168536
0.00021927
0.000282107
0.00055044
0.00053672
0.000348167
0.000974891
0.000799859
8.299e-05
8.70187e-05
9.05578e-05
9.46885e-05
9.92686e-05
0.000105024
0.000111106
0.000116686
0.00012344
0.000131777
0.00013397
0.000138331
0.000134909
0.000124267
9.20447e-05
7.18213e-05
5.2845e-05
4.5876e-05
7.08579e-05
0.000106409
0.000117777
0.000116667
0.000115042
0.000135125
0.000163197
0.000208107
0.000270148
0.000347417
0.000667216
0.000662751
0.000420889
0.00116882
0.000990748
9.52065e-05
0.000100276
0.000104884
0.000110407
0.000116802
0.00012489
0.000134375
0.000143046
0.000154413
0.000168114
0.000172678
0.000177209
0.000171379
0.000158835
0.000118622
9.34267e-05
7.40759e-05
6.11964e-05
8.80714e-05
0.000136032
0.000152987
0.000150339
0.000142159
0.000163721
0.000197099
0.000250635
0.000324604
0.000416061
0.000785488
0.000798262
0.000502435
0.00136604
0.00119256
0.000108275
0.00011458
0.000120478
0.00012766
0.000136236
0.000146899
0.000160452
0.000172794
0.000188118
0.000205277
0.000210118
0.000214135
0.000206208
0.000192216
0.000145719
0.000116094
9.55167e-05
8.01204e-05
0.000106416
0.000167755
0.000191973
0.000187569
0.00017225
0.000194079
0.000233821
0.000296186
0.000382618
0.000487734
0.000904171
0.000942271
0.000594208
0.00156551
0.00140377
0.000122392
0.000130121
0.000137511
0.000146549
0.000157508
0.00017101
0.000188074
0.000203878
0.00022329
0.000241011
0.000245028
0.000249477
0.000240252
0.000225177
0.000173673
0.000140253
0.000117973
0.00010176
0.000125067
0.000200354
0.000233936
0.000228196
0.000205727
0.000226448
0.000273667
0.000345034
0.000444444
0.000562468
0.00102244
0.00109329
0.000697192
0.00176699
0.00162357
0.000137615
0.000146928
0.000155886
0.000166831
0.000180236
0.000196372
0.000216312
0.000234405
0.000257313
0.000274673
0.000277484
0.000283158
0.000272943
0.000256841
0.000201133
0.00016519
0.000141997
0.000123464
0.000143033
0.00023247
0.000278586
0.00027239
0.000242726
0.000261081
0.000317062
0.000397672
0.000510613
0.00064056
0.00113966
0.00124955
0.000812592
0.00197026
0.00185176
0.000153826
0.000164741
0.000175176
0.00018786
0.000203588
0.00022179
0.000243856
0.000263603
0.000288155
0.000305469
0.000306921
0.000313954
0.000302405
0.000285124
0.000225797
0.000189357
0.000166663
0.000144125
0.000159145
0.000262572
0.000325694
0.000320857
0.000283094
0.000298004
0.000364553
0.000454784
0.000581883
0.000722507
0.00125538
0.00140939
0.000941492
0.00217504
0.00208869
0.000170596
0.00018294
0.000194584
0.000208702
0.000226341
0.00024588
0.000269259
0.000289907
0.000315355
0.000332104
0.000331994
0.000339539
0.000325715
0.000306807
0.000244663
0.000210238
0.000189679
0.000162962
0.000172206
0.000288813
0.000374743
0.000374516
0.000327389
0.000336594
0.000416735
0.000517167
0.00065916
0.000808978
0.0013694
0.00157164
0.00108428
0.00238117
0.00233493
0.000187195
0.000200598
0.000213072
0.000228278
0.000247119
0.000267266
0.000291093
0.00031193
0.000337816
0.000352774
0.000349475
0.000356504
0.000338597
0.000317554
0.000253994
0.000223579
0.000207005
0.000176612
0.000180185
0.000309451
0.000424609
0.000434696
0.00037702
0.000375203
0.00047399
0.00058565
0.000743402
0.000900911
0.00148171
0.00173568
0.00124095
0.0025882
0.0025912
0.000202671
0.000216602
0.000229517
0.000245322
0.000264682
0.000284622
0.000307841
0.000327868
0.000352239
0.000365045
0.000355469
0.000360969
0.000336906
0.000312523
0.000249406
0.00022486
0.000212822
0.000180451
0.000181324
0.000321839
0.000473364
0.000502077
0.000434971
0.000411848
0.000535922
0.000661048
0.000835486
0.000999347
0.00159255
0.00190151
0.00141111
0.00279546
0.00285822
0.000215957
0.000229785
0.000242991
0.000258591
0.000277778
0.000296619
0.000318274
0.000336503
0.000357063
0.000365728
0.000346922
0.000347674
0.000314108
0.00028498
0.000225032
0.000205935
0.000200623
0.000174042
0.000173837
0.000322463
0.000518533
0.000575738
0.000504636
0.000446321
0.000600905
0.000743863
0.000936091
0.00110527
0.00170249
0.00206984
0.0015939
0.00300199
0.00313663
0.00022593
0.000239268
0.00025265
0.000267608
0.00028605
0.000303146
0.000322223
0.000337569
0.00035051
0.000349432
0.000318742
0.00031043
0.000263211
0.000227882
0.000173783
0.000160655
0.000171401
0.000169535
0.000160059
0.000309121
0.000556176
0.000654101
0.000587712
0.000484645
0.000664967
0.000834063
0.00104561
0.00121943
0.00181252
0.00224187
0.00178829
0.00320665
0.00342708
0.000231653
0.000244093
0.000257671
0.000271127
0.000287655
0.000301081
0.000314434
0.00032389
0.000327912
0.000308346
0.000265667
0.000241338
0.000177192
0.000114724
8.34265e-05
9.62001e-05
0.000158488
0.000196663
0.000159484
0.000288082
0.000580296
0.000734444
0.000683954
0.000537161
0.000720868
0.000930823
0.00116409
0.00134215
0.00192381
0.00241895
0.00199339
0.00340818
0.0037302
0.000231653
0.000242107
0.000255277
0.000265279
0.00027826
0.000286394
0.000291234
0.000294785
0.000278337
0.000239781
0.000181876
0.000121122
5.33632e-05
3.0523e-05
3.49446e-05
8.49003e-05
0.000222996
0.000274474
0.000207998
0.000270521
0.000587227
0.000812929
0.000792865
0.000611155
0.000759386
0.00103275
0.00129086
0.0014732
0.00203749
0.00260188
0.00220972
0.0036052
0.00404669
0.000223623
0.000230593
0.000242497
0.000246582
0.000254114
0.000258055
0.0002483
0.000235946
0.000198028
0.000126673
5.61464e-05
1.96559e-05
8.84503e-06
1.37742e-05
3.66938e-05
0.000143026
0.000330048
0.000390102
0.000299909
0.000279293
0.000577196
0.000884648
0.000913658
0.00071165
0.000775557
0.00113815
0.00142401
0.00161181
0.00215443
0.0027912
0.00243865
0.00379642
0.00437742
0.000203906
0.000206098
0.00021653
0.000212041
0.000211507
0.0002008
0.000171746
0.000132442
6.92543e-05
2.60373e-05
6.65888e-06
3.49377e-06
4.5907e-06
1.50741e-05
5.40334e-05
0.000215338
0.000466511
0.000541212
0.000421383
0.000326355
0.000556697
0.000944002
0.00104517
0.000839744
0.000780514
0.00124112
0.00156175
0.00175682
0.0022751
0.00298705
0.00268262
0.00398068
0.00472372
0.000155338
0.00014966
0.000147827
0.000131598
0.000117206
9.6685e-05
6.31924e-05
3.16428e-05
1.1563e-05
3.27091e-06
2.12143e-06
2.59515e-06
7.73296e-06
2.55734e-05
8.86918e-05
0.000312508
0.000643618
0.000735896
0.00057857
0.000425154
0.000552961
0.000980958
0.00118093
0.000995197
0.000803014
0.00132913
0.00170257
0.0019069
0.00239912
0.00318942
0.0029448
0.0041579
0.00508648
6.98225e-05
6.13184e-05
5.70338e-05
4.51118e-05
3.48834e-05
2.54671e-05
1.17341e-05
4.66428e-06
1.5388e-06
1.20041e-06
1.6535e-06
4.7859e-06
1.32541e-05
4.03657e-05
0.000133723
0.000439771
0.00087437
0.000985729
0.000785861
0.000578549
0.000604969
0.000997614
0.00131539
0.0011729
0.000871655
0.00138632
0.00184353
0.00206049
0.0025256
0.00339953
0.00322767
0.00433085
0.00546527
1.96308e-05
1.58139e-05
1.40082e-05
1.00777e-05
6.76265e-06
4.52757e-06
1.69143e-06
6.74325e-07
6.21752e-07
8.59008e-07
2.5382e-06
7.76318e-06
2.04061e-05
6.08019e-05
0.000194073
0.000605122
0.00117386
0.00130377
0.00105918
0.000789468
0.000730412
0.00100586
0.00144097
0.00136578
0.00100202
0.00139596
0.00198006
0.00221715
0.00265371
0.00361827
0.00353407
0.00450503
0.00585851
4.38145e-06
3.27414e-06
2.76796e-06
1.8108e-06
1.0827e-06
6.49299e-07
2.96438e-07
2.77746e-07
4.09824e-07
1.23086e-06
4.12767e-06
1.16608e-05
3.01328e-05
8.66339e-05
0.000268482
0.000818564
0.0015595
0.00170582
0.00141574
0.00106624
0.000933877
0.00104718
0.0015482
0.00157084
0.00118522
0.00135664
0.00210584
0.00237683
0.00278332
0.00384937
0.00386717
0.00468824
0.00626547
8.76451e-07
6.1309e-07
4.94624e-07
2.85972e-07
1.85764e-07
1.42307e-07
1.59886e-07
1.78189e-07
5.62803e-07
1.70883e-06
6.32175e-06
1.64494e-05
4.14655e-05
0.000111617
0.000332433
0.00103092
0.00204881
0.00221076
0.00187066
0.00142772
0.00124106
0.00117709
0.0016134
0.00179426
0.00140764
0.00130414
0.00221377
0.00253754
0.00291593
0.00409845
0.00423042
0.00489267
0.00668479
1.86671e-07
1.29201e-07
1.02121e-07
7.92194e-08
8.81437e-08
1.00235e-07
1.18647e-07
2.93261e-07
7.8447e-07
2.69412e-06
8.40327e-06
2.0475e-05
5.61876e-05
0.00015754
0.000434723
0.00121871
0.00265317
0.00283739
0.00244005
0.00188415
0.00165477
0.00142309
0.00164932
0.00202408
0.00166849
0.00130676
0.00228185
0.00269912
0.00305556
0.00437287
0.00462739
0.0051357
0.00711338
7.69013e-08
6.62783e-08
6.51608e-08
7.61991e-08
8.24074e-08
9.01283e-08
1.52217e-07
3.31728e-07
1.2757e-06
4.25979e-06
1.22446e-05
2.7045e-05
5.7853e-05
0.000136514
0.000403146
0.001312
0.00336904
0.00359941
0.00313721
0.0024483
0.00218208
0.00175331
0.00169579
0.00223959
0.00196497
0.00141469
0.00228225
0.00286484
0.00320914
0.00468108
0.00506097
0.00543976
0.00754658
7.0466e-08
7.66172e-08
7.55372e-08
7.72814e-08
7.93925e-08
9.63967e-08
1.55477e-07
3.80708e-07
1.14421e-06
3.7985e-06
1.07943e-05
2.27436e-05
5.62182e-05
0.000192625
0.00048405
0.00143041
0.00416683
0.00449117
0.00396571
0.00313129
0.00283286
0.00215506
0.00184236
0.00241939
0.00227092
0.00163486
0.00220002
0.00303821
0.00338502
0.00503138
0.00553275
0.00582852
0.00798005
8.07257e-08
7.1902e-08
7.33899e-08
7.29496e-08
7.74066e-08
9.7558e-08
1.77629e-07
4.87228e-07
1.59713e-06
5.3928e-06
1.60557e-05
3.25697e-05
7.54623e-05
0.000160277
0.000453449
0.00137692
0.00495019
0.00547805
0.00490628
0.00394014
0.00357213
0.0027065
0.00218703
0.00249872
0.00255137
0.00194723
0.00207147
0.00319965
0.00359449
0.00543191
0.00604588
0.00630333
0.00841324
6.88338e-08
6.74308e-08
6.75607e-08
6.75987e-08
7.73849e-08
1.20572e-07
2.73649e-07
7.6796e-07
2.07544e-06
4.93819e-06
1.30426e-05
2.86399e-05
7.8173e-05
0.000220509
0.000595591
0.0014286
0.00554766
0.00650688
0.00591871
0.00486841
0.00438502
0.00337089
0.00263125
0.00257699
0.00284467
0.0022542
0.00199947
0.00332137
0.00385318
0.00588031
0.00659584
0.00685084
0.00884579
6.22575e-08
6.13106e-08
6.26044e-08
6.28678e-08
6.95596e-08
1.08932e-07
2.56398e-07
7.52812e-07
2.62476e-06
9.35e-06
2.00975e-05
3.86536e-05
7.33678e-05
0.000148076
0.000478095
0.00139286
0.00582463
0.00740936
0.0068671
0.00586204
0.00519333
0.00417887
0.0029595
0.00263609
0.00314015
0.00257207
0.00208674
0.00336108
0.00416008
0.00636418
0.00716065
0.00743695
0.00927535
5.67815e-08
5.71089e-08
5.74207e-08
5.84091e-08
6.72117e-08
1.08703e-07
2.55705e-07
6.87472e-07
1.67438e-06
4.99709e-06
1.437e-05
2.82527e-05
6.5949e-05
0.000179322
0.000478823
0.00160341
0.00606912
0.00817693
0.00768263
0.00676456
0.00589416
0.00497911
0.00332383
0.00271548
0.00324962
0.00286977
0.00232603
0.00333067
0.00448912
0.00685357
0.00768681
0.00800582
0.00969713
5.37424e-08
5.40531e-08
5.36625e-08
5.48316e-08
5.95512e-08
8.23376e-08
1.85429e-07
6.28048e-07
2.07464e-06
5.54956e-06
1.36234e-05
2.56273e-05
6.36573e-05
0.00022626
0.000538701
0.00171019
0.00650621
0.00909035
0.0086042
0.00766426
0.00661655
0.00576734
0.00380282
0.002927
0.00332694
0.00313611
0.00264659
0.00329361
0.0048365
0.00730563
0.00813122
0.00847858
0.0100988
4.99844e-08
4.88575e-08
4.89534e-08
4.92838e-08
5.30869e-08
7.39792e-08
2.07142e-07
7.60707e-07
2.31252e-06
5.93912e-06
1.3905e-05
2.41287e-05
5.98081e-05
0.000176963
0.000668886
0.00180467
0.00710251
0.0101158
0.00962977
0.00866294
0.00742201
0.00655591
0.00445712
0.00340617
0.00338362
0.00336843
0.00301208
0.00333887
0.00516186
0.00770577
0.00845553
0.00878818
0.0104588
4.79115e-08
4.5744e-08
4.59407e-08
4.61253e-08
4.85075e-08
7.39903e-08
2.34888e-07
9.19614e-07
2.67061e-06
6.65216e-06
1.42728e-05
1.76947e-05
4.91494e-05
0.000165561
0.000499498
0.00168807
0.00779179
0.0112226
0.0107346
0.0097603
0.00831621
0.00739636
0.00523604
0.00398008
0.00343701
0.00357282
0.0033793
0.00350588
0.00543378
0.0080366
0.00863165
0.00885557
0.0107237
4.5974e-08
4.32689e-08
4.1693e-08
4.19413e-08
4.29545e-08
5.82322e-08
1.46292e-07
4.66981e-07
1.25108e-06
3.55337e-06
6.51265e-06
7.92568e-06
2.59854e-05
0.000109861
0.000509048
0.00168211
0.00850168
0.0123785
0.0119085
0.010955
0.00930741
0.0083058
0.0062043
0.00441251
0.00353717
0.00384987
0.0037014
0.00378138
0.00566969
0.00829201
0.00864725
0.00869722
0.0107551
4.3751e-08
4.11016e-08
3.81336e-08
3.85703e-08
3.94277e-08
5.81876e-08
1.90385e-07
5.62528e-07
1.4562e-06
2.50559e-06
3.90644e-06
4.89868e-06
1.9386e-05
9.79827e-05
0.000395859
0.0016119
0.00928842
0.0135388
0.0131567
0.0122374
0.0104227
0.00929864
0.00731297
0.00480382
0.00367918
0.00410268
0.00399834
0.00413175
0.00589792
0.00848318
0.00856519
0.008535
0.0105242
4.19365e-08
3.91857e-08
3.58595e-08
3.52703e-08
3.59668e-08
4.6179e-08
1.10169e-07
3.51533e-07
9.63054e-07
1.55512e-06
1.81202e-06
3.38528e-06
1.77686e-05
9.50385e-05
0.000401869
0.00164131
0.0101305
0.0146756
0.0144541
0.0135943
0.0116921
0.0103848
0.00848131
0.00531107
0.00391131
0.00418045
0.00425709
0.00452008
0.00614838
0.00866333
0.00854403
0.00868263
0.0100819
4.09032e-08
3.82439e-08
3.41873e-08
3.24674e-08
3.25574e-08
3.70746e-08
7.27209e-08
2.1602e-07
5.50874e-07
8.24131e-07
1.02539e-06
2.55803e-06
1.63318e-05
9.99191e-05
0.000376641
0.0016016
0.0109952
0.0158665
0.0157758
0.0150127
0.013136
0.0115904
0.00959614
0.00605145
0.00427633
0.00421115
0.00446123
0.00491254
0.00643804
0.00889841
0.00873749
0.00927906
0.00980595
4.01653e-08
3.78051e-08
3.37717e-08
2.97194e-08
3.07887e-08
3.21809e-08
4.83593e-08
1.17932e-07
2.7824e-07
4.26487e-07
7.59499e-07
1.92521e-06
1.57971e-05
0.000108666
0.0004081
0.00165674
0.0118443
0.0172593
0.017137
0.0164902
0.0147461
0.0129433
0.0106931
0.00697825
0.00487972
0.00425162
0.0046667
0.00523797
0.00674725
0.0091859
0.00918153
0.0101627
0.00991524
4.02406e-08
3.69629e-08
3.37439e-08
2.92292e-08
2.64498e-08
2.72989e-08
3.20456e-08
5.83776e-08
1.22476e-07
1.52302e-07
6.65975e-07
1.24124e-06
1.64888e-05
0.000113079
0.000413766
0.00164363
0.0126147
0.0189667
0.01864
0.0181016
0.0165484
0.0144894
0.011842
0.00807651
0.00562815
0.00430657
0.00500463
0.00548345
0.00704117
0.00948791
0.00977947
0.0110772
0.0102888
4.0319e-08
3.8311e-08
3.4117e-08
2.86898e-08
2.35763e-08
2.09247e-08
2.20441e-08
3.12744e-08
5.48343e-08
1.31506e-07
5.73349e-07
5.39385e-07
1.31201e-05
0.000114967
0.000437299
0.00167536
0.0132524
0.0209027
0.0204843
0.0200187
0.018575
0.0162999
0.0131017
0.00943274
0.00637353
0.00449142
0.00517076
0.00564741
0.00727797
0.0097454
0.0103941
0.0118603
0.010658
4.23844e-08
3.73179e-08
3.36986e-08
3.06461e-08
2.2268e-08
1.94542e-08
2.00287e-08
2.06397e-08
3.34786e-08
9.7841e-08
2.442e-07
1.7749e-07
1.14744e-05
0.000107905
0.000454585
0.00163269
0.0136681
0.0228899
0.0226222
0.0222179
0.020851
0.0184548
0.014529
0.0109806
0.00701389
0.00479619
0.00525847
0.00575194
0.0074168
0.00988643
0.0109151
0.0123273
0.0108247
4.27807e-08
4.05072e-08
3.5824e-08
2.79111e-08
2.34201e-08
1.88801e-08
1.95113e-08
1.9431e-08
2.64768e-08
5.62063e-08
2.15054e-07
7.87577e-08
1.26944e-05
0.000149927
0.0004839
0.00166006
0.0137279
0.0248899
0.0248275
0.0245557
0.0234343
0.0209061
0.0162057
0.0125605
0.0076504
0.00523779
0.00542405
0.00581767
0.00742708
0.0098793
0.0112451
0.0126385
0.010703
4.26914e-08
3.87237e-08
3.48225e-08
2.97005e-08
2.34896e-08
1.91042e-08
2.01336e-08
1.98809e-08
2.32182e-08
4.19765e-08
1.53545e-07
8.16857e-08
8.2859e-06
0.000223308
0.000707016
0.00170129
0.0130825
0.0268487
0.0270915
0.0270214
0.0264526
0.0236711
0.0180804
0.0139554
0.00840125
0.00591484
0.00556571
0.00582933
0.00727935
0.00970189
0.0113939
0.0127813
0.0100657
0.000226554
0.000520406
0.00114825
0.00173904
0.00198483
0.00239352
0.00317552
0.00387068
0.00439083
0.00482714
0.00529177
0.00577142
0.00619311
0.0065486
0.00685232
0.00711114
0.00732549
0.00749868
0.00763738
0.00775078
0.00786245
0.00795917
0.00804163
0.00810824
0.00815705
0.00818594
0.00819249
0.00817459
0.00813014
0.00805787
0.00795675
0.00782573
0.0076631
0.00746719
0.00723815
0.00697856
0.00669203
0.00638208
0.00605223
0.00570574
0.0053449
0.00497135
0.00458641
0.00419146
0.00378812
0.00338117
0.00297717
0.0025868
0.00222127
0.0019074
0.00167627
0.00151692
0.0014037
0.00131908
0.00121677
0.001118
0.00102626
0.000948895
0.000878434
0.000800284
0.000695495
0.000563048
0.000422207
0.00025869
0.000127764
5.8818e-05
2.93804e-05
9.94888e-06
2.2708e-06
5.18755e-07
1.71789e-07
1.19868e-07
1.21383e-07
1.25816e-07
1.25722e-07
1.23826e-07
1.21343e-07
1.18958e-07
1.12411e-07
1.10045e-07
1.02207e-07
9.87868e-08
9.1546e-08
8.97629e-08
8.7299e-08
8.5905e-08
8.22906e-08
7.63091e-08
6.93734e-08
6.16023e-08
5.81609e-08
5.53766e-08
5.46859e-08
5.15713e-08
5.16859e-08
4.79432e-08
4.48284e-08
0.000314598
0.000527943
0.00120735
0.00179828
0.00201068
0.00241031
0.00321262
0.00394709
0.00449447
0.00496263
0.00546021
0.00597179
0.00642529
0.00681301
0.00714863
0.00743845
0.00768281
0.0078848
0.00805114
0.00818941
0.00832596
0.00844575
0.00854979
0.00863674
0.00870453
0.00875082
0.00877312
0.00876912
0.00873643
0.0086733
0.00857871
0.00845135
0.00828972
0.00809308
0.00786171
0.00759759
0.00730432
0.00698517
0.00664361
0.00628288
0.00590527
0.00551248
0.00510581
0.00468658
0.00425625
0.00381889
0.0033807
0.00294957
0.00253489
0.00216001
0.00186196
0.0016388
0.00147751
0.00135937
0.00124803
0.00114552
0.00106419
0.000994042
0.000918997
0.000830762
0.000718324
0.000585775
0.000437045
0.000273973
0.000130211
6.12966e-05
2.92829e-05
9.3688e-06
2.06389e-06
4.63907e-07
1.53252e-07
1.14523e-07
1.169e-07
1.19081e-07
1.19096e-07
1.19098e-07
1.1942e-07
1.14036e-07
1.12211e-07
1.0572e-07
1.0052e-07
9.68222e-08
8.99423e-08
8.77222e-08
8.55867e-08
8.4676e-08
8.29452e-08
7.61875e-08
7.04471e-08
6.12301e-08
5.64002e-08
5.36404e-08
5.23454e-08
5.04121e-08
4.7999e-08
4.84313e-08
4.65484e-08
0.000449997
0.00054854
0.00125561
0.00184733
0.00203418
0.00242503
0.0032453
0.0040219
0.00459637
0.00509908
0.00563168
0.0061777
0.00666634
0.00709036
0.00746232
0.00778783
0.00806729
0.00830339
0.00850246
0.00867065
0.00883752
0.00898606
0.00911766
0.00923084
0.00932323
0.00939234
0.00943566
0.00945061
0.00943433
0.00938415
0.00929864
0.00917811
0.00902031
0.0088248
0.00859316
0.0083256
0.00802649
0.00769843
0.00734508
0.00696961
0.00657434
0.00616113
0.00573142
0.00528667
0.00482861
0.00436122
0.00389085
0.00342457
0.00297039
0.00254527
0.0021861
0.00190206
0.00168171
0.00151244
0.00138166
0.00127369
0.00119122
0.00111235
0.00102434
0.000921925
0.000796277
0.000645319
0.000479923
0.000297608
0.000135555
6.057e-05
2.97634e-05
8.99592e-06
1.92694e-06
5.03153e-07
1.42712e-07
1.08806e-07
1.12042e-07
1.13088e-07
1.14026e-07
1.13643e-07
1.13682e-07
1.13829e-07
1.09183e-07
1.06009e-07
9.9681e-08
9.54401e-08
8.95156e-08
8.6997e-08
8.49713e-08
8.52586e-08
8.28211e-08
7.56607e-08
7.09e-08
6.45418e-08
5.64374e-08
5.29754e-08
4.9966e-08
4.88331e-08
4.90655e-08
4.71791e-08
4.46832e-08
0.000627575
0.00059181
0.00129357
0.00188787
0.00205655
0.00243729
0.00327196
0.0040924
0.00469528
0.00523228
0.00580046
0.00638192
0.00690722
0.00736994
0.00778121
0.0081462
0.00846498
0.00873965
0.00897583
0.0091786
0.00938064
0.00956285
0.0097269
0.00987139
0.00999397
0.0100919
0.0101618
0.010201
0.0102077
0.0101777
0.0101069
0.0099968
0.0098444
0.00964906
0.00941637
0.00914644
0.00884282
0.00850632
0.00814161
0.00775141
0.00733823
0.00690416
0.00645087
0.00598022
0.00549453
0.00499818
0.00449827
0.0040026
0.0035198
0.00305723
0.00265001
0.00231204
0.00204102
0.00183011
0.0016668
0.00153551
0.00142801
0.00132467
0.00121464
0.00108979
0.000940296
0.000765202
0.000574792
0.000371936
0.000176684
7.56115e-05
3.17789e-05
9.88856e-06
2.08725e-06
4.3376e-07
1.48047e-07
1.00059e-07
1.07063e-07
1.08618e-07
1.08593e-07
1.09334e-07
1.09512e-07
1.12725e-07
1.08644e-07
1.05822e-07
9.94601e-08
9.45104e-08
9.05716e-08
8.77329e-08
8.56907e-08
8.51225e-08
8.26295e-08
7.62506e-08
6.9765e-08
6.44655e-08
5.7228e-08
5.16676e-08
4.82527e-08
4.77164e-08
4.69581e-08
4.69516e-08
4.42226e-08
0.000849657
0.000673193
0.00132434
0.00192106
0.00207875
0.00244681
0.00329052
0.00415931
0.00478784
0.00535735
0.00596097
0.00657595
0.00713753
0.00763912
0.0080907
0.00849684
0.00885728
0.00917339
0.00944958
0.00969006
0.00993096
0.0101511
0.0103525
0.0105338
0.0106922
0.0108246
0.0109274
0.0109972
0.0110311
0.0110264
0.0109778
0.0108865
0.010748
0.0105616
0.0103297
0.0100555
0.00974391
0.00940005
0.00902577
0.00862195
0.00819192
0.0077379
0.00726181
0.00676609
0.00625379
0.00573006
0.00520298
0.00468209
0.00417834
0.00368887
0.00324552
0.00286532
0.002551
0.00229864
0.00209604
0.00192881
0.00178439
0.00164565
0.00150293
0.00134667
0.00116723
0.000966212
0.000757304
0.000536505
0.000285204
0.000119318
4.5963e-05
1.10365e-05
2.07055e-06
4.50374e-07
1.62611e-07
1.02105e-07
1.02048e-07
1.04105e-07
1.0401e-07
1.04012e-07
1.06192e-07
1.07271e-07
1.06053e-07
1.0425e-07
1.01232e-07
9.51975e-08
9.15917e-08
8.9188e-08
8.63893e-08
8.54424e-08
8.29058e-08
7.60627e-08
6.98646e-08
6.41665e-08
5.81963e-08
5.35761e-08
4.86038e-08
4.81962e-08
4.68162e-08
4.69708e-08
4.56182e-08
0.00111965
0.000812284
0.00135667
0.00194596
0.00210142
0.00245346
0.00329618
0.00421728
0.00487367
0.00547192
0.00610528
0.00674951
0.00734522
0.00788349
0.0083742
0.00882154
0.00922463
0.00958401
0.00990253
0.0101834
0.0104663
0.0107284
0.0109717
0.0111948
0.0113949
0.0115681
0.0117101
0.0118172
0.0118863
0.0119144
0.0118978
0.0118323
0.0117121
0.011538
0.0113164
0.0110502
0.0107352
0.0103804
0.00999369
0.00957819
0.00913405
0.00866242
0.00816571
0.00764701
0.00711002
0.00656089
0.00600875
0.00546508
0.00494411
0.00443617
0.00396525
0.00355085
0.00319835
0.00290486
0.00265947
0.00244902
0.00226017
0.00207852
0.00189473
0.00169985
0.00148722
0.00126034
0.00102653
0.000777792
0.000466779
0.000212219
8.11369e-05
1.94044e-05
3.31803e-06
5.27636e-07
1.59533e-07
9.88632e-08
9.85075e-08
1.00545e-07
1.00532e-07
1.00972e-07
1.01807e-07
1.04021e-07
1.04132e-07
1.03003e-07
1.00929e-07
9.78282e-08
9.30323e-08
8.9704e-08
8.7249e-08
8.55555e-08
8.31232e-08
7.5745e-08
6.9995e-08
6.33587e-08
5.81725e-08
5.54035e-08
5.02691e-08
4.8547e-08
4.73257e-08
4.62087e-08
4.50137e-08
0.00144233
0.00102864
0.00140222
0.0019618
0.00212479
0.00245715
0.00328871
0.00425823
0.00494441
0.00556835
0.00622795
0.00689524
0.0075181
0.00808748
0.00861313
0.00909864
0.00954317
0.00994626
0.0103088
0.0106331
0.0109606
0.0112677
0.011557
0.0118271
0.0120747
0.0122954
0.0124843
0.0126364
0.012748
0.0128195
0.0128442
0.0128122
0.0127218
0.0125716
0.0123677
0.0121099
0.0118006
0.0114502
0.0110548
0.0106229
0.0101639
0.00967805
0.00916454
0.00862631
0.00806762
0.00749568
0.00692058
0.00635551
0.00581781
0.0052979
0.0048057
0.0043622
0.00397432
0.00363999
0.00334998
0.00309244
0.0028549
0.00262507
0.00239438
0.00215522
0.00190401
0.00164195
0.00137476
0.001096
0.000745365
0.000377611
0.000152576
3.96124e-05
5.20312e-06
8.37097e-07
1.64394e-07
1.03782e-07
9.30477e-08
9.65151e-08
9.71342e-08
9.77992e-08
9.85529e-08
9.90749e-08
1.01519e-07
1.02081e-07
1.0111e-07
9.8252e-08
9.43125e-08
9.08967e-08
8.77658e-08
8.63304e-08
8.44222e-08
7.60213e-08
7.07176e-08
6.39161e-08
5.8367e-08
5.50288e-08
5.024e-08
4.90746e-08
4.75777e-08
4.63754e-08
4.49489e-08
0.00182533
0.00133669
0.00146655
0.00197569
0.00214908
0.00245785
0.00326063
0.00427282
0.00498553
0.00563999
0.00631516
0.00699735
0.00764004
0.00823395
0.00878838
0.00930682
0.00978843
0.0102318
0.0106355
0.0110024
0.0113752
0.0117298
0.0120686
0.0123905
0.0126919
0.0129677
0.0132128
0.0134216
0.0135869
0.0137119
0.0137905
0.0138057
0.0137543
0.0136418
0.0134676
0.0132288
0.012933
0.0125877
0.0121949
0.0117644
0.0112919
0.0107869
0.0102588
0.00970593
0.00912992
0.00853881
0.00794342
0.00735815
0.0068023
0.00627399
0.00576613
0.00529782
0.00487716
0.00450308
0.00416814
0.00386191
0.00357327
0.00329164
0.00300928
0.00271975
0.00242106
0.0021138
0.00180176
0.00148385
0.00111613
0.000649858
0.000288124
8.9275e-05
1.2973e-05
1.67516e-06
2.86909e-07
1.03782e-07
9.26908e-08
9.36556e-08
9.47471e-08
9.49229e-08
9.57293e-08
9.6408e-08
9.71955e-08
9.98194e-08
1.01347e-07
9.91085e-08
9.55145e-08
9.2974e-08
9.07437e-08
8.90592e-08
8.74145e-08
7.87314e-08
7.10487e-08
6.47905e-08
5.87752e-08
5.54173e-08
5.10704e-08
4.92931e-08
4.7789e-08
4.66026e-08
4.53649e-08
0.00227824
0.00174286
0.00157369
0.00199446
0.00217511
0.00245516
0.00320844
0.00425926
0.00499424
0.00566671
0.0063558
0.00704499
0.00769781
0.0083066
0.00888052
0.00942486
0.00993884
0.0104203
0.0108649
0.0112727
0.011689
0.01209
0.0124784
0.0128531
0.0132103
0.0135442
0.0138488
0.0141184
0.0143473
0.0145382
0.0146871
0.0147704
0.0147825
0.014719
0.0145895
0.0143882
0.0141197
0.0137901
0.0134044
0.0129758
0.0125055
0.0119998
0.0114574
0.0108868
0.0102979
0.0096929
0.00908094
0.00847755
0.00790215
0.00736272
0.00684631
0.00635829
0.00590856
0.00549733
0.00511887
0.00476425
0.00442372
0.00408806
0.00375014
0.00340439
0.00304929
0.00268562
0.00231672
0.00194281
0.00154368
0.00103982
0.000526058
0.000190703
3.36155e-05
4.76024e-06
7.169e-07
1.60181e-07
9.55122e-08
9.22662e-08
9.29581e-08
9.34892e-08
9.42835e-08
9.488e-08
9.56886e-08
9.54101e-08
9.93198e-08
9.98916e-08
9.68084e-08
9.42037e-08
9.33367e-08
9.13631e-08
9.02434e-08
8.32404e-08
7.17667e-08
6.57157e-08
5.87459e-08
5.50736e-08
5.13886e-08
4.93359e-08
4.79452e-08
4.71644e-08
4.57058e-08
0.00280664
0.00225606
0.00176366
0.00203304
0.00220636
0.00244792
0.00312862
0.00420676
0.00496658
0.00564722
0.00633498
0.0070198
0.00767264
0.00828676
0.00887075
0.00943161
0.0099702
0.010484
0.0109653
0.0114086
0.0118664
0.0123138
0.012753
0.0131836
0.0136017
0.014001
0.0143747
0.0147157
0.0150152
0.0152743
0.0154961
0.0156541
0.0157391
0.0157483
0.0156865
0.0155506
0.0153317
0.0150394
0.0146741
0.0142556
0.0137903
0.0132843
0.0127466
0.0121769
0.0115772
0.0109579
0.0103343
0.00971663
0.00912223
0.00856669
0.00804449
0.00754338
0.00707009
0.00662624
0.00620767
0.00580701
0.00541574
0.00502571
0.00463017
0.00422405
0.00380553
0.00337554
0.00293689
0.00249091
0.0020321
0.00152033
0.000890299
0.00037638
8.54864e-05
1.33617e-05
2.02352e-06
3.5247e-07
1.13961e-07
9.11524e-08
9.06866e-08
9.16753e-08
9.23818e-08
9.3887e-08
9.53656e-08
9.5194e-08
9.50663e-08
9.94777e-08
9.88314e-08
9.5972e-08
9.43315e-08
9.42581e-08
9.25057e-08
8.89149e-08
7.62615e-08
6.82172e-08
5.99827e-08
5.54909e-08
5.15352e-08
4.98621e-08
4.81864e-08
4.75718e-08
4.60881e-08
0.00340997
0.00287949
0.00208815
0.00212763
0.00224412
0.00243954
0.0030297
0.00409266
0.00489628
0.00557373
0.00624901
0.00691701
0.00755605
0.00816139
0.00874201
0.00930749
0.00986046
0.0103984
0.010911
0.0113861
0.0118794
0.0123684
0.0128547
0.0133389
0.0138173
0.0142838
0.0147305
0.0151483
0.0155268
0.015868
0.0161809
0.0164396
0.0166197
0.016707
0.0167137
0.0166459
0.0164996
0.0162807
0.0159792
0.0155961
0.0151445
0.0146404
0.0141054
0.0135372
0.0129504
0.0123377
0.0117055
0.0110751
0.0104658
0.00989154
0.00935625
0.00884982
0.00836055
0.0078908
0.00743786
0.00699591
0.00655758
0.00611553
0.00566325
0.0051957
0.0047105
0.00420774
0.00368971
0.00315827
0.00261285
0.00204644
0.0013825
0.000684928
0.000206312
3.77456e-05
6.14666e-06
1.02374e-06
2.15266e-07
9.78185e-08
8.95644e-08
9.02785e-08
9.08439e-08
9.22275e-08
9.45776e-08
9.56112e-08
9.58242e-08
9.66386e-08
9.88782e-08
9.88927e-08
9.59817e-08
9.48845e-08
9.47704e-08
9.33962e-08
8.59093e-08
7.16967e-08
6.26397e-08
5.66192e-08
5.20418e-08
4.98771e-08
4.83068e-08
4.74665e-08
4.63462e-08
0.00410923
0.00358291
0.00263612
0.0023225
0.00232309
0.00243076
0.00291948
0.00389142
0.00477053
0.00543469
0.00608761
0.00672659
0.00733744
0.00791879
0.00848122
0.00903758
0.00959296
0.010145
0.010682
0.0111831
0.0117033
0.012226
0.0127516
0.0132824
0.0138159
0.0143464
0.0148661
0.0153648
0.0158314
0.0162616
0.0166721
0.0170456
0.0173374
0.0175379
0.0176512
0.0176815
0.0176107
0.0174566
0.0172242
0.0169162
0.0165305
0.0160605
0.0155355
0.0149704
0.0143897
0.0137871
0.0131756
0.0125526
0.011932
0.0113398
0.0107877
0.0102694
0.00977392
0.00928729
0.00880815
0.00833239
0.00785374
0.00736549
0.00686122
0.00633563
0.0057855
0.0052096
0.00460877
0.00398366
0.00333502
0.00266485
0.00195061
0.00113842
0.000440612
0.000102173
1.88629e-05
3.33571e-06
6.21187e-07
1.59095e-07
9.16005e-08
8.90212e-08
9.04472e-08
9.09851e-08
9.20141e-08
9.3769e-08
9.52068e-08
9.61247e-08
9.69595e-08
9.92776e-08
9.89109e-08
9.67148e-08
9.5814e-08
9.56946e-08
9.34261e-08
8.24379e-08
6.87546e-08
5.9554e-08
5.33001e-08
5.03027e-08
4.8497e-08
4.75552e-08
4.67323e-08
0.00492099
0.00434947
0.0034349
0.00272437
0.00247575
0.00248541
0.00281395
0.00358465
0.00455681
0.00521356
0.00583884
0.00643946
0.00701018
0.00755369
0.00808331
0.00861638
0.00916158
0.00971667
0.0102699
0.0107902
0.0113269
0.0118719
0.012425
0.0129901
0.0135668
0.014151
0.0147361
0.0153126
0.0158684
0.016391
0.0168995
0.0173958
0.0178273
0.0181659
0.0184104
0.0185587
0.0186057
0.018559
0.0184231
0.0181815
0.0178606
0.0174644
0.0169991
0.0164717
0.0158921
0.0153032
0.0147031
0.0141028
0.0135083
0.0129138
0.0123424
0.0118067
0.0112979
0.0108053
0.0103104
0.00981118
0.00930233
0.00877757
0.00823061
0.00765558
0.00704833
0.00640628
0.00572815
0.00501278
0.00425871
0.00346576
0.00262806
0.0017202
0.000830829
0.000260898
5.76921e-05
1.14132e-05
2.21907e-06
4.63694e-07
1.39258e-07
9.04273e-08
8.95772e-08
9.08289e-08
9.17068e-08
9.22696e-08
9.32762e-08
9.38589e-08
9.44187e-08
9.54949e-08
9.93994e-08
9.94829e-08
9.77765e-08
9.63793e-08
9.58915e-08
9.14703e-08
7.74387e-08
6.50326e-08
5.68592e-08
5.21298e-08
4.94516e-08
4.79763e-08
4.7434e-08
0.00582103
0.00524077
0.00443216
0.00342204
0.00283696
0.00261073
0.00280674
0.00325618
0.0041941
0.00488277
0.00548289
0.00603979
0.00656163
0.00705615
0.00754058
0.00803824
0.00856261
0.00910903
0.00966963
0.0102022
0.0107445
0.0112988
0.011864
0.0124463
0.0130477
0.0136671
0.0143012
0.014943
0.0155809
0.0161984
0.0168016
0.0174197
0.018013
0.0185212
0.0189325
0.0192418
0.0194452
0.0195424
0.0195327
0.0194174
0.0192135
0.0189031
0.0185047
0.0180208
0.0174884
0.0169237
0.0163561
0.0157883
0.015215
0.0146537
0.0141087
0.0135668
0.0130357
0.0125179
0.012012
0.0115017
0.0109749
0.0104251
0.00984653
0.00923267
0.0085781
0.00787937
0.00713347
0.00633706
0.0054863
0.00457744
0.00360668
0.00256656
0.00149605
0.00063177
0.000185487
4.38707e-05
9.63326e-06
2.0915e-06
4.84793e-07
1.53008e-07
9.42709e-08
9.02783e-08
9.24388e-08
9.23813e-08
9.31659e-08
9.39784e-08
9.37078e-08
9.39344e-08
9.49631e-08
9.87957e-08
1.00203e-07
9.79339e-08
9.57884e-08
9.52839e-08
9.03925e-08
7.75131e-08
6.62824e-08
5.80049e-08
5.25521e-08
5.03761e-08
4.92154e-08
0.00679479
0.00627615
0.00552489
0.00448702
0.00358487
0.00296792
0.00289881
0.0031557
0.00368766
0.00444942
0.00501582
0.00552992
0.00600362
0.00644695
0.00688238
0.00734102
0.00784276
0.0083734
0.00893472
0.00947617
0.0100157
0.0105652
0.0111245
0.0117015
0.0123006
0.0129238
0.0135723
0.0142452
0.0149348
0.0156254
0.0163072
0.0170223
0.0177609
0.0184497
0.0190493
0.0195498
0.0199422
0.02022
0.0203799
0.0204234
0.0203561
0.0201799
0.0199183
0.0195563
0.0191033
0.0185396
0.0179783
0.0174291
0.016915
0.0163975
0.0158811
0.0153757
0.0148696
0.0143495
0.0138165
0.0132793
0.0127405
0.0121781
0.0115809
0.0109411
0.010251
0.009508
0.00870924
0.00785026
0.00692635
0.00593264
0.00486483
0.00372029
0.00251524
0.0013741
0.00056044
0.000171688
4.45574e-05
1.08402e-05
2.60038e-06
6.51186e-07
2.01e-07
1.05358e-07
9.23629e-08
9.29827e-08
9.42052e-08
9.40771e-08
9.54715e-08
9.59216e-08
9.61001e-08
9.69673e-08
9.92477e-08
9.90846e-08
9.6391e-08
9.42487e-08
9.33295e-08
8.91957e-08
7.79802e-08
6.85367e-08
6.05751e-08
5.6099e-08
5.27872e-08
0.00781372
0.0074593
0.00665618
0.00587485
0.00476658
0.00386218
0.00332453
0.00329612
0.00351367
0.00394278
0.00451083
0.00498054
0.00541882
0.0058201
0.00621506
0.00664525
0.00713388
0.00764713
0.00819212
0.00874459
0.00927425
0.00980588
0.0103441
0.0108961
0.0114638
0.0120525
0.0126691
0.0133206
0.0140064
0.0147167
0.0154364
0.016194
0.0170224
0.0178597
0.0186377
0.019335
0.0199344
0.0204209
0.0207848
0.0210224
0.0211348
0.0211269
0.0210094
0.0207939
0.0204915
0.0201027
0.0196242
0.0190626
0.018499
0.0179989
0.0175442
0.0170967
0.0166309
0.0161306
0.0156088
0.0150735
0.0145246
0.0139578
0.0133497
0.0126898
0.0119809
0.011216
0.0103929
0.00950594
0.00855068
0.0075224
0.00641521
0.00522441
0.00395034
0.00263034
0.00142983
0.000604832
0.000202452
5.82497e-05
1.56424e-05
4.10765e-06
1.09813e-06
3.28696e-07
1.38557e-07
9.8979e-08
9.40011e-08
9.61992e-08
9.64238e-08
9.68942e-08
9.86226e-08
9.95585e-08
1.02244e-07
1.03974e-07
1.02917e-07
9.88385e-08
9.53922e-08
9.50408e-08
9.29938e-08
8.60658e-08
7.56562e-08
6.75003e-08
6.16575e-08
0.00885204
0.00869272
0.00801675
0.00724885
0.00640391
0.00532784
0.00449443
0.00397966
0.00385377
0.00409164
0.00425865
0.00463942
0.00504821
0.0054124
0.00580942
0.0062406
0.00671941
0.0072053
0.00771721
0.00822624
0.0086994
0.00919142
0.00969301
0.0102011
0.0107104
0.0112303
0.0117728
0.0123492
0.0129649
0.0136177
0.0143081
0.015036
0.0158468
0.0167397
0.0176377
0.0184976
0.0192935
0.0199975
0.0205891
0.0210553
0.0213896
0.0215923
0.0216697
0.0216329
0.0214929
0.0212734
0.0209732
0.0205988
0.0201164
0.0196036
0.0191155
0.0187122
0.0182724
0.0177885
0.0172631
0.0167355
0.016233
0.0157143
0.0151431
0.0145004
0.0137831
0.0129993
0.0121584
0.0112692
0.0103233
0.00931043
0.00822122
0.00704927
0.00579048
0.00444444
0.00304621
0.0017532
0.000817987
0.000313671
0.000102869
3.09362e-05
8.94546e-06
2.57046e-06
7.67458e-07
2.65891e-07
1.31838e-07
1.01472e-07
9.77205e-08
9.96265e-08
9.9457e-08
1.00527e-07
1.02807e-07
1.07581e-07
1.08803e-07
1.07012e-07
1.03674e-07
9.94964e-08
9.83683e-08
9.8191e-08
9.52131e-08
8.64753e-08
7.77183e-08
0.00988522
0.00991759
0.00943037
0.00872482
0.0080573
0.00727232
0.00629512
0.00563838
0.00517429
0.00498267
0.00492469
0.00514844
0.00536223
0.00560174
0.0059322
0.00630876
0.00672525
0.00718548
0.00769591
0.00816931
0.00860059
0.00901509
0.00942682
0.00983124
0.0102398
0.0106613
0.0110961
0.0115569
0.0120553
0.0125891
0.0131632
0.0137902
0.014468
0.0152492
0.0161264
0.01704
0.0179574
0.0188358
0.019639
0.0203429
0.0209268
0.0213781
0.0216959
0.0218861
0.0219589
0.0219285
0.0218046
0.0216091
0.0213727
0.0210645
0.0206894
0.0203
0.0198805
0.0193597
0.018747
0.0181836
0.0177244
0.0172918
0.0167626
0.0161531
0.0154912
0.0147616
0.0139554
0.0130824
0.0121626
0.0111962
0.0101712
0.00907443
0.00789806
0.00663834
0.00529249
0.00387332
0.0024823
0.00134528
0.000615032
0.000242996
8.55826e-05
2.81351e-05
8.94175e-06
2.82582e-06
9.22586e-07
3.3829e-07
1.63195e-07
1.14746e-07
1.04462e-07
1.04218e-07
1.04803e-07
1.05647e-07
1.10012e-07
1.15012e-07
1.1473e-07
1.15295e-07
1.13014e-07
1.09133e-07
1.09089e-07
1.08323e-07
1.07106e-07
0.0108516
0.0110398
0.0108274
0.0102901
0.00956784
0.00911055
0.00841822
0.00770485
0.00718536
0.00683886
0.00663228
0.00657825
0.00662697
0.00674879
0.00693942
0.00720468
0.00750155
0.00781941
0.00816178
0.00852636
0.0088987
0.00923986
0.00956657
0.00988267
0.0101882
0.0104934
0.0108083
0.0111405
0.0115067
0.0118885
0.0122892
0.0127443
0.0132739
0.0138487
0.0144816
0.0152447
0.0160861
0.0169782
0.0178809
0.0187562
0.0195654
0.0202666
0.0208467
0.0213016
0.0216329
0.0218465
0.0219516
0.0219625
0.0218924
0.021754
0.0215714
0.0213997
0.0211486
0.020765
0.020258
0.0197903
0.0193449
0.0188553
0.0182838
0.0176403
0.0169575
0.0162363
0.0154623
0.0146577
0.0138407
0.0130245
0.0121236
0.0111408
0.0100843
0.00896001
0.0077668
0.00649956
0.00515331
0.00375454
0.00243333
0.00137894
0.000684359
0.000302358
0.000121728
4.56553e-05
1.64046e-05
5.78495e-06
2.05385e-06
7.65245e-07
3.24109e-07
1.74812e-07
1.2813e-07
1.17506e-07
1.17265e-07
1.21339e-07
1.32759e-07
1.35323e-07
1.33671e-07
1.29332e-07
1.24057e-07
1.22444e-07
1.21889e-07
0.0117014
0.011992
0.0120258
0.0117676
0.0112565
0.0106737
0.0102913
0.00971277
0.00926109
0.00891901
0.00865593
0.0084945
0.00843097
0.00844672
0.00852148
0.00864052
0.00878403
0.00894452
0.00912702
0.0093274
0.009541
0.0097699
0.0100059
0.0102418
0.010474
0.0107017
0.0109263
0.0111515
0.0113814
0.0116171
0.0118653
0.012152
0.0125035
0.0128599
0.0132625
0.0137406
0.0142855
0.0149572
0.0156944
0.0164823
0.0173154
0.0181412
0.0189166
0.0196123
0.0202109
0.020702
0.0210785
0.0213421
0.0215036
0.0215791
0.0215841
0.0215251
0.0213844
0.0211623
0.0208823
0.0205801
0.0202821
0.0199446
0.0194524
0.0187986
0.0181567
0.0175304
0.0168631
0.016138
0.0153568
0.0145371
0.0137243
0.0129407
0.0121004
0.0111733
0.0101633
0.00908776
0.00795548
0.00676525
0.00551063
0.00420737
0.00294861
0.00187361
0.00107784
0.000564534
0.000272209
0.000122543
5.23004e-05
2.1469e-05
8.61186e-06
3.43937e-06
1.40342e-06
6.15259e-07
3.1437e-07
2.0944e-07
1.77683e-07
1.70502e-07
1.67504e-07
1.67864e-07
1.64679e-07
1.60535e-07
1.61207e-07
0.0123915
0.0127024
0.0128848
0.0128853
0.0127005
0.0123101
0.0119691
0.0116234
0.0111651
0.0108285
0.0105792
0.0103788
0.0102225
0.0101132
0.0100507
0.0100334
0.0100566
0.0101158
0.0102068
0.0103238
0.0104642
0.010618
0.010771
0.0109215
0.0110682
0.0112103
0.0113475
0.0114801
0.0116094
0.0117368
0.0118664
0.0120052
0.0121576
0.0123264
0.0125376
0.0128357
0.0131531
0.013484
0.013865
0.014385
0.0149919
0.0156381
0.0163068
0.0169775
0.017634
0.0182701
0.0188483
0.0193431
0.0197444
0.0200519
0.0202699
0.0204026
0.0204524
0.0204248
0.0203294
0.0201751
0.0199627
0.01968
0.0193255
0.0189222
0.0185199
0.0181431
0.017739
0.0172112
0.0165533
0.0158661
0.0151669
0.0144025
0.0136076
0.0128671
0.0121096
0.0113026
0.0104248
0.00947631
0.00847422
0.00742926
0.00633857
0.0052008
0.00404954
0.00296083
0.00202101
0.00128736
0.00076767
0.000430763
0.000228891
0.000115971
5.64618e-05
2.66527e-05
1.23299e-05
5.67048e-06
2.68915e-06
1.27593e-06
7.81838e-07
7.62353e-07
7.50961e-07
7.60615e-07
8.0494e-07
0.0128955
0.0131524
0.0133664
0.0134898
0.0134965
0.0133798
0.0131482
0.013015
0.0127574
0.012459
0.0122269
0.0120246
0.0118546
0.0117178
0.0116137
0.0115404
0.0114953
0.011475
0.011476
0.0114946
0.0115276
0.011571
0.0116212
0.0116754
0.0117311
0.0117867
0.011841
0.0118931
0.0119428
0.0119904
0.012037
0.0120841
0.0121335
0.012189
0.0122572
0.0123423
0.0124451
0.0125904
0.0128314
0.0130971
0.0133298
0.0136148
0.0140196
0.0145006
0.0150068
0.0155329
0.0160539
0.0165482
0.0169997
0.0173988
0.0177399
0.0180202
0.0182383
0.0183941
0.0184883
0.0185221
0.0184964
0.0184126
0.0182768
0.0180988
0.0178888
0.0176471
0.0173649
0.0170452
0.0167053
0.0163639
0.0159464
0.0154449
0.0148508
0.0142241
0.0135079
0.0128274
0.0121565
0.0114662
0.0107578
0.0100044
0.00919351
0.00833763
0.00744678
0.00652714
0.00558076
0.00462046
0.00368275
0.00281686
0.00206736
0.00145578
0.000987501
0.000648786
0.000416945
0.000264573
0.000168199
0.000108266
7.28678e-05
5.22548e-05
3.87667e-05
3.22998e-05
2.89687e-05
0.0130954
0.0132921
0.0134732
0.0136176
0.0137073
0.0137285
0.0136681
0.0136188
0.0135186
0.0133517
0.013198
0.0130453
0.012901
0.0127696
0.0126534
0.0125531
0.0124685
0.0123987
0.0123422
0.0122973
0.0122624
0.0122354
0.0122145
0.0121982
0.0121851
0.012174
0.0121639
0.0121543
0.0121446
0.0121349
0.0121254
0.0121164
0.0121082
0.012102
0.0120987
0.0120999
0.0121085
0.0121299
0.0121626
0.012212
0.0122927
0.0124746
0.0126477
0.012799
0.0129435
0.0132366
0.0135494
0.0138996
0.0142607
0.0146244
0.0149769
0.0153062
0.0156032
0.015861
0.0160753
0.0162433
0.0163643
0.0164391
0.0164703
0.0164613
0.0164159
0.0163365
0.0162256
0.0160859
0.0159186
0.0157205
0.0154872
0.0152225
0.0149421
0.014637
0.014317
0.0138869
0.0133373
0.0127184
0.01216
0.0115996
0.0110036
0.0104028
0.00980861
0.00919176
0.00853577
0.00785295
0.00714891
0.00642325
0.00568471
0.00494674
0.00422059
0.0035284
0.0028901
0.0023147
0.00181957
0.00140763
0.00108218
0.000828031
0.000642002
0.000494562
0.000393365
0.013007
0.0131422
0.0132664
0.0133767
0.013459
0.0135214
0.0135409
0.013535
0.0135144
0.0134527
0.0133718
0.013281
0.013185
0.0130874
0.0129909
0.0128975
0.0128086
0.0127247
0.0126462
0.012573
0.0125047
0.0124407
0.0123807
0.0123243
0.0122708
0.0122198
0.0121706
0.0121229
0.0120763
0.0120308
0.0119861
0.0119423
0.0118995
0.0118578
0.0118177
0.0117794
0.0117435
0.01171
0.0116805
0.011658
0.0116391
0.0116286
0.0116266
0.011682
0.011817
0.0118996
0.0118983
0.011998
0.0120966
0.0122878
0.0125035
0.0127333
0.0129721
0.0132114
0.0134422
0.0136568
0.0138496
0.014016
0.0141519
0.0142569
0.0143337
0.0143844
0.0144096
0.0144098
0.0143851
0.0143355
0.0142612
0.0141623
0.0140388
0.0138864
0.0137027
0.013486
0.0132365
0.0130291
0.0128503
0.0124884
0.0119825
0.0114698
0.0110305
0.0105749
0.0100911
0.00959051
0.00908967
0.00860923
0.00814008
0.00765369
0.00714481
0.00662121
0.00609195
0.00555305
0.00500351
0.00444031
0.00387526
0.00332472
0.0028063
0.0023255
0.00190498
0.0126638
0.0127489
0.0128187
0.0128916
0.0129571
0.0129735
0.0130033
0.0130288
0.0130188
0.0129856
0.0129422
0.0128896
0.0128294
0.0127634
0.0126932
0.0126201
0.0125454
0.0124699
0.0123945
0.0123199
0.0122464
0.0121741
0.0121031
0.0120333
0.0119646
0.0118968
0.0118294
0.0117625
0.0116961
0.0116299
0.0115642
0.0114988
0.011434
0.0113695
0.0113061
0.0112428
0.0111814
0.0111196
0.0110617
0.0110011
0.0109476
0.0108921
0.0108428
0.0107794
0.0107869
0.0107253
0.0108584
0.01079
0.0108694
0.010763
0.0108454
0.0108638
0.0109282
0.0110177
0.0111307
0.0112582
0.0113913
0.0115254
0.0116648
0.0118117
0.0119592
0.0120943
0.0122098
0.012302
0.0123692
0.0124117
0.0124305
0.0124268
0.0124026
0.0123619
0.012309
0.0122381
0.0121501
0.0120341
0.0118877
0.0116826
0.011487
0.0113299
0.0112552
0.0110594
0.010676
0.010284
0.00986356
0.00948475
0.00908288
0.00866536
0.00823424
0.00778539
0.00732146
0.00683455
0.00632643
0.0057953
0.00524023
0.00467782
0.00409302
0.00351614
0.0029341
0.0121305
0.0121777
0.0121906
0.0122232
0.0122602
0.0122905
0.0123063
0.0122966
0.0122795
0.0122554
0.0122247
0.0121876
0.0121442
0.0120948
0.01204
0.0119803
0.0119166
0.0118494
0.0117795
0.0117081
0.0116356
0.011562
0.0114876
0.0114124
0.0113365
0.0112599
0.0111826
0.0111046
0.0110261
0.0109469
0.0108671
0.0107869
0.0107061
0.0106251
0.0105438
0.0104625
0.0103808
0.0103005
0.0102186
0.0101397
0.010059
0.00998667
0.0099014
0.00982919
0.0097516
0.00970758
0.00966742
0.00963845
0.00960234
0.00959738
0.00957665
0.00956476
0.00957351
0.00953272
0.00953493
0.00948342
0.00946707
0.00947751
0.00950514
0.0095439
0.00958211
0.00962901
0.00968392
0.00974778
0.00981835
0.00989407
0.00997434
0.010057
0.0101354
0.0101942
0.0102261
0.0102331
0.0102221
0.0101892
0.0101344
0.0100615
0.00996149
0.00979504
0.00957842
0.00933366
0.00924688
0.00924035
0.00915588
0.00904892
0.00878185
0.00843144
0.00804703
0.0076972
0.00730749
0.00686997
0.00637293
0.00584565
0.00530753
0.0047532
0.00411588
0.00348172
0.00280691
0.0113352
0.0113569
0.0113812
0.0113843
0.0113806
0.0113706
0.011354
0.0113318
0.011304
0.0112709
0.0112327
0.0111897
0.0111421
0.0110905
0.0110352
0.0109768
0.0109155
0.010852
0.0107862
0.010717
0.0106448
0.0105693
0.0104917
0.0104119
0.0103303
0.0102468
0.0101615
0.0100743
0.00998551
0.00989481
0.00980281
0.00970899
0.00961439
0.00951805
0.00942166
0.00932373
0.00922638
0.00912834
0.00903047
0.00893302
0.00883721
0.00874026
0.0086489
0.00855743
0.00847795
0.00838477
0.00827958
0.00822767
0.008181
0.00816709
0.00809135
0.00795744
0.00805148
0.00793833
0.008008
0.00788052
0.00791003
0.00781624
0.00768922
0.00760553
0.00737599
0.00728083
0.00710631
0.00698084
0.00687392
0.00677109
0.0066875
0.00662226
0.0065755
0.00653431
0.00652373
0.00653452
0.00658498
0.00660903
0.00661695
0.00664035
0.00663583
0.00658548
0.00637978
0.00630301
0.00628054
0.00628769
0.00632641
0.00623979
0.0062873
0.00623752
0.00603
0.00564473
0.00514085
0.00466425
0.00417806
0.00364043
0.00301667
0.00238425
0.00181873
0.00135873
0.000962733
0.0101934
0.0101736
0.0101509
0.0101271
0.0101002
0.0100695
0.010035
0.0099965
0.00995426
0.00990833
0.00985879
0.00980576
0.00974934
0.00968968
0.00962693
0.00956132
0.00949305
0.00942236
0.00934938
0.00927432
0.00919692
0.00911777
0.00903575
0.00895061
0.00886234
0.00877098
0.00867658
0.00857925
0.00847908
0.00837633
0.00827116
0.00816382
0.0080548
0.00794361
0.00783224
0.00771836
0.00760506
0.00749021
0.00737579
0.00726283
0.007145
0.00703929
0.00692323
0.00680693
0.0066683
0.00652876
0.00637224
0.00621697
0.0060476
0.00590483
0.00569753
0.0055379
0.00538782
0.00521491
0.0050869
0.00484638
0.00458143
0.00437238
0.00410408
0.00390881
0.00361596
0.00344091
0.00323025
0.00324287
0.00317239
0.00309186
0.00305576
0.00299233
0.00293701
0.00287285
0.0028296
0.00283955
0.00283112
0.00272143
0.00259439
0.00240852
0.00233793
0.00233346
0.00229467
0.00227742
0.00229688
0.00228852
0.00226468
0.00222204
0.00219522
0.00212325
0.00202839
0.00176074
0.00149224
0.00126417
0.00104794
0.000845099
0.000659291
0.000499036
0.000364543
0.000261033
0.000178382
0.00841677
0.0083933
0.00837072
0.00834429
0.00831356
0.00827889
0.00823954
0.00819701
0.00814893
0.00809462
0.008034
0.00796695
0.00789335
0.00781316
0.00772656
0.00763382
0.00753533
0.00743131
0.00732191
0.007207
0.00708647
0.00696012
0.00682791
0.00668996
0.00654651
0.00639809
0.0062451
0.00608826
0.0059279
0.00576461
0.00559876
0.00543049
0.00526031
0.00508771
0.00491463
0.00473839
0.00456146
0.00438476
0.00420444
0.00402522
0.0038462
0.003666
0.00348245
0.00331051
0.00314584
0.00298991
0.00283842
0.00269938
0.00255815
0.00243493
0.00230704
0.0021972
0.00208104
0.00198428
0.00187575
0.00178347
0.00167532
0.00158805
0.00150175
0.0014219
0.00136342
0.00134669
0.00129247
0.00124178
0.001162
0.00111571
0.00106558
0.00103062
0.00100374
0.000987551
0.000959562
0.00094641
0.000924118
0.000900847
0.000878622
0.000855622
0.000835639
0.00080346
0.000778236
0.000741334
0.000709417
0.00067828
0.000644618
0.000604005
0.000550465
0.000481176
0.000400876
0.000321049
0.000254391
0.000203547
0.000159532
0.000122354
9.174e-05
6.7465e-05
4.84812e-05
3.44532e-05
2.37421e-05
0.00472783
0.00466052
0.00458858
0.00451319
0.00443501
0.00435223
0.00426641
0.00417516
0.00408133
0.00398594
0.0038889
0.00379016
0.00368964
0.00358767
0.00348461
0.00338115
0.00327772
0.0031747
0.00307203
0.00296966
0.00286742
0.00276544
0.0026639
0.00256333
0.00246409
0.00236671
0.00227134
0.00217825
0.00208736
0.00199875
0.00191234
0.00182811
0.00174614
0.00166636
0.001589
0.00151381
0.00144111
0.00137079
0.00130269
0.00123707
0.00117357
0.00111253
0.00105341
0.000996641
0.000941891
0.000889219
0.000838564
0.000790068
0.000743395
0.000699164
0.000656801
0.000616833
0.00057875
0.000542829
0.000508266
0.000475339
0.000443684
0.000413911
0.000385592
0.000358955
0.000333797
0.000310166
0.00028798
0.000267597
0.000248981
0.000232269
0.00021747
0.000204678
0.000193787
0.000184674
0.000177055
0.000170546
0.000164684
0.000158949
0.000152834
0.000145915
0.000138094
0.000129344
0.000120003
0.000110361
0.000100563
9.06826e-05
8.05815e-05
7.02423e-05
5.98133e-05
4.96576e-05
4.0289e-05
3.22968e-05
2.59669e-05
2.06025e-05
1.61616e-05
1.25521e-05
9.69595e-06
7.47149e-06
5.77061e-06
4.49196e-06
3.51848e-06
0.000952814
0.00094376
0.000933183
0.000920794
0.000906352
0.00088921
0.000868479
0.000847951
0.000827125
0.00080709
0.00078682
0.000765981
0.000744409
0.000722764
0.000700215
0.000677545
0.000653886
0.000630488
0.000606391
0.000582944
0.000559085
0.000536072
0.000512892
0.000490778
0.000468751
0.000447891
0.000427216
0.000407582
0.000388168
0.000369593
0.000351433
0.000333887
0.000317132
0.000300576
0.000285241
0.000269841
0.000255833
0.000241699
0.000228837
0.000215764
0.00020386
0.000191647
0.000180599
0.000169217
0.000159025
0.000148521
0.00013925
0.000129698
0.000121396
0.000112805
0.000105423
9.77505e-05
9.12156e-05
8.43796e-05
7.85599e-05
7.24346e-05
6.72133e-05
6.17141e-05
5.70551e-05
5.21743e-05
4.80702e-05
4.39006e-05
4.04326e-05
3.69572e-05
3.41108e-05
3.12917e-05
2.90254e-05
2.67975e-05
2.50218e-05
2.329e-05
2.19237e-05
2.05344e-05
1.9415e-05
1.82401e-05
1.71803e-05
1.60551e-05
1.50315e-05
1.39574e-05
1.31896e-05
1.19997e-05
1.09794e-05
9.92737e-06
9.01656e-06
8.16339e-06
7.3902e-06
6.58852e-06
5.82394e-06
5.05687e-06
4.40485e-06
3.81048e-06
3.32763e-06
2.94281e-06
2.65352e-06
2.44171e-06
2.29404e-06
2.23827e-06
2.07114e-06
5.68063e-05
5.76718e-05
5.78955e-05
5.85973e-05
5.8581e-05
5.90308e-05
5.92275e-05
5.96932e-05
6.00683e-05
6.0038e-05
6.00387e-05
6.00223e-05
5.99853e-05
5.99085e-05
5.98017e-05
5.96358e-05
5.94399e-05
5.91902e-05
5.88933e-05
5.8564e-05
5.81689e-05
5.76976e-05
5.71649e-05
5.65534e-05
5.59278e-05
5.52682e-05
5.46757e-05
5.40596e-05
5.35026e-05
5.2903e-05
5.23999e-05
5.187e-05
5.14156e-05
5.08777e-05
5.045e-05
4.9487e-05
4.92713e-05
4.78775e-05
4.80166e-05
4.6601e-05
4.65347e-05
4.50719e-05
4.45586e-05
4.27355e-05
4.1792e-05
3.937e-05
3.83764e-05
3.55019e-05
3.57085e-05
3.2925e-05
3.24549e-05
3.00968e-05
2.94307e-05
2.70613e-05
2.68734e-05
2.42606e-05
2.37647e-05
2.12141e-05
2.12825e-05
1.8698e-05
1.80432e-05
1.63131e-05
1.57793e-05
1.41028e-05
1.41227e-05
1.2701e-05
1.24462e-05
1.14148e-05
1.11126e-05
1.02383e-05
1.03049e-05
9.46115e-06
9.5353e-06
8.84069e-06
9.01271e-06
8.43419e-06
8.55545e-06
8.12622e-06
8.50008e-06
8.17947e-06
8.38259e-06
8.09119e-06
7.41788e-06
6.73543e-06
6.76218e-06
6.9293e-06
6.99621e-06
7.08302e-06
7.84848e-06
7.21293e-06
6.90645e-06
6.02954e-06
5.65998e-06
5.59655e-06
5.73749e-06
6.26473e-06
5.85955e-06
3.80552e-05
4.58263e-05
4.54749e-05
5.50342e-05
5.32956e-05
6.30687e-05
6.2006e-05
7.05974e-05
7.14015e-05
7.93273e-05
8.14627e-05
8.69475e-05
9.23743e-05
9.54863e-05
0.000101703
0.000103259
0.000109163
0.000112077
0.000114875
0.000119022
0.000122281
0.000122969
0.000131756
0.000133241
0.00014383
0.000141885
0.000154403
0.00015124
0.000161167
0.000154973
0.000163294
0.000157162
0.000168314
0.000163419
0.000177523
0.000180029
0.000185892
0.00017888
0.000178995
0.000177514
0.000177621
0.000192649
0.000191672
0.00020944
0.000194722
0.000192348
0.000173131
0.000180166
0.000169899
0.000167382
0.000157428
0.000158041
0.00014685
0.00014679
0.00013542
0.000135507
0.000116253
0.000110887
0.00011107
0.000100559
8.74942e-05
8.17486e-05
8.15364e-05
7.48367e-05
7.27657e-05
6.60817e-05
6.77373e-05
6.09567e-05
6.09406e-05
5.62558e-05
5.50712e-05
5.13082e-05
5.16303e-05
4.84402e-05
4.8131e-05
4.59535e-05
4.62315e-05
4.34784e-05
4.33577e-05
4.53515e-05
4.35203e-05
4.31761e-05
4.42699e-05
4.09768e-05
3.94482e-05
3.98953e-05
4.02997e-05
4.01807e-05
4.11602e-05
3.97933e-05
3.86031e-05
3.53027e-05
3.22339e-05
2.89268e-05
2.76577e-05
2.66312e-05
2.53442e-05
0.000986006
0.00100468
0.00102775
0.00104754
0.00106275
0.00108537
0.0010954
0.00111503
0.00112889
0.00115147
0.00116212
0.00118941
0.00119981
0.00122915
0.00123098
0.00125116
0.0012579
0.00126091
0.00127504
0.00127352
0.00128394
0.00128552
0.0013152
0.00133233
0.00138145
0.00139623
0.00146027
0.00145428
0.00152856
0.00150284
0.00146193
0.00142316
0.00137377
0.00134676
0.00131008
0.00129788
0.00129155
0.0012739
0.00127152
0.00123691
0.00123277
0.00118668
0.00118486
0.00116647
0.00111175
0.00110873
0.00103947
0.00103286
0.000958519
0.000959596
0.000878731
0.0008865
0.000807964
0.00080466
0.000735727
0.000734435
0.000664747
0.00066648
0.000596293
0.000606138
0.000546911
0.00054263
0.000487873
0.000486821
0.000446546
0.00044547
0.000409169
0.00039383
0.000365815
0.000367339
0.000334406
0.00033178
0.000301532
0.000279054
0.000275757
0.000273484
0.000258814
0.000260248
0.000246854
0.000248275
0.000233699
0.000239612
0.000232764
0.000215868
0.000204437
0.000198948
0.000189028
0.000185107
0.000177953
0.000176439
0.000173917
0.000169355
0.000161626
0.000152899
0.000141649
0.000130567
0.000117147
0.00480452
0.00483782
0.00486664
0.00489734
0.00492187
0.00494922
0.00496882
0.00499356
0.00500992
0.00503613
0.00505372
0.00508593
0.00510441
0.0051401
0.0051505
0.00518098
0.00517568
0.00520243
0.00518754
0.00522177
0.00521365
0.00527948
0.00527459
0.00536934
0.00534645
0.00539322
0.00527201
0.00521606
0.00509673
0.00505764
0.00492462
0.00488072
0.00473884
0.00472052
0.00476774
0.00471856
0.0046995
0.00462949
0.00454015
0.00444142
0.00435373
0.00429202
0.0042924
0.00419262
0.00416967
0.00402883
0.00388114
0.0037967
0.00367836
0.00359072
0.00347828
0.00339067
0.00327833
0.0031916
0.0030809
0.00299066
0.00288495
0.00279712
0.00268655
0.00260407
0.00249413
0.00239822
0.00232471
0.00219757
0.0021613
0.00215216
0.0020004
0.00195757
0.00194743
0.00180295
0.00173998
0.00176492
0.00162976
0.0015478
0.00150463
0.00144758
0.0013976
0.00135247
0.00131187
0.00127517
0.00124204
0.00121205
0.00118544
0.0011623
0.00114187
0.00111966
0.00109952
0.00107177
0.00103707
0.000994891
0.000942474
0.000882616
0.000813231
0.000740462
0.000661089
0.00058439
0.000504004
0.00825255
0.00828349
0.00831401
0.00834411
0.00837379
0.00840305
0.00843192
0.00846042
0.00848856
0.00851637
0.00854384
0.00857094
0.00859756
0.00862358
0.00864906
0.00867393
0.00869827
0.00872214
0.00874613
0.0087705
0.00879562
0.00882119
0.00884755
0.00887487
0.00890416
0.008935
0.00896661
0.00899568
0.00901841
0.00903291
0.00904091
0.00904253
0.0090326
0.00901408
0.00899807
0.00901086
0.00907021
0.00904066
0.00896697
0.00889609
0.00885462
0.00878297
0.00871059
0.00862966
0.00862736
0.0085435
0.00848215
0.00839126
0.00830645
0.00824669
0.00818977
0.00810925
0.00808487
0.00807828
0.00809521
0.00804999
0.00801774
0.00790407
0.00782967
0.0077148
0.00759784
0.00760887
0.00758943
0.00758804
0.00753709
0.00742198
0.00743163
0.00733658
0.00736386
0.00725896
0.00720565
0.00710148
0.00697882
0.00682327
0.00668931
0.0064908
0.00636099
0.00620766
0.00607092
0.00592008
0.00577526
0.00563373
0.00549495
0.00534963
0.00519176
0.0050183
0.00482507
0.00460926
0.00436813
0.00410176
0.00380566
0.00348447
0.00313978
0.00278794
0.00243004
0.0020844
0.00174812
0.01058
0.0106396
0.0106992
0.0107587
0.0108179
0.010877
0.0109358
0.0109942
0.0110523
0.0111099
0.011167
0.0112236
0.0112794
0.0113346
0.0113889
0.0114425
0.0114951
0.0115469
0.0115977
0.0116477
0.0116966
0.0117446
0.0117912
0.0118364
0.0118798
0.011921
0.0119599
0.0119963
0.01203
0.0120612
0.01209
0.0121162
0.0121392
0.0121583
0.012173
0.0121836
0.0121888
0.0121884
0.0121854
0.0121754
0.0121681
0.0121606
0.0121403
0.0121035
0.0120552
0.0120033
0.0119477
0.011896
0.0118505
0.0118129
0.0117816
0.0117591
0.0117279
0.0117278
0.0116423
0.0115765
0.0115223
0.0114567
0.0114334
0.0114379
0.011357
0.0113039
0.0112423
0.0112125
0.0111455
0.0110861
0.0110154
0.0109798
0.01093
0.0109122
0.0109089
0.0109156
0.0108841
0.0108643
0.0108389
0.0108188
0.0107707
0.0106717
0.0105427
0.0102907
0.0100276
0.00971078
0.0093711
0.00901602
0.00864737
0.00826203
0.007857
0.00742928
0.00697553
0.00649432
0.0059897
0.00546865
0.00492958
0.00438018
0.00382302
0.00328202
0.00275654
0.0127276
0.0128016
0.0128741
0.0129452
0.0130147
0.0130828
0.0131494
0.0132147
0.0132785
0.0133408
0.0134017
0.0134609
0.0135185
0.0135744
0.0136286
0.013681
0.0137315
0.0137802
0.013827
0.0138719
0.0139147
0.0139554
0.0139935
0.0140283
0.0140587
0.0140841
0.0141053
0.0141233
0.0141388
0.0141527
0.0141647
0.0141742
0.0141791
0.0141773
0.0141704
0.0141507
0.0140916
0.0140461
0.0139932
0.0139523
0.0139129
0.0138855
0.0138339
0.0137987
0.0137529
0.0137215
0.0136779
0.0136547
0.0136094
0.0135829
0.0135428
0.0135173
0.0134785
0.0134578
0.0134268
0.0134218
0.0133925
0.0133986
0.0133793
0.0133729
0.0133569
0.0133449
0.0133279
0.0132946
0.0132506
0.0131808
0.013102
0.0129902
0.0128745
0.0127402
0.0125948
0.012438
0.0122668
0.0120809
0.0118779
0.0116577
0.0114192
0.0111632
0.0108912
0.0106013
0.0102932
0.00996676
0.00962252
0.00926027
0.00887814
0.00847288
0.00804314
0.00758844
0.00710735
0.00659592
0.00606926
0.0055575
0.0050373
0.00449996
0.00393302
0.00338848
0.00286087
0.0143601
0.0144229
0.0144834
0.0145415
0.0145974
0.0146513
0.0147034
0.0147538
0.0148025
0.0148494
0.0148946
0.014938
0.0149794
0.0150187
0.0150558
0.0150908
0.0151234
0.0151538
0.0151816
0.0152069
0.0152294
0.0152492
0.0152658
0.0152781
0.015278
0.01526
0.0152403
0.0152254
0.0152134
0.0152001
0.0151845
0.0151779
0.015166
0.0151593
0.0151522
0.0151512
0.01514
0.0151325
0.0151171
0.015096
0.0150699
0.01504
0.015006
0.014969
0.0149286
0.0148855
0.0148393
0.0147906
0.0147388
0.0146842
0.0146252
0.0145627
0.0144961
0.0144264
0.0143534
0.014278
0.0141987
0.0141162
0.0140297
0.0139397
0.0138452
0.013746
0.013641
0.0135291
0.0134091
0.0132795
0.0131394
0.0129877
0.0128238
0.0126469
0.0124565
0.0122548
0.0120472
0.0118316
0.011608
0.0113758
0.0111333
0.0108788
0.0106109
0.0103288
0.0100316
0.00971859
0.00939014
0.00904566
0.00868088
0.00828655
0.00786066
0.00741105
0.00693944
0.00644534
0.00593639
0.00542248
0.00487649
0.00432902
0.00375132
0.00309966
0.0024013
0.0152395
0.0152822
0.0153221
0.0153591
0.0153936
0.0154264
0.0154577
0.0154871
0.0155139
0.0155382
0.015561
0.0155823
0.015602
0.0156198
0.0156355
0.0156489
0.01566
0.0156685
0.0156745
0.0156766
0.0156741
0.015666
0.0156603
0.015659
0.0156514
0.0156379
0.0156198
0.0155983
0.0155744
0.0155485
0.0155209
0.0154919
0.0154612
0.0154291
0.0153954
0.0153604
0.015323
0.0152831
0.0152401
0.015194
0.0151444
0.0150914
0.015035
0.0149751
0.0149117
0.0148447
0.0147742
0.0146999
0.014622
0.0145402
0.0144544
0.0143645
0.0142703
0.0141718
0.0140688
0.0139616
0.0138523
0.0137407
0.0136261
0.0135079
0.0133858
0.013259
0.0131271
0.0129893
0.0128451
0.0126936
0.0125343
0.0123666
0.01219
0.0120041
0.0118092
0.011608
0.0114025
0.0111863
0.0109594
0.0107213
0.0104708
0.0102047
0.00991969
0.00961462
0.00929352
0.00895705
0.00860636
0.00824149
0.00785959
0.00745355
0.00702407
0.00658333
0.00613514
0.00568887
0.00524333
0.00477931
0.0042568
0.00364207
0.0029747
0.0023832
0.0019053
0.0153988
0.015425
0.0154409
0.0154568
0.0154729
0.0154923
0.0155112
0.0155267
0.0155324
0.0155267
0.0155223
0.0155193
0.0155159
0.0155112
0.0155047
0.0154961
0.0154854
0.0154723
0.0154569
0.0154391
0.0154187
0.0153961
0.0153718
0.0153454
0.0153163
0.0152842
0.0152492
0.0152114
0.015171
0.0151284
0.0150835
0.0150366
0.0149877
0.0149368
0.0148839
0.0148292
0.0147734
0.0147159
0.0146564
0.0145945
0.01453
0.0144628
0.0143926
0.0143192
0.0142426
0.0141627
0.0140793
0.0139923
0.0139016
0.0138073
0.013709
0.0136068
0.0135005
0.01339
0.0132752
0.0131563
0.0130349
0.0129086
0.0127774
0.0126412
0.0124999
0.0123532
0.0122011
0.0120431
0.0118789
0.0117082
0.0115307
0.011346
0.0111539
0.010954
0.0107462
0.0105303
0.0103062
0.0100731
0.00983082
0.00957825
0.0093139
0.00903269
0.00873332
0.00841949
0.00809654
0.00776305
0.0074204
0.00706827
0.00670585
0.00633222
0.00594649
0.00555084
0.00515124
0.00474149
0.00429485
0.00381588
0.00330437
0.0027972
0.00236696
0.00202681
0.00171211
0.015
0.0150018
0.0150009
0.0149976
0.0149925
0.0149862
0.0149786
0.0149688
0.014956
0.0149407
0.0149239
0.0149059
0.0148866
0.0148661
0.0148442
0.0148206
0.0147953
0.0147682
0.0147391
0.0147081
0.0146751
0.0146402
0.0146033
0.0145643
0.0145231
0.0144797
0.0144338
0.0143858
0.0143354
0.014283
0.0142284
0.0141717
0.014113
0.0140523
0.0139894
0.0139248
0.0138582
0.0137892
0.0137177
0.0136437
0.0135671
0.0134877
0.0134053
0.0133198
0.0132312
0.0131392
0.0130439
0.0129449
0.0128424
0.012736
0.0126259
0.0125118
0.0123937
0.0122715
0.012145
0.0120144
0.0118797
0.0117406
0.011597
0.0114487
0.0112955
0.0111372
0.0109737
0.0108048
0.0106302
0.0104496
0.010263
0.0100698
0.00987005
0.00966325
0.00944909
0.00922722
0.00899732
0.00875937
0.00851355
0.00825968
0.00799793
0.00772524
0.00744148
0.00714872
0.00684749
0.00653658
0.0062197
0.00589436
0.00556004
0.00521791
0.00486768
0.00451121
0.00415282
0.00378626
0.00339029
0.00299219
0.00261144
0.00227711
0.00199554
0.00175612
0.00152746
0.0142035
0.0141905
0.0141756
0.0141591
0.014141
0.0141216
0.0141009
0.0140786
0.0140547
0.0140293
0.0140026
0.0139745
0.0139449
0.0139139
0.0138814
0.0138473
0.0138117
0.0137744
0.0137354
0.0136946
0.0136521
0.0136079
0.0135617
0.0135136
0.0134636
0.0134115
0.0133574
0.0133013
0.013243
0.0131828
0.0131204
0.0130561
0.0129896
0.0129211
0.0128505
0.0127778
0.0127029
0.0126256
0.012546
0.0124638
0.0123788
0.0122911
0.0122005
0.0121068
0.0120099
0.0119097
0.0118062
0.0116991
0.0115885
0.0114743
0.0113563
0.0112345
0.0111088
0.0109792
0.0108457
0.0107081
0.0105666
0.010421
0.0102712
0.0101171
0.00995873
0.00979585
0.00962836
0.00945611
0.00927895
0.00909667
0.0089091
0.00871606
0.00851737
0.00831283
0.00810216
0.00788523
0.00766202
0.00743265
0.00719702
0.00695526
0.00670726
0.00645283
0.00619228
0.00592616
0.00565438
0.00537596
0.00509473
0.00480794
0.00451554
0.00421929
0.00391969
0.00361905
0.00331945
0.00302268
0.00272951
0.00244765
0.00218365
0.0019549
0.00177778
0.00163858
0.00150983
0.0131628
0.0131404
0.0131165
0.0130914
0.0130651
0.0130376
0.0130089
0.012979
0.012948
0.0129157
0.0128822
0.0128475
0.0128114
0.012774
0.0127352
0.0126949
0.0126532
0.0126099
0.012565
0.0125184
0.0124702
0.0124203
0.0123686
0.012315
0.0122596
0.0122023
0.012143
0.0120818
0.0120186
0.0119534
0.0118862
0.011817
0.0117457
0.0116723
0.0115968
0.0115191
0.0114392
0.0113569
0.0112722
0.0111848
0.0110948
0.011002
0.0109063
0.0108075
0.0107056
0.0106005
0.0104921
0.0103804
0.0102652
0.0101465
0.0100244
0.00989871
0.00976953
0.00963682
0.00950059
0.00936084
0.00921758
0.00907081
0.00892053
0.00876672
0.00860932
0.00844826
0.00828351
0.008115
0.00794259
0.00776608
0.00758543
0.00740054
0.00721136
0.00701775
0.00681942
0.00661651
0.00640947
0.00619834
0.00598292
0.00576333
0.00553962
0.00531209
0.00508163
0.00484893
0.00461411
0.00437755
0.00413977
0.00390132
0.00366266
0.00342496
0.00318889
0.00295675
0.0027307
0.00251369
0.0023067
0.00211319
0.00193134
0.00176496
0.00162756
0.00151731
0.001427
0.011991
0.0119636
0.0119351
0.0119056
0.0118751
0.0118436
0.0118112
0.0117778
0.0117433
0.0117077
0.0116709
0.011633
0.0115938
0.0115534
0.0115115
0.0114682
0.0114235
0.0113772
0.0113293
0.0112798
0.0112287
0.0111758
0.0111211
0.0110646
0.0110063
0.0109461
0.0108841
0.0108201
0.0107542
0.0106863
0.0106165
0.0105447
0.0104709
0.010395
0.010317
0.0102367
0.0101543
0.0100694
0.00998215
0.0098923
0.00979979
0.0097045
0.00960636
0.00950527
0.00940117
0.00929401
0.00918373
0.00907031
0.00895377
0.00883411
0.00871136
0.00858558
0.00845682
0.00832515
0.00819063
0.00805331
0.00791323
0.00777047
0.0076251
0.00747714
0.00732652
0.00717325
0.00701742
0.006859
0.00669776
0.00653347
0.00636635
0.00619644
0.00602362
0.00584769
0.00566825
0.00548613
0.00530256
0.00511695
0.00492832
0.00473718
0.00454386
0.00434917
0.00415441
0.00395996
0.00376616
0.00357289
0.00337898
0.00318777
0.00300038
0.00281784
0.0026406
0.00247061
0.00230846
0.00215587
0.00201292
0.00187996
0.00175577
0.00164224
0.00154482
0.00145794
0.00138676
0.0107737
0.0107446
0.0107147
0.0106841
0.0106525
0.0106202
0.0105869
0.0105526
0.0105174
0.010481
0.0104435
0.0104048
0.0103649
0.0103235
0.0102808
0.0102366
0.0101909
0.0101436
0.0100947
0.0100441
0.00999182
0.00993779
0.009882
0.00982441
0.009765
0.00970376
0.00964067
0.00957571
0.00950889
0.00944018
0.00936958
0.00929705
0.00922257
0.00914609
0.00906753
0.00898683
0.00890389
0.00881865
0.00873099
0.00864082
0.00854807
0.00845265
0.00835451
0.0082536
0.00814991
0.00804341
0.00793412
0.00782209
0.00770738
0.00759008
0.0074703
0.00734816
0.00722378
0.00709729
0.00696882
0.0068384
0.00670613
0.00657216
0.00643659
0.00629938
0.00616044
0.00601988
0.00587796
0.00573453
0.00558913
0.00544157
0.00529255
0.00514222
0.00498997
0.00483544
0.00467837
0.0045207
0.00436382
0.00420505
0.0040425
0.00387946
0.00371629
0.00355348
0.0033916
0.00323126
0.0030731
0.00291693
0.00276248
0.0026128
0.00246875
0.0023309
0.00219941
0.00207546
0.0019587
0.00185009
0.00174937
0.00165656
0.00157128
0.00149435
0.00143144
0.0013717
0.00132097
0.00956834
0.00954006
0.00951107
0.00948134
0.0094508
0.00941939
0.00938706
0.00935372
0.00931932
0.00928378
0.00924702
0.00920899
0.0091696
0.00912879
0.00908651
0.00904269
0.00899728
0.00895024
0.00890154
0.00885115
0.00879904
0.0087452
0.00868961
0.00863227
0.00857316
0.00851227
0.00844961
0.00838518
0.00831897
0.008251
0.00818123
0.00810966
0.00803624
0.00796091
0.00788359
0.00780421
0.00772269
0.00763894
0.00755288
0.00746444
0.00737357
0.00728022
0.00718441
0.00708613
0.00698541
0.00688229
0.00677685
0.00666922
0.00655952
0.00644792
0.00633459
0.0062197
0.00610342
0.00598594
0.00586737
0.00574772
0.00562709
0.00550568
0.0053836
0.00526064
0.00513666
0.00501197
0.00488697
0.00476126
0.00463397
0.0045052
0.00437638
0.00424742
0.00411628
0.00398252
0.0038475
0.00371256
0.00357858
0.00344288
0.00330548
0.00316956
0.0030349
0.00290179
0.00277052
0.00264168
0.00251579
0.0023933
0.00227449
0.00216027
0.00205128
0.0019478
0.00185007
0.00175833
0.00167237
0.00159234
0.00151812
0.00145053
0.00138962
0.00133553
0.00129102
0.00124896
0.00121617
0.00841109
0.00838492
0.00835806
0.0083304
0.00830189
0.00827245
0.00824201
0.00821048
0.00817779
0.00814387
0.00810865
0.00807207
0.00803406
0.00799456
0.00795352
0.0079109
0.00786665
0.00782076
0.0077732
0.00772397
0.00767307
0.00762049
0.00756624
0.00751031
0.00745271
0.00739345
0.00733254
0.00726999
0.00720581
0.00714002
0.0070726
0.00700351
0.00693271
0.00686012
0.00678567
0.00670928
0.00663088
0.0065504
0.0064678
0.00638302
0.00629606
0.00620693
0.00611571
0.00602242
0.00592716
0.00583002
0.00573116
0.00563076
0.005529
0.00542611
0.00532228
0.00521771
0.00511257
0.00500703
0.00490117
0.00479495
0.00468839
0.00458173
0.00447507
0.00436801
0.00426031
0.00415255
0.00404545
0.00393806
0.00382847
0.00371783
0.00360731
0.00349636
0.00338337
0.00326942
0.00315551
0.00304232
0.00293001
0.00281751
0.00270539
0.00259453
0.00248532
0.00237818
0.00227331
0.00217131
0.00207253
0.00197725
0.00188594
0.00179895
0.00171646
0.00163856
0.00156538
0.00149684
0.00143274
0.00137317
0.00131837
0.00126903
0.0012251
0.00118704
0.00115608
0.00112863
0.00111261
0.00732208
0.00729856
0.00727431
0.00724918
0.00722311
0.00719602
0.00716784
0.00713847
0.00710787
0.00707596
0.0070427
0.00700802
0.00697187
0.0069342
0.00689497
0.00685416
0.00681174
0.00676772
0.0067221
0.00667489
0.00662611
0.00657577
0.00652387
0.00647044
0.00641547
0.00635902
0.00630107
0.00624167
0.00618083
0.00611856
0.00605484
0.00598962
0.00592284
0.00585443
0.00578432
0.00571243
0.00563873
0.00556317
0.00548573
0.00540642
0.00532525
0.00524234
0.00515778
0.00507164
0.00498404
0.00489517
0.00480521
0.0047144
0.00462294
0.00453106
0.00443894
0.00434677
0.00425465
0.00416269
0.00407094
0.00397928
0.00388761
0.00379615
0.00370516
0.00361412
0.00352219
0.00343033
0.00333891
0.00324681
0.00315296
0.00305919
0.00296562
0.00287159
0.00277665
0.00268163
0.00258677
0.00249292
0.0024
0.00230785
0.00221676
0.0021272
0.0020395
0.00195406
0.001871
0.00179092
0.0017139
0.00164018
0.00157014
0.00150377
0.00144108
0.00138212
0.00132691
0.00127525
0.00122702
0.00118244
0.00114191
0.00110593
0.00107452
0.00104864
0.00102867
0.00101404
0.0010103
0.00631113
0.00629029
0.00626868
0.00624608
0.00622249
0.00619778
0.00617192
0.00614482
0.00611645
0.00608675
0.00605568
0.0060232
0.00598925
0.00595381
0.00591687
0.00587839
0.00583841
0.00579693
0.00575397
0.00570958
0.00566376
0.00561655
0.00556796
0.00551801
0.00546672
0.00541413
0.00536026
0.00530514
0.00524879
0.00519121
0.00513236
0.00507221
0.00501066
0.00494766
0.00488316
0.00481709
0.00474949
0.00468028
0.0046095
0.00453722
0.00446349
0.00438848
0.00431229
0.004235
0.00415681
0.00407791
0.00399854
0.00391891
0.00383923
0.00375969
0.00368041
0.00360151
0.00352302
0.00344495
0.00336728
0.00329007
0.00321286
0.00313547
0.00305834
0.00298093
0.00290283
0.00282539
0.00274817
0.00267025
0.00259154
0.00251276
0.00243403
0.00235503
0.00227579
0.00219692
0.00211848
0.0020413
0.00196513
0.00189024
0.00181668
0.00174481
0.00167485
0.00160717
0.00154179
0.00147926
0.00141944
0.00136259
0.00130891
0.00125817
0.0012104
0.00116564
0.0011238
0.00108469
0.00104829
0.00101495
0.000985063
0.000959068
0.000937273
0.000920917
0.000909972
0.000904926
0.000908614
0.0053819
0.00536349
0.00534428
0.00532403
0.00530275
0.00528032
0.00525672
0.00523189
0.0052058
0.00517843
0.00514972
0.00511966
0.00508822
0.00505537
0.00502113
0.00498548
0.00494849
0.00491016
0.00487054
0.00482968
0.00478758
0.00474431
0.00469984
0.00465424
0.0046075
0.00455969
0.0045108
0.00446089
0.00440997
0.00435802
0.00430499
0.00425085
0.00419549
0.0041389
0.00408103
0.00402187
0.00396146
0.00389975
0.00383684
0.0037728
0.00370773
0.00364185
0.00357521
0.00350791
0.0034402
0.00337229
0.00330437
0.00323664
0.00316926
0.00310235
0.00303597
0.00297013
0.00290484
0.00283995
0.00277514
0.00271052
0.00264572
0.00258087
0.00251616
0.00245113
0.00238595
0.00232105
0.00225609
0.00219055
0.0021246
0.0020586
0.00199263
0.00192667
0.00186086
0.0017958
0.00173135
0.00166839
0.0016064
0.001546
0.00148695
0.00142965
0.00137418
0.00132088
0.00126969
0.00122112
0.00117483
0.00113115
0.00109008
0.00105126
0.00101488
0.000980909
0.000949137
0.000919485
0.000891993
0.000867076
0.000845123
0.000826679
0.000812335
0.00080326
0.000799114
0.000799752
0.000802453
0.00453475
0.00451841
0.00450131
0.00448314
0.00446397
0.00444367
0.00442224
0.00439964
0.00437587
0.0043509
0.00432471
0.00429728
0.0042686
0.00423867
0.00420751
0.00417513
0.0041416
0.00410695
0.00407123
0.00403449
0.00399674
0.00395804
0.00391835
0.00387776
0.00383624
0.00379387
0.00375065
0.00370663
0.0036618
0.00361614
0.00356958
0.00352212
0.00347363
0.00342415
0.00337364
0.00332213
0.00326969
0.00321624
0.00316197
0.00310694
0.00305127
0.00299519
0.00293868
0.00288186
0.00282502
0.00276834
0.00271196
0.00265601
0.00260059
0.00254576
0.00249153
0.00243777
0.00238411
0.0023306
0.00227715
0.00222377
0.00217015
0.00211641
0.00206243
0.00200815
0.00195381
0.00189951
0.001845
0.00179005
0.00173488
0.00167974
0.00162472
0.00157002
0.00151573
0.00146247
0.0014099
0.001359
0.00130893
0.00126061
0.00121351
0.00116814
0.00112443
0.00108272
0.0010429
0.00100539
0.000969727
0.000936349
0.000904981
0.000875324
0.000847715
0.000821939
0.000797765
0.000775241
0.000754382
0.000735708
0.000719648
0.000706922
0.000698261
0.000694353
0.000694736
0.000696393
0.000702566
0.00376859
0.003754
0.00373871
0.00372239
0.00370513
0.00368682
0.00366749
0.0036471
0.00362567
0.00360318
0.00357963
0.003555
0.0035293
0.00350255
0.00347478
0.003446
0.00341631
0.00338573
0.00335431
0.00332211
0.00328912
0.0032554
0.00322091
0.00318575
0.00314986
0.00311335
0.00307619
0.00303843
0.00300005
0.00296103
0.00292129
0.00288085
0.00283958
0.00279757
0.00275481
0.00271133
0.00266721
0.00262238
0.00257707
0.00253131
0.00248523
0.00243904
0.00239263
0.00234617
0.00229998
0.00225414
0.00220872
0.00216379
0.00211938
0.00207549
0.00203204
0.0019887
0.00194526
0.00190189
0.00185841
0.0018147
0.00177063
0.00172622
0.0016814
0.00163629
0.00159106
0.00154572
0.00150011
0.00145419
0.00140822
0.00136239
0.00131686
0.00127189
0.00122751
0.00118435
0.00114186
0.00110112
0.00106099
0.0010227
0.000985393
0.000949742
0.000915538
0.000883146
0.000852385
0.000823626
0.000796323
0.000770965
0.000747072
0.000724485
0.000703605
0.000683997
0.000665522
0.000648304
0.000632315
0.000618254
0.00060657
0.000598143
0.000593704
0.000593073
0.000595204
0.000599916
0.000608827
0.00308193
0.00306884
0.00305513
0.00304046
0.00302498
0.00300856
0.00299127
0.00297308
0.00295401
0.00293407
0.00291324
0.00289154
0.00286897
0.00284557
0.00282138
0.00279641
0.00277077
0.00274446
0.00271756
0.00269008
0.00266204
0.00263348
0.00260435
0.00257476
0.00254463
0.00251409
0.00248306
0.00245163
0.00241974
0.00238737
0.00235447
0.00232106
0.00228704
0.00225253
0.0022175
0.00218204
0.00214618
0.00210987
0.00207337
0.00203665
0.00199984
0.00196312
0.00192628
0.00188958
0.00185329
0.00181739
0.0017819
0.00174681
0.00171213
0.00167773
0.00164351
0.00160925
0.00157475
0.00154001
0.00150489
0.00146938
0.00143338
0.00139688
0.00135989
0.00132259
0.00128509
0.00124738
0.00120942
0.00117128
0.00113326
0.00109552
0.00105826
0.00102174
0.000985902
0.000951357
0.000917402
0.000885172
0.000853298
0.000823272
0.000793952
0.000766184
0.00073964
0.000714718
0.00069118
0.000669316
0.000648559
0.000629419
0.000611266
0.000594113
0.000578337
0.000563324
0.000549102
0.000535802
0.000523407
0.000512831
0.000504432
0.000499065
0.000497355
0.000498487
0.000504409
0.000510507
0.000521284
0.00247328
0.00246152
0.00244924
0.00243612
0.00242233
0.00240776
0.00239248
0.00237648
0.00235979
0.00234242
0.00232436
0.00230563
0.00228626
0.00226627
0.00224571
0.00222461
0.00220305
0.00218104
0.00215863
0.00213586
0.00211271
0.00208922
0.00206535
0.00204119
0.00201667
0.00199189
0.00196679
0.00194144
0.00191578
0.00188979
0.00186344
0.00183675
0.00180966
0.0017823
0.00175465
0.00172678
0.00169871
0.00167042
0.00164213
0.00161378
0.00158551
0.00155739
0.00152923
0.00150128
0.00147379
0.00144662
0.00141975
0.00139313
0.00136672
0.00134037
0.00131393
0.0012873
0.00126026
0.0012328
0.00120482
0.00117629
0.00114718
0.00111746
0.00108724
0.00105665
0.00102578
0.000994689
0.000963387
0.000932057
0.000900997
0.000870371
0.000840359
0.000811172
0.0007827
0.00075546
0.000728691
0.000703529
0.000678487
0.000655231
0.000632412
0.000611024
0.000590656
0.000571711
0.000553914
0.000537457
0.000521804
0.000507457
0.000493696
0.000480701
0.000468751
0.000457128
0.000446051
0.00043562
0.000425908
0.000417995
0.000412109
0.000409188
0.000409192
0.000412528
0.000421394
0.000428334
0.000439971
0.00194108
0.00193061
0.00191969
0.00190809
0.00189596
0.00188323
0.00186996
0.00185615
0.00184183
0.00182701
0.00181171
0.00179593
0.00177971
0.00176308
0.00174608
0.00172874
0.00171113
0.00169324
0.00167513
0.00165681
0.00163828
0.00161955
0.00160061
0.0015815
0.00156218
0.00154273
0.00152309
0.00150331
0.00148335
0.00146319
0.00144282
0.00142227
0.00140149
0.00138063
0.00135964
0.00133861
0.00131753
0.00129639
0.00127537
0.00125439
0.00123356
0.00121291
0.00119223
0.0011718
0.00115176
0.00113195
0.00111227
0.00109268
0.0010731
0.00105337
0.00103337
0.001013
0.000992149
0.000970777
0.000948789
0.000926167
0.000902931
0.000879084
0.00085474
0.000830055
0.000805025
0.000779774
0.000754379
0.000729107
0.000704232
0.000679901
0.00065626
0.000633431
0.000611272
0.000590191
0.000569447
0.000550107
0.000530707
0.000512952
0.000495413
0.000479163
0.000463755
0.000449563
0.000436294
0.000424034
0.000412361
0.000401711
0.000391336
0.000381551
0.000372501
0.000363481
0.00035488
0.000346739
0.000339278
0.000333578
0.000329703
0.000328512
0.000329749
0.000335291
0.000345781
0.000352926
0.000363789
0.00148348
0.0014743
0.00146476
0.00145471
0.00144426
0.00143338
0.00142212
0.00141048
0.00139851
0.0013862
0.00137357
0.00136065
0.00134746
0.00133403
0.00132039
0.00130657
0.00129262
0.00127854
0.00126436
0.0012501
0.00123573
0.00122129
0.00120674
0.00119213
0.00117742
0.00116267
0.00114782
0.00113293
0.00111795
0.00110287
0.00108771
0.00107249
0.00105719
0.00104192
0.00102665
0.00101145
0.000996295
0.000981187
0.000966254
0.000951417
0.000936746
0.000922232
0.000907706
0.00089341
0.000879395
0.000865478
0.000851569
0.000837603
0.00082349
0.000809089
0.000794304
0.000779054
0.000763281
0.000746929
0.000729984
0.000712429
0.000694295
0.000675586
0.000656418
0.000636914
0.000617072
0.000597049
0.000576965
0.000557133
0.000537774
0.000519008
0.000500919
0.000483553
0.000466754
0.000450824
0.000435112
0.000420558
0.000405841
0.000392573
0.000379365
0.000367291
0.0003559
0.000345502
0.000335814
0.000326838
0.000318269
0.000310451
0.000302694
0.000295396
0.00028857
0.00028161
0.000275015
0.000268773
0.000263227
0.000259318
0.000257009
0.000256873
0.000259247
0.000266283
0.0002772
0.000283652
0.00029263
0.00109785
0.00109005
0.00108194
0.00107349
0.00106476
0.00105575
0.00104649
0.001037
0.0010273
0.00101741
0.00100734
0.000997113
0.000986745
0.000976268
0.000965703
0.000955069
0.000944404
0.000933701
0.000922988
0.000912264
0.000901522
0.000890775
0.000880002
0.000869232
0.000858435
0.000847648
0.000836836
0.000826031
0.00081521
0.00080437
0.000793531
0.000782705
0.000771903
0.000761188
0.000750561
0.000740049
0.00072964
0.000719333
0.000709201
0.000699183
0.000689315
0.000679571
0.000669828
0.000660257
0.000650851
0.000641444
0.000631948
0.0006223
0.000612412
0.000602177
0.000591524
0.000580395
0.00056876
0.000556588
0.000543897
0.000530671
0.000516947
0.000502726
0.000488114
0.000473185
0.000458002
0.000442699
0.000427418
0.000412466
0.000397992
0.000384088
0.000370769
0.000358032
0.000345728
0.000334067
0.000322533
0.000311896
0.000301063
0.000291435
0.000281776
0.000273073
0.0002649
0.00025749
0.000250593
0.000244165
0.000238015
0.000232372
0.000226669
0.000221327
0.000216252
0.000210996
0.000206082
0.00020146
0.000197535
0.000195008
0.000193769
0.000194328
0.000197428
0.000205002
0.000215267
0.000219961
0.000227238
0.000780539
0.000774184
0.000767588
0.000760778
0.000753797
0.000746649
0.000739363
0.000731949
0.000724428
0.000716814
0.000709119
0.000701361
0.000693556
0.000685725
0.000677882
0.000670041
0.000662223
0.000654423
0.000646658
0.000638925
0.000631218
0.000623544
0.000615891
0.00060827
0.000600666
0.000593096
0.000585542
0.000578022
0.000570526
0.000563054
0.000555629
0.000548258
0.000540962
0.000533769
0.000526696
0.000519744
0.000512911
0.000506193
0.000499618
0.000493152
0.0004868
0.00048054
0.000474289
0.000468141
0.000462059
0.000455918
0.000449639
0.000443167
0.000436431
0.00042936
0.000421906
0.000414033
0.000405735
0.000397
0.000387855
0.000378292
0.000368346
0.000358018
0.000347396
0.000336528
0.000325487
0.000314389
0.000303375
0.000292698
0.00028244
0.00027266
0.000263325
0.000254411
0.000245794
0.000237612
0.000229495
0.000222029
0.000214383
0.00020767
0.000200888
0.00019486
0.000189215
0.000184108
0.000179344
0.000174858
0.000170569
0.000166594
0.000162517
0.000158722
0.000155051
0.000151224
0.000147712
0.000144445
0.000141817
0.000140268
0.000139666
0.000140656
0.000143873
0.000151039
0.000159782
0.000161984
0.000167988
0.00052672
0.000521855
0.000516801
0.000511645
0.000506387
0.00050105
0.000495646
0.000490187
0.000484687
0.000479157
0.000473608
0.000468053
0.000462502
0.000456969
0.000451462
0.00044599
0.000440563
0.000435177
0.000429841
0.000424551
0.000419304
0.0004141
0.000408935
0.000403809
0.000398717
0.000393663
0.000388641
0.000383658
0.000378714
0.00037381
0.000368966
0.000364183
0.000359486
0.000354877
0.000350381
0.000345985
0.000341694
0.000337501
0.000333405
0.000329397
0.000325463
0.000321591
0.000317731
0.000313912
0.000310095
0.000306198
0.00030216
0.000297936
0.000293481
0.000288753
0.000283725
0.000278379
0.000272722
0.000266755
0.000260504
0.000253967
0.000247175
0.000240128
0.000232892
0.000225495
0.000218006
0.000210509
0.00020312
0.000196015
0.000189223
0.000182784
0.000176635
0.000170761
0.000165065
0.000159638
0.000154239
0.000149277
0.000144175
0.000139736
0.000135222
0.000131253
0.000127533
0.000124154
0.000120987
0.000117969
0.000115094
0.00011239
0.000109594
0.000107007
0.000104461
0.000101811
9.94273e-05
9.7237e-05
9.55619e-05
9.46344e-05
9.43654e-05
9.54818e-05
9.82421e-05
0.000104262
0.000110912
0.000110489
0.000115344
0.000330626
0.000327217
0.000323667
0.00032009
0.000316457
0.000312801
0.000309118
0.000305424
0.000301724
0.000298027
0.000294341
0.000290672
0.000287028
0.000283416
0.00027984
0.000276305
0.000272813
0.000269363
0.000265957
0.000262593
0.000259268
0.000255981
0.00025273
0.00024951
0.000246324
0.000243167
0.000240041
0.000236946
0.000233886
0.000230862
0.000227888
0.000224962
0.000222106
0.000219308
0.000216594
0.000213946
0.000211372
0.000208863
0.000206408
0.000204012
0.000201654
0.000199333
0.00019702
0.000194709
0.000192368
0.000189957
0.000187432
0.000184764
0.000181927
0.000178903
0.00017568
0.000172253
0.000168633
0.000164824
0.000160849
0.000156707
0.000152423
0.000147998
0.000143474
0.000138867
0.000134229
0.00012961
0.000125086
0.000120759
0.000116624
0.000112709
0.000108956
0.000105362
0.000101861
9.85102e-05
9.51714e-05
9.20982e-05
8.89321e-05
8.6191e-05
8.33861e-05
8.09329e-05
7.86219e-05
7.65034e-05
7.45049e-05
7.25794e-05
7.07553e-05
6.90117e-05
6.72062e-05
6.55442e-05
6.38841e-05
6.21722e-05
6.06564e-05
5.92772e-05
5.82616e-05
5.77036e-05
5.75925e-05
5.85507e-05
6.05382e-05
6.496e-05
6.93703e-05
6.67496e-05
7.04133e-05
0.000186029
0.000183937
0.00018175
0.000179575
0.000177371
0.00017517
0.000172962
0.00017076
0.000168564
0.000166382
0.000164216
0.000162071
0.000159949
0.000157854
0.000155788
0.000153751
0.000151745
0.000149768
0.00014782
0.000145899
0.000144004
0.000142133
0.000140285
0.000138456
0.000136648
0.000134857
0.000133085
0.000131331
0.000129599
0.00012789
0.000126211
0.000124559
0.000122948
0.000121365
0.000119831
0.000118329
0.000116867
0.000115438
0.00011403
0.000112653
0.000111288
0.000109939
0.000108594
0.000107233
0.00010584
0.0001044
0.000102887
0.000101285
9.95841e-05
9.77792e-05
9.58671e-05
9.38478e-05
9.17311e-05
8.95209e-05
8.72319e-05
8.4864e-05
8.2435e-05
7.99442e-05
7.74172e-05
7.48599e-05
7.23048e-05
6.9774e-05
6.73089e-05
6.49531e-05
6.26953e-05
6.05525e-05
5.84858e-05
5.64991e-05
5.45564e-05
5.26901e-05
5.083e-05
4.91147e-05
4.73471e-05
4.58197e-05
4.42484e-05
4.28767e-05
4.15762e-05
4.03707e-05
3.92262e-05
3.81154e-05
3.70692e-05
3.6054e-05
3.50091e-05
3.40501e-05
3.30824e-05
3.20984e-05
3.12361e-05
3.0457e-05
2.98946e-05
2.95737e-05
2.95343e-05
3.0179e-05
3.13481e-05
3.40546e-05
3.64622e-05
3.28767e-05
3.52043e-05
8.69092e-05
8.58732e-05
8.47827e-05
8.37135e-05
8.26285e-05
8.15525e-05
8.0475e-05
7.9405e-05
7.83405e-05
7.72856e-05
7.62406e-05
7.52077e-05
7.41877e-05
7.31815e-05
7.21896e-05
7.12123e-05
7.0249e-05
6.92991e-05
6.83622e-05
6.74369e-05
6.65231e-05
6.56189e-05
6.47246e-05
6.38371e-05
6.29584e-05
6.20855e-05
6.12203e-05
6.03615e-05
5.95113e-05
5.86697e-05
5.78396e-05
5.70195e-05
5.62156e-05
5.54202e-05
5.46437e-05
5.38771e-05
5.31251e-05
5.23831e-05
5.16453e-05
5.09176e-05
5.01904e-05
4.94677e-05
4.87438e-05
4.80067e-05
4.72502e-05
4.64703e-05
4.5656e-05
4.48016e-05
4.39044e-05
4.29649e-05
4.19832e-05
4.09606e-05
3.99025e-05
3.88112e-05
3.76936e-05
3.65498e-05
3.53891e-05
3.42114e-05
3.30287e-05
3.18429e-05
3.06695e-05
2.95151e-05
2.83969e-05
2.73283e-05
2.63012e-05
2.53242e-05
2.43784e-05
2.34688e-05
2.25797e-05
2.17266e-05
2.08802e-05
2.01014e-05
1.9302e-05
1.86162e-05
1.79085e-05
1.72953e-05
1.67117e-05
1.61678e-05
1.56503e-05
1.51482e-05
1.46795e-05
1.42202e-05
1.37533e-05
1.33272e-05
1.28951e-05
1.24645e-05
1.20917e-05
1.17594e-05
1.15253e-05
1.13903e-05
1.13937e-05
1.17198e-05
1.22269e-05
1.34423e-05
1.43865e-05
1.179e-05
1.27807e-05
2.89991e-05
2.86502e-05
2.8282e-05
2.79239e-05
2.75596e-05
2.71993e-05
2.68381e-05
2.64796e-05
2.61227e-05
2.57687e-05
2.54175e-05
2.50697e-05
2.47254e-05
2.43847e-05
2.40477e-05
2.37144e-05
2.33845e-05
2.30578e-05
2.27341e-05
2.2413e-05
2.20943e-05
2.17776e-05
2.14628e-05
2.11491e-05
2.08371e-05
2.05259e-05
2.02161e-05
1.99073e-05
1.96001e-05
1.92946e-05
1.89915e-05
1.86902e-05
1.83926e-05
1.80959e-05
1.78036e-05
1.75126e-05
1.72248e-05
1.69384e-05
1.6652e-05
1.63677e-05
1.60826e-05
1.57984e-05
1.55138e-05
1.52249e-05
1.49306e-05
1.46305e-05
1.43218e-05
1.40035e-05
1.36759e-05
1.33394e-05
1.29948e-05
1.26429e-05
1.22854e-05
1.19229e-05
1.15576e-05
1.11894e-05
1.08213e-05
1.0453e-05
1.00886e-05
9.72831e-06
9.37666e-06
9.03482e-06
8.70721e-06
8.39609e-06
8.09825e-06
7.81583e-06
7.54317e-06
7.2821e-06
7.02848e-06
6.7866e-06
6.54853e-06
6.33075e-06
6.10839e-06
5.91982e-06
5.72453e-06
5.55723e-06
5.39714e-06
5.24736e-06
5.10399e-06
4.96478e-06
4.83495e-06
4.70636e-06
4.57667e-06
4.45787e-06
4.33654e-06
4.21774e-06
4.11447e-06
4.02305e-06
3.95781e-06
3.91812e-06
3.91959e-06
4.01042e-06
4.13199e-06
4.42913e-06
4.62679e-06
3.99417e-06
4.12436e-06
1.11276e-05
1.10626e-05
1.09994e-05
1.09329e-05
1.08665e-05
1.07984e-05
1.07297e-05
1.06597e-05
1.05889e-05
1.0517e-05
1.04442e-05
1.03704e-05
1.02956e-05
1.02199e-05
1.01431e-05
1.00654e-05
9.9866e-06
9.90674e-06
9.82579e-06
9.74366e-06
9.66034e-06
9.57577e-06
9.48992e-06
9.40272e-06
9.31423e-06
9.22437e-06
9.13318e-06
9.04068e-06
8.94685e-06
8.8517e-06
8.75527e-06
8.65745e-06
8.55844e-06
8.45785e-06
8.35611e-06
8.25276e-06
8.1481e-06
8.04187e-06
7.93402e-06
7.82488e-06
7.71419e-06
7.60227e-06
7.48899e-06
7.37422e-06
7.258e-06
7.14022e-06
7.02069e-06
6.8995e-06
6.77691e-06
6.65307e-06
6.52818e-06
6.4024e-06
6.276e-06
6.14897e-06
6.02152e-06
5.89344e-06
5.76509e-06
5.63641e-06
5.5084e-06
5.38122e-06
5.25592e-06
5.13282e-06
5.01307e-06
4.89717e-06
4.7842e-06
4.67414e-06
4.56588e-06
4.45992e-06
4.35555e-06
4.2543e-06
4.15372e-06
4.05893e-06
3.96217e-06
3.87581e-06
3.78715e-06
3.70714e-06
3.62903e-06
3.55452e-06
3.4812e-06
3.40938e-06
3.33981e-06
3.27098e-06
3.2017e-06
3.13572e-06
3.06896e-06
3.0032e-06
2.94159e-06
2.88402e-06
2.8337e-06
2.79189e-06
2.76366e-06
2.75986e-06
2.76014e-06
2.77794e-06
2.76291e-06
3.19007e-06
3.00858e-06
4.0579e-08
3.8742e-08
3.23304e-08
2.77843e-08
2.28139e-08
1.85502e-08
1.78276e-08
1.76678e-08
2.15425e-08
3.75908e-08
1.10633e-07
9.31113e-08
6.60447e-06
0.000208875
0.00108328
0.0017793
0.0113076
0.0285605
0.0292925
0.0294925
0.0298268
0.0265629
0.0199926
0.0151699
0.00918446
0.00666648
0.00566892
0.00581193
0.00691424
0.00939366
0.011449
0.0122014
0.0089514
4.0921e-08
3.73851e-08
3.38689e-08
2.85729e-08
2.28759e-08
1.8928e-08
1.77721e-08
1.72418e-08
2.05774e-08
4.35202e-08
1.10561e-07
1.00462e-07
4.13176e-06
0.000210349
0.00130346
0.00172508
0.00865801
0.0297517
0.0313818
0.0319986
0.033569
0.0295091
0.0219898
0.0163883
0.0101661
0.00733366
0.00583316
0.00582297
0.00658012
0.00902198
0.0114112
0.0114664
0.0078229
4.12457e-08
3.72752e-08
3.50871e-08
3.01946e-08
2.24146e-08
1.87385e-08
1.75567e-08
1.72132e-08
1.97633e-08
4.72238e-08
1.02655e-07
8.52852e-08
3.80234e-06
0.000267178
0.00141987
0.00164599
0.00584142
0.0302003
0.0332385
0.0344808
0.0377351
0.0324042
0.0240649
0.0177346
0.0114289
0.00776368
0.00620329
0.00580363
0.0063163
0.00856821
0.0112035
0.0106947
0.00680094
4.10446e-08
3.73352e-08
3.35765e-08
2.87883e-08
2.29251e-08
1.99217e-08
1.77934e-08
1.75835e-08
1.92928e-08
4.92304e-08
8.56851e-08
8.0593e-08
1.69083e-06
0.000327896
0.00223388
0.00164292
0.00384509
0.0297112
0.0346691
0.0367494
0.0423046
0.0351727
0.0261188
0.0192518
0.0129887
0.00814686
0.00656917
0.0056358
0.00609932
0.00807988
0.010842
0.0098355
0.00601837
4.22487e-08
3.82074e-08
3.40143e-08
2.85632e-08
2.2803e-08
2.0283e-08
1.72841e-08
1.69781e-08
1.83359e-08
4.95678e-08
6.14577e-08
5.87397e-08
9.28612e-07
0.000445487
0.00163402
0.000979547
0.00207111
0.0281262
0.0354466
0.0386847
0.0470533
0.0378934
0.0281317
0.020906
0.0147209
0.00866046
0.00686974
0.00539817
0.00583785
0.0077067
0.010333
0.00896815
0.00557844
4.16839e-08
3.78493e-08
3.46045e-08
2.91915e-08
2.35461e-08
2.05812e-08
1.76369e-08
1.67099e-08
1.92504e-08
4.14458e-08
4.51907e-08
5.32168e-08
5.16354e-07
0.000688238
0.000416244
0.000130404
0.000661995
0.0253041
0.0352638
0.0399848
0.051764
0.0406512
0.0300571
0.0226396
0.0165209
0.00913961
0.00694534
0.00521832
0.0055604
0.00729256
0.00980221
0.00799077
0.00546716
4.24815e-08
3.90867e-08
3.38003e-08
3.09351e-08
2.34636e-08
2.01188e-08
1.7365e-08
1.71375e-08
1.87599e-08
3.39627e-08
3.5732e-08
4.35457e-08
5.95585e-07
0.000195916
8.62696e-05
1.41618e-05
0.000199925
0.0210956
0.0337294
0.0402486
0.0561546
0.0434953
0.0318917
0.0243859
0.0183779
0.00969885
0.00702521
0.00518084
0.00531639
0.0068058
0.00925454
0.00716273
0.00553316
4.31337e-08
3.88544e-08
3.39507e-08
3.03987e-08
2.5266e-08
2.00843e-08
1.77518e-08
1.75843e-08
1.97549e-08
3.10696e-08
3.15673e-08
4.74404e-08
4.47527e-07
2.9548e-06
3.05152e-06
1.30091e-06
6.6572e-05
0.0151366
0.0303806
0.0389758
0.0598605
0.0461749
0.0338487
0.0260611
0.0202044
0.0106531
0.00700698
0.00527628
0.00513593
0.00626734
0.00869137
0.0065515
0.00560777
4.36179e-08
3.90121e-08
3.39752e-08
3.06784e-08
2.58781e-08
2.04289e-08
1.84282e-08
1.82602e-08
2.00334e-08
2.78086e-08
2.76299e-08
3.86039e-08
4.72558e-07
3.67531e-07
2.55704e-07
1.12272e-07
7.19494e-06
0.00564165
0.0247204
0.0355781
0.0623261
0.0485618
0.0359364
0.0276015
0.0219182
0.0121947
0.00731584
0.00556273
0.00504811
0.00583421
0.00805139
0.00623987
0.00583321
4.46128e-08
4.02639e-08
3.47455e-08
3.13229e-08
2.66007e-08
2.16303e-08
1.9359e-08
1.90181e-08
2.09585e-08
2.44167e-08
2.58741e-08
5.59415e-08
1.8016e-07
2.27329e-07
1.85807e-07
9.52825e-08
0.000215623
0.00122557
0.0158632
0.0294006
0.0628575
0.0503713
0.0379156
0.0289267
0.0235006
0.0135946
0.00810507
0.0061025
0.00502549
0.00569787
0.00736116
0.0061174
0.00611069
4.55e-08
4.35016e-08
3.84496e-08
3.28518e-08
2.77726e-08
2.28203e-08
2.05079e-08
1.99999e-08
2.15046e-08
2.71213e-08
2.89346e-08
6.4577e-08
1.73376e-07
2.24727e-07
1.85646e-07
9.15121e-08
3.83087e-08
0.000107548
0.00466204
0.0200458
0.0605881
0.0512111
0.0396019
0.0301081
0.0248166
0.0151531
0.0093782
0.00685206
0.00517954
0.00561102
0.00695199
0.00611139
0.0064142
4.60518e-08
4.41446e-08
4.05038e-08
3.58156e-08
2.9985e-08
2.46788e-08
2.1929e-08
2.11763e-08
2.25691e-08
2.54583e-08
2.91388e-08
6.85565e-08
2.20141e-07
2.44244e-07
1.83854e-07
9.17822e-08
1.02552e-07
2.02895e-06
0.000515386
0.0075932
0.0544181
0.0505689
0.0406268
0.0311808
0.0257321
0.0169281
0.0103616
0.0075184
0.00549449
0.00566367
0.00682671
0.00616429
0.00683128
4.6913e-08
4.54135e-08
4.20718e-08
3.73518e-08
3.17226e-08
2.70856e-08
2.43545e-08
2.30686e-08
2.42498e-08
2.94903e-08
3.43876e-08
7.35036e-08
2.37552e-07
2.80442e-07
1.98855e-07
8.62798e-08
9.87396e-08
1.16892e-07
7.27887e-06
0.00150679
0.0441528
0.0478567
0.0405746
0.0320632
0.0261962
0.0188802
0.0112604
0.00822548
0.0059573
0.00592899
0.00697576
0.00635416
0.00721798
4.88899e-08
4.8404e-08
4.61417e-08
4.09918e-08
3.54869e-08
3.18953e-08
2.93289e-08
2.79469e-08
3.1385e-08
3.68138e-08
4.12424e-08
9.44294e-08
2.88551e-07
3.43705e-07
2.39559e-07
1.09139e-07
8.9885e-08
9.42645e-08
1.16253e-07
0.000125722
0.0283135
0.0423567
0.0388243
0.0325929
0.026522
0.0208836
0.0123409
0.00904291
0.00656825
0.00641037
0.00737579
0.00660963
0.00763582
5.17063e-08
5.11335e-08
4.95203e-08
4.59341e-08
4.15412e-08
3.8218e-08
3.45693e-08
3.44407e-08
3.9353e-08
4.17926e-08
4.68928e-08
1.28744e-07
3.59862e-07
4.18931e-07
2.97007e-07
1.39298e-07
9.565e-08
9.53818e-08
1.84022e-07
1.59566e-06
0.0085237
0.0317569
0.0335652
0.0321381
0.0267612
0.0223379
0.0138287
0.00995701
0.00729152
0.00706505
0.00766282
0.00678277
0.00820106
5.83784e-08
5.62549e-08
5.26185e-08
4.89586e-08
4.49085e-08
4.24483e-08
3.92542e-08
4.05834e-08
4.39011e-08
4.60922e-08
5.76768e-08
2.06191e-07
4.90114e-07
5.18305e-07
4.17186e-07
2.16434e-07
1.35252e-07
1.35559e-07
3.30934e-07
4.04654e-07
0.000631495
0.012637
0.0229651
0.0301515
0.0266915
0.0229059
0.0155623
0.01094
0.00811019
0.00782558
0.00777675
0.00683889
0.00887701
7.18164e-08
6.68064e-08
6.12241e-08
5.62087e-08
5.17926e-08
4.85687e-08
4.68956e-08
4.72505e-08
4.96021e-08
5.46532e-08
8.93999e-08
3.73001e-07
7.09579e-07
6.54443e-07
4.0249e-07
1.9512e-07
1.60068e-07
1.71265e-07
3.79221e-07
9.58907e-07
3.89059e-06
0.00163136
0.00772379
0.0240394
0.0262503
0.0229623
0.0172988
0.0118691
0.00898295
0.00865477
0.00782743
0.00685017
0.00959316
1.02165e-07
9.30784e-08
8.41198e-08
7.66319e-08
6.90555e-08
6.46086e-08
6.53646e-08
6.57632e-08
6.93608e-08
8.85809e-08
2.11344e-07
7.59841e-07
1.09689e-06
9.51369e-07
5.55003e-07
2.88517e-07
2.14349e-07
2.22585e-07
5.44386e-07
1.26797e-06
2.49188e-06
1.6077e-05
0.000594791
0.0122668
0.0248859
0.0230049
0.0188241
0.0127397
0.00987891
0.00952328
0.00760073
0.00722572
0.0101149
1.2127e-07
1.17999e-07
1.10084e-07
9.77417e-08
9.45223e-08
9.55156e-08
9.74052e-08
1.07277e-07
1.39612e-07
2.52853e-07
7.39606e-07
1.68907e-06
1.69872e-06
1.35157e-06
7.8912e-07
3.82787e-07
2.70679e-07
2.86801e-07
8.95647e-07
1.90172e-06
4.90855e-06
6.59866e-06
1.30122e-05
0.00313091
0.0209287
0.0226572
0.0197754
0.0137673
0.0108059
0.0100746
0.00737286
0.00781977
0.0102648
1.61108e-07
1.61724e-07
1.6466e-07
1.71571e-07
1.85748e-07
2.13492e-07
2.86618e-07
4.03538e-07
6.19458e-07
1.22074e-06
2.57171e-06
3.4122e-06
2.88889e-06
2.12254e-06
1.16733e-06
5.30897e-07
3.29501e-07
3.5793e-07
1.12198e-06
3.08503e-06
5.64836e-06
1.33949e-05
1.55298e-05
0.000177627
0.016373
0.0218941
0.019921
0.0148056
0.0116979
0.0101188
0.00726627
0.00841451
0.010175
7.92067e-07
8.00835e-07
8.31984e-07
1.03534e-06
1.25595e-06
1.63435e-06
2.2689e-06
3.01309e-06
3.70979e-06
6.38941e-06
6.72504e-06
6.85292e-06
5.15819e-06
3.43015e-06
1.72736e-06
6.76437e-07
3.66631e-07
4.17455e-07
1.55019e-06
4.83352e-06
7.81173e-06
1.68526e-05
2.57659e-05
4.74561e-05
0.011391
0.0213153
0.0199264
0.0153312
0.0122809
0.00965345
0.0072427
0.00897619
0.00998277
2.24984e-05
1.95328e-05
1.82755e-05
1.7243e-05
1.75105e-05
1.80451e-05
1.88222e-05
2.05007e-05
1.82391e-05
2.03451e-05
1.74544e-05
1.45623e-05
8.5926e-06
5.04475e-06
2.72981e-06
8.22706e-07
3.70485e-07
4.6529e-07
2.05092e-06
6.73776e-06
1.13686e-05
2.27022e-05
5.10418e-05
6.90921e-05
0.00630071
0.0201852
0.0197584
0.0156198
0.0125602
0.00902198
0.00718235
0.00940135
0.0098636
0.000298802
0.00023164
0.000184297
0.000148658
0.000124567
0.000103926
8.86771e-05
7.85269e-05
6.64604e-05
5.61715e-05
4.21272e-05
2.68914e-05
1.22614e-05
4.6576e-06
1.10455e-06
3.78835e-07
2.97485e-07
5.02744e-07
2.79644e-06
9.34124e-06
1.55283e-05
2.96704e-05
0.000124038
0.000127707
0.00340392
0.0184403
0.0193991
0.0157622
0.0126461
0.00859831
0.00698984
0.00988999
0.009765
0.00150777
0.0011874
0.000925889
0.000716062
0.00054858
0.000415947
0.000308324
0.000223607
0.000151698
9.93725e-05
6.09715e-05
3.34999e-05
1.77921e-05
6.3398e-06
1.64241e-06
4.10976e-07
2.87743e-07
6.09035e-07
3.90541e-06
1.21123e-05
2.10594e-05
4.49987e-05
0.000272104
0.000265016
0.00196665
0.016247
0.0188907
0.0158401
0.0125896
0.00822121
0.00699194
0.010333
0.00945648
0.00239225
0.00191587
0.00149462
0.00113545
0.000840145
0.000603254
0.000419819
0.000282151
0.000180484
9.83512e-05
4.48409e-05
1.51816e-05
4.72656e-06
1.3257e-06
3.83995e-07
2.00215e-07
2.16904e-07
6.82524e-07
5.51108e-06
1.49309e-05
2.87971e-05
7.82362e-05
0.000615349
0.000632914
0.00123056
0.0136268
0.0182343
0.0159053
0.0123821
0.00795445
0.00722396
0.0106806
0.00908023
0.00222637
0.00172345
0.00128265
0.000915496
0.000621399
0.000398653
0.000239061
0.000124935
6.07891e-05
2.7016e-05
1.0838e-05
3.87358e-06
1.26181e-06
4.21714e-07
2.07036e-07
1.77889e-07
2.73775e-07
9.28855e-07
7.56061e-06
1.76307e-05
4.16212e-05
0.000159514
0.001452
0.00156078
0.00134973
0.0113797
0.0175008
0.0158504
0.012178
0.00784532
0.00772789
0.0108975
0.00873808
0.000688114
0.000484536
0.000328683
0.000214285
0.000133751
7.95537e-05
4.48146e-05
2.37053e-05
1.1697e-05
5.35102e-06
2.27571e-06
9.29744e-07
4.0488e-07
2.30086e-07
1.86375e-07
1.84299e-07
3.14476e-07
1.20198e-06
9.37366e-06
2.25815e-05
6.61217e-05
0.000372915
0.00316648
0.00429612
0.00194492
0.00973598
0.0166489
0.0156523
0.011971
0.00781091
0.00837205
0.0110089
0.00840744
0.000123264
8.45751e-05
5.62073e-05
3.61126e-05
2.23768e-05
1.33355e-05
7.63059e-06
4.19969e-06
2.22957e-06
1.17866e-06
6.41592e-07
3.87008e-07
2.73646e-07
2.15346e-07
2.11199e-07
2.34937e-07
4.40566e-07
1.73927e-06
1.07164e-05
2.94083e-05
0.000123046
0.000954514
0.00654403
0.00851825
0.00322936
0.00851185
0.0159363
0.0153768
0.01174
0.00776666
0.00899394
0.0110798
0.0080675
1.65637e-05
1.15815e-05
7.93169e-06
5.33799e-06
3.55709e-06
2.36417e-06
1.579e-06
1.08514e-06
7.70708e-07
5.73855e-07
4.40814e-07
3.43331e-07
3.03168e-07
3.06477e-07
3.16318e-07
3.89017e-07
7.0019e-07
2.64789e-06
1.17712e-05
4.21704e-05
0.000267959
0.00246231
0.0119322
0.0133086
0.0057105
0.00836293
0.0155936
0.0151557
0.0115003
0.00779141
0.00962341
0.0111205
0.00768576
2.80095e-06
2.27934e-06
1.87865e-06
1.58148e-06
1.33442e-06
1.12268e-06
9.42175e-07
7.94981e-07
6.88102e-07
5.59271e-07
5.29579e-07
5.56893e-07
5.24987e-07
5.46083e-07
5.76079e-07
7.29488e-07
1.23437e-06
4.03487e-06
1.68346e-05
7.68826e-05
0.000634601
0.00590768
0.0182954
0.0183906
0.00828678
0.00874212
0.0151041
0.0149775
0.0113277
0.00790185
0.010281
0.0111322
0.00727511
1.8958e-06
1.80525e-06
1.68984e-06
1.57481e-06
1.48182e-06
1.3187e-06
1.2958e-06
1.14966e-06
1.13853e-06
1.13341e-06
1.16493e-06
1.1399e-06
1.17628e-06
1.24049e-06
1.29902e-06
1.5121e-06
2.31401e-06
6.05509e-06
3.10004e-05
0.00017718
0.00147485
0.0125574
0.0232563
0.0230919
0.0111485
0.00960278
0.0146464
0.0148467
0.0111693
0.00809286
0.0109532
0.0111099
0.00684875
5.27268e-06
5.17597e-06
4.93513e-06
4.71247e-06
4.46509e-06
4.2396e-06
3.94792e-06
3.70933e-06
3.50537e-06
3.18059e-06
2.84687e-06
2.93334e-06
3.01074e-06
2.9239e-06
2.83309e-06
3.15629e-06
4.37795e-06
1.18231e-05
7.57319e-05
0.000450695
0.00305757
0.0184705
0.0275418
0.027101
0.0140179
0.0107778
0.0146274
0.014783
0.0109406
0.00835368
0.0116262
0.0110468
0.00640587
2.38882e-05
2.21195e-05
2.0303e-05
1.84985e-05
1.67414e-05
1.50647e-05
1.34936e-05
1.1929e-05
1.05855e-05
9.47609e-06
8.14105e-06
6.61598e-06
6.09318e-06
6.43852e-06
6.04999e-06
6.42063e-06
8.69725e-06
2.91254e-05
0.000223685
0.00115133
0.00553465
0.0237623
0.0306474
0.0299422
0.016262
0.0123911
0.0152968
0.0149601
0.0106807
0.008619
0.0122939
0.0108941
0.005957
0.00010436
9.21115e-05
8.06091e-05
7.00775e-05
6.04062e-05
5.17914e-05
4.40479e-05
3.71979e-05
3.11968e-05
2.60495e-05
2.19574e-05
1.70545e-05
1.33972e-05
1.26516e-05
1.2319e-05
1.29229e-05
2.03244e-05
9.62933e-05
0.000727732
0.00271534
0.00858501
0.0259012
0.0317411
0.0311111
0.0176217
0.0134267
0.0162055
0.0151499
0.010301
0.00884846
0.0129084
0.0106463
0.0054987
0.000429277
0.000362601
0.000303237
0.000251308
0.000206334
0.000167965
0.000135598
0.000108205
8.61152e-05
6.76193e-05
5.41058e-05
4.07579e-05
2.72174e-05
2.38004e-05
2.2485e-05
2.57442e-05
6.39557e-05
0.000363393
0.00239511
0.00535566
0.0100553
0.0258639
0.0309937
0.0304508
0.0175216
0.0168007
0.0164754
0.0147679
0.0095155
0.0090291
0.0134135
0.010139
0.00504749
0.00143899
0.00117285
0.000943508
0.000750227
0.000586806
0.000453802
0.000346116
0.000259669
0.000191065
0.00013683
9.78112e-05
6.72098e-05
4.34267e-05
3.95746e-05
4.02182e-05
7.04951e-05
0.000291302
0.0014273
0.00574726
0.00658436
0.0103359
0.0246164
0.0284743
0.0277879
0.0170794
0.017433
0.015072
0.0137966
0.00867134
0.00972356
0.0131621
0.00922116
0.00456338
0.00226572
0.00182638
0.00143958
0.00112816
0.000857956
0.000648299
0.000476043
0.000334763
0.000229497
0.000156674
0.000104631
6.54517e-05
6.01972e-05
6.10067e-05
9.81641e-05
0.000332869
0.00140637
0.00505155
0.00704663
0.00661955
0.0100538
0.0193168
0.0218699
0.0222384
0.0161585
0.0156904
0.0141959
0.0113562
0.00776041
0.0105019
0.0125219
0.00806583
0.0040155
0.00234641
0.0018791
0.00144866
0.00105213
0.000762971
0.000529382
0.000363444
0.000256313
0.00018213
0.000130368
9.34182e-05
8.9579e-05
9.3796e-05
0.000146694
0.000423593
0.00148706
0.00447172
0.00653877
0.00724681
0.00555485
0.00683935
0.0135764
0.0162359
0.0169266
0.0143191
0.0146704
0.0126186
0.00883457
0.00758975
0.0110521
0.0115039
0.00704226
0.00356339
0.00181845
0.0013882
0.00105733
0.000796459
0.00060795
0.000448297
0.000333096
0.000254559
0.000165781
0.000150135
0.000153582
0.000163081
0.000244578
0.000607842
0.00174782
0.00426276
0.00585673
0.00681698
0.00680856
0.00461287
0.00423078
0.00826537
0.0117292
0.0130951
0.0121841
0.0127059
0.0106305
0.00665856
0.00786658
0.0109568
0.0102995
0.00610172
0.00315351
0.00153556
0.00124942
0.00100971
0.000785315
0.000586861
0.000443993
0.000297381
0.000252928
0.000269774
0.000271297
0.000307149
0.000431567
0.000878687
0.00218395
0.00402612
0.00539473
0.00618677
0.00670601
0.00592031
0.00403501
0.00350067
0.00444155
0.00894124
0.00967736
0.0103142
0.0104584
0.00854161
0.00561388
0.00840683
0.0104538
0.00903494
0.00521175
0.00279028
0.00141594
0.00113893
0.000920541
0.000748612
0.000525451
0.000492613
0.000506026
0.000499868
0.000523106
0.00058065
0.00076329
0.00122365
0.00239804
0.00381673
0.00490963
0.00568459
0.00612651
0.00607788
0.0051835
0.00364065
0.00298519
0.0032605
0.00654918
0.00715946
0.00842836
0.00821658
0.00656547
0.00536366
0.0087972
0.00956455
0.00777656
0.00439787
0.00247216
0.00133663
0.00118843
0.00102554
0.000911742
0.000885375
0.000884466
0.000903992
0.000920995
0.000993984
0.00114432
0.00148811
0.00234051
0.0034368
0.00444991
0.00513306
0.00555205
0.0056924
0.00534434
0.00458625
0.00368233
0.0031349
0.00251247
0.00438511
0.00516902
0.0066867
0.00618588
0.00482038
0.00541403
0.00882193
0.00849008
0.00659698
0.00367521
0.00219229
0.00141571
0.00132593
0.00120472
0.00118922
0.00117945
0.00120847
0.00122773
0.00126531
0.00135775
0.0015778
0.00212256
0.00301853
0.0039247
0.00460118
0.00500559
0.00519706
0.00505335
0.00467252
0.00424463
0.00384291
0.00357952
0.00244505
0.00298158
0.00365725
0.00511532
0.00402175
0.00388732
0.00560551
0.00844709
0.00735286
0.00552135
0.00305464
0.00194429
0.00135978
0.00130433
0.00127649
0.00128459
0.00128029
0.00129316
0.00134148
0.00140503
0.00153954
0.00189945
0.00258397
0.00340037
0.00403137
0.00448196
0.00468627
0.0046569
0.00443545
0.00416255
0.0040524
0.00396267
0.00370483
0.00307
0.00199035
0.00238114
0.0032009
0.00287304
0.00371951
0.00570852
0.00779585
0.00623741
0.0045671
0.00253579
0.00172315
0.00132514
0.00128962
0.00128831
0.00128715
0.00129523
0.00131627
0.00136308
0.00144978
0.00165163
0.00216196
0.00284893
0.00347604
0.00393232
0.00418792
0.00421814
0.00408438
0.00389779
0.00380278
0.00390817
0.00397177
0.00383407
0.00360912
0.00237799
0.00196973
0.00230207
0.00275139
0.00374532
0.00559988
0.00698391
0.00520477
0.00373879
0.00210942
0.00152467
0.00127982
0.00126504
0.00127191
0.00127312
0.00128396
0.00130623
0.00135493
0.00145003
0.00174292
0.00231407
0.002893
0.00338924
0.00367775
0.00378983
0.00371182
0.00356692
0.00347235
0.00353499
0.00375996
0.00389392
0.00390741
0.00385995
0.0031051
0.00251343
0.00256424
0.0030735
0.0036546
0.00531522
0.00610455
0.00428161
0.00304193
0.00176067
0.00134566
0.00119615
0.0012023
0.00120768
0.00121247
0.00123399
0.00126083
0.0012978
0.00141401
0.00180252
0.00232838
0.0028119
0.00317444
0.00334106
0.00334697
0.00323695
0.00312479
0.00313843
0.00330831
0.00359047
0.00377188
0.00391753
0.0039375
0.00361187
0.00305746
0.00301769
0.00315653
0.00346367
0.00489591
0.00522443
0.00347058
0.00247198
0.00147411
0.00118345
0.00110916
0.00111842
0.00111996
0.00113124
0.0011574
0.0011719
0.0012025
0.00137411
0.00178865
0.00225151
0.00263993
0.00288568
0.00296464
0.00291698
0.00281638
0.00275945
0.0028614
0.00309241
0.00339644
0.00361051
0.00381689
0.00394339
0.00384823
0.00337637
0.00323636
0.00299337
0.00321256
0.00438672
0.00439508
0.00275417
0.00201296
0.00123772
0.00103589
0.00101521
0.00101713
0.00102331
0.00104196
0.00105305
0.00105939
0.00109609
0.0013183
0.00171585
0.00211406
0.00240658
0.00256483
0.00258763
0.00252508
0.00245492
0.00245445
0.00261379
0.00287313
0.00318044
0.00341715
0.00364327
0.00386241
0.00387265
0.00347944
0.00320943
0.00271137
0.00292383
0.00383473
0.00363641
0.00213246
0.00164681
0.00103876
0.000901366
0.000909407
0.000916651
0.000926112
0.000938354
0.000940577
0.000936884
0.000984878
0.00124293
0.00160833
0.00192822
0.00214286
0.00224043
0.00223626
0.00217721
0.00214536
0.00218961
0.0023791
0.00264591
0.00294705
0.00319896
0.00343385
0.00369606
0.00374704
0.00340221
0.00301747
0.00239235
0.00261147
0.00327753
0.0029551
0.00161881
0.00135411
0.000869492
0.000778672
0.000809532
0.000817402
0.000825483
0.000829292
0.000824947
0.000816139
0.000887997
0.00115462
0.00146477
0.00171682
0.00187164
0.00193141
0.00191788
0.00187226
0.00187537
0.00194968
0.00214944
0.00241106
0.00270113
0.00296141
0.00319636
0.00346705
0.00351871
0.00319285
0.00270719
0.0020634
0.00228537
0.00274311
0.0023577
0.0012101
0.00111735
0.000724833
0.00066691
0.000712283
0.00072044
0.000725959
0.000722216
0.000710376
0.000703354
0.000801532
0.0010458
0.00130195
0.00149641
0.00160771
0.00164647
0.00163277
0.001605
0.00163419
0.0017253
0.00192222
0.00217097
0.00244674
0.0027087
0.00293738
0.00319461
0.00322318
0.00289979
0.00234733
0.00173229
0.00195506
0.00225045
0.00184596
0.000896272
0.000922717
0.000600721
0.00056541
0.000620047
0.0006277
0.000630667
0.000617828
0.000602029
0.00060332
0.000714823
0.000925044
0.00113118
0.00127957
0.00135984
0.00138744
0.00137902
0.00136826
0.00141432
0.00151188
0.0016978
0.001929
0.00218826
0.00244573
0.00266166
0.00289607
0.00288846
0.00255746
0.0019793
0.00141303
0.00163177
0.0018108
0.00141835
0.000661625
0.000760044
0.000493963
0.000473652
0.000533484
0.000539349
0.00054108
0.000520462
0.000501144
0.000513774
0.000626076
0.000798857
0.000961302
0.00107346
0.00113209
0.00115429
0.00115315
0.00115626
0.0012114
0.00130799
0.00147805
0.00168864
0.00192912
0.0021763
0.00237475
0.00258165
0.0025369
0.0022015
0.00163082
0.0011243
0.0013266
0.00142837
0.00107034
0.000488818
0.000622144
0.000402066
0.00039121
0.000451688
0.000457917
0.000456997
0.000431037
0.000408645
0.000433272
0.000536163
0.000673317
0.000798172
0.000882453
0.000925826
0.00094584
0.000951803
0.000965053
0.00102331
0.00111399
0.00126536
0.00145319
0.00167232
0.00190349
0.00208197
0.00225934
0.00218462
0.00185375
0.0013119
0.000875479
0.00104827
0.00110326
0.000794071
0.000362019
0.00050401
0.000323059
0.000317716
0.000376447
0.000382189
0.00037879
0.000349963
0.00032491
0.000360001
0.000448056
0.000552775
0.000646503
0.000708483
0.000741328
0.000760602
0.000772371
0.000792234
0.000849347
0.000930935
0.00106218
0.00122571
0.00142075
0.00163042
0.00178727
0.00193533
0.0018418
0.00152893
0.00102279
0.000667585
0.000802925
0.000832544
0.00057924
0.000268416
0.00040219
0.000255355
0.000252816
0.000307065
0.000311795
0.000306899
0.000277253
0.000250173
0.00029236
0.000364262
0.000441066
0.000508557
0.000553035
0.000578433
0.000597283
0.000613062
0.000636491
0.000689521
0.000760204
0.000870818
0.00100912
0.00117748
0.00136076
0.00149426
0.00161381
0.00151318
0.00123351
0.000762299
0.000497336
0.000594141
0.000611502
0.000414732
0.000198403
0.000314287
0.000197662
0.000196126
0.000242384
0.000246408
0.000241377
0.000212683
0.000184579
0.000227933
0.000287026
0.000340077
0.000386075
0.000417043
0.000436873
0.000454903
0.000472716
0.000497148
0.000544157
0.000603116
0.000693363
0.000806264
0.000945998
0.00109904
0.00120727
0.00129883
0.00119871
0.000966928
0.000534205
0.000360552
0.000423073
0.000434714
0.000290054
0.000145108
0.000238614
0.000148863
0.000147252
0.000182423
0.000185908
0.000181704
0.000156002
0.000127939
0.000159085
0.00021737
0.000251171
0.000280389
0.000301014
0.000316322
0.000332727
0.000350597
0.000373892
0.000413658
0.000460827
0.000531624
0.000619864
0.00073021
0.000850854
0.000932748
0.000995771
0.000898426
0.000723859
0.000347177
0.00025299
0.000288684
0.000296523
0.000196377
0.000103771
0.000173984
0.000107975
0.000105786
0.000127979
0.000130698
0.000127659
0.000107061
7.94798e-05
7.81584e-05
0.000155909
0.000175256
0.000192096
0.00020497
0.000216315
0.000230155
0.000246252
0.000266645
0.000298472
0.000334336
0.000387168
0.000452475
0.000534275
0.000622771
0.000679118
0.000714025
0.000619545
0.000500138
0.0002071
0.000170788
0.000187356
0.000191463
0.00012677
7.11789e-05
0.000119599
7.41426e-05
7.13353e-05
8.04882e-05
8.21485e-05
7.98803e-05
6.5923e-05
3.87926e-05
1.76204e-05
0.000102982
0.000112579
0.00012105
0.000128386
0.000136167
0.000146668
0.000159504
0.000175629
0.000199236
0.000224673
0.000261479
0.000306459
0.000362314
0.000421519
0.000455861
0.000467025
0.000380228
0.000302253
0.000110118
0.000109164
0.000114052
0.000114404
7.59571e-05
4.52767e-05
7.50567e-05
4.66927e-05
4.36117e-05
4.22644e-05
4.28813e-05
4.09692e-05
3.32724e-05
1.0695e-05
1.66763e-06
5.87934e-05
6.31181e-05
6.66495e-05
7.03738e-05
7.5102e-05
8.19471e-05
9.06309e-05
0.000101643
0.000117163
0.000133338
0.000156386
0.00018426
0.00021826
0.000253311
0.000271485
0.000268161
0.000200296
0.000148984
4.61377e-05
6.34494e-05
6.28783e-05
6.05247e-05
4.00483e-05
2.50282e-05
4.04944e-05
2.53525e-05
2.26643e-05
1.64712e-05
1.65045e-05
1.51996e-05
1.17562e-05
2.10506e-06
7.28902e-07
2.48599e-05
2.75929e-05
2.87689e-05
3.04199e-05
3.27934e-05
3.6314e-05
4.08436e-05
4.67022e-05
5.487e-05
6.32548e-05
7.50986e-05
8.94158e-05
0.000106529
0.00012378
0.000132136
0.000125303
8.55446e-05
5.47648e-05
1.0093e-05
3.03427e-05
2.8635e-05
2.57576e-05
1.67656e-05
1.08776e-05
1.69491e-05
1.08381e-05
9.2682e-06
4.90878e-06
4.81594e-06
4.30952e-06
3.28293e-06
1.79909e-06
4.8626e-06
6.73355e-06
8.36815e-06
8.83906e-06
9.47874e-06
1.032e-05
1.14766e-05
1.2903e-05
1.47566e-05
1.7386e-05
2.01125e-05
2.39568e-05
2.87017e-05
3.43156e-05
4.00502e-05
4.30926e-05
3.98345e-05
2.58946e-05
1.37933e-05
2.32007e-06
1.04331e-05
9.88229e-06
8.51489e-06
6.07698e-06
4.62535e-06
5.87481e-06
4.45185e-06
3.79287e-06
2.49194e-06
2.35383e-06
2.08947e-06
1.84047e-06
2.54075e-06
1.33406e-05
2.72317e-06
3.34169e-06
4.1772e-06
4.85401e-06
5.39147e-06
5.84721e-06
6.18365e-06
6.46924e-06
6.85598e-06
7.23936e-06
7.64492e-06
8.12221e-06
8.57848e-06
9.13195e-06
9.58982e-06
9.99101e-06
9.58106e-06
6.94668e-06
3.42552e-06
5.46456e-06
6.40776e-06
5.70749e-06
4.85805e-06
4.33503e-06
4.05128e-06
3.85135e-06
3.19301e-06
)
;

boundaryField
{
    inlet
    {
        type            calculated;
        value           uniform 5.99714e-09;
    }
    outlet
    {
        type            calculated;
        value           nonuniform List<scalar> 
113
(
1.48187e-05
4.29148e-05
0.000108229
0.000201669
0.000320155
0.000461319
0.000622307
0.000799859
0.000990748
0.00119256
0.00140377
0.00162357
0.00185176
0.00208869
0.00233493
0.0025912
0.00285822
0.00313663
0.00342708
0.0037302
0.00404669
0.00437742
0.00472372
0.00508648
0.00546527
0.00585851
0.00626547
0.00668479
0.00711338
0.00754658
0.00798005
0.00841324
0.00884579
0.00927535
0.00969713
0.0100988
0.0104588
0.0107237
0.0107551
0.0105242
0.0100819
0.00980595
0.00991524
0.0102888
0.010658
0.0108247
0.010703
0.0100657
0.0089514
0.0078229
0.00680094
0.00601837
0.00557844
0.00546716
0.00553316
0.00560777
0.00583321
0.00611069
0.0064142
0.00683128
0.00721798
0.00763582
0.00820106
0.00887701
0.00959316
0.0101149
0.0102648
0.010175
0.00998277
0.0098636
0.009765
0.00945648
0.00908023
0.00873808
0.00840744
0.0080675
0.00768576
0.00727511
0.00684875
0.00640587
0.005957
0.0054987
0.00504749
0.00456338
0.0040155
0.00356339
0.00315351
0.00279028
0.00247216
0.00219229
0.00194429
0.00172315
0.00152467
0.00134566
0.00118345
0.00103589
0.000901366
0.000778672
0.00066691
0.00056541
0.000473652
0.00039121
0.000317716
0.000252816
0.000196126
0.000147252
0.000105786
7.13353e-05
4.36117e-05
2.26643e-05
9.2682e-06
3.79287e-06
3.19301e-06
)
;
    }
    lowerWallStartup
    {
        type            symmetryPlane;
    }
    upperWallStartup
    {
        type            symmetryPlane;
    }
    upperWall
    {
        type            nutUBlendedWallFunction;
        value           nonuniform List<scalar> 
218
(
2.44479e-08
2.15781e-08
2.11012e-08
2.07685e-08
2.04783e-08
2.03474e-08
2.026e-08
2.01645e-08
2.00977e-08
2.00174e-08
1.99505e-08
1.98996e-08
1.98422e-08
1.97867e-08
1.97349e-08
1.96842e-08
1.9634e-08
1.95817e-08
1.95287e-08
1.94809e-08
1.94309e-08
1.93762e-08
1.93225e-08
1.92592e-08
1.91967e-08
1.91212e-08
1.9069e-08
1.89925e-08
1.89528e-08
1.88876e-08
1.88205e-08
1.87793e-08
1.87462e-08
1.86674e-08
1.86184e-08
1.86628e-08
1.87753e-08
1.88664e-08
1.90804e-08
1.93014e-08
1.98515e-08
2.01844e-08
2.0014e-08
1.91307e-08
1.84911e-08
1.76995e-08
1.7167e-08
1.46522e-08
1.3356e-08
1.27173e-08
1.31014e-08
1.35958e-08
1.42787e-08
1.491e-08
1.55004e-08
1.5983e-08
1.64302e-08
1.67864e-08
1.71143e-08
1.73914e-08
1.76394e-08
1.78405e-08
1.80086e-08
1.81144e-08
1.81784e-08
1.82183e-08
1.82386e-08
1.82399e-08
1.82287e-08
1.82028e-08
1.81644e-08
1.81184e-08
1.80622e-08
1.79996e-08
1.79256e-08
1.78415e-08
1.77516e-08
1.76583e-08
1.75608e-08
1.74611e-08
1.73575e-08
1.72541e-08
1.71453e-08
1.70412e-08
1.69264e-08
1.68263e-08
1.67016e-08
1.661e-08
1.6439e-08
1.6217e-08
1.60071e-08
1.5784e-08
1.5565e-08
1.53404e-08
1.51159e-08
1.48885e-08
1.46603e-08
1.44302e-08
1.4199e-08
1.39665e-08
1.37328e-08
1.34979e-08
1.32621e-08
1.30252e-08
1.27875e-08
1.25489e-08
1.23095e-08
1.20692e-08
1.18281e-08
1.15862e-08
1.13437e-08
1.11005e-08
1.08568e-08
1.06127e-08
1.03684e-08
1.01242e-08
9.8801e-09
9.63624e-09
9.3929e-09
9.14995e-09
8.90791e-09
8.66617e-09
8.42572e-09
8.1858e-09
7.94714e-09
7.70943e-09
7.4729e-09
7.23822e-09
7.00527e-09
6.77471e-09
6.5465e-09
6.32084e-09
6.09806e-09
5.87808e-09
5.66083e-09
5.44675e-09
5.2364e-09
5.03009e-09
4.82826e-09
4.63114e-09
4.4391e-09
4.25207e-09
4.07026e-09
3.8933e-09
3.72156e-09
3.55486e-09
3.39425e-09
3.23981e-09
3.09239e-09
2.95204e-09
2.81953e-09
2.69502e-09
2.5773e-09
2.46588e-09
2.35959e-09
2.25861e-09
2.16221e-09
2.07149e-09
1.98421e-09
1.90409e-09
1.82514e-09
1.75581e-09
1.68735e-09
1.62649e-09
1.5688e-09
1.51524e-09
1.46397e-09
1.41518e-09
1.36896e-09
1.32477e-09
1.28162e-09
1.24145e-09
1.20226e-09
1.16459e-09
1.12979e-09
1.09769e-09
1.06931e-09
1.04519e-09
1.02661e-09
1.01713e-09
1.01006e-09
1.00497e-09
8.87897e-10
0.00669711
0.00658714
6.91123e-10
7.924e-10
6.60309e-10
0.00255553
0.00206865
0.00033949
0
1.13067e-09
1.78823e-09
2.46681e-09
3.09005e-09
3.66193e-09
4.08555e-09
4.42351e-09
4.91169e-09
5.43395e-09
5.95357e-09
6.59669e-09
7.17541e-09
8.06023e-09
9.04704e-09
1.09677e-08
1.1501e-08
5.75328e-09
1.99432e-10
2.86763e-09
4.78014e-09
3.7733e-09
2.74338e-09
2.20631e-09
0.0114495
1.78952e-09
9.38202e-10
)
;
    }
    lowerWall
    {
        type            nutUBlendedWallFunction;
        value           nonuniform List<scalar> 
266
(
2.68328e-08
2.34779e-08
2.28264e-08
2.24668e-08
2.21334e-08
2.19264e-08
2.18661e-08
2.17805e-08
2.17561e-08
2.17018e-08
2.16781e-08
2.16455e-08
2.15968e-08
2.15611e-08
2.15186e-08
2.14736e-08
2.14308e-08
2.1379e-08
2.13318e-08
2.12962e-08
2.12542e-08
2.12009e-08
2.11352e-08
2.10681e-08
2.09929e-08
2.09245e-08
2.08505e-08
2.07762e-08
2.07129e-08
2.06207e-08
2.05713e-08
2.04817e-08
2.03815e-08
2.03639e-08
2.00486e-08
2.01101e-08
2.07839e-08
2.22594e-08
2.26945e-08
2.22784e-08
2.22411e-08
2.22176e-08
2.22582e-08
2.23251e-08
2.24371e-08
2.25144e-08
2.26161e-08
2.26603e-08
2.26174e-08
2.2653e-08
2.25309e-08
2.2396e-08
2.23463e-08
2.22651e-08
2.23212e-08
2.24054e-08
2.22957e-08
2.18978e-08
2.12499e-08
2.06239e-08
2.0065e-08
1.95912e-08
1.89785e-08
1.85916e-08
1.82432e-08
1.7872e-08
1.74925e-08
1.71308e-08
1.67927e-08
1.64949e-08
1.62231e-08
1.59894e-08
1.57301e-08
1.5499e-08
1.53153e-08
1.50758e-08
1.48569e-08
1.45361e-08
1.42981e-08
1.38998e-08
1.3652e-08
1.31431e-08
1.28454e-08
1.22406e-08
1.17564e-08
1.14995e-08
1.03294e-08
1.43614e-08
0.175276
3.57527e-05
0
0
0
0
0
0
0
0
0
0
0
0
0
0
0
0
0
0
0
1.07215e-07
4.01634e-07
0
0
0
0
0
0
0
0
0
2.35853e-07
5.69625e-10
0
0
0
5.55741e-07
8.93658e-07
6.71073e-07
4.71487e-08
0
0
0
0
0
0
0
4.34296e-05
0.000550689
0.000635823
1.26352e-09
0.00169102
6.90591e-10
6.65079e-10
6.52517e-10
6.57446e-10
6.21658e-10
0.00268988
0.00261497
0.00263532
0.000935028
0.000944102
0.0294957
1.21371e-09
6.54844e-10
6.82774e-10
7.10664e-10
2.78727e-09
8.65548e-10
9.22418e-10
9.37774e-10
9.51461e-10
9.73856e-10
1.02201e-09
1.06933e-09
1.08948e-09
0.00919584
1.32432e-09
1.47233e-09
1.58836e-09
1.68831e-09
1.76357e-09
1.74358e-09
0.0117409
1.61838e-09
1.44933e-09
0.00864868
0.00837582
9.35247e-10
0.00691849
7.49572e-10
0.00300241
6.5321e-10
0.0023052
0.0112413
0.000762315
0.00477881
0.00104407
0
0
7.48735e-10
6.7703e-10
6.55932e-10
6.52207e-10
6.53835e-10
6.57172e-10
6.62281e-10
6.67581e-10
6.68921e-10
6.57353e-10
7.73908e-10
0.00215708
0.00112928
0.000291517
0.0380502
0
1.46323e-09
8.16636e-10
6.88941e-10
6.53356e-10
6.68759e-10
7.22893e-10
7.59649e-10
7.68416e-10
7.82289e-10
8.07761e-10
8.40864e-10
8.73822e-10
8.698e-10
0.00753068
8.90017e-10
8.53286e-10
0.00625444
0.00596125
7.9666e-10
7.99622e-10
8.10121e-10
8.37919e-10
8.7149e-10
9.1297e-10
9.66999e-10
1.02075e-09
1.09294e-09
1.13994e-09
1.1986e-09
1.33441e-09
1.47132e-09
1.64725e-09
1.83647e-09
2.07097e-09
2.40049e-09
2.80058e-09
3.32458e-09
4.16627e-09
5.25872e-09
6.18317e-09
6.50371e-09
6.08876e-09
4.81078e-09
2.98168e-09
0.0115218
0
1.79334e-09
2.81675e-09
3.18196e-09
3.2612e-09
2.67626e-09
2.42147e-09
2.19532e-09
2.68124e-09
3.67073e-09
6.13335e-09
9.20882e-09
1.52264e-08
2.53187e-08
1.81866e-08
3.34312e-08
)
;
    }
    front
    {
        type            empty;
    }
    back
    {
        type            empty;
    }
}


// ************************************************************************* //
