/*--------------------------------*- C++ -*----------------------------------*\
| =========                 |                                                 |
| \\      /  F ield         | OpenFOAM: The Open Source CFD Toolbox           |
|  \\    /   O peration     | Version:  2506                                  |
|   \\  /    A nd           | Website:  www.openfoam.com                      |
|    \\/     M anipulation  |                                                 |
\*---------------------------------------------------------------------------*/
FoamFile
{
    version     2.0;
    format      ascii;
    arch        "LSB;label=32;scalar=64";
    class       volScalarField;
    location    "1000";
    object      p;
}
// * * * * * * * * * * * * * * * * * * * * * * * * * * * * * * * * * * * * * //

dimensions      [0 2 -2 0 0 0 0];

internalField   nonuniform List<scalar> 
20540
(
54.4365
15.8387
54.4367
15.6942
54.4372
15.6044
54.4381
15.5493
54.4392
15.5101
54.4404
15.4807
54.4415
15.4587
54.4422
15.4423
54.4422
15.4308
54.4411
15.4235
54.4385
15.4204
54.434
15.4213
54.4275
15.426
54.4185
15.434
54.4068
15.4448
54.3922
15.4571
54.3743
15.4689
54.3524
15.4785
54.3239
15.4862
54.2846
15.4937
54.2257
15.5119
54.1448
15.5322
54.0511
15.5588
53.9446
15.5872
53.8218
15.6207
53.6839
15.6561
53.5318
15.6956
53.3695
15.736
53.2044
15.7751
53.0501
15.809
52.943
15.828
52.8924
15.8309
52.8958
15.8181
52.9532
15.7896
53.0657
15.7449
53.2205
15.6881
53.3851
15.63
53.547
15.5733
53.6992
15.5207
53.8379
15.4729
53.9621
15.4297
54.0706
15.3933
54.166
15.3578
54.25
15.3314
54.3144
15.3044
54.3582
15.2895
54.3897
15.2775
54.4138
15.2647
54.4334
15.2502
54.4497
15.235
54.4629
15.2209
54.4734
15.2092
54.4813
15.2006
54.4869
15.1955
54.4904
15.1943
54.4922
15.1971
54.4926
15.2037
54.492
15.2144
54.4908
15.2297
54.4895
15.2503
54.488
15.2778
54.4868
15.3147
54.4859
15.3668
54.4853
15.4518
54.4851
15.588
-7.71847
-14.1214
-20.6952
-28.2945
-35.423
-42.4627
-49.3102
-56.0358
-62.7011
-69.2504
-75.6406
-81.8637
-87.8772
-93.676
-99.2462
-104.603
-109.735
-114.615
-119.274
-123.745
-128.051
-132.168
-136.071
-139.765
-143.26
-146.55
-149.672
-152.627
-155.42
-158.054
-160.531
-162.887
-165.042
-166.882
-169.075
-169.765
-168.902
-174.464
-187.155
-199.329
-208.567
-215.781
-221.792
-227.132
-232.267
-237.171
-241.909
-246.453
-250.41
-254.002
-257.282
-259.89
-261.966
-263.978
-266.467
-270.096
-275.533
-282.644
-290.152
-297.243
-303.39
-308.517
-313.408
-317.931
-321.699
-325.389
-328.92
-332.186
-335.174
-337.778
-340.014
-341.852
-343.312
-344.498
-345.145
-345.761
-345.832
-346.056
-345.526
-345.332
-344.321
-343.541
-342.713
-340.849
-342.507
-338.304
-350.274
-342.5
-7.71246
-14.1211
-20.6952
-28.2944
-35.423
-42.4626
-49.3102
-56.0358
-62.7011
-69.2504
-75.6405
-81.8637
-87.8772
-93.676
-99.2462
-104.603
-109.735
-114.615
-119.274
-123.745
-128.051
-132.168
-136.071
-139.765
-143.26
-146.55
-149.672
-152.627
-155.42
-158.054
-160.531
-162.887
-165.042
-166.882
-169.075
-169.765
-168.902
-174.463
-187.154
-199.329
-208.568
-215.781
-221.792
-227.132
-232.267
-237.171
-241.91
-246.453
-250.41
-254.002
-257.282
-259.89
-261.965
-263.978
-266.465
-270.094
-275.529
-282.64
-290.148
-297.24
-303.388
-308.514
-313.405
-317.926
-321.694
-325.384
-328.916
-332.182
-335.17
-337.775
-340.011
-341.85
-343.309
-344.496
-345.143
-345.759
-345.829
-346.052
-345.521
-345.328
-344.316
-343.535
-342.705
-340.839
-342.496
-338.28
-350.278
-342.268
-7.7102
-14.1205
-20.695
-28.2943
-35.4229
-42.4626
-49.3101
-56.0358
-62.7011
-69.2503
-75.6405
-81.8637
-87.8772
-93.676
-99.2461
-104.603
-109.735
-114.615
-119.274
-123.745
-128.051
-132.168
-136.071
-139.765
-143.26
-146.55
-149.672
-152.627
-155.42
-158.054
-160.531
-162.887
-165.042
-166.882
-169.075
-169.765
-168.9
-174.457
-187.149
-199.328
-208.569
-215.784
-221.795
-227.135
-232.269
-237.173
-241.911
-246.454
-250.411
-254.002
-257.283
-259.889
-261.964
-263.974
-266.46
-270.085
-275.517
-282.626
-290.135
-297.229
-303.379
-308.505
-313.393
-317.914
-321.681
-325.37
-328.902
-332.169
-335.159
-337.765
-340.003
-341.843
-343.303
-344.491
-345.137
-345.752
-345.82
-346.044
-345.51
-345.319
-344.301
-343.522
-342.683
-340.811
-342.465
-338.208
-350.265
-341.891
-7.70667
-14.1196
-20.6947
-28.2941
-35.4227
-42.4624
-49.31
-56.0356
-62.701
-69.2502
-75.6404
-81.8636
-87.8771
-93.6759
-99.2461
-104.603
-109.735
-114.615
-119.274
-123.745
-128.051
-132.168
-136.071
-139.765
-143.26
-146.55
-149.672
-152.627
-155.42
-158.054
-160.531
-162.887
-165.042
-166.881
-169.075
-169.765
-168.893
-174.444
-187.139
-199.325
-208.572
-215.789
-221.8
-227.139
-232.273
-237.176
-241.914
-246.457
-250.413
-254.004
-257.283
-259.889
-261.961
-263.967
-266.447
-270.064
-275.49
-282.598
-290.109
-297.209
-303.363
-308.487
-313.37
-317.89
-321.656
-325.345
-328.877
-332.146
-335.138
-337.747
-339.988
-341.829
-343.29
-344.481
-345.126
-345.74
-345.804
-346.028
-345.489
-345.301
-344.274
-343.497
-342.64
-340.759
-342.397
-338.069
-350.187
-341.336
-7.70478
-14.1185
-20.6944
-28.2937
-35.4224
-42.4622
-49.3098
-56.0354
-62.7008
-69.25
-75.6403
-81.8634
-87.8769
-93.6758
-99.246
-104.602
-109.735
-114.615
-119.274
-123.745
-128.051
-132.168
-136.071
-139.765
-143.26
-146.55
-149.672
-152.627
-155.42
-158.054
-160.531
-162.887
-165.042
-166.881
-169.075
-169.764
-168.882
-174.421
-187.121
-199.321
-208.577
-215.797
-221.809
-227.147
-232.28
-237.182
-241.919
-246.461
-250.417
-254.006
-257.284
-259.888
-261.956
-263.956
-266.426
-270.032
-275.447
-282.554
-290.07
-297.177
-303.338
-308.459
-313.337
-317.854
-321.619
-325.307
-328.841
-332.111
-335.108
-337.721
-339.967
-341.81
-343.272
-344.468
-345.111
-345.722
-345.78
-346.006
-345.459
-345.275
-344.234
-343.459
-342.576
-340.681
-342.288
-337.859
-350.005
-340.597
-7.70457
-14.1174
-20.6939
-28.2933
-35.4219
-42.4618
-49.3095
-56.0351
-62.7004
-69.2497
-75.64
-81.8632
-87.8767
-93.6756
-99.2458
-104.602
-109.734
-114.615
-119.274
-123.745
-128.051
-132.168
-136.071
-139.765
-143.26
-146.55
-149.672
-152.626
-155.42
-158.053
-160.531
-162.887
-165.041
-166.879
-169.075
-169.762
-168.865
-174.387
-187.095
-199.314
-208.583
-215.809
-221.822
-227.159
-232.29
-237.191
-241.927
-246.469
-250.423
-254.01
-257.287
-259.888
-261.95
-263.938
-266.395
-269.985
-275.389
-282.495
-290.017
-297.134
-303.303
-308.423
-313.292
-317.807
-321.569
-325.257
-328.793
-332.066
-335.067
-337.685
-339.937
-341.784
-343.248
-344.448
-345.089
-345.699
-345.749
-345.976
-345.419
-345.24
-344.181
-343.408
-342.489
-340.574
-342.13
-337.576
-349.691
-339.692
-7.70608
-14.1161
-20.6933
-28.2926
-35.4213
-42.4612
-49.3089
-56.0346
-62.6999
-69.2493
-75.6396
-81.8628
-87.8764
-93.6754
-99.2456
-104.602
-109.734
-114.615
-119.273
-123.744
-128.051
-132.168
-136.071
-139.765
-143.26
-146.55
-149.672
-152.626
-155.42
-158.053
-160.53
-162.886
-165.041
-166.878
-169.075
-169.76
-168.842
-174.341
-187.059
-199.303
-208.589
-215.823
-221.839
-227.175
-232.304
-237.203
-241.938
-246.479
-250.431
-254.016
-257.291
-259.888
-261.941
-263.916
-266.355
-269.926
-275.315
-282.419
-289.95
-297.079
-303.258
-308.375
-313.236
-317.746
-321.507
-325.193
-328.731
-332.008
-335.015
-337.64
-339.898
-341.749
-343.217
-344.422
-345.061
-345.668
-345.71
-345.938
-345.368
-345.194
-344.111
-343.34
-342.375
-340.435
-341.918
-337.218
-349.221
-338.629
-7.70938
-14.1149
-20.6926
-28.2918
-35.4204
-42.4604
-49.3081
-56.0338
-62.6992
-69.2486
-75.6389
-81.8623
-87.876
-93.675
-99.2453
-104.602
-109.734
-114.614
-119.273
-123.744
-128.051
-132.168
-136.071
-139.765
-143.26
-146.55
-149.672
-152.626
-155.42
-158.053
-160.53
-162.886
-165.041
-166.876
-169.076
-169.757
-168.813
-174.283
-187.012
-199.286
-208.593
-215.839
-221.859
-227.194
-232.322
-237.219
-241.952
-246.493
-250.443
-254.024
-257.297
-259.889
-261.932
-263.89
-266.307
-269.854
-275.225
-282.326
-289.866
-297.009
-303.2
-308.317
-313.167
-317.672
-321.43
-325.116
-328.656
-331.937
-334.951
-337.582
-339.848
-341.704
-343.176
-344.386
-345.023
-345.629
-345.663
-345.89
-345.305
-345.135
-344.024
-343.251
-342.233
-340.26
-341.646
-336.788
-348.576
-337.429
-7.71439
-14.1138
-20.6917
-28.2907
-35.4192
-42.4593
-49.3071
-56.0327
-62.6982
-69.2476
-75.638
-81.8615
-87.8753
-93.6745
-99.2448
-104.601
-109.734
-114.614
-119.273
-123.744
-128.051
-132.168
-136.071
-139.765
-143.261
-146.55
-149.672
-152.627
-155.42
-158.053
-160.53
-162.886
-165.04
-166.874
-169.076
-169.755
-168.78
-174.217
-186.953
-199.262
-208.595
-215.856
-221.882
-227.218
-232.344
-237.239
-241.97
-246.511
-250.458
-254.035
-257.305
-259.891
-261.922
-263.86
-266.253
-269.771
-275.121
-282.217
-289.765
-296.922
-303.128
-308.246
-313.086
-317.584
-321.339
-325.024
-328.566
-331.851
-334.872
-337.51
-339.784
-341.647
-343.125
-344.339
-344.974
-345.58
-345.604
-345.831
-345.229
-345.058
-343.918
-343.136
-342.06
-340.046
-341.311
-336.298
-347.734
-336.122
-7.72075
-14.1127
-20.6906
-28.2893
-35.4176
-42.4577
-49.3056
-56.0312
-62.6967
-69.2462
-75.6368
-81.8605
-87.8744
-93.6737
-99.2442
-104.601
-109.734
-114.614
-119.273
-123.744
-128.05
-132.168
-136.072
-139.766
-143.261
-146.551
-149.673
-152.627
-155.42
-158.053
-160.53
-162.886
-165.04
-166.871
-169.076
-169.754
-168.744
-174.143
-186.88
-199.227
-208.59
-215.87
-221.906
-227.244
-232.37
-237.262
-241.991
-246.532
-250.477
-254.049
-257.315
-259.895
-261.913
-263.83
-266.194
-269.681
-275.006
-282.091
-289.645
-296.817
-303.039
-308.161
-312.992
-317.481
-321.233
-324.916
-328.461
-331.749
-334.776
-337.422
-339.703
-341.575
-343.059
-344.276
-344.911
-345.519
-345.534
-345.758
-345.138
-344.962
-343.792
-342.993
-341.857
-339.793
-340.914
-335.766
-346.677
-334.75
-7.72773
-14.1119
-20.6892
-28.2875
-35.4156
-42.4557
-49.3035
-56.0292
-62.6948
-69.2444
-75.635
-81.859
-87.8731
-93.6727
-99.2433
-104.6
-109.733
-114.614
-119.272
-123.743
-128.05
-132.168
-136.072
-139.766
-143.262
-146.551
-149.673
-152.627
-155.42
-158.054
-160.53
-162.886
-165.04
-166.868
-169.076
-169.756
-168.71
-174.066
-186.791
-199.178
-208.576
-215.88
-221.93
-227.272
-232.399
-237.29
-242.016
-246.557
-250.5
-254.067
-257.33
-259.903
-261.908
-263.804
-266.137
-269.589
-274.882
-281.951
-289.507
-296.691
-302.931
-308.061
-312.885
-317.364
-321.113
-324.793
-328.339
-331.63
-334.663
-337.316
-339.602
-341.484
-342.977
-344.195
-344.831
-345.441
-345.451
-345.67
-345.033
-344.843
-343.645
-342.82
-341.625
-339.505
-340.457
-335.221
-345.384
-333.381
-7.73417
-14.111
-20.6876
-28.2853
-35.413
-42.4531
-49.3009
-56.0266
-62.6922
-69.242
-75.6328
-81.857
-87.8714
-93.6713
-99.2421
-104.599
-109.733
-114.613
-119.272
-123.742
-128.05
-132.168
-136.072
-139.767
-143.262
-146.552
-149.674
-152.628
-155.421
-158.054
-160.53
-162.886
-165.04
-166.865
-169.075
-169.761
-168.684
-173.989
-186.687
-199.11
-208.548
-215.881
-221.95
-227.3
-232.429
-237.32
-242.043
-246.584
-250.526
-254.088
-257.347
-259.914
-261.907
-263.784
-266.087
-269.501
-274.756
-281.799
-289.35
-296.543
-302.8
-307.944
-312.763
-317.231
-320.977
-324.655
-328.199
-331.493
-334.531
-337.189
-339.478
-341.371
-342.874
-344.092
-344.729
-345.345
-345.352
-345.564
-344.912
-344.701
-343.479
-342.616
-341.367
-339.192
-339.943
-334.7
-343.837
-332.108
-7.73829
-14.11
-20.6857
-28.2826
-35.4099
-42.4498
-49.2976
-56.0232
-62.6889
-69.2388
-75.6298
-81.8544
-87.8692
-93.6694
-99.2404
-104.598
-109.732
-114.613
-119.271
-123.742
-128.049
-132.167
-136.072
-139.767
-143.263
-146.553
-149.675
-152.629
-155.422
-158.055
-160.531
-162.887
-165.041
-166.863
-169.073
-169.771
-168.672
-173.917
-186.57
-199.018
-208.501
-215.867
-221.962
-227.324
-232.459
-237.351
-242.073
-246.614
-250.555
-254.113
-257.368
-259.931
-261.914
-263.776
-266.052
-269.429
-274.636
-281.641
-289.177
-296.371
-302.644
-307.807
-312.626
-317.085
-320.826
-324.501
-328.043
-331.335
-334.376
-337.04
-339.33
-341.232
-342.746
-343.963
-344.605
-345.225
-345.236
-345.438
-344.777
-344.535
-343.299
-342.388
-341.091
-338.872
-339.382
-334.248
-342.047
-331.033
-7.73777
-14.1084
-20.6834
-28.2794
-35.4061
-42.4457
-49.2935
-56.019
-62.6848
-69.2348
-75.626
-81.851
-87.8662
-93.6668
-99.2382
-104.596
-109.73
-114.611
-119.27
-123.741
-128.048
-132.167
-136.072
-139.768
-143.264
-146.554
-149.676
-152.63
-155.424
-158.056
-160.532
-162.887
-165.043
-166.861
-169.07
-169.787
-168.685
-173.857
-186.446
-198.899
-208.428
-215.832
-221.959
-227.341
-232.484
-237.381
-242.103
-246.644
-250.587
-254.141
-257.392
-259.953
-261.932
-263.784
-266.042
-269.383
-274.535
-281.486
-288.991
-296.176
-302.462
-307.649
-312.474
-316.923
-320.662
-324.331
-327.868
-331.158
-334.198
-336.866
-339.154
-341.064
-342.589
-343.805
-344.454
-345.08
-345.1
-345.291
-344.631
-344.351
-343.113
-342.15
-340.812
-338.572
-338.797
-333.923
-340.077
-330.277
-7.72987
-14.1053
-20.6806
-28.2756
-35.4015
-42.4408
-49.2884
-56.0138
-62.6796
-69.2299
-75.6212
-81.8467
-87.8623
-93.6634
-99.2353
-104.593
-109.728
-114.61
-119.269
-123.74
-128.047
-132.166
-136.072
-139.768
-143.265
-146.555
-149.678
-152.632
-155.425
-158.058
-160.533
-162.889
-165.046
-166.861
-169.065
-169.81
-168.73
-173.822
-186.323
-198.748
-208.322
-215.771
-221.933
-227.343
-232.501
-237.406
-242.13
-246.672
-250.618
-254.171
-257.42
-259.983
-261.962
-263.814
-266.064
-269.378
-274.469
-281.347
-288.801
-295.962
-302.253
-307.467
-312.306
-316.748
-320.483
-324.146
-327.676
-330.96
-333.996
-336.664
-338.95
-340.866
-342.398
-343.615
-344.277
-344.907
-344.945
-345.124
-344.48
-344.158
-342.938
-341.924
-340.559
-338.34
-338.238
-333.792
-338.078
-329.997
-7.71153
-14.0994
-20.6768
-28.271
-35.3963
-42.4351
-49.2822
-56.0074
-62.6734
-69.2238
-75.6152
-81.8411
-87.8572
-93.659
-99.2314
-104.59
-109.725
-114.608
-119.267
-123.738
-128.045
-132.164
-136.07
-139.767
-143.265
-146.556
-149.679
-152.633
-155.427
-158.06
-160.535
-162.89
-165.049
-166.863
-169.06
-169.839
-168.812
-173.833
-186.207
-198.565
-208.178
-215.675
-221.877
-227.324
-232.503
-237.421
-242.151
-246.695
-250.648
-254.202
-257.449
-260.02
-262.009
-263.87
-266.129
-269.43
-274.458
-281.245
-288.621
-295.737
-302.022
-307.264
-312.123
-316.561
-320.29
-323.948
-327.468
-330.742
-333.768
-336.434
-338.719
-340.638
-342.175
-343.392
-344.074
-344.711
-344.777
-344.944
-344.335
-343.977
-342.799
-341.753
-340.38
-338.249
-337.802
-333.951
-336.321
-330.409
-7.67927
-14.0895
-20.6716
-28.2655
-35.3903
-42.4284
-49.275
-55.9999
-62.6658
-69.2164
-75.6079
-81.8342
-87.8508
-93.6532
-99.2262
-104.585
-109.721
-114.604
-119.264
-123.735
-128.043
-132.162
-136.068
-139.766
-143.265
-146.557
-149.68
-152.635
-155.429
-158.062
-160.538
-162.892
-165.055
-166.868
-169.054
-169.875
-168.937
-173.91
-186.109
-198.36
-207.988
-215.538
-221.785
-227.272
-232.483
-237.42
-242.16
-246.709
-250.672
-254.232
-257.48
-260.064
-262.074
-263.958
-266.242
-269.55
-274.524
-281.203
-288.474
-295.519
-301.778
-307.045
-311.93
-316.364
-320.088
-323.738
-327.244
-330.506
-333.518
-336.177
-338.46
-340.381
-341.925
-343.145
-343.854
-344.499
-344.607
-344.766
-344.222
-343.843
-342.745
-341.701
-340.362
-338.415
-337.651
-334.546
-335.239
-331.832
-7.62962
-14.0744
-20.6638
-28.2588
-35.3836
-42.4208
-49.2664
-55.9912
-62.657
-69.2076
-75.5991
-81.8256
-87.8427
-93.6458
-99.2195
-104.579
-109.715
-114.599
-119.26
-123.732
-128.039
-132.159
-136.065
-139.764
-143.263
-146.556
-149.681
-152.636
-155.43
-158.064
-160.54
-162.894
-165.061
-166.876
-169.049
-169.922
-169.107
-174.064
-186.047
-198.149
-207.752
-215.35
-221.651
-227.181
-232.43
-237.395
-242.152
-246.71
-250.687
-254.258
-257.511
-260.115
-262.162
-264.084
-266.411
-269.748
-274.684
-281.248
-288.388
-295.332
-301.543
-306.825
-311.737
-316.167
-319.883
-323.523
-327.012
-330.258
-333.251
-335.9
-338.178
-340.104
-341.657
-342.887
-343.64
-344.294
-344.46
-344.627
-344.183
-343.817
-342.849
-341.874
-340.651
-338.985
-338.037
-335.832
-335.402
-334.675
-7.56132
-14.0527
-20.6524
-28.2506
-35.3758
-42.412
-49.2565
-55.9812
-62.6468
-69.1973
-75.5886
-81.8152
-87.8328
-93.6364
-99.2109
-104.571
-109.708
-114.593
-119.255
-123.727
-128.034
-132.154
-136.061
-139.76
-143.26
-146.554
-149.68
-152.636
-155.431
-158.065
-160.543
-162.896
-165.067
-166.887
-169.045
-169.981
-169.325
-174.29
-186.048
-197.949
-207.482
-215.107
-221.465
-227.048
-232.336
-237.337
-242.118
-246.691
-250.689
-254.279
-257.542
-260.175
-262.275
-264.256
-266.644
-270.03
-274.948
-281.402
-288.395
-295.212
-301.35
-306.632
-311.565
-315.988
-319.69
-323.315
-326.781
-330.008
-332.979
-335.616
-337.891
-339.823
-341.389
-342.643
-343.461
-344.137
-344.386
-344.591
-344.292
-343.996
-343.23
-342.431
-341.443
-340.202
-339.347
-338.204
-337.453
-339.431
-7.47838
-14.0225
-20.6377
-28.2401
-35.3668
-42.402
-49.2452
-55.9701
-62.6353
-69.1855
-75.5765
-81.8029
-87.8206
-93.6248
-99.2
-104.56
-109.698
-114.584
-119.247
-123.72
-128.028
-132.147
-136.054
-139.754
-143.255
-146.55
-149.677
-152.634
-155.43
-158.065
-160.545
-162.898
-165.074
-166.902
-169.046
-170.056
-169.597
-174.583
-186.116
-197.78
-207.203
-214.819
-221.222
-226.864
-232.199
-237.24
-242.052
-246.644
-250.673
-254.293
-257.573
-260.248
-262.418
-264.481
-266.954
-270.405
-275.318
-281.672
-288.52
-295.198
-301.245
-306.512
-311.456
-315.86
-319.537
-323.14
-326.576
-329.779
-332.726
-335.351
-337.627
-339.572
-341.163
-342.458
-343.361
-344.098
-344.471
-344.764
-344.673
-344.536
-344.072
-343.591
-343.017
-342.424
-342.054
-342.17
-342.013
-346.605
-7.39243
-13.9841
-20.62
-28.2273
-35.356
-42.3905
-49.2326
-55.9579
-62.6226
-69.1723
-75.5627
-81.7885
-87.8062
-93.6106
-99.1865
-104.547
-109.685
-114.573
-119.237
-123.711
-128.019
-132.138
-136.045
-139.745
-143.246
-146.543
-149.67
-152.629
-155.427
-158.063
-160.545
-162.899
-165.081
-166.921
-169.051
-170.152
-169.931
-174.943
-186.225
-197.647
-206.942
-214.514
-220.936
-226.629
-232.013
-237.102
-241.954
-246.567
-250.637
-254.298
-257.607
-260.34
-262.596
-264.77
-267.359
-270.888
-275.797
-282.053
-288.769
-295.313
-301.271
-306.519
-311.468
-315.841
-319.477
-323.047
-326.442
-329.614
-332.534
-335.148
-337.433
-339.404
-341.043
-342.406
-343.432
-344.281
-344.837
-345.299
-345.497
-345.654
-345.64
-345.679
-345.762
-346.083
-346.659
-348.267
-349.502
-356.497
-7.30836
-13.9348
-20.598
-28.2147
-35.344
-42.3775
-49.219
-55.9448
-62.6087
-69.1578
-75.5473
-81.7721
-87.7893
-93.5937
-99.1701
-104.531
-109.669
-114.558
-119.224
-123.698
-128.006
-132.125
-136.032
-139.733
-143.235
-146.533
-149.661
-152.622
-155.421
-158.058
-160.544
-162.899
-165.089
-166.945
-169.063
-170.273
-170.334
-175.374
-186.355
-197.522
-206.695
-214.218
-220.637
-226.365
-231.787
-236.924
-241.824
-246.462
-250.585
-254.305
-257.655
-260.464
-262.827
-265.14
-267.877
-271.498
-276.402
-282.551
-289.136
-295.559
-301.45
-306.699
-311.662
-316.004
-319.587
-323.109
-326.453
-329.587
-332.479
-335.089
-337.397
-339.417
-341.138
-342.613
-343.809
-344.843
-345.664
-346.411
-347.019
-347.642
-348.261
-349.054
-350.064
-351.565
-353.491
-356.808
-359.891
-368.952
-7.22246
-13.9091
-20.5663
-28.1897
-35.3318
-42.3675
-49.2069
-55.9312
-62.5937
-69.1418
-75.5302
-81.7536
-87.7702
-93.5741
-99.1508
-104.511
-109.65
-114.539
-119.207
-123.682
-127.99
-132.108
-136.015
-139.716
-143.219
-146.518
-149.648
-152.611
-155.411
-158.05
-160.541
-162.897
-165.098
-166.975
-169.083
-170.425
-170.815
-175.879
-186.5
-197.366
-206.42
-213.917
-220.344
-226.104
-231.553
-236.731
-241.675
-246.343
-250.531
-254.327
-257.735
-260.642
-263.147
-265.625
-268.531
-272.263
-277.166
-283.189
-289.627
-295.934
-301.779
-307.062
-312.075
-316.406
-319.942
-323.413
-326.708
-329.804
-332.678
-335.298
-337.653
-339.756
-341.609
-343.257
-344.698
-346.018
-347.219
-348.401
-349.574
-350.859
-352.303
-354.074
-356.242
-359.119
-362.585
-367.652
-372.626
-383.191
-7.10487
-13.8741
-20.5649
-28.1826
-35.306
-42.3364
-49.1874
-55.9218
-62.5858
-69.1304
-75.514
-81.7333
-87.7478
-93.5508
-99.1276
-104.488
-109.626
-114.517
-119.186
-123.663
-127.97
-132.087
-135.994
-139.695
-143.198
-146.499
-149.631
-152.594
-155.396
-158.04
-160.536
-162.893
-165.106
-167.014
-169.118
-170.616
-171.377
-176.457
-186.658
-197.165
-206.073
-213.556
-220.02
-225.838
-231.332
-236.556
-241.545
-246.254
-250.512
-254.389
-257.882
-260.916
-263.599
-266.273
-269.364
-273.223
-278.125
-284.01
-290.282
-296.463
-302.268
-307.609
-312.705
-317.06
-320.575
-324.014
-327.281
-330.367
-333.253
-335.92
-338.366
-340.609
-342.661
-344.566
-346.346
-348.073
-349.781
-351.558
-353.456
-355.586
-358.023
-360.928
-364.364
-368.631
-373.549
-380.063
-386.445
-397.778
-6.98004
-13.828
-20.5449
-28.1864
-35.3184
-42.3358
-49.1697
-55.8905
-62.5506
-69.1009
-75.4936
-81.719
-87.7355
-93.5362
-99.109
-104.464
-109.599
-114.488
-119.158
-123.636
-127.943
-132.058
-135.966
-139.668
-143.172
-146.475
-149.609
-152.574
-155.379
-158.027
-160.53
-162.89
-165.117
-167.064
-169.177
-170.852
-172.021
-177.102
-186.819
-196.911
-205.633
-213.086
-219.604
-225.51
-231.084
-236.387
-241.446
-246.223
-250.573
-254.552
-258.158
-261.35
-264.246
-267.15
-270.446
-274.438
-279.335
-285.073
-291.166
-297.21
-302.97
-308.373
-313.572
-317.98
-321.5
-324.936
-328.218
-331.341
-334.295
-337.076
-339.688
-342.155
-344.502
-346.773
-349.008
-351.27
-353.615
-356.123
-358.86
-361.928
-365.398
-369.409
-373.984
-379.381
-385.347
-392.718
-399.79
-410.962
-6.83641
-13.7741
-20.5263
-28.1824
-35.3155
-42.3366
-49.1833
-55.9099
-62.5607
-69.0922
-75.464
-81.6733
-87.6832
-93.4859
-99.0672
-104.432
-109.575
-114.472
-119.146
-123.624
-127.927
-132.036
-135.938
-139.635
-143.136
-146.439
-149.573
-152.54
-155.347
-158.003
-160.514
-162.882
-165.129
-167.125
-169.263
-171.141
-172.742
-177.807
-186.979
-196.596
-205.091
-212.494
-219.065
-225.076
-230.762
-236.182
-241.353
-246.243
-250.733
-254.859
-258.625
-262.021
-265.17
-268.341
-271.863
-275.992
-280.881
-286.466
-292.37
-298.27
-303.977
-309.434
-314.742
-319.212
-322.752
-326.208
-329.54
-332.745
-335.825
-338.784
-341.637
-344.413
-347.144
-349.875
-352.651
-355.534
-358.577
-361.852
-365.416
-369.348
-373.692
-378.548
-383.891
-389.916
-396.322
-403.815
-410.833
-420.972
-6.68028
-13.717
-20.5033
-28.1778
-35.3178
-42.3358
-49.1822
-55.9102
-62.5656
-69.1059
-75.4854
-81.6947
-87.6964
-93.4825
-99.0436
-104.387
-109.513
-114.402
-119.075
-123.556
-127.865
-131.983
-135.895
-139.604
-143.115
-146.426
-149.567
-152.537
-155.348
-158.006
-160.524
-162.898
-165.164
-167.215
-169.388
-171.476
-173.512
-178.531
-187.096
-196.174
-204.393
-211.72
-218.339
-224.467
-230.291
-235.867
-241.197
-246.254
-250.944
-255.281
-259.275
-262.937
-266.392
-269.873
-273.65
-277.931
-282.822
-288.266
-293.99
-299.75
-305.405
-310.914
-316.342
-320.901
-324.482
-327.987
-331.405
-334.74
-337.997
-341.192
-344.345
-347.487
-350.65
-353.877
-357.208
-360.693
-364.373
-368.297
-372.5
-377.029
-381.892
-387.148
-392.73
-398.783
-404.989
-411.936
-418.288
-426.832
-6.51548
-13.6533
-20.4774
-28.173
-35.3171
-42.3316
-49.1847
-55.9203
-62.5764
-69.1118
-75.4835
-81.6867
-87.6891
-93.4817
-99.0536
-104.406
-109.537
-114.426
-119.095
-123.563
-127.851
-131.945
-135.836
-139.526
-143.024
-146.33
-149.468
-152.443
-155.262
-157.936
-160.475
-162.877
-165.185
-167.321
-169.565
-171.881
-174.345
-179.292
-187.207
-195.697
-203.595
-210.819
-217.484
-223.747
-229.739
-235.51
-241.05
-246.331
-251.284
-255.899
-260.187
-264.175
-267.981
-271.797
-275.843
-280.28
-285.181
-290.502
-296.062
-301.689
-307.291
-312.838
-318.373
-323.012
-326.636
-330.197
-333.714
-337.188
-340.631
-344.06
-347.498
-350.971
-354.505
-358.132
-361.879
-365.777
-369.847
-374.113
-378.583
-383.276
-388.17
-393.298
-398.567
-404.096
-409.582
-415.513
-420.818
-427.556
-6.34858
-13.5876
-20.4503
-28.1662
-35.3161
-42.329
-49.1873
-55.9261
-62.5813
-69.1173
-75.4914
-81.6965
-87.6988
-93.4865
-99.0504
-104.393
-109.515
-114.403
-119.077
-123.553
-127.851
-131.956
-135.857
-139.557
-143.062
-146.371
-149.509
-152.48
-155.295
-157.963
-160.501
-162.907
-165.233
-167.437
-169.744
-172.251
-175.067
-179.869
-187.068
-194.894
-202.407
-209.49
-216.201
-222.63
-228.846
-234.892
-240.731
-246.338
-251.657
-256.654
-261.329
-265.718
-269.924
-274.106
-278.435
-283.035
-287.962
-293.192
-298.619
-304.137
-309.696
-315.282
-320.931
-325.68
-329.366
-332.999
-336.625
-340.24
-343.854
-347.484
-351.145
-354.854
-358.625
-362.476
-366.416
-370.456
-374.597
-378.846
-383.187
-387.627
-392.125
-396.706
-401.272
-405.932
-410.419
-415.141
-419.272
-424.288
-6.19404
-13.5237
-20.4217
-28.1576
-35.3139
-42.3238
-49.1866
-55.932
-62.5902
-69.1274
-75.4992
-81.6987
-87.6962
-93.4814
-99.0473
-104.394
-109.521
-114.416
-119.094
-123.568
-127.855
-131.946
-135.834
-139.523
-143.021
-146.33
-149.472
-152.453
-155.286
-157.977
-160.548
-162.997
-165.38
-167.69
-170.103
-172.795
-175.9
-180.521
-186.989
-194.099
-201.161
-208.05
-214.78
-221.384
-227.863
-234.249
-240.472
-246.505
-252.303
-257.793
-262.949
-267.802
-272.435
-276.977
-281.56
-286.285
-291.206
-296.321
-301.589
-306.956
-312.409
-317.946
-323.597
-328.325
-331.969
-335.574
-339.196
-342.819
-346.447
-350.092
-353.759
-357.452
-361.174
-364.93
-368.713
-372.526
-376.355
-380.199
-384.033
-387.864
-391.641
-395.402
-399.043
-402.685
-406.091
-409.595
-412.626
-416.074
-6.08696
-13.4751
-20.3981
-28.1487
-35.31
-42.3175
-49.185
-55.9366
-62.5964
-69.1336
-75.5045
-81.7035
-87.7019
-93.4872
-99.0525
-104.396
-109.518
-114.41
-119.088
-123.561
-127.848
-131.942
-135.835
-139.531
-143.037
-146.353
-149.501
-152.486
-155.323
-158.021
-160.602
-163.07
-165.48
-167.852
-170.329
-173.107
-176.336
-180.733
-186.563
-193.035
-199.675
-206.374
-213.141
-219.946
-226.729
-233.522
-240.201
-246.751
-253.13
-259.2
-264.901
-270.247
-275.312
-280.199
-285.017
-289.858
-294.781
-299.805
-304.933
-310.152
-315.482
-320.937
-326.571
-331.263
-334.789
-338.267
-341.778
-345.284
-348.784
-352.281
-355.773
-359.257
-362.727
-366.179
-369.602
-372.992
-376.331
-379.619
-382.826
-385.964
-388.989
-391.931
-394.72
-397.428
-399.935
-402.386
-404.565
-406.759
-6.03574
-13.4465
-20.3815
-28.14
-35.305
-42.3106
-49.1808
-55.9379
-62.6005
-69.1397
-75.511
-81.7087
-87.7056
-93.4888
-99.0534
-104.397
-109.52
-114.416
-119.097
-123.572
-127.857
-131.947
-135.836
-139.528
-143.032
-146.349
-149.498
-152.487
-155.333
-158.044
-160.643
-163.137
-165.578
-168.002
-170.524
-173.329
-176.578
-180.743
-186.042
-191.966
-198.228
-204.747
-211.548
-218.545
-225.624
-232.827
-239.955
-247.032
-254.018
-260.676
-266.901
-272.689
-278.103
-283.236
-288.199
-293.08
-297.951
-302.846
-307.797
-312.812
-317.931
-323.165
-328.565
-333.028
-336.36
-339.636
-342.937
-346.218
-349.473
-352.703
-355.902
-359.062
-362.176
-365.236
-368.233
-371.159
-374.001
-376.754
-379.405
-381.949
-384.373
-386.678
-388.847
-390.889
-392.785
-394.551
-396.164
-397.652
-6.03748
-13.4364
-20.3714
-28.1316
-35.2988
-42.3026
-49.1747
-55.9371
-62.6029
-69.1443
-75.5161
-81.7136
-87.7104
-93.4931
-99.0578
-104.401
-109.524
-114.422
-119.105
-123.58
-127.864
-131.952
-135.839
-139.531
-143.036
-146.355
-149.507
-152.502
-155.355
-158.078
-160.692
-163.205
-165.666
-168.116
-170.649
-173.423
-176.602
-180.5
-185.306
-190.717
-196.607
-202.936
-209.781
-216.973
-224.355
-231.995
-239.571
-247.215
-254.884
-262.185
-268.958
-275.175
-280.902
-286.233
-291.286
-296.161
-300.942
-305.679
-310.423
-315.194
-320.044
-324.988
-330.08
-334.263
-337.354
-340.377
-343.411
-346.408
-349.36
-352.269
-355.125
-357.921
-360.65
-363.304
-365.876
-368.357
-370.742
-373.022
-375.193
-377.249
-379.186
-380.999
-382.69
-384.25
-385.69
-386.995
-388.186
-389.24
-6.09212
-13.4449
-20.3677
-28.1235
-35.2914
-42.2935
-49.1664
-55.9342
-62.6036
-69.1475
-75.5199
-81.718
-87.7162
-93.4998
-99.0654
-104.408
-109.529
-114.427
-119.11
-123.584
-127.87
-131.959
-135.851
-139.548
-143.057
-146.38
-149.535
-152.532
-155.388
-158.115
-160.735
-163.253
-165.718
-168.17
-170.682
-173.376
-176.421
-180.023
-184.358
-189.27
-194.79
-200.929
-207.852
-215.258
-222.976
-231.102
-239.121
-247.399
-255.875
-263.911
-271.276
-277.918
-283.921
-289.39
-294.464
-299.266
-303.895
-308.409
-312.88
-317.334
-321.828
-326.378
-331.039
-334.843
-337.634
-340.347
-343.053
-345.709
-348.308
-350.849
-353.325
-355.729
-358.055
-360.297
-362.45
-364.507
-366.466
-368.319
-370.069
-371.704
-373.234
-374.641
-375.95
-377.125
-378.218
-379.158
-380.048
-380.755
-6.20119
-13.4721
-20.3704
-28.1154
-35.2828
-42.2835
-49.1557
-55.9282
-62.6023
-69.1507
-75.5251
-81.7233
-87.7204
-93.5026
-99.0694
-104.416
-109.541
-114.445
-119.132
-123.606
-127.887
-131.97
-135.853
-139.544
-143.049
-146.371
-149.529
-152.533
-155.4
-158.145
-160.784
-163.32
-165.799
-168.255
-170.732
-173.318
-176.184
-179.457
-183.303
-187.686
-192.785
-198.696
-205.714
-213.322
-221.394
-230.03
-238.419
-247.397
-256.85
-265.738
-273.748
-280.803
-287.036
-292.575
-297.596
-302.258
-306.675
-310.918
-315.069
-319.153
-323.225
-327.298
-331.409
-334.749
-337.234
-339.637
-342.006
-344.312
-346.549
-348.718
-350.814
-352.831
-354.767
-356.618
-358.381
-360.053
-361.634
-363.118
-364.51
-365.803
-367.006
-368.106
-369.127
-370.034
-370.887
-371.597
-372.313
-372.801
-6.35348
-13.5143
-20.3788
-28.1082
-35.2734
-42.2731
-49.1446
-55.9214
-62.5985
-69.1498
-75.5269
-81.73
-87.7317
-93.5151
-99.0798
-104.421
-109.541
-114.442
-119.131
-123.611
-127.902
-131.996
-135.89
-139.59
-143.102
-146.425
-149.579
-152.576
-155.434
-158.172
-160.803
-163.327
-165.79
-168.22
-170.632
-173.082
-175.746
-178.693
-182.077
-185.953
-190.634
-196.34
-203.533
-211.365
-219.86
-229.034
-237.663
-247.404
-258
-267.827
-276.495
-283.911
-290.305
-295.832
-300.729
-305.201
-309.371
-313.319
-317.142
-320.854
-324.513
-328.136
-331.757
-334.701
-336.894
-339.002
-341.063
-343.056
-344.979
-346.831
-348.609
-350.311
-351.934
-353.478
-354.941
-356.321
-357.619
-358.834
-359.968
-361.019
-361.993
-362.882
-363.707
-364.438
-365.132
-365.695
-366.309
-366.636
-6.51734
-13.5614
-20.389
-28.102
-35.2654
-42.263
-49.1321
-55.9143
-62.5976
-69.1523
-75.5277
-81.7282
-87.7297
-93.5174
-99.0911
-104.442
-109.569
-114.472
-119.157
-123.626
-127.904
-131.986
-135.868
-139.562
-143.072
-146.4
-149.563
-152.574
-155.45
-158.211
-160.865
-163.407
-165.884
-168.316
-170.688
-173.034
-175.538
-178.223
-181.229
-184.67
-188.959
-194.473
-201.835
-209.808
-218.674
-228.249
-236.833
-247.211
-258.903
-269.577
-278.788
-286.437
-292.893
-298.324
-303.046
-307.309
-311.235
-314.912
-318.455
-321.849
-325.163
-328.405
-331.597
-334.188
-336.15
-338.038
-339.863
-341.617
-343.299
-344.908
-346.444
-347.907
-349.296
-350.61
-351.851
-353.018
-354.112
-355.134
-356.086
-356.966
-357.782
-358.528
-359.22
-359.835
-360.427
-360.895
-361.454
-361.655
-6.67983
-13.6091
-20.4007
-28.0959
-35.258
-42.2562
-49.1221
-55.9042
-62.5902
-69.1523
-75.536
-81.7424
-87.7427
-93.5218
-99.0841
-104.425
-109.547
-114.456
-119.154
-123.64
-127.939
-132.043
-135.944
-139.655
-143.176
-146.508
-149.67
-152.676
-155.545
-158.298
-160.942
-163.469
-165.93
-168.339
-170.656
-172.897
-175.258
-177.72
-180.408
-183.468
-187.385
-192.726
-200.258
-208.326
-217.571
-227.47
-235.813
-246.789
-259.599
-271.099
-280.807
-288.631
-295.115
-300.427
-304.97
-309.047
-312.762
-316.215
-319.537
-322.677
-325.719
-328.663
-331.516
-333.845
-335.65
-337.387
-339.048
-340.636
-342.154
-343.601
-344.981
-346.292
-347.535
-348.711
-349.82
-350.865
-351.844
-352.76
-353.614
-354.407
-355.144
-355.821
-356.452
-357.019
-357.567
-358.011
-358.548
-358.713
-6.83465
-13.6534
-20.4118
-28.092
-35.2498
-42.247
-49.115
-55.9034
-62.5894
-69.145
-75.5202
-81.7251
-87.7342
-93.5311
-99.1168
-104.48
-109.619
-114.537
-119.234
-123.713
-128.001
-132.093
-135.981
-139.682
-143.196
-146.522
-149.684
-152.69
-155.561
-158.321
-160.971
-163.501
-165.962
-168.368
-170.653
-172.813
-175.07
-177.362
-179.792
-182.522
-186.095
-191.281
-198.976
-207.098
-216.72
-226.859
-234.783
-246.287
-260.18
-272.437
-282.556
-290.476
-296.946
-302.106
-306.467
-310.377
-313.909
-317.185
-320.353
-323.31
-326.171
-328.919
-331.535
-333.686
-335.403
-337.047
-338.603
-340.085
-341.494
-342.833
-344.107
-345.314
-346.456
-347.534
-348.553
-349.517
-350.412
-351.256
-352.038
-352.766
-353.448
-354.072
-354.652
-355.179
-355.684
-356.105
-356.606
-356.76
-6.97663
-13.6963
-20.4207
-28.0876
-35.2478
-42.2404
-49.0972
-55.8829
-62.5788
-69.1555
-75.5542
-81.7774
-87.7939
-93.5871
-99.1628
-104.513
-109.643
-114.556
-119.252
-123.733
-128.025
-132.121
-136.013
-139.719
-143.235
-146.563
-149.724
-152.728
-155.598
-158.359
-161.009
-163.533
-165.988
-168.389
-170.643
-172.736
-174.91
-177.062
-179.277
-181.724
-184.979
-190.032
-197.874
-206.022
-216.021
-226.335
-233.72
-245.688
-260.621
-273.584
-284.06
-292.041
-298.494
-303.516
-307.738
-311.542
-314.955
-318.124
-321.198
-324.018
-326.752
-329.357
-331.8
-333.82
-335.454
-337.006
-338.469
-339.859
-341.177
-342.428
-343.616
-344.745
-345.815
-346.828
-347.786
-348.685
-349.53
-350.32
-351.059
-351.747
-352.385
-352.976
-353.526
-354.029
-354.509
-354.918
-355.392
-355.555
-7.10377
-13.7325
-20.4329
-28.0801
-35.2314
-42.2305
-49.1052
-55.9127
-62.6189
-69.1928
-75.5816
-81.7969
-87.8104
-93.6053
-99.1855
-104.54
-109.673
-114.588
-119.284
-123.764
-128.055
-132.151
-136.042
-139.746
-143.262
-146.589
-149.748
-152.751
-155.62
-158.382
-161.033
-163.552
-166.004
-168.403
-170.635
-172.675
-174.785
-176.83
-178.871
-181.075
-184.046
-188.984
-196.957
-205.112
-215.478
-225.917
-232.689
-245.064
-260.998
-274.626
-285.414
-293.444
-299.893
-304.805
-308.918
-312.627
-315.924
-318.979
-321.942
-324.631
-327.264
-329.731
-332.024
-333.947
-335.521
-337.007
-338.403
-339.728
-340.982
-342.169
-343.293
-344.366
-345.386
-346.356
-347.274
-348.132
-348.948
-349.705
-350.417
-351.078
-351.685
-352.25
-352.776
-353.255
-353.709
-354.098
-354.552
-354.728
-7.21963
-13.7646
-20.43
-28.0757
-35.2489
-42.259
-49.1259
-55.9253
-62.63
-69.2082
-75.602
-81.8214
-87.8367
-93.6316
-99.2115
-104.566
-109.698
-114.612
-119.308
-123.787
-128.077
-132.173
-136.064
-139.767
-143.283
-146.609
-149.768
-152.769
-155.636
-158.4
-161.052
-163.566
-166.016
-168.414
-170.626
-172.624
-174.684
-176.646
-178.55
-180.548
-183.267
-188.106
-196.192
-204.342
-215.06
-225.594
-231.754
-244.521
-261.417
-275.648
-286.693
-294.746
-301.171
-305.954
-309.934
-313.531
-316.721
-319.642
-322.499
-325.104
-327.662
-330.019
-332.229
-334.083
-335.601
-337.041
-338.383
-339.651
-340.85
-341.989
-343.07
-344.099
-345.082
-346.019
-346.908
-347.749
-348.545
-349.289
-349.983
-350.629
-351.225
-351.775
-352.284
-352.746
-353.18
-353.559
-354.007
-354.198
-7.31211
-13.7782
-20.4515
-28.1004
-35.2615
-42.2668
-49.1363
-55.9404
-62.6484
-69.2285
-75.6233
-81.8435
-87.8589
-93.6533
-99.2329
-104.587
-109.719
-114.633
-119.328
-123.806
-128.094
-132.191
-136.081
-139.783
-143.298
-146.624
-149.782
-152.782
-155.647
-158.411
-161.063
-163.575
-166.022
-168.42
-170.617
-172.583
-174.603
-176.5
-178.297
-180.126
-182.624
-187.379
-195.564
-203.708
-214.763
-225.397
-231.025
-244.174
-261.921
-276.636
-287.857
-295.886
-302.253
-306.899
-310.741
-314.219
-317.318
-320.137
-322.921
-325.452
-327.932
-330.215
-332.381
-334.181
-335.65
-337.052
-338.353
-339.579
-340.739
-341.842
-342.892
-343.892
-344.849
-345.764
-346.637
-347.465
-348.25
-348.984
-349.67
-350.307
-350.896
-351.437
-351.938
-352.389
-352.815
-353.188
-353.63
-353.833
-7.39197
-13.8207
-20.4728
-28.1113
-35.2721
-42.2792
-49.15
-55.9557
-62.6655
-69.2469
-75.6421
-81.8627
-87.8779
-93.6718
-99.2508
-104.604
-109.735
-114.649
-119.343
-123.82
-128.108
-132.203
-136.093
-139.794
-143.31
-146.634
-149.791
-152.79
-155.654
-158.418
-161.07
-163.579
-166.024
-168.422
-170.608
-172.548
-174.538
-176.386
-178.1
-179.791
-182.1
-186.785
-195.063
-203.214
-214.604
-225.369
-230.555
-244.009
-262.438
-277.522
-288.86
-296.836
-303.134
-307.636
-311.344
-314.736
-317.754
-320.491
-323.221
-325.681
-328.1
-330.333
-332.46
-334.226
-335.665
-337.033
-338.305
-339.505
-340.639
-341.716
-342.741
-343.719
-344.658
-345.558
-346.422
-347.243
-348.022
-348.752
-349.434
-350.067
-350.654
-351.192
-351.693
-352.141
-352.568
-352.935
-353.375
-353.588
-7.47836
-13.8573
-20.4896
-28.1235
-35.2827
-42.2915
-49.1636
-55.9701
-62.6813
-69.2634
-75.6586
-81.8792
-87.8939
-93.687
-99.2653
-104.618
-109.748
-114.661
-119.354
-123.831
-128.118
-132.213
-136.102
-139.802
-143.317
-146.641
-149.797
-152.795
-155.657
-158.421
-161.073
-163.58
-166.024
-168.423
-170.599
-172.519
-174.487
-176.298
-177.949
-179.528
-181.681
-186.312
-194.688
-202.874
-214.601
-225.498
-230.287
-243.946
-262.916
-278.292
-289.704
-297.609
-303.817
-308.19
-311.795
-315.115
-318.055
-320.717
-323.4
-325.809
-328.189
-330.387
-332.484
-334.227
-335.644
-336.989
-338.241
-339.422
-340.538
-341.597
-342.605
-343.568
-344.494
-345.385
-346.243
-347.061
-347.839
-348.567
-349.251
-349.882
-350.472
-351.01
-351.514
-351.965
-352.399
-352.763
-353.204
-353.424
-7.56388
-13.8875
-20.5043
-28.1341
-35.292
-42.303
-49.1766
-55.9833
-62.6955
-69.278
-75.6729
-81.8931
-87.9071
-93.6993
-99.2769
-104.629
-109.758
-114.67
-119.363
-123.838
-128.125
-132.219
-136.108
-139.808
-143.322
-146.645
-149.799
-152.797
-155.658
-158.422
-161.073
-163.578
-166.022
-168.422
-170.591
-172.494
-174.447
-176.233
-177.835
-179.327
-181.354
-185.956
-194.439
-202.69
-214.727
-225.72
-230.143
-243.941
-263.349
-278.955
-290.403
-298.216
-304.331
-308.608
-312.122
-315.362
-318.235
-320.842
-323.493
-325.862
-328.213
-330.389
-332.466
-334.192
-335.596
-336.924
-338.164
-339.334
-340.438
-341.484
-342.48
-343.433
-344.351
-345.236
-346.092
-346.909
-347.688
-348.419
-349.106
-349.74
-350.334
-350.874
-351.385
-351.838
-352.286
-352.651
-353.094
-353.319
-7.63876
-13.9098
-20.5164
-28.1428
-35.3002
-42.3135
-49.1886
-55.9953
-62.7081
-69.2905
-75.6849
-81.9046
-87.9178
-93.7091
-99.286
-104.637
-109.766
-114.677
-119.369
-123.844
-128.129
-132.223
-136.111
-139.811
-143.324
-146.647
-149.8
-152.796
-155.657
-158.421
-161.071
-163.575
-166.018
-168.42
-170.583
-172.474
-174.417
-176.185
-177.751
-179.178
-181.111
-185.715
-194.303
-202.639
-214.926
-225.975
-230.074
-243.977
-263.746
-279.523
-290.965
-298.679
-304.72
-308.908
-312.325
-315.504
-318.327
-320.89
-323.519
-325.857
-328.191
-330.351
-332.416
-334.132
-335.529
-336.847
-338.079
-339.241
-340.338
-341.377
-342.366
-343.313
-344.225
-345.107
-345.963
-346.783
-347.566
-348.301
-348.995
-349.633
-350.234
-350.777
-351.297
-351.751
-352.211
-352.579
-353.032
-353.258
-7.69588
-13.9255
-20.5252
-28.1502
-35.3076
-42.3229
-49.1993
-56.0059
-62.7189
-69.3011
-75.6949
-81.9139
-87.9264
-93.7169
-99.2931
-104.643
-109.772
-114.683
-119.374
-123.847
-128.133
-132.226
-136.113
-139.812
-143.325
-146.647
-149.799
-152.795
-155.655
-158.419
-161.069
-163.571
-166.015
-168.418
-170.575
-172.457
-174.396
-176.151
-177.694
-179.076
-180.942
-185.578
-194.259
-202.681
-215.16
-226.225
-230.055
-244.05
-264.111
-280.005
-291.405
-299.03
-305.005
-309.097
-312.434
-315.57
-318.352
-320.882
-323.495
-325.813
-328.136
-330.288
-332.344
-334.056
-335.45
-336.763
-337.99
-339.149
-340.243
-341.279
-342.263
-343.207
-344.116
-344.997
-345.855
-346.679
-347.469
-348.211
-348.912
-349.557
-350.166
-350.712
-351.24
-351.695
-352.166
-352.533
-352.997
-353.227
-7.73522
-13.9363
-20.5314
-28.1565
-35.3144
-42.3312
-49.2087
-56.0152
-62.7282
-69.3099
-75.7031
-81.9215
-87.9331
-93.7229
-99.2986
-104.648
-109.776
-114.686
-119.377
-123.85
-128.134
-132.227
-136.114
-139.813
-143.325
-146.646
-149.798
-152.793
-155.653
-158.416
-161.066
-163.568
-166.012
-168.415
-170.568
-172.445
-174.381
-176.129
-177.658
-179.011
-180.839
-185.528
-194.282
-202.781
-215.402
-226.451
-230.069
-244.154
-264.448
-280.408
-291.744
-299.289
-305.193
-309.198
-312.476
-315.578
-318.328
-320.834
-323.437
-325.743
-328.06
-330.208
-332.261
-333.972
-335.366
-336.676
-337.902
-339.06
-340.154
-341.189
-342.172
-343.114
-344.022
-344.905
-345.767
-346.597
-347.395
-348.146
-348.856
-349.507
-350.123
-350.673
-351.208
-351.664
-352.143
-352.508
-352.98
-353.215
-7.75962
-13.9429
-20.536
-28.162
-35.3206
-42.3386
-49.2167
-56.0232
-62.736
-69.3171
-75.7097
-81.9275
-87.9384
-93.7276
-99.3027
-104.652
-109.779
-114.689
-119.378
-123.851
-128.135
-132.228
-136.114
-139.813
-143.324
-146.645
-149.796
-152.791
-155.65
-158.414
-161.063
-163.564
-166.009
-168.413
-170.561
-172.436
-174.373
-176.118
-177.641
-178.977
-180.788
-185.539
-194.353
-202.912
-215.636
-226.648
-230.105
-244.284
-264.757
-280.741
-291.999
-299.47
-305.3
-309.234
-312.467
-315.543
-318.27
-320.761
-323.358
-325.657
-327.973
-330.119
-332.171
-333.886
-335.281
-336.591
-337.817
-338.977
-340.073
-341.11
-342.093
-343.035
-343.944
-344.83
-345.697
-346.535
-347.343
-348.102
-348.821
-349.478
-350.101
-350.653
-351.194
-351.65
-352.137
-352.5
-352.978
-353.218
-7.77233
-13.9466
-20.5396
-28.1667
-35.3261
-42.3449
-49.2236
-56.0298
-62.7424
-69.3229
-75.715
-81.9322
-87.9425
-93.7313
-99.3058
-104.654
-109.781
-114.69
-119.38
-123.852
-128.136
-132.228
-136.114
-139.812
-143.323
-146.643
-149.794
-152.788
-155.648
-158.411
-161.06
-163.561
-166.007
-168.41
-170.556
-172.431
-174.369
-176.115
-177.637
-178.967
-180.779
-185.59
-194.453
-203.056
-215.853
-226.815
-230.163
-244.435
-265.038
-281.011
-292.184
-299.584
-305.344
-309.223
-312.423
-315.481
-318.19
-320.672
-323.268
-325.563
-327.88
-330.027
-332.082
-333.8
-335.199
-336.51
-337.738
-338.9
-340
-341.04
-342.025
-342.968
-343.881
-344.77
-345.645
-346.491
-347.308
-348.076
-348.802
-349.464
-350.092
-350.648
-351.193
-351.649
-352.142
-352.503
-352.984
-353.229
-7.77636
-13.9484
-20.5424
-28.1708
-35.3309
-42.3504
-49.2293
-56.0353
-62.7476
-69.3276
-75.7192
-81.9359
-87.9457
-93.734
-99.3081
-104.656
-109.782
-114.692
-119.38
-123.852
-128.136
-132.227
-136.114
-139.811
-143.322
-146.641
-149.792
-152.786
-155.646
-158.409
-161.058
-163.559
-166.005
-168.408
-170.552
-172.428
-174.369
-176.118
-177.643
-178.975
-180.8
-185.664
-194.567
-203.204
-216.049
-226.952
-230.239
-244.602
-265.29
-281.225
-292.31
-299.645
-305.343
-309.178
-312.355
-315.401
-318.098
-320.577
-323.173
-325.469
-327.787
-329.937
-331.995
-333.719
-335.121
-336.434
-337.665
-338.831
-339.936
-340.981
-341.967
-342.914
-343.831
-344.726
-345.608
-346.463
-347.289
-348.063
-348.796
-349.462
-350.094
-350.651
-351.2
-351.656
-352.152
-352.512
-352.996
-353.245
-7.77441
-13.9492
-20.5448
-28.1743
-35.335
-42.3549
-49.234
-56.0398
-62.7518
-69.3313
-75.7226
-81.9388
-87.9481
-93.7361
-99.3098
-104.658
-109.783
-114.692
-119.381
-123.853
-128.136
-132.227
-136.113
-139.81
-143.32
-146.64
-149.79
-152.785
-155.644
-158.408
-161.056
-163.557
-166.004
-168.406
-170.549
-172.427
-174.372
-176.125
-177.655
-178.994
-180.841
-185.752
-194.685
-203.348
-216.223
-227.062
-230.329
-244.78
-265.513
-281.39
-292.39
-299.664
-305.31
-309.112
-312.275
-315.313
-318.003
-320.482
-323.08
-325.377
-327.698
-329.851
-331.914
-333.643
-335.05
-336.364
-337.599
-338.77
-339.88
-340.93
-341.92
-342.871
-343.793
-344.694
-345.583
-346.446
-347.28
-348.061
-348.797
-349.466
-350.101
-350.659
-351.21
-351.666
-352.166
-352.523
-353.01
-353.261
-7.76885
-13.9497
-20.5468
-28.1772
-35.3384
-42.3586
-49.2377
-56.0434
-62.7551
-69.3341
-75.7251
-81.941
-87.9499
-93.7376
-99.3111
-104.658
-109.784
-114.693
-119.381
-123.853
-128.136
-132.227
-136.113
-139.81
-143.319
-146.639
-149.789
-152.783
-155.643
-158.406
-161.054
-163.556
-166.003
-168.404
-170.547
-172.427
-174.376
-176.133
-177.67
-179.02
-180.893
-185.844
-194.8
-203.483
-216.374
-227.149
-230.431
-244.963
-265.708
-281.515
-292.433
-299.653
-305.257
-309.034
-312.189
-315.222
-317.908
-320.39
-322.99
-325.29
-327.616
-329.773
-331.84
-333.575
-334.985
-336.302
-337.541
-338.717
-339.833
-340.887
-341.881
-342.837
-343.765
-344.673
-345.569
-346.439
-347.279
-348.064
-348.804
-349.474
-350.11
-350.669
-351.222
-351.678
-352.18
-352.536
-353.025
-353.277
-7.76162
-13.9502
-20.5485
-28.1796
-35.3412
-42.3616
-49.2407
-56.0462
-62.7576
-69.3364
-75.7271
-81.9427
-87.9513
-93.7388
-99.312
-104.659
-109.785
-114.693
-119.381
-123.853
-128.136
-132.227
-136.112
-139.809
-143.318
-146.638
-149.788
-152.782
-155.642
-158.405
-161.053
-163.555
-166.002
-168.402
-170.546
-172.429
-174.381
-176.143
-177.686
-179.049
-180.949
-185.935
-194.907
-203.608
-216.503
-227.219
-230.54
-245.144
-265.876
-281.605
-292.45
-299.622
-305.191
-308.951
-312.103
-315.133
-317.818
-320.306
-322.908
-325.211
-327.541
-329.702
-331.774
-333.514
-334.927
-336.247
-337.491
-338.672
-339.793
-340.852
-341.85
-342.812
-343.746
-344.66
-345.563
-346.439
-347.283
-348.071
-348.812
-349.484
-350.12
-350.68
-351.234
-351.69
-352.192
-352.548
-353.038
-353.29
-7.75421
-13.9508
-20.5499
-28.1815
-35.3434
-42.3639
-49.243
-56.0484
-62.7596
-69.3381
-75.7286
-81.944
-87.9523
-93.7396
-99.3127
-104.66
-109.785
-114.693
-119.381
-123.853
-128.136
-132.226
-136.112
-139.808
-143.318
-146.637
-149.787
-152.782
-155.641
-158.405
-161.053
-163.555
-166.002
-168.401
-170.545
-172.43
-174.385
-176.152
-177.702
-179.078
-181.005
-186.021
-195.004
-203.719
-216.613
-227.274
-230.65
-245.319
-266.02
-281.67
-292.447
-299.579
-305.121
-308.868
-312.02
-315.05
-317.736
-320.23
-322.834
-325.141
-327.475
-329.639
-331.716
-333.46
-334.877
-336.2
-337.448
-338.634
-339.76
-340.823
-341.826
-342.793
-343.734
-344.653
-345.561
-346.442
-347.289
-348.079
-348.821
-349.493
-350.13
-350.69
-351.244
-351.7
-352.203
-352.558
-353.049
-353.301
-7.74759
-13.9515
-20.5511
-28.183
-35.3452
-42.3657
-49.2447
-56.05
-62.7611
-69.3393
-75.7297
-81.9449
-87.9531
-93.7403
-99.3132
-104.66
-109.785
-114.693
-119.381
-123.853
-128.135
-132.226
-136.111
-139.808
-143.317
-146.636
-149.787
-152.781
-155.641
-158.404
-161.052
-163.555
-166.002
-168.401
-170.545
-172.432
-174.39
-176.159
-177.717
-179.104
-181.057
-186.1
-195.09
-203.818
-216.705
-227.317
-230.758
-245.484
-266.143
-281.713
-292.431
-299.531
-305.051
-308.791
-311.945
-314.975
-317.664
-320.163
-322.77
-325.081
-327.417
-329.586
-331.667
-333.415
-334.833
-336.16
-337.412
-338.603
-339.732
-340.8
-341.807
-342.78
-343.726
-344.651
-345.563
-346.447
-347.296
-348.087
-348.829
-349.501
-350.138
-350.698
-351.252
-351.709
-352.212
-352.566
-353.059
-353.31
-7.74237
-13.9524
-20.552
-28.1842
-35.3465
-42.367
-49.246
-56.0512
-62.7622
-69.3403
-75.7305
-81.9456
-87.9536
-93.7407
-99.3136
-104.66
-109.786
-114.694
-119.381
-123.853
-128.135
-132.226
-136.111
-139.808
-143.317
-146.636
-149.787
-152.781
-155.641
-158.404
-161.052
-163.554
-166.002
-168.4
-170.545
-172.434
-174.393
-176.166
-177.729
-179.128
-181.103
-186.169
-195.165
-203.904
-216.781
-227.351
-230.859
-245.635
-266.245
-281.742
-292.409
-299.482
-304.985
-308.72
-311.879
-314.91
-317.602
-320.107
-322.714
-325.029
-327.369
-329.541
-331.626
-333.376
-334.797
-336.127
-337.383
-338.577
-339.71
-340.782
-341.793
-342.771
-343.721
-344.651
-345.567
-346.453
-347.303
-348.094
-348.836
-349.508
-350.145
-350.705
-351.259
-351.716
-352.219
-352.573
-353.066
-353.316
-7.73883
-13.9534
-20.5527
-28.1851
-35.3474
-42.3679
-49.2469
-56.0521
-62.7629
-69.3409
-75.7311
-81.9461
-87.954
-93.7411
-99.3138
-104.661
-109.786
-114.694
-119.381
-123.853
-128.135
-132.226
-136.111
-139.808
-143.317
-146.636
-149.786
-152.781
-155.641
-158.404
-161.052
-163.554
-166.002
-168.4
-170.545
-172.436
-174.396
-176.171
-177.739
-179.147
-181.141
-186.227
-195.227
-203.976
-216.843
-227.377
-230.95
-245.77
-266.33
-281.76
-292.384
-299.436
-304.926
-308.659
-311.822
-314.854
-317.549
-320.06
-322.669
-324.987
-327.33
-329.504
-331.592
-333.345
-334.768
-336.101
-337.359
-338.557
-339.693
-340.767
-341.783
-342.764
-343.719
-344.652
-345.571
-346.459
-347.309
-348.1
-348.842
-349.514
-350.15
-350.711
-351.264
-351.721
-352.224
-352.578
-353.072
-353.321
-7.73705
-13.9544
-20.5533
-28.1858
-35.3481
-42.3686
-49.2475
-56.0527
-62.7635
-69.3414
-75.7315
-81.9464
-87.9543
-93.7413
-99.314
-104.661
-109.786
-114.694
-119.381
-123.853
-128.135
-132.226
-136.111
-139.808
-143.317
-146.636
-149.786
-152.781
-155.641
-158.404
-161.052
-163.554
-166.002
-168.4
-170.545
-172.437
-174.398
-176.175
-177.746
-179.162
-181.172
-186.275
-195.278
-204.035
-216.892
-227.396
-231.028
-245.887
-266.4
-281.772
-292.359
-299.396
-304.876
-308.607
-311.775
-314.809
-317.507
-320.022
-322.632
-324.953
-327.298
-329.475
-331.566
-333.32
-334.745
-336.08
-337.341
-338.541
-339.679
-340.757
-341.775
-342.76
-343.719
-344.655
-345.575
-346.464
-347.315
-348.105
-348.847
-349.518
-350.155
-350.715
-351.268
-351.725
-352.228
-352.582
-353.076
-353.325
-7.73695
-13.9553
-20.5537
-28.1863
-35.3486
-42.369
-49.248
-56.0531
-62.7638
-69.3417
-75.7318
-81.9466
-87.9545
-93.7415
-99.3142
-104.661
-109.786
-114.694
-119.381
-123.853
-128.135
-132.226
-136.111
-139.808
-143.317
-146.636
-149.786
-152.781
-155.641
-158.404
-161.052
-163.555
-166.002
-168.4
-170.545
-172.437
-174.399
-176.177
-177.751
-179.172
-181.195
-186.311
-195.318
-204.082
-216.93
-227.411
-231.092
-245.984
-266.456
-281.778
-292.337
-299.361
-304.834
-308.566
-311.737
-314.773
-317.474
-319.992
-322.604
-324.927
-327.274
-329.452
-331.546
-333.302
-334.727
-336.064
-337.327
-338.529
-339.67
-340.749
-341.77
-342.758
-343.719
-344.657
-345.579
-346.468
-347.319
-348.109
-348.85
-349.522
-350.158
-350.718
-351.271
-351.728
-352.231
-352.585
-353.079
-353.327
-7.7385
-13.9562
-20.5541
-28.1866
-35.3489
-42.3693
-49.2482
-56.0533
-62.7641
-69.3419
-75.732
-81.9468
-87.9546
-93.7416
-99.3143
-104.661
-109.786
-114.694
-119.382
-123.853
-128.135
-132.226
-136.111
-139.808
-143.317
-146.636
-149.786
-152.781
-155.641
-158.404
-161.052
-163.555
-166.002
-168.4
-170.545
-172.438
-174.4
-176.178
-177.754
-179.179
-181.21
-186.336
-195.346
-204.117
-216.958
-227.422
-231.141
-246.062
-266.499
-281.782
-292.318
-299.334
-304.802
-308.534
-311.709
-314.746
-317.449
-319.971
-322.583
-324.908
-327.256
-329.436
-331.531
-333.288
-334.714
-336.053
-337.318
-338.521
-339.663
-340.744
-341.767
-342.757
-343.719
-344.659
-345.581
-346.471
-347.322
-348.112
-348.853
-349.524
-350.16
-350.72
-351.274
-351.731
-352.233
-352.587
-353.082
-353.329
-7.74164
-13.957
-20.5543
-28.1868
-35.3491
-42.3695
-49.2484
-56.0535
-62.7642
-69.342
-75.7321
-81.9469
-87.9547
-93.7417
-99.3143
-104.661
-109.786
-114.694
-119.382
-123.853
-128.135
-132.226
-136.111
-139.808
-143.317
-146.636
-149.786
-152.781
-155.641
-158.404
-161.052
-163.555
-166.002
-168.4
-170.545
-172.438
-174.401
-176.179
-177.756
-179.182
-181.219
-186.351
-195.364
-204.139
-216.976
-227.429
-231.175
-246.118
-266.53
-281.785
-292.305
-299.315
-304.779
-308.512
-311.689
-314.728
-317.433
-319.956
-322.569
-324.895
-327.245
-329.426
-331.522
-333.279
-334.706
-336.046
-337.312
-338.516
-339.659
-340.74
-341.765
-342.756
-343.719
-344.66
-345.583
-346.473
-347.324
-348.113
-348.855
-349.526
-350.162
-350.722
-351.275
-351.732
-352.235
-352.588
-353.084
-353.33
-7.74361
-13.9575
-20.5544
-28.1869
-35.3492
-42.3695
-49.2485
-56.0535
-62.7642
-69.3421
-75.7321
-81.9469
-87.9548
-93.7417
-99.3144
-104.661
-109.786
-114.694
-119.382
-123.853
-128.136
-132.226
-136.111
-139.808
-143.317
-146.636
-149.786
-152.781
-155.641
-158.404
-161.052
-163.555
-166.002
-168.4
-170.545
-172.438
-174.401
-176.179
-177.756
-179.184
-181.223
-186.358
-195.372
-204.151
-216.985
-227.432
-231.193
-246.149
-266.548
-281.786
-292.297
-299.304
-304.767
-308.5
-311.679
-314.718
-317.424
-319.949
-322.562
-324.889
-327.239
-329.421
-331.517
-333.275
-334.702
-336.043
-337.309
-338.514
-339.656
-340.739
-341.764
-342.756
-343.72
-344.661
-345.584
-346.474
-347.325
-348.114
-348.855
-349.527
-350.163
-350.723
-351.276
-351.733
-352.236
-352.589
-353.085
-353.331
-7.74911
-13.9577
-20.5545
-28.187
-35.3492
-42.3696
-49.2485
-56.0536
-62.7643
-69.3421
-75.7322
-81.9469
-87.9548
-93.7417
-99.3144
-104.661
-109.786
-114.694
-119.382
-123.853
-128.136
-132.226
-136.111
-139.808
-143.317
-146.636
-149.786
-152.781
-155.641
-158.404
-161.052
-163.555
-166.002
-168.4
-170.545
-172.438
-174.401
-176.179
-177.756
-179.184
-181.223
-186.359
-195.375
-204.154
-216.988
-227.434
-231.199
-246.16
-266.555
-281.786
-292.294
-299.3
-304.762
-308.496
-311.675
-314.715
-317.421
-319.946
-322.56
-324.887
-327.237
-329.419
-331.516
-333.274
-334.701
-336.042
-337.308
-338.513
-339.656
-340.738
-341.764
-342.756
-343.72
-344.661
-345.585
-346.474
-347.325
-348.115
-348.856
-349.527
-350.163
-350.724
-351.277
-351.734
-352.236
-352.59
-353.085
-353.332
-466.73
-466.835
-467.409
-468.691
-470.57
-473.587
-478.072
-484.429
-492.869
-503.404
-515.197
-527.618
-539.337
-549.761
-558.869
-565.215
-568.41
-568.287
-566.034
-559.359
-549.584
-539.672
-526.4
-510.829
-493.537
-475.737
-457.051
-438.54
-419.412
-400.753
-383.844
-366.955
-351.454
-336.958
-323.807
-311.522
-301.458
-292.421
-284.11
-279.03
-275.528
-274.668
-277.286
-282.002
-289.983
-299.309
-308.889
-317.61
-324.499
-330.955
-337.188
-349.485
-349.562
-354.497
-358.836
-362.609
-365.844
-368.402
-369.905
-369.65
-366.402
-359.882
-348.178
-330.156
-311.121
-297.64
-295.693
-302.203
-314.282
-326.644
-337.624
-346.904
-354.785
-362.902
-368.365
-370.795
-377.475
-390.277
-405.769
-421.518
-436.385
-449.509
-460.178
-469.114
-477.438
-488.007
-505.055
-531.874
-568.662
-612.937
-663.29
-718.151
-776.348
-837.336
-900.135
-965.481
-1031.03
-466.556
-466.829
-467.41
-468.69
-470.569
-473.586
-478.071
-484.428
-492.868
-503.402
-515.188
-527.621
-539.349
-549.769
-558.871
-565.104
-568.415
-568.297
-566.044
-559.36
-549.59
-539.684
-526.404
-510.831
-493.539
-475.74
-457.055
-438.543
-419.418
-400.755
-383.846
-366.959
-351.457
-336.961
-323.808
-311.529
-301.459
-292.411
-284.11
-279.054
-275.499
-274.663
-277.285
-282
-289.982
-299.306
-308.892
-317.606
-324.496
-330.975
-337.731
-343.77
-349.536
-354.496
-358.835
-362.608
-365.843
-368.402
-369.905
-369.65
-366.402
-359.883
-348.182
-330.157
-311.119
-297.644
-295.698
-302.093
-314.099
-326.641
-337.622
-346.903
-354.783
-362.899
-368.363
-370.794
-377.474
-390.276
-405.768
-421.517
-436.384
-449.506
-460.177
-469.117
-477.437
-487.993
-505.067
-531.874
-568.66
-612.935
-663.288
-718.148
-776.345
-837.333
-900.132
-965.478
-1031.03
-466.504
-466.82
-467.407
-468.688
-470.567
-473.583
-478.068
-484.425
-492.867
-503.406
-515.196
-527.627
-539.354
-549.772
-558.872
-565.123
-568.444
-568.323
-566.069
-559.363
-549.607
-539.717
-526.417
-510.84
-493.547
-475.75
-457.066
-438.556
-419.424
-400.769
-383.867
-366.972
-351.467
-336.968
-323.812
-311.527
-301.455
-292.408
-284.103
-279.043
-275.495
-274.655
-277.282
-281.997
-289.98
-299.304
-308.89
-317.605
-324.495
-330.974
-337.71
-343.88
-349.532
-354.495
-358.834
-362.607
-365.843
-368.401
-369.905
-369.651
-366.403
-359.885
-348.185
-330.158
-311.12
-297.643
-295.699
-302.125
-314.181
-326.64
-337.621
-346.901
-354.781
-362.896
-368.36
-370.792
-377.472
-390.274
-405.767
-421.516
-436.384
-449.507
-460.177
-469.117
-477.441
-487.998
-505.061
-531.869
-568.658
-612.932
-663.285
-718.145
-776.341
-837.329
-900.128
-965.474
-1031.03
-466.45
-466.802
-467.401
-468.685
-470.562
-473.578
-478.064
-484.422
-492.866
-503.412
-515.208
-527.64
-539.365
-549.776
-558.876
-565.17
-568.506
-568.374
-566.118
-559.376
-549.643
-539.78
-526.445
-510.859
-493.565
-475.772
-457.091
-438.587
-419.446
-400.801
-383.913
-367.005
-351.493
-336.985
-323.823
-311.526
-301.447
-292.399
-284.091
-279.029
-275.479
-274.643
-277.278
-281.992
-289.976
-299.301
-308.889
-317.603
-324.493
-330.967
-337.661
-343.905
-349.53
-354.494
-358.833
-362.607
-365.843
-368.401
-369.905
-369.652
-366.404
-359.887
-348.188
-330.16
-311.12
-297.642
-295.693
-302.135
-314.193
-326.639
-337.619
-346.898
-354.777
-362.892
-368.357
-370.788
-377.469
-390.272
-405.765
-421.514
-436.384
-449.509
-460.178
-469.118
-477.447
-487.999
-505.054
-531.863
-568.654
-612.927
-663.279
-718.139
-776.336
-837.323
-900.122
-965.469
-1031.02
-466.403
-466.776
-467.392
-468.679
-470.554
-473.569
-478.056
-484.415
-492.865
-503.42
-515.222
-527.661
-539.381
-549.787
-558.903
-565.231
-568.588
-568.446
-566.191
-559.402
-549.697
-539.873
-526.489
-510.892
-493.596
-475.81
-457.135
-438.639
-419.491
-400.86
-383.994
-367.068
-351.543
-337.021
-323.845
-311.531
-301.434
-292.379
-284.069
-279.002
-275.443
-274.619
-277.268
-281.979
-289.967
-299.299
-308.886
-317.601
-324.492
-330.963
-337.648
-343.916
-349.528
-354.492
-358.831
-362.606
-365.842
-368.402
-369.907
-369.654
-366.408
-359.892
-348.192
-330.162
-311.12
-297.639
-295.688
-302.125
-314.187
-326.636
-337.617
-346.895
-354.771
-362.886
-368.352
-370.783
-377.463
-390.267
-405.763
-421.513
-436.385
-449.512
-460.178
-469.12
-477.453
-487.997
-505.043
-531.852
-568.647
-612.919
-663.271
-718.132
-776.328
-837.316
-900.115
-965.463
-1031.02
-466.366
-466.746
-467.38
-468.669
-470.542
-473.556
-478.044
-484.405
-492.863
-503.427
-515.238
-527.686
-539.403
-549.813
-558.981
-565.353
-568.669
-568.537
-566.282
-559.44
-549.768
-539.988
-526.55
-510.937
-493.639
-475.863
-457.197
-438.716
-419.564
-400.952
-384.115
-367.17
-351.629
-337.083
-323.885
-311.549
-301.422
-292.349
-284.038
-278.957
-275.38
-274.569
-277.236
-281.949
-289.948
-299.292
-308.878
-317.598
-324.49
-330.96
-337.642
-343.915
-349.523
-354.488
-358.829
-362.604
-365.843
-368.405
-369.912
-369.661
-366.417
-359.902
-348.201
-330.166
-311.121
-297.633
-295.681
-302.118
-314.179
-326.634
-337.614
-346.891
-354.765
-362.879
-368.347
-370.776
-377.455
-390.262
-405.76
-421.512
-436.387
-449.516
-460.178
-469.123
-477.459
-487.991
-505.028
-531.839
-568.637
-612.908
-663.261
-718.122
-776.319
-837.308
-900.107
-965.456
-1031.01
-466.337
-466.714
-467.364
-468.656
-470.525
-473.539
-478.028
-484.39
-492.858
-503.432
-515.251
-527.715
-539.431
-549.86
-559.106
-565.478
-568.744
-568.642
-566.389
-559.49
-549.853
-540.121
-526.625
-510.995
-493.695
-475.933
-457.28
-438.819
-419.67
-401.081
-384.282
-367.32
-351.759
-337.183
-323.953
-311.588
-301.415
-292.314
-284.001
-278.898
-275.289
-274.491
-277.175
-281.895
-289.906
-299.267
-308.857
-317.589
-324.484
-330.954
-337.633
-343.91
-349.517
-354.483
-358.825
-362.603
-365.846
-368.411
-369.921
-369.672
-366.431
-359.922
-348.222
-330.178
-311.123
-297.625
-295.664
-302.105
-314.172
-326.631
-337.611
-346.886
-354.758
-362.873
-368.342
-370.768
-377.445
-390.254
-405.757
-421.512
-436.39
-449.52
-460.179
-469.128
-477.462
-487.979
-505.008
-531.822
-568.623
-612.893
-663.248
-718.111
-776.309
-837.299
-900.099
-965.448
-1031
-466.317
-466.684
-467.346
-468.639
-470.504
-473.516
-478.005
-484.369
-492.847
-503.431
-515.26
-527.742
-539.463
-549.929
-559.244
-565.571
-568.819
-568.758
-566.506
-559.551
-549.95
-540.267
-526.713
-511.066
-493.767
-476.021
-457.385
-438.95
-419.811
-401.251
-384.499
-367.525
-351.945
-337.335
-324.064
-311.661
-301.424
-292.283
-283.965
-278.828
-275.178
-274.388
-277.088
-281.818
-289.839
-299.212
-308.819
-317.567
-324.47
-330.939
-337.619
-343.901
-349.508
-354.476
-358.821
-362.604
-365.852
-368.423
-369.937
-369.692
-366.455
-359.954
-348.261
-330.201
-311.125
-297.61
-295.636
-302.086
-314.164
-326.629
-337.609
-346.882
-354.751
-362.868
-368.339
-370.758
-377.431
-390.245
-405.754
-421.512
-436.395
-449.524
-460.18
-469.134
-477.463
-487.961
-504.982
-531.802
-568.605
-612.876
-663.233
-718.098
-776.298
-837.29
-900.091
-965.441
-1030.99
-466.305
-466.657
-467.326
-468.619
-470.478
-473.488
-477.974
-484.339
-492.828
-503.419
-515.258
-527.765
-539.5
-550.015
-559.369
-565.64
-568.897
-568.88
-566.629
-559.624
-550.058
-540.421
-526.814
-511.153
-493.855
-476.131
-457.516
-439.113
-419.994
-401.467
-384.767
-367.791
-352.194
-337.549
-324.231
-311.784
-301.466
-292.273
-283.942
-278.755
-275.056
-274.266
-276.977
-281.719
-289.749
-299.131
-308.767
-317.528
-324.441
-330.913
-337.601
-343.888
-349.496
-354.467
-358.817
-362.606
-365.861
-368.439
-369.959
-369.72
-366.49
-360
-348.319
-330.238
-311.123
-297.583
-295.592
-302.06
-314.154
-326.627
-337.607
-346.878
-354.745
-362.866
-368.339
-370.748
-377.414
-390.234
-405.751
-421.514
-436.402
-449.529
-460.182
-469.143
-477.462
-487.936
-504.951
-531.777
-568.581
-612.854
-663.216
-718.084
-776.287
-837.28
-900.083
-965.434
-1030.97
-466.302
-466.635
-467.306
-468.593
-470.446
-473.451
-477.932
-484.297
-492.794
-503.392
-515.24
-527.777
-539.538
-550.103
-559.468
-565.693
-568.977
-569.003
-566.75
-559.708
-550.177
-540.578
-526.927
-511.257
-493.966
-476.266
-457.677
-439.311
-420.221
-401.732
-385.087
-368.12
-352.513
-337.836
-324.47
-311.975
-301.561
-292.303
-283.949
-278.693
-274.934
-274.128
-276.837
-281.591
-289.632
-299.034
-308.703
-317.472
-324.396
-330.876
-337.58
-343.872
-349.482
-354.458
-358.813
-362.61
-365.875
-368.462
-369.99
-369.759
-366.54
-360.064
-348.397
-330.286
-311.117
-297.539
-295.533
-302.027
-314.141
-326.625
-337.607
-346.875
-354.741
-362.868
-368.344
-370.736
-377.393
-390.221
-405.749
-421.517
-436.411
-449.536
-460.185
-469.153
-477.458
-487.902
-504.911
-531.745
-568.551
-612.828
-663.196
-718.067
-776.274
-837.27
-900.076
-965.428
-1030.96
-466.307
-466.62
-467.284
-468.561
-470.405
-473.404
-477.876
-484.239
-492.742
-503.343
-515.202
-527.772
-539.57
-550.182
-559.539
-565.735
-569.055
-569.123
-566.867
-559.803
-550.307
-540.735
-527.054
-511.383
-494.103
-476.432
-457.873
-439.547
-420.498
-402.048
-385.459
-368.516
-352.905
-338.202
-324.792
-312.249
-301.731
-292.401
-284.008
-278.662
-274.83
-273.986
-276.667
-281.429
-289.48
-298.916
-308.626
-317.403
-324.338
-330.832
-337.556
-343.852
-349.466
-354.448
-358.811
-362.617
-365.892
-368.49
-370.03
-369.812
-366.61
-360.154
-348.502
-330.35
-311.106
-297.476
-295.454
-301.983
-314.123
-326.625
-337.609
-346.874
-354.739
-362.875
-368.353
-370.723
-377.366
-390.205
-405.746
-421.521
-436.422
-449.545
-460.191
-469.165
-477.45
-487.859
-504.861
-531.705
-568.514
-612.795
-663.172
-718.049
-776.261
-837.261
-900.07
-965.423
-1030.94
-466.318
-466.612
-467.262
-468.523
-470.356
-473.343
-477.802
-484.158
-492.664
-503.267
-515.138
-527.744
-539.59
-550.244
-559.585
-565.768
-569.13
-569.237
-566.974
-559.91
-550.452
-540.89
-527.194
-511.533
-494.272
-476.634
-458.109
-439.827
-420.829
-402.422
-385.886
-368.982
-353.376
-338.656
-325.208
-312.624
-302
-292.594
-284.152
-278.69
-274.771
-273.86
-276.476
-281.234
-289.289
-298.769
-308.534
-317.324
-324.269
-330.784
-337.527
-343.83
-349.449
-354.439
-358.81
-362.626
-365.912
-368.523
-370.079
-369.881
-366.704
-360.279
-348.646
-330.438
-311.093
-297.391
-295.35
-301.924
-314.099
-326.628
-337.614
-346.876
-354.741
-362.889
-368.37
-370.708
-377.331
-390.184
-405.744
-421.526
-436.436
-449.557
-460.199
-469.179
-477.439
-487.805
-504.799
-531.654
-568.466
-612.756
-663.144
-718.028
-776.248
-837.252
-900.067
-965.42
-1030.92
-466.331
-466.609
-467.238
-468.476
-470.295
-473.265
-477.705
-484.051
-492.555
-503.157
-515.045
-527.69
-539.596
-550.289
-559.613
-565.799
-569.203
-569.344
-567.071
-560.035
-550.617
-541.044
-527.35
-511.714
-494.482
-476.879
-458.393
-440.155
-421.219
-402.859
-386.37
-369.519
-353.929
-339.205
-325.731
-313.116
-302.388
-292.912
-284.418
-278.821
-274.798
-273.78
-276.29
-281.019
-289.063
-298.589
-308.423
-317.234
-324.197
-330.732
-337.495
-343.805
-349.431
-354.429
-358.809
-362.636
-365.934
-368.559
-370.135
-369.966
-366.828
-360.452
-348.849
-330.567
-311.084
-297.285
-295.216
-301.848
-314.07
-326.637
-337.625
-346.885
-354.749
-362.912
-368.394
-370.689
-377.286
-390.157
-405.741
-421.534
-436.453
-449.573
-460.212
-469.194
-477.422
-487.737
-504.72
-531.587
-568.405
-612.709
-663.113
-718.007
-776.237
-837.247
-900.068
-965.421
-1030.9
-466.344
-466.61
-467.211
-468.419
-470.22
-473.166
-477.579
-483.91
-492.409
-503.012
-514.926
-527.615
-539.592
-550.33
-559.639
-565.842
-569.285
-569.455
-567.166
-560.184
-550.812
-541.202
-527.53
-511.933
-494.743
-477.177
-458.734
-440.537
-421.675
-403.368
-386.913
-370.127
-354.567
-339.856
-326.371
-313.743
-302.919
-293.383
-284.845
-279.108
-274.966
-273.799
-276.157
-280.824
-288.823
-298.384
-308.291
-317.133
-324.124
-330.681
-337.463
-343.78
-349.413
-354.42
-358.809
-362.646
-365.956
-368.597
-370.199
-370.068
-366.985
-360.684
-349.138
-330.767
-311.095
-297.158
-295.048
-301.754
-314.038
-326.655
-337.648
-346.904
-354.768
-362.947
-368.427
-370.663
-377.227
-390.122
-405.738
-421.545
-436.474
-449.595
-460.231
-469.21
-477.397
-487.653
-504.62
-531.5
-568.329
-612.654
-663.079
-717.988
-776.232
-837.249
-900.079
-965.43
-1030.88
-466.351
-466.611
-467.178
-468.35
-470.127
-473.04
-477.42
-483.731
-492.225
-502.837
-514.793
-527.537
-539.601
-550.397
-559.695
-565.926
-569.401
-569.592
-567.277
-560.375
-551.056
-541.378
-527.743
-512.205
-495.07
-477.544
-459.151
-440.989
-422.209
-403.959
-387.526
-370.81
-355.289
-340.606
-327.132
-314.514
-303.615
-294.037
-285.469
-279.596
-275.347
-273.995
-276.145
-280.722
-288.623
-298.184
-308.15
-317.025
-324.059
-330.636
-337.434
-343.758
-349.396
-354.41
-358.808
-362.654
-365.976
-368.634
-370.269
-370.189
-367.181
-360.989
-349.54
-331.087
-311.156
-297.022
-294.846
-301.642
-314.004
-326.69
-337.689
-346.942
-354.802
-362.994
-368.463
-370.625
-377.15
-390.08
-405.738
-421.561
-436.5
-449.625
-460.257
-469.227
-477.364
-487.552
-504.496
-531.389
-568.236
-612.594
-663.048
-717.976
-776.238
-837.265
-900.104
-965.452
-1030.87
-466.345
-466.607
-467.136
-468.267
-470.013
-472.882
-477.221
-483.512
-492.014
-502.655
-514.684
-527.505
-539.678
-550.554
-559.846
-566.108
-569.601
-569.804
-567.443
-560.638
-551.389
-541.604
-528.016
-512.556
-495.493
-478.009
-459.672
-441.539
-422.848
-404.662
-388.227
-371.583
-356.103
-341.457
-328.013
-315.431
-304.487
-294.894
-286.326
-280.324
-276.007
-274.464
-276.364
-280.812
-288.578
-298.061
-308.045
-316.928
-324.017
-330.611
-337.415
-343.74
-349.381
-354.401
-358.804
-362.659
-365.993
-368.673
-370.35
-370.334
-367.424
-361.382
-350.081
-331.578
-311.332
-296.905
-294.62
-301.523
-313.978
-326.753
-337.759
-347.007
-354.857
-363.049
-368.496
-370.568
-377.055
-390.036
-405.745
-421.585
-436.533
-449.664
-460.293
-469.243
-477.32
-487.431
-504.343
-531.249
-568.129
-612.533
-663.026
-717.981
-776.265
-837.303
-900.153
-965.495
-1030.86
-466.322
-466.593
-467.081
-468.168
-469.87
-472.684
-476.978
-483.262
-491.805
-502.524
-514.68
-527.619
-539.935
-550.918
-560.208
-566.495
-569.982
-570.177
-567.739
-561.038
-551.876
-541.938
-528.394
-513.032
-496.062
-478.62
-460.346
-442.236
-423.643
-405.524
-389.056
-372.476
-357.035
-342.433
-329.019
-316.492
-305.54
-295.967
-287.442
-281.338
-276.981
-275.307
-276.959
-281.247
-288.849
-298.18
-308.074
-316.907
-324.035
-330.633
-337.419
-343.735
-349.374
-354.394
-358.8
-362.662
-366.007
-368.717
-370.452
-370.523
-367.737
-361.901
-350.821
-332.287
-311.721
-296.863
-294.397
-301.415
-313.976
-326.86
-337.871
-347.112
-354.935
-363.1
-368.507
-370.483
-376.944
-390.001
-405.771
-421.623
-436.572
-449.713
-460.339
-469.256
-477.266
-487.289
-504.157
-531.081
-568.011
-612.481
-663.027
-718.018
-776.329
-837.379
-900.24
-965.573
-1030.88
-466.277
-466.568
-467.011
-468.05
-469.692
-472.446
-476.706
-483.02
-491.678
-502.576
-514.944
-528.075
-540.58
-551.699
-560.979
-567.269
-570.706
-570.858
-568.299
-561.69
-552.618
-542.483
-528.979
-513.723
-496.865
-479.467
-461.264
-443.176
-424.682
-406.63
-390.083
-373.542
-358.129
-343.568
-330.182
-317.719
-306.78
-297.261
-288.831
-282.676
-278.308
-276.573
-278.078
-282.24
-289.652
-298.822
-308.466
-317.105
-324.199
-330.753
-337.472
-343.754
-349.383
-354.398
-358.802
-362.667
-366.028
-368.776
-370.595
-370.783
-368.156
-362.583
-351.819
-333.278
-312.466
-297.022
-294.232
-301.365
-314.032
-327.038
-338.04
-347.265
-355.034
-363.122
-368.462
-370.347
-376.817
-389.991
-405.828
-421.686
-436.627
-449.777
-460.396
-469.269
-477.205
-487.129
-503.939
-530.89
-567.9
-612.462
-663.076
-718.111
-776.454
-837.514
-900.385
-965.702
-1030.93
-466.222
-466.534
-466.929
-467.914
-469.488
-472.186
-476.456
-482.903
-491.823
-503.06
-515.806
-529.23
-541.973
-553.234
-562.477
-568.723
-572.039
-572.085
-569.338
-562.786
-553.778
-543.403
-529.934
-514.778
-498.044
-480.693
-462.568
-444.491
-426.082
-408.089
-391.419
-374.881
-359.461
-344.924
-331.555
-319.165
-308.246
-298.788
-290.503
-284.361
-280.045
-278.31
-279.798
-284.001
-291.306
-300.324
-309.656
-317.821
-324.689
-331.059
-337.623
-343.825
-349.425
-354.427
-358.823
-362.693
-366.08
-368.888
-370.816
-371.156
-368.732
-363.488
-353.125
-334.627
-313.657
-297.617
-294.242
-301.458
-314.206
-327.329
-338.275
-347.472
-355.142
-363.072
-368.302
-370.132
-376.69
-390.039
-405.953
-421.798
-436.71
-449.867
-460.471
-469.279
-477.143
-486.968
-503.706
-530.702
-567.832
-612.514
-663.211
-718.298
-776.672
-837.739
-900.617
-965.906
-1031.02
-466.198
-466.52
-466.849
-467.773
-469.28
-471.962
-476.373
-483.172
-492.634
-504.49
-517.829
-531.665
-544.695
-556.065
-565.169
-571.261
-574.359
-574.192
-571.158
-564.59
-555.583
-544.919
-531.468
-516.386
-499.766
-482.455
-464.398
-446.308
-427.961
-410.001
-393.161
-376.59
-361.097
-346.545
-333.179
-320.862
-309.992
-300.603
-292.477
-286.4
-282.251
-280.617
-282.105
-286.681
-294.148
-303.129
-312.217
-319.641
-325.856
-331.72
-337.97
-343.992
-349.527
-354.504
-358.891
-362.775
-366.213
-369.13
-371.214
-371.728
-369.536
-364.687
-354.886
-336.567
-315.258
-298.878
-294.634
-301.826
-314.606
-327.805
-338.605
-347.733
-355.206
-362.873
-367.951
-369.812
-376.633
-390.215
-406.189
-422.021
-436.864
-450.001
-460.563
-469.287
-477.095
-486.836
-503.507
-530.57
-567.862
-612.697
-663.495
-718.637
-777.037
-838.1
-900.975
-966.218
-1031.2
-466.219
-466.578
-466.798
-467.653
-469.129
-471.943
-476.814
-484.414
-494.872
-507.71
-521.907
-536.316
-549.556
-560.848
-569.654
-575.405
-578.082
-577.525
-574.076
-567.367
-558.25
-547.253
-533.775
-518.711
-502.175
-484.878
-466.864
-448.735
-430.41
-412.441
-395.385
-378.726
-363.096
-348.479
-335.099
-322.839
-312.008
-302.697
-294.77
-288.815
-284.937
-283.536
-285.161
-290.225
-298.489
-307.768
-316.786
-323.468
-328.362
-333.074
-338.652
-344.334
-349.734
-354.66
-359.037
-362.946
-366.465
-369.523
-371.806
-372.543
-370.595
-366.147
-357.381
-339.775
-317.607
-300.881
-295.701
-302.663
-315.426
-328.581
-339.048
-347.98
-355.125
-362.402
-367.306
-369.352
-376.717
-390.7
-406.689
-422.387
-437.102
-450.24
-460.728
-469.339
-477.101
-486.789
-503.421
-530.587
-568.1
-613.122
-664.026
-719.214
-777.624
-838.664
-901.518
-966.69
-1031.48
-466.186
-466.632
-466.765
-467.6
-469.254
-472.619
-478.508
-487.631
-499.805
-514.14
-529.303
-544.088
-557.31
-568.247
-576.471
-581.587
-583.586
-582.436
-578.415
-571.399
-562.022
-550.645
-537.067
-521.947
-505.445
-488.128
-470.129
-451.937
-433.597
-415.573
-398.272
-381.482
-365.675
-350.927
-337.457
-325.189
-314.366
-305.116
-297.403
-291.609
-288.027
-287.07
-289.162
-294.761
-304.32
-314.83
-324.197
-330.368
-333.494
-335.831
-339.957
-344.991
-350.102
-354.927
-359.289
-363.235
-366.837
-370.019
-372.448
-373.373
-371.731
-367.663
-360.304
-344.411
-322.016
-303.969
-298.058
-304.274
-316.834
-329.912
-339.592
-348.04
-354.751
-361.492
-366.171
-368.686
-377.022
-391.704
-407.743
-423.148
-437.627
-450.695
-461.027
-469.457
-477.156
-486.893
-503.586
-530.971
-568.775
-613.966
-664.95
-720.169
-778.555
-839.531
-902.327
-967.386
-1031.93
-465.816
-466.43
-466.647
-467.675
-469.919
-474.644
-482.772
-494.549
-509.105
-525
-540.908
-555.711
-568.545
-578.776
-586.073
-590.242
-591.301
-589.321
-584.544
-577.027
-567.23
-555.423
-541.657
-526.405
-509.871
-492.498
-474.478
-456.205
-437.813
-419.699
-402.154
-385.191
-369.183
-354.27
-340.651
-328.319
-317.478
-308.243
-300.66
-295.022
-291.734
-291.32
-294.175
-300.825
-311.779
-324.723
-335.365
-341.269
-342.387
-341.096
-342.589
-346.222
-350.738
-355.328
-359.637
-363.631
-367.313
-370.578
-373.079
-374.101
-372.707
-369.021
-362.686
-349.076
-327.986
-309.165
-302.139
-307.309
-318.794
-331.988
-340.173
-347.748
-353.825
-359.883
-364.27
-367.581
-377.552
-393.316
-409.316
-424.296
-438.36
-451.173
-461.344
-469.673
-477.486
-487.43
-504.287
-532.074
-570.233
-615.576
-666.589
-721.726
-779.995
-840.855
-903.549
-968.432
-1032.65
-464.624
-465.516
-466.126
-467.931
-471.96
-479.688
-491.562
-506.729
-523.606
-540.798
-557.094
-571.54
-583.539
-592.69
-598.756
-601.668
-601.512
-598.455
-592.735
-584.52
-574.15
-561.856
-547.808
-532.349
-515.708
-498.238
-480.153
-461.787
-443.312
-425.069
-407.304
-390.153
-373.949
-358.876
-345.118
-332.739
-321.902
-312.719
-305.267
-299.796
-296.829
-296.973
-300.802
-309.139
-322.199
-338.014
-351.665
-358.248
-356.82
-350.592
-347.356
-348.425
-351.77
-355.772
-359.961
-364.006
-367.765
-371.076
-373.588
-374.646
-373.395
-369.953
-364.273
-353.172
-334.467
-316.245
-307.56
-313.15
-321.698
-335.282
-340.811
-346.872
-352.019
-357.154
-361.087
-365.259
-377.625
-395.135
-411.244
-425.84
-439.6
-452.566
-462.846
-470.882
-478.457
-488.534
-506.11
-534.738
-573.142
-618.488
-669.355
-724.293
-782.343
-842.927
-905.36
-969.958
-1033.77
-462.762
-463.932
-465.319
-468.67
-475.613
-487.217
-502.882
-520.898
-539.567
-557.546
-573.805
-587.753
-598.902
-606.952
-611.771
-613.405
-612.026
-607.891
-601.254
-592.329
-581.389
-568.647
-554.302
-538.633
-521.852
-504.269
-486.103
-467.647
-449.106
-430.758
-412.855
-395.575
-379.234
-364.041
-350.206
-337.839
-327.083
-318.056
-310.852
-305.698
-303.129
-303.87
-308.653
-318.632
-334.188
-352.775
-369.565
-377.662
-373.226
-362.508
-353.857
-351.519
-353.045
-356.294
-360.288
-364.313
-368.108
-371.419
-373.898
-374.953
-373.763
-370.496
-365.127
-356.09
-340.132
-323.256
-313.493
-319.775
-325.016
-338.789
-341.342
-345.45
-349.402
-353.53
-357.05
-361.602
-376.705
-397.124
-413.979
-428.297
-441.525
-454.456
-464.125
-471.52
-480.112
-491.954
-510.82
-539.898
-578.212
-623.295
-673.764
-728.268
-785.873
-846.002
-908.07
-972.248
-1035.62
-460.937
-462.244
-464.513
-469.584
-479.506
-494.583
-513.28
-533.308
-553.1
-571.482
-587.715
-601.279
-611.711
-618.809
-622.568
-623.133
-620.754
-615.747
-608.387
-598.9
-587.52
-574.443
-559.866
-544.032
-527.14
-509.47
-491.251
-472.739
-454.159
-435.751
-417.775
-400.439
-384.035
-368.798
-354.945
-342.616
-331.956
-323.09
-316.135
-311.332
-309.213
-310.614
-316.321
-327.607
-345.125
-366.139
-385.297
-395.241
-388.352
-373.928
-360.344
-354.674
-354.348
-356.848
-360.576
-364.559
-368.353
-371.639
-374.078
-375.112
-373.907
-370.74
-365.502
-358.073
-344.529
-329.094
-318.527
-323.953
-328.735
-341.133
-341.631
-343.866
-346.713
-350.105
-353.829
-358.675
-375.393
-397.519
-414.339
-428.135
-440.624
-453.806
-465.337
-474.343
-484.072
-497.344
-517.501
-547.005
-585.099
-629.729
-679.598
-733.461
-790.443
-849.964
-911.51
-975.121
-1038.31
-459.216
-460.538
-463.791
-470.592
-483.296
-501.566
-522.756
-544.262
-564.829
-583.503
-599.73
-612.92
-622.696
-628.943
-631.77
-631.404
-628.171
-622.434
-614.482
-604.54
-592.811
-579.474
-564.714
-548.742
-531.765
-514.037
-495.781
-477.237
-458.638
-440.215
-422.215
-404.867
-388.448
-373.204
-359.367
-347.098
-336.545
-327.837
-321.102
-316.604
-314.893
-316.89
-323.515
-336.019
-355.239
-378.484
-399.924
-411.272
-402.661
-384.644
-366.556
-357.748
-355.613
-357.322
-360.736
-364.659
-368.442
-371.705
-374.106
-375.11
-373.853
-370.694
-365.617
-359.254
-347.907
-333.846
-322.739
-326.227
-332.836
-342.021
-341.873
-342.449
-344.381
-347.456
-351.285
-356.888
-373.121
-395.709
-413.768
-427.638
-440.16
-453.397
-465.801
-476.635
-488.418
-503.654
-525.292
-555.3
-593.185
-637.306
-686.503
-739.63
-795.887
-854.712
-915.649
-978.598
-1041.73
-457.648
-458.86
-463.248
-471.63
-486.809
-507.983
-531.248
-553.81
-574.961
-593.861
-610.075
-622.918
-632.1
-637.586
-639.593
-638.421
-634.465
-628.12
-619.687
-609.38
-597.375
-583.835
-568.928
-552.852
-535.816
-518.057
-499.785
-481.234
-462.639
-444.229
-426.24
-408.906
-392.5
-377.277
-363.475
-351.271
-340.821
-332.263
-325.737
-321.506
-320.12
-322.587
-329.959
-343.506
-364.134
-389.3
-413.058
-425.497
-415.929
-394.145
-372.077
-360.449
-356.668
-357.581
-360.685
-364.538
-368.319
-371.572
-373.936
-374.911
-373.629
-370.401
-365.525
-359.657
-350.381
-337.477
-326.257
-327.657
-336.638
-342.187
-342.405
-341.508
-342.861
-345.852
-350.341
-357.07
-372.431
-392.777
-410.29
-424.782
-438.163
-452.087
-465.702
-478.689
-492.866
-510.28
-533.481
-564.093
-601.85
-645.498
-694.025
-746.411
-801.924
-860.031
-920.327
-982.606
-1045.71
-456.255
-457.251
-462.878
-472.588
-489.925
-513.842
-538.859
-562.181
-583.775
-602.842
-619.045
-631.564
-640.203
-645.005
-646.292
-644.42
-639.853
-633.002
-624.176
-613.575
-601.357
-587.662
-572.645
-556.496
-539.425
-521.651
-503.379
-484.84
-466.264
-447.879
-429.919
-412.618
-396.246
-381.06
-367.304
-355.166
-344.811
-336.386
-330.041
-326.05
-324.926
-327.707
-335.607
-349.939
-371.631
-398.326
-424.221
-437.585
-427.575
-402.16
-376.682
-362.571
-357.32
-357.518
-360.346
-364.152
-367.947
-371.206
-373.542
-374.5
-373.235
-369.894
-365.177
-359.407
-352.083
-340.056
-328.896
-328.556
-339.633
-342.915
-343.365
-341.181
-342.352
-345.804
-351.175
-358.76
-372.935
-390.682
-407.089
-421.908
-436.116
-450.907
-465.832
-480.861
-497.347
-516.926
-541.71
-573.036
-610.813
-654.098
-702.033
-753.729
-808.526
-865.934
-925.582
-987.193
-1050.18
-455.055
-455.723
-462.552
-473.437
-492.598
-519.171
-545.734
-569.607
-591.513
-610.707
-626.905
-639.121
-647.262
-651.448
-652.103
-649.636
-644.565
-637.3
-628.154
-617.317
-604.929
-591.111
-576.009
-559.812
-542.718
-524.935
-506.669
-488.148
-469.599
-451.249
-433.33
-416.075
-399.75
-384.612
-370.907
-358.833
-348.561
-340.251
-334.059
-330.267
-329.354
-332.329
-340.514
-355.306
-377.718
-405.495
-433.194
-447.434
-437.234
-408.58
-380.24
-363.989
-357.438
-357.028
-359.645
-363.444
-367.273
-370.559
-372.889
-373.848
-372.635
-369.187
-364.517
-358.83
-352.958
-341.626
-330.478
-328.515
-341.116
-343.955
-344.13
-341.247
-342.766
-347.011
-353.069
-361.067
-373.864
-389.393
-404.694
-419.548
-434.395
-450.028
-466.247
-483.172
-501.819
-523.485
-549.855
-582.015
-619.981
-663.049
-710.502
-761.581
-815.708
-872.444
-931.454
-992.423
-1055.22
-454.035
-454.255
-462.166
-474.13
-494.854
-524.05
-552.045
-576.276
-598.389
-617.681
-633.88
-645.816
-653.508
-657.156
-657.275
-654.309
-648.825
-641.216
-631.805
-620.77
-608.234
-594.308
-579.135
-562.897
-545.782
-527.994
-509.738
-491.24
-472.724
-454.416
-436.545
-419.344
-403.072
-387.987
-374.336
-362.321
-352.121
-343.903
-337.832
-334.194
-333.439
-336.517
-344.765
-359.678
-382.454
-410.857
-439.958
-455.092
-444.849
-413.348
-382.632
-364.587
-356.943
-356.01
-358.511
-362.333
-366.229
-369.573
-371.927
-372.908
-371.771
-368.259
-363.549
-358.083
-352.907
-342.254
-330.885
-327.07
-339.151
-343.421
-343.413
-341.239
-343.79
-348.838
-355.379
-363.463
-374.994
-388.769
-403.103
-417.835
-433.153
-449.554
-466.992
-485.658
-506.306
-529.959
-557.917
-591.028
-629.349
-672.355
-719.451
-770.005
-823.521
-879.624
-938.013
-998.363
-1060.88
-453.155
-452.734
-461.626
-474.712
-496.717
-528.507
-557.966
-582.358
-604.575
-623.956
-640.172
-651.865
-659.161
-662.351
-662.019
-658.632
-652.796
-644.892
-635.247
-624.034
-611.365
-597.342
-582.104
-565.826
-548.692
-530.901
-512.659
-494.185
-475.704
-457.439
-439.619
-422.475
-406.26
-391.23
-377.629
-365.667
-355.524
-347.375
-341.389
-337.855
-337.195
-340.283
-348.425
-363.144
-385.893
-414.532
-444.581
-460.644
-450.415
-416.422
-383.745
-364.215
-355.703
-354.345
-356.812
-360.706
-364.721
-368.165
-370.583
-371.609
-370.57
-367.047
-362.26
-356.989
-351.963
-341.943
-330.12
-323.684
-331.887
-339.707
-340.415
-340.805
-344.924
-350.786
-357.698
-365.757
-376.288
-388.737
-402.269
-416.815
-432.472
-449.555
-468.11
-488.352
-510.846
-536.378
-565.912
-600.071
-638.903
-681.999
-728.87
-779.001
-831.98
-887.504
-945.308
-1005.08
-1067.26
-452.375
-450.975
-460.837
-475.079
-498.179
-532.618
-563.6
-587.966
-610.224
-629.702
-645.958
-657.443
-664.389
-667.18
-666.463
-662.718
-656.58
-648.416
-638.562
-627.185
-614.387
-600.27
-584.967
-568.647
-551.492
-533.697
-515.466
-497.015
-478.566
-460.343
-442.572
-425.483
-409.323
-394.345
-380.792
-368.874
-358.77
-350.659
-344.713
-341.221
-340.571
-343.563
-351.444
-365.728
-388.091
-416.657
-447.231
-464.234
-453.709
-417.619
-383.398
-362.695
-353.561
-351.902
-354.406
-358.449
-362.65
-366.247
-368.774
-369.872
-368.94
-365.46
-360.613
-355.429
-350.277
-340.644
-328.506
-318.399
-319.628
-332.534
-335.61
-339.8
-345.782
-352.505
-359.801
-367.896
-377.745
-389.252
-402.157
-416.513
-432.418
-450.093
-469.649
-491.304
-515.484
-542.775
-573.856
-609.138
-648.617
-691.952
-738.737
-788.56
-841.093
-896.105
-953.377
-1012.61
-1074.43
-451.673
-448.856
-459.722
-475.033
-499.286
-536.459
-569.02
-593.188
-615.462
-635.047
-651.356
-662.656
-669.291
-671.741
-670.698
-666.65
-660.25
-651.856
-641.808
-630.273
-617.348
-603.132
-587.759
-571.394
-554.214
-536.412
-518.188
-499.757
-481.336
-463.149
-445.423
-428.384
-412.277
-397.349
-383.838
-371.951
-361.868
-353.766
-347.815
-344.294
-343.562
-346.341
-353.801
-367.424
-389.07
-417.166
-447.849
-465.887
-454.777
-416.833
-381.401
-359.843
-350.34
-348.537
-351.072
-355.352
-359.831
-363.66
-366.355
-367.557
-366.746
-363.382
-358.57
-353.425
-347.967
-338.591
-326.137
-311.638
-305.115
-322.627
-330.334
-338.3
-346.221
-353.857
-361.608
-369.879
-379.374
-390.285
-402.749
-416.95
-433.043
-451.229
-471.663
-494.562
-520.262
-549.182
-581.759
-618.207
-658.443
-702.15
-748.985
-798.624
-850.819
-905.408
-962.222
-1020.98
-1082.41
-451.039
-446.34
-458.235
-474.523
-499.952
-539.918
-574.152
-598.045
-620.359
-640.073
-656.457
-667.616
-674.002
-676.181
-674.874
-670.574
-663.945
-655.339
-645.104
-633.41
-620.35
-606.028
-590.577
-574.159
-556.948
-539.134
-520.913
-502.496
-484.1
-465.948
-448.263
-431.272
-415.213
-400.327
-386.848
-374.978
-364.895
-356.777
-350.786
-347.193
-346.325
-348.825
-355.753
-368.459
-388.88
-415.699
-445.52
-464.081
-452.246
-413.804
-377.649
-355.744
-346.197
-344.431
-347.147
-351.741
-356.557
-360.675
-363.592
-364.943
-364.271
-361.048
-356.276
-351.252
-345.575
-336.449
-323.576
-304.664
-294.135
-311.495
-325.731
-336.651
-346.317
-354.855
-363.082
-371.607
-381.032
-391.667
-403.895
-418.028
-434.294
-452.908
-474.069
-497.999
-524.966
-555.264
-589.148
-626.668
-667.655
-711.794
-758.78
-808.354
-860.334
-914.612
-971.075
-1029.45
-1090.51
-450.467
-443.429
-456.327
-473.518
-500.049
-542.894
-578.941
-602.596
-625.024
-644.9
-661.405
-672.49
-678.703
-680.682
-679.162
-674.645
-667.804
-658.99
-648.561
-636.692
-623.482
-609.039
-593.496
-577.014
-559.764
-541.93
-523.705
-505.298
-486.924
-468.802
-451.154
-434.204
-418.184
-403.329
-389.864
-377.993
-367.889
-359.73
-353.673
-349.979
-348.942
-351.126
-357.455
-369.067
-387.818
-412.608
-440.358
-458.612
-445.873
-408.605
-372.418
-350.842
-341.571
-340.066
-343.146
-348.08
-353.227
-357.639
-360.793
-362.316
-361.791
-358.688
-353.932
-349.112
-343.431
-334.456
-321.117
-297.822
-289.781
-301.405
-322.106
-335.266
-346.317
-355.663
-364.35
-373.13
-382.615
-393.189
-405.346
-419.501
-435.954
-454.955
-476.733
-501.506
-529.508
-560.941
-595.914
-634.354
-676.022
-720.589
-767.772
-817.355
-869.208
-923.261
-979.46
-1037.53
-1098.27
-449.954
-440.163
-453.956
-471.981
-499.542
-545.339
-583.404
-606.961
-629.588
-649.664
-666.346
-677.429
-683.541
-685.378
-683.682
-678.967
-671.916
-662.885
-652.244
-640.18
-626.799
-612.216
-596.566
-580.007
-562.705
-544.842
-526.607
-508.202
-489.841
-471.741
-454.121
-437.202
-421.209
-406.37
-392.905
-381.013
-370.865
-362.639
-356.486
-352.651
-351.4
-353.216
-358.888
-369.311
-386.146
-408.474
-433.31
-450.438
-436.849
-401.17
-366.001
-345.276
-336.536
-335.509
-338.992
-344.272
-349.743
-354.449
-357.844
-359.547
-359.178
-356.204
-351.516
-346.962
-341.399
-332.617
-318.372
-290.855
-290.336
-294.858
-319.515
-334.293
-346.34
-356.381
-365.513
-374.575
-384.2
-394.845
-407.049
-421.302
-437.959
-457.304
-479.605
-505.088
-533.953
-566.328
-602.229
-641.485
-683.791
-728.792
-776.216
-825.871
-877.665
-931.56
-987.557
-1045.38
-1105.85
-449.489
-436.624
-451.131
-469.906
-498.415
-547.185
-587.534
-611.239
-634.131
-654.476
-671.402
-682.56
-688.642
-690.388
-688.54
-683.633
-676.362
-667.098
-656.22
-643.936
-630.359
-615.614
-599.839
-583.187
-565.821
-547.917
-529.66
-511.25
-492.893
-474.806
-457.204
-440.306
-424.329
-409.493
-396.011
-384.079
-373.867
-365.549
-359.27
-355.262
-353.759
-355.166
-360.139
-369.319
-384.085
-403.625
-425.019
-440
-426.117
-392.054
-358.766
-339.197
-331.224
-330.791
-334.705
-340.345
-346.134
-351.133
-354.772
-356.661
-356.468
-353.632
-349.073
-344.847
-339.467
-330.892
-315.263
-284.42
-291.344
-292.703
-317.917
-333.753
-346.471
-357.08
-366.625
-375.987
-385.818
-396.624
-408.956
-423.346
-440.223
-459.896
-482.65
-508.713
-538.285
-571.45
-608.144
-648.116
-691.014
-736.452
-784.143
-833.906
-885.69
-939.474
-995.319
-1052.95
-1113.17
-449.05
-432.896
-447.861
-467.291
-496.641
-548.337
-591.315
-615.524
-638.747
-659.462
-676.711
-688.026
-694.142
-695.836
-693.848
-688.743
-681.235
-671.708
-660.561
-648.024
-634.221
-619.288
-603.364
-586.6
-569.154
-551.196
-532.907
-514.48
-496.119
-478.035
-460.442
-443.552
-427.577
-412.728
-399.212
-387.221
-376.922
-368.487
-362.054
-357.84
-356.048
-357.01
-361.253
-369.176
-381.832
-398.414
-416.049
-428.093
-414.238
-381.825
-350.974
-332.813
-325.804
-326.002
-330.358
-336.363
-342.455
-347.735
-351.615
-353.689
-353.692
-351.004
-346.632
-342.788
-337.574
-329.405
-311.823
-279.993
-290.254
-292.994
-317.148
-333.606
-346.764
-357.82
-367.744
-377.413
-387.493
-398.521
-411.06
-425.637
-442.716
-462.673
-485.819
-512.379
-542.537
-576.343
-613.699
-654.308
-697.756
-743.607
-791.57
-841.467
-893.271
-946.975
-1002.7
-1060.18
-1120.2
-448.604
-429.023
-444.159
-464.134
-494.147
-548.696
-594.74
-619.879
-643.542
-664.752
-682.407
-693.963
-700.172
-701.841
-699.713
-694.393
-686.614
-676.786
-665.328
-652.499
-638.435
-623.283
-607.186
-590.288
-572.744
-554.718
-536.384
-517.93
-499.553
-481.462
-463.865
-446.971
-430.984
-416.107
-402.539
-390.467
-380.058
-371.48
-364.864
-360.413
-358.298
-358.782
-362.272
-368.948
-379.53
-393.128
-406.912
-415.58
-401.666
-371.074
-342.987
-326.287
-320.35
-321.216
-326.018
-332.379
-338.756
-344.297
-348.406
-350.659
-350.883
-348.355
-344.221
-340.805
-335.744
-328.159
-308.598
-278.151
-287.527
-294.392
-317.077
-333.799
-347.233
-358.634
-368.904
-378.885
-389.245
-400.542
-413.338
-428.164
-445.482
-465.679
-489.111
-516.055
-546.68
-581.027
-618.952
-660.102
-704.034
-750.282
-798.52
-848.55
-900.388
-954.037
-1009.69
-1067.05
-1126.9
-448.111
-424.994
-440.036
-460.421
-490.802
-548.171
-597.823
-624.354
-648.632
-670.474
-688.624
-700.5
-706.853
-708.51
-706.229
-700.663
-692.572
-682.396
-670.577
-657.412
-643.048
-627.644
-611.344
-594.29
-576.63
-558.52
-540.127
-521.632
-503.229
-485.118
-467.505
-450.593
-434.579
-419.655
-406.016
-393.843
-383.3
-374.552
-367.724
-363.003
-360.53
-360.507
-363.23
-368.686
-377.28
-387.992
-398.036
-403.175
-389.015
-360.275
-335.034
-319.847
-314.991
-316.522
-321.754
-328.443
-335.081
-340.855
-345.177
-347.599
-348.068
-345.716
-341.862
-338.93
-333.918
-327.159
-305.888
-279.248
-284.631
-296.159
-317.564
-334.286
-347.875
-359.538
-370.124
-380.421
-391.088
-402.687
-415.781
-430.893
-448.487
-468.947
-492.629
-519.827
-550.772
-585.523
-623.892
-665.518
-709.9
-756.497
-804.976
-855.143
-907.041
-960.656
-1016.24
-1073.53
-1133.25
-447.532
-420.766
-435.484
-456.074
-486.395
-546.673
-600.589
-629.013
-654.13
-676.749
-695.488
-707.758
-714.29
-715.939
-713.482
-707.63
-699.176
-688.598
-676.365
-662.813
-648.106
-632.412
-615.878
-598.643
-580.845
-562.633
-544.167
-525.62
-507.177
-489.034
-471.392
-454.446
-438.388
-423.401
-409.669
-397.372
-386.67
-377.726
-370.656
-365.631
-362.768
-362.209
-364.154
-368.424
-375.148
-383.162
-389.727
-391.448
-376.906
-349.856
-327.318
-313.773
-309.923
-312.025
-317.633
-324.614
-331.477
-337.448
-341.964
-344.544
-345.276
-343.118
-339.572
-337.163
-331.986
-326.391
-303.866
-283.646
-283.458
-298.371
-318.567
-335.044
-348.677
-360.536
-371.412
-382.03
-393.024
-404.955
-418.378
-433.805
-451.692
-472.421
-496.347
-523.773
-554.943
-589.935
-628.623
-670.609
-715.333
-762.242
-810.974
-861.271
-913.216
-966.806
-1022.37
-1079.62
-1139.25
-446.818
-416.282
-430.437
-450.869
-480.69
-544.11
-603.061
-633.941
-660.145
-683.692
-703.11
-715.84
-722.58
-724.214
-721.55
-715.364
-706.49
-695.449
-682.74
-668.748
-653.65
-637.626
-620.826
-603.381
-585.424
-567.093
-548.538
-529.923
-511.428
-493.24
-475.553
-458.559
-442.439
-427.368
-413.523
-401.079
-390.193
-381.022
-373.679
-368.318
-365.031
-363.907
-365.064
-368.188
-373.174
-378.73
-382.176
-380.792
-365.79
-340.397
-320.173
-308.161
-305.162
-307.789
-313.714
-320.944
-327.994
-334.12
-338.804
-341.527
-342.538
-340.593
-337.362
-335.482
-329.807
-325.853
-302.698
-290.487
-284.752
-300.975
-319.981
-336.031
-349.615
-361.621
-372.769
-383.712
-395.052
-407.337
-421.112
-436.878
-455.072
-476.065
-500.214
-527.833
-559.181
-594.354
-633.241
-675.446
-720.432
-767.581
-816.483
-866.885
-918.926
-972.529
-1028.08
-1085.29
-1144.85
-445.919
-411.467
-424.717
-444.389
-473.488
-540.392
-605.256
-639.233
-666.777
-691.403
-711.586
-724.841
-731.81
-733.414
-730.503
-723.93
-714.571
-703
-689.751
-675.26
-659.721
-643.324
-626.222
-608.54
-590.4
-571.93
-553.27
-534.574
-516.012
-497.765
-480.019
-462.959
-446.759
-431.584
-417.604
-404.988
-393.89
-384.464
-376.814
-371.082
-367.336
-365.62
-365.978
-367.992
-371.377
-374.735
-375.472
-371.405
-355.934
-332.232
-313.792
-303.061
-300.766
-303.887
-310.081
-317.489
-324.682
-330.917
-335.736
-338.582
-339.883
-338.174
-335.261
-333.877
-327.269
-325.44
-302.255
-297.812
-288.346
-303.947
-321.682
-337.19
-350.658
-362.779
-374.186
-385.461
-397.162
-409.82
-423.967
-440.085
-458.595
-479.85
-504.202
-531.972
-563.443
-598.733
-637.752
-680.108
-725.26
-772.552
-821.596
-872.1
-924.191
-977.766
-1033.34
-1090.57
-1150.12
-444.766
-406.21
-417.941
-436.114
-464.665
-535.458
-607.21
-644.978
-674.114
-699.962
-720.999
-734.842
-742.054
-743.606
-740.406
-733.386
-723.473
-711.301
-697.443
-682.389
-666.357
-649.541
-632.101
-614.152
-595.805
-577.176
-558.394
-539.602
-520.96
-502.64
-484.82
-467.677
-451.377
-436.078
-421.94
-409.125
-397.787
-388.074
-380.083
-373.943
-369.702
-367.363
-366.91
-367.845
-369.752
-371.171
-369.618
-363.342
-347.443
-325.273
-308.121
-298.572
-296.921
-300.393
-306.791
-314.301
-321.572
-327.879
-332.795
-335.749
-337.343
-335.888
-333.308
-332.319
-324.488
-324.977
-302.95
-304.429
-293.21
-307.128
-323.541
-338.455
-351.77
-363.989
-375.651
-387.265
-399.343
-412.391
-426.923
-443.404
-462.232
-483.744
-508.28
-536.168
-567.708
-603.043
-642.117
-684.552
-729.819
-777.223
-826.368
-876.909
-929.04
-982.639
-1038.25
-1095.44
-1154.94
-443.298
-400.375
-409.505
-425.617
-454.158
-529.282
-608.978
-651.252
-682.226
-709.433
-731.412
-745.902
-753.367
-754.845
-751.309
-743.779
-733.239
-720.391
-705.853
-690.171
-673.59
-656.311
-638.494
-620.246
-601.668
-582.861
-563.942
-545.039
-526.302
-507.895
-489.986
-472.743
-456.324
-440.878
-426.557
-413.517
-401.908
-391.875
-383.507
-376.922
-372.145
-369.15
-367.869
-367.75
-368.286
-368.003
-364.554
-356.547
-340.331
-319.46
-303.2
-294.659
-293.587
-297.296
-303.828
-311.391
-318.683
-325.028
-330.01
-333.071
-334.951
-333.75
-331.574
-330.663
-322.072
-324.46
-305.141
-310.567
-298.618
-310.329
-325.428
-339.75
-352.907
-365.227
-377.148
-389.11
-401.578
-415.03
-429.959
-446.808
-465.955
-487.716
-512.42
-540.395
-571.959
-607.275
-646.325
-688.762
-734.083
-781.562
-830.797
-881.375
-933.535
-987.102
-1042.7
-1099.9
-1159.45
-441.508
-393.813
-398.749
-412.696
-441.957
-521.885
-610.615
-658.106
-691.141
-719.828
-742.835
-758.025
-765.748
-767.125
-763.205
-755.102
-743.861
-730.262
-714.974
-698.597
-681.413
-663.625
-645.394
-626.818
-607.985
-588.981
-569.907
-550.88
-532.036
-513.528
-495.514
-478.154
-461.596
-445.981
-431.452
-418.161
-406.251
-395.864
-387.084
-380.014
-374.664
-370.98
-368.853
-367.7
-366.963
-365.193
-360.213
-350.91
-334.554
-314.82
-299.184
-291.405
-290.739
-294.637
-301.199
-308.76
-316.034
-322.389
-327.408
-330.593
-332.732
-331.796
-330.088
-328.651
-320.642
-324.014
-308.692
-316.012
-303.796
-313.298
-327.206
-341
-354.029
-366.468
-378.659
-390.978
-403.849
-417.718
-433.053
-450.275
-469.74
-491.741
-516.597
-544.633
-576.177
-611.411
-650.361
-692.718
-738.025
-785.538
-834.848
-885.465
-937.651
-991.172
-1046.73
-1103.86
-1163.4
-438.749
-386.101
-384.836
-397.004
-427.882
-513.258
-612.29
-665.749
-701.024
-731.291
-755.411
-771.354
-779.337
-780.58
-776.223
-767.477
-755.454
-741.02
-724.903
-707.76
-689.912
-671.564
-652.88
-633.944
-614.831
-595.61
-576.366
-557.201
-538.237
-519.615
-501.482
-483.987
-467.27
-451.464
-436.701
-423.128
-410.884
-400.105
-390.871
-383.272
-377.304
-372.888
-369.886
-367.7
-365.75
-362.653
-356.438
-346.215
-329.939
-311.223
-296.147
-288.945
-288.492
-292.475
-298.954
-306.437
-313.65
-319.987
-325.012
-328.341
-330.698
-330.117
-328.714
-326.449
-320.079
-323.655
-313.102
-320.172
-308.092
-315.818
-328.761
-342.137
-355.095
-367.686
-380.163
-392.852
-406.135
-420.431
-436.18
-453.779
-473.56
-495.796
-520.792
-548.866
-580.353
-615.448
-654.225
-696.423
-741.65
-789.149
-838.51
-889.159
-941.371
-994.84
-1050.34
-1107.34
-1166.82
-1096.07
-1159.05
-1230.84
-1312.66
-1404.91
-1510.4
-1627.9
-1757.21
-1887
-2016.58
-2072.4
-1973.57
-1702.68
-1319.95
-850.293
-489.983
-168.205
51.6808
106.586
51.0644
-64.4885
-173.441
-344.567
-388.74
-488.386
-448.739
-473.184
-314.74
-129.416
-91.5242
-284.835
-191.794
-29.6017
-1096.07
-1159.04
-1230.84
-1312.66
-1404.91
-1510.4
-1627.89
-1757.2
-1886.99
-2016.58
-2072.4
-1973.57
-1702.69
-1319.96
-850.301
-489.99
-168.209
51.675
106.585
51.066
-64.4858
-173.437
-344.564
-388.738
-488.385
-448.739
-473.186
-314.745
-129.42
-91.5229
-284.833
-191.798
-29.6059
-1096.06
-1159.04
-1230.83
-1312.65
-1404.9
-1510.39
-1627.89
-1757.19
-1886.98
-2016.57
-2072.4
-1973.57
-1702.69
-1319.96
-850.304
-489.992
-168.214
51.6712
106.583
51.0659
-64.485
-173.436
-344.562
-388.737
-488.384
-448.739
-473.187
-314.746
-129.421
-91.5256
-284.831
-191.794
-29.6076
-1096.05
-1159.02
-1230.82
-1312.64
-1404.89
-1510.38
-1627.87
-1757.18
-1886.97
-2016.55
-2072.39
-1973.57
-1702.69
-1319.97
-850.307
-489.995
-168.216
51.6666
106.58
51.0652
-64.4843
-173.434
-344.56
-388.735
-488.383
-448.739
-473.188
-314.746
-129.421
-91.531
-284.829
-191.789
-29.6105
-1096.04
-1159.01
-1230.81
-1312.63
-1404.87
-1510.36
-1627.85
-1757.16
-1886.94
-2016.53
-2072.38
-1973.57
-1702.7
-1319.97
-850.314
-490.001
-168.219
51.6604
106.576
51.0641
-64.4834
-173.432
-344.557
-388.733
-488.383
-448.739
-473.189
-314.745
-129.42
-91.5383
-284.826
-191.783
-29.6149
-1096.03
-1159
-1230.79
-1312.61
-1404.86
-1510.34
-1627.83
-1757.13
-1886.92
-2016.51
-2072.37
-1973.58
-1702.71
-1319.99
-850.332
-490.017
-168.226
51.6535
106.571
51.0629
-64.482
-173.428
-344.554
-388.731
-488.382
-448.74
-473.192
-314.745
-129.418
-91.5473
-284.823
-191.775
-29.6206
-1096.02
-1158.98
-1230.78
-1312.6
-1404.84
-1510.33
-1627.81
-1757.11
-1886.89
-2016.49
-2072.38
-1973.6
-1702.75
-1320.04
-850.371
-490.048
-168.241
51.6464
106.566
51.062
-64.4796
-173.423
-344.55
-388.729
-488.381
-448.742
-473.195
-314.745
-129.414
-91.5579
-284.82
-191.766
-29.6274
-1096
-1158.97
-1230.76
-1312.58
-1404.82
-1510.31
-1627.79
-1757.09
-1886.87
-2016.49
-2072.4
-1973.65
-1702.81
-1320.11
-850.428
-490.091
-168.265
51.6385
106.561
51.0614
-64.476
-173.417
-344.545
-388.726
-488.381
-448.743
-473.2
-314.745
-129.408
-91.5702
-284.817
-191.755
-29.6351
-1095.99
-1158.95
-1230.75
-1312.56
-1404.81
-1510.28
-1627.77
-1757.06
-1886.85
-2016.49
-2072.45
-1973.73
-1702.9
-1320.19
-850.49
-490.138
-168.296
51.6282
106.556
51.0613
-64.4712
-173.41
-344.54
-388.724
-488.38
-448.746
-473.205
-314.744
-129.402
-91.5841
-284.814
-191.743
-29.6434
-1095.97
-1158.94
-1230.74
-1312.55
-1404.79
-1510.26
-1627.75
-1757.04
-1886.84
-2016.52
-2072.53
-1973.84
-1703
-1320.28
-850.553
-490.186
-168.329
51.6142
106.552
51.0619
-64.4649
-173.402
-344.535
-388.721
-488.38
-448.749
-473.211
-314.744
-129.394
-91.5995
-284.811
-191.731
-29.6521
-1095.95
-1158.93
-1230.72
-1312.53
-1404.77
-1510.25
-1627.73
-1757.03
-1886.85
-2016.57
-2072.64
-1973.97
-1703.12
-1320.38
-850.622
-490.241
-168.363
51.5957
106.547
51.063
-64.4573
-173.392
-344.529
-388.719
-488.38
-448.752
-473.218
-314.744
-129.384
-91.6161
-284.807
-191.718
-29.661
-1095.93
-1158.92
-1230.71
-1312.52
-1404.76
-1510.23
-1627.72
-1757.03
-1886.86
-2016.64
-2072.78
-1974.12
-1703.27
-1320.5
-850.7
-490.302
-168.401
51.5735
106.543
51.0645
-64.4486
-173.381
-344.523
-388.716
-488.38
-448.756
-473.227
-314.744
-129.373
-91.6334
-284.804
-191.704
-29.67
-1095.91
-1158.91
-1230.71
-1312.52
-1404.75
-1510.23
-1627.72
-1757.04
-1886.9
-2016.75
-2072.96
-1974.32
-1703.43
-1320.63
-850.786
-490.372
-168.444
51.5499
106.54
51.066
-64.4389
-173.368
-344.515
-388.713
-488.38
-448.762
-473.236
-314.744
-129.36
-91.6511
-284.802
-191.692
-29.6788
-1095.9
-1158.92
-1230.72
-1312.52
-1404.75
-1510.23
-1627.74
-1757.06
-1886.96
-2016.89
-2073.18
-1974.55
-1703.62
-1320.78
-850.878
-490.447
-168.492
51.5258
106.537
51.0667
-64.4287
-173.354
-344.507
-388.709
-488.381
-448.768
-473.248
-314.746
-129.346
-91.6686
-284.8
-191.68
-29.6873
-1095.89
-1158.94
-1230.73
-1312.54
-1404.77
-1510.26
-1627.77
-1757.11
-1887.04
-2017.07
-2073.46
-1974.83
-1703.83
-1320.94
-850.972
-490.526
-168.543
51.5014
106.534
51.0663
-64.4185
-173.337
-344.497
-388.705
-488.381
-448.775
-473.262
-314.748
-129.331
-91.6854
-284.799
-191.669
-29.6955
-1095.9
-1158.98
-1230.77
-1312.58
-1404.81
-1510.3
-1627.83
-1757.19
-1887.16
-2017.31
-2073.81
-1975.16
-1704.07
-1321.1
-851.063
-490.602
-168.592
51.4794
106.532
51.0642
-64.4093
-173.319
-344.484
-388.7
-488.38
-448.783
-473.278
-314.752
-129.314
-91.7011
-284.801
-191.661
-29.7031
-1095.93
-1159.05
-1230.84
-1312.65
-1404.87
-1510.38
-1627.93
-1757.3
-1887.34
-2017.63
-2074.25
-1975.56
-1704.34
-1321.27
-851.145
-490.666
-168.629
51.4659
106.531
51.0606
-64.4022
-173.298
-344.469
-388.695
-488.378
-448.793
-473.296
-314.757
-129.295
-91.7155
-284.805
-191.656
-29.71
-1096
-1159.17
-1230.96
-1312.77
-1404.98
-1510.5
-1628.08
-1757.48
-1887.58
-2018.06
-2074.8
-1976.04
-1704.64
-1321.44
-851.211
-490.699
-168.64
51.4581
106.53
51.0568
-64.3985
-173.276
-344.448
-388.691
-488.375
-448.804
-473.318
-314.764
-129.275
-91.7283
-284.813
-191.654
-29.716
-1096.13
-1159.35
-1231.12
-1312.95
-1405.15
-1510.68
-1628.3
-1757.72
-1887.92
-2018.62
-2075.52
-1976.64
-1704.96
-1321.57
-851.212
-490.671
-168.635
51.4171
106.521
51.0544
-64.3996
-173.254
-344.422
-388.687
-488.369
-448.816
-473.343
-314.774
-129.253
-91.7393
-284.826
-191.656
-29.7212
-1096.33
-1159.62
-1231.37
-1313.2
-1405.4
-1510.95
-1628.62
-1758.08
-1888.39
-2019.38
-2076.44
-1977.36
-1705.28
-1321.65
-851.208
-490.654
-168.72
51.2679
106.458
51.0485
-64.4059
-173.233
-344.391
-388.678
-488.362
-448.829
-473.372
-314.787
-129.229
-91.7484
-284.844
-191.662
-29.7253
-1096.64
-1160.02
-1231.73
-1313.58
-1405.77
-1511.34
-1629.08
-1758.59
-1889.05
-2020.43
-2077.62
-1978.23
-1705.75
-1321.95
-851.419
-490.804
-168.999
50.9621
106.278
51.017
-64.4177
-173.217
-344.356
-388.658
-488.357
-448.843
-473.405
-314.803
-129.202
-91.7551
-284.868
-191.675
-29.7284
-1097.09
-1160.57
-1232.23
-1314.11
-1406.3
-1511.9
-1629.76
-1759.35
-1889.96
-2021.77
-2079.15
-1979.49
-1706.6
-1322.56
-851.835
-491.157
-169.469
50.5037
105.963
50.9209
-64.4386
-173.207
-344.318
-388.624
-488.358
-448.856
-473.443
-314.822
-129.171
-91.7588
-284.901
-191.693
-29.7305
-1097.77
-1161.38
-1232.97
-1314.89
-1407.09
-1512.74
-1630.68
-1760.36
-1891.17
-2023.56
-2081.19
-1981.17
-1707.77
-1323.42
-852.447
-491.697
-170.083
49.9084
105.534
50.7271
-64.4828
-173.21
-344.279
-388.574
-488.367
-448.867
-473.484
-314.845
-129.137
-91.7586
-284.944
-191.719
-29.732
-1098.8
-1162.55
-1234.03
-1315.95
-1408.16
-1513.86
-1631.92
-1761.72
-1892.71
-2025.75
-2083.73
-1983.33
-1709.31
-1324.54
-853.26
-492.434
-170.879
49.1481
104.977
50.4088
-64.5785
-173.232
-344.245
-388.508
-488.374
-448.874
-473.531
-314.873
-129.098
-91.7537
-284.998
-191.751
-29.7331
-1100.26
-1164.13
-1235.45
-1317.4
-1409.59
-1515.32
-1633.44
-1763.27
-1894.47
-2028.44
-2086.95
-1986.09
-1711.28
-1325.99
-854.337
-493.431
-171.942
48.1744
104.252
49.9415
-64.7636
-173.291
-344.224
-388.432
-488.366
-448.88
-473.581
-314.905
-129.053
-91.7427
-285.066
-191.792
-29.7346
-1102.24
-1166.08
-1237.16
-1319.07
-1411.21
-1516.91
-1635.11
-1765.09
-1896.64
-2031.81
-2091.03
-1989.64
-1713.79
-1327.84
-855.74
-494.775
-173.357
46.9351
103.313
49.3055
-65.0795
-173.415
-344.231
-388.356
-488.325
-448.891
-473.635
-314.942
-129.002
-91.7241
-285.15
-191.842
-29.7371
-1104.62
-1168.36
-1239.14
-1320.98
-1413.07
-1518.77
-1637.1
-1767.31
-1899.34
-2036.05
-2096.18
-1994.13
-1716.96
-1330.2
-857.568
-496.549
-175.244
45.3649
102.11
48.4716
-65.574
-173.633
-344.298
-388.288
-488.246
-448.917
-473.692
-314.985
-128.941
-91.6962
-285.251
-191.902
-29.7419
-1107.55
-1171.08
-1241.52
-1323.27
-1415.28
-1520.98
-1639.47
-1770.04
-1902.69
-2041.35
-2102.65
-1999.82
-1720.96
-1333.2
-859.921
-498.771
-177.74
43.3797
100.588
47.3975
-66.2972
-173.992
-344.482
-388.236
-488.136
-448.956
-473.748
-315.034
-128.871
-91.6568
-285.372
-191.978
-29.7505
-1111.06
-1174.32
-1244.37
-1325.99
-1417.9
-1523.6
-1642.32
-1773.38
-1906.84
-2047.94
-2110.76
-2006.99
-1725.97
-1336.92
-862.781
-501.398
-180.986
40.8749
98.6837
46.0337
-67.2845
-174.564
-344.839
-388.225
-488.006
-448.989
-473.8
-315.092
-128.789
-91.6027
-285.514
-192.073
-29.7647
-1115.21
-1178.16
-1247.76
-1329.23
-1421.02
-1526.73
-1645.73
-1777.47
-1911.96
-2056.13
-2120.89
-2015.97
-1732.24
-1341.57
-866.242
-504.437
-185.081
37.733
96.3229
44.3176
-68.5679
-175.435
-345.406
-388.314
-487.87
-448.983
-473.849
-315.159
-128.692
-91.5301
-285.678
-192.198
-29.7863
-1120.09
-1182.67
-1251.79
-1333.07
-1424.7
-1530.46
-1649.81
-1782.46
-1918.26
-2066.26
-2133.5
-2027.21
-1740.05
-1347.44
-870.627
-508.04
-190.013
33.8475
93.4325
42.1701
-70.1904
-176.685
-346.216
-388.621
-487.774
-448.909
-473.903
-315.238
-128.579
-91.4333
-285.867
-192.364
-29.8172
-1125.78
-1187.91
-1256.54
-1337.58
-1429.04
-1534.87
-1654.67
-1788.55
-1925.95
-2078.71
-2149.17
-2041.22
-1749.8
-1354.73
-876.181
-512.483
-195.514
29.1341
89.9441
39.4939
-72.1918
-178.384
-347.372
-389.297
-487.774
-448.774
-473.97
-315.322
-128.445
-91.3065
-286.083
-192.582
-29.8577
-1132.33
-1193.97
-1262.1
-1342.85
-1434.12
-1540.07
-1660.45
-1795.93
-1935.3
-2093.96
-2168.56
-2058.64
-1761.89
-1363.8
-883.264
-518.201
-201.199
23.5876
85.8143
36.1812
-74.6235
-180.582
-349.067
-390.431
-487.9
-448.628
-474.032
-315.401
-128.288
-91.1397
-286.323
-192.863
-29.9159
-1139.78
-1200.87
-1268.51
-1348.93
-1440.03
-1546.17
-1667.27
-1804.82
-1946.57
-2112.5
-2192.46
-2080.17
-1776.83
-1374.98
-891.99
-525.607
-207.329
17.2537
81.0374
32.1601
-77.5341
-183.336
-351.488
-392.09
-488.296
-448.525
-474.058
-315.498
-128.125
-90.8957
-286.567
-193.261
-30.0443
-1147.46
-1208.02
-1275.21
-1355.3
-1446.25
-1552.65
-1674.56
-1814.58
-1958.96
-2133.11
-2219.34
-2104.48
-1793.65
-1387.92
-902.045
-534.583
-214.299
10.5865
76.0299
27.7506
-80.7673
-186.45
-354.541
-394.231
-489.222
-448.548
-474.019
-315.484
-127.827
-90.6402
-286.891
-193.607
-30.0537
-1154.87
-1214.93
-1281.72
-1361.47
-1452.33
-1559.04
-1681.81
-1824.55
-1971.67
-2154.43
-2247.46
-2130.1
-1811.2
-1401.75
-913.372
-544.642
-222.448
3.42693
70.8226
23.1325
-84.2014
-189.671
-357.992
-396.702
-490.66
-448.758
-473.984
-315.535
-127.495
-90.2734
-287.209
-194.093
-30.1773
-1162.17
-1221.72
-1288.16
-1367.59
-1458.39
-1565.49
-1689.15
-1834.87
-1984.92
-2176.83
-2277.42
-2157.61
-1829.88
-1416.5
-925.57
-555.459
-231.836
-4.5557
65.1053
18.0225
-88.0457
-193.155
-361.927
-399.584
-492.625
-449.169
-473.931
-315.565
-127.057
-89.8455
-287.55
-194.592
-30.3097
-1169.26
-1228.32
-1294.47
-1373.6
-1464.38
-1571.95
-1696.5
-1845.45
-1998.62
-2200.1
-2309.02
-2186.87
-1849.44
-1432.21
-938.451
-566.874
-242.099
-13.2292
58.9453
12.3928
-92.3262
-196.942
-366.302
-403.023
-495.162
-449.778
-473.876
-315.564
-126.512
-89.3485
-287.904
-195.099
-30.4619
-1176.12
-1234.71
-1300.59
-1379.44
-1470.24
-1578.36
-1703.78
-1856.15
-2012.64
-2223.99
-2342.03
-2217.8
-1869.74
-1448.75
-952.301
-579.178
-253.147
-22.5435
52.3488
6.23314
-97.0705
-201.07
-371.113
-407.183
-498.273
-450.556
-473.824
-315.495
-125.866
-88.7826
-288.267
-195.615
-30.6198
-1182.68
-1240.83
-1306.49
-1385.11
-1475.95
-1584.69
-1710.92
-1866.84
-2026.9
-2248.21
-2376.1
-2250.32
-1890.67
-1466.16
-967.063
-592.463
-265.015
-32.448
45.3079
-0.46824
-102.322
-205.57
-376.373
-412.108
-501.974
-451.628
-473.742
-315.309
-125.131
-88.1511
-288.637
-196.194
-30.7675
-1188.94
-1246.67
-1312.15
-1390.57
-1481.46
-1590.9
-1717.84
-1877.35
-2041.26
-2272.37
-2410.84
-2284.3
-1912
-1484.25
-982.733
-606.57
-277.63
-42.9632
37.8316
-7.72433
-108.124
-210.487
-382.091
-417.796
-506.318
-453.16
-473.56
-314.948
-124.315
-87.4539
-289.005
-196.928
-30.9296
-1194.88
-1252.23
-1317.55
-1395.81
-1486.74
-1596.93
-1724.45
-1887.48
-2055.66
-2296.11
-2445.73
-2319.62
-1933.53
-1502.77
-999.164
-621.421
-290.873
-54.2225
29.9192
-15.5471
-114.497
-215.885
-388.311
-424.268
-511.354
-455.087
-473.189
-314.344
-123.417
-86.6832
-289.341
-197.869
-31.1988
-1200.48
-1257.49
-1322.68
-1400.82
-1491.76
-1602.73
-1730.69
-1897.07
-2069.97
-2318.77
-2479.93
-2355.96
-1955.01
-1521.58
-1016.24
-636.88
-304.621
-66.474
21.4903
-23.9664
-121.455
-221.838
-395.118
-431.564
-517.127
-457.306
-472.485
-313.41
-122.425
-85.828
-289.6
-198.995
-31.6571
-1205.75
-1262.45
-1327.53
-1405.58
-1496.49
-1608.25
-1736.48
-1905.85
-2084.01
-2339.57
-2512.18
-2392.57
-1976.07
-1540.38
-1033.8
-652.805
-318.73
-79.911
12.3053
-33.0974
-129.024
-228.422
-402.619
-439.719
-523.791
-459.78
-471.337
-312.055
-121.322
-84.8815
-289.731
-200.23
-32.3077
-1210.61
-1267.1
-1332.1
-1410.09
-1500.89
-1613.41
-1741.77
-1913.63
-2097.56
-2357.04
-2539.98
-2427.6
-1996.14
-1558.87
-1051.6
-668.957
-333.027
-94.2874
2.10278
-43.1221
-137.258
-235.714
-410.919
-448.784
-531.606
-462.428
-469.747
-310.156
-120.087
-83.8474
-289.677
-201.483
-33.1196
-1215.18
-1271.5
-1336.37
-1414.31
-1504.93
-1618.12
-1746.48
-1920.17
-2109.97
-2369.4
-2560.8
-2457.65
-2014.41
-1576.81
-1069.52
-685.16
-347.38
-109.057
-9.07141
-54.1089
-146.212
-243.777
-420.126
-458.847
-540.727
-465.247
-467.578
-307.533
-118.706
-82.7404
-289.357
-202.68
-34.0895
-1219.16
-1275.45
-1340.31
-1418.25
-1508.62
-1622.33
-1750.54
-1925.16
-2120.5
-2375.25
-2571.4
-2481.4
-2029.91
-1593.99
-1087.49
-701.305
-361.661
-123.985
-21.0697
-66.0246
-155.969
-252.675
-430.37
-470.07
-551.215
-468.259
-464.583
-304.003
-117.168
-81.5968
-288.648
-203.748
-35.215
-1222.53
-1278.78
-1343.61
-1421.54
-1511.65
-1625.75
-1753.81
-1928.58
-2128.16
-2375.47
-2571.91
-2497.96
-2042.38
-1609.9
-1105.66
-717.349
-375.406
-138.728
-33.839
-78.8463
-166.604
-262.447
-441.78
-482.673
-563.142
-471.431
-460.61
-299.351
-115.427
-80.4833
-287.442
-204.526
-36.4481
-433.911
-377.463
-367.911
-378.64
-411.855
-503.271
-614.078
-674.43
-712.177
-744.181
-769.568
-786.383
-794.668
-795.769
-790.929
-781.464
-768.56
-753.184
-736.133
-718.128
-699.535
-680.561
-661.371
-642.036
-622.614
-603.155
-583.725
-564.408
-545.311
-526.561
-508.292
-490.641
-473.739
-457.707
-442.671
-428.767
-416.133
-404.901
-395.143
-386.94
-380.273
-375.042
-371.081
-367.788
-364.587
-360.183
-352.855
-341.932
-325.927
-308.222
-293.897
-287.126
-286.826
-290.824
-297.229
-304.606
-311.744
-318.053
-323.066
-326.528
-328.934
-328.628
-327.378
-324.685
-320.425
-322.907
-316.721
-320.836
-310.195
-317.511
-329.986
-343.115
-356.066
-368.823
-381.583
-394.628
-408.308
-423.015
-439.166
-457.131
-477.219
-499.682
-524.805
-552.896
-584.294
-619.204
-657.746
-699.716
-744.8
-792.245
-841.637
-892.311
-944.538
-997.939
-1053.35
-1110.2
-1169.56
-430.481
-369.412
-350.815
-360.229
-395.977
-493.28
-615.723
-682.988
-723.347
-757.231
-784.01
-801.798
-810.468
-811.492
-806.212
-796.052
-782.27
-765.943
-747.941
-729.053
-709.695
-690.078
-670.37
-650.628
-630.892
-611.193
-591.578
-572.11
-552.881
-534.004
-515.596
-497.782
-480.683
-464.411
-449.078
-434.817
-421.761
-410.037
-399.712
-390.857
-383.437
-377.336
-372.364
-367.925
-363.456
-357.768
-349.412
-337.912
-322.313
-305.703
-292.394
-286.01
-285.792
-289.71
-296.012
-303.242
-310.275
-316.516
-321.487
-325.052
-327.384
-327.261
-326.094
-323.274
-321.221
-321.787
-319.291
-318.369
-310.48
-318.487
-330.895
-343.933
-356.943
-369.893
-382.944
-396.344
-410.415
-425.527
-442.074
-460.402
-480.797
-503.482
-528.726
-556.822
-588.107
-622.794
-661.048
-702.728
-747.609
-794.96
-844.359
-895.053
-947.288
-1000.62
-1055.91
-1112.57
-1171.76
-427.226
-362.915
-336.01
-344.284
-382.416
-484.758
-616.878
-690.017
-732.983
-768.803
-796.999
-815.789
-824.931
-825.999
-820.41
-809.688
-795.156
-777.991
-759.138
-739.446
-719.386
-699.178
-678.99
-658.874
-638.852
-618.938
-599.16
-579.563
-560.222
-541.235
-522.705
-504.744
-487.46
-470.958
-455.342
-440.735
-427.266
-415.057
-404.168
-394.659
-386.484
-379.515
-373.547
-368.005
-362.358
-355.539
-346.375
-334.569
-319.586
-304.144
-291.886
-285.863
-285.565
-289.237
-295.282
-302.26
-309.096
-315.184
-320.058
-323.669
-325.892
-326.021
-324.847
-321.985
-321.936
-320.554
-321.077
-314.302
-309.984
-318.956
-331.439
-344.521
-357.698
-370.919
-384.317
-398.116
-412.617
-428.165
-445.13
-463.838
-484.547
-507.462
-532.828
-560.922
-592.071
-626.489
-664.382
-705.682
-750.269
-797.454
-846.82
-897.52
-949.76
-1003.01
-1058.18
-1114.62
-1173.61
-423.165
-357.49
-323.275
-330.638
-370.99
-477.56
-617.476
-695.54
-741.125
-778.91
-808.529
-828.34
-838.029
-839.252
-833.483
-822.333
-807.177
-789.291
-769.688
-749.274
-728.578
-707.83
-687.207
-666.752
-646.477
-626.377
-606.462
-586.761
-567.334
-548.264
-529.635
-511.546
-494.095
-477.377
-461.491
-446.551
-432.681
-419.994
-408.544
-398.383
-389.454
-381.622
-374.675
-368.069
-361.322
-353.496
-343.687
-331.753
-317.508
-303.29
-292.117
-286.532
-286.135
-289.487
-295.142
-301.751
-308.281
-314.139
-318.863
-322.448
-324.499
-324.854
-323.645
-320.864
-322.466
-319.271
-321.538
-308.701
-308.724
-318.891
-331.586
-344.852
-358.307
-371.879
-385.682
-399.927
-414.895
-430.91
-448.319
-467.422
-488.458
-511.611
-537.106
-565.193
-596.185
-630.286
-667.74
-708.558
-752.744
-799.673
-848.948
-899.632
-951.875
-1005.05
-1060.08
-1116.27
-1175.01
-418.344
-352.746
-312.302
-318.998
-361.381
-471.411
-617.438
-699.649
-747.896
-787.658
-818.696
-839.533
-849.833
-851.312
-845.48
-834.024
-818.365
-799.865
-779.605
-758.546
-737.274
-716.037
-695.02
-674.264
-653.766
-633.509
-613.487
-593.71
-574.224
-555.097
-536.396
-518.202
-500.604
-483.688
-467.546
-452.281
-438.016
-424.857
-412.85
-402.038
-392.357
-383.671
-375.766
-368.143
-360.376
-351.662
-341.346
-329.411
-315.952
-302.958
-292.859
-287.761
-287.315
-290.334
-295.535
-301.686
-307.831
-313.395
-317.916
-321.393
-323.256
-323.794
-322.595
-319.964
-322.504
-317.997
-320.546
-302.2
-306.945
-318.329
-331.321
-344.909
-358.75
-372.75
-387.017
-401.754
-417.228
-433.742
-451.618
-471.135
-492.514
-515.917
-541.551
-569.635
-600.455
-634.199
-671.142
-711.37
-755.03
-801.591
-850.693
-901.319
-953.544
-1006.64
-1061.52
-1117.41
-1175.85
-412.744
-348.372
-302.945
-309.28
-353.488
-466.175
-616.643
-702.299
-753.271
-795
-827.429
-849.282
-860.244
-862.066
-856.286
-844.644
-828.602
-809.6
-788.781
-767.156
-745.373
-723.701
-702.336
-681.317
-660.633
-640.253
-620.155
-600.333
-580.819
-561.666
-542.92
-524.651
-506.934
-489.841
-473.461
-457.89
-443.244
-429.618
-417.058
-405.603
-395.18
-385.658
-376.829
-368.247
-359.548
-350.068
-339.369
-327.535
-314.873
-303.067
-293.988
-289.373
-288.914
-291.608
-296.337
-301.993
-307.714
-312.935
-317.209
-320.513
-322.209
-322.871
-321.753
-319.394
-321.795
-316.694
-318.411
-296.532
-305.171
-317.364
-330.649
-344.683
-359.009
-373.511
-388.299
-403.574
-419.59
-436.632
-454.999
-474.948
-496.685
-520.356
-546.145
-574.236
-604.884
-638.247
-674.614
-714.142
-757.128
-803.169
-851.98
-902.482
-954.663
-1007.67
-1062.38
-1117.95
-1176.03
-406.381
-344.051
-295.052
-301.364
-347.191
-461.707
-614.966
-703.435
-757.204
-800.87
-834.644
-857.486
-869.144
-871.386
-865.762
-854.05
-837.747
-818.355
-797.079
-774.976
-752.752
-730.704
-709.04
-687.801
-666.97
-646.505
-626.367
-606.535
-587.025
-567.879
-549.127
-530.817
-513.012
-495.77
-479.175
-463.323
-448.316
-434.242
-421.145
-409.055
-397.907
-387.577
-377.873
-368.402
-358.87
-348.747
-337.783
-326.131
-314.252
-303.556
-295.447
-291.277
-290.813
-293.199
-297.461
-302.614
-307.888
-312.73
-316.729
-319.818
-321.386
-322.125
-321.112
-319.231
-320.357
-315.512
-315.536
-294.104
-303.761
-316.038
-329.58
-344.168
-359.066
-374.137
-389.501
-405.358
-421.953
-439.551
-458.431
-478.829
-500.94
-524.894
-550.855
-578.973
-609.461
-642.438
-678.185
-716.911
-759.065
-804.412
-852.768
-903.034
-955.102
-1008
-1062.51
-1117.74
-1175.39
-399.284
-339.505
-288.548
-295.076
-342.336
-457.828
-612.262
-702.994
-759.62
-805.179
-840.241
-864.032
-876.406
-879.129
-873.756
-862.085
-845.64
-825.975
-804.346
-781.856
-759.267
-736.908
-715
-693.589
-672.654
-652.142
-632.004
-612.202
-592.733
-573.63
-554.915
-536.607
-518.747
-501.392
-484.621
-468.516
-453.172
-438.676
-425.069
-412.374
-400.53
-389.43
-378.905
-368.629
-358.373
-347.734
-336.612
-325.213
-314.082
-304.392
-297.201
-293.438
-292.961
-295.051
-298.855
-303.507
-308.321
-312.766
-316.474
-319.326
-320.801
-321.583
-320.666
-319.261
-318.824
-314.509
-312.812
-296.218
-302.415
-314.295
-328.167
-343.395
-358.929
-374.624
-390.611
-407.088
-424.291
-442.468
-461.878
-482.738
-505.233
-529.485
-555.639
-583.809
-614.168
-646.783
-681.899
-719.742
-760.893
-805.318
-852.998
-902.868
-954.729
-1007.47
-1061.77
-1116.62
-1173.78
-391.487
-334.559
-283.498
-290.218
-338.757
-454.33
-608.365
-700.892
-760.414
-807.799
-844.086
-868.782
-881.881
-885.134
-880.097
-868.571
-852.104
-832.286
-810.417
-787.636
-764.765
-742.166
-720.074
-698.543
-677.55
-657.034
-636.935
-617.201
-597.812
-578.79
-560.155
-541.898
-524.032
-506.608
-489.707
-473.392
-457.751
-442.869
-428.781
-415.519
-403.028
-391.218
-379.946
-368.956
-358.086
-347.057
-335.881
-324.793
-314.366
-305.57
-299.202
-295.841
-295.34
-297.137
-300.495
-304.653
-309.004
-313.043
-316.45
-319.06
-320.465
-321.246
-320.446
-319.289
-318.112
-313.811
-311.314
-301.13
-300.175
-312.048
-326.478
-342.369
-358.583
-374.952
-391.604
-408.734
-426.57
-445.346
-465.303
-486.639
-509.529
-534.084
-560.438
-588.679
-618.946
-651.251
-685.77
-722.699
-762.706
-805.983
-852.714
-901.938
-953.398
-1005.89
-1059.92
-1114.35
-1170.97
-383.058
-329.212
-280.084
-286.632
-336.277
-450.976
-603.09
-696.997
-759.446
-808.569
-846.012
-871.565
-885.39
-889.213
-884.59
-873.31
-856.938
-837.09
-815.105
-792.141
-769.078
-746.319
-724.109
-702.514
-681.513
-661.039
-641.02
-621.398
-602.127
-583.225
-564.713
-546.555
-528.734
-511.292
-494.309
-477.842
-461.967
-446.758
-432.245
-418.461
-405.377
-392.925
-381
-369.407
-358.046
-346.746
-335.606
-324.878
-315.11
-307.09
-301.423
-298.441
-297.939
-299.452
-302.373
-306.048
-309.937
-313.573
-316.674
-319.046
-320.389
-321.126
-320.49
-319.409
-318.205
-313.776
-310.839
-305.537
-297.7
-309.662
-324.717
-341.183
-358.081
-375.144
-392.485
-410.29
-428.775
-448.161
-468.668
-490.481
-513.765
-538.627
-565.186
-593.513
-623.725
-655.792
-689.809
-725.866
-764.625
-806.482
-851.913
-900.182
-951.012
-1003.09
-1056.76
-1110.73
-1166.72
-374.11
-323.724
-278.57
-284.335
-334.737
-447.487
-596.236
-691.138
-756.494
-807.277
-845.806
-872.171
-886.72
-891.148
-887.013
-876.077
-859.919
-840.172
-818.204
-795.176
-772.022
-749.193
-726.94
-705.345
-684.39
-664.005
-644.114
-624.648
-605.542
-586.796
-568.447
-550.439
-532.723
-515.326
-498.314
-481.747
-465.696
-450.234
-435.383
-421.169
-407.576
-394.558
-382.068
-369.985
-358.261
-346.82
-335.805
-325.47
-316.315
-308.961
-303.868
-301.197
-300.716
-301.986
-304.497
-307.7
-311.134
-314.375
-317.17
-319.311
-320.591
-321.262
-320.796
-319.793
-318.495
-314.798
-311.204
-308.033
-298.511
-308.123
-323.139
-339.889
-357.412
-375.188
-393.24
-411.733
-430.874
-450.871
-471.932
-494.228
-517.908
-543.07
-569.823
-598.222
-628.381
-660.26
-693.886
-729.215
-766.783
-807.086
-850.872
-897.721
-947.476
-998.847
-1051.99
-1105.44
-1160.72
-364.816
-318.659
-279.21
-283.767
-334.09
-443.605
-587.558
-683.079
-751.253
-803.641
-843.181
-870.333
-885.617
-890.69
-887.12
-876.63
-860.809
-841.301
-819.5
-796.547
-773.422
-750.627
-728.418
-706.893
-686.042
-665.799
-646.083
-626.819
-607.92
-589.368
-571.214
-553.415
-535.88
-518.599
-501.623
-485.027
-468.871
-453.218
-438.103
-423.56
-409.583
-396.129
-383.185
-370.703
-358.716
-347.24
-336.433
-326.533
-317.956
-311.175
-306.533
-304.096
-303.612
-304.68
-306.842
-309.62
-312.616
-315.472
-317.966
-319.888
-321.098
-321.709
-321.39
-320.522
-319.131
-316.363
-312.497
-309.907
-303.442
-307.811
-322.002
-338.762
-356.75
-375.171
-393.904
-413.074
-432.867
-453.469
-475.07
-497.824
-521.878
-547.324
-574.264
-602.732
-632.825
-664.538
-697.881
-732.673
-769.206
-807.878
-849.685
-894.686
-942.947
-993.209
-1045.46
-1098.16
-1152.62
-355.563
-314.685
-282.064
-285.963
-334.589
-439.215
-576.911
-672.477
-743.234
-797.286
-837.761
-865.657
-881.682
-887.454
-884.546
-874.62
-859.278
-840.168
-818.71
-796.006
-773.056
-750.421
-728.361
-706.988
-686.306
-666.256
-646.76
-627.737
-609.091
-590.774
-572.844
-555.296
-538.004
-520.909
-504.059
-487.53
-471.366
-455.612
-440.329
-425.56
-411.307
-397.559
-384.323
-371.603
-359.47
-348.024
-337.47
-328.02
-320.008
-313.753
-309.473
-307.178
-306.643
-307.507
-309.357
-311.78
-314.403
-316.907
-319.101
-320.815
-321.947
-322.518
-322.336
-321.631
-320.323
-318.177
-315.01
-312.246
-309.554
-309.916
-321.663
-337.909
-356.085
-375.078
-394.479
-414.308
-434.723
-455.902
-478.025
-501.235
-525.656
-551.366
-578.459
-606.961
-636.949
-668.427
-701.461
-735.868
-771.741
-809.185
-849.009
-891.576
-937.504
-986.008
-1036.99
-1088.73
-1142.11
-346.951
-312.306
-287.13
-292.188
-337.442
-434.504
-564.181
-658.816
-731.489
-787.316
-828.708
-857.325
-874.085
-880.577
-878.397
-869.166
-854.499
-836.017
-815.159
-792.96
-770.403
-748.111
-726.344
-705.229
-684.789
-664.98
-645.737
-626.98
-608.616
-590.568
-572.874
-555.584
-538.588
-521.772
-505.159
-488.814
-472.773
-457.088
-441.826
-427.016
-412.688
-398.879
-385.608
-372.9
-360.833
-349.577
-339.371
-330.411
-322.958
-317.196
-313.231
-311.014
-310.335
-310.91
-312.4
-314.449
-316.718
-318.919
-320.848
-322.35
-323.37
-323.908
-323.865
-323.362
-322.33
-320.759
-318.77
-316.342
-315.24
-315.674
-323.658
-338.388
-356.061
-375.217
-395.106
-415.544
-436.591
-458.365
-481.003
-504.632
-529.377
-555.319
-582.544
-611.07
-640.949
-672.173
-704.826
-738.768
-773.996
-810.426
-848.641
-888.957
-932.068
-977.662
-1026.04
-1075.87
-1127.69
-339.655
-312.075
-294.548
-302.851
-344.454
-430.904
-549.71
-642.065
-715.381
-772.564
-815.104
-844.519
-862.089
-869.411
-868.097
-859.731
-845.941
-828.324
-808.337
-786.972
-765.11
-743.409
-722.13
-701.413
-681.311
-661.805
-642.848
-624.377
-606.307
-588.554
-571.114
-554.066
-537.38
-520.919
-504.649
-488.618
-472.863
-457.43
-442.377
-427.745
-413.6
-399.993
-386.96
-374.56
-362.883
-352.034
-342.236
-333.747
-326.795
-321.478
-317.782
-315.602
-314.736
-314.974
-316.057
-317.697
-319.593
-321.486
-323.205
-324.605
-325.576
-326.101
-326.208
-325.965
-325.371
-324.46
-323.494
-322.61
-322.41
-324.011
-329.49
-341.438
-357.473
-375.949
-395.97
-416.855
-438.405
-460.678
-483.794
-507.848
-532.922
-559.067
-586.349
-614.795
-644.457
-675.314
-707.447
-740.809
-775.453
-811.19
-848.198
-886.553
-926.92
-969.224
-1013.89
-1060.28
-1108.78
-334.284
-314.821
-304.525
-317.045
-356.592
-431.325
-535.771
-623.27
-695.415
-752.614
-796.022
-826.512
-845.137
-853.566
-853.399
-846.176
-833.572
-817.17
-798.369
-778.157
-757.332
-736.5
-715.942
-695.818
-676.204
-657.106
-638.498
-620.343
-602.578
-585.139
-567.981
-551.169
-534.77
-518.687
-502.83
-487.214
-471.867
-456.825
-442.14
-427.863
-414.059
-400.791
-388.139
-376.206
-365.094
-354.846
-345.6
-337.55
-330.928
-325.879
-322.358
-320.197
-319.188
-319.165
-319.923
-321.233
-322.822
-324.46
-326.005
-327.355
-328.434
-329.142
-329.478
-329.573
-329.518
-329.406
-329.422
-329.841
-331.007
-333.617
-338.343
-347.257
-361.312
-378.274
-397.327
-418.093
-440.016
-462.757
-486.25
-510.563
-535.806
-562.048
-589.344
-617.705
-647.154
-677.656
-709.234
-741.847
-775.594
-810.395
-846.337
-883.253
-921.346
-960.671
-1001.66
-1044.17
-1088.16
-331.541
-320.915
-317.469
-333.702
-372.875
-437.384
-525.711
-605.022
-673.315
-728.765
-771.628
-802.505
-822.144
-831.939
-833.292
-827.703
-816.85
-802.244
-785.116
-766.462
-747.023
-727.335
-707.747
-688.44
-669.504
-650.957
-632.803
-615.033
-597.6
-580.47
-563.611
-547.039
-530.864
-515.105
-499.672
-484.527
-469.677
-455.149
-440.984
-427.233
-413.956
-401.223
-389.122
-377.761
-367.246
-357.691
-349.198
-341.831
-335.648
-330.754
-327.239
-324.998
-323.813
-323.526
-324.01
-325.077
-326.442
-327.889
-329.337
-330.721
-331.962
-332.996
-333.771
-334.327
-334.848
-335.561
-336.63
-338.287
-340.831
-344.581
-350.026
-357.359
-367.969
-383.111
-401.041
-420.62
-441.775
-464.342
-488.044
-512.659
-538.101
-564.362
-591.492
-619.533
-648.536
-678.505
-709.459
-741.342
-774.178
-807.912
-842.606
-878.162
-914.591
-951.684
-989.478
-1027.87
-1066.93
-332.167
-330.108
-333.399
-352.508
-390.897
-447.977
-521.151
-590.058
-651.703
-703.445
-744.259
-774.312
-794.287
-805.142
-808.073
-804.481
-795.824
-783.437
-768.47
-751.866
-734.214
-716.016
-697.682
-679.424
-661.353
-643.529
-625.976
-608.689
-591.655
-574.876
-558.357
-542.097
-526.135
-510.564
-495.444
-480.729
-466.393
-452.446
-438.908
-425.818
-413.222
-401.187
-389.798
-379.153
-369.34
-360.47
-352.638
-345.927
-340.338
-335.852
-332.507
-330.25
-328.948
-328.458
-328.657
-329.364
-330.411
-331.687
-333.111
-334.617
-336.13
-337.576
-338.942
-340.24
-341.517
-343.02
-345.071
-347.86
-351.607
-356.519
-362.769
-370.6
-380.088
-391.714
-406.819
-425.224
-445.466
-466.998
-489.826
-513.884
-539.058
-565.216
-592.251
-620.085
-648.686
-678.034
-708.147
-739.016
-770.663
-803.047
-836.186
-870.02
-904.542
-939.621
-975.149
-1010.89
-1046.66
-336.686
-342.111
-351.457
-373.138
-409.399
-459.834
-520.667
-579.235
-632.834
-678.854
-716.125
-744.388
-763.933
-775.411
-779.75
-778.119
-771.717
-761.665
-749.006
-734.578
-718.935
-702.533
-685.733
-668.767
-651.772
-634.847
-618.048
-601.403
-584.946
-568.683
-552.599
-536.732
-521.116
-505.803
-490.891
-476.43
-462.463
-449.001
-436.055
-423.668
-411.854
-400.642
-390.088
-380.268
-371.26
-363.142
-355.972
-349.806
-344.689
-340.63
-337.581
-335.486
-334.285
-333.809
-333.862
-334.319
-335.148
-336.301
-337.706
-339.334
-341.138
-343.023
-344.954
-346.975
-349.156
-351.606
-354.64
-358.504
-363.313
-369.231
-376.386
-384.823
-394.628
-405.878
-418.708
-433.529
-451.058
-471.176
-493.023
-516.033
-540.108
-565.241
-591.363
-618.401
-646.279
-674.927
-704.273
-734.253
-764.807
-795.895
-827.456
-859.471
-891.846
-924.594
-957.532
-990.75
-1023.89
-345.21
-356.395
-370.56
-394.205
-428.027
-471.374
-521.773
-570.916
-616.449
-656.246
-689.117
-714.624
-732.881
-744.305
-749.58
-749.591
-745.28
-737.546
-727.215
-714.972
-701.367
-686.828
-671.681
-656.168
-640.451
-624.641
-608.819
-593.038
-577.351
-561.788
-546.351
-531.088
-516.061
-501.294
-486.802
-472.653
-458.944
-445.78
-433.247
-421.37
-410.172
-399.69
-389.949
-380.986
-372.844
-365.553
-359.131
-353.605
-348.991
-345.282
-342.451
-340.509
-339.41
-338.964
-338.992
-339.444
-340.347
-341.666
-343.308
-345.205
-347.329
-349.621
-352.054
-354.688
-357.658
-361.071
-365.012
-369.79
-375.577
-382.41
-390.337
-399.421
-409.684
-421.128
-433.796
-447.719
-463.01
-479.886
-498.64
-519.375
-541.858
-565.632
-590.372
-615.973
-642.366
-669.508
-697.335
-725.795
-754.791
-784.283
-814.145
-844.368
-874.744
-905.327
-935.758
-966.259
-996.212
-357.321
-372.329
-389.55
-413.688
-445.072
-482.098
-523.126
-563.739
-601.567
-635.079
-663.201
-685.5
-701.952
-712.793
-718.495
-719.692
-717.081
-711.346
-703.132
-693.005
-681.428
-668.781
-655.372
-641.437
-627.15
-612.641
-598.007
-583.321
-568.64
-554.006
-539.447
-525.012
-510.774
-496.764
-483.022
-469.613
-456.579
-443.98
-431.859
-420.3
-409.48
-399.486
-390.313
-381.957
-374.457
-367.84
-362.093
-357.201
-353.146
-349.91
-347.465
-345.778
-344.781
-344.369
-344.457
-345.011
-346.055
-347.583
-349.487
-351.648
-354.067
-356.816
-359.922
-363.394
-367.253
-371.535
-376.288
-381.783
-388.236
-395.69
-404.193
-413.758
-424.387
-436.092
-448.847
-462.62
-477.413
-493.25
-510.172
-528.27
-547.632
-568.32
-590.329
-613.543
-637.777
-662.872
-688.66
-715.028
-741.836
-769.064
-796.544
-824.304
-852.071
-879.992
-907.602
-935.319
-962.278
-372.169
-389.133
-407.52
-430.533
-458.555
-490.026
-523.327
-556.258
-587.046
-614.548
-637.979
-656.912
-671.247
-681.106
-686.793
-688.733
-687.411
-683.33
-676.972
-668.781
-659.141
-648.383
-636.774
-624.528
-611.816
-598.773
-585.504
-572.097
-558.621
-545.134
-531.686
-518.33
-505.117
-492.085
-479.279
-466.787
-454.676
-442.976
-431.731
-421.025
-410.959
-401.552
-392.833
-384.858
-377.721
-371.494
-366.144
-361.648
-357.974
-355.08
-352.922
-351.451
-350.613
-350.35
-350.614
-351.37
-352.594
-354.247
-356.278
-358.656
-361.403
-364.598
-368.296
-372.481
-377.128
-382.266
-387.968
-394.28
-401.316
-409.177
-417.93
-427.614
-438.281
-449.948
-462.565
-476.109
-490.586
-505.954
-522.152
-539.147
-556.939
-575.536
-594.953
-615.2
-636.259
-658.1
-680.639
-703.806
-727.467
-751.556
-775.897
-800.468
-825.021
-849.58
-873.752
-897.768
-920.893
-388.396
-405.681
-423.653
-444.338
-468.249
-494.179
-520.848
-547.01
-571.599
-593.706
-612.739
-628.376
-640.498
-649.145
-654.492
-656.809
-656.423
-653.684
-648.939
-642.519
-634.721
-625.807
-616.002
-605.497
-594.45
-582.994
-571.239
-559.277
-547.187
-535.037
-522.887
-510.795
-498.816
-487
-475.4
-464.069
-453.053
-442.397
-432.191
-422.515
-413.383
-404.823
-396.909
-389.695
-383.195
-377.449
-372.51
-368.361
-364.968
-362.304
-360.322
-358.981
-358.236
-358.055
-358.418
-359.296
-360.657
-362.471
-364.716
-367.381
-370.478
-374.023
-378.04
-382.557
-387.612
-393.251
-399.51
-406.379
-413.904
-422.127
-431.064
-440.776
-451.33
-462.696
-474.825
-487.754
-501.525
-516.097
-531.404
-547.414
-564.101
-581.416
-599.302
-617.711
-636.601
-655.948
-675.712
-695.85
-716.287
-736.971
-757.75
-778.549
-799.177
-819.606
-839.545
-859.063
-877.541
-404.096
-420.476
-436.827
-454.494
-474.081
-494.715
-515.554
-535.836
-554.9
-572.158
-587.18
-599.717
-609.646
-616.962
-621.75
-624.167
-624.416
-622.725
-619.33
-614.463
-608.345
-601.177
-593.139
-584.391
-575.071
-565.301
-555.186
-544.817
-534.275
-523.632
-512.953
-502.299
-491.729
-481.294
-471.049
-461.045
-451.332
-441.96
-432.975
-424.421
-416.331
-408.785
-401.832
-395.482
-389.719
-384.587
-380.115
-376.316
-373.197
-370.747
-368.966
-367.794
-367.214
-367.191
-367.696
-368.702
-370.191
-372.146
-374.556
-377.414
-380.719
-384.482
-388.714
-393.434
-398.668
-404.443
-410.786
-417.724
-425.298
-433.548
-442.502
-452.155
-462.455
-473.362
-484.922
-497.192
-510.149
-523.708
-537.812
-552.466
-567.677
-583.412
-599.613
-616.21
-633.155
-650.405
-667.892
-685.555
-703.319
-721.138
-738.92
-756.613
-774.003
-791.13
-807.65
-823.79
-838.778
-417.571
-432.08
-446.036
-460.434
-475.883
-491.769
-507.551
-522.797
-537.117
-550.144
-561.589
-571.269
-579.084
-585.003
-589.056
-591.324
-591.919
-590.981
-588.66
-585.108
-580.479
-574.918
-568.561
-561.533
-553.948
-545.909
-537.51
-528.836
-519.962
-510.959
-501.891
-492.818
-483.797
-474.881
-466.12
-457.563
-449.256
-441.243
-433.566
-426.268
-419.382
-412.94
-406.964
-401.494
-396.584
-392.239
-388.423
-385.137
-382.406
-380.228
-378.606
-377.542
-377.007
-376.998
-377.513
-378.532
-380.047
-382.04
-384.5
-387.422
-390.806
-394.661
-398.992
-403.81
-409.126
-414.954
-421.305
-428.19
-435.618
-443.601
-452.147
-461.262
-470.939
-481.198
-492.069
-503.499
-515.394
-527.717
-540.514
-553.804
-567.526
-581.568
-595.874
-610.433
-625.232
-640.239
-655.39
-670.621
-685.845
-701.007
-715.999
-730.785
-745.127
-759.093
-772.314
-785.134
-796.669
-427.215
-439.245
-450.495
-461.716
-473.445
-485.258
-496.831
-507.94
-518.346
-527.826
-536.213
-543.387
-549.27
-553.827
-557.062
-559.006
-559.717
-559.271
-557.755
-555.265
-551.898
-547.755
-542.929
-537.515
-531.599
-525.263
-518.584
-511.632
-504.476
-497.176
-489.792
-482.379
-474.989
-467.67
-460.469
-453.429
-446.591
-439.994
-433.675
-427.666
-421.999
-416.702
-411.801
-407.308
-403.258
-399.65
-396.526
-393.881
-391.699
-389.981
-388.706
-387.93
-387.603
-387.723
-388.299
-389.322
-390.794
-392.694
-395.05
-397.857
-401.122
-404.857
-409.054
-413.715
-418.839
-424.431
-430.496
-437.034
-444.049
-451.546
-459.525
-467.977
-476.889
-486.246
-496.045
-506.256
-516.855
-527.851
-539.272
-551.049
-563.043
-575.223
-587.6
-600.158
-612.851
-625.627
-638.41
-651.165
-663.848
-676.424
-688.752
-700.793
-712.353
-723.564
-734.048
-744.176
-753.035
-432.268
-441.629
-450.203
-458.561
-467.119
-475.605
-483.821
-491.641
-498.939
-505.593
-511.507
-516.605
-520.837
-524.174
-526.606
-528.145
-528.815
-528.654
-527.71
-526.038
-523.697
-520.75
-517.259
-513.289
-508.901
-504.154
-499.108
-493.817
-488.336
-482.714
-477.001
-471.242
-465.482
-459.761
-454.119
-448.594
-443.22
-438.029
-433.053
-428.32
-423.854
-419.681
-415.818
-412.283
-409.096
-406.27
-403.821
-401.759
-400.087
-398.804
-397.921
-397.444
-397.368
-397.685
-398.384
-399.468
-400.955
-402.843
-405.135
-407.832
-410.935
-414.448
-418.363
-422.67
-427.356
-432.446
-437.941
-443.836
-450.133
-456.83
-463.919
-471.379
-479.194
-487.377
-495.918
-504.801
-514
-523.497
-533.248
-543.182
-553.288
-563.59
-574.046
-584.609
-595.23
-605.852
-616.45
-627.014
-637.431
-647.617
-657.486
-667.063
-676.197
-684.947
-692.984
-700.58
-707.085
-431.977
-438.858
-445.088
-451.077
-457.106
-462.999
-468.646
-473.989
-478.959
-483.492
-487.534
-491.041
-493.982
-496.338
-498.098
-499.264
-499.844
-499.857
-499.327
-498.284
-496.76
-494.792
-492.42
-489.681
-486.619
-483.273
-479.684
-475.892
-471.937
-467.857
-463.688
-459.468
-455.23
-451.007
-446.831
-442.733
-438.74
-434.879
-431.176
-427.654
-424.335
-421.238
-418.383
-415.784
-413.456
-411.412
-409.657
-408.205
-407.069
-406.255
-405.766
-405.585
-405.741
-406.234
-407.059
-408.224
-409.721
-411.567
-413.731
-416.221
-419.036
-422.159
-425.597
-429.348
-433.426
-437.838
-442.569
-447.62
-452.995
-458.685
-464.681
-470.974
-477.577
-484.487
-491.674
-499.112
-506.765
-514.608
-522.611
-530.758
-539.048
-547.448
-555.944
-564.497
-573.062
-581.614
-590.138
-598.558
-606.779
-614.751
-622.453
-629.846
-636.872
-643.501
-649.667
-655.379
-660.421
-427.641
-432.392
-436.661
-440.738
-444.794
-448.718
-452.455
-455.976
-459.247
-462.233
-464.906
-467.242
-469.225
-470.84
-472.08
-472.944
-473.433
-473.557
-473.325
-472.752
-471.857
-470.66
-469.182
-467.448
-465.483
-463.312
-460.962
-458.458
-455.828
-453.098
-450.294
-447.441
-444.564
-441.687
-438.834
-436.027
-433.287
-430.635
-428.091
-425.673
-423.397
-421.281
-419.339
-417.585
-416.03
-414.684
-413.555
-412.652
-411.981
-411.552
-411.366
-411.426
-411.745
-412.323
-413.16
-414.263
-415.613
-417.222
-419.088
-421.214
-423.598
-426.24
-429.151
-432.337
-435.808
-439.54
-443.53
-447.78
-452.281
-457.025
-462.003
-467.214
-472.649
-478.284
-484.098
-490.075
-496.205
-502.482
-508.891
-515.404
-522
-528.659
-535.357
-542.066
-548.766
-555.423
-562.01
-568.474
-574.794
-580.922
-586.86
-592.536
-597.977
-603.067
-607.887
-612.245
-616.258
-418.588
-421.733
-424.594
-427.333
-430.029
-432.62
-435.08
-437.398
-439.554
-441.531
-443.316
-444.896
-446.261
-447.405
-448.322
-449.011
-449.473
-449.709
-449.726
-449.529
-449.128
-448.534
-447.758
-446.813
-445.713
-444.473
-443.108
-441.634
-440.069
-438.427
-436.727
-434.983
-433.214
-431.435
-429.662
-427.91
-426.195
-424.531
-422.933
-421.413
-419.984
-418.659
-417.447
-416.361
-415.411
-414.605
-413.954
-413.465
-413.146
-413.003
-413.043
-413.27
-413.688
-414.303
-415.117
-416.131
-417.349
-418.77
-420.396
-422.228
-424.264
-426.507
-428.955
-431.602
-434.446
-437.484
-440.713
-444.131
-447.733
-451.514
-455.466
-459.583
-463.856
-468.277
-472.833
-477.513
-482.301
-487.183
-492.144
-497.168
-502.24
-507.343
-512.46
-517.571
-522.659
-527.7
-532.68
-537.569
-542.354
-546.995
-551.495
-555.795
-559.929
-563.801
-567.505
-570.864
-574.041
-408.635
-410.601
-412.475
-414.292
-416.059
-417.755
-419.37
-420.895
-422.321
-423.639
-424.843
-425.926
-426.882
-427.707
-428.398
-428.953
-429.373
-429.658
-429.809
-429.83
-429.726
-429.501
-429.161
-428.714
-428.168
-427.531
-426.811
-426.019
-425.164
-424.256
-423.306
-422.325
-421.323
-420.31
-419.298
-418.297
-417.318
-416.37
-415.463
-414.607
-413.812
-413.086
-412.437
-411.874
-411.404
-411.035
-410.772
-410.621
-410.589
-410.68
-410.9
-411.251
-411.737
-412.363
-413.13
-414.04
-415.096
-416.297
-417.647
-419.144
-420.79
-422.584
-424.525
-426.614
-428.848
-431.226
-433.743
-436.397
-439.184
-442.098
-445.135
-448.288
-451.55
-454.914
-458.371
-461.912
-465.528
-469.209
-472.945
-476.725
-480.537
-484.37
-488.209
-492.043
-495.857
-499.637
-503.37
-507.037
-510.629
-514.124
-517.52
-520.786
-523.935
-526.92
-529.779
-532.43
-534.923
-399.042
-400.308
-401.579
-402.826
-404.031
-405.192
-406.304
-407.361
-408.357
-409.288
-410.149
-410.935
-411.645
-412.275
-412.823
-413.288
-413.67
-413.969
-414.185
-414.32
-414.377
-414.358
-414.267
-414.107
-413.883
-413.601
-413.264
-412.879
-412.452
-411.989
-411.496
-410.98
-410.447
-409.906
-409.362
-408.823
-408.295
-407.786
-407.301
-406.848
-406.432
-406.061
-405.74
-405.475
-405.271
-405.134
-405.067
-405.077
-405.167
-405.342
-405.604
-405.958
-406.407
-406.953
-407.598
-408.345
-409.194
-410.148
-411.206
-412.371
-413.64
-415.015
-416.495
-418.078
-419.763
-421.549
-423.432
-425.41
-427.481
-429.639
-431.882
-434.205
-436.602
-439.069
-441.599
-444.185
-446.822
-449.502
-452.217
-454.959
-457.72
-460.491
-463.264
-466.029
-468.777
-471.499
-474.185
-476.827
-479.413
-481.938
-484.387
-486.759
-489.039
-491.226
-493.306
-495.28
-497.098
-390.244
-391.094
-391.974
-392.843
-393.68
-394.49
-395.269
-396.013
-396.719
-397.384
-398.004
-398.579
-399.105
-399.582
-400.007
-400.381
-400.702
-400.971
-401.188
-401.353
-401.468
-401.535
-401.555
-401.532
-401.469
-401.368
-401.232
-401.066
-400.871
-400.654
-400.415
-400.158
-399.889
-399.611
-399.329
-399.049
-398.775
-398.512
-398.264
-398.035
-397.828
-397.65
-397.502
-397.392
-397.321
-397.292
-397.309
-397.376
-397.494
-397.668
-397.899
-398.191
-398.545
-398.963
-399.448
-400
-400.62
-401.31
-402.069
-402.899
-403.799
-404.768
-405.807
-406.916
-408.093
-409.336
-410.645
-412.017
-413.449
-414.939
-416.484
-418.08
-419.725
-421.412
-423.138
-424.9
-426.694
-428.513
-430.354
-432.211
-434.079
-435.952
-437.825
-439.694
-441.548
-443.386
-445.198
-446.985
-448.731
-450.446
-452.102
-453.728
-455.273
-456.796
-458.205
-459.621
-460.842
-381.513
-382.095
-382.727
-383.358
-383.96
-384.543
-385.107
-385.647
-386.16
-386.646
-387.103
-387.531
-387.927
-388.291
-388.622
-388.92
-389.183
-389.412
-389.606
-389.767
-389.895
-389.994
-390.064
-390.108
-390.128
-390.124
-390.094
-390.04
-389.963
-389.866
-389.751
-389.617
-389.471
-389.312
-389.156
-389
-388.845
-388.696
-388.551
-388.411
-388.283
-388.169
-388.073
-388
-387.948
-387.923
-387.916
-387.935
-387.983
-388.062
-388.174
-388.321
-388.503
-388.723
-388.982
-389.28
-389.618
-389.997
-390.417
-390.878
-391.382
-391.925
-392.511
-393.137
-393.8
-394.511
-395.268
-396.052
-396.881
-397.75
-398.641
-399.573
-400.541
-401.525
-402.533
-403.568
-404.623
-405.696
-406.783
-407.883
-408.99
-410.103
-411.216
-412.33
-413.437
-414.541
-415.627
-416.711
-417.763
-418.816
-419.815
-420.833
-421.761
-422.747
-423.579
-424.555
-425.234
-373.468
-373.872
-374.35
-374.837
-375.294
-375.735
-376.161
-376.567
-376.953
-377.318
-377.662
-377.982
-378.279
-378.552
-378.8
-379.024
-379.223
-379.397
-379.547
-379.672
-379.775
-379.856
-379.915
-379.954
-379.972
-379.971
-379.949
-379.907
-379.847
-379.769
-379.678
-379.577
-379.464
-379.342
-379.216
-379.088
-378.962
-378.836
-378.701
-378.558
-378.419
-378.284
-378.15
-378.017
-377.898
-377.791
-377.688
-377.594
-377.511
-377.439
-377.383
-377.345
-377.326
-377.332
-377.365
-377.417
-377.495
-377.593
-377.705
-377.837
-377.982
-378.153
-378.357
-378.589
-378.845
-379.121
-379.425
-379.752
-380.103
-380.481
-380.873
-381.287
-381.714
-382.146
-382.585
-383.033
-383.485
-383.945
-384.411
-384.885
-385.366
-385.857
-386.355
-386.867
-387.386
-387.919
-388.449
-388.994
-389.519
-390.065
-390.562
-391.102
-391.545
-392.089
-392.45
-393.047
-393.27
-367.295
-367.546
-367.901
-368.282
-368.63
-368.96
-369.277
-369.577
-369.858
-370.121
-370.364
-370.586
-370.788
-370.967
-371.125
-371.26
-371.374
-371.466
-371.537
-371.586
-371.614
-371.618
-371.6
-371.558
-371.491
-371.404
-371.301
-371.185
-371.058
-370.919
-370.769
-370.611
-370.443
-370.27
-370.08
-369.879
-369.669
-369.446
-369.215
-368.984
-368.753
-368.518
-368.273
-368.023
-367.77
-367.506
-367.243
-366.982
-366.72
-366.459
-366.203
-365.954
-365.712
-365.485
-365.263
-365.036
-364.811
-364.587
-364.369
-364.165
-363.973
-363.789
-363.613
-363.449
-363.297
-363.143
-362.993
-362.865
-362.745
-362.637
-362.561
-362.503
-362.46
-362.45
-362.468
-362.514
-362.595
-362.701
-362.826
-362.964
-363.102
-363.242
-363.384
-363.528
-363.675
-363.828
-363.983
-364.148
-364.311
-364.49
-364.656
-364.858
-365.026
-365.282
-365.447
-365.819
-365.965
-362.364
-362.527
-362.832
-363.178
-363.485
-363.771
-364.044
-364.299
-364.536
-364.754
-364.953
-365.132
-365.291
-365.431
-365.55
-365.649
-365.727
-365.786
-365.825
-365.844
-365.843
-365.823
-365.784
-365.725
-365.648
-365.551
-365.435
-365.299
-365.144
-364.973
-364.786
-364.586
-364.374
-364.15
-363.917
-363.673
-363.399
-363.098
-362.789
-362.476
-362.151
-361.815
-361.476
-361.133
-360.777
-360.407
-360.034
-359.659
-359.281
-358.901
-358.52
-358.133
-357.744
-357.34
-356.916
-356.489
-356.058
-355.627
-355.21
-354.801
-354.405
-354.012
-353.615
-353.214
-352.809
-352.415
-352.017
-351.615
-351.21
-350.797
-350.384
-349.971
-349.562
-349.166
-348.786
-348.421
-348.066
-347.717
-347.377
-347.041
-346.715
-346.401
-346.1
-345.813
-345.541
-345.286
-345.048
-344.832
-344.639
-344.476
-344.341
-344.266
-344.239
-344.311
-344.411
-344.672
-344.93
-359.471
-359.621
-359.918
-360.26
-360.56
-360.835
-361.094
-361.332
-361.55
-361.746
-361.922
-362.075
-362.208
-362.318
-362.407
-362.474
-362.52
-362.545
-362.548
-362.53
-362.492
-362.434
-362.355
-362.258
-362.139
-361.996
-361.827
-361.635
-361.423
-361.193
-360.945
-360.679
-360.398
-360.102
-359.794
-359.472
-359.139
-358.794
-358.439
-358.074
-357.699
-357.309
-356.905
-356.492
-356.071
-355.644
-355.211
-354.773
-354.328
-353.873
-353.407
-352.927
-352.434
-351.923
-351.4
-350.876
-350.348
-349.814
-349.273
-348.713
-348.141
-347.572
-347.002
-346.423
-345.838
-345.252
-344.669
-344.084
-343.496
-342.903
-342.297
-341.673
-341.036
-340.389
-339.73
-339.057
-338.363
-337.663
-336.96
-336.264
-335.594
-334.952
-334.342
-333.768
-333.231
-332.729
-332.261
-331.83
-331.44
-331.099
-330.814
-330.608
-330.467
-330.426
-330.459
-330.645
-330.833
-357.511
-357.657
-357.942
-358.27
-358.555
-358.813
-359.052
-359.271
-359.466
-359.64
-359.79
-359.918
-360.024
-360.108
-360.169
-360.209
-360.226
-360.222
-360.196
-360.147
-360.077
-359.983
-359.866
-359.73
-359.574
-359.398
-359.202
-358.986
-358.751
-358.496
-358.222
-357.928
-357.616
-357.286
-356.94
-356.577
-356.205
-355.828
-355.444
-355.053
-354.652
-354.239
-353.817
-353.385
-352.943
-352.489
-352.025
-351.55
-351.062
-350.561
-350.047
-349.52
-348.979
-348.424
-347.854
-347.264
-346.656
-346.031
-345.384
-344.718
-344.032
-343.326
-342.6
-341.853
-341.088
-340.307
-339.512
-338.705
-337.89
-337.066
-336.233
-335.393
-334.549
-333.704
-332.858
-332.015
-331.176
-330.343
-329.515
-328.694
-327.882
-327.08
-326.295
-325.528
-324.785
-324.065
-323.37
-322.71
-322.095
-321.544
-321.078
-320.71
-320.418
-320.201
-320.005
-319.911
-319.899
-356.282
-356.437
-356.723
-357.042
-357.318
-357.567
-357.8
-358.013
-358.202
-358.365
-358.501
-358.613
-358.701
-358.766
-358.807
-358.825
-358.82
-358.792
-358.74
-358.664
-358.565
-358.443
-358.298
-358.129
-357.939
-357.731
-357.511
-357.274
-357.02
-356.748
-356.459
-356.154
-355.833
-355.494
-355.139
-354.767
-354.378
-353.975
-353.558
-353.127
-352.685
-352.231
-351.766
-351.289
-350.801
-350.301
-349.788
-349.262
-348.722
-348.167
-347.596
-347.008
-346.403
-345.779
-345.136
-344.473
-343.791
-343.089
-342.366
-341.622
-340.857
-340.07
-339.262
-338.434
-337.585
-336.719
-335.836
-334.938
-334.026
-333.103
-332.169
-331.228
-330.279
-329.324
-328.362
-327.395
-326.424
-325.449
-324.468
-323.484
-322.5
-321.522
-320.553
-319.597
-318.656
-317.737
-316.847
-315.997
-315.199
-314.469
-313.806
-313.196
-312.614
-312.069
-311.595
-311.363
-311.394
-355.437
-355.603
-355.896
-356.209
-356.478
-356.721
-356.942
-357.138
-357.309
-357.456
-357.578
-357.676
-357.749
-357.798
-357.823
-357.824
-357.801
-357.754
-357.684
-357.59
-357.475
-357.339
-357.183
-357.003
-356.801
-356.578
-356.336
-356.075
-355.797
-355.5
-355.187
-354.856
-354.509
-354.147
-353.769
-353.376
-352.969
-352.55
-352.118
-351.674
-351.218
-350.752
-350.273
-349.783
-349.281
-348.766
-348.237
-347.694
-347.135
-346.559
-345.965
-345.352
-344.719
-344.065
-343.389
-342.69
-341.968
-341.221
-340.449
-339.65
-338.826
-337.975
-337.099
-336.2
-335.277
-334.333
-333.369
-332.388
-331.391
-330.379
-329.356
-328.321
-327.275
-326.217
-325.149
-324.073
-322.99
-321.9
-320.805
-319.711
-318.62
-317.533
-316.454
-315.386
-314.329
-313.289
-312.277
-311.3
-310.365
-309.478
-308.612
-307.749
-306.907
-306.179
-305.663
-305.424
-305.401
-354.878
-355.054
-355.353
-355.66
-355.926
-356.164
-356.376
-356.559
-356.715
-356.85
-356.963
-357.052
-357.116
-357.155
-357.17
-357.16
-357.126
-357.067
-356.985
-356.88
-356.751
-356.601
-356.429
-356.234
-356.019
-355.782
-355.526
-355.252
-354.958
-354.648
-354.319
-353.974
-353.614
-353.237
-352.847
-352.442
-352.024
-351.592
-351.148
-350.692
-350.224
-349.745
-349.253
-348.751
-348.235
-347.707
-347.165
-346.608
-346.034
-345.442
-344.832
-344.2
-343.546
-342.869
-342.167
-341.439
-340.684
-339.9
-339.088
-338.247
-337.378
-336.482
-335.56
-334.612
-333.64
-332.647
-331.632
-330.599
-329.548
-328.481
-327.399
-326.303
-325.193
-324.071
-322.937
-321.791
-320.634
-319.468
-318.298
-317.128
-315.96
-314.794
-313.632
-312.478
-311.33
-310.192
-309.069
-307.965
-306.884
-305.821
-304.784
-303.796
-302.891
-302.128
-301.541
-301.139
-300.901
-354.483
-354.666
-354.971
-355.272
-355.531
-355.764
-355.972
-356.152
-356.307
-356.437
-356.542
-356.623
-356.679
-356.71
-356.716
-356.697
-356.654
-356.587
-356.496
-356.382
-356.244
-356.085
-355.903
-355.699
-355.474
-355.228
-354.962
-354.676
-354.371
-354.048
-353.707
-353.348
-352.974
-352.585
-352.181
-351.763
-351.333
-350.89
-350.435
-349.97
-349.493
-349.006
-348.508
-347.999
-347.479
-346.946
-346.399
-345.837
-345.259
-344.662
-344.044
-343.405
-342.742
-342.053
-341.336
-340.592
-339.819
-339.016
-338.181
-337.316
-336.42
-335.494
-334.539
-333.557
-332.549
-331.517
-330.463
-329.389
-328.297
-327.188
-326.061
-324.92
-323.764
-322.596
-321.416
-320.224
-319.021
-317.808
-316.588
-315.366
-314.141
-312.916
-311.692
-310.469
-309.251
-308.042
-306.844
-305.661
-304.499
-303.359
-302.267
-301.253
-300.34
-299.539
-298.875
-298.366
-298.028
-354.213
-354.403
-354.715
-355.011
-355.267
-355.497
-355.702
-355.88
-356.031
-356.157
-356.257
-356.333
-356.383
-356.407
-356.407
-356.382
-356.332
-356.258
-356.16
-356.039
-355.894
-355.727
-355.538
-355.327
-355.094
-354.841
-354.566
-354.272
-353.958
-353.625
-353.274
-352.906
-352.521
-352.122
-351.708
-351.281
-350.841
-350.39
-349.927
-349.454
-348.971
-348.478
-347.975
-347.463
-346.939
-346.404
-345.855
-345.292
-344.711
-344.112
-343.493
-342.851
-342.184
-341.491
-340.769
-340.018
-339.235
-338.421
-337.573
-336.692
-335.778
-334.831
-333.853
-332.847
-331.813
-330.755
-329.674
-328.574
-327.455
-326.318
-325.163
-323.991
-322.806
-321.608
-320.398
-319.175
-317.942
-316.698
-315.448
-314.192
-312.934
-311.675
-310.415
-309.151
-307.89
-306.636
-305.392
-304.165
-302.962
-301.793
-300.677
-299.634
-298.691
-297.872
-297.193
-296.638
-296.239
-354.029
-354.223
-354.543
-354.833
-355.088
-355.317
-355.52
-355.696
-355.845
-355.968
-356.065
-356.137
-356.182
-356.202
-356.197
-356.166
-356.111
-356.032
-355.928
-355.801
-355.651
-355.479
-355.284
-355.067
-354.828
-354.568
-354.287
-353.986
-353.665
-353.325
-352.966
-352.589
-352.197
-351.789
-351.367
-350.932
-350.484
-350.026
-349.557
-349.078
-348.589
-348.092
-347.586
-347.071
-346.546
-346.011
-345.464
-344.903
-344.325
-343.73
-343.113
-342.474
-341.809
-341.116
-340.394
-339.64
-338.855
-338.035
-337.181
-336.292
-335.367
-334.407
-333.414
-332.392
-331.341
-330.264
-329.165
-328.047
-326.91
-325.755
-324.581
-323.39
-322.186
-320.972
-319.743
-318.501
-317.248
-315.987
-314.72
-313.45
-312.175
-310.899
-309.622
-308.342
-307.064
-305.793
-304.532
-303.287
-302.067
-300.88
-299.738
-298.659
-297.663
-296.788
-296.063
-295.478
-295.042
-353.907
-354.103
-354.433
-354.717
-354.972
-355.2
-355.402
-355.577
-355.724
-355.845
-355.939
-356.007
-356.049
-356.065
-356.055
-356.021
-355.961
-355.877
-355.769
-355.638
-355.483
-355.306
-355.106
-354.885
-354.641
-354.377
-354.091
-353.785
-353.458
-353.112
-352.746
-352.364
-351.964
-351.55
-351.121
-350.68
-350.226
-349.763
-349.289
-348.806
-348.314
-347.814
-347.307
-346.792
-346.268
-345.735
-345.19
-344.633
-344.06
-343.47
-342.858
-342.224
-341.563
-340.873
-340.154
-339.403
-338.618
-337.799
-336.943
-336.051
-335.12
-334.152
-333.149
-332.116
-331.054
-329.965
-328.853
-327.724
-326.577
-325.411
-324.227
-323.026
-321.813
-320.587
-319.345
-318.091
-316.829
-315.56
-314.286
-313.01
-311.73
-310.447
-309.164
-307.883
-306.606
-305.334
-304.072
-302.824
-301.596
-300.397
-299.235
-298.129
-297.098
-296.182
-295.411
-294.787
-294.306
-353.831
-354.026
-354.367
-354.644
-354.901
-355.128
-355.329
-355.502
-355.649
-355.768
-355.859
-355.925
-355.963
-355.975
-355.962
-355.924
-355.86
-355.772
-355.661
-355.525
-355.367
-355.186
-354.983
-354.758
-354.511
-354.243
-353.954
-353.644
-353.313
-352.963
-352.594
-352.207
-351.803
-351.383
-350.95
-350.504
-350.046
-349.578
-349.1
-348.614
-348.12
-347.619
-347.112
-346.597
-346.075
-345.544
-345.004
-344.452
-343.885
-343.301
-342.696
-342.068
-341.413
-340.729
-340.015
-339.268
-338.487
-337.67
-336.815
-335.923
-334.989
-334.017
-333.008
-331.968
-330.897
-329.8
-328.681
-327.546
-326.391
-325.218
-324.027
-322.822
-321.603
-320.367
-319.119
-317.86
-316.594
-315.322
-314.046
-312.768
-311.488
-310.207
-308.926
-307.649
-306.375
-305.106
-303.845
-302.597
-301.364
-300.157
-298.98
-297.855
-296.799
-295.857
-295.054
-294.408
-293.908
-353.786
-353.981
-354.332
-354.602
-354.861
-355.086
-355.287
-355.459
-355.604
-355.721
-355.81
-355.873
-355.909
-355.919
-355.902
-355.861
-355.794
-355.704
-355.589
-355.451
-355.289
-355.106
-354.9
-354.673
-354.424
-354.154
-353.862
-353.55
-353.217
-352.864
-352.492
-352.102
-351.694
-351.272
-350.834
-350.385
-349.924
-349.453
-348.973
-348.486
-347.99
-347.489
-346.981
-346.469
-345.948
-345.422
-344.886
-344.34
-343.779
-343.203
-342.605
-341.984
-341.335
-340.658
-339.949
-339.208
-338.43
-337.617
-336.765
-335.873
-334.939
-333.964
-332.952
-331.906
-330.828
-329.725
-328.602
-327.461
-326.3
-325.123
-323.929
-322.722
-321.498
-320.259
-319.008
-317.748
-316.48
-315.207
-313.932
-312.655
-311.378
-310.1
-308.823
-307.549
-306.278
-305.011
-303.75
-302.5
-301.262
-300.049
-298.86
-297.722
-296.645
-295.682
-294.86
-294.213
-293.714
-353.764
-353.959
-354.319
-354.581
-354.843
-355.066
-355.267
-355.437
-355.58
-355.695
-355.783
-355.844
-355.877
-355.885
-355.866
-355.822
-355.753
-355.66
-355.543
-355.404
-355.24
-355.056
-354.848
-354.62
-354.369
-354.098
-353.805
-353.492
-353.158
-352.804
-352.43
-352.038
-351.628
-351.203
-350.763
-350.312
-349.849
-349.377
-348.895
-348.407
-347.911
-347.41
-346.904
-346.393
-345.876
-345.354
-344.823
-344.283
-343.729
-343.159
-342.568
-341.954
-341.312
-340.641
-339.937
-339.2
-338.427
-337.617
-336.767
-335.876
-334.941
-333.965
-332.949
-331.898
-330.813
-329.705
-328.578
-327.434
-326.27
-325.092
-323.896
-322.688
-321.464
-320.223
-318.971
-317.71
-316.441
-315.169
-313.894
-312.62
-311.345
-310.071
-308.797
-307.525
-306.255
-304.988
-303.727
-302.475
-301.234
-300.015
-298.819
-297.669
-296.578
-295.6
-294.765
-294.127
-293.637
-353.756
-353.952
-354.319
-354.574
-354.839
-355.059
-355.26
-355.428
-355.57
-355.684
-355.77
-355.829
-355.861
-355.867
-355.846
-355.801
-355.73
-355.637
-355.518
-355.378
-355.213
-355.028
-354.82
-354.591
-354.34
-354.069
-353.776
-353.463
-353.128
-352.774
-352.399
-352.006
-351.595
-351.169
-350.728
-350.276
-349.811
-349.339
-348.856
-348.368
-347.873
-347.374
-346.869
-346.361
-345.847
-345.329
-344.804
-344.27
-343.721
-343.158
-342.573
-341.966
-341.328
-340.662
-339.961
-339.228
-338.457
-337.65
-336.801
-335.91
-334.973
-333.996
-332.976
-331.919
-330.83
-329.719
-328.589
-327.443
-326.277
-325.098
-323.902
-322.694
-321.469
-320.229
-318.976
-317.714
-316.445
-315.174
-313.9
-312.628
-311.354
-310.082
-308.81
-307.539
-306.27
-305.003
-303.741
-302.486
-301.243
-300.021
-298.819
-297.661
-296.559
-295.571
-294.728
-294.106
-293.619
-353.757
-353.955
-354.327
-354.575
-354.843
-355.06
-355.262
-355.428
-355.57
-355.683
-355.767
-355.825
-355.856
-355.861
-355.839
-355.793
-355.722
-355.628
-355.509
-355.369
-355.204
-355.019
-354.811
-354.583
-354.332
-354.062
-353.769
-353.456
-353.122
-352.768
-352.393
-352.001
-351.589
-351.163
-350.721
-350.269
-349.804
-349.332
-348.85
-348.363
-347.869
-347.372
-346.87
-346.364
-345.853
-345.34
-344.818
-344.289
-343.746
-343.188
-342.608
-342.005
-341.371
-340.708
-340.009
-339.276
-338.506
-337.7
-336.85
-335.958
-335.02
-334.041
-333.018
-331.958
-330.864
-329.751
-328.618
-327.47
-326.305
-325.126
-323.93
-322.721
-321.497
-320.256
-319.004
-317.741
-316.473
-315.201
-313.928
-312.656
-311.384
-310.112
-308.841
-307.57
-306.301
-305.033
-303.77
-302.514
-301.269
-300.045
-298.839
-297.677
-296.569
-295.572
-294.724
-294.116
-293.635
-353.764
-353.963
-354.338
-354.582
-354.852
-355.067
-355.268
-355.434
-355.576
-355.687
-355.772
-355.829
-355.859
-355.864
-355.842
-355.796
-355.725
-355.631
-355.513
-355.373
-355.209
-355.025
-354.818
-354.59
-354.341
-354.071
-353.78
-353.469
-353.135
-352.782
-352.408
-352.016
-351.605
-351.179
-350.737
-350.286
-349.821
-349.35
-348.87
-348.384
-347.892
-347.397
-346.897
-346.394
-345.886
-345.376
-344.858
-344.334
-343.794
-343.24
-342.663
-342.062
-341.429
-340.766
-340.068
-339.335
-338.564
-337.757
-336.906
-336.013
-335.073
-334.092
-333.066
-332.002
-330.905
-329.79
-328.656
-327.507
-326.341
-325.163
-323.967
-322.758
-321.534
-320.293
-319.041
-317.778
-316.509
-315.237
-313.964
-312.693
-311.421
-310.149
-308.879
-307.606
-306.337
-305.068
-303.804
-302.546
-301.3
-300.075
-298.868
-297.704
-296.592
-295.591
-294.737
-294.143
-293.672
-353.772
-353.974
-354.351
-354.591
-354.863
-355.077
-355.278
-355.444
-355.585
-355.697
-355.781
-355.839
-355.869
-355.874
-355.852
-355.807
-355.737
-355.644
-355.527
-355.388
-355.226
-355.043
-354.836
-354.611
-354.362
-354.095
-353.804
-353.495
-353.162
-352.811
-352.437
-352.047
-351.636
-351.212
-350.771
-350.321
-349.858
-349.388
-348.909
-348.425
-347.935
-347.442
-346.944
-346.444
-345.938
-345.431
-344.916
-344.394
-343.857
-343.304
-342.728
-342.128
-341.495
-340.831
-340.131
-339.397
-338.624
-337.816
-336.963
-336.068
-335.126
-334.142
-333.113
-332.046
-330.947
-329.83
-328.695
-327.546
-326.381
-325.202
-324.007
-322.798
-321.574
-320.332
-319.08
-317.816
-316.547
-315.274
-314.002
-312.73
-311.458
-310.186
-308.915
-307.642
-306.372
-305.102
-303.837
-302.577
-301.331
-300.107
-298.9
-297.736
-296.622
-295.617
-294.759
-294.181
-293.72
-353.782
-353.985
-354.363
-354.602
-354.875
-355.087
-355.29
-355.455
-355.597
-355.709
-355.794
-355.852
-355.883
-355.889
-355.868
-355.824
-355.755
-355.664
-355.548
-355.411
-355.25
-355.069
-354.864
-354.64
-354.394
-354.128
-353.839
-353.531
-353.2
-352.85
-352.478
-352.089
-351.68
-351.257
-350.817
-350.368
-349.907
-349.439
-348.962
-348.48
-347.991
-347.501
-347.004
-346.506
-346.003
-345.497
-344.984
-344.464
-343.927
-343.375
-342.798
-342.197
-341.563
-340.897
-340.195
-339.458
-338.683
-337.872
-337.017
-336.12
-335.175
-334.189
-333.157
-332.088
-330.988
-329.869
-328.734
-327.585
-326.42
-325.241
-324.046
-322.836
-321.612
-320.37
-319.116
-317.852
-316.583
-315.309
-314.037
-312.765
-311.492
-310.22
-308.948
-307.674
-306.403
-305.132
-303.866
-302.605
-301.359
-300.136
-298.93
-297.767
-296.653
-295.647
-294.787
-294.223
-293.773
-353.79
-353.996
-354.375
-354.612
-354.886
-355.099
-355.302
-355.467
-355.61
-355.723
-355.809
-355.868
-355.899
-355.907
-355.887
-355.845
-355.778
-355.688
-355.574
-355.439
-355.28
-355.1
-354.898
-354.676
-354.431
-354.167
-353.88
-353.574
-353.244
-352.896
-352.526
-352.138
-351.73
-351.309
-350.871
-350.424
-349.965
-349.499
-349.023
-348.544
-348.057
-347.567
-347.072
-346.576
-346.074
-345.57
-345.057
-344.537
-344
-343.447
-342.869
-342.265
-341.629
-340.96
-340.256
-339.516
-338.738
-337.924
-337.066
-336.166
-335.219
-334.231
-333.197
-332.126
-331.025
-329.905
-328.77
-327.621
-326.456
-325.277
-324.081
-322.87
-321.646
-320.403
-319.149
-317.884
-316.614
-315.341
-314.068
-312.795
-311.522
-310.249
-308.976
-307.701
-306.43
-305.157
-303.891
-302.63
-301.384
-300.162
-298.957
-297.797
-296.684
-295.679
-294.819
-294.267
-293.828
-353.798
-354.006
-354.385
-354.622
-354.897
-355.11
-355.314
-355.48
-355.624
-355.737
-355.824
-355.884
-355.918
-355.926
-355.909
-355.868
-355.803
-355.715
-355.603
-355.47
-355.313
-355.135
-354.934
-354.714
-354.471
-354.209
-353.924
-353.619
-353.292
-352.945
-352.576
-352.19
-351.784
-351.365
-350.929
-350.484
-350.026
-349.562
-349.089
-348.61
-348.125
-347.637
-347.143
-346.648
-346.147
-345.643
-345.13
-344.609
-344.071
-343.516
-342.936
-342.33
-341.691
-341.02
-340.312
-339.569
-338.788
-337.971
-337.111
-336.208
-335.259
-334.268
-333.232
-332.16
-331.058
-329.938
-328.803
-327.653
-326.488
-325.308
-324.112
-322.901
-321.676
-320.432
-319.177
-317.911
-316.642
-315.367
-314.095
-312.821
-311.547
-310.273
-309
-307.724
-306.452
-305.178
-303.912
-302.65
-301.406
-300.184
-298.982
-297.823
-296.713
-295.711
-294.851
-294.309
-293.88
-353.805
-354.015
-354.393
-354.631
-354.907
-355.12
-355.325
-355.492
-355.637
-355.751
-355.84
-355.901
-355.936
-355.946
-355.931
-355.892
-355.828
-355.742
-355.632
-355.501
-355.346
-355.17
-354.971
-354.752
-354.511
-354.25
-353.967
-353.664
-353.338
-352.993
-352.626
-352.241
-351.837
-351.42
-350.986
-350.543
-350.087
-349.625
-349.153
-348.676
-348.192
-347.705
-347.212
-346.718
-346.217
-345.713
-345.2
-344.677
-344.138
-343.581
-342.999
-342.39
-341.748
-341.073
-340.363
-339.617
-338.833
-338.013
-337.15
-336.245
-335.293
-334.3
-333.263
-332.189
-331.087
-329.967
-328.832
-327.682
-326.517
-325.336
-324.139
-322.926
-321.701
-320.456
-319.201
-317.935
-316.665
-315.39
-314.117
-312.842
-311.568
-310.293
-309.019
-307.742
-306.47
-305.195
-303.929
-302.667
-301.423
-300.203
-299.002
-297.846
-296.739
-295.741
-294.882
-294.348
-293.929
-353.811
-354.022
-354.401
-354.639
-354.916
-355.129
-355.335
-355.503
-355.649
-355.765
-355.855
-355.917
-355.954
-355.965
-355.951
-355.914
-355.852
-355.768
-355.66
-355.53
-355.377
-355.202
-355.005
-354.788
-354.549
-354.289
-354.007
-353.706
-353.382
-353.038
-352.672
-352.289
-351.887
-351.471
-351.039
-350.598
-350.144
-349.683
-349.213
-348.737
-348.255
-347.768
-347.276
-346.782
-346.281
-345.776
-345.263
-344.739
-344.198
-343.639
-343.054
-342.442
-341.798
-341.121
-340.408
-339.659
-338.873
-338.05
-337.185
-336.277
-335.323
-334.328
-333.29
-332.216
-331.113
-329.993
-328.858
-327.706
-326.541
-325.359
-324.162
-322.948
-321.722
-320.476
-319.221
-317.954
-316.683
-315.408
-314.135
-312.859
-311.585
-310.309
-309.035
-307.757
-306.484
-305.209
-303.942
-302.68
-301.438
-300.218
-299.019
-297.864
-296.762
-295.768
-294.91
-294.383
-293.974
-353.815
-354.028
-354.407
-354.645
-354.923
-355.137
-355.344
-355.513
-355.66
-355.777
-355.868
-355.932
-355.969
-355.982
-355.97
-355.934
-355.874
-355.791
-355.684
-355.556
-355.404
-355.231
-355.036
-354.82
-354.582
-354.324
-354.043
-353.743
-353.42
-353.077
-352.713
-352.331
-351.931
-351.516
-351.086
-350.646
-350.194
-349.734
-349.265
-348.791
-348.309
-347.823
-347.332
-346.838
-346.337
-345.832
-345.317
-344.792
-344.25
-343.689
-343.102
-342.488
-341.841
-341.162
-340.446
-339.696
-338.907
-338.082
-337.215
-336.305
-335.349
-334.352
-333.313
-332.238
-331.136
-330.015
-328.879
-327.727
-326.561
-325.378
-324.18
-322.965
-321.739
-320.492
-319.236
-317.969
-316.698
-315.423
-314.149
-312.873
-311.598
-310.322
-309.047
-307.769
-306.495
-305.219
-303.953
-302.691
-301.449
-300.23
-299.032
-297.88
-296.781
-295.791
-294.935
-294.413
-294.012
-353.819
-354.032
-354.412
-354.651
-354.929
-355.144
-355.352
-355.522
-355.67
-355.787
-355.879
-355.944
-355.983
-355.997
-355.986
-355.951
-355.892
-355.81
-355.705
-355.578
-355.427
-355.255
-355.061
-354.846
-354.609
-354.352
-354.072
-353.773
-353.451
-353.11
-352.747
-352.366
-351.967
-351.554
-351.125
-350.686
-350.235
-349.777
-349.309
-348.835
-348.354
-347.869
-347.378
-346.884
-346.383
-345.877
-345.362
-344.836
-344.292
-343.729
-343.141
-342.525
-341.876
-341.195
-340.478
-339.726
-338.936
-338.109
-337.24
-336.328
-335.371
-334.373
-333.332
-332.257
-331.154
-330.033
-328.897
-327.744
-326.577
-325.393
-324.195
-322.979
-321.752
-320.505
-319.249
-317.981
-316.71
-315.434
-314.16
-312.883
-311.609
-310.331
-309.056
-307.777
-306.504
-305.227
-303.961
-302.7
-301.458
-300.24
-299.043
-297.891
-296.796
-295.809
-294.955
-294.439
-294.045
-353.822
-354.036
-354.416
-354.656
-354.934
-355.15
-355.358
-355.529
-355.677
-355.795
-355.888
-355.954
-355.994
-356.009
-355.998
-355.964
-355.906
-355.826
-355.721
-355.595
-355.445
-355.274
-355.081
-354.867
-354.63
-354.374
-354.095
-353.797
-353.476
-353.135
-352.773
-352.393
-351.995
-351.583
-351.155
-350.717
-350.267
-349.809
-349.342
-348.869
-348.389
-347.904
-347.413
-346.919
-346.418
-345.912
-345.396
-344.869
-344.325
-343.761
-343.171
-342.554
-341.904
-341.221
-340.503
-339.749
-338.958
-338.13
-337.259
-336.346
-335.388
-334.389
-333.348
-332.272
-331.169
-330.047
-328.91
-327.757
-326.59
-325.405
-324.206
-322.99
-321.762
-320.514
-319.258
-317.99
-316.719
-315.442
-314.168
-312.891
-311.616
-310.338
-309.063
-307.784
-306.51
-305.234
-303.967
-302.706
-301.465
-300.246
-299.05
-297.899
-296.807
-295.823
-294.97
-294.459
-294.07
-353.824
-354.039
-354.419
-354.659
-354.938
-355.154
-355.363
-355.534
-355.683
-355.802
-355.895
-355.962
-356.002
-356.017
-356.008
-355.975
-355.917
-355.837
-355.733
-355.607
-355.458
-355.288
-355.095
-354.882
-354.646
-354.39
-354.112
-353.814
-353.493
-353.153
-352.792
-352.413
-352.015
-351.603
-351.176
-350.739
-350.289
-349.833
-349.366
-348.893
-348.414
-347.929
-347.438
-346.945
-346.443
-345.937
-345.421
-344.893
-344.348
-343.783
-343.192
-342.574
-341.923
-341.24
-340.521
-339.766
-338.974
-338.145
-337.274
-336.36
-335.401
-334.401
-333.359
-332.283
-331.179
-330.057
-328.92
-327.767
-326.599
-325.414
-324.214
-322.998
-321.769
-320.521
-319.264
-317.996
-316.725
-315.448
-314.173
-312.896
-311.621
-310.343
-309.067
-307.788
-306.514
-305.238
-303.971
-302.71
-301.469
-300.25
-299.054
-297.904
-296.814
-295.832
-294.981
-294.472
-294.086
-353.826
-354.042
-354.421
-354.662
-354.941
-355.158
-355.367
-355.538
-355.687
-355.806
-355.9
-355.967
-356.008
-356.024
-356.014
-355.981
-355.924
-355.845
-355.741
-355.616
-355.467
-355.297
-355.105
-354.891
-354.656
-354.401
-354.123
-353.825
-353.505
-353.165
-352.804
-352.425
-352.028
-351.616
-351.19
-350.753
-350.303
-349.847
-349.381
-348.908
-348.429
-347.944
-347.454
-346.96
-346.459
-345.952
-345.436
-344.908
-344.362
-343.797
-343.206
-342.587
-341.936
-341.251
-340.532
-339.777
-338.984
-338.155
-337.283
-336.368
-335.409
-334.408
-333.366
-332.29
-331.186
-330.063
-328.926
-327.773
-326.604
-325.419
-324.219
-323.002
-321.774
-320.525
-319.268
-317.999
-316.728
-315.451
-314.177
-312.899
-311.624
-310.346
-309.07
-307.791
-306.517
-305.24
-303.974
-302.712
-301.471
-300.253
-299.057
-297.907
-296.818
-295.837
-294.987
-294.48
-294.095
-353.827
-354.043
-354.422
-354.663
-354.943
-355.159
-355.369
-355.54
-355.689
-355.809
-355.903
-355.969
-356.011
-356.027
-356.017
-355.985
-355.928
-355.848
-355.745
-355.62
-355.471
-355.302
-355.109
-354.896
-354.661
-354.406
-354.128
-353.83
-353.51
-353.171
-352.81
-352.431
-352.034
-351.623
-351.196
-350.759
-350.31
-349.854
-349.388
-348.915
-348.436
-347.951
-347.461
-346.967
-346.466
-345.959
-345.443
-344.914
-344.368
-343.803
-343.212
-342.593
-341.941
-341.257
-340.537
-339.782
-338.989
-338.159
-337.287
-336.372
-335.413
-334.412
-333.37
-332.293
-331.189
-330.067
-328.929
-327.775
-326.607
-325.422
-324.222
-323.005
-321.776
-320.527
-319.27
-318.001
-316.73
-315.453
-314.178
-312.901
-311.626
-310.347
-309.071
-307.792
-306.518
-305.241
-303.975
-302.714
-301.472
-300.254
-299.058
-297.908
-296.819
-295.838
-294.99
-294.485
-294.096
-353.828
-354.044
-354.423
-354.664
-354.943
-355.16
-355.37
-355.541
-355.69
-355.81
-355.904
-355.971
-356.012
-356.028
-356.019
-355.986
-355.929
-355.85
-355.747
-355.622
-355.473
-355.303
-355.111
-354.898
-354.663
-354.408
-354.13
-353.832
-353.512
-353.173
-352.812
-352.433
-352.036
-351.625
-351.198
-350.762
-350.312
-349.856
-349.39
-348.918
-348.438
-347.954
-347.463
-346.97
-346.468
-345.962
-345.445
-344.917
-344.371
-343.805
-343.214
-342.595
-341.943
-341.259
-340.539
-339.784
-338.991
-338.161
-337.289
-336.374
-335.415
-334.414
-333.371
-332.294
-331.191
-330.068
-328.931
-327.777
-326.608
-325.423
-324.223
-323.006
-321.777
-320.528
-319.271
-318.002
-316.73
-315.453
-314.179
-312.902
-311.626
-310.348
-309.072
-307.793
-306.519
-305.242
-303.975
-302.714
-301.473
-300.254
-299.058
-297.908
-296.819
-295.839
-294.989
-294.475
-294.109
-1225.15
-1281.33
-1346.07
-1423.91
-1513.69
-1627.9
-1755.74
-1929.8
-2131.99
-2374.63
-2563.59
-2508.65
-2051.47
-1623.43
-1122.89
-732.479
-387.169
-150.513
-45.8939
-91.6864
-177.414
-272.334
-453.785
-495.951
-575.879
-474.82
-455.995
-293.944
-113.566
-79.1605
-285.739
-205.371
-38.1419
-1227.16
-1283.25
-1347.86
-1425.51
-1514.9
-1628.93
-1756.41
-1929.07
-2132.19
-2370.68
-2550.72
-2513.68
-2057.31
-1634.89
-1138.64
-746.746
-397.884
-158.833
-57.3234
-104.468
-188.22
-282.093
-466.151
-509.563
-588.977
-478.562
-450.839
-287.797
-111.45
-77.8188
-283.807
-205.934
-39.7906
-1228.78
-1284.73
-1349.14
-1426.54
-1515.45
-1629.02
-1755.85
-1926.41
-2128.44
-2360.83
-2530.21
-2509.85
-2059.28
-1644.32
-1153.78
-760.73
-409.923
-164.23
-69.3593
-117.939
-199.622
-292.308
-479.36
-523.996
-602.708
-482.686
-444.987
-280.885
-109.157
-76.434
-281.338
-206.328
-41.7301
-1229.88
-1285.62
-1349.73
-1426.76
-1515.07
-1627.85
-1753.69
-1921.29
-2119.99
-2344.89
-2500.93
-2495.01
-2056.74
-1650.85
-1168.17
-775.036
-423.585
-166.985
-81.7134
-131.934
-211.536
-302.994
-493.39
-539.222
-617.037
-486.974
-438.513
-273.179
-106.64
-75.037
-278.259
-206.415
-43.9153
-1230.34
-1285.78
-1349.47
-1425.97
-1513.52
-1625.13
-1749.56
-1913.34
-2106.57
-2322.72
-2463.8
-2469.45
-2049.35
-1654.12
-1179.66
-788.816
-437.622
-169.719
-94.1542
-146.363
-223.86
-314.254
-508.249
-555.202
-631.901
-491.306
-431.515
-264.637
-103.882
-73.597
-274.522
-206.12
-46.3427
-1230.06
-1285.08
-1348.19
-1423.95
-1510.54
-1620.57
-1743.14
-1902.22
-2088.21
-2294.06
-2420.16
-2433.7
-2036.66
-1654.27
-1189.53
-801.942
-451.578
-174.539
-106.395
-161.061
-236.447
-326.201
-523.958
-571.934
-647.24
-495.738
-423.943
-255.206
-100.878
-72.0964
-270.096
-205.369
-48.9753
-1228.89
-1283.36
-1345.7
-1420.48
-1505.86
-1613.84
-1734.07
-1887.57
-2064.89
-2258.85
-2371.02
-2388.76
-2018.69
-1650.67
-1199.17
-815.186
-465.978
-182.485
-118.162
-175.753
-249.127
-338.886
-540.568
-589.439
-662.996
-500.208
-415.7
-244.896
-97.6304
-70.521
-264.962
-204.199
-51.785
-1226.67
-1280.45
-1341.83
-1415.33
-1499.17
-1604.62
-1722
-1869.14
-2036.78
-2217.64
-2317.46
-2336.42
-1995.66
-1643.44
-1206.84
-827.666
-479.965
-193.416
-129.167
-190.117
-261.691
-352.278
-558.158
-607.748
-679.104
-504.528
-406.73
-233.762
-94.1291
-68.8463
-259.121
-202.869
-54.7545
-1223.17
-1276.13
-1336.37
-1408.28
-1490.23
-1592.63
-1706.62
-1846.72
-2004.09
-2171.19
-2260.34
-2278.24
-1967.34
-1632.49
-1212.02
-838.767
-493.391
-208.895
-138.69
-203.796
-273.828
-366.364
-576.732
-626.892
-695.52
-508.69
-396.949
-221.859
-90.3514
-67.0262
-252.596
-201.532
-57.8749
-1218.17
-1270.19
-1329.11
-1399.14
-1478.81
-1577.61
-1687.66
-1820.11
-1966.95
-2119.97
-2199.96
-2215.31
-1933.83
-1617.27
-1214.49
-848.493
-508.104
-228.472
-148.46
-216.346
-285.079
-381.188
-596.222
-646.912
-712.26
-512.8
-386.372
-209.286
-86.2682
-65.0012
-245.453
-200.124
-61.1275
-1211.32
-1262.26
-1319.72
-1387.66
-1464.72
-1559.44
-1665.04
-1789.36
-1925.44
-2064.43
-2136.28
-2148.41
-1895.31
-1597.87
-1213.79
-856.45
-523.362
-250.131
-165.426
-227.379
-294.613
-396.826
-616.546
-667.871
-729.406
-516.796
-375.229
-196.173
-81.8395
-62.7302
-237.828
-198.622
-64.4906
-1202.34
-1252.09
-1307.95
-1373.57
-1447.72
-1537.93
-1638.62
-1754.71
-1880.08
-2005.62
-2069.94
-2078.67
-1852.26
-1574.48
-1210.04
-862.708
-537.868
-273.183
-187.579
-241.062
-301.048
-413.342
-637.591
-689.758
-747.059
-520.594
-363.735
-182.591
-77.0128
-60.1818
-229.908
-197.026
-67.9267
-1190.73
-1239.05
-1293.23
-1356.43
-1427.61
-1513.05
-1608.39
-1716.33
-1831.1
-1944.16
-2001.43
-2006.75
-1805.2
-1547.2
-1202.94
-866.929
-551.738
-296.597
-210.754
-260.69
-304.108
-431
-659.333
-712.554
-765.21
-524.161
-351.814
-168.512
-71.7307
-57.3313
-221.91
-195.303
-71.3828
-1175.05
-1221.68
-1273.94
-1334.3
-1402.13
-1482.29
-1571.53
-1671.13
-1774.8
-1875.55
-1925.65
-1927.1
-1749.83
-1512.74
-1190.68
-868.475
-565.342
-321.019
-236.104
-283.845
-310.327
-451.625
-683.308
-738.604
-785.797
-527.817
-338.916
-153.511
-65.8986
-54.0838
-213.8
-193.413
-74.9468
-1153.46
-1197.27
-1247.49
-1305.26
-1369.9
-1444.7
-1527.2
-1618.08
-1710.54
-1799.19
-1841.88
-1839.55
-1685.64
-1470.36
-1172.26
-866.656
-578.145
-346.704
-263.416
-306.069
-326.859
-473.428
-709.608
-768.295
-809.109
-531.502
-324.65
-137.352
-59.419
-50.4504
-205.729
-191.214
-78.444
-1128.31
-1167.2
-1213.62
-1268.1
-1329.73
-1400.05
-1476.97
-1559.95
-1642.62
-1719.67
-1755.18
-1749.9
-1617.42
-1423.42
-1149.32
-861.773
-589.495
-371.704
-290.414
-328.383
-350.664
-496.092
-736.579
-799.885
-833.74
-535.327
-309.556
-120.511
-52.3825
-46.3311
-197.827
-188.773
-81.8464
-1102.39
-1136.57
-1177.48
-1225.99
-1282.07
-1346.07
-1416.76
-1491.83
-1566.04
-1632.49
-1663.34
-1657.59
-1545.5
-1372.46
-1121.76
-853.735
-599.076
-395.865
-317.402
-352.132
-377.431
-526.527
-766.386
-833.798
-859.975
-539.157
-293.67
-102.948
-44.802
-41.7134
-190.112
-186.068
-85.1216
-1079.34
-1110.96
-1147.63
-1190.04
-1239.08
-1294.69
-1356.7
-1422.17
-1487.33
-1544.04
-1572.93
-1568.08
-1473.18
-1318.49
-1089.82
-842.587
-606.75
-418.905
-344.042
-376.068
-405.131
-562.849
-801.124
-871.962
-888.238
-542.859
-277.012
-84.6636
-36.7322
-36.5796
-182.539
-183.06
-88.2937
-1054.35
-1083.63
-1117.19
-1155.58
-1199.52
-1248.86
-1303.5
-1360.69
-1417.56
-1466.12
-1492.4
-1485
-1400.79
-1260.15
-1053.47
-828.309
-612.393
-440.626
-370.044
-400.819
-433.744
-601.587
-840.119
-918.498
-919.109
-546.525
-259.556
-65.6437
-28.2446
-30.9076
-175.126
-179.704
-91.3329
-1023.82
-1050.23
-1080.2
-1114.36
-1153.22
-1196.82
-1244.85
-1295.16
-1344.59
-1386.04
-1407.18
-1395.45
-1320.52
-1195.42
-1012.96
-811.109
-615.882
-460.774
-395.302
-425.635
-462.882
-642.922
-882.923
-972.223
-953.71
-550.102
-241.153
-45.9477
-19.4474
-24.6725
-168.236
-176.093
-94.0469
-987.024
-1010.38
-1037.12
-1067.6
-1102.04
-1140.43
-1182.18
-1225.47
-1266.9
-1300.69
-1315.59
-1302.01
-1238.11
-1130.17
-971.641
-792.094
-617.362
-478.785
-418.848
-450.063
-491.772
-685.15
-929.118
-1027.25
-991.99
-553.166
-222.988
-27.3298
-10.8099
-18.269
-162.658
-172.934
-96.2731
-940.352
-957.792
-979.49
-1005.66
-1035.78
-1069.54
-1106.18
-1143.87
-1179.42
-1208.01
-1220.29
-1209.21
-1157.91
-1066.47
-929.693
-771.212
-616.758
-494.389
-440.541
-473.62
-519.813
-728.153
-977.554
-1083.11
-1034.71
-555.302
-205.244
-10.3264
-2.51983
-12.3512
-158.394
-170.406
-97.7276
-892.51
-906.017
-923.496
-945.197
-970.546
-999.289
-1030.72
-1063.2
-1094.09
-1119.2
-1131.35
-1123.83
-1082.4
-1004.28
-886.565
-748.58
-614.189
-507.665
-460.533
-496.548
-547.53
-773.118
-1029.89
-1143.04
-1080.89
-557.075
-187.366
6.0117
5.60032
-6.74072
-154.813
-168.323
-98.7826
-851.185
-862.33
-876.658
-894.539
-915.586
-939.65
-966.171
-993.731
-1020.11
-1041.53
-1052.1
-1045
-1009.34
-942.154
-842.316
-724.619
-609.737
-518.53
-478.743
-518.638
-574.834
-820.473
-1086.8
-1207.39
-1128.2
-558.736
-169.077
22.01
13.611
-1.46873
-151.804
-166.626
-99.5442
-806.053
-814.223
-825.13
-839.254
-856.245
-876.015
-898.089
-921.188
-943.398
-961.275
-970.123
-963.749
-934.548
-878.954
-797.326
-699.47
-603.365
-526.783
-495.005
-539.621
-601.455
-870.792
-1148.85
-1276.81
-1176.8
-560.524
-150.163
37.8803
21.5609
3.45882
-149.29
-165.288
-100.061
-760.002
-765.896
-774.263
-785.543
-799.358
-815.621
-833.906
-853.05
-871.464
-886.109
-893.446
-887.959
-864.85
-819.842
-754.562
-674.298
-595.351
-532.39
-509.077
-559.086
-627.096
-924.441
-1216.22
-1350.93
-1226.32
-562.239
-130.42
53.8089
29.4976
8.04992
-147.23
-164.262
-100.365
-711.646
-715.357
-721.486
-730.321
-741.444
-754.733
-769.816
-785.594
-800.855
-812.909
-819.339
-815.285
-798.118
-762.811
-712.218
-647.86
-584.955
-534.862
-520.539
-576.458
-651.097
-981.64
-1288.23
-1428.16
-1275.13
-563.098
-109.638
69.9617
37.4568
12.3535
-145.587
-163.467
-100.512
-663.548
-666.131
-670.868
-677.942
-686.968
-697.771
-710.082
-722.89
-735.424
-745.303
-751.196
-748.656
-736.737
-709.915
-671.937
-621.325
-572.731
-534.318
-529.007
-590.854
-672.683
-1042.05
-1363.66
-1505.52
-1320.99
-562.162
-87.5932
86.4729
45.463
16.4203
-144.304
-162.836
-100.554
-618.523
-620.488
-624.151
-629.665
-636.768
-645.275
-655.07
-665.256
-675.484
-683.615
-689.17
-687.993
-680.374
-660.481
-632.77
-593.769
-557.943
-530.217
-533.757
-600.988
-690.664
-1104.91
-1440.67
-1579.04
-1362.87
-558.673
-64.1685
103.43
53.5317
20.2692
-143.304
-162.334
-100.532
-575.88
-577.42
-580.281
-584.55
-590.074
-596.681
-604.397
-612.421
-620.737
-627.407
-632.585
-632.4
-628.051
-613.669
-594.402
-565.316
-540.776
-522.538
-534.352
-605.457
-703.857
-1169.55
-1517.2
-1645.72
-1400.27
-551.931
-39.3287
120.82
61.6605
23.9024
-142.514
-161.941
-100.472
-536.461
-537.52
-539.658
-542.878
-547.076
-552.097
-558.073
-564.274
-570.932
-576.286
-580.956
-581.361
-579.415
-569.34
-556.942
-536.117
-521.348
-511.05
-530.339
-603.053
-711.834
-1234.75
-1591.71
-1704.11
-1431.86
-541.169
-13.0689
138.53
69.8278
27.3115
-141.874
-161.643
-100.394
-498.252
-498.81
-500.278
-502.596
-505.685
-509.402
-513.948
-518.656
-523.932
-528.195
-532.403
-533.297
-533.321
-526.9
-520.345
-506.579
-500.186
-495.849
-521.448
-592.607
-715.008
-1297.91
-1662.2
-1753.02
-1455.68
-525.853
14.3072
156.339
77.9743
30.4778
-141.332
-161.441
-100.314
-461.716
-461.913
-462.874
-464.484
-466.68
-469.346
-472.724
-476.236
-480.396
-483.847
-487.741
-489.222
-490.957
-487.796
-486.037
-478.181
-478.403
-477.772
-508.106
-572.484
-714.923
-1356.1
-1727.16
-1791.03
-1469.48
-505.433
42.3599
173.949
86.0122
33.3853
-140.84
-161.337
-100.24
-425.92
-425.837
-426.449
-427.573
-429.156
-431.123
-433.734
-436.525
-440.051
-443.228
-447.223
-449.698
-453.143
-453.139
-455.221
-452.372
-456.941
-458.532
-490.552
-542.252
-710.424
-1406.29
-1783.75
-1816.56
-1470.87
-480.357
70.0259
191.018
93.8679
35.9812
-140.354
-161.345
-100.148
-393.788
-393.535
-393.889
-394.652
-395.793
-397.297
-399.433
-401.883
-405.193
-408.573
-413.075
-416.871
-422.009
-424.867
-429.795
-430.844
-437.25
-440.171
-469.19
-503.716
-696.772
-1442.73
-1826.05
-1828.39
-1459.76
-451.968
97.2359
207.22
101.372
38.1423
-139.884
-161.511
-100.085
-366.489
-366.614
-367.079
-367.781
-368.798
-370.146
-372.12
-374.552
-377.977
-381.859
-387.102
-392.211
-398.787
-403.685
-410.462
-413.572
-421.08
-423.721
-446.849
-461.208
-670.769
-1455.84
-1846.22
-1825.76
-1437.89
-419.48
123.74
222.103
108.243
39.9656
-139.441
-161.904
-100.651
-345.48
-345.954
-346.645
-347.504
-348.681
-350.233
-352.46
-355.325
-359.361
-364.189
-370.499
-376.96
-384.734
-390.945
-398.843
-403.062
-411.667
-415.09
-432.905
-434.327
-639.901
-1442.68
-1843.03
-1812.45
-1412.9
-388.805
143.268
233.16
112.722
41.3071
-139.422
-162.218
-99.9323
-331.252
-331.697
-332.364
-333.256
-334.557
-336.344
-338.929
-342.387
-347.218
-353.106
-360.572
-368.309
-376.946
-384.247
-392.561
-398.611
-409.075
-412.211
-425.862
-421.648
-617.681
-1418.57
-1827.75
-1796.83
-1389.78
-366.609
156.028
240.622
114.826
42.0763
-139.584
-162.382
-100.118
-320.225
-320.714
-321.456
-322.467
-323.91
-325.934
-328.88
-332.891
-338.574
-345.651
-354.301
-363.132
-372.562
-380.273
-390.065
-397.474
-407.678
-410.648
-422.794
-415.798
-599.504
-1391.83
-1807.34
-1781.41
-1369.2
-348.426
166.169
246.075
115.672
42.5993
-139.885
-162.481
-100.112
-311.816
-312.412
-313.18
-314.191
-315.618
-317.661
-320.896
-325.537
-332.188
-340.473
-350.28
-360.075
-370.126
-379.179
-389.524
-396.814
-407.095
-410.193
-422.133
-414.657
-584.416
-1365.54
-1786.27
-1767.43
-1352.47
-333.236
174.176
249.457
116.055
42.8445
-140.202
-162.543
-100.086
-305.689
-306.184
-306.828
-307.641
-308.977
-311.15
-314.679
-319.982
-327.619
-337.167
-348.091
-359.056
-370.018
-379.052
-389.07
-396.542
-406.936
-410.136
-422.351
-415.771
-573.513
-1342.08
-1766.95
-1755.3
-1339.13
-321.109
180.618
251.153
116.437
42.8456
-140.487
-162.579
-100.07
-301.022
-301.435
-301.955
-302.646
-303.966
-306.249
-309.991
-315.849
-324.564
-335.318
-347.335
-359
-369.949
-378.886
-389.05
-396.568
-406.961
-410.188
-422.747
-417.351
-566.05
-1323.48
-1751.1
-1745.21
-1328.72
-311.454
185.581
251.818
116.82
42.6965
-140.723
-162.594
-100.058
-298.031
-298.253
-298.599
-299.247
-300.427
-302.549
-306.38
-312.823
-322.507
-334.277
-347.125
-359.225
-370.282
-379.133
-389.215
-396.672
-407.046
-410.233
-423.107
-418.866
-561.19
-1309.02
-1739.63
-1737.01
-1320.49
-303.7
188.519
252.11
117.08
42.4864
-140.907
-162.595
-100.049
-296.098
-296.157
-296.379
-296.858
-297.79
-299.77
-303.684
-310.603
-321.196
-333.917
-347.385
-359.733
-370.712
-379.402
-389.407
-396.804
-407.133
-410.265
-423.416
-420.261
-558.965
-1297.98
-1731.6
-1730.56
-1314.06
-298.685
189.718
252.434
117.18
42.2728
-141.045
-162.589
-100.043
-294.832
-294.841
-294.951
-295.225
-295.924
-297.768
-301.723
-309.07
-320.546
-333.968
-347.786
-360.2
-371.1
-379.666
-389.592
-396.936
-407.226
-410.304
-423.672
-421.456
-558.25
-1291.01
-1725.82
-1726.1
-1310.07
-296.435
190.321
252.783
117.159
42.0865
-141.146
-162.579
-100.039
-294.032
-293.986
-294.001
-294.108
-294.587
-296.281
-300.252
-308.047
-320.264
-334.171
-348.188
-360.614
-371.438
-379.897
-389.755
-397.055
-407.32
-410.357
-423.877
-422.422
-558.211
-1287.41
-1721.82
-1723.56
-1308.22
-295.554
190.876
253.068
117.069
41.9369
-141.216
-162.568
-100.036
-293.595
-293.495
-293.421
-293.397
-293.668
-295.204
-299.184
-307.411
-320.189
-334.427
-348.549
-360.964
-371.714
-380.092
-389.891
-397.162
-407.409
-410.421
-424.043
-423.18
-558.589
-1285.73
-1719.36
-1722.13
-1307.43
-294.766
191.354
253.258
116.955
41.8204
-141.263
-162.558
-100.036
-293.373
-293.224
-293.083
-292.972
-293.055
-294.435
-298.465
-307.049
-320.239
-334.684
-348.858
-361.246
-371.934
-380.252
-390.008
-397.255
-407.492
-410.489
-424.182
-423.774
-559.195
-1285.04
-1717.99
-1721.18
-1306.74
-293.822
191.737
253.357
116.845
41.7301
-141.296
-162.549
-100.037
-293.259
-293.077
-292.912
-292.734
-292.649
-293.915
-298.037
-306.877
-320.36
-334.927
-349.117
-361.466
-372.106
-380.382
-390.107
-397.335
-407.566
-410.558
-424.304
-424.246
-559.863
-1284.91
-1717.29
-1720.48
-1305.95
-292.931
192.04
253.384
116.754
41.6621
-141.318
-162.541
-100.039
-293.209
-293.014
-292.845
-292.616
-292.392
-293.595
-297.823
-306.846
-320.52
-335.153
-349.332
-361.637
-372.24
-380.489
-390.191
-397.403
-407.63
-410.622
-424.413
-424.627
-560.487
-1285.1
-1716.97
-1719.91
-1305.08
-292.185
192.276
253.364
116.685
41.6137
-141.335
-162.534
-100.042
-293.203
-293.004
-292.833
-292.576
-292.249
-293.431
-297.752
-306.913
-320.7
-335.36
-349.513
-361.773
-372.344
-380.575
-390.261
-397.459
-407.683
-410.681
-424.512
-424.942
-561.04
-1285.44
-1716.85
-1719.4
-1304.21
-291.569
192.454
253.319
116.638
41.581
-141.349
-162.528
-100.045
-293.223
-293.021
-292.853
-292.584
-292.192
-293.382
-297.771
-307.044
-320.889
-335.551
-349.667
-361.881
-372.424
-380.644
-390.32
-397.504
-407.725
-410.733
-424.602
-425.205
-561.518
-1285.82
-1716.82
-1718.92
-1303.38
-291.057
192.584
253.264
116.609
41.5596
-141.36
-162.523
-100.049
-293.256
-293.053
-292.888
-292.622
-292.199
-293.411
-297.853
-307.211
-321.082
-335.726
-349.802
-361.97
-372.486
-380.697
-390.366
-397.54
-407.759
-410.777
-424.681
-425.427
-561.925
-1286.17
-1716.82
-1718.46
-1302.66
-290.641
192.676
253.209
116.593
41.546
-141.369
-162.519
-100.053
-293.297
-293.091
-292.927
-292.673
-292.25
-293.484
-297.972
-307.397
-321.273
-335.887
-349.919
-362.043
-372.534
-380.739
-390.403
-397.568
-407.784
-410.812
-424.749
-425.615
-562.267
-1286.48
-1716.83
-1718.03
-1302.05
-290.317
192.738
253.159
116.587
41.5375
-141.376
-162.515
-100.057
-293.341
-293.131
-292.967
-292.729
-292.326
-293.58
-298.11
-307.588
-321.457
-336.034
-350.021
-362.104
-372.57
-380.769
-390.432
-397.589
-407.803
-410.839
-424.805
-425.774
-562.55
-1286.75
-1716.82
-1717.65
-1301.55
-290.072
192.778
253.117
116.586
41.5321
-141.383
-162.513
-100.061
-293.386
-293.171
-293.006
-292.783
-292.413
-293.685
-298.252
-307.776
-321.63
-336.166
-350.111
-362.156
-372.598
-380.792
-390.454
-397.604
-407.815
-410.858
-424.851
-425.907
-562.783
-1286.97
-1716.79
-1717.31
-1301.13
-289.89
192.802
253.082
116.588
41.5286
-141.388
-162.511
-100.065
-293.43
-293.21
-293.04
-292.832
-292.501
-293.791
-298.386
-307.95
-321.788
-336.283
-350.189
-362.199
-372.619
-380.808
-390.47
-397.614
-407.823
-410.871
-424.886
-426.019
-562.975
-1287.16
-1716.76
-1717.02
-1300.79
-289.755
192.816
253.054
116.591
41.5264
-141.392
-162.51
-100.069
-293.472
-293.246
-293.072
-292.874
-292.582
-293.895
-298.508
-308.108
-321.928
-336.386
-350.257
-362.236
-372.635
-380.819
-390.482
-397.622
-407.828
-410.879
-424.913
-426.11
-563.133
-1287.31
-1716.72
-1716.77
-1300.52
-289.654
192.824
253.034
116.593
41.5252
-141.396
-162.51
-100.073
-293.511
-293.28
-293.1
-292.908
-292.65
-294.003
-298.613
-308.244
-322.048
-336.473
-350.313
-362.266
-372.647
-380.826
-390.491
-397.627
-407.831
-410.884
-424.932
-426.184
-563.26
-1287.43
-1716.68
-1716.56
-1300.32
-289.58
192.829
253.018
116.596
41.5245
-141.398
-162.51
-100.076
-293.545
-293.311
-293.125
-292.935
-292.703
-294.114
-298.704
-308.358
-322.147
-336.544
-350.36
-362.29
-372.655
-380.831
-390.497
-397.63
-407.832
-410.886
-424.945
-426.241
-563.362
-1287.54
-1716.64
-1716.37
-1300.19
-289.526
192.833
253.007
116.598
41.5245
-141.399
-162.511
-100.08
-293.572
-293.337
-293.147
-292.955
-292.74
-294.184
-298.78
-308.448
-322.225
-336.6
-350.396
-362.309
-372.662
-380.835
-390.502
-397.633
-407.832
-410.887
-424.955
-426.285
-563.441
-1287.63
-1716.61
-1716.22
-1300.11
-289.49
192.836
253.001
116.6
41.525
-141.4
-162.512
-100.083
-293.591
-293.355
-293.164
-292.967
-292.759
-294.193
-298.842
-308.514
-322.282
-336.641
-350.422
-362.323
-372.667
-380.837
-390.506
-397.635
-407.833
-410.888
-424.962
-426.316
-563.498
-1287.69
-1716.59
-1716.12
-1300.06
-289.465
192.839
252.997
116.601
41.5256
-141.4
-162.513
-100.085
-293.601
-293.366
-293.174
-292.974
-292.766
-294.213
-298.883
-308.556
-322.318
-336.666
-350.439
-362.332
-372.67
-380.838
-390.509
-397.637
-407.834
-410.889
-424.966
-426.335
-563.534
-1287.74
-1716.58
-1716.07
-1300.04
-289.451
192.842
252.995
116.602
41.526
-141.399
-162.515
-100.084
-293.605
-293.371
-293.179
-292.979
-292.768
-294.227
-298.887
-308.577
-322.335
-336.679
-350.447
-362.337
-372.671
-380.839
-390.511
-397.638
-407.835
-410.89
-424.969
-426.345
-563.552
-1287.76
-1716.58
-1716.05
-1300.03
-289.438
192.847
252.995
116.601
41.5248
-141.407
-162.516
-100.078
-293.608
-293.373
-293.18
-292.977
-292.77
-294.156
-298.91
-308.584
-322.342
-336.683
-350.45
-362.339
-372.673
-380.84
-390.512
-397.639
-407.835
-410.89
-424.97
-426.349
-563.567
-1287.78
-1716.58
-1716.04
-1300.01
-289.4
192.863
252.993
116.593
41.5146
-141.424
-162.515
-100.049
)
;

boundaryField
{
    inlet
    {
        type            zeroGradient;
    }
    outlet
    {
        type            fixedValue;
        value           uniform 0;
    }
    lowerWallStartup
    {
        type            symmetryPlane;
    }
    upperWallStartup
    {
        type            symmetryPlane;
    }
    upperWall
    {
        type            zeroGradient;
    }
    lowerWall
    {
        type            zeroGradient;
    }
    front
    {
        type            empty;
    }
    back
    {
        type            empty;
    }
}


// ************************************************************************* //
