/*--------------------------------*- C++ -*----------------------------------*\
| =========                 |                                                 |
| \\      /  F ield         | OpenFOAM: The Open Source CFD Toolbox           |
|  \\    /   O peration     | Version:  2506                                  |
|   \\  /    A nd           | Website:  www.openfoam.com                      |
|    \\/     M anipulation  |                                                 |
\*---------------------------------------------------------------------------*/
FoamFile
{
    version     2.0;
    format      ascii;
    arch        "LSB;label=32;scalar=64";
    class       surfaceScalarField;
    location    "1000";
    object      phi;
}
// * * * * * * * * * * * * * * * * * * * * * * * * * * * * * * * * * * * * * //

dimensions      [0 3 -1 0 0 0 0];

oriented        oriented;

internalField   nonuniform List<scalar> 
40747
(
8.97386e-06
5.90664e-06
4.1557e-06
4.81816e-06
1.08883e-05
1.30197e-05
8.06329e-06
6.98071e-06
1.32386e-05
2.15578e-05
1.18257e-05
9.47619e-06
1.61344e-05
3.17672e-05
1.55946e-05
1.23656e-05
1.97155e-05
4.39207e-05
1.94642e-05
1.58458e-05
2.41601e-05
5.83133e-05
2.35085e-05
2.01159e-05
2.96965e-05
7.52551e-05
2.78013e-05
2.54037e-05
3.66162e-05
9.50586e-05
3.24298e-05
3.19877e-05
4.52924e-05
0.000118019
3.75052e-05
4.0217e-05
5.62034e-05
0.000144382
4.31742e-05
5.05344e-05
6.9963e-05
0.000174302
4.96315e-05
6.35057e-05
8.73587e-05
0.000207775
5.71309e-05
7.98594e-05
0.000109401
0.000244548
6.59931e-05
0.000100539
0.000137386
0.000283992
7.6608e-05
0.000126771
0.000172971
0.000324937
8.9425e-05
0.000160154
0.000218267
0.00036545
0.000104916
0.000202776
0.000275939
0.000402565
0.000123491
0.000257363
0.000349314
0.000431961
0.000145364
0.000327442
0.000442324
0.000447772
0.000170193
0.000417495
0.000558025
0.000443966
0.000195403
0.000532815
0.000693845
0.000420576
0.000212153
0.000677095
0.000836769
0.000394874
0.000208076
0.000840847
0.000997452
0.000378593
0.000196164
0.00100937
0.00120648
0.000359062
0.000185464
0.00121718
0.0014604
0.000334545
0.000172643
0.00147322
0.0017667
0.000304872
0.000157204
0.00178214
0.00213719
0.00026902
0.000138768
0.00215562
0.00258536
0.000225703
0.000116751
0.00260738
0.00312749
0.000173388
9.04523e-05
0.00315379
0.0037833
0.000110212
5.90049e-05
0.00381475
0.00362499
4.97341e-05
2.91356e-05
0.00365486
0.00362499
-1.07451e-05
-5.89958e-07
0.00365472
0.00362501
-7.12471e-05
-3.0307e-05
0.00365474
0.00362502
-0.000131758
-6.01872e-05
0.00365491
0.00366862
-0.000193105
-9.06598e-05
0.0036991
0.00305203
-0.000244264
-0.00011628
0.00307765
0.00253906
-0.000286914
-0.000137847
0.00256063
0.00211229
-0.000322456
-0.00015601
0.00213046
0.00175726
-0.000352076
-0.000171311
0.00177256
0.00146187
-0.000376729
-0.000184126
0.00147469
0.00121546
-0.000396571
-0.000194831
0.00122616
0.00101066
-0.000412605
-0.000205988
0.00102182
0.000850444
-0.000435625
-0.00021384
0.000858298
0.000714955
-0.000462249
-0.000201101
0.000702217
0.000581892
-0.000471523
-0.000177167
0.000557958
0.000465337
-0.000460501
-0.000152169
0.000440339
0.000370095
-0.000434315
-0.000129635
0.000347561
0.000294211
-0.000398863
-0.000110275
0.000274851
0.000234114
-0.000358732
-9.40107e-05
0.00021785
0.00018658
-0.000317168
-8.05024e-05
0.000173072
0.000148983
-0.000276359
-6.93186e-05
0.000137799
0.000119225
-0.000237698
-6.00227e-05
0.00010993
9.56456e-05
-0.000201998
-5.22197e-05
8.78427e-05
7.69317e-05
-0.000169664
-4.5575e-05
7.02869e-05
6.20521e-05
-0.000140819
-3.98157e-05
5.62928e-05
5.01965e-05
-0.000115398
-3.47265e-05
4.51074e-05
4.07285e-05
-9.32213e-05
-3.01417e-05
3.61437e-05
3.31477e-05
-7.40383e-05
-2.59349e-05
2.89409e-05
2.70612e-05
-5.75656e-05
-2.20094e-05
2.31357e-05
2.21595e-05
-4.35095e-05
-1.82883e-05
1.84384e-05
1.81993e-05
-3.15813e-05
-1.47049e-05
1.46159e-05
1.49887e-05
-2.1507e-05
-1.1191e-05
1.14748e-05
1.23766e-05
-1.30339e-05
-7.65717e-06
8.84278e-06
1.02438e-05
-5.93288e-06
-3.95864e-06
6.54526e-06
8.49619e-06
4.53756e-06
1.72155e-06
3.09661e-06
1.61968e-06
1.01865e-07
1.59318e-06
2.65044e-08
1.57478e-06
1.83966e-08
1.56045e-06
1.4339e-08
1.55337e-06
7.07115e-09
1.54946e-06
3.91962e-09
1.54654e-06
2.91792e-09
1.54441e-06
2.1255e-09
1.54234e-06
2.07673e-09
1.54082e-06
1.5148e-09
1.53863e-06
2.19353e-09
1.53637e-06
2.26365e-09
1.53426e-06
2.10649e-09
1.5319e-06
2.35531e-09
1.52954e-06
2.36374e-09
1.52699e-06
2.55266e-09
1.52432e-06
2.66666e-09
1.52209e-06
2.22973e-09
1.51999e-06
2.09743e-09
1.51742e-06
2.57902e-09
1.51419e-06
3.22413e-09
1.5106e-06
3.59378e-09
1.50674e-06
3.85939e-09
1.50285e-06
3.89327e-09
1.49898e-06
3.86752e-09
1.49495e-06
4.02772e-09
1.49122e-06
3.73577e-09
1.48697e-06
4.25085e-09
1.48313e-06
3.84043e-09
1.47931e-06
3.81219e-09
1.47412e-06
5.19188e-09
1.47093e-06
3.19504e-09
1.4617e-06
9.23434e-09
1.4549e-06
6.80007e-09
1.47515e-06
-2.02493e-08
1.5338e-06
-5.86573e-08
1.58471e-06
-5.0908e-08
1.5847e-06
1.06786e-11
1.57278e-06
1.1919e-08
1.57117e-06
1.61212e-09
1.57166e-06
-4.92e-10
1.57454e-06
-2.87606e-09
1.57933e-06
-4.78989e-09
1.58433e-06
-5.0076e-09
1.5891e-06
-4.76311e-09
1.59295e-06
-3.84994e-09
1.59292e-06
2.61527e-11
1.59277e-06
1.52913e-10
1.59042e-06
2.36057e-09
1.58357e-06
6.84451e-09
1.5787e-06
4.87841e-09
1.5752e-06
3.50607e-09
1.57459e-06
6.11864e-10
1.57833e-06
-3.73896e-09
1.57759e-06
7.44915e-10
1.56396e-06
1.36326e-08
1.53578e-06
2.81848e-08
1.50137e-06
3.44115e-08
1.4691e-06
3.22762e-08
1.44072e-06
2.83756e-08
1.41052e-06
3.02058e-08
1.38058e-06
2.99397e-08
1.36204e-06
1.85412e-08
1.34163e-06
2.04052e-08
1.32024e-06
2.13945e-08
1.29899e-06
2.12476e-08
1.27883e-06
2.01664e-08
1.26039e-06
1.84403e-08
1.24379e-06
1.66045e-08
1.22898e-06
1.48078e-08
1.21442e-06
1.45644e-08
1.19997e-06
1.44582e-08
1.18758e-06
1.23977e-08
1.17502e-06
1.25649e-08
1.16113e-06
1.38998e-08
1.14499e-06
1.61451e-08
1.12784e-06
1.71712e-08
1.10863e-06
1.92287e-08
1.08857e-06
2.00819e-08
1.06512e-06
2.3481e-08
1.0403e-06
2.48636e-08
1.01043e-06
2.99282e-08
9.78698e-07
3.17943e-08
9.48105e-07
3.06851e-08
9.13643e-07
3.45688e-08
9.72573e-07
-5.87799e-08
-2.33492e-07
1.20619e-06
4.20925e-06
5.86807e-06
4.01208e-06
2.99029e-07
3.95863e-06
7.99554e-08
3.92079e-06
5.62353e-08
3.89088e-06
4.42564e-08
3.87534e-06
2.26125e-08
3.86611e-06
1.3141e-08
3.85897e-06
1.00608e-08
3.8535e-06
7.59447e-09
3.84823e-06
7.34654e-09
3.84425e-06
5.50293e-09
3.83913e-06
7.31489e-09
3.83401e-06
7.38012e-09
3.82935e-06
6.76994e-09
3.82427e-06
7.4299e-09
3.81929e-06
7.34299e-09
3.81408e-06
7.76885e-09
3.80862e-06
8.12562e-09
3.80395e-06
6.89793e-09
3.79955e-06
6.4981e-09
3.79431e-06
7.82233e-09
3.78792e-06
9.61362e-09
3.78088e-06
1.06269e-08
3.77334e-06
1.14041e-08
3.76571e-06
1.15256e-08
3.75808e-06
1.14979e-08
3.75008e-06
1.20306e-08
3.74258e-06
1.12323e-08
3.73402e-06
1.28144e-08
3.7262e-06
1.16624e-08
3.71831e-06
1.16965e-08
3.70766e-06
1.58494e-08
3.7006e-06
1.02488e-08
3.68029e-06
2.95509e-08
3.66723e-06
1.9863e-08
3.70013e-06
-5.3155e-08
3.75542e-06
-1.13946e-07
3.75978e-06
-5.52693e-08
3.70468e-06
5.51151e-08
3.67672e-06
3.98827e-08
3.6942e-06
-1.58701e-08
3.72444e-06
-3.0737e-08
3.75724e-06
-3.56735e-08
3.78811e-06
-3.56592e-08
3.81479e-06
-3.16942e-08
3.83729e-06
-2.72619e-08
3.85573e-06
-2.22831e-08
3.86644e-06
-1.06834e-08
3.87386e-06
-7.26572e-09
3.87438e-06
1.84178e-09
3.8647e-06
1.65303e-08
3.85438e-06
1.51977e-08
3.83808e-06
1.98187e-08
3.81232e-06
2.63767e-08
3.77513e-06
3.34566e-08
3.70751e-06
6.83619e-08
3.60436e-06
1.16786e-07
3.48267e-06
1.49883e-07
3.3662e-06
1.50875e-07
3.27065e-06
1.27835e-07
3.19391e-06
1.05118e-07
3.11194e-06
1.12173e-07
3.02136e-06
1.20523e-07
2.96268e-06
7.7217e-08
2.90256e-06
8.05241e-08
2.84286e-06
8.10985e-08
2.78672e-06
7.73916e-08
2.73576e-06
7.11239e-08
2.69171e-06
6.24935e-08
2.65416e-06
5.41507e-08
2.62347e-06
4.55076e-08
2.59512e-06
4.29099e-08
2.56828e-06
4.13063e-08
2.54721e-06
3.3468e-08
2.52501e-06
3.47725e-08
2.50031e-06
3.86075e-08
2.47004e-06
4.64313e-08
2.44006e-06
4.71607e-08
2.40438e-06
5.49186e-08
2.37139e-06
5.30943e-08
2.32862e-06
6.62804e-08
2.28689e-06
6.66294e-08
2.23023e-06
8.66384e-08
2.16595e-06
9.61258e-08
2.10123e-06
9.54827e-08
1.98939e-06
1.46494e-07
2.04374e-06
-1.13009e-07
-1.65432e-07
1.97578e-06
6.98392e-06
8.36035e-06
6.70565e-06
5.77296e-07
6.62672e-06
1.58892e-07
6.569e-06
1.13956e-07
6.52233e-06
9.09208e-08
6.49601e-06
4.89365e-08
6.47877e-06
3.03827e-08
6.4647e-06
2.41297e-08
6.4533e-06
1.89896e-08
6.4425e-06
1.81546e-08
6.43398e-06
1.40215e-08
6.42448e-06
1.68116e-08
6.41543e-06
1.64334e-08
6.40744e-06
1.47583e-08
6.39912e-06
1.57533e-08
6.39126e-06
1.5203e-08
6.38348e-06
1.55495e-08
6.37533e-06
1.62715e-08
6.36809e-06
1.41418e-08
6.36122e-06
1.33654e-08
6.35349e-06
1.55519e-08
6.34455e-06
1.85514e-08
6.335e-06
2.01832e-08
6.3248e-06
2.1602e-08
6.31444e-06
2.18825e-08
6.30397e-06
2.19728e-08
6.29283e-06
2.31674e-08
6.2822e-06
2.18648e-08
6.26996e-06
2.50578e-08
6.25856e-06
2.30651e-08
6.24673e-06
2.35196e-08
6.23095e-06
3.16283e-08
6.21918e-06
2.20223e-08
6.18543e-06
6.33089e-08
6.16877e-06
3.65164e-08
6.19698e-06
-8.13601e-08
6.14249e-06
-5.94518e-08
5.96395e-06
1.23271e-07
5.79151e-06
2.27551e-07
5.74027e-06
9.1122e-08
5.79224e-06
-6.78406e-08
5.87856e-06
-1.17058e-07
5.96919e-06
-1.26306e-07
6.05059e-06
-1.17055e-07
6.11989e-06
-1.00991e-07
6.17747e-06
-8.48412e-08
6.2256e-06
-7.04164e-08
6.26308e-06
-4.81624e-08
6.29027e-06
-3.44517e-08
6.30255e-06
-1.04391e-08
6.29749e-06
2.15946e-08
6.28208e-06
3.06147e-08
6.24013e-06
6.17724e-08
6.15566e-06
1.10854e-07
6.02245e-06
1.66664e-07
5.82118e-06
2.69643e-07
5.56821e-06
3.69758e-07
5.31312e-06
4.04972e-07
5.09228e-06
3.71714e-07
4.92161e-06
2.98515e-07
4.79012e-06
2.36604e-07
4.65166e-06
2.50631e-07
4.49474e-06
2.7745e-07
4.3924e-06
1.79558e-07
4.29054e-06
1.82377e-07
4.19165e-06
1.79997e-07
4.10061e-06
1.68425e-07
4.0194e-06
1.5234e-07
3.95059e-06
1.31302e-07
3.89312e-06
1.11625e-07
3.84757e-06
9.1059e-08
3.80682e-06
8.36623e-08
3.76924e-06
7.88887e-08
3.74082e-06
6.18963e-08
3.71041e-06
6.51801e-08
3.6767e-06
7.23294e-08
3.63455e-06
8.85891e-08
3.59416e-06
8.75527e-08
3.54473e-06
1.04361e-07
3.50165e-06
9.61921e-08
3.44266e-06
1.25292e-07
3.38755e-06
1.21769e-07
3.30705e-06
1.67179e-07
3.21414e-06
1.8908e-07
3.11278e-06
1.96901e-07
2.92603e-06
3.33317e-07
2.92609e-06
-1.12981e-07
9.74006e-08
2.66334e-06
1.00626e-05
1.06633e-05
9.70856e-06
9.31378e-07
9.6011e-06
2.66349e-07
9.52014e-06
1.9492e-07
9.45299e-06
1.58065e-07
9.41205e-06
8.9876e-08
9.38328e-06
5.91599e-08
9.35898e-06
4.84255e-08
9.33864e-06
3.93346e-08
9.31958e-06
3.72092e-08
9.30421e-06
2.93912e-08
9.28861e-06
3.24168e-08
9.27428e-06
3.07644e-08
9.26197e-06
2.70688e-08
9.24965e-06
2.8076e-08
9.23846e-06
2.63882e-08
9.228e-06
2.60087e-08
9.21706e-06
2.7211e-08
9.20695e-06
2.42582e-08
9.19728e-06
2.30308e-08
9.18703e-06
2.58012e-08
9.17593e-06
2.96532e-08
9.16452e-06
3.1593e-08
9.15245e-06
3.36776e-08
9.14013e-06
3.41995e-08
9.1275e-06
3.46057e-08
9.11381e-06
3.68534e-08
9.10045e-06
3.52223e-08
9.0849e-06
4.06175e-08
9.07007e-06
3.78919e-08
9.05427e-06
3.93213e-08
9.03331e-06
5.25874e-08
9.01591e-06
3.94219e-08
8.96626e-06
1.12966e-07
8.9474e-06
5.53732e-08
8.95907e-06
-9.30295e-08
8.73067e-06
1.68957e-07
8.29921e-06
5.54728e-07
7.98208e-06
5.44681e-07
7.89929e-06
1.73913e-07
7.98512e-06
-1.53678e-07
8.13253e-06
-2.64461e-07
8.28922e-06
-2.83003e-07
8.43044e-06
-2.5827e-07
8.5518e-06
-2.2235e-07
8.65325e-06
-1.86295e-07
8.7394e-06
-1.56567e-07
8.81278e-06
-1.21541e-07
8.86736e-06
-8.90251e-08
8.89742e-06
-4.04989e-08
8.90202e-06
1.69993e-08
8.88266e-06
4.99767e-08
8.8093e-06
1.35145e-07
8.65046e-06
2.69695e-07
8.39887e-06
4.1826e-07
8.04299e-06
6.25526e-07
7.62597e-06
7.86785e-07
7.22982e-06
8.01115e-07
6.90033e-06
7.01213e-07
6.65122e-06
5.47625e-07
6.46216e-06
4.25656e-07
6.26613e-06
4.46663e-07
6.04312e-06
5.00464e-07
5.89725e-06
3.25423e-07
5.75386e-06
3.25768e-07
5.61597e-06
3.17896e-07
5.49003e-06
2.94364e-07
5.37829e-06
2.64076e-07
5.28414e-06
2.25458e-07
5.20591e-06
1.89851e-07
5.14435e-06
1.52626e-07
5.09012e-06
1.37895e-07
5.04077e-06
1.28234e-07
5.00356e-06
9.91115e-08
4.96379e-06
1.04956e-07
4.92013e-06
1.15996e-07
4.86549e-06
1.4324e-07
4.81366e-06
1.39392e-07
4.7496e-06
1.68426e-07
4.69465e-06
1.51161e-07
4.61807e-06
2.01891e-07
4.54721e-06
1.92653e-07
4.44103e-06
2.73399e-07
4.31755e-06
3.12602e-07
4.17511e-06
3.39399e-07
3.91567e-06
5.92819e-07
3.84525e-06
-4.24734e-08
5.10006e-07
3.43273e-06
1.37008e-05
1.28083e-05
1.32718e-05
1.36042e-06
1.31298e-05
4.08346e-07
1.30196e-05
3.05091e-07
1.29257e-05
2.51983e-07
1.28643e-05
1.5128e-07
1.28189e-05
1.04485e-07
1.27798e-05
8.75574e-08
1.27464e-05
7.27938e-08
1.27153e-05
6.82168e-08
1.269e-05
5.47767e-08
1.26658e-05
5.65538e-08
1.26443e-05
5.22751e-08
1.26262e-05
4.5149e-08
1.26088e-05
4.55152e-08
1.25936e-05
4.1613e-08
1.25801e-05
3.94516e-08
1.25661e-05
4.12041e-08
1.25527e-05
3.7703e-08
1.25397e-05
3.60135e-08
1.25267e-05
3.87671e-08
1.25138e-05
4.26081e-08
1.25012e-05
4.41788e-08
1.24881e-05
4.68051e-08
1.24746e-05
4.76417e-08
1.24606e-05
4.86347e-08
1.2445e-05
5.24563e-08
1.24294e-05
5.08641e-08
1.24108e-05
5.91401e-08
1.23927e-05
5.60338e-08
1.23728e-05
5.92123e-08
1.23464e-05
7.89935e-08
1.23224e-05
6.34657e-08
1.22537e-05
1.81667e-07
1.22332e-05
7.5869e-08
1.2219e-05
-7.88519e-08
1.17609e-05
6.27029e-07
1.10112e-05
1.30443e-06
1.05178e-05
1.03808e-06
1.039e-05
3.01709e-07
1.05061e-05
-2.69708e-07
1.07175e-05
-4.75889e-07
1.09467e-05
-5.12245e-07
1.11558e-05
-4.6731e-07
1.13376e-05
-4.04233e-07
1.14911e-05
-3.3975e-07
1.16229e-05
-2.88402e-07
1.17404e-05
-2.38978e-07
1.18295e-05
-1.78179e-07
1.18832e-05
-9.41488e-08
1.19022e-05
-1.97394e-09
1.18806e-05
7.15247e-08
1.17725e-05
2.43261e-07
1.15284e-05
5.13815e-07
1.11416e-05
8.05102e-07
1.06128e-05
1.15426e-06
1.00144e-05
1.38523e-06
9.46173e-06
1.35378e-06
9.01036e-06
1.15258e-06
8.67164e-06
8.86344e-07
8.41587e-06
6.81431e-07
8.15525e-06
7.07278e-07
7.85984e-06
7.95879e-07
7.66601e-06
5.19249e-07
7.47673e-06
5.15051e-07
7.29563e-06
4.98996e-07
7.13072e-06
4.59278e-07
6.98454e-06
4.10256e-07
6.86127e-06
3.48729e-07
6.75876e-06
2.92363e-07
6.67782e-06
2.33571e-07
6.60719e-06
2.08522e-07
6.5434e-06
1.92029e-07
6.4946e-06
1.47908e-07
6.44293e-06
1.56634e-07
6.38704e-06
1.71891e-07
6.31766e-06
2.1263e-07
6.2518e-06
2.05265e-07
6.17037e-06
2.49867e-07
6.10002e-06
2.21525e-07
6.00236e-06
2.99571e-07
5.9111e-06
2.83947e-07
5.77498e-06
4.09549e-07
5.61513e-06
4.72495e-07
5.42514e-06
5.29452e-07
5.08766e-06
9.30366e-07
4.93603e-06
1.09255e-07
1.06213e-06
4.38399e-06
1.8127e-05
1.47972e-05
1.76235e-05
1.86398e-06
1.74389e-05
5.92913e-07
1.72913e-05
4.52667e-07
1.71619e-05
3.8139e-07
1.7072e-05
2.41215e-07
1.70033e-05
1.73182e-07
1.69431e-05
1.47771e-07
1.68909e-05
1.25003e-07
1.68429e-05
1.16161e-07
1.68032e-05
9.44531e-08
1.67673e-05
9.25182e-08
1.6736e-05
8.3561e-08
1.67102e-05
7.09874e-08
1.66861e-05
6.96016e-08
1.66658e-05
6.18946e-08
1.66489e-05
5.63448e-08
1.66315e-05
5.85788e-08
1.66142e-05
5.502e-08
1.65972e-05
5.29739e-08
1.65813e-05
5.47557e-08
1.65668e-05
5.70734e-08
1.65539e-05
5.70896e-08
1.65408e-05
5.98929e-08
1.65274e-05
6.10592e-08
1.6513e-05
6.29636e-08
1.64965e-05
6.90164e-08
1.64793e-05
6.80605e-08
1.64584e-05
7.99954e-08
1.64373e-05
7.71673e-08
1.64134e-05
8.31441e-08
1.63814e-05
1.11011e-07
1.63498e-05
9.501e-08
1.62586e-05
2.72931e-07
1.62362e-05
9.81804e-08
1.619e-05
-3.26487e-08
1.54497e-05
1.3674e-06
1.43085e-05
2.44561e-06
1.35946e-05
1.75196e-06
1.34008e-05
4.95529e-07
1.35402e-05
-4.09124e-07
1.38181e-05
-7.53776e-07
1.41268e-05
-8.20974e-07
1.44125e-05
-7.52994e-07
1.46642e-05
-6.55949e-07
1.48787e-05
-5.5419e-07
1.50644e-05
-4.74158e-07
1.52343e-05
-4.08877e-07
1.53658e-05
-3.09626e-07
1.54493e-05
-1.777e-07
1.54878e-05
-4.04578e-08
1.54668e-05
9.25308e-08
1.53229e-05
3.87236e-07
1.49857e-05
8.5094e-07
1.44484e-05
1.34248e-06
1.37259e-05
1.87677e-06
1.29214e-05
2.18964e-06
1.21875e-05
2.08775e-06
1.15921e-05
1.74791e-06
1.11452e-05
1.3333e-06
1.08076e-05
1.01897e-06
1.04706e-05
1.04435e-06
1.00916e-05
1.17485e-06
9.84203e-06
7.6882e-07
9.59928e-06
7.57807e-07
9.36771e-06
7.3056e-07
9.15691e-06
6.7008e-07
8.96975e-06
5.97418e-07
8.81122e-06
5.07261e-07
8.67876e-06
4.24829e-07
8.57319e-06
3.39145e-07
8.48165e-06
3.00062e-07
8.39928e-06
2.74401e-07
8.33476e-06
2.12439e-07
8.26737e-06
2.24024e-07
8.19579e-06
2.43478e-07
8.10819e-06
3.00239e-07
8.02444e-06
2.89028e-07
7.92146e-06
3.5286e-07
7.83063e-06
3.1238e-07
7.70676e-06
4.23466e-07
7.58837e-06
4.02368e-07
7.41629e-06
5.8167e-07
7.21139e-06
6.77442e-07
6.96563e-06
7.75279e-07
6.54066e-06
1.35542e-06
6.29639e-06
3.53627e-07
1.75506e-06
5.60358e-06
2.3582e-05
1.66188e-05
2.30051e-05
2.44092e-06
2.27679e-05
8.30126e-07
2.25722e-05
6.48352e-07
2.23958e-05
5.57805e-07
2.22666e-05
3.70431e-07
2.21654e-05
2.74322e-07
2.20759e-05
2.37344e-07
2.19974e-05
2.0344e-07
2.1926e-05
1.87619e-07
2.18663e-05
1.54104e-07
2.18141e-05
1.44734e-07
2.17696e-05
1.28122e-07
2.17333e-05
1.07289e-07
2.17004e-05
1.02421e-07
2.16736e-05
8.86851e-08
2.16526e-05
7.74048e-08
2.16314e-05
7.97523e-08
2.16096e-05
7.68408e-08
2.15878e-05
7.47308e-08
2.15684e-05
7.42294e-08
2.15527e-05
7.27187e-08
2.15405e-05
6.93116e-08
2.15288e-05
7.15505e-08
2.1517e-05
7.29152e-08
2.15039e-05
7.60642e-08
2.14878e-05
8.51189e-08
2.14702e-05
8.56594e-08
2.1448e-05
1.0213e-07
2.14246e-05
1.00604e-07
2.1397e-05
1.10773e-07
2.13595e-05
1.48535e-07
2.132e-05
1.34464e-07
2.12026e-05
3.90303e-07
2.1177e-05
1.23796e-07
2.10976e-05
4.67407e-08
2.00282e-05
2.43686e-06
1.84117e-05
4.06211e-06
1.74159e-05
2.74773e-06
1.71244e-05
7.87025e-07
1.7275e-05
-5.59729e-07
1.76201e-05
-1.09882e-06
1.80154e-05
-1.21626e-06
1.83875e-05
-1.1251e-06
1.87196e-05
-9.88041e-07
1.90053e-05
-8.39957e-07
1.92543e-05
-7.23105e-07
1.94857e-05
-6.40349e-07
1.96682e-05
-4.92049e-07
1.97888e-05
-2.98327e-07
1.98527e-05
-1.04361e-07
1.98362e-05
1.0902e-07
1.96578e-05
5.65689e-07
1.92236e-05
1.28517e-06
1.85222e-05
2.04384e-06
1.75827e-05
2.81628e-06
1.65414e-05
3.231e-06
1.55927e-05
3.03643e-06
1.48227e-05
2.5179e-06
1.42413e-05
1.91474e-06
1.38006e-05
1.4596e-06
1.33704e-05
1.47454e-06
1.28926e-05
1.65267e-06
1.25767e-05
1.08476e-06
1.22701e-05
1.06437e-06
1.19782e-05
1.02249e-06
1.17121e-05
9.36201e-07
1.1475e-05
8.34504e-07
1.12727e-05
7.0952e-07
1.11024e-05
5.95125e-07
1.09649e-05
4.76713e-07
1.08461e-05
4.18894e-07
1.07393e-05
3.81178e-07
1.06532e-05
2.98569e-07
1.05647e-05
3.12531e-07
1.04725e-05
3.3566e-07
1.03618e-05
4.10919e-07
1.02548e-05
3.9602e-07
1.01246e-05
4.83115e-07
1.00063e-05
4.30732e-07
9.84923e-06
5.8053e-07
9.69457e-06
5.57066e-07
9.47851e-06
7.97782e-07
9.21705e-06
9.38968e-07
8.90533e-06
1.08708e-06
8.38109e-06
1.87976e-06
8.03012e-06
7.04726e-07
2.59366e-06
7.19166e-06
3.03469e-05
1.82595e-05
2.96987e-05
3.08917e-06
2.93965e-05
1.13234e-06
2.9139e-05
9.05802e-07
2.89008e-05
7.96083e-07
2.87182e-05
5.52969e-07
2.85728e-05
4.19785e-07
2.8443e-05
3.67071e-07
2.83286e-05
3.17877e-07
2.8225e-05
2.9117e-07
2.81379e-05
2.41206e-07
2.80636e-05
2.19107e-07
2.8001e-05
1.90659e-07
2.79506e-05
1.57731e-07
2.79062e-05
1.46833e-07
2.78708e-05
1.24077e-07
2.78444e-05
1.03769e-07
2.78189e-05
1.05324e-07
2.77918e-05
1.03924e-07
2.77642e-05
1.02302e-07
2.77405e-05
9.78951e-08
2.77239e-05
8.9342e-08
2.77135e-05
7.97603e-08
2.77049e-05
8.01365e-08
2.76965e-05
8.12856e-08
2.76866e-05
8.59375e-08
2.76729e-05
9.88129e-08
2.76566e-05
1.01987e-07
2.76348e-05
1.23949e-07
2.76103e-05
1.25147e-07
2.75797e-05
1.41331e-07
2.75372e-05
1.91044e-07
2.74902e-05
1.81455e-07
2.73436e-05
5.369e-07
2.73111e-05
1.56355e-07
2.72042e-05
1.53633e-07
2.57712e-05
3.86985e-06
2.35863e-05
6.24696e-06
2.22255e-05
4.1086e-06
2.17898e-05
1.2227e-06
2.19306e-05
-7.00556e-07
2.23394e-05
-1.50763e-06
2.28272e-05
-1.70402e-06
2.32959e-05
-1.59377e-06
2.37199e-05
-1.41211e-06
2.40888e-05
-1.20881e-06
2.44114e-05
-1.0457e-06
2.47144e-05
-9.4337e-07
2.49577e-05
-7.35325e-07
2.51237e-05
-4.64292e-07
2.52199e-05
-2.00615e-07
2.52134e-05
1.1553e-07
2.50048e-05
7.74333e-07
2.44742e-05
1.81574e-06
2.35993e-05
2.91878e-06
2.24196e-05
3.99602e-06
2.11056e-05
4.54497e-06
1.99007e-05
4.24136e-06
1.89162e-05
3.5024e-06
1.81653e-05
2.6656e-06
1.75928e-05
2.03213e-06
1.70472e-05
2.02016e-06
1.64509e-05
2.24898e-06
1.6055e-05
1.48061e-06
1.56715e-05
1.4479e-06
1.53065e-05
1.38743e-06
1.4973e-05
1.26978e-06
1.46744e-05
1.13309e-06
1.44173e-05
9.66608e-07
1.41987e-05
8.13733e-07
1.40191e-05
6.56271e-07
1.38642e-05
5.73801e-07
1.3725e-05
5.20388e-07
1.36092e-05
4.14425e-07
1.3492e-05
4.29677e-07
1.33724e-05
4.55279e-07
1.32321e-05
5.51289e-07
1.30946e-05
5.33495e-07
1.29295e-05
6.4823e-07
1.27743e-05
5.85996e-07
1.25749e-05
7.79957e-07
1.23718e-05
7.60175e-07
1.21013e-05
1.06842e-06
1.17686e-05
1.2717e-06
1.13782e-05
1.4776e-06
1.07415e-05
2.51658e-06
1.02653e-05
1.1811e-06
3.5845e-06
9.27464e-06
3.87642e-05
1.97124e-05
3.8047e-05
3.80629e-06
3.76648e-05
1.5146e-06
3.73284e-05
1.24217e-06
3.70094e-05
1.11504e-06
3.67556e-05
8.06863e-07
3.65504e-05
6.24932e-07
3.63666e-05
5.50861e-07
3.62036e-05
4.80945e-07
3.60568e-05
4.3792e-07
3.59325e-05
3.65529e-07
3.58281e-05
3.23493e-07
3.57413e-05
2.7748e-07
3.56717e-05
2.27306e-07
3.56118e-05
2.06779e-07
3.55647e-05
1.71108e-07
3.55312e-05
1.37277e-07
3.55003e-05
1.36258e-07
3.5467e-05
1.37247e-07
3.54323e-05
1.36968e-07
3.54034e-05
1.2682e-07
3.53857e-05
1.07053e-07
3.5378e-05
8.74624e-08
3.53742e-05
8.38974e-08
3.53716e-05
8.39383e-08
3.53673e-05
9.01475e-08
3.53586e-05
1.07586e-07
3.53458e-05
1.14782e-07
3.53265e-05
1.43242e-07
3.53027e-05
1.48968e-07
3.52705e-05
1.735e-07
3.52241e-05
2.37472e-07
3.51711e-05
2.34475e-07
3.49931e-05
7.14856e-07
3.4947e-05
2.02487e-07
3.48262e-05
2.74456e-07
3.30176e-05
5.67839e-06
3.01684e-05
9.09618e-06
2.83327e-05
5.94436e-06
2.76858e-05
1.86953e-06
2.77825e-05
-7.97239e-07
2.8244e-05
-1.96913e-06
2.88269e-05
-2.28696e-06
2.94014e-05
-2.16826e-06
2.99294e-05
-1.94011e-06
3.03943e-05
-1.67363e-06
3.08021e-05
-1.45352e-06
3.11874e-05
-1.32866e-06
3.15026e-05
-1.05052e-06
3.17233e-05
-6.85051e-07
3.18601e-05
-3.37318e-07
3.18706e-05
1.04968e-07
3.16394e-05
1.00558e-06
3.10198e-05
2.43536e-06
2.99687e-05
3.96989e-06
2.85293e-05
5.43546e-06
2.69051e-05
6.16913e-06
2.53951e-05
5.7514e-06
2.41462e-05
4.75127e-06
2.31806e-05
3.63118e-06
2.2438e-05
2.7748e-06
2.17474e-05
2.71069e-06
2.10078e-05
2.98867e-06
2.05152e-05
1.97319e-06
2.00383e-05
1.92478e-06
1.95846e-05
1.84116e-06
1.91682e-05
1.68611e-06
1.87935e-05
1.50788e-06
1.84673e-05
1.29279e-06
1.81867e-05
1.09434e-06
1.79518e-05
8.91156e-07
1.77489e-05
7.76748e-07
1.75663e-05
7.02981e-07
1.74096e-05
5.71099e-07
1.72535e-05
5.85821e-07
1.70969e-05
6.11832e-07
1.69179e-05
7.30339e-07
1.67402e-05
7.11236e-07
1.65302e-05
8.58201e-07
1.63257e-05
7.90602e-07
1.60719e-05
1.03377e-06
1.58047e-05
1.02744e-06
1.54658e-05
1.4074e-06
1.50439e-05
1.6937e-06
1.45586e-05
1.96303e-06
1.37954e-05
3.27998e-06
1.31685e-05
1.80816e-06
4.737e-06
1.20163e-05
4.92588e-05
2.09879e-05
4.84741e-05
4.59099e-06
4.79934e-05
1.99539e-06
4.75567e-05
1.67877e-06
4.71336e-05
1.53819e-06
4.67855e-05
1.15497e-06
4.6501e-05
9.09438e-07
4.62454e-05
8.06499e-07
4.60175e-05
7.0885e-07
4.58132e-05
6.42158e-07
4.5639e-05
5.39772e-07
4.54942e-05
4.68309e-07
4.53746e-05
3.97063e-07
4.5279e-05
3.22837e-07
4.51981e-05
2.8771e-07
4.51351e-05
2.34168e-07
4.50915e-05
1.80881e-07
4.50535e-05
1.74197e-07
4.50126e-05
1.78188e-07
4.49692e-05
1.80367e-07
4.49334e-05
1.62575e-07
4.4914e-05
1.26535e-07
4.49096e-05
9.18463e-08
4.49122e-05
8.12193e-08
4.49177e-05
7.85199e-08
4.49219e-05
8.59546e-08
4.4921e-05
1.08427e-07
4.49146e-05
1.21198e-07
4.49007e-05
1.57156e-07
4.48802e-05
1.69507e-07
4.48484e-05
2.05297e-07
4.47997e-05
2.86115e-07
4.47436e-05
2.90596e-07
4.45339e-05
9.24586e-07
4.4464e-05
2.72419e-07
4.43498e-05
3.88628e-07
4.21895e-05
7.8387e-06
3.85902e-05
1.26955e-05
3.61393e-05
8.39523e-06
3.51869e-05
2.82198e-06
3.51854e-05
-7.95797e-07
3.56756e-05
-2.45929e-06
3.63498e-05
-2.96124e-06
3.70364e-05
-2.85485e-06
3.76794e-05
-2.58308e-06
3.82534e-05
-2.24766e-06
3.87588e-05
-1.95887e-06
3.92374e-05
-1.80727e-06
3.96365e-05
-1.44959e-06
3.99226e-05
-9.71181e-07
4.01091e-05
-5.23723e-07
4.01454e-05
6.86178e-08
3.99027e-05
1.24836e-06
3.92094e-05
3.12867e-06
3.79904e-05
5.18888e-06
3.6281e-05
7.14484e-06
3.43119e-05
8.13822e-06
3.24427e-05
7.62069e-06
3.08692e-05
6.32472e-06
2.96315e-05
4.86892e-06
2.86686e-05
3.73767e-06
2.77943e-05
3.585e-06
2.68797e-05
3.90329e-06
2.62696e-05
2.5833e-06
2.56793e-05
2.5151e-06
2.51173e-05
2.4031e-06
2.45992e-05
2.20424e-06
2.41298e-05
1.97733e-06
2.37164e-05
1.70617e-06
2.33562e-05
1.45456e-06
2.30484e-05
1.1989e-06
2.27813e-05
1.04389e-06
2.25405e-05
9.43775e-07
2.23281e-05
7.83554e-07
2.21188e-05
7.95092e-07
2.19122e-05
8.18456e-07
2.16823e-05
9.60299e-07
2.14512e-05
9.42388e-07
2.11833e-05
1.12613e-06
2.09132e-05
1.06072e-06
2.05895e-05
1.35756e-06
2.02382e-05
1.37886e-06
1.98128e-05
1.83285e-06
1.92798e-05
2.22683e-06
1.86787e-05
2.56431e-06
1.77742e-05
4.18475e-06
1.69614e-05
2.6212e-06
6.06649e-06
1.56322e-05
6.2365e-05
2.21287e-05
6.15091e-05
5.44688e-06
6.09065e-05
2.59795e-06
6.03432e-05
2.24208e-06
5.97869e-05
2.09457e-06
5.93159e-05
1.62591e-06
5.89271e-05
1.29829e-06
5.8577e-05
1.15659e-06
5.82636e-05
1.02228e-06
5.79835e-05
9.22211e-07
5.77429e-05
7.80384e-07
5.75439e-05
6.67325e-07
5.73802e-05
5.6081e-07
5.72493e-05
4.53679e-07
5.71399e-05
3.97167e-07
5.70545e-05
3.19551e-07
5.69961e-05
2.39233e-07
5.69484e-05
2.21947e-07
5.68978e-05
2.28816e-07
5.68435e-05
2.34658e-07
5.67986e-05
2.07425e-07
5.67758e-05
1.49389e-07
5.67745e-05
9.31589e-08
5.67847e-05
7.10218e-08
5.68003e-05
6.28868e-08
5.68157e-05
7.0589e-08
5.68261e-05
9.80158e-08
5.68294e-05
1.17894e-07
5.68243e-05
1.6228e-07
5.68103e-05
1.83455e-07
5.67816e-05
2.33997e-07
5.67331e-05
3.34609e-07
5.66782e-05
3.45493e-07
5.64392e-05
1.16364e-06
5.63317e-05
3.79967e-07
5.62475e-05
4.72843e-07
5.38102e-05
1.0276e-05
4.94084e-05
1.70973e-05
4.61722e-05
1.16314e-05
4.47839e-05
4.21028e-06
4.46027e-05
-6.14558e-07
4.50771e-05
-2.93367e-06
4.58273e-05
-3.71147e-06
4.66259e-05
-3.65343e-06
4.73916e-05
-3.34882e-06
4.8087e-05
-2.94308e-06
4.87021e-05
-2.57396e-06
4.92847e-05
-2.38984e-06
4.97798e-05
-1.94471e-06
5.01427e-05
-1.33405e-06
5.0389e-05
-7.6997e-07
5.04612e-05
-3.58945e-09
5.02212e-05
1.48839e-06
4.94785e-05
3.87145e-06
4.81149e-05
6.5525e-06
4.61419e-05
9.1178e-06
4.38036e-05
1.04766e-05
4.15202e-05
9.90404e-06
3.95527e-05
8.2923e-06
3.79717e-05
6.44992e-06
3.6724e-05
4.98535e-06
3.56149e-05
4.69415e-06
3.44848e-05
5.03335e-06
3.37315e-05
3.3366e-06
3.30032e-05
3.24341e-06
3.23093e-05
3.097e-06
3.16659e-05
2.84767e-06
3.10788e-05
2.56446e-06
3.05554e-05
2.22953e-06
3.00932e-05
1.91678e-06
2.96899e-05
1.60222e-06
2.9337e-05
1.3968e-06
2.90181e-05
1.26269e-06
2.87299e-05
1.07174e-06
2.84485e-05
1.07656e-06
2.81738e-05
1.09321e-06
2.78763e-05
1.25784e-06
2.75741e-05
1.24457e-06
2.72311e-05
1.4692e-06
2.68748e-05
1.41704e-06
2.6461e-05
1.77149e-06
2.60007e-05
1.83925e-06
2.54653e-05
2.3684e-06
2.47953e-05
2.897e-06
2.40511e-05
3.30883e-06
2.29893e-05
5.24679e-06
2.19423e-05
3.66853e-06
7.59736e-06
2.04119e-05
7.87594e-05
2.32287e-05
7.78157e-05
6.3905e-06
7.70612e-05
3.3525e-06
7.63382e-05
2.96508e-06
7.5613e-05
2.81981e-06
7.49838e-05
2.25512e-06
7.4459e-05
1.82302e-06
7.39859e-05
1.62977e-06
7.35606e-05
1.44753e-06
7.31813e-05
1.30152e-06
7.28531e-05
1.10861e-06
7.25817e-05
9.38697e-07
7.23585e-05
7.84051e-07
7.21795e-05
6.32669e-07
7.20311e-05
5.45576e-07
7.19144e-05
4.36198e-07
7.18342e-05
3.1949e-07
7.17719e-05
2.84226e-07
7.17083e-05
2.92396e-07
7.16402e-05
3.02809e-07
7.1583e-05
2.64599e-07
7.15538e-05
1.78586e-07
7.15539e-05
9.30363e-08
7.15716e-05
5.33233e-08
7.15989e-05
3.56239e-08
7.16278e-05
4.17123e-08
7.16527e-05
7.31106e-08
7.16693e-05
1.01291e-07
7.16767e-05
1.54868e-07
7.16733e-05
1.8688e-07
7.16512e-05
2.56127e-07
7.16058e-05
3.80013e-07
7.15573e-05
3.93989e-07
7.12957e-05
1.42525e-06
7.11344e-05
5.41261e-07
7.10978e-05
5.09518e-07
6.85218e-05
1.2852e-05
6.33331e-05
2.2286e-05
5.91232e-05
1.58413e-05
5.71251e-05
6.20832e-06
5.66445e-05
-1.3398e-07
5.70284e-05
-3.31751e-06
5.78199e-05
-4.50302e-06
5.87187e-05
-4.55223e-06
5.96082e-05
-4.23829e-06
6.04335e-05
-3.7684e-06
6.11689e-05
-3.3093e-06
6.18643e-05
-3.08528e-06
6.24667e-05
-2.54704e-06
6.29177e-05
-1.78506e-06
6.32341e-05
-1.08635e-06
6.33531e-05
-1.22541e-07
6.31326e-05
1.70891e-06
6.23727e-05
4.63136e-06
6.09059e-05
8.01937e-06
5.87011e-05
1.13227e-05
5.59906e-05
1.31871e-05
5.32465e-05
1.26482e-05
5.081e-05
1.07288e-05
4.88009e-05
8.45907e-06
4.71868e-05
6.5994e-06
4.57762e-05
6.10472e-06
4.43781e-05
6.43145e-06
4.34498e-05
4.26493e-06
4.25536e-05
4.13968e-06
4.16988e-05
3.95179e-06
4.09013e-05
3.64517e-06
4.01679e-05
3.29783e-06
3.95062e-05
2.89131e-06
3.89138e-05
2.50911e-06
3.83861e-05
2.13e-06
3.7919e-05
1.86388e-06
3.74954e-05
1.68629e-06
3.71052e-05
1.46196e-06
3.67262e-05
1.45562e-06
3.63588e-05
1.46066e-06
3.59711e-05
1.64561e-06
3.55744e-05
1.64132e-06
3.51337e-05
1.90994e-06
3.46651e-05
1.88574e-06
3.41354e-05
2.3013e-06
3.3536e-05
2.4388e-06
3.28601e-05
3.04449e-06
3.20229e-05
3.73451e-06
3.10997e-05
4.23236e-06
2.98622e-05
6.48464e-06
2.8518e-05
5.01323e-06
9.36679e-06
2.67491e-05
9.93066e-05
2.4461e-05
9.82307e-05
7.46644e-06
9.72832e-05
4.29997e-06
9.63586e-05
3.88972e-06
9.54208e-05
3.75759e-06
9.45899e-05
3.0861e-06
9.38897e-05
2.52319e-06
9.32572e-05
2.26226e-06
9.26867e-05
2.01804e-06
9.21782e-05
1.81004e-06
9.17351e-05
1.55178e-06
9.13675e-05
1.30628e-06
9.10642e-05
1.08734e-06
9.08196e-05
8.77317e-07
9.06178e-05
7.47369e-07
9.04572e-05
5.96747e-07
9.03444e-05
4.32323e-07
9.02599e-05
3.68731e-07
9.01781e-05
3.74186e-07
9.00919e-05
3.89047e-07
9.00178e-05
3.38686e-07
8.99773e-05
2.19042e-07
8.99751e-05
9.5252e-08
8.99984e-05
3.00204e-08
9.00373e-05
-3.19949e-09
9.00809e-05
-1.87775e-09
9.01228e-05
3.1184e-08
9.0156e-05
6.80584e-08
9.01796e-05
1.31268e-07
9.0191e-05
1.75575e-07
9.01795e-05
2.676e-07
9.01405e-05
4.19045e-07
9.01035e-05
4.30957e-07
8.98316e-05
1.69716e-06
8.96011e-05
7.71809e-07
8.96125e-05
4.98137e-07
8.70992e-05
1.53653e-05
8.12528e-05
2.81325e-05
7.58973e-05
2.11968e-05
7.30673e-05
9.03836e-06
7.21184e-05
8.14844e-07
7.22949e-05
-3.494e-06
7.30624e-05
-5.27047e-06
7.403e-05
-5.5199e-06
7.50315e-05
-5.23975e-06
7.59873e-05
-4.72422e-06
7.68489e-05
-4.17087e-06
7.76624e-05
-3.89871e-06
7.83799e-05
-3.2646e-06
7.8929e-05
-2.33413e-06
7.93246e-05
-1.48185e-06
7.9501e-05
-2.98974e-07
7.93177e-05
1.89229e-06
7.85781e-05
5.37106e-06
7.70682e-05
9.52933e-06
7.46967e-05
1.36942e-05
7.16474e-05
1.62364e-05
6.84186e-05
1.5877e-05
6.54427e-05
1.37047e-05
6.29101e-05
1.09917e-05
6.08302e-05
8.67929e-06
5.90326e-05
7.90236e-06
5.72979e-05
8.16615e-06
5.61547e-05
5.4081e-06
5.50538e-05
5.24063e-06
5.40029e-05
5.00272e-06
5.30164e-05
4.63168e-06
5.21017e-05
4.21252e-06
5.12663e-05
3.72669e-06
5.0509e-05
3.26645e-06
4.98208e-05
2.81818e-06
4.92031e-05
2.48166e-06
4.86397e-05
2.24972e-06
4.81132e-05
1.98849e-06
4.76032e-05
1.96562e-06
4.71102e-05
1.95373e-06
4.66016e-05
2.15426e-06
4.60792e-05
2.16387e-06
4.55112e-05
2.47798e-06
4.48976e-05
2.49956e-06
4.42193e-05
2.97974e-06
4.3445e-05
3.21337e-06
4.25902e-05
3.89947e-06
4.15507e-05
4.77437e-06
4.04029e-05
5.38065e-06
3.89652e-05
7.92277e-06
3.72503e-05
6.72877e-06
1.14293e-05
3.51884e-05
0.00012512
2.61123e-05
0.000123816
8.77041e-06
0.000122615
5.50065e-06
0.000121434
5.07114e-06
0.00012023
4.96173e-06
0.000119144
4.17195e-06
0.000118219
3.44844e-06
0.000117381
3.09985e-06
0.000116623
2.7761e-06
0.000115947
2.48598e-06
0.000115354
2.14493e-06
0.000114859
1.8014e-06
0.000114448
1.49817e-06
0.000114114
1.21131e-06
0.000113839
1.02254e-06
0.000113617
8.18913e-07
0.000113456
5.93192e-07
0.000113337
4.87646e-07
0.000113228
4.82696e-07
0.000113118
4.99701e-07
0.00011302
4.36185e-07
0.000112961
2.78286e-07
0.00011295
1.06684e-07
0.000112974
5.92898e-09
0.000113021
-5.09961e-08
0.000113079
-5.92569e-08
0.000113139
-2.86129e-08
0.000113191
1.5915e-08
0.000113234
8.86006e-08
0.000113263
1.4575e-07
0.000113267
2.64063e-07
0.000113237
4.48619e-07
0.000113216
4.5211e-07
0.000112952
1.96177e-06
0.000112641
1.08242e-06
0.000112674
4.65427e-07
0.000110459
1.75797e-05
0.000104246
3.43457e-05
9.76658e-05
2.77771e-05
9.374e-05
1.29642e-05
9.20951e-05
2.45974e-06
9.1893e-05
-3.2919e-06
9.25236e-05
-5.90107e-06
9.34975e-05
-6.49386e-06
9.45778e-05
-6.32004e-06
9.565e-05
-5.79636e-06
9.66345e-05
-5.15535e-06
9.75638e-05
-4.82803e-06
9.83983e-05
-4.09903e-06
9.90513e-05
-2.98715e-06
9.95313e-05
-1.96176e-06
9.9774e-05
-5.41599e-07
9.9644e-05
2.02234e-06
9.89616e-05
6.05357e-06
9.74833e-05
1.10077e-05
9.50479e-05
1.61296e-05
9.17453e-05
1.9539e-05
8.80531e-05
1.95692e-05
8.44892e-05
1.72687e-05
8.13381e-05
1.41428e-05
7.86778e-05
1.13397e-05
7.63856e-05
1.01945e-05
7.42262e-05
1.03256e-05
7.28183e-05
6.81602e-06
7.14674e-05
6.59157e-06
7.01773e-05
6.29277e-06
6.89597e-05
5.84934e-06
6.78212e-05
5.35103e-06
6.67691e-05
4.77883e-06
6.58036e-05
4.23195e-06
6.49115e-05
3.71033e-06
6.40975e-05
3.29563e-06
6.33486e-05
2.99866e-06
6.26416e-05
2.69559e-06
6.19577e-05
2.64955e-06
6.12959e-05
2.61564e-06
6.06257e-05
2.82458e-06
5.99364e-05
2.85322e-06
5.92024e-05
3.21214e-06
5.84031e-05
3.29909e-06
5.75352e-05
3.84788e-06
5.65439e-05
4.20495e-06
5.54634e-05
4.98033e-06
5.41813e-05
6.05692e-06
5.27529e-05
6.8096e-06
5.10805e-05
9.59588e-06
4.89228e-05
8.88715e-06
1.385e-05
4.65028e-05
0.000157642
2.86247e-05
0.000155929
1.04833e-05
0.000154379
7.05095e-06
0.000152864
6.58535e-06
0.000151326
6.49987e-06
0.000149921
5.57768e-06
0.000148708
4.66102e-06
0.000147608
4.20027e-06
0.000146609
3.77504e-06
0.000145717
3.37804e-06
0.000144929
2.93303e-06
0.000144265
2.46516e-06
0.00014371
2.05307e-06
0.000143255
1.66646e-06
0.000142879
1.39874e-06
0.00014257
1.12733e-06
0.000142339
8.24019e-07
0.000142168
6.59292e-07
0.000142019
6.31525e-07
0.000141874
6.44899e-07
0.000141744
5.66393e-07
0.000141655
3.67163e-07
0.000141623
1.38451e-07
0.000141639
-9.85587e-09
0.000141689
-1.01304e-07
0.000141756
-1.26033e-07
0.000141831
-1.04088e-07
0.000141902
-5.51234e-08
0.000141965
2.58041e-08
0.000142016
9.51529e-08
0.000142038
2.41645e-07
0.00014202
4.66699e-07
0.000142017
4.54931e-07
0.000141781
2.19781e-06
0.000141389
1.47458e-06
0.000141386
4.68258e-07
0.000139675
1.92913e-05
0.000133579
4.04419e-05
0.00012591
3.54456e-05
0.00012062
1.82545e-05
0.000117991
5.08819e-06
0.000117176
-2.47629e-06
0.00011749
-6.21504e-06
0.000118359
-7.3634e-06
0.000119451
-7.41166e-06
0.0001206
-6.94551e-06
0.000121687
-6.24217e-06
0.000122717
-5.85852e-06
0.000123659
-5.04059e-06
0.000124414
-3.74168e-06
0.000124976
-2.52412e-06
0.000125288
-8.53451e-07
0.000125223
2.08788e-06
0.000124628
6.64836e-06
0.000123259
1.23763e-05
0.000120894
1.84952e-05
0.000117488
2.29455e-05
0.000113426
2.36308e-05
0.000109278
2.14172e-05
0.000105435
1.79853e-05
0.000102076
1.46993e-05
9.91616e-05
1.31084e-05
9.64679e-05
1.30193e-05
9.47329e-05
8.55101e-06
9.30759e-05
8.24861e-06
9.14946e-05
7.87417e-06
8.99951e-05
7.34878e-06
8.85823e-05
6.76385e-06
8.72614e-05
6.09982e-06
8.6035e-05
5.45839e-06
8.48869e-05
4.85841e-06
8.38221e-05
4.36047e-06
8.28306e-05
3.99023e-06
8.18867e-05
3.6396e-06
8.09743e-05
3.56199e-06
8.00884e-05
3.50162e-06
7.92033e-05
3.70987e-06
7.82944e-05
3.76228e-06
7.73439e-05
4.16286e-06
7.63087e-05
4.33447e-06
7.52005e-05
4.95644e-06
7.39438e-05
5.46201e-06
7.25823e-05
6.3424e-06
7.10116e-05
7.62821e-06
6.92399e-05
8.58192e-06
6.72849e-05
1.15518e-05
6.46306e-05
1.15423e-05
1.66855e-05
6.17958e-05
0.000198754
3.26468e-05
0.000196315
1.29218e-05
0.000194257
9.10922e-06
0.0001923
8.54281e-06
0.000190339
8.46002e-06
0.000188533
7.38392e-06
0.000186955
6.23896e-06
0.000185519
5.63635e-06
0.000184212
5.0823e-06
0.000183042
4.54822e-06
0.000182001
3.97363e-06
0.000181115
3.35117e-06
0.000180368
2.80035e-06
0.000179749
2.28554e-06
0.000179234
1.9139e-06
0.000178805
1.55584e-06
0.000178474
1.15547e-06
0.000178223
9.1047e-07
0.000178013
8.41761e-07
0.000177817
8.40872e-07
0.00017764
7.42907e-07
0.000177507
5.00531e-07
0.000177438
2.07192e-07
0.00017743
-2.11957e-09
0.000177471
-1.42063e-07
0.000177538
-1.92596e-07
0.000177622
-1.88181e-07
0.000177708
-1.40931e-07
0.000177788
-5.4843e-08
0.000177859
2.47161e-08
0.000177902
1.98405e-07
0.000177895
4.73278e-07
0.00017791
4.40264e-07
0.000177724
2.38423e-06
0.000177262
1.93676e-06
0.000177146
5.83748e-07
0.000176038
2.03994e-05
0.000170698
4.5782e-05
0.000162418
4.37253e-05
0.000155604
2.50689e-05
0.000151666
9.02588e-06
0.000149937
-7.47212e-07
0.000149676
-5.9539e-06
0.000150258
-7.94551e-06
0.000151242
-8.39521e-06
0.000152388
-8.09222e-06
0.000153528
-7.38141e-06
0.000154624
-6.95435e-06
0.000155644
-6.06072e-06
0.000156482
-4.58021e-06
0.000157113
-3.15449e-06
0.000157485
-1.22576e-06
0.000157486
2.0878e-06
0.000156996
7.13769e-06
0.000155803
1.35701e-05
0.000153651
2.06469e-05
0.000150351
2.62458e-05
0.000146111
2.78705e-05
0.000141474
2.60545e-05
0.000136929
2.25308e-05
0.000132775
1.88534e-05
0.000129105
1.67779e-05
0.000125749
1.63759e-05
0.000123611
1.06887e-05
0.00012158
1.02799e-05
0.000119644
9.80971e-06
0.000117803
9.19008e-06
0.000116057
8.51002e-06
0.000114406
7.75032e-06
0.000112856
7.00902e-06
0.00011139
6.32416e-06
0.00011001
5.7401e-06
0.000108709
5.29216e-06
0.000107459
4.88916e-06
0.00010625
4.7709e-06
0.000105072
4.68039e-06
0.000103904
4.87745e-06
0.000102709
4.95761e-06
0.000101478
5.39435e-06
0.000100146
5.66681e-06
9.87361e-05
6.36677e-06
9.71587e-05
7.03985e-06
9.54542e-05
8.04762e-06
9.35437e-05
9.53941e-06
9.13685e-05
1.07579e-05
8.90719e-05
1.38494e-05
8.59067e-05
1.47085e-05
1.99552e-05
8.26378e-05
0.000250921
3.90892e-05
0.000247236
1.66066e-05
0.000244408
1.19373e-05
0.000241839
1.11116e-05
0.000239337
1.09623e-05
0.000237027
9.69368e-06
0.000234985
8.28106e-06
0.000233121
7.50044e-06
0.000231421
6.78304e-06
0.000229894
6.07526e-06
0.000228527
5.33994e-06
0.00022735
4.52866e-06
0.000226347
3.80361e-06
0.000225506
3.12608e-06
0.000224801
2.61943e-06
0.000224206
2.15009e-06
0.000223732
1.62992e-06
0.000223363
1.27986e-06
0.000223059
1.14532e-06
0.000222787
1.11293e-06
0.000222544
9.86325e-07
0.000222346
6.98318e-07
0.000222217
3.3602e-07
0.000222162
5.26985e-08
0.000222173
-1.53238e-07
0.000222223
-2.41882e-07
0.000222301
-2.66624e-07
0.000222391
-2.30742e-07
0.000222482
-1.45561e-07
0.000222566
-5.9242e-08
0.000222627
1.36815e-07
0.000222629
4.7125e-07
0.000222655
4.14531e-07
0.000222533
2.50643e-06
0.000222025
2.44452e-06
0.000221725
8.84725e-07
0.000221177
2.09472e-05
0.00021723
4.97293e-05
0.000209207
5.17479e-05
0.000201046
3.323e-05
0.000195515
1.45564e-05
0.000192527
2.24089e-06
0.000191365
-4.79199e-06
0.000191382
-7.96204e-06
0.000192062
-9.07595e-06
0.000193067
-9.09703e-06
0.000194162
-8.47625e-06
0.000195253
-8.0455e-06
0.000196294
-7.10165e-06
0.000197174
-5.46005e-06
0.000197838
-3.81824e-06
0.000198242
-1.62918e-06
0.000198291
2.03831e-06
0.000197906
7.52351e-06
0.000196921
1.4555e-05
0.000195104
2.24638e-05
0.00019215
2.92008e-05
0.000188023
3.19973e-05
0.000183125
3.09527e-05
0.000177981
2.76745e-05
0.000173013
2.3822e-05
0.000168482
2.13084e-05
0.00016433
2.05278e-05
0.000161705
1.33137e-05
0.000159222
1.27638e-05
0.000156859
1.2172e-05
0.000154607
1.14423e-05
0.00015246
1.06568e-05
0.000150413
9.79806e-06
0.000148467
8.95513e-06
0.000146611
8.18023e-06
0.000144843
7.50819e-06
0.000143154
6.9804e-06
0.000141521
6.52298e-06
0.000139935
6.35635e-06
0.000138382
6.23381e-06
0.000136851
6.40911e-06
0.000135288
6.52038e-06
0.000133697
6.98559e-06
0.000131996
7.36823e-06
0.000130213
8.15025e-06
0.000128254
9.00019e-06
0.000126143
1.01589e-05
0.000123841
1.18424e-05
0.000121218
1.33824e-05
0.000118522
1.65462e-05
0.000114896
1.8335e-05
2.35991e-05
0.000111253
0.000317366
4.91652e-05
0.000311657
2.2315e-05
0.000307616
1.5979e-05
0.000304172
1.45551e-05
0.000300955
1.41798e-05
0.000298004
1.26452e-05
0.000295369
1.09153e-05
0.00029296
9.91029e-06
0.000290758
8.98491e-06
0.000288774
8.05886e-06
0.00028699
7.12466e-06
0.000285432
6.08607e-06
0.00028409
5.14596e-06
0.000282951
4.2651e-06
0.000281986
3.58443e-06
0.000281164
2.97165e-06
0.00028049
2.30471e-06
0.000279948
1.82135e-06
0.000279504
1.58939e-06
0.000279117
1.49993e-06
0.000278775
1.32873e-06
0.000278485
9.88225e-07
0.000278266
5.549e-07
0.00027813
1.88442e-07
0.000278081
-1.03383e-07
0.000278085
-2.46594e-07
0.000278134
-3.15096e-07
0.000278207
-3.0386e-07
0.000278292
-2.30098e-07
0.000278375
-1.42246e-07
0.000278444
6.74887e-08
0.000278448
4.67591e-07
0.00027847
3.92051e-07
0.000278412
2.56454e-06
0.000277893
2.96413e-06
0.000277365
1.41312e-06
0.0002772
2.11121e-05
0.00027502
5.19095e-05
0.000268396
5.83714e-05
0.000259672
4.19541e-05
0.000252527
2.17017e-05
0.000247959
6.80807e-06
0.000245541
-2.37403e-06
0.000244636
-7.05694e-06
0.000244718
-9.15733e-06
0.000245359
-9.73875e-06
0.000246245
-9.36153e-06
0.000247209
-9.00968e-06
0.000248169
-8.06169e-06
0.000249009
-6.29928e-06
0.00024964
-4.44913e-06
0.000250013
-2.00226e-06
0.00025007
1.98215e-06
0.000249758
7.83523e-06
0.000248971
1.53428e-05
0.000247548
2.38872e-05
0.000245143
3.16057e-05
0.000241476
3.56647e-05
0.000236687
3.57412e-05
0.000231224
3.31379e-05
0.000225572
2.94742e-05
0.000220169
2.67118e-05
0.00021513
2.55669e-05
0.000211942
1.65013e-05
0.000208929
1.57771e-05
0.000206065
1.5036e-05
0.000203329
1.41784e-05
0.00020071
1.32755e-05
0.000198194
1.23146e-05
0.000195778
1.13709e-05
0.000193453
1.05052e-05
0.000191216
9.74546e-06
0.000189058
9.13838e-06
0.000186955
8.62652e-06
0.000184907
8.40405e-06
0.000182889
8.25202e-06
0.0001809
8.39828e-06
0.000178879
8.54214e-06
0.000176838
9.02725e-06
0.000174686
9.52004e-06
0.000172453
1.03844e-05
0.000170048
1.14059e-05
0.000167478
1.27297e-05
0.000164737
1.45841e-05
0.000161654
1.64671e-05
0.000158536
1.9665e-05
0.000154584
2.22883e-05
2.74503e-05
0.000150733
0.000402283
6.43775e-05
0.000393466
3.1132e-05
0.000387491
2.19543e-05
0.00038276
1.9286e-05
0.000378566
1.83742e-05
0.000374778
1.64335e-05
0.00037138
1.43127e-05
0.000368274
1.30171e-05
0.000365434
1.18243e-05
0.000362868
1.06251e-05
0.000360548
9.44455e-06
0.000358499
8.13529e-06
0.000356711
6.93442e-06
0.000355172
5.804e-06
0.000353855
4.9018e-06
0.000352722
4.10416e-06
0.00035177
3.25702e-06
0.000350984
2.60736e-06
0.000350332
2.24087e-06
0.000349772
2.06026e-06
0.000349281
1.81948e-06
0.000348858
1.41183e-06
0.00034851
9.02827e-07
0.000348249
4.49011e-07
0.000348092
5.39354e-08
0.000348011
-1.65034e-07
0.000347991
-2.95807e-07
0.000348013
-3.25702e-07
0.000348063
-2.79834e-07
0.000348119
-1.9821e-07
0.000348173
1.40164e-08
0.000348164
4.76297e-07
0.000348159
3.97137e-07
0.000348143
2.58102e-06
0.000347646
3.46138e-06
0.000346892
2.16707e-06
0.000346875
2.11289e-05
0.000346381
5.24038e-05
0.000342182
6.25703e-05
0.000334332
4.98038e-05
0.000326183
2.98508e-05
0.000319964
1.30269e-05
0.000315987
1.60356e-06
0.000313803
-4.87314e-06
0.000312912
-8.26678e-06
0.00031287
-9.69591e-06
0.000313292
-9.78356e-06
0.000313934
-9.65221e-06
0.000314651
-8.77769e-06
0.000315312
-6.96036e-06
0.000315797
-4.93389e-06
0.000316036
-2.24081e-06
0.000316015
2.00334e-06
0.000315709
8.1424e-06
0.000315054
1.59974e-05
0.000313995
2.49471e-05
0.000312235
3.33661e-05
0.000309324
3.85752e-05
0.000305095
3.99713e-05
0.000299778
3.8455e-05
0.0002938
3.54523e-05
0.000287706
3.28052e-05
0.000281816
3.14567e-05
0.000278042
2.0276e-05
0.000274453
1.93656e-05
0.000271032
1.84574e-05
0.000267751
1.74592e-05
0.000264597
1.643e-05
0.000261547
1.53648e-05
0.000258594
1.4324e-05
0.000255729
1.33705e-05
0.000252946
1.2528e-05
0.000250237
1.18479e-05
0.00024758
1.1284e-05
0.000244984
1.10004e-05
0.000242412
1.08239e-05
0.000239872
1.09383e-05
0.000237302
1.11135e-05
0.000234719
1.16104e-05
0.000232037
1.22029e-05
0.000229279
1.31423e-05
0.000226375
1.43112e-05
0.000223314
1.57916e-05
0.000220118
1.77813e-05
0.000216622
1.99643e-05
0.000213141
2.31476e-05
0.000209084
2.63458e-05
3.12306e-05
0.000205304
0.000511028
8.61653e-05
0.000497657
4.4503e-05
0.000488762
3.08494e-05
0.000482085
2.5963e-05
0.000476501
2.39582e-05
0.000471591
2.13444e-05
0.000467193
1.87101e-05
0.000463194
1.7017e-05
0.000459543
1.54753e-05
0.000456234
1.39335e-05
0.000453233
1.24464e-05
0.000450551
1.08168e-05
0.000448181
9.30508e-06
0.000446111
7.87386e-06
0.000444318
6.69466e-06
0.000442762
5.66037e-06
0.000441427
4.59164e-06
0.0004403
3.73515e-06
0.00043935
3.19066e-06
0.000438532
2.87829e-06
0.000437819
2.53258e-06
0.000437199
2.03206e-06
0.000436666
1.43602e-06
0.000436226
8.88878e-07
0.000435901
3.78849e-07
0.000435672
6.4138e-08
0.000435528
-1.51818e-07
0.000435446
-2.43462e-07
0.000435415
-2.49093e-07
0.000435402
-1.84808e-07
0.000435398
1.81794e-08
0.00043535
5.24611e-07
0.000435281
4.65636e-07
0.000435259
2.60344e-06
0.000434799
3.92193e-06
0.000433859
3.10688e-06
0.000433799
2.11896e-05
0.00043455
5.16529e-05
0.000433142
6.39785e-05
0.000427735
5.52106e-05
0.000420068
3.75173e-05
0.000412817
2.02773e-05
0.000407285
7.13603e-06
0.00040358
-1.16823e-06
0.000401389
-6.07555e-06
0.000400303
-8.6103e-06
0.000399928
-9.40762e-06
0.000399963
-9.6872e-06
0.000400194
-9.00857e-06
0.000400472
-7.23773e-06
0.000400636
-5.09731e-06
0.000400587
-2.19144e-06
0.000400346
2.24432e-06
0.000399916
8.57345e-06
0.000399276
1.66376e-05
0.000398461
2.57632e-05
0.00039728
3.45471e-05
0.000395246
4.06099e-05
0.000391944
4.32736e-05
0.000387319
4.30799e-05
0.000381598
4.11735e-05
0.000375283
3.91205e-05
0.000368832
3.79078e-05
0.000364576
2.45325e-05
0.000360463
2.34784e-05
0.0003565
2.24205e-05
0.000352668
2.12917e-05
0.000348955
2.01427e-05
0.00034534
1.898e-05
0.000341811
1.78534e-05
0.000338359
1.68226e-05
0.000334978
1.59092e-05
0.000331659
1.51668e-05
0.000328384
1.45597e-05
0.000325167
1.42175e-05
0.000321972
1.40194e-05
0.00031881
1.41005e-05
0.000315621
1.43026e-05
0.000312429
1.48034e-05
0.00030916
1.54725e-05
0.000305836
1.64675e-05
0.000302409
1.77385e-05
0.000298872
1.93302e-05
0.00029527
2.13841e-05
0.000291495
2.374e-05
0.000287829
2.68153e-05
0.000283971
3.02039e-05
3.45803e-05
0.000280622
0.00064999
0.000113271
0.000630529
6.39644e-05
0.000617494
4.38853e-05
0.000607946
3.55109e-05
0.000600332
3.15725e-05
0.000593874
2.78023e-05
0.000588151
2.44337e-05
0.000582997
2.21711e-05
0.000578309
2.01639e-05
0.000574056
1.81861e-05
0.000570188
1.63146e-05
0.000566698
1.43067e-05
0.000563575
1.24292e-05
0.000560807
1.06413e-05
0.00055838
9.12232e-06
0.000556251
7.78868e-06
0.000554395
6.44806e-06
0.000552794
5.33681e-06
0.000551421
4.56293e-06
0.000550229
4.07056e-06
0.000549187
3.57449e-06
0.000548279
2.94062e-06
0.000547478
2.23718e-06
0.000546783
1.58418e-06
0.000546216
9.45721e-07
0.000545763
5.17632e-07
0.000545411
2.00071e-07
0.000545146
2.09939e-08
0.000544968
-7.03289e-08
0.00054482
-3.65345e-08
0.000544694
1.4448e-07
0.000544556
6.62179e-07
0.000544376
6.46143e-07
0.000544277
2.70255e-06
0.000543825
4.37509e-06
0.000542749
4.18277e-06
0.000542559
2.13803e-05
0.00054404
5.01712e-05
0.000544957
6.30623e-05
0.000542788
5.73788e-05
0.00053746
4.28448e-05
0.000530768
2.69698e-05
0.000524486
1.34171e-05
0.000519473
3.84549e-06
0.000515884
-2.48666e-06
0.000513516
-6.24231e-06
0.000512045
-7.93616e-06
0.000511154
-8.79624e-06
0.000510607
-8.46041e-06
0.00051023
-6.86059e-06
0.000509833
-4.69931e-06
0.000509292
-1.65022e-06
0.00050862
2.91759e-06
0.000507865
9.32863e-06
0.000507067
1.74366e-05
0.000506305
2.65262e-05
0.000505488
3.53646e-05
0.000504197
4.1901e-05
0.000501931
4.55405e-05
0.000498392
4.66188e-05
0.000493552
4.60143e-05
0.000487712
4.49602e-05
0.000481313
4.43073e-05
0.000476896
2.89492e-05
0.000472502
2.7873e-05
0.000468175
2.67477e-05
0.000463918
2.55482e-05
0.000459737
2.43247e-05
0.000455617
2.30996e-05
0.000451552
2.19187e-05
0.000447537
2.08378e-05
0.000443568
1.98787e-05
0.000439641
1.9094e-05
0.00043574
1.84604e-05
0.000431886
1.80721e-05
0.000428049
1.78567e-05
0.000424245
1.7905e-05
0.000420426
1.81226e-05
0.000416614
1.86161e-05
0.000412764
1.93231e-05
0.0004089
2.03319e-05
0.00040501
2.16298e-05
0.000401102
2.32385e-05
0.000397251
2.52364e-05
0.000393434
2.7558e-05
0.000389888
3.03622e-05
0.000386577
3.35151e-05
3.71315e-05
0.000384026
0.000823453
0.000130666
0.000799322
8.80953e-05
0.000781094
6.21148e-05
0.000767675
4.89303e-05
0.000757173
4.20745e-05
0.000748583
3.63932e-05
0.000741097
3.19202e-05
0.000734429
2.88394e-05
0.000728407
2.61861e-05
0.000722956
2.36378e-05
0.000717989
2.1281e-05
0.000713471
1.88251e-05
0.000709381
1.65197e-05
0.00070571
1.43129e-05
0.000702447
1.23849e-05
0.000699556
1.06797e-05
0.000696998
9.00656e-06
0.000694747
7.58752e-06
0.000692784
6.52638e-06
0.000691061
5.79386e-06
0.000689544
5.09156e-06
0.000688211
4.2733e-06
0.000687022
3.42668e-06
0.000685965
2.64091e-06
0.000685057
1.85438e-06
0.000684281
1.29387e-06
0.000683617
8.63939e-07
0.000683072
5.66124e-07
0.000682645
3.56941e-07
0.000682261
3.47687e-07
0.000681922
4.83976e-07
0.000681615
9.69571e-07
0.000681257
1.0044e-06
0.000680993
2.96672e-06
0.000680464
4.90538e-06
0.000679266
5.38072e-06
0.000678958
2.16886e-05
0.000680802
4.8328e-05
0.0006832
6.06639e-05
0.000683876
5.67025e-05
0.00068186
4.48601e-05
0.000677607
3.12227e-05
0.000672333
1.86911e-05
0.000667179
8.99973e-06
0.00066276
1.93184e-06
0.000659282
-2.76344e-06
0.000656686
-5.33995e-06
0.0006547
-6.8097e-06
0.000653145
-6.90516e-06
0.000651877
-5.59176e-06
0.000650673
-3.49414e-06
0.000649408
-3.84601e-07
0.000648063
4.26361e-06
0.00064674
1.06535e-05
0.000645556
1.8621e-05
0.000644603
2.74804e-05
0.000643848
3.61206e-05
0.000642965
4.27839e-05
0.000641504
4.70019e-05
0.000639069
4.90539e-05
0.00063545
4.96345e-05
0.000630714
4.96963e-05
0.000625134
4.98876e-05
0.00062107
3.30131e-05
0.000616862
3.20806e-05
0.000612579
3.1031e-05
0.000608247
2.98805e-05
0.000603888
2.86836e-05
0.00059951
2.74783e-05
0.000595117
2.63118e-05
0.000590716
2.52385e-05
0.000586312
2.4283e-05
0.000581912
2.34947e-05
0.000577508
2.28646e-05
0.000573124
2.24568e-05
0.000568745
2.22354e-05
0.000564395
2.22558e-05
0.000560047
2.24711e-05
0.000555728
2.29356e-05
0.000551427
2.3625e-05
0.00054718
2.45792e-05
0.000543014
2.57971e-05
0.000538972
2.7281e-05
0.000535152
2.90578e-05
0.000531622
3.10892e-05
0.000528581
3.34035e-05
0.00052615
3.5947e-05
3.85944e-05
0.000524687
0.00101415
0.000125882
0.00100521
9.70379e-05
0.000987409
7.99168e-05
0.000969914
6.64263e-05
0.000955852
5.61373e-05
0.000944522
4.77246e-05
0.000934709
4.17338e-05
0.000926058
3.74907e-05
0.000918343
3.39019e-05
0.000911382
3.05991e-05
0.000905025
2.76379e-05
0.000899202
2.46489e-05
0.000893886
2.18361e-05
0.000889064
1.91345e-05
0.000884727
1.67221e-05
0.000880838
1.45695e-05
0.000877349
1.24959e-05
0.000874225
1.07112e-05
0.000871451
9.30094e-06
0.00086899
8.25517e-06
0.000866802
7.2792e-06
0.000864857
6.21923e-06
0.00086311
5.17307e-06
0.000861541
4.21016e-06
0.000860144
3.25154e-06
0.000858909
2.52981e-06
0.000857813
1.95951e-06
0.000856865
1.51475e-06
0.000856047
1.1754e-06
0.000855299
1.09629e-06
0.000854632
1.15135e-06
0.000854031
1.57034e-06
0.000853399
1.63752e-06
0.000852864
3.50177e-06
0.000852121
5.64953e-06
0.000850752
6.75036e-06
0.000850369
2.20719e-05
0.000852403
4.62944e-05
0.000855584
5.74822e-05
0.000858071
5.42155e-05
0.000858902
4.40291e-05
0.000857853
3.22708e-05
0.000855246
2.1298e-05
0.000851788
1.24581e-05
0.000848078
5.64242e-06
0.000844551
7.63735e-07
0.000841457
-2.24578e-06
0.000838706
-4.05802e-06
0.000836263
-4.46164e-06
0.000834106
-3.4333e-06
0.000832018
-1.4055e-06
0.000829898
1.73741e-06
0.000827747
6.41522e-06
0.000825681
1.27207e-05
0.000823888
2.04156e-05
0.000822492
2.88776e-05
0.000821496
3.71174e-05
0.000820628
4.36529e-05
0.000819523
4.81067e-05
0.000817825
5.07527e-05
0.000815278
5.21819e-05
0.000811822
5.31522e-05
0.000807551
5.41593e-05
0.000804297
3.62667e-05
0.000800795
3.55832e-05
0.000797091
3.47351e-05
0.000793211
3.3761e-05
0.00078918
3.27149e-05
0.000785015
3.16429e-05
0.000780734
3.05927e-05
0.000776357
2.9616e-05
0.000771899
2.87411e-05
0.000767382
2.80118e-05
0.000762815
2.74324e-05
0.000758227
2.70445e-05
0.000753627
2.68357e-05
0.000749048
2.6836e-05
0.000744494
2.70257e-05
0.000740003
2.74264e-05
0.000735602
2.80271e-05
0.000731346
2.8836e-05
0.000727297
2.98464e-05
0.000723537
3.10421e-05
0.00072018
3.24156e-05
0.000717347
3.39236e-05
0.000715211
3.55398e-05
0.000713936
3.72222e-05
3.88098e-05
0.000713721
0.00122422
0.00011885
0.00122907
9.21805e-05
0.00122878
8.02141e-05
0.00122054
7.46654e-05
0.00120677
6.99062e-05
0.00119231
6.21935e-05
0.0011795
5.45425e-05
0.00116855
4.84434e-05
0.00115887
4.35826e-05
0.00115004
3.94282e-05
0.00114191
3.57687e-05
0.00113444
3.21167e-05
0.00112761
2.86638e-05
0.00112138
2.53671e-05
0.00111571
2.23991e-05
0.00111054
1.97374e-05
0.00110583
1.71999e-05
0.00110156
1.49854e-05
0.0010977
1.31596e-05
0.00109424
1.17152e-05
0.00109114
1.03846e-05
0.00108834
9.01668e-06
0.00108582
7.69765e-06
0.00108352
6.50392e-06
0.00108143
5.34142e-06
0.00107955
4.41266e-06
0.00107785
3.66135e-06
0.00107632
3.04846e-06
0.00107493
2.55703e-06
0.00107367
2.35739e-06
0.00107253
2.29316e-06
0.00107148
2.62662e-06
0.00107042
2.69931e-06
0.00106948
4.43441e-06
0.00106838
6.7582e-06
0.00106673
8.40072e-06
0.00106627
2.25324e-05
0.00106843
4.41349e-05
0.00107199
5.39142e-05
0.0010754
5.08142e-05
0.00107793
4.14935e-05
0.00107939
3.08157e-05
0.00107968
2.09987e-05
0.00107901
1.31276e-05
0.00107759
7.06423e-06
0.00107567
2.68483e-06
0.00107352
-9.53202e-08
0.00107119
-1.72181e-06
0.00106874
-2.00886e-06
0.00106627
-9.6375e-07
0.0010637
1.16384e-06
0.00106099
4.44576e-06
0.00105823
9.18371e-06
0.00105554
1.54107e-05
0.00105314
2.28125e-05
0.00105122
3.07997e-05
0.00104982
3.85207e-05
0.0010487
4.47759e-05
0.00104755
4.92523e-05
0.0010461
5.22e-05
0.00104415
5.41333e-05
0.00104164
5.5666e-05
0.00103858
5.72178e-05
0.00103624
3.86128e-05
0.00103367
3.8152e-05
0.00103088
3.75226e-05
0.00102787
3.67673e-05
0.00102465
3.59338e-05
0.00102123
3.50663e-05
0.00101762
3.42072e-05
0.00101383
3.34008e-05
0.0010099
3.26749e-05
0.00100585
3.2064e-05
0.0010017
3.15796e-05
0.000997498
3.12469e-05
0.00099327
3.10643e-05
0.000989062
3.1044e-05
0.000984912
3.11767e-05
0.000980875
3.14636e-05
0.000977009
3.18932e-05
0.000973392
3.24542e-05
0.000970109
3.31303e-05
0.000967259
3.38922e-05
0.000964959
3.47162e-05
0.000963328
3.55555e-05
0.000962499
3.6369e-05
0.000962592
3.713e-05
3.77073e-05
0.000963694
0.00148097
0.000111107
0.00148698
8.61736e-05
0.00149235
7.485e-05
0.00149678
7.02327e-05
0.00149825
6.84368e-05
0.00149487
6.55782e-05
0.00148671
6.27004e-05
0.00147551
5.96501e-05
0.0014634
5.56921e-05
0.00145188
5.09477e-05
0.00144152
4.61331e-05
0.00143224
4.13923e-05
0.0014238
3.71093e-05
0.00141597
3.31995e-05
0.00140866
2.97017e-05
0.00140188
2.65232e-05
0.00139562
2.34637e-05
0.00138987
2.07264e-05
0.00138464
1.83963e-05
0.0013799
1.64587e-05
0.0013756
1.46843e-05
0.00137167
1.2945e-05
0.00136808
1.12846e-05
0.00136479
9.7934e-06
0.00136175
8.38172e-06
0.00135897
7.20103e-06
0.00135641
6.21852e-06
0.00135406
5.40234e-06
0.0013519
4.71576e-06
0.00134992
4.33601e-06
0.0013481
4.1122e-06
0.0013464
4.32851e-06
0.00134471
4.39396e-06
0.0013432
5.94614e-06
0.00134158
8.37566e-06
0.00133953
1.04526e-05
0.00133892
2.31435e-05
0.00134113
4.19206e-05
0.00134489
5.01603e-05
0.0013487
4.69972e-05
0.00135203
3.81638e-05
0.00135482
2.80239e-05
0.00135706
1.87615e-05
0.00135877
1.14222e-05
0.0013599
5.92558e-06
0.00136046
2.13159e-06
0.00136048
-1.14977e-07
0.00135994
-1.18398e-06
0.00135887
-9.40903e-07
0.00135736
5.5032e-07
0.00135541
3.11504e-06
0.00135306
6.798e-06
0.00135047
1.17794e-05
0.00134783
1.80446e-05
0.0013454
2.52516e-05
0.00134336
3.2834e-05
0.00134182
4.00701e-05
0.00134056
4.60284e-05
0.00133936
5.04617e-05
0.00133798
5.35793e-05
0.00133629
5.58166e-05
0.0013343
5.76567e-05
0.00133204
5.94776e-05
0.00133038
4.02754e-05
0.0013286
3.99339e-05
0.00132668
3.94442e-05
0.0013246
3.88478e-05
0.00132235
3.81854e-05
0.00131992
3.74949e-05
0.00131732
3.68107e-05
0.00131455
3.61661e-05
0.00131164
3.55836e-05
0.00130862
3.50864e-05
0.00130552
3.46847e-05
0.00130237
3.43908e-05
0.00129923
3.42036e-05
0.00129615
3.4123e-05
0.00129319
3.41391e-05
0.00129042
3.4241e-05
0.0012879
3.44129e-05
0.00128572
3.46338e-05
0.00128397
3.48825e-05
0.00128273
3.51275e-05
0.0012821
3.53436e-05
0.00128217
3.54949e-05
0.00128299
3.55435e-05
0.00128463
3.54856e-05
3.52486e-05
0.00128709
0.00179158
0.000101672
0.00179886
7.88959e-05
0.0018053
6.84139e-05
0.00181153
6.40018e-05
0.00181767
6.23009e-05
0.00182337
5.98777e-05
0.00182802
5.80601e-05
0.00183057
5.71026e-05
0.00183003
5.62308e-05
0.001826
5.49823e-05
0.00181889
5.32438e-05
0.00180967
5.06074e-05
0.00179949
4.7296e-05
0.00178927
4.34188e-05
0.00177961
3.93568e-05
0.00177077
3.53657e-05
0.00176274
3.14944e-05
0.00175544
2.80303e-05
0.00174873
2.51095e-05
0.00174252
2.2664e-05
0.00173677
2.04352e-05
0.0017314
1.83189e-05
0.00172639
1.62923e-05
0.00172174
1.44423e-05
0.00171742
1.27081e-05
0.00171341
1.12124e-05
0.00170971
9.91715e-06
0.00170628
8.82877e-06
0.0017031
7.90355e-06
0.00170015
7.28352e-06
0.00169741
6.85016e-06
0.00169484
6.89987e-06
0.0016923
6.93238e-06
0.00168998
8.26848e-06
0.00168766
1.06976e-05
0.00168507
1.30425e-05
0.00168417
2.4046e-05
0.0016863
3.97931e-05
0.00169008
4.63753e-05
0.00169407
4.30103e-05
0.00169774
3.44913e-05
0.00170111
2.46615e-05
0.00170425
1.5614e-05
0.00170726
8.41367e-06
0.00171008
3.10263e-06
0.00171262
-3.99949e-07
0.00171476
-2.25255e-06
0.00171636
-2.79198e-06
0.00171738
-1.95195e-06
0.00171777
1.58404e-07
0.00171753
3.36016e-06
0.00171669
7.63651e-06
0.00171543
1.30424e-05
0.00171398
1.94931e-05
0.00171259
2.66457e-05
0.00171145
3.3973e-05
0.00171065
4.08753e-05
0.00171002
4.66509e-05
0.00170938
5.111e-05
0.00170854
5.44159e-05
0.00170743
5.69242e-05
0.00170609
5.89995e-05
0.0017046
6.0974e-05
0.00170353
4.13452e-05
0.00170241
4.10512e-05
0.00170123
4.06258e-05
0.00169997
4.01087e-05
0.00169862
3.95362e-05
0.00169717
3.89404e-05
0.00169563
3.83483e-05
0.00169402
3.77831e-05
0.00169234
3.72604e-05
0.00169063
3.67929e-05
0.00168893
3.63859e-05
0.00168728
3.60418e-05
0.00168573
3.57564e-05
0.00168433
3.55215e-05
0.00168315
3.53251e-05
0.00168224
3.51511e-05
0.00168167
3.49829e-05
0.0016815
3.4799e-05
0.0016818
3.45813e-05
0.00168263
3.43063e-05
0.00168401
3.39554e-05
0.001686
3.3513e-05
0.00168859
3.29502e-05
0.00169179
3.22824e-05
3.14954e-05
0.00169555
0.00216704
9.0257e-05
0.00217591
7.00363e-05
0.00218373
6.05936e-05
0.00219124
5.64989e-05
0.00219864
5.4901e-05
0.00220584
5.2679e-05
0.00221292
5.09853e-05
0.00221989
5.01364e-05
0.00222663
4.94901e-05
0.00223285
4.87629e-05
0.00223811
4.79889e-05
0.00224181
4.69066e-05
0.00224344
4.56653e-05
0.00224269
4.4171e-05
0.00223955
4.24997e-05
0.00223432
4.05955e-05
0.00222747
3.83479e-05
0.0022196
3.59014e-05
0.00221126
3.34439e-05
0.00220293
3.1001e-05
0.00219493
2.84318e-05
0.00218743
2.58147e-05
0.0021805
2.3224e-05
0.00217415
2.08006e-05
0.00216832
1.85403e-05
0.00216294
1.65914e-05
0.00215796
1.48907e-05
0.00215334
1.34573e-05
0.00214898
1.2264e-05
0.00214487
1.13947e-05
0.00214098
1.07409e-05
0.00213729
1.05906e-05
0.00213367
1.05557e-05
0.00213029
1.16429e-05
0.00212703
1.39623e-05
0.00212369
1.63791e-05
0.00212227
2.54661e-05
0.00212407
3.7999e-05
0.00212768
4.27678e-05
0.00213166
3.90231e-05
0.00213548
3.06716e-05
0.00213912
2.10257e-05
0.00214269
1.20415e-05
0.0021463
4.80427e-06
0.00214994
-5.41267e-07
0.00215354
-3.99639e-06
0.00215697
-5.67834e-06
0.00216006
-5.87912e-06
0.0021627
-4.59225e-06
0.00216481
-1.95437e-06
0.00216635
1.82904e-06
0.00216732
6.65952e-06
0.00216789
1.24745e-05
0.00216828
1.91107e-05
0.00216869
2.62298e-05
0.00216931
3.33591e-05
0.00217017
4.0016e-05
0.00217113
4.56891e-05
0.00217201
5.02345e-05
0.00217266
5.37671e-05
0.00217302
5.65614e-05
0.00217314
5.88829e-05
0.00217311
6.10007e-05
0.00217304
4.14215e-05
0.00217292
4.11702e-05
0.00217275
4.07899e-05
0.00217254
4.03181e-05
0.00217229
3.97875e-05
0.00217201
3.92247e-05
0.00217171
3.86508e-05
0.00217141
3.80813e-05
0.00217114
3.75259e-05
0.00217095
3.69904e-05
0.00217086
3.64762e-05
0.00217092
3.59806e-05
0.00217118
3.5498e-05
0.00217168
3.50187e-05
0.00217247
3.45319e-05
0.0021736
3.40238e-05
0.0021751
3.34825e-05
0.00217701
3.28935e-05
0.00217934
3.22465e-05
0.00218212
3.15311e-05
0.00218534
3.07378e-05
0.00218898
2.98681e-05
0.00219302
2.89062e-05
0.00219744
2.78714e-05
2.679e-05
0.00220214
0.00262119
7.64476e-05
0.00263197
5.92645e-05
0.00264147
5.10905e-05
0.00265057
4.74109e-05
0.00265951
4.5958e-05
0.0026682
4.39918e-05
0.00267673
4.24627e-05
0.00268514
4.17216e-05
0.00269344
4.11957e-05
0.00270158
4.06298e-05
0.00270953
4.00364e-05
0.00271724
3.91941e-05
0.00272467
3.82461e-05
0.00273168
3.71578e-05
0.00273816
3.60225e-05
0.00274388
3.4875e-05
0.00274862
3.36129e-05
0.00275212
3.23976e-05
0.00275425
3.13119e-05
0.00275494
3.03205e-05
0.00275414
2.92278e-05
0.00275198
2.79799e-05
0.00274859
2.66086e-05
0.00274421
2.51806e-05
0.00273908
2.36767e-05
0.00273343
2.22384e-05
0.00272748
2.0839e-05
0.00272143
1.95083e-05
0.00271541
1.82861e-05
0.00270953
1.72789e-05
0.00270385
1.64214e-05
0.00269845
1.59972e-05
0.00269323
1.57697e-05
0.00268842
1.64597e-05
0.00268395
1.84293e-05
0.00267973
2.06044e-05
0.00267764
2.75508e-05
0.00267892
3.67251e-05
0.00268221
3.94755e-05
0.00268615
3.50849e-05
0.00269014
2.66794e-05
0.0026941
1.70653e-05
0.00269811
8.03329e-06
0.00270224
6.74597e-07
0.00270649
-4.78937e-06
0.00271077
-8.27969e-06
0.00271498
-9.88113e-06
0.00271894
-9.84316e-06
0.00272255
-8.20319e-06
0.00272573
-5.1272e-06
0.00272842
-8.60402e-07
0.00273067
4.41127e-06
0.00273262
1.05242e-05
0.00273448
1.72475e-05
0.00273646
2.42526e-05
0.00273869
3.11299e-05
0.0027412
3.75048e-05
0.00274388
4.30196e-05
0.00274654
4.75717e-05
0.00274907
5.12366e-05
0.00275142
5.4216e-05
0.0027536
5.6701e-05
0.00275571
5.88927e-05
0.00275709
4.00387e-05
0.00275844
3.982e-05
0.00275976
3.94681e-05
0.00276106
3.90159e-05
0.00276236
3.84917e-05
0.00276367
3.79172e-05
0.00276501
3.73086e-05
0.00276642
3.66763e-05
0.00276791
3.60264e-05
0.00276954
3.53616e-05
0.00277134
3.46826e-05
0.00277333
3.39869e-05
0.00277556
3.32713e-05
0.00277805
3.25297e-05
0.00278082
3.17567e-05
0.0027839
3.09452e-05
0.00278729
3.00907e-05
0.002791
2.91883e-05
0.00279501
2.82361e-05
0.00279931
2.7234e-05
0.00280386
2.61815e-05
0.00280864
2.50867e-05
0.0028136
2.3948e-05
0.0028187
2.2773e-05
2.16136e-05
0.00282388
0.00317052
5.97303e-05
0.00318362
4.61692e-05
0.00319517
3.95431e-05
0.00320618
3.63996e-05
0.00321701
3.51369e-05
0.00322752
3.34774e-05
0.00323784
3.21506e-05
0.00324801
3.15494e-05
0.00325803
3.11806e-05
0.00326784
3.08193e-05
0.00327743
3.0452e-05
0.00328675
2.98804e-05
0.00329577
2.92229e-05
0.00330448
2.84453e-05
0.00331289
2.76186e-05
0.00332098
2.67847e-05
0.00332874
2.5853e-05
0.00333617
2.49685e-05
0.00334328
2.42077e-05
0.00335005
2.35438e-05
0.00335645
2.28307e-05
0.0033624
2.20351e-05
0.00336782
2.11868e-05
0.00337265
2.03505e-05
0.00337682
1.9512e-05
0.00338028
1.87774e-05
0.003383
1.81166e-05
0.00338497
1.75451e-05
0.00338618
1.70736e-05
0.00338667
1.67914e-05
0.00338646
1.66368e-05
0.00338564
1.68192e-05
0.00338419
1.72181e-05
0.00338239
1.82564e-05
0.00338041
2.04171e-05
0.0033783
2.27109e-05
0.00337787
2.79812e-05
0.00338029
3.43055e-05
0.00338441
3.53557e-05
0.00338904
3.04544e-05
0.00339366
2.20633e-05
0.0033982
1.25286e-05
0.00340274
3.48498e-06
0.00340738
-3.96041e-06
0.00341213
-9.53899e-06
0.00341692
-1.30714e-05
0.00342166
-1.46193e-05
0.00342621
-1.43924e-05
0.00343044
-1.24352e-05
0.00343427
-8.95228e-06
0.00343765
-4.24226e-06
0.00344065
1.41473e-06
0.00344342
7.76096e-06
0.00344615
1.45138e-05
0.00344905
2.13573e-05
0.00345223
2.79453e-05
0.00345574
3.39936e-05
0.0034595
3.92599e-05
0.0034634
4.36778e-05
0.00346734
4.72954e-05
0.0034713
5.02586e-05
0.0034753
5.27037e-05
0.00347941
5.47827e-05
0.00348221
3.72393e-05
0.00348502
3.7004e-05
0.00348787
3.66226e-05
0.00349076
3.61292e-05
0.0034937
3.55497e-05
0.00349671
3.49026e-05
0.00349982
3.4202e-05
0.00350304
3.3456e-05
0.0035064
3.26706e-05
0.00350991
3.18489e-05
0.0035136
3.09944e-05
0.00351748
3.01081e-05
0.00352156
2.91916e-05
0.00352584
2.82441e-05
0.00353033
2.72666e-05
0.00353502
2.62584e-05
0.00353989
2.52214e-05
0.00354492
2.41576e-05
0.00355009
2.30698e-05
0.00355535
2.19642e-05
0.00356069
2.0843e-05
0.00356606
1.97164e-05
0.00357142
1.85876e-05
0.00357674
1.74567e-05
1.63752e-05
0.00358198
0.003835
3.94903e-05
0.00385091
3.02605e-05
0.00386494
2.55157e-05
0.00387829
2.30575e-05
0.00389138
2.20454e-05
0.00390411
2.07527e-05
0.0039166
1.96667e-05
0.00392891
1.92374e-05
0.00394103
1.90627e-05
0.0039529
1.89558e-05
0.00396448
1.88705e-05
0.00397574
1.86298e-05
0.00398663
1.83277e-05
0.00399716
1.79239e-05
0.0040073
1.74737e-05
0.00401707
1.70174e-05
0.00402644
1.64806e-05
0.00403544
1.59772e-05
0.00404407
1.55768e-05
0.00405237
1.52402e-05
0.00406035
1.48573e-05
0.00406798
1.44034e-05
0.00407527
1.38958e-05
0.00408223
1.33919e-05
0.00408886
1.28853e-05
0.00409518
1.24573e-05
0.00410121
1.20904e-05
0.00410695
1.18021e-05
0.00411242
1.16053e-05
0.00411764
1.15769e-05
0.00412259
1.16886e-05
0.00412733
1.20749e-05
0.00413184
1.27129e-05
0.00413633
1.37719e-05
0.00414102
1.57195e-05
0.00414606
1.76716e-05
0.00415293
2.11173e-05
0.00416257
2.46655e-05
0.00417388
2.40485e-05
0.00418567
1.86581e-05
0.00419737
1.03703e-05
0.00420882
1.07831e-06
0.00422004
-7.7354e-06
0.00423104
-1.49634e-05
0.00424187
-2.03676e-05
0.00425244
-2.36368e-05
0.00426267
-2.48553e-05
0.00427249
-2.42055e-05
0.00428174
-2.16853e-05
0.00429033
-1.75453e-05
0.00429825
-1.21578e-05
0.00430556
-5.89837e-06
0.00431243
8.97451e-07
0.00431904
7.90308e-06
0.00432559
1.48119e-05
0.0043322
2.13347e-05
0.00433893
2.72584e-05
0.00434577
3.24228e-05
0.00435266
3.6786e-05
0.00435958
4.03852e-05
0.00436652
4.33185e-05
0.00437352
4.57e-05
0.00438068
4.76225e-05
0.00438555
3.23698e-05
0.00439043
3.21276e-05
0.00439532
3.17302e-05
0.00440024
3.1209e-05
0.0044052
3.05882e-05
0.00441022
2.98862e-05
0.0044153
2.91172e-05
0.00442047
2.82908e-05
0.00442572
2.7415e-05
0.00443108
2.6497e-05
0.00443653
2.55434e-05
0.00444207
2.45609e-05
0.00444771
2.35542e-05
0.00445343
2.25289e-05
0.00445921
2.1488e-05
0.00446503
2.04375e-05
0.00447087
1.93798e-05
0.0044767
1.83229e-05
0.00448251
1.72686e-05
0.00448824
1.6226e-05
0.00449389
1.5197e-05
0.00449942
1.41876e-05
0.0045048
1.32073e-05
0.00451001
1.22411e-05
1.13435e-05
0.00451505
0.00367427
2.00935e-05
0.00368955
1.49759e-05
0.00370304
1.2037e-05
0.00371584
1.02591e-05
0.00372839
9.50189e-06
0.00374059
8.55576e-06
0.00375256
7.69703e-06
0.00376437
7.43657e-06
0.00377598
7.45159e-06
0.00378735
7.59129e-06
0.00379844
7.77691e-06
0.00380922
7.85147e-06
0.00381966
7.89023e-06
0.00382974
7.84554e-06
0.00383946
7.76014e-06
0.00384881
7.66979e-06
0.00385778
7.51053e-06
0.00386639
7.37017e-06
0.00387465
7.31541e-06
0.0038826
7.29381e-06
0.00389023
7.22675e-06
0.00389753
7.09794e-06
0.00390452
6.91461e-06
0.00391118
6.72726e-06
0.00391753
6.53561e-06
0.00392359
6.39795e-06
0.00392938
6.30564e-06
0.00393491
6.27246e-06
0.0039402
6.31334e-06
0.00394529
6.48992e-06
0.00395018
6.80011e-06
0.00395495
7.31018e-06
0.00395961
8.04861e-06
0.00396437
9.0197e-06
0.00396948
1.06043e-05
0.00397517
1.19846e-05
0.00398242
1.38687e-05
0.00399191
1.51738e-05
0.00400294
1.30263e-05
0.0040147
6.89717e-06
0.00402675
-1.67773e-06
0.00403897
-1.11393e-05
0.0040513
-2.00698e-05
0.00406367
-2.73333e-05
0.0040761
-3.27928e-05
0.00408843
-3.59651e-05
0.00410061
-3.70364e-05
0.00411257
-3.61683e-05
0.00412413
-3.32448e-05
0.00413516
-2.857e-05
0.00414561
-2.26071e-05
0.00415554
-1.58319e-05
0.0041651
-8.65583e-06
0.00417444
-1.43578e-06
0.00418371
5.53368e-06
0.00419304
1.20097e-05
0.00420247
1.78244e-05
0.00421202
2.28738e-05
0.00422169
2.7124e-05
0.00423145
3.06177e-05
0.00424137
3.34063e-05
0.00425147
3.55973e-05
0.00426187
3.72257e-05
0.00426893
2.5309e-05
0.00427597
2.50865e-05
0.00428299
2.47107e-05
0.00428999
2.42116e-05
0.00429696
2.36126e-05
0.00430392
2.29331e-05
0.00431085
2.21868e-05
0.00431775
2.13861e-05
0.00432463
2.05399e-05
0.00433146
1.96592e-05
0.00433826
1.87519e-05
0.00434499
1.78283e-05
0.00435165
1.68937e-05
0.00435822
1.59566e-05
0.00436469
1.50201e-05
0.00437103
1.4092e-05
0.00437724
1.31747e-05
0.00438329
1.22758e-05
0.00438916
1.13981e-05
0.00439484
1.05456e-05
0.00440031
9.72525e-06
0.00440557
8.93033e-06
0.00441059
8.18272e-06
0.00441539
7.44785e-06
6.7909e-06
0.00441994
0.00367411
7.12401e-07
0.00368942
-3.27973e-07
0.00370292
-1.46018e-06
0.00371573
-2.54833e-06
0.00372828
-3.04086e-06
0.00374048
-3.64407e-06
0.00375246
-4.27995e-06
0.00376427
-4.36986e-06
0.00377589
-4.16368e-06
0.00378726
-3.7743e-06
0.00379835
-3.31485e-06
0.00380913
-2.92368e-06
0.00381956
-2.54271e-06
0.00382964
-2.22982e-06
0.00383935
-1.95146e-06
0.0038487
-1.67719e-06
0.00385768
-1.46293e-06
0.00386629
-1.24186e-06
0.00387456
-9.48336e-07
0.0038825
-6.5005e-07
0.00389013
-3.97232e-07
0.00389742
-1.99234e-07
0.0039044
-5.81984e-08
0.00391106
6.98365e-08
0.0039174
1.90155e-07
0.00392346
3.40745e-07
0.00392925
5.19504e-07
0.00393479
7.35876e-07
0.00394009
1.00706e-06
0.00394521
1.38126e-06
0.00395013
1.87867e-06
0.00395493
2.50534e-06
0.00395967
3.31295e-06
0.00396449
4.19795e-06
0.00396966
5.43601e-06
0.00397541
6.23466e-06
0.00398243
6.85301e-06
0.00399123
6.37806e-06
0.00400137
2.88757e-06
0.00401237
-4.10575e-06
0.00402394
-1.32463e-05
0.00403604
-2.32333e-05
0.00404854
-3.25694e-05
0.00406128
-4.00781e-05
0.00407428
-4.57922e-05
0.00408728
-4.89641e-05
0.00410026
-5.00167e-05
0.00411316
-4.90703e-05
0.0041257
-4.57828e-05
0.00413767
-4.05336e-05
0.00414897
-3.39053e-05
0.00415964
-2.65036e-05
0.0041698
-1.88198e-05
0.00417962
-1.12483e-05
0.00418924
-4.08853e-06
0.00419879
2.45412e-06
0.00420837
8.24625e-06
0.00421802
1.32258e-05
0.00422778
1.73671e-05
0.00423767
2.07267e-05
0.00424775
2.33263e-05
0.00425807
2.52833e-05
0.0042687
2.65892e-05
0.00427595
1.80591e-05
0.0042832
1.78392e-05
0.00429043
1.74783e-05
0.00429764
1.70027e-05
0.00430482
1.64349e-05
0.00431196
1.57946e-05
0.00431905
1.50965e-05
0.00432608
1.43542e-05
0.00433304
1.35784e-05
0.00433992
1.27812e-05
0.0043467
1.1972e-05
0.00435337
1.11609e-05
0.00435991
1.03544e-05
0.0043663
9.55981e-06
0.00437254
8.7812e-06
0.00437861
8.02412e-06
0.00438449
7.29241e-06
0.00439018
6.58932e-06
0.00439566
5.92004e-06
0.00440092
5.28216e-06
0.00440596
4.68578e-06
0.00441078
4.11703e-06
0.00441536
3.60003e-06
0.00441971
3.09754e-06
2.66619e-06
0.00442383
0.00367411
-1.86512e-05
0.00368941
-1.56253e-05
0.00370291
-1.4957e-05
0.00371572
-1.53594e-05
0.00372827
-1.55819e-05
0.00374048
-1.58458e-05
0.00375246
-1.62644e-05
0.00376428
-1.61829e-05
0.0037759
-1.57843e-05
0.00378727
-1.51424e-05
0.00379837
-1.44073e-05
0.00380915
-1.36991e-05
0.00381958
-1.2975e-05
0.00382966
-1.23053e-05
0.00383937
-1.1663e-05
0.00384872
-1.1024e-05
0.0038577
-1.04387e-05
0.00386631
-9.8574e-06
0.00387458
-9.21364e-06
0.00388252
-8.59291e-06
0.00389015
-8.01855e-06
0.00389744
-7.4936e-06
0.00390441
-7.0295e-06
0.00391107
-6.58789e-06
0.00391742
-6.15808e-06
0.00392349
-5.72108e-06
0.00392928
-5.2738e-06
0.00393483
-4.81204e-06
0.00394015
-4.31687e-06
0.00394529
-3.75006e-06
0.00395024
-3.07266e-06
0.00395508
-2.33127e-06
0.00395986
-1.4684e-06
0.00396471
-6.54506e-07
0.00396986
2.87536e-07
0.00397555
5.4906e-07
0.00398226
1.49503e-07
0.00399038
-1.74853e-06
0.0039997
-6.42566e-06
0.00400998
-1.43894e-05
0.00402108
-2.4342e-05
0.00403307
-3.52187e-05
0.00404574
-4.5248e-05
0.00405889
-5.32272e-05
0.00407253
-5.94256e-05
0.00408624
-6.26708e-05
0.00410009
-6.38741e-05
0.00411406
-6.30376e-05
0.00412769
-5.94133e-05
0.00414066
-5.34985e-05
0.00415279
-4.60392e-05
0.00416411
-3.78268e-05
0.00417474
-2.94482e-05
0.00418484
-2.13437e-05
0.00419457
-1.38232e-05
0.00420409
-7.06102e-06
0.0042135
-1.16111e-06
0.00422288
3.84675e-06
0.00423229
7.95122e-06
0.00424179
1.12265e-05
0.00425145
1.36746e-05
0.0042613
1.54281e-05
0.00427144
1.64466e-05
0.00427834
1.11667e-05
0.00428521
1.09695e-05
0.00429204
1.06446e-05
0.00429883
1.02155e-05
0.00430556
9.70454e-06
0.00431222
9.13122e-06
0.00431881
8.5111e-06
0.0043253
7.85824e-06
0.0043317
7.1846e-06
0.00433798
6.50235e-06
0.00434413
5.82113e-06
0.00435014
5.15024e-06
0.004356
4.49582e-06
0.00436169
3.86388e-06
0.00436722
3.25796e-06
0.00437256
2.68239e-06
0.00437771
2.13971e-06
0.00438267
1.63239e-06
0.00438743
1.16267e-06
0.00439198
7.29284e-07
0.00439633
3.36045e-07
0.00440047
-2.47112e-08
0.00440441
-3.41999e-07
0.00440815
-6.36758e-07
-8.78572e-07
0.00441169
0.00367426
-3.79955e-05
0.00368953
-3.08906e-05
0.00370301
-2.84349e-05
0.00371582
-2.81693e-05
0.00372837
-2.81207e-05
0.00374057
-2.80488e-05
0.00375257
-2.82569e-05
0.00376439
-2.80041e-05
0.00377602
-2.74123e-05
0.0037874
-2.65148e-05
0.0037985
-2.55032e-05
0.00380928
-2.44786e-05
0.00381971
-2.3411e-05
0.0038298
-2.23847e-05
0.00383951
-2.13767e-05
0.00384886
-2.03705e-05
0.00385784
-1.94151e-05
0.00386645
-1.84745e-05
0.00387472
-1.74804e-05
0.00388267
-1.65387e-05
0.0038903
-1.56449e-05
0.0038976
-1.47953e-05
0.00390458
-1.40108e-05
0.00391125
-1.32565e-05
0.00391761
-1.25171e-05
0.00392368
-1.17921e-05
0.00392949
-1.1075e-05
0.00393504
-1.03677e-05
0.00394038
-9.65188e-06
0.00394552
-8.89382e-06
0.00395049
-8.03906e-06
0.00395534
-7.18051e-06
0.00396014
-6.26463e-06
0.00396498
-5.49433e-06
0.00397005
-4.77508e-06
0.00397557
-4.97346e-06
0.0039819
-6.1766e-06
0.00398936
-9.20979e-06
0.00399787
-1.4937e-05
0.00400744
-2.39582e-05
0.00401805
-3.49458e-05
0.00402992
-4.70929e-05
0.00404273
-5.80563e-05
0.0040562
-6.66981e-05
0.00407035
-7.35698e-05
0.00408451
-7.68284e-05
0.00409897
-7.83413e-05
0.00411375
-7.78171e-05
0.00412816
-7.38211e-05
0.00414172
-6.70559e-05
0.00415418
-5.8498e-05
0.00416557
-4.92179e-05
0.00417603
-3.99094e-05
0.00418576
-3.10762e-05
0.00419497
-2.30364e-05
0.00420384
-1.59266e-05
0.00421249
-9.81087e-06
0.00422103
-4.68788e-06
0.00422952
-5.44032e-07
0.00423804
2.7109e-06
0.00424664
5.07148e-06
0.00425538
6.68479e-06
0.00426434
7.49012e-06
0.0042704
5.11002e-06
0.00427641
4.96043e-06
0.00428236
4.6954e-06
0.00428824
4.33605e-06
0.00429404
3.90505e-06
0.00429975
3.42114e-06
0.00430536
2.90049e-06
0.00431086
2.35691e-06
0.00431624
1.80334e-06
0.00432149
1.25101e-06
0.0043266
7.09609e-07
0.00433157
1.86696e-07
0.00433637
-3.11938e-07
0.00434102
-7.82061e-07
0.0043455
-1.22052e-06
0.00434981
-1.62455e-06
0.00435394
-1.99249e-06
0.00435789
-2.32281e-06
0.00436167
-2.61554e-06
0.00436527
-2.87072e-06
0.0043687
-3.08987e-06
0.00437195
-3.27439e-06
0.00437503
-3.42537e-06
0.00437794
-3.54761e-06
-3.63547e-06
0.0043807
0.00371864
-5.75333e-05
0.00373403
-4.62835e-05
0.00374764
-4.2036e-05
0.0037606
-4.11259e-05
0.00377329
-4.08064e-05
0.00378564
-4.03974e-05
0.00379779
-4.04003e-05
0.00380976
-3.99765e-05
0.00382154
-3.91905e-05
0.00383306
-3.80312e-05
0.0038443
-3.67367e-05
0.00385521
-3.53891e-05
0.00386577
-3.39728e-05
0.00387598
-3.25883e-05
0.00388582
-3.12143e-05
0.00389529
-2.98402e-05
0.00390439
-2.85148e-05
0.00391313
-2.72108e-05
0.00392151
-2.58582e-05
0.00392956
-2.45877e-05
0.00393728
-2.33675e-05
0.00394467
-2.21869e-05
0.00395174
-2.10795e-05
0.0039585
-2.0009e-05
0.00396493
-1.89553e-05
0.00397108
-1.79337e-05
0.00397694
-1.69318e-05
0.00398253
-1.59568e-05
0.00398786
-1.49883e-05
0.00399296
-1.39906e-05
0.00399781
-1.28906e-05
0.00400246
-1.1828e-05
0.00400695
-1.07534e-05
0.00401133
-9.87133e-06
0.00401571
-9.1542e-06
0.0040203
-9.56279e-06
0.00402532
-1.11941e-05
0.00403101
-1.4894e-05
0.00403734
-2.12691e-05
0.00404447
-3.10836e-05
0.00405248
-4.29565e-05
0.00406181
-5.64222e-05
0.00407191
-6.8152e-05
0.00408255
-7.73355e-05
0.00409377
-8.47912e-05
0.0041046
-8.76618e-05
0.00411587
-8.96145e-05
0.00412776
-8.96984e-05
0.00413927
-8.53395e-05
0.0041498
-7.7585e-05
0.00415903
-6.77237e-05
0.00416705
-5.72432e-05
0.00417407
-4.69305e-05
0.00418036
-3.73618e-05
0.00418617
-2.88504e-05
0.00419171
-2.14681e-05
0.00419712
-1.5219e-05
0.00420251
-1.00762e-05
0.00420794
-5.96847e-06
0.00421345
-2.79951e-06
0.00421908
-5.59397e-07
0.00422485
9.10726e-07
0.00423079
1.55224e-06
0.00423482
1.07581e-06
0.00423884
9.45471e-07
0.00424282
7.15272e-07
0.00424675
4.03849e-07
0.00425063
3.17912e-08
0.00425443
-3.83055e-07
0.00425816
-8.24995e-07
0.00426179
-1.28057e-06
0.00426533
-1.73709e-06
0.00426877
-2.18448e-06
0.00427209
-2.61388e-06
0.0042753
-3.01937e-06
0.00427838
-3.39587e-06
0.00428134
-3.74078e-06
0.00428417
-4.05132e-06
0.00428688
-4.32654e-06
0.00428945
-4.56498e-06
0.00429189
-4.76697e-06
0.00429421
-4.93265e-06
0.0042964
-5.06328e-06
0.00429847
-5.16109e-06
0.00430043
-5.22658e-06
0.00430227
-5.26508e-06
0.00430399
-5.27365e-06
-5.26154e-06
0.00430562
0.00309387
-7.37464e-05
0.00310662
-5.90259e-05
0.00311789
-5.33053e-05
0.00312866
-5.18937e-05
0.00313922
-5.13555e-05
0.00314949
-5.06691e-05
0.0031596
-5.05074e-05
0.00316957
-4.9942e-05
0.00317938
-4.8995e-05
0.00318896
-4.76186e-05
0.00319832
-4.60926e-05
0.00320742
-4.44799e-05
0.00321622
-4.2775e-05
0.00322473
-4.10943e-05
0.00323293
-3.94168e-05
0.00324083
-3.7735e-05
0.00324841
-3.60991e-05
0.00325567
-3.44696e-05
0.00326259
-3.2773e-05
0.00326913
-3.1128e-05
0.00327525
-2.94838e-05
0.00328084
-2.77798e-05
0.00328584
-2.60828e-05
0.00329017
-2.433e-05
0.00329374
-2.2527e-05
0.00329653
-2.07185e-05
0.00329851
-1.89119e-05
0.0032997
-1.71519e-05
0.00330016
-1.54404e-05
0.00329993
-1.3767e-05
0.00329909
-1.20473e-05
0.00329776
-1.049e-05
0.00329604
-9.03183e-06
0.00329403
-7.86575e-06
0.00329187
-6.98743e-06
0.00328976
-7.45761e-06
0.00328787
-9.30103e-06
0.00328636
-1.33818e-05
0.00328527
-2.01811e-05
0.00328485
-3.06559e-05
0.00328534
-4.34516e-05
0.0032874
-5.84731e-05
0.00329036
-7.11136e-05
0.00329424
-8.12128e-05
0.00329906
-8.96158e-05
0.00330365
-9.22466e-05
0.00330941
-9.53753e-05
0.00331661
-9.69063e-05
0.00332401
-9.27381e-05
0.00333082
-8.43912e-05
0.00333662
-7.35276e-05
0.00334154
-6.21606e-05
0.00334573
-5.11188e-05
0.00334943
-4.10684e-05
0.00335289
-3.23081e-05
0.00335624
-2.4823e-05
0.00335958
-1.85585e-05
0.00336298
-1.34752e-05
0.00336644
-9.42774e-06
0.00336998
-6.33528e-06
0.00337359
-4.17027e-06
0.00337727
-2.77339e-06
0.00338103
-2.20294e-06
0.00338354
-1.43928e-06
0.00338602
-1.5262e-06
0.00338843
-1.70176e-06
0.00339079
-1.94867e-06
0.00339307
-2.24823e-06
0.00339527
-2.58381e-06
0.00339738
-2.94108e-06
0.00339941
-3.30691e-06
0.00340134
-3.66956e-06
0.00340318
-4.01988e-06
0.00340492
-4.35029e-06
0.00340655
-4.65582e-06
0.00340809
-4.93221e-06
0.00340953
-5.17774e-06
0.00341087
-5.39028e-06
0.00341211
-5.56955e-06
0.00341326
-5.71464e-06
0.00341432
-5.82677e-06
0.00341529
-5.90599e-06
0.00341618
-5.95482e-06
0.003417
-5.97446e-06
0.00341774
-5.96694e-06
0.00341841
-5.93672e-06
0.00341902
-5.87976e-06
-5.81156e-06
0.00341957
0.0025741
-8.72056e-05
0.00258464
-6.95684e-05
0.00259398
-6.26401e-05
0.00260293
-6.08426e-05
0.00261171
-6.01269e-05
0.00262025
-5.92117e-05
0.00262867
-5.89215e-05
0.00263698
-5.8246e-05
0.00264516
-5.71731e-05
0.00265316
-5.56235e-05
0.00266098
-5.39078e-05
0.00266856
-5.20606e-05
0.00267584
-5.00459e-05
0.00268269
-4.79482e-05
0.00268893
-4.5657e-05
0.00269431
-4.3115e-05
0.00269855
-4.0334e-05
0.00270137
-3.72914e-05
0.00270263
-3.40265e-05
0.00270226
-3.07555e-05
0.00270035
-2.75759e-05
0.00269706
-2.44894e-05
0.00269265
-2.16698e-05
0.00268739
-1.9075e-05
0.00268157
-1.66993e-05
0.00267545
-1.45964e-05
0.00266925
-1.27116e-05
0.00266315
-1.1056e-05
0.0026573
-9.58998e-06
0.00265179
-8.25087e-06
0.00264665
-6.90547e-06
0.00264192
-5.76586e-06
0.00263764
-4.74267e-06
0.00263376
-3.99292e-06
0.00263028
-3.49879e-06
0.00262725
-4.43401e-06
0.00262469
-6.73409e-06
0.00262259
-1.12789e-05
0.00262094
-1.85291e-05
0.00261994
-2.96592e-05
0.00261995
-4.34578e-05
0.00262166
-6.01793e-05
0.00262426
-7.37124e-05
0.0026279
-8.48579e-05
0.00263247
-9.41775e-05
0.00263649
-9.62725e-05
0.00264193
-0.000100816
0.00264912
-0.000104098
0.0026565
-0.000100121
0.00266314
-9.10243e-05
0.00266855
-7.89424e-05
0.00267292
-6.65317e-05
0.00267639
-5.45938e-05
0.00267923
-4.39075e-05
0.00268167
-3.47452e-05
0.00268382
-2.69744e-05
0.00268576
-2.04952e-05
0.00268755
-1.52638e-05
0.00268916
-1.10431e-05
0.00269062
-7.79448e-06
0.00269192
-5.46874e-06
0.00269305
-3.9015e-06
0.00269402
-3.17306e-06
0.00269458
-2.00291e-06
0.00269506
-2.00399e-06
0.00269545
-2.09045e-06
0.00269575
-2.24954e-06
0.00269597
-2.46386e-06
0.0026961
-2.71779e-06
0.00269616
-2.99799e-06
0.00269614
-3.29e-06
0.00269605
-3.58252e-06
0.0026959
-3.86667e-06
0.00269569
-4.13555e-06
0.00269542
-4.38393e-06
0.00269509
-4.60677e-06
0.00269472
-4.8034e-06
0.0026943
-4.97108e-06
0.00269384
-5.10956e-06
0.00269334
-5.21853e-06
0.00269281
-5.29872e-06
0.00269226
-5.35038e-06
0.00269168
-5.37646e-06
0.00269108
-5.37708e-06
0.00269047
-5.35589e-06
0.00268985
-5.31393e-06
0.00268922
-5.2507e-06
-5.17937e-06
0.00268859
0.00214165
-9.83876e-05
0.00215037
-7.82911e-05
0.00215811
-7.03726e-05
0.00216555
-6.82808e-05
0.00217285
-6.74274e-05
0.00217998
-6.6335e-05
0.00218702
-6.59591e-05
0.00219396
-6.51844e-05
0.00220069
-6.38963e-05
0.00220689
-6.18296e-05
0.0022121
-5.91082e-05
0.00221563
-5.55924e-05
0.00221686
-5.12778e-05
0.00221545
-4.65345e-05
0.00221141
-4.16159e-05
0.00220516
-3.68639e-05
0.00219734
-3.25086e-05
0.00218864
-2.85979e-05
0.00217972
-2.51054e-05
0.00217105
-2.20803e-05
0.00216291
-1.94337e-05
0.00215543
-1.7013e-05
0.00214863
-1.48728e-05
0.00214247
-1.29076e-05
0.00213686
-1.10918e-05
0.00213174
-9.46861e-06
0.00212702
-7.9928e-06
0.00212266
-6.69587e-06
0.00211864
-5.56793e-06
0.00211492
-4.53733e-06
0.00211149
-3.46852e-06
0.00210832
-2.60062e-06
0.00210546
-1.88102e-06
0.00210286
-1.38727e-06
0.00210045
-1.09019e-06
0.00209834
-2.31859e-06
0.00209648
-4.87172e-06
0.00209485
-9.64733e-06
0.00209347
-1.71479e-05
0.00209255
-2.87434e-05
0.00209256
-4.34588e-05
0.0020942
-6.18223e-05
0.00209659
-7.61042e-05
0.00210003
-8.82971e-05
0.00210422
-9.83642e-05
0.00210751
-9.95635e-05
0.00211231
-0.000105613
0.00211902
-0.000110811
0.00212581
-0.000106915
0.00213157
-9.6779e-05
0.00213576
-8.31346e-05
0.0021386
-6.93771e-05
0.00214022
-5.6208e-05
0.00214087
-4.45629e-05
0.0021408
-3.46761e-05
0.00214011
-2.62869e-05
0.00213891
-1.92889e-05
0.00213729
-1.36441e-05
0.00213526
-9.02049e-06
0.00213293
-5.46203e-06
0.00213034
-2.87256e-06
0.00212751
-1.07963e-06
0.00212451
-1.6989e-07
0.00212245
6.33853e-08
0.00212037
6.99384e-08
0.00211831
-2.55828e-08
0.00211626
-2.03684e-07
0.00211424
-4.43717e-07
0.00211225
-7.29582e-07
0.0021103
-1.04677e-06
0.00210839
-1.37781e-06
0.00210652
-1.71052e-06
0.00210469
-2.03525e-06
0.0021029
-2.34586e-06
0.00210115
-2.63555e-06
0.00209944
-2.89876e-06
0.00209778
-3.13686e-06
0.00209615
-3.34508e-06
0.00209457
-3.52395e-06
0.00209302
-3.67337e-06
0.00209152
-3.7935e-06
0.00209005
-3.88577e-06
0.00208863
-3.95283e-06
0.00208725
-3.99484e-06
0.00208591
-4.01605e-06
0.00208461
-4.01542e-06
0.00208335
-3.99644e-06
-3.96615e-06
0.00208214
0.00178186
-0.000107682
0.00178908
-8.55019e-05
0.00179548
-7.67744e-05
0.00180169
-7.44894e-05
0.0018078
-7.3537e-05
0.0018136
-7.21301e-05
0.00181857
-7.09266e-05
0.0018216
-6.82099e-05
0.00182147
-6.37625e-05
0.00181751
-5.78736e-05
0.00181004
-5.16352e-05
0.00180011
-4.56603e-05
0.00178906
-4.02285e-05
0.00177804
-3.5507e-05
0.00176773
-3.13044e-05
0.0017584
-2.75356e-05
0.00175002
-2.41338e-05
0.00174247
-2.10463e-05
0.00173559
-1.82206e-05
0.00172926
-1.57493e-05
0.00172342
-1.3597e-05
0.00171804
-1.16316e-05
0.00171308
-9.90814e-06
0.00170853
-8.35916e-06
0.00170437
-6.93406e-06
0.00170058
-5.6706e-06
0.00169712
-4.53232e-06
0.00169398
-3.55672e-06
0.00169115
-2.7376e-06
0.0016886
-1.98548e-06
0.00168628
-1.15224e-06
0.00168421
-5.30058e-07
0.00168241
-7.57739e-08
0.00168079
2.34385e-07
0.00167929
4.07998e-07
0.00167797
-9.96004e-07
0.00167678
-3.67775e-06
0.00167568
-8.55111e-06
0.00167469
-1.61547e-05
0.001674
-2.80511e-05
0.0016741
-4.35599e-05
0.00167571
-6.34275e-05
0.00167791
-7.8304e-05
0.00168109
-9.14796e-05
0.00168479
-0.000102061
0.0016872
-0.000101978
0.00169099
-0.000109397
0.00169655
-0.000116377
0.00170176
-0.000112119
0.00170527
-0.000100293
0.00170658
-8.44446e-05
0.00170597
-6.877e-05
0.00170361
-5.38456e-05
0.00169988
-4.08334e-05
0.00169513
-2.99282e-05
0.00168963
-2.07881e-05
0.00168365
-1.33088e-05
0.00167744
-7.43827e-06
0.00167116
-2.73973e-06
0.001665
6.95576e-07
0.00165903
3.10419e-06
0.00165329
4.66047e-06
0.0016478
5.31694e-06
0.00164432
3.54604e-06
0.00164104
3.35368e-06
0.00163795
3.06417e-06
0.00163504
2.70427e-06
0.0016323
2.29545e-06
0.00162972
1.85166e-06
0.00162728
1.38712e-06
0.00162499
9.21481e-07
0.00162281
4.65959e-07
0.00162074
2.98246e-08
0.00161878
-3.8469e-07
0.00161692
-7.68021e-07
0.00161513
-1.11507e-06
0.00161343
-1.43308e-06
0.0016118
-1.71198e-06
0.00161023
-1.958e-06
0.00160873
-2.17088e-06
0.00160728
-2.34835e-06
0.0016059
-2.49634e-06
0.00160456
-2.61691e-06
0.00160328
-2.71122e-06
0.00160204
-2.78331e-06
0.00160086
-2.83231e-06
0.00159973
-2.86325e-06
-2.87728e-06
0.00159864
0.00148236
-0.000115348
0.00148831
-9.14517e-05
0.00149369
-8.21541e-05
0.00149851
-7.93098e-05
0.00150108
-7.6099e-05
0.00149913
-7.01754e-05
0.00149195
-6.37527e-05
0.00148084
-5.70933e-05
0.00146808
-5.10007e-05
0.00145555
-4.53404e-05
0.00144413
-4.02197e-05
0.00143392
-3.54444e-05
0.00142467
-3.09816e-05
0.00141618
-2.70176e-05
0.00140836
-2.34847e-05
0.00140119
-2.03638e-05
0.00139467
-1.76087e-05
0.00138878
-1.51562e-05
0.00138347
-1.29142e-05
0.0013787
-1.09769e-05
0.00137441
-9.30817e-06
0.00137054
-7.76217e-06
0.00136703
-6.39591e-06
0.00136387
-5.1952e-06
0.001361
-4.06715e-06
0.0013584
-3.07209e-06
0.00135606
-2.19186e-06
0.00135397
-1.46317e-06
0.00135212
-8.87339e-07
0.00135049
-3.5379e-07
0.00134904
3.00036e-07
0.00134778
7.26237e-07
0.00134673
9.74963e-07
0.00134581
1.16209e-06
0.00134496
1.25486e-06
0.00134421
-2.44452e-07
0.00134353
-2.99615e-06
0.00134286
-7.87974e-06
0.00134218
-1.54694e-05
0.00134165
-2.75234e-05
0.00134177
-4.36756e-05
0.00134322
-6.48812e-05
0.00134511
-8.01894e-05
0.00134782
-9.4188e-05
0.0013507
-0.00010494
0.00135177
-0.000103056
0.00135364
-0.000111268
0.00135658
-0.000119317
0.00135822
-0.000113762
0.00135727
-9.93394e-05
0.00135346
-8.06339e-05
0.00134732
-6.26322e-05
0.00133933
-4.58578e-05
0.00133021
-3.17105e-05
0.00132061
-2.03296e-05
0.00131106
-1.12427e-05
0.00130191
-4.1616e-06
0.00129345
1.02425e-06
0.00128578
4.93486e-06
0.00127892
7.55002e-06
0.0012728
9.2302e-06
0.00126737
1.00888e-05
0.00126252
1.01684e-05
0.00125957
6.49101e-06
0.00125689
6.04056e-06
0.00125443
5.51898e-06
0.00125218
4.95515e-06
0.00125011
4.36588e-06
0.0012482
3.76196e-06
0.00124643
3.15551e-06
0.00124479
2.56505e-06
0.00124326
2.00068e-06
0.00124182
1.46816e-06
0.00124047
9.69158e-07
0.00123919
5.12332e-07
0.00123797
1.01222e-07
0.00123681
-2.72657e-07
0.0012357
-6.01022e-07
0.00123463
-8.90437e-07
0.0012336
-1.14295e-06
0.00123261
-1.35717e-06
0.00123166
-1.53974e-06
0.00123073
-1.69337e-06
0.00122984
-1.82041e-06
0.00122898
-1.92457e-06
0.00122816
-2.00564e-06
0.00122736
-2.06674e-06
-2.10721e-06
0.00122659
0.00123284
-0.000122021
0.00123807
-9.66819e-05
0.00123976
-8.38419e-05
0.00123394
-7.34874e-05
0.0012215
-6.36601e-05
0.00120683
-5.54972e-05
0.00119301
-4.99305e-05
0.0011809
-4.49892e-05
0.00117013
-4.02296e-05
0.00116027
-3.54772e-05
0.0011512
-3.11439e-05
0.00114292
-2.71718e-05
0.00113546
-2.35127e-05
0.00112875
-2.03091e-05
0.00112273
-1.7466e-05
0.00111732
-1.49523e-05
0.00111246
-1.27529e-05
0.00110811
-1.08074e-05
0.00110423
-9.02594e-06
0.00110077
-7.52179e-06
0.00109771
-6.2436e-06
0.00109499
-5.04128e-06
0.00109256
-3.96871e-06
0.00109042
-3.05032e-06
0.00108851
-2.15824e-06
0.00108681
-1.37253e-06
0.00108531
-6.89711e-07
0.00108399
-1.45363e-07
0.00108286
2.42196e-07
0.00108191
6.01728e-07
0.0010811
1.10883e-06
0.00108042
1.40221e-06
0.0010799
1.49681e-06
0.00107946
1.60016e-06
0.00107906
1.65503e-06
0.00107871
1.04917e-07
0.0010784
-2.68281e-06
0.00107804
-7.51714e-06
0.00107758
-1.50055e-05
0.00107712
-2.70607e-05
0.00107714
-4.36939e-05
0.00107831
-6.605e-05
0.00107967
-8.15536e-05
0.00108152
-9.60344e-05
0.00108295
-0.000106373
0.00108173
-0.000101837
0.00108008
-0.000109613
0.00107831
-0.000117551
0.00107443
-0.000109886
0.00106762
-9.25236e-05
0.00105806
-7.10833e-05
0.00104676
-5.13311e-05
0.00103464
-3.37389e-05
0.00102264
-1.97133e-05
0.0010115
-9.18723e-06
0.00100158
-1.32543e-06
0.000992948
4.47311e-06
0.00098567
8.30294e-06
0.000979584
1.10207e-05
0.000974517
1.26173e-05
0.000970318
1.34297e-05
0.000966844
1.35626e-05
0.000963879
1.3134e-05
0.000962142
8.22817e-06
0.000960604
7.57878e-06
0.000959235
6.88782e-06
0.00095801
6.18083e-06
0.000956907
5.4697e-06
0.000955905
4.76368e-06
0.000954988
4.07316e-06
0.000954141
3.41242e-06
0.000953353
2.78912e-06
0.000952615
2.20612e-06
0.000951919
1.66588e-06
0.000951256
1.17542e-06
0.000950621
7.36545e-07
0.000950006
3.42381e-07
0.00094941
-3.72231e-09
0.000948826
-3.06188e-07
0.000948252
-5.69081e-07
0.000947689
-7.93695e-07
0.000947135
-9.85673e-07
0.000946591
-1.1483e-06
0.000946056
-1.28504e-06
0.00094553
-1.39878e-06
0.000945014
-1.48943e-06
0.000944508
-1.55997e-06
-1.60965e-06
0.00094401
0.00102803
-0.00012823
0.00102331
-9.19615e-05
0.00100787
-6.83997e-05
0.000990016
-5.56325e-05
0.000974971
-4.86141e-05
0.000962623
-4.31483e-05
0.000951726
-3.9032e-05
0.000941956
-3.52185e-05
0.000933174
-3.14471e-05
0.000925251
-2.75539e-05
0.000918092
-2.39838e-05
0.000911635
-2.07153e-05
0.000905851
-1.7728e-05
0.000900708
-1.5166e-05
0.000896154
-1.29113e-05
0.000892119
-1.09165e-05
0.000888554
-9.18822e-06
0.0008854
-7.65288e-06
0.000882617
-6.24231e-06
0.000880181
-5.08552e-06
0.000878044
-4.10663e-06
0.000876184
-3.18138e-06
0.000874557
-2.34098e-06
0.00087314
-1.63341e-06
0.000871909
-9.26802e-07
0.000870845
-3.0827e-07
0.000869945
2.10783e-07
0.00086918
6.19925e-07
0.000868555
8.672e-07
0.000868071
1.08618e-06
0.00086771
1.47037e-06
0.000867446
1.66715e-06
0.000867294
1.64929e-06
0.000867187
1.70807e-06
0.000867077
1.76467e-06
0.000866992
1.91106e-07
0.000866918
-2.60828e-06
0.000866744
-7.34169e-06
0.000866407
-1.46671e-05
0.000865907
-2.65604e-05
0.000865727
-4.3512e-05
0.000866446
-6.67685e-05
0.000866949
-8.20558e-05
0.000867324
-9.64091e-05
0.000866319
-0.000105369
0.000861379
-9.68967e-05
0.000854634
-0.000102869
0.000847294
-0.000110211
0.000838225
-0.000100818
0.000826929
-8.1229e-05
0.000813941
-5.80966e-05
0.000800588
-3.79791e-05
0.000787899
-2.10503e-05
0.000776596
-8.41139e-06
0.000767091
3.17219e-07
0.000759353
6.41299e-06
0.000753175
1.06505e-05
0.000748386
1.30924e-05
0.00074468
1.47261e-05
0.000741887
1.54108e-05
0.000739831
1.54864e-05
0.000738309
1.50841e-05
0.000737135
1.43085e-05
0.000736501
8.86289e-06
0.000735973
8.10719e-06
0.000735531
7.32979e-06
0.000735156
6.55627e-06
0.00073483
5.79542e-06
0.000734542
5.05282e-06
0.000734278
4.33676e-06
0.000734034
3.65735e-06
0.000733802
3.02128e-06
0.000733579
2.42969e-06
0.00073336
1.88526e-06
0.000733141
1.39436e-06
0.000732921
9.57421e-07
0.000732694
5.69678e-07
0.000732459
2.31218e-07
0.000732215
-6.15834e-08
0.00073196
-3.14072e-07
0.000731695
-5.28645e-07
0.000731421
-7.10947e-07
0.000731137
-8.64038e-07
0.000730845
-9.92411e-07
0.000730544
-1.09771e-06
0.000730237
-1.18209e-06
0.000729926
-1.24851e-06
-1.29541e-06
0.000729612
0.000846201
-0.000116132
0.000823049
-6.88084e-05
0.000803704
-4.90535e-05
0.000789208
-4.1135e-05
0.000777717
-3.71227e-05
0.000768066
-3.34965e-05
0.000759489
-3.04542e-05
0.000751784
-2.75131e-05
0.000744814
-2.44771e-05
0.000738544
-2.12835e-05
0.000732941
-1.83803e-05
0.000727954
-1.57276e-05
0.000723541
-1.33152e-05
0.000719662
-1.12864e-05
0.000716261
-9.51068e-06
0.000713285
-7.93985e-06
0.000710694
-6.59739e-06
0.000708432
-5.38999e-06
0.00070647
-4.28023e-06
0.000704785
-3.40068e-06
0.000703325
-2.64631e-06
0.000702083
-1.93895e-06
0.000701026
-1.28442e-06
0.000700125
-7.32153e-07
0.000699368
-1.68691e-07
0.000698741
3.18521e-07
0.000698256
6.95807e-07
0.000697885
9.91359e-07
0.000697616
1.13608e-06
0.000697448
1.25508e-06
0.000697372
1.54679e-06
0.000697378
1.66183e-06
0.000697463
1.56402e-06
0.000697553
1.6186e-06
0.000697619
1.69937e-06
0.000697703
1.07839e-07
0.000697773
-2.67814e-06
0.00069767
-7.23758e-06
0.000697353
-1.43491e-05
0.000696716
-2.59229e-05
0.00069624
-4.30349e-05
0.000696262
-6.679e-05
0.000695416
-8.12097e-05
0.000693553
-9.45457e-05
0.000688974
-0.00010079
0.0006794
-8.73229e-05
0.000667961
-9.1431e-05
0.000656963
-9.92142e-05
0.000645325
-8.91804e-05
0.000632339
-6.82434e-05
0.000618839
-4.45976e-05
0.000606288
-2.54296e-05
0.000595459
-1.0222e-05
0.000586668
3.79261e-07
0.00057993
7.0552e-06
0.000574906
1.1437e-05
0.000571309
1.4247e-05
0.00056888
1.55213e-05
0.000567301
1.63059e-05
0.000566397
1.63146e-05
0.000565981
1.59024e-05
0.00056589
1.51753e-05
0.000566004
1.41954e-05
0.000566144
8.72271e-06
0.000566311
7.94088e-06
0.000566493
7.14745e-06
0.000566679
6.37034e-06
0.00056686
5.61557e-06
0.000567028
4.88508e-06
0.000567179
4.18535e-06
0.000567313
3.52373e-06
0.000567428
2.90659e-06
0.000567524
2.33455e-06
0.000567599
1.81054e-06
0.000567652
1.34136e-06
0.000567683
9.26723e-07
0.00056769
5.63648e-07
0.000567671
2.49851e-07
0.000567628
-1.78221e-08
0.00056756
-2.45841e-07
0.000567469
-4.36886e-07
0.000567355
-5.97422e-07
0.000567221
-7.29453e-07
0.000567067
-8.38312e-07
0.000566895
-9.24757e-07
0.000566707
-9.94243e-07
0.000566508
-1.04843e-06
-1.08576e-06
0.000566298
0.000675154
-8.90676e-05
0.000654189
-4.78437e-05
0.000639869
-3.47324e-05
0.0006293
-3.05655e-05
0.000620779
-2.86017e-05
0.000613355
-2.60715e-05
0.000606622
-2.37215e-05
0.000600552
-2.14423e-05
0.000595055
-1.89799e-05
0.000590138
-1.63661e-05
0.000585788
-1.40297e-05
0.000581962
-1.19019e-05
0.000578623
-9.97627e-06
0.000575722
-8.38465e-06
0.000573204
-6.99256e-06
0.000571027
-5.76274e-06
0.000569159
-4.72899e-06
0.000567552
-3.78298e-06
0.000566186
-2.91414e-06
0.000565037
-2.25164e-06
0.000564062
-1.67116e-06
0.000563254
-1.13065e-06
0.000562594
-6.24564e-07
0.00056205
-1.87793e-07
0.000561621
2.6048e-07
0.000561302
6.37782e-07
0.000561095
9.0253e-07
0.000560985
1.1014e-06
0.000560951
1.17104e-06
0.000560979
1.22657e-06
0.000561073
1.45328e-06
0.000561235
1.50027e-06
0.00056145
1.34905e-06
0.000561642
1.42677e-06
0.000561808
1.53367e-06
0.000561994
-7.70655e-08
0.000562127
-2.81061e-06
0.000562014
-7.12393e-06
0.000561629
-1.3964e-05
0.000560761
-2.50534e-05
0.000559886
-4.21598e-05
0.000558874
-6.57777e-05
0.000556154
-7.84888e-05
0.000551404
-8.97959e-05
0.000542802
-9.21871e-05
0.000529608
-7.413e-05
0.000516138
-7.79608e-05
0.000504363
-8.74405e-05
0.000492401
-7.72184e-05
0.000479635
-5.54782e-05
0.000467411
-3.23739e-05
0.000457054
-1.50739e-05
0.000448922
-2.09031e-06
0.000442904
6.3968e-06
0.000438775
1.11846e-05
0.000436124
1.40875e-05
0.00043462
1.57514e-05
0.000433984
1.61569e-05
0.000433939
1.63509e-05
0.000434323
1.59306e-05
0.000434976
1.52496e-05
0.000435786
1.43653e-05
0.000436677
1.33049e-05
0.000437276
8.12384e-06
0.00043785
7.36726e-06
0.000438391
6.60664e-06
0.000438895
5.86667e-06
0.000439359
5.15156e-06
0.000439782
4.46259e-06
0.000440162
3.80562e-06
0.000440501
3.18489e-06
0.000440802
2.60602e-06
0.000441067
2.07002e-06
0.000441297
1.58073e-06
0.000441493
1.14615e-06
0.000441654
7.66032e-07
0.000441779
4.38767e-07
0.000441869
1.60145e-07
0.000441924
-7.27808e-08
0.000441947
-2.68034e-07
0.000441938
-4.27895e-07
0.000441901
-5.60509e-07
0.000441838
-6.66037e-07
0.000441752
-7.51544e-07
0.000441643
-8.15176e-07
0.000441515
-8.66179e-07
0.000441372
-9.04757e-07
-9.30108e-07
0.000441216
0.000534619
-6.57279e-05
0.000519864
-3.30885e-05
0.000509931
-2.47988e-05
0.000502388
-2.30224e-05
0.000496015
-2.22283e-05
0.00049027
-2.03261e-05
0.000484982
-1.84333e-05
0.000480193
-1.66531e-05
0.00047587
-1.46561e-05
0.000472037
-1.25333e-05
0.00046868
-1.06725e-05
0.000465762
-8.98327e-06
0.000463248
-7.46292e-06
0.000461088
-6.22437e-06
0.000459233
-5.13718e-06
0.00045765
-4.17992e-06
0.000456311
-3.38968e-06
0.000455179
-2.65091e-06
0.00045424
-1.97495e-06
0.000453469
-1.48063e-06
0.000452835
-1.0371e-06
0.000452328
-6.23086e-07
0.000451937
-2.33574e-07
0.000451636
1.13409e-07
0.000451429
4.66961e-07
0.000451317
7.50249e-07
0.00045129
9.29372e-07
0.000451338
1.05386e-06
0.000451439
1.07019e-06
0.000451579
1.08615e-06
0.000451766
1.26716e-06
0.000452006
1.2598e-06
0.000452274
1.08137e-06
0.000452504
1.19706e-06
0.000452724
1.31379e-06
0.000452954
-3.06661e-07
0.000453079
-2.93466e-06
0.000452903
-6.94736e-06
0.000452379
-1.344e-05
0.000451209
-2.38822e-05
0.000449821
-4.07716e-05
0.000447435
-6.33915e-05
0.00044252
-7.35738e-05
0.000434865
-8.21409e-05
0.000423234
-8.0556e-05
0.000408919
-5.98148e-05
0.000396062
-6.51043e-05
0.000385107
-7.64857e-05
0.000373779
-6.58902e-05
0.000362166
-4.3866e-05
0.000352003
-2.22112e-05
0.000344184
-7.25519e-06
0.000338614
3.47853e-06
0.000334976
1.00349e-05
0.000332958
1.32019e-05
0.000332096
1.49498e-05
0.000332056
1.5791e-05
0.000332596
1.56172e-05
0.000333499
1.54477e-05
0.000334642
1.4788e-05
0.000335903
1.39885e-05
0.000337208
1.30603e-05
0.000338508
1.20054e-05
0.000339338
7.29365e-06
0.000340112
6.59431e-06
0.000340824
5.89392e-06
0.000341478
5.21325e-06
0.000342074
4.55632e-06
0.000342611
3.92547e-06
0.000343091
3.32584e-06
0.000343518
2.75833e-06
0.000343896
2.2277e-06
0.000344231
1.73609e-06
0.000344523
1.28879e-06
0.000344774
8.95535e-07
0.000344984
5.565e-07
0.000345151
2.71128e-07
0.000345279
3.33516e-08
0.000345366
-1.59885e-07
0.000345417
-3.18643e-07
0.000345434
-4.44444e-07
0.000345421
-5.47708e-07
0.000345381
-6.25998e-07
0.00034532
-6.89503e-07
0.000345236
-7.31379e-07
0.000345135
-7.64351e-07
0.000345018
-7.87406e-07
-8.01197e-07
0.000344889
0.00042361
-4.89985e-05
0.000413773
-2.32509e-05
0.000407015
-1.80402e-05
0.00040157
-1.75776e-05
0.000396706
-1.73639e-05
0.000392217
-1.58371e-05
0.000388059
-1.42752e-05
0.000384282
-1.28757e-05
0.000380891
-1.12653e-05
0.000377919
-9.56073e-06
0.00037534
-8.09405e-06
0.000373122
-6.76543e-06
0.000371237
-5.57708e-06
0.000369632
-4.61988e-06
0.000368269
-3.77426e-06
0.000367123
-3.03364e-06
0.000366168
-2.43459e-06
0.000365378
-1.86023e-06
0.000364741
-1.3386e-06
0.000364234
-9.73649e-07
0.000363833
-6.35559e-07
0.000363529
-3.18734e-07
0.000363317
-2.18459e-08
0.000363177
2.5351e-07
0.000363115
5.29211e-07
0.000363129
7.35762e-07
0.000363209
8.49531e-07
0.000363344
9.1877e-07
0.000363514
9.00975e-07
0.000363706
8.94302e-07
0.000363932
1.04142e-06
0.000364198
9.93164e-07
0.000364468
8.1213e-07
0.000364699
9.66541e-07
0.000364942
1.06999e-06
0.000365168
-5.31715e-07
0.000365236
-3.0023e-06
0.000364961
-6.67247e-06
0.000364243
-1.2721e-05
0.000362741
-2.23801e-05
0.000360732
-3.87616e-05
0.000356792
-5.94512e-05
0.000349854
-6.66358e-05
0.000340148
-7.24349e-05
0.000327349
-6.77569e-05
0.000314091
-4.65575e-05
0.000303079
-5.40923e-05
0.000293302
-6.67094e-05
0.000282914
-5.55016e-05
0.000272874
-3.3827e-05
0.000264944
-1.42813e-05
0.000259428
-1.73934e-06
0.000255965
6.94134e-06
0.000254197
1.18028e-05
0.000253708
1.36903e-05
0.000254022
1.4636e-05
0.000254885
1.49276e-05
0.000256109
1.43938e-05
0.00025753
1.40262e-05
0.000259055
1.32632e-05
0.000260601
1.24425e-05
0.000262121
1.15412e-05
0.000263582
1.05446e-05
0.000264494
6.38112e-06
0.000265333
5.75621e-06
0.000266098
5.12857e-06
0.000266795
4.51668e-06
0.000267425
3.92632e-06
0.000267989
3.36136e-06
0.00026849
2.82563e-06
0.000268932
2.31636e-06
0.000269322
1.83774e-06
0.000269665
1.3938e-06
0.000269962
9.91496e-07
0.000270215
6.42493e-07
0.000270425
3.47529e-07
0.000270589
1.06655e-07
0.000270711
-8.82065e-08
0.000270792
-2.40658e-07
0.000270837
-3.62977e-07
0.000270848
-4.55727e-07
0.000270833
-5.3161e-07
0.000270792
-5.85141e-07
0.000270733
-6.2984e-07
0.000270656
-6.54563e-07
0.000270566
-6.73641e-07
0.000270462
-6.83291e-07
-6.872e-07
0.000270348
0.000336343
-3.77805e-05
0.000329942
-1.68495e-05
0.000325333
-1.34313e-05
0.000321311
-1.35553e-05
0.000317525
-1.35778e-05
0.000313987
-1.22995e-05
0.000310716
-1.10042e-05
0.000307744
-9.90364e-06
0.000305095
-8.61626e-06
0.0003028
-7.26518e-06
0.000300827
-6.12051e-06
0.000299146
-5.08469e-06
0.000297733
-4.16457e-06
0.000296543
-3.42928e-06
0.000295544
-2.77486e-06
0.000294716
-2.20653e-06
0.000294039
-1.75701e-06
0.000293492
-1.31285e-06
0.000293066
-9.13197e-07
0.000292739
-6.46434e-07
0.000292494
-3.90274e-07
0.000292324
-1.4901e-07
0.000292227
7.55337e-08
0.000292187
2.93743e-07
0.000292212
5.0401e-07
0.000292299
6.48983e-07
0.000292434
7.14463e-07
0.000292608
7.44902e-07
0.0002928
7.08752e-07
0.000293004
6.908e-07
0.000293235
8.10434e-07
0.000293493
7.35403e-07
0.000293734
5.71034e-07
0.000293948
7.52885e-07
0.000294192
8.25981e-07
0.000294378
-7.17373e-07
0.000294361
-2.9857e-06
0.000293965
-6.27632e-06
0.000293029
-1.17839e-05
0.000291212
-2.05631e-05
0.000288525
-3.60747e-05
0.000283161
-5.40863e-05
0.000274879
-5.83545e-05
0.000264394
-6.1949e-05
0.000252044
-5.5407e-05
0.000240898
-3.54121e-05
0.000231872
-4.50664e-05
0.000223155
-5.79924e-05
0.00021382
-4.61666e-05
0.000205487
-2.54948e-05
0.0001996
-8.39481e-06
0.000195961
1.89966e-06
0.000194135
8.76718e-06
0.000193707
1.22308e-05
0.000194191
1.32057e-05
0.000195203
1.36244e-05
0.000196566
1.35642e-05
0.000198126
1.28338e-05
0.000199771
1.23817e-05
0.00020143
1.16039e-05
0.000203053
1.082e-05
0.000204608
9.98586e-06
0.000206076
9.07705e-06
0.00020698
5.47688e-06
0.000207804
4.93264e-06
0.000208552
4.38062e-06
0.000209229
3.83936e-06
0.000209838
3.31762e-06
0.000210379
2.82071e-06
0.000210855
2.35027e-06
0.000211272
1.89952e-06
0.000211637
1.47297e-06
0.000211954
1.0771e-06
0.000212225
7.20408e-07
0.000212451
4.16279e-07
0.000212633
1.65973e-07
0.00021277
-3.04444e-08
0.000212866
-1.83277e-07
0.000212922
-2.97062e-07
0.000212945
-3.86008e-07
0.00021294
-4.49579e-07
0.00021291
-5.02207e-07
0.000212861
-5.35271e-07
0.000212796
-5.65273e-07
0.000212719
-5.76939e-07
0.000212633
-5.87414e-07
0.000212539
-5.88671e-07
-5.84596e-07
0.000212436
0.000267645
-3.05744e-05
0.00026353
-1.27336e-05
0.00026031
-1.02113e-05
0.000257272
-1.05174e-05
0.000254285
-1.05907e-05
0.000251484
-9.49878e-06
0.000248914
-8.43391e-06
0.000246584
-7.57351e-06
0.000244523
-6.55499e-06
0.000242757
-5.49901e-06
0.00024125
-4.61384e-06
0.000239979
-3.81315e-06
0.000238921
-3.10727e-06
0.000238038
-2.54606e-06
0.000237307
-2.04338e-06
0.000236712
-1.61189e-06
0.000236233
-1.27763e-06
0.000235856
-9.35884e-07
0.000235575
-6.32532e-07
0.000235369
-4.39842e-07
0.000235226
-2.47236e-07
0.000235141
-6.4127e-08
0.000235112
1.04378e-07
0.00023513
2.75388e-07
0.000235204
4.30574e-07
0.000235325
5.281e-07
0.00023548
5.59441e-07
0.00023566
5.64642e-07
0.000235847
5.22098e-07
0.000236038
4.99492e-07
0.000236253
5.95399e-07
0.000236481
5.07782e-07
0.000236681
3.71232e-07
0.000236871
5.63291e-07
0.000237095
6.01201e-07
0.000237223
-8.45117e-07
0.000237111
-2.87305e-06
0.000236586
-5.75138e-06
0.000235451
-1.06485e-05
0.000233375
-1.84869e-05
0.000230056
-3.2755e-05
0.000223698
-4.77286e-05
0.000214959
-4.96154e-05
0.000204771
-5.17611e-05
0.00019379
-4.44262e-05
0.000184931
-2.65528e-05
0.000177594
-3.77294e-05
0.000169755
-5.01534e-05
0.000161518
-3.79295e-05
0.000154837
-1.88147e-05
0.000150656
-4.21371e-06
0.000148471
4.08429e-06
0.000147833
9.40525e-06
0.000148265
1.17989e-05
0.00014931
1.21601e-05
0.000150687
1.22482e-05
0.000152273
1.19781e-05
0.00015394
1.11664e-05
0.00015562
1.0702e-05
0.000157262
9.96189e-06
0.000158836
9.246e-06
0.000160323
8.49884e-06
0.000161709
7.69137e-06
0.000162555
4.63116e-06
0.000163321
4.16653e-06
0.000164014
3.68739e-06
0.000164639
3.21443e-06
0.000165197
2.75982e-06
0.000165689
2.32958e-06
0.000166117
1.92245e-06
0.000166489
1.52772e-06
0.00016681
1.15137e-06
0.000167085
8.02551e-07
0.000167315
4.90673e-07
0.000167501
2.30484e-07
0.000167643
2.35497e-08
0.000167744
-1.30702e-07
0.000167806
-2.44869e-07
0.000167833
-3.2457e-07
0.000167833
-3.85246e-07
0.000167808
-4.25152e-07
0.000167766
-4.59571e-07
0.000167708
-4.77099e-07
0.000167639
-4.96457e-07
0.000167562
-4.98881e-07
0.000167478
-5.03935e-07
0.000167391
-5.01405e-07
-4.91961e-07
0.000167299
0.000213399
-2.61231e-05
0.000210737
-1.00717e-05
0.00020841
-7.88408e-06
0.00020607
-8.17748e-06
0.000203698
-8.21814e-06
0.00020148
-7.28124e-06
0.000199466
-6.42011e-06
0.000197647
-5.75402e-06
0.00019605
-4.95762e-06
0.000194695
-4.14436e-06
0.000193547
-3.46574e-06
0.000192586
-2.85206e-06
0.000191794
-2.31593e-06
0.00019114
-1.89124e-06
0.000190605
-1.50886e-06
0.000190178
-1.18466e-06
0.000189838
-9.38131e-07
0.00018958
-6.77227e-07
0.000189397
-4.4984e-07
0.000189269
-3.11977e-07
0.00018919
-1.67878e-07
0.000189156
-3.00379e-08
0.000189166
9.46578e-08
0.000189215
2.26375e-07
0.000189309
3.36091e-07
0.000189439
3.98727e-07
0.000189591
4.07254e-07
0.000189758
3.97918e-07
0.000189923
3.57126e-07
0.000190089
3.32977e-07
0.000190276
4.08285e-07
0.000190463
3.20733e-07
0.00019062
2.15197e-07
0.000190783
4.0029e-07
0.000190976
4.08216e-07
0.000191038
-9.06964e-07
0.000190832
-2.66717e-06
0.000190194
-5.1137e-06
0.000188914
-9.36815e-06
0.000186665
-1.62373e-05
0.000182867
-2.89576e-05
0.000176085
-4.09464e-05
0.000167652
-4.11826e-05
0.000158402
-4.25102e-05
0.000149113
-3.51375e-05
0.000142299
-1.97391e-05
0.000136271
-3.17012e-05
0.000129173
-4.30555e-05
0.000122041
-3.07974e-05
0.000116842
-1.36158e-05
0.000114014
-1.38599e-06
0.000112903
5.19493e-06
0.000113054
9.25397e-06
0.000113986
1.08668e-05
0.000115311
1.08356e-05
0.000116829
1.073e-05
0.000118459
1.03482e-05
0.000120093
9.53221e-06
0.000121698
9.09717e-06
0.000123237
8.42288e-06
0.000124694
7.78897e-06
0.000126057
7.1356e-06
0.000127316
6.43273e-06
0.000128079
3.86827e-06
0.000128768
3.47773e-06
0.000129389
3.0659e-06
0.000129947
2.65695e-06
0.000130441
2.26596e-06
0.000130872
1.89885e-06
0.000131243
1.55092e-06
0.000131563
1.20826e-06
0.000131835
8.7939e-07
0.000132062
5.75813e-07
0.000132246
3.07011e-07
0.000132388
8.8603e-08
0.000132489
-7.78405e-08
0.000132553
-1.94064e-07
0.000132583
-2.74749e-07
0.000132585
-3.2644e-07
0.000132565
-3.64878e-07
0.000132527
-3.87063e-07
0.000132476
-4.0823e-07
0.000132413
-4.1489e-07
0.000132344
-4.27036e-07
0.000132269
-4.23495e-07
0.000132191
-4.25315e-07
0.000132111
-4.21589e-07
-4.0887e-07
0.000132028
0.000170412
-2.34628e-05
0.000168629
-8.28921e-06
0.00016689
-6.14515e-06
0.000165062
-6.34962e-06
0.000163176
-6.33129e-06
0.000161426
-5.53165e-06
0.000159855
-4.84912e-06
0.000158441
-4.33952e-06
0.000157208
-3.72485e-06
0.000156172
-3.10812e-06
0.000155298
-2.59218e-06
0.000154572
-2.12609e-06
0.00015398
-1.7238e-06
0.000153495
-1.40591e-06
0.000153104
-1.11793e-06
0.000152796
-8.76861e-07
0.000152555
-6.96772e-07
0.000152378
-4.99976e-07
0.000152259
-3.3173e-07
0.000152181
-2.33413e-07
0.00015214
-1.26639e-07
0.000152134
-2.43745e-08
0.000152162
6.62031e-08
0.000152224
1.65277e-07
0.000152321
2.3861e-07
0.000152443
2.76926e-07
0.000152579
2.71356e-07
0.000152721
2.55461e-07
0.000152857
2.21131e-07
0.000152994
1.96427e-07
0.000153148
2.54577e-07
0.000153292
1.76631e-07
0.000153407
9.96286e-08
0.000153543
2.64445e-07
0.000153699
2.52412e-07
0.000153696
-9.03369e-07
0.000153412
-2.38301e-06
0.000152699
-4.40087e-06
0.000151345
-8.01432e-06
0.000149023
-1.39152e-05
0.000144979
-2.49129e-05
0.000138292
-3.42595e-05
0.000130651
-3.35421e-05
0.000122599
-3.44576e-05
0.000114977
-2.75157e-05
0.000109844
-1.46064e-05
0.000104796
-2.66528e-05
9.83599e-05
-3.66197e-05
9.23025e-05
-2.47401e-05
8.83602e-05
-9.67358e-06
8.65633e-05
4.10803e-07
8.62015e-05
5.55664e-06
8.68305e-05
8.62489e-06
8.80151e-05
9.68218e-06
8.94327e-05
9.41807e-06
9.09522e-05
9.21038e-06
9.25176e-05
8.78279e-06
9.40387e-05
8.01113e-06
9.55099e-05
7.62598e-06
9.6903e-05
7.02976e-06
9.82108e-05
6.48123e-06
9.9426e-05
5.92048e-06
0.00010054
5.31908e-06
0.000101211
3.19653e-06
0.000101817
2.8723e-06
0.000102362
2.5212e-06
0.000102848
2.17118e-06
0.000103274
1.83916e-06
0.000103643
1.53021e-06
0.000103958
1.23617e-06
0.000104225
9.4112e-07
0.000104448
6.56753e-07
0.000104628
3.96044e-07
0.000104767
1.67802e-07
0.000104868
-1.20018e-08
0.000104932
-1.42114e-07
0.000104964
-2.25738e-07
0.000104968
-2.79127e-07
0.000104951
-3.0935e-07
0.000104918
-3.31513e-07
0.000104873
-3.41443e-07
0.000104818
-3.53596e-07
0.000104757
-3.53282e-07
0.000104691
-3.60827e-07
0.000104621
-3.53888e-07
0.00010455
-3.53996e-07
0.000104479
-3.50522e-07
-3.36107e-07
0.000104407
0.000136224
-2.18876e-05
0.00013495
-7.01529e-06
0.000133613
-4.80855e-06
0.000132174
-4.9103e-06
0.000130678
-4.83503e-06
0.000129306
-4.15965e-06
0.000128087
-3.63024e-06
0.000126993
-3.24528e-06
0.000126045
-2.77755e-06
0.000125255
-2.31749e-06
0.000124591
-1.92861e-06
0.000124043
-1.57827e-06
0.0001236
-1.28081e-06
0.00012324
-1.04579e-06
0.000122954
-8.31088e-07
0.000122731
-6.5404e-07
0.000122558
-5.24048e-07
0.000122436
-3.77817e-07
0.000122359
-2.54725e-07
0.00012231
-1.84696e-07
0.00012229
-1.06964e-07
0.000122299
-3.24835e-08
0.000122333
3.16954e-08
0.000122394
1.03971e-07
0.000122484
1.49313e-07
0.000122589
1.71699e-07
0.000122702
1.58456e-07
0.000122816
1.415e-07
0.000122921
1.15587e-07
0.000123027
9.04083e-08
0.000123147
1.35177e-07
0.000123251
7.25225e-08
0.000123332
1.8499e-08
0.000123441
1.55448e-07
0.00012356
1.34041e-07
0.000123499
-8.42717e-07
0.000123161
-2.04472e-06
0.000122421
-3.66085e-06
0.000121068
-6.66141e-06
0.000118776
-1.1623e-05
0.000114732
-2.08683e-05
0.000108511
-2.80386e-05
0.000101876
-2.69075e-05
9.50506e-05
-2.76321e-05
8.89133e-05
-2.13783e-05
8.5095e-05
-1.07882e-05
8.0788e-05
-2.23458e-05
7.49831e-05
-3.08148e-05
6.99274e-05
-1.96844e-05
6.70066e-05
-6.75285e-06
6.59629e-05
1.45445e-06
6.60893e-05
5.43015e-06
6.69749e-05
7.73924e-06
6.82485e-05
8.40855e-06
6.96432e-05
8.02343e-06
7.1081e-05
7.77248e-06
7.25219e-05
7.3419e-06
7.38907e-05
6.64234e-06
7.52027e-05
6.31406e-06
7.64338e-05
5.79863e-06
7.75824e-05
5.33264e-06
7.86441e-05
4.85884e-06
7.96112e-05
4.35196e-06
8.01928e-05
2.61501e-06
8.07166e-05
2.34854e-06
8.11863e-05
2.05156e-06
8.16023e-05
1.75516e-06
8.19647e-05
1.47682e-06
8.22748e-05
1.22026e-06
8.25367e-05
9.74306e-07
8.27554e-05
7.22434e-07
8.29328e-05
4.79459e-07
8.30702e-05
2.58752e-07
8.31701e-05
6.7914e-08
8.32355e-05
-7.72513e-08
8.32695e-05
-1.76047e-07
8.3277e-05
-2.33124e-07
8.32635e-05
-2.65582e-07
8.32347e-05
-2.80498e-07
8.31949e-05
-2.91599e-07
8.31473e-05
-2.93755e-07
8.3094e-05
-3.00171e-07
8.30367e-05
-2.95841e-07
8.29766e-05
-3.00613e-07
8.29149e-05
-2.9213e-07
8.28526e-05
-2.91534e-07
8.27912e-05
-2.88988e-07
-2.74088e-07
8.27293e-05
0.000108941
-2.08994e-05
0.000107952
-6.02632e-06
0.000106903
-3.7595e-06
0.000105767
-3.77376e-06
0.000104587
-3.65541e-06
0.00010352
-3.09221e-06
0.00010258
-2.69048e-06
0.000101738
-2.40353e-06
0.000101014
-2.05311e-06
0.000100412
-1.71607e-06
9.99096e-05
-1.42568e-06
9.94968e-05
-1.16546e-06
9.91652e-05
-9.4924e-07
9.88973e-05
-7.77877e-07
9.86859e-05
-6.19656e-07
9.85234e-05
-4.91553e-07
9.83985e-05
-3.99089e-07
9.83128e-05
-2.92204e-07
9.82612e-05
-2.03117e-07
9.823e-05
-1.53397e-07
9.82212e-05
-9.82021e-08
9.82339e-05
-4.51786e-08
9.82668e-05
-1.19805e-09
9.83213e-05
4.95283e-08
9.83963e-05
7.43154e-08
9.84809e-05
8.7029e-08
9.85688e-05
7.06107e-08
9.86544e-05
5.59563e-08
9.87315e-05
3.84779e-08
9.88091e-05
1.28007e-08
9.88964e-05
4.7885e-08
9.89664e-05
2.59161e-09
9.90199e-05
-3.50421e-08
9.91034e-05
7.19987e-08
9.91873e-05
5.02159e-08
9.90837e-05
-7.39132e-07
9.87204e-05
-1.6814e-06
9.8e-05
-2.94039e-06
9.67132e-05
-5.37443e-06
9.45415e-05
-9.45131e-06
9.07064e-05
-1.70332e-05
8.51607e-05
-2.2493e-05
7.95584e-05
-2.13051e-05
7.3872e-05
-2.19457e-05
6.89886e-05
-1.64949e-05
6.61661e-05
-7.96578e-06
6.24421e-05
-1.86218e-05
5.72571e-05
-2.56299e-05
5.30986e-05
-1.55259e-05
5.09804e-05
-4.63464e-06
5.04642e-05
1.97062e-06
5.08829e-05
5.0114e-06
5.18765e-05
6.74555e-06
5.31355e-05
7.14961e-06
5.444e-05
6.71885e-06
5.57519e-05
6.46066e-06
5.70402e-05
6.05359e-06
5.82431e-05
5.43938e-06
5.93902e-05
5.16704e-06
6.04592e-05
4.72956e-06
6.1452e-05
4.33988e-06
6.23658e-05
3.94502e-06
6.31941e-05
3.52372e-06
6.36913e-05
2.11783e-06
6.41391e-05
1.90078e-06
6.4539e-05
1.65172e-06
6.48906e-05
1.4036e-06
6.51941e-05
1.17334e-06
6.54513e-05
9.63046e-07
6.56663e-05
7.59391e-07
6.58423e-05
5.4652e-07
6.59801e-05
3.41708e-07
6.60812e-05
1.57702e-07
6.61485e-05
6.34348e-10
6.61857e-05
-1.14345e-07
6.61969e-05
-1.87205e-07
6.61876e-05
-2.23775e-07
6.61633e-05
-2.41183e-07
6.61289e-05
-2.46034e-07
6.60876e-05
-2.50204e-07
6.60418e-05
-2.47939e-07
6.59927e-05
-2.50955e-07
6.59417e-05
-2.44695e-07
6.5889e-05
-2.47886e-07
6.58361e-05
-2.39105e-07
6.57831e-05
-2.38421e-07
6.57312e-05
-2.36971e-07
-2.22519e-07
6.56797e-05
8.71046e-05
-2.01612e-05
8.62736e-05
-5.19537e-06
8.54399e-05
-2.92575e-06
8.45435e-05
-2.87737e-06
8.36208e-05
-2.73273e-06
8.2798e-05
-2.26933e-06
8.20786e-05
-1.97109e-06
8.14353e-05
-1.76026e-06
8.08844e-05
-1.50219e-06
8.04286e-05
-1.26023e-06
8.00485e-05
-1.0456e-06
7.9738e-05
-8.54973e-07
7.94897e-05
-7.00893e-07
7.92897e-05
-5.77864e-07
7.9133e-05
-4.62933e-07
7.90133e-05
-3.71845e-07
7.89213e-05
-3.07167e-07
7.88596e-05
-2.30497e-07
7.88233e-05
-1.66811e-07
7.88017e-05
-1.31729e-07
7.87973e-05
-9.37905e-08
7.88092e-05
-5.70852e-08
7.88363e-05
-2.82949e-08
7.88802e-05
5.58489e-09
7.89384e-05
1.61026e-08
7.9002e-05
2.34964e-08
7.90658e-05
6.85493e-09
7.91256e-05
-3.84596e-09
7.91781e-05
-1.40211e-08
7.92308e-05
-3.99475e-08
7.92901e-05
-1.14124e-08
7.93328e-05
-4.00176e-08
7.93652e-05
-6.74854e-08
7.94256e-05
1.16314e-08
7.94794e-05
-3.56543e-09
7.93502e-05
-6.09845e-07
7.89907e-05
-1.3219e-06
7.8327e-05
-2.27663e-06
7.71547e-05
-4.20215e-06
7.51736e-05
-7.47015e-06
7.16912e-05
-1.35506e-05
6.69019e-05
-1.77037e-05
6.22591e-05
-1.66623e-05
5.75751e-05
-1.72617e-05
5.37196e-05
-1.26394e-05
5.16369e-05
-5.88309e-06
4.83943e-05
-1.53792e-05
4.38171e-05
-2.10526e-05
4.04357e-05
-1.21445e-05
3.89299e-05
-3.12889e-06
3.87671e-05
2.13346e-06
3.9339e-05
4.43943e-06
4.03451e-05
5.73948e-06
4.15278e-05
5.9669e-06
4.27078e-05
5.53879e-06
4.38743e-05
5.29415e-06
4.50021e-05
4.92577e-06
4.60411e-05
4.4004e-06
4.70292e-05
4.17894e-06
4.79452e-05
3.81363e-06
4.87926e-05
3.49242e-06
4.95701e-05
3.16757e-06
5.02717e-05
2.8221e-06
5.06927e-05
1.69683e-06
5.1072e-05
1.52156e-06
5.1409e-05
1.31478e-06
5.17029e-05
1.10972e-06
5.19544e-05
9.2184e-07
5.21658e-05
7.51718e-07
5.23403e-05
5.84885e-07
5.24797e-05
4.07128e-07
5.25844e-05
2.37108e-07
5.2656e-05
8.61726e-08
5.26977e-05
-4.10331e-08
5.27138e-05
-1.30441e-07
5.27093e-05
-1.82654e-07
5.26898e-05
-2.04241e-07
5.26603e-05
-2.11581e-07
5.26248e-05
-2.10456e-07
5.25853e-05
-2.10711e-07
5.25438e-05
-2.06347e-07
5.25004e-05
-2.07518e-07
5.24565e-05
-2.00702e-07
5.24117e-05
-2.03043e-07
5.23674e-05
-1.94738e-07
5.23234e-05
-1.94295e-07
5.22803e-05
-1.9382e-07
-1.80504e-07
5.22384e-05
6.95815e-05
-1.94558e-05
6.8842e-05
-4.4558e-06
6.81763e-05
-2.26008e-06
6.74722e-05
-2.17327e-06
6.67572e-05
-2.01769e-06
6.61294e-05
-1.64156e-06
6.55832e-05
-1.4249e-06
6.50954e-05
-1.27241e-06
6.46792e-05
-1.08598e-06
6.43352e-05
-9.16243e-07
6.4049e-05
-7.59378e-07
6.38161e-05
-6.22019e-07
6.36299e-05
-5.14783e-07
6.34801e-05
-4.28005e-07
6.33632e-05
-3.45987e-07
6.32738e-05
-2.82503e-07
6.32048e-05
-2.38103e-07
6.31586e-05
-1.84358e-07
6.31313e-05
-1.39505e-07
6.31145e-05
-1.1496e-07
6.31107e-05
-8.99738e-08
6.31191e-05
-6.54338e-08
6.31386e-05
-4.77909e-08
6.31708e-05
-2.66252e-08
6.32122e-05
-2.53222e-08
6.32562e-05
-2.04609e-08
6.32986e-05
-3.55644e-08
6.33367e-05
-4.19163e-08
6.33691e-05
-4.64301e-08
6.34012e-05
-7.20229e-08
6.34376e-05
-4.77709e-08
6.34597e-05
-6.21e-08
6.34765e-05
-8.4303e-08
6.3517e-05
-2.88806e-08
6.35464e-05
-3.28877e-08
6.34087e-05
-4.72151e-07
6.30769e-05
-9.90143e-07
6.24944e-05
-1.69406e-06
6.14677e-05
-3.17543e-06
5.97225e-05
-5.72492e-06
5.66707e-05
-1.04988e-05
5.26342e-05
-1.36671e-05
4.88363e-05
-1.28645e-05
4.50076e-05
-1.3433e-05
4.19793e-05
-9.61106e-06
4.04404e-05
-4.34423e-06
3.76138e-05
-1.25526e-05
3.36215e-05
-1.70604e-05
3.08959e-05
-9.41888e-06
2.98457e-05
-2.0787e-06
2.99068e-05
2.07226e-06
3.05384e-05
3.80781e-06
3.14983e-05
4.77966e-06
3.25719e-05
4.8932e-06
3.36141e-05
4.49665e-06
3.46317e-05
4.27649e-06
3.56033e-05
3.95423e-06
3.64887e-05
3.515e-06
3.733e-05
3.33767e-06
3.81062e-05
3.03736e-06
3.88224e-05
2.77625e-06
3.94775e-05
2.51245e-06
4.00666e-05
2.23302e-06
4.04203e-05
1.34319e-06
4.07389e-05
1.20294e-06
4.10204e-05
1.03332e-06
4.12639e-05
8.66264e-07
4.14705e-05
7.152e-07
4.16428e-05
5.79454e-07
4.17833e-05
4.44436e-07
4.18923e-05
2.98144e-07
4.19701e-05
1.59412e-07
4.20185e-05
3.77372e-08
4.20411e-05
-6.35763e-08
4.20426e-05
-1.31893e-07
4.20283e-05
-1.68297e-07
4.20037e-05
-1.79592e-07
4.19729e-05
-1.80777e-07
4.19391e-05
-1.76633e-07
4.19035e-05
-1.75008e-07
4.18672e-05
-1.70032e-07
4.18301e-05
-1.70329e-07
4.17932e-05
-1.63804e-07
4.17559e-05
-1.65711e-07
4.17196e-05
-1.58316e-07
4.16836e-05
-1.58247e-07
4.16483e-05
-1.58495e-07
-1.46778e-07
4.16147e-05
5.54898e-05
-1.86528e-05
5.48113e-05
-3.77724e-06
5.42801e-05
-1.72886e-06
5.37303e-05
-1.6235e-06
5.31819e-05
-1.46926e-06
5.27085e-05
-1.16815e-06
5.22977e-05
-1.01417e-06
5.19311e-05
-9.05721e-07
5.16191e-05
-7.73978e-07
5.13609e-05
-6.58064e-07
5.11464e-05
-5.44848e-07
5.09722e-05
-4.47826e-07
5.08327e-05
-3.75308e-07
5.07201e-05
-3.15357e-07
5.06321e-05
-2.5806e-07
5.05644e-05
-2.14801e-07
5.05113e-05
-1.85012e-07
5.04754e-05
-1.48431e-07
5.04533e-05
-1.17381e-07
5.04387e-05
-1.0039e-07
5.04336e-05
-8.48752e-08
5.04374e-05
-6.91821e-08
5.0449e-05
-5.94478e-08
5.04699e-05
-4.74719e-08
5.04961e-05
-5.15262e-08
5.05232e-05
-4.76047e-08
5.0548e-05
-6.02853e-08
5.05688e-05
-6.27134e-08
5.05856e-05
-6.32702e-08
5.06013e-05
-8.77361e-08
5.062e-05
-6.64178e-08
5.06276e-05
-6.97383e-08
5.06332e-05
-8.98046e-08
5.06573e-05
-5.30501e-08
5.06685e-05
-4.4039e-08
5.05371e-05
-3.40697e-07
5.02494e-05
-7.02495e-07
4.97605e-05
-1.20506e-06
4.88938e-05
-2.30879e-06
4.74064e-05
-4.23743e-06
4.48116e-05
-7.90402e-06
4.14751e-05
-1.03307e-05
3.83981e-05
-9.78742e-06
3.52865e-05
-1.03214e-05
3.2916e-05
-7.24056e-06
3.17751e-05
-3.2033e-06
2.93198e-05
-1.00974e-05
2.58779e-05
-1.36185e-05
2.36949e-05
-7.23581e-06
2.29757e-05
-1.35952e-06
2.3168e-05
1.87991e-06
2.37995e-05
3.17629e-06
2.468e-05
3.89922e-06
2.56308e-05
3.94238e-06
2.65346e-05
3.59285e-06
2.74091e-05
3.40191e-06
2.82353e-05
3.12804e-06
2.89817e-05
2.76859e-06
2.9691e-05
2.62838e-06
3.03429e-05
2.38548e-06
3.09429e-05
2.17627e-06
3.14904e-05
1.96499e-06
3.19811e-05
1.74228e-06
3.22761e-05
1.04823e-06
3.25419e-05
9.3721e-07
3.27751e-05
8.00085e-07
3.29752e-05
6.66183e-07
3.31437e-05
5.46668e-07
3.32832e-05
4.39971e-07
3.33954e-05
3.32266e-07
3.34796e-05
2.13972e-07
3.35361e-05
1.02947e-07
3.35672e-05
6.70894e-09
3.35762e-05
-7.25583e-08
3.35682e-05
-1.23897e-07
3.35486e-05
-1.48654e-07
3.35224e-05
-1.53391e-07
3.3493e-05
-1.51287e-07
3.34625e-05
-1.46098e-07
3.34314e-05
-1.43864e-07
3.34005e-05
-1.39149e-07
3.33694e-05
-1.39137e-07
3.3339e-05
-1.33376e-07
3.33084e-05
-1.35065e-07
3.32789e-05
-1.28782e-07
3.32498e-05
-1.29096e-07
3.32212e-05
-1.29792e-07
-1.19931e-07
3.31944e-05
4.41368e-05
-1.76823e-05
4.35088e-05
-3.14917e-06
4.30861e-05
-1.30623e-06
4.26599e-05
-1.19728e-06
4.2244e-05
-1.0533e-06
4.18915e-05
-8.15718e-07
4.15861e-05
-7.08713e-07
4.13134e-05
-6.33016e-07
4.10817e-05
-5.42261e-07
4.08892e-05
-4.65592e-07
4.07294e-05
-3.85054e-07
4.05998e-05
-3.18163e-07
4.04953e-05
-2.7086e-07
4.04104e-05
-2.30456e-07
4.03438e-05
-1.91425e-07
4.02917e-05
-1.62697e-07
4.025e-05
-1.43304e-07
4.02209e-05
-1.1934e-07
4.02018e-05
-9.82571e-08
4.0188e-05
-8.6651e-08
4.0181e-05
-7.78272e-08
4.01802e-05
-6.8372e-08
4.01847e-05
-6.39918e-08
4.01955e-05
-5.83077e-08
4.0209e-05
-6.49412e-08
4.02226e-05
-6.12081e-08
4.02335e-05
-7.11935e-08
4.02413e-05
-7.05696e-08
4.02468e-05
-6.86743e-08
4.02502e-05
-9.11895e-08
4.0256e-05
-7.2218e-08
4.02542e-05
-6.79609e-08
4.02518e-05
-8.73097e-08
4.02631e-05
-6.43892e-08
4.02624e-05
-4.32827e-08
4.01476e-05
-2.25917e-07
3.99124e-05
-4.67316e-07
3.95195e-05
-8.12103e-07
3.88142e-05
-1.60353e-06
3.75869e-05
-3.01011e-06
3.54399e-05
-5.75693e-06
3.2728e-05
-7.61885e-06
3.02549e-05
-7.31429e-06
2.77389e-05
-7.80538e-06
2.58877e-05
-5.38934e-06
2.50377e-05
-2.35334e-06
2.29197e-05
-7.97932e-06
1.99849e-05
-1.06838e-05
1.82444e-05
-5.4953e-06
1.77606e-05
-8.75745e-07
1.80196e-05
1.62096e-06
1.86152e-05
2.58071e-06
1.94002e-05
3.11414e-06
2.02262e-05
3.11639e-06
2.09987e-05
2.82036e-06
2.1741e-05
2.65959e-06
2.2436e-05
2.43304e-06
2.30594e-05
2.14516e-06
2.36522e-05
2.03558e-06
2.41951e-05
1.84258e-06
2.46938e-05
1.67761e-06
2.51478e-05
1.51104e-06
2.55536e-05
1.33646e-06
2.57979e-05
8.03927e-07
2.60179e-05
7.17199e-07
2.62097e-05
6.08307e-07
2.63729e-05
5.02995e-07
2.65094e-05
4.10166e-07
2.66216e-05
3.2775e-07
2.67106e-05
2.43343e-07
2.67749e-05
1.49712e-07
2.6815e-05
6.28313e-08
2.68334e-05
-1.1666e-08
2.68333e-05
-7.24694e-08
2.68199e-05
-1.10434e-07
2.67982e-05
-1.26933e-07
2.67727e-05
-1.27899e-07
2.67459e-05
-1.24463e-07
2.67193e-05
-1.19433e-07
2.66927e-05
-1.17308e-07
2.66669e-05
-1.13308e-07
2.66411e-05
-1.13286e-07
2.66163e-05
-1.08512e-07
2.65913e-05
-1.10077e-07
2.65675e-05
-1.04954e-07
2.65441e-05
-1.05592e-07
2.65208e-05
-1.06494e-07
-9.85735e-08
2.64995e-05
3.49754e-05
-1.6514e-05
3.43965e-05
-2.57024e-06
3.4062e-05
-9.71707e-07
3.37341e-05
-8.69411e-07
3.34224e-05
-7.41562e-07
3.31637e-05
-5.57114e-07
3.29395e-05
-4.84468e-07
3.27392e-05
-4.32747e-07
3.25691e-05
-3.72079e-07
3.24268e-05
-3.23317e-07
3.23087e-05
-2.67007e-07
3.22128e-05
-2.22234e-07
3.21347e-05
-1.92787e-07
3.20706e-05
-1.66354e-07
3.20198e-05
-1.4055e-07
3.19791e-05
-1.22056e-07
3.19458e-05
-1.09942e-07
3.19214e-05
-9.50113e-08
3.19042e-05
-8.10039e-08
3.18908e-05
-7.32128e-08
3.18818e-05
-6.88997e-08
3.18771e-05
-6.36738e-08
3.18758e-05
-6.26797e-08
3.18785e-05
-6.1002e-08
3.18819e-05
-6.83451e-08
3.18853e-05
-6.45877e-08
3.18861e-05
-7.20003e-08
3.18849e-05
-6.93522e-08
3.18824e-05
-6.61958e-08
3.18773e-05
-8.60635e-08
3.18744e-05
-6.93594e-08
3.18671e-05
-6.06518e-08
3.18592e-05
-7.94033e-08
3.18611e-05
-6.62166e-08
3.18539e-05
-3.60737e-08
3.17616e-05
-1.33645e-07
3.15804e-05
-2.86062e-07
3.12786e-05
-5.10382e-07
3.07265e-05
-1.05133e-06
2.97475e-05
-2.03119e-06
2.80173e-05
-4.02671e-06
2.58484e-05
-5.44993e-06
2.38763e-05
-5.3422e-06
2.18529e-05
-5.7819e-06
2.04101e-05
-3.94654e-06
1.97733e-05
-1.71661e-06
1.79632e-05
-6.16919e-06
1.54874e-05
-8.20797e-06
1.41043e-05
-4.11217e-06
1.37845e-05
-5.55959e-07
1.40669e-05
1.33858e-06
1.46069e-05
2.0407e-06
1.52917e-05
2.42934e-06
1.59979e-05
2.41011e-06
1.66501e-05
2.16824e-06
1.72732e-05
2.03646e-06
1.78521e-05
1.85411e-06
1.83684e-05
1.6289e-06
1.88597e-05
1.54428e-06
1.93082e-05
1.3941e-06
1.97193e-05
1.26645e-06
2.00928e-05
1.13758e-06
2.04258e-05
1.00341e-06
2.06267e-05
6.03101e-07
2.08074e-05
5.36483e-07
2.09638e-05
4.51907e-07
2.10959e-05
3.70946e-07
2.12056e-05
3.00417e-07
2.12953e-05
2.38089e-07
2.13652e-05
1.73406e-07
2.14137e-05
1.01228e-07
2.14416e-05
3.50366e-08
2.14511e-05
-2.11794e-08
2.14454e-05
-6.67518e-08
2.14293e-05
-9.43724e-08
2.14077e-05
-1.05237e-07
2.13842e-05
-1.04383e-07
2.13606e-05
-1.00839e-07
2.13378e-05
-9.6615e-08
2.13154e-05
-9.49476e-08
2.1294e-05
-9.18421e-08
2.12727e-05
-9.19436e-08
2.12524e-05
-8.82166e-08
2.1232e-05
-8.96803e-08
2.12128e-05
-8.56737e-08
2.11938e-05
-8.65417e-08
2.11748e-05
-8.74684e-08
-8.14342e-08
2.11577e-05
2.75698e-05
-1.51429e-05
2.70421e-05
-2.0425e-06
2.6779e-05
-7.08672e-07
2.65289e-05
-6.19252e-07
2.62982e-05
-5.10866e-07
2.61115e-05
-3.70437e-07
2.59494e-05
-3.22333e-07
2.58045e-05
-2.87878e-07
2.56812e-05
-2.48765e-07
2.55771e-05
-2.19256e-07
2.54909e-05
-1.80724e-07
2.54205e-05
-1.51839e-07
2.53623e-05
-1.34628e-07
2.53139e-05
-1.17947e-07
2.52748e-05
-1.01495e-07
2.52428e-05
-9.00555e-08
2.52158e-05
-8.29168e-08
2.5195e-05
-7.42219e-08
2.51792e-05
-6.51513e-08
2.5166e-05
-6.00405e-08
2.51557e-05
-5.85704e-08
2.51481e-05
-5.60666e-08
2.51424e-05
-5.69918e-08
2.5139e-05
-5.76015e-08
2.51351e-05
-6.4503e-08
2.51314e-05
-6.08076e-08
2.51254e-05
-6.59937e-08
2.51183e-05
-6.23015e-08
2.51109e-05
-5.8746e-08
2.51003e-05
-7.54944e-08
2.50922e-05
-6.12205e-08
2.50821e-05
-5.06275e-08
2.50709e-05
-6.81526e-08
2.50662e-05
-6.14973e-08
2.50567e-05
-2.65568e-08
2.49886e-05
-6.56062e-08
2.48577e-05
-1.55107e-07
2.46377e-05
-2.90394e-07
2.42239e-05
-6.3755e-07
2.34724e-05
-1.27966e-06
2.21174e-05
-2.6717e-06
2.04129e-05
-3.74545e-06
1.88549e-05
-3.78416e-06
1.72385e-05
-4.16554e-06
1.61169e-05
-2.8249e-06
1.56372e-05
-1.23688e-06
1.41075e-05
-4.63956e-06
1.20413e-05
-6.14172e-06
1.09451e-05
-3.01595e-06
1.07372e-05
-3.48072e-07
1.10154e-05
1.06034e-06
1.14909e-05
1.56521e-06
1.20773e-05
1.84293e-06
1.26728e-05
1.8146e-06
1.3217e-05
1.62403e-06
1.37346e-05
1.5189e-06
1.42122e-05
1.3765e-06
1.4636e-05
1.2051e-06
1.50395e-05
1.14072e-06
1.54068e-05
1.02684e-06
1.57429e-05
9.30346e-07
1.60475e-05
8.32996e-07
1.63185e-05
7.32431e-07
1.64821e-05
4.39468e-07
1.66292e-05
3.89424e-07
1.67555e-05
3.25568e-07
1.68614e-05
2.6508e-07
1.69489e-05
2.12958e-07
1.70199e-05
1.67082e-07
1.70744e-05
1.18936e-07
1.71105e-05
6.51349e-08
1.71292e-05
1.63595e-08
1.71327e-05
-2.47331e-08
1.71239e-05
-5.79211e-08
1.71072e-05
-7.76597e-08
1.70868e-05
-8.48187e-08
1.70658e-05
-8.34082e-08
1.70454e-05
-8.04361e-08
1.70261e-05
-7.72839e-08
1.70074e-05
-7.6188e-08
1.69896e-05
-7.399e-08
1.69719e-05
-7.42502e-08
1.69552e-05
-7.15266e-08
1.69384e-05
-7.28763e-08
1.69227e-05
-6.98872e-08
1.6907e-05
-7.08831e-08
1.68913e-05
-7.17138e-08
-6.74109e-08
1.68773e-05
2.157e-05
-1.35772e-05
2.10963e-05
-1.56877e-06
2.08911e-05
-5.03464e-07
2.07019e-05
-4.30001e-07
2.05334e-05
-3.42425e-07
2.04012e-05
-2.38193e-07
2.02861e-05
-2.07213e-07
2.01832e-05
-1.8498e-07
2.00953e-05
-1.60869e-07
2.00202e-05
-1.44153e-07
1.9958e-05
-1.18515e-07
1.99069e-05
-1.00735e-07
1.98638e-05
-9.15431e-08
1.98273e-05
-8.1474e-08
1.97973e-05
-7.14589e-08
1.9772e-05
-6.47542e-08
1.97499e-05
-6.08921e-08
1.9732e-05
-5.62975e-08
1.97175e-05
-5.06092e-08
1.97048e-05
-4.73598e-08
1.96937e-05
-4.75e-08
1.96843e-05
-4.66229e-08
1.96757e-05
-4.84212e-08
1.96682e-05
-5.00954e-08
1.96596e-05
-5.59374e-08
1.96513e-05
-5.25143e-08
1.96413e-05
-5.59166e-08
1.9631e-05
-5.19931e-08
1.96208e-05
-4.86091e-08
1.96074e-05
-6.20271e-08
1.95965e-05
-5.03756e-08
1.95857e-05
-3.9807e-08
1.95728e-05
-5.52347e-08
1.9564e-05
-5.27348e-08
1.95549e-05
-1.74363e-08
1.95097e-05
-2.03909e-08
1.94222e-05
-6.76408e-08
1.92719e-05
-1.40072e-07
1.89783e-05
-3.43961e-07
1.8428e-05
-7.29273e-07
1.74027e-05
-1.64645e-06
1.60922e-05
-2.43492e-06
1.48766e-05
-2.5686e-06
1.35977e-05
-2.88665e-06
1.27295e-05
-1.95669e-06
1.23663e-05
-8.73606e-07
1.10909e-05
-3.36416e-06
9.38644e-06
-4.43732e-06
8.52019e-06
-2.14969e-06
8.38703e-06
-2.14919e-07
8.64456e-06
8.02802e-07
9.05323e-06
1.15654e-06
9.54695e-06
1.3492e-06
1.00422e-05
1.31935e-06
1.0491e-05
1.17519e-06
1.09161e-05
1.09388e-06
1.13059e-05
9.86629e-07
1.16504e-05
8.60676e-07
1.19784e-05
8.1265e-07
1.22761e-05
7.29179e-07
1.2548e-05
6.58487e-07
1.27937e-05
5.87249e-07
1.30118e-05
5.14336e-07
1.31436e-05
3.07648e-07
1.32619e-05
2.71187e-07
1.33627e-05
2.24753e-07
1.34465e-05
1.81232e-07
1.35154e-05
1.44107e-07
1.35709e-05
1.11548e-07
1.36128e-05
7.70899e-08
1.36392e-05
3.87373e-08
1.36512e-05
4.34039e-09
1.3651e-05
-2.44605e-08
1.36408e-05
-4.77278e-08
1.36247e-05
-6.15266e-08
1.36062e-05
-6.63257e-08
1.35879e-05
-6.50881e-08
1.35704e-05
-6.29837e-08
1.35541e-05
-6.09243e-08
1.35383e-05
-6.0377e-08
1.35233e-05
-5.90013e-08
1.35085e-05
-5.93981e-08
1.34945e-05
-5.75721e-08
1.34804e-05
-5.87771e-08
1.34673e-05
-5.66792e-08
1.34541e-05
-5.77031e-08
1.34408e-05
-5.83741e-08
-5.55772e-08
1.3429e-05
1.66913e-05
-1.18302e-05
1.62741e-05
-1.15158e-06
1.61155e-05
-3.44847e-07
1.59736e-05
-2.88146e-07
1.58524e-05
-2.21204e-07
1.57608e-05
-1.46559e-07
1.56808e-05
-1.27265e-07
1.56094e-05
-1.13517e-07
1.5548e-05
-9.94907e-08
1.54947e-05
-9.08616e-08
1.54506e-05
-7.44475e-08
1.54141e-05
-6.41631e-08
1.53824e-05
-5.9906e-08
1.53551e-05
-5.4167e-08
1.53321e-05
-4.84384e-08
1.53121e-05
-4.4794e-08
1.52942e-05
-4.29712e-08
1.52788e-05
-4.08978e-08
1.52657e-05
-3.74801e-08
1.52538e-05
-3.55027e-08
1.52427e-05
-3.63833e-08
1.52325e-05
-3.63679e-08
1.52224e-05
-3.83378e-08
1.52126e-05
-4.02664e-08
1.52014e-05
-4.48012e-08
1.51908e-05
-4.18687e-08
1.51788e-05
-4.39386e-08
1.51672e-05
-4.0375e-08
1.51561e-05
-3.75004e-08
1.51417e-05
-4.76251e-08
1.513e-05
-3.86807e-08
1.51196e-05
-2.94115e-08
1.51063e-05
-4.19952e-08
1.50955e-05
-4.19321e-08
1.50882e-05
-1.01312e-08
1.50624e-05
5.44273e-09
1.50101e-05
-1.53166e-08
1.49164e-05
-4.63643e-08
1.47231e-05
-1.50697e-07
1.43453e-05
-3.5141e-07
1.36049e-05
-9.06086e-07
1.26278e-05
-1.45781e-06
1.16972e-05
-1.63796e-06
1.07e-05
-1.88951e-06
1.00335e-05
-1.29016e-06
9.75753e-06
-5.97647e-07
8.71158e-06
-2.3182e-06
7.32537e-06
-3.05111e-06
6.64411e-06
-1.46844e-06
6.55974e-06
-1.30554e-07
6.78744e-06
5.75102e-07
7.13086e-06
8.13114e-07
7.53935e-06
9.40718e-07
7.94503e-06
9.13663e-07
8.31014e-06
8.1008e-07
8.65441e-06
7.49615e-07
8.96844e-06
6.72596e-07
9.24473e-06
5.84381e-07
9.50776e-06
5.49619e-07
9.74567e-06
4.91279e-07
9.96242e-06
4.4173e-07
1.01578e-05
3.91898e-07
1.03307e-05
3.4146e-07
1.04351e-05
2.03164e-07
1.05286e-05
1.77739e-07
1.06076e-05
1.45706e-07
1.06729e-05
1.16003e-07
1.07261e-05
9.09034e-08
1.07687e-05
6.89665e-08
1.08001e-05
4.56371e-08
1.08189e-05
1.99612e-08
1.08261e-05
-2.84315e-09
1.08235e-05
-2.18652e-08
1.08131e-05
-3.73236e-08
1.07983e-05
-4.66791e-08
1.0782e-05
-4.99981e-08
1.07662e-05
-4.92709e-08
1.07512e-05
-4.80702e-08
1.07373e-05
-4.69769e-08
1.07238e-05
-4.68799e-08
1.0711e-05
-4.61872e-08
1.06983e-05
-4.66674e-08
1.06863e-05
-4.55957e-08
1.06742e-05
-4.66194e-08
1.06628e-05
-4.52728e-08
1.06514e-05
-4.62329e-08
1.06397e-05
-4.67259e-08
-4.51644e-08
1.06293e-05
1.26972e-05
-9.91143e-06
1.23384e-05
-7.9281e-07
1.22172e-05
-2.23666e-07
1.21121e-05
-1.83004e-07
1.20263e-05
-1.35377e-07
1.19645e-05
-8.4758e-08
1.19105e-05
-7.32833e-08
1.18623e-05
-6.52832e-08
1.18205e-05
-5.77448e-08
1.17835e-05
-5.3884e-08
1.1753e-05
-4.39515e-08
1.17274e-05
-3.8499e-08
1.17045e-05
-3.70045e-08
1.16843e-05
-3.39784e-08
1.16668e-05
-3.09782e-08
1.16512e-05
-2.92072e-08
1.16368e-05
-2.85453e-08
1.16238e-05
-2.78712e-08
1.16122e-05
-2.59407e-08
1.16016e-05
-2.48122e-08
1.1591e-05
-2.58586e-08
1.15809e-05
-2.61987e-08
1.15704e-05
-2.79125e-08
1.15598e-05
-2.96113e-08
1.15478e-05
-3.28292e-08
1.15365e-05
-3.05468e-08
1.15242e-05
-3.16906e-08
1.15127e-05
-2.88508e-08
1.15019e-05
-2.66502e-08
1.1488e-05
-3.37246e-08
1.14767e-05
-2.74009e-08
1.14674e-05
-2.01532e-08
1.14549e-05
-2.94803e-08
1.14436e-05
-3.06146e-08
1.14386e-05
-5.07583e-09
1.14277e-05
1.63435e-08
1.14018e-05
1.05102e-08
1.13518e-05
3.68689e-09
1.12387e-05
-3.76161e-08
1.10041e-05
-1.16823e-07
1.05064e-05
-4.08341e-07
9.81234e-06
-7.63771e-07
9.1217e-06
-9.47323e-07
8.36318e-06
-1.13099e-06
7.85978e-06
-7.86759e-07
7.65029e-06
-3.8816e-07
6.81167e-06
-1.47958e-06
5.70616e-06
-1.94561e-06
5.17545e-06
-9.37727e-07
5.12217e-06
-7.72735e-08
5.31563e-06
3.81635e-07
5.59723e-06
5.31509e-07
5.92811e-06
6.09838e-07
6.25393e-06
5.87849e-07
6.54538e-06
5.18626e-07
6.81886e-06
4.76136e-07
7.06693e-06
4.24522e-07
7.28427e-06
3.67047e-07
7.4908e-06
3.43089e-07
7.67691e-06
3.05162e-07
7.84593e-06
2.72714e-07
7.99765e-06
2.40177e-07
8.13141e-06
2.077e-07
8.21212e-06
1.22458e-07
8.28399e-06
1.05879e-07
8.34423e-06
8.54666e-08
8.39349e-06
6.67464e-08
8.43332e-06
5.1074e-08
8.46487e-06
3.74226e-08
8.48761e-06
2.29022e-08
8.50029e-06
7.28011e-09
8.50394e-06
-6.48046e-09
8.50003e-06
-1.79535e-08
8.49013e-06
-2.74158e-08
8.47692e-06
-3.34636e-08
8.46276e-06
-3.58274e-08
8.44916e-06
-3.56703e-08
8.43634e-06
-3.52414e-08
8.42428e-06
-3.49003e-08
8.41252e-06
-3.51149e-08
8.40128e-06
-3.49344e-08
8.39005e-06
-3.54286e-08
8.37941e-06
-3.4944e-08
8.36855e-06
-3.57503e-08
8.3583e-06
-3.50073e-08
8.3479e-06
-3.58214e-08
8.33735e-06
-3.61524e-08
-3.55275e-08
8.32773e-06
9.38161e-06
-7.81822e-06
9.08266e-06
-4.93859e-07
8.99163e-06
-1.32635e-07
8.91497e-06
-1.0634e-07
8.85546e-06
-7.58617e-08
8.81523e-06
-4.4527e-08
8.78015e-06
-3.82035e-08
8.74883e-06
-3.397e-08
8.72146e-06
-3.03668e-08
8.6966e-06
-2.90255e-08
8.67618e-06
-2.35371e-08
8.65869e-06
-2.10019e-08
8.6425e-06
-2.08119e-08
8.62791e-06
-1.93885e-08
8.61494e-06
-1.80136e-08
8.60303e-06
-1.72956e-08
8.59168e-06
-1.71953e-08
8.58097e-06
-1.71648e-08
8.57121e-06
-1.61754e-08
8.56199e-06
-1.55932e-08
8.5526e-06
-1.6465e-08
8.54325e-06
-1.68508e-08
8.53343e-06
-1.80916e-08
8.52314e-06
-1.93211e-08
8.51166e-06
-2.13533e-08
8.50091e-06
-1.97912e-08
8.48956e-06
-2.03431e-08
8.4791e-06
-1.83865e-08
8.46935e-06
-1.69008e-08
8.45695e-06
-2.13235e-08
8.4469e-06
-1.73527e-08
8.43915e-06
-1.23994e-08
8.42814e-06
-1.84682e-08
8.41743e-06
-1.98992e-08
8.41442e-06
-2.06854e-09
8.4138e-06
1.69646e-08
8.40636e-06
1.79559e-08
8.38779e-06
2.22538e-08
8.33534e-06
1.48432e-08
8.21491e-06
3.60961e-09
7.92045e-06
-1.13882e-07
7.46853e-06
-3.11848e-07
6.98457e-06
-4.63356e-07
6.4337e-06
-5.8012e-07
6.06639e-06
-4.19451e-07
5.90876e-06
-2.30534e-07
5.26025e-06
-8.31062e-07
4.40694e-06
-1.0923e-06
4.00203e-06
-5.32819e-07
3.96811e-06
-4.33549e-08
4.12546e-06
2.24278e-07
4.34878e-06
3.08192e-07
4.60844e-06
3.50176e-07
4.86203e-06
3.34262e-07
5.08751e-06
2.93142e-07
5.2977e-06
2.65949e-07
5.48714e-06
2.35078e-07
5.65225e-06
2.01938e-07
5.80851e-06
1.86828e-07
5.94864e-06
1.65033e-07
6.07525e-06
1.4611e-07
6.18822e-06
1.27208e-07
6.28724e-06
1.08678e-07
6.3467e-06
6.30007e-08
6.39924e-06
5.33404e-08
6.44277e-06
4.19417e-08
6.47791e-06
3.16099e-08
6.50594e-06
2.30448e-08
6.52776e-06
1.56093e-08
6.54291e-06
7.75156e-09
6.55053e-06
-3.31851e-10
6.55147e-06
-7.41063e-09
6.54686e-06
-1.33461e-08
6.53785e-06
-1.83972e-08
6.52639e-06
-2.19981e-08
6.51424e-06
-2.36726e-08
6.50253e-06
-2.39525e-08
6.49136e-06
-2.40569e-08
6.48067e-06
-2.42022e-08
6.47013e-06
-2.4567e-08
6.45991e-06
-2.47064e-08
6.44963e-06
-2.51385e-08
6.43975e-06
-2.50559e-08
6.42963e-06
-2.56159e-08
6.41996e-06
-2.53191e-08
6.41006e-06
-2.5915e-08
6.40005e-06
-2.61213e-08
-2.61114e-08
6.39065e-06
6.54366e-06
-5.5191e-06
6.30647e-06
-2.56667e-07
6.24013e-06
-6.62941e-08
6.18592e-06
-5.21321e-08
6.14602e-06
-3.5962e-08
6.1212e-06
-1.97009e-08
6.09971e-06
-1.67189e-08
6.08058e-06
-1.48301e-08
6.06362e-06
-1.34106e-08
6.04774e-06
-1.31482e-08
6.03479e-06
-1.05865e-08
6.02343e-06
-9.63523e-09
6.01246e-06
-9.84088e-09
6.00235e-06
-9.2859e-09
5.99312e-06
-8.77923e-09
5.98439e-06
-8.56744e-09
5.97584e-06
-8.64574e-09
5.96747e-06
-8.78952e-09
5.95966e-06
-8.36248e-09
5.95217e-06
-8.1106e-09
5.94436e-06
-8.64904e-09
5.93642e-06
-8.91683e-09
5.92796e-06
-9.62541e-09
5.91896e-06
-1.03235e-08
5.90899e-06
-1.13794e-08
5.89971e-06
-1.05116e-08
5.89009e-06
-1.0726e-08
5.88135e-06
-9.64118e-09
5.87327e-06
-8.82292e-09
5.86305e-06
-1.11041e-08
5.85476e-06
-9.05995e-09
5.84868e-06
-6.31854e-09
5.83974e-06
-9.52304e-09
5.83045e-06
-1.06103e-08
5.82898e-06
-5.9462e-10
5.8343e-06
1.16496e-08
5.83808e-06
1.41817e-08
5.83996e-06
2.03764e-08
5.82958e-06
2.52259e-08
5.79417e-06
3.90193e-08
5.66488e-06
1.54182e-08
5.42111e-06
-6.80794e-08
5.12108e-06
-1.63321e-07
4.76002e-06
-2.19065e-07
4.51294e-06
-1.72368e-07
4.39768e-06
-1.15273e-07
3.9314e-06
-3.64787e-07
3.31648e-06
-4.77379e-07
3.0233e-06
-2.39637e-07
3.00135e-06
-2.14055e-08
3.12099e-06
1.04632e-07
3.28751e-06
1.41669e-07
3.47898e-06
1.58701e-07
3.66404e-06
1.49209e-07
3.82734e-06
1.29834e-07
3.97788e-06
1.15412e-07
4.11231e-06
1.00647e-07
4.22856e-06
8.56872e-08
4.3376e-06
7.77858e-08
4.43463e-06
6.80058e-08
4.5215e-06
5.92459e-08
4.59819e-06
5.05205e-08
4.6647e-06
4.21728e-08
4.70415e-06
2.35501e-08
4.73848e-06
1.90139e-08
4.76636e-06
1.40673e-08
4.78834e-06
9.63862e-09
4.80538e-06
6.00943e-09
4.81813e-06
2.86706e-09
4.82628e-06
-3.95114e-10
4.82939e-06
-3.43417e-09
4.82808e-06
-6.0976e-09
4.82313e-06
-8.38064e-09
4.81521e-06
-1.04657e-08
4.80551e-06
-1.22901e-08
4.79521e-06
-1.33601e-08
4.78507e-06
-1.38087e-08
4.77517e-06
-1.41376e-08
4.76545e-06
-1.44671e-08
4.7557e-06
-1.48116e-08
4.74608e-06
-1.50602e-08
4.73631e-06
-1.53573e-08
4.72675e-06
-1.54723e-08
4.71692e-06
-1.57763e-08
4.70738e-06
-1.57492e-08
4.69756e-06
-1.60785e-08
4.68767e-06
-1.62007e-08
-1.64532e-08
4.67803e-06
3.95314e-06
-2.92698e-06
3.78382e-06
-8.73479e-08
3.73934e-06
-2.18114e-08
3.70414e-06
-1.69298e-08
3.67958e-06
-1.14103e-08
3.66584e-06
-5.95296e-09
3.65414e-06
-5.01672e-09
3.64375e-06
-4.43986e-09
3.63439e-06
-4.04932e-09
3.62528e-06
-4.04257e-09
3.61793e-06
-3.23678e-09
3.61129e-06
-2.98791e-09
3.60456e-06
-3.1139e-09
3.59824e-06
-2.96196e-09
3.59229e-06
-2.83135e-09
3.58651e-06
-2.79019e-09
3.58071e-06
-2.84053e-09
3.57484e-06
-2.91842e-09
3.56926e-06
-2.79057e-09
3.56387e-06
-2.71491e-09
3.55813e-06
-2.91081e-09
3.55223e-06
-3.01213e-09
3.54586e-06
-3.26e-09
3.53904e-06
-3.50282e-09
3.53152e-06
-3.85324e-09
3.52456e-06
-3.55032e-09
3.51744e-06
-3.60704e-09
3.51103e-06
-3.23031e-09
3.50516e-06
-2.94803e-09
3.49776e-06
-3.70671e-09
3.49173e-06
-3.02527e-09
3.48749e-06
-2.07856e-09
3.48113e-06
-3.16315e-09
3.4741e-06
-3.58035e-09
3.4736e-06
-8.72802e-11
3.48079e-06
4.45687e-09
3.48928e-06
5.70008e-09
3.50105e-06
8.6025e-09
3.51415e-06
1.21338e-08
3.53165e-06
2.15295e-08
3.52275e-06
2.43207e-08
3.45034e-06
4.33021e-09
3.31673e-06
-2.9709e-08
3.13971e-06
-4.2048e-08
3.00787e-06
-4.05222e-08
2.93076e-06
-3.81659e-08
2.65604e-06
-9.00685e-08
2.2919e-06
-1.13244e-07
2.11191e-06
-5.96449e-08
2.09786e-06
-7.36299e-09
2.175e-06
2.74873e-08
2.28016e-06
3.65089e-08
2.39884e-06
4.00212e-08
2.51127e-06
3.67771e-08
2.60919e-06
3.19097e-08
2.69722e-06
2.73822e-08
2.77442e-06
2.34432e-08
2.84023e-06
1.98782e-08
2.9006e-06
1.74214e-08
2.95351e-06
1.50908e-08
2.99995e-06
1.28125e-08
3.03997e-06
1.05079e-08
3.07378e-06
8.35847e-09
3.09312e-06
4.21733e-09
3.10922e-06
2.9219e-09
3.1216e-06
1.6923e-09
3.13065e-06
5.97954e-10
3.13696e-06
-2.89623e-10
3.14089e-06
-1.06099e-09
3.14234e-06
-1.83317e-09
3.14131e-06
-2.39629e-09
3.13813e-06
-2.90616e-09
3.13315e-06
-3.37979e-09
3.12658e-06
-3.88872e-09
3.11882e-06
-4.50855e-09
3.11043e-06
-4.96142e-09
3.10188e-06
-5.23703e-09
3.09321e-06
-5.45345e-09
3.08442e-06
-5.65723e-09
3.07545e-06
-5.82519e-09
3.06639e-06
-5.97066e-09
3.05714e-06
-6.0851e-09
3.04787e-06
-6.1835e-09
3.03839e-06
-6.26684e-09
3.02899e-06
-6.315e-09
3.01933e-06
-6.39162e-09
3.00964e-06
-6.46804e-09
-6.61785e-09
2.99984e-06
1.61058e-06
1.52323e-06
1.50142e-06
1.48449e-06
1.47308e-06
1.46712e-06
1.46211e-06
1.45767e-06
1.45362e-06
1.44958e-06
1.44634e-06
1.44335e-06
1.44024e-06
1.43728e-06
1.43444e-06
1.43165e-06
1.42881e-06
1.42589e-06
1.4231e-06
1.42039e-06
1.41748e-06
1.41447e-06
1.41121e-06
1.4077e-06
1.40385e-06
1.4003e-06
1.39669e-06
1.39346e-06
1.39051e-06
1.38681e-06
1.38378e-06
1.3817e-06
1.37854e-06
1.37496e-06
1.37487e-06
1.37933e-06
1.38503e-06
1.39363e-06
1.40577e-06
1.4273e-06
1.45162e-06
1.45595e-06
1.42624e-06
1.38419e-06
1.34367e-06
1.3055e-06
1.21543e-06
1.10219e-06
1.04254e-06
1.03518e-06
1.06267e-06
1.09918e-06
1.1392e-06
1.17598e-06
1.20789e-06
1.23527e-06
1.25871e-06
1.27859e-06
1.29601e-06
1.3111e-06
1.32391e-06
1.33442e-06
1.34278e-06
1.347e-06
1.34992e-06
1.35161e-06
1.35221e-06
1.35192e-06
1.35086e-06
1.34903e-06
1.34663e-06
1.34372e-06
1.34034e-06
1.33645e-06
1.33195e-06
1.32698e-06
1.32175e-06
1.31629e-06
1.31064e-06
1.30481e-06
1.29884e-06
1.29276e-06
1.28657e-06
1.28031e-06
1.27399e-06
1.2676e-06
1.26113e-06
1.25451e-06
-1.01978e-10
1.02389e-10
-2.1724e-10
1.17285e-10
-6.06084e-09
5.8472e-09
-5.98575e-09
-6.88567e-11
-1.04531e-08
4.47247e-09
-2.29408e-08
1.24954e-08
-2.74498e-08
4.51693e-09
-3.21738e-08
4.73214e-09
-3.5722e-08
3.55503e-09
-1.85082e-08
-1.72081e-08
-2.42772e-10
-1.82631e-08
-2.38114e-10
-3.33201e-12
-1.59713e-10
-7.80365e-11
-1.35113e-10
-2.4291e-11
1.07157e-10
-2.42519e-10
6.38285e-09
-6.27488e-09
1.97644e-08
-1.33776e-08
3.48562e-08
-1.5087e-08
4.79478e-08
-1.30837e-08
3.12611e-08
1.66954e-08
4.09442e-08
-9.67325e-09
7.60353e-08
-3.50794e-08
8.00284e-08
-3.97801e-09
8.19103e-08
-1.86622e-09
8.42917e-08
-2.36196e-09
8.8769e-08
-4.45625e-09
9.48554e-08
-6.0626e-09
1.01935e-07
-7.05386e-09
5.31842e-08
4.87767e-08
6.59427e-08
-1.27396e-08
1.38379e-07
-7.24068e-08
1.51637e-07
-1.32242e-08
1.63541e-07
-1.18694e-08
1.73089e-07
-9.51261e-09
1.78189e-07
-5.06342e-09
8.98541e-08
8.83703e-08
8.28928e-08
6.98491e-09
1.55956e-07
-7.30274e-08
7.34682e-08
8.25217e-08
2.312e-10
7.32593e-08
4.05844e-08
-4.03343e-08
4.07624e-08
-1.50473e-10
2.72432e-08
1.35333e-08
2.74951e-08
-2.31353e-10
1.78158e-08
9.68858e-09
1.78011e-08
2.61096e-11
6.43731e-10
1.71602e-08
6.76591e-10
-3.47069e-11
1.79136e-10
4.91499e-10
-7.62792e-10
9.34041e-10
-7.13642e-09
6.36886e-09
-1.3525e-08
6.38786e-09
-1.61928e-08
2.66548e-09
-2.11509e-08
4.95635e-09
-2.54462e-08
4.29514e-09
-2.89777e-08
3.53112e-09
-3.16285e-08
2.65276e-09
-3.36567e-08
2.03223e-09
-3.55673e-08
1.9213e-09
-3.74137e-08
1.8648e-09
-3.83811e-08
1.00205e-09
-3.71979e-08
-1.13575e-09
-2.55927e-08
-1.15408e-08
-7.6435e-09
-1.7896e-08
-3.65317e-10
-7.23999e-09
-2.06866e-10
-1.3107e-10
-5.19302e-10
3.21534e-10
-3.83251e-09
3.31722e-09
-8.77361e-09
4.92643e-09
-1.38213e-08
5.03707e-09
-1.95279e-08
5.69309e-09
-2.54834e-08
5.94979e-09
-3.35346e-08
8.05868e-09
-4.41826e-08
1.06677e-08
-5.29712e-08
8.81548e-09
-5.65255e-08
3.58769e-09
-5.8126e-08
1.62358e-09
-6.11066e-08
2.96962e-09
-6.54152e-08
4.2896e-09
-7.00939e-08
4.6459e-09
-7.45158e-08
4.40764e-09
-3.84864e-08
-3.60149e-08
-3.94838e-08
1.00726e-09
-7.65937e-08
3.71216e-08
-3.71174e-08
-3.94905e-08
-1.61245e-10
-3.69669e-08
-3.22722e-08
3.20782e-08
-6.29258e-08
3.06038e-08
-6.28916e-08
-1.3207e-10
-6.56041e-08
2.608e-09
-6.99097e-08
4.17516e-09
-7.50393e-08
4.99593e-09
-8.13515e-08
6.1793e-09
-8.83654e-08
6.88569e-09
-9.6202e-08
7.71888e-09
-1.03804e-07
7.49286e-09
6.0933e-09
-1.1e-07
-7.39572e-09
7.49906e-09
-1.99959e-08
1.27234e-08
-3.50551e-08
2.09173e-08
-4.43084e-08
9.19787e-09
-6.07223e-08
2.09012e-08
-8.59339e-08
3.7722e-08
-1.02237e-07
2.08339e-08
-1.18374e-07
2.08834e-08
-1.29331e-07
1.45217e-08
-1.16253e-07
-3.02775e-08
-9.62373e-08
-3.82736e-08
-8.97127e-08
-6.52504e-09
-6.58708e-08
-2.39194e-08
-2.96099e-08
-3.62843e-08
-9.1779e-09
-2.06742e-08
1.12395e-08
-2.66891e-08
4.98923e-08
-5.20251e-08
9.6497e-08
-6.16857e-08
1.39548e-07
-5.61249e-08
1.38077e-07
1.81772e-08
1.7059e-07
-4.21723e-08
2.37042e-07
-1.01516e-07
2.55351e-07
-2.22674e-08
2.66223e-07
-1.27168e-08
2.77447e-07
-1.35587e-08
2.94719e-07
-2.16986e-08
3.1659e-07
-2.78998e-08
3.42228e-07
-3.26536e-08
3.14801e-07
7.62445e-08
3.55393e-07
-5.32856e-08
4.59515e-07
-1.76479e-07
5.00926e-07
-5.45808e-08
5.37323e-07
-4.82096e-08
5.66262e-07
-3.8392e-08
5.82444e-07
-2.11854e-08
5.00743e-07
1.70133e-07
4.82355e-07
2.54345e-08
5.22436e-07
-1.13046e-07
3.98868e-07
2.06148e-07
2.78943e-07
1.93247e-07
2.69641e-07
-3.09777e-08
2.21091e-07
4.84559e-08
1.71938e-07
6.27284e-08
1.4902e-07
2.2733e-08
1.14391e-07
4.43461e-08
9.03611e-08
2.40792e-08
5.16085e-08
5.59189e-08
3.14074e-08
2.01578e-08
1.63069e-08
1.55716e-08
-4.93533e-10
1.77076e-08
-1.95544e-08
2.5412e-08
-4.11446e-08
2.79674e-08
-6.14938e-08
2.30093e-08
-7.74409e-08
2.08999e-08
-9.10769e-08
1.79308e-08
-1.01801e-07
1.42546e-08
-1.09194e-07
1.00502e-08
-1.14048e-07
6.89605e-09
-1.17965e-07
5.86247e-09
-1.21158e-07
5.09894e-09
-1.21215e-07
1.13517e-09
-1.1425e-07
-7.99983e-09
-8.0788e-08
-4.48686e-08
-4.31918e-08
-5.53786e-08
-2.18342e-08
-2.84822e-08
-5.63966e-09
-1.62469e-08
-4.57435e-09
-7.17566e-10
-1.57076e-08
1.44622e-08
-3.49393e-08
2.41263e-08
-5.53025e-08
2.53795e-08
-7.3702e-08
2.40691e-08
-9.3515e-08
2.57542e-08
-1.20114e-07
3.46735e-08
-1.53367e-07
4.39619e-08
-1.80573e-07
3.60731e-08
-1.93507e-07
1.65789e-08
-2.0092e-07
9.07303e-09
-2.11238e-07
1.3261e-08
-2.24225e-07
1.72398e-08
-2.37414e-07
1.77842e-08
-2.49157e-07
1.61311e-08
-2.17334e-07
-6.78093e-08
-2.20333e-07
4.02898e-09
-2.54465e-07
7.12702e-08
-2.01555e-07
-9.24298e-08
-1.52406e-07
-8.61478e-08
-1.91843e-07
7.14235e-08
-2.33774e-07
7.24447e-08
-2.3843e-07
4.36053e-09
-2.50495e-07
1.44995e-08
-2.66475e-07
1.99456e-08
-2.84336e-07
2.26454e-08
-3.05238e-07
2.68732e-08
-3.27787e-07
2.92371e-08
-3.52349e-07
3.2102e-08
-3.75871e-07
3.08519e-08
2.67268e-08
-3.96659e-07
-1.53914e-08
2.28917e-08
-4.74797e-08
4.48191e-08
-7.98842e-08
5.33377e-08
-1.0375e-07
3.30832e-08
-1.37475e-07
5.46459e-08
-1.78925e-07
7.91927e-08
-2.0942e-07
5.1346e-08
-2.37101e-07
4.85795e-08
-2.52778e-07
3.02108e-08
-2.40785e-07
-4.22626e-08
-2.16357e-07
-6.26964e-08
-1.9823e-07
-2.46494e-08
-1.62899e-07
-5.92493e-08
-1.01583e-07
-9.75995e-08
-4.74552e-08
-7.48012e-08
-1.512e-09
-7.26276e-08
6.43025e-08
-1.17835e-07
1.42626e-07
-1.40003e-07
2.17836e-07
-1.31327e-07
2.39533e-07
-3.50893e-09
2.98595e-07
-1.01221e-07
3.98005e-07
-2.00913e-07
4.38681e-07
-6.29256e-08
4.66522e-07
-4.05372e-08
4.94249e-07
-4.12609e-08
5.3285e-07
-6.02706e-08
5.80144e-07
-7.51603e-08
6.37324e-07
-8.97964e-08
6.50541e-07
6.30702e-08
7.33013e-07
-1.35708e-07
8.80714e-07
-3.24127e-07
9.66461e-07
-1.40269e-07
1.0407e-06
-1.22386e-07
1.09838e-06
-9.6005e-08
1.132e-06
-5.47331e-08
1.06902e-06
2.3319e-07
1.04004e-06
5.44884e-08
1.03936e-06
-1.12301e-07
8.8423e-07
3.61352e-07
7.17494e-07
3.60062e-07
6.315e-07
5.50865e-08
5.06628e-07
1.73405e-07
3.98789e-07
1.70631e-07
3.32225e-07
8.93709e-08
2.56652e-07
1.19966e-07
1.94575e-07
8.61943e-08
1.24356e-07
1.26146e-07
7.47515e-08
6.97445e-08
3.58753e-08
5.44108e-08
-6.00043e-09
5.95335e-08
-5.28883e-08
7.22637e-08
-9.70187e-08
7.20675e-08
-1.33718e-07
5.96993e-08
-1.64972e-07
5.21485e-08
-1.90947e-07
4.39054e-08
-2.10337e-07
3.36438e-08
-2.22217e-07
2.1939e-08
-2.28119e-07
1.28139e-08
-2.31267e-07
9.05142e-09
-2.32298e-07
6.19961e-09
-2.27066e-07
-3.97044e-09
-2.10583e-07
-2.43165e-08
-1.60484e-07
-9.47429e-08
-9.64019e-08
-1.19256e-07
-4.67471e-08
-7.79412e-08
-1.47272e-08
-4.81333e-08
-1.62871e-08
8.85827e-10
-4.33713e-08
4.15674e-08
-8.25604e-08
6.32647e-08
-1.2051e-07
6.32992e-08
-1.56094e-07
5.96209e-08
-1.95449e-07
6.50983e-08
-2.47742e-07
8.69914e-08
-3.10584e-07
1.06863e-07
-3.61555e-07
8.71159e-08
-3.87972e-07
4.30704e-08
-4.04531e-07
2.56768e-08
-4.24544e-07
3.32328e-08
-4.47512e-07
4.01589e-08
-4.69409e-07
3.96197e-08
-4.8737e-07
3.40722e-08
-4.60299e-07
-9.48432e-08
-4.64989e-07
8.74546e-09
-4.93508e-07
9.98086e-08
-4.28752e-07
-1.57225e-07
-3.73993e-07
-1.40949e-07
-4.24835e-07
1.22147e-07
-4.79673e-07
1.27171e-07
-4.93195e-07
1.76855e-08
-5.19153e-07
4.02515e-08
-5.5107e-07
5.16186e-08
-5.85725e-07
5.70569e-08
-6.25039e-07
6.5951e-08
-6.66512e-07
7.04874e-08
-7.10731e-07
7.6122e-08
-7.52404e-07
7.23444e-08
6.44886e-08
-7.90334e-07
-2.41573e-08
4.70508e-08
-8.19616e-08
1.02633e-07
-1.39074e-07
1.10471e-07
-1.81775e-07
7.58103e-08
-2.35814e-07
1.0871e-07
-2.94466e-07
1.37868e-07
-3.3922e-07
9.61206e-08
-3.77403e-07
8.67803e-08
-3.96313e-07
4.91331e-08
-3.8409e-07
-5.44763e-08
-3.55163e-07
-9.1618e-08
-3.25448e-07
-5.43613e-08
-2.86363e-07
-9.83342e-08
-2.2206e-07
-1.61902e-07
-1.37385e-07
-1.59475e-07
-4.608e-08
-1.63929e-07
5.55196e-08
-2.1943e-07
1.65192e-07
-2.4967e-07
2.72459e-07
-2.38585e-07
3.18432e-07
-4.94714e-08
4.04467e-07
-1.87244e-07
5.37133e-07
-3.33565e-07
6.02655e-07
-1.2843e-07
6.50824e-07
-8.86865e-08
6.98696e-07
-8.91071e-08
7.6258e-07
-1.24127e-07
8.39961e-07
-1.52509e-07
9.35372e-07
-1.85171e-07
9.99011e-07
-5.26281e-10
1.1324e-06
-2.69049e-07
1.33362e-06
-5.25297e-07
1.47691e-06
-2.83496e-07
1.60213e-06
-2.47534e-07
1.69882e-06
-1.92624e-07
1.75744e-06
-1.13273e-07
1.72128e-06
2.69424e-07
1.68613e-06
8.97237e-08
1.647e-06
-7.30997e-08
1.47562e-06
5.32816e-07
1.27754e-06
5.58222e-07
1.10915e-06
2.23549e-07
9.07143e-07
3.75501e-07
7.33102e-07
3.4475e-07
5.96736e-07
2.25835e-07
4.58756e-07
2.58012e-07
3.40422e-07
2.04588e-07
2.2422e-07
2.42357e-07
1.33344e-07
1.60586e-07
5.90268e-08
1.28663e-07
-2.27305e-08
1.41204e-07
-1.08021e-07
1.57489e-07
-1.81398e-07
1.45397e-07
-2.42041e-07
1.20328e-07
-2.93363e-07
1.03462e-07
-3.34394e-07
8.49358e-08
-3.62765e-07
6.20139e-08
-3.76843e-07
3.60305e-08
-3.79276e-07
1.52724e-08
-3.75753e-07
5.59126e-09
-3.68025e-07
-1.42354e-09
-3.50893e-07
-2.09149e-08
-3.21847e-07
-5.31169e-08
-2.59943e-07
-1.56288e-07
-1.64935e-07
-2.13923e-07
-7.66658e-08
-1.6589e-07
-2.83812e-08
-9.62012e-08
-3.72734e-08
9.84575e-09
-8.58553e-08
9.01827e-08
-1.49638e-07
1.26975e-07
-2.09962e-07
1.23582e-07
-2.67554e-07
1.17172e-07
-3.32248e-07
1.29779e-07
-4.16623e-07
1.71399e-07
-5.14331e-07
2.04648e-07
-5.92252e-07
1.6513e-07
-6.33951e-07
8.48607e-08
-6.60673e-07
5.24514e-08
-6.90473e-07
6.29802e-08
-7.22581e-07
7.22055e-08
-7.51357e-07
6.83242e-08
-7.72673e-07
5.53664e-08
-7.49228e-07
-1.18243e-07
-7.55443e-07
1.49904e-08
-7.76881e-07
1.21269e-07
-7.03713e-07
-2.30442e-07
-6.50823e-07
-1.9389e-07
-7.13822e-07
1.85007e-07
-7.79932e-07
1.93149e-07
-8.04673e-07
4.22006e-08
-8.47057e-07
8.24005e-08
-8.97198e-07
1.01484e-07
-9.50941e-07
1.10526e-07
-1.01059e-06
1.25339e-07
-1.07244e-06
1.32091e-07
-1.13712e-06
1.40582e-07
-1.19731e-06
1.32342e-07
1.20083e-07
-1.25309e-06
-3.42318e-08
8.1285e-08
-1.22564e-07
1.90977e-07
-2.09706e-07
1.9764e-07
-2.74711e-07
1.40848e-07
-3.51681e-07
1.85711e-07
-4.29419e-07
2.15635e-07
-4.90573e-07
1.57298e-07
-5.41371e-07
1.376e-07
-5.6583e-07
7.36065e-08
-5.55693e-07
-6.46015e-08
-5.25036e-07
-1.22269e-07
-4.86179e-07
-9.32149e-08
-4.43903e-07
-1.4061e-07
-3.76039e-07
-2.29765e-07
-2.59585e-07
-2.75928e-07
-1.24744e-07
-2.98767e-07
1.06719e-08
-3.5484e-07
1.53286e-07
-3.92279e-07
2.94329e-07
-3.79618e-07
3.66646e-07
-1.21777e-07
4.81833e-07
-3.02416e-07
6.49977e-07
-5.01694e-07
7.42993e-07
-2.21426e-07
8.14589e-07
-1.60262e-07
8.8595e-07
-1.60441e-07
9.78762e-07
-2.16909e-07
1.09037e-06
-2.6408e-07
1.22878e-06
-3.23548e-07
1.34832e-06
-1.20014e-07
1.53958e-06
-4.60261e-07
1.80294e-06
-7.88604e-07
2.01429e-06
-4.94777e-07
2.20345e-06
-4.36626e-07
2.35238e-06
-3.41477e-07
2.44763e-06
-2.0844e-07
2.44695e-06
2.70189e-07
2.4137e-06
1.23063e-07
2.3405e-06
1.8656e-10
2.15016e-06
7.23238e-07
1.91911e-06
7.89369e-07
1.66483e-06
4.77904e-07
1.39121e-06
6.49211e-07
1.15518e-06
5.80859e-07
9.36403e-07
4.4472e-07
7.2512e-07
4.69371e-07
5.36006e-07
3.9378e-07
3.55516e-07
4.22851e-07
2.09963e-07
3.06075e-07
8.58908e-08
2.52626e-07
-5.33193e-08
2.80268e-07
-1.90914e-07
2.94979e-07
-3.0256e-07
2.56977e-07
-3.94319e-07
2.12068e-07
-4.69939e-07
1.7907e-07
-5.27371e-07
1.42368e-07
-5.62734e-07
9.73759e-08
-5.73544e-07
4.68597e-08
-5.6421e-07
5.97247e-09
-5.44067e-07
-1.44694e-08
-5.17268e-07
-2.80865e-08
-4.79405e-07
-5.8537e-08
-4.34203e-07
-9.79991e-08
-3.64565e-07
-2.2542e-07
-2.37939e-07
-3.4003e-07
-1.06685e-07
-2.96671e-07
-4.289e-08
-1.59666e-07
-6.29906e-08
3.00422e-08
-1.38445e-07
1.65682e-07
-2.32531e-07
2.20967e-07
-3.20636e-07
2.11632e-07
-4.05314e-07
2.01797e-07
-5.00808e-07
2.25257e-07
-6.22483e-07
2.93115e-07
-7.58622e-07
3.40884e-07
-8.64726e-07
2.71348e-07
-9.21434e-07
1.4168e-07
-9.57511e-07
8.85919e-08
-9.95989e-07
1.01394e-07
-1.03586e-06
1.12004e-07
-1.06988e-06
1.02256e-07
-1.0929e-06
7.83637e-08
-1.07297e-06
-1.38118e-07
-1.08084e-06
2.28918e-08
-1.09476e-06
1.35221e-07
-1.01668e-06
-3.08581e-07
-9.70983e-07
-2.3965e-07
-1.04593e-06
2.59785e-07
-1.12217e-06
2.6924e-07
-1.16067e-06
8.04352e-08
-1.22235e-06
1.43808e-07
-1.29362e-06
1.72434e-07
-1.36967e-06
1.86256e-07
-1.45276e-06
2.0813e-07
-1.53784e-06
2.16895e-07
-1.62532e-06
2.2781e-07
-1.70613e-06
2.12936e-07
1.95982e-07
-1.78223e-06
-4.59785e-08
1.27267e-07
-1.69095e-07
3.14111e-07
-2.90948e-07
3.19529e-07
-3.82289e-07
2.32232e-07
-4.8592e-07
2.89381e-07
-5.8646e-07
3.16212e-07
-6.68528e-07
2.39397e-07
-7.36736e-07
2.05834e-07
-7.71954e-07
1.08843e-07
-7.69396e-07
-6.71454e-08
-7.42596e-07
-1.49061e-07
-6.99195e-07
-1.36611e-07
-6.54772e-07
-1.85032e-07
-5.75692e-07
-3.08844e-07
-4.25786e-07
-4.25833e-07
-2.58126e-07
-4.66425e-07
-9.30536e-08
-5.19906e-07
8.47126e-08
-5.70037e-07
2.6205e-07
-5.56943e-07
3.64131e-07
-2.23845e-07
5.12236e-07
-4.50504e-07
7.19566e-07
-7.09006e-07
8.4421e-07
-3.46046e-07
9.43926e-07
-2.59952e-07
1.04395e-06
-2.6043e-07
1.17157e-06
-3.44494e-07
1.32406e-06
-4.16531e-07
1.51285e-06
-5.12297e-07
1.69623e-06
-3.03343e-07
1.9549e-06
-7.18874e-07
2.29151e-06
-1.12515e-06
2.5836e-06
-7.86802e-07
2.85243e-06
-7.05373e-07
3.07165e-06
-5.60618e-07
3.22183e-06
-3.58525e-07
3.27193e-06
2.20196e-07
3.25513e-06
1.39957e-07
3.15705e-06
9.83759e-08
2.94346e-06
9.36918e-07
2.67019e-06
1.06274e-06
2.31957e-06
8.28611e-07
1.95149e-06
1.01739e-06
1.63256e-06
8.99871e-07
1.31919e-06
7.582e-07
1.03431e-06
7.54327e-07
7.70142e-07
6.58036e-07
5.10719e-07
6.82271e-07
3.02061e-07
5.14635e-07
1.12673e-07
4.41846e-07
-1.03646e-07
4.96369e-07
-3.06368e-07
4.97564e-07
-4.63277e-07
4.13805e-07
-5.9135e-07
3.40115e-07
-6.93184e-07
2.8089e-07
-7.65531e-07
2.14714e-07
-8.02742e-07
1.34586e-07
-8.01858e-07
4.59978e-08
-7.70183e-07
-2.56612e-08
-7.22024e-07
-6.25328e-08
-6.65137e-07
-8.48147e-08
-5.97155e-07
-1.26239e-07
-5.25862e-07
-1.68915e-07
-4.4482e-07
-3.05849e-07
-2.89858e-07
-4.94322e-07
-1.21159e-07
-4.6478e-07
-4.83783e-08
-2.32002e-07
-8.57828e-08
6.75641e-08
-1.94501e-07
2.74452e-07
-3.254e-07
3.51743e-07
-4.48197e-07
3.34358e-07
-5.66374e-07
3.19904e-07
-6.98907e-07
3.57769e-07
-8.63571e-07
4.57831e-07
-1.04216e-06
5.19595e-07
-1.17755e-06
4.06884e-07
-1.24798e-06
2.12244e-07
-1.29163e-06
1.32322e-07
-1.33749e-06
1.47181e-07
-1.38427e-06
1.58696e-07
-1.42301e-06
1.40882e-07
-1.44782e-06
1.03145e-07
-1.43256e-06
-1.53313e-07
-1.44199e-06
3.23635e-08
-1.44784e-06
1.41109e-07
-1.36794e-06
-3.88552e-07
-1.33289e-06
-2.74774e-07
-1.41894e-06
3.45632e-07
-1.50515e-06
3.55265e-07
-1.56099e-06
1.35947e-07
-1.64617e-06
2.28663e-07
-1.74308e-06
2.68959e-07
-1.84645e-06
2.89248e-07
-1.95803e-06
3.19344e-07
-2.07114e-06
3.29669e-07
-2.18562e-06
3.42006e-07
-2.2909e-06
3.17952e-07
2.96173e-07
-2.39133e-06
-5.95118e-08
1.86784e-07
-2.21308e-07
4.75932e-07
-3.82545e-07
4.80817e-07
-5.05089e-07
3.54834e-07
-6.40199e-07
4.24544e-07
-7.68864e-07
4.44927e-07
-8.78657e-07
3.4923e-07
-9.71911e-07
2.99124e-07
-1.02663e-06
1.63589e-07
-1.04127e-06
-5.24886e-08
-1.02801e-06
-1.62312e-07
-9.88217e-07
-1.76398e-07
-9.45151e-07
-2.28096e-07
-8.52649e-07
-4.01346e-07
-6.74622e-07
-6.03858e-07
-4.84004e-07
-6.5704e-07
-2.90669e-07
-7.13233e-07
-7.61552e-08
-7.8454e-07
1.3967e-07
-7.72752e-07
2.75717e-07
-3.59875e-07
4.615e-07
-6.36265e-07
7.1243e-07
-9.59913e-07
8.74239e-07
-5.07825e-07
1.00876e-06
-3.94437e-07
1.14505e-06
-3.96682e-07
1.31626e-06
-5.15665e-07
1.51957e-06
-6.19793e-07
1.76976e-06
-7.62436e-07
2.02903e-06
-5.62552e-07
2.3685e-06
-1.05828e-06
2.79318e-06
-1.54976e-06
3.18249e-06
-1.17604e-06
3.55033e-06
-1.07312e-06
3.86282e-06
-8.73013e-07
4.09346e-06
-5.89058e-07
4.21836e-06
9.54187e-08
4.24199e-06
1.16444e-07
4.13772e-06
2.02781e-07
3.90486e-06
1.16989e-06
3.58423e-06
1.38349e-06
3.12791e-06
1.28504e-06
2.63629e-06
1.50912e-06
2.19865e-06
1.33761e-06
1.76225e-06
1.19471e-06
1.37275e-06
1.14391e-06
1.01389e-06
1.01698e-06
6.70189e-07
1.02597e-06
3.94697e-07
7.90009e-07
1.27079e-07
7.09252e-07
-1.79022e-07
8.02201e-07
-4.52374e-07
7.70764e-07
-6.59835e-07
6.21169e-07
-8.2718e-07
5.07429e-07
-9.54879e-07
4.08571e-07
-1.03866e-06
2.98498e-07
-1.07157e-06
1.67491e-07
-1.05127e-06
2.57208e-08
-9.89044e-07
-8.7839e-08
-9.04434e-07
-1.47035e-07
-8.0839e-07
-1.8068e-07
-7.00061e-07
-2.34248e-07
-5.85925e-07
-2.82619e-07
-4.68377e-07
-4.22722e-07
-2.84153e-07
-6.77807e-07
-9.60898e-08
-6.52187e-07
-2.64276e-08
-3.01147e-07
-9.20205e-08
1.33286e-07
-2.42962e-07
4.25449e-07
-4.20173e-07
5.28795e-07
-5.87442e-07
5.01533e-07
-7.47841e-07
4.80211e-07
-9.25462e-07
5.35362e-07
-1.14055e-06
6.72986e-07
-1.36714e-06
7.46343e-07
-1.53318e-06
5.73107e-07
-1.61486e-06
2.94106e-07
-1.66313e-06
1.80695e-07
-1.71475e-06
1.98703e-07
-1.7679e-06
2.11731e-07
-1.81157e-06
1.84421e-07
-1.83923e-06
1.30756e-07
-1.83023e-06
-1.62226e-07
-1.84055e-06
4.27383e-08
-1.83728e-06
1.37889e-07
-1.75826e-06
-4.67665e-07
-1.73612e-06
-2.97001e-07
-1.83196e-06
4.41216e-07
-1.9289e-06
4.51968e-07
-2.00708e-06
2.13724e-07
-2.12168e-06
3.42843e-07
-2.25066e-06
3.97451e-07
-2.38839e-06
4.26505e-07
-2.53539e-06
4.65905e-07
-2.68301e-06
4.7687e-07
-2.83022e-06
4.88867e-07
-2.96508e-06
4.52496e-07
4.25656e-07
-3.09485e-06
-7.46163e-08
2.61408e-07
-2.77951e-07
6.79305e-07
-4.8294e-07
6.85878e-07
-6.42302e-07
5.14275e-07
-8.14807e-07
5.97123e-07
-9.78872e-07
6.09059e-07
-1.12619e-06
4.96609e-07
-1.25608e-06
4.29056e-07
-1.34416e-06
2.51709e-07
-1.39151e-06
-5.1123e-09
-1.4075e-06
-1.46309e-07
-1.38509e-06
-1.988e-07
-1.35129e-06
-2.61889e-07
-1.25055e-06
-5.02091e-07
-1.05803e-06
-7.9638e-07
-8.54879e-07
-8.60182e-07
-6.33543e-07
-9.34558e-07
-3.82464e-07
-1.03561e-06
-1.27275e-07
-1.02792e-06
4.73332e-08
-5.34459e-07
2.76236e-07
-8.65137e-07
5.75427e-07
-1.25907e-06
7.8141e-07
-7.13767e-07
9.59903e-07
-5.72887e-07
1.14324e-06
-5.79969e-07
1.37048e-06
-7.42849e-07
1.6386e-06
-8.87844e-07
1.96564e-06
-1.08941e-06
2.31792e-06
-9.14761e-07
2.75641e-06
-1.49668e-06
3.28857e-06
-2.08183e-06
3.79645e-06
-1.68381e-06
4.28703e-06
-1.5636e-06
4.7205e-06
-1.30637e-06
5.06387e-06
-9.32299e-07
5.29706e-06
-1.37624e-07
5.39723e-06
1.64165e-08
5.31996e-06
2.8021e-07
5.08587e-06
1.40413e-06
4.7233e-06
1.74621e-06
4.15914e-06
1.84933e-06
3.52065e-06
2.14775e-06
2.92507e-06
1.93329e-06
2.3255e-06
1.79443e-06
1.78067e-06
1.68883e-06
1.28927e-06
1.50848e-06
8.41967e-07
1.47326e-06
4.80869e-07
1.15098e-06
1.22278e-07
1.06761e-06
-2.75072e-07
1.19926e-06
-6.21152e-07
1.11668e-06
-8.86608e-07
8.86511e-07
-1.09621e-06
7.16995e-07
-1.24983e-06
5.62166e-07
-1.34283e-06
3.91494e-07
-1.36781e-06
1.92479e-07
-1.32405e-06
-1.80158e-08
-1.22686e-06
-1.84972e-07
-1.09989e-06
-2.73881e-07
-9.55652e-07
-3.24713e-07
-7.93856e-07
-3.95665e-07
-6.19145e-07
-4.56826e-07
-4.35462e-07
-6.05652e-07
-2.1191e-07
-9.00579e-07
-1.4502e-08
-8.48876e-07
4.27359e-08
-3.57824e-07
-6.26956e-08
2.3886e-07
-2.6723e-07
6.30047e-07
-5.04897e-07
7.66252e-07
-7.30297e-07
7.26805e-07
-9.44692e-07
6.94481e-07
-1.17793e-06
7.68565e-07
-1.4531e-06
9.48247e-07
-1.73472e-06
1.02817e-06
-1.93228e-06
7.70914e-07
-2.02068e-06
3.82745e-07
-2.06881e-06
2.2897e-07
-2.12386e-06
2.53628e-07
-2.18297e-06
2.70688e-07
-2.23243e-06
2.33702e-07
-2.26468e-06
1.62944e-07
-2.2637e-06
-1.63095e-07
-2.27373e-06
5.2848e-08
-2.26007e-06
1.24286e-07
-2.18442e-06
-5.43431e-07
-2.17671e-06
-3.0483e-07
-2.28109e-06
5.45258e-07
-2.39104e-06
5.61611e-07
-2.4987e-06
3.20863e-07
-2.65092e-06
4.94528e-07
-2.82085e-06
5.66755e-07
-3.00238e-06
6.07431e-07
-3.19386e-06
6.56824e-07
-3.38417e-06
6.66659e-07
-3.57124e-06
6.75494e-07
-3.74196e-06
6.22828e-07
5.90257e-07
-3.90691e-06
-9.05618e-08
3.51983e-07
-3.36098e-07
9.249e-07
-5.88275e-07
9.38161e-07
-7.90822e-07
7.16937e-07
-1.00808e-06
8.1448e-07
-1.21764e-06
8.18715e-07
-1.41657e-06
6.9562e-07
-1.60037e-06
6.12932e-07
-1.74305e-06
3.94437e-07
-1.847e-06
9.8868e-08
-1.91649e-06
-7.67897e-08
-1.93357e-06
-1.8171e-07
-1.92445e-06
-2.71003e-07
-1.83103e-06
-5.95508e-07
-1.64408e-06
-9.83336e-07
-1.44051e-06
-1.06375e-06
-1.19522e-06
-1.17983e-06
-9.10862e-07
-1.31994e-06
-6.17793e-07
-1.32096e-06
-3.99948e-07
-7.5227e-07
-1.21896e-07
-1.14315e-06
2.30269e-07
-1.61119e-06
4.89198e-07
-9.7264e-07
7.24043e-07
-8.07672e-07
9.69296e-07
-8.25151e-07
1.26959e-06
-1.04307e-06
1.62152e-06
-1.23968e-06
2.04624e-06
-1.51404e-06
2.51478e-06
-1.38321e-06
3.07647e-06
-2.05826e-06
3.74119e-06
-2.74644e-06
4.39508e-06
-2.33759e-06
5.03799e-06
-2.20637e-06
5.62553e-06
-1.89376e-06
6.12007e-06
-1.42668e-06
6.50372e-06
-5.21104e-07
6.72972e-06
-2.09398e-07
6.73184e-06
2.78293e-07
6.53583e-06
1.60033e-06
6.15538e-06
2.12686e-06
5.49578e-06
2.5091e-06
4.6978e-06
2.94591e-06
3.90565e-06
2.72558e-06
3.09253e-06
2.60772e-06
2.33148e-06
2.45001e-06
1.65335e-06
2.18671e-06
1.06376e-06
2.06285e-06
5.84137e-07
1.63048e-06
1.1751e-07
1.534e-06
-3.76671e-07
1.69314e-06
-8.04943e-07
1.54476e-06
-1.13795e-06
1.21938e-06
-1.39542e-06
9.74418e-07
-1.57802e-06
7.44742e-07
-1.68159e-06
4.95062e-07
-1.69909e-06
2.09976e-07
-1.63176e-06
-8.53123e-08
-1.49831e-06
-3.18362e-07
-1.32462e-06
-4.47426e-07
-1.12231e-06
-5.26774e-07
-8.90122e-07
-6.27386e-07
-6.32835e-07
-7.135e-07
-3.57361e-07
-8.80242e-07
-7.37723e-08
-1.18329e-06
1.402e-07
-1.06203e-06
1.82985e-07
-3.99981e-07
3.03031e-08
3.91706e-07
-2.43151e-07
9.03576e-07
-5.61204e-07
1.08403e-06
-8.63312e-07
1.02874e-06
-1.14744e-06
9.7844e-07
-1.45003e-06
1.0711e-06
-1.79736e-06
1.2957e-06
-2.14182e-06
1.37291e-06
-2.36988e-06
9.99311e-07
-2.45697e-06
4.70162e-07
-2.49764e-06
2.6984e-07
-2.55295e-06
3.08761e-07
-2.61791e-06
3.35444e-07
-2.67491e-06
2.9046e-07
-2.71443e-06
2.0239e-07
-2.72359e-06
-1.5378e-07
-2.73218e-06
6.1539e-08
-2.70714e-06
9.93329e-08
-2.63749e-06
-6.13239e-07
-2.64556e-06
-2.96931e-07
-2.75822e-06
6.57483e-07
-2.88602e-06
6.88997e-07
-3.03341e-06
4.67559e-07
-3.23471e-06
6.95115e-07
-3.45774e-06
7.88967e-07
-3.69548e-06
8.44387e-07
-3.94286e-06
9.03475e-07
-4.18587e-06
9.09016e-07
-4.42136e-06
9.10413e-07
-4.63536e-06
8.36343e-07
7.96537e-07
-4.84208e-06
-1.05786e-07
4.5779e-07
-3.90473e-07
1.20968e-06
-6.91662e-07
1.23951e-06
-9.4474e-07
9.70183e-07
-1.21628e-06
1.08617e-06
-1.48568e-06
1.08825e-06
-1.7565e-06
9.66549e-07
-2.01979e-06
8.76321e-07
-2.24877e-06
6.23494e-07
-2.44487e-06
2.95029e-07
-2.604e-06
8.23654e-08
-2.69451e-06
-9.11805e-08
-2.73727e-06
-2.28238e-07
-2.6802e-06
-6.52571e-07
-2.52635e-06
-1.13719e-06
-2.3381e-06
-1.25198e-06
-2.07912e-06
-1.43879e-06
-1.76944e-06
-1.62959e-06
-1.44328e-06
-1.64707e-06
-1.17772e-06
-1.01778e-06
-8.44095e-07
-1.47671e-06
-4.34154e-07
-2.02107e-06
-1.10982e-07
-1.29573e-06
1.96835e-07
-1.1154e-06
5.24124e-07
-1.15234e-06
9.20231e-07
-1.43907e-06
1.38116e-06
-1.70049e-06
1.93083e-06
-2.06359e-06
2.54608e-06
-1.99833e-06
3.26228e-06
-2.77432e-06
4.09136e-06
-3.57538e-06
4.9261e-06
-3.17217e-06
5.75833e-06
-3.03843e-06
6.53996e-06
-2.67521e-06
7.23077e-06
-2.11729e-06
7.81454e-06
-1.10465e-06
8.22719e-06
-6.21815e-07
8.38206e-06
1.23689e-07
8.29195e-06
1.69069e-06
7.94707e-06
2.472e-06
7.22977e-06
3.22662e-06
6.27876e-06
3.89716e-06
5.259e-06
3.74553e-06
4.17562e-06
3.69133e-06
3.12381e-06
3.50198e-06
2.18239e-06
3.12826e-06
1.38905e-06
2.8562e-06
7.45279e-07
2.27411e-06
1.43938e-07
2.13508e-06
-4.64272e-07
2.30101e-06
-9.92523e-07
2.07278e-06
-1.40681e-06
1.6335e-06
-1.72248e-06
1.29003e-06
-1.9419e-06
9.6413e-07
-2.06219e-06
6.15347e-07
-2.07733e-06
2.25114e-07
-1.99087e-06
-1.71732e-07
-1.824e-06
-4.85154e-07
-1.60242e-06
-6.6883e-07
-1.33316e-06
-7.95715e-07
-1.01058e-06
-9.49391e-07
-6.39294e-07
-1.08402e-06
-2.34949e-07
-1.2835e-06
1.47451e-07
-1.56463e-06
4.0111e-07
-1.3147e-06
4.33988e-07
-4.32111e-07
2.26377e-07
5.99517e-07
-1.36947e-07
1.26699e-06
-5.61424e-07
1.50813e-06
-9.64924e-07
1.432e-06
-1.33965e-06
1.35293e-06
-1.72928e-06
1.46067e-06
-2.16315e-06
1.72973e-06
-2.57762e-06
1.78777e-06
-2.83082e-06
1.25298e-06
-2.90304e-06
5.42837e-07
-2.9256e-06
2.92662e-07
-2.97731e-06
3.60244e-07
-3.04901e-06
4.06867e-07
-3.11706e-06
3.58173e-07
-3.16814e-06
2.53368e-07
-3.19051e-06
-1.31192e-07
-3.1975e-06
6.86716e-08
-3.16157e-06
6.35177e-08
-3.10141e-06
-6.73612e-07
-3.12729e-06
-2.7128e-07
-3.2504e-06
7.80007e-07
-3.40499e-06
8.43029e-07
-3.60687e-06
6.68498e-07
-3.87312e-06
9.60424e-07
-4.16564e-06
1.0804e-06
-4.47558e-06
1.1533e-06
-4.79297e-06
1.21991e-06
-5.10071e-06
1.21592e-06
-5.39471e-06
1.20369e-06
-5.6606e-06
1.10162e-06
1.05171e-06
-5.91631e-06
-1.17385e-07
5.75212e-07
-4.32677e-07
1.52513e-06
-7.82551e-07
1.58964e-06
-1.0951e-06
1.28298e-06
-1.434e-06
1.42529e-06
-1.784e-06
1.43845e-06
-2.15602e-06
1.33873e-06
-2.53633e-06
1.25678e-06
-2.89813e-06
9.854e-07
-3.23814e-06
6.35129e-07
-3.53926e-06
3.8353e-07
-3.75361e-06
1.23194e-07
-3.89242e-06
-8.94178e-08
-3.91649e-06
-6.28498e-07
-3.83309e-06
-1.22059e-06
-3.68307e-06
-1.40198e-06
-3.4287e-06
-1.69312e-06
-3.10798e-06
-1.95028e-06
-2.75747e-06
-1.99751e-06
-2.44003e-06
-1.33515e-06
-2.0441e-06
-1.87255e-06
-1.57116e-06
-2.4939e-06
-1.16901e-06
-1.69776e-06
-7.65982e-07
-1.51831e-06
-3.29531e-07
-1.58864e-06
1.9251e-07
-1.96096e-06
7.95188e-07
-2.303e-06
1.50475e-06
-2.77297e-06
2.30545e-06
-2.79885e-06
3.21582e-06
-3.6845e-06
4.24889e-06
-4.60825e-06
5.30772e-06
-4.23078e-06
6.37503e-06
-4.10552e-06
7.39947e-06
-3.69941e-06
8.33986e-06
-3.05743e-06
9.18105e-06
-1.94556e-06
9.84958e-06
-1.29005e-06
1.02478e-05
-2.74162e-07
1.03633e-05
1.57547e-06
1.01485e-05
2.68721e-06
9.45265e-06
3.92274e-06
8.38912e-06
4.96101e-06
7.13089e-06
5.004e-06
5.72321e-06
5.0993e-06
4.29403e-06
4.93136e-06
2.98556e-06
4.4369e-06
1.89459e-06
3.94719e-06
1.01848e-06
3.15005e-06
2.39398e-07
2.91387e-06
-5.12283e-07
3.0523e-06
-1.16612e-06
2.72634e-06
-1.68237e-06
2.14955e-06
-2.07327e-06
1.68085e-06
-2.34369e-06
1.23451e-06
-2.49296e-06
7.64616e-07
-2.51709e-06
2.49238e-07
-2.42255e-06
-2.66229e-07
-2.23204e-06
-6.75574e-07
-1.96796e-06
-9.32677e-07
-1.62774e-06
-1.13553e-06
-1.19501e-06
-1.38138e-06
-6.67925e-07
-1.61012e-06
-7.35746e-08
-1.87647e-06
4.76191e-07
-2.11307e-06
8.16133e-07
-1.65342e-06
8.51413e-07
-4.66461e-07
5.77152e-07
8.74027e-07
9.77213e-08
1.74653e-06
-4.65372e-07
2.07072e-06
-1.00204e-06
1.96834e-06
-1.49454e-06
1.8451e-06
-1.99338e-06
1.95941e-06
-2.52954e-06
2.26613e-06
-3.01772e-06
2.27649e-06
-3.2827e-06
1.5186e-06
-3.31852e-06
5.79285e-07
-3.30851e-06
2.83017e-07
-3.35305e-06
4.04465e-07
-3.43493e-06
4.8837e-07
-3.52093e-06
4.43722e-07
-3.59093e-06
3.23235e-07
-3.63213e-06
-8.96969e-08
-3.64032e-06
7.70655e-08
-3.59692e-06
2.02675e-08
-3.55162e-06
-7.19191e-07
-3.59946e-06
-2.23755e-07
-3.73961e-06
9.1935e-07
-3.93616e-06
1.03883e-06
-4.21354e-06
9.44607e-07
-4.56652e-06
1.31212e-06
-4.95018e-06
1.46263e-06
-5.35244e-06
1.5542e-06
-5.75691e-06
1.62315e-06
-6.14361e-06
1.60153e-06
-6.50789e-06
1.56705e-06
-6.83546e-06
1.42842e-06
1.36349e-06
-7.14793e-06
-1.20313e-07
6.95588e-07
-4.50359e-07
1.85543e-06
-8.46363e-07
1.98603e-06
-1.23019e-06
1.66717e-06
-1.65531e-06
1.85072e-06
-2.11639e-06
1.89983e-06
-2.63229e-06
1.85488e-06
-3.18458e-06
1.80929e-06
-3.74653e-06
1.54752e-06
-4.30446e-06
1.19319e-06
-4.82205e-06
9.01195e-07
-5.23292e-06
5.34102e-07
-5.5345e-06
2.12174e-07
-5.70254e-06
-4.60453e-07
-5.73955e-06
-1.18358e-06
-5.66191e-06
-1.47961e-06
-5.44068e-06
-1.91431e-06
-5.13102e-06
-2.25987e-06
-4.76906e-06
-2.35938e-06
-4.39581e-06
-1.70828e-06
-3.93019e-06
-2.33804e-06
-3.38755e-06
-3.0364e-06
-2.88659e-06
-2.19854e-06
-2.35861e-06
-2.0461e-06
-1.7769e-06
-2.17014e-06
-1.08945e-06
-2.64817e-06
-3.02407e-07
-3.0898e-06
6.11597e-07
-3.68672e-06
1.64586e-06
-3.83284e-06
2.79945e-06
-4.83781e-06
4.08502e-06
-5.89354e-06
5.42048e-06
-5.56595e-06
6.77835e-06
-5.46308e-06
8.10433e-06
-5.02507e-06
9.35765e-06
-4.31041e-06
1.05231e-05
-3.11064e-06
1.15236e-05
-2.29018e-06
1.22646e-05
-1.01475e-06
1.27113e-05
1.12925e-06
1.27689e-05
2.63011e-06
1.22359e-05
4.45616e-06
1.11589e-05
6.03837e-06
9.69327e-06
6.46999e-06
7.92672e-06
6.86623e-06
6.02913e-06
6.82923e-06
4.22254e-06
6.24372e-06
2.69798e-06
5.47178e-06
1.48319e-06
4.36465e-06
4.56933e-07
3.93976e-06
-4.83066e-07
3.99182e-06
-1.29807e-06
3.54099e-06
-1.94657e-06
2.79778e-06
-2.4387e-06
2.17289e-06
-2.78275e-06
1.57851e-06
-2.98166e-06
9.63511e-07
-3.03505e-06
3.02624e-07
-2.95335e-06
-3.47866e-07
-2.75961e-06
-8.69199e-07
-2.46928e-06
-1.22272e-06
-2.06438e-06
-1.53991e-06
-1.50914e-06
-1.93568e-06
-7.80012e-07
-2.33798e-06
9.48908e-08
-2.7496e-06
9.26449e-07
-2.94292e-06
1.43961e-06
-2.16501e-06
1.50728e-06
-5.32941e-07
1.15242e-06
1.22921e-06
5.2412e-07
2.37495e-06
-2.16436e-07
2.81061e-06
-9.2563e-07
2.67707e-06
-1.57032e-06
2.48934e-06
-2.20485e-06
2.59381e-06
-2.85814e-06
2.91974e-06
-3.41569e-06
2.8348e-06
-3.66608e-06
1.76987e-06
-3.63334e-06
5.47391e-07
-3.57263e-06
2.22793e-07
-3.60851e-06
4.39916e-07
-3.70924e-06
5.88601e-07
-3.82648e-06
5.6036e-07
-3.92895e-06
4.25531e-07
-4.00032e-06
-1.79172e-08
-4.01831e-06
9.53295e-08
-3.97576e-06
-2.2066e-08
-3.95431e-06
-7.41033e-07
-4.03252e-06
-1.45963e-07
-4.2034e-06
1.08912e-06
-4.46598e-06
1.30036e-06
-4.84825e-06
1.32515e-06
-5.31715e-06
1.77931e-06
-5.81988e-06
1.96343e-06
-6.33918e-06
2.07172e-06
-6.85097e-06
2.13333e-06
-7.33317e-06
2.08232e-06
-7.7812e-06
2.01391e-06
-8.18133e-06
1.82757e-06
1.73985e-06
-8.55855e-06
-1.06096e-07
8.01794e-07
-4.26561e-07
2.17632e-06
-8.64883e-07
2.42496e-06
-1.33697e-06
2.13979e-06
-1.8766e-06
2.39081e-06
-2.49402e-06
2.51768e-06
-3.21643e-06
2.57765e-06
-4.0212e-06
2.61439e-06
-4.87997e-06
2.40653e-06
-5.76028e-06
2.07369e-06
-6.59864e-06
1.73967e-06
-7.30793e-06
1.24346e-06
-7.86705e-06
7.71308e-07
-8.2628e-06
-6.4704e-08
-8.48587e-06
-9.60504e-07
-8.52958e-06
-1.43587e-06
-8.38237e-06
-2.06144e-06
-8.11451e-06
-2.52763e-06
-7.75711e-06
-2.71663e-06
-7.32377e-06
-2.14146e-06
-6.78012e-06
-2.88147e-06
-6.15722e-06
-3.65908e-06
-5.52903e-06
-2.82647e-06
-4.83585e-06
-2.739e-06
-4.06119e-06
-2.94448e-06
-3.15714e-06
-3.55189e-06
-2.13102e-06
-4.11555e-06
-9.55978e-07
-4.86138e-06
3.71795e-07
-5.16022e-06
1.82875e-06
-6.29436e-06
3.42513e-06
-7.48951e-06
5.09977e-06
-7.24016e-06
6.81383e-06
-7.17671e-06
8.51069e-06
-6.72148e-06
1.01514e-05
-5.95065e-06
1.17195e-05
-4.67824e-06
1.31367e-05
-3.70685e-06
1.43232e-05
-2.20069e-06
1.52362e-05
2.16763e-07
1.57466e-05
2.12034e-06
1.55947e-05
4.60862e-06
1.46969e-05
6.93676e-06
1.31326e-05
8.03468e-06
1.10213e-05
8.97811e-06
8.57815e-06
9.2727e-06
6.12217e-06
8.7e-06
3.97975e-06
7.61426e-06
2.26348e-06
6.08069e-06
8.77851e-07
5.32494e-06
-3.19338e-07
5.1884e-06
-1.34536e-06
4.56656e-06
-2.16904e-06
3.62113e-06
-2.80038e-06
2.80409e-06
-3.25213e-06
2.03019e-06
-3.53296e-06
1.24432e-06
-3.64863e-06
4.18279e-07
-3.61487e-06
-3.81554e-07
-3.45346e-06
-1.03045e-06
-3.16862e-06
-1.50717e-06
-2.72166e-06
-1.98619e-06
-2.04873e-06
-2.60738e-06
-1.08275e-06
-3.30231e-06
1.85007e-07
-4.01505e-06
1.47686e-06
-4.23254e-06
2.321e-06
-3.00711e-06
2.49161e-06
-7.02013e-07
2.04848e-06
1.67275e-06
1.23031e-06
3.19326e-06
2.63806e-07
3.77624e-06
-6.65667e-07
3.60591e-06
-1.50373e-06
3.32679e-06
-2.30356e-06
3.39347e-06
-3.08398e-06
3.70061e-06
-3.69222e-06
3.44407e-06
-3.88298e-06
1.96181e-06
-3.73632e-06
4.01862e-07
-3.60338e-06
9.05061e-08
-3.63364e-06
4.69614e-07
-3.77089e-06
7.2519e-07
-3.94351e-06
7.32194e-07
-4.10322e-06
5.85017e-07
-4.22685e-06
1.06272e-07
-4.27325e-06
1.42111e-07
-4.24807e-06
-4.69495e-08
-4.26589e-06
-7.23733e-07
-4.39026e-06
-2.21757e-08
-4.61612e-06
1.31346e-06
-4.98085e-06
1.66366e-06
-5.50818e-06
1.85015e-06
-6.13131e-06
2.40012e-06
-6.78811e-06
2.61769e-06
-7.45405e-06
2.73531e-06
-8.09672e-06
2.77391e-06
-8.6934e-06
2.6772e-06
-9.24028e-06
2.55931e-06
-9.72461e-06
2.31067e-06
2.18855e-06
-1.01744e-05
-6.07667e-08
8.62757e-07
-3.39539e-07
2.45584e-06
-8.17945e-07
2.90431e-06
-1.40438e-06
2.72699e-06
-2.10253e-06
3.08963e-06
-2.94416e-06
3.35994e-06
-3.96587e-06
3.59991e-06
-5.14106e-06
3.79007e-06
-6.43454e-06
3.70038e-06
-7.78318e-06
3.42262e-06
-9.08617e-06
3.04283e-06
-1.02328e-05
2.39019e-06
-1.11771e-05
1.71561e-06
-1.19079e-05
6.66051e-07
-1.24008e-05
-4.67508e-07
-1.26317e-05
-1.20494e-06
-1.26124e-05
-2.08071e-06
-1.2424e-05
-2.71591e-06
-1.20871e-05
-3.05323e-06
-1.15877e-05
-2.64069e-06
-1.09548e-05
-3.51399e-06
-1.02331e-05
-4.38053e-06
-9.43651e-06
-3.62262e-06
-8.5237e-06
-3.65138e-06
-7.49304e-06
-3.97466e-06
-6.30604e-06
-4.73839e-06
-4.97137e-06
-5.44968e-06
-3.46444e-06
-6.36776e-06
-1.76942e-06
-6.85467e-06
6.51189e-08
-8.12831e-06
2.04274e-06
-9.46653e-06
4.12966e-06
-9.32648e-06
6.27631e-06
-9.32275e-06
8.42409e-06
-8.86863e-06
1.05375e-05
-8.06339e-06
1.25985e-05
-6.73865e-06
1.45282e-05
-5.63582e-06
1.62678e-05
-3.93954e-06
1.77793e-05
-1.29403e-06
1.89299e-05
9.70519e-07
1.94366e-05
4.10261e-06
1.90378e-05
7.33637e-06
1.7619e-05
9.4541e-06
1.5273e-05
1.13248e-05
1.22584e-05
1.22879e-05
9.00071e-06
1.1958e-05
6.00907e-06
1.0606e-05
3.55485e-06
8.53461e-06
1.63118e-06
7.24803e-06
6.7397e-08
6.7514e-06
-1.24151e-06
5.87488e-06
-2.30002e-06
4.67919e-06
-3.12425e-06
3.62813e-06
-3.73293e-06
2.63877e-06
-4.14373e-06
1.65509e-06
-4.37214e-06
6.46677e-07
-4.44089e-06
-3.12717e-07
-4.36804e-06
-1.1031e-06
-4.14108e-06
-1.73361e-06
-3.69649e-06
-2.42988e-06
-2.93701e-06
-3.36524e-06
-1.7328e-06
-4.50436e-06
3.00032e-08
-5.77485e-06
2.02979e-06
-6.22939e-06
3.47941e-06
-4.45404e-06
3.90743e-06
-1.12802e-06
3.39599e-06
2.18475e-06
2.33736e-06
4.25205e-06
1.08021e-06
5.03223e-06
-1.25862e-07
4.81112e-06
-1.20205e-06
4.40213e-06
-2.19596e-06
4.38716e-06
-3.10338e-06
4.60865e-06
-3.72382e-06
4.0659e-06
-3.78837e-06
2.02794e-06
-3.46817e-06
8.31796e-08
-3.23777e-06
-1.39014e-07
-3.27201e-06
5.03109e-07
-3.47535e-06
9.27655e-07
-3.74235e-06
9.98157e-07
-4.00138e-06
8.43771e-07
-4.21683e-06
3.22498e-07
-4.3266e-06
2.52417e-07
-4.34895e-06
-2.41873e-08
-4.43248e-06
-6.40927e-07
-4.6304e-06
1.74944e-07
-4.95052e-06
1.63149e-06
-5.46946e-06
2.18063e-06
-6.19552e-06
2.57303e-06
-7.02181e-06
3.22329e-06
-7.87546e-06
3.46799e-06
-8.72271e-06
3.57949e-06
-9.52321e-06
3.57172e-06
-1.02558e-05
3.40745e-06
-1.0918e-05
3.21963e-06
-1.14985e-05
2.88964e-06
2.7166e-06
-1.20279e-05
3.84874e-08
8.24627e-07
-1.63527e-07
2.65914e-06
-6.87493e-07
3.4297e-06
-1.42965e-06
3.47023e-06
-2.3564e-06
4.01735e-06
-3.52605e-06
4.53051e-06
-4.98573e-06
5.06042e-06
-6.70412e-06
5.50918e-06
-8.62776e-06
5.62459e-06
-1.06465e-05
5.44175e-06
-1.26092e-05
5.0058e-06
-1.43767e-05
4.15784e-06
-1.58694e-05
3.20829e-06
-1.70666e-05
1.86323e-06
-1.79315e-05
3.97397e-07
-1.84306e-05
-7.05785e-07
-1.86021e-05
-1.90905e-06
-1.85309e-05
-2.78685e-06
-1.82242e-05
-3.35961e-06
-1.76477e-05
-3.21685e-06
-1.69064e-05
-4.25485e-06
-1.60508e-05
-5.23559e-06
-1.50256e-05
-4.64721e-06
-1.382e-05
-4.85642e-06
-1.24515e-05
-5.34242e-06
-1.08966e-05
-6.29255e-06
-9.16491e-06
-7.18057e-06
-7.23848e-06
-8.29338e-06
-5.08892e-06
-9.00339e-06
-2.78951e-06
-1.04269e-05
-3.46222e-07
-1.19089e-05
2.23942e-06
-1.19112e-05
4.90594e-06
-1.19884e-05
7.59559e-06
-1.15574e-05
1.02778e-05
-1.07447e-05
1.29334e-05
-9.39333e-06
1.54825e-05
-8.18403e-06
1.78918e-05
-6.34787e-06
2.01329e-05
-3.53418e-06
2.20889e-05
-9.84429e-07
2.35289e-05
2.66353e-06
2.40558e-05
6.8104e-06
2.32316e-05
1.02791e-05
2.09433e-05
1.3614e-05
1.74434e-05
1.57884e-05
1.32759e-05
1.6126e-05
9.17245e-06
1.47096e-05
5.66022e-06
1.20465e-05
2.92368e-06
9.98383e-06
8.15863e-07
8.85821e-06
-8.84183e-07
7.57415e-06
-2.26026e-06
6.05467e-06
-3.35104e-06
4.71865e-06
-4.18516e-06
3.47274e-06
-4.79401e-06
2.26388e-06
-5.20829e-06
1.06093e-06
-5.46013e-06
-6.07632e-08
-5.56029e-06
-1.00266e-06
-5.471e-06
-1.8222e-06
-5.09912e-06
-2.80051e-06
-4.31404e-06
-4.14814e-06
-2.91787e-06
-5.89765e-06
-6.24821e-07
-8.06397e-06
2.3578e-06
-9.20815e-06
4.85007e-06
-6.94276e-06
5.85065e-06
-2.12593e-06
5.36228e-06
2.67386e-06
4.01208e-06
5.60242e-06
2.37762e-06
6.66518e-06
8.20841e-07
6.36673e-06
-5.40871e-07
5.7627e-06
-1.74764e-06
5.59367e-06
-2.76743e-06
5.62933e-06
-3.3452e-06
4.64558e-06
-3.2012e-06
1.88613e-06
-2.6334e-06
-4.82499e-07
-2.27291e-06
-4.98262e-07
-2.3229e-06
5.52072e-07
-2.63086e-06
1.23441e-06
-3.04721e-06
1.41313e-06
-3.46901e-06
1.26524e-06
-3.84042e-06
6.95001e-07
-4.0732e-06
4.8596e-07
-4.19488e-06
9.80689e-08
-4.3884e-06
-4.4838e-07
-4.70511e-06
4.90534e-07
-5.17992e-06
2.1034e-06
-5.92572e-06
2.92369e-06
-6.92059e-06
3.56358e-06
-8.01112e-06
4.30963e-06
-9.11263e-06
4.56507e-06
-1.0181e-05
4.64382e-06
-1.11697e-05
4.55699e-06
-1.20618e-05
4.29665e-06
-1.28568e-05
4.01226e-06
-1.35454e-05
3.57621e-06
3.32979e-06
-1.41602e-05
2.28829e-07
5.96475e-07
1.29007e-07
2.76123e-06
-4.65873e-07
4.02667e-06
-1.43127e-06
4.43717e-06
-2.69913e-06
5.2866e-06
-4.35796e-06
6.19065e-06
-6.46503e-06
7.16868e-06
-8.97866e-06
8.02387e-06
-1.18072e-05
8.45396e-06
-1.47708e-05
8.40595e-06
-1.76515e-05
7.88687e-06
-2.0272e-05
6.77844e-06
-2.25087e-05
5.44498e-06
-2.43227e-05
3.67724e-06
-2.56731e-05
1.74782e-06
-2.65276e-05
1.48767e-07
-2.69504e-05
-1.48606e-06
-2.70204e-05
-2.71647e-06
-2.67364e-05
-3.64318e-06
-2.60598e-05
-3.89295e-06
-2.51695e-05
-5.14447e-06
-2.41161e-05
-6.28827e-06
-2.27753e-05
-5.98712e-06
-2.11785e-05
-6.45237e-06
-1.9367e-05
-7.15285e-06
-1.73373e-05
-8.32122e-06
-1.50991e-05
-9.41767e-06
-1.26453e-05
-1.0746e-05
-9.93862e-06
-1.17088e-05
-7.07474e-06
-1.32895e-05
-4.06988e-06
-1.49125e-05
-8.88273e-07
-1.50916e-05
2.39541e-06
-1.52708e-05
5.72565e-06
-1.48863e-05
9.08058e-06
-1.40983e-05
1.24427e-05
-1.27542e-05
1.57296e-05
-1.14696e-05
1.89342e-05
-9.55122e-06
2.2043e-05
-6.64172e-06
2.49505e-05
-3.89068e-06
2.75324e-05
8.2795e-08
2.94021e-05
4.9419e-06
2.98217e-05
9.86064e-06
2.81936e-05
1.52432e-05
2.45233e-05
1.94595e-05
1.94598e-05
2.11902e-05
1.40003e-05
2.01694e-05
9.03498e-06
1.70114e-05
5.08744e-06
1.39304e-05
2.14828e-06
1.17961e-05
-1.16938e-07
9.83834e-06
-1.928e-06
7.86495e-06
-3.38262e-06
6.1729e-06
-4.53348e-06
4.62339e-06
-5.43158e-06
3.1619e-06
-6.13116e-06
1.76045e-06
-6.67875e-06
4.86971e-07
-7.07345e-06
-6.07588e-07
-7.23747e-06
-1.6572e-06
-7.03851e-06
-2.99771e-06
-6.31718e-06
-4.86644e-06
-4.81807e-06
-7.39282e-06
-2.07295e-06
-1.08038e-05
2.08078e-06
-1.33567e-05
6.19802e-06
-1.10553e-05
8.35157e-06
-4.27593e-06
8.14024e-06
2.8862e-06
6.48105e-06
7.26178e-06
4.35082e-06
8.79347e-06
2.34099e-06
8.37503e-06
6.39412e-07
7.46277e-06
-7.89304e-07
7.02212e-06
-1.89206e-06
6.73339e-06
-2.36858e-06
5.12492e-06
-1.93307e-06
1.45381e-06
-1.0319e-06
-1.38064e-06
-4.89992e-07
-1.03848e-06
-5.52716e-07
6.13382e-07
-1.00336e-06
1.68341e-06
-1.63787e-06
2.04587e-06
-2.30658e-06
1.93362e-06
-2.92634e-06
1.31639e-06
-3.3743e-06
9.35023e-07
-3.6777e-06
4.02283e-07
-4.05292e-06
-7.45061e-08
-4.56146e-06
9.97517e-07
-5.28088e-06
2.81878e-06
-6.35264e-06
3.99163e-06
-7.70622e-06
4.91131e-06
-9.13556e-06
5.73339e-06
-1.05445e-05
5.96822e-06
-1.18789e-05
5.97306e-06
-1.30898e-05
5.76346e-06
-1.41674e-05
5.37051e-06
-1.51132e-05
4.95501e-06
-1.59206e-05
4.38122e-06
4.03209e-06
-1.6625e-05
5.69581e-07
2.82825e-08
5.6189e-07
2.77288e-06
-1.7087e-07
4.76238e-06
-1.47293e-06
5.74137e-06
-3.26303e-06
7.07865e-06
-5.66121e-06
8.59068e-06
-8.73122e-06
1.02404e-05
-1.24061e-05
1.17002e-05
-1.65211e-05
1.25701e-05
-2.07952e-05
1.26809e-05
-2.49201e-05
1.20121e-05
-2.86659e-05
1.05244e-05
-3.18587e-05
8.63777e-06
-3.444e-05
6.25844e-06
-3.63797e-05
3.68748e-06
-3.76582e-05
1.42737e-06
-3.83633e-05
-7.8071e-07
-3.85611e-05
-2.51824e-06
-3.82585e-05
-3.94515e-06
-3.74298e-05
-4.7209e-06
-3.6309e-05
-6.26436e-06
-3.4949e-05
-7.64731e-06
-3.31728e-05
-7.76214e-06
-3.10584e-05
-8.56541e-06
-2.86736e-05
-9.5363e-06
-2.60395e-05
-1.09538e-05
-2.31646e-05
-1.22909e-05
-2.00564e-05
-1.38526e-05
-1.66734e-05
-1.50901e-05
-1.3133e-05
-1.68281e-05
-9.46218e-06
-1.85816e-05
-5.58144e-06
-1.89705e-05
-1.5769e-06
-1.92735e-05
2.49942e-06
-1.89608e-05
6.62975e-06
-1.82268e-05
1.08074e-05
-1.693e-05
1.49548e-05
-1.56152e-05
1.90879e-05
-1.36826e-05
2.32115e-05
-1.07637e-05
2.72216e-05
-7.89919e-06
3.10881e-05
-3.78216e-06
3.45713e-05
1.46013e-06
3.68937e-05
7.53961e-06
3.68839e-05
1.52544e-05
3.37934e-05
2.25511e-05
2.81149e-05
2.68695e-05
2.11712e-05
2.71134e-05
1.43312e-05
2.38509e-05
8.64095e-06
1.96196e-05
4.42308e-06
1.60124e-05
1.30759e-06
1.29525e-05
-1.11645e-06
1.0288e-05
-3.06497e-06
8.1209e-06
-4.64715e-06
6.20527e-06
-5.94801e-06
4.4626e-06
-7.05539e-06
2.86773e-06
-8.0406e-06
1.47233e-06
-8.89103e-06
2.43343e-07
-9.46793e-06
-1.07892e-06
-9.57559e-06
-2.88751e-06
-9.02434e-06
-5.41336e-06
-7.53083e-06
-8.88072e-06
-4.50529e-06
-1.3822e-05
7.57526e-07
-1.8612e-05
7.03593e-06
-1.73275e-05
1.12609e-05
-8.49618e-06
1.19015e-05
2.24692e-06
1.00343e-05
9.12922e-06
7.27453e-06
1.15507e-05
4.65452e-06
1.09931e-05
2.53015e-06
9.58523e-06
8.76651e-07
8.67542e-06
-2.6822e-07
7.88012e-06
-5.99543e-07
5.46032e-06
1.79292e-07
6.79488e-07
1.49145e-06
-2.68877e-06
2.28308e-06
-1.82793e-06
2.24108e-06
6.53561e-07
1.63088e-06
2.29154e-06
7.19055e-07
2.95565e-06
-2.82686e-07
2.93521e-06
-1.26313e-06
2.29923e-06
-2.05093e-06
1.72442e-06
-2.65565e-06
1.00813e-06
-3.32426e-06
5.92143e-07
-4.14048e-06
1.81151e-06
-5.23611e-06
3.90876e-06
-6.76745e-06
5.51762e-06
-8.59361e-06
6.72957e-06
-1.04514e-05
7.58373e-06
-1.22364e-05
7.74571e-06
-1.38874e-05
7.61745e-06
-1.53581e-05
7.2285e-06
-1.66486e-05
6.65629e-06
-1.77626e-05
6.06524e-06
-1.86982e-05
5.31368e-06
4.82464e-06
-1.94933e-05
1.14437e-06
-1.11294e-06
1.13769e-06
2.7858e-06
1.258e-07
5.77818e-06
-1.70406e-06
7.57414e-06
-4.30404e-06
9.68128e-06
-7.82747e-06
1.21166e-05
-1.23334e-05
1.47487e-05
-1.7694e-05
1.70627e-05
-2.36119e-05
1.84893e-05
-2.96572e-05
1.87271e-05
-3.53993e-05
1.77547e-05
-4.05468e-05
1.5672e-05
-4.48775e-05
1.29684e-05
-4.83259e-05
9.70671e-06
-5.08959e-05
6.25737e-06
-5.25956e-05
3.12724e-06
-5.35361e-05
1.60109e-07
-5.37745e-05
-2.27926e-06
-5.33497e-05
-4.36917e-06
-5.2262e-05
-5.80769e-06
-5.07737e-05
-7.75149e-06
-4.89439e-05
-9.47574e-06
-4.65772e-05
-1.01273e-05
-4.37979e-05
-1.1343e-05
-4.06911e-05
-1.26412e-05
-3.73086e-05
-1.43343e-05
-3.36559e-05
-1.59415e-05
-2.97565e-05
-1.77498e-05
-2.55731e-05
-1.92712e-05
-2.12382e-05
-2.11607e-05
-1.67935e-05
-2.30238e-05
-1.21141e-05
-2.36474e-05
-7.28579e-06
-2.40992e-05
-2.35886e-06
-2.38852e-05
2.65125e-06
-2.32344e-05
7.74541e-06
-2.20217e-05
1.28562e-05
-2.07235e-05
1.80362e-05
-1.88602e-05
2.33195e-05
-1.60447e-05
2.85959e-05
-1.31736e-05
3.38873e-05
-9.07167e-06
3.90934e-05
-3.74415e-06
4.37005e-05
2.93404e-06
4.63633e-05
1.25932e-05
4.5191e-05
2.37248e-05
3.97312e-05
3.23303e-05
3.14638e-05
3.53812e-05
2.24202e-05
3.2894e-05
1.43631e-05
2.76755e-05
8.22203e-06
2.21516e-05
3.78895e-06
1.7384e-05
4.65695e-07
1.361e-05
-2.16132e-06
1.07472e-05
-4.31592e-06
8.35945e-06
-6.14684e-06
6.29328e-06
-7.78951e-06
4.51023e-06
-9.35219e-06
3.03516e-06
-1.08263e-05
1.71804e-06
-1.20073e-05
1.03966e-07
-1.25893e-05
-2.30181e-06
-1.23204e-05
-5.67588e-06
-1.09255e-05
-1.02672e-05
-7.76716e-06
-1.69687e-05
-1.79625e-06
-2.4571e-05
6.70822e-06
-2.58228e-05
1.40984e-05
-1.58799e-05
1.66717e-05
-3.24576e-07
1.49876e-05
1.08134e-05
1.15209e-05
1.50143e-05
8.07519e-06
1.44364e-05
5.37338e-06
1.22847e-05
3.45994e-06
1.05888e-05
2.31128e-06
9.03129e-06
2.13787e-06
5.63919e-06
3.26163e-06
-4.38352e-07
5.0567e-06
-4.47883e-06
6.21689e-06
-2.98541e-06
6.26163e-06
6.06541e-07
5.47505e-06
3.07566e-06
4.22271e-06
4.20591e-06
2.80333e-06
4.35482e-06
1.35658e-06
3.74925e-06
1.01786e-07
2.98132e-06
-9.49755e-07
2.06105e-06
-2.07063e-06
1.71002e-06
-3.37197e-06
3.10952e-06
-5.03706e-06
5.5658e-06
-7.20809e-06
7.68109e-06
-9.65026e-06
9.16107e-06
-1.20438e-05
9.96747e-06
-1.42842e-05
9.97639e-06
-1.63087e-05
9.63351e-06
-1.80802e-05
8.9928e-06
-1.96114e-05
8.18159e-06
-2.0909e-05
7.35814e-06
-2.19782e-05
6.37901e-06
5.70398e-06
-2.28607e-05
2.0038e-06
-3.10936e-06
1.78571e-06
3.01216e-06
2.52155e-07
7.31673e-06
-2.41948e-06
1.02496e-05
-6.28272e-06
1.3548e-05
-1.1523e-05
1.73601e-05
-1.81601e-05
2.13887e-05
-2.59341e-05
2.48389e-05
-3.43114e-05
2.68682e-05
-4.26296e-05
2.70461e-05
-5.03223e-05
2.54477e-05
-5.70451e-05
2.23947e-05
-6.25474e-05
1.84705e-05
-6.68017e-05
1.39608e-05
-6.98787e-05
9.33425e-06
-7.18379e-05
5.08662e-06
-7.28237e-05
1.14629e-06
-7.29051e-05
-2.19726e-06
-7.21713e-05
-5.10202e-06
-7.0649e-05
-7.32876e-06
-6.86072e-05
-9.79188e-06
-6.6116e-05
-1.19653e-05
-6.29931e-05
-1.32483e-05
-5.94035e-05
-1.49306e-05
-5.54347e-05
-1.66077e-05
-5.11672e-05
-1.85994e-05
-4.66071e-05
-2.0499e-05
-4.17969e-05
-2.25571e-05
-3.67074e-05
-2.43578e-05
-3.14738e-05
-2.63912e-05
-2.61533e-05
-2.8341e-05
-2.05913e-05
-2.9206e-05
-1.48588e-05
-2.98283e-05
-8.99152e-06
-2.9749e-05
-3.01015e-06
-2.92123e-05
3.09708e-06
-2.81255e-05
9.26463e-06
-2.68878e-05
1.55699e-05
-2.51623e-05
2.21124e-05
-2.25842e-05
2.88005e-05
-1.9859e-05
3.56815e-05
-1.59503e-05
4.27017e-05
-1.07622e-05
4.9623e-05
-3.98545e-06
5.55534e-05
6.66457e-06
5.7942e-05
2.13377e-05
5.44241e-05
3.58493e-05
4.56261e-05
4.41796e-05
3.43398e-05
4.41799e-05
2.33376e-05
3.86766e-05
1.44478e-05
3.10395e-05
7.97341e-06
2.38565e-05
3.28183e-06
1.83002e-05
-3.07228e-07
1.43355e-05
-3.21806e-06
1.12698e-05
-5.71125e-06
8.7861e-06
-7.98773e-06
6.78643e-06
-1.0191e-05
5.2385e-06
-1.23323e-05
3.86013e-06
-1.42005e-05
1.97447e-06
-1.54042e-05
-1.0932e-06
-1.55642e-05
-5.50688e-06
-1.43536e-05
-1.14653e-05
-1.10852e-05
-2.02193e-05
-4.91851e-06
-3.07204e-05
4.93398e-06
-3.56613e-05
1.60112e-05
-2.6949e-05
2.21357e-05
-6.44667e-06
2.15816e-05
1.13674e-05
1.75308e-05
1.90613e-05
1.3039e-05
1.89255e-05
9.5191e-06
1.58018e-05
7.23944e-06
1.28686e-05
6.1159e-06
1.01581e-05
6.09895e-06
5.66303e-06
7.52264e-06
-1.85461e-06
9.87786e-06
-6.82805e-06
1.15764e-05
-4.68071e-06
1.18261e-05
3.53967e-07
1.08732e-05
4.02573e-06
9.20437e-06
5.87303e-06
7.23056e-06
6.32967e-06
5.15715e-06
5.8269e-06
3.27304e-06
4.86795e-06
1.61172e-06
3.72373e-06
-1.41415e-07
3.45882e-06
-2.1678e-06
5.13095e-06
-4.68645e-06
8.07247e-06
-7.745e-06
1.07287e-05
-1.09864e-05
1.23881e-05
-1.40459e-05
1.30142e-05
-1.68328e-05
1.27509e-05
-1.92933e-05
1.20833e-05
-2.14076e-05
1.10982e-05
-2.32045e-05
9.97107e-06
-2.46956e-05
8.84336e-06
-2.58969e-05
7.57566e-06
6.65848e-06
-2.68554e-05
2.89572e-06
-5.99065e-06
2.23872e-06
3.67854e-06
-1.41911e-07
9.70338e-06
-4.15231e-06
1.42648e-05
-9.98284e-06
1.93828e-05
-1.78211e-05
2.52023e-05
-2.75776e-05
3.11484e-05
-3.86996e-05
3.59632e-05
-5.02072e-05
3.8377e-05
-6.11449e-05
3.79843e-05
-7.0852e-05
3.51549e-05
-7.89472e-05
3.04897e-05
-8.52619e-05
2.47847e-05
-8.99282e-05
1.86268e-05
-9.31388e-05
1.25447e-05
-9.50055e-05
6.95344e-06
-9.57066e-05
1.84781e-06
-9.53588e-05
-2.54433e-06
-9.40949e-05
-6.36484e-06
-9.19532e-05
-9.46911e-06
-8.91927e-05
-1.25507e-05
-8.58951e-05
-1.5261e-05
-8.19057e-05
-1.72355e-05
-7.7412e-05
-1.94218e-05
-7.24942e-05
-2.15228e-05
-6.72533e-05
-2.38373e-05
-6.17026e-05
-2.60465e-05
-5.59028e-05
-2.83536e-05
-4.98341e-05
-3.04228e-05
-4.36237e-05
-3.25978e-05
-3.73407e-05
-3.462e-05
-3.08236e-05
-3.57189e-05
-2.41309e-05
-3.65166e-05
-1.72658e-05
-3.66095e-05
-1.02491e-05
-3.62245e-05
-3.06818e-06
-3.53018e-05
4.23252e-06
-3.41841e-05
1.17338e-05
-3.26594e-05
1.9579e-05
-3.04255e-05
2.77504e-05
-2.8027e-05
3.63537e-05
-2.45506e-05
4.53451e-05
-1.9751e-05
5.45343e-05
-1.31726e-05
6.36068e-05
-2.40613e-06
7.05689e-05
1.43771e-05
7.1383e-05
3.50362e-05
6.40338e-05
5.15292e-05
5.11357e-05
5.70776e-05
3.68942e-05
5.29169e-05
2.44126e-05
4.35193e-05
1.49089e-05
3.33584e-05
8.08619e-06
2.51214e-05
3.06759e-06
1.93532e-05
-8.67194e-07
1.52039e-05
-4.17332e-06
1.20917e-05
-7.13746e-06
9.75016e-06
-9.91339e-06
8.01444e-06
-1.24819e-05
6.42948e-06
-1.46609e-05
4.1562e-06
-1.62251e-05
4.77148e-07
-1.68478e-05
-4.8723e-06
-1.60089e-05
-1.22867e-05
-1.28543e-05
-2.33533e-05
-6.82161e-06
-3.67341e-05
2.72668e-06
-4.51935e-05
1.62908e-05
-4.0503e-05
2.74552e-05
-1.76085e-05
2.98169e-05
9.00516e-06
2.57598e-05
2.31138e-05
2.00644e-05
2.46175e-05
1.5438e-05
2.04252e-05
1.2625e-05
1.56822e-05
1.14911e-05
1.12959e-05
1.16051e-05
5.55721e-06
1.32488e-05
-3.48952e-06
1.61752e-05
-9.74766e-06
1.86096e-05
-7.11166e-06
1.9245e-05
-2.84751e-07
1.81671e-05
5.10094e-06
1.60672e-05
7.97219e-06
1.34388e-05
8.96045e-06
1.05263e-05
8.74481e-06
7.74175e-06
7.65526e-06
5.21493e-06
6.25156e-06
2.59317e-06
6.07472e-06
-4.62388e-07
8.17902e-06
-4.21532e-06
1.18073e-05
-8.52034e-06
1.50177e-05
-1.27971e-05
1.66458e-05
-1.66739e-05
1.68745e-05
-2.01052e-05
1.61666e-05
-2.30647e-05
1.50297e-05
-2.55597e-05
1.35823e-05
-2.76373e-05
1.20397e-05
-2.93195e-05
1.05184e-05
-3.06386e-05
8.88896e-06
7.66183e-06
-3.16467e-05
3.12568e-06
-9.09666e-06
1.93247e-06
4.88197e-06
-1.69847e-06
1.33413e-05
-7.79491e-06
2.03669e-05
-1.6626e-05
2.82188e-05
-2.83296e-05
3.69102e-05
-4.25015e-05
4.53231e-05
-5.78365e-05
5.12999e-05
-7.27156e-05
5.32567e-05
-8.59637e-05
5.12324e-05
-9.69198e-05
4.61106e-05
-0.000105466
3.90356e-05
-0.000111813
3.1131e-05
-0.000116287
2.31001e-05
-0.000119134
1.53917e-05
-0.000120517
8.33659e-06
-0.000120667
1.99846e-06
-0.000119717
-3.49401e-06
-0.000117798
-8.2818e-06
-0.000114955
-1.23109e-05
-0.000111418
-1.60861e-05
-0.000107269
-1.94077e-05
-0.000102393
-2.21086e-05
-9.6977e-05
-2.4835e-05
-9.10911e-05
-2.74055e-05
-8.4851e-05
-3.0074e-05
-7.82806e-05
-3.26132e-05
-7.14545e-05
-3.51757e-05
-6.43661e-05
-3.75069e-05
-5.71301e-05
-3.98291e-05
-4.98181e-05
-4.1927e-05
-4.22853e-05
-4.32465e-05
-3.45868e-05
-4.42096e-05
-2.66817e-05
-4.45087e-05
-1.85837e-05
-4.43166e-05
-1.02913e-05
-4.35883e-05
-1.82459e-06
-4.2645e-05
6.91745e-06
-4.1396e-05
1.6102e-05
-3.96051e-05
2.57754e-05
-3.76959e-05
3.61398e-05
-3.49114e-05
4.72281e-05
-3.08364e-05
5.88248e-05
-2.47671e-05
7.06597e-05
-1.42394e-05
8.18696e-05
3.16844e-06
8.87515e-05
2.81549e-05
8.59838e-05
5.42971e-05
7.34597e-05
6.9601e-05
5.63633e-05
7.00121e-05
3.97538e-05
6.01274e-05
2.61511e-05
4.69596e-05
1.60933e-05
3.51783e-05
8.87308e-06
2.65727e-05
3.47373e-06
2.06027e-05
-8.63179e-07
1.64281e-05
-4.5796e-06
1.3466e-05
-7.83661e-06
1.12713e-05
-1.05683e-05
9.16206e-06
-1.25862e-05
6.17729e-06
-1.38507e-05
1.74915e-06
-1.4551e-05
-4.15733e-06
-1.44988e-05
-1.23164e-05
-1.23423e-05
-2.54891e-05
-6.09799e-06
-4.29606e-05
2.7154e-06
-5.39932e-05
1.58143e-05
-5.35925e-05
3.14801e-05
-3.32723e-05
3.90992e-05
1.38485e-06
3.65415e-05
2.5666e-05
2.98195e-05
3.13357e-05
2.38044e-05
2.64376e-05
2.01691e-05
1.9318e-05
1.88384e-05
1.26312e-05
1.89962e-05
5.40855e-06
2.07886e-05
-5.27237e-06
2.41307e-05
-1.3083e-05
2.72603e-05
-1.02384e-05
2.85582e-05
-1.58592e-06
2.77194e-05
5.93774e-06
2.52621e-05
1.0431e-05
2.18312e-05
1.23959e-05
1.78989e-05
1.26835e-05
1.39155e-05
1.16414e-05
1.01426e-05
1.00246e-05
6.28727e-06
9.92242e-06
1.76491e-06
1.26904e-05
-3.79691e-06
1.73451e-05
-9.82031e-06
2.10203e-05
-1.5409e-05
2.2211e-05
-2.02688e-05
2.17137e-05
-2.44437e-05
2.03227e-05
-2.7955e-05
1.85251e-05
-3.08505e-05
1.64646e-05
-3.32012e-05
1.43795e-05
-3.5049e-05
1.23576e-05
-3.64478e-05
1.02808e-05
8.66239e-06
-3.74541e-05
2.27609e-06
-1.13524e-05
1.47867e-07
7.02123e-06
-5.38894e-06
1.8886e-05
-1.46541e-05
2.96385e-05
-2.80237e-05
4.15933e-05
-4.53874e-05
5.42773e-05
-6.50967e-05
6.50342e-05
-8.44077e-05
7.06115e-05
-0.000101363
7.02121e-05
-0.000115168
6.50362e-05
-0.000125869
5.68112e-05
-0.000133914
4.70796e-05
-0.000139696
3.69126e-05
-0.000143551
2.6954e-05
-0.000145772
1.7613e-05
-0.000146554
9.11906e-06
-0.000146095
1.53924e-06
-0.000144502
-5.08523e-06
-0.000141906
-1.08769e-05
-0.000138353
-1.58619e-05
-0.00013404
-2.03972e-05
-0.000129042
-2.4403e-05
-0.000123293
-2.78544e-05
-0.000116962
-3.11633e-05
-0.000110114
-3.42501e-05
-0.000102871
-3.73129e-05
-9.52682e-05
-4.02114e-05
-8.73897e-05
-4.30495e-05
-7.92438e-05
-4.56477e-05
-7.09359e-05
-4.81315e-05
-6.25312e-05
-5.03259e-05
-5.39186e-05
-5.18527e-05
-4.51552e-05
-5.29662e-05
-3.61855e-05
-5.3471e-05
-2.70087e-05
-5.34857e-05
-1.76049e-05
-5.29845e-05
-7.97448e-06
-5.22679e-05
2.00152e-06
-5.13648e-05
1.25346e-05
-5.01317e-05
2.37284e-05
-4.88843e-05
3.58754e-05
-4.7054e-05
4.91158e-05
-4.40737e-05
6.32909e-05
-3.89402e-05
7.78977e-05
-2.88451e-05
9.22923e-05
-1.12256e-05
0.000104841
1.56059e-05
0.000109385
4.97526e-05
0.000100813
7.81722e-05
8.25843e-05
8.82401e-05
6.20391e-05
8.06715e-05
4.36389e-05
6.53592e-05
2.91403e-05
4.96764e-05
1.8567e-05
3.71459e-05
1.09436e-05
2.82257e-05
5.17689e-06
2.21942e-05
5.34308e-07
1.81079e-05
-3.27018e-06
1.50755e-05
-6.22037e-06
1.21132e-05
-8.21733e-06
8.17792e-06
-9.26551e-06
2.80616e-06
-9.64371e-06
-3.76215e-06
-1.00646e-05
-1.18687e-05
-1.02583e-05
-2.52695e-05
-5.29269e-06
-4.79076e-05
5.06465e-06
-6.43384e-05
1.71401e-05
-6.5661e-05
3.39662e-05
-5.00975e-05
4.80186e-05
-1.26699e-05
4.91338e-05
2.45447e-05
4.23017e-05
3.81635e-05
3.51553e-05
3.35815e-05
3.04981e-05
2.39756e-05
2.86511e-05
1.44829e-05
2.86693e-05
5.39962e-06
3.04098e-05
-7.00375e-06
3.36782e-05
-1.6346e-05
3.68842e-05
-1.34426e-05
3.87376e-05
-3.44197e-06
3.87387e-05
5.93659e-06
3.65981e-05
1.25758e-05
3.26784e-05
1.63219e-05
2.77012e-05
1.76673e-05
2.22559e-05
1.70891e-05
1.67589e-05
1.55208e-05
1.09316e-05
1.57411e-05
3.88689e-06
1.97226e-05
-4.38026e-06
2.55885e-05
-1.24092e-05
2.90284e-05
-1.93768e-05
2.9155e-05
-2.5349e-05
2.76639e-05
-3.03621e-05
2.53152e-05
-3.44436e-05
2.25885e-05
-3.77235e-05
1.97293e-05
-4.03003e-05
1.69437e-05
-4.2249e-05
1.42962e-05
-4.36474e-05
1.1671e-05
9.56345e-06
-4.45552e-05
1.87429e-07
-1.15182e-05
-3.90622e-06
1.11267e-05
-1.2636e-05
2.76241e-05
-2.70241e-05
4.40324e-05
-4.71749e-05
6.17475e-05
-7.11319e-05
7.8236e-05
-9.49066e-05
8.88093e-05
-0.000115372
9.1077e-05
-0.000131743
8.65815e-05
-0.000144451
7.77429e-05
-0.000154158
6.65174e-05
-0.000161357
5.42775e-05
-0.000166412
4.1966e-05
-0.000169598
3.01394e-05
-0.000171171
1.91862e-05
-0.000171314
9.26225e-06
-0.00017019
4.16156e-07
-0.000167912
-7.36259e-06
-0.000164602
-1.41844e-05
-0.000160322
-2.01402e-05
-0.000155229
-2.54873e-05
-0.000149391
-3.02385e-05
-0.000142787
-3.44548e-05
-0.000135557
-3.83889e-05
-0.000127768
-4.20354e-05
-0.000119537
-4.55396e-05
-0.000110909
-4.88339e-05
-0.000101973
-5.19809e-05
-9.27454e-05
-5.48692e-05
-8.33226e-05
-5.7548e-05
-7.37583e-05
-5.98832e-05
-6.39864e-05
-6.16172e-05
-5.40677e-05
-6.28767e-05
-4.39656e-05
-6.35642e-05
-3.36857e-05
-6.37564e-05
-2.31869e-05
-6.3474e-05
-1.24558e-05
-6.299e-05
-1.35108e-06
-6.24609e-05
1.04185e-05
-6.18936e-05
2.30786e-05
-6.1538e-05
3.70194e-05
-6.09901e-05
5.24955e-05
-5.95471e-05
6.93864e-05
-5.583e-05
8.70546e-05
-4.65133e-05
0.000104205
-2.83764e-05
0.00012028
-4.70216e-07
0.000131941
3.809e-05
0.000130839
7.92727e-05
0.000114819
0.000104259
9.17542e-05
0.000103736
6.88913e-05
8.82221e-05
4.93988e-05
6.91693e-05
3.42893e-05
5.22558e-05
2.33216e-05
3.91935e-05
1.5372e-05
3.01433e-05
9.36919e-06
2.411e-05
4.74164e-06
1.97028e-05
1.29158e-06
1.55643e-05
-1.04256e-06
1.05162e-05
-2.25103e-06
4.02423e-06
-2.392e-06
-3.60337e-06
-2.05664e-06
-1.21769e-05
-2.99165e-06
-2.43058e-05
-1.82445e-06
-4.90574e-05
7.28883e-06
-7.34415e-05
2.03863e-05
-7.87537e-05
3.6752e-05
-6.64638e-05
5.54086e-05
-3.13307e-05
6.26626e-05
1.72846e-05
5.71227e-05
4.36987e-05
4.9365e-05
4.1337e-05
4.39299e-05
2.94104e-05
4.14307e-05
1.69865e-05
4.10539e-05
5.7846e-06
4.20822e-05
-8.02483e-06
4.3957e-05
-1.8218e-05
4.59622e-05
-1.54475e-05
4.75227e-05
-5.00327e-06
4.79059e-05
5.55613e-06
4.635e-05
1.41381e-05
4.28448e-05
1.98342e-05
3.77391e-05
2.27787e-05
3.15497e-05
2.328e-05
2.42753e-05
2.27937e-05
1.50589e-05
2.49492e-05
3.59975e-06
3.1171e-05
-8.22427e-06
3.73951e-05
-1.82656e-05
3.9053e-05
-2.64047e-05
3.72747e-05
-3.31284e-05
3.43687e-05
-3.86476e-05
3.08156e-05
-4.31731e-05
2.70966e-05
-4.67993e-05
2.33401e-05
-4.95263e-05
1.96574e-05
-5.14516e-05
1.62102e-05
-5.26889e-05
1.28991e-05
1.01657e-05
-5.3299e-05
-3.27053e-06
-8.22063e-06
-1.09418e-05
1.88104e-05
-2.46484e-05
4.13383e-05
-4.57286e-05
6.51167e-05
-7.24585e-05
8.84792e-05
-0.000100177
0.000105954
-0.00012414
0.000112772
-0.000143165
0.0001101
-0.000158057
0.000101472
-0.00016966
8.93434e-05
-0.000178505
7.53609e-05
-0.000184948
6.07182e-05
-0.000189303
4.63198e-05
-0.000191795
3.26307e-05
-0.000192618
2.00087e-05
-0.000191961
8.60662e-06
-0.00019001
-1.534e-06
-0.000186913
-1.04576e-05
-0.000182801
-1.82942e-05
-0.000177745
-2.51931e-05
-0.000171868
-3.13618e-05
-0.000165221
-3.68814e-05
-0.000157819
-4.18532e-05
-0.000149765
-4.64382e-05
-0.000141121
-5.06747e-05
-0.000131994
-5.46606e-05
-0.000122437
-5.8385e-05
-0.000112534
-6.18781e-05
-0.000102307
-6.50889e-05
-9.18401e-05
-6.80076e-05
-8.11724e-05
-7.05427e-05
-7.02534e-05
-7.25273e-05
-5.91376e-05
-7.3983e-05
-4.78371e-05
-7.48547e-05
-3.63895e-05
-7.51938e-05
-2.47634e-05
-7.509e-05
-1.2922e-05
-7.48214e-05
-7.11715e-07
-7.46618e-05
1.21787e-05
-7.47759e-05
2.60626e-05
-7.54158e-05
4.15429e-05
-7.64664e-05
5.91828e-05
-7.71855e-05
7.89151e-05
-7.55629e-05
0.000100044
-6.76444e-05
0.000120577
-4.89121e-05
0.0001388
-1.86953e-05
0.000154196
2.26918e-05
0.000160597
7.28695e-05
0.000150517
0.000114339
0.000127937
0.000126316
0.000102048
0.000114112
7.81799e-05
9.3038e-05
5.83286e-05
7.21081e-05
4.30412e-05
5.44813e-05
3.18206e-05
4.13635e-05
2.36409e-05
3.22891e-05
1.76258e-05
2.57176e-05
1.32604e-05
1.99308e-05
1.02706e-05
1.35102e-05
8.64399e-06
5.66006e-06
8.47487e-06
-3.41836e-06
9.04745e-06
-1.27276e-05
8.66943e-06
-2.39034e-05
7.01541e-06
-4.73886e-05
1.14038e-05
-7.78216e-05
2.3962e-05
-9.13088e-05
4.01179e-05
-8.26217e-05
6.06901e-05
-5.19082e-05
7.54558e-05
2.51153e-06
7.3082e-05
4.60667e-05
6.5902e-05
4.85144e-05
6.07688e-05
3.45425e-05
5.79238e-05
1.98351e-05
5.63624e-05
7.35296e-06
5.46635e-05
-6.32064e-06
5.2587e-05
-1.61408e-05
5.17641e-05
-1.46251e-05
5.21665e-05
-5.40437e-06
5.24673e-05
5.26306e-06
5.17179e-05
1.48987e-05
4.96319e-05
2.193e-05
4.56669e-05
2.67498e-05
3.90774e-05
2.98705e-05
2.80904e-05
3.37784e-05
1.14962e-05
4.15361e-05
-6.50124e-06
4.91605e-05
-2.07578e-05
5.16397e-05
-3.13342e-05
4.96164e-05
-3.98021e-05
4.57271e-05
-4.66591e-05
4.12098e-05
-5.218e-05
3.63207e-05
-5.655e-05
3.14514e-05
-5.98753e-05
2.66515e-05
-6.22686e-05
2.2038e-05
-6.38603e-05
1.77907e-05
-6.46779e-05
1.37069e-05
1.01852e-05
-6.4706e-05
-3.76448e-06
-4.42863e-06
-1.11998e-05
2.62552e-05
-2.35221e-05
5.36662e-05
-4.11372e-05
8.27341e-05
-6.14715e-05
0.000108814
-8.03647e-05
0.000124847
-9.56611e-05
0.000128067
-0.000107799
0.000122235
-0.000117481
0.000111152
-0.000125062
9.69214e-05
-0.000130824
8.11204e-05
-0.00013494
6.48321e-05
-0.000137522
4.89002e-05
-0.000138721
3.38284e-05
-0.000138714
2.00016e-05
-0.000137689
7.58304e-06
-0.000135816
-3.40583e-06
-0.000133229
-1.30424e-05
-0.000130022
-2.14993e-05
-0.000126241
-2.89708e-05
-0.00012194
-3.56598e-05
-0.000117138
-4.16796e-05
-0.000111846
-4.71412e-05
-0.000106109
-5.21708e-05
-9.99624e-05
-5.6817e-05
-9.34664e-05
-6.11516e-05
-8.66558e-05
-6.51903e-05
-7.95769e-05
-6.89513e-05
-7.2245e-05
-7.24146e-05
-6.46906e-05
-7.55554e-05
-5.69317e-05
-7.82945e-05
-4.89437e-05
-8.05079e-05
-4.07617e-05
-8.21572e-05
-3.24213e-05
-8.31871e-05
-2.39446e-05
-8.36624e-05
-1.53014e-05
-8.37251e-05
-6.44781e-06
-8.36671e-05
2.7063e-06
-8.38087e-05
1.23435e-05
-8.44071e-05
2.27008e-05
-8.57689e-05
3.42594e-05
-8.8023e-05
4.76025e-05
-9.0529e-05
6.3038e-05
-9.10008e-05
8.0334e-05
-8.49441e-05
9.79347e-05
-6.6517e-05
0.000113245
-3.40094e-05
0.000125378
1.05549e-05
0.000132549
6.56963e-05
0.000129431
0.000117456
0.000115431
0.000140316
9.67194e-05
0.000132826
7.80333e-05
0.000111726
6.14994e-05
8.86437e-05
4.79875e-05
6.7994e-05
3.76565e-05
5.16946e-05
3.00644e-05
3.98807e-05
2.45884e-05
3.11935e-05
2.07022e-05
2.38178e-05
1.80858e-05
1.61295e-05
1.66862e-05
7.06603e-06
1.65702e-05
-3.29161e-06
1.69754e-05
-1.31183e-05
1.66892e-05
-2.36002e-05
1.41667e-05
-4.48546e-05
1.35283e-05
-7.71765e-05
2.04066e-05
-9.81853e-05
3.25186e-05
-9.47361e-05
4.81534e-05
-6.75492e-05
6.34608e-05
-1.2805e-05
6.53385e-05
4.4181e-05
6.24933e-05
5.13562e-05
6.01909e-05
3.68424e-05
5.72565e-05
2.2772e-05
5.34594e-05
1.11548e-05
4.82154e-05
-1.074e-06
4.22382e-05
-1.01659e-05
3.92884e-05
-1.16771e-05
3.92473e-05
-5.35355e-06
3.96887e-05
4.84622e-06
3.93179e-05
1.52931e-05
3.71347e-05
2.41266e-05
3.09725e-05
3.29177e-05
1.84482e-05
4.2395e-05
7.55964e-07
5.14683e-05
-1.65104e-05
5.8797e-05
-2.95226e-05
6.21668e-05
-3.9162e-05
6.12699e-05
-4.71339e-05
5.75778e-05
-5.40299e-05
5.26101e-05
-5.99463e-05
4.71127e-05
-6.49734e-05
4.13338e-05
-6.91671e-05
3.56316e-05
-7.25951e-05
3.00667e-05
-7.53332e-05
2.47643e-05
-7.74329e-05
1.98797e-05
-7.89965e-05
1.52611e-05
1.12574e-05
-8.00773e-05
-3.00187e-06
-1.40241e-06
-9.44576e-06
3.27064e-05
-2.02271e-05
6.44516e-05
-3.49714e-05
9.74796e-05
-5.08734e-05
0.000124715
-6.48892e-05
0.000138861
-7.62684e-05
0.000139444
-8.55337e-05
0.000131498
-9.30011e-05
0.000118616
-9.88625e-05
0.00010278
-0.000103269
8.55245e-05
-0.000106252
6.78121e-05
-0.00010788
5.05275e-05
-0.000108331
3.42788e-05
-0.000107815
1.94851e-05
-0.000106535
6.30363e-06
-0.000104663
-5.27633e-06
-0.000102332
-1.53714e-05
-9.96181e-05
-2.42111e-05
-9.65488e-05
-3.20374e-05
-9.31402e-05
-3.90652e-05
-8.93904e-05
-4.5426e-05
-8.52976e-05
-5.12303e-05
-8.08822e-05
-5.65822e-05
-7.61653e-05
-6.15298e-05
-7.11767e-05
-6.61357e-05
-6.59378e-05
-7.04245e-05
-6.04731e-05
-7.4411e-05
-5.47964e-05
-7.80859e-05
-4.89237e-05
-8.14226e-05
-4.286e-05
-8.43523e-05
-3.65989e-05
-8.67629e-05
-3.01629e-05
-8.8587e-05
-2.35652e-05
-8.97785e-05
-1.68141e-05
-9.04071e-05
-9.89485e-06
-9.0638e-05
-2.78305e-06
-9.07729e-05
4.58227e-06
-9.11686e-05
1.2337e-05
-9.21575e-05
2.06599e-05
-9.40892e-05
2.9886e-05
-9.72486e-05
4.05235e-05
-0.000101168
5.31438e-05
-0.000103625
6.80287e-05
-9.98343e-05
8.43389e-05
-8.28329e-05
9.9263e-05
-4.8939e-05
0.000110544
-7.30513e-07
0.000117328
5.89104e-05
0.000116902
0.000117881
0.000107531
0.000149689
9.33204e-05
0.000147038
7.81787e-05
0.00012687
6.41256e-05
0.000102699
5.20865e-05
8.00344e-05
4.25049e-05
6.12765e-05
3.52963e-05
4.70891e-05
3.00931e-05
3.63964e-05
2.64506e-05
2.74609e-05
2.40487e-05
1.85335e-05
2.27558e-05
8.36349e-06
2.25707e-05
-3.09889e-06
2.28438e-05
-1.33811e-05
2.24436e-05
-2.31882e-05
1.97932e-05
-4.21953e-05
1.65507e-05
-7.3929e-05
1.88186e-05
-0.000100452
2.80083e-05
-0.000103929
4.06157e-05
-8.01636e-05
5.5263e-05
-2.74631e-05
6.11529e-05
3.82808e-05
6.20598e-05
5.04451e-05
6.04071e-05
3.84915e-05
5.50496e-05
2.81305e-05
4.76086e-05
1.85978e-05
3.94939e-05
7.0391e-06
3.04435e-05
-1.12338e-06
2.57576e-05
-6.99156e-06
2.23813e-05
-1.9603e-06
1.61025e-05
1.11536e-05
8.85211e-06
2.25669e-05
-4.00683e-07
3.33905e-05
-1.13692e-05
4.38897e-05
-2.29185e-05
5.39439e-05
-3.37754e-05
6.23231e-05
-4.2698e-05
6.77155e-05
-4.99318e-05
6.93953e-05
-5.63305e-05
6.76607e-05
-6.23171e-05
6.3555e-05
-6.78947e-05
5.81763e-05
-7.29991e-05
5.2205e-05
-7.76151e-05
4.59372e-05
-8.17347e-05
3.97388e-05
-8.5381e-05
3.37012e-05
-8.85827e-05
2.79549e-05
-9.13401e-05
2.26269e-05
-9.37152e-05
1.76271e-05
1.32211e-05
-9.56875e-05
-1.60445e-06
2.2295e-07
-6.56024e-06
3.76683e-05
-1.54006e-05
7.32951e-05
-2.72547e-05
0.000109334
-3.95794e-05
0.000137039
-5.04397e-05
0.000149719
-5.95615e-05
0.000148563
-6.71391e-05
0.000139072
-7.32536e-05
0.000124727
-7.80438e-05
0.000107566
-8.15348e-05
8.90128e-05
-8.36862e-05
6.99615e-05
-8.46111e-05
5.1451e-05
-8.45206e-05
3.41876e-05
-8.36547e-05
1.86192e-05
-8.22274e-05
4.87699e-06
-8.04093e-05
-7.09309e-06
-7.83242e-05
-1.74548e-05
-7.60314e-05
-2.65016e-05
-7.35416e-05
-3.45246e-05
-7.08463e-05
-4.17577e-05
-6.79272e-05
-4.83421e-05
-6.47719e-05
-5.43823e-05
-6.1386e-05
-5.99646e-05
-5.7775e-05
-6.51372e-05
-5.39496e-05
-6.99572e-05
-4.99237e-05
-7.44463e-05
-4.5713e-05
-7.86175e-05
-4.13288e-05
-8.24657e-05
-3.67823e-05
-8.59646e-05
-3.20764e-05
-8.90535e-05
-2.72018e-05
-9.16328e-05
-2.21588e-05
-9.36251e-05
-1.69495e-05
-9.49829e-05
-1.1578e-05
-9.57736e-05
-6.03903e-06
-9.61721e-05
-3.25323e-07
-9.6482e-05
5.58791e-06
-9.70778e-05
1.17913e-05
-9.83579e-05
1.84386e-05
-0.000100735
2.57564e-05
-0.000104567
3.41282e-05
-0.000109543
4.41782e-05
-0.00011368
5.65703e-05
-0.000112233
7.13026e-05
-9.75722e-05
8.60906e-05
-6.37336e-05
9.75705e-05
-1.22156e-05
0.000104321
5.21567e-05
0.00010526
0.000116942
9.90402e-05
0.000155909
8.84074e-05
0.000157674
7.64108e-05
0.000138869
6.47943e-05
0.000114318
5.4414e-05
9.04163e-05
4.58348e-05
6.98564e-05
3.92053e-05
5.37185e-05
3.43658e-05
4.12358e-05
3.09879e-05
3.08393e-05
2.8773e-05
2.07501e-05
2.75243e-05
9.61562e-06
2.7196e-05
-2.76478e-06
2.74141e-05
-1.35916e-05
2.68321e-05
-2.25974e-05
2.43326e-05
-3.96886e-05
2.04088e-05
-7.00011e-05
1.89626e-05
-9.90055e-05
2.47828e-05
-0.000109752
3.54148e-05
-9.08033e-05
4.91612e-05
-4.12204e-05
5.85301e-05
2.88994e-05
6.09016e-05
4.80694e-05
5.67017e-05
4.26879e-05
4.72895e-05
3.75423e-05
3.60126e-05
2.98733e-05
2.23191e-05
2.07261e-05
5.59854e-06
1.55869e-05
-9.89793e-06
8.50567e-06
-1.97284e-05
7.88115e-06
-2.5166e-05
1.66044e-05
-3.01069e-05
2.7518e-05
-3.55242e-05
3.88126e-05
-4.1351e-05
4.97175e-05
-4.71324e-05
5.97241e-05
-5.25086e-05
6.76971e-05
-5.74055e-05
7.26082e-05
-6.21217e-05
7.41063e-05
-6.6885e-05
7.24166e-05
-7.17363e-05
6.83976e-05
-7.65794e-05
6.30092e-05
-8.1307e-05
5.69216e-05
-8.58645e-05
5.04833e-05
-9.02121e-05
4.40748e-05
-9.43449e-05
3.78229e-05
-9.82654e-05
3.18648e-05
-0.000101952
2.63032e-05
-0.000105427
2.10937e-05
1.64075e-05
-0.000108622
-1.1895e-07
3.59468e-07
-3.50671e-06
4.10611e-05
-1.04956e-05
8.02865e-05
-1.9834e-05
0.000118673
-2.94752e-05
0.000146679
-3.83448e-05
0.000158587
-4.60959e-05
0.000156312
-5.25469e-05
0.00014552
-5.77686e-05
0.000129946
-6.17905e-05
0.000111585
-6.45605e-05
9.17803e-05
-6.60549e-05
7.14539e-05
-6.64323e-05
5.18271e-05
-6.59444e-05
3.36992e-05
-6.48512e-05
1.7526e-05
-6.33639e-05
3.39036e-06
-6.16424e-05
-8.81338e-06
-5.97936e-05
-1.9302e-05
-5.7861e-05
-2.84323e-05
-5.58413e-05
-3.6542e-05
-5.37104e-05
-4.38861e-05
-5.14394e-05
-5.06104e-05
-4.90087e-05
-5.68102e-05
-4.64126e-05
-6.25579e-05
-4.36453e-05
-6.79014e-05
-4.07106e-05
-7.28888e-05
-3.76185e-05
-7.75351e-05
-3.43804e-05
-8.18522e-05
-3.1005e-05
-8.58376e-05
-2.74966e-05
-8.94694e-05
-2.38514e-05
-9.26951e-05
-2.00556e-05
-9.54249e-05
-1.61005e-05
-9.75764e-05
-1.19814e-05
-9.90982e-05
-7.69927e-06
-0.000100052
-3.25342e-06
-0.000100614
1.35246e-06
-0.000101084
6.11735e-06
-0.00010184
1.10825e-05
-0.000103321
1.63601e-05
-0.000106012
2.2117e-05
-0.000110325
2.8643e-05
-0.000116073
3.64975e-05
-0.000121541
4.64977e-05
-0.000122241
5.93259e-05
-0.000110409
7.36916e-05
-7.81069e-05
8.57869e-05
-2.43168e-05
9.30952e-05
4.4845e-05
9.50444e-05
0.000114992
9.11447e-05
0.000159811
8.33763e-05
0.000165445
7.40746e-05
0.000148174
6.4664e-05
0.000123731
5.59142e-05
9.91679e-05
4.84182e-05
7.73532e-05
4.24653e-05
5.96715e-05
3.80472e-05
4.56539e-05
3.49489e-05
3.3938e-05
3.29004e-05
2.28e-05
3.16662e-05
1.08528e-05
3.11765e-05
-2.2705e-06
3.13655e-05
-1.37745e-05
3.07982e-05
-2.20229e-05
2.81336e-05
-3.70176e-05
2.43618e-05
-6.62258e-05
2.0896e-05
-9.55393e-05
2.28295e-05
-0.000111688
3.21557e-05
-0.000100137
4.59921e-05
-5.50662e-05
5.66838e-05
1.81937e-05
5.67611e-05
4.79889e-05
4.78649e-05
5.15814e-05
3.48328e-05
5.05728e-05
2.0442e-05
4.42596e-05
3.94631e-06
3.72128e-05
-1.08266e-05
3.0352e-05
-2.22021e-05
1.98811e-05
-3.10513e-05
1.67367e-05
-3.76462e-05
2.32075e-05
-4.29961e-05
3.28742e-05
-4.7792e-05
4.36108e-05
-5.22838e-05
5.4209e-05
-5.6476e-05
6.39145e-05
-6.04075e-05
7.16259e-05
-6.4255e-05
7.64515e-05
-6.82284e-05
7.80743e-05
-7.24778e-05
7.66591e-05
-7.70362e-05
7.29479e-05
-8.18204e-05
6.7784e-05
-8.67183e-05
6.18094e-05
-9.16573e-05
5.54117e-05
-9.65769e-05
4.89837e-05
-0.00010145
4.26856e-05
-0.000106258
3.66629e-05
-0.000110967
3.10025e-05
-0.000115577
2.56946e-05
2.08329e-05
-0.00012001
1.17167e-06
-7.97681e-07
-7.77076e-07
4.30141e-05
-6.17049e-06
8.56818e-05
-1.34628e-05
0.000125965
-2.11302e-05
0.000154345
-2.86953e-05
0.00016615
-3.55587e-05
0.000163172
-4.12252e-05
0.000151183
-4.57689e-05
0.000134486
-4.91585e-05
0.000114972
-5.13181e-05
9.39377e-05
-5.2264e-05
7.23981e-05
-5.22052e-05
5.17672e-05
-5.1433e-05
3.29265e-05
-5.02123e-05
1.63052e-05
-4.87371e-05
1.91576e-06
-4.71465e-05
-1.0403e-05
-4.5525e-05
-2.09222e-05
-4.39008e-05
-3.00547e-05
-4.2261e-05
-3.81798e-05
-4.05732e-05
-4.55719e-05
-3.88031e-05
-5.23782e-05
-3.6927e-05
-5.8684e-05
-3.49318e-05
-6.45507e-05
-3.2808e-05
-7.00228e-05
-3.05573e-05
-7.5137e-05
-2.81845e-05
-7.99052e-05
-2.56952e-05
-8.43389e-05
-2.30941e-05
-8.8436e-05
-2.03818e-05
-9.21789e-05
-1.75511e-05
-9.55228e-05
-1.45863e-05
-9.83867e-05
-1.14733e-05
-0.000100686
-8.20252e-06
-0.000102366
-4.7722e-06
-0.000103479
-1.18479e-06
-0.000104199
2.54825e-06
-0.000104815
6.4108e-06
-0.0001057
1.04072e-05
-0.000107316
1.45911e-05
-0.000110196
1.90779e-05
-0.000114814
2.41036e-05
-0.000121103
3.01336e-05
-0.000127578
3.79858e-05
-0.000130102
4.8732e-05
-0.000121164
6.22097e-05
-9.1593e-05
7.49193e-05
-3.7033e-05
8.32443e-05
3.65162e-05
8.62717e-05
0.000111964
8.42754e-05
0.000161809
7.88805e-05
0.000170843
7.18977e-05
0.00015516
6.44599e-05
0.000131172
5.72347e-05
0.000106395
5.08141e-05
8.37749e-05
4.55727e-05
6.49131e-05
4.16078e-05
4.96188e-05
3.8799e-05
3.67473e-05
3.69101e-05
2.46903e-05
3.56911e-05
1.20745e-05
3.5061e-05
-1.63644e-06
3.51701e-05
-1.38784e-05
3.48334e-05
-2.16799e-05
3.19619e-05
-3.41403e-05
2.81391e-05
-6.23994e-05
2.42681e-05
-9.16678e-05
2.25267e-05
-0.000109949
2.93307e-05
-0.000106948
4.30105e-05
-6.87525e-05
5.23989e-05
8.79262e-06
4.77969e-05
5.25897e-05
3.50881e-05
6.42902e-05
2.10701e-05
6.45884e-05
7.32116e-06
5.8002e-05
-5.43988e-06
4.99644e-05
-1.50545e-05
3.99593e-05
-2.37734e-05
2.85989e-05
-3.23561e-05
2.53226e-05
-3.95261e-05
3.03818e-05
-4.55369e-05
3.88877e-05
-5.07444e-05
4.88185e-05
-5.53957e-05
5.88587e-05
-5.96001e-05
6.81163e-05
-6.35116e-05
7.55342e-05
-6.73752e-05
8.03106e-05
-7.14213e-05
8.21151e-05
-7.58334e-05
8.10645e-05
-8.06666e-05
7.77737e-05
-8.58519e-05
7.2961e-05
-9.12793e-05
6.72278e-05
-9.68699e-05
6.09929e-05
-0.000102556
5.46597e-05
-0.000108297
4.84177e-05
-0.000114065
4.24207e-05
-0.00011982
3.67485e-05
-0.000125549
3.14155e-05
2.64603e-05
-0.000131184
2.07463e-06
-2.86077e-06
1.40852e-06
4.36837e-05
-2.66574e-06
8.97575e-05
-8.32964e-06
0.000131629
-1.45288e-05
0.000160543
-2.12029e-05
0.000172822
-2.74344e-05
0.000169401
-3.25214e-05
0.000156267
-3.65054e-05
0.000138467
-3.9327e-05
0.000117791
-4.09422e-05
9.55509e-05
-4.1416e-05
7.28704e-05
-4.10106e-05
5.13607e-05
-4.00472e-05
3.19626e-05
-3.87796e-05
1.50376e-05
-3.73724e-05
5.09043e-07
-3.59359e-05
-1.18386e-05
-3.45297e-05
-2.23273e-05
-3.31687e-05
-3.14143e-05
-3.18345e-05
-3.95125e-05
-3.0492e-05
-4.69127e-05
-2.91062e-05
-5.37622e-05
-2.76516e-05
-6.01368e-05
-2.61112e-05
-6.60892e-05
-2.44753e-05
-7.16568e-05
-2.27433e-05
-7.68669e-05
-2.09155e-05
-8.1731e-05
-1.89937e-05
-8.62584e-05
-1.69803e-05
-9.04471e-05
-1.48735e-05
-9.42834e-05
-1.26647e-05
-9.77292e-05
-1.03369e-05
-0.000100712
-7.87261e-06
-0.000103148
-5.25867e-06
-0.000104977
-2.49102e-06
-0.000106244
4.2573e-07
-0.000107113
3.47437e-06
-0.000107861
6.6286e-06
-0.000108852
9.86671e-06
-0.000110553
1.31899e-05
-0.000113519
1.6656e-05
-0.000118282
2.04453e-05
-0.000124897
2.49582e-05
-0.000132098
3.09549e-05
-0.000136108
3.96071e-05
-0.000129826
5.17286e-05
-0.000103724
6.47871e-05
-5.00987e-05
7.44106e-05
2.68886e-05
7.87457e-05
0.000107628
7.8507e-05
0.000162049
7.51954e-05
0.000174158
7.02594e-05
0.0001601
6.4601e-05
0.000136834
5.8801e-05
0.000112198
5.34311e-05
8.91458e-05
4.89111e-05
6.94336e-05
4.54181e-05
5.31119e-05
4.29095e-05
3.92565e-05
4.11862e-05
2.64149e-05
4.00046e-05
1.32586e-05
3.92799e-05
-9.07985e-07
3.92538e-05
-1.38475e-05
3.91549e-05
-2.1575e-05
3.63292e-05
-3.13087e-05
3.19412e-05
-5.80073e-05
2.82727e-05
-8.7998e-05
2.43168e-05
-0.000105995
2.68706e-05
-0.000109508
3.77218e-05
-7.96064e-05
4.36594e-05
2.84714e-06
3.49452e-05
6.13061e-05
2.17181e-05
7.75199e-05
9.95648e-06
7.63478e-05
-7.76766e-08
6.80287e-05
-8.22482e-06
5.81017e-05
-1.50303e-05
4.67573e-05
-2.28519e-05
3.6418e-05
-3.11288e-05
3.35998e-05
-3.85107e-05
3.77643e-05
-4.49721e-05
4.53487e-05
-5.06631e-05
5.45077e-05
-5.57587e-05
6.39516e-05
-6.03788e-05
7.27331e-05
-6.47087e-05
7.98602e-05
-6.90098e-05
8.4607e-05
-7.35293e-05
8.66293e-05
-7.84596e-05
8.59887e-05
-8.38567e-05
8.31641e-05
-8.96595e-05
7.87564e-05
-9.57695e-05
7.33299e-05
-0.000102115
6.73302e-05
-0.000108632
6.11684e-05
-0.000115281
5.50577e-05
-0.000122029
4.91595e-05
-0.000128839
4.35506e-05
-0.000135688
3.82572e-05
3.32825e-05
-0.000142518
2.5079e-06
-5.35992e-06
3.04227e-06
4.31522e-05
3.49294e-08
9.27658e-05
-4.38055e-06
0.000136044
-9.45012e-06
0.000165611
-1.547e-05
0.00017884
-2.12517e-05
0.00017518
-2.58698e-05
0.000160882
-2.93459e-05
0.000141941
-3.16315e-05
0.000120075
-3.27435e-05
9.66613e-05
-3.28071e-05
7.29328e-05
-3.21336e-05
5.06865e-05
-3.10578e-05
3.08864e-05
-2.9806e-05
1.37858e-05
-2.85049e-05
-7.91652e-07
-2.72322e-05
-1.31106e-05
-2.60235e-05
-2.35351e-05
-2.48834e-05
-3.25532e-05
-2.37916e-05
-4.0603e-05
-2.27138e-05
-4.79891e-05
-2.16172e-05
-5.48573e-05
-2.04761e-05
-6.12763e-05
-1.9274e-05
-6.72897e-05
-1.80023e-05
-7.29269e-05
-1.66575e-05
-7.82101e-05
-1.52372e-05
-8.31495e-05
-1.37416e-05
-8.77522e-05
-1.21708e-05
-9.2016e-05
-1.05221e-05
-9.59302e-05
-8.78605e-06
-9.94633e-05
-6.94523e-06
-0.000102551
-4.97991e-06
-0.000105111
-2.87406e-06
-0.000107081
-6.21729e-07
-0.000108495
1.77097e-06
-0.000109504
4.28294e-06
-0.000110371
6.88005e-06
-0.000111448
9.52019e-06
-0.000113192
1.21629e-05
-0.000116163
1.48064e-05
-0.000120927
1.75661e-05
-0.000127661
2.07911e-05
-0.00013533
2.51878e-05
-0.000140514
3.18664e-05
-0.000136515
4.225e-05
-0.000114118
5.51942e-05
-6.3051e-05
6.62152e-05
1.5863e-05
7.21553e-05
0.000101687
7.37249e-05
0.000160482
7.23771e-05
0.000175509
6.93307e-05
0.000163151
6.53321e-05
0.000140836
6.09003e-05
0.000116632
5.65647e-05
9.34827e-05
5.27792e-05
7.32195e-05
4.97829e-05
5.61084e-05
4.75957e-05
4.14442e-05
4.6059e-05
2.79531e-05
4.49536e-05
1.43666e-05
4.41956e-05
-1.46113e-07
4.40284e-05
-1.36754e-05
4.40518e-05
-2.15923e-05
4.15726e-05
-2.8823e-05
3.64172e-05
-5.28467e-05
3.26082e-05
-8.41862e-05
2.81696e-05
-0.000101555
2.62855e-05
-0.000107625
3.13346e-05
-8.4653e-05
3.19715e-05
2.21699e-06
2.1522e-05
7.17603e-05
1.11459e-05
8.79006e-05
3.50012e-06
8.39913e-05
-2.60369e-06
7.41246e-05
-7.8936e-06
6.33817e-05
-1.36173e-05
5.24729e-05
-2.09974e-05
4.37939e-05
-2.90004e-05
4.16004e-05
-3.649e-05
4.52511e-05
-4.32902e-05
5.21456e-05
-4.94302e-05
6.06437e-05
-5.50224e-05
6.95398e-05
-6.01807e-05
7.78873e-05
-6.50944e-05
8.47697e-05
-7.00157e-05
8.95235e-05
-7.51834e-05
9.17917e-05
-8.07738e-05
9.15736e-05
-8.68359e-05
8.92204e-05
-9.33212e-05
8.52355e-05
-0.000100154
8.01555e-05
-0.000107277
7.44464e-05
-0.000114638
6.85218e-05
-0.0001222
6.2613e-05
-0.000129934
5.68859e-05
-0.000137805
5.1414e-05
-0.000145779
4.62242e-05
4.13004e-05
-0.000153804
2.52758e-06
-7.88108e-06
4.18915e-06
4.14928e-05
2.05821e-06
9.48973e-05
-1.41842e-06
0.00013952
-5.59872e-06
0.00016979
-1.11158e-05
0.000184355
-1.65765e-05
0.000180639
-2.08002e-05
0.000165104
-2.37851e-05
0.000144924
-2.55465e-05
0.000121834
-2.61868e-05
9.73003e-05
-2.58975e-05
7.26424e-05
-2.50266e-05
4.98149e-05
-2.39019e-05
2.97614e-05
-2.27101e-05
1.2594e-05
-2.15355e-05
-1.96597e-06
-2.04226e-05
-1.42229e-05
-1.93866e-05
-2.45702e-05
-1.84254e-05
-3.35134e-05
-1.75192e-05
-4.15082e-05
-1.66373e-05
-4.88698e-05
-1.57504e-05
-5.5743e-05
-1.48359e-05
-6.21895e-05
-1.38797e-05
-6.82446e-05
-1.28736e-05
-7.39317e-05
-1.18122e-05
-7.927e-05
-1.06923e-05
-8.42679e-05
-9.51278e-06
-8.89302e-05
-8.27263e-06
-9.32546e-05
-6.9684e-06
-9.72327e-05
-5.59065e-06
-0.000100839
-4.12172e-06
-0.000104018
-2.5404e-06
-0.000106691
-8.28443e-07
-0.000108791
1.02143e-06
-0.000110343
3.00224e-06
-0.000111483
5.09058e-06
-0.000112458
7.24544e-06
-0.000113602
9.40721e-06
-0.000115353
1.15016e-05
-0.000118257
1.34704e-05
-0.000122898
1.53597e-05
-0.000129555
1.74523e-05
-0.00013743
2.04221e-05
-0.000143494
2.53112e-05
-0.000141416
3.37099e-05
-0.000122528
4.59393e-05
-7.52892e-05
5.82267e-05
3.57052e-06
6.60971e-05
9.38162e-05
6.96898e-05
0.000156892
7.03458e-05
0.000174857
6.91565e-05
0.000164344
6.6782e-05
0.000143214
6.37128e-05
0.000119704
6.04338e-05
9.67631e-05
5.74225e-05
7.62313e-05
5.49667e-05
5.85645e-05
5.31405e-05
4.32709e-05
5.18291e-05
2.9266e-05
5.08566e-05
1.53418e-05
5.01443e-05
5.70187e-07
4.98755e-05
-1.34014e-05
4.98645e-05
-2.15747e-05
4.77778e-05
-2.67289e-05
4.20671e-05
-4.7129e-05
3.75907e-05
-7.97048e-05
3.34905e-05
-9.74515e-05
2.8434e-05
-0.000102566
2.6308e-05
-8.25178e-05
2.0496e-05
8.05152e-06
1.10397e-05
8.12241e-05
5.11225e-06
9.3833e-05
1.30956e-06
8.77915e-05
-2.13231e-06
7.75581e-05
-6.05966e-06
6.7299e-05
-1.13579e-05
5.77626e-05
-1.84161e-05
5.08463e-05
-2.61991e-05
4.93783e-05
-3.37625e-05
5.28088e-05
-4.08442e-05
5.92215e-05
-4.73975e-05
6.71915e-05
-5.34869e-05
7.5624e-05
-5.92153e-05
8.36109e-05
-6.47647e-05
9.03143e-05
-7.03665e-05
9.51205e-05
-7.62373e-05
9.76575e-05
-8.25288e-05
9.786e-05
-8.92827e-05
9.59693e-05
-9.64665e-05
9.24141e-05
-0.000104028
8.77117e-05
-0.000111929
8.23417e-05
-0.000120131
7.6717e-05
-0.000128605
7.10812e-05
-0.000137325
6.55986e-05
-0.000146254
6.03365e-05
-0.000155349
5.53138e-05
5.05072e-05
-0.000164563
2.30905e-06
-1.01855e-05
4.9278e-06
3.88758e-05
3.51534e-06
9.63102e-05
7.66766e-07
0.000142268
-2.7078e-06
0.000173263
-7.83574e-06
0.000189481
-1.30607e-05
0.000185862
-1.69317e-05
0.000168973
-1.94215e-05
0.000147412
-2.06593e-05
0.000123071
-2.08579e-05
9.74979e-05
-2.02726e-05
7.20562e-05
-1.92676e-05
4.88093e-05
-1.81423e-05
2.86359e-05
-1.70356e-05
1.14874e-05
-1.59902e-05
-3.01114e-06
-1.50209e-05
-1.51917e-05
-1.41274e-05
-2.54631e-05
-1.3303e-05
-3.43369e-05
-1.25303e-05
-4.228e-05
-1.17842e-05
-4.9615e-05
-1.10409e-05
-5.64852e-05
-1.02825e-05
-6.29468e-05
-9.49734e-06
-6.90286e-05
-8.67743e-06
-7.47504e-05
-7.81733e-06
-8.01289e-05
-6.91338e-06
-8.51706e-05
-5.96384e-06
-8.98784e-05
-4.96719e-06
-9.42498e-05
-3.91974e-06
-9.82787e-05
-2.81226e-06
-0.000101945
-1.62722e-06
-0.000105202
-3.42417e-07
-0.000107974
1.06192e-06
-0.000110194
2.59415e-06
-0.000111873
4.24733e-06
-0.000113134
5.99619e-06
-0.000114205
7.79294e-06
-0.000115397
9.56244e-06
-0.000117122
1.12005e-05
-0.000119896
1.25968e-05
-0.000124297
1.37231e-05
-0.000130686
1.47831e-05
-0.000138497
1.64117e-05
-0.000145132
1.96571e-05
-0.000144673
2.59942e-05
-0.000128876
3.68691e-05
-8.61735e-05
4.99704e-05
-9.53574e-06
6.00745e-05
8.37117e-05
6.607e-05
0.000150899
6.89325e-05
0.000171999
6.96939e-05
0.000163588
6.89954e-05
0.000143917
6.73451e-05
0.000121357
6.52035e-05
9.89061e-05
6.30488e-05
7.83865e-05
6.12095e-05
6.0404e-05
5.9811e-05
4.46701e-05
5.87876e-05
3.02909e-05
5.80278e-05
1.61045e-05
5.74681e-05
1.13423e-06
5.71617e-05
-1.30893e-05
5.69962e-05
-2.14021e-05
5.50935e-05
-2.48176e-05
4.92205e-05
-4.12469e-05
4.37709e-05
-7.42474e-05
3.98241e-05
-9.34973e-05
3.32147e-05
-9.59475e-05
2.43037e-05
-7.35925e-05
1.22833e-05
2.01023e-05
5.60765e-06
8.79089e-05
3.54472e-06
9.58993e-05
2.25082e-06
8.90818e-05
2.33344e-07
7.95672e-05
-3.08925e-06
7.06117e-05
-8.15988e-06
6.28244e-05
-1.49554e-05
5.76346e-05
-2.25613e-05
5.69767e-05
-3.01767e-05
6.04163e-05
-3.74948e-05
6.65318e-05
-4.44194e-05
7.41092e-05
-5.09792e-05
8.21778e-05
-5.72669e-05
8.98932e-05
-6.34516e-05
9.6494e-05
-6.97377e-05
0.000101402
-7.63106e-05
0.000104226
-8.32929e-05
0.000104838
-9.07188e-05
0.000103391
-9.85735e-05
0.000100265
-0.000106831
9.59653e-05
-0.000115477
9.09822e-05
-0.000124488
8.57237e-05
-0.000133849
8.04367e-05
-0.000143531
7.52747e-05
-0.000153495
7.02952e-05
-0.000163689
6.55029e-05
6.08778e-05
-0.000174065
2.0462e-06
-1.22284e-05
5.35198e-06
3.55713e-05
4.50429e-06
9.7158e-05
2.35118e-06
0.000144421
-5.69545e-07
0.000176182
-5.38594e-06
0.000194296
-1.04329e-05
0.000190907
-1.39648e-05
0.000172504
-1.59353e-05
0.000149381
-1.66466e-05
0.000123781
-1.64361e-05
9.72865e-05
-1.56092e-05
7.12287e-05
-1.45224e-05
4.77221e-05
-1.34286e-05
2.7542e-05
-1.24153e-05
1.04741e-05
-1.1488e-05
-3.93824e-06
-1.06376e-05
-1.60417e-05
-9.85183e-06
-2.62483e-05
-9.122e-06
-3.50661e-05
-8.43452e-06
-4.29667e-05
-7.77134e-06
-5.02773e-05
-7.11547e-06
-5.71402e-05
-6.45372e-06
-6.36077e-05
-5.77694e-06
-6.97045e-05
-5.07825e-06
-7.54482e-05
-4.3527e-06
-8.08534e-05
-3.59686e-06
-8.59254e-05
-2.80885e-06
-9.06653e-05
-1.98705e-06
-9.50704e-05
-1.12795e-06
-9.91366e-05
-2.2279e-07
-0.000102849
7.45491e-07
-0.000106168
1.79956e-06
-0.000109027
2.96035e-06
-0.000111353
4.23761e-06
-0.000113149
5.62466e-06
-0.00011452
7.09397e-06
-0.000115673
8.59107e-06
-0.000116893
1.00264e-05
-0.000118557
1.12679e-05
-0.000121138
1.21549e-05
-0.000125186
1.25792e-05
-0.000131114
1.26508e-05
-0.000138576
1.29443e-05
-0.000145435
1.45709e-05
-0.000146311
1.89125e-05
-0.000133229
2.79492e-05
-9.52192e-05
4.11033e-05
-2.26944e-05
5.34768e-05
7.13385e-05
6.23829e-05
0.000141997
6.78567e-05
0.000166531
7.08131e-05
0.000160637
7.19486e-05
0.000142786
7.18437e-05
0.000121465
7.09884e-05
9.97628e-05
6.98382e-05
7.95371e-05
6.87465e-05
6.14959e-05
6.78853e-05
4.55319e-05
6.72508e-05
3.0927e-05
6.68176e-05
1.65407e-05
6.65433e-05
1.4131e-06
6.62834e-05
-1.28234e-05
6.58603e-05
-2.0971e-05
6.3868e-05
-2.28156e-05
5.80753e-05
-3.5443e-05
5.17507e-05
-6.7912e-05
4.77286e-05
-8.94637e-05
4.01982e-05
-8.84027e-05
2.56507e-05
-5.90269e-05
9.23703e-06
3.65457e-05
5.53978e-06
9.16152e-05
5.67591e-06
9.57645e-05
5.5934e-06
8.91596e-05
4.21253e-06
8.09398e-05
1.18598e-06
7.3629e-05
-3.71159e-06
6.7713e-05
-1.02828e-05
6.41972e-05
-1.77186e-05
6.44033e-05
-2.53308e-05
6.80187e-05
-3.28011e-05
7.39928e-05
-4.001e-05
8.13101e-05
-4.69609e-05
8.91218e-05
-5.37361e-05
9.66625e-05
-6.04866e-05
0.000103239
-6.73866e-05
0.000108297
-7.45862e-05
0.000111421
-8.21805e-05
0.000112428
-9.0204e-05
0.000111411
-9.86647e-05
0.000108722
-0.000107566
0.000104863
-0.000116915
0.000100327
-0.000126705
9.551e-05
-0.000136923
9.065e-05
-0.000147535
8.5882e-05
-0.000158497
8.12534e-05
-0.000169751
7.67519e-05
7.23682e-05
-0.000181246
1.847e-06
-1.40732e-05
5.47676e-06
3.19425e-05
5.05228e-06
9.75826e-05
3.40971e-06
0.000146063
9.70386e-07
0.00017862
-3.48758e-06
0.000198752
-8.22011e-06
0.000195638
-1.12489e-05
0.000175531
-1.25639e-05
0.000150696
-1.27018e-05
0.000123918
-1.21102e-05
9.66942e-05
-1.11121e-05
7.02301e-05
-1.00164e-05
4.6626e-05
-9.0053e-06
2.65308e-05
-8.11296e-06
9.58178e-06
-7.31508e-06
-4.73592e-06
-6.58556e-06
-1.6771e-05
-5.90504e-06
-2.69284e-05
-5.26422e-06
-3.57064e-05
-4.65509e-06
-4.35753e-05
-4.06757e-06
-5.08642e-05
-3.49185e-06
-5.77153e-05
-2.92002e-06
-6.41788e-05
-2.34603e-06
-7.02777e-05
-1.7649e-06
-7.60285e-05
-1.17293e-06
-8.14445e-05
-5.67484e-07
-8.65299e-05
5.29359e-08
-9.12847e-05
6.89551e-07
-9.57061e-05
1.34507e-06
-9.97911e-05
2.02672e-06
-0.00010353
2.74915e-06
-0.00010689
3.53284e-06
-0.000109809
4.39739e-06
-0.000112217
5.35239e-06
-0.000114103
6.39153e-06
-0.000115558
7.48787e-06
-0.000116768
8.58733e-06
-0.000117992
9.59895e-06
-0.000119568
1.03843e-05
-0.000121923
1.07605e-05
-0.000125563
1.05621e-05
-0.000130919
9.79326e-06
-0.000137813
8.88086e-06
-0.000144531
8.8608e-06
-0.000146301
1.10353e-05
-0.000135414
1.72908e-05
-0.000101483
2.83646e-05
-3.37717e-05
4.08659e-05
5.88383e-05
5.12432e-05
0.000131625
5.85461e-05
0.000159233
6.31553e-05
0.000156033
6.57787e-05
0.000140167
6.70551e-05
0.000120191
6.74532e-05
9.93661e-05
6.73614e-05
7.96293e-05
6.70978e-05
6.17596e-05
6.68419e-05
4.57883e-05
6.66531e-05
3.11173e-05
6.65862e-05
1.66106e-05
6.66029e-05
1.40106e-06
6.64172e-05
-1.26313e-05
6.57233e-05
-2.02686e-05
6.37322e-05
-2.08138e-05
5.87717e-05
-3.04694e-05
5.30321e-05
-6.21588e-05
4.9216e-05
-8.56335e-05
4.18856e-05
-8.10542e-05
2.58105e-05
-4.29292e-05
1.01622e-05
5.22171e-05
8.54538e-06
9.32404e-05
9.18867e-06
9.51205e-05
9.30347e-06
8.9039e-05
8.20583e-06
8.20295e-05
5.70371e-06
7.61228e-05
1.65161e-06
7.17566e-05
-3.75499e-06
6.95947e-05
-9.90175e-06
7.05397e-05
-1.62909e-05
7.43969e-05
-2.26624e-05
8.03541e-05
-2.89101e-05
8.7549e-05
-3.50308e-05
9.52353e-05
-4.10838e-05
0.000102709
-4.71786e-05
0.000109329
-5.34352e-05
0.000114549
-5.99537e-05
0.000117936
-6.67995e-05
0.000119271
-7.4006e-05
0.000118615
-8.15954e-05
0.000116309
-8.95869e-05
0.000112852
-9.79943e-05
0.000108732
-0.000106814
0.000104327
-0.000116033
9.98653e-05
-0.000125618
9.54635e-05
-0.000135531
9.11633e-05
-0.000145721
8.69376e-05
8.27857e-05
-0.000156143
1.75669e-06
-1.58283e-05
5.42785e-06
2.8272e-05
5.32163e-06
9.76888e-05
4.09917e-06
0.000147285
2.0333e-06
0.000180685
-2.17111e-06
0.000202956
-6.64007e-06
0.000200106
-9.17967e-06
0.00017807
-9.88723e-06
0.000151402
-9.55494e-06
0.000123585
-8.70051e-06
9.58392e-05
-7.63e-06
6.91592e-05
-6.58602e-06
4.55818e-05
-5.68127e-06
2.56259e-05
-4.9079e-06
8.80843e-06
-4.22294e-06
-5.42073e-06
-3.59121e-06
-1.74024e-05
-2.99028e-06
-2.7529e-05
-2.41212e-06
-3.62841e-05
-1.85419e-06
-4.41327e-05
-1.31318e-06
-5.14047e-05
-7.85305e-07
-5.82426e-05
-2.66993e-07
-6.46965e-05
2.45213e-07
-7.07893e-05
7.54598e-07
-7.65372e-05
1.26378e-06
-8.1953e-05
1.77468e-06
-8.70401e-05
2.2884e-06
-9.17977e-05
2.80582e-06
-9.62227e-05
3.32904e-06
-0.000100313
3.86415e-06
-0.000104064
4.42419e-06
-0.000107449
5.02818e-06
-0.000110412
5.69503e-06
-0.000112883
6.43448e-06
-0.000114841
7.24084e-06
-0.000116363
8.08781e-06
-0.000117614
8.92187e-06
-0.000118825
9.65163e-06
-0.000120297
1.01347e-05
-0.000122407
1.0172e-05
-0.000125602
9.5507e-06
-0.000130301
8.17946e-06
-0.000136446
6.34705e-06
-0.000142706
5.00085e-06
-0.000144963
5.51411e-06
-0.000135935
9.71933e-06
-0.000105694
1.91395e-05
-4.31942e-05
3.18516e-05
4.61284e-05
4.36476e-05
0.000119834
5.27493e-05
0.000150138
5.8942e-05
0.000149846
6.29436e-05
0.00013617
6.54641e-05
0.000117673
6.69569e-05
9.78745e-05
6.77954e-05
7.8791e-05
6.82808e-05
6.12742e-05
6.85983e-05
4.54712e-05
6.88601e-05
3.0857e-05
6.91667e-05
1.63069e-05
6.94685e-05
1.10402e-06
6.94169e-05
-1.2573e-05
6.86078e-05
-1.94505e-05
6.65934e-05
-1.87878e-05
6.21893e-05
-2.60508e-05
5.68869e-05
-5.68408e-05
5.31613e-05
-8.1893e-05
4.58491e-05
-7.37209e-05
2.85944e-05
-2.56446e-05
1.48693e-05
6.59578e-05
1.36359e-05
9.44803e-05
1.39276e-05
9.48264e-05
1.37225e-05
8.92376e-05
1.25412e-05
8.3203e-05
1.0236e-05
7.84204e-05
6.66887e-06
7.53159e-05
1.95606e-06
7.42987e-05
-3.41833e-06
7.59036e-05
-9.05348e-06
8.00207e-05
-1.47659e-05
8.60559e-05
-2.0463e-05
9.3237e-05
-2.61266e-05
0.000100891
-3.18044e-05
0.000108381
-3.75787e-05
0.000115098
-4.35389e-05
0.000120504
-4.97597e-05
0.000124153
-5.62947e-05
0.000125803
-6.31782e-05
0.000125496
-7.0437e-05
0.000123566
-7.8087e-05
0.0001205
-8.61353e-05
0.000116778
-9.45756e-05
0.000112765
-0.000103395
0.000108682
-0.000112565
0.000104631
-0.000122057
0.000100653
-0.000131827
9.67046e-05
9.27911e-05
-0.000141836
1.76881e-06
-1.75961e-05
5.26449e-06
2.47768e-05
5.38229e-06
9.75709e-05
4.50238e-06
0.000148164
2.73564e-06
0.000182451
-1.26028e-06
0.000206951
-5.43479e-06
0.00020428
-7.4405e-06
0.000180075
-7.57457e-06
0.000151536
-6.86524e-06
0.000122875
-5.84723e-06
9.48208e-05
-4.77774e-06
6.80894e-05
-3.82247e-06
4.46263e-05
-3.03117e-06
2.48346e-05
-2.36625e-06
8.14353e-06
-1.7755e-06
-6.01136e-06
-1.2207e-06
-1.7957e-05
-6.79216e-07
-2.80702e-05
-1.45172e-07
-3.68178e-05
3.79159e-07
-4.46566e-05
8.91302e-07
-5.19164e-05
1.38996e-06
-5.87408e-05
1.87504e-06
-6.51811e-05
2.34769e-06
-7.12615e-05
2.80966e-06
-7.69987e-05
3.26253e-06
-8.24054e-05
3.70753e-06
-8.74845e-05
4.14533e-06
-9.22349e-05
4.5765e-06
-9.66532e-05
5.00263e-06
-0.000100739
5.42881e-06
-0.000104489
5.8665e-06
-0.000107886
6.33319e-06
-0.000110878
6.84687e-06
-0.000113395
7.41732e-06
-0.000115411
8.03951e-06
-0.000116984
8.68833e-06
-0.000118262
9.31201e-06
-0.000119448
9.82132e-06
-0.000120806
1.00752e-05
-0.00012266
9.86899e-06
-0.000125397
8.95865e-06
-0.000129393
7.17312e-06
-0.000134665
4.66288e-06
-0.000140202
2.24232e-06
-0.00014255
1.33379e-06
-0.000135033
3.78518e-06
-0.00010815
1.15682e-05
-5.09782e-05
2.40549e-05
3.36449e-05
3.68694e-05
0.000107026
4.74226e-05
0.000139592
5.50391e-05
0.000142236
6.03121e-05
0.000130901
6.39606e-05
0.000114027
6.64367e-05
9.53994e-05
6.81197e-05
7.71081e-05
6.9302e-05
6.00919e-05
7.01737e-05
4.45999e-05
7.08872e-05
3.0145e-05
7.15612e-05
1.56358e-05
7.21324e-05
5.37574e-07
7.22431e-05
-1.26768e-05
7.14296e-05
-1.86275e-05
6.94479e-05
-1.67936e-05
6.55893e-05
-2.21763e-05
6.09611e-05
-5.21956e-05
5.74404e-05
-7.83563e-05
5.03629e-05
-6.66218e-05
3.20569e-05
-7.30637e-06
2.11262e-05
7.68977e-05
1.95478e-05
9.60626e-05
1.92037e-05
9.51669e-05
1.85102e-05
8.99237e-05
1.71192e-05
8.45862e-05
1.49056e-05
8.06268e-05
1.17326e-05
7.84816e-05
7.63436e-06
7.83887e-05
2.93024e-06
8.05979e-05
-2.04246e-06
8.49824e-05
-7.11606e-06
9.11188e-05
-1.22504e-05
9.8362e-05
-1.74382e-05
0.000106072
-2.27032e-05
0.00011364
-2.81056e-05
0.000120495
-3.37174e-05
0.000126112
-3.96033e-05
0.000130035
-4.58135e-05
0.00013201
-5.23785e-05
0.000132059
-5.93125e-05
0.000130498
-6.6614e-05
0.000127801
-7.4279e-05
0.000124442
-8.22989e-05
0.000120784
-9.06675e-05
0.000117049
-9.93678e-05
0.00011333
-0.000108383
0.000109666
-0.000117681
0.000106
0.000102337
-0.000127229
1.8528e-06
-1.94482e-05
5.04276e-06
2.15872e-05
5.30882e-06
9.73048e-05
4.69618e-06
0.000148777
3.15577e-06
0.000183991
-6.5552e-07
0.000210762
-4.47776e-06
0.000208102
-5.91446e-06
0.000181511
-5.54251e-06
0.000151163
-4.56128e-06
0.000121894
-3.46933e-06
9.37285e-05
-2.45335e-06
6.70732e-05
-1.60347e-06
4.37763e-05
-9.19109e-07
2.41501e-05
-3.44962e-07
7.5694e-06
1.72951e-07
-6.52918e-06
6.7175e-07
-1.84557e-05
1.17245e-06
-2.85707e-05
1.67861e-06
-3.73237e-05
2.18403e-06
-4.51617e-05
2.68151e-06
-5.24135e-05
3.1656e-06
-5.92245e-05
3.63315e-06
-6.56483e-05
4.08338e-06
-7.17113e-05
4.51671e-06
-7.74316e-05
4.93376e-06
-8.28219e-05
5.3351e-06
-8.78853e-05
5.72103e-06
-9.26203e-05
6.09182e-06
-9.70234e-05
6.44864e-06
-0.000101095
6.79567e-06
-0.000104836
7.1429e-06
-0.000108232
7.50621e-06
-0.000111241
7.90247e-06
-0.000113791
8.34133e-06
-0.000115849
8.81846e-06
-0.000117461
9.31023e-06
-0.000118753
9.76736e-06
-0.000119905
1.01045e-05
-0.000121143
1.0186e-05
-0.000122742
9.80979e-06
-0.000125021
8.71705e-06
-0.000128302
6.67723e-06
-0.000132628
3.71174e-06
-0.000137241
4.72328e-07
-0.000139316
-1.62873e-06
-0.000132937
-6.61558e-07
-0.000109121
5.61925e-06
-5.72587e-05
1.75455e-05
2.17227e-05
3.10354e-05
9.3542e-05
4.26999e-05
0.000127934
5.15256e-05
0.000133415
5.7927e-05
0.000124504
6.25796e-05
0.000109377
6.59367e-05
9.20431e-05
6.8382e-05
7.46627e-05
7.0204e-05
5.82698e-05
7.16017e-05
4.32025e-05
7.27544e-05
2.89936e-05
7.37795e-05
1.46136e-05
7.4602e-05
-2.80052e-07
7.48853e-05
-1.29531e-05
7.41445e-05
-1.78766e-05
7.22461e-05
-1.4882e-05
6.90174e-05
-1.89305e-05
6.53016e-05
-4.84612e-05
6.16901e-05
-7.47288e-05
5.42184e-05
-5.91301e-05
3.58961e-05
1.10395e-05
2.79041e-05
8.48942e-05
2.5808e-05
9.81597e-05
2.47946e-05
9.61752e-05
2.3612e-05
9.10986e-05
2.19772e-05
8.62132e-05
1.97864e-05
8.28105e-05
1.6916e-05
8.1345e-05
1.33451e-05
8.19519e-05
9.24921e-06
8.46848e-05
4.85353e-06
8.93681e-05
3.26444e-07
9.56358e-05
-4.27161e-06
0.000102951
-8.95665e-06
0.000110749
-1.37689e-05
0.000118445
-1.87552e-05
0.000125476
-2.39799e-05
0.000131332
-2.95041e-05
0.000135556
-3.53741e-05
0.000137878
-4.16094e-05
0.000138292
-4.82007e-05
0.000137088
-5.51249e-05
0.000134724
-6.23672e-05
0.000131683
-6.99229e-05
0.000128338
-7.77999e-05
0.000124925
-8.59942e-05
0.000121523
-9.45037e-05
0.000118174
-0.000103307
0.000114802
0.000111405
-0.000112377
1.96558e-06
-2.14133e-05
4.79542e-06
1.87577e-05
5.15186e-06
9.69483e-05
4.74155e-06
0.000149187
3.36115e-06
0.000185371
-2.71168e-07
0.000214394
-3.66917e-06
0.000211499
-4.52651e-06
0.000182368
-3.74359e-06
0.00015038
-2.59561e-06
0.000120745
-1.50151e-06
9.26342e-05
-5.6973e-07
6.61412e-05
1.74393e-07
4.3032e-05
7.6719e-07
2.35573e-05
1.2715e-06
7.0651e-06
1.73801e-06
-6.9956e-06
2.20027e-06
-1.89178e-05
2.67681e-06
-2.9047e-05
3.16904e-06
-3.78157e-05
3.66774e-06
-4.56602e-05
4.16202e-06
-5.29075e-05
4.64312e-06
-5.97053e-05
5.10546e-06
-6.61103e-05
5.54664e-06
-7.21522e-05
5.96595e-06
-7.78505e-05
6.36316e-06
-8.32188e-05
6.73828e-06
-8.826e-05
7.09124e-06
-9.29728e-05
7.42208e-06
-9.73538e-05
7.7316e-06
-0.000101404
8.0232e-06
-0.000105127
8.30548e-06
-0.000108514
8.59262e-06
-0.000111527
8.90026e-06
-0.000114098
9.23775e-06
-0.000116186
9.60144e-06
-0.000117824
9.96931e-06
-0.000119121
1.02951e-05
-0.00012023
1.04984e-05
-0.000121346
1.04513e-05
-0.000122695
9.96111e-06
-0.000124532
8.76831e-06
-0.000127111
6.60588e-06
-0.000130469
3.38582e-06
-0.000134025
-4.17655e-07
-0.000135517
-3.48067e-06
-0.000129878
-3.76843e-06
-0.000108835
1.1829e-06
-6.22086e-05
1.23584e-05
1.0552e-05
2.61571e-05
7.97496e-05
3.86196e-05
0.000115478
4.84366e-05
0.000123603
5.58056e-05
0.000117138
6.1337e-05
0.000103847
6.54782e-05
8.79024e-05
6.86079e-05
7.15328e-05
7.10106e-05
5.58669e-05
7.28984e-05
4.1315e-05
7.44656e-05
2.74277e-05
7.58181e-05
1.3264e-05
7.68753e-05
-1.33234e-06
7.73337e-05
-1.34042e-05
7.67028e-05
-1.72352e-05
7.49295e-05
-1.30947e-05
7.24774e-05
-1.64604e-05
6.99473e-05
-4.59121e-05
6.62406e-05
-7.10054e-05
5.79455e-05
-5.08186e-05
4.11621e-05
2.78408e-05
3.47311e-05
9.13267e-05
3.21668e-05
0.000100722
3.05723e-05
9.77638e-05
2.89703e-05
9.26925e-05
2.71069e-05
8.80688e-05
2.48997e-05
8.50107e-05
2.22534e-05
8.39847e-05
1.91156e-05
8.50825e-05
1.55579e-05
8.82343e-05
1.17049e-05
9.32122e-05
7.67907e-06
9.96528e-05
3.54884e-06
0.000107073
-6.70704e-07
0.000114961
-5.0077e-06
0.000122776
-9.53698e-06
0.00013
-1.43355e-05
0.000136126
-1.9468e-05
0.000140685
-2.49789e-05
0.000143386
-3.08604e-05
0.000144172
-3.7078e-05
0.000143304
-4.35894e-05
0.000141234
-5.03756e-05
0.000138468
-5.74404e-05
0.000135402
-6.48049e-05
0.000132289
-7.24786e-05
0.000129196
-8.04758e-05
0.000126171
-8.8783e-05
0.000123108
0.000119992
-9.73724e-05
2.06898e-06
-2.3482e-05
4.5384e-06
1.62884e-05
4.94556e-06
9.65411e-05
4.68387e-06
0.000149448
3.40728e-06
0.000186647
-3.05255e-08
0.000217831
-2.93556e-06
0.000214404
-3.23748e-06
0.00018267
-2.15407e-06
0.000149296
-9.32989e-07
0.000119524
1.13499e-07
9.15875e-05
9.49496e-07
6.53051e-05
1.59892e-06
4.23825e-05
2.12005e-06
2.30361e-05
2.5759e-06
6.60926e-06
3.0109e-06
-7.43053e-06
3.45387e-06
-1.93607e-05
3.92062e-06
-2.95136e-05
4.41078e-06
-3.83056e-05
4.91288e-06
-4.61621e-05
5.41329e-06
-5.34077e-05
5.90065e-06
-6.01924e-05
6.36754e-06
-6.65769e-05
6.81022e-06
-7.25946e-05
7.22703e-06
-7.8267e-05
7.61703e-06
-8.36084e-05
7.97972e-06
-8.86224e-05
8.31472e-06
-9.33074e-05
8.62187e-06
-9.76605e-05
8.9017e-06
-0.000101684
9.15692e-06
-0.000105382
9.39482e-06
-0.000108752
9.62787e-06
-0.00011176
9.87032e-06
-0.00011434
1.01311e-05
-0.000116446
1.04072e-05
-0.000118099
1.06783e-05
-0.000119391
1.09012e-05
-0.000120452
1.10013e-05
-0.000121445
1.086e-05
-0.000122553
1.02981e-05
-0.00012397
9.06655e-06
-0.000125881
6.88423e-06
-0.000128288
3.58234e-06
-0.000130726
-5.39734e-07
-0.000131398
-4.31662e-06
-0.000126103
-5.66588e-06
-0.000107486
-1.91033e-06
-6.59617e-05
8.4217e-06
2.25261e-07
2.22153e-05
6.59622e-05
3.51678e-05
0.000102531
4.57579e-05
0.000113018
5.39454e-05
0.000108954
6.02351e-05
9.75593e-05
6.50662e-05
8.30718e-05
6.88048e-05
6.77939e-05
7.17294e-05
5.2942e-05
7.40664e-05
3.89782e-05
7.60146e-05
2.54807e-05
7.76657e-05
1.16158e-05
7.89426e-05
-2.60435e-06
7.95684e-05
-1.40226e-05
7.90411e-05
-1.6697e-05
7.74371e-05
-1.14761e-05
7.59453e-05
-1.495e-05
7.48674e-05
-4.48149e-05
7.14176e-05
-6.75389e-05
6.20458e-05
-4.14341e-05
4.69e-05
4.30005e-05
4.13144e-05
9.69124e-05
3.84604e-05
0.000103573
3.64335e-05
9.97839e-05
3.45069e-05
9.46109e-05
3.24492e-05
9.01186e-05
3.02034e-05
8.72497e-05
2.77152e-05
8.64663e-05
2.49247e-05
8.78661e-05
2.18285e-05
9.1323e-05
1.84721e-05
9.65606e-05
1.49294e-05
0.000103188
1.12652e-05
0.00011073
7.50667e-06
0.000118713
3.62932e-06
0.000126647
-4.38816e-07
0.000134063
-4.79054e-06
0.000140473
-9.50785e-06
0.000145398
-1.46195e-05
0.000148495
-2.01089e-05
0.000149659
-2.59236e-05
0.000149117
-3.19942e-05
0.000147304
-3.83022e-05
0.000144776
-4.48596e-05
0.000141959
-5.17019e-05
0.00013913
-5.88527e-05
0.000136346
-6.63387e-05
0.000133656
-7.41494e-05
0.000130918
0.000128099
-8.22576e-05
2.1391e-06
-2.56208e-05
4.28096e-06
1.41467e-05
4.71556e-06
9.61064e-05
4.55422e-06
0.00014961
3.33805e-06
0.000187863
1.32587e-07
0.000221036
-2.22941e-06
0.000216766
-2.03471e-06
0.000182475
-7.6257e-07
0.000148024
4.57698e-07
0.000118304
1.42851e-06
9.06165e-05
2.1717e-06
6.45617e-05
2.74406e-06
4.18101e-05
3.21471e-06
2.25654e-05
3.64209e-06
6.18188e-06
4.06313e-06
-7.85151e-06
4.50166e-06
-1.97991e-05
4.97085e-06
-2.99827e-05
5.46895e-06
-3.88036e-05
5.9829e-06
-4.66758e-05
6.4971e-06
-5.39217e-05
6.99827e-06
-6.06934e-05
7.47755e-06
-6.7056e-05
7.9302e-06
-7.3047e-05
8.35372e-06
-7.86903e-05
8.7466e-06
-8.4001e-05
9.10791e-06
-8.89834e-05
9.43702e-06
-9.36362e-05
9.73362e-06
-9.79568e-05
9.99801e-06
-0.000101948
1.02324e-05
-0.000105616
1.04427e-05
-0.000108961
1.06398e-05
-0.000111956
1.08363e-05
-0.000114536
1.10409e-05
-0.00011665
1.12509e-05
-0.000118309
1.14476e-05
-0.000119587
1.15914e-05
-0.000120595
1.16133e-05
-0.000121467
1.14049e-05
-0.000122345
1.08028e-05
-0.000123368
9.57668e-06
-0.000124655
7.44997e-06
-0.000126163
4.20535e-06
-0.000127483
-1.11028e-08
-0.000127183
-4.24259e-06
-0.000121873
-6.46366e-06
-0.000105264
-3.82601e-06
-6.85962e-05
5.57042e-06
-9.16551e-06
1.912e-05
5.24189e-05
3.23174e-05
8.93396e-05
4.34654e-05
0.000101874
5.23245e-05
0.000100098
5.92617e-05
9.06235e-05
6.4692e-05
7.76417e-05
6.89658e-05
6.35197e-05
7.23549e-05
4.95526e-05
7.50966e-05
3.62367e-05
7.73855e-05
2.3193e-05
7.9304e-05
9.70023e-06
8.07859e-05
-4.08126e-06
8.15516e-05
-1.47808e-05
8.10682e-05
-1.62023e-05
7.96915e-05
-1.00841e-05
7.94214e-05
-1.4661e-05
7.98727e-05
-4.52475e-05
7.69691e-05
-6.46187e-05
6.66515e-05
-3.11054e-05
5.29497e-05
5.67126e-05
4.76756e-05
0.000102186
4.46248e-05
0.000106618
4.23025e-05
0.000102099
4.01438e-05
9.67613e-05
3.79308e-05
9.23239e-05
3.56291e-05
8.95445e-05
3.32355e-05
8.88534e-05
3.07093e-05
9.03858e-05
2.79999e-05
9.40253e-05
2.50913e-05
9.94619e-05
2.20138e-05
0.000106258
1.88189e-05
0.000113918
1.55366e-05
0.000121989
1.21396e-05
0.000130039
8.5522e-06
0.000137645
4.66957e-06
0.000144352
4.02617e-07
0.000149662
-4.28965e-06
0.000153184
-9.3678e-06
0.000154735
-1.47379e-05
0.000154486
-2.03407e-05
0.000152905
-2.61656e-05
0.0001506
-3.22136e-05
0.000148007
-3.85346e-05
0.000145451
-4.51652e-05
0.000142977
-5.21406e-05
0.000140631
-5.94542e-05
0.000138231
0.000135725
-6.70813e-05
2.16702e-06
-2.77877e-05
4.03052e-06
1.22833e-05
4.48385e-06
9.5653e-05
4.37601e-06
0.000149717
3.18934e-06
0.00018905
2.69734e-07
0.000223956
-1.52739e-06
0.000218563
-9.21626e-07
0.000181869
4.38787e-07
0.000146664
1.60753e-06
0.000117135
2.49284e-06
8.97311e-05
3.15568e-06
6.38988e-05
3.67133e-06
4.12944e-05
4.11174e-06
2.2125e-05
4.52835e-06
5.76528e-06
4.95043e-06
-8.27354e-06
5.39702e-06
-2.02456e-05
5.87902e-06
-3.04645e-05
6.39355e-06
-3.9318e-05
6.9265e-06
-4.72086e-05
7.46091e-06
-5.44559e-05
7.98213e-06
-6.12144e-05
8.48027e-06
-6.75539e-05
8.94977e-06
-7.35163e-05
9.38753e-06
-7.91278e-05
9.79151e-06
-8.44048e-05
1.01605e-05
-8.93521e-05
1.04935e-05
-9.3969e-05
1.07903e-05
-9.82533e-05
1.1051e-05
-0.000102208
1.12773e-05
-0.000105841
1.1474e-05
-0.000109158
1.16502e-05
-0.000112132
1.18172e-05
-0.000114703
1.19827e-05
-0.000116815
1.21447e-05
-0.00011847
1.22862e-05
-0.000119728
1.23706e-05
-0.000120679
1.23351e-05
-0.000121431
1.20814e-05
-0.000122091
1.14633e-05
-0.00012275
1.02733e-05
-0.000123466
8.25396e-06
-0.000124145
5.16979e-06
-0.0001244
1.0495e-06
-0.000123064
-3.37733e-06
-0.000117446
-6.25378e-06
-0.000102385
-4.67216e-06
-7.01739e-05
3.6664e-06
-1.74982e-05
1.67737e-05
3.93178e-05
3.00501e-05
7.60687e-05
4.15572e-05
9.03714e-05
5.09239e-05
9.07336e-05
5.83955e-05
8.3153e-05
6.4339e-05
7.16983e-05
6.90752e-05
5.8783e-05
7.28715e-05
4.57558e-05
7.59706e-05
3.31378e-05
7.85555e-05
2.06093e-05
8.07096e-05
7.54894e-06
8.2378e-05
-5.74473e-06
8.3225e-05
-1.562e-05
8.26729e-05
-1.56387e-05
8.15832e-05
-8.97844e-06
8.29009e-05
-1.59596e-05
8.49596e-05
-4.72886e-05
8.24711e-05
-6.21134e-05
7.10847e-05
-1.97078e-05
5.87996e-05
6.90054e-05
5.37417e-05
0.000107244
5.06045e-05
0.00010975
4.81149e-05
0.000104581
4.58135e-05
9.90545e-05
4.34923e-05
9.46374e-05
4.11291e-05
9.19009e-05
3.87699e-05
9.12064e-05
3.64191e-05
9.27302e-05
3.4017e-05
9.64208e-05
3.15034e-05
0.000101969
2.88708e-05
0.000108884
2.61486e-05
0.000116634
2.3357e-05
0.000124775
2.04604e-05
0.000132931
1.73745e-05
0.000140727
1.39887e-05
0.000147734
1.02117e-05
0.000153436
6.00535e-06
0.000157388
1.40693e-06
0.000159331
-3.51171e-06
0.000159403
-8.66129e-06
0.000158054
-1.39868e-05
0.000155925
-1.95138e-05
0.000153534
-2.53217e-05
0.000151259
-3.14346e-05
0.00014909
-3.78914e-05
0.000147088
-4.46955e-05
0.000145035
0.000142857
-5.18276e-05
2.15363e-06
-2.99413e-05
3.79218e-06
1.06448e-05
4.25958e-06
9.51855e-05
4.16249e-06
0.000149814
2.99408e-06
0.000190218
4.15617e-07
0.000226534
-8.26024e-07
0.000219804
9.15703e-08
0.000180951
1.4598e-06
0.000145295
2.54855e-06
0.000116046
3.35187e-06
8.89277e-05
3.95181e-06
6.32988e-05
4.43103e-06
4.08151e-05
4.85929e-06
2.16967e-05
5.28019e-06
5.34438e-06
5.71585e-06
-8.70916e-06
6.18103e-06
-2.07107e-05
6.68461e-06
-3.0968e-05
7.22286e-06
-3.98561e-05
7.78093e-06
-4.77666e-05
8.34107e-06
-5.50159e-05
8.88767e-06
-6.17608e-05
9.41013e-06
-6.80762e-05
9.90229e-06
-7.40082e-05
1.03605e-05
-7.95859e-05
1.07824e-05
-8.48265e-05
1.11665e-05
-8.97359e-05
1.15118e-05
-9.43141e-05
1.18178e-05
-9.85591e-05
1.20847e-05
-0.000102474
1.23136e-05
-0.00010607
1.25084e-05
-0.000109352
1.26766e-05
-0.0001123
1.28278e-05
-0.000114853
1.29691e-05
-0.000116956
1.30988e-05
-0.0001186
1.32016e-05
-0.000119831
1.32438e-05
-0.000120721
1.31686e-05
-0.000121355
1.28877e-05
-0.00012181
1.22719e-05
-0.000122134
1.11391e-05
-0.000122333
9.25969e-06
-0.000122266
6.40476e-06
-0.000121546
2.52825e-06
-0.000119188
-1.85243e-06
-0.000113065
-5.13818e-06
-9.90971e-05
-4.5035e-06
-7.08043e-05
2.68526e-06
-2.4681e-05
1.51309e-05
2.68784e-05
2.83042e-05
6.29006e-05
3.99927e-05
7.86866e-05
4.97273e-05
8.10012e-05
5.76242e-05
7.5257e-05
6.39912e-05
6.53313e-05
6.91155e-05
5.36581e-05
7.32588e-05
4.16121e-05
7.66627e-05
2.97339e-05
7.94969e-05
1.77763e-05
8.18549e-05
5.19365e-06
8.36803e-05
-7.56529e-06
8.45105e-05
-1.64424e-05
8.37515e-05
-1.4868e-05
8.30462e-05
-8.25644e-06
8.63079e-05
-1.92022e-05
8.99763e-05
-5.09401e-05
8.78057e-05
-5.99264e-05
7.52554e-05
-7.14482e-06
6.43049e-05
7.99618e-05
5.94732e-05
0.000112077
5.63466e-05
0.000112872
5.37954e-05
0.000107125
5.14308e-05
0.000101411
4.90569e-05
9.70039e-05
4.66507e-05
9.43003e-05
4.42885e-05
9.35624e-05
4.20294e-05
9.49831e-05
3.98463e-05
9.85976e-05
3.76659e-05
0.000104143
3.54483e-05
0.000111095
3.31946e-05
0.000118882
3.09047e-05
0.00012706
2.85268e-05
0.000135304
2.59634e-05
0.000143286
2.30996e-05
0.000150594
1.98425e-05
0.00015669
1.61581e-05
0.00016107
1.20836e-05
0.000163404
7.69142e-06
0.000163793
3.06852e-06
0.000162675
-1.76562e-06
0.000160758
-6.81809e-06
0.000158586
-1.21146e-05
0.000156556
-1.76794e-05
0.000154655
-2.35996e-05
0.000153009
-2.98825e-05
0.000151318
0.000149471
-3.64978e-05
2.10436e-06
-3.20456e-05
3.56588e-06
9.18336e-06
4.04024e-06
9.47111e-05
3.92307e-06
0.000149931
2.78418e-06
0.000191357
5.88741e-07
0.000228729
-1.35053e-07
0.000220528
9.94852e-07
0.000179821
2.31428e-06
0.000143976
3.31298e-06
0.000115047
4.04622e-06
8.81943e-05
4.60226e-06
6.27427e-05
5.06358e-06
4.03538e-05
5.49513e-06
2.12652e-05
5.9328e-06
4.90672e-06
6.39242e-06
-9.16875e-06
6.88503e-06
-2.12033e-05
7.41772e-06
-3.15006e-05
7.98603e-06
-4.04243e-05
8.57466e-06
-4.83551e-05
9.16541e-06
-5.56065e-05
9.74208e-06
-6.23374e-05
1.02936e-05
-6.86276e-05
1.08134e-05
-7.45279e-05
1.12975e-05
-8.00698e-05
1.17432e-05
-8.5272e-05
1.21488e-05
-9.01414e-05
1.25133e-05
-9.46784e-05
1.28362e-05
-9.88818e-05
1.31176e-05
-0.000102756
1.33585e-05
-0.000106311
1.35616e-05
-0.000109555
1.37328e-05
-0.000112471
1.38802e-05
-0.000115
1.40103e-05
-0.000117086
1.41217e-05
-0.000118711
1.42002e-05
-0.000119909
1.42155e-05
-0.000120736
1.41161e-05
-0.000121255
1.38235e-05
-0.000121517
1.32247e-05
-0.000121535
1.21631e-05
-0.000121272
1.04418e-05
-0.000120545
7.85574e-06
-0.00011896
4.3244e-06
-0.000115656
1.93692e-07
-0.000108932
-3.24312e-06
-9.56572e-05
-3.38531e-06
-7.06574e-05
2.60851e-06
-3.06689e-05
1.41412e-05
1.53517e-05
2.69928e-05
5.00538e-05
3.87094e-05
6.69734e-05
4.87008e-05
7.10118e-05
5.69281e-05
6.70305e-05
6.36277e-05
5.86315e-05
6.90649e-05
4.82202e-05
7.34923e-05
3.71843e-05
7.71439e-05
2.60824e-05
8.01791e-05
1.47423e-05
8.27063e-05
2.66923e-06
8.46392e-05
-9.49347e-06
8.53215e-05
-1.7117e-05
8.42334e-05
-1.37681e-05
8.4091e-05
-8.09663e-06
8.9511e-05
-2.46028e-05
9.45339e-05
-5.59467e-05
9.23719e-05
-5.77483e-05
7.90627e-05
6.17768e-06
6.93685e-05
8.96607e-05
6.48348e-05
0.000116611
6.18087e-05
0.000115893
5.92803e-05
0.000109646
5.69156e-05
0.000103768
5.45416e-05
9.93705e-05
5.21318e-05
9.67034e-05
4.97672e-05
9.59208e-05
4.75465e-05
9.71978e-05
4.54992e-05
0.000100639
4.35794e-05
0.000106057
4.17324e-05
0.000112937
3.99283e-05
0.000120681
3.81381e-05
0.000128846
3.62894e-05
0.000137149
3.42695e-05
0.000145302
3.19556e-05
0.000152905
2.9253e-05
0.00015939
2.61242e-05
0.000164196
2.25972e-05
0.000166929
1.87475e-05
0.000167641
1.46651e-05
0.000166757
1.03779e-05
0.000165045
5.90178e-06
0.000163061
1.16716e-06
0.00016129
-3.88617e-06
0.000159708
-9.28909e-06
0.000158412
-1.49956e-05
0.000157024
0.000155509
-2.10337e-05
2.02597e-06
-3.40715e-05
3.34241e-06
7.86696e-06
3.81486e-06
9.42387e-05
3.6689e-06
0.000150077
2.58723e-06
0.000192438
7.94022e-07
0.000230522
5.29199e-07
0.000220792
1.78233e-06
0.000178568
3.01972e-06
0.000142738
3.93179e-06
0.000114135
4.6111e-06
8.7515e-05
5.14151e-06
6.22122e-05
5.60094e-06
3.98943e-05
6.04847e-06
2.08176e-05
6.51307e-06
4.44212e-06
7.00523e-06
-9.66088e-06
7.53276e-06
-2.17308e-05
8.10111e-06
-3.20689e-05
8.70514e-06
-4.10283e-05
9.32927e-06
-4.89791e-05
9.95509e-06
-5.62322e-05
1.05661e-05
-6.29483e-05
1.11511e-05
-6.92124e-05
1.1703e-05
-7.50797e-05
1.22177e-05
-8.05843e-05
1.26923e-05
-8.57465e-05
1.3125e-05
-9.05739e-05
1.35148e-05
-9.5068e-05
1.38614e-05
-9.92281e-05
1.41647e-05
-0.000103059
1.44254e-05
-0.000106571
1.46457e-05
-0.000109775
1.48297e-05
-0.000112655
1.49842e-05
-0.000115155
1.51148e-05
-0.000117216
1.52202e-05
-0.000118816
1.52877e-05
-0.000119976
1.52899e-05
-0.000120738
1.51803e-05
-0.000121145
1.48896e-05
-0.000121226
1.43202e-05
-0.000120966
1.33395e-05
-0.000120291
1.17844e-05
-0.00011899
9.48371e-06
-0.000116659
6.35405e-06
-0.000112526
2.62404e-06
-0.000105201
-7.14867e-07
-9.23149e-05
-1.41561e-06
-6.99518e-05
3.36806e-06
-3.54468e-05
1.37413e-05
4.98438e-06
2.60715e-05
3.77282e-05
3.76836e-05
5.53644e-05
4.78039e-05
6.08933e-05
5.62662e-05
5.85689e-05
6.32171e-05
5.16804e-05
6.88942e-05
4.25426e-05
7.35429e-05
3.25351e-05
7.73839e-05
2.22415e-05
8.05702e-05
1.1557e-05
8.32201e-05
2.19771e-08
8.51822e-05
-1.1451e-05
8.55677e-05
-1.74946e-05
8.41078e-05
-1.22964e-05
8.47482e-05
-8.71925e-06
9.21874e-05
-3.20235e-05
9.80991e-05
-6.1843e-05
9.58738e-05
-5.55075e-05
8.25689e-05
1.94957e-05
7.39234e-05
9.83099e-05
6.97755e-05
0.000120759
6.69408e-05
0.000118723
6.45064e-05
0.000112074
6.21902e-05
0.000106077
5.98559e-05
0.000101698
5.74826e-05
9.90701e-05
5.51439e-05
9.82534e-05
5.29518e-05
9.9384e-05
5.09868e-05
0.000102598
4.92573e-05
0.000107781
4.77235e-05
0.000114465
4.63336e-05
0.000122066
4.50259e-05
0.000130149
4.37045e-05
0.000138466
4.2242e-05
0.000146762
4.05061e-05
0.000154638
3.83947e-05
0.000161498
3.58545e-05
0.000166734
3.28986e-05
0.000169883
2.95952e-05
0.000170943
2.60394e-05
0.000170311
2.22908e-05
0.000168792
1.83796e-05
0.000166972
1.42348e-05
0.000165435
9.82974e-06
0.000164114
5.10408e-06
0.000163138
9.01338e-09
0.00016212
0.000161024
-5.50611e-06
1.92556e-06
-3.59971e-05
3.11127e-06
6.68129e-06
3.57779e-06
9.37721e-05
3.41654e-06
0.000150239
2.42233e-06
0.000193432
1.02632e-06
0.000231918
1.14905e-06
0.00022067
2.45362e-06
0.000177263
3.59568e-06
0.000141596
4.43327e-06
0.000113297
5.07607e-06
8.68721e-05
5.59715e-06
6.16911e-05
6.0679e-06
3.94235e-05
6.54159e-06
2.03439e-05
7.04129e-06
3.94243e-06
7.57307e-06
-1.01926e-05
8.14193e-06
-2.22996e-05
8.75174e-06
-3.26787e-05
9.39668e-06
-4.16731e-05
1.0061e-05
-4.96433e-05
1.07261e-05
-5.68973e-05
1.13756e-05
-6.35977e-05
1.19979e-05
-6.98347e-05
1.25861e-05
-7.56677e-05
1.31357e-05
-8.11338e-05
1.36438e-05
-8.62545e-05
1.41087e-05
-9.10387e-05
1.45293e-05
-9.54885e-05
1.49055e-05
-9.96041e-05
1.52372e-05
-0.00010339
1.55251e-05
-0.000106859
1.57704e-05
-0.00011002
1.59761e-05
-0.00011286
1.61474e-05
-0.000115326
1.6289e-05
-0.000117357
1.64e-05
-0.000118927
1.64688e-05
-0.000120044
1.64706e-05
-0.000120739
1.63639e-05
-0.000121038
1.60877e-05
-0.00012095
1.55584e-05
-0.000120436
1.46657e-05
-0.000119398
1.32786e-05
-0.000117603
1.12636e-05
-0.000114644
8.55546e-06
-0.000109816
5.31686e-06
-0.00010196
2.28793e-06
-8.92824e-05
1.29172e-06
-6.89507e-05
4.94e-06
-3.90896e-05
1.39466e-05
-4.01657e-06
2.55216e-05
2.61575e-05
3.68897e-05
4.39993e-05
4.70129e-05
5.07718e-05
5.56041e-05
4.99782e-05
6.27251e-05
4.45592e-05
6.85724e-05
3.66947e-05
7.33805e-05
2.77265e-05
7.7352e-05
1.82701e-05
8.0634e-05
8.27612e-06
8.33376e-05
-2.67916e-06
8.52116e-05
-1.33206e-05
8.5175e-05
-1.74504e-05
8.34611e-05
-1.05709e-05
8.5034e-05
-1.02745e-05
9.36431e-05
-4.06163e-05
9.97796e-05
-6.79651e-05
9.77557e-05
-5.34695e-05
8.53301e-05
3.19332e-05
7.78457e-05
0.000105797
7.42422e-05
0.000124361
7.1711e-05
0.000121249
6.9447e-05
0.000114331
6.72281e-05
0.000108288
6.49668e-05
0.000103952
6.26618e-05
0.000101369
6.03824e-05
0.000100527
5.82388e-05
0.000101522
5.63411e-05
0.00010449
5.47517e-05
0.000109365
5.34685e-05
0.000115743
5.24396e-05
0.00012309
5.15789e-05
0.000131005
5.07671e-05
0.000139274
4.98634e-05
0.000147662
4.87267e-05
0.000155772
4.72415e-05
0.000162981
4.53284e-05
0.000168645
4.2973e-05
0.000172236
4.02244e-05
0.00017369
3.71882e-05
0.000173346
3.39566e-05
0.000172023
3.05805e-05
0.000170348
2.70223e-05
0.000168993
2.32712e-05
0.000167865
1.92301e-05
0.000167179
1.48521e-05
0.000166497
0.000165769
1.01059e-05
1.81011e-06
-3.78071e-05
2.87028e-06
5.62114e-06
3.33562e-06
9.33068e-05
3.18312e-06
0.000150391
2.29915e-06
0.000194316
1.27444e-06
0.000232943
1.70876e-06
0.000220235
3.01313e-06
0.000175959
4.06208e-06
0.000140547
4.84216e-06
0.000112517
5.46524e-06
8.6249e-05
5.99081e-06
6.11655e-05
6.48345e-06
3.89308e-05
6.99125e-06
1.98361e-05
7.53253e-06
3.40115e-06
8.10979e-06
-1.07699e-05
8.72555e-06
-2.29153e-05
9.38203e-06
-3.33351e-05
1.00727e-05
-4.23638e-05
1.07816e-05
-5.03522e-05
1.14902e-05
-5.76058e-05
1.21821e-05
-6.42895e-05
1.28458e-05
-7.04983e-05
1.34742e-05
-7.6296e-05
1.40628e-05
-8.17223e-05
1.46088e-05
-8.68003e-05
1.51104e-05
-9.15402e-05
1.55669e-05
-9.59449e-05
1.59781e-05
-0.000100015
1.63443e-05
-0.000103756
1.66659e-05
-0.00010718
1.69434e-05
-0.000110298
1.71787e-05
-0.000113095
1.73756e-05
-0.000115523
1.75383e-05
-0.00011752
1.76656e-05
-0.000119054
1.77472e-05
-0.000120126
1.77607e-05
-0.000120753
1.76693e-05
-0.000120947
1.74197e-05
-0.0001207
1.69405e-05
-0.000119957
1.61415e-05
-0.000118599
1.49207e-05
-0.000116382
1.31817e-05
-0.000112904
1.08881e-05
-0.000107522
8.17654e-06
-9.92461e-05
5.60835e-06
-8.67108e-05
4.59418e-06
-6.7932e-05
7.32812e-06
-4.18185e-05
1.48769e-05
-1.15602e-05
2.54217e-05
1.56166e-05
3.63387e-05
3.30851e-05
4.63197e-05
4.07923e-05
5.49211e-05
4.13773e-05
6.21212e-05
3.73588e-05
6.80713e-05
3.0744e-05
7.29762e-05
2.28212e-05
7.70158e-05
1.42306e-05
8.03246e-05
4.96834e-06
8.2978e-05
-5.33019e-06
8.46062e-05
-1.49446e-05
8.41208e-05
-1.69576e-05
8.24732e-05
-8.91231e-06
8.46581e-05
-1.24431e-05
9.28e-05
-4.87442e-05
9.85966e-05
-7.37492e-05
9.75492e-05
-5.24106e-05
8.71453e-05
4.23456e-05
8.11081e-05
0.000111834
7.82055e-05
0.00012726
7.60769e-05
0.000123372
7.40542e-05
0.000116346
7.19837e-05
0.000110352
6.98309e-05
0.000106098
6.76219e-05
0.000103571
6.54297e-05
0.000102713
6.33617e-05
0.000103584
6.15427e-05
0.000106304
6.00736e-05
0.000110829
5.89928e-05
0.000116819
5.82667e-05
0.000123812
5.78037e-05
0.000131465
5.74702e-05
0.000139604
5.71149e-05
0.000148015
5.65875e-05
0.000156297
5.57528e-05
0.000163814
5.44969e-05
0.000169899
5.27651e-05
0.000173966
5.05806e-05
0.000175874
4.80575e-05
0.000175868
4.53163e-05
0.000174764
4.24467e-05
0.000173217
3.94558e-05
0.000171984
3.63305e-05
0.00017099
3.29655e-05
0.000170544
2.93409e-05
0.000170122
0.00016972
2.53893e-05
1.68614e-06
-3.94932e-05
2.62544e-06
4.68187e-06
3.10099e-06
9.28312e-05
2.9798e-06
0.000150512
2.21969e-06
0.000195076
1.52463e-06
0.000233638
2.19608e-06
0.000219564
3.46862e-06
0.000174686
4.43763e-06
0.000139578
5.1792e-06
0.000111776
5.79773e-06
8.56304e-05
6.33914e-06
6.0624e-05
6.86186e-06
3.84081e-05
7.40985e-06
1.92881e-05
7.99775e-06
2.81325e-06
8.62529e-06
-1.13974e-05
9.29277e-06
-2.35828e-05
1.00007e-05
-3.4043e-05
1.07418e-05
-4.31048e-05
1.14998e-05
-5.11101e-05
1.2256e-05
-5.83619e-05
1.29943e-05
-6.50277e-05
1.37034e-05
-7.12073e-05
1.43759e-05
-7.69684e-05
1.50075e-05
-8.23538e-05
1.55955e-05
-8.73882e-05
1.61383e-05
-9.20829e-05
1.66353e-05
-9.64418e-05
1.70866e-05
-0.000100466
1.74927e-05
-0.000104162
1.78539e-05
-0.000107541
1.81702e-05
-0.000110614
1.84425e-05
-0.000113367
1.86735e-05
-0.000115753
1.88664e-05
-0.000117712
1.90202e-05
-0.000119207
1.91257e-05
-0.000120231
1.91628e-05
-0.000120789
1.90987e-05
-0.000120882
1.88872e-05
-0.000120488
1.8468e-05
-0.000119537
1.77682e-05
-0.000117899
1.67108e-05
-0.000115324
1.52324e-05
-0.000111425
1.33285e-05
-0.000105616
1.11352e-05
-9.70507e-05
9.10488e-06
-8.46775e-05
8.31399e-06
-6.71372e-05
1.04714e-05
-4.39716e-05
1.66741e-05
-1.77585e-05
2.59711e-05
6.32317e-06
3.6165e-05
2.28936e-05
4.57966e-05
3.11622e-05
5.42552e-05
3.29191e-05
6.14209e-05
3.01929e-05
6.73895e-05
2.47749e-05
7.23144e-05
1.7896e-05
7.63436e-05
1.02014e-05
7.95867e-05
1.72623e-06
8.2039e-05
-7.78032e-06
8.32409e-05
-1.61426e-05
8.24685e-05
-1.6178e-05
8.12606e-05
-7.69422e-06
8.3288e-05
-1.44557e-05
8.93701e-05
-5.48143e-05
9.44798e-05
-7.88486e-05
9.5148e-05
-5.30707e-05
8.79009e-05
4.95971e-05
8.36785e-05
0.000116054
8.16529e-05
0.00012928
8.00309e-05
0.000124987
7.83248e-05
0.000118045
7.6463e-05
0.000112206
7.44653e-05
0.000108089
7.23881e-05
0.000105642
7.03129e-05
0.000104783
6.83471e-05
0.000105545
6.66242e-05
0.000108022
6.52711e-05
0.000112177
6.43597e-05
0.000117726
6.38817e-05
0.000124286
6.37574e-05
0.000131585
6.38556e-05
0.000139503
6.40228e-05
0.000147845
6.41004e-05
0.000156217
6.39312e-05
0.000163981
6.33595e-05
0.000170469
6.22795e-05
0.000175045
6.06801e-05
0.000177472
5.86738e-05
0.000177873
5.64096e-05
0.000177027
5.40257e-05
0.0001756
5.15702e-05
0.000174439
4.90372e-05
0.000173523
4.63413e-05
0.00017324
4.34655e-05
0.000172997
4.02939e-05
0.000172891
-1.20886e-07
1.07863e-08
-1.3668e-07
1.56972e-08
-1.54059e-07
1.73011e-08
-1.74004e-07
1.98755e-08
-1.96203e-07
2.2137e-08
-2.24816e-07
2.85612e-08
-2.60574e-07
3.57162e-08
-3.04331e-07
4.37477e-08
-3.64237e-07
5.98985e-08
-4.46787e-07
8.25999e-08
-5.3075e-07
8.3973e-08
-5.82554e-07
5.18479e-08
-5.80835e-07
-1.71327e-09
-5.18311e-07
-6.24915e-08
-3.86522e-07
-1.31772e-07
-1.63378e-07
-2.2311e-07
1.40514e-09
-1.64768e-07
8.62692e-08
-8.48571e-08
2.27573e-07
-1.41306e-07
3.00118e-07
-7.25445e-08
3.21331e-07
-2.11954e-08
3.0435e-07
1.70396e-08
2.58007e-07
4.63955e-08
2.38637e-07
1.94255e-08
2.40532e-07
-1.89112e-09
3.15225e-07
-7.4786e-08
4.4996e-07
-1.34752e-07
6.63557e-07
-2.13686e-07
9.5874e-07
-2.95133e-07
1.43314e-06
-4.74392e-07
1.56514e-06
-1.31987e-07
1.68025e-06
-1.15044e-07
-5.88609e-07
-4.2948e-07
4.34603e-08
-4.75173e-07
6.12505e-08
-5.24991e-07
6.70061e-08
-5.81782e-07
7.65663e-08
-6.45004e-07
8.52695e-08
-7.2459e-07
1.08073e-07
-8.21694e-07
1.32763e-07
-9.37154e-07
1.59203e-07
-1.08806e-06
2.10794e-07
-1.27927e-06
2.73893e-07
-1.45837e-06
2.63085e-07
-1.55541e-06
1.48964e-07
-1.52747e-06
-2.96448e-08
-1.35776e-06
-2.32147e-07
-1.02314e-06
-4.6635e-07
-5.71034e-07
-6.75158e-07
-1.30422e-07
-6.05341e-07
2.84345e-07
-4.99614e-07
6.64396e-07
-5.21362e-07
8.46952e-07
-2.55096e-07
8.92805e-07
-6.70107e-08
8.35695e-07
7.42536e-08
7.16083e-07
1.66088e-07
6.59263e-07
7.63136e-08
6.73723e-07
-1.63525e-08
8.58486e-07
-2.59672e-07
1.19897e-06
-4.75251e-07
1.62238e-06
-6.37184e-07
2.1073e-06
-7.80005e-07
2.98745e-06
-1.35453e-06
3.14396e-06
-2.88489e-07
3.24421e-06
-2.15247e-07
-1.77218e-06
-8.48595e-07
1.01564e-07
-9.28254e-07
1.4076e-07
-1.01517e-06
1.53797e-07
-1.11455e-06
1.75849e-07
-1.22616e-06
1.96778e-07
-1.36586e-06
2.47693e-07
-1.53639e-06
3.03235e-07
-1.74099e-06
3.63803e-07
-2.00623e-06
4.7603e-07
-2.32979e-06
5.97539e-07
-2.62028e-06
5.53594e-07
-2.76797e-06
2.9674e-07
-2.70166e-06
-9.59452e-08
-2.38757e-06
-5.46143e-07
-1.78694e-06
-1.06693e-06
-1.02944e-06
-1.43257e-06
-2.4368e-07
-1.39104e-06
5.63303e-07
-1.30658e-06
1.21434e-06
-1.17241e-06
1.51572e-06
-5.56464e-07
1.57843e-06
-1.29671e-07
1.45281e-06
2.00009e-07
1.23151e-06
3.87477e-07
1.11169e-06
1.96193e-07
1.12381e-06
-2.84776e-08
1.39904e-06
-5.35015e-07
1.92035e-06
-9.96567e-07
2.45243e-06
-1.16934e-06
2.97169e-06
-1.29923e-06
4.19216e-06
-2.57499e-06
4.36687e-06
-4.63196e-07
4.37695e-06
-2.25288e-07
-3.42878e-06
-1.33789e-06
1.86203e-07
-1.45206e-06
2.54764e-07
-1.577e-06
2.78614e-07
-1.72065e-06
3.19381e-07
-1.88318e-06
3.59214e-07
-2.08558e-06
4.5001e-07
-2.33255e-06
5.50138e-07
-2.63089e-06
6.62151e-07
-3.01494e-06
8.60072e-07
-3.47404e-06
1.05673e-06
-3.87701e-06
9.56587e-07
-4.08075e-06
5.00571e-07
-3.98376e-06
-1.92916e-07
-3.51959e-06
-1.01019e-06
-2.61933e-06
-1.9671e-06
-1.50519e-06
-2.54659e-06
-3.25261e-07
-2.5709e-06
9.04696e-07
-2.53652e-06
1.82127e-06
-2.08899e-06
2.22752e-06
-9.62702e-07
2.29283e-06
-1.94924e-07
2.07495e-06
4.18027e-07
1.73213e-06
7.30378e-07
1.53638e-06
3.92004e-07
1.54082e-06
-3.29276e-08
1.89507e-06
-8.89369e-07
2.57302e-06
-1.67452e-06
3.16792e-06
-1.7643e-06
3.66594e-06
-1.79723e-06
5.20999e-06
-4.11903e-06
5.4447e-06
-6.97911e-07
5.34967e-06
-1.30223e-07
-5.46789e-06
-1.89635e-06
3.00127e-07
-2.04717e-06
4.05405e-07
-2.21286e-06
4.44168e-07
-2.40444e-06
5.10837e-07
-2.62241e-06
5.77071e-07
-2.89169e-06
7.19199e-07
-3.21822e-06
8.76598e-07
-3.61151e-06
1.05545e-06
-4.10908e-06
1.35763e-06
-4.68816e-06
1.63592e-06
-5.17472e-06
1.44316e-06
-5.39901e-06
7.24968e-07
-5.24427e-06
-3.47633e-07
-4.62483e-06
-1.62951e-06
-3.42555e-06
-3.16628e-06
-1.94123e-06
-4.03077e-06
-3.61237e-07
-4.1508e-06
1.28493e-06
-4.18268e-06
2.44966e-06
-3.25372e-06
2.94449e-06
-1.45752e-06
2.99712e-06
-2.47495e-07
2.67463e-06
7.40659e-07
2.20616e-06
1.19893e-06
1.9373e-06
6.60913e-07
1.94186e-06
-3.74876e-08
2.37587e-06
-1.32348e-06
3.20187e-06
-2.50053e-06
3.84576e-06
-2.40825e-06
4.31551e-06
-2.26695e-06
6.20141e-06
-6.00492e-06
6.52234e-06
-1.01885e-06
6.30356e-06
8.85894e-08
-7.85131e-06
-2.53927e-06
4.47855e-07
-2.73092e-06
5.96847e-07
-2.94228e-06
6.55363e-07
-3.18787e-06
7.5629e-07
-3.46817e-06
8.57243e-07
-3.81085e-06
1.06178e-06
-4.2219e-06
1.28757e-06
-4.71187e-06
1.54542e-06
-5.31564e-06
1.96139e-06
-5.99228e-06
2.31267e-06
-6.51824e-06
1.96913e-06
-6.69658e-06
9.03412e-07
-6.41136e-06
-6.32826e-07
-5.59434e-06
-2.44642e-06
-4.10628e-06
-4.65424e-06
-2.27607e-06
-5.86085e-06
-3.36347e-07
-6.09044e-06
1.69419e-06
-6.21319e-06
3.10526e-06
-4.66479e-06
3.68128e-06
-2.03353e-06
3.70842e-06
-2.7458e-07
3.27492e-06
1.1743e-06
2.67972e-06
1.79422e-06
2.33929e-06
1.0014e-06
2.34943e-06
-4.76299e-08
2.86523e-06
-1.83938e-06
3.83743e-06
-3.47273e-06
4.5296e-06
-3.10047e-06
4.98062e-06
-2.71796e-06
7.23995e-06
-8.26424e-06
7.66573e-06
-1.44462e-06
7.30266e-06
4.51682e-07
-1.05662e-05
-3.2825e-06
6.35238e-07
-3.52066e-06
8.34772e-07
-3.78425e-06
9.18754e-07
-4.09164e-06
1.06351e-06
-4.4427e-06
1.20815e-06
-4.86679e-06
1.48575e-06
-5.36819e-06
1.78888e-06
-5.95607e-06
2.1333e-06
-6.65663e-06
2.66194e-06
-7.40486e-06
3.06102e-06
-7.92599e-06
2.49028e-06
-8.00008e-06
9.77606e-07
-7.52583e-06
-1.10706e-06
-6.46963e-06
-3.5025e-06
-4.69379e-06
-6.43001e-06
-2.53405e-06
-8.02046e-06
-2.63077e-07
-8.36134e-06
2.13075e-06
-8.607e-06
3.8054e-06
-6.33945e-06
4.46429e-06
-2.69242e-06
4.45752e-06
-2.67746e-07
3.90782e-06
1.72413e-06
3.17995e-06
2.52218e-06
2.76155e-06
1.41985e-06
2.77709e-06
-6.31657e-08
3.37648e-06
-2.43888e-06
4.49813e-06
-4.59438e-06
5.24607e-06
-3.84847e-06
5.69365e-06
-3.16552e-06
8.36246e-06
-1.0933e-05
8.91062e-06
-1.99277e-06
8.386e-06
9.76333e-07
-1.36134e-05
-4.14132e-06
8.69321e-07
-4.43305e-06
1.12621e-06
-4.75686e-06
1.24233e-06
-5.13518e-06
1.44162e-06
-5.56645e-06
1.63925e-06
-6.08119e-06
2.00034e-06
-6.67935e-06
2.38694e-06
-7.36578e-06
2.81973e-06
-8.15371e-06
3.44987e-06
-8.9514e-06
3.85884e-06
-9.44073e-06
2.97964e-06
-9.38637e-06
9.23347e-07
-8.7035e-06
-1.78991e-06
-7.3901e-06
-4.8158e-06
-5.31149e-06
-8.50854e-06
-2.8035e-06
-1.05283e-05
-1.83781e-07
-1.0981e-05
2.59359e-06
-1.13844e-05
4.56714e-06
-8.31301e-06
5.32071e-06
-3.44597e-06
5.27649e-06
-2.23468e-07
4.60356e-06
2.39721e-06
3.72919e-06
3.39664e-06
3.21733e-06
1.93177e-06
3.2328e-06
-7.86367e-08
3.91781e-06
-3.124e-06
5.19682e-06
-5.8734e-06
6.01453e-06
-4.66624e-06
6.47557e-06
-3.62653e-06
9.59051e-06
-1.4048e-05
1.02812e-05
-2.68344e-06
9.58449e-06
1.67305e-06
-1.70017e-05
-5.13149e-06
1.15834e-06
-5.48517e-06
1.47952e-06
-5.87859e-06
1.63546e-06
-6.33825e-06
1.90103e-06
-6.8602e-06
2.16098e-06
-7.476e-06
2.61598e-06
-8.17865e-06
3.08946e-06
-8.966e-06
3.60707e-06
-9.83721e-06
4.32107e-06
-1.0676e-05
4.69772e-06
-1.11311e-05
3.43485e-06
-1.09512e-05
7.43516e-07
-1.00555e-05
-2.68559e-06
-8.46787e-06
-6.40332e-06
-6.05335e-06
-1.0923e-05
-3.15529e-06
-1.34263e-05
-1.39236e-07
-1.3997e-05
3.07939e-06
-1.4603e-05
5.40704e-06
-1.06407e-05
6.27936e-06
-4.31828e-06
6.19904e-06
-1.4308e-07
5.3918e-06
3.20461e-06
4.34743e-06
4.44112e-06
3.71682e-06
2.56245e-06
3.7218e-06
-8.36168e-08
4.49494e-06
-3.89726e-06
5.94344e-06
-7.32192e-06
6.85061e-06
-5.57348e-06
7.3422e-06
-4.11809e-06
1.09387e-05
-1.76445e-05
1.1797e-05
-3.54172e-06
1.09271e-05
2.543e-06
-2.07457e-05
-6.27026e-06
1.51179e-06
-6.69567e-06
1.90448e-06
-7.16954e-06
2.10898e-06
-7.72237e-06
2.45356e-06
-8.34695e-06
2.78529e-06
-9.07583e-06
3.34465e-06
-9.89357e-06
3.90705e-06
-1.07903e-05
4.50377e-06
-1.1752e-05
5.28282e-06
-1.26423e-05
5.58818e-06
-1.30817e-05
3.87424e-06
-1.2791e-05
4.52954e-07
-1.16771e-05
-3.79945e-06
-9.78905e-06
-8.29128e-06
-6.99035e-06
-1.37216e-05
-3.64453e-06
-1.67719e-05
-1.6554e-07
-1.74759e-05
3.58088e-06
-1.83494e-05
6.34163e-06
-1.34014e-05
7.37187e-06
-5.34851e-06
7.262e-06
-3.31401e-08
6.30429e-06
4.16249e-06
5.05512e-06
5.6904e-06
4.26929e-06
3.34836e-06
4.24799e-06
-6.23129e-08
5.11207e-06
-4.76147e-06
6.74587e-06
-8.95573e-06
7.76768e-06
-6.59536e-06
8.3069e-06
-4.65729e-06
1.24185e-05
-2.17561e-05
1.34763e-05
-4.59952e-06
1.24434e-05
3.57598e-06
-2.48645e-05
-7.5773e-06
1.94056e-06
-8.08578e-06
2.4124e-06
-8.65264e-06
2.6754e-06
-9.31237e-06
3.11291e-06
-1.00541e-05
3.52668e-06
-1.09108e-05
4.20107e-06
-1.1859e-05
4.85513e-06
-1.28839e-05
5.52861e-06
-1.39592e-05
6.35813e-06
-1.49304e-05
6.55955e-06
-1.53861e-05
4.33e-06
-1.5002e-05
6.90038e-08
-1.36581e-05
-5.1433e-06
-1.1433e-05
-1.05163e-05
-8.18926e-06
-1.69652e-05
-4.32519e-06
-2.06359e-05
-3.01778e-07
-2.14992e-05
4.08552e-06
-2.27366e-05
7.38701e-06
-1.67029e-05
8.63302e-06
-6.59451e-06
8.5069e-06
9.30633e-08
7.37752e-06
5.29206e-06
5.87546e-06
7.1926e-06
4.88447e-06
4.33944e-06
4.81451e-06
7.64156e-09
5.77213e-06
-5.71924e-06
7.61013e-06
-1.07937e-05
8.77736e-06
-7.76268e-06
9.3817e-06
-5.2616e-06
1.40397e-05
-2.64141e-05
1.53373e-05
-5.89709e-06
1.41649e-05
4.74844e-06
-2.9381e-05
-9.07576e-06
2.45702e-06
-9.68047e-06
3.01642e-06
-1.0355e-05
3.34939e-06
-1.11382e-05
3.89567e-06
-1.20154e-05
4.40342e-06
-1.30196e-05
5.205e-06
-1.41214e-05
5.95674e-06
-1.53052e-05
6.71243e-06
-1.65344e-05
7.58723e-06
-1.76333e-05
7.65869e-06
-1.81459e-05
4.84266e-06
-1.76835e-05
-3.93192e-07
-1.60906e-05
-6.73615e-06
-1.3483e-05
-1.31237e-05
-9.72217e-06
-2.07259e-05
-5.25739e-06
-2.51004e-05
-5.94714e-07
-2.61617e-05
4.57348e-06
-2.79048e-05
8.55766e-06
-2.06871e-05
1.0101e-05
-8.13782e-06
9.98159e-06
2.12531e-07
8.65533e-06
6.61854e-06
6.83676e-06
9.01132e-06
5.57372e-06
5.60259e-06
5.42405e-06
1.57307e-07
6.47666e-06
-6.77202e-06
8.54036e-06
-1.28575e-05
9.88977e-06
-9.11218e-06
1.05778e-05
-5.94958e-06
1.58113e-05
-3.16476e-05
1.73987e-05
-7.48449e-06
1.61256e-05
6.02151e-06
-3.43223e-05
-1.07936e-05
3.07528e-06
-1.151e-05
3.732e-06
-1.23099e-05
4.14859e-06
-1.32372e-05
4.82239e-06
-1.42731e-05
5.43892e-06
-1.54524e-05
6.38384e-06
-1.6742e-05
7.24612e-06
-1.81287e-05
8.09915e-06
-1.95676e-05
9.02608e-06
-2.08562e-05
8.94754e-06
-2.14716e-05
5.4581e-06
-2.09428e-05
-9.21793e-07
-1.90766e-05
-8.60231e-06
-1.6035e-05
-1.61651e-05
-1.16738e-05
-2.5087e-05
-6.51133e-06
-3.02627e-05
-1.10096e-06
-3.1572e-05
5.01513e-06
-3.40209e-05
9.86473e-06
-2.55367e-05
1.1817e-05
-1.00901e-05
1.17415e-05
2.88097e-07
1.01915e-05
8.16879e-06
7.97522e-06
1.12278e-05
6.35135e-06
7.2266e-06
6.07898e-06
4.29671e-07
7.22571e-06
-7.91895e-06
9.5386e-06
-1.51704e-05
1.11134e-05
-1.06871e-05
1.19055e-05
-6.74164e-06
1.77412e-05
-3.74832e-05
1.96798e-05
-9.42307e-06
1.83629e-05
7.33838e-06
-3.972e-05
-1.27654e-05
3.81161e-06
-1.36122e-05
4.57779e-06
-1.45592e-05
5.09478e-06
-1.56565e-05
5.91896e-06
-1.68816e-05
6.66345e-06
-1.82729e-05
7.77464e-06
-1.97976e-05
8.77048e-06
-2.14463e-05
9.74782e-06
-2.31653e-05
1.0745e-05
-2.47167e-05
1.04993e-05
-2.54851e-05
6.22654e-06
-2.48997e-05
-1.5069e-06
-2.27341e-05
-1.07679e-05
-1.92038e-05
-1.96951e-05
-1.41464e-05
-3.01443e-05
-8.17049e-06
-3.62383e-05
-1.88798e-06
-3.78543e-05
5.37013e-06
-4.1279e-05
1.13142e-05
-3.14808e-05
1.38249e-05
-1.26008e-05
1.38503e-05
2.62807e-07
1.20526e-05
9.96684e-06
9.33841e-06
1.39422e-05
7.2364e-06
9.32877e-06
6.7817e-06
8.84371e-07
8.01761e-06
-9.1551e-06
1.06045e-05
-1.77573e-05
1.24552e-05
-1.2538e-05
1.33743e-05
-7.66075e-06
1.98361e-05
-4.3945e-05
2.22001e-05
-1.17871e-05
2.09175e-05
8.62105e-06
-4.56115e-05
-1.50353e-05
4.68525e-06
-1.60358e-05
5.57695e-06
-1.71573e-05
6.2153e-06
-1.84573e-05
7.21806e-06
-1.99103e-05
8.11575e-06
-2.15619e-05
9.42561e-06
-2.33824e-05
1.05906e-05
-2.53675e-05
1.17329e-05
-2.74504e-05
1.28279e-05
-2.93466e-05
1.2396e-05
-3.03223e-05
7.20227e-06
-2.96913e-05
-2.13752e-06
-2.7203e-05
-1.32561e-05
-2.31274e-05
-2.37703e-05
-1.72611e-05
-3.60104e-05
-1.03329e-05
-4.31662e-05
-3.03019e-06
-4.51568e-05
5.59301e-06
-4.99021e-05
1.2906e-05
-3.87938e-05
1.61707e-05
-1.58656e-05
1.63802e-05
5.34553e-08
1.432e-05
1.20275e-05
1.09894e-05
1.7273e-05
8.2553e-06
1.2063e-05
7.53515e-06
1.60453e-06
8.8489e-06
-1.04691e-05
1.17351e-05
-2.06435e-05
1.39198e-05
-1.47228e-05
1.4992e-05
-8.73296e-06
2.21005e-05
-5.10534e-05
2.4979e-05
-1.46655e-05
2.38338e-05
9.76622e-06
-5.20413e-05
-1.7661e-05
5.71953e-06
-1.88444e-05
6.75873e-06
-2.01748e-05
7.54443e-06
-2.17185e-05
8.7607e-06
-2.34484e-05
9.84465e-06
-2.54209e-05
1.13974e-05
-2.76124e-05
1.27816e-05
-3.00216e-05
1.4142e-05
-3.2563e-05
1.53693e-05
-3.48944e-05
1.47279e-05
-3.6136e-05
8.44395e-06
-3.54763e-05
-2.79674e-06
-3.26503e-05
-1.6082e-05
-2.79678e-05
-2.84525e-05
-2.11545e-05
-4.28234e-05
-1.31072e-05
-5.1213e-05
-4.59671e-06
-5.3667e-05
5.64725e-06
-6.0146e-05
1.4637e-05
-4.77836e-05
1.8902e-05
-2.01306e-05
1.94121e-05
-4.56446e-07
1.70914e-05
1.43485e-05
1.30107e-05
2.13541e-05
9.44597e-06
1.56279e-05
8.34375e-06
2.70675e-06
9.71421e-06
-1.18399e-05
1.29244e-05
-2.38538e-05
1.55095e-05
-1.73081e-05
1.67644e-05
-9.98774e-06
2.45359e-05
-5.88249e-05
2.80346e-05
-1.81642e-05
2.71603e-05
1.06406e-05
-5.90635e-05
-2.07192e-05
6.94323e-06
-2.21227e-05
8.16024e-06
-2.37044e-05
9.12456e-06
-2.55424e-05
1.05973e-05
-2.76093e-05
1.19104e-05
-2.99771e-05
1.37642e-05
-3.26292e-05
1.5433e-05
-3.55619e-05
1.70746e-05
-3.86631e-05
1.84705e-05
-4.1526e-05
1.75915e-05
-4.30977e-05
1.00158e-05
-4.24371e-05
-3.45667e-06
-3.92711e-05
-1.92479e-05
-3.3902e-05
-3.3821e-05
-2.59619e-05
-5.07631e-05
-1.65933e-05
-6.0581e-05
-6.62005e-06
-6.36398e-05
5.53722e-06
-7.23032e-05
1.65129e-05
-5.87594e-05
2.20693e-05
-2.56869e-05
2.30356e-05
-1.42261e-06
2.04809e-05
1.69038e-05
1.55084e-05
2.63269e-05
1.08639e-05
2.02728e-05
9.21497e-06
4.35564e-06
1.06063e-05
-1.32317e-05
1.41633e-05
-2.74108e-05
1.72241e-05
-2.03691e-05
1.86945e-05
-1.1458e-05
2.71397e-05
-6.727e-05
3.13834e-05
-2.2408e-05
3.09493e-05
1.10747e-05
-6.67445e-05
-2.4312e-05
8.39182e-06
-2.59819e-05
9.82779e-06
-2.78664e-05
1.1007e-05
-3.00597e-05
1.27889e-05
-3.25364e-05
1.43856e-05
-3.53875e-05
1.66141e-05
-3.86031e-05
1.86477e-05
-4.21669e-05
2.06383e-05
-4.59291e-05
2.22326e-05
-4.94206e-05
2.10839e-05
-5.13953e-05
1.19908e-05
-5.07826e-05
-4.06851e-06
-4.72819e-05
-2.27485e-05
-4.10938e-05
-4.00083e-05
-3.1774e-05
-6.00824e-05
-2.08274e-05
-7.15266e-05
-9.01117e-06
-7.54554e-05
5.38616e-06
-8.67004e-05
1.85833e-05
-7.19565e-05
2.57322e-05
-3.28359e-05
2.73512e-05
-3.0414e-06
2.46189e-05
1.96367e-05
1.86162e-05
3.23301e-05
1.25899e-05
2.62994e-05
1.01617e-05
6.78386e-06
1.15162e-05
-1.45867e-05
1.54389e-05
-3.13335e-05
1.90601e-05
-2.39907e-05
2.07821e-05
-1.31799e-05
2.99043e-05
-7.63921e-05
3.50389e-05
-2.75427e-05
3.52574e-05
1.08563e-05
-7.51672e-05
-2.85747e-05
1.01079e-05
-3.05667e-05
1.18169e-05
-3.28133e-05
1.32512e-05
-3.5433e-05
1.54065e-05
-3.84037e-05
1.73544e-05
-4.18368e-05
2.00457e-05
-4.57251e-05
2.25348e-05
-5.00293e-05
2.49424e-05
-5.45485e-05
2.67517e-05
-5.87642e-05
2.5301e-05
-6.12289e-05
1.44558e-05
-6.07433e-05
-4.55286e-06
-5.68873e-05
-2.66042e-05
-4.96119e-05
-4.72824e-05
-3.85131e-05
-7.11801e-05
-2.56097e-05
-8.44282e-05
-1.13584e-05
-8.97057e-05
5.58133e-06
-0.00010364
2.10161e-05
-8.73914e-05
2.99757e-05
-4.17955e-05
3.24737e-05
-5.53912e-06
2.96553e-05
2.24558e-05
2.24987e-05
3.94872e-05
1.47375e-05
3.4061e-05
1.12058e-05
1.03155e-05
1.24335e-05
-1.5815e-05
1.67346e-05
-3.56347e-05
2.10111e-05
-2.82675e-05
2.30237e-05
-1.51924e-05
3.28159e-05
-8.61843e-05
3.90101e-05
-3.37368e-05
4.01448e-05
9.72177e-06
-8.44357e-05
-3.36827e-05
1.21399e-05
-3.60592e-05
1.41898e-05
-3.8732e-05
1.5921e-05
-4.18579e-05
1.85297e-05
-4.54183e-05
2.09124e-05
-4.954e-05
2.41654e-05
-5.42095e-05
2.72029e-05
-5.93512e-05
3.0084e-05
-6.47118e-05
3.21121e-05
-6.97474e-05
3.03385e-05
-7.27936e-05
1.75024e-05
-7.2513e-05
-4.83124e-06
-6.81757e-05
-3.0941e-05
-5.92247e-05
-5.62305e-05
-4.55403e-05
-8.48625e-05
-3.00377e-05
-9.9928e-05
-1.27215e-05
-0.00010702
6.7903e-06
-0.000123152
2.41886e-05
-0.00010479
3.49399e-05
-5.25469e-05
3.85423e-05
-9.14125e-06
3.57651e-05
2.52339e-05
2.73537e-05
4.78992e-05
1.74535e-05
4.39617e-05
1.23839e-05
1.53851e-05
1.33467e-05
-1.67785e-05
1.80298e-05
-4.03179e-05
2.30673e-05
-3.33054e-05
2.54123e-05
-1.75373e-05
3.58541e-05
-9.6626e-05
4.33e-05
-4.11827e-05
4.56753e-05
7.3466e-06
-9.46818e-05
-3.98589e-05
1.454e-05
-4.26871e-05
1.70136e-05
-4.5853e-05
1.90833e-05
-4.95734e-05
2.22468e-05
-5.38302e-05
2.51662e-05
-5.87477e-05
2.90802e-05
-6.42868e-05
3.27399e-05
-7.03404e-05
3.61376e-05
-7.66016e-05
3.8373e-05
-8.25251e-05
3.62652e-05
-8.62304e-05
2.12085e-05
-8.59129e-05
-5.14495e-06
-8.00044e-05
-3.68486e-05
-6.79397e-05
-6.82909e-05
-5.07348e-05
-0.000102065
-3.2492e-05
-0.000118167
-1.23989e-05
-0.000127112
9.35744e-06
-0.000144908
2.85231e-05
-0.000123956
4.08565e-05
-6.48803e-05
4.57376e-05
-1.40218e-05
4.31582e-05
2.78143e-05
3.34114e-05
5.76468e-05
2.09172e-05
5.64565e-05
1.37564e-05
2.25459e-05
1.42446e-05
-1.72675e-05
1.92991e-05
-4.53725e-05
2.52165e-05
-3.92233e-05
2.79388e-05
-2.02594e-05
3.89914e-05
-0.000107679
4.79038e-05
-5.0095e-05
5.19151e-05
3.33547e-06
-0.000106073
-4.7382e-05
1.73612e-05
-5.07339e-05
2.03603e-05
-5.44627e-05
2.28077e-05
-5.88698e-05
2.66497e-05
-6.39198e-05
3.02122e-05
-6.97237e-05
3.48808e-05
-7.61896e-05
3.9203e-05
-8.32039e-05
4.31519e-05
-9.04265e-05
4.55953e-05
-9.70799e-05
4.29231e-05
-0.00010045
2.45794e-05
-9.79574e-05
-7.63179e-06
-8.88207e-05
-4.59842e-05
-7.39583e-05
-8.31484e-05
-5.42313e-05
-0.000121789
-3.34703e-05
-0.000138924
-1.09702e-05
-0.000149611
1.29993e-05
-0.000168877
3.41041e-05
-0.000145061
4.80283e-05
-7.88043e-05
5.43031e-05
-2.0296e-05
5.20893e-05
3.00296e-05
4.09367e-05
6.88003e-05
2.53504e-05
7.20434e-05
1.5423e-05
3.24732e-05
1.51179e-05
-1.69635e-05
2.0512e-05
-5.07666e-05
2.7444e-05
-4.61559e-05
3.05936e-05
-2.34088e-05
4.21946e-05
-0.00011928
5.28083e-05
-6.07087e-05
5.89323e-05
-2.78828e-06
-0.00011882
-5.65831e-05
2.06389e-05
-6.05359e-05
2.43072e-05
-6.49025e-05
2.71691e-05
-7.01093e-05
3.18517e-05
-7.60584e-05
3.61566e-05
-8.28584e-05
4.16766e-05
-9.0322e-05
4.66633e-05
-9.81215e-05
5.09515e-05
-0.000105359
5.2833e-05
-0.000110912
4.84817e-05
-0.000112596
2.62646e-05
-0.000108526
-1.16954e-05
-9.79533e-05
-5.65553e-05
-8.12245e-05
-9.98718e-05
-5.83723e-05
-0.000144638
-3.42234e-05
-0.000163069
-8.81303e-06
-0.000175019
1.75637e-05
-0.000195254
4.09154e-05
-0.000168412
5.67132e-05
-9.46018e-05
6.45665e-05
-2.81484e-05
6.28712e-05
3.17266e-05
5.02391e-05
8.14335e-05
3.10391e-05
9.12441e-05
1.75442e-05
4.59682e-05
1.59635e-05
-1.53842e-05
2.16323e-05
-5.64357e-05
2.97337e-05
-5.4258e-05
3.33694e-05
-2.70441e-05
4.54266e-05
-0.000131337
5.79903e-05
-7.32724e-05
6.67942e-05
-1.15919e-05
-0.00013319
-6.8515e-05
2.44413e-05
-7.32008e-05
2.89872e-05
-7.83594e-05
3.23224e-05
-8.44815e-05
3.79686e-05
-9.12249e-05
4.2895e-05
-9.85574e-05
4.90047e-05
-0.000105911
5.40136e-05
-0.000112796
5.78365e-05
-0.000118736
5.87727e-05
-0.000123516
5.32683e-05
-0.000124937
2.7687e-05
-0.000120192
-1.64323e-05
-0.000107943
-6.88028e-05
-8.87389e-05
-0.00011907
-6.26388e-05
-0.000170734
-3.46975e-05
-0.000191006
-5.86739e-06
-0.000203848
2.31697e-05
-0.000224291
4.90007e-05
-0.000194244
6.70631e-05
-0.000112664
7.69229e-05
-3.8007e-05
7.59006e-05
3.2751e-05
6.1693e-05
9.56426e-05
3.83539e-05
0.000114584
2.03569e-05
6.39651e-05
1.67899e-05
-1.18189e-05
2.26182e-05
-6.22642e-05
3.2069e-05
-6.37098e-05
3.62649e-05
-3.12395e-05
4.86503e-05
-0.000143722
6.34172e-05
-8.80393e-05
7.55658e-05
-2.37402e-05
-0.000149516
-8.42673e-05
2.86251e-05
-8.92757e-05
3.39901e-05
-9.46668e-05
3.77082e-05
-0.000100772
4.40684e-05
-0.000107108
4.92262e-05
-0.000113635
5.55268e-05
-0.000119916
6.02902e-05
-0.000125994
6.39151e-05
-0.000131827
6.46053e-05
-0.000137048
5.84966e-05
-0.000138549
2.91903e-05
-0.000132965
-2.20074e-05
-0.000118937
-8.28291e-05
-9.69333e-05
-0.000141068
-6.71246e-05
-0.000200539
-3.48254e-05
-0.000223301
-1.98761e-06
-0.000236683
3.00175e-05
-0.000256296
5.84826e-05
-0.000222709
7.91712e-05
-0.000133352
9.17005e-05
-5.05348e-05
9.16709e-05
3.27835e-05
7.57627e-05
0.000111553
4.77527e-05
0.000142595
2.41653e-05
8.75525e-05
1.76293e-05
-5.28508e-06
2.34229e-05
-6.80579e-05
3.4434e-05
-7.47221e-05
3.92891e-05
-3.60942e-05
5.1834e-05
-0.000156267
6.90471e-05
-0.000105252
8.53064e-05
-3.99992e-05
-0.000168212
-9.98193e-05
3.27508e-05
-0.000104526
3.86909e-05
-0.00010958
4.27575e-05
-0.000115119
4.96018e-05
-0.000120876
5.49777e-05
-0.000126893
6.15382e-05
-0.000133019
6.64118e-05
-0.000139459
7.03556e-05
-0.000145986
7.11316e-05
-0.000151832
6.43517e-05
-0.000153321
3.06807e-05
-0.000146707
-2.86117e-05
-0.000130578
-9.89556e-05
-0.000105467
-0.000166171
-7.171e-05
-0.000234292
-3.4528e-05
-0.000260478
3.01083e-06
-0.00027422
3.83326e-05
-0.000291617
6.96175e-05
-0.000253994
9.31331e-05
-0.000156867
0.000109073
-6.64729e-05
0.000110743
3.11176e-05
9.30225e-05
0.000129275
5.97759e-05
0.000175843
2.93195e-05
0.000118009
1.85586e-05
5.47306e-06
2.39977e-05
-7.34975e-05
3.68148e-05
-8.75406e-05
4.24663e-05
-4.1745e-05
5.49575e-05
-0.000168758
7.48294e-05
-0.000125124
9.60656e-05
-6.1235e-05
-0.000189782
-0.00011277
3.68925e-05
-0.000117303
4.32182e-05
-0.00012233
4.77791e-05
-0.000127799
5.50653e-05
-0.000133696
6.08682e-05
-0.000140032
6.7869e-05
-0.000146786
7.31612e-05
-0.000154058
7.76279e-05
-0.000161432
7.8505e-05
-0.000167905
7.08343e-05
-0.00016932
3.20981e-05
-0.000161474
-3.6447e-05
-0.000142919
-0.000117509
-0.000114349
-0.000194733
-7.63971e-05
-0.000272239
-3.37527e-05
-0.000303117
9.3294e-06
-0.0003173
4.83673e-05
-0.000330655
8.27426e-05
-0.000288369
0.000109166
-0.000183289
0.000129205
-8.65099e-05
0.000133631
2.66961e-05
0.000114161
0.000148748
7.50681e-05
0.000214937
3.62523e-05
0.000156824
1.9738e-05
2.19837e-05
2.42986e-05
-7.80587e-05
3.92026e-05
-0.000102446
4.58404e-05
-4.83821e-05
5.80195e-05
-0.000180937
8.07073e-05
-0.000147812
0.00010788
-8.8407e-05
-0.000214842
-0.000124392
4.12676e-05
-0.000129149
4.79699e-05
-0.000134548
5.31725e-05
-0.000140432
6.09435e-05
-0.000146913
6.73427e-05
-0.000153946
7.4895e-05
-0.000161563
8.07738e-05
-0.000169771
8.58362e-05
-0.000178042
8.6775e-05
-0.000185167
7.79694e-05
-0.000186439
3.33729e-05
-0.000177117
-4.57573e-05
-0.000155773
-0.000138849
-0.00012339
-0.000227106
-8.10979e-05
-0.000314526
-3.24112e-05
-0.000351798
1.71809e-05
-0.00036689
6.0411e-05
-0.000373884
9.8218e-05
-0.000326176
0.000127656
-0.000212727
0.000152251
-0.000111102
0.000160628
1.83244e-05
0.000139971
0.000169408
9.44143e-05
0.000260496
4.55942e-05
0.000205644
2.14752e-05
4.60976e-05
2.42991e-05
-8.08833e-05
4.15974e-05
-0.000119747
4.94804e-05
-5.62641e-05
6.10455e-05
-0.000192502
8.66196e-05
-0.000173386
0.000120767
-0.000122554
-0.000244127
-0.000135944
4.6022e-05
-0.000141157
5.3177e-05
-0.000147111
5.91202e-05
-0.000153613
6.74394e-05
-0.000160823
7.45464e-05
-0.00016867
8.27349e-05
-0.000177234
8.93318e-05
-0.000186467
9.50701e-05
-0.000195723
9.60298e-05
-0.000203564
8.58214e-05
-0.00020465
3.44622e-05
-0.000193595
-5.67988e-05
-0.000169063
-0.000163377
-0.000132488
-0.000263671
-8.56389e-05
-0.000361368
-3.03429e-05
-0.000407088
2.67998e-05
-0.000424029
7.47995e-05
-0.000421884
0.000116432
-0.000367808
0.000149142
-0.000245436
0.000178357
-0.000140315
0.000191817
4.87157e-06
0.000171307
0.000189922
0.000118739
0.000313067
5.82354e-05
0.000266147
2.42764e-05
8.00501e-05
2.40127e-05
-8.06204e-05
4.40171e-05
-0.000139755
5.34848e-05
-6.57306e-05
6.4094e-05
-0.000203111
9.25045e-05
-0.000201796
0.000134725
-0.000164774
-0.0002785
-0.000147726
5.1224e-05
-0.000153477
5.89227e-05
-0.000160046
6.56835e-05
-0.000167237
7.46239e-05
-0.000175238
8.25395e-05
-0.000183976
9.14657e-05
-0.000193579
9.89293e-05
-0.000203962
0.000105453
-0.000214318
0.000106385
-0.000222978
9.44931e-05
-0.000223861
3.53491e-05
-0.000210781
-6.98647e-05
-0.000182503
-0.000191649
-0.000141056
-0.000305107
-8.94265e-05
-0.000412989
-2.71577e-05
-0.000469349
3.84687e-05
-0.000489652
9.19314e-05
-0.000475346
0.000137838
-0.000413715
0.000174259
-0.000281857
0.000207915
-0.000173967
0.000227404
-1.46101e-05
0.000208978
0.000208353
0.0001491
0.000372949
7.52452e-05
0.000340001
2.88081e-05
0.000126479
2.35338e-05
-7.53473e-05
4.65144e-05
-0.000162739
5.7987e-05
-7.72015e-05
6.72607e-05
-0.000212385
9.83025e-05
-0.000232838
0.000149724
-0.000216194
-0.000318959
-0.000159491
5.69052e-05
-0.000165811
6.52372e-05
-0.000173025
7.28913e-05
-0.00018095
8.25424e-05
-0.000189803
9.13849e-05
-0.000199529
0.000101184
-0.000210299
0.000109693
-0.000221983
0.000117136
-0.00023358
0.000117981
-0.000243206
0.000104132
-0.000243913
3.6062e-05
-0.000228504
-8.52582e-05
-0.000195975
-0.000224171
-0.000148897
-0.000352173
-9.18285e-05
-0.000470047
-2.22084e-05
-0.000538959
5.25764e-05
-0.000564432
0.000112317
-0.000535086
0.000162996
-0.000464394
0.000203682
-0.000322542
0.000241662
-0.000211944
0.000267764
-4.07035e-05
0.00025349
0.000222634
0.000186682
0.00043976
9.78007e-05
0.000428881
3.58327e-05
0.000188437
2.31237e-05
-6.26397e-05
4.92053e-05
-0.000188826
6.31632e-05
-9.11574e-05
7.06793e-05
-0.000219901
0.000103959
-0.000266118
0.000165711
-0.000277944
-0.000366628
-0.000170744
6.30817e-05
-0.000177648
7.21363e-05
-0.000185529
8.07665e-05
-0.000194235
9.12414e-05
-0.000204016
0.000101158
-0.000214846
0.000112005
-0.000226932
0.000121771
-0.000240092
0.000130295
-0.000253109
0.000130996
-0.000263927
0.000114962
-0.00026454
3.66826e-05
-0.000246478
-0.000103304
-0.000209072
-0.000261568
-0.000155433
-0.000405798
-9.18085e-05
-0.000533659
-1.44468e-05
-0.000616307
6.97483e-05
-0.000648621
0.000136668
-0.000602005
0.000192635
-0.00052036
0.000238179
-0.000368086
0.000280567
-0.000254328
0.000313065
-7.31906e-05
0.000304848
0.000230857
0.000232906
0.000511707
0.000127253
0.000534533
4.63114e-05
0.000269367
2.33688e-05
-3.9699e-05
5.23088e-05
-0.000217774
6.92488e-05
-0.000108095
7.45222e-05
-0.000225174
0.000109428
-0.000301024
0.000182607
-0.000351122
-0.000422754
-0.000180743
6.97552e-05
-0.000188237
7.96247e-05
-0.000196802
8.93256e-05
-0.000206333
0.000100766
-0.000217122
0.000111938
-0.000229181
0.000124056
-0.00024274
0.000135322
-0.000257578
0.000145132
-0.00027223
0.000145646
-0.000284536
0.00012728
-0.000285172
3.73266e-05
-0.000264068
-0.000124392
-0.0002212
-0.000304425
-0.000160227
-0.000466755
-8.84606e-05
-0.000605412
-2.65251e-06
-0.000702102
9.10322e-05
-0.000742299
0.000166002
-0.000676973
0.000227718
-0.000582076
0.000278686
-0.000419052
0.000325811
-0.000301449
0.000363719
-0.000111088
0.000362984
0.0002316
0.000289045
0.000585651
0.000165103
0.000658474
6.17066e-05
0.00037275
2.53953e-05
-3.3895e-06
5.62231e-05
-0.00024861
7.65693e-05
-0.000128438
7.90052e-05
-0.000227609
0.000114676
-0.000336695
0.00020031
-0.000436754
-0.000488682
-0.000188421
7.69255e-05
-0.000196508
8.77073e-05
-0.000205778
9.85889e-05
-0.000216185
0.000111166
-0.000228066
0.000123811
-0.000241482
0.000137462
-0.000256669
0.0001505
-0.000273398
0.000161859
-0.000289958
0.000162204
-0.000304127
0.00014146
-0.000304941
3.815e-05
-0.000280236
-0.000149079
-0.000231178
-0.00035347
-0.00016205
-0.000535867
-8.07755e-05
-0.000686672
1.43615e-05
-0.000797226
0.000118188
-0.000846119
0.000201824
-0.000760609
0.000269581
-0.000649832
0.000326426
-0.000475895
0.000378795
-0.000353814
0.000420922
-0.000153204
0.000428381
0.000224149
0.000355683
0.000658354
0.000212546
0.00080161
8.38314e-05
0.000501449
3.09103e-05
4.95301e-05
6.169e-05
-0.0002794
8.55955e-05
-0.00015234
8.43933e-05
-0.000226407
0.000119699
-0.000372
0.000218715
-0.000535769
-0.000565835
-0.000162628
8.34074e-05
-0.000169966
9.50399e-05
-0.000178414
0.000107032
-0.000187988
0.000120733
-0.000199031
0.000134845
-0.000211656
0.000150077
-0.000226096
0.00016493
-0.000242212
0.000177973
-0.000258374
0.000178363
-0.000272542
0.000155639
-0.000273897
3.95168e-05
-0.000249746
-0.000173214
-0.000202603
-0.000400599
-0.000136507
-0.000601946
-5.92649e-05
-0.000763899
3.07846e-05
-0.000887263
0.00012998
-0.000945308
0.000210192
-0.00084082
0.000275003
-0.000714642
0.000331005
-0.000531895
0.000383402
-0.000406208
0.000425151
-0.000194942
0.000441293
0.000208014
0.000382679
0.000716974
0.000240485
0.000943802
0.000102111
0.000639808
3.78348e-05
0.000113805
6.43939e-05
-0.00030597
9.04661e-05
-0.000178408
8.62059e-05
-0.000222146
0.000119849
-0.000405643
0.000232671
-0.000648589
-0.000660841
-0.000148015
8.9583e-05
-0.000155025
0.000102045
-0.00016314
0.000115142
-0.000172418
0.000130003
-0.000183236
0.000145653
-0.000195773
0.000162605
-0.000210292
0.000179438
-0.000226747
0.000194424
-0.000243435
0.000195048
-0.000258308
0.000170521
-0.000260129
4.13513e-05
-0.000234914
-0.000198413
-0.000186938
-0.00044856
-0.000120501
-0.000668367
-4.32019e-05
-0.000841182
4.72891e-05
-0.000977741
0.000147597
-0.00104561
0.000228585
-0.000921807
0.000293904
-0.000779961
0.000351607
-0.000589597
0.000406124
-0.000460721
0.000448367
-0.000237175
0.00047121
0.000185179
0.000423614
0.000764574
0.000278708
0.00108871
0.000127249
0.000791252
4.96532e-05
0.0001914
7.11611e-05
-0.000327489
9.92577e-05
-0.0002065
9.12394e-05
-0.000214127
0.000121663
-0.000436066
0.000248362
-0.000775286
-0.000773887
-0.000133094
9.54452e-05
-0.000139772
0.00010872
-0.000147554
0.000122919
-0.000156535
0.000138977
-0.000167129
0.000156238
-0.000179578
0.000175043
-0.000194162
0.00019401
-0.000210948
0.000211207
-0.000228163
0.000212258
-0.000243756
0.000186121
-0.000246102
4.37112e-05
-0.000219706
-0.000224792
-0.000170742
-0.000497508
-0.0001044
-0.000734691
-2.72235e-05
-0.000918343
6.40148e-05
-0.00106897
0.000165234
-0.00114682
0.000247098
-0.00100367
0.000313424
-0.000846286
0.00037315
-0.000649322
0.000430033
-0.0005176
0.000472944
-0.000280076
0.000501139
0.000156991
0.000464979
0.000800738
0.000320346
0.00123334
0.000157097
0.000954484
6.60083e-05
0.000282487
8.10993e-05
-0.000342593
0.000110569
-0.000235965
9.8585e-05
-0.000202143
0.000123923
-0.000461404
0.000264318
-0.000915677
-0.00090676
-0.00011794
0.000101005
-0.000124298
0.000115075
-0.000131759
0.000130375
-0.000140452
0.000147663
-0.000150813
0.00016659
-0.000163132
0.000187352
-0.000177698
0.000208564
-0.000194742
0.000228245
-0.000212483
0.000229994
-0.000228821
0.000202465
-0.000231714
4.66196e-05
-0.000203971
-0.000252521
-0.000153879
-0.000547584
-8.76612e-05
-0.000800893
-1.05402e-05
-0.000995447
8.13008e-05
-0.0011608
0.000182936
-0.00124845
0.000265768
-0.0010865
0.000333581
-0.000914099
0.000395663
-0.000711402
0.000455172
-0.000577105
0.000499278
-0.000324172
0.000531569
0.000124707
0.000506762
0.000825548
0.000365677
0.00137442
0.000192118
0.00112803
8.75764e-05
0.000387029
9.51816e-05
-0.000350211
0.00012517
-0.000265947
0.000109179
-0.000186151
0.000127621
-0.000479847
0.000281291
-0.00106934
-0.0010609
-0.000102647
0.000106277
-0.000108697
0.000121122
-0.000115843
0.000137515
-0.000124237
0.000156051
-0.000134321
0.000176665
-0.000146424
0.000199444
-0.000160833
0.000222959
-0.000178002
0.000245407
-0.000196244
0.00024823
-0.000213314
0.000219537
-0.000216792
5.0113e-05
-0.00018751
-0.000281788
-0.000136049
-0.000599029
-6.99772e-05
-0.000866948
6.88492e-06
-0.00107229
9.90495e-05
-0.00125295
0.000200728
-0.00135012
0.000284701
-0.00117047
0.000354456
-0.000983853
0.000419233
-0.000776177
0.000481633
-0.000639501
0.000527621
-0.00037015
0.000563277
8.90574e-05
0.000549488
0.00083934
0.000414754
0.00150915
0.000232719
0.00131004
0.000115121
0.000504627
0.000114354
-0.000349459
0.000144051
-0.000295638
0.000124305
-0.000166404
0.000134657
-0.000490198
0.000301116
-0.0012358
-0.00123701
-8.72537e-05
0.000111272
-9.29998e-05
0.000126865
-9.98188e-05
0.00014433
-0.000107879
0.000164104
-0.000117613
0.00018639
-0.000129384
0.000211203
-0.000143469
0.00023703
-0.000160602
0.000262531
-0.000179311
0.000266932
-0.000197081
0.000237306
-0.000201237
5.42846e-05
-0.000170303
-0.000312709
-0.000117329
-0.000651987
-5.14669e-05
-0.000932793
2.48422e-05
-0.00114859
0.000117019
-0.00134511
0.000218623
-0.00145172
0.000304032
-0.00125588
0.000376153
-0.00105597
0.000443977
-0.000844
0.00050954
-0.00070506
0.000558119
-0.000418721
0.000596943
5.02397e-05
0.00059383
0.000842457
0.000467554
0.00163543
0.000279233
0.00149835
0.000149457
0.000634402
0.000139548
-0.000339564
0.000168421
-0.000324504
0.000145643
-0.000143626
0.000148189
-0.000492744
0.000327314
-0.00141492
-0.00143455
-7.18005e-05
0.000115989
-7.72309e-05
0.000132293
-8.36941e-05
0.000150788
-9.13649e-05
0.000171768
-0.000100661
0.000195676
-0.000111971
0.000222501
-0.000125533
0.000250578
-0.000142409
0.000279396
-0.000161528
0.000286045
-0.000179939
0.000255713
-0.000184838
5.91971e-05
-0.000152219
-0.000345316
-9.77063e-05
-0.000706484
-3.21482e-05
-0.000998335
4.33753e-05
-0.00122409
0.000135233
-0.00143696
0.000236656
-0.00155314
0.000323911
-0.00134313
0.00039879
-0.00113085
0.000470021
-0.00091523
0.00053903
-0.000774066
0.000590916
-0.000470598
0.000633095
8.06599e-06
0.000640361
0.000835194
0.000524461
0.00175133
0.000332456
0.00169033
0.000191458
0.000775399
0.000171769
-0.00031989
0.000199665
-0.000352392
0.000175185
-0.000119145
0.000172363
-0.000489923
0.000365118
-0.00160766
-0.00165192
-5.62534e-05
0.000120414
-6.13407e-05
0.000137377
-6.74053e-05
0.000156848
-7.46205e-05
0.000178976
-8.33785e-05
0.000204424
-9.40933e-05
0.000233203
-0.00010695
0.000263419
-0.000123337
0.00029577
-0.000142732
0.000305432
-0.000161431
0.000274406
-0.000167001
6.47775e-05
-0.000132873
-0.000379434
-7.70266e-05
-0.000762316
-1.19823e-05
-0.00106336
6.25649e-05
-0.00129862
0.000153778
-0.00152816
0.000254887
-0.00165424
0.00034449
-0.00143274
0.000422495
-0.00120885
0.000497496
-0.000990228
0.000570244
-0.000846811
0.000626206
-0.000526551
0.000672249
-3.79704e-05
0.000689544
0.000817902
0.000585944
0.00185492
0.000393445
0.00188281
0.000242213
0.00092663
0.000212172
-0.000289865
0.000239256
-0.000379467
0.000214937
-9.48246e-05
0.000210895
-0.000485881
0.000420037
-0.0018168
-0.00188816
-4.0603e-05
0.000124518
-4.53164e-05
0.000142088
-5.09423e-05
0.00016247
-5.76435e-05
0.00018567
-6.57685e-05
0.000212539
-7.57349e-05
0.000243157
-8.76174e-05
0.000275285
-0.000103111
0.000311247
-0.000122437
0.000324748
-0.000140538
0.000292498
-0.000146544
7.07896e-05
-0.000111597
-0.000414373
-5.50929e-05
-0.000818807
9.24101e-06
-0.00112768
8.26367e-05
-0.001372
0.000172701
-0.00161822
0.000273356
-0.00175489
0.000365893
-0.00152527
0.000447404
-0.00129036
0.000526543
-0.00106937
0.000603348
-0.000923613
0.000664207
-0.000587402
0.00071492
-8.86781e-05
0.000741781
0.000791045
0.000652079
0.00194462
0.00046289
0.00207198
0.000303017
0.0010865
0.000262172
-0.000249039
0.000288716
-0.000406001
0.000266632
-7.27395e-05
0.000265938
-0.000485188
0.000496017
-0.00204687
-0.00214469
-2.47882e-05
0.000128271
-2.91138e-05
0.000146411
-3.42697e-05
0.000167621
-4.03834e-05
0.000191776
-4.77506e-05
0.000219896
-5.68199e-05
0.000252212
-6.7541e-05
0.000285988
-8.17731e-05
0.000325462
-0.000100317
0.00034328
-0.000115609
0.000307777
-0.000121557
7.67355e-05
-8.73818e-05
-0.000448543
-3.16241e-05
-0.000874553
3.15127e-05
-0.00119081
0.000103596
-0.00144407
0.000192025
-0.00170663
0.000292051
-0.00185491
0.000388155
-0.00162137
0.000473613
-0.00137582
0.000557285
-0.00115304
0.00063852
-0.00100484
0.000705106
-0.000653979
0.00076158
-0.000145147
0.000797494
0.000755135
0.000722856
0.00201926
0.000540999
0.00225382
0.000374792
0.00125271
0.000323512
-0.000197778
0.000349717
-0.000432195
0.000331808
-5.48286e-05
0.000338784
-0.000492165
0.000595387
-0.00230346
-0.00242484
-8.91387e-06
0.000131677
-1.28001e-05
0.000150295
-1.73869e-05
0.000172203
-2.28108e-05
0.000197192
-2.93168e-05
0.00022639
-3.73351e-05
0.000260215
-4.65956e-05
0.00029523
-5.89086e-05
0.000337754
-7.54292e-05
0.000359787
-8.46542e-05
0.000316987
-9.03302e-05
8.23954e-05
-5.9156e-05
-0.000479717
-6.20672e-06
-0.000927492
5.51341e-05
-0.00125213
0.000125776
-0.00151469
0.000211825
-0.00179267
0.000310907
-0.00195398
0.000411204
-0.00172167
0.000501109
-0.00146572
0.000589779
-0.0012417
0.000675916
-0.00109098
0.000749061
-0.000727115
0.000812549
-0.000208629
0.000857208
0.000710479
0.000798469
0.00207799
0.000627953
0.00242431
0.000458621
0.00142204
0.000398185
-0.000137364
0.000424165
-0.000458164
0.000412057
-4.27183e-05
0.00043098
-0.000511088
0.000720162
-0.00259263
-0.00273251
7.25201e-06
0.000134529
3.90101e-06
0.000153643
-1.43259e-07
0.000176242
-4.91196e-06
0.000201952
-1.05031e-05
0.000231968
-1.72891e-05
0.000266985
-2.47857e-05
0.000302707
-3.44493e-05
0.000347394
-4.73543e-05
0.000372673
-4.61415e-05
0.000315753
-5.24552e-05
8.86717e-05
-2.64653e-05
-0.000505713
2.14755e-05
-0.000975423
8.02273e-05
-0.00131087
0.000149269
-0.00158372
0.000232116
-0.00187551
0.000329896
-0.00205176
0.000434971
-0.00182674
0.00052981
-0.00156056
0.000624026
-0.00133592
0.000715666
-0.00118261
0.000796206
-0.000807646
0.000868004
-0.000280422
0.000921476
0.000657011
0.000879138
0.00212033
0.000724012
0.00257941
0.000555974
0.00159008
0.000488198
-6.96109e-05
0.0005142
-0.000484152
0.000509088
-3.76039e-05
0.000544655
-0.000546657
0.000873084
-0.00292104
-0.00307149
2.30796e-05
0.000136838
2.0303e-05
0.000156417
1.69652e-05
0.000179575
1.31505e-05
0.000205759
8.75182e-06
0.000236355
3.45341e-06
0.000272267
-2.15674e-06
0.000308297
-8.92209e-06
0.000354135
-1.73546e-05
0.000381084
-2.6879e-06
0.000301061
-1.1624e-05
9.75563e-05
9.84152e-06
-0.000527189
5.14711e-05
-0.00101705
0.000106943
-0.00136634
0.000174157
-0.00165092
0.000252894
-0.00195423
0.000349075
-0.00214793
0.000459467
-0.00193713
0.000559696
-0.00166079
0.000660051
-0.00143627
0.0007579
-0.00128046
0.000846661
-0.000896399
0.000928063
-0.000361818
0.000990813
0.000594264
0.000965212
0.00214593
0.000828995
0.00271561
0.000667159
0.00175192
0.000595049
2.47474e-06
0.000621987
-0.000511076
0.00062449
-4.01042e-05
0.000682034
-0.000604202
0.00105728
-0.00329627
-0.0034456
3.85603e-05
0.00013857
3.64503e-05
0.000158524
3.39414e-05
0.000182079
3.11766e-05
0.000208516
2.80034e-05
0.000239516
2.44237e-05
0.000275831
2.10068e-05
0.000311694
1.80295e-05
0.000357087
1.49199e-05
0.000384168
3.07758e-05
0.000285177
3.21913e-05
9.6089e-05
4.82761e-05
-0.000543289
8.37641e-05
-0.00105253
0.000135306
-0.00141787
0.000200204
-0.0017158
0.000274137
-0.00202816
0.000368683
-0.00224247
0.000484762
-0.00205321
0.000590799
-0.00176682
0.000697887
-0.00154336
0.000802742
-0.00138531
0.000900551
-0.0009942
0.000992914
-0.000454176
0.00106572
0.000521466
0.00105681
0.00215483
0.00094213
0.00283026
0.000791339
0.00190271
0.000719445
7.43429e-05
0.000749295
-0.00054091
0.000759033
-4.98393e-05
0.000845055
-0.000690227
0.00127615
-0.00372734
-0.00385888
1.68668e-06
-3.99737e-05
2.49629e-06
3.87227e-06
2.95872e-06
9.23688e-05
2.83988e-06
0.000150631
2.17491e-06
0.000195741
1.73863e-06
0.000234074
2.54229e-06
0.00021876
3.71445e-06
0.000173514
4.56921e-06
0.000138723
5.23801e-06
0.000111107
5.81231e-06
8.5056e-05
6.32645e-06
6.01098e-05
6.83222e-06
3.79023e-05
7.36856e-06
1.87517e-05
7.94686e-06
2.23495e-06
8.56474e-06
-1.20153e-05
9.22056e-06
-2.42386e-05
9.913e-06
-3.47354e-05
1.06343e-05
-4.38261e-05
1.13691e-05
-5.18447e-05
1.20998e-05
-5.90926e-05
1.28119e-05
-6.57397e-05
1.34949e-05
-7.18902e-05
1.41424e-05
-7.76159e-05
1.47506e-05
-8.2962e-05
1.53174e-05
-8.79549e-05
1.58417e-05
-9.26071e-05
1.63234e-05
-9.69234e-05
1.67629e-05
-0.000100906
1.7161e-05
-0.00010456
1.75182e-05
-0.000107898
1.78343e-05
-0.00011093
1.81093e-05
-0.000113642
1.83449e-05
-0.000115989
1.85436e-05
-0.000117911
1.87047e-05
-0.000119368
1.88204e-05
-0.000120347
1.88746e-05
-0.000120843
1.88408e-05
-0.000120848
1.86824e-05
-0.000120329
1.8353e-05
-0.000119208
1.77991e-05
-0.000117345
1.69692e-05
-0.000114494
1.58288e-05
-0.000110284
1.43985e-05
-0.000104185
1.28096e-05
-9.54599e-05
1.14191e-05
-8.32843e-05
1.10037e-05
-6.67183e-05
1.2741e-05
-4.57051e-05
1.74658e-05
-2.24796e-05
2.47859e-05
-9.93715e-07
3.32003e-05
1.44815e-05
4.14302e-05
2.29338e-05
4.8819e-05
2.55307e-05
5.51581e-05
2.38538e-05
6.04722e-05
1.94604e-05
6.48495e-05
1.35184e-05
6.8392e-05
6.65894e-06
7.11544e-05
-1.03532e-06
7.30301e-05
-9.65401e-06
7.36566e-05
-1.67655e-05
7.30015e-05
-1.55163e-05
7.24407e-05
-7.12448e-06
7.36178e-05
-1.56206e-05
7.67458e-05
-5.7933e-05
8.04921e-05
-8.2588e-05
8.26511e-05
-5.5227e-05
7.95008e-05
5.2746e-05
7.74861e-05
0.000118063
7.64698e-05
0.000130289
7.54572e-05
0.000125993
7.4206e-05
0.000119289
7.27265e-05
0.000113679
7.10781e-05
0.00010973
6.93342e-05
0.00010738
6.75765e-05
0.000106534
6.59024e-05
0.000107213
6.44359e-05
0.000109483
6.33076e-05
0.000113301
6.2606e-05
0.000118423
6.23447e-05
0.000124543
6.24683e-05
0.000131458
6.28727e-05
0.000139096
6.34282e-05
0.000147286
6.39897e-05
0.000155653
6.4394e-05
0.000163575
6.44599e-05
0.000170401
6.404e-05
0.000175463
6.30886e-05
0.000178422
6.16998e-05
0.000179261
6.00366e-05
0.00017869
5.82646e-05
0.000177372
5.64637e-05
0.00017624
5.46458e-05
0.000175341
5.27562e-05
0.000175129
5.07661e-05
0.000174987
0.000175096
4.85607e-05
2.0871e-06
-4.00849e-05
2.91098e-06
3.04842e-06
3.47232e-06
9.18074e-05
3.33754e-06
0.000150766
2.64168e-06
0.000196437
2.35881e-06
0.000234357
3.40729e-06
0.000217711
4.68539e-06
0.000172236
5.59166e-06
0.000137817
6.31701e-06
0.000110381
6.95391e-06
8.44191e-05
7.53314e-06
5.95306e-05
8.1106e-06
3.73248e-05
8.7283e-06
1.8134e-05
9.39723e-06
1.56601e-06
1.01129e-05
-1.2731e-05
1.08715e-05
-2.49971e-05
1.16692e-05
-3.55331e-05
1.24964e-05
-4.46532e-05
1.33355e-05
-5.26838e-05
1.41671e-05
-5.99241e-05
1.49752e-05
-6.65477e-05
1.57489e-05
-7.26639e-05
1.64815e-05
-7.83484e-05
1.71691e-05
-8.36495e-05
1.781e-05
-8.85956e-05
1.84037e-05
-9.32007e-05
1.89507e-05
-9.74703e-05
1.9452e-05
-0.000101407
1.99089e-05
-0.000105017
2.03222e-05
-0.000108312
2.06919e-05
-0.000111299
2.10174e-05
-0.000113968
2.13001e-05
-0.000116271
2.15421e-05
-0.000118153
2.17427e-05
-0.000119569
2.18951e-05
-0.000120499
2.19837e-05
-0.000120932
2.19842e-05
-0.000120848
2.18627e-05
-0.000120207
2.15779e-05
-0.000118923
2.10842e-05
-0.000116851
2.03418e-05
-0.000113751
1.93327e-05
-0.000109275
1.80948e-05
-0.000102946
1.67702e-05
-9.41334e-05
1.56923e-05
-8.22037e-05
1.55221e-05
-6.65449e-05
1.72113e-05
-4.73909e-05
2.14645e-05
-2.67294e-05
2.81306e-05
-7.65683e-06
3.60872e-05
6.52707e-06
4.41557e-05
1.48666e-05
5.16048e-05
1.80823e-05
5.81069e-05
1.73516e-05
6.35985e-05
1.39686e-05
6.81188e-05
8.99782e-06
7.17397e-05
3.03817e-06
7.44598e-05
-3.75459e-06
7.60912e-05
-1.12835e-05
7.64256e-05
-1.70966e-05
7.604e-05
-1.51248e-05
7.60773e-05
-7.15439e-06
7.66486e-05
-1.61831e-05
7.75409e-05
-5.88194e-05
8.03827e-05
-8.54273e-05
8.40298e-05
-5.88775e-05
8.43615e-05
5.24066e-05
8.40995e-05
0.000118316
8.38057e-05
0.000130573
8.31669e-05
0.000126623
8.21419e-05
0.000120307
8.08054e-05
0.000115008
7.92493e-05
0.000111279
7.75664e-05
0.000109056
7.58509e-05
0.000108244
7.42068e-05
0.000108852
7.27636e-05
0.000110921
7.16662e-05
0.000114393
7.10294e-05
0.000119056
7.08948e-05
0.000124674
7.12269e-05
0.000131123
7.19361e-05
0.000138384
7.29023e-05
0.000146318
7.39761e-05
0.000154577
7.49665e-05
0.000162582
7.56381e-05
0.000169728
7.57772e-05
0.000175323
7.52877e-05
0.00017891
7.4254e-05
0.000180294
7.28735e-05
0.000180069
7.13643e-05
0.00017888
6.98534e-05
0.00017775
6.83811e-05
0.000176813
6.69098e-05
0.0001766
6.5398e-05
0.000176499
0.000176755
6.37382e-05
2.53448e-06
-3.9956e-05
3.37129e-06
2.21165e-06
4.09421e-06
9.10845e-05
3.97523e-06
0.000150885
3.28223e-06
0.00019713
3.19374e-06
0.000234445
4.49869e-06
0.000216406
5.8788e-06
0.000170855
6.84689e-06
0.000136849
7.64368e-06
0.000109584
8.35745e-06
8.37052e-05
9.01508e-06
5.88729e-05
9.67762e-06
3.66622e-05
1.03911e-05
1.74204e-05
1.11669e-05
7.90197e-07
1.19985e-05
-1.35625e-05
1.2879e-05
-2.58775e-05
1.38017e-05
-3.64558e-05
1.47542e-05
-4.56056e-05
1.57165e-05
-5.36459e-05
1.66667e-05
-6.08743e-05
1.75876e-05
-6.74685e-05
1.84673e-05
-7.35435e-05
1.92989e-05
-7.91799e-05
2.00788e-05
-8.44293e-05
2.08056e-05
-8.93224e-05
2.14798e-05
-9.38748e-05
2.21027e-05
-9.80931e-05
2.26762e-05
-0.00010198
2.32021e-05
-0.000105543
2.36819e-05
-0.000108791
2.41155e-05
-0.000111733
2.4502e-05
-0.000114354
2.48425e-05
-0.000116612
2.51387e-05
-0.000118449
2.53902e-05
-0.00011982
2.55908e-05
-0.000120699
2.57261e-05
-0.000121067
2.57739e-05
-0.000120896
2.57036e-05
-0.000120137
2.54792e-05
-0.000118698
2.50628e-05
-0.000116434
2.44258e-05
-0.000113114
2.35645e-05
-0.000108413
2.25318e-05
-0.000101912
2.14787e-05
-9.30783e-05
2.07199e-05
-8.14423e-05
2.08221e-05
-6.66439e-05
2.25456e-05
-4.91112e-05
2.64435e-05
-3.06241e-05
3.24566e-05
-1.36672e-05
3.97766e-05
-7.90797e-07
4.74327e-05
7.21191e-06
5.47158e-05
1.07999e-05
6.12166e-05
1.08509e-05
6.67742e-05
8.41085e-06
7.13701e-05
4.40179e-06
7.50313e-05
-6.22915e-07
7.76974e-05
-6.41986e-06
7.91345e-05
-1.2719e-05
7.93072e-05
-1.72663e-05
7.93513e-05
-1.51642e-05
8.02791e-05
-8.07639e-06
8.05955e-05
-1.64946e-05
7.90939e-05
-5.73158e-05
8.0436e-05
-8.6772e-05
8.5265e-05
-6.37166e-05
8.94698e-05
4.81878e-05
9.11627e-05
0.000116612
9.16821e-05
0.000130043
9.14782e-05
0.000126818
9.07411e-05
0.000121036
8.96145e-05
0.000116127
8.82179e-05
0.000112669
8.66591e-05
0.000110608
8.50437e-05
0.000109853
8.34849e-05
0.000110406
8.2115e-05
0.000112286
8.10811e-05
0.000115423
8.05154e-05
0.000119617
8.04961e-05
0.00012469
8.10275e-05
0.000130588
8.20477e-05
0.000137361
8.34503e-05
0.000144913
8.50851e-05
0.00015294
8.6739e-05
0.000160927
8.81228e-05
0.000168343
8.89459e-05
0.000174499
8.90414e-05
0.000178814
8.84645e-05
0.00018087
8.74397e-05
0.000181093
8.6243e-05
0.000180076
8.50635e-05
0.000178929
8.39831e-05
0.000177892
8.29906e-05
0.000177592
8.20317e-05
0.000177457
0.000177767
8.10185e-05
3.04957e-06
-3.95728e-05
3.88292e-06
1.37836e-06
4.85018e-06
9.01173e-05
4.79812e-06
0.000150937
4.15604e-06
0.000197772
4.30949e-06
0.000234292
5.88185e-06
0.000214834
7.3616e-06
0.000169376
8.40481e-06
0.000135805
9.29025e-06
0.000108699
1.00967e-05
8.28986e-05
1.0847e-05
5.81225e-05
1.16086e-05
3.59005e-05
1.24329e-05
1.65961e-05
1.33325e-05
-1.09419e-07
1.42989e-05
-1.45289e-05
1.53221e-05
-2.69006e-05
1.63912e-05
-3.75248e-05
1.74902e-05
-4.67045e-05
1.85962e-05
-5.47518e-05
1.96845e-05
-6.19624e-05
2.07359e-05
-6.85198e-05
2.1738e-05
-7.45454e-05
2.26833e-05
-8.01251e-05
2.35687e-05
-8.53145e-05
2.43934e-05
-9.01471e-05
2.51589e-05
-9.46402e-05
2.58677e-05
-9.88017e-05
2.65227e-05
-0.000102635
2.71266e-05
-0.000106147
2.76814e-05
-0.000109346
2.81873e-05
-0.000112238
2.86433e-05
-0.00011481
2.90499e-05
-0.000117018
2.94086e-05
-0.000118807
2.97192e-05
-0.00012013
2.99759e-05
-0.000120955
3.0166e-05
-0.000121257
3.02695e-05
-0.000120999
3.02595e-05
-0.000120126
3.0105e-05
-0.000118543
2.97762e-05
-0.000116105
2.92549e-05
-0.000112592
2.85509e-05
-0.000107708
2.77302e-05
-0.00010109
2.69522e-05
-9.22983e-05
2.65161e-05
-8.10037e-05
2.6914e-05
-6.70389e-05
2.87539e-05
-5.09481e-05
3.2451e-05
-3.43184e-05
3.79577e-05
-1.91713e-05
4.466e-05
-7.49112e-06
5.1792e-05
8.11729e-08
5.87305e-05
3.86214e-06
6.50531e-05
4.52862e-06
7.05407e-05
2.92322e-06
7.51236e-05
-1.8111e-07
7.87771e-05
-4.27623e-06
8.13964e-05
-9.03835e-06
8.27464e-05
-1.40676e-05
8.29521e-05
-1.74694e-05
8.35578e-05
-1.57665e-05
8.55644e-05
-1.00793e-05
8.60458e-05
-1.69747e-05
8.21908e-05
-5.34628e-05
8.12028e-05
-8.57917e-05
8.65187e-05
-6.90478e-05
9.48341e-05
3.98534e-05
9.87167e-05
0.000112715
0.000100169
0.00012858
0.000100476
0.000126502
0.000100095
0.000121408
9.92496e-05
0.000116964
9.80867e-05
0.000113824
9.6724e-05
0.000111964
9.52754e-05
0.000111296
9.38644e-05
0.000111811
9.26285e-05
0.000113517
9.17103e-05
0.000116336
9.12425e-05
0.000120081
9.13305e-05
0.000124598
9.20333e-05
0.000129882
9.33447e-05
0.000136047
9.51898e-05
0.000143066
9.74224e-05
0.000150706
9.98085e-05
0.000158539
0.000102011
0.00016614
0.000103659
0.000172849
0.000104495
0.000177976
0.000104516
0.000180848
0.00010395
0.000181658
0.000103131
0.000180895
0.000102326
0.000179733
0.000101677
0.000178541
0.000101213
0.000178055
0.000100871
0.000177798
0.000178046
0.000100591
3.67185e-06
-3.88606e-05
4.46372e-06
5.86573e-07
5.77151e-06
8.88095e-05
5.86536e-06
0.000150843
5.34321e-06
0.000198294
5.79585e-06
0.000233839
7.64594e-06
0.000212983
9.22439e-06
0.000167797
1.03588e-05
0.000134671
1.13523e-05
0.000107705
1.22687e-05
8.19821e-05
1.31268e-05
5.72643e-05
1.40018e-05
3.50254e-05
1.49521e-05
1.56457e-05
1.59927e-05
-1.15008e-06
1.71138e-05
-1.565e-05
1.83014e-05
-2.80882e-05
1.95398e-05
-3.87631e-05
2.08085e-05
-4.79732e-05
2.20808e-05
-5.6024e-05
2.33284e-05
-6.321e-05
2.45302e-05
-6.97215e-05
2.56723e-05
-7.56875e-05
2.67472e-05
-8.11999e-05
2.77519e-05
-8.63192e-05
2.86868e-05
-9.10818e-05
2.95543e-05
-9.55076e-05
3.03584e-05
-9.96057e-05
3.11035e-05
-0.00010338
3.17932e-05
-0.000106836
3.24301e-05
-0.000109983
3.30149e-05
-0.000112823
3.3547e-05
-0.000115342
3.40264e-05
-0.000117497
3.44543e-05
-0.000119235
3.48304e-05
-0.000120506
3.51495e-05
-0.000121274
3.54006e-05
-0.000121508
3.55661e-05
-0.000121164
3.5623e-05
-0.000120183
3.55461e-05
-0.000118466
3.53134e-05
-0.000115872
3.4917e-05
-0.000112195
3.43794e-05
-0.000107169
3.37784e-05
-0.000100487
3.32797e-05
-9.17977e-05
3.3168e-05
-8.08896e-05
3.38734e-05
-6.77415e-05
3.58838e-05
-5.29557e-05
3.95018e-05
-3.79338e-05
4.46669e-05
-2.43342e-05
5.08801e-05
-1.37025e-05
5.7522e-05
-6.55935e-06
6.4063e-05
-2.67806e-06
7.01131e-05
-1.52111e-06
7.54387e-05
-2.40219e-06
7.99359e-05
-4.67825e-06
8.35405e-05
-7.88051e-06
8.61365e-05
-1.16337e-05
8.75451e-05
-1.5475e-05
8.80315e-05
-1.79539e-05
8.92383e-05
-1.6971e-05
9.22105e-05
-1.30499e-05
9.32868e-05
-1.80528e-05
8.76744e-05
-4.78566e-05
8.35502e-05
-8.16793e-05
8.81096e-05
-7.36255e-05
0.000100428
2.75141e-05
0.000106824
0.000106306
0.000109377
0.000126017
0.000110282
0.000125588
0.000110328
0.000121354
0.000109837
0.000117446
0.000108986
0.000114667
0.000107901
0.000113042
0.000106697
0.000112493
0.000105502
0.000112999
0.000104462
0.000114552
0.000103718
0.000117075
0.000103396
0.000120398
0.00010361
0.00012438
0.000104463
0.000129026
0.000106019
0.000134487
0.000108269
0.000140813
0.000111098
0.000147875
0.000114267
0.000155369
0.000117392
0.000163013
0.000120019
0.000170222
0.000121779
0.000176215
0.000122577
0.00018005
0.000122615
0.000181619
0.000122265
0.000181243
0.000121892
0.000180106
0.000121714
0.000178718
0.000121822
0.000177946
0.000122148
0.000177471
0.000177526
0.000122667
4.46878e-06
-3.77257e-05
5.15402e-06
-9.85459e-08
6.89695e-06
8.70666e-05
7.25457e-06
0.000150485
6.95163e-06
0.000198597
7.77495e-06
0.000233015
9.91286e-06
0.000210845
1.15902e-05
0.000166119
1.28341e-05
0.000133426
1.39574e-05
0.000106581
1.50026e-05
8.09366e-05
1.59845e-05
5.62822e-05
1.69874e-05
3.40224e-05
1.80785e-05
1.45545e-05
1.92772e-05
-2.34876e-06
2.05728e-05
-1.69456e-05
2.19475e-05
-2.94628e-05
2.33795e-05
-4.01951e-05
2.48429e-05
-4.94364e-05
2.6306e-05
-5.74871e-05
2.77365e-05
-6.46403e-05
2.91102e-05
-7.1095e-05
3.04119e-05
-7.6989e-05
3.16335e-05
-8.24214e-05
3.27726e-05
-8.74581e-05
3.38303e-05
-9.21394e-05
3.48108e-05
-9.64879e-05
3.57195e-05
-0.000100514
3.65625e-05
-0.000104223
3.73447e-05
-0.000107618
3.80694e-05
-0.000110707
3.87379e-05
-0.000113491
3.93506e-05
-0.000115954
3.99073e-05
-0.000118054
4.04091e-05
-0.000119736
4.08559e-05
-0.000120952
4.1243e-05
-0.000121661
4.15605e-05
-0.000121825
4.17936e-05
-0.000121397
4.19233e-05
-0.000120312
4.19309e-05
-0.000118473
4.18025e-05
-0.000115743
4.15406e-05
-0.000111932
4.11795e-05
-0.000106807
4.08069e-05
-0.000100113
4.05925e-05
-9.15813e-05
4.08051e-05
-8.10999e-05
4.18204e-05
-6.87542e-05
4.40308e-05
-5.51635e-05
4.76481e-05
-4.15487e-05
5.25952e-05
-2.92793e-05
5.8451e-05
-1.95566e-05
6.46968e-05
-1.28039e-05
7.08799e-05
-8.8603e-06
7.66531e-05
-7.29379e-06
8.1792e-05
-7.54079e-06
8.61781e-05
-9.06407e-06
8.97289e-05
-1.1431e-05
9.23496e-05
-1.42538e-05
9.39546e-05
-1.70791e-05
9.48952e-05
-1.88932e-05
9.65832e-05
-1.86581e-05
0.000100066
-1.65332e-05
0.000101933
-1.99235e-05
9.57434e-05
-4.16767e-05
8.82565e-05
-7.42066e-05
9.04894e-05
-7.58766e-05
0.000106124
1.1859e-05
0.000115518
9.69e-05
0.00011944
0.000122085
0.000121053
0.000123965
0.000121599
0.000120799
0.000121535
0.000117502
0.000121074
0.00011512
0.000120351
0.000113757
0.00011948
0.000113357
0.000118587
0.000113887
0.000117815
0.000115318
0.000117307
0.000117579
0.000117185
0.000120515
0.000117563
0.000123999
0.000118566
0.00012802
0.00012032
0.000132731
0.000122899
0.000138232
0.000126261
0.000144512
0.000130204
0.000151425
0.00013433
0.000158886
0.000138097
0.000166454
0.000141003
0.000173308
0.000142816
0.000178236
0.000143662
0.000180772
0.000143921
0.000180983
0.000144049
0.000179977
0.000144371
0.000178394
0.000145076
0.00017724
0.000146114
0.000176433
0.000176162
0.000147475
5.5437e-06
-3.60776e-05
6.02265e-06
-5.77331e-07
8.27665e-06
8.48126e-05
9.06786e-06
0.000149694
9.12635e-06
0.000198538
1.04129e-05
0.000231728
1.28499e-05
0.000208408
1.46272e-05
0.000164341
1.60003e-05
0.000132053
1.72768e-05
0.000105304
1.84714e-05
7.97417e-05
1.95941e-05
5.51592e-05
2.07395e-05
3.28768e-05
2.19856e-05
1.33082e-05
2.33584e-05
-3.72158e-06
2.48479e-05
-1.84351e-05
2.64323e-05
-3.10472e-05
2.8083e-05
-4.18457e-05
2.97671e-05
-5.11203e-05
3.14475e-05
-5.91672e-05
3.30862e-05
-6.62788e-05
3.46554e-05
-7.2664e-05
3.61378e-05
-7.84713e-05
3.75247e-05
-8.38081e-05
3.88139e-05
-8.87471e-05
4.00079e-05
-9.33333e-05
4.11123e-05
-9.75921e-05
4.21344e-05
-0.000101536
4.30823e-05
-0.000105171
4.39626e-05
-0.000108499
4.47793e-05
-0.000111524
4.55349e-05
-0.000114247
4.62307e-05
-0.00011665
4.68671e-05
-0.00011869
4.74452e-05
-0.000120314
4.79653e-05
-0.000121472
4.84239e-05
-0.000122119
4.88126e-05
-0.000122213
4.91187e-05
-0.000121703
4.93276e-05
-0.000120521
4.94264e-05
-0.000118571
4.94103e-05
-0.000115726
4.92924e-05
-0.000111813
4.91178e-05
-0.000106631
4.89826e-05
-9.99766e-05
4.9057e-05
-9.16538e-05
4.95919e-05
-8.16325e-05
5.09135e-05
-7.00734e-05
5.33359e-05
-5.75837e-05
5.70003e-05
-4.52109e-05
6.18124e-05
-3.40895e-05
6.74116e-05
-2.51542e-05
7.33555e-05
-1.87465e-05
7.92509e-05
-1.47548e-05
8.479e-05
-1.28324e-05
8.9766e-05
-1.25164e-05
9.40583e-05
-1.3356e-05
9.7585e-05
-1.49572e-05
0.000100288
-1.69563e-05
0.000102167
-1.89574e-05
0.000103583
-2.0309e-05
0.000105543
-2.06183e-05
0.000108963
-1.99548e-05
0.000111437
-2.2403e-05
0.000106114
-3.63643e-05
9.60271e-05
-6.41337e-05
9.45206e-05
-7.43857e-05
0.000111771
-5.40792e-06
0.000124785
8.38757e-05
0.000130504
0.000116358
0.000132987
0.000121474
0.000134115
0.000119662
0.000134543
0.000117065
0.000134543
0.000115111
0.000134264
0.000114029
0.00013382
0.000113795
0.000133325
0.000114375
0.000132913
0.000115725
0.000132717
0.000117769
0.000132858
0.00012037
0.000133444
0.000123408
0.000134612
0.000126849
0.000136528
0.000130812
0.000139345
0.000135413
0.000143125
0.00014073
0.000147762
0.000146787
0.000152902
0.000153745
0.000157945
0.00016141
0.00016223
0.000169022
0.000165336
0.000175128
0.000167262
0.000178846
0.00016835
0.000179894
0.000169118
0.000179207
0.000169993
0.000177518
0.000171298
0.000175934
0.000173069
0.000174661
0.000173931
0.000175299
7.03832e-06
-3.38411e-05
7.17111e-06
-7.09916e-07
9.98121e-06
8.20025e-05
1.14395e-05
0.000148235
1.20617e-05
0.000197915
1.39354e-05
0.000229854
1.66878e-05
0.000205654
1.8568e-05
0.00016246
2.00897e-05
0.00013053
2.15434e-05
0.00010385
2.29095e-05
7.83751e-05
2.41912e-05
5.38771e-05
2.54937e-05
3.15741e-05
2.6908e-05
1.18937e-05
2.84693e-05
-5.28294e-06
3.01702e-05
-2.0136e-05
3.19857e-05
-3.28626e-05
3.38797e-05
-4.37396e-05
3.58111e-05
-5.30515e-05
3.77355e-05
-6.10915e-05
3.96089e-05
-6.8152e-05
4.13982e-05
-7.44531e-05
4.30836e-05
-8.01565e-05
4.46552e-05
-8.53795e-05
4.6111e-05
-9.02027e-05
4.74546e-05
-9.46767e-05
4.86933e-05
-9.88306e-05
4.98367e-05
-0.000102679
5.08951e-05
-0.000106229
5.18771e-05
-0.00010948
5.27884e-05
-0.000112435
5.36322e-05
-0.000115091
5.4411e-05
-0.000117428
5.51266e-05
-0.000119405
5.57812e-05
-0.000120968
5.63753e-05
-0.000122066
5.69065e-05
-0.00012265
5.73681e-05
-0.000122674
5.77509e-05
-0.000122085
5.80444e-05
-0.000120814
5.82416e-05
-0.000118768
5.8346e-05
-0.00011583
5.83807e-05
-0.000111847
5.84016e-05
-0.000106651
5.85111e-05
-0.000100085
5.8877e-05
-9.20178e-05
5.97299e-05
-8.24832e-05
6.13499e-05
-7.16912e-05
6.39857e-05
-6.02173e-05
6.77259e-05
-4.89491e-05
7.2459e-05
-3.88209e-05
7.7875e-05
-3.05687e-05
8.35943e-05
-2.44645e-05
8.92719e-05
-2.04315e-05
9.4634e-05
-1.81938e-05
9.94915e-05
-1.73733e-05
0.000103728
-1.75925e-05
0.000107273
-1.85016e-05
0.000110101
-1.97835e-05
0.00011226
-2.1116e-05
0.00011406
-2.2109e-05
0.000116115
-2.26749e-05
0.000119064
-2.29052e-05
0.000121584
-2.49292e-05
0.0001181
-3.289e-05
0.000107145
-5.31895e-05
0.000101352
-6.8604e-05
0.000117423
-2.14907e-05
0.00013456
6.67303e-05
0.000142704
0.000108206
0.000146308
0.000117861
0.000148121
0.00011784
0.000149108
0.000116068
0.000149631
0.000114579
0.000149865
0.000113787
0.000149927
0.000113725
0.000149928
0.000114367
0.000149984
0.000115663
0.000150213
0.000117535
0.000150719
0.00011986
0.000151597
0.000122527
0.000152968
0.000125475
0.000155013
0.000128765
0.00015795
0.000132474
0.000161965
0.000136714
0.000167113
0.000141638
0.000173177
0.000147681
0.000179565
0.000155021
0.000185463
0.000163122
0.000190201
0.00017039
0.00019356
0.000175486
0.000195775
0.000177678
0.000197397
0.000177584
0.000198939
0.000175975
0.000200874
0.000173997
0.000203373
0.00017216
0.000170845
0.000206457
9.1387e-06
-3.09632e-05
8.75159e-06
-3.22557e-07
1.21218e-05
7.86323e-05
1.45456e-05
0.000145811
1.60161e-05
0.000196444
1.86493e-05
0.000227219
2.17457e-05
0.000202557
2.37355e-05
0.000160469
2.54236e-05
0.000128841
2.70775e-05
0.000102195
2.86383e-05
7.68136e-05
3.00986e-05
5.24162e-05
3.15731e-05
3.00993e-05
3.31674e-05
1.02991e-05
3.49289e-05
-7.0445e-06
3.68554e-05
-2.20625e-05
3.892e-05
-3.49271e-05
4.1079e-05
-4.58984e-05
4.32817e-05
-5.5254e-05
4.54757e-05
-6.32852e-05
4.76091e-05
-7.02852e-05
4.9643e-05
-7.64867e-05
5.15534e-05
-8.20666e-05
5.33289e-05
-8.71547e-05
5.49673e-05
-9.18409e-05
5.64732e-05
-9.61824e-05
5.78558e-05
-0.000100213
5.91267e-05
-0.00010395
6.02986e-05
-0.000107401
6.13831e-05
-0.000110565
6.23878e-05
-0.000113439
6.33174e-05
-0.00011602
6.41757e-05
-0.000118286
6.49665e-05
-0.000120196
6.56936e-05
-0.000121695
6.63588e-05
-0.000122731
6.69608e-05
-0.000123252
6.74952e-05
-0.000123208
6.79553e-05
-0.000122545
6.83357e-05
-0.000121193
6.86361e-05
-0.000119068
6.88677e-05
-0.00011606
6.9063e-05
-0.000112042
6.92866e-05
-0.000106874
6.96453e-05
-0.000100442
7.03019e-05
-9.26725e-05
7.14652e-05
-8.36445e-05
7.33725e-05
-7.35964e-05
7.62162e-05
-6.3059e-05
8.00463e-05
-5.27773e-05
8.47412e-05
-4.35142e-05
9.00282e-05
-3.58542e-05
9.5583e-05
-3.00181e-05
0.000101103
-2.59503e-05
0.000106342
-2.34324e-05
0.000111128
-2.21586e-05
0.000115351
-2.18153e-05
0.000118952
-2.21015e-05
0.000121922
-2.27537e-05
0.000124323
-2.35173e-05
0.000126381
-2.41671e-05
0.000128424
-2.47188e-05
0.000130777
-2.52606e-05
0.000132807
-2.69642e-05
0.000131108
-3.11979e-05
0.000121482
-4.35714e-05
0.000112262
-5.93904e-05
0.000123967
-3.32031e-05
0.000144743
4.59479e-05
0.000156108
9.68334e-05
0.00016127
0.000112692
0.000163932
0.000115169
0.000165552
0.000114439
0.00016665
0.000113473
0.000167449
0.00011298
0.000168083
0.000113084
0.000168658
0.000113786
0.000169275
0.000115039
0.000170036
0.00011677
0.000171028
0.000118864
0.000172329
0.000121222
0.000174026
0.000123774
0.000176259
0.000126529
0.000179239
0.000129492
0.000183251
0.0001327
0.000188582
0.000136305
0.000195303
0.000140959
0.000202973
0.00014735
0.000210656
0.000155439
0.000217358
0.000163687
0.000222557
0.000170286
0.000226301
0.000173933
0.000229102
0.00017478
0.000231526
0.00017355
0.000234193
0.000171329
0.000237435
0.000168916
0.000166903
0.000241374
1.20901e-05
-2.74208e-05
1.10075e-05
7.60368e-07
1.48885e-05
7.47512e-05
1.86169e-05
0.000142082
2.13281e-05
0.000193731
2.4969e-05
0.000223577
2.84659e-05
0.000199058
3.05793e-05
0.000158354
3.24503e-05
0.000126969
3.43242e-05
0.00010032
3.61032e-05
7.50336e-05
3.77633e-05
5.07554e-05
3.94254e-05
2.84367e-05
4.12102e-05
8.51387e-06
4.31796e-05
-9.01407e-06
4.53399e-05
-2.42229e-05
4.76647e-05
-3.72518e-05
5.01033e-05
-4.83368e-05
5.25949e-05
-5.77452e-05
5.50777e-05
-6.57676e-05
5.74914e-05
-7.26986e-05
5.97896e-05
-7.87845e-05
6.19434e-05
-8.42201e-05
6.39388e-05
-8.91499e-05
6.57732e-05
-9.36751e-05
6.74518e-05
-9.78607e-05
6.89851e-05
-0.000101746
7.0387e-05
-0.000105352
7.1673e-05
-0.000108687
7.28574e-05
-0.000111749
7.39506e-05
-0.000114532
7.49591e-05
-0.000117028
7.58887e-05
-0.000119216
7.67452e-05
-0.000121052
7.75348e-05
-0.000122484
7.82616e-05
-0.000123457
7.89272e-05
-0.000123917
7.95297e-05
-0.00012381
8.00657e-05
-0.00012308
8.05331e-05
-0.00012166
8.09375e-05
-0.000119471
8.12987e-05
-0.000116421
8.16578e-05
-0.0001124
8.20871e-05
-0.000107302
8.26957e-05
-0.000101049
8.3638e-05
-9.3613e-05
8.51001e-05
-8.51047e-05
8.72797e-05
-7.5774e-05
9.0321e-05
-6.60986e-05
9.42448e-05
-5.66995e-05
9.89282e-05
-4.81961e-05
0.000104128
-4.10524e-05
0.000109564
-3.54534e-05
0.000114973
-3.13587e-05
0.000120136
-2.85939e-05
0.000124891
-2.69133e-05
0.000129137
-2.60604e-05
0.000132819
-2.57836e-05
0.000135934
-2.58685e-05
0.00013853
-2.61136e-05
0.000140746
-2.63837e-05
0.00014273
-2.67034e-05
0.000144586
-2.71191e-05
0.000145936
-2.83173e-05
0.000145167
-3.04327e-05
0.000138151
-3.65595e-05
0.000127515
-4.87571e-05
0.000132844
-3.85364e-05
0.000155193
2.35922e-05
0.000170627
8.13935e-05
0.000178072
0.000105239
0.000181876
0.000111356
0.000184242
0.000112065
0.000185974
0.000111732
0.000187383
0.000111562
0.000188628
0.000111832
0.000189823
0.000112585
0.000191069
0.000113788
0.000192453
0.00011538
0.00019405
0.000117263
0.00019592
0.000119348
0.000198127
0.000121564
0.000200745
0.000123908
0.000203883
0.000126353
0.000207764
0.000128818
0.000212831
0.000131237
0.000219599
0.000134191
0.000228115
0.000138834
0.000237573
0.000145981
0.000246631
0.000154629
0.000254233
0.000162683
0.000260038
0.000168127
0.000264424
0.000170392
0.00026802
0.000169953
0.000271586
0.000167761
0.000275625
0.000164875
0.000162103
0.000280423
1.62212e-05
-2.32297e-05
1.43316e-05
2.65023e-06
1.86084e-05
7.04743e-05
2.3959e-05
0.000136731
2.84336e-05
0.000189255
3.34466e-05
0.000218561
3.74588e-05
0.000195043
3.97282e-05
0.000156082
4.1797e-05
0.000124898
4.39064e-05
9.82091e-05
4.59272e-05
7.30115e-05
4.78106e-05
4.88708e-05
4.96776e-05
2.65689e-05
5.16622e-05
6.52875e-06
5.38424e-05
-1.11945e-05
5.62361e-05
-2.66166e-05
5.88204e-05
-3.98359e-05
6.15397e-05
-5.10559e-05
6.43235e-05
-6.05287e-05
6.71004e-05
-6.85441e-05
6.98014e-05
-7.53992e-05
7.23718e-05
-8.13545e-05
7.4777e-05
-8.66249e-05
7.69997e-05
-9.13722e-05
7.90357e-05
-9.57107e-05
8.08902e-05
-9.9715e-05
8.25751e-05
-0.000103431
8.41062e-05
-0.000106883
8.55012e-05
-0.000110082
8.67776e-05
-0.000113025
8.7949e-05
-0.000115703
8.90244e-05
-0.000118103
9.00117e-05
-0.000120203
9.09197e-05
-0.00012196
9.17564e-05
-0.000123321
9.25286e-05
-0.000124229
9.32415e-05
-0.000124629
9.38983e-05
-0.000124467
9.45004e-05
-0.000123682
9.50502e-05
-0.000122209
9.55577e-05
-0.000119978
9.60474e-05
-0.00011691
9.65677e-05
-0.000112919
9.71975e-05
-0.00010793
9.80477e-05
-0.000101898
9.92635e-05
-9.4827e-05
0.000101007
-8.68467e-05
0.000103439
-7.82042e-05
0.000106663
-6.93211e-05
0.000110678
-6.07121e-05
0.000115362
-5.28791e-05
0.000120502
-4.61916e-05
0.000125855
-4.08049e-05
0.00013119
-3.66924e-05
0.00013631
-3.3713e-05
0.000141067
-3.16701e-05
0.000145363
-3.03559e-05
0.000149146
-2.95658e-05
0.000152403
-2.91254e-05
0.00015516
-2.88714e-05
0.000157486
-2.871e-05
0.00015942
-2.86386e-05
0.000160956
-2.86568e-05
0.00016177
-2.9133e-05
0.000161182
-2.9846e-05
0.000156627
-3.20054e-05
0.000146687
-3.8818e-05
0.000145499
-3.73518e-05
0.000165775
3.31136e-06
0.000185868
6.12954e-05
0.000196798
9.43028e-05
0.000202337
0.000105809
0.000205655
0.000108739
0.000208084
0.000109295
0.000210131
0.000109507
0.000212017
0.000109939
0.000213869
0.000110726
0.00021578
0.000111871
0.00021783
0.000113325
0.000220083
0.000115005
0.000222594
0.000116834
0.000225426
0.000118729
0.000228652
0.00012068
0.000232292
0.000122711
0.000236339
0.000124769
0.000241048
0.000126528
0.000247193
0.000128045
0.0002556
0.000130426
0.000266159
0.000135422
0.000277506
0.000143281
0.000287998
0.00015219
0.000296654
0.000159471
0.000303419
0.000163626
0.00030879
0.00016458
0.000313561
0.000162989
0.000318464
0.000159971
0.000156482
0.000324083
2.19884e-05
-1.84685e-05
1.93122e-05
5.3268e-06
2.3799e-05
6.59873e-05
3.09827e-05
0.000129546
3.78762e-05
0.000182359
4.48031e-05
0.000211631
4.95607e-05
0.000190282
5.20629e-05
0.000153577
5.43459e-05
0.000122612
5.6702e-05
9.58506e-05
5.89866e-05
7.07249e-05
6.11204e-05
4.67355e-05
6.32136e-05
2.44746e-05
6.5408e-05
4.33365e-06
6.77963e-05
-1.35832e-05
7.04104e-05
-2.92308e-05
7.32346e-05
-4.26599e-05
7.62116e-05
-5.40326e-05
7.92644e-05
-6.35809e-05
8.23134e-05
-7.15925e-05
8.52824e-05
-7.83676e-05
8.81094e-05
-8.41809e-05
9.07533e-05
-8.92683e-05
9.31926e-05
-9.3811e-05
9.54206e-05
-9.79383e-05
9.74417e-05
-0.000101736
9.92676e-05
-0.000105256
0.000100916
-0.00010853
0.000102405
-0.000111571
0.000103755
-0.000114375
0.000104984
-0.000116932
0.000106105
-0.000119224
0.000107128
-0.000121226
0.000108066
-0.000122897
0.000108927
-0.000124182
0.000109723
-0.000125025
0.000110462
-0.000125367
0.000111151
-0.000125155
0.000111798
-0.000124328
0.000112412
-0.000122823
0.000113012
-0.000120576
0.000113624
-0.000117521
0.000114299
-0.000113593
0.000115118
-0.000108748
0.000116191
-0.000102969
0.000117654
-9.62887e-05
0.000119651
-8.88412e-05
0.000122307
-8.08592e-05
0.000125693
-7.27055e-05
0.000129787
-6.48049e-05
0.000134475
-5.75656e-05
0.00013957
-5.12849e-05
0.00014486
-4.60936e-05
0.000150143
-4.19743e-05
0.000155244
-3.88138e-05
0.000160027
-3.64523e-05
0.000164394
-3.47223e-05
0.000168291
-3.34623e-05
0.000171693
-3.25277e-05
0.000174604
-3.17821e-05
0.000177039
-3.11459e-05
0.000178983
-3.05832e-05
0.00018038
-3.00547e-05
0.000180956
-2.97095e-05
0.000180399
-2.92886e-05
0.00017736
-2.89657e-05
0.000169388
-3.08464e-05
0.000163701
-3.16655e-05
0.000177671
-1.06617e-05
0.000201216
3.77463e-05
0.000217102
7.8411e-05
0.000225448
9.74574e-05
0.000230188
0.000103993
0.000233504
0.000105972
0.000236263
0.000106741
0.000238809
0.000107386
0.000241313
0.000108216
0.000243891
0.000109287
0.00024663
0.000110581
0.000249594
0.000112036
0.000252821
0.000113603
0.000256338
0.000115209
0.000260223
0.000116791
0.000264566
0.000118366
0.000269275
0.000120058
0.000274148
0.000121654
0.000279535
0.000122657
0.000286719
0.000123243
0.000296969
0.000125171
0.000309894
0.000130356
0.000323451
0.000138632
0.000335568
0.000147354
0.000345443
0.000153749
0.000353391
0.000156631
0.000360141
0.000156238
0.000366473
0.000153637
0.000149877
0.000373075
3.00365e-05
-1.3316e-05
2.6737e-05
8.62667e-06
3.11982e-05
6.15256e-05
4.02484e-05
0.000120494
5.02754e-05
0.000172329
5.99144e-05
0.000201989
6.58988e-05
0.000184293
6.88161e-05
0.000150655
7.13399e-05
0.000120084
7.39544e-05
9.32328e-05
7.65226e-05
6.8154e-05
7.89365e-05
4.43195e-05
8.12827e-05
2.21269e-05
8.36987e-05
1.91662e-06
8.6286e-05
-1.6171e-05
8.90896e-05
-3.20346e-05
9.21042e-05
-4.56742e-05
9.52764e-05
-5.72043e-05
9.85287e-05
-6.68327e-05
0.00010178
-7.4843e-05
0.000104951
-8.1538e-05
0.000107976
-8.72048e-05
0.000110807
-9.20994e-05
0.00011342
-9.64231e-05
0.000115803
-0.000100321
0.000117958
-0.00010389
0.000119895
-0.000107193
0.00012163
-0.000110266
0.000123184
-0.000113125
0.000124578
-0.000115769
0.000125831
-0.000118185
0.000126963
-0.000120355
0.000127986
-0.000122249
0.000128917
-0.000123827
0.000129768
-0.000125033
0.000130555
-0.00012581
0.000131288
-0.0001261
0.00013198
-0.000125846
0.000132644
-0.000124991
0.000133296
-0.000123475
0.000133962
-0.000121241
0.000134674
-0.000118232
0.000135486
-0.000114404
0.000136474
-0.000109735
0.000137743
-0.000104236
0.000139417
-9.79608e-05
0.00014162
-9.10431e-05
0.000144456
-8.36936e-05
0.000147969
-7.62162e-05
0.000152123
-6.89575e-05
0.000156807
-6.22489e-05
0.000161858
-5.63346e-05
0.000167093
-5.13273e-05
0.000172335
-4.72152e-05
0.000177427
-4.39055e-05
0.000182245
-4.12697e-05
0.000186698
-3.91743e-05
0.000190723
-3.74867e-05
0.000194283
-3.60871e-05
0.00019736
-3.48601e-05
0.000199941
-3.37272e-05
0.000201985
-3.26272e-05
0.000203423
-3.14926e-05
0.000204048
-3.03343e-05
0.000203678
-2.89178e-05
0.000201754
-2.70402e-05
0.000196344
-2.54355e-05
0.000189125
-2.44463e-05
0.000194144
-1.56813e-05
0.0002163
1.55877e-05
0.000238078
5.66296e-05
0.000251209
8.43221e-05
0.000258363
9.68337e-05
0.000262875
0.000101454
0.000266415
0.000103194
0.000269648
0.000104147
0.000272839
0.000105019
0.000276109
0.000106012
0.000279528
0.000107157
0.000283158
0.000108402
0.000287062
0.000109695
0.00029127
0.000110998
0.000295807
0.000112252
0.000300795
0.000113376
0.000306355
0.000114497
0.000312242
0.000115766
0.000318019
0.00011688
0.000324049
0.000117213
0.000332114
0.000117106
0.000344
0.00011847
0.000359402
0.000123231
0.000375743
0.000131013
0.000390329
0.000139163
0.000402061
0.000144898
0.000411396
0.000146902
0.000419498
0.000145534
0.000141982
0.00042739
4.14712e-05
-8.2838e-06
3.80229e-05
1.20752e-05
4.25135e-05
5.70345e-05
5.36053e-05
0.0001094
6.78708e-05
0.000158061
8.19918e-05
0.000187863
9.07855e-05
0.000175494
9.51176e-05
0.000146318
9.84464e-05
0.000116751
0.000101823
8.98521e-05
0.000105177
6.47968e-05
0.000108384
4.11091e-05
0.000111496
1.90138e-05
0.000114631
-1.22005e-06
0.000117892
-1.94332e-05
0.000121335
-3.54779e-05
0.000124967
-4.93051e-05
0.000128743
-6.09799e-05
0.000132596
-7.06849e-05
0.000136451
-7.86974e-05
0.000140232
-8.53174e-05
0.000143869
-9.08408e-05
0.00014731
-9.55396e-05
0.000150521
-9.96332e-05
0.000153482
-0.000103281
0.000156188
-0.000106595
0.000158643
-0.000109647
0.000160859
-0.000112481
0.000162856
-0.000115121
0.000164654
-0.000117566
0.000166274
-0.000119805
0.000167739
-0.000121819
0.000169069
-0.000123579
0.000170287
-0.000125044
0.000171411
-0.000126157
0.000172462
-0.000126861
0.000173458
-0.000127095
0.000174418
-0.000126805
0.000175364
-0.000125936
0.000176321
-0.000124431
0.000177323
-0.000122242
0.000178416
-0.000119324
0.000179662
-0.000115648
0.00018114
-0.000111212
0.000182952
-0.000106046
0.000185219
-0.000100226
0.000188061
-9.38831e-05
0.000191571
-8.72021e-05
0.000195781
-8.04254e-05
0.000200648
-7.3823e-05
0.000206057
-6.7656e-05
0.000211847
-6.21233e-05
0.000217843
-5.7322e-05
0.000223871
-5.32423e-05
0.000229774
-4.98077e-05
0.000235423
-4.69178e-05
0.000240723
-4.4473e-05
0.000245607
-4.23712e-05
0.000250025
-4.05041e-05
0.000253928
-3.87631e-05
0.000257277
-3.70768e-05
0.00026002
-3.53697e-05
0.000262086
-3.35579e-05
0.000263322
-3.15698e-05
0.000263604
-2.91975e-05
0.000262764
-2.61982e-05
0.000259829
-2.24983e-05
0.000253846
-1.84614e-05
0.000251455
-1.329e-05
0.000266452
5.90095e-07
0.000293763
2.93164e-05
0.000317018
6.10647e-05
0.000331308
8.25394e-05
0.000339727
9.30306e-05
0.000345554
9.7362e-05
0.000350453
9.92417e-05
0.000355102
0.000100364
0.000359803
0.000101304
0.000364723
0.000102232
0.000369937
0.000103183
0.000375491
0.000104137
0.000381416
0.00010507
0.000387691
0.000105974
0.000394302
0.000106763
0.00040144
0.000107358
0.000409324
0.00010788
0.000417679
0.000108524
0.000425798
0.000109093
0.000433877
0.000109027
0.000443957
0.00010839
0.00045867
0.000108518
0.00047853
0.000111152
0.000501112
0.000116581
0.00052276
0.000123249
0.000541052
0.000128609
0.000555629
0.000130954
0.000130004
0.000567605
5.71267e-05
-3.61403e-06
5.3916e-05
1.52861e-05
5.83152e-05
5.26345e-05
7.06119e-05
9.71015e-05
8.85659e-05
0.000140103
0.000107803
0.000168621
0.000120799
0.000162493
0.000127656
0.000139455
0.000132079
0.000112322
0.000136077
8.585e-05
0.000139987
6.08823e-05
0.000143743
3.73501e-05
0.000147364
1.53908e-05
0.000150927
-4.78461e-06
0.000154504
-2.30111e-05
0.00015814
-3.91144e-05
0.00016185
-5.30139e-05
0.000165613
-6.47429e-05
0.000169401
-7.44713e-05
0.000173172
-8.24673e-05
0.000176876
-8.90201e-05
0.000180463
-9.44267e-05
0.000183889
-9.89645e-05
0.000187118
-0.000102861
0.000190123
-0.000106286
0.000192889
-0.000109361
0.000195411
-0.000112168
0.00019769
-0.00011476
0.000199739
-0.00011717
0.000201574
-0.0001194
0.000203209
-0.00012144
0.000204666
-0.000123276
0.000205973
-0.000124886
0.000207156
-0.000126227
0.000208243
-0.000127244
0.000209258
-0.000127875
0.000210227
-0.000128063
0.000211177
-0.000127754
0.000212136
-0.000126894
0.000213137
-0.000125432
0.000214224
-0.000123328
0.000215449
-0.000120547
0.000216876
-0.000117074
0.000218583
-0.000112917
0.000220658
-0.000108119
0.000223196
-0.000102762
0.000226288
-9.6974e-05
0.000230007
-9.09192e-05
0.000234373
-8.47895e-05
0.000239341
-7.87899e-05
0.000244807
-7.31211e-05
0.000250631
-6.79456e-05
0.000256658
-6.33483e-05
0.000262737
-5.93198e-05
0.000268724
-5.57941e-05
0.000274501
-5.26932e-05
0.000279977
-4.99488e-05
0.000285093
-4.74866e-05
0.0002898
-4.52101e-05
0.000294053
-4.30156e-05
0.000297793
-4.08168e-05
0.000300962
-3.85381e-05
0.000303508
-3.61031e-05
0.000305348
-3.34079e-05
0.000306425
-3.02729e-05
0.000306727
-2.64977e-05
0.000306113
-2.18815e-05
0.000303974
-1.63202e-05
0.000300833
-1.01471e-05
0.000304182
-2.75714e-06
0.000322691
1.08079e-05
0.000350064
3.36905e-05
0.00037386
5.87402e-05
0.000389597
7.72899e-05
0.000399397
8.75576e-05
0.000406394
9.22395e-05
0.000412467
9.42857e-05
0.000418358
9.54074e-05
0.000424312
9.62734e-05
0.000430444
9.70461e-05
0.000436858
9.77192e-05
0.000443666
9.82582e-05
0.000450964
9.86733e-05
0.000458727
9.89967e-05
0.000466892
9.91908e-05
0.000475572
9.91986e-05
0.00048501
9.90853e-05
0.00049506
9.90439e-05
0.000505073
9.90134e-05
0.000514823
9.86411e-05
0.000525665
9.76759e-05
0.00054014
9.66776e-05
0.000560021
9.67005e-05
0.000584606
9.86636e-05
0.000611096
0.000102118
0.000636329
0.000105719
0.000108009
0.000658322
7.87774e-05
2.46893e-07
7.64547e-05
1.76088e-05
8.10777e-05
4.80104e-05
9.39988e-05
8.41782e-05
0.000114442
0.000119656
0.00013853
0.000144529
0.000157435
0.000143583
0.000169317
0.000127568
0.000176781
0.000104853
0.000182314
8.03115e-05
0.00018712
5.60732e-05
0.000191565
3.29013e-05
0.00019574
1.12135e-05
0.000199701
-8.74747e-06
0.000203484
-2.67943e-05
0.000207114
-4.27447e-05
0.000210623
-5.6522e-05
0.000214038
-6.81575e-05
0.000217389
-7.7821e-05
0.000220696
-8.57722e-05
0.000223958
-9.22817e-05
0.000227163
-9.76296e-05
0.00023028
-0.00010208
0.000233275
-0.000105856
0.000236116
-0.000109125
0.000238774
-0.000112018
0.000241229
-0.000114622
0.000243467
-0.000116997
0.000245484
-0.000119186
0.000247285
-0.0001212
0.000248874
-0.000123028
0.000250264
-0.000124666
0.000251483
-0.000126103
0.000252563
-0.000127307
0.000253539
-0.000128219
0.000254445
-0.00012878
0.000255314
-0.000128932
0.000256183
-0.000128622
0.000257088
-0.000127798
0.00025807
-0.000126414
0.00025918
-0.000124436
0.000260474
-0.00012184
0.00026202
-0.000118619
0.000263896
-0.000114792
0.000266181
-0.000110402
0.00026895
-0.00010553
0.000272266
-0.000100288
0.000276169
-9.48207e-05
0.000280664
-8.92837e-05
0.00028571
-8.38339e-05
0.000291213
-7.86232e-05
0.000297052
-7.37835e-05
0.000303097
-6.9392e-05
0.000309216
-6.54373e-05
0.000315282
-6.18584e-05
0.000321183
-5.85938e-05
0.000326839
-5.56037e-05
0.000332191
-5.28383e-05
0.000337193
-5.02118e-05
0.000341803
-4.76249e-05
0.000345979
-4.49925e-05
0.000349678
-4.22361e-05
0.000352855
-3.92788e-05
0.000355481
-3.60321e-05
0.000357561
-3.23507e-05
0.000359142
-2.8076e-05
0.000360322
-2.30587e-05
0.000361183
-1.71775e-05
0.00036153
-1.04908e-05
0.000362163
-3.38776e-06
0.000368689
4.28295e-06
0.000387055
1.53255e-05
0.000413626
3.21668e-05
0.000439223
5.16902e-05
0.000458363
6.84138e-05
0.000471101
7.94965e-05
0.000479944
8.54372e-05
0.000487244
8.81024e-05
0.000494328
8.91839e-05
0.000501677
8.96928e-05
0.000509342
9.00495e-05
0.000517266
9.03306e-05
0.000525461
9.04757e-05
0.000534014
9.04411e-05
0.000542988
9.02141e-05
0.000552395
8.97901e-05
0.000562352
8.91278e-05
0.000573102
8.82933e-05
0.000584726
8.73888e-05
0.000596864
8.65035e-05
0.00060906
8.54796e-05
0.000621654
8.40839e-05
0.000636161
8.21933e-05
0.000654599
8.02251e-05
0.000677958
7.8757e-05
0.000705541
7.81346e-05
7.81271e-05
0.00073542
0.000108699
2.8018e-06
0.000107933
1.83743e-05
0.000113293
4.26493e-05
0.000126621
7.08474e-05
0.000148014
9.82608e-05
0.000174744
0.000117795
0.000198945
0.000119377
0.000217422
0.000109087
0.000230598
9.16722e-05
0.000240083
7.08221e-05
0.000247326
4.88258e-05
0.000253209
2.70157e-05
0.000258198
6.2228e-06
0.000262532
-1.30834e-05
0.000266327
-3.05903e-05
0.000269669
-4.60859e-05
0.000272654
-5.95062e-05
0.000275391
-7.0894e-05
0.000277981
-8.04099e-05
0.000280508
-8.82979e-05
0.000283029
-9.48009e-05
0.000285567
-0.000100166
0.000288118
-0.00010463
0.000290659
-0.000108396
0.000293156
-0.000111621
0.000295567
-0.000114428
0.000297854
-0.000116908
0.000299982
-0.000119125
0.000301926
-0.000121129
0.000303669
-0.000122943
0.000305202
-0.000124561
0.000306521
-0.000125983
0.000307637
-0.000127219
0.000308586
-0.000128255
0.000309409
-0.000129041
0.000310149
-0.00012952
0.000310854
-0.000129636
0.000311571
-0.000129338
0.000312348
-0.000128574
0.000313237
-0.000127301
0.000314294
-0.000125491
0.00031558
-0.000123125
0.000317164
-0.000120202
0.000319118
-0.000116744
0.000321514
-0.000112797
0.000324418
-0.000108432
0.000327876
-0.000103745
0.000331907
-9.88506e-05
0.000336497
-9.38714e-05
0.000341592
-8.89284e-05
0.00034711
-8.41393e-05
0.000352943
-7.96158e-05
0.000358984
-7.54309e-05
0.00036512
-7.15723e-05
0.000371244
-6.79811e-05
0.000377258
-6.4607e-05
0.000383088
-6.14329e-05
0.000388681
-5.84303e-05
0.000393993
-5.55234e-05
0.000398987
-5.26185e-05
0.000403634
-4.96391e-05
0.000407919
-4.65198e-05
0.000411832
-4.3191e-05
0.000415374
-3.95723e-05
0.000418593
-3.55669e-05
0.00042158
-3.10605e-05
0.000424475
-2.59511e-05
0.00042748
-2.01789e-05
0.000430764
-1.37712e-05
0.000434242
-6.86314e-06
0.000438264
2.63366e-07
0.000446101
7.48854e-06
0.000462315
1.59522e-05
0.000486522
2.74801e-05
0.000513261
4.1671e-05
0.000536885
5.58684e-05
0.000554919
6.7398e-05
0.000567859
7.51581e-05
0.000577555
7.94831e-05
0.000585877
8.13657e-05
0.000594094
8.18288e-05
0.000602801
8.16196e-05
0.00061213
8.11439e-05
0.000622006
8.05618e-05
0.000632334
7.98839e-05
0.000643031
7.9091e-05
0.000654039
7.81194e-05
0.000665396
7.69344e-05
0.000677298
7.54864e-05
0.000689973
7.38281e-05
0.000703468
7.19849e-05
0.000717583
6.99684e-05
0.000732151
6.7624e-05
0.00074754
6.48359e-05
0.000764806
6.14894e-05
0.000785178
5.77604e-05
5.38241e-05
0.000809478
0.000150015
3.51949e-06
0.000151352
1.7037e-05
0.000158041
3.59592e-05
0.000171888
5.69986e-05
0.000193277
7.68684e-05
0.000220252
9.08167e-05
0.000246908
9.27163e-05
0.000270139
8.58521e-05
0.000289001
7.28067e-05
0.000303806
5.60135e-05
0.000315287
3.73413e-05
0.000324168
1.81326e-05
0.000331074
-6.85542e-07
0.000336459
-1.84689e-05
0.00034065
-3.47821e-05
0.000343927
-4.93623e-05
0.000346534
-6.21131e-05
0.000348701
-7.30605e-05
0.00035063
-8.2337e-05
0.000352469
-9.01361e-05
0.00035432
-9.66499e-05
0.000356237
-0.000102082
0.000358242
-0.000106634
0.000360329
-0.000110481
0.000362472
-0.000113762
0.000364633
-0.000116588
0.000366767
-0.000119041
0.000368823
-0.00012118
0.000370753
-0.000123059
0.000372521
-0.000124709
0.000374097
-0.000126136
0.000375459
-0.000127344
0.000376593
-0.000128352
0.00037751
-0.00012917
0.000378245
-0.000129775
0.000378851
-0.000130124
0.000379388
-0.000130172
0.000379921
-0.00012987
0.000380518
-0.000129169
0.000381243
-0.000128025
0.000382163
-0.000126411
0.000383349
-0.000124309
0.000384868
-0.00012172
0.00038679
-0.000118664
0.000389176
-0.000115182
0.00039208
-0.000111335
0.000395538
-0.000107202
0.000399561
-0.000102873
0.000404131
-9.84393e-05
0.000409196
-9.39923e-05
0.000414678
-8.96205e-05
0.000420482
-8.54183e-05
0.000426506
-8.14541e-05
0.000432652
-7.77167e-05
0.000438823
-7.41514e-05
0.000444936
-7.07188e-05
0.000450926
-6.74219e-05
0.000456748
-6.42514e-05
0.000462367
-6.11421e-05
0.000467756
-5.80069e-05
0.0004729
-5.47822e-05
0.000477805
-5.14235e-05
0.000482493
-4.78782e-05
0.000487003
-4.40804e-05
0.000491398
-3.996e-05
0.000495787
-3.54474e-05
0.000500312
-3.04732e-05
0.000505145
-2.50079e-05
0.000510459
-1.9082e-05
0.000516387
-1.27887e-05
0.000522905
-6.25339e-06
0.000529998
3.96481e-07
0.000538938
7.01104e-06
0.000552656
1.37597e-05
0.000572893
2.14309e-05
0.000598016
3.07414e-05
0.000624279
4.11302e-05
0.000648199
5.12336e-05
0.000667954
5.97241e-05
0.00068345
6.58655e-05
0.000695666
6.96091e-05
0.000705947
7.1335e-05
0.000715512
7.15757e-05
0.000725222
7.08488e-05
0.000735563
6.95398e-05
0.000746738
6.79146e-05
0.000758756
6.60995e-05
0.000771519
6.41705e-05
0.000784912
6.2092e-05
0.000798882
5.98573e-05
0.000813489
5.73771e-05
0.000828783
5.46738e-05
0.00084477
5.16354e-05
0.00086132
4.82853e-05
0.000878348
4.44596e-05
0.000895969
4.01374e-05
3.52172e-05
0.000914574
0.000206907
1.91646e-06
0.000210765
1.31783e-05
0.000219253
2.74698e-05
0.000233815
4.24341e-05
0.000254859
5.58216e-05
0.00028081
6.48626e-05
0.000307512
6.60118e-05
0.000332514
6.0846e-05
0.000354489
5.08285e-05
0.000373006
3.74934e-05
0.000388157
2.21884e-05
0.000400261
6.02578e-06
0.000409745
-1.01706e-05
0.000417046
-2.57705e-05
0.000422576
-4.03126e-05
0.000426729
-5.35148e-05
0.000429864
-6.52477e-05
0.000432301
-7.54963e-05
0.000434304
-8.43392e-05
0.000436079
-9.19101e-05
0.000437783
-9.83523e-05
0.000439517
-0.000103814
0.000441333
-0.000108449
0.000443249
-0.000112396
0.000445256
-0.000115769
0.00044733
-0.000118661
0.000449436
-0.000121145
0.000451533
-0.000123276
0.000453577
-0.000125101
0.000455521
-0.000126653
0.00045732
-0.000127934
0.000458935
-0.000128958
0.000460337
-0.000129753
0.000461501
-0.000130333
0.00046242
-0.000130693
0.000463126
-0.000130828
0.000463675
-0.000130721
0.000464144
-0.000130338
0.000464617
-0.00012964
0.000465181
-0.000128588
0.000465925
-0.000127153
0.000466933
-0.000125316
0.000468284
-0.00012307
0.000470049
-0.000120428
0.000472286
-0.000117417
0.000475039
-0.000114087
0.000478336
-0.000110498
0.000482184
-0.000106719
0.000486565
-0.000102819
0.00049144
-9.8866e-05
0.000496748
-9.4927e-05
0.000502408
-9.10775e-05
0.000508326
-8.73705e-05
0.000514406
-8.37962e-05
0.000520568
-8.03125e-05
0.000526745
-7.6895e-05
0.000532883
-7.35589e-05
0.00053894
-7.03079e-05
0.000544889
-6.70901e-05
0.000550709
-6.38267e-05
0.000556394
-6.04662e-05
0.00056196
-5.69884e-05
0.000567445
-5.33621e-05
0.000572904
-4.95382e-05
0.000578416
-4.54706e-05
0.000584097
-4.11264e-05
0.000590072
-3.64455e-05
0.000596475
-3.14078e-05
0.000603439
-2.60444e-05
0.000611073
-2.04199e-05
0.000619442
-1.46208e-05
0.00062858
-8.74138e-06
0.000638452
-2.86174e-06
0.000649257
2.95281e-06
0.000662046
8.63925e-06
0.000678499
1.42849e-05
0.00069944
2.01853e-05
0.000723996
2.6673e-05
0.000750102
3.36141e-05
0.000775536
4.0428e-05
0.000798649
4.64922e-05
0.000818655
5.13258e-05
0.000835581
5.46468e-05
0.000849987
5.64396e-05
0.000862675
5.68495e-05
0.000874462
5.61259e-05
0.000886057
5.45025e-05
0.000898001
5.22242e-05
0.000910658
4.94336e-05
0.000924222
4.62921e-05
0.000938787
4.28111e-05
0.000954373
3.90869e-05
0.000970981
3.50257e-05
0.000988562
3.07031e-05
0.00100706
2.59593e-05
0.00102633
2.08676e-05
1.52548e-05
0.00104629
0.00028487
-2.33167e-06
0.000291473
6.57438e-06
0.00030204
1.69016e-05
0.000317496
2.69763e-05
0.000338028
3.52868e-05
0.000362538
4.035e-05
0.000388129
4.04177e-05
0.000412959
3.6013e-05
0.000435762
2.80228e-05
0.000455852
1.7401e-05
0.000472991
5.04748e-06
0.000487234
-8.2194e-06
0.000498795
-2.17328e-05
0.000507984
-3.49598e-05
0.00051517
-4.74989e-05
0.000520741
-5.90854e-05
0.000525068
-6.9574e-05
0.000528485
-7.8913e-05
0.000531274
-8.71273e-05
0.000533659
-9.42931e-05
0.000535813
-0.000100505
0.000537867
-0.000105867
0.000539906
-0.000110488
0.000541979
-0.000114467
0.000544103
-0.000117892
0.000546278
-0.000120835
0.000548488
-0.000123354
0.000550712
-0.000125499
0.000552919
-0.000127308
0.000555076
-0.000128808
0.000557154
-0.00013001
0.000559125
-0.000130928
0.000560959
-0.000131585
0.000562613
-0.000131986
0.000564048
-0.000132126
0.000565246
-0.000132025
0.000566223
-0.000131696
0.00056702
-0.000131133
0.000567698
-0.000130317
0.000568345
-0.000129233
0.000569065
-0.000127871
0.000569961
-0.00012621
0.000571134
-0.000124241
0.000572672
-0.000121965
0.000574648
-0.000119391
0.000577111
-0.000116548
0.000580091
-0.000113477
0.000583599
-0.000110225
0.000587622
-0.000106841
0.000592134
-0.000103376
0.00059709
-9.98816e-05
0.000602424
-9.64109e-05
0.000608055
-9.29997e-05
0.000613904
-8.9644e-05
0.000619913
-8.63212e-05
0.000626041
-8.30213e-05
0.000632244
-7.97611e-05
0.000638483
-7.65467e-05
0.000644731
-7.33373e-05
0.000650971
-7.00665e-05
0.000657199
-6.66936e-05
0.000663431
-6.32191e-05
0.000669705
-5.9635e-05
0.000676077
-5.5909e-05
0.000682615
-5.20074e-05
0.000689409
-4.79191e-05
0.000696593
-4.36275e-05
0.000704268
-3.90813e-05
0.000712529
-3.43037e-05
0.000721463
-2.93525e-05
0.000731139
-2.4296e-05
0.000741599
-1.92013e-05
0.000752865
-1.41288e-05
0.00076495
-9.133e-06
0.000777861
-4.27414e-06
0.000791743
3.99673e-07
0.000807074
4.85198e-06
0.000824651
9.0926e-06
0.000845089
1.31724e-05
0.000868343
1.71711e-05
0.000893677
2.1155e-05
0.000919943
2.50563e-05
0.000945958
2.86291e-05
0.00097078
3.16144e-05
0.000993822
3.38051e-05
0.00101485
3.50945e-05
0.00103394
3.54165e-05
0.00105137
3.47884e-05
0.00106758
3.3226e-05
0.00108303
3.0838e-05
0.00109817
2.76661e-05
0.0011134
2.38532e-05
0.00112904
1.93913e-05
0.00114531
1.44298e-05
0.00116239
8.87389e-06
0.00118037
2.8891e-06
-3.70835e-06
0.00119933
0.00039098
-9.28602e-06
0.000400266
-2.71176e-06
0.000412879
4.2868e-06
0.000429271
1.05832e-05
0.000449333
1.52217e-05
0.00047229
1.73905e-05
0.000496298
1.64075e-05
0.000519936
1.2372e-05
0.000542195
5.76196e-06
0.000562397
-2.80386e-06
0.00058018
-1.27371e-05
0.00059544
-2.34811e-05
0.000608251
-3.45443e-05
0.000618807
-4.55164e-05
0.000627385
-5.60774e-05
0.000634301
-6.60015e-05
0.000639876
-7.51484e-05
0.000644413
-8.34487e-05
0.000648177
-9.08907e-05
0.000651388
-9.7503e-05
0.000654222
-0.000103337
0.000656814
-0.000108459
0.000659265
-0.000112937
0.00066164
-0.000116841
0.000663979
-0.00012023
0.000666306
-0.00012316
0.000668628
-0.000125675
0.000670944
-0.000127814
0.000673245
-0.000129607
0.000675514
-0.000131077
0.000677742
-0.000132237
0.000679918
-0.000133103
0.000682024
-0.000133689
0.000684039
-0.000134
0.00068595
-0.000134035
0.00068774
-0.000133814
0.000689394
-0.000133348
0.000690887
-0.000132625
0.000692221
-0.000131648
0.00069344
-0.000130451
0.00069461
-0.000129039
0.000695806
-0.000127404
0.000697118
-0.000125552
0.000698646
-0.000123491
0.000700476
-0.000121219
0.000702678
-0.000118748
0.000705306
-0.000116103
0.000708391
-0.000113309
0.000711946
-0.000110395
0.000715965
-0.000107393
0.000720421
-0.000104337
0.00072527
-0.000101259
0.000730453
-9.81819e-05
0.000735917
-9.51061e-05
0.000741621
-9.20248e-05
0.00074754
-8.89389e-05
0.000753638
-8.58589e-05
0.000759877
-8.27844e-05
0.000766228
-7.96879e-05
0.000772691
-7.65283e-05
0.000779278
-7.32802e-05
0.000786009
-6.9949e-05
0.00079291
-6.65353e-05
0.000800018
-6.3016e-05
0.000807382
-5.93705e-05
0.000815069
-5.56051e-05
0.000823176
-5.1733e-05
0.000831787
-4.76913e-05
0.000840979
-4.34947e-05
0.000850824
-3.91972e-05
0.000861382
-3.48535e-05
0.000872698
-3.05176e-05
0.000884804
-2.62351e-05
0.000897714
-2.20443e-05
0.000911437
-1.79987e-05
0.000925977
-1.41423e-05
0.000941335
-1.05082e-05
0.000957556
-7.13083e-06
0.000974776
-4.05038e-06
0.000993243
-1.29837e-06
0.00101328
1.11787e-06
0.00103512
3.20796e-06
0.00105878
4.97262e-06
0.00108398
6.40653e-06
0.0011103
7.48601e-06
0.00113721
8.17824e-06
0.00116421
8.41808e-06
0.00119086
8.13773e-06
0.00121683
7.25085e-06
0.00124195
5.72029e-06
0.00126612
3.49066e-06
0.0012894
5.76639e-07
0.00131186
-3.07491e-06
0.00133369
-7.39753e-06
0.00135506
-1.24974e-05
0.00137617
-1.82262e-05
-2.48168e-05
0.00139728
0.000534097
-1.86965e-05
0.000545664
-1.42798e-05
0.000559925
-9.9757e-06
0.000576997
-6.49028e-06
0.000596606
-4.38986e-06
0.000618095
-4.10088e-06
0.000640373
-5.87245e-06
0.000662396
-9.6532e-06
0.000683381
-1.5226e-05
0.000702781
-2.22056e-05
0.000720243
-3.02007e-05
0.000735604
-3.88434e-05
0.000748853
-4.77946e-05
0.000760097
-5.67603e-05
0.00076952
-6.55012e-05
0.000777358
-7.38383e-05
0.000783859
-8.16491e-05
0.000789272
-8.88609e-05
0.000793824
-9.54415e-05
0.000797711
-0.00010139
0.000801101
-0.000106726
0.000804125
-0.000111481
0.000806886
-0.000115697
0.000809461
-0.000119414
0.000811905
-0.000122673
0.000814258
-0.000125511
0.000816544
-0.00012796
0.000818781
-0.000130049
0.000820976
-0.000131801
0.000823135
-0.000133234
0.000825261
-0.000134362
0.000827357
-0.000135197
0.000829419
-0.00013575
0.000831448
-0.000136027
0.00083345
-0.000136036
0.000835427
-0.000135789
0.000837369
-0.000135288
0.000839278
-0.000134532
0.00084117
-0.000133538
0.000843054
-0.000132332
0.000844922
-0.000130906
0.000846794
-0.000129273
0.000848712
-0.000127468
0.000850719
-0.000125497
0.000852864
-0.000123362
0.000855206
-0.000121088
0.000857806
-0.000118701
0.000860715
-0.000116216
0.000863971
-0.000113649
0.000867594
-0.000111015
0.00087159
-0.000108331
0.000875946
-0.000105613
0.000880635
-0.00010287
0.000885629
-0.000100099
0.000890904
-9.72989e-05
0.000896441
-9.44749e-05
0.000902216
-9.16326e-05
0.000908203
-8.87705e-05
0.00091439
-8.58741e-05
0.000920786
-8.29242e-05
0.000927417
-7.99107e-05
0.000934306
-7.68366e-05
0.000941467
-7.36962e-05
0.000948928
-7.04756e-05
0.000956727
-6.71693e-05
0.000964909
-6.37864e-05
0.000973511
-6.0334e-05
0.000982605
-5.67851e-05
0.000992271
-5.31599e-05
0.00100257
-4.95004e-05
0.00101357
-4.58489e-05
0.0010253
-4.22464e-05
0.00103778
-3.87199e-05
0.00105104
-3.52983e-05
0.00106508
-3.2039e-05
0.00107991
-2.89789e-05
0.00109553
-2.61304e-05
0.00111192
-2.35211e-05
0.00112906
-2.11964e-05
0.00114696
-1.91938e-05
0.00116561
-1.75368e-05
0.00118506
-1.62459e-05
0.00120537
-1.53434e-05
0.00122663
-1.48528e-05
0.00124891
-1.47966e-05
0.00127228
-1.51904e-05
0.00129674
-1.60434e-05
0.00132224
-1.73613e-05
0.00134865
-1.91626e-05
0.00137582
-2.14492e-05
0.00140356
-2.42546e-05
0.0014317
-2.75683e-05
0.0014601
-3.14709e-05
0.00148859
-3.58955e-05
0.00151711
-4.10195e-05
0.00154553
-4.6639e-05
-5.31572e-05
0.00157386
0.000725022
-2.99985e-05
0.000738158
-2.74161e-05
0.000753362
-2.51817e-05
0.000770561
-2.36909e-05
0.000789433
-2.32642e-05
0.000809435
-2.41047e-05
0.00082987
-2.63098e-05
0.000850043
-2.98283e-05
0.000869356
-3.45419e-05
0.000887382
-4.0233e-05
0.000903832
-4.66524e-05
0.000918549
-5.35612e-05
0.000931487
-6.07334e-05
0.000942693
-6.79673e-05
0.000952285
-7.50929e-05
0.000960423
-8.19759e-05
0.000967291
-8.85171e-05
0.000973081
-9.46494e-05
0.000977973
-0.000100333
0.000982135
-0.00010555
0.00098571
-0.0001103
0.000988822
-0.000114592
0.000991572
-0.000118446
0.00099404
-0.000121881
0.000996291
-0.000124923
0.000998373
-0.000127592
0.00100032
-0.000129911
0.00100217
-0.000131898
0.00100395
-0.00013357
0.00100566
-0.000134942
0.00100732
-0.000136026
0.00100896
-0.000136831
0.00101057
-0.000137366
0.00101219
-0.000137641
0.00101382
-0.00013766
0.00101546
-0.000137432
0.00101714
-0.000136966
0.00101888
-0.000136268
0.00102069
-0.000135351
0.00102259
-0.000134224
0.00102457
-0.00013289
0.00102667
-0.000131375
0.00102891
-0.000129697
0.00103127
-0.000127854
0.00103377
-0.000125868
0.00103646
-0.000123774
0.00103935
-0.000121588
0.00104246
-0.000119321
0.0010458
-0.000116989
0.00104939
-0.000114603
0.00105323
-0.000112175
0.00105733
-0.000109713
0.00106168
-0.000107219
0.00106628
-0.000104695
0.00107113
-0.000102143
0.00107622
-9.95689e-05
0.00108156
-9.69737e-05
0.00108715
-9.43551e-05
0.00109298
-9.17057e-05
0.00109907
-8.90169e-05
0.00110545
-8.62845e-05
0.00111212
-8.35097e-05
0.00111912
-8.06882e-05
0.00112646
-7.78171e-05
0.00113419
-7.48972e-05
0.00114233
-7.19342e-05
0.00115094
-6.89342e-05
0.00116005
-6.59013e-05
0.00116974
-6.2851e-05
0.00118006
-5.98139e-05
0.00119104
-5.68286e-05
0.00120271
-5.39249e-05
0.00121511
-5.11124e-05
0.00122823
-4.84189e-05
0.00124209
-4.5907e-05
0.00125672
-4.36034e-05
0.00127209
-4.15012e-05
0.00128819
-3.96248e-05
0.00130502
-3.80256e-05
0.00132256
-3.67349e-05
0.00134078
-3.57645e-05
0.00135966
-3.5131e-05
0.00137918
-3.48616e-05
0.00139931
-3.49866e-05
0.00142005
-3.55311e-05
0.00144136
-3.6511e-05
0.00146326
-3.7939e-05
0.00148572
-3.98218e-05
0.00150873
-4.21814e-05
0.0015323
-4.50202e-05
0.00155641
-4.83666e-05
0.00158104
-5.21931e-05
0.00160615
-5.65807e-05
0.00163169
-6.14413e-05
0.00165763
-6.69627e-05
0.00168388
-7.28893e-05
-7.96569e-05
0.00171038
0.000975999
-4.23043e-05
0.000989733
-4.11509e-05
0.00100494
-4.03896e-05
0.00102147
-4.02219e-05
0.00103902
-4.08219e-05
0.00105719
-4.2276e-05
0.0010755
-4.46151e-05
0.00109347
-4.78042e-05
0.00111069
-5.1767e-05
0.00112684
-5.63808e-05
0.00114168
-6.14971e-05
0.00115509
-6.69667e-05
0.001167
-7.26451e-05
0.00117743
-7.83994e-05
0.00118645
-8.41133e-05
0.00119417
-8.96907e-05
0.00120071
-9.50554e-05
0.00120621
-0.000100151
0.00121081
-0.000104938
0.00121466
-0.000109393
0.00121786
-0.000113502
0.00122053
-0.000117264
0.00122277
-0.00012068
0.00122465
-0.000123758
0.00122623
-0.000126508
0.00122759
-0.000128942
0.00122875
-0.000131072
0.00122976
-0.000132909
0.00123066
-0.000134464
0.00123146
-0.000135748
0.00123221
-0.000136768
0.00123291
-0.000137534
0.0012336
-0.000138054
0.0012343
-0.000138335
0.00123502
-0.000138384
0.0012358
-0.000138209
0.00123665
-0.000137817
0.0012376
-0.000137215
0.00123867
-0.000136414
0.00123987
-0.000135425
0.00124124
-0.000134258
0.00124279
-0.000132928
0.00124454
-0.000131441
0.00124649
-0.0001298
0.00124866
-0.000128041
0.00125107
-0.000126179
0.0012537
-0.000124222
0.00125657
-0.000122184
0.00125966
-0.00012008
0.00126298
-0.000117922
0.00126652
-0.000115714
0.00127028
-0.000113471
0.00127426
-0.000111195
0.00127846
-0.000108893
0.00128288
-0.00010657
0.00128755
-0.000104231
0.00129245
-0.000101875
0.0012976
-9.95027e-05
0.001303
-9.71091e-05
0.00130868
-9.46916e-05
0.00131464
-9.22499e-05
0.00132092
-8.97847e-05
0.00132753
-8.72968e-05
0.0013345
-8.47886e-05
0.00134187
-8.22656e-05
0.00134967
-7.9736e-05
0.00135795
-7.72096e-05
0.00136674
-7.4697e-05
0.00137611
-7.22134e-05
0.00138607
-6.9779e-05
0.00139666
-6.74168e-05
0.00140788
-6.5148e-05
0.00141976
-6.29878e-05
0.0014323
-6.09676e-05
0.00144554
-5.91408e-05
0.00145946
-5.7524e-05
0.00147406
-5.61027e-05
0.00148933
-5.48981e-05
0.00150527
-5.3964e-05
0.00152186
-5.333e-05
0.0015391
-5.30004e-05
0.00155695
-5.29869e-05
0.0015754
-5.33116e-05
0.00159441
-5.40007e-05
0.00161395
-5.50731e-05
0.00163398
-5.65441e-05
0.00165447
-5.84292e-05
0.00167539
-6.07391e-05
0.00169669
-6.34885e-05
0.00171835
-6.66829e-05
0.00174033
-7.03436e-05
0.00176258
-7.44496e-05
0.00178506
-7.90569e-05
0.00180771
-8.4094e-05
0.00183046
-8.97097e-05
0.00185324
-9.56784e-05
-0.000102401
0.00187599
0.00129927
-5.44857e-05
0.00131245
-5.43304e-05
0.00132658
-5.45175e-05
0.00134149
-5.51372e-05
0.00135695
-5.62817e-05
0.00137266
-5.79837e-05
0.00138829
-6.02443e-05
0.00140352
-6.30399e-05
0.00141807
-6.63228e-05
0.00143171
-7.00216e-05
0.00144427
-7.40517e-05
0.00145562
-7.83244e-05
0.00146573
-8.27515e-05
0.00147458
-8.72491e-05
0.00148221
-9.17415e-05
0.00148868
-9.61628e-05
0.00149408
-0.000100458
0.00149852
-0.000104583
0.00150208
-0.000108503
0.00150488
-0.000112195
0.00150702
-0.000115641
0.00150859
-0.000118831
0.00150967
-0.00012176
0.00151034
-0.000124426
0.00151067
-0.000126831
0.0015107
-0.000128978
0.00151051
-0.000130873
0.00151012
-0.000132521
0.00150958
-0.000133927
0.00150893
-0.000135098
0.00150821
-0.00013604
0.00150743
-0.000136759
0.00150664
-0.000137261
0.00150586
-0.000137553
0.00150512
-0.000137641
0.00150444
-0.000137532
0.00150386
-0.000137233
0.0015034
-0.000136752
0.00150308
-0.000136097
0.00150294
-0.000135277
0.00150298
-0.0001343
0.00150323
-0.000133177
0.00150372
-0.000131923
0.00150446
-0.000130541
0.00150546
-0.000129045
0.00150673
-0.00012744
0.00150826
-0.00012575
0.00151006
-0.000123987
0.00151214
-0.000122156
0.00151449
-0.000120268
0.0015171
-0.000118325
0.00151997
-0.000116339
0.0015231
-0.00011432
0.00152648
-0.000112276
0.00153012
-0.000110211
0.00153402
-0.00010813
0.00153818
-0.000106031
0.0015426
-0.00010392
0.00154729
-0.000101798
0.00155226
-9.96669e-05
0.00155754
-9.75296e-05
0.00156315
-9.53878e-05
0.0015691
-9.32455e-05
0.00157542
-9.11086e-05
0.00158214
-8.89849e-05
0.00158928
-8.68824e-05
0.00159688
-8.48107e-05
0.00160497
-8.27825e-05
0.00161357
-8.08141e-05
0.00162271
-7.89229e-05
0.00163243
-7.71281e-05
0.00164272
-7.54477e-05
0.00165364
-7.39002e-05
0.00166517
-7.25056e-05
0.00167732
-7.129e-05
0.00169007
-7.02728e-05
0.00170343
-6.94593e-05
0.00171739
-6.88673e-05
0.00173195
-6.85243e-05
0.00174708
-6.84544e-05
0.00176275
-6.86698e-05
0.00177895
-6.91926e-05
0.00179568
-7.00418e-05
0.00181292
-7.1238e-05
0.00183063
-7.27928e-05
0.0018488
-7.47119e-05
0.00186737
-7.70033e-05
0.00188631
-7.96756e-05
0.00190556
-8.27405e-05
0.00192508
-8.62054e-05
0.00194483
-9.00927e-05
0.00196477
-9.43948e-05
0.00198487
-9.91553e-05
0.00200509
-0.000104321
0.0020254
-0.000110017
0.00204578
-0.000116054
-0.000122798
0.00206617
0.00170629
-6.52293e-05
0.00171763
-6.56707e-05
0.00172948
-6.63743e-05
0.00174172
-6.73749e-05
0.00175415
-6.87141e-05
0.00176657
-7.04034e-05
0.00177876
-7.24388e-05
0.00179052
-7.48004e-05
0.00180166
-7.74584e-05
0.00181201
-8.03725e-05
0.00182145
-8.34956e-05
0.0018299
-8.67768e-05
0.00183732
-9.01644e-05
0.00184368
-9.3608e-05
0.00184899
-9.70601e-05
0.00185331
-0.000100478
0.00185668
-0.000103824
0.00185916
-0.000107066
0.00186084
-0.000110178
0.00186178
-0.000113138
0.00186207
-0.00011593
0.00186178
-0.000118542
0.00186099
-0.000120965
0.00185976
-0.000123193
0.00185815
-0.000125222
0.00185622
-0.000127052
0.00185403
-0.000128682
0.00185163
-0.000130114
0.00184905
-0.000131348
0.00184634
-0.00013239
0.00184355
-0.000133241
0.00184069
-0.000133905
0.00183782
-0.000134388
0.00183496
-0.000134692
0.00183215
-0.000134825
0.00182941
-0.000134791
0.00182677
-0.000134595
0.00182427
-0.000134246
0.00182192
-0.000133748
0.00181975
-0.00013311
0.00181779
-0.000132339
0.00181606
-0.000131443
0.00181457
-0.000130432
0.00181334
-0.00012931
0.00181239
-0.000128088
0.00181173
-0.000126779
0.00181137
-0.000125389
0.0018113
-0.000123923
0.00181154
-0.000122389
0.00181207
-0.000120801
0.00181292
-0.000119171
0.00181407
-0.000117485
0.00181551
-0.000115765
0.00181726
-0.000114022
0.00181931
-0.000112255
0.00182165
-0.000110472
0.00182429
-0.000108672
0.00182724
-0.000106871
0.00183051
-0.000105067
0.00183411
-0.000103266
0.00183805
-0.00010147
0.00184234
-9.96788e-05
0.001847
-9.79009e-05
0.00185204
-9.6147e-05
0.00185748
-9.44289e-05
0.00186336
-9.27541e-05
0.00186968
-9.11312e-05
0.00187647
-8.95734e-05
0.00188375
-8.80972e-05
0.00189154
-8.67162e-05
0.00189986
-8.5444e-05
0.00190871
-8.42952e-05
0.0019181
-8.32894e-05
0.00192804
-8.2447e-05
0.00193853
-8.17807e-05
0.00194956
-8.13063e-05
0.00196114
-8.1043e-05
0.00197329
-8.10134e-05
0.00198598
-8.12142e-05
0.00199917
-8.16493e-05
0.00201284
-8.23411e-05
0.00202696
-8.33164e-05
0.00204152
-8.45944e-05
0.00205647
-8.61908e-05
0.0020718
-8.81235e-05
0.00208749
-9.04025e-05
0.00210351
-9.30279e-05
0.00211983
-9.59953e-05
0.0021364
-9.93141e-05
0.00215319
-0.000103
0.00217018
-0.00010708
0.00218734
-0.000111551
0.00220463
-0.000116448
0.00222203
-0.000121727
0.00223952
-0.000127505
0.00225708
-0.000133615
-0.000140382
0.00227466
0.0022099
-7.29844e-05
0.00221793
-7.37028e-05
0.00222615
-7.46025e-05
0.00223448
-7.5697e-05
0.00224277
-7.70046e-05
0.00225089
-7.85236e-05
0.00225869
-8.02474e-05
0.00226606
-8.21643e-05
0.00227285
-8.42568e-05
0.00227898
-8.6502e-05
0.00228436
-8.88737e-05
0.00228893
-9.13435e-05
0.00229265
-9.3882e-05
0.0022955
-9.64599e-05
0.00229749
-9.9049e-05
0.00229863
-0.000101623
0.00229896
-0.000104157
0.00229853
-0.000106629
0.00229737
-0.000109022
0.00229555
-0.000111317
0.00229312
-0.000113502
0.00229015
-0.000115566
0.00228668
-0.000117499
0.00228278
-0.000119294
0.00227851
-0.000120946
0.00227391
-0.000122451
0.00226904
-0.000123807
0.00226394
-0.000125012
0.00225865
-0.000126066
0.00225323
-0.000126969
0.00224772
-0.000127722
0.00224214
-0.000128328
0.00223654
-0.000128787
0.00223095
-0.000129104
0.00222541
-0.000129281
0.00221994
-0.000129322
0.00221458
-0.000129232
0.00220935
-0.000129015
0.00220428
-0.000128676
0.0021994
-0.000128222
0.00219471
-0.000127656
0.00219026
-0.000126985
0.00218604
-0.000126215
0.00218209
-0.000125354
0.00217841
-0.000124409
0.00217502
-0.000123389
0.00217193
-0.000122295
0.00216914
-0.000121132
0.00216666
-0.00011991
0.00216451
-0.000118646
0.00216268
-0.000117346
0.00216118
-0.000115987
0.00216002
-0.000114595
0.00215918
-0.000113181
0.00215867
-0.000111748
0.00215851
-0.000110311
0.0021587
-0.000108863
0.00215925
-0.000107421
0.00216017
-0.000105981
0.00216145
-0.000104554
0.00216313
-0.000103143
0.00216519
-0.000101739
0.00216764
-0.000100355
0.0021705
-9.90071e-05
0.00217379
-9.77202e-05
0.00217754
-9.64945e-05
0.00218174
-9.53347e-05
0.00218642
-9.42528e-05
0.00219159
-9.32646e-05
0.00219725
-9.23805e-05
0.00220341
-9.16076e-05
0.00221008
-9.09611e-05
0.00221725
-9.04627e-05
0.00222493
-9.01296e-05
0.00223312
-8.99681e-05
0.0022418
-8.99827e-05
0.00225094
-9.0189e-05
0.00226055
-9.0617e-05
0.00227061
-9.128e-05
0.00228113
-9.21717e-05
0.0022921
-9.33055e-05
0.00230347
-9.4693e-05
0.00231522
-9.63456e-05
0.00232731
-9.82745e-05
0.00233968
-0.000100499
0.00235232
-0.000103041
0.0023652
-0.000105913
0.00237832
-0.000109117
0.00239166
-0.000112653
0.00240519
-0.000116533
0.00241889
-0.000120777
0.00243273
-0.000125391
0.00244668
-0.000130399
0.00246072
-0.00013577
0.00247479
-0.000141574
0.00248885
-0.000147681
-0.00015431
0.00250278
0.00282696
-7.60708e-05
0.00283011
-7.68508e-05
0.00283326
-7.77486e-05
0.00283633
-7.87657e-05
0.00283923
-7.99105e-05
0.00284189
-8.11797e-05
0.00284421
-8.25677e-05
0.00284611
-8.40667e-05
0.00284752
-8.56664e-05
0.00284837
-8.73543e-05
0.00284861
-8.91159e-05
0.0028482
-9.09357e-05
0.00284712
-9.27977e-05
0.00284535
-9.46852e-05
0.00284288
-9.65821e-05
0.00283973
-9.84727e-05
0.00283591
-0.000100342
0.00283146
-0.000102176
0.0028264
-0.000103962
0.00282078
-0.000105689
0.00281462
-0.000107346
0.00280798
-0.000108925
0.0028009
-0.000110419
0.00279343
-0.000111819
0.0027856
-0.000113122
0.00277748
-0.000114324
0.00276909
-0.000115419
0.00276048
-0.000116407
0.0027517
-0.000117284
0.00274279
-0.000118051
0.00273377
-0.000118707
0.0027247
-0.000119251
0.00271559
-0.000119685
0.0027065
-0.000120009
0.00269745
-0.000120226
0.00268846
-0.000120338
0.00267958
-0.000120347
0.00267082
-0.000120257
0.00266222
-0.00012007
0.00265379
-0.000119791
0.00264556
-0.000119423
0.00263755
-0.000118972
0.00262977
-0.000118441
0.00262225
-0.000117836
0.00261501
-0.000117162
0.00260804
-0.000116424
0.00260138
-0.000115627
0.00259502
-0.000114777
0.00258899
-0.000113879
0.00258329
-0.000112941
0.00257791
-0.000111968
0.00257288
-0.000110957
0.00256821
-0.00010992
0.00256389
-0.000108867
0.00255995
-0.000107805
0.00255639
-0.000106746
0.00255321
-0.000105685
0.00255042
-0.000104627
0.00254802
-0.000103582
0.00254602
-0.000102555
0.00254443
-0.000101551
0.00254326
-0.00010057
0.00254253
-9.96229e-05
0.00254224
-9.87205e-05
0.00254241
-9.78845e-05
0.00254303
-9.71155e-05
0.00254411
-9.64181e-05
0.00254566
-9.58031e-05
0.00254768
-9.52838e-05
0.00255017
-9.48705e-05
0.00255313
-9.45676e-05
0.00255656
-9.43877e-05
0.00256044
-9.43481e-05
0.00256478
-9.44628e-05
0.00256955
-9.47422e-05
0.00257476
-9.51908e-05
0.00258038
-9.58148e-05
0.00258639
-9.66288e-05
0.00259277
-9.76518e-05
0.00259948
-9.88883e-05
0.00260652
-0.000100346
0.00261386
-0.000102036
0.00262149
-0.00010397
0.00262937
-0.000106154
0.00263746
-0.000108596
0.00264573
-0.000111309
0.00265413
-0.000114311
0.00266263
-0.000117616
0.0026712
-0.000121222
0.0026798
-0.000125135
0.00268837
-0.000129352
0.00269686
-0.000133878
0.00270517
-0.000138714
0.00271325
-0.000143851
0.00272098
-0.000149297
0.00272829
-0.000154993
-0.000161015
0.00273499
0.00357881
-7.29026e-05
0.00357557
-7.36138e-05
0.00357222
-7.43984e-05
0.00356871
-7.52538e-05
0.00356498
-7.61831e-05
0.00356099
-7.71836e-05
0.00355667
-7.82513e-05
0.00355199
-7.93818e-05
0.00354689
-8.0569e-05
0.00354134
-8.18061e-05
0.00353531
-8.30855e-05
0.00352877
-8.43987e-05
0.00352171
-8.57371e-05
0.00351412
-8.70916e-05
0.00350599
-8.84532e-05
0.00349733
-8.98129e-05
0.00348815
-9.11618e-05
0.00347847
-9.24916e-05
0.0034683
-9.37942e-05
0.00345767
-9.50623e-05
0.00344662
-9.62888e-05
0.00343516
-9.74677e-05
0.00342333
-9.85931e-05
0.00341118
-9.96599e-05
0.00339872
-0.000100664
0.003386
-0.000101601
0.00337304
-0.000102467
0.0033599
-0.000103261
0.00334659
-0.000103979
0.00333316
-0.00010462
0.00331964
-0.000105184
0.00330606
-0.000105668
0.00329245
-0.000106074
0.00327884
-0.0001064
0.00326527
-0.000106649
0.00325175
-0.000106821
0.00323832
-0.000106917
0.003225
-0.000106939
0.00321182
-0.00010689
0.00319881
-0.000106772
0.00318597
-0.000106587
0.00317334
-0.000106339
0.00316093
-0.000106032
0.00314876
-0.000105668
0.00313685
-0.000105251
0.00312522
-0.000104786
0.00311387
-0.000104277
0.00310282
-0.000103728
0.00309209
-0.000103144
0.00308168
-0.000102529
0.0030716
-0.000101889
0.00306187
-0.000101228
0.0030525
-0.000100551
0.0030435
-9.98655e-05
0.00303487
-9.91751e-05
0.00302661
-9.84857e-05
0.00301873
-9.78033e-05
0.00301124
-9.71326e-05
0.00300414
-9.64809e-05
0.00299743
-9.58499e-05
0.00299113
-9.52453e-05
0.00298524
-9.46781e-05
0.00297977
-9.41577e-05
0.00297474
-9.36853e-05
0.00297012
-9.32676e-05
0.00296592
-9.29118e-05
0.00296212
-9.26261e-05
0.00295874
-9.24186e-05
0.00295576
-9.22982e-05
0.00295316
-9.22744e-05
0.00295095
-9.23557e-05
0.00294911
-9.25505e-05
0.00294763
-9.28681e-05
0.00294649
-9.33195e-05
0.00294566
-9.39145e-05
0.00294513
-9.46636e-05
0.00294489
-9.55739e-05
0.00294492
-9.66535e-05
0.00294517
-9.79096e-05
0.00294563
-9.93496e-05
0.00294627
-0.00010098
0.00294704
-0.00010281
0.00294792
-0.000104846
0.00294886
-0.000107094
0.00294982
-0.00010956
0.00295076
-0.00011225
0.00295163
-0.000115176
0.00295235
-0.000118343
0.00295288
-0.000121748
0.00295313
-0.000125391
0.00295305
-0.000129265
0.00295254
-0.000133373
0.00295153
-0.000137701
0.00294993
-0.000142252
0.00294763
-0.000147001
0.00294459
-0.00015195
-0.000157077
0.00294065
0.0045035
-6.13595e-05
0.00449184
-6.1949e-05
0.00448002
-6.25836e-05
0.00446803
-6.32593e-05
0.00445582
-6.39769e-05
0.00444337
-6.47346e-05
0.00443065
-6.553e-05
0.00441763
-6.63603e-05
0.00440428
-6.72223e-05
0.00439059
-6.81121e-05
0.00437653
-6.90256e-05
0.00436209
-6.99584e-05
0.00434726
-7.0906e-05
0.00433203
-7.18636e-05
0.00431641
-7.28264e-05
0.00430038
-7.37893e-05
0.00428397
-7.47474e-05
0.00426717
-7.56958e-05
0.00425001
-7.66297e-05
0.00423249
-7.75445e-05
0.00421464
-7.84361e-05
0.00419647
-7.93002e-05
0.00417801
-8.0133e-05
0.00415928
-8.0931e-05
0.00414031
-8.16908e-05
0.00412112
-8.24095e-05
0.00410174
-8.30845e-05
0.00408219
-8.37134e-05
0.00406251
-8.42944e-05
0.00404271
-8.48259e-05
0.00402284
-8.53066e-05
0.00400291
-8.57356e-05
0.00398295
-8.61123e-05
0.00396298
-8.64365e-05
0.00394304
-8.67083e-05
0.00392315
-8.6928e-05
0.00390333
-8.70962e-05
0.00388361
-8.7214e-05
0.003864
-8.72826e-05
0.00384453
-8.73036e-05
0.00382523
-8.72787e-05
0.0038061
-8.72102e-05
0.00378717
-8.71002e-05
0.00376845
-8.69515e-05
0.00374997
-8.67667e-05
0.00373173
-8.65489e-05
0.00371376
-8.63012e-05
0.00369606
-8.6027e-05
0.00367864
-8.57297e-05
0.00366153
-8.54128e-05
0.00364472
-8.50803e-05
0.00362823
-8.47356e-05
0.00361206
-8.43832e-05
0.00359622
-8.40271e-05
0.00358072
-8.36721e-05
0.00356556
-8.33225e-05
0.00355074
-8.29828e-05
0.00353626
-8.26571e-05
0.00352213
-8.23504e-05
0.00350835
-8.20675e-05
0.00349492
-8.18133e-05
0.00348183
-8.15921e-05
0.00346909
-8.14103e-05
0.00345668
-8.1274e-05
0.0034446
-8.119e-05
0.00343285
-8.11645e-05
0.00342143
-8.12035e-05
0.00341033
-8.13135e-05
0.00339953
-8.15012e-05
0.00338903
-8.17734e-05
0.00337881
-8.21369e-05
0.00336886
-8.25986e-05
0.00335915
-8.31657e-05
0.00334968
-8.38454e-05
0.00334041
-8.46442e-05
0.00333132
-8.55684e-05
0.00332237
-8.6624e-05
0.00331353
-8.78174e-05
0.00330478
-8.91549e-05
0.00329607
-9.06422e-05
0.00328737
-9.22849e-05
0.00327865
-9.4088e-05
0.00326986
-9.60565e-05
0.00326096
-9.81945e-05
0.00325191
-0.000100506
0.00324265
-0.000102995
0.00323314
-0.000105665
0.00322332
-0.000108516
0.00321312
-0.000111547
0.00320248
-0.000114759
0.00319136
-0.000118145
0.0031797
-0.000121711
0.00316744
-0.000125439
0.00315453
-0.000129345
0.00314092
-0.000133391
0.00312659
-0.000137617
-0.000141945
0.00311146
0.00440955
-5.09712e-05
0.00439906
-5.14556e-05
0.00438844
-5.19692e-05
0.00437769
-5.25086e-05
0.00436679
-5.30732e-05
0.00435572
-5.36622e-05
0.00434446
-5.42738e-05
0.00433301
-5.49062e-05
0.00432134
-5.55575e-05
0.00430945
-5.62253e-05
0.00429734
-5.69072e-05
0.00428498
-5.76007e-05
0.00427238
-5.83032e-05
0.00425952
-5.9012e-05
0.00424642
-5.97243e-05
0.00423307
-6.04372e-05
0.00421947
-6.11477e-05
0.00420563
-6.1853e-05
0.00419155
-6.25502e-05
0.00417724
-6.32365e-05
0.00416272
-6.39094e-05
0.00414798
-6.45661e-05
0.00413306
-6.52043e-05
0.00411795
-6.58215e-05
0.00410267
-6.64156e-05
0.00408725
-6.69844e-05
0.00407169
-6.75261e-05
0.00405602
-6.80391e-05
0.00404024
-6.85219e-05
0.00402439
-6.89733e-05
0.00400848
-6.93925e-05
0.00399252
-6.97787e-05
0.00397654
-7.01314e-05
0.00396056
-7.04504e-05
0.00394458
-7.07356e-05
0.00392864
-7.09872e-05
0.00391275
-7.12054e-05
0.00389693
-7.13909e-05
0.00388119
-7.15446e-05
0.00386556
-7.16675e-05
0.00385004
-7.17608e-05
0.00383466
-7.18261e-05
0.00381942
-7.18651e-05
0.00380435
-7.18795e-05
0.00378946
-7.18713e-05
0.00377475
-7.18428e-05
0.00376025
-7.17963e-05
0.00374596
-7.17344e-05
0.00373189
-7.16597e-05
0.00371805
-7.1575e-05
0.00370445
-7.14834e-05
0.00369111
-7.13877e-05
0.00367802
-7.12913e-05
0.00366519
-7.11976e-05
0.00365263
-7.11099e-05
0.00364034
-7.10318e-05
0.00362832
-7.0967e-05
0.00361658
-7.09195e-05
0.00360513
-7.08932e-05
0.00359395
-7.08921e-05
0.00358306
-7.09206e-05
0.00357245
-7.09833e-05
0.00356213
-7.10847e-05
0.00355208
-7.12294e-05
0.00354232
-7.1422e-05
0.00353282
-7.16673e-05
0.00352359
-7.19701e-05
0.00351461
-7.23355e-05
0.00350588
-7.27684e-05
0.00349738
-7.32741e-05
0.0034891
-7.38577e-05
0.00348102
-7.45245e-05
0.00347314
-7.52796e-05
0.00346542
-7.61283e-05
0.00345785
-7.70758e-05
0.00345041
-7.81271e-05
0.00344308
-7.92871e-05
0.00343582
-8.05604e-05
0.00342862
-8.19518e-05
0.00342144
-8.34652e-05
0.00341426
-8.51048e-05
0.00340705
-8.68742e-05
0.00339977
-8.87767e-05
0.00339239
-9.08154e-05
0.00338487
-9.29928e-05
0.00337719
-9.53112e-05
0.0033693
-9.77716e-05
0.00336116
-0.000100376
0.00335273
-0.000103122
0.00334399
-0.000106014
0.00333489
-0.000109044
0.0033254
-0.00011222
0.00331548
-0.000115525
0.00330512
-0.000118979
0.00329427
-0.00012254
0.00328292
-0.000126266
-0.000130054
0.00327103
0.00441446
-4.15933e-05
0.004405
-4.19971e-05
0.00439545
-4.24189e-05
0.00438579
-4.28565e-05
0.00437603
-4.33093e-05
0.00436615
-4.37768e-05
0.00435613
-4.42578e-05
0.00434598
-4.47515e-05
0.00433568
-4.52566e-05
0.00432522
-4.57718e-05
0.00431461
-4.62956e-05
0.00430384
-4.68267e-05
0.0042929
-4.73635e-05
0.00428179
-4.79047e-05
0.00427051
-4.84486e-05
0.00425907
-4.89933e-05
0.00424746
-4.95374e-05
0.00423569
-5.00791e-05
0.00422375
-5.06168e-05
0.00421167
-5.11488e-05
0.00419943
-5.16736e-05
0.00418706
-5.21897e-05
0.00417455
-5.26954e-05
0.00416192
-5.31892e-05
0.00414917
-5.36694e-05
0.00413632
-5.41348e-05
0.00412338
-5.45841e-05
0.00411036
-5.50164e-05
0.00409727
-5.54305e-05
0.00408412
-5.58257e-05
0.00407093
-5.62016e-05
0.00405771
-5.65579e-05
0.00404447
-5.68944e-05
0.00403123
-5.72113e-05
0.00401801
-5.75084e-05
0.00400481
-5.77852e-05
0.00399164
-5.80421e-05
0.00397853
-5.82793e-05
0.00396549
-5.84977e-05
0.00395252
-5.86983e-05
0.00393964
-5.88823e-05
0.00392687
-5.90506e-05
0.00391421
-5.92041e-05
0.00390167
-5.93439e-05
0.00388927
-5.94717e-05
0.00387702
-5.95897e-05
0.00386492
-5.96996e-05
0.00385299
-5.9804e-05
0.00384124
-5.99043e-05
0.00382967
-6.0003e-05
0.00381829
-6.01023e-05
0.00380711
-6.02047e-05
0.00379613
-6.03127e-05
0.00378536
-6.04289e-05
0.00377481
-6.05559e-05
0.00376447
-6.06967e-05
0.00375436
-6.0854e-05
0.00374447
-6.10313e-05
0.00373481
-6.12313e-05
0.00372538
-6.14574e-05
0.00371617
-6.17129e-05
0.00370719
-6.20017e-05
0.00369843
-6.23269e-05
0.00368989
-6.26923e-05
0.00368157
-6.31014e-05
0.00367347
-6.35583e-05
0.00366556
-6.40664e-05
0.00365786
-6.46296e-05
0.00365034
-6.52521e-05
0.00364301
-6.59373e-05
0.00363584
-6.66895e-05
0.00362883
-6.75127e-05
0.00362196
-6.84105e-05
0.00361522
-6.93869e-05
0.00360859
-7.0446e-05
0.00360205
-7.15914e-05
0.00359559
-7.28267e-05
0.00358919
-7.41553e-05
0.00358282
-7.55807e-05
0.00357646
-7.71061e-05
0.00357009
-7.87343e-05
0.00356368
-8.04679e-05
0.00355721
-8.23098e-05
0.00355066
-8.42618e-05
0.00354399
-8.63265e-05
0.00353719
-8.85047e-05
0.00353022
-9.0798e-05
0.00352305
-9.32068e-05
0.00351566
-9.57311e-05
0.00350801
-9.83721e-05
0.0035001
-0.000101126
0.00349187
-0.000103998
0.00348333
-0.000106975
0.00347442
-0.000110076
0.00346515
-0.000113264
0.00345547
-0.000116591
-0.000119964
0.00344538
0.00440407
-3.39739e-05
0.00439639
-3.4318e-05
0.00438865
-3.46729e-05
0.00438083
-3.50368e-05
0.00437293
-3.54097e-05
0.00436494
-3.57911e-05
0.00435687
-3.61805e-05
0.00434869
-3.65776e-05
0.00434042
-3.69818e-05
0.00433204
-3.73921e-05
0.00432355
-3.7808e-05
0.00431495
-3.82287e-05
0.00430624
-3.86536e-05
0.00429742
-3.90814e-05
0.00428848
-3.9511e-05
0.00427943
-3.99423e-05
0.00427027
-4.03732e-05
0.00426099
-4.08038e-05
0.00425161
-4.1233e-05
0.00424212
-4.16597e-05
0.00423253
-4.2083e-05
0.00422284
-4.2503e-05
0.00421307
-4.29187e-05
0.00420321
-4.33293e-05
0.00419327
-4.37326e-05
0.00418327
-4.4129e-05
0.0041732
-4.45162e-05
0.00416308
-4.48931e-05
0.00415291
-4.52592e-05
0.00414269
-4.56103e-05
0.00413244
-4.59506e-05
0.00412217
-4.62818e-05
0.00411188
-4.66041e-05
0.00410158
-4.69177e-05
0.0040913
-4.72223e-05
0.00408103
-4.75174e-05
0.00407079
-4.78016e-05
0.00406059
-4.80746e-05
0.00405043
-4.8338e-05
0.00404032
-4.85921e-05
0.00403028
-4.88396e-05
0.00402031
-4.90801e-05
0.00401042
-4.93153e-05
0.00400062
-4.95435e-05
0.00399092
-4.97681e-05
0.00398132
-4.99904e-05
0.00397183
-5.02127e-05
0.00396247
-5.0437e-05
0.00395323
-5.06642e-05
0.00394412
-5.08962e-05
0.00393516
-5.1135e-05
0.00392633
-5.13829e-05
0.00391766
-5.16415e-05
0.00390915
-5.19125e-05
0.00390079
-5.21975e-05
0.00389259
-5.24991e-05
0.00388456
-5.2819e-05
0.00387669
-5.31604e-05
0.00386898
-5.35253e-05
0.00386144
-5.39166e-05
0.00385407
-5.43368e-05
0.00384686
-5.47896e-05
0.00383981
-5.52761e-05
0.00383291
-5.57996e-05
0.00382618
-5.63626e-05
0.00381959
-5.69686e-05
0.00381314
-5.76188e-05
0.00380683
-5.83168e-05
0.00380064
-5.90658e-05
0.00379457
-5.98677e-05
0.00378861
-6.07254e-05
0.00378274
-6.16434e-05
0.00377695
-6.26222e-05
0.00377123
-6.3667e-05
0.00376557
-6.47815e-05
0.00375994
-6.59672e-05
0.00375435
-6.72272e-05
0.00374875
-6.8564e-05
0.00374315
-6.99801e-05
0.00373753
-7.1478e-05
0.00373185
-7.3059e-05
0.00372611
-7.47255e-05
0.00372028
-7.64789e-05
0.00371434
-7.83195e-05
0.00370826
-8.02509e-05
0.00370203
-8.22721e-05
0.00369562
-8.43845e-05
0.003689
-8.65875e-05
0.00368215
-8.88821e-05
0.00367504
-9.1267e-05
0.00366766
-9.37424e-05
0.00365997
-9.63076e-05
0.00365196
-9.89591e-05
0.00364358
-0.000101703
0.00363484
-0.000104523
0.0036257
-0.000107448
-0.000110417
0.00361615
0.00437468
-2.79555e-05
0.00436861
-2.82477e-05
0.00436249
-2.85468e-05
0.0043563
-2.88507e-05
0.00435005
-2.91599e-05
0.00434373
-2.94738e-05
0.00433734
-2.97925e-05
0.00433088
-3.01159e-05
0.00432435
-3.0444e-05
0.00431773
-3.07761e-05
0.00431103
-3.11126e-05
0.00430426
-3.14526e-05
0.0042974
-3.17963e-05
0.00429046
-3.21422e-05
0.00428344
-3.24899e-05
0.00427634
-3.2839e-05
0.00426916
-3.31887e-05
0.00426189
-3.35392e-05
0.00425455
-3.38908e-05
0.00424713
-3.42429e-05
0.00423965
-3.45968e-05
0.0042321
-3.49521e-05
0.00422449
-3.53099e-05
0.00421682
-3.56654e-05
0.0042091
-3.60118e-05
0.00420133
-3.63507e-05
0.00419349
-3.66842e-05
0.00418562
-3.7015e-05
0.0041777
-3.7342e-05
0.00416975
-3.766e-05
0.00416177
-3.79735e-05
0.00415378
-3.8286e-05
0.00414577
-3.85986e-05
0.00413778
-3.89204e-05
0.0041298
-3.92403e-05
0.00412183
-3.95544e-05
0.00411389
-3.98589e-05
0.00410597
-4.0153e-05
0.00409808
-4.04432e-05
0.00409022
-4.07362e-05
0.00408241
-4.10328e-05
0.00407467
-4.13309e-05
0.00406698
-4.1626e-05
0.00405935
-4.19174e-05
0.0040518
-4.22136e-05
0.00404431
-4.25077e-05
0.00403691
-4.28095e-05
0.0040296
-4.31201e-05
0.00402237
-4.34391e-05
0.00401524
-4.37678e-05
0.00400822
-4.41072e-05
0.00400129
-4.44596e-05
0.00399448
-4.48264e-05
0.00398778
-4.52091e-05
0.00398119
-4.56077e-05
0.00397471
-4.60243e-05
0.00396836
-4.64606e-05
0.00396211
-4.69181e-05
0.00395599
-4.73998e-05
0.00394998
-4.79071e-05
0.00394408
-4.84414e-05
0.0039383
-4.9008e-05
0.00393263
-4.96041e-05
0.00392706
-5.02302e-05
0.0039216
-5.08989e-05
0.00391624
-5.16049e-05
0.00391096
-5.23402e-05
0.00390577
-5.3124e-05
0.00390065
-5.39489e-05
0.00389559
-5.48089e-05
0.00389059
-5.5723e-05
0.00388563
-5.66854e-05
0.0038807
-5.76889e-05
0.00387578
-5.87495e-05
0.00387087
-5.98669e-05
0.00386594
-6.10384e-05
0.00386098
-6.22667e-05
0.00385597
-6.35529e-05
0.00385089
-6.48978e-05
0.00384571
-6.63031e-05
0.00384042
-6.77696e-05
0.003835
-6.92994e-05
0.00382941
-7.08932e-05
0.00382365
-7.25516e-05
0.00381767
-7.4277e-05
0.00381147
-7.60684e-05
0.00380501
-7.79261e-05
0.00379827
-7.98495e-05
0.00379123
-8.18387e-05
0.00378386
-8.38931e-05
0.00377613
-8.60134e-05
0.00376802
-8.81987e-05
0.00375951
-9.04502e-05
0.00375058
-9.2769e-05
0.00374121
-9.51522e-05
0.00373137
-9.76084e-05
-0.000100117
0.00372107
0.00430057
-2.29079e-05
0.00429548
-2.3157e-05
0.00429034
-2.34103e-05
0.00428516
-2.36663e-05
0.00427993
-2.39248e-05
0.00427464
-2.4186e-05
0.0042693
-2.44498e-05
0.0042639
-2.47163e-05
0.00425844
-2.49855e-05
0.00425292
-2.52573e-05
0.00424734
-2.55321e-05
0.0042417
-2.58093e-05
0.00423599
-2.60892e-05
0.00423022
-2.6371e-05
0.00422438
-2.66547e-05
0.00421848
-2.69395e-05
0.00421252
-2.72261e-05
0.0042065
-2.75139e-05
0.00420041
-2.78039e-05
0.00419426
-2.80959e-05
0.00418806
-2.83917e-05
0.0041818
-2.86903e-05
0.00417548
-2.89928e-05
0.00416911
-2.92955e-05
0.00416269
-2.95928e-05
0.00415623
-2.98856e-05
0.00414972
-3.01774e-05
0.00414318
-3.04705e-05
0.0041366
-3.07636e-05
0.00413
-3.10556e-05
0.00412337
-3.13469e-05
0.00411672
-3.16391e-05
0.00411006
-3.19325e-05
0.00410337
-3.2237e-05
0.00409668
-3.25486e-05
0.00409
-3.28664e-05
0.00408331
-3.31727e-05
0.00407662
-3.346e-05
0.00406992
-3.37483e-05
0.00406324
-3.4056e-05
0.00405658
-3.43698e-05
0.00404993
-3.46822e-05
0.00404331
-3.49984e-05
0.00403671
-3.53253e-05
0.00403016
-3.56599e-05
0.00402364
-3.59896e-05
0.00401717
-3.63308e-05
0.00401073
-3.6684e-05
0.00400434
-3.70452e-05
0.00399799
-3.7417e-05
0.00399168
-3.78052e-05
0.00398544
-3.8215e-05
0.00397927
-3.86519e-05
0.00397316
-3.91058e-05
0.00396712
-3.95649e-05
0.00396114
-4.00384e-05
0.0039552
-4.05268e-05
0.00394932
-4.10319e-05
0.00394348
-4.15594e-05
0.00393768
-4.21099e-05
0.00393194
-4.26997e-05
0.00392626
-4.33299e-05
0.00392064
-4.39824e-05
0.00391506
-4.46499e-05
0.00390951
-4.53477e-05
0.00390399
-4.60875e-05
0.0038985
-4.68508e-05
0.00389303
-4.76516e-05
0.00388757
-4.84873e-05
0.0038821
-4.93411e-05
0.00387661
-5.02326e-05
0.00387108
-5.11541e-05
0.0038655
-5.21015e-05
0.00385984
-5.30923e-05
0.0038541
-5.41262e-05
0.00384826
-5.52006e-05
0.00384232
-5.63197e-05
0.00383625
-5.74814e-05
0.00383003
-5.86862e-05
0.00382366
-5.99335e-05
0.00381712
-6.12251e-05
0.00381039
-6.25634e-05
0.00380344
-6.39485e-05
0.00379627
-6.53799e-05
0.00378885
-6.68566e-05
0.00378116
-6.83779e-05
0.00377318
-6.99419e-05
0.00376488
-7.15483e-05
0.00375623
-7.31954e-05
0.00374722
-7.48844e-05
0.00373782
-7.66129e-05
0.00372801
-7.83857e-05
0.00371776
-8.02014e-05
0.00370707
-8.2069e-05
0.0036959
-8.39842e-05
0.00368425
-8.59595e-05
-8.79865e-05
0.00367212
0.0034234
-2.6743e-05
0.00342719
-2.69417e-05
0.00343092
-2.71421e-05
0.00343459
-2.7343e-05
0.00343821
-2.75441e-05
0.00344177
-2.77458e-05
0.00344527
-2.79482e-05
0.00344871
-2.81515e-05
0.00345208
-2.83556e-05
0.00345538
-2.85607e-05
0.00345862
-2.87669e-05
0.00346178
-2.89742e-05
0.00346488
-2.91826e-05
0.0034679
-2.93921e-05
0.00347085
-2.96028e-05
0.00347372
-2.98146e-05
0.00347652
-3.00276e-05
0.00347925
-3.0242e-05
0.00348191
-3.04578e-05
0.00348449
-3.06751e-05
0.00348699
-3.08941e-05
0.00348941
-3.11147e-05
0.00349176
-3.13369e-05
0.00349402
-3.15606e-05
0.00349622
-3.17857e-05
0.00349834
-3.20124e-05
0.00350041
-3.2241e-05
0.00350241
-3.24714e-05
0.00350435
-3.27033e-05
0.00350623
-3.29371e-05
0.00350806
-3.31733e-05
0.00350983
-3.34118e-05
0.00351155
-3.36519e-05
0.00351321
-3.3895e-05
0.00351481
-3.41458e-05
0.00351635
-3.44068e-05
0.00351784
-3.46654e-05
0.0035193
-3.49154e-05
0.00352072
-3.51688e-05
0.0035221
-3.54369e-05
0.00352344
-3.57112e-05
0.00352474
-3.59839e-05
0.00352601
-3.62616e-05
0.00352723
-3.65496e-05
0.00352842
-3.68435e-05
0.00352957
-3.71393e-05
0.00353068
-3.74453e-05
0.00353176
-3.77635e-05
0.00353281
-3.80915e-05
0.00353382
-3.84311e-05
0.00353481
-3.87877e-05
0.00353576
-3.91633e-05
0.00353667
-3.95645e-05
0.00353754
-3.99766e-05
0.00353836
-4.03873e-05
0.00353914
-4.08112e-05
0.00353986
-4.12495e-05
0.00354053
-4.17054e-05
0.00354116
-4.21853e-05
0.00354173
-4.26817e-05
0.00354224
-4.32043e-05
0.00354267
-4.37604e-05
0.00354303
-4.43397e-05
0.00354331
-4.49337e-05
0.00354351
-4.55437e-05
0.00354361
-4.61871e-05
0.00354362
-4.68599e-05
0.00354353
-4.75593e-05
0.00354333
-4.82929e-05
0.00354305
-4.90544e-05
0.00354266
-4.98417e-05
0.00354216
-5.06512e-05
0.00354154
-5.14868e-05
0.00354081
-5.2356e-05
0.00353994
-5.32629e-05
0.00353895
-5.4205e-05
0.0035378
-5.51749e-05
0.00353649
-5.61707e-05
0.003535
-5.71889e-05
0.0035333
-5.82304e-05
0.00353138
-5.93048e-05
0.00352923
-6.04161e-05
0.00352685
-6.15662e-05
0.00352422
-6.27541e-05
0.00352134
-6.39769e-05
0.0035182
-6.52321e-05
0.00351477
-6.6516e-05
0.00351105
-6.78263e-05
0.00350702
-6.91594e-05
0.00350265
-7.05155e-05
0.00349793
-7.18926e-05
0.00349284
-7.32945e-05
0.00348736
-7.4717e-05
0.00348146
-7.6172e-05
0.00347513
-7.76541e-05
0.00346836
-7.91878e-05
-8.07628e-05
0.00346114
0.00268392
-2.20762e-05
0.00267921
-2.22273e-05
0.00267445
-2.23792e-05
0.00266963
-2.2531e-05
0.00266477
-2.26825e-05
0.00265986
-2.28343e-05
0.0026549
-2.29865e-05
0.00264989
-2.31394e-05
0.00264483
-2.32932e-05
0.00263971
-2.34482e-05
0.00263455
-2.36045e-05
0.00262934
-2.37623e-05
0.00262408
-2.39216e-05
0.00261877
-2.40826e-05
0.00261341
-2.42454e-05
0.00260801
-2.44099e-05
0.00260256
-2.45765e-05
0.00259706
-2.47452e-05
0.00259152
-2.49161e-05
0.00258593
-2.50895e-05
0.00258031
-2.52656e-05
0.00257464
-2.54445e-05
0.00256893
-2.56259e-05
0.00256318
-2.58096e-05
0.00255739
-2.59951e-05
0.00255156
-2.6183e-05
0.00254569
-2.63738e-05
0.00253979
-2.65681e-05
0.00253385
-2.67663e-05
0.00252788
-2.69689e-05
0.00252189
-2.71761e-05
0.00251586
-2.73875e-05
0.00250981
-2.76026e-05
0.00250374
-2.78213e-05
0.00249764
-2.80436e-05
0.0024915
-2.82666e-05
0.00248533
-2.8492e-05
0.00247913
-2.87221e-05
0.00247292
-2.89571e-05
0.00246669
-2.91998e-05
0.00246043
-2.94506e-05
0.00245415
-2.97055e-05
0.00244785
-2.99637e-05
0.00244153
-3.02257e-05
0.00243518
-3.04937e-05
0.00242881
-3.07684e-05
0.00242242
-3.10515e-05
0.002416
-3.13448e-05
0.00240956
-3.16491e-05
0.00240309
-3.19646e-05
0.0023966
-3.22923e-05
0.00239006
-3.26318e-05
0.00238349
-3.29857e-05
0.00237686
-3.3351e-05
0.0023702
-3.37251e-05
0.0023635
-3.4112e-05
0.00235677
-3.4515e-05
0.00235
-3.49378e-05
0.0023432
-3.53825e-05
0.00233636
-3.58444e-05
0.00232948
-3.63203e-05
0.00232254
-3.68184e-05
0.00231554
-3.73392e-05
0.00230849
-3.7881e-05
0.00230139
-3.84418e-05
0.00229422
-3.90239e-05
0.002287
-3.96312e-05
0.0022797
-4.02641e-05
0.00227234
-4.0927e-05
0.0022649
-4.1622e-05
0.00225741
-4.23469e-05
0.00224986
-4.30988e-05
0.00224225
-4.38783e-05
0.00223459
-4.46887e-05
0.00222686
-4.55318e-05
0.00221906
-4.6406e-05
0.00221119
-4.73026e-05
0.00220324
-4.82211e-05
0.00219521
-4.91572e-05
0.00218709
-5.01114e-05
0.00217888
-5.10903e-05
0.00217056
-5.20964e-05
0.00216212
-5.31318e-05
0.00215357
-5.4196e-05
0.00214488
-5.52866e-05
0.00213605
-5.6401e-05
0.00212707
-5.75373e-05
0.00211794
-5.86929e-05
0.00210864
-5.98631e-05
0.00209918
-6.10493e-05
0.00208954
-6.22575e-05
0.00207974
-6.34884e-05
0.00206975
-6.47321e-05
0.00205957
-6.59913e-05
0.0020492
-6.72766e-05
0.00203863
-6.86223e-05
-7.00147e-05
0.00202789
0.0020775
-1.74392e-05
0.00207285
-1.75696e-05
0.00206817
-1.77001e-05
0.00206347
-1.78306e-05
0.00205875
-1.79608e-05
0.002054
-1.80912e-05
0.00204924
-1.82221e-05
0.00204445
-1.83535e-05
0.00203965
-1.8486e-05
0.00203482
-1.86198e-05
0.00202997
-1.87552e-05
0.0020251
-1.88925e-05
0.00202021
-1.90317e-05
0.0020153
-1.91728e-05
0.00201037
-1.93159e-05
0.00200542
-1.94611e-05
0.00200046
-1.96086e-05
0.00199547
-1.97586e-05
0.00199047
-1.99112e-05
0.00198544
-2.00667e-05
0.0019804
-2.02256e-05
0.00197535
-2.0388e-05
0.00197028
-2.05536e-05
0.00196519
-2.07204e-05
0.00196008
-2.08874e-05
0.00195495
-2.10567e-05
0.00194981
-2.12306e-05
0.00194465
-2.1409e-05
0.00193948
-2.15924e-05
0.00193429
-2.178e-05
0.00192909
-2.1972e-05
0.00192387
-2.21683e-05
0.00191864
-2.23683e-05
0.00191339
-2.25719e-05
0.00190812
-2.27792e-05
0.00190284
-2.2987e-05
0.00189755
-2.31968e-05
0.00189224
-2.34109e-05
0.00188691
-2.3629e-05
0.00188157
-2.38534e-05
0.0018762
-2.40839e-05
0.00187082
-2.43193e-05
0.00186541
-2.45602e-05
0.00185999
-2.48071e-05
0.00185456
-2.50606e-05
0.00184912
-2.5321e-05
0.00184365
-2.55891e-05
0.00183818
-2.58658e-05
0.00183268
-2.61516e-05
0.00182716
-2.64467e-05
0.00182162
-2.67516e-05
0.00181606
-2.70671e-05
0.00181047
-2.73938e-05
0.00180485
-2.77334e-05
0.00179921
-2.80863e-05
0.00179355
-2.84518e-05
0.00178787
-2.88315e-05
0.00178216
-2.92283e-05
0.00177642
-2.96418e-05
0.00177065
-3.00733e-05
0.00176486
-3.05229e-05
0.00175903
-3.09926e-05
0.00175318
-3.14821e-05
0.00174729
-3.19918e-05
0.00174137
-3.25211e-05
0.00173542
-3.30709e-05
0.00172943
-3.3642e-05
0.0017234
-3.4235e-05
0.00171733
-3.48518e-05
0.0017112
-3.54929e-05
0.00170501
-3.61587e-05
0.00169876
-3.68497e-05
0.00169245
-3.75653e-05
0.00168607
-3.83052e-05
0.00167961
-3.90685e-05
0.00167306
-3.98541e-05
0.00166642
-4.06601e-05
0.00165968
-4.14855e-05
0.00165286
-4.233e-05
0.00164594
-4.31938e-05
0.00163893
-4.40783e-05
0.00163182
-4.49849e-05
0.0016246
-4.5915e-05
0.00161728
-4.68676e-05
0.00160983
-4.78389e-05
0.00160226
-4.88272e-05
0.00159455
-4.98333e-05
0.00158672
-5.08571e-05
0.00157875
-5.1895e-05
0.00157065
-5.29483e-05
0.00156242
-5.4022e-05
0.00155405
-5.51129e-05
0.00154554
-5.62233e-05
0.00153691
-5.73601e-05
0.00152815
-5.85121e-05
0.00151923
-5.97e-05
-6.09427e-05
0.00151015
0.00159477
-1.35672e-05
0.00159089
-1.3692e-05
0.00158701
-1.38155e-05
0.00158311
-1.39383e-05
0.00157921
-1.40606e-05
0.00157531
-1.41829e-05
0.00157139
-1.43052e-05
0.00156746
-1.44275e-05
0.00156353
-1.45505e-05
0.00155958
-1.46748e-05
0.00155563
-1.48009e-05
0.00155167
-1.49286e-05
0.00154769
-1.50579e-05
0.00154371
-1.51888e-05
0.00153972
-1.53214e-05
0.00153571
-1.54559e-05
0.0015317
-1.55923e-05
0.00152767
-1.57309e-05
0.00152363
-1.58717e-05
0.00151958
-1.60148e-05
0.00151551
-1.6161e-05
0.00151144
-1.63114e-05
0.00150735
-1.64656e-05
0.00150325
-1.66208e-05
0.00149914
-1.67754e-05
0.00149502
-1.69316e-05
0.00149088
-1.70918e-05
0.00148673
-1.72564e-05
0.00148256
-1.74258e-05
0.00147838
-1.75994e-05
0.00147419
-1.77771e-05
0.00146998
-1.79592e-05
0.00146575
-1.81454e-05
0.00146152
-1.83356e-05
0.00145727
-1.853e-05
0.00145301
-1.87279e-05
0.00144874
-1.8929e-05
0.00144447
-1.91342e-05
0.00144018
-1.93433e-05
0.00143589
-1.95572e-05
0.00143158
-1.97763e-05
0.00142726
-2.00008e-05
0.00142294
-2.02308e-05
0.0014186
-2.04667e-05
0.00141425
-2.07086e-05
0.00140988
-2.09574e-05
0.00140551
-2.12131e-05
0.00140112
-2.14765e-05
0.00139672
-2.17479e-05
0.0013923
-2.20276e-05
0.00138786
-2.23158e-05
0.00138341
-2.26132e-05
0.00137894
-2.29203e-05
0.00137444
-2.32377e-05
0.00136992
-2.35663e-05
0.00136538
-2.39069e-05
0.00136081
-2.42604e-05
0.00135621
-2.4628e-05
0.00135158
-2.50101e-05
0.00134692
-2.54073e-05
0.00134221
-2.58203e-05
0.00133747
-2.625e-05
0.00133269
-2.66969e-05
0.00132786
-2.71614e-05
0.00132298
-2.76435e-05
0.00131806
-2.81436e-05
0.00131308
-2.86624e-05
0.00130805
-2.92001e-05
0.00130295
-2.97572e-05
0.0012978
-3.03342e-05
0.00129257
-3.09322e-05
0.00128727
-3.15521e-05
0.0012819
-3.21933e-05
0.00127645
-3.28551e-05
0.00127092
-3.35371e-05
0.00126531
-3.4238e-05
0.00125961
-3.49561e-05
0.00125381
-3.569e-05
0.00124793
-3.64401e-05
0.00124194
-3.72081e-05
0.00123586
-3.79948e-05
0.00122968
-3.88014e-05
0.00122339
-3.9629e-05
0.001217
-4.04757e-05
0.0012105
-4.13366e-05
0.00120389
-4.22101e-05
0.00119715
-4.30987e-05
0.0011903
-4.4005e-05
0.00118334
-4.49313e-05
0.00117628
-4.58814e-05
0.00116911
-4.6854e-05
0.00116183
-4.78338e-05
0.00115442
-4.88088e-05
0.00114686
-4.97953e-05
0.00113916
-5.08124e-05
0.00113135
-5.18864e-05
-5.30271e-05
0.00112343
0.00122361
-1.05885e-05
0.00122063
-1.07078e-05
0.00121764
-1.08236e-05
0.00121464
-1.09386e-05
0.00121163
-1.10535e-05
0.00120862
-1.11687e-05
0.0012056
-1.12834e-05
0.00120257
-1.13967e-05
0.00119953
-1.15098e-05
0.00119648
-1.16248e-05
0.00119342
-1.17421e-05
0.00119035
-1.18609e-05
0.00118727
-1.19806e-05
0.00118419
-1.21014e-05
0.00118109
-1.22233e-05
0.00117798
-1.23466e-05
0.00117486
-1.24715e-05
0.00117173
-1.25983e-05
0.00116858
-1.27269e-05
0.00116543
-1.28575e-05
0.00116226
-1.29909e-05
0.00115907
-1.3128e-05
0.00115588
-1.32688e-05
0.00115267
-1.34114e-05
0.00114945
-1.35552e-05
0.00114622
-1.3701e-05
0.00114298
-1.38502e-05
0.00113973
-1.40033e-05
0.00113646
-1.41609e-05
0.00113319
-1.43232e-05
0.0011299
-1.44899e-05
0.0011266
-1.46613e-05
0.0011233
-1.48371e-05
0.00111998
-1.50173e-05
0.00111665
-1.52017e-05
0.00111331
-1.53901e-05
0.00110997
-1.55824e-05
0.00110661
-1.57787e-05
0.00110325
-1.59791e-05
0.00109988
-1.61838e-05
0.00109649
-1.63931e-05
0.0010931
-1.6607e-05
0.0010897
-1.68259e-05
0.00108628
-1.70496e-05
0.00108285
-1.72787e-05
0.00107941
-1.75131e-05
0.00107595
-1.77531e-05
0.00107247
-1.79991e-05
0.00106898
-1.82513e-05
0.00106546
-1.85099e-05
0.00106192
-1.87754e-05
0.00105836
-1.90483e-05
0.00105477
-1.93288e-05
0.00105115
-1.96179e-05
0.0010475
-1.99162e-05
0.00104382
-2.02248e-05
0.00104011
-2.05445e-05
0.00103635
-2.08759e-05
0.00103257
-2.12195e-05
0.00102874
-2.15763e-05
0.00102486
-2.19468e-05
0.00102095
-2.2332e-05
0.00101698
-2.27322e-05
0.00101297
-2.31478e-05
0.00100891
-2.35788e-05
0.00100479
-2.40254e-05
0.00100062
-2.4488e-05
0.000996387
-2.49668e-05
0.000992094
-2.54622e-05
0.000987736
-2.59748e-05
0.00098331
-2.65054e-05
0.000978815
-2.70551e-05
0.000974247
-2.76234e-05
0.000969603
-2.82099e-05
0.000964882
-2.88141e-05
0.00096008
-2.94347e-05
0.000955196
-3.00696e-05
0.000950225
-3.07176e-05
0.000945167
-3.13799e-05
0.000940018
-3.20581e-05
0.000934777
-3.27518e-05
0.000929439
-3.34613e-05
0.000923998
-3.41868e-05
0.000918451
-3.49262e-05
0.000912792
-3.56764e-05
0.00090702
-3.64358e-05
0.00090113
-3.72067e-05
0.000895122
-3.79952e-05
0.000888998
-3.88049e-05
0.00088275
-3.9632e-05
0.000876367
-4.04689e-05
0.000869835
-4.12998e-05
0.000863145
-4.21164e-05
0.000856307
-4.29547e-05
0.000849349
-4.3853e-05
0.000842286
-4.48214e-05
-4.58446e-05
0.000835106
0.000941774
-8.3521e-06
0.000939529
-8.46163e-06
0.000937272
-8.56699e-06
0.000935005
-8.67144e-06
0.000932728
-8.77588e-06
0.00093044
-8.88039e-06
0.000928141
-8.98422e-06
0.000925832
-9.08657e-06
0.000923511
-9.18848e-06
0.000921178
-9.29196e-06
0.000918834
-9.39747e-06
0.000916478
-9.50426e-06
0.00091411
-9.61193e-06
0.000911729
-9.7204e-06
0.000909337
-9.82997e-06
0.000906931
-9.94079e-06
0.000904513
-1.00532e-05
0.000902083
-1.01674e-05
0.00089964
-1.02837e-05
0.000897186
-1.04023e-05
0.000894719
-1.05237e-05
0.00089224
-1.06484e-05
0.000889748
-1.07762e-05
0.000887244
-1.09065e-05
0.000884728
-1.10388e-05
0.000882202
-1.11739e-05
0.000879664
-1.13122e-05
0.000877116
-1.14544e-05
0.000874557
-1.16009e-05
0.000871986
-1.17521e-05
0.000869405
-1.19081e-05
0.000866813
-1.20688e-05
0.000864211
-1.22343e-05
0.000861599
-1.24044e-05
0.000858977
-1.25791e-05
0.000856346
-1.27582e-05
0.000853706
-1.29416e-05
0.000851057
-1.31289e-05
0.000848399
-1.33202e-05
0.000845732
-1.35155e-05
0.000843054
-1.37148e-05
0.000840366
-1.3918e-05
0.000837667
-1.41252e-05
0.000834954
-1.43363e-05
0.000832228
-1.45513e-05
0.000829486
-1.47704e-05
0.000826728
-1.49936e-05
0.000823951
-1.52209e-05
0.000821153
-1.54526e-05
0.000818333
-1.56889e-05
0.000815489
-1.59299e-05
0.000812618
-1.61762e-05
0.000809718
-1.64282e-05
0.000806788
-1.66864e-05
0.000803825
-1.69518e-05
0.000800827
-1.72254e-05
0.000797791
-1.75078e-05
0.000794717
-1.77997e-05
0.0007916
-1.81017e-05
0.00078844
-1.8415e-05
0.000785235
-1.87401e-05
0.000781982
-1.90778e-05
0.000778681
-1.94288e-05
0.000775328
-1.97933e-05
0.000771922
-2.01715e-05
0.000768462
-2.05635e-05
0.000764945
-2.09698e-05
0.00076137
-2.13904e-05
0.000757735
-2.18255e-05
0.000754038
-2.22753e-05
0.000750274
-2.27404e-05
0.000746442
-2.32212e-05
0.000742538
-2.37174e-05
0.000738558
-2.42287e-05
0.000734501
-2.47543e-05
0.00073036
-2.52926e-05
0.000726134
-2.58413e-05
0.000721818
-2.63993e-05
0.000717407
-2.69679e-05
0.0007129
-2.75483e-05
0.000708289
-2.81394e-05
0.000703572
-2.87418e-05
0.000698742
-2.93553e-05
0.000693796
-2.99776e-05
0.000688729
-3.06076e-05
0.000683539
-3.12441e-05
0.000678223
-3.18886e-05
0.000672778
-3.25478e-05
0.000667197
-3.32221e-05
0.000661461
-3.3893e-05
0.000655538
-3.45442e-05
0.000649416
-3.5175e-05
0.000643106
-3.58037e-05
0.000636631
-3.64776e-05
0.000629994
-3.7214e-05
0.000623177
-3.80019e-05
-3.8835e-05
0.000616169
0.000727927
-6.66657e-06
0.000726228
-6.7627e-06
0.000724516
-6.85458e-06
0.000722791
-6.94575e-06
0.000721052
-7.03669e-06
0.000719299
-7.12723e-06
0.000717533
-7.21728e-06
0.000715753
-7.30655e-06
0.000713961
-7.39577e-06
0.000712156
-7.48618e-06
0.000710337
-7.57808e-06
0.000708504
-7.67127e-06
0.000706658
-7.76572e-06
0.0007048
-7.86127e-06
0.000702928
-7.95824e-06
0.000701045
-8.05673e-06
0.000699149
-8.15702e-06
0.000697242
-8.25948e-06
0.000695323
-8.36425e-06
0.000693393
-8.47161e-06
0.000691452
-8.582e-06
0.000689499
-8.69546e-06
0.000687536
-8.81209e-06
0.000685561
-8.93147e-06
0.000683577
-9.05349e-06
0.000681582
-9.17852e-06
0.000679577
-9.30685e-06
0.000677563
-9.4391e-06
0.000675538
-9.57558e-06
0.000673503
-9.71661e-06
0.000671458
-9.86248e-06
0.000669404
-1.00132e-05
0.000667339
-1.01687e-05
0.000665264
-1.03292e-05
0.00066318
-1.04943e-05
0.000661087
-1.06641e-05
0.000658985
-1.08382e-05
0.000656873
-1.10164e-05
0.000654752
-1.11986e-05
0.000652622
-1.13844e-05
0.000650482
-1.15738e-05
0.000648331
-1.17666e-05
0.00064617
-1.19624e-05
0.000643995
-1.21611e-05
0.000641808
-1.23626e-05
0.000639605
-1.25665e-05
0.000637385
-1.27729e-05
0.000635147
-1.29816e-05
0.000632888
-1.31927e-05
0.000630607
-1.34062e-05
0.0006283
-1.36223e-05
0.000625967
-1.38413e-05
0.000623603
-1.40637e-05
0.000621208
-1.429e-05
0.000618779
-1.45211e-05
0.000616313
-1.47578e-05
0.000613807
-1.5001e-05
0.00061126
-1.52513e-05
0.000608669
-1.55094e-05
0.000606032
-1.57766e-05
0.000603348
-1.60537e-05
0.000600613
-1.63415e-05
0.000597826
-1.66408e-05
0.000594987
-1.69519e-05
0.000592092
-1.72751e-05
0.000589141
-1.76107e-05
0.000586132
-1.79589e-05
0.000583063
-1.83196e-05
0.000579932
-1.86926e-05
0.000576736
-1.90777e-05
0.000573472
-1.94753e-05
0.000570138
-1.98852e-05
0.00056673
-2.03071e-05
0.000563243
-2.07399e-05
0.000559673
-2.11827e-05
0.000556017
-2.16343e-05
0.00055227
-2.20927e-05
0.00054843
-2.2557e-05
0.000544492
-2.30279e-05
0.000540452
-2.35059e-05
0.000536304
-2.39894e-05
0.000532044
-2.4479e-05
0.000527665
-2.49748e-05
0.000523163
-2.54735e-05
0.000518532
-2.59736e-05
0.000513764
-2.6474e-05
0.000508851
-2.69736e-05
0.000503781
-2.74755e-05
0.00049854
-2.7978e-05
0.000493111
-2.84615e-05
0.000487476
-2.89068e-05
0.000481624
-2.93202e-05
0.000475559
-2.97369e-05
0.0004693
-3.02157e-05
0.000462847
-3.07588e-05
0.000456196
-3.13477e-05
-3.19871e-05
0.00044935
0.000565003
-5.37149e-06
0.000563693
-5.45243e-06
0.000562368
-5.52894e-06
0.000561028
-5.60558e-06
0.000559674
-5.68205e-06
0.000558306
-5.75834e-06
0.000556923
-5.83436e-06
0.000555527
-5.91031e-06
0.000554119
-5.98666e-06
0.000552697
-6.06417e-06
0.000551262
-6.14311e-06
0.000549815
-6.22361e-06
0.000548356
-6.30568e-06
0.000546884
-6.38941e-06
0.000545402
-6.475e-06
0.000543908
-6.56254e-06
0.000542404
-6.65237e-06
0.000540889
-6.74468e-06
0.000539365
-6.83968e-06
0.000537832
-6.93758e-06
0.000536289
-7.03846e-06
0.000534737
-7.1425e-06
0.000533175
-7.24963e-06
0.000531604
-7.35973e-06
0.000530024
-7.47269e-06
0.000528434
-7.58877e-06
0.000526837
-7.70826e-06
0.00052523
-7.83152e-06
0.000523614
-7.95898e-06
0.000521989
-8.09083e-06
0.000520354
-8.2274e-06
0.000518711
-8.36876e-06
0.000517058
-8.51501e-06
0.000515395
-8.66599e-06
0.000513724
-8.82177e-06
0.000512043
-8.98216e-06
0.000510352
-9.1469e-06
0.000508652
-9.31572e-06
0.000506943
-9.48824e-06
0.000505224
-9.66428e-06
0.000503494
-9.84347e-06
0.000501754
-1.00254e-05
0.000500002
-1.02096e-05
0.000498238
-1.03957e-05
0.00049646
-1.05832e-05
0.000494666
-1.07718e-05
0.000492855
-1.09611e-05
0.000491025
-1.11507e-05
0.000489175
-1.13407e-05
0.0004873
-1.15308e-05
0.0004854
-1.17211e-05
0.000483472
-1.19119e-05
0.000481513
-1.21035e-05
0.000479521
-1.22965e-05
0.000477493
-1.24916e-05
0.000475427
-1.26899e-05
0.000473319
-1.28921e-05
0.000471169
-1.30991e-05
0.000468972
-1.33119e-05
0.000466729
-1.35313e-05
0.000464435
-1.37586e-05
0.00046209
-1.39949e-05
0.000459692
-1.42412e-05
0.00045724
-1.44979e-05
0.000454732
-1.47653e-05
0.000452167
-1.50437e-05
0.000449543
-1.53334e-05
0.000446859
-1.56336e-05
0.000444112
-1.59439e-05
0.0004413
-1.62637e-05
0.000438419
-1.65929e-05
0.000435468
-1.69317e-05
0.000432442
-1.72789e-05
0.000429337
-1.76329e-05
0.000426149
-1.79929e-05
0.000422875
-1.83578e-05
0.00041951
-1.8726e-05
0.000416052
-1.90964e-05
0.000412495
-1.94689e-05
0.000408834
-1.98429e-05
0.000405063
-2.02163e-05
0.000401175
-2.05885e-05
0.000397163
-2.09598e-05
0.000393018
-2.13267e-05
0.000388734
-2.16869e-05
0.000384301
-2.20381e-05
0.000379707
-2.23777e-05
0.00037494
-2.2706e-05
0.000369986
-2.30214e-05
0.00036484
-2.33126e-05
0.000359506
-2.35698e-05
0.000353991
-2.3802e-05
0.000348304
-2.40479e-05
0.000342466
-2.43741e-05
0.00033649
-2.47804e-05
0.000330388
-2.52429e-05
-2.57579e-05
0.000324162
0.000440198
-4.35342e-06
0.000439166
-4.41988e-06
0.000438119
-4.48133e-06
0.000437058
-4.54425e-06
0.000435983
-4.60712e-06
0.000434896
-4.67018e-06
0.000433795
-4.73353e-06
0.000432683
-4.79731e-06
0.000431558
-4.86199e-06
0.000430423
-4.92804e-06
0.000429276
-4.9958e-06
0.000428118
-5.06542e-06
0.00042695
-5.13706e-06
0.000425772
-5.21086e-06
0.000424584
-5.28699e-06
0.000423388
-5.36561e-06
0.000422183
-5.4469e-06
0.00042097
-5.53098e-06
0.000419749
-5.61801e-06
0.00041852
-5.70804e-06
0.000417283
-5.80117e-06
0.000416038
-5.89736e-06
0.000414786
-5.99655e-06
0.000413525
-6.09865e-06
0.000412257
-6.20367e-06
0.000410981
-6.3117e-06
0.000409696
-6.42303e-06
0.000408403
-6.53792e-06
0.000407102
-6.65676e-06
0.000405791
-6.77989e-06
0.000404472
-6.90742e-06
0.000403144
-7.03958e-06
0.000401806
-7.17644e-06
0.000400459
-7.31801e-06
0.000399102
-7.46426e-06
0.000397736
-7.61503e-06
0.00039636
-7.77007e-06
0.000394974
-7.92901e-06
0.000393578
-8.09149e-06
0.000392172
-8.25712e-06
0.000390755
-8.42548e-06
0.000389326
-8.59594e-06
0.000387886
-8.7679e-06
0.000386432
-8.94072e-06
0.000384963
-9.11377e-06
0.000383479
-9.28632e-06
0.000381977
-9.45775e-06
0.000380455
-9.62746e-06
0.00037891
-9.79514e-06
0.000377341
-9.96065e-06
0.000375746
-1.0124e-05
0.00037412
-1.02853e-05
0.000372463
-1.0445e-05
0.000370771
-1.06036e-05
0.000369043
-1.0762e-05
0.000367276
-1.09209e-05
0.000365466
-1.10814e-05
0.000363613
-1.12445e-05
0.000361714
-1.14111e-05
0.000359766
-1.15822e-05
0.000357769
-1.17595e-05
0.00035572
-1.19445e-05
0.000353619
-1.21384e-05
0.000351464
-1.23413e-05
0.000349254
-1.2554e-05
0.000346989
-1.27769e-05
0.000344668
-1.30099e-05
0.000342288
-1.32516e-05
0.000339847
-1.3501e-05
0.000337342
-1.37573e-05
0.000334772
-1.40204e-05
0.000332132
-1.42905e-05
0.000329421
-1.45655e-05
0.000326633
-1.48433e-05
0.000323766
-1.51236e-05
0.000320816
-1.54055e-05
0.000317779
-1.56871e-05
0.000314652
-1.59666e-05
0.000311429
-1.62433e-05
0.000308104
-1.65158e-05
0.000304671
-1.67815e-05
0.000301124
-1.70388e-05
0.000297454
-1.72873e-05
0.000293654
-1.75238e-05
0.000289715
-1.77456e-05
0.00028563
-1.79503e-05
0.000281391
-1.81363e-05
0.000276993
-1.83045e-05
0.000272432
-1.84575e-05
0.000267715
-1.85932e-05
0.000262865
-1.8716e-05
0.000257906
-1.88406e-05
0.000252863
-1.90019e-05
0.000247747
-1.92551e-05
0.00024257
-1.95996e-05
0.00023734
-2.00094e-05
-2.04696e-05
0.000232055
0.000344073
-3.53757e-06
0.000343245
-3.59155e-06
0.000342404
-3.63937e-06
0.000341551
-3.69057e-06
0.000340685
-3.74164e-06
0.000339809
-3.79347e-06
0.000338922
-3.84605e-06
0.000338025
-3.89965e-06
0.000337118
-3.95461e-06
0.000336201
-4.01134e-06
0.000335276
-4.07007e-06
0.000334342
-4.13104e-06
0.0003334
-4.19449e-06
0.00033245
-4.26044e-06
0.000331493
-4.3292e-06
0.000330528
-4.40069e-06
0.000329557
-4.47516e-06
0.000328579
-4.55264e-06
0.000327595
-4.63311e-06
0.000326604
-4.7166e-06
0.000325606
-4.80312e-06
0.000324602
-4.89245e-06
0.000323591
-4.98466e-06
0.000322572
-5.07949e-06
0.000321546
-5.17708e-06
0.000320513
-5.27746e-06
0.000319471
-5.38079e-06
0.000318421
-5.48741e-06
0.000317363
-5.59758e-06
0.000316295
-5.71167e-06
0.000315219
-5.83e-06
0.000314132
-5.95259e-06
0.000313036
-6.07977e-06
0.000311931
-6.21153e-06
0.000310815
-6.34785e-06
0.000309689
-6.48859e-06
0.000308554
-6.63344e-06
0.000307407
-6.78198e-06
0.000306251
-6.93382e-06
0.000305083
-7.0882e-06
0.000303903
-7.24474e-06
0.000302711
-7.4028e-06
0.000301505
-7.56156e-06
0.000300286
-7.72021e-06
0.000299051
-7.87781e-06
0.000297799
-8.03342e-06
0.000296529
-8.18615e-06
0.000295237
-8.33503e-06
0.000293923
-8.47969e-06
0.000292583
-8.61972e-06
0.000291215
-8.75507e-06
0.000289817
-8.88598e-06
0.000288387
-9.01295e-06
0.000286921
-9.13667e-06
0.000285418
-9.25804e-06
0.000283876
-9.37772e-06
0.000282293
-9.49701e-06
0.000280667
-9.61691e-06
0.000278996
-9.73846e-06
0.000277278
-9.86279e-06
0.000275512
-9.99198e-06
0.000273697
-1.01281e-05
0.000271833
-1.02725e-05
0.000269919
-1.0425e-05
0.000267953
-1.05868e-05
0.000265937
-1.07586e-05
0.000263868
-1.09397e-05
0.000261746
-1.11277e-05
0.000259569
-1.13214e-05
0.000257333
-1.15196e-05
0.000255036
-1.17222e-05
0.000252677
-1.1929e-05
0.000250251
-1.21377e-05
0.000247756
-1.2346e-05
0.000245189
-1.25539e-05
0.000242545
-1.27599e-05
0.000239823
-1.29623e-05
0.000237017
-1.31588e-05
0.000234125
-1.33484e-05
0.000231141
-1.3529e-05
0.00022806
-1.36982e-05
0.000224877
-1.38536e-05
0.000221587
-1.39941e-05
0.000218183
-1.41174e-05
0.000214662
-1.42218e-05
0.000211021
-1.43061e-05
0.000207259
-1.43717e-05
0.00020338
-1.44217e-05
0.000199389
-1.44637e-05
0.0001953
-1.45012e-05
0.000191134
-1.45471e-05
0.000186914
-1.46165e-05
0.000182658
-1.47423e-05
0.000178376
-1.49696e-05
0.000174077
-1.5297e-05
0.000169764
-1.56936e-05
-1.6132e-05
0.00016543
0.000269686
-2.87544e-06
0.000269014
-2.9192e-06
0.00026833
-2.9554e-06
0.000267638
-2.99734e-06
0.000266935
-3.0386e-06
0.000266223
-3.08158e-06
0.000265503
-3.12559e-06
0.000264775
-3.17123e-06
0.00026404
-3.21859e-06
0.000263297
-3.26805e-06
0.000262547
-3.31988e-06
0.00026179
-3.37419e-06
0.000261028
-3.43125e-06
0.000260259
-3.4911e-06
0.000259484
-3.5539e-06
0.000258703
-3.61969e-06
0.000257917
-3.68854e-06
0.000257125
-3.76034e-06
0.000256328
-3.83515e-06
0.000255524
-3.91274e-06
0.000254715
-3.99314e-06
0.000253899
-4.07607e-06
0.000253077
-4.16154e-06
0.000252247
-4.24932e-06
0.00025141
-4.3395e-06
0.000250565
-4.4321e-06
0.000249712
-4.52732e-06
0.000248851
-4.62531e-06
0.00024798
-4.72646e-06
0.0002471
-4.83099e-06
0.000246211
-4.93945e-06
0.000245311
-5.05202e-06
0.000244401
-5.16906e-06
0.00024348
-5.29045e-06
0.00024255
-5.41647e-06
0.000241608
-5.54664e-06
0.000240657
-5.68083e-06
0.000239694
-5.81837e-06
0.00023872
-5.95885e-06
0.000237734
-6.10142e-06
0.000236735
-6.24557e-06
0.000235724
-6.39041e-06
0.000234698
-6.53506e-06
0.000233657
-6.67846e-06
0.0002326
-6.81964e-06
0.000231525
-6.95723e-06
0.00023043
-7.0902e-06
0.000229313
-7.21735e-06
0.000228173
-7.33812e-06
0.000227006
-7.45189e-06
0.000225811
-7.55879e-06
0.000224585
-7.65898e-06
0.000223327
-7.75349e-06
0.000222034
-7.84292e-06
0.000220706
-7.92847e-06
0.00021934
-8.01078e-06
0.000217936
-8.09131e-06
0.000216491
-8.17099e-06
0.000215006
-8.25109e-06
0.000213477
-8.33257e-06
0.000211905
-8.41834e-06
0.000210289
-8.51053e-06
0.000208629
-8.61076e-06
0.000206924
-8.71903e-06
0.000205176
-8.83689e-06
0.000203384
-8.96464e-06
0.000201547
-9.10107e-06
0.000199664
-9.24296e-06
0.000197734
-9.38911e-06
0.000195753
-9.53734e-06
0.00019372
-9.6874e-06
0.000191633
-9.83916e-06
0.000189487
-9.99021e-06
0.000187281
-1.01382e-05
0.000185012
-1.02826e-05
0.000182677
-1.04223e-05
0.000180273
-1.05562e-05
0.000177799
-1.06819e-05
0.000175251
-1.07983e-05
0.000172627
-1.09027e-05
0.000169925
-1.09931e-05
0.000167141
-1.10669e-05
0.000164273
-1.11232e-05
0.00016132
-1.11614e-05
0.000158282
-1.11817e-05
0.000155164
-1.11849e-05
0.00015197
-1.11746e-05
0.000148707
-1.11556e-05
0.000145385
-1.11386e-05
0.000142016
-1.11283e-05
0.000138614
-1.11419e-05
0.000135194
-1.11931e-05
0.00013177
-1.13146e-05
0.000128344
-1.15395e-05
0.000124918
-1.18673e-05
0.000121482
-1.22534e-05
-1.26564e-05
0.00011801
0.000211896
-2.3346e-06
0.000211347
-2.37025e-06
0.000210789
-2.39688e-06
0.000210224
-2.43197e-06
0.000209651
-2.46551e-06
0.000209072
-2.50189e-06
0.000208486
-2.53931e-06
0.000207894
-2.57892e-06
0.000207296
-2.62052e-06
0.000206693
-2.66441e-06
0.000206084
-2.7109e-06
0.00020547
-2.76001e-06
0.000204851
-2.81194e-06
0.000204227
-2.86666e-06
0.000203598
-2.92448e-06
0.000202964
-2.98525e-06
0.000202325
-3.04902e-06
0.000201681
-3.11557e-06
0.000201031
-3.18498e-06
0.000200376
-3.25677e-06
0.000199714
-3.3311e-06
0.000199046
-3.40754e-06
0.000198371
-3.48622e-06
0.000197689
-3.56669e-06
0.000196999
-3.64928e-06
0.000196301
-3.73378e-06
0.000195595
-3.8205e-06
0.00019488
-3.90951e-06
0.000194155
-4.00132e-06
0.000193421
-4.09608e-06
0.000192677
-4.19448e-06
0.000191922
-4.29669e-06
0.000191157
-4.4033e-06
0.000190381
-4.51402e-06
0.000189595
-4.62928e-06
0.000188797
-4.74846e-06
0.000187988
-4.87148e-06
0.000187168
-4.99735e-06
0.000186336
-5.12581e-06
0.000185491
-5.25576e-06
0.000184633
-5.38663e-06
0.00018376
-5.51729e-06
0.000182873
-5.64685e-06
0.000181969
-5.77398e-06
0.000181048
-5.89773e-06
0.000180109
-6.01644e-06
0.000179148
-6.12897e-06
0.000178166
-6.23372e-06
0.000177159
-6.3303e-06
0.000176126
-6.41787e-06
0.000175065
-6.49684e-06
0.000173974
-6.56741e-06
0.000172853
-6.63106e-06
0.0001717
-6.68861e-06
0.000170514
-6.74152e-06
0.000169295
-6.79039e-06
0.000168042
-6.83685e-06
0.000166754
-6.88161e-06
0.00016543
-6.92604e-06
0.00016407
-6.97116e-06
0.000162673
-7.02042e-06
0.00016124
-7.07575e-06
0.00015977
-7.13939e-06
0.000158265
-7.2117e-06
0.000156724
-7.29446e-06
0.000155148
-7.38695e-06
0.000153536
-7.48761e-06
0.000151887
-7.59238e-06
0.000150199
-7.69947e-06
0.00014847
-7.80583e-06
0.000146696
-7.91181e-06
0.000144876
-8.01729e-06
0.000143008
-8.11961e-06
0.000141088
-8.21627e-06
0.000139115
-8.30748e-06
0.000137088
-8.39288e-06
0.000135006
-8.47171e-06
0.000132867
-8.5414e-06
0.000130673
-8.60124e-06
0.000128421
-8.64789e-06
0.000126111
-8.68035e-06
0.000123743
-8.69612e-06
0.000121317
-8.69528e-06
0.000118838
-8.6789e-06
0.000116308
-8.64889e-06
0.000113733
-8.6071e-06
0.00011112
-8.55856e-06
0.000108477
-8.50856e-06
0.00010581
-8.46889e-06
0.000103128
-8.44271e-06
0.00010044
-8.45033e-06
9.77542e-05
-8.5037e-06
9.50799e-05
-8.63664e-06
9.24141e-05
-8.86991e-06
8.97553e-05
-9.20465e-06
8.7081e-05
-9.57515e-06
-9.9336e-06
8.43623e-05
0.000166856
-1.89165e-06
0.000166407
-1.92099e-06
0.000165951
-1.9404e-06
0.00016549
-1.97064e-06
0.000165023
-1.99824e-06
0.000164551
-2.02985e-06
0.000164074
-2.06233e-06
0.000163593
-2.09738e-06
0.000163107
-2.13446e-06
0.000162617
-2.17403e-06
0.000162123
-2.21617e-06
0.000161624
-2.26091e-06
0.000161121
-2.30853e-06
0.000160613
-2.35879e-06
0.000160101
-2.4121e-06
0.000159585
-2.46809e-06
0.000159063
-2.52698e-06
0.000158536
-2.58827e-06
0.000158004
-2.65214e-06
0.000157465
-2.71797e-06
0.000156921
-2.786e-06
0.000156369
-2.85567e-06
0.00015581
-2.92721e-06
0.000155244
-3.00014e-06
0.00015467
-3.07481e-06
0.000154088
-3.15088e-06
0.000153497
-3.22889e-06
0.000152896
-3.30862e-06
0.000152286
-3.39086e-06
0.000151667
-3.47562e-06
0.000151036
-3.56385e-06
0.000150396
-3.65556e-06
0.000149745
-3.75152e-06
0.000149083
-3.85139e-06
0.00014841
-3.95569e-06
0.000147725
-4.06348e-06
0.000147029
-4.1748e-06
0.000146321
-4.28847e-06
0.0001456
-4.40422e-06
0.000144866
-4.52072e-06
0.000144117
-4.63754e-06
0.000143354
-4.75318e-06
0.000142574
-4.86681e-06
0.000141778
-4.97695e-06
0.000140964
-5.08276e-06
0.000140131
-5.1822e-06
0.000139277
-5.2741e-06
0.0001384
-5.3567e-06
0.000137501
-5.42976e-06
0.000136576
-5.49235e-06
0.000135626
-5.54525e-06
0.000134648
-5.58887e-06
0.000133643
-5.62511e-06
0.00013261
-5.65494e-06
0.00013155
-5.6803e-06
0.000130463
-5.70156e-06
0.000129347
-5.72049e-06
0.000128204
-5.73722e-06
0.000127033
-5.75352e-06
0.000125833
-5.77026e-06
0.000124605
-5.79124e-06
0.000123349
-5.81807e-06
0.000122065
-5.85384e-06
0.000120754
-5.899e-06
0.000119416
-5.95522e-06
0.000118052
-6.02102e-06
0.00011666
-6.09435e-06
0.000115239
-6.16975e-06
0.000113787
-6.2452e-06
0.0001123
-6.31741e-06
0.000110778
-6.38754e-06
0.000109218
-6.45529e-06
0.000107618
-6.51787e-06
0.000105977
-6.57334e-06
0.000104295
-6.62312e-06
0.000102571
-6.66724e-06
0.000100807
-6.70526e-06
9.90025e-05
-6.73454e-06
9.71583e-05
-6.75463e-06
9.52749e-05
-6.76198e-06
9.3354e-05
-6.7568e-06
9.13972e-05
-6.73673e-06
8.94076e-05
-6.70286e-06
8.73888e-05
-6.65736e-06
8.53457e-05
-6.60284e-06
8.32834e-05
-6.54176e-06
8.12076e-05
-6.47972e-06
7.91238e-05
-6.4216e-06
7.70376e-05
-6.37943e-06
7.49519e-05
-6.35358e-06
7.28721e-05
-6.36706e-06
7.08012e-05
-6.42924e-06
6.87439e-05
-6.57573e-06
6.66943e-05
-6.81659e-06
6.46535e-05
-7.16005e-06
6.25981e-05
-7.51601e-06
-7.83339e-06
6.05018e-05
0.000131666
-1.52907e-06
0.000131299
-1.55378e-06
0.000130927
-1.56818e-06
0.000130551
-1.59503e-06
0.000130171
-1.61821e-06
0.000129788
-1.64629e-06
0.000129401
-1.67493e-06
0.00012901
-1.70638e-06
0.000128616
-1.73977e-06
0.000128218
-1.77559e-06
0.000127816
-1.81398e-06
0.00012741
-1.85479e-06
0.000127
-1.89839e-06
0.000126586
-1.94439e-06
0.000126167
-1.99327e-06
0.000125744
-2.04448e-06
0.000125316
-2.09832e-06
0.000124882
-2.15414e-06
0.000124442
-2.21218e-06
0.000123996
-2.27176e-06
0.000123544
-2.3332e-06
0.000123084
-2.39582e-06
0.000122618
-2.46001e-06
0.000122143
-2.52514e-06
0.00012166
-2.59167e-06
0.000121169
-2.6592e-06
0.000120669
-2.72829e-06
0.000120159
-2.79872e-06
0.00011964
-2.87137e-06
0.000119111
-2.94617e-06
0.000118572
-3.02426e-06
0.000118023
-3.1055e-06
0.000117462
-3.19086e-06
0.000116891
-3.27981e-06
0.000116309
-3.37295e-06
0.000115715
-3.46914e-06
0.000115109
-3.56842e-06
0.000114491
-3.66943e-06
0.000113859
-3.77195e-06
0.000113214
-3.87448e-06
0.000112553
-3.97666e-06
0.000111878
-4.07678e-06
0.000111186
-4.17413e-06
0.000110476
-4.26711e-06
0.000109749
-4.35506e-06
0.000109003
-4.43558e-06
0.000108238
-4.50758e-06
0.000107451
-4.56922e-06
0.000106643
-4.62055e-06
0.000105812
-4.66075e-06
0.000104958
-4.69093e-06
0.000104082
-4.71166e-06
0.000103183
-4.72546e-06
0.000102262
-4.73325e-06
0.00010132
-4.73729e-06
0.000100358
-4.73787e-06
9.93749e-05
-4.73669e-06
9.8372e-05
-4.73322e-06
9.7349e-05
-4.72939e-06
9.63058e-05
-4.72583e-06
9.52423e-05
-4.72647e-06
9.41585e-05
-4.73296e-06
9.3055e-05
-4.74901e-06
9.19321e-05
-4.77474e-06
9.07903e-05
-4.81192e-06
8.96291e-05
-4.8584e-06
8.84475e-05
-4.91123e-06
8.7243e-05
-4.96373e-06
8.60135e-05
-5.01416e-06
8.47573e-05
-5.0596e-06
8.34731e-05
-5.10164e-06
8.21595e-05
-5.13991e-06
8.08154e-05
-5.17193e-06
7.94407e-05
-5.19676e-06
7.80361e-05
-5.21653e-06
7.66024e-05
-5.23148e-06
7.51409e-05
-5.24164e-06
7.36529e-05
-5.24435e-06
7.214e-05
-5.23942e-06
7.06036e-05
-5.22312e-06
6.9046e-05
-5.19682e-06
6.74699e-05
-5.15813e-06
6.58787e-05
-5.10907e-06
6.42763e-05
-5.05228e-06
6.26663e-05
-4.99006e-06
6.10527e-05
-4.92538e-06
5.94399e-05
-4.86393e-06
5.78312e-05
-4.80989e-06
5.62297e-05
-4.77494e-06
5.46354e-05
-4.75607e-06
5.305e-05
-4.77846e-06
5.14721e-05
-4.84788e-06
4.99026e-05
-5.00284e-06
4.83355e-05
-5.24607e-06
4.67788e-05
-5.59983e-06
4.52109e-05
-5.94462e-06
-6.21723e-06
4.35984e-05
0.000104111
-1.23325e-06
0.000103812
-1.25459e-06
0.00010351
-1.26568e-06
0.000103205
-1.28998e-06
0.000102897
-1.30986e-06
0.000102586
-1.33515e-06
0.000102271
-1.36063e-06
0.000101954
-1.38899e-06
0.000101634
-1.41911e-06
0.00010131
-1.4515e-06
0.000100983
-1.48634e-06
0.000100651
-1.52335e-06
0.000100316
-1.56296e-06
9.99767e-05
-1.60468e-06
9.96327e-05
-1.64898e-06
9.92837e-05
-1.69527e-06
9.89295e-05
-1.74382e-06
9.85695e-05
-1.79392e-06
9.82035e-05
-1.84589e-06
9.7831e-05
-1.89898e-06
9.74517e-05
-1.95359e-06
9.70652e-05
-2.00904e-06
9.66713e-05
-2.06576e-06
9.62695e-05
-2.12304e-06
9.58596e-05
-2.18147e-06
9.54412e-05
-2.24043e-06
9.5014e-05
-2.30076e-06
9.45777e-05
-2.36202e-06
9.4132e-05
-2.42527e-06
9.36765e-05
-2.49037e-06
9.32112e-05
-2.55855e-06
9.27357e-05
-2.62955e-06
9.22498e-05
-2.70453e-06
9.1753e-05
-2.78265e-06
9.12451e-05
-2.86464e-06
9.07255e-05
-2.9491e-06
9.01937e-05
-3.03616e-06
8.96491e-05
-3.12432e-06
8.9091e-05
-3.21339e-06
8.85188e-05
-3.30176e-06
8.79319e-05
-3.38917e-06
8.73294e-05
-3.47382e-06
8.6711e-05
-3.55515e-06
8.6076e-05
-3.63152e-06
8.54239e-05
-3.70234e-06
8.47541e-05
-3.76508e-06
8.4066e-05
-3.81881e-06
8.33591e-05
-3.86169e-06
8.26335e-05
-3.89426e-06
8.18892e-05
-3.91569e-06
8.11266e-05
-3.92757e-06
8.03463e-05
-3.93059e-06
7.95492e-05
-3.92765e-06
7.87365e-05
-3.91968e-06
7.79092e-05
-3.90913e-06
7.70681e-05
-3.89598e-06
7.62141e-05
-3.88175e-06
7.53472e-05
-3.86531e-06
7.44674e-05
-3.84858e-06
7.35744e-05
-3.83179e-06
7.26682e-05
-3.81916e-06
7.17488e-05
-3.81239e-06
7.08164e-05
-3.81545e-06
6.98711e-05
-3.8282e-06
6.89131e-05
-3.85257e-06
6.79415e-05
-3.88556e-06
6.69547e-05
-3.92303e-06
6.59503e-05
-3.95798e-06
6.49267e-05
-3.98909e-06
6.38825e-05
-4.01396e-06
6.28171e-05
-4.03466e-06
6.17297e-05
-4.05097e-06
6.06204e-05
-4.06102e-06
5.949e-05
-4.06461e-06
5.83396e-05
-4.06439e-06
5.71706e-05
-4.06054e-06
5.59844e-05
-4.05355e-06
5.47828e-05
-4.04073e-06
5.35676e-05
-4.02202e-06
5.23404e-05
-3.99378e-06
5.11039e-05
-3.95811e-06
4.98606e-05
-3.91253e-06
4.86138e-05
-3.85987e-06
4.73665e-05
-3.80253e-06
4.6121e-05
-3.74206e-06
4.48806e-05
-3.68239e-06
4.36478e-05
-3.62851e-06
4.24247e-05
-3.58407e-06
4.12124e-05
-3.55984e-06
4.00083e-05
-3.54911e-06
3.88111e-05
-3.57838e-06
3.76159e-05
-3.64963e-06
3.64221e-05
-3.80598e-06
3.52251e-05
-4.04597e-06
3.40392e-05
-4.41086e-06
3.28387e-05
-4.74106e-06
-4.94866e-06
3.15733e-05
8.2489e-05
-9.92777e-07
8.22461e-05
-1.01161e-06
8.20012e-05
-1.02059e-06
8.17541e-05
-1.04279e-06
8.15045e-05
-1.06003e-06
8.12524e-05
-1.08289e-06
8.09975e-05
-1.10558e-06
8.07398e-05
-1.13111e-06
8.0479e-05
-1.15812e-06
8.02149e-05
-1.18722e-06
7.99473e-05
-1.2185e-06
7.96758e-05
-1.2517e-06
7.94003e-05
-1.28724e-06
7.91204e-05
-1.32457e-06
7.88358e-05
-1.36418e-06
7.85461e-05
-1.40534e-06
7.82509e-05
-1.44842e-06
7.79498e-05
-1.49262e-06
7.76425e-05
-1.5384e-06
7.73287e-05
-1.58492e-06
7.70081e-05
-1.6327e-06
7.66803e-05
-1.68098e-06
7.63451e-05
-1.73029e-06
7.60021e-05
-1.77988e-06
7.56513e-05
-1.83036e-06
7.52923e-05
-1.8811e-06
7.49247e-05
-1.93291e-06
7.45484e-05
-1.9854e-06
7.41631e-05
-2.03963e-06
7.37686e-05
-2.0955e-06
7.33645e-05
-2.1542e-06
7.29507e-05
-2.21543e-06
7.25269e-05
-2.28028e-06
7.20924e-05
-2.34783e-06
7.16469e-05
-2.41883e-06
7.11899e-05
-2.49167e-06
7.07207e-05
-2.56664e-06
7.02388e-05
-2.64204e-06
6.97437e-05
-2.71777e-06
6.92346e-05
-2.79229e-06
6.87112e-05
-2.86531e-06
6.8173e-05
-2.93513e-06
6.76197e-05
-3.0014e-06
6.70509e-05
-3.06226e-06
6.64665e-05
-3.11735e-06
6.58661e-05
-3.1642e-06
6.525e-05
-3.20206e-06
6.46181e-05
-3.22926e-06
6.39711e-05
-3.24663e-06
6.33096e-05
-3.2536e-06
6.26348e-05
-3.25213e-06
6.19478e-05
-3.24291e-06
6.12498e-05
-3.22899e-06
6.0542e-05
-3.21125e-06
5.98257e-05
-3.19208e-06
5.91017e-05
-3.17124e-06
5.83706e-05
-3.14986e-06
5.76326e-05
-3.12645e-06
5.68876e-05
-3.10271e-06
5.61353e-05
-3.07852e-06
5.53756e-05
-3.05856e-06
5.46085e-05
-3.04426e-06
5.38337e-05
-3.03957e-06
5.30509e-05
-3.04435e-06
5.22599e-05
-3.06039e-06
5.14592e-05
-3.0837e-06
5.06467e-05
-3.1094e-06
4.98209e-05
-3.13096e-06
4.89804e-05
-3.14733e-06
4.81248e-05
-3.15702e-06
4.72536e-05
-3.16219e-06
4.63673e-05
-3.16324e-06
4.54664e-05
-3.15868e-06
4.45521e-05
-3.14884e-06
4.36261e-05
-3.13672e-06
4.26894e-05
-3.12218e-06
4.17435e-05
-3.10596e-06
4.07901e-05
-3.08549e-06
3.98307e-05
-3.06077e-06
3.88672e-05
-3.02838e-06
3.79019e-05
-2.9908e-06
3.69369e-05
-2.94551e-06
3.5975e-05
-2.89588e-06
3.50181e-05
-2.84354e-06
3.40679e-05
-2.78962e-06
3.31268e-05
-2.73904e-06
3.2196e-05
-2.69543e-06
3.12765e-05
-2.66216e-06
3.03675e-05
-2.64842e-06
2.94647e-05
-2.64383e-06
2.85644e-05
-2.67552e-06
2.76601e-05
-2.74269e-06
2.67508e-05
-2.89417e-06
2.58332e-05
-3.12563e-06
2.49224e-05
-3.49751e-06
2.39845e-05
-3.80052e-06
-3.92582e-06
2.29643e-05
6.54851e-05
-7.98024e-07
6.52884e-05
-8.14804e-07
6.50903e-05
-8.22389e-07
6.48902e-05
-8.42606e-07
6.4688e-05
-8.57691e-07
6.44835e-05
-8.78231e-07
6.42764e-05
-8.98336e-07
6.40665e-05
-9.21077e-07
6.38536e-05
-9.45049e-07
6.36374e-05
-9.70829e-07
6.34176e-05
-9.98573e-07
6.3194e-05
-1.02792e-06
6.29662e-05
-1.05931e-06
6.2734e-05
-1.09219e-06
6.24969e-05
-1.12699e-06
6.22547e-05
-1.16294e-06
6.2007e-05
-1.2005e-06
6.17534e-05
-1.23885e-06
6.14936e-05
-1.27842e-06
6.12274e-05
-1.31846e-06
6.09544e-05
-1.35955e-06
6.06745e-05
-1.40089e-06
6.03875e-05
-1.44304e-06
6.00931e-05
-1.48528e-06
5.97912e-05
-1.5282e-06
5.94814e-05
-1.57112e-06
5.91637e-05
-1.61495e-06
5.88378e-05
-1.65921e-06
5.85034e-05
-1.70503e-06
5.81605e-05
-1.75225e-06
5.78086e-05
-1.80201e-06
5.74474e-05
-1.85399e-06
5.70766e-05
-1.90916e-06
5.66956e-05
-1.96658e-06
5.6304e-05
-2.02691e-06
5.59011e-05
-2.08851e-06
5.54866e-05
-2.15178e-06
5.50598e-05
-2.2149e-06
5.46202e-05
-2.27788e-06
5.41675e-05
-2.33924e-06
5.37014e-05
-2.39876e-06
5.32216e-05
-2.45493e-06
5.27281e-05
-2.50754e-06
5.22208e-05
-2.55454e-06
5.16998e-05
-2.59585e-06
5.11652e-05
-2.6292e-06
5.06178e-05
-2.65411e-06
5.0058e-05
-2.66905e-06
4.94871e-05
-2.67515e-06
4.89061e-05
-2.67213e-06
4.83165e-05
-2.66203e-06
4.77197e-05
-2.64553e-06
4.71169e-05
-2.62562e-06
4.65093e-05
-2.60306e-06
4.5898e-05
-2.58013e-06
4.52837e-05
-2.55631e-06
4.46669e-05
-2.5324e-06
4.40477e-05
-2.5066e-06
4.3426e-05
-2.48026e-06
4.28016e-05
-2.45333e-06
4.21743e-05
-2.43041e-06
4.15436e-05
-2.41266e-06
4.09089e-05
-2.40397e-06
4.02696e-05
-2.40414e-06
3.96247e-05
-2.41458e-06
3.89726e-05
-2.43063e-06
3.83114e-05
-2.44713e-06
3.764e-05
-2.45854e-06
3.69578e-05
-2.46401e-06
3.62649e-05
-2.46311e-06
3.55617e-05
-2.4578e-06
3.48488e-05
-2.4492e-06
3.41274e-05
-2.43603e-06
3.33986e-05
-2.41871e-06
3.26639e-05
-2.40069e-06
3.19243e-05
-2.38113e-06
3.11808e-05
-2.36102e-06
3.04349e-05
-2.33795e-06
2.96877e-05
-2.31205e-06
2.89412e-05
-2.28021e-06
2.81971e-05
-2.24495e-06
2.74572e-05
-2.20386e-06
2.67235e-05
-2.16051e-06
2.59973e-05
-2.11552e-06
2.52798e-05
-2.07019e-06
2.45727e-05
-2.03002e-06
2.38759e-05
-1.99677e-06
2.31897e-05
-1.97389e-06
2.25115e-05
-1.9682e-06
2.18362e-05
-1.9664e-06
2.11586e-05
-1.99591e-06
2.04728e-05
-2.05467e-06
1.97772e-05
-2.19638e-06
1.90669e-05
-2.4131e-06
1.83537e-05
-2.78226e-06
1.76024e-05
-3.04708e-06
-3.08791e-06
1.67666e-05
5.20811e-05
-6.4068e-07
5.1922e-05
-6.55582e-07
5.1762e-05
-6.62228e-07
5.15999e-05
-6.80419e-07
5.14359e-05
-6.93573e-07
5.12696e-05
-7.11812e-07
5.11008e-05
-7.29456e-07
5.09293e-05
-7.49431e-07
5.07547e-05
-7.70369e-07
5.05769e-05
-7.92892e-07
5.03955e-05
-8.17058e-07
5.02103e-05
-8.4259e-07
5.00209e-05
-8.69824e-07
4.98271e-05
-8.98219e-07
4.96285e-05
-9.28247e-07
4.94248e-05
-9.59073e-07
4.92156e-05
-9.91172e-07
4.90007e-05
-1.02381e-06
4.87799e-05
-1.05741e-06
4.85528e-05
-1.09126e-06
4.83194e-05
-1.12593e-06
4.80793e-05
-1.16071e-06
4.78326e-05
-1.19617e-06
4.7579e-05
-1.23149e-06
4.73184e-05
-1.26735e-06
4.70505e-05
-1.3031e-06
4.67753e-05
-1.33952e-06
4.64925e-05
-1.37623e-06
4.62021e-05
-1.41434e-06
4.59036e-05
-1.4536e-06
4.55969e-05
-1.49507e-06
4.52816e-05
-1.53844e-06
4.49572e-05
-1.58456e-06
4.46233e-05
-1.63239e-06
4.42792e-05
-1.6826e-06
4.39246e-05
-1.73361e-06
4.35589e-05
-1.78585e-06
4.31818e-05
-1.83749e-06
4.27928e-05
-1.88865e-06
4.23918e-05
-1.93795e-06
4.19787e-05
-1.98529e-06
4.15534e-05
-2.02938e-06
4.11163e-05
-2.07004e-06
4.06672e-05
-2.10513e-06
4.02067e-05
-2.13492e-06
3.97353e-05
-2.15748e-06
3.92541e-05
-2.17246e-06
3.8764e-05
-2.17859e-06
3.82665e-05
-2.17717e-06
3.77628e-05
-2.16809e-06
3.72546e-05
-2.15337e-06
3.67432e-05
-2.13366e-06
3.62297e-05
-2.11166e-06
3.57152e-05
-2.0881e-06
3.52006e-05
-2.06499e-06
3.46863e-05
-2.04152e-06
3.41727e-05
-2.01824e-06
3.36598e-05
-1.99313e-06
3.31475e-05
-1.96731e-06
3.26356e-05
-1.94077e-06
3.21238e-05
-1.91788e-06
3.16113e-05
-1.89945e-06
3.10972e-05
-1.88913e-06
3.05805e-05
-1.88668e-06
3.00598e-05
-1.89309e-06
2.95334e-05
-1.90338e-06
2.89998e-05
-1.91268e-06
2.84587e-05
-1.91663e-06
2.791e-05
-1.91442e-06
2.73547e-05
-1.90682e-06
2.6793e-05
-1.89514e-06
2.62262e-05
-1.88145e-06
2.56553e-05
-1.86406e-06
2.50812e-05
-1.84352e-06
2.45053e-05
-1.82366e-06
2.3928e-05
-1.80264e-06
2.33501e-05
-1.78188e-06
2.27727e-05
-1.75917e-06
2.21967e-05
-1.73478e-06
2.16239e-05
-1.70601e-06
2.10555e-05
-1.67513e-06
2.04931e-05
-1.64001e-06
1.99381e-05
-1.60407e-06
1.93911e-05
-1.567e-06
1.88532e-05
-1.53073e-06
1.83252e-05
-1.50047e-06
1.78063e-05
-1.47625e-06
1.72958e-05
-1.4617e-06
1.67899e-05
-1.46064e-06
1.62837e-05
-1.45847e-06
1.5772e-05
-1.48255e-06
1.52498e-05
-1.53066e-06
1.47134e-05
-1.65828e-06
1.41551e-05
-1.85304e-06
1.35849e-05
-2.21037e-06
1.29736e-05
-2.43408e-06
-2.39698e-06
1.22844e-05
4.14877e-05
-5.13632e-07
4.1359e-05
-5.2675e-07
4.12294e-05
-5.32638e-07
4.10978e-05
-5.48722e-07
4.09645e-05
-5.60138e-07
4.08288e-05
-5.76068e-07
4.06908e-05
-5.91305e-07
4.055e-05
-6.08527e-07
4.04063e-05
-6.26555e-07
4.02593e-05
-6.45838e-07
4.01089e-05
-6.66513e-07
3.99546e-05
-6.88262e-07
3.97964e-05
-7.11451e-07
3.96337e-05
-7.35502e-07
3.94665e-05
-7.60854e-07
3.92943e-05
-7.86772e-07
3.91169e-05
-8.13664e-07
3.89341e-05
-8.40884e-07
3.87456e-05
-8.68824e-07
3.85514e-05
-8.96913e-07
3.83513e-05
-9.25638e-07
3.8145e-05
-9.54363e-07
3.79326e-05
-9.83593e-07
3.77139e-05
-1.01264e-06
3.74888e-05
-1.04207e-06
3.72571e-05
-1.07127e-06
3.70188e-05
-1.10104e-06
3.67737e-05
-1.13095e-06
3.65216e-05
-1.16208e-06
3.62623e-05
-1.19412e-06
3.59955e-05
-1.22807e-06
3.57208e-05
-1.26355e-06
3.54377e-05
-1.30129e-06
3.51457e-05
-1.34025e-06
3.48445e-05
-1.38113e-06
3.45335e-05
-1.4224e-06
3.42124e-05
-1.46453e-06
3.38809e-05
-1.50579e-06
3.35388e-05
-1.54632e-06
3.31861e-05
-1.58497e-06
3.28227e-05
-1.62164e-06
3.2449e-05
-1.65543e-06
3.20653e-05
-1.68603e-06
3.16717e-05
-1.7113e-06
3.1269e-05
-1.73189e-06
3.08581e-05
-1.74631e-06
3.04402e-05
-1.75423e-06
3.00166e-05
-1.7546e-06
2.95886e-05
-1.74886e-06
2.91578e-05
-1.73696e-06
2.87255e-05
-1.72072e-06
2.82929e-05
-1.70072e-06
2.78611e-05
-1.67948e-06
2.74309e-05
-1.65748e-06
2.70028e-05
-1.63641e-06
2.6577e-05
-1.61533e-06
2.61538e-05
-1.59458e-06
2.57332e-05
-1.57202e-06
2.5315e-05
-1.54862e-06
2.48992e-05
-1.52448e-06
2.44853e-05
-1.50341e-06
2.40724e-05
-1.48594e-06
2.36593e-05
-1.47536e-06
2.32446e-05
-1.47138e-06
2.28267e-05
-1.4746e-06
2.24042e-05
-1.48023e-06
2.19763e-05
-1.484e-06
2.15431e-05
-1.48278e-06
2.11052e-05
-1.4757e-06
2.06636e-05
-1.46449e-06
2.0219e-05
-1.44971e-06
1.97725e-05
-1.43418e-06
1.93249e-05
-1.41562e-06
1.88769e-05
-1.39461e-06
1.84296e-05
-1.37538e-06
1.79828e-05
-1.35491e-06
1.75372e-05
-1.33524e-06
1.70935e-05
-1.31439e-06
1.66527e-05
-1.2929e-06
1.62161e-05
-1.26831e-06
1.57846e-05
-1.2425e-06
1.53596e-05
-1.21383e-06
1.4942e-05
-1.18522e-06
1.45319e-05
-1.15571e-06
1.41303e-05
-1.12791e-06
1.37373e-05
-1.10612e-06
1.33512e-05
-1.08896e-06
1.2971e-05
-1.08015e-06
1.25922e-05
-1.0805e-06
1.22111e-05
-1.07598e-06
1.18228e-05
-1.09296e-06
1.14233e-05
-1.12969e-06
1.10058e-05
-1.23946e-06
1.05614e-05
-1.40719e-06
1.00995e-05
-1.74717e-06
9.59863e-06
-1.93189e-06
-1.82739e-06
9.03034e-06
3.30917e-05
-4.10953e-07
3.29873e-05
-4.22262e-07
3.28822e-05
-4.27509e-07
3.2775e-05
-4.41443e-07
3.26662e-05
-4.51224e-07
3.2555e-05
-4.64844e-07
3.24416e-05
-4.77783e-07
3.23255e-05
-4.92332e-07
3.22065e-05
-5.07517e-07
3.20845e-05
-5.23703e-07
3.19591e-05
-5.41023e-07
3.18301e-05
-5.59191e-07
3.16972e-05
-5.78476e-07
3.15602e-05
-5.98421e-07
3.14188e-05
-6.19353e-07
3.12728e-05
-6.40672e-07
3.11219e-05
-6.62697e-07
3.0966e-05
-6.84936e-07
3.0805e-05
-7.07676e-07
3.06387e-05
-7.30489e-07
3.0467e-05
-7.53821e-07
3.02898e-05
-7.77046e-07
3.0107e-05
-8.00697e-07
2.99185e-05
-8.24076e-07
2.97244e-05
-8.47769e-07
2.95244e-05
-8.71147e-07
2.93185e-05
-8.95001e-07
2.91066e-05
-9.1891e-07
2.88885e-05
-9.43823e-07
2.86639e-05
-9.69477e-07
2.84327e-05
-9.96652e-07
2.81943e-05
-1.02504e-06
2.79484e-05
-1.05519e-06
2.76945e-05
-1.08618e-06
2.74321e-05
-1.11862e-06
2.71611e-05
-1.15119e-06
2.68811e-05
-1.18434e-06
2.65919e-05
-1.21643e-06
2.62935e-05
-1.24773e-06
2.59859e-05
-1.27723e-06
2.56694e-05
-1.30493e-06
2.53444e-05
-1.33016e-06
2.50111e-05
-1.35256e-06
2.46701e-05
-1.37006e-06
2.43222e-05
-1.3837e-06
2.39684e-05
-1.39234e-06
2.36101e-05
-1.39564e-06
2.32486e-05
-1.39278e-06
2.28851e-05
-1.38515e-06
2.25212e-05
-1.37278e-06
2.2158e-05
-1.35719e-06
2.17965e-05
-1.33891e-06
2.14374e-05
-1.3201e-06
2.10813e-05
-1.30109e-06
2.07285e-05
-1.28325e-06
2.0379e-05
-1.26554e-06
2.00331e-05
-1.24821e-06
1.96905e-05
-1.22912e-06
1.93515e-05
-1.20916e-06
1.90158e-05
-1.18842e-06
1.8683e-05
-1.1701e-06
1.8352e-05
-1.15445e-06
1.80214e-05
-1.1443e-06
1.76899e-05
-1.13931e-06
1.73557e-05
-1.13991e-06
1.70179e-05
-1.14185e-06
1.66761e-05
-1.14165e-06
1.6331e-05
-1.13716e-06
1.59835e-05
-1.12749e-06
1.56346e-05
-1.11503e-06
1.5285e-05
-1.09946e-06
1.49357e-05
-1.08427e-06
1.45872e-05
-1.0664e-06
1.42399e-05
-1.04659e-06
1.38946e-05
-1.02927e-06
1.35508e-05
-1.01033e-06
1.3209e-05
-9.92615e-07
1.28698e-05
-9.74319e-07
1.2534e-05
-9.56237e-07
1.22027e-05
-9.36068e-07
1.18764e-05
-9.15259e-07
1.15562e-05
-8.92758e-07
1.12427e-05
-8.70729e-07
1.09359e-05
-8.47923e-07
1.06364e-05
-8.2746e-07
1.03436e-05
-8.12268e-07
1.00558e-05
-8.00124e-07
9.77129e-06
-7.94611e-07
9.48592e-06
-7.94103e-07
9.19768e-06
-7.86627e-07
8.90202e-06
-7.96279e-07
8.59524e-06
-8.21764e-07
8.26826e-06
-9.11451e-07
7.91284e-06
-1.05067e-06
7.5368e-06
-1.37011e-06
7.12611e-06
-1.52019e-06
-1.35987e-06
6.65956e-06
2.64163e-05
-3.2771e-07
2.63313e-05
-3.37232e-07
2.62457e-05
-3.41824e-07
2.6158e-05
-3.53653e-07
2.60687e-05
-3.61872e-07
2.59771e-05
-3.73266e-07
2.58834e-05
-3.84009e-07
2.57872e-05
-3.96034e-07
2.56883e-05
-4.08538e-07
2.55865e-05
-4.21807e-07
2.54815e-05
-4.35978e-07
2.53731e-05
-4.50779e-07
2.52612e-05
-4.66443e-07
2.51454e-05
-4.82569e-07
2.50256e-05
-4.99445e-07
2.49015e-05
-5.16543e-07
2.4773e-05
-5.34164e-07
2.464e-05
-5.51871e-07
2.45025e-05
-5.69998e-07
2.43601e-05
-5.88078e-07
2.4213e-05
-6.06588e-07
2.4061e-05
-6.24951e-07
2.3904e-05
-6.43648e-07
2.37421e-05
-6.62056e-07
2.35751e-05
-6.80681e-07
2.34031e-05
-6.99031e-07
2.32259e-05
-7.17704e-07
2.30435e-05
-7.36376e-07
2.28557e-05
-7.55874e-07
2.26622e-05
-7.75911e-07
2.24628e-05
-7.9714e-07
2.22571e-05
-8.19247e-07
2.20448e-05
-8.42729e-07
2.18254e-05
-8.66662e-07
2.15987e-05
-8.91737e-07
2.13643e-05
-9.16706e-07
2.11222e-05
-9.4207e-07
2.08722e-05
-9.66338e-07
2.06145e-05
-9.89819e-07
2.03491e-05
-1.01174e-06
2.00764e-05
-1.03205e-06
1.97969e-05
-1.05044e-06
1.95108e-05
-1.06633e-06
1.92189e-05
-1.07798e-06
1.8922e-05
-1.0866e-06
1.86213e-05
-1.09138e-06
1.83179e-05
-1.09202e-06
1.8013e-05
-1.08774e-06
1.77081e-05
-1.07999e-06
1.74042e-05
-1.06864e-06
1.71023e-05
-1.05506e-06
1.68031e-05
-1.03955e-06
1.65073e-05
-1.02401e-06
1.6215e-05
-1.00857e-06
1.59264e-05
-9.94292e-07
1.56413e-05
-9.80256e-07
1.53599e-05
-9.6651e-07
1.50823e-05
-9.51197e-07
1.48084e-05
-9.34956e-07
1.45383e-05
-9.17975e-07
1.42713e-05
-9.02693e-07
1.40064e-05
-8.89214e-07
1.37424e-05
-8.79796e-07
1.34775e-05
-8.74083e-07
1.32107e-05
-8.72633e-07
1.2941e-05
-8.71781e-07
1.26689e-05
-8.69001e-07
1.23949e-05
-8.62774e-07
1.21202e-05
-8.52299e-07
1.18458e-05
-8.40175e-07
1.15723e-05
-8.25387e-07
1.13003e-05
-8.11758e-07
1.10301e-05
-7.95591e-07
1.07619e-05
-7.77894e-07
1.04962e-05
-7.6296e-07
1.02325e-05
-7.46002e-07
9.97118e-06
-7.30582e-07
9.71262e-06
-7.15074e-07
9.45753e-06
-7.00437e-07
9.20664e-06
-6.84458e-07
8.96029e-06
-6.68183e-07
8.71941e-06
-6.51134e-07
8.4841e-06
-6.34684e-07
8.25447e-06
-6.17504e-07
8.03077e-06
-6.03004e-07
7.81188e-06
-5.92558e-07
7.59624e-06
-5.83703e-07
7.3821e-06
-5.79621e-07
7.16593e-06
-5.77134e-07
6.94739e-06
-5.67209e-07
6.72216e-06
-5.7026e-07
6.48665e-06
-5.85359e-07
6.23073e-06
-6.54747e-07
5.9473e-06
-7.66386e-07
5.6415e-06
-1.06354e-06
5.30599e-06
-1.18393e-06
-9.79123e-07
4.92598e-06
2.10899e-05
-2.59864e-07
2.10203e-05
-2.67619e-07
2.09501e-05
-2.71626e-07
2.08779e-05
-2.81404e-07
2.08042e-05
-2.88122e-07
2.07284e-05
-2.97442e-07
2.06506e-05
-3.06123e-07
2.05704e-05
-3.15801e-07
2.04878e-05
-3.25832e-07
2.04024e-05
-3.36416e-07
2.03142e-05
-3.47716e-07
2.02229e-05
-3.59404e-07
2.01283e-05
-3.7181e-07
2.00302e-05
-3.84446e-07
1.99286e-05
-3.97708e-07
1.98231e-05
-4.11003e-07
1.97137e-05
-4.24749e-07
1.96004e-05
-4.38455e-07
1.9483e-05
-4.52494e-07
1.93614e-05
-4.66447e-07
1.92356e-05
-4.80745e-07
1.91056e-05
-4.94875e-07
1.89713e-05
-5.09272e-07
1.88327e-05
-5.23383e-07
1.86898e-05
-5.37674e-07
1.85425e-05
-5.51643e-07
1.83908e-05
-5.65925e-07
1.82346e-05
-5.80101e-07
1.80738e-05
-5.94947e-07
1.79081e-05
-6.1015e-07
1.77373e-05
-6.2625e-07
1.75611e-05
-6.4296e-07
1.73791e-05
-6.60632e-07
1.71911e-05
-6.78573e-07
1.69968e-05
-6.97287e-07
1.67961e-05
-7.15867e-07
1.65888e-05
-7.34631e-07
1.6375e-05
-7.52429e-07
1.61548e-05
-7.69491e-07
1.59284e-05
-7.85253e-07
1.56962e-05
-7.99721e-07
1.54586e-05
-8.12701e-07
1.5216e-05
-8.23623e-07
1.49692e-05
-8.31029e-07
1.4719e-05
-8.36239e-07
1.44665e-05
-8.38676e-07
1.42126e-05
-8.37973e-07
1.39586e-05
-8.33588e-07
1.37055e-05
-8.26699e-07
1.34543e-05
-8.17223e-07
1.32057e-05
-8.06252e-07
1.29602e-05
-7.93944e-07
1.27183e-05
-7.81861e-07
1.24798e-05
-7.69937e-07
1.22449e-05
-7.59128e-07
1.20134e-05
-7.48498e-07
1.17853e-05
-7.38175e-07
1.15607e-05
-7.2641e-07
1.13398e-05
-7.13815e-07
1.11226e-05
-7.00418e-07
1.09083e-05
-6.88138e-07
1.06962e-05
-6.7683e-07
1.0485e-05
-6.68243e-07
1.02733e-05
-6.62123e-07
1.00602e-05
-6.59166e-07
9.84524e-06
-6.5645e-07
9.62886e-06
-6.52243e-07
9.41192e-06
-6.4548e-07
9.19546e-06
-6.35435e-07
8.98026e-06
-6.246e-07
8.76681e-06
-6.11502e-07
8.55545e-06
-5.99989e-07
8.34633e-06
-5.86012e-07
8.1397e-06
-5.70811e-07
7.93558e-06
-5.58355e-07
7.73364e-06
-5.43552e-07
7.5341e-06
-5.30524e-07
7.33738e-06
-5.17801e-07
7.14386e-06
-5.06356e-07
6.95407e-06
-4.94095e-07
6.76815e-06
-4.8169e-07
6.58687e-06
-4.69263e-07
6.41005e-06
-4.5729e-07
6.23782e-06
-4.44658e-07
6.07016e-06
-4.34744e-07
5.90575e-06
-4.27506e-07
5.74333e-06
-4.20673e-07
5.58125e-06
-4.16877e-07
5.41708e-06
-4.12345e-07
5.25161e-06
-4.0105e-07
5.08061e-06
-3.98654e-07
4.90092e-06
-4.04966e-07
4.70231e-06
-4.55543e-07
4.4784e-06
-5.41817e-07
4.23122e-06
-8.15788e-07
3.95857e-06
-9.107e-07
-6.72856e-07
3.65285e-06
1.68217e-05
-2.04188e-07
1.67643e-05
-2.10228e-07
1.67064e-05
-2.13711e-07
1.66466e-05
-2.21504e-07
1.65854e-05
-2.26874e-07
1.65222e-05
-2.34234e-07
1.64571e-05
-2.41037e-07
1.639e-05
-2.48614e-07
1.63206e-05
-2.56376e-07
1.62488e-05
-2.64577e-07
1.61744e-05
-2.73252e-07
1.60972e-05
-2.82229e-07
1.60171e-05
-2.91673e-07
1.5934e-05
-3.01293e-07
1.58477e-05
-3.11312e-07
1.57581e-05
-3.21354e-07
1.56651e-05
-3.31668e-07
1.55686e-05
-3.41966e-07
1.54687e-05
-3.52471e-07
1.53651e-05
-3.62881e-07
1.5258e-05
-3.73572e-07
1.51473e-05
-3.84087e-07
1.50329e-05
-3.94822e-07
1.49149e-05
-4.05285e-07
1.47932e-05
-4.15895e-07
1.46678e-05
-4.26204e-07
1.45387e-05
-4.36759e-07
1.44058e-05
-4.47156e-07
1.42691e-05
-4.58112e-07
1.41282e-05
-4.69205e-07
1.3983e-05
-4.8101e-07
1.38333e-05
-4.93122e-07
1.36787e-05
-5.05972e-07
1.35191e-05
-5.18868e-07
1.33542e-05
-5.32318e-07
1.3184e-05
-5.45601e-07
1.30085e-05
-5.58974e-07
1.28276e-05
-5.71521e-07
1.26417e-05
-5.83472e-07
1.2451e-05
-5.94384e-07
1.22557e-05
-6.04321e-07
1.20562e-05
-6.13156e-07
1.18531e-05
-6.20391e-07
1.16471e-05
-6.24868e-07
1.14389e-05
-6.27881e-07
1.12293e-05
-6.28994e-07
1.10194e-05
-6.27881e-07
1.081e-05
-6.24082e-07
1.0602e-05
-6.18591e-07
1.03962e-05
-6.11284e-07
1.01931e-05
-6.03028e-07
9.99318e-06
-5.93838e-07
9.79644e-06
-5.84957e-07
9.60288e-06
-5.76225e-07
9.41237e-06
-5.68442e-07
9.22482e-06
-5.60781e-07
9.04024e-06
-5.53393e-07
8.85877e-06
-5.44761e-07
8.68056e-06
-5.35385e-07
8.50556e-06
-5.25206e-07
8.33329e-06
-5.15623e-07
8.16305e-06
-5.06359e-07
7.99376e-06
-4.98679e-07
7.82438e-06
-4.925e-07
7.65413e-06
-4.88619e-07
7.48284e-06
-4.84891e-07
7.31107e-06
-4.80166e-07
7.13958e-06
-4.73713e-07
6.96931e-06
-4.64842e-07
6.8008e-06
-4.55786e-07
6.63445e-06
-4.4481e-07
6.47033e-06
-4.35539e-07
6.30859e-06
-4.23907e-07
6.14946e-06
-4.11314e-07
5.99271e-06
-4.01214e-07
5.8382e-06
-3.8864e-07
5.6861e-06
-3.78008e-07
5.53663e-06
-3.67898e-07
5.38999e-06
-3.59271e-07
5.24647e-06
-3.50122e-07
5.10616e-06
-3.40933e-07
4.96957e-06
-3.32207e-07
4.83646e-06
-3.23721e-07
4.70693e-06
-3.14643e-07
4.58076e-06
-3.0811e-07
4.45671e-06
-3.02937e-07
4.33387e-06
-2.97358e-07
4.21089e-06
-2.93372e-07
4.08642e-06
-2.87392e-07
3.96182e-06
-2.75912e-07
3.83312e-06
-2.6949e-07
3.69786e-06
-2.69163e-07
3.54622e-06
-3.03437e-07
3.37213e-06
-3.67231e-07
3.17417e-06
-6.17392e-07
2.95396e-06
-6.9005e-07
-4.30677e-07
2.71219e-06
1.33828e-05
-1.58026e-07
1.33352e-05
-1.62541e-07
1.3287e-05
-1.65471e-07
1.32369e-05
-1.71456e-07
1.31857e-05
-1.75606e-07
1.31327e-05
-1.81173e-07
1.3078e-05
-1.8635e-07
1.30214e-05
-1.91991e-07
1.29629e-05
-1.97799e-07
1.29022e-05
-2.03855e-07
1.28393e-05
-2.10294e-07
1.27739e-05
-2.16843e-07
1.27061e-05
-2.23764e-07
1.26355e-05
-2.30738e-07
1.25623e-05
-2.38035e-07
1.24862e-05
-2.45243e-07
1.24073e-05
-2.5269e-07
1.23254e-05
-2.60061e-07
1.22406e-05
-2.6762e-07
1.21529e-05
-2.75054e-07
1.2062e-05
-2.82703e-07
1.19682e-05
-2.90211e-07
1.18713e-05
-2.97889e-07
1.17714e-05
-3.0532e-07
1.16684e-05
-3.1286e-07
1.15625e-05
-3.20176e-07
1.14534e-05
-3.27624e-07
1.13412e-05
-3.34939e-07
1.12258e-05
-3.42642e-07
1.11071e-05
-3.50408e-07
1.09848e-05
-3.58621e-07
1.08587e-05
-3.67001e-07
1.07287e-05
-3.75872e-07
1.05946e-05
-3.84706e-07
1.04563e-05
-3.93904e-07
1.03136e-05
-4.02926e-07
1.01668e-05
-4.12015e-07
1.00158e-05
-4.20442e-07
9.8608e-06
-4.28426e-07
9.7021e-06
-4.35605e-07
9.54003e-06
-4.4215e-07
9.37481e-06
-4.47853e-07
9.20697e-06
-4.52447e-07
9.03718e-06
-4.54991e-07
8.8661e-06
-4.5669e-07
8.69433e-06
-4.57123e-07
8.52269e-06
-4.56122e-07
8.35193e-06
-4.53223e-07
8.18273e-06
-4.49268e-07
8.01561e-06
-4.4406e-07
7.85099e-06
-4.38278e-07
7.68912e-06
-4.31848e-07
7.53e-06
-4.25707e-07
7.37355e-06
-4.19649e-07
7.21958e-06
-4.14331e-07
7.06802e-06
-4.09084e-07
6.91885e-06
-4.04061e-07
6.77224e-06
-3.98003e-07
6.62834e-06
-3.91304e-07
6.48715e-06
-3.83859e-07
6.34832e-06
-3.76588e-07
6.21134e-06
-3.6919e-07
6.07538e-06
-3.62504e-07
5.93972e-06
-3.56639e-07
5.80379e-06
-3.52442e-07
5.66749e-06
-3.48385e-07
5.53142e-06
-3.43843e-07
5.39613e-06
-3.38197e-07
5.26246e-06
-3.3091e-07
5.13066e-06
-3.23745e-07
5.00114e-06
-3.15015e-07
4.87374e-06
-3.07868e-07
4.74869e-06
-2.98562e-07
4.62619e-06
-2.88522e-07
4.50589e-06
-2.80604e-07
4.38786e-06
-2.70287e-07
4.27215e-06
-2.61963e-07
4.15882e-06
-2.54221e-07
4.04787e-06
-2.47972e-07
3.93945e-06
-2.41334e-07
3.8336e-06
-2.34727e-07
3.73065e-06
-2.28882e-07
3.6303e-06
-2.23012e-07
3.53272e-06
-2.16673e-07
3.43749e-06
-2.12509e-07
3.34364e-06
-2.08686e-07
3.25063e-06
-2.03976e-07
3.15752e-06
-1.99837e-07
3.06378e-06
-1.93275e-07
2.97095e-06
-1.8266e-07
2.87563e-06
-1.73794e-07
2.77609e-06
-1.69201e-07
2.66314e-06
-1.9013e-07
2.53102e-06
-2.34725e-07
2.37414e-06
-4.60182e-07
2.19752e-06
-5.13092e-07
-2.43804e-07
2.01096e-06
1.05907e-05
-1.19362e-07
1.05507e-05
-1.2249e-07
1.05101e-05
-1.24909e-07
1.04679e-05
-1.29241e-07
1.04247e-05
-1.32306e-07
1.03798e-05
-1.36318e-07
1.03335e-05
-1.40013e-07
1.02856e-05
-1.44034e-07
1.0236e-05
-1.48127e-07
1.01845e-05
-1.52355e-07
1.01311e-05
-1.56856e-07
1.00756e-05
-1.61373e-07
1.00181e-05
-1.66165e-07
9.95827e-06
-1.70914e-07
9.89619e-06
-1.7591e-07
9.83176e-06
-1.80793e-07
9.76499e-06
-1.85869e-07
9.69578e-06
-1.90828e-07
9.62415e-06
-1.95937e-07
9.55009e-06
-2.00964e-07
9.47356e-06
-2.06122e-07
9.39456e-06
-2.11176e-07
9.31305e-06
-2.16334e-07
9.2291e-06
-2.21333e-07
9.14268e-06
-2.26385e-07
9.05379e-06
-2.31248e-07
8.96247e-06
-2.36246e-07
8.86864e-06
-2.41061e-07
8.77223e-06
-2.46176e-07
8.67309e-06
-2.51225e-07
8.57116e-06
-2.56624e-07
8.46622e-06
-2.62012e-07
8.35818e-06
-2.67766e-07
8.2469e-06
-2.73378e-07
8.13233e-06
-2.79269e-07
8.01447e-06
-2.85011e-07
7.8933e-06
-2.90769e-07
7.76898e-06
-2.96067e-07
7.6417e-06
-3.01065e-07
7.51165e-06
-3.05492e-07
7.37908e-06
-3.09503e-07
7.24425e-06
-3.12954e-07
7.10759e-06
-3.15706e-07
6.96972e-06
-3.17044e-07
6.83109e-06
-3.17969e-07
6.69218e-06
-3.1813e-07
6.55362e-06
-3.17459e-07
6.41598e-06
-3.15503e-07
6.27976e-06
-3.12943e-07
6.14533e-06
-3.09543e-07
6.01299e-06
-3.0583e-07
5.88288e-06
-3.0165e-07
5.75497e-06
-2.97676e-07
5.62915e-06
-2.93739e-07
5.50526e-06
-2.90317e-07
5.38319e-06
-2.86908e-07
5.26292e-06
-2.83656e-07
5.14465e-06
-2.79605e-07
5.02854e-06
-2.75045e-07
4.91459e-06
-2.69774e-07
4.80264e-06
-2.64474e-07
4.69235e-06
-2.58742e-07
4.58321e-06
-2.53189e-07
4.47472e-06
-2.47979e-07
4.36648e-06
-2.44001e-07
4.25843e-06
-2.40169e-07
4.15104e-06
-2.36242e-07
4.0447e-06
-2.31669e-07
3.94008e-06
-2.2608e-07
3.83728e-06
-2.20738e-07
3.73665e-06
-2.14154e-07
3.6379e-06
-2.089e-07
3.54138e-06
-2.01807e-07
3.44729e-06
-1.94189e-07
3.35518e-06
-1.88236e-07
3.26535e-06
-1.80192e-07
3.17767e-06
-1.74012e-07
3.09209e-06
-1.68357e-07
3.00843e-06
-1.64024e-07
2.92678e-06
-1.59387e-07
2.84717e-06
-1.54825e-07
2.76971e-06
-1.51113e-07
2.69416e-06
-1.47168e-07
2.62071e-06
-1.42913e-07
2.54886e-06
-1.40359e-07
2.47798e-06
-1.37473e-07
2.40785e-06
-1.33534e-07
2.33791e-06
-1.29562e-07
2.26826e-06
-1.23318e-07
2.20027e-06
-1.14316e-07
2.13147e-06
-1.04706e-07
2.06073e-06
-9.81109e-08
1.97973e-06
-1.08843e-07
1.88302e-06
-1.37708e-07
1.75993e-06
-3.36834e-07
1.61932e-06
-3.7222e-07
-1.05178e-07
1.48094e-06
8.29487e-06
-8.64815e-08
8.26087e-06
-8.84744e-08
8.22638e-06
-9.03994e-08
8.19042e-06
-9.32605e-08
8.15352e-06
-9.53844e-08
8.11527e-06
-9.80421e-08
8.07581e-06
-1.00521e-07
8.03491e-06
-1.03116e-07
7.99263e-06
-1.05816e-07
7.94881e-06
-1.08523e-07
7.9034e-06
-1.11406e-07
7.8563e-06
-1.14253e-07
7.80746e-06
-1.17294e-07
7.75683e-06
-1.20267e-07
7.70433e-06
-1.23374e-07
7.64998e-06
-1.26422e-07
7.59373e-06
-1.29573e-07
7.53556e-06
-1.32639e-07
7.47546e-06
-1.35798e-07
7.41342e-06
-1.38891e-07
7.34944e-06
-1.42101e-07
7.28347e-06
-1.45179e-07
7.21558e-06
-1.48401e-07
7.14573e-06
-1.51451e-07
7.07397e-06
-1.54577e-07
7.00028e-06
-1.57521e-07
6.92467e-06
-1.60586e-07
6.84714e-06
-1.63488e-07
6.76757e-06
-1.66557e-07
6.68595e-06
-1.69565e-07
6.60215e-06
-1.72769e-07
6.51609e-06
-1.75907e-07
6.42765e-06
-1.79264e-07
6.33682e-06
-1.82508e-07
6.24352e-06
-1.85915e-07
6.14774e-06
-1.89183e-07
6.04955e-06
-1.92512e-07
5.94905e-06
-1.95514e-07
5.84641e-06
-1.98362e-07
5.74176e-06
-2.0079e-07
5.63538e-06
-2.03048e-07
5.52739e-06
-2.04905e-07
5.41814e-06
-2.06385e-07
5.3082e-06
-2.07038e-07
5.19783e-06
-2.07519e-07
5.08737e-06
-2.07598e-07
4.97724e-06
-2.07246e-07
4.86794e-06
-2.06127e-07
4.75976e-06
-2.04672e-07
4.65297e-06
-2.02678e-07
4.54778e-06
-2.00547e-07
4.44425e-06
-1.98048e-07
4.34238e-06
-1.95708e-07
4.24203e-06
-1.93301e-07
4.14309e-06
-1.91271e-07
4.04544e-06
-1.89163e-07
3.94908e-06
-1.87182e-07
3.85419e-06
-1.84606e-07
3.76093e-06
-1.81648e-07
3.66937e-06
-1.78098e-07
3.57943e-06
-1.74389e-07
3.49101e-06
-1.70184e-07
3.40384e-06
-1.65859e-07
3.31763e-06
-1.61629e-07
3.23207e-06
-1.58264e-07
3.14711e-06
-1.55059e-07
3.06304e-06
-1.51989e-07
2.98009e-06
-1.48562e-07
2.89881e-06
-1.44612e-07
2.81913e-06
-1.4088e-07
2.74144e-06
-1.36259e-07
2.66534e-06
-1.32614e-07
2.59132e-06
-1.27576e-07
2.51952e-06
-1.22182e-07
2.44949e-06
-1.17978e-07
2.38169e-06
-1.12161e-07
2.31581e-06
-1.07897e-07
2.25175e-06
-1.04047e-07
2.18919e-06
-1.01212e-07
2.12822e-06
-9.81551e-08
2.06883e-06
-9.51811e-08
2.01097e-06
-9.29905e-08
1.95453e-06
-9.04664e-08
1.89965e-06
-8.77616e-08
1.84583e-06
-8.62726e-08
1.79277e-06
-8.41284e-08
1.74055e-06
-8.1045e-08
1.68893e-06
-7.76445e-08
1.63836e-06
-7.24786e-08
1.58995e-06
-6.56032e-08
1.54237e-06
-5.68628e-08
1.49482e-06
-5.02605e-08
1.44023e-06
-5.40097e-08
1.37352e-06
-7.07412e-08
1.27733e-06
-2.40421e-07
1.16607e-06
-2.60728e-07
-9.85831e-09
1.07096e-06
6.36234e-06
-5.81511e-08
6.33308e-06
-5.91961e-08
6.30333e-06
-6.06293e-08
6.27235e-06
-6.22634e-08
6.2406e-06
-6.36045e-08
6.2077e-06
-6.51287e-08
6.17379e-06
-6.65836e-08
6.13878e-06
-6.80775e-08
6.10261e-06
-6.96193e-08
6.06523e-06
-7.11207e-08
6.02659e-06
-7.27365e-08
5.98665e-06
-7.4296e-08
5.94535e-06
-7.59592e-08
5.90266e-06
-7.75562e-08
5.85857e-06
-7.9249e-08
5.81303e-06
-8.08519e-08
5.76605e-06
-8.25636e-08
5.71763e-06
-8.41885e-08
5.66777e-06
-8.58975e-08
5.61643e-06
-8.75234e-08
5.56363e-06
-8.9254e-08
5.50936e-06
-9.08853e-08
5.45362e-06
-9.26162e-08
5.39641e-06
-9.4211e-08
5.33778e-06
-9.58984e-08
5.27774e-06
-9.7444e-08
5.21627e-06
-9.90612e-08
5.15337e-06
-1.0055e-07
5.08902e-06
-1.0215e-07
5.02314e-06
-1.0365e-07
4.95571e-06
-1.05276e-07
4.88664e-06
-1.06805e-07
4.81592e-06
-1.08476e-07
4.74349e-06
-1.10042e-07
4.66934e-06
-1.11706e-07
4.59349e-06
-1.13281e-07
4.51594e-06
-1.14893e-07
4.4368e-06
-1.16328e-07
4.3562e-06
-1.17698e-07
4.27428e-06
-1.18809e-07
4.19117e-06
-1.19862e-07
4.10697e-06
-1.20655e-07
4.02201e-06
-1.21347e-07
3.93663e-06
-1.2159e-07
3.85101e-06
-1.21817e-07
3.76534e-06
-1.21855e-07
3.67994e-06
-1.2175e-07
3.59508e-06
-1.21201e-07
3.51101e-06
-1.20511e-07
3.42791e-06
-1.19494e-07
3.34587e-06
-1.18413e-07
3.26499e-06
-1.17087e-07
3.18523e-06
-1.15846e-07
3.10652e-06
-1.14506e-07
3.02874e-06
-1.13379e-07
2.95182e-06
-1.1215e-07
2.87577e-06
-1.1101e-07
2.80073e-06
-1.0945e-07
2.72687e-06
-1.07655e-07
2.6543e-06
-1.05405e-07
2.58308e-06
-1.03014e-07
2.5132e-06
-1.00168e-07
2.44465e-06
-9.71423e-08
2.37728e-06
-9.41055e-08
2.31082e-06
-9.16195e-08
2.24519e-06
-8.92747e-08
2.18054e-06
-8.71511e-08
2.117e-06
-8.48584e-08
2.05492e-06
-8.2339e-08
1.99421e-06
-7.99848e-08
1.93522e-06
-7.70664e-08
1.87758e-06
-7.47782e-08
1.82179e-06
-7.15655e-08
1.76798e-06
-6.81541e-08
1.71574e-06
-6.55074e-08
1.66558e-06
-6.17728e-08
1.6171e-06
-5.91725e-08
1.57014e-06
-5.68291e-08
1.52435e-06
-5.51699e-08
1.4798e-06
-5.3338e-08
1.43647e-06
-5.15973e-08
1.39419e-06
-5.044e-08
1.35294e-06
-4.89577e-08
1.31287e-06
-4.74113e-08
1.27346e-06
-4.66003e-08
1.23478e-06
-4.51591e-08
1.19704e-06
-4.30421e-08
1.16031e-06
-4.06099e-08
1.12515e-06
-3.70575e-08
1.09243e-06
-3.25718e-08
1.06193e-06
-2.611e-08
1.03304e-06
-2.10723e-08
1.00036e-06
-2.10966e-08
9.59139e-07
-2.92573e-08
8.82795e-07
-1.63855e-07
7.9466e-07
-1.72335e-07
4.43846e-08
7.40651e-07
4.65333e-06
-3.34073e-08
4.62795e-06
-3.37922e-08
4.60207e-06
-3.47099e-08
4.57523e-06
-3.54007e-08
4.54776e-06
-3.60893e-08
4.51942e-06
-3.67634e-08
4.49035e-06
-3.74612e-08
4.4604e-06
-3.80947e-08
4.42961e-06
-3.87797e-08
4.39793e-06
-3.94126e-08
4.36535e-06
-4.01044e-08
4.33183e-06
-4.0747e-08
4.29736e-06
-4.14369e-08
4.26194e-06
-4.20938e-08
4.22551e-06
-4.27721e-08
4.18812e-06
-4.34188e-08
4.14972e-06
-4.41065e-08
4.11033e-06
-4.47539e-08
4.06995e-06
-4.54481e-08
4.02856e-06
-4.60925e-08
3.98618e-06
-4.68096e-08
3.94279e-06
-4.74466e-08
3.8984e-06
-4.81554e-08
3.85303e-06
-4.87909e-08
3.80667e-06
-4.94693e-08
3.75936e-06
-5.00727e-08
3.71109e-06
-5.07134e-08
3.66189e-06
-5.12865e-08
3.61171e-06
-5.18857e-08
3.56056e-06
-5.24293e-08
3.5084e-06
-5.30258e-08
3.45521e-06
-5.35533e-08
3.40098e-06
-5.41545e-08
3.34569e-06
-5.46819e-08
3.28933e-06
-5.52531e-08
3.23192e-06
-5.57955e-08
3.17346e-06
-5.6336e-08
3.11403e-06
-5.68198e-08
3.05372e-06
-5.72767e-08
2.9926e-06
-5.76069e-08
2.93078e-06
-5.79335e-08
2.86835e-06
-5.81295e-08
2.80546e-06
-5.83321e-08
2.74232e-06
-5.83544e-08
2.67904e-06
-5.84064e-08
2.61569e-06
-5.83967e-08
2.55245e-06
-5.83634e-08
2.48949e-06
-5.81352e-08
2.42697e-06
-5.78463e-08
2.365e-06
-5.74033e-08
2.30365e-06
-5.6918e-08
2.24298e-06
-5.62931e-08
2.18299e-06
-5.56937e-08
2.12363e-06
-5.5018e-08
2.06485e-06
-5.44268e-08
2.00661e-06
-5.37569e-08
1.94891e-06
-5.31265e-08
1.89188e-06
-5.22611e-08
1.83571e-06
-5.12734e-08
1.78052e-06
-5.00324e-08
1.72642e-06
-4.86834e-08
1.67352e-06
-4.70735e-08
1.62196e-06
-4.53322e-08
1.57166e-06
-4.35872e-08
1.52241e-06
-4.21137e-08
1.47411e-06
-4.07535e-08
1.42678e-06
-3.95571e-08
1.38047e-06
-3.83094e-08
1.3354e-06
-3.69963e-08
1.29144e-06
-3.57722e-08
1.24893e-06
-3.42773e-08
1.20752e-06
-3.30979e-08
1.16771e-06
-3.14593e-08
1.12959e-06
-2.97455e-08
1.09281e-06
-2.8418e-08
1.05789e-06
-2.65457e-08
1.02434e-06
-2.53029e-08
9.92031e-07
-2.41842e-08
9.60595e-07
-2.3401e-08
9.30121e-07
-2.25257e-08
9.00575e-07
-2.17198e-08
8.71697e-07
-2.1219e-08
8.43588e-07
-2.05219e-08
8.16346e-07
-1.98156e-08
7.89522e-07
-1.94477e-08
7.63416e-07
-1.869e-08
7.38317e-07
-1.7613e-08
7.1442e-07
-1.63441e-08
6.92266e-07
-1.45813e-08
6.72474e-07
-1.24076e-08
6.55698e-07
-9.02568e-09
6.41382e-07
-6.39249e-09
6.26162e-07
-5.58209e-09
6.05817e-07
-8.58994e-09
5.42068e-07
-9.98224e-08
4.71079e-07
-1.01002e-07
5.79098e-08
4.57871e-07
2.97894e-06
-1.2463e-08
2.95767e-06
-1.24908e-08
2.93589e-06
-1.28718e-08
2.91354e-06
-1.30135e-08
2.89072e-06
-1.32156e-08
2.86739e-06
-1.33838e-08
2.84354e-06
-1.35523e-08
2.8192e-06
-1.37147e-08
2.79436e-06
-1.38659e-08
2.76901e-06
-1.40205e-08
2.74313e-06
-1.41626e-08
2.71674e-06
-1.43086e-08
2.68983e-06
-1.44561e-08
2.66237e-06
-1.45929e-08
2.63441e-06
-1.47352e-08
2.60591e-06
-1.487e-08
2.57689e-06
-1.50116e-08
2.54734e-06
-1.51461e-08
2.51726e-06
-1.52846e-08
2.48665e-06
-1.54314e-08
2.4555e-06
-1.55689e-08
2.42383e-06
-1.57164e-08
2.39162e-06
-1.58544e-08
2.35889e-06
-1.59977e-08
2.32564e-06
-1.61245e-08
2.29189e-06
-1.62559e-08
2.25764e-06
-1.63669e-08
2.22291e-06
-1.64774e-08
2.18771e-06
-1.65821e-08
2.15204e-06
-1.66748e-08
2.11589e-06
-1.67682e-08
2.07926e-06
-1.68482e-08
2.04216e-06
-1.69372e-08
2.00457e-06
-1.70135e-08
1.96652e-06
-1.70867e-08
1.92798e-06
-1.71633e-08
1.88899e-06
-1.72251e-08
1.84956e-06
-1.73007e-08
1.80975e-06
-1.73361e-08
1.7696e-06
-1.73634e-08
1.72917e-06
-1.73643e-08
1.6885e-06
-1.73518e-08
1.64763e-06
-1.73254e-08
1.60668e-06
-1.72893e-08
1.56566e-06
-1.7236e-08
1.52459e-06
-1.71947e-08
1.48352e-06
-1.71379e-08
1.44255e-06
-1.70405e-08
1.40178e-06
-1.69078e-08
1.36125e-06
-1.67414e-08
1.32104e-06
-1.65466e-08
1.28121e-06
-1.63187e-08
1.24176e-06
-1.60766e-08
1.20271e-06
-1.58208e-08
1.16404e-06
-1.55666e-08
1.12575e-06
-1.53075e-08
1.08785e-06
-1.50302e-08
1.05047e-06
-1.47111e-08
1.01374e-06
-1.43281e-08
9.77796e-07
-1.38949e-08
9.4275e-07
-1.34019e-08
9.08743e-07
-1.28609e-08
8.75915e-07
-1.2254e-08
8.44224e-07
-1.1681e-08
8.13543e-07
-1.1175e-08
7.83745e-07
-1.07347e-08
7.54784e-07
-1.03363e-08
7.2665e-07
-9.94805e-09
6.99453e-07
-9.53751e-09
6.73087e-07
-9.16809e-09
6.47794e-07
-8.71673e-09
6.23315e-07
-8.36783e-09
6.00016e-07
-7.8856e-09
5.77935e-07
-7.39958e-09
5.56814e-07
-7.01579e-09
5.37043e-07
-6.49181e-09
5.18182e-07
-6.1521e-09
5.00142e-07
-5.84784e-09
4.82674e-07
-5.63697e-09
4.65846e-07
-5.39859e-09
4.49607e-07
-5.18935e-09
4.33744e-07
-5.05618e-09
4.1838e-07
-4.87364e-09
4.03551e-07
-4.68209e-09
3.88973e-07
-4.58715e-09
3.74955e-07
-4.36259e-09
3.61698e-07
-4.07565e-09
3.4938e-07
-3.71553e-09
3.38329e-07
-3.25839e-09
3.2891e-07
-2.67639e-09
3.21907e-07
-1.7639e-09
3.16871e-07
-1.05012e-09
3.12305e-07
-7.6587e-10
3.05415e-07
-1.42194e-09
2.5058e-07
-4.47403e-08
1.93407e-07
-4.36426e-08
3.74953e-08
2.13995e-07
1.24205e-06
1.22956e-06
1.21669e-06
1.20367e-06
1.19046e-06
1.17708e-06
1.16352e-06
1.14981e-06
1.13594e-06
1.12192e-06
1.10776e-06
1.09345e-06
1.07899e-06
1.0644e-06
1.04967e-06
1.0348e-06
1.01979e-06
1.00464e-06
9.89355e-07
9.73923e-07
9.58354e-07
9.42638e-07
9.26784e-07
9.10786e-07
8.94662e-07
8.78406e-07
8.62039e-07
8.45562e-07
8.28979e-07
8.12305e-07
7.95537e-07
7.78688e-07
7.61751e-07
7.44738e-07
7.27651e-07
7.10488e-07
6.93263e-07
6.75962e-07
6.58626e-07
6.41263e-07
6.23899e-07
6.06547e-07
5.89222e-07
5.71932e-07
5.54696e-07
5.37502e-07
5.20364e-07
5.03324e-07
4.86416e-07
4.69674e-07
4.53128e-07
4.36809e-07
4.20733e-07
4.04912e-07
3.89346e-07
3.74038e-07
3.59008e-07
3.44297e-07
3.29969e-07
3.16074e-07
3.02672e-07
2.89811e-07
2.77558e-07
2.65877e-07
2.54702e-07
2.43967e-07
2.33631e-07
2.23683e-07
2.14146e-07
2.04978e-07
1.96261e-07
1.87893e-07
1.80008e-07
1.72608e-07
1.65592e-07
1.59101e-07
1.52949e-07
1.47101e-07
1.41464e-07
1.36066e-07
1.30876e-07
1.2582e-07
1.20947e-07
1.16265e-07
1.11678e-07
1.07315e-07
1.0324e-07
9.95241e-08
9.62658e-08
9.35895e-08
9.18257e-08
9.07756e-08
9.00098e-08
8.8588e-08
4.38477e-08
2.05118e-10
3.77004e-08
4.7593e-05
0.000139537
4.63812e-05
0.000159734
4.49361e-05
0.00018352
4.34203e-05
0.000210025
4.17291e-05
0.000241197
4.02157e-05
0.000277329
3.91913e-05
0.000312699
3.97336e-05
0.00035652
4.20479e-05
0.000381827
5.5205e-05
0.000271987
6.39822e-05
8.72582e-05
7.99273e-05
-0.000559254
0.000107894
-0.00108049
0.000151978
-0.00146195
0.000209862
-0.00177367
0.000274637
-0.00209292
0.000361916
-0.00232974
0.000475809
-0.0021671
0.000580998
-0.00187201
0.000688026
-0.00165038
0.000792935
-0.00149022
0.000892086
-0.00109334
0.000987012
-0.000549096
0.00106024
0.000448238
0.00105974
0.00215533
0.000966523
0.00292346
0.000834123
0.00203511
0.000764548
0.000143893
0.000784124
-0.00056047
0.00078161
-4.73226e-05
0.000867556
-0.000776176
0.00125127
-0.00411104
-0.00418105
6.3265e-05
0.000140008
6.26118e-05
0.000160384
6.18415e-05
0.000184286
6.1145e-05
0.000210715
6.05347e-05
0.000241796
6.06431e-05
0.000277206
6.17054e-05
0.000311618
6.5402e-05
0.000352799
7.19995e-05
0.0003752
8.66304e-05
0.000257319
0.000102434
7.13988e-05
0.000119631
-0.000576474
0.000143034
-0.00110389
0.000183278
-0.00150218
0.000238108
-0.00182849
0.000298452
-0.00215325
0.000383427
-0.00241471
0.000498839
-0.0022825
0.000606474
-0.00197964
0.000715913
-0.00175982
0.00082277
-0.00159707
0.000924286
-0.00119485
0.00102294
-0.00064775
0.00109776
0.000373428
0.00110212
0.00215097
0.00102435
0.00300121
0.000906757
0.0021527
0.00084318
0.000207445
0.000863571
-0.000580845
0.000859164
-4.29127e-05
0.000962944
-0.00087996
0.00135821
-0.00450629
-0.00449368
8.11238e-05
0.000139902
8.11246e-05
0.000160381
8.11467e-05
0.00018426
8.13982e-05
0.000210456
8.20698e-05
0.000241114
8.39487e-05
0.000275311
8.74128e-05
0.000308135
9.48985e-05
0.000345288
0.000106503
0.000363563
0.000125513
0.000238269
0.000147651
4.92011e-05
0.000163273
-0.000592122
0.000182121
-0.00112274
0.000218014
-0.00153807
0.000268967
-0.00187943
0.000326326
-0.0022106
0.000408852
-0.00249722
0.000521883
-0.00239553
0.00063156
-0.00208932
0.000743455
-0.00187172
0.000852662
-0.00170627
0.000956617
-0.0012988
0.0010592
-0.000750324
0.00113575
0.000296882
0.00114296
0.00214375
0.00107792
0.00306623
0.000973986
0.00225664
0.000917995
0.000263412
0.000941992
-0.000604826
0.000937762
-3.86806e-05
0.00105883
-0.00100103
0.00146066
-0.0049081
-0.00479234
0.00010136
0.000139131
0.000102138
0.000159601
0.000103092
0.000183302
0.000104442
0.000209098
0.000106571
0.000238974
0.000110361
0.000271505
0.000116498
0.000301977
0.000127772
0.000333987
0.000145472
0.000345828
0.000170559
0.000213137
0.000197435
2.22629e-05
0.000210325
-0.000605039
0.000224783
-0.0011372
0.000255559
-0.00156884
0.000302025
-0.00192588
0.000359293
-0.00226785
0.000438944
-0.00257686
0.000545103
-0.00250169
0.000656129
-0.00220034
0.000770463
-0.00198605
0.000882441
-0.00181825
0.000988887
-0.00140524
0.00109548
-0.000856909
0.00117386
0.000218501
0.0011826
0.002135
0.00112793
0.00312089
0.00103606
0.00234851
0.000988202
0.000311243
0.00101761
-0.000634222
0.00101646
-3.75233e-05
0.0011543
-0.00113888
0.00155678
-0.00531056
-0.00507205
0.000124167
0.000137629
0.000125856
0.000157909
0.000127893
0.00018126
0.000130507
0.000206478
0.000134255
0.000235215
0.000140055
0.000265689
0.00014914
0.000292871
0.000164158
0.000318941
0.000187384
0.000322566
0.000217338
0.000183134
0.000248818
-9.27808e-06
0.000260051
-0.000616297
0.000270729
-0.00114788
0.000296283
-0.00159439
0.000338727
-0.00196832
0.000396463
-0.00232558
0.000471602
-0.00265199
0.00056852
-0.0025986
0.000680026
-0.00231185
0.000796707
-0.00210273
0.000911875
-0.00193341
0.00102083
-0.00151418
0.00113141
-0.000967489
0.00121179
0.000138127
0.001221
0.00212579
0.00117473
0.00316714
0.00109368
0.00242957
0.00105344
0.000351452
0.00108871
-0.000669475
0.00109373
-4.25367e-05
0.00124817
-0.00129333
0.00164505
-0.00570742
-0.00532771
0.00014974
0.000135363
0.00015244
0.000155206
0.000155727
0.000177968
0.000159785
0.000202412
0.000165333
0.000229655
0.000173245
0.00025776
0.000185288
0.000280805
0.000204255
0.000299945
0.000232314
0.000294469
0.000265884
0.000149514
0.000301688
-4.51376e-05
0.000311887
-0.000626521
0.000319626
-0.00115562
0.000341333
-0.00161609
0.000381019
-0.00200799
0.000437152
-0.0023817
0.000505161
-0.00271999
0.000592209
-0.00268565
0.00070313
-0.00242276
0.000821937
-0.00222153
0.000940686
-0.00205216
0.00105209
-0.00162558
0.00116654
-0.00108194
0.00124928
5.53979e-05
0.00125824
0.00211683
0.0012187
0.00320666
0.00114727
0.00250101
0.00111321
0.000385482
0.00115398
-0.000710225
0.00116802
-5.65728e-05
0.00133896
-0.00146428
0.00172445
-0.00609289
-0.00555486
0.000178328
0.000132332
0.000182084
0.000151447
0.000186746
0.000173301
0.000192428
0.000196722
0.000199926
0.000222146
0.00021013
0.00024754
0.000225089
0.000265823
0.000247593
0.000277412
0.000280063
0.000261959
0.00031672
0.000112806
0.000355284
-8.37532e-05
0.000365373
-0.000636633
0.000371756
-0.00116201
0.000390263
-0.00163459
0.000426632
-0.00204435
0.000479244
-0.0024343
0.000538902
-0.00277964
0.000616666
-0.0027634
0.00072548
-0.00253157
0.000845923
-0.00234197
0.000968567
-0.0021748
0.00108228
-0.00173929
0.00120034
-0.00119999
0.00128602
-3.02752e-05
0.00129455
0.0021083
0.00126016
0.00324103
0.00119677
0.0025644
0.00116696
0.000415262
0.00121263
-0.000755872
0.00123799
-8.19332e-05
0.00142503
-0.00165132
0.00179432
-0.00646216
-0.00575063
0.00021019
0.000128597
0.000214956
0.000146678
0.000221039
0.000167214
0.000228532
0.000189222
0.000238142
0.000212523
0.000250724
0.000234941
0.000268701
0.000247822
0.00029411
0.000251973
0.000329983
0.000226045
0.000368797
7.39411e-05
0.000408732
-0.000123736
0.000420492
-0.000648414
0.000426958
-0.00116848
0.000441804
-0.00164943
0.000473837
-0.00207637
0.00052221
-0.00248266
0.000574004
-0.00283142
0.000643475
-0.00283287
0.000747468
-0.00263556
0.000868517
-0.00246302
0.000995225
-0.00230151
0.001111
-0.00185505
0.00123223
-0.00132122
0.00132162
-0.000119664
0.00132992
0.0021
0.00129911
0.00327183
0.00124199
0.00262152
0.00121454
0.00044269
0.00126425
-0.000805566
0.00130226
-0.000119945
0.00150498
-0.00185405
0.00185446
-0.00681162
-0.00591301
0.000245766
0.000124202
0.000251433
0.000141007
0.000258798
0.000159843
0.000268113
0.000179899
0.000280011
0.000200613
0.00029503
0.000219905
0.000315993
0.000226836
0.000344071
0.000223865
0.000382369
0.000187707
0.000422164
3.4095e-05
0.000462927
-0.000164544
0.000477797
-0.000663303
0.000484402
-0.00117509
0.000495785
-0.00166081
0.000524533
-0.00210511
0.000568228
-0.00252634
0.000614435
-0.00287761
0.000676552
-0.00289497
0.000770109
-0.00272912
0.000889769
-0.00258267
0.00102042
-0.00243215
0.00113791
-0.00197253
0.00126166
-0.00144496
0.00135561
-0.000213612
0.00136425
0.00209136
0.00133534
0.00330072
0.00128236
0.0026745
0.00125604
0.000468978
0.00130891
-0.000858417
0.00135952
-0.000170552
0.00157784
-0.00207238
0.00190448
-0.00713824
-0.00604062
0.000285424
0.000119198
0.000291921
0.000134507
0.00030037
0.000151389
0.000311285
0.000168976
0.000325398
0.000186488
0.000342885
0.0002024
0.000366638
0.00020306
0.000397391
0.000193082
0.00043777
0.000147287
0.000478017
-6.20052e-06
0.000519383
-0.000205949
0.000537464
-0.000681403
0.000544051
-0.00118169
0.000552794
-0.00166954
0.000578685
-0.00213099
0.000617474
-0.00256512
0.000663164
-0.00292329
0.000718567
-0.00295037
0.000795334
-0.00280588
0.000910155
-0.00269749
0.001044
-0.00256599
0.0011628
-0.00209132
0.00128818
-0.00157034
0.00138745
-0.000312863
0.00139756
0.00208124
0.00136888
0.0033294
0.00131744
0.00272594
0.00129236
0.000494037
0.00134715
-0.00091319
0.00140871
-0.000232119
0.00164345
-0.00230712
0.00194459
-0.00743936
-0.00613212
0.000329627
0.000113652
0.000336925
0.000127205
0.000346338
0.00014197
0.000358632
0.000156674
0.000374594
0.000170513
0.000394251
0.000182726
0.000420176
0.000177113
0.00045319
0.00016004
0.000495428
0.00010501
0.000536205
-4.70205e-05
0.000578086
-0.000247865
0.000599107
-0.00070244
0.00060597
-0.00118856
0.000612851
-0.00167642
0.000635832
-0.00215397
0.000670423
-0.0025997
0.000713948
-0.0029668
0.000763755
-0.00300017
0.00082653
-0.00286864
0.000931007
-0.00280196
0.00106594
-0.00270092
0.00118561
-0.00221098
0.00131151
-0.00169624
0.00141656
-0.000417898
0.00142981
0.00206799
0.00140023
0.00335897
0.00134825
0.00277792
0.00132553
0.000516734
0.00138009
-0.000967741
0.00144978
-0.000301799
0.00170236
-0.00255972
0.00197519
-0.00771218
-0.00618598
0.000379049
0.000107676
0.000386897
0.000119353
0.000397038
0.000131823
0.000410451
0.000143253
0.000427961
0.000152991
0.000449728
0.000160942
0.000477149
0.00014967
0.000511455
0.000125706
0.000554597
6.18301e-05
0.000595668
-8.8129e-05
0.00063852
-0.000290748
0.000662646
-0.000726583
0.000669996
-0.00119592
0.000675621
-0.00168204
0.000696352
-0.00217469
0.000727356
-0.00263069
0.000763893
-0.00300333
0.00080937
-0.00304563
0.000865301
-0.00292456
0.000955411
-0.00289206
0.0010864
-0.0028319
0.00120643
-0.002331
0.00133155
-0.00182136
0.00144247
-0.000528808
0.00146074
0.00204972
0.00143004
0.00338966
0.00137668
0.00283128
0.00135769
0.000535703
0.00140884
-0.00101888
0.00148372
-0.000376679
0.00175553
-0.00283153
0.00199639
-0.00795302
-0.00620058
0.000434008
0.000101055
0.00044247
0.000110886
0.000453359
0.000120929
0.000467496
0.000129107
0.000485963
0.000134513
0.000509535
0.000137354
0.000538234
0.000120951
0.000573355
9.05596e-05
0.000616503
1.86483e-05
0.000657681
-0.000129336
0.000701864
-0.000334958
0.000728733
-0.000753466
0.000736393
-0.00120359
0.000741428
-0.00168707
0.000760532
-0.00219378
0.000787038
-0.00265718
0.00081731
-0.00303359
0.000855375
-0.00308369
0.000907955
-0.00297713
0.000987797
-0.00297189
0.00110576
-0.00294986
0.00122552
-0.00245075
0.00134848
-0.00194432
0.00146483
-0.000645141
0.00149008
0.00202446
0.0014588
0.00342094
0.00140434
0.00288573
0.00139011
0.000549916
0.00143384
-0.0010626
0.00151236
-0.000455203
0.00180431
-0.00312349
0.00200803
-0.00815673
-0.00617432
0.000575422
9.32346e-05
0.000584768
0.000101537
0.00059697
0.000108721
0.000612914
0.000113155
0.000633951
0.000113464
0.000661488
0.000109802
0.000694724
8.76958e-05
0.000734618
5.06429e-05
0.000782185
-2.89467e-05
0.000827271
-0.000174446
0.000877249
-0.000384958
0.000907795
-0.000784025
0.000913188
-0.00120899
0.000916207
-0.00169009
0.000933075
-0.00221064
0.000953212
-0.00267731
0.000975207
-0.00305557
0.00100308
-0.00311155
0.0010538
-0.00302784
0.00112389
-0.00304197
0.00122732
-0.00305326
0.00134861
-0.00257203
0.0014684
-0.0020641
0.00158759
-0.000764313
0.00161257
0.00199947
0.00156869
0.00346482
0.00149971
0.00295471
0.0014786
0.000571004
0.0014999
-0.00108388
0.00157305
-0.00052835
0.00187792
-0.00342837
0.00202436
-0.00830316
-0.00609103
0.000671565
7.9988e-05
0.000684345
8.87527e-05
0.000697853
9.52071e-05
0.000713549
9.74502e-05
0.000733355
9.36473e-05
0.000759883
8.32602e-05
0.000792608
5.49542e-05
0.000832805
1.04261e-05
0.000880331
-7.64934e-05
0.000926376
-0.00022051
0.00097974
-0.000438339
0.00100936
-0.000813654
0.00101125
-0.00121089
0.00101615
-0.00169498
0.00103164
-0.00222612
0.0010448
-0.00269045
0.00105641
-0.00306717
0.00107549
-0.00313062
0.00111998
-0.00307232
0.00117464
-0.00309662
0.0012657
-0.00314431
0.00138349
-0.0026898
0.00149808
-0.00217868
0.00161924
-0.000885447
0.00165304
0.00196567
0.00160941
0.00350845
0.0015394
0.00302472
0.00152121
0.000589178
0.00152468
-0.00108734
0.00160383
-0.000607495
0.00192691
-0.00375146
0.00201817
-0.00839441
-0.00596149
0.000757264
5.81405e-05
0.000780288
6.57248e-05
0.000803563
7.19258e-05
0.000826966
7.40401e-05
0.000851188
6.94157e-05
0.00087911
5.5327e-05
0.00091085
2.32017e-05
0.000949872
-2.8611e-05
0.000994885
-0.000121521
0.00104148
-0.000267121
0.00109389
-0.000490764
0.00111321
-0.000832981
0.00111225
-0.00120993
0.00112369
-0.00170642
0.00113744
-0.00223986
0.00114153
-0.00269454
0.00114284
-0.00306846
0.00115215
-0.00313993
0.00118704
-0.0031072
0.00123875
-0.00314832
0.0013212
-0.00322674
0.00142386
-0.00279241
0.00153102
-0.00228582
0.00165031
-0.00100471
0.00169149
0.00192448
0.00164877
0.00355118
0.0015789
0.00309458
0.00156257
0.000605488
0.00154624
-0.001071
0.00163671
-0.00069796
0.00197367
-0.00408844
0.00200102
-0.00842174
-0.00578586
0.000829643
3.79725e-05
0.000854864
4.05006e-05
0.000884685
4.20996e-05
0.000918033
4.06862e-05
0.000953786
3.36551e-05
0.000992122
1.6982e-05
0.00103167
-1.63546e-05
0.00107532
-7.22751e-05
0.00111952
-0.000165728
0.00116459
-0.000312193
0.00120409
-0.000530282
0.00120953
-0.000838425
0.00121849
-0.00121889
0.00124171
-0.00172964
0.00125006
-0.0022482
0.00124317
-0.00268764
0.001234
-0.00305928
0.00123293
-0.00313884
0.00125984
-0.00313411
0.00131544
-0.0032039
0.00139124
-0.00330252
0.00147705
-0.00287815
0.00157184
-0.00238059
0.00168261
-0.00111544
0.00172791
0.00187917
0.00168641
0.00359267
0.00161812
0.00316287
0.00160199
0.0006216
0.0015661
-0.0010351
0.00167428
-0.00080614
0.00201721
-0.00443139
0.00197213
-0.00837664
-0.00556556
0.000928074
2.44697e-05
0.00094546
2.31113e-05
0.000967973
1.95834e-05
0.000996087
1.25675e-05
0.00103004
-3.00097e-07
0.00106934
-2.23297e-05
0.00111257
-5.95894e-05
0.00115977
-0.000119476
0.0012062
-0.000212169
0.00125193
-0.000357924
0.00128421
-0.000562574
0.00130301
-0.000857224
0.00134299
-0.00125888
0.0013723
-0.00175894
0.00136723
-0.00224312
0.00134897
-0.00266938
0.00132961
-0.0030399
0.00131789
-0.00312712
0.00133954
-0.00315574
0.0013923
-0.00325664
0.00146186
-0.00337206
0.00155013
-0.00296637
0.00163328
-0.00246372
0.00171958
-0.00120167
0.00176275
0.00183598
0.00172202
0.00363341
0.00165688
0.00322802
0.00163872
0.000639738
0.00158589
-0.000982259
0.00171834
-0.000938593
0.00205578
-0.00476884
0.00193047
-0.00825131
-0.00530315
0.00105955
1.12085e-05
0.00107519
7.4719e-06
0.00109392
8.46459e-07
0.00111642
-9.93498e-06
0.0011436
-2.74796e-05
0.00117577
-5.45047e-05
0.00121317
-9.69942e-05
0.00125504
-0.000161348
0.00130019
-0.000257326
0.00134689
-0.000404618
0.00138982
-0.000605509
0.00144341
-0.00091082
0.00149958
-0.00131505
0.00150895
-0.00176831
0.0014854
-0.00221956
0.00145888
-0.00264285
0.00143005
-0.00301105
0.00140776
-0.00310483
0.00142388
-0.00317185
0.00147489
-0.00330765
0.00153932
-0.00343646
0.00163204
-0.00305904
0.00171275
-0.0025444
0.00176822
-0.00125705
0.00179733
0.00180685
0.00175543
0.00367532
0.00169475
0.00328869
0.00167186
0.000662608
0.00160702
-0.000917405
0.00176962
-0.00110119
0.00208701
-0.00508624
0.00187507
-0.00803935
-0.00500203
0.0012117
-1.16279e-06
0.0012268
-7.628e-06
0.00124521
-1.75663e-05
0.0012676
-3.23212e-05
0.00129455
-5.44389e-05
0.0013267
-8.66562e-05
0.00136451
-0.000134802
0.00140787
-0.000204706
0.00145775
-0.000307209
0.00151111
-0.000457976
0.00157028
-0.000664679
0.00163253
-0.00097307
0.00165885
-0.00134137
0.0016349
-0.00174435
0.00160374
-0.00218839
0.00157427
-0.00261337
0.00153458
-0.00297135
0.00150165
-0.00307189
0.00151481
-0.003185
0.0015616
-0.00335443
0.00162483
-0.00349966
0.00171532
-0.00314947
0.00179724
-0.00262631
0.00183814
-0.00129786
0.00183458
0.00181038
0.0017864
0.00372351
0.0017307
0.0033444
0.00170031
0.000692981
0.0016311
-0.000848188
0.00182812
-0.00129821
0.00210782
-0.00536596
0.00180507
-0.00773658
-0.00466705
0.00140964
-1.35283e-05
0.00142408
-2.20622e-05
0.00144121
-3.46995e-05
0.00146187
-5.29869e-05
0.00148677
-7.93328e-05
0.00151693
-0.000116823
0.00155265
-0.000170523
0.0015945
-0.00024655
0.00164187
-0.000354579
0.00169092
-0.00050703
0.00174024
-0.000713999
0.00176755
-0.00100038
0.00175002
-0.00132384
0.00171514
-0.00170946
0.00168893
-0.00216218
0.00164902
-0.00257345
0.00158972
-0.00291205
0.00154137
-0.00302354
0.00154378
-0.00318741
0.00157397
-0.0033846
0.00161988
-0.00354554
0.00168976
-0.0032193
0.00176121
-0.00269775
0.00177343
-0.00130999
0.00170926
0.00187452
0.00163131
0.00380147
0.00156244
0.00341326
0.00150429
0.000751125
0.0014246
-0.000768491
0.00159178
-0.00146538
0.0017462
-0.0055204
0.00139645
-0.00738681
-0.00435241
0.00159194
-3.16051e-05
0.00161215
-4.22718e-05
0.00163466
-5.72152e-05
0.00165977
-7.80946e-05
0.00168765
-0.000107217
0.00171867
-0.000147839
0.0017524
-0.000204254
0.00178869
-0.000282833
0.00182484
-0.000390728
0.00185708
-0.00053927
0.00187905
-0.000735965
0.0018735
-0.000994838
0.00184983
-0.00130016
0.00183395
-0.00169358
0.00181021
-0.00213843
0.0017518
-0.00251505
0.00167539
-0.00283563
0.00161874
-0.00296688
0.00161674
-0.00318541
0.00163511
-0.00340296
0.00167137
-0.00358177
0.00173692
-0.0032848
0.00180562
-0.00276644
0.00179853
-0.00130283
0.00169014
0.00198288
0.00158767
0.00390396
0.00151167
0.00348925
0.00143843
0.000824358
0.00135914
-0.0006892
0.00151535
-0.00162159
0.00158906
-0.00559412
0.00120202
-0.00699976
-0.00404568
0.00172775
-4.89769e-05
0.0017476
-6.21226e-05
0.00177
-7.9612e-05
0.00179493
-0.000103033
0.00182227
-0.000134558
0.00185171
-0.000177281
0.00188241
-0.000234948
0.0019133
-0.000313721
0.00194161
-0.000419042
0.0019648
-0.000562452
0.00197804
-0.000749204
0.00197856
-0.000995357
0.00198045
-0.00130204
0.00197682
-0.00168996
0.00193497
-0.00209657
0.00185372
-0.00243379
0.00176597
-0.00274788
0.00170516
-0.00290608
0.00169993
-0.00318017
0.00170402
-0.00340704
0.00173155
-0.00360929
0.0017989
-0.0033521
0.00186138
-0.00282891
0.0018342
-0.00127557
0.0016884
0.00212864
0.00155848
0.00403389
0.0014744
0.00357333
0.00138935
0.000909399
0.00131234
-0.000612184
0.00145113
-0.00176037
0.00145051
-0.0055935
0.00103896
-0.0065882
-0.00375041
0.00189048
-6.34691e-05
0.001907
-7.86443e-05
0.00192571
-9.83248e-05
0.0019467
-0.000124028
0.00196996
-0.000157819
0.0019953
-0.000202619
0.00202226
-0.000261905
0.00205004
-0.000341502
0.00207731
-0.000446302
0.0021026
-0.000587744
0.00212354
-0.000770143
0.00213969
-0.0010115
0.00214806
-0.00131041
0.00212413
-0.00166603
0.00205246
-0.0020249
0.00195551
-0.00233685
0.00186376
-0.00265613
0.00180158
-0.0028439
0.0017919
-0.00317049
0.00177863
-0.00339376
0.00179985
-0.00363049
0.00187279
-0.00342499
0.00192356
-0.00287968
0.00187614
-0.00122809
0.00169991
0.00230484
0.00154196
0.00419185
0.00144939
0.0036659
0.00135562
0.00100316
0.00128106
-0.000537611
0.00139747
-0.00187679
0.00132995
-0.00552599
0.000902777
-0.00616102
-0.00346767
0.00207976
-7.70586e-05
0.00209536
-9.42411e-05
0.00211317
-0.000116135
0.00213336
-0.000144221
0.00215599
-0.000180455
0.002181
-0.000227624
0.00220805
-0.000288952
0.00223639
-0.000369846
0.0022649
-0.000474804
0.00229121
-0.000614058
0.00231207
-0.000790997
0.00232143
-0.00102086
0.00230678
-0.00129575
0.00225175
-0.001611
0.00216148
-0.00193463
0.00206129
-0.00223666
0.00197038
-0.00256522
0.00190726
-0.00278079
0.00189039
-0.00315362
0.00185715
-0.00336051
0.0018741
-0.00364743
0.00195433
-0.00350518
0.00198384
-0.0029092
0.00191461
-0.00115881
0.00171901
0.00250041
0.00153575
0.00437512
0.00143515
0.0037665
0.0013355
0.00110281
0.00126258
-0.000464678
0.00135325
-0.00196746
0.00122619
-0.00539894
0.000789304
-0.00572413
-0.00319716
0.00228757
-8.99673e-05
0.0023024
-0.000109073
0.00231933
-0.000133065
0.00233848
-0.000163372
0.00235983
-0.000201803
0.00238317
-0.000250965
0.00240793
-0.000313712
0.00243297
-0.000394887
0.00245645
-0.000498278
0.00247475
-0.000632354
0.00248323
-0.000799474
0.00247324
-0.00101087
0.0024353
-0.00125781
0.00236498
-0.00154067
0.00227237
-0.00184202
0.00217501
-0.0021393
0.00208568
-0.00247589
0.00202095
-0.00271606
0.00199163
-0.00312431
0.00193685
-0.00330573
0.00195104
-0.00366161
0.00203337
-0.00358748
0.00202763
-0.00290347
0.00193544
-0.00106657
0.00173794
0.00269787
0.0015366
0.00457649
0.00142994
0.00387316
0.00132709
0.00120566
0.00125468
-0.000392257
0.00131768
-0.00203046
0.00113772
-0.00521899
0.000694982
-0.00528138
-0.00293786
0.00251506
-0.000102243
0.00252898
-0.000122995
0.00254457
-0.000148657
0.00256175
-0.000180552
0.00258024
-0.000220291
0.00259948
-0.000270205
0.00261848
-0.000332717
0.00263558
-0.000411986
0.00264834
-0.000511035
0.00265273
-0.000636737
0.00264411
-0.000790853
0.00261531
-0.000982066
0.00256236
-0.00120485
0.00248536
-0.00146367
0.00239245
-0.00174912
0.00229674
-0.0020436
0.00220857
-0.00238773
0.00213981
-0.00264731
0.00209034
-0.00307485
0.00201383
-0.00322922
0.00202274
-0.0036705
0.00209349
-0.0036582
0.00203959
-0.00284959
0.00192471
-0.000951648
0.00174653
0.00287601
0.00153973
0.0047833
0.00143157
0.00398132
0.00132831
0.00130893
0.00125552
-0.000319454
0.00129011
-0.00206506
0.00106293
-0.00499182
0.000616745
-0.00483519
-0.00268832
0.00274465
-0.000111896
0.0027552
-0.000133553
0.0027665
-0.000159952
0.00277823
-0.00019228
0.00278987
-0.000231938
0.00280063
-0.000280962
0.00280931
-0.000341395
0.00281409
-0.000416764
0.00281265
-0.000509597
0.00280155
-0.00062563
0.00277742
-0.000766719
0.00273584
-0.000940491
0.00267615
-0.00114515
0.00259928
-0.00138681
0.00251163
-0.00166148
0.00242275
-0.00195472
0.00233634
-0.00230133
0.00225774
-0.00256872
0.00217955
-0.00299668
0.00208036
-0.00313004
0.00207505
-0.00366518
0.00211679
-0.00369993
0.00201643
-0.00274926
0.00188482
-0.000820017
0.0017356
0.00302519
0.00154011
0.00497882
0.00143721
0.00408422
0.00133688
0.00140926
0.0012635
-0.000246065
0.00126981
-0.00207136
0.00100011
-0.00472213
0.000551974
-0.00438705
-0.00244688
0.002946
-0.000117245
0.00295144
-0.000138992
0.0029567
-0.000165216
0.0029614
-0.000196983
0.00296498
-0.00023552
0.00296665
-0.000282624
0.00296534
-0.000340086
0.00295954
-0.00041097
0.00294758
-0.000497631
0.00292701
-0.00060506
0.00289594
-0.000735643
0.00285189
-0.000896444
0.00279495
-0.0010882
0.00272535
-0.00131721
0.00264592
-0.00158205
0.00256087
-0.00186968
0.00246546
-0.00220594
0.00236473
-0.00246801
0.00225102
-0.00288298
0.00212235
-0.00300138
0.00209051
-0.00363336
0.00209753
-0.00370695
0.00196293
-0.00261471
0.00181822
-0.000675294
0.00169915
0.00314421
0.00153193
0.00514606
0.00144368
0.00417249
0.0013503
0.00150265
0.00127705
-0.000172803
0.00125586
-0.00205018
0.000947546
-0.00441382
0.000498416
-0.00393791
-0.00221179
0.00311298
-0.000118766
0.00311412
-0.000140136
0.00311464
-0.000165739
0.00311421
-0.000196546
0.00311236
-0.000233672
0.00310847
-0.000278739
0.00310179
-0.000333403
0.00309121
-0.000400386
0.0030756
-0.00048202
0.00305322
-0.000582682
0.00302278
-0.000705208
0.00298215
-0.000855812
0.00293033
-0.00103638
0.00286569
-0.00125257
0.00278615
-0.00150251
0.00269307
-0.00177661
0.00257499
-0.00208787
0.00244449
-0.00233753
0.00229253
-0.00273103
0.00212103
-0.0028299
0.00206029
-0.00357264
0.00204517
-0.00369183
0.00188261
-0.00245222
0.00171905
-0.000511738
0.00163113
0.00323207
0.00150888
0.00526834
0.00144729
0.00423409
0.00136588
0.00158408
0.00129452
-0.000101424
0.0012472
-0.00200285
0.000903533
-0.00407016
0.000454151
-0.00348853
-0.00198142
0.00327049
-0.000118231
0.00326944
-0.000139087
0.00326767
-0.00016397
0.0032649
-0.000193779
0.00326078
-0.000229546
0.00325478
-0.000272738
0.00324629
-0.000324918
0.00323437
-0.000388461
0.00321802
-0.000465668
0.00319553
-0.000560197
0.00316541
-0.00067508
0.00312482
-0.000815223
0.00307144
-0.000983005
0.00300162
-0.00118276
0.0029103
-0.0014112
0.00279856
-0.00166488
0.00264838
-0.00193771
0.00248638
-0.00217555
0.00228802
-0.00253269
0.00206362
-0.00260553
0.00199329
-0.00350234
0.00196706
-0.00366563
0.00176957
-0.0022548
0.00157799
-0.000320178
0.00152275
0.00328726
0.00146322
0.00532791
0.00144308
0.00425425
0.00138055
0.00164663
0.00131416
-3.50065e-05
0.00124247
-0.00193117
0.000866338
-0.00369403
0.000417559
-0.00303974
-0.00175433
0.0034434
-0.000116246
0.00344074
-0.000136428
0.00343719
-0.000160419
0.00343244
-0.000189035
0.00342612
-0.000223227
0.00341767
-0.000264283
0.00340641
-0.000313661
0.00339128
-0.000373334
0.00337114
-0.000445521
0.00334395
-0.000533008
0.00330779
-0.000638919
0.00325897
-0.000766411
0.00319451
-0.000918538
0.00310871
-0.00109697
0.00299647
-0.00129896
0.00285622
-0.00152463
0.00266837
-0.00174987
0.00247485
-0.00198206
0.00221695
-0.00227482
0.00195327
-0.00234189
0.0019013
-0.00345041
0.00185082
-0.0036152
0.00160388
-0.00200795
0.00138186
-9.8197e-05
0.00136457
0.00330449
0.00138574
0.00530679
0.00142464
0.00421538
0.00139051
0.00168078
0.00133406
2.14667e-05
0.00124013
-0.00183724
0.000834133
-0.00328804
0.00038725
-0.00259285
-0.00152937
0.00361141
-0.000111498
0.00360555
-0.00013057
0.00359829
-0.000153158
0.00358923
-0.000179979
0.00357789
-0.000211889
0.00356358
-0.000249971
0.00354547
-0.000295546
0.00352228
-0.000350152
0.00349262
-0.000415859
0.00345414
-0.00049453
0.00340452
-0.000589298
0.00333949
-0.000701382
0.0032558
-0.000834844
0.0031462
-0.000987371
0.0030079
-0.00116067
0.00283342
-0.00135016
0.0026158
-0.00153227
0.00239268
-0.00175897
0.00207377
-0.00195594
0.00180687
-0.00207504
0.00177333
-0.00341692
0.00166625
-0.0035082
0.00136275
-0.00170455
0.00111586
0.000148643
0.00114878
0.00327151
0.00126992
0.00518572
0.00138549
0.00409985
0.00139173
0.00167458
0.00135253
6.06917e-05
0.00123837
-0.00172308
0.000804892
-0.00285458
0.000361993
-0.00214995
-0.0013057
0.00371212
-0.000102545
0.00370137
-0.000119825
0.00368844
-0.000140222
0.0036728
-0.000164343
0.00365384
-0.000192928
0.00363072
-0.000226851
0.00360244
-0.000267265
0.00356759
-0.000315302
0.00352453
-0.000372802
0.00347086
-0.000440856
0.00340394
-0.000522382
0.00331974
-0.000617179
0.00321468
-0.000729788
0.00308241
-0.000855106
0.00292153
-0.000999795
0.0027219
-0.00115054
0.00249533
-0.00130571
0.00223761
-0.00150127
0.0018728
-0.00159117
0.00162477
-0.00182706
0.00156173
-0.00335395
0.00137002
-0.00331662
0.00101754
-0.0013522
0.000759917
0.000406192
0.00085269
0.00317865
0.00110005
0.00493846
0.00131913
0.00388082
0.00138087
0.00161288
0.00136875
7.28508e-05
0.00123513
-0.00158946
0.000776221
-0.00239568
0.000340653
-0.00171438
-0.00108292
0.00365868
-8.91066e-05
0.0036428
-0.000103948
0.00362401
-0.000121432
0.00360174
-0.000142064
0.00357527
-0.000166461
0.00354374
-0.000195321
0.00350608
-0.000229605
0.00346094
-0.000270164
0.00340667
-0.000318527
0.00334115
-0.000375343
0.00326183
-0.000443063
0.00316561
-0.000520955
0.0030488
-0.00061298
0.00290796
-0.000714264
0.00273944
-0.000831282
0.00253926
-0.000950372
0.0023121
-0.00107857
0.00200201
-0.00119121
0.00160992
-0.00119911
0.00135953
-0.00157674
0.00119933
-0.00319383
0.000915551
-0.003033
0.000538696
-0.000975518
0.000295897
0.00064893
0.000465541
0.00300893
0.000870173
0.00453396
0.00122015
0.00353091
0.00135654
0.00147654
0.00138457
4.48497e-05
0.00122774
-0.00143263
0.000744904
-0.00191285
0.000322064
-0.00129153
-0.000861219
0.00344449
-7.24586e-05
0.00342506
-8.45164e-05
0.0034024
-9.87701e-05
0.00337598
-0.000115647
0.00334519
-0.000135672
0.0033093
-0.000159428
0.00326741
-0.000187714
0.00321847
-0.000221218
0.00316109
-0.000261146
0.00309367
-0.000307923
0.00301395
-0.000363342
0.00291934
-0.000426345
0.00280633
-0.000499978
0.00267124
-0.00057917
0.00250862
-0.000668667
0.00231063
-0.000752392
0.00203851
-0.00080647
0.00165509
-0.00080781
0.00124502
-0.000789094
0.000943978
-0.00127578
0.000629783
-0.00287972
0.000260559
-0.00266396
-9.99367e-05
-0.00061518
-0.00029235
0.000841305
-1.55563e-05
0.00273208
0.00058399
0.00393455
0.00108496
0.00303001
0.00132794
0.0012336
0.00140958
-3.6761e-05
0.00121075
-0.0012338
0.000705533
-0.00140764
0.000304838
-0.000890836
-0.000641685
0.00201712
-6.16867e-05
0.00200462
-7.20192e-05
0.00199014
-8.4286e-05
0.00197338
-9.88864e-05
0.00195402
-0.000116319
0.00193169
-0.000137094
0.00190593
-0.000161956
0.00187619
-0.000191469
0.00184168
-0.000226638
0.00180137
-0.000267616
0.00175354
-0.000315511
0.00169621
-0.00036901
0.00162571
-0.000429485
0.00153854
-0.000492
0.00142574
-0.000555871
0.0012611
-0.000587754
0.00103362
-0.000579012
0.00077698
-0.000551201
0.000533131
-0.000545298
0.000302662
-0.00104542
-2.58601e-05
-0.00255127
-0.00030369
-0.00238628
-0.000490415
-0.000428578
-0.000558883
0.000909755
-0.000283426
0.00245658
0.000206282
0.00344495
0.000624393
0.00261195
0.00085703
0.00100099
0.000943786
-0.000123492
0.000776263
-0.00106628
0.000446295
-0.00107768
0.000208387
-0.000652925
-0.00050561
0.00150142
-5.29528e-05
0.00149133
-6.19252e-05
0.00147967
-7.2626e-05
0.0014662
-8.54163e-05
0.00145064
-0.000100758
0.00143268
-0.000119127
0.00141194
-0.000141216
0.00138793
-0.000167462
0.00135994
-0.000198647
0.00132679
-0.000234459
0.00128661
-0.000275331
0.00123673
-0.000319131
0.00117297
-0.000365728
0.0010885
-0.000407531
0.000963431
-0.000430803
0.000795697
-0.000420028
0.000616865
-0.000400195
0.000442628
-0.000377
0.000269516
-0.00037223
5.66995e-05
-0.00083273
-0.000307402
-0.00218722
-0.000571955
-0.00212185
-0.000681162
-0.000319461
-0.000683294
0.000911878
-0.000399231
0.0021725
6.84119e-05
0.00297739
0.000466395
0.00221401
0.00069562
0.000771793
0.000771973
-0.000199826
0.000602586
-0.000896889
0.000341207
-0.000816302
0.000167177
-0.000478892
-0.000400207
0.00111607
-4.55912e-05
0.00110755
-5.33966e-05
0.00109765
-6.27318e-05
0.00108617
-7.39265e-05
0.00107286
-8.74526e-05
0.00105748
-0.000103745
0.00103969
-0.00012342
0.00101907
-0.000146847
0.000994848
-0.000174422
0.000965655
-0.000205265
0.000929198
-0.000238874
0.00088234
-0.000272272
0.000818276
-0.000301664
0.000725494
-0.00031475
0.00060464
-0.000309952
0.000479682
-0.000295078
0.000359492
-0.000280018
0.000240633
-0.000258172
0.000115956
-0.000247583
-7.79116e-05
-0.000638985
-0.000450886
-0.00181429
-0.000707561
-0.00186528
-0.000759055
-0.000268034
-0.000715795
0.000868616
-0.000440866
0.00189755
-6.4846e-06
0.00254307
0.000363445
0.00184412
0.000573994
0.000561265
0.000626244
-0.000252063
0.000464756
-0.000735402
0.000261966
-0.000613515
0.000135105
-0.00035203
-0.000317983
0.000828581
-3.90646e-05
0.000820948
-4.57623e-05
0.000812044
-5.38263e-05
0.000801658
-6.3539e-05
0.000789579
-7.5371e-05
0.000775591
-8.97563e-05
0.000759358
-0.000107185
0.000740466
-0.000127953
0.000717999
-0.000151954
0.00069031
-0.000177574
0.000655017
-0.000203581
0.000607408
-0.000224662
0.000539775
-0.000234031
0.00045545
-0.000230426
0.000367425
-0.000221929
0.00028257
-0.000210229
0.000199088
-0.000196545
0.000117879
-0.000176989
3.25275e-05
-0.00016225
-0.000130923
-0.000475637
-0.000488996
-0.00145624
-0.000746874
-0.00160749
-0.000762739
-0.000252218
-0.000692309
0.000798187
-0.000437115
0.00164234
-4.51446e-05
0.00215115
0.000297294
0.0015017
0.000481749
0.000376827
0.000502347
-0.000272653
0.000356962
-0.000590016
0.000202349
-0.000458904
0.000109916
-0.000259595
-0.000253395
0.00060995
-3.28429e-05
0.000602651
-3.8462e-05
0.000594091
-4.52639e-05
0.000584092
-5.35381e-05
0.000572419
-6.36959e-05
0.000558861
-7.6197e-05
0.000543218
-9.15401e-05
0.000525215
-0.000109949
0.000503931
-0.000130668
0.00047833
-0.000151973
0.000445436
-0.000170685
0.000400089
-0.000179315
0.000342629
-0.000176571
0.000280547
-0.000168346
0.000218283
-0.000159667
0.000157666
-0.000149617
9.91524e-05
-0.000138037
4.37447e-05
-0.000121602
-1.14401e-05
-0.000107073
-0.000137256
-0.000349902
-0.000456009
-0.0011375
-0.000716519
-0.00134705
-0.000724092
-0.000244682
-0.000637699
0.000711796
-0.000408613
0.00141324
-6.16695e-05
0.00180425
0.000252212
0.00118784
0.000406975
0.000222077
0.000398526
-0.000264198
0.000273742
-0.000465232
0.000157409
-0.000342573
8.99231e-05
-0.000192108
-0.000202352
0.000443401
-2.68918e-05
0.000436437
-3.14951e-05
0.000428279
-3.71037e-05
0.000418767
-4.40241e-05
0.000407775
-5.27019e-05
0.000395286
-6.3705e-05
0.000381302
-7.75542e-05
0.000365786
-9.44302e-05
0.000348573
-0.000113454
0.000327981
-0.000131379
0.000299101
-0.000141805
0.000259741
-0.000139955
0.000213871
-0.000130701
0.000167066
-0.000121543
0.00012178
-0.000114382
7.85824e-05
-0.000106422
3.72771e-05
-9.6736e-05
-4.82542e-07
-8.38585e-05
-3.44723e-05
-7.30845e-05
-0.000126623
-0.000257809
-0.000390664
-0.000873474
-0.000647556
-0.00109022
-0.000663719
-0.00022855
-0.000568787
0.000616867
-0.000368557
0.00121301
-6.16027e-05
0.00149732
0.000219011
0.000907247
0.000340724
0.000100372
0.000313231
-0.000236701
0.000210094
-0.000362095
0.000123369
-0.00025585
7.39004e-05
-0.000142639
-0.000161808
0.000318862
-2.15891e-05
0.000312717
-2.53482e-05
0.000305594
-2.9978e-05
0.000297379
-3.58062e-05
0.000288063
-4.33832e-05
0.000277712
-5.33507e-05
0.000266458
-6.62973e-05
0.000254868
-8.28378e-05
0.000242059
-0.000100642
0.000223682
-0.000113
0.000196241
-0.000114363
0.000162374
-0.000106088
0.000126742
-9.50678e-05
9.23709e-05
-8.71727e-05
6.00111e-05
-8.20236e-05
2.91651e-05
-7.5579e-05
-2.924e-07
-6.72808e-05
-2.58801e-05
-5.82828e-05
-4.63558e-05
-5.26073e-05
-0.000112559
-0.000191644
-0.000326088
-0.00065995
-0.000563132
-0.000853225
-0.000590598
-0.000201109
-0.000496487
0.00052276
-0.000323394
0.00103991
-4.73191e-05
0.00122128
0.000195579
0.000664362
0.000280635
1.53208e-05
0.000244523
-0.000200586
0.000161712
-0.000279284
9.74006e-05
-0.000191539
6.09499e-05
-0.000106188
-0.000129473
0.000227629
-1.71606e-05
0.000222533
-2.02495e-05
0.000216674
-2.41159e-05
0.000209954
-2.90822e-05
0.000202399
-3.58253e-05
0.000194075
-4.50229e-05
0.000185512
-5.77306e-05
0.000177096
-7.4419e-05
0.00016565
-8.91934e-05
0.000147167
-9.45151e-05
0.000122507
-8.97015e-05
9.55916e-05
-7.91723e-05
6.91426e-05
-6.86188e-05
4.4385e-05
-6.24158e-05
2.12651e-05
-5.89044e-05
-9.529e-07
-5.33628e-05
-2.19522e-05
-4.62829e-05
-3.92156e-05
-4.10279e-05
-5.17162e-05
-4.01042e-05
-9.90446e-05
-0.000144341
-0.000266963
-0.000492034
-0.000471777
-0.000648444
-0.000509853
-0.000163053
-0.000427174
0.000440085
-0.000271938
0.000884663
-2.24956e-05
0.000971857
0.000177011
0.000464864
0.000227432
-3.50967e-05
0.00019011
-0.000163263
0.000125028
-0.000214202
7.74148e-05
-0.000143927
5.04096e-05
-7.91822e-05
-0.000103603
0.000161831
-1.35584e-05
0.000157689
-1.6104e-05
0.000152932
-1.93557e-05
0.000147467
-2.3613e-05
0.000141319
-2.9673e-05
0.000134735
-3.84351e-05
0.000128445
-5.14371e-05
0.000121408
-6.73786e-05
0.000109678
-7.74609e-05
9.21962e-05
-7.7032e-05
7.18237e-05
-6.93281e-05
5.13429e-05
-5.86911e-05
3.2064e-05
-4.93398e-05
1.42872e-05
-4.46394e-05
-2.38474e-06
-4.2233e-05
-1.84204e-05
-3.73285e-05
-3.31869e-05
-3.15172e-05
-4.48949e-05
-2.93258e-05
-5.30497e-05
-3.19469e-05
-8.718e-05
-0.000110227
-0.000215455
-0.00036376
-0.000380982
-0.000482936
-0.00042361
-0.000120438
-0.000356744
0.000373224
-0.000210488
0.000738403
6.66894e-06
0.000754715
0.000157497
0.000314041
0.000181886
-5.94836e-05
0.000147589
-0.000128964
9.72007e-05
-0.000163813
6.18892e-05
-0.000108616
4.17832e-05
-5.90759e-05
-8.28556e-05
0.000115133
-1.0678e-05
0.000111821
-1.27884e-05
0.000108002
-1.55333e-05
0.000103557
-1.91639e-05
9.85554e-05
-2.46671e-05
9.347e-05
-3.33456e-05
8.84689e-05
-4.64324e-05
8.13116e-05
-6.02182e-05
6.94462e-05
-6.55933e-05
5.41342e-05
-6.17188e-05
3.80444e-05
-5.32376e-05
2.2784e-05
-4.34306e-05
8.83301e-06
-3.53887e-05
-3.98738e-06
-3.18193e-05
-1.60908e-05
-3.013e-05
-2.75695e-05
-2.58507e-05
-3.77712e-05
-2.1316e-05
-4.58512e-05
-2.12498e-05
-5.17643e-05
-2.60318e-05
-7.68848e-05
-8.51174e-05
-0.000173187
-0.000267457
-0.000301508
-0.000354628
-0.000339881
-8.20728e-05
-0.000282562
0.000315908
-0.000148652
0.00060449
2.93385e-05
0.000576733
0.000136376
0.000207006
0.000144025
-6.71314e-05
0.000114668
-9.9607e-05
7.60303e-05
-0.000125175
4.97201e-05
-8.23057e-05
3.46927e-05
-4.40484e-05
-6.61868e-05
8.21185e-05
-8.43065e-06
7.95294e-05
-1.01957e-05
7.64882e-05
-1.24881e-05
7.28593e-05
-1.5531e-05
6.88328e-05
-2.06366e-05
6.48197e-05
-2.93285e-05
6.01035e-05
-4.17129e-05
5.24684e-05
-5.25802e-05
4.12958e-05
-5.4419e-05
2.85621e-05
-4.89841e-05
1.6157e-05
-4.08319e-05
4.90104e-06
-3.21744e-05
-5.18785e-06
-2.52997e-05
-1.44689e-05
-2.25385e-05
-2.32445e-05
-2.13547e-05
-3.13418e-05
-1.77541e-05
-3.82849e-05
-1.43731e-05
-4.40137e-05
-1.55236e-05
-4.87464e-05
-2.12974e-05
-6.76979e-05
-6.61728e-05
-0.000139215
-0.00019594
-0.000236308
-0.000257542
-0.00026705
-5.13351e-05
-0.000216196
0.000265056
-9.87622e-05
0.000487055
4.17797e-05
0.000436197
0.000115172
0.000133616
0.000113267
-6.52256e-05
8.93139e-05
-7.56535e-05
5.98433e-05
-9.57043e-05
4.01064e-05
-6.25691e-05
2.88441e-05
-3.27859e-05
-5.2778e-05
5.87785e-05
-6.70387e-06
5.67621e-05
-8.1757e-06
5.43197e-05
-1.0042e-05
5.13574e-05
-1.2565e-05
4.81231e-05
-1.73987e-05
4.46819e-05
-2.58836e-05
3.97929e-05
-3.68212e-05
3.2074e-05
-4.48589e-05
2.21872e-05
-4.4531e-05
1.19132e-05
-3.87093e-05
2.45558e-06
-3.13739e-05
-5.83236e-06
-2.38863e-05
-1.31279e-05
-1.80041e-05
-1.9838e-05
-1.58285e-05
-2.61494e-05
-1.50434e-05
-3.1774e-05
-1.21299e-05
-3.6457e-05
-9.6903e-06
-4.06299e-05
-1.13524e-05
-4.46444e-05
-1.72817e-05
-5.92658e-05
-5.15558e-05
-0.000112039
-0.000143166
-0.000184193
-0.000185394
-0.000207031
-2.84994e-05
-0.000162144
0.00022017
-6.24507e-05
0.000387361
4.62542e-05
0.000327496
9.53303e-05
8.45413e-05
8.87015e-05
-5.85962e-05
6.98156e-05
-5.67673e-05
4.73785e-05
-7.32671e-05
3.24605e-05
-4.76513e-05
2.40063e-05
-2.43316e-05
-4.19829e-05
4.22585e-05
-5.36078e-06
4.06571e-05
-6.57098e-06
3.86797e-05
-8.06122e-06
3.62636e-05
-1.01455e-05
3.35974e-05
-1.47295e-05
3.03845e-05
-2.26675e-05
2.53563e-05
-3.17907e-05
1.80465e-05
-3.75472e-05
9.64302e-06
-3.61265e-05
1.48535e-06
-3.05511e-05
-5.71603e-06
-2.41723e-05
-1.18304e-05
-1.77718e-05
-1.70903e-05
-1.27441e-05
-2.19046e-05
-1.10144e-05
-2.63942e-05
-1.0554e-05
-3.02525e-05
-8.27183e-06
-3.34022e-05
-6.54067e-06
-3.64997e-05
-8.25601e-06
-3.99664e-05
-1.38141e-05
-5.14333e-05
-4.00917e-05
-9.0234e-05
-0.000104365
-0.000143076
-0.000132554
-0.000158956
-1.26218e-05
-0.000119841
0.000181056
-3.72356e-05
0.000304756
4.56281e-05
0.000244635
7.7724e-05
5.24462e-05
6.93176e-05
-5.01894e-05
5.47963e-05
-4.22459e-05
3.76992e-05
-5.61699e-05
2.63447e-05
-3.62969e-05
1.99949e-05
-1.79816e-05
-3.32888e-05
3.05039e-05
-4.28851e-06
2.92136e-05
-5.27775e-06
2.76096e-05
-6.45434e-06
2.56335e-05
-8.16651e-06
2.33472e-05
-1.24407e-05
2.02261e-05
-1.95437e-05
1.52901e-05
-2.6853e-05
8.72257e-06
-3.09782e-05
1.74189e-06
-2.91451e-05
-4.70551e-06
-2.41033e-05
-1.02093e-05
-1.86683e-05
-1.47277e-05
-1.32534e-05
-1.8495e-05
-8.97677e-06
-2.19103e-05
-7.59913e-06
-2.50694e-05
-7.39497e-06
-2.76934e-05
-5.64793e-06
-2.9814e-05
-4.42014e-06
-3.21302e-05
-5.94053e-06
-3.51009e-05
-1.08429e-05
-4.41747e-05
-3.10196e-05
-7.26274e-05
-7.59119e-05
-0.000110864
-9.43192e-05
-0.000121158
-2.32917e-06
-8.75199e-05
0.000147419
-2.036e-05
0.000237595
4.21222e-05
0.000182154
6.2687e-05
3.18819e-05
5.41425e-05
-4.16446e-05
4.31831e-05
-3.12863e-05
3.01207e-05
-4.31075e-05
2.14289e-05
-2.76051e-05
1.66615e-05
-1.32142e-05
-2.62872e-05
2.20956e-05
-3.41731e-06
2.10487e-05
-4.22853e-06
1.9745e-05
-5.14818e-06
1.81219e-05
-6.54105e-06
1.60974e-05
-1.04143e-05
1.30807e-05
-1.65247e-05
8.47511e-06
-2.22461e-05
2.77643e-06
-2.52784e-05
-2.96598e-06
-2.34023e-05
-8.06841e-06
-1.90006e-05
-1.22936e-05
-1.44429e-05
-1.5635e-05
-9.91199e-06
-1.83102e-05
-6.30153e-06
-2.07025e-05
-5.20685e-06
-2.29052e-05
-5.19235e-06
-2.46805e-05
-3.87271e-06
-2.61102e-05
-2.99048e-06
-2.78361e-05
-4.21516e-06
-3.03303e-05
-8.34823e-06
-3.75256e-05
-2.38254e-05
-5.83417e-05
-5.50957e-05
-8.5741e-05
-6.6921e-05
-9.18423e-05
3.77151e-06
-6.32607e-05
0.000118837
-9.47056e-06
0.000183805
3.72712e-05
0.000135413
5.01847e-05
1.89688e-05
4.23172e-05
-3.37769e-05
3.41577e-05
-2.31267e-05
2.41417e-05
-3.30916e-05
1.74604e-05
-2.09239e-05
1.3886e-05
-9.63979e-06
-2.06516e-05
1.60539e-05
-2.70251e-06
1.51996e-05
-3.37225e-06
1.41406e-05
-4.08728e-06
1.28025e-05
-5.20107e-06
1.09824e-05
-8.59278e-06
8.15214e-06
-1.36927e-05
4.0303e-06
-1.81233e-05
-8.22333e-07
-2.04251e-05
-5.53148e-06
-1.86928e-05
-9.58005e-06
-1.49519e-05
-1.28376e-05
-1.11852e-05
-1.53116e-05
-7.438e-06
-1.71942e-05
-4.41892e-06
-1.88478e-05
-3.55326e-06
-2.03738e-05
-3.66642e-06
-2.15709e-05
-2.67563e-06
-2.25337e-05
-2.02774e-06
-2.38038e-05
-2.94538e-06
-2.58455e-05
-6.30621e-06
-3.15334e-05
-1.81382e-05
-4.67297e-05
-3.98993e-05
-6.6214e-05
-4.74374e-05
-6.93454e-05
6.90252e-06
-4.53239e-05
9.48163e-05
-2.73507e-06
0.000141216
3.20484e-05
0.000100631
3.99803e-05
1.10372e-05
3.31219e-05
-2.69184e-05
2.71029e-05
-1.71077e-05
1.93921e-05
-2.53808e-05
1.42441e-05
-1.57758e-05
1.15706e-05
-6.96632e-06
-1.612e-05
1.16964e-05
-2.1129e-06
1.09973e-05
-2.67162e-06
1.01383e-05
-3.22679e-06
9.03343e-06
-4.09477e-06
7.40239e-06
-6.96062e-06
4.83395e-06
-1.1123e-05
1.25333e-06
-1.4542e-05
-2.83448e-06
-1.63367e-05
-6.691e-06
-1.4836e-05
-9.91303e-06
-1.17297e-05
-1.24365e-05
-8.66173e-06
-1.42731e-05
-5.60139e-06
-1.55864e-05
-3.10559e-06
-1.67144e-05
-2.42526e-06
-1.77678e-05
-2.61307e-06
-1.85729e-05
-1.87053e-06
-1.92174e-05
-1.38327e-06
-2.01342e-05
-2.02872e-06
-2.17613e-05
-4.67897e-06
-2.62282e-05
-1.36718e-05
-3.73014e-05
-2.8826e-05
-5.10836e-05
-3.36557e-05
-5.2229e-05
8.0477e-06
-3.22482e-05
7.48356e-05
1.184e-06
0.000107784
2.70088e-05
7.48063e-05
3.17542e-05
6.29193e-06
2.59734e-05
-2.11375e-05
2.1556e-05
-1.26902e-05
1.55963e-05
-1.94212e-05
1.16276e-05
-1.18071e-05
9.63534e-06
-4.97406e-06
-1.24819e-05
8.54433e-06
-1.6256e-06
7.9717e-06
-2.09782e-06
7.27613e-06
-2.53011e-06
6.36645e-06
-3.18394e-06
4.92717e-06
-5.52051e-06
2.66297e-06
-8.85777e-06
-3.82759e-07
-1.14959e-05
-3.80066e-06
-1.29184e-05
-6.95605e-06
-1.16805e-05
-9.52807e-06
-9.15761e-06
-1.14935e-05
-6.6963e-06
-1.2863e-05
-4.23179e-06
-1.37725e-05
-2.19612e-06
-1.45323e-05
-1.66547e-06
-1.52589e-05
-1.88646e-06
-1.57991e-05
-1.33037e-06
-1.62256e-05
-9.56823e-07
-1.68713e-05
-1.38311e-06
-1.8134e-05
-3.41615e-06
-2.16122e-05
-1.01938e-05
-2.96709e-05
-2.07673e-05
-3.93948e-05
-2.39321e-05
-3.93007e-05
7.95346e-06
-2.28462e-05
5.83812e-05
3.23736e-06
8.17003e-05
2.2427e-05
5.5617e-05
2.51752e-05
3.54381e-06
2.04092e-05
-1.63714e-05
1.71698e-05
-9.45087e-06
1.2547e-05
-1.47984e-05
9.49131e-06
-8.75142e-06
8.01433e-06
-3.49706e-06
-9.56772e-06
6.25838e-06
-1.22343e-06
5.78978e-06
-1.62834e-06
5.22778e-06
-1.96729e-06
4.48464e-06
-2.43993e-06
3.24029e-06
-4.27555e-06
1.29133e-06
-6.90807e-06
-1.25964e-06
-8.94457e-06
-4.09883e-06
-1.0079e-05
-6.67771e-06
-9.1015e-06
-8.73712e-06
-7.09814e-06
-1.02768e-05
-5.15655e-06
-1.13049e-05
-3.20367e-06
-1.19317e-05
-1.56933e-06
-1.24378e-05
-1.15941e-06
-1.29403e-05
-1.38392e-06
-1.33023e-05
-9.68398e-07
-1.35798e-05
-6.79301e-07
-1.40216e-05
-9.41407e-07
-1.49769e-05
-2.46075e-06
-1.766e-05
-7.51098e-06
-2.35227e-05
-1.49046e-05
-3.03899e-05
-1.70651e-05
-2.95971e-05
7.16062e-06
-1.61748e-05
4.4959e-05
4.09295e-06
6.14325e-05
1.84084e-05
4.13017e-05
1.99373e-05
2.01501e-06
1.60676e-05
-1.25016e-05
1.36832e-05
-7.06649e-06
1.00863e-05
-1.12015e-05
7.74075e-06
-6.40585e-06
6.65323e-06
-2.40954e-06
-7.24089e-06
4.59679e-06
-8.93494e-07
4.21384e-06
-1.24473e-06
3.7607e-06
-1.51352e-06
3.16103e-06
-1.8396e-06
2.10873e-06
-3.22281e-06
4.64157e-07
-5.26296e-06
-1.64606e-06
-6.83413e-06
-3.98914e-06
-7.73569e-06
-6.09349e-06
-6.99707e-06
-7.74689e-06
-5.44469e-06
-8.96025e-06
-3.94317e-06
-9.73869e-06
-2.42522e-06
-1.01704e-05
-1.13759e-06
-1.05046e-05
-8.25201e-07
-1.08548e-05
-1.0338e-06
-1.1098e-05
-7.25165e-07
-1.12752e-05
-5.02078e-07
-1.15679e-05
-6.48801e-07
-1.22738e-05
-1.75481e-06
-1.43239e-05
-5.46096e-06
-1.85925e-05
-1.0636e-05
-2.34685e-05
-1.21892e-05
-2.23507e-05
6.04275e-06
-1.14972e-05
3.41056e-05
4.21515e-06
4.57201e-05
1.49638e-05
3.05532e-05
1.57741e-05
1.20473e-06
1.26679e-05
-9.39539e-06
1.08977e-05
-5.29627e-06
8.09245e-06
-8.39619e-06
6.30059e-06
-4.61401e-06
5.50702e-06
-1.61596e-06
-5.39116e-06
3.38566e-06
-6.25728e-07
3.07329e-06
-9.31883e-07
2.7088e-06
-1.14858e-06
2.23211e-06
-1.36241e-06
1.36217e-06
-2.35255e-06
-1.12901e-09
-3.89928e-06
-1.72723e-06
-5.10787e-06
-3.64705e-06
-5.81573e-06
-5.36026e-06
-5.2838e-06
-6.69022e-06
-4.1147e-06
-7.65159e-06
-2.98178e-06
-8.24719e-06
-1.82961e-06
-8.5464e-06
-8.38374e-07
-8.76673e-06
-6.04877e-07
-9.01415e-06
-7.86381e-07
-9.17958e-06
-5.59747e-07
-9.29122e-06
-3.90441e-07
-9.47883e-06
-4.61224e-07
-9.98956e-06
-1.24404e-06
-1.15418e-05
-3.90883e-06
-1.46562e-05
-7.52147e-06
-1.81547e-05
-8.69083e-06
-1.69567e-05
4.84468e-06
-8.25012e-06
2.53991e-05
3.91858e-06
3.35514e-05
1.20538e-05
2.24181e-05
1.24624e-05
7.96205e-07
9.99282e-06
-6.92579e-06
8.66089e-06
-3.96433e-06
6.47017e-06
-6.20547e-06
5.11058e-06
-3.25443e-06
4.53808e-06
-1.04346e-06
-3.92961e-06
2.49887e-06
-4.11984e-07
2.24543e-06
-6.78068e-07
1.95302e-06
-8.55838e-07
1.57996e-06
-9.88969e-07
8.7798e-07
-1.65033e-06
-2.32482e-07
-2.78856e-06
-1.62868e-06
-3.71156e-06
-3.18849e-06
-4.25582e-06
-4.57811e-06
-3.89413e-06
-5.64837e-06
-3.04441e-06
-6.41356e-06
-2.21657e-06
-6.87471e-06
-1.36846e-06
-7.08547e-06
-6.27607e-07
-7.23241e-06
-4.57938e-07
-7.41154e-06
-6.07254e-07
-7.52731e-06
-4.43982e-07
-7.59826e-06
-3.19499e-07
-7.71541e-06
-3.44101e-07
-8.07875e-06
-8.80661e-07
-9.24356e-06
-2.74408e-06
-1.15231e-05
-5.24191e-06
-1.40717e-05
-6.14233e-06
-1.29423e-05
3.71529e-06
-6.0117e-06
1.84685e-05
3.40783e-06
2.41319e-05
9.61634e-06
1.62097e-05
9.81883e-06
5.93741e-07
7.8739e-06
-4.98084e-06
6.85416e-06
-2.94459e-06
5.14394e-06
-4.49524e-06
4.12175e-06
-2.23225e-06
3.71477e-06
-6.36472e-07
-2.78448e-06
1.84475e-06
-2.45448e-07
1.64134e-06
-4.74386e-07
1.40737e-06
-6.21616e-07
1.11971e-06
-7.01014e-07
5.69108e-07
-1.09956e-06
-3.178e-07
-1.90145e-06
-1.43359e-06
-2.59568e-06
-2.68728e-06
-3.00205e-06
-3.80743e-06
-2.77395e-06
-4.66712e-06
-2.18471e-06
-5.27798e-06
-1.6057e-06
-5.63969e-06
-1.00675e-06
-5.79277e-06
-4.74517e-07
-5.89437e-06
-3.5634e-07
-6.02898e-06
-4.72651e-07
-6.11446e-06
-3.58509e-07
-6.16241e-06
-2.71545e-07
-6.23538e-06
-2.71155e-07
-6.49141e-06
-6.24614e-07
-7.35776e-06
-1.87776e-06
-9.03138e-06
-3.56828e-06
-1.0921e-05
-4.25279e-06
-9.93973e-06
2.73405e-06
-4.47213e-06
1.30009e-05
2.80891e-06
1.68508e-05
7.58174e-06
1.14369e-05
7.6949e-06
4.80606e-07
6.17984e-06
-3.46576e-06
5.38365e-06
-2.14839e-06
4.05271e-06
-3.1643e-06
3.29384e-06
-1.47339e-06
3.00986e-06
-3.52484e-07
-1.898e-06
1.35629e-06
-1.20539e-07
1.19603e-06
-3.13906e-07
1.0094e-06
-4.34794e-07
7.90243e-07
-4.81626e-07
3.72564e-07
-6.81731e-07
-3.18086e-07
-1.2106e-06
-1.19522e-06
-1.71847e-06
-2.18773e-06
-2.00948e-06
-3.08114e-06
-1.88051e-06
-3.76777e-06
-1.49806e-06
-4.25564e-06
-1.11782e-06
-4.54316e-06
-7.19235e-07
-4.65991e-06
-3.57758e-07
-4.73545e-06
-2.80805e-07
-4.84192e-06
-3.66183e-07
-4.91032e-06
-2.90111e-07
-4.9477e-06
-2.34167e-07
-4.99595e-06
-2.22912e-07
-5.17674e-06
-4.43818e-07
-5.8148e-06
-1.23973e-06
-7.04481e-06
-2.33826e-06
-8.46737e-06
-2.83027e-06
-7.66488e-06
1.93155e-06
-3.40602e-06
8.74208e-06
2.19546e-06
1.12493e-05
5.8817e-06
7.75076e-06
5.97021e-06
3.92123e-07
4.8068e-06
-2.30233e-06
4.17336e-06
-1.51494e-06
3.14567e-06
-2.13661e-06
2.59246e-06
-9.20189e-07
2.39917e-06
-1.59189e-07
-1.22389e-06
9.83688e-07
-3.30423e-08
8.61013e-07
-1.91052e-07
7.13103e-07
-2.86721e-07
5.46704e-07
-3.15022e-07
2.42537e-07
-3.77413e-07
-2.74341e-07
-6.9345e-07
-9.45709e-07
-1.04705e-06
-1.71325e-06
-1.24189e-06
-2.41263e-06
-1.18111e-06
-2.95409e-06
-9.56586e-07
-3.34191e-06
-7.29994e-07
-3.57326e-06
-4.87883e-07
-3.6684e-06
-2.62621e-07
-3.73114e-06
-2.18064e-07
-3.82089e-06
-2.76431e-07
-3.88132e-06
-2.29685e-07
-3.91686e-06
-1.98629e-07
-3.95436e-06
-1.85424e-07
-4.08486e-06
-3.13306e-07
-4.54894e-06
-7.75675e-07
-5.4486e-06
-1.43859e-06
-6.52536e-06
-1.75352e-06
-5.8993e-06
1.30548e-06
-2.64805e-06
5.49084e-06
1.60981e-06
6.99147e-06
4.45237e-06
4.90825e-06
4.54561e-06
2.98903e-07
3.67012e-06
-1.42683e-06
3.15928e-06
-1.00409e-06
2.37846e-06
-1.35579e-06
1.98664e-06
-5.28371e-07
1.85977e-06
-3.2315e-08
-7.25517e-07
6.88332e-07
1.94989e-08
5.98847e-07
-1.01386e-07
4.83554e-07
-1.71263e-07
3.54871e-07
-1.86108e-07
1.48263e-07
-1.7063e-07
-2.10113e-07
-3.34762e-07
-7.01845e-07
-5.55263e-07
-1.27154e-06
-6.72148e-07
-1.79985e-06
-6.52783e-07
-2.21512e-06
-5.41298e-07
-2.51848e-06
-4.26632e-07
-2.70588e-06
-3.00479e-07
-2.78943e-06
-1.79073e-07
-2.84868e-06
-1.58815e-07
-2.92993e-06
-1.95181e-07
-2.98891e-06
-1.70709e-07
-3.02907e-06
-1.58467e-07
-3.06602e-06
-1.48481e-07
-3.16519e-06
-2.14124e-07
-3.49655e-06
-4.44339e-07
-4.14285e-06
-7.92287e-07
-4.9441e-06
-9.52293e-07
-4.47056e-06
8.31937e-07
-2.07074e-06
3.09103e-06
1.07716e-06
3.84356e-06
3.23293e-06
2.75252e-06
3.3351e-06
1.96751e-07
2.69609e-06
-7.878e-07
2.28396e-06
-5.9196e-07
1.70922e-06
-7.81048e-07
1.44554e-06
-2.64692e-07
1.36835e-06
4.4875e-08
-3.7482e-07
4.39642e-07
3.80217e-08
3.80245e-07
-4.17499e-08
2.94442e-07
-8.52487e-08
1.95919e-07
-8.72676e-08
7.49873e-08
-4.95069e-08
-1.40124e-07
-1.1938e-07
-4.68507e-07
-2.2681e-07
-8.56806e-07
-2.83787e-07
-1.22591e-06
-2.83651e-07
-1.52399e-06
-2.43204e-07
-1.75024e-06
-2.0037e-07
-1.89978e-06
-1.50941e-07
-1.97758e-06
-1.01268e-07
-2.03961e-06
-9.67805e-08
-2.11827e-06
-1.16529e-07
-2.18092e-06
-1.08062e-07
-2.23123e-06
-1.08158e-07
-2.27579e-06
-1.03927e-07
-2.3584e-06
-1.31503e-07
-2.58742e-06
-2.1535e-07
-3.029e-06
-3.507e-07
-3.58498e-06
-3.96345e-07
-3.2235e-06
4.70444e-07
-1.55582e-06
1.42338e-06
6.19447e-07
1.66828e-06
2.15933e-06
1.21272e-06
2.25584e-06
1.00269e-07
1.8152e-06
-3.47147e-07
1.49647e-06
-2.73223e-07
1.09918e-06
-3.83752e-07
9.39235e-07
-1.04757e-07
9.05152e-07
7.8962e-08
-1.51395e-07
2.24944e-07
2.7337e-08
1.93181e-07
-9.7724e-09
1.37199e-07
-2.90798e-08
7.60715e-08
-2.59657e-08
2.70497e-08
-3.93444e-10
-7.22356e-08
-1.99856e-08
-2.47744e-07
-5.12343e-08
-4.62939e-07
-6.85314e-08
-6.74223e-07
-7.23415e-08
-8.52453e-07
-6.49574e-08
-9.96588e-07
-5.62257e-08
-1.10239e-06
-4.51341e-08
-1.17017e-06
-3.34889e-08
-1.23258e-06
-3.43685e-08
-1.30726e-06
-4.18488e-08
-1.37364e-06
-4.16906e-08
-1.43621e-06
-4.55855e-08
-1.49377e-06
-4.63828e-08
-1.57043e-06
-5.48315e-08
-1.71751e-06
-6.83089e-08
-1.97689e-06
-9.13024e-08
-2.28279e-06
-9.04975e-08
-1.98689e-06
1.74516e-07
-9.65998e-07
4.02538e-07
2.80691e-07
4.21574e-07
1.17975e-06
3.13732e-07
1.24775e-06
3.22976e-08
9.91611e-07
-9.09983e-08
7.91067e-07
-7.26711e-08
5.45042e-07
-1.37725e-07
4.66291e-07
-2.60102e-08
4.82111e-07
6.31448e-08
-3.63454e-08
6.50375e-08
5.52651e-08
2.61853e-08
2.19593e-10
-1.7385e-10
-2.01594e-08
-7.13937e-08
-1.39925e-07
-2.12267e-07
-2.77224e-07
-3.3345e-07
-3.78584e-07
-4.12073e-07
-4.46441e-07
-4.8829e-07
-5.29981e-07
-5.75566e-07
-6.21949e-07
-6.7678e-07
-7.45089e-07
-8.36392e-07
-9.26889e-07
-7.52373e-07
-3.49835e-07
7.17393e-08
3.85472e-07
4.17769e-07
3.26771e-07
2.541e-07
1.16375e-07
9.03646e-08
1.53509e-07
)
;

boundaryField
{
    inlet
    {
        type            calculated;
        value           nonuniform List<scalar> 
65
(
-1.48805e-05
-1.80013e-05
-2.17767e-05
-2.63439e-05
-3.18689e-05
-3.85527e-05
-4.66383e-05
-5.64197e-05
-6.82524e-05
-8.25668e-05
-9.98834e-05
-0.000120832
-0.000146173
-0.00017683
-0.000213916
-0.00025878
-0.000313054
-0.00037871
-0.000458135
-0.000554219
-0.000670454
-0.000811067
-0.00098117
-0.00118695
-0.00143588
-0.00173703
-0.00210133
-0.00254204
-0.00307517
-0.00372012
-0.00356451
-0.00356451
-0.00356451
-0.00356451
-0.00360727
-0.00300087
-0.00249641
-0.00207675
-0.00172764
-0.00143721
-0.00119561
-0.000994624
-0.000827423
-0.00068833
-0.000572618
-0.000476358
-0.00039628
-0.000329664
-0.000274246
-0.000228144
-0.000189792
-0.000157887
-0.000131345
-0.000109266
-9.08975e-05
-7.56172e-05
-6.29056e-05
-5.23308e-05
-4.35338e-05
-3.62155e-05
-3.01276e-05
-2.50629e-05
-2.08498e-05
-1.73448e-05
-1.44291e-05
)
;
    }
    outlet
    {
        type            calculated;
        value           nonuniform List<scalar> 
113
(
2.26884e-06
4.42777e-06
6.03353e-06
7.38877e-06
8.68697e-06
1.00176e-05
1.14331e-05
1.29728e-05
1.46711e-05
1.65622e-05
1.86814e-05
2.10669e-05
2.37606e-05
2.6809e-05
3.02636e-05
3.41825e-05
3.86303e-05
4.368e-05
4.94132e-05
5.59213e-05
6.33059e-05
7.16794e-05
8.11644e-05
9.18921e-05
0.000104001
0.000117636
0.00013294
0.000150052
0.000169098
0.000190182
0.00021338
0.000238732
0.000266238
0.000295867
0.000327676
0.000361408
0.000397189
0.000435433
0.000477225
0.00052485
0.000582482
0.000656276
0.000752546
0.000875533
0.00102782
0.00121206
0.00143138
0.00168942
0.00157343
0.00167083
0.00175932
0.00183648
0.0019007
0.00195158
0.00199008
0.00201684
0.00203208
0.00203608
0.00202904
0.00201098
0.00198176
0.00194106
0.00188863
0.00182538
0.00175182
0.00166805
0.00157393
0.00147009
0.0010818
0.000895288
0.000743679
0.00062004
0.000518789
0.000435672
0.000367207
0.000310528
0.000263324
0.000223778
0.000190472
0.000162284
0.000138322
0.000117875
0.000100361
8.53024e-05
7.23116e-05
6.17723e-05
5.28805e-05
4.53277e-05
3.88799e-05
3.33563e-05
2.86146e-05
2.45394e-05
2.10358e-05
1.80238e-05
1.54352e-05
1.32111e-05
1.13008e-05
9.65991e-06
8.25037e-06
7.03902e-06
5.99722e-06
5.10017e-06
4.32639e-06
3.65729e-06
3.07654e-06
2.56963e-06
2.12338e-06
1.72506e-06
1.36139e-06
1.01765e-06
6.81725e-07
3.6706e-07
1.17164e-07
)
;
    }
    lowerWallStartup
    {
        type            symmetryPlane;
        value           uniform 0;
    }
    upperWallStartup
    {
        type            symmetryPlane;
        value           uniform 0;
    }
    upperWall
    {
        type            calculated;
        value           uniform 0;
    }
    lowerWall
    {
        type            calculated;
        value           uniform 0;
    }
    front
    {
        type            empty;
    }
    back
    {
        type            empty;
    }
}


// ************************************************************************* //
