/*--------------------------------*- C++ -*----------------------------------*\
| =========                 |                                                 |
| \\      /  F ield         | OpenFOAM: The Open Source CFD Toolbox           |
|  \\    /   O peration     | Version:  2506                                  |
|   \\  /    A nd           | Website:  www.openfoam.com                      |
|    \\/     M anipulation  |                                                 |
\*---------------------------------------------------------------------------*/
FoamFile
{
    version     2.0;
    format      ascii;
    arch        "LSB;label=32;scalar=64";
    class       volVectorField;
    location    "1000";
    object      U;
}
// * * * * * * * * * * * * * * * * * * * * * * * * * * * * * * * * * * * * * //

dimensions      [0 1 -1 0 0 0 0];

internalField   nonuniform List<vector> 
20540
(
(35.6519 0.00119163 0)
(23.9563 0.00289381 0)
(35.7281 0.00381791 0)
(24.0368 0.0085523 0)
(35.8567 0.00697596 0)
(24.1744 0.0136506 0)
(36.0449 0.0107595 0)
(24.3782 0.0186509 0)
(36.2998 0.0152744 0)
(24.6572 0.0237551 0)
(36.6279 0.020636 0)
(25.0205 0.0290569 0)
(37.0351 0.0269674 0)
(25.4765 0.0346452 0)
(37.5262 0.0343958 0)
(26.0334 0.0406254 0)
(38.1047 0.0430455 0)
(26.699 0.0471284 0)
(38.7731 0.0530276 0)
(27.4811 0.0543261 0)
(39.5325 0.0644264 0)
(28.3877 0.062447 0)
(40.3819 0.0772793 0)
(29.4275 0.0717922 0)
(41.3163 0.0915393 0)
(30.6096 0.0827501 0)
(42.3248 0.107033 0)
(31.9446 0.0958041 0)
(43.3896 0.123409 0)
(33.4435 0.111529 0)
(44.4818 0.140055 0)
(35.1172 0.130564 0)
(45.555 0.156029 0)
(36.9761 0.153516 0)
(46.5308 0.17006 0)
(39.0297 0.180856 0)
(47.2606 0.180153 0)
(41.2743 0.212651 0)
(47.325 0.183271 0)
(43.624 0.247397 0)
(45.8815 0.172069 0)
(45.6636 0.281487 0)
(44.2612 0.160247 0)
(45.9642 0.288846 0)
(44.2121 0.15724 0)
(45.1077 0.26885 0)
(44.3149 0.147977 0)
(45.0645 0.256701 0)
(44.3224 0.139977 0)
(45.0933 0.240263 0)
(44.3203 0.128586 0)
(45.0899 0.22159 0)
(44.3202 0.115564 0)
(45.0845 0.198713 0)
(44.3201 0.0995533 0)
(45.0795 0.171499 0)
(44.3199 0.0802566 0)
(45.0744 0.139076 0)
(44.3198 0.057032 0)
(45.0697 0.100262 0)
(44.3197 0.0321319 0)
(45.0665 0.05913 0)
(44.3198 0.00782512 0)
(45.0651 0.0191449 0)
(44.3199 -0.0164584 0)
(45.0655 -0.0207222 0)
(44.3201 -0.0407894 0)
(45.0675 -0.0607014 0)
(44.3203 -0.0653321 0)
(45.0713 -0.101224 0)
(44.3207 -0.0879637 0)
(45.0765 -0.138896 0)
(44.321 -0.10693 0)
(45.082 -0.170568 0)
(44.3212 -0.122625 0)
(45.0874 -0.197351 0)
(44.3218 -0.13581 0)
(45.0931 -0.219737 0)
(44.3256 -0.146888 0)
(45.0968 -0.238713 0)
(44.3231 -0.155373 0)
(45.07 -0.254732 0)
(44.231 -0.164011 0)
(45.0747 -0.266981 0)
(44.1843 -0.168514 0)
(45.765 -0.28568 0)
(45.3982 -0.177154 0)
(46.0273 -0.287694 0)
(47.1162 -0.191353 0)
(44.2219 -0.256577 0)
(47.331 -0.19074 0)
(41.9049 -0.222086 0)
(46.7286 -0.182434 0)
(39.6307 -0.189612 0)
(45.8114 -0.169273 0)
(37.5309 -0.161259 0)
(44.7622 -0.153683 0)
(35.6199 -0.137236 0)
(43.6694 -0.136975 0)
(33.8893 -0.117205 0)
(42.5853 -0.12019 0)
(32.3284 -0.100622 0)
(41.5427 -0.104032 0)
(30.9265 -0.0868888 0)
(40.5625 -0.0889349 0)
(29.6732 -0.0754339 0)
(39.658 -0.0751387 0)
(28.5588 -0.0657598 0)
(38.8365 -0.0627466 0)
(27.5745 -0.0574546 0)
(38.101 -0.0517634 0)
(26.713 -0.0501898 0)
(37.4518 -0.0421346 0)
(25.9671 -0.0437098 0)
(36.8883 -0.033772 0)
(25.3302 -0.037819 0)
(36.4085 -0.0265663 0)
(24.7953 -0.0323687 0)
(36.0094 -0.0203993 0)
(24.3556 -0.0272446 0)
(35.6866 -0.0151522 0)
(24.0041 -0.0223527 0)
(35.4351 -0.0107108 0)
(23.733 -0.0176123 0)
(35.2486 -0.00696808 0)
(23.5342 -0.0129351 0)
(35.1208 -0.0038258 0)
(23.3995 -0.00812894 0)
(35.0447 -0.00119683 0)
(23.3205 -0.0027578 0)
(5.37429 0.00340598 0)
(4.86286 4.89507e-05 0)
(4.76106 1.29719e-05 0)
(4.70448 8.93766e-06 0)
(4.65177 7.0695e-06 0)
(4.61892 3.27131e-06 0)
(4.60934 1.53477e-06 0)
(4.59571 1.0205e-06 0)
(4.59182 6.18188e-07 0)
(4.58317 6.57531e-07 0)
(4.5794 4.01293e-07 0)
(4.5742 1.00598e-06 0)
(4.56642 1.18528e-06 0)
(4.56071 1.21356e-06 0)
(4.55393 1.50085e-06 0)
(4.54673 1.63389e-06 0)
(4.53988 1.96738e-06 0)
(4.5316 2.13384e-06 0)
(4.52402 1.76638e-06 0)
(4.51832 1.71424e-06 0)
(4.51158 2.32979e-06 0)
(4.50303 3.16715e-06 0)
(4.49247 3.75366e-06 0)
(4.48169 4.20266e-06 0)
(4.46957 4.38599e-06 0)
(4.45854 4.47266e-06 0)
(4.44661 4.78474e-06 0)
(4.43462 4.51714e-06 0)
(4.42438 5.30222e-06 0)
(4.40946 4.87854e-06 0)
(4.40144 4.84081e-06 0)
(4.38692 7.01434e-06 0)
(4.37063 3.78582e-06 0)
(4.36778 1.11868e-05 0)
(4.3164 1.20438e-05 0)
(4.32644 -4.36473e-05 0)
(4.43587 -0.000191154 0)
(4.67173 -0.000245674 0)
(4.74035 -9.57604e-05 0)
(4.67473 1.3666e-05 0)
(4.66884 4.01551e-05 0)
(4.66511 5.37192e-05 0)
(4.67154 4.68931e-05 0)
(4.68212 3.30022e-05 0)
(4.69979 2.40795e-05 0)
(4.71199 1.73506e-05 0)
(4.72801 1.49485e-05 0)
(4.73496 2.49884e-05 0)
(4.72822 1.8906e-05 0)
(4.73381 1.90976e-05 0)
(4.71459 2.91498e-05 0)
(4.6933 1.23395e-05 0)
(4.68546 -1.57393e-05 0)
(4.67262 -6.86759e-05 0)
(4.68149 -0.000146074 0)
(4.6948 -0.000204569 0)
(4.67748 -0.000200886 0)
(4.61439 -0.000120868 0)
(4.51089 -3.92608e-05 0)
(4.40998 1.22858e-05 0)
(4.31907 3.91142e-05 0)
(4.2414 4.33345e-05 0)
(4.1401 9.6255e-06 0)
(4.07561 -4.18673e-06 0)
(4.01717 2.51443e-05 0)
(3.95455 5.13135e-05 0)
(3.89011 7.69676e-05 0)
(3.82831 9.49163e-05 0)
(3.77017 0.000111541 0)
(3.71866 0.000122994 0)
(3.6714 0.000138636 0)
(3.63057 0.000159688 0)
(3.58508 0.00017859 0)
(3.54433 0.000180088 0)
(3.5118 0.000182534 0)
(3.46924 0.00021172 0)
(3.43013 0.000239007 0)
(3.37254 0.000295307 0)
(3.32955 0.000317963 0)
(3.25715 0.00040774 0)
(3.21178 0.000437946 0)
(3.11785 0.000540516 0)
(3.0624 0.000584658 0)
(2.94855 0.000572497 0)
(2.85619 0.000574874 0)
(2.80669 -0.000108225 0)
(2.57831 -0.00218706 0)
(3.34851 -0.00771011 0)
(10.7495 0.00646571 0)
(9.93668 0.00028581 0)
(9.76878 7.73823e-05 0)
(9.67278 5.57479e-05 0)
(9.58292 4.50767e-05 0)
(9.52525 2.29957e-05 0)
(9.5059 1.31456e-05 0)
(9.48008 1.01064e-05 0)
(9.47052 7.60391e-06 0)
(9.45337 7.7238e-06 0)
(9.44449 5.82121e-06 0)
(9.43382 8.8556e-06 0)
(9.41941 9.51821e-06 0)
(9.40863 9.21458e-06 0)
(9.39654 1.07195e-05 0)
(9.38372 1.11884e-05 0)
(9.37207 1.25741e-05 0)
(9.35815 1.36398e-05 0)
(9.34524 1.18217e-05 0)
(9.33518 1.15335e-05 0)
(9.32365 1.47526e-05 0)
(9.30948 1.9185e-05 0)
(9.29234 2.22251e-05 0)
(9.27495 2.47883e-05 0)
(9.25533 2.5959e-05 0)
(9.23744 2.67644e-05 0)
(9.21789 2.89201e-05 0)
(9.19814 2.78304e-05 0)
(9.18103 3.28528e-05 0)
(9.15624 3.0796e-05 0)
(9.14242 3.17106e-05 0)
(9.11771 4.48141e-05 0)
(9.09013 2.8528e-05 0)
(9.08279 8.56054e-05 0)
(8.99162 6.60852e-05 0)
(9.01669 -0.000202329 0)
(9.15224 -0.000587927 0)
(9.28725 -0.000497657 0)
(9.17728 4.20413e-05 0)
(9.01813 0.000137566 0)
(9.037 -7.28996e-06 0)
(9.10311 -3.89585e-05 0)
(9.1852 -6.35195e-05 0)
(9.26422 -8.20352e-05 0)
(9.33685 -8.14533e-05 0)
(9.39555 -7.66491e-05 0)
(9.44745 -6.32648e-05 0)
(9.48625 -4.67603e-06 0)
(9.50061 -2.49461e-07 0)
(9.52253 3.83615e-05 0)
(9.50384 0.000118347 0)
(9.47526 8.9852e-05 0)
(9.45314 7.28919e-05 0)
(9.39586 3.3306e-05 0)
(9.32689 -2.26208e-05 0)
(9.21404 0.000126412 0)
(8.99663 0.000465179 0)
(8.70858 0.000818694 0)
(8.39949 0.000965455 0)
(8.13586 0.000903049 0)
(7.92926 0.000800981 0)
(7.75852 0.000892381 0)
(7.52787 0.000964969 0)
(7.34857 0.000956319 0)
(7.20397 0.00107929 0)
(7.05353 0.0011681 0)
(6.91058 0.00119608 0)
(6.7776 0.00117455 0)
(6.65992 0.00110559 0)
(6.56085 0.0010253 0)
(6.4752 0.000930158 0)
(6.40961 0.000941494 0)
(6.33625 0.000968365 0)
(6.27725 0.000845827 0)
(6.23281 0.000913815 0)
(6.16823 0.00106634 0)
(6.11194 0.00132838 0)
(6.01956 0.00144906 0)
(5.96494 0.00174107 0)
(5.84465 0.00183555 0)
(5.80236 0.00232898 0)
(5.63688 0.00252783 0)
(5.59367 0.00330334 0)
(5.36789 0.00379986 0)
(5.26294 0.00379329 0)
(5.08066 0.0055306 0)
(4.66566 -0.00744901 0)
(5.46238 -0.0180501 0)
(14.6554 0.0106531 0)
(13.713 0.00065727 0)
(13.5116 0.000183695 0)
(13.391 0.000135098 0)
(13.2772 0.000110795 0)
(13.2008 5.97651e-05 0)
(13.1695 3.69365e-05 0)
(13.131 2.9748e-05 0)
(13.1121 2.368e-05 0)
(13.0849 2.3688e-05 0)
(13.068 1.86337e-05 0)
(13.0503 2.4754e-05 0)
(13.0295 2.56404e-05 0)
(13.0135 2.42319e-05 0)
(12.9971 2.73488e-05 0)
(12.9797 2.7843e-05 0)
(12.9651 3.02185e-05 0)
(12.9482 3.28142e-05 0)
(12.932 2.91495e-05 0)
(12.9187 2.85202e-05 0)
(12.9042 3.52265e-05 0)
(12.8874 4.45136e-05 0)
(12.868 5.08162e-05 0)
(12.8486 5.65573e-05 0)
(12.8266 5.93754e-05 0)
(12.8065 6.16175e-05 0)
(12.7841 6.70698e-05 0)
(12.7613 6.52369e-05 0)
(12.7409 7.73377e-05 0)
(12.7118 7.33261e-05 0)
(12.6944 7.68016e-05 0)
(12.664 0.0001076 0)
(12.6304 7.42226e-05 0)
(12.6159 0.000221954 0)
(12.4951 0.000146286 0)
(12.5453 -0.000381671 0)
(12.6102 -0.000653095 0)
(12.3297 -4.1579e-05 0)
(11.8878 0.00072435 0)
(11.6268 0.000384495 0)
(11.6743 -0.000239927 0)
(11.8356 -0.000437635 0)
(12.0242 -0.000497985 0)
(12.2037 -0.000489574 0)
(12.3551 -0.000440971 0)
(12.4854 -0.000386531 0)
(12.5893 -0.000329171 0)
(12.681 -0.000200007 0)
(12.7421 -0.000144242 0)
(12.7916 -1.22749e-05 0)
(12.7928 0.000197076 0)
(12.7715 0.000220073 0)
(12.7307 0.000364953 0)
(12.6029 0.000599343 0)
(12.3894 0.000891352 0)
(12.0642 0.00165432 0)
(11.5752 0.00259416 0)
(11.038 0.00316805 0)
(10.5391 0.00314875 0)
(10.1398 0.00268842 0)
(9.84437 0.00224778 0)
(9.60509 0.00248488 0)
(9.28385 0.00282342 0)
(9.01988 0.00284245 0)
(8.81561 0.00307135 0)
(8.60657 0.00321624 0)
(8.41373 0.00319122 0)
(8.23666 0.00305541 0)
(8.08343 0.00279086 0)
(7.9567 0.00251429 0)
(7.84962 0.00218273 0)
(7.7711 0.00213386 0)
(7.68443 0.00213616 0)
(7.61793 0.00178454 0)
(7.56884 0.00196583 0)
(7.49481 0.00229703 0)
(7.4321 0.00293766 0)
(7.32426 0.00308812 0)
(7.26764 0.00383182 0)
(7.12488 0.00378898 0)
(7.09093 0.00509407 0)
(6.88909 0.00528012 0)
(6.86239 0.00743778 0)
(6.57193 0.0087782 0)
(6.47267 0.0093455 0)
(6.18367 0.0161315 0)
(5.68504 -0.00920344 0)
(6.24825 -0.00394147 0)
(17.3823 0.0139907 0)
(16.4027 0.00113363 0)
(16.1797 0.000328277 0)
(16.0405 0.000246429 0)
(15.9079 0.0002053 0)
(15.8144 0.000117251 0)
(15.7696 7.753e-05 0)
(15.718 6.47678e-05 0)
(15.6877 5.36633e-05 0)
(15.6499 5.30259e-05 0)
(15.6236 4.2937e-05 0)
(15.5983 5.15173e-05 0)
(15.5712 5.16227e-05 0)
(15.5501 4.77024e-05 0)
(15.5299 5.22394e-05 0)
(15.5087 5.17792e-05 0)
(15.4923 5.41377e-05 0)
(15.4737 5.88136e-05 0)
(15.4556 5.36169e-05 0)
(15.4397 5.26673e-05 0)
(15.4232 6.2622e-05 0)
(15.4053 7.64257e-05 0)
(15.3859 8.56202e-05 0)
(15.367 9.49805e-05 0)
(15.3455 9.99694e-05 0)
(15.3257 0.000104515 0)
(15.3031 0.000114801 0)
(15.2798 0.000113029 0)
(15.2583 0.000134733 0)
(15.2277 0.000129399 0)
(15.2083 0.000137975 0)
(15.1749 0.000191926 0)
(15.138 0.000143284 0)
(15.1164 0.000426689 0)
(14.9734 0.000237714 0)
(15.0492 -0.00049302 0)
(15.0154 0.000103815 0)
(14.2946 0.00169147 0)
(13.5672 0.00217444 0)
(13.2238 0.00078847 0)
(13.2822 -0.000692344 0)
(13.5087 -0.00122408 0)
(13.776 -0.00135777 0)
(14.0346 -0.00128977 0)
(14.2506 -0.00115011 0)
(14.4423 -0.000998915 0)
(14.5919 -0.000864847 0)
(14.7316 -0.000657669 0)
(14.8388 -0.000492913 0)
(14.9153 -0.000197554 0)
(14.9405 0.000203542 0)
(14.9314 0.000391129 0)
(14.8765 0.000944525 0)
(14.6877 0.00186529 0)
(14.3463 0.00297283 0)
(13.8464 0.00478886 0)
(13.1556 0.0065028 0)
(12.4472 0.00710007 0)
(11.8248 0.00658789 0)
(11.339 0.00540387 0)
(10.9864 0.00439587 0)
(10.7035 0.00481597 0)
(10.3303 0.00557617 0)
(10.0168 0.00564946 0)
(9.77804 0.00598512 0)
(9.53577 0.00617206 0)
(9.31476 0.00603589 0)
(9.11271 0.00571239 0)
(8.93909 0.00514672 0)
(8.79602 0.0045737 0)
(8.67601 0.00388738 0)
(8.58862 0.00372202 0)
(8.49423 0.00366281 0)
(8.42239 0.00299061 0)
(8.36908 0.00332541 0)
(8.28935 0.00387658 0)
(8.22257 0.00502085 0)
(8.10677 0.00516917 0)
(8.0478 0.00653087 0)
(7.89354 0.00622621 0)
(7.86105 0.00865754 0)
(7.64085 0.00874335 0)
(7.61802 0.0128769 0)
(7.29434 0.0153978 0)
(7.19221 0.0172213 0)
(6.83674 0.0313558 0)
(6.29957 -0.00651438 0)
(6.64603 0.0221811 0)
(19.4932 0.0172052 0)
(18.5292 0.00172722 0)
(18.2893 0.000522576 0)
(18.1337 0.000400476 0)
(17.9837 0.000339566 0)
(17.8724 0.000205161 0)
(17.8124 0.000143354 0)
(17.7468 0.000123135 0)
(17.7034 0.000104958 0)
(17.6541 0.000102641 0)
(17.6172 8.4793e-05 0)
(17.5836 9.41516e-05 0)
(17.5502 9.16516e-05 0)
(17.5238 8.29998e-05 0)
(17.5 8.82625e-05 0)
(17.4755 8.50819e-05 0)
(17.4577 8.55871e-05 0)
(17.4382 9.29249e-05 0)
(17.4189 8.69797e-05 0)
(17.4009 8.58892e-05 0)
(17.3829 9.81237e-05 0)
(17.3649 0.000114909 0)
(17.3469 0.0001257 0)
(17.33 0.000138769 0)
(17.3106 0.000146437 0)
(17.2927 0.000154385 0)
(17.2717 0.000171521 0)
(17.2494 0.000171191 0)
(17.2283 0.000205536 0)
(17.1982 0.000200303 0)
(17.1778 0.000217464 0)
(17.1433 0.000301213 0)
(17.1046 0.000242104 0)
(17.0765 0.000718775 0)
(16.9163 0.000338912 0)
(17.015 -0.000489686 0)
(16.8821 0.00198179 0)
(15.7618 0.00505607 0)
(14.7991 0.00456969 0)
(14.3834 0.00142356 0)
(14.4361 -0.00135267 0)
(14.7013 -0.00242737 0)
(15.0215 -0.00269652 0)
(15.3373 -0.00254796 0)
(15.6023 -0.00227878 0)
(15.8423 -0.00198224 0)
(16.0289 -0.00173698 0)
(16.2081 -0.00144912 0)
(16.3554 -0.00110976 0)
(16.4563 -0.00056824 0)
(16.5051 9.89321e-05 0)
(16.5098 0.000593951 0)
(16.4466 0.00186115 0)
(16.2131 0.00396986 0)
(15.7733 0.00642801 0)
(15.1436 0.00975309 0)
(14.3104 0.0124076 0)
(13.4833 0.0128153 0)
(12.7752 0.0114621 0)
(12.2283 0.00920605 0)
(11.8329 0.00737903 0)
(11.5175 0.00800163 0)
(11.1117 0.00933546 0)
(10.7662 0.0094947 0)
(10.5048 0.00994393 0)
(10.2412 0.0101628 0)
(10.0018 0.00985983 0)
(9.78325 0.00927552 0)
(9.59557 0.00830165 0)
(9.44052 0.00732808 0)
(9.31058 0.00616647 0)
(9.21514 0.00582133 0)
(9.11482 0.00566209 0)
(9.03753 0.00458227 0)
(8.97916 0.00510885 0)
(8.89463 0.00592225 0)
(8.82407 0.00770664 0)
(8.70304 0.00784411 0)
(8.64042 0.010013 0)
(8.47903 0.0093659 0)
(8.44278 0.0132674 0)
(8.21261 0.0132344 0)
(8.18432 0.019978 0)
(7.84481 0.0241125 0)
(7.73013 0.0280089 0)
(7.33707 0.0517699 0)
(6.77469 0.00151023 0)
(6.95635 0.0588627 0)
(21.2478 0.0201982 0)
(20.3342 0.0024342 0)
(20.0805 0.000777166 0)
(19.9094 0.000608395 0)
(19.7421 0.000525986 0)
(19.6119 0.000335552 0)
(19.5349 0.000245089 0)
(19.4545 0.000215038 0)
(19.3964 0.000187119 0)
(19.3348 0.000181321 0)
(19.2862 0.000152006 0)
(19.2438 0.000158842 0)
(19.2037 0.000150754 0)
(19.1719 0.00013409 0)
(19.1444 0.000138562 0)
(19.1166 0.000129836 0)
(19.0977 0.00012546 0)
(19.0779 0.000135849 0)
(19.0579 0.000130588 0)
(19.0382 0.000129851 0)
(19.019 0.00014237 0)
(19.0015 0.000158736 0)
(18.9858 0.000168324 0)
(18.9719 0.000184429 0)
(18.9558 0.000195054 0)
(18.9411 0.000207618 0)
(18.923 0.000234011 0)
(18.9032 0.000237252 0)
(18.8836 0.000287554 0)
(18.8555 0.000284988 0)
(18.835 0.000315276 0)
(18.8009 0.000436274 0)
(18.7617 0.000375262 0)
(18.7285 0.00111455 0)
(18.5548 0.000447936 0)
(18.6721 -0.000325803 0)
(18.4559 0.00529344 0)
(16.9967 0.0104611 0)
(15.8332 0.00813872 0)
(15.3476 0.00239453 0)
(15.3794 -0.00219071 0)
(15.6626 -0.00406904 0)
(16.0153 -0.00456333 0)
(16.3704 -0.00432621 0)
(16.6713 -0.00389423 0)
(16.9481 -0.00340325 0)
(17.1641 -0.0030099 0)
(17.3741 -0.00264418 0)
(17.5543 -0.00205982 0)
(17.6766 -0.00117948 0)
(17.7468 -0.000163716 0)
(17.7658 0.000806428 0)
(17.7003 0.00313794 0)
(17.4394 0.00701377 0)
(16.9319 0.0114377 0)
(16.2111 0.0167778 0)
(15.279 0.0205659 0)
(14.3662 0.0205667 0)
(13.5935 0.017997 0)
(12.9978 0.0142893 0)
(12.5657 0.0113594 0)
(12.2223 0.0121729 0)
(11.7943 0.0142282 0)
(11.4261 0.0145165 0)
(11.1483 0.0150882 0)
(10.8695 0.0153284 0)
(10.6167 0.0148028 0)
(10.3856 0.0138839 0)
(10.1867 0.0123936 0)
(10.0213 0.0109115 0)
(9.88227 0.00915145 0)
(9.77833 0.00854976 0)
(9.67245 0.00824688 0)
(9.58882 0.00668156 0)
(9.52418 0.00743262 0)
(9.43472 0.00854351 0)
(9.35996 0.0111088 0)
(9.23473 0.011248 0)
(9.16699 0.0144313 0)
(9.00047 0.01341 0)
(8.95627 0.0191352 0)
(8.72082 0.0190504 0)
(8.67974 0.0290213 0)
(8.3357 0.0353458 0)
(8.19977 0.042171 0)
(7.79087 0.0778737 0)
(7.20679 0.0157888 0)
(7.27013 0.106201 0)
(22.7769 0.0229551 0)
(21.9374 0.00325275 0)
(21.6723 0.00110603 0)
(21.4862 0.00088536 0)
(21.3014 0.000781448 0)
(21.1512 0.00052475 0)
(21.0555 0.000397048 0)
(20.9595 0.000354059 0)
(20.8853 0.000312874 0)
(20.8108 0.000300707 0)
(20.7496 0.000254977 0)
(20.6976 0.000253922 0)
(20.6506 0.000235745 0)
(20.613 0.000206408 0)
(20.5816 0.000207462 0)
(20.5507 0.000189069 0)
(20.5307 0.000175212 0)
(20.5108 0.000188526 0)
(20.4905 0.000186059 0)
(20.4695 0.000186684 0)
(20.4493 0.000196452 0)
(20.4325 0.000206715 0)
(20.4196 0.000210293 0)
(20.4093 0.000227596 0)
(20.3975 0.000240952 0)
(20.3868 0.000259295 0)
(20.3727 0.000297668 0)
(20.3563 0.00030743 0)
(20.3394 0.000377268 0)
(20.3145 0.000381268 0)
(20.2949 0.000430509 0)
(20.2624 0.000597195 0)
(20.2238 0.000545907 0)
(20.1876 0.00163159 0)
(20.0039 0.000568311 0)
(20.1334 1.98227e-05 0)
(19.8617 0.0103172 0)
(18.1325 0.0183583 0)
(16.7901 0.013192 0)
(16.2309 0.00386092 0)
(16.2275 -0.00314749 0)
(16.5111 -0.00616067 0)
(16.8799 -0.00700684 0)
(17.2601 -0.00669094 0)
(17.5861 -0.00606977 0)
(17.89 -0.00533585 0)
(18.129 -0.00475295 0)
(18.3619 -0.00431494 0)
(18.5683 -0.00341319 0)
(18.7089 -0.00209119 0)
(18.7979 -0.000635441 0)
(18.8311 0.000996033 0)
(18.7684 0.00477261 0)
(18.4968 0.0110576 0)
(17.9505 0.018157 0)
(17.1717 0.0261108 0)
(16.1737 0.0312996 0)
(15.1974 0.0307015 0)
(14.3728 0.0265177 0)
(13.7345 0.0209399 0)
(13.2676 0.0165769 0)
(12.8976 0.0175242 0)
(12.4536 0.0204415 0)
(12.0681 0.0209191 0)
(11.7775 0.0216266 0)
(11.4871 0.0218791 0)
(11.2235 0.021075 0)
(10.9821 0.0197468 0)
(10.7732 0.0176305 0)
(10.5979 0.0155268 0)
(10.4498 0.0130408 0)
(10.3363 0.0120869 0)
(10.2245 0.0115897 0)
(10.1333 0.00947172 0)
(10.061 0.0104734 0)
(9.96593 0.0119082 0)
(9.88617 0.0154029 0)
(9.75699 0.0155851 0)
(9.68256 0.0200169 0)
(9.51189 0.0186576 0)
(9.45608 0.0265737 0)
(9.21834 0.0266261 0)
(9.15832 0.0404063 0)
(8.81769 0.0497101 0)
(8.65328 0.0602863 0)
(8.24512 0.110374 0)
(7.64082 0.0372159 0)
(7.62117 0.16438 0)
(24.1568 0.0254569 0)
(23.4061 0.00418031 0)
(23.1318 0.00152672 0)
(22.9311 0.00125114 0)
(22.7285 0.00112815 0)
(22.5572 0.000794376 0)
(22.4415 0.00061817 0)
(22.3292 0.000558094 0)
(22.2379 0.000499015 0)
(22.1499 0.000476102 0)
(22.0754 0.000407481 0)
(22.0132 0.00039059 0)
(21.9587 0.000355837 0)
(21.915 0.00030738 0)
(21.8795 0.000300922 0)
(21.8454 0.000267182 0)
(21.8238 0.000237184 0)
(21.804 0.000252273 0)
(21.7838 0.000255328 0)
(21.7616 0.00025907 0)
(21.7405 0.000262108 0)
(21.7245 0.000257909 0)
(21.7144 0.000248039 0)
(21.708 0.000262987 0)
(21.7009 0.000277913 0)
(21.6949 0.000302865 0)
(21.6855 0.000356036 0)
(21.6735 0.000376122 0)
(21.66 0.000469241 0)
(21.6394 0.000485167 0)
(21.6215 0.000560753 0)
(21.5918 0.000782603 0)
(21.555 0.000754355 0)
(21.5182 0.00228683 0)
(21.3279 0.000712576 0)
(21.4614 0.000535258 0)
(21.1693 0.017285 0)
(19.2454 0.0292612 0)
(17.7377 0.0201575 0)
(17.0975 0.00606055 0)
(17.0444 -0.00412003 0)
(17.3122 -0.00869629 0)
(17.683 -0.0100739 0)
(18.0761 -0.00971487 0)
(18.4182 -0.00888859 0)
(18.7409 -0.00786581 0)
(18.9974 -0.00704535 0)
(19.2464 -0.00654086 0)
(19.4727 -0.00525004 0)
(19.6289 -0.00337249 0)
(19.7336 -0.00137585 0)
(19.7808 0.00111707 0)
(19.7254 0.00673637 0)
(19.4579 0.0161198 0)
(18.8995 0.0267145 0)
(18.0917 0.0380185 0)
(17.0552 0.0450015 0)
(16.0325 0.0436742 0)
(15.1645 0.0374658 0)
(14.4865 0.0295534 0)
(13.9848 0.0233672 0)
(13.5876 0.0243258 0)
(13.131 0.0282279 0)
(12.7321 0.0289758 0)
(12.4309 0.0298389 0)
(12.1312 0.0300968 0)
(11.8584 0.0289599 0)
(11.608 0.0271479 0)
(11.3897 0.0242963 0)
(11.2044 0.0214535 0)
(11.0465 0.0181122 0)
(10.9222 0.016687 0)
(10.8037 0.0159347 0)
(10.7035 0.0132121 0)
(10.6219 0.0144827 0)
(10.5203 0.0162561 0)
(10.4344 0.0208357 0)
(10.3011 0.0211407 0)
(10.2184 0.0270878 0)
(10.044 0.0255214 0)
(9.9733 0.0360092 0)
(9.73523 0.0365542 0)
(9.65116 0.0546727 0)
(9.31942 0.0680141 0)
(9.12124 0.0830919 0)
(8.72568 0.15013 0)
(8.10373 0.066937 0)
(8.02439 0.233799 0)
(25.4372 0.0276867 0)
(24.7825 0.00521311 0)
(24.501 0.00206061 0)
(24.2861 0.0017307 0)
(24.0655 0.00159446 0)
(23.8724 0.00117243 0)
(23.7356 0.000933091 0)
(23.6066 0.000850332 0)
(23.4972 0.000767358 0)
(23.3952 0.000727386 0)
(23.3069 0.000627579 0)
(23.2339 0.000583764 0)
(23.1715 0.000523393 0)
(23.1213 0.000447088 0)
(23.0812 0.000427138 0)
(23.0436 0.000370564 0)
(23.02 0.000315154 0)
(23.0001 0.000329102 0)
(22.98 0.000340787 0)
(22.957 0.000350366 0)
(22.9351 0.000341996 0)
(22.9194 0.000312043 0)
(22.912 0.000278014 0)
(22.9094 0.000284639 0)
(22.9071 0.000298424 0)
(22.9059 0.000330042 0)
(22.9017 0.000400499 0)
(22.8946 0.000435475 0)
(22.8852 0.000555597 0)
(22.8697 0.000590237 0)
(22.8543 0.000701414 0)
(22.8282 0.000988858 0)
(22.7943 0.000996233 0)
(22.7597 0.00309387 0)
(22.5665 0.000906766 0)
(22.6942 0.00116724 0)
(22.4186 0.0263358 0)
(20.3833 0.0437253 0)
(18.7207 0.0296096 0)
(17.9889 0.00933976 0)
(17.8718 -0.00493547 0)
(18.1076 -0.0116323 0)
(18.4672 -0.0137974 0)
(18.8619 -0.0134699 0)
(19.2121 -0.01244 0)
(19.5461 -0.0110895 0)
(19.8153 -0.0099761 0)
(20.0745 -0.00940867 0)
(20.3147 -0.00766144 0)
(20.484 -0.00510309 0)
(20.6016 -0.00245506 0)
(20.6622 0.00110846 0)
(20.6173 0.008969 0)
(20.3666 0.0221596 0)
(19.8203 0.0371817 0)
(19.0101 0.0527497 0)
(17.9603 0.0621069 0)
(16.9064 0.0600362 0)
(16.0018 0.0514045 0)
(15.2854 0.04065 0)
(14.7479 0.0321797 0)
(14.3216 0.0329374 0)
(13.8543 0.0379089 0)
(13.4446 0.0390306 0)
(13.1342 0.0400771 0)
(12.8269 0.0403379 0)
(12.5459 0.0388184 0)
(12.2871 0.0364504 0)
(12.0597 0.0327598 0)
(11.8639 0.0290607 0)
(11.6955 0.0247395 0)
(11.5589 0.0226982 0)
(11.4325 0.0216167 0)
(11.3219 0.0182598 0)
(11.2293 0.0198091 0)
(11.1198 0.0219214 0)
(11.0265 0.0277431 0)
(10.8886 0.0283013 0)
(10.7959 0.0360643 0)
(10.6179 0.0345522 0)
(10.5296 0.0480031 0)
(10.2924 0.0496139 0)
(10.1803 0.0725312 0)
(9.86071 0.0912715 0)
(9.62582 0.111519 0)
(9.25007 0.198081 0)
(8.61538 0.106503 0)
(8.48788 0.315019 0)
(26.6542 0.0296435 0)
(26.0956 0.00634733 0)
(25.8085 0.00273376 0)
(25.5797 0.00235524 0)
(25.3413 0.002216 0)
(25.1262 0.00169461 0)
(24.9676 0.00137351 0)
(24.8213 0.00126052 0)
(24.6935 0.00114598 0)
(24.5771 0.0010802 0)
(24.4746 0.000938793 0)
(24.3902 0.000853261 0)
(24.3193 0.000755019 0)
(24.262 0.000639272 0)
(24.2168 0.000597433 0)
(24.1752 0.00050847 0)
(24.149 0.000415224 0)
(24.1285 0.000422391 0)
(24.1084 0.000445661 0)
(24.0847 0.000464803 0)
(24.0619 0.000440076 0)
(24.0463 0.000370222 0)
(24.0408 0.000297459 0)
(24.0415 0.000286571 0)
(24.0437 0.000294135 0)
(24.0473 0.000331094 0)
(24.0482 0.000420331 0)
(24.0464 0.000475241 0)
(24.0414 0.000625796 0)
(24.0316 0.000687044 0)
(24.0195 0.000845168 0)
(23.9977 0.00120953 0)
(23.9676 0.00126081 0)
(23.9378 0.00405979 0)
(23.7456 0.00119454 0)
(23.8575 0.00181963 0)
(23.6311 0.0374482 0)
(21.5772 0.0622927 0)
(19.7719 0.0422965 0)
(18.9359 0.0141931 0)
(18.7406 -0.00531627 0)
(18.9272 -0.0148582 0)
(19.2626 -0.0181782 0)
(19.6482 -0.0180152 0)
(19.9983 -0.0168123 0)
(20.3368 -0.0151096 0)
(20.614 -0.0136421 0)
(20.8781 -0.01301 0)
(21.1268 -0.0107479 0)
(21.3066 -0.0073735 0)
(21.434 -0.00395445 0)
(21.5073 0.000893008 0)
(21.475 0.0113755 0)
(21.2509 0.0290584 0)
(20.7381 0.049533 0)
(19.9509 0.0704833 0)
(18.9125 0.0830505 0)
(17.8431 0.0804195 0)
(16.9087 0.069028 0)
(16.1552 0.0548977 0)
(15.5803 0.0436075 0)
(15.1223 0.0438336 0)
(14.6446 0.0498913 0)
(14.2259 0.051509 0)
(13.9075 0.0527753 0)
(13.5938 0.053043 0)
(13.3052 0.0511025 0)
(13.0385 0.0481127 0)
(12.8019 0.0434915 0)
(12.5952 0.0388268 0)
(12.4155 0.0334179 0)
(12.265 0.0305932 0)
(12.1292 0.0290907 0)
(12.0068 0.0250991 0)
(11.9015 0.0269307 0)
(11.7827 0.0293672 0)
(11.6804 0.0365818 0)
(11.537 0.037587 0)
(11.4327 0.0474988 0)
(11.2511 0.0464716 0)
(11.1428 0.0632869 0)
(10.9069 0.0668058 0)
(10.7643 0.0949153 0)
(10.4579 0.12072 0)
(10.1861 0.146763 0)
(9.83262 0.255213 0)
(9.1928 0.158068 0)
(9.01813 0.408954 0)
(27.837 0.0313621 0)
(27.3675 0.00758293 0)
(27.0755 0.00357844 0)
(26.8331 0.0031634 0)
(26.5773 0.00303702 0)
(26.3404 0.00240589 0)
(26.1595 0.00197984 0)
(25.9959 0.00182656 0)
(25.8494 0.00167079 0)
(25.7182 0.00156747 0)
(25.6012 0.00137164 0)
(25.5049 0.00122532 0)
(25.4248 0.00107304 0)
(25.3597 0.000902738 0)
(25.3087 0.000827478 0)
(25.2627 0.000694248 0)
(25.2329 0.000547148 0)
(25.2109 0.000537933 0)
(25.1906 0.000574631 0)
(25.1662 0.000607878 0)
(25.1425 0.00056213 0)
(25.1264 0.000435888 0)
(25.1221 0.000305571 0)
(25.1251 0.000263879 0)
(25.1311 0.000256765 0)
(25.1389 0.000295582 0)
(25.1447 0.000403156 0)
(25.1482 0.000482932 0)
(25.1477 0.000666734 0)
(25.1437 0.000762899 0)
(25.1354 0.000981504 0)
(25.1184 0.00143513 0)
(25.0927 0.00153023 0)
(25.0699 0.00518041 0)
(24.8837 0.00163918 0)
(24.97 0.00236651 0)
(24.8153 0.0503561 0)
(22.8451 0.0853908 0)
(20.9175 0.0591572 0)
(19.9638 0.0213112 0)
(19.6768 -0.00483451 0)
(19.7959 -0.0181539 0)
(20.0933 -0.0231568 0)
(20.4586 -0.0233782 0)
(20.8004 -0.0220795 0)
(21.1364 -0.0200277 0)
(21.4169 -0.0181438 0)
(21.681 -0.0174369 0)
(21.9328 -0.0146156 0)
(22.1204 -0.0102834 0)
(22.2549 -0.0059655 0)
(22.3394 0.000378697 0)
(22.3208 0.0138262 0)
(22.1302 0.0366066 0)
(21.6685 0.0636005 0)
(20.9286 0.0912542 0)
(19.9271 0.108196 0)
(18.86 0.105499 0)
(17.9043 0.0911595 0)
(17.1156 0.0731347 0)
(16.5019 0.0584227 0)
(16.0093 0.0576395 0)
(15.5202 0.0646941 0)
(15.0935 0.0669355 0)
(14.7681 0.0684649 0)
(14.4488 0.0687525 0)
(14.1533 0.0663727 0)
(13.8789 0.0627085 0)
(13.633 0.0570858 0)
(13.415 0.0513637 0)
(13.2232 0.0447946 0)
(13.0574 0.0410077 0)
(12.9104 0.0389705 0)
(12.7748 0.0343803 0)
(12.6553 0.0364967 0)
(12.5255 0.0392334 0)
(12.4123 0.0479743 0)
(12.2624 0.0496962 0)
(12.145 0.0621145 0)
(11.9594 0.0622111 0)
(11.8296 0.0828078 0)
(11.5948 0.0893872 0)
(11.4207 0.123048 0)
(11.1266 0.157844 0)
(10.8204 0.190383 0)
(10.487 0.322563 0)
(9.85201 0.224645 0)
(9.62279 0.517023 0)
(29.0121 0.0329368 0)
(28.6162 0.0089319 0)
(28.3191 0.00463585 0)
(28.0632 0.00420311 0)
(27.7906 0.00411193 0)
(27.5324 0.00336226 0)
(27.3293 0.00280322 0)
(27.1481 0.00259649 0)
(26.9828 0.00238752 0)
(26.8366 0.00223138 0)
(26.705 0.00196563 0)
(26.596 0.00173458 0)
(26.5061 0.00150749 0)
(26.4324 0.00126334 0)
(26.3749 0.00113893 0)
(26.3237 0.00094693 0)
(26.2892 0.000726173 0)
(26.2648 0.000685634 0)
(26.2436 0.000734969 0)
(26.2184 0.000786967 0)
(26.1937 0.000716417 0)
(26.1764 0.000516077 0)
(26.1722 0.000305126 0)
(26.1764 0.00021437 0)
(26.185 0.000179597 0)
(26.1963 0.000213686 0)
(26.2062 0.00033602 0)
(26.2145 0.000444479 0)
(26.2184 0.000663347 0)
(26.22 0.000802019 0)
(26.216 0.00109652 0)
(26.2039 0.00165318 0)
(26.183 0.00178091 0)
(26.1685 0.00643353 0)
(25.994 0.00232056 0)
(26.0466 0.00268716 0)
(25.9715 0.0644633 0)
(24.192 0.113166 0)
(22.1782 0.0812946 0)
(21.0958 0.0316339 0)
(20.7041 -0.00285177 0)
(20.7364 -0.0211315 0)
(20.9809 -0.0285706 0)
(21.3138 -0.0295239 0)
(21.6386 -0.0282802 0)
(21.9645 -0.0259283 0)
(22.2432 -0.0235755 0)
(22.5028 -0.0227733 0)
(22.7523 -0.0193679 0)
(22.9445 -0.0139369 0)
(23.0832 -0.0085855 0)
(23.1769 -0.000537654 0)
(23.1721 0.0161619 0)
(23.0184 0.0445017 0)
(22.6208 0.0790325 0)
(21.9504 0.11486 0)
(21.0125 0.137727 0)
(19.9691 0.135917 0)
(19.0036 0.118723 0)
(18.1839 0.0963859 0)
(17.5307 0.0776132 0)
(17.001 0.0751744 0)
(16.4982 0.082988 0)
(16.0639 0.0859592 0)
(15.7321 0.0877943 0)
(15.408 0.0881258 0)
(15.1062 0.0853179 0)
(14.8241 0.0809521 0)
(14.5689 0.0742885 0)
(14.3394 0.0674438 0)
(14.1349 0.0597017 0)
(13.9527 0.0547861 0)
(13.7927 0.0520785 0)
(13.6424 0.0469652 0)
(13.5072 0.0493784 0)
(13.3648 0.0523961 0)
(13.2387 0.0627687 0)
(13.0811 0.0655639 0)
(12.949 0.0808603 0)
(12.7587 0.0829555 0)
(12.6067 0.107783 0)
(12.3721 0.118902 0)
(12.1674 0.158519 0)
(11.8827 0.204385 0)
(11.5474 0.24443 0)
(11.2277 0.401272 0)
(10.6089 0.310292 0)
(10.3132 0.641483 0)
(30.2064 0.0345564 0)
(29.8579 0.0104355 0)
(29.5539 0.00595961 0)
(29.2841 0.00553451 0)
(28.9952 0.00550734 0)
(28.7167 0.00463265 0)
(28.4917 0.00390791 0)
(28.2928 0.00363121 0)
(28.1089 0.00335438 0)
(27.9474 0.00312583 0)
(27.8011 0.00277163 0)
(27.6789 0.00242662 0)
(27.5784 0.00209872 0)
(27.4952 0.00175645 0)
(27.4301 0.00156177 0)
(27.373 0.00129354 0)
(27.3327 0.000975385 0)
(27.3046 0.000881927 0)
(27.2815 0.00093826 0)
(27.2552 0.00101232 0)
(27.2294 0.000914723 0)
(27.2102 0.000623086 0)
(27.2047 0.000304641 0)
(27.2087 0.000140854 0)
(27.2186 5.97305e-05 0)
(27.2321 7.83545e-05 0)
(27.245 0.000207327 0)
(27.2575 0.000345655 0)
(27.2652 0.000599928 0)
(27.2718 0.000786489 0)
(27.2722 0.00117312 0)
(27.265 0.00184891 0)
(27.2487 0.00198728 0)
(27.2427 0.00777156 0)
(27.0865 0.00332429 0)
(27.1004 0.00272303 0)
(27.096 0.078793 0)
(25.6063 0.145255 0)
(23.5683 0.109851 0)
(22.3535 0.0463965 0)
(21.8443 0.00155331 0)
(21.7716 -0.0231617 0)
(21.9464 -0.0340886 0)
(22.2336 -0.0363082 0)
(22.5313 -0.0353831 0)
(22.8391 -0.032854 0)
(23.11 -0.0300089 0)
(23.3605 -0.0290812 0)
(23.6023 -0.0250919 0)
(23.7953 -0.0184332 0)
(23.9352 -0.0119076 0)
(24.0354 -0.00196349 0)
(24.0437 0.0182057 0)
(23.9269 0.0523692 0)
(23.6004 0.0952664 0)
(23.0185 0.14076 0)
(22.1709 0.171492 0)
(21.1768 0.172141 0)
(20.2177 0.152667 0)
(19.375 0.125846 0)
(18.6834 0.102409 0)
(18.1151 0.0975039 0)
(17.5954 0.105648 0)
(17.1531 0.109389 0)
(16.8155 0.111556 0)
(16.4871 0.111966 0)
(16.1794 0.108778 0)
(15.8901 0.103726 0)
(15.6255 0.0960252 0)
(15.3844 0.0880319 0)
(15.1669 0.0791861 0)
(14.9678 0.0730298 0)
(14.7928 0.0695096 0)
(14.6266 0.0639834 0)
(14.4744 0.0667293 0)
(14.3177 0.0700405 0)
(14.1767 0.0821168 0)
(14.0097 0.0864365 0)
(13.8616 0.104983 0)
(13.6658 0.110194 0)
(13.4917 0.139767 0)
(13.2558 0.157206 0)
(13.0233 0.203356 0)
(12.7436 0.262368 0)
(12.3866 0.311566 0)
(12.0715 0.492755 0)
(11.4797 0.420086 0)
(11.108 0.785938 0)
(31.4474 0.036548 0)
(31.1096 0.0121918 0)
(30.7938 0.0076261 0)
(30.5085 0.00723497 0)
(30.2038 0.00730489 0)
(29.9064 0.00630138 0)
(29.66 0.00537469 0)
(29.4433 0.00500764 0)
(29.241 0.004645 0)
(29.0638 0.00431963 0)
(28.9028 0.00385496 0)
(28.7669 0.00336131 0)
(28.6549 0.00290082 0)
(28.5611 0.00243015 0)
(28.4875 0.00213752 0)
(28.4234 0.00177204 0)
(28.3762 0.00132876 0)
(28.3427 0.00115352 0)
(28.3166 0.00120338 0)
(28.2885 0.00129882 0)
(28.2613 0.00117364 0)
(28.2397 0.000776435 0)
(28.2314 0.000321251 0)
(28.2338 5.42303e-05 0)
(28.2433 -9.87495e-05 0)
(28.2576 -0.000111607 0)
(28.272 9.86252e-06 0)
(28.2875 0.00017458 0)
(28.2981 0.000462365 0)
(28.3088 0.000698431 0)
(28.3132 0.00119203 0)
(28.3107 0.00200706 0)
(28.2986 0.00212574 0)
(28.3001 0.00911861 0)
(28.1681 0.00472301 0)
(28.1432 0.00254162 0)
(28.1858 0.0920619 0)
(27.056 0.180494 0)
(25.0925 0.145678 0)
(23.7563 0.0671389 0)
(23.1177 0.00966002 0)
(22.9257 -0.0232913 0)
(23.0115 -0.0391104 0)
(23.2384 -0.0434102 0)
(23.4977 -0.0432332 0)
(23.778 -0.0407633 0)
(24.0341 -0.0374634 0)
(24.2705 -0.0363792 0)
(24.499 -0.0318354 0)
(24.6883 -0.0238486 0)
(24.8263 -0.016003 0)
(24.929 -0.00399797 0)
(24.9492 0.019782 0)
(24.866 0.0598086 0)
(24.6113 0.111547 0)
(24.1313 0.167993 0)
(23.3983 0.208819 0)
(22.4831 0.214238 0)
(21.5529 0.193795 0)
(20.7002 0.162801 0)
(19.9754 0.134283 0)
(19.3683 0.125988 0)
(18.8283 0.133812 0)
(18.3774 0.138236 0)
(18.0341 0.140723 0)
(17.7018 0.141252 0)
(17.3887 0.137767 0)
(17.0927 0.132108 0)
(16.8189 0.123439 0)
(16.5663 0.114323 0)
(16.3357 0.104532 0)
(16.1199 0.0971359 0)
(15.9282 0.0927054 0)
(15.7451 0.0869022 0)
(15.575 0.0900489 0)
(15.4026 0.0937417 0)
(15.2447 0.107568 0)
(15.0667 0.113962 0)
(14.9015 0.13612 0)
(14.6987 0.14578 0)
(14.5037 0.180723 0)
(14.2645 0.206485 0)
(14.0085 0.260087 0)
(13.7289 0.334129 0)
(13.3588 0.395151 0)
(13.0384 0.599003 0)
(12.4823 0.559523 0)
(12.0339 0.955141 0)
(32.7632 0.0394332 0)
(32.3903 0.0144001 0)
(32.0531 0.0097521 0)
(31.7487 0.00940824 0)
(31.4279 0.00960581 0)
(31.1129 0.0084713 0)
(30.8461 0.00730465 0)
(30.6112 0.00682283 0)
(30.3911 0.00635258 0)
(30.1979 0.00590056 0)
(30.0222 0.00529948 0)
(29.8718 0.00461734 0)
(29.7474 0.00398582 0)
(29.6421 0.00334916 0)
(29.5589 0.00292377 0)
(29.4865 0.00243568 0)
(29.4311 0.0018349 0)
(29.3908 0.00154117 0)
(29.36 0.00156083 0)
(29.3293 0.00166991 0)
(29.3 0.00151681 0)
(29.2754 0.00100517 0)
(29.263 0.00038413 0)
(29.2621 -2.24805e-05 0)
(29.2694 -0.000280518 0)
(29.2828 -0.000347218 0)
(29.297 -0.000254744 0)
(29.3139 -7.42557e-05 0)
(29.3264 0.000241664 0)
(29.3399 0.000523855 0)
(29.3475 0.00113401 0)
(29.3492 0.00211512 0)
(29.3402 0.00217928 0)
(29.348 0.0103743 0)
(29.2439 0.0065513 0)
(29.1856 0.00237801 0)
(29.2437 0.102974 0)
(28.4912 0.216545 0)
(26.7395 0.188758 0)
(25.318 0.0956242 0)
(24.5424 0.0231425 0)
(24.2233 -0.0201642 0)
(24.1997 -0.0426318 0)
(24.3498 -0.050231 0)
(24.5579 -0.0514725 0)
(24.8003 -0.0494646 0)
(25.0329 -0.0458561 0)
(25.2496 -0.0446064 0)
(25.4591 -0.0395714 0)
(25.6392 -0.030207 0)
(25.7716 -0.0208939 0)
(25.8724 -0.00670586 0)
(25.902 0.0207456 0)
(25.847 0.0664558 0)
(25.6588 0.127014 0)
(25.285 0.19518 0)
(24.6852 0.248321 0)
(23.8805 0.261556 0)
(23.0082 0.242472 0)
(22.1657 0.208423 0)
(21.4187 0.17487 0)
(20.7758 0.162299 0)
(20.2131 0.168924 0)
(19.7528 0.173777 0)
(19.4038 0.176504 0)
(19.0679 0.177176 0)
(18.7498 0.173511 0)
(18.4479 0.167391 0)
(18.1654 0.157928 0)
(17.9016 0.147789 0)
(17.6581 0.137281 0)
(17.4268 0.12881 0)
(17.2176 0.123511 0)
(17.0167 0.117614 0)
(16.8278 0.121259 0)
(16.6387 0.12554 0)
(16.4625 0.141172 0)
(16.2718 0.15029 0)
(16.0887 0.176414 0)
(15.8775 0.192009 0)
(15.6632 0.233099 0)
(15.4186 0.269276 0)
(15.1445 0.331755 0)
(14.8605 0.422358 0)
(14.486 0.499133 0)
(14.1524 0.722856 0)
(13.638 0.733367 0)
(13.1239 1.15415 0)
(34.184 0.0439933 0)
(33.7217 0.0174252 0)
(33.3472 0.0125282 0)
(33.0174 0.0122011 0)
(32.679 0.012539 0)
(32.3476 0.0112686 0)
(32.0612 0.00982444 0)
(31.808 0.00919921 0)
(31.5703 0.00859466 0)
(31.3609 0.00798047 0)
(31.1702 0.00721266 0)
(31.0049 0.0062977 0)
(30.8671 0.00544933 0)
(30.7493 0.00460047 0)
(30.6552 0.00399994 0)
(30.5731 0.00335789 0)
(30.5085 0.00256233 0)
(30.4596 0.00210591 0)
(30.4225 0.00205858 0)
(30.3877 0.00216291 0)
(30.3555 0.00197807 0)
(30.3274 0.00134984 0)
(30.3097 0.000538986 0)
(30.3037 -4.85398e-05 0)
(30.3069 -0.000453752 0)
(30.3175 -0.00060366 0)
(30.3296 -0.000569951 0)
(30.3461 -0.000394003 0)
(30.359 -6.08699e-05 0)
(30.3737 0.000258606 0)
(30.3832 0.000984529 0)
(30.3885 0.00216785 0)
(30.3811 0.0021424 0)
(30.3935 0.011428 0)
(30.3181 0.0087829 0)
(30.2362 0.00261799 0)
(30.28 0.110618 0)
(29.8638 0.25 0)
(28.4697 0.237387 0)
(27.0383 0.133382 0)
(26.1335 0.0440425 0)
(25.6847 -0.0119615 0)
(25.5371 -0.0431315 0)
(25.5917 -0.0557329 0)
(25.7342 -0.0594295 0)
(25.9268 -0.0585186 0)
(26.1258 -0.0549233 0)
(26.316 -0.0535664 0)
(26.5005 -0.0481461 0)
(26.6648 -0.0374308 0)
(26.7875 -0.0265131 0)
(26.8809 -0.0100715 0)
(26.916 0.0210252 0)
(26.8824 0.0720507 0)
(26.7508 0.140858 0)
(26.4773 0.220684 0)
(26.019 0.287826 0)
(25.3531 0.312371 0)
(24.573 0.298156 0)
(23.7696 0.263377 0)
(23.0194 0.225726 0)
(22.3495 0.208343 0)
(21.7645 0.212754 0)
(21.2947 0.217591 0)
(20.9399 0.22039 0)
(20.6005 0.221187 0)
(20.2782 0.217474 0)
(19.9712 0.211101 0)
(19.6812 0.201143 0)
(19.4071 0.190228 0)
(19.1511 0.179264 0)
(18.9061 0.170074 0)
(18.6795 0.164181 0)
(18.4609 0.158475 0)
(18.2531 0.162793 0)
(18.0469 0.16802 0)
(17.8515 0.185562 0)
(17.6466 0.19816 0)
(17.4453 0.228636 0)
(17.2241 0.251707 0)
(16.993 0.299895 0)
(16.7412 0.348494 0)
(16.4549 0.42189 0)
(16.1635 0.530067 0)
(15.7928 0.627695 0)
(15.4428 0.868136 0)
(14.973 0.944315 0)
(14.4161 1.38636 0)
(35.7408 0.051372 0)
(35.1287 0.0218867 0)
(34.6941 0.0162648 0)
(34.3283 0.0158319 0)
(33.969 0.0162753 0)
(33.6214 0.0148514 0)
(33.316 0.0130932 0)
(33.0441 0.0122915 0)
(32.7893 0.0115197 0)
(32.5634 0.0107016 0)
(32.3578 0.00973172 0)
(32.1771 0.00853619 0)
(32.0247 0.00741757 0)
(31.8934 0.00630115 0)
(31.7869 0.00547413 0)
(31.6939 0.00463854 0)
(31.6188 0.00360647 0)
(31.5597 0.00293618 0)
(31.5142 0.00277049 0)
(31.4738 0.00283755 0)
(31.4373 0.002608 0)
(31.405 0.0018647 0)
(31.3813 0.000851344 0)
(31.3685 4.1718e-05 0)
(31.3657 -0.000562959 0)
(31.3715 -0.000832936 0)
(31.3795 -0.000896203 0)
(31.3935 -0.000756783 0)
(31.405 -0.000426094 0)
(31.4191 -8.33688e-05 0)
(31.4288 0.00074236 0)
(31.4365 0.00217121 0)
(31.4296 0.00203145 0)
(31.4438 0.0121839 0)
(31.3951 0.0113209 0)
(31.3018 0.00369202 0)
(31.3124 0.114869 0)
(31.1477 0.276918 0)
(30.2073 0.287417 0)
(28.8915 0.180671 0)
(27.8985 0.074548 0)
(27.3221 0.0035213 0)
(27.0489 -0.0385408 0)
(26.99 -0.0582419 0)
(27.0512 -0.065959 0)
(27.181 -0.0671018 0)
(27.3344 -0.0640985 0)
(27.4899 -0.0628376 0)
(27.6429 -0.057202 0)
(27.784 -0.0452668 0)
(27.8918 -0.0326455 0)
(27.9722 -0.013926 0)
(28.0068 0.0206848 0)
(27.9874 0.0765029 0)
(27.8993 0.152516 0)
(27.7112 0.242934 0)
(27.3885 0.324567 0)
(26.8795 0.363657 0)
(26.226 0.358844 0)
(25.4979 0.327192 0)
(24.7737 0.287795 0)
(24.0946 0.265943 0)
(23.493 0.267296 0)
(23.0153 0.271557 0)
(22.6558 0.27417 0)
(22.3137 0.275011 0)
(21.9883 0.271381 0)
(21.6774 0.265004 0)
(21.3816 0.254982 0)
(21.0989 0.243723 0)
(20.8317 0.232682 0)
(20.5745 0.22328 0)
(20.3322 0.217275 0)
(20.0973 0.212299 0)
(19.8714 0.217612 0)
(19.6484 0.224336 0)
(19.434 0.244021 0)
(19.2143 0.261013 0)
(18.9951 0.296261 0)
(18.7628 0.328258 0)
(18.5176 0.384683 0)
(18.258 0.447471 0)
(17.9649 0.534224 0)
(17.6662 0.66051 0)
(17.3065 0.78446 0)
(16.9436 1.03917 0)
(16.5201 1.19113 0)
(15.9523 1.65064 0)
(37.4568 0.0631378 0)
(36.6435 0.0287348 0)
(36.115 0.0215063 0)
(35.6974 0.0206394 0)
(35.3111 0.0210542 0)
(34.9458 0.0194261 0)
(34.6215 0.017314 0)
(34.3303 0.0162964 0)
(34.0586 0.0153154 0)
(33.8158 0.0142442 0)
(33.5952 0.0130308 0)
(33.3988 0.0115047 0)
(33.2311 0.0100562 0)
(33.0851 0.00860854 0)
(32.9648 0.00749237 0)
(32.8595 0.00641224 0)
(32.7727 0.00509721 0)
(32.7017 0.0041577 0)
(32.646 0.00380755 0)
(32.598 0.00378614 0)
(32.5556 0.00348474 0)
(32.5179 0.00262282 0)
(32.4878 0.00140818 0)
(32.4667 0.000347442 0)
(32.4559 -0.000517961 0)
(32.4549 -0.000955452 0)
(32.4569 -0.00116111 0)
(32.4661 -0.00110204 0)
(32.474 -0.000806533 0)
(32.4858 -0.000459358 0)
(32.4935 0.000433465 0)
(32.5019 0.0021464 0)
(32.4946 0.00189492 0)
(32.5073 0.0126003 0)
(32.4805 0.0140023 0)
(32.3879 0.00593175 0)
(32.3608 0.116431 0)
(32.346 0.294153 0)
(31.8552 0.332271 0)
(30.8125 0.234719 0)
(29.82 0.116036 0)
(29.1389 0.0287313 0)
(28.7483 -0.0263997 0)
(28.5705 -0.055427 0)
(28.5342 -0.069189 0)
(28.5879 -0.0738445 0)
(28.6832 -0.0723571 0)
(28.794 -0.0716429 0)
(28.9085 -0.0660686 0)
(29.0182 -0.0531742 0)
(29.1046 -0.0388396 0)
(29.1663 -0.0178415 0)
(29.1927 0.0199982 0)
(29.1803 0.0799615 0)
(29.121 0.161867 0)
(28.9977 0.260876 0)
(28.79 0.355786 0)
(28.4382 0.411308 0)
(27.9369 0.420632 0)
(27.3227 0.397407 0)
(26.6627 0.360526 0)
(26.0039 0.336169 0)
(25.4006 0.334375 0)
(24.9211 0.337626 0)
(24.5601 0.33979 0)
(24.2175 0.340571 0)
(23.8911 0.337161 0)
(23.5786 0.331074 0)
(23.2794 0.321524 0)
(22.991 0.310579 0)
(22.7152 0.300024 0)
(22.448 0.291088 0)
(22.1928 0.285743 0)
(21.9438 0.282202 0)
(21.7025 0.289009 0)
(21.4646 0.298134 0)
(21.2327 0.320468 0)
(20.9985 0.342848 0)
(20.7632 0.383461 0)
(20.5198 0.425656 0)
(20.2637 0.491517 0)
(19.9972 0.56971 0)
(19.7029 0.6723 0)
(19.4006 0.817091 0)
(19.0572 0.971438 0)
(18.6926 1.23921 0)
(18.3184 1.46716 0)
(17.7754 1.93838 0)
(39.3478 0.0813182 0)
(38.3008 0.0394257 0)
(37.6336 0.0291478 0)
(37.1437 0.0271464 0)
(36.7203 0.0272276 0)
(36.3335 0.0252761 0)
(35.9886 0.022754 0)
(35.6773 0.0214655 0)
(35.3886 0.020219 0)
(35.1289 0.0188364 0)
(34.893 0.0173297 0)
(34.6809 0.0154215 0)
(34.4971 0.0135803 0)
(34.3354 0.0117318 0)
(34.1997 0.0102513 0)
(34.0809 0.00886148 0)
(33.9809 0.00720989 0)
(33.8968 0.00594159 0)
(33.8289 0.00533031 0)
(33.7709 0.00514989 0)
(33.7206 0.00472957 0)
(33.6762 0.00373151 0)
(33.6388 0.00231988 0)
(33.6089 0.00100118 0)
(33.5883 -0.000178793 0)
(33.5784 -0.000845716 0)
(33.5725 -0.00124889 0)
(33.5745 -0.00132213 0)
(33.5767 -0.00111195 0)
(33.584 -0.000784773 0)
(33.5876 0.000130631 0)
(33.5943 0.00213798 0)
(33.5862 0.001826 0)
(33.5936 0.012731 0)
(33.5819 0.0166335 0)
(33.4997 0.00943675 0)
(33.4416 0.116588 0)
(33.4907 0.300944 0)
(33.3436 0.364643 0)
(32.6924 0.288192 0)
(31.8352 0.167073 0)
(31.1176 0.0654738 0)
(30.6308 -0.00416828 0)
(30.3463 -0.0445617 0)
(30.2064 -0.0665512 0)
(30.1725 -0.0765493 0)
(30.1971 -0.0780049 0)
(30.2531 -0.0786943 0)
(30.3212 -0.0736243 0)
(30.3912 -0.060184 0)
(30.4488 -0.0442781 0)
(30.4855 -0.0210286 0)
(30.4957 0.0195881 0)
(30.4821 0.0829232 0)
(30.4372 0.169323 0)
(30.3566 0.274355 0)
(30.2331 0.379624 0)
(30.0176 0.451101 0)
(29.6741 0.477974 0)
(29.2039 0.468949 0)
(28.65 0.44065 0)
(28.052 0.418057 0)
(27.4741 0.414718 0)
(27.0067 0.41723 0)
(26.6517 0.418962 0)
(26.3141 0.419707 0)
(25.9912 0.41674 0)
(25.6808 0.411311 0)
(25.3821 0.402849 0)
(25.0921 0.393031 0)
(24.8121 0.383812 0)
(24.539 0.37627 0)
(24.2752 0.372542 0)
(24.0158 0.371461 0)
(23.7631 0.380549 0)
(23.5137 0.393255 0)
(23.2681 0.419099 0)
(23.0219 0.448065 0)
(22.7741 0.494811 0)
(22.5216 0.548125 0)
(22.2588 0.624585 0)
(21.9885 0.718743 0)
(21.6989 0.838869 0)
(21.4 1.00181 0)
(21.0794 1.18752 0)
(20.7297 1.4675 0)
(20.4114 1.75933 0)
(19.9256 2.23204 0)
(41.4298 0.108326 0)
(40.1151 0.0558678 0)
(39.279 0.0405218 0)
(38.6905 0.0362416 0)
(38.2129 0.0353462 0)
(37.7984 0.0328097 0)
(37.4289 0.029778 0)
(37.0964 0.0281203 0)
(36.7904 0.0265309 0)
(36.5135 0.0247666 0)
(36.2622 0.0229049 0)
(36.0343 0.020562 0)
(35.834 0.0182653 0)
(35.6557 0.0159446 0)
(35.5034 0.0140137 0)
(35.3694 0.0122333 0)
(35.2549 0.0101826 0)
(35.1563 0.0085175 0)
(35.0747 0.00756011 0)
(35.0046 0.00713709 0)
(34.944 0.00652904 0)
(34.8907 0.00535193 0)
(34.8449 0.00374057 0)
(34.8056 0.00216755 0)
(34.7746 0.00064211 0)
(34.7536 -0.000309314 0)
(34.738 -0.000980799 0)
(34.7305 -0.00124763 0)
(34.7248 -0.00119154 0)
(34.7255 -0.000916742 0)
(34.7228 -2.33436e-05 0)
(34.7247 0.00223506 0)
(34.7152 0.00196802 0)
(34.7143 0.0127545 0)
(34.7101 0.0190704 0)
(34.6429 0.01406 0)
(34.5668 0.116628 0)
(34.6263 0.299132 0)
(34.6796 0.380307 0)
(34.4107 0.330273 0)
(33.8258 0.220548 0)
(33.189 0.112502 0)
(32.667 0.0297641 0)
(32.3036 -0.0230557 0)
(32.0732 -0.0551634 0)
(31.9521 -0.072524 0)
(31.8987 -0.0785534 0)
(31.891 -0.0818922 0)
(31.9044 -0.0780827 0)
(31.9276 -0.0647634 0)
(31.9484 -0.04763 0)
(31.9544 -0.0222358 0)
(31.9413 0.0205617 0)
(31.9164 0.0863944 0)
(31.8732 0.175902 0)
(31.8147 0.284275 0)
(31.7428 0.395957 0)
(31.6261 0.480335 0)
(31.4202 0.525229 0)
(31.1017 0.534587 0)
(30.6847 0.521381 0)
(30.1914 0.507028 0)
(29.6781 0.506236 0)
(29.2468 0.509829 0)
(28.9124 0.512009 0)
(28.5907 0.513268 0)
(28.28 0.511319 0)
(27.9792 0.507178 0)
(27.6875 0.500608 0)
(27.4025 0.492954 0)
(27.1245 0.486154 0)
(26.8517 0.481222 0)
(26.5853 0.480459 0)
(26.3219 0.483094 0)
(26.0634 0.49545 0)
(25.8078 0.513112 0)
(25.5548 0.543695 0)
(25.3021 0.580428 0)
(25.0479 0.634367 0)
(24.7914 0.699437 0)
(24.5282 0.787324 0)
(24.2603 0.897039 0)
(23.9823 1.03467 0)
(23.6968 1.2143 0)
(23.408 1.42724 0)
(23.0924 1.71608 0)
(22.839 2.04816 0)
(22.4344 2.50623 0)
(43.6602 0.145344 0)
(42.0875 0.0803474 0)
(41.068 0.0574087 0)
(40.3611 0.0492126 0)
(39.8077 0.046314 0)
(39.355 0.0426505 0)
(38.9554 0.0388879 0)
(38.5995 0.0366836 0)
(38.2752 0.0346374 0)
(37.9808 0.0323988 0)
(37.714 0.0301034 0)
(37.4703 0.0272707 0)
(37.2534 0.0244593 0)
(37.058 0.0215972 0)
(36.8881 0.019125 0)
(36.7376 0.0168588 0)
(36.6071 0.0143348 0)
(36.4926 0.0121966 0)
(36.3956 0.0108008 0)
(36.3114 0.010042 0)
(36.2382 0.0091558 0)
(36.1739 0.00772319 0)
(36.1182 0.00588931 0)
(36.0681 0.00407043 0)
(36.0264 0.00218491 0)
(35.9933 0.00089755 0)
(35.9665 -8.31436e-05 0)
(35.9468 -0.000609572 0)
(35.9316 -0.000819855 0)
(35.9231 -0.000632545 0)
(35.9121 0.000205982 0)
(35.9063 0.00260876 0)
(35.894 0.00252114 0)
(35.8833 0.0129759 0)
(35.879 0.0213368 0)
(35.8254 0.0195027 0)
(35.7449 0.117322 0)
(35.7928 0.291896 0)
(35.9307 0.380098 0)
(35.9199 0.352686 0)
(35.6525 0.263844 0)
(35.2208 0.161951 0)
(34.7703 0.0731803 0)
(34.3913 0.00978216 0)
(34.1069 -0.0328169 0)
(33.9164 -0.0588763 0)
(33.7934 -0.0712345 0)
(33.7211 -0.0786105 0)
(33.676 -0.0770391 0)
(33.6485 -0.0646264 0)
(33.6259 -0.0468795 0)
(33.5966 -0.0197133 0)
(33.5553 0.0247918 0)
(33.5083 0.0921204 0)
(33.456 0.183158 0)
(33.403 0.292453 0)
(33.3548 0.406594 0)
(33.2943 0.499201 0)
(33.1858 0.559173 0)
(32.9971 0.587515 0)
(32.7212 0.593608 0)
(32.3613 0.594107 0)
(31.9525 0.602049 0)
(31.589 0.610691 0)
(31.2971 0.61578 0)
(31.0096 0.619292 0)
(30.7266 0.619809 0)
(30.4483 0.618262 0)
(30.175 0.61483 0)
(29.9052 0.610714 0)
(29.639 0.607769 0)
(29.3756 0.606999 0)
(29.1158 0.610756 0)
(28.8575 0.618725 0)
(28.602 0.635932 0)
(28.3486 0.659996 0)
(28.0969 0.696668 0)
(27.846 0.742293 0)
(27.5944 0.804534 0)
(27.3424 0.881307 0)
(27.0879 0.980546 0)
(26.8323 1.10396 0)
(26.5756 1.2564 0)
(26.3167 1.44806 0)
(26.0702 1.67781 0)
(25.8066 1.96741 0)
(25.6257 2.30933 0)
(25.3145 2.73208 0)
(45.6473 0.187017 0)
(44.1598 0.117162 0)
(42.983 0.0818128 0)
(42.1637 0.0672272 0)
(41.5193 0.0613502 0)
(41.016 0.055772 0)
(40.5819 0.0508394 0)
(40.1991 0.0477556 0)
(39.8543 0.0450457 0)
(39.5421 0.0421904 0)
(39.2596 0.0393566 0)
(39.0004 0.0359755 0)
(38.7668 0.0325963 0)
(38.5542 0.0291302 0)
(38.3662 0.0260263 0)
(38.1982 0.0231685 0)
(38.0507 0.0200884 0)
(37.9191 0.0173975 0)
(37.8051 0.0154634 0)
(37.7049 0.0142647 0)
(37.617 0.0129949 0)
(37.5394 0.0112081 0)
(37.4716 0.00910369 0)
(37.4096 0.00699986 0)
(37.3563 0.00474181 0)
(37.3105 0.00311251 0)
(37.2715 0.00180031 0)
(37.2381 0.000926004 0)
(37.212 0.000352958 0)
(37.1914 0.000436752 0)
(37.1702 0.00116955 0)
(37.1543 0.00354828 0)
(37.1366 0.00374807 0)
(37.1162 0.0137929 0)
(37.1056 0.0237312 0)
(37.0601 0.0255619 0)
(36.9837 0.118784 0)
(37.0187 0.281913 0)
(37.1736 0.368635 0)
(37.2848 0.355201 0)
(37.2531 0.286466 0)
(37.0684 0.19983 0)
(36.7912 0.116072 0)
(36.4939 0.0493147 0)
(36.2283 -0.000693565 0)
(36.0115 -0.0347901 0)
(35.8481 -0.0539899 0)
(35.7274 -0.0661419 0)
(35.6317 -0.0677973 0)
(35.5575 -0.0573309 0)
(35.493 -0.0395723 0)
(35.4267 -0.0111773 0)
(35.3557 0.0346491 0)
(35.2803 0.102584 0)
(35.2114 0.193386 0)
(35.1512 0.301422 0)
(35.1065 0.414755 0)
(35.0674 0.510898 0)
(35.0109 0.580859 0)
(34.9093 0.624909 0)
(34.7471 0.650029 0)
(34.5169 0.668704 0)
(34.2323 0.690809 0)
(33.962 0.709365 0)
(33.7351 0.721215 0)
(33.5036 0.730237 0)
(33.2686 0.736023 0)
(33.0315 0.739565 0)
(32.7935 0.741498 0)
(32.5543 0.743056 0)
(32.3148 0.746024 0)
(32.0747 0.751472 0)
(31.8349 0.761688 0)
(31.5948 0.77688 0)
(31.3553 0.800817 0)
(31.1165 0.832777 0)
(30.8787 0.876949 0)
(30.6417 0.932131 0)
(30.4054 1.00333 0)
(30.1704 1.0909 0)
(29.9373 1.20005 0)
(29.7071 1.33342 0)
(29.4838 1.49469 0)
(29.2655 1.69017 0)
(29.0706 1.92146 0)
(28.8716 2.19722 0)
(28.765 2.51809 0)
(28.5458 2.88382 0)
(45.7475 0.190052 0)
(45.6663 0.149016 0)
(44.9155 0.117447 0)
(44.0598 0.0952488 0)
(43.34 0.0816839 0)
(42.789 0.0721214 0)
(42.3179 0.0660088 0)
(41.9039 0.0621669 0)
(41.5375 0.0586262 0)
(41.2081 0.0548856 0)
(40.9098 0.051288 0)
(40.6349 0.0472289 0)
(40.3847 0.0431971 0)
(40.1555 0.0390574 0)
(39.9499 0.0352405 0)
(39.7644 0.0316937 0)
(39.5991 0.0279752 0)
(39.4498 0.0246666 0)
(39.3173 0.0221045 0)
(39.1995 0.0203448 0)
(39.0953 0.0185741 0)
(39.0023 0.0163181 0)
(38.9198 0.01385 0)
(38.8448 0.0114149 0)
(38.7783 0.00875582 0)
(38.7189 0.00673098 0)
(38.6668 0.00508358 0)
(38.6201 0.00381345 0)
(38.5812 0.0028296 0)
(38.5463 0.00275968 0)
(38.5137 0.00331184 0)
(38.4861 0.00553948 0)
(38.4594 0.00601764 0)
(38.4301 0.015698 0)
(38.409 0.0268736 0)
(38.3646 0.0323001 0)
(38.2948 0.120746 0)
(38.322 0.270636 0)
(38.4664 0.351046 0)
(38.6128 0.343396 0)
(38.695 0.287834 0)
(38.6898 0.216123 0)
(38.602 0.143954 0)
(38.4559 0.0825043 0)
(38.2903 0.0326514 0)
(38.1217 -0.00471253 0)
(37.9721 -0.0287414 0)
(37.8423 -0.0445855 0)
(37.7245 -0.0492015 0)
(37.6218 -0.0410139 0)
(37.5297 -0.0236287 0)
(37.4342 0.00552579 0)
(37.3391 0.0524229 0)
(37.2407 0.12035 0)
(37.1528 0.209343 0)
(37.0788 0.314201 0)
(37.0259 0.424265 0)
(36.9875 0.520332 0)
(36.9479 0.595219 0)
(36.8887 0.649694 0)
(36.7959 0.689576 0)
(36.6608 0.724591 0)
(36.4857 0.761959 0)
(36.3105 0.792985 0)
(36.1574 0.814644 0)
(35.9952 0.832587 0)
(35.8242 0.847063 0)
(35.6457 0.85907 0)
(35.4611 0.869532 0)
(35.2707 0.879729 0)
(35.0756 0.891386 0)
(34.8764 0.905685 0)
(34.6742 0.924731 0)
(34.4694 0.949248 0)
(34.263 0.982014 0)
(34.0558 1.0234 0)
(33.8489 1.07632 0)
(33.6429 1.14109 0)
(33.4389 1.22088 0)
(33.2381 1.31693 0)
(33.0427 1.43236 0)
(32.8542 1.56942 0)
(32.6785 1.73028 0)
(32.5137 1.91796 0)
(32.3795 2.133 0)
(32.2485 2.37758 0)
(32.2123 2.65138 0)
(32.0742 2.9446 0)
(45.5047 0.175842 0)
(45.7114 0.142407 0)
(45.8267 0.130361 0)
(45.6875 0.122136 0)
(45.224 0.112248 0)
(44.6628 0.0990058 0)
(44.1459 0.0875859 0)
(43.7074 0.0797132 0)
(43.329 0.0742233 0)
(42.9859 0.0699041 0)
(42.671 0.0661775 0)
(42.3799 0.061861 0)
(42.1145 0.0572766 0)
(41.871 0.0523627 0)
(41.6499 0.0476506 0)
(41.4479 0.0432202 0)
(41.2647 0.0386963 0)
(41.0973 0.0346515 0)
(40.9461 0.0313579 0)
(40.8097 0.0288969 0)
(40.6881 0.0265026 0)
(40.5782 0.0236916 0)
(40.4796 0.0207448 0)
(40.39 0.0178876 0)
(40.3086 0.0148283 0)
(40.2343 0.0123814 0)
(40.1682 0.0103594 0)
(40.1075 0.00865779 0)
(40.0539 0.00726614 0)
(40.0046 0.00698457 0)
(39.9599 0.00725352 0)
(39.9195 0.00925251 0)
(39.881 0.00996233 0)
(39.8416 0.0192253 0)
(39.8093 0.0315117 0)
(39.7604 0.0402543 0)
(39.6959 0.123032 0)
(39.7178 0.258528 0)
(39.8447 0.330492 0)
(39.9877 0.323889 0)
(40.1021 0.274838 0)
(40.1777 0.212152 0)
(40.2113 0.149876 0)
(40.2008 0.0966164 0)
(40.1615 0.052616 0)
(40.0954 0.0184301 0)
(40.0185 -0.00499342 0)
(39.9351 -0.0204767 0)
(39.8451 -0.0252524 0)
(39.7524 -0.017928 0)
(39.6611 7.99351e-06 0)
(39.5617 0.0305086 0)
(39.4601 0.0784557 0)
(39.3559 0.146244 0)
(39.2596 0.232812 0)
(39.1771 0.333308 0)
(39.1155 0.438352 0)
(39.0711 0.532052 0)
(39.032 0.608431 0)
(38.9863 0.668596 0)
(38.9249 0.717786 0)
(38.8421 0.763939 0)
(38.7385 0.812914 0)
(38.6346 0.854655 0)
(38.5428 0.885811 0)
(38.4435 0.913497 0)
(38.3357 0.938178 0)
(38.2198 0.960723 0)
(38.0961 0.982087 0)
(37.965 1.00345 0)
(37.8272 1.02635 0)
(37.6833 1.05198 0)
(37.5345 1.08212 0)
(37.3816 1.1178 0)
(37.2258 1.16103 0)
(37.0686 1.21266 0)
(36.9111 1.27465 0)
(36.7551 1.34784 0)
(36.6022 1.43406 0)
(36.4542 1.53443 0)
(36.3144 1.6504 0)
(36.1843 1.78307 0)
(36.0704 1.93282 0)
(35.9701 2.10021 0)
(35.9024 2.28387 0)
(35.8389 2.48245 0)
(35.8634 2.69444 0)
(35.7926 2.90894 0)
(45.5222 0.166994 0)
(45.6953 0.134629 0)
(45.8508 0.120698 0)
(46.0178 0.118418 0)
(46.1303 0.120822 0)
(46.1095 0.118468 0)
(45.9254 0.113546 0)
(45.6098 0.10764 0)
(45.2364 0.100738 0)
(44.8643 0.0931769 0)
(44.5267 0.0859604 0)
(44.2256 0.0789679 0)
(43.9552 0.0728343 0)
(43.7053 0.067298 0)
(43.4728 0.062422 0)
(43.2554 0.0579101 0)
(43.0547 0.0531742 0)
(42.8696 0.0487062 0)
(42.701 0.0447626 0)
(42.547 0.0414547 0)
(42.4086 0.0381871 0)
(42.2821 0.0345744 0)
(42.1666 0.0308528 0)
(42.0611 0.0273438 0)
(41.9639 0.0237503 0)
(41.8739 0.0207183 0)
(41.7921 0.0181772 0)
(41.7164 0.0160375 0)
(41.6471 0.0142479 0)
(41.5834 0.0135979 0)
(41.5252 0.0135179 0)
(41.4714 0.0153434 0)
(41.4201 0.0163065 0)
(41.3683 0.02509 0)
(41.3249 0.0383621 0)
(41.27 0.0499808 0)
(41.2081 0.125894 0)
(41.2241 0.245899 0)
(41.3324 0.308542 0)
(41.4593 0.301123 0)
(41.5712 0.254887 0)
(41.6652 0.196105 0)
(41.7434 0.138722 0)
(41.8032 0.0905335 0)
(41.8482 0.0519119 0)
(41.8736 0.0229933 0)
(41.8825 0.00395507 0)
(41.8749 -0.00715299 0)
(41.8502 -0.00790251 0)
(41.8094 0.0025946 0)
(41.7572 0.0238993 0)
(41.69 0.0578345 0)
(41.6131 0.108114 0)
(41.5307 0.176564 0)
(41.4509 0.261402 0)
(41.3803 0.357698 0)
(41.3248 0.45736 0)
(41.2836 0.547784 0)
(41.2478 0.624066 0)
(41.2096 0.687215 0)
(41.1634 0.741794 0)
(41.1067 0.794142 0)
(41.0414 0.84953 0)
(40.9794 0.897657 0)
(40.9264 0.935012 0)
(40.8699 0.969867 0)
(40.8084 1.00276 0)
(40.7419 1.03443 0)
(40.67 1.06576 0)
(40.5926 1.09775 0)
(40.5099 1.13161 0)
(40.4225 1.16839 0)
(40.331 1.20946 0)
(40.2365 1.25578 0)
(40.14 1.30869 0)
(40.0429 1.36903 0)
(39.9469 1.4379 0)
(39.8533 1.51593 0)
(39.7645 1.60385 0)
(39.6822 1.70207 0)
(39.6095 1.81067 0)
(39.5474 1.92954 0)
(39.502 2.05767 0)
(39.4694 2.19411 0)
(39.4665 2.33649 0)
(39.4643 2.48206 0)
(39.537 2.62947 0)
(39.5211 2.77029 0)
(45.5218 0.154275 0)
(45.6962 0.123902 0)
(45.8512 0.111872 0)
(46.0158 0.108811 0)
(46.1742 0.109484 0)
(46.3268 0.109476 0)
(46.465 0.111288 0)
(46.5638 0.114299 0)
(46.5957 0.115941 0)
(46.5381 0.115071 0)
(46.3922 0.112106 0)
(46.1775 0.106951 0)
(45.9241 0.100545 0)
(45.6593 0.0931951 0)
(45.4039 0.0856136 0)
(45.1676 0.0782247 0)
(44.9535 0.0709535 0)
(44.7587 0.0645415 0)
(44.5815 0.059356 0)
(44.4169 0.0552929 0)
(44.2654 0.0516615 0)
(44.124 0.0480188 0)
(43.9919 0.0442881 0)
(43.8691 0.0407307 0)
(43.7551 0.0370933 0)
(43.6488 0.0338369 0)
(43.5508 0.0309247 0)
(43.4605 0.0283922 0)
(43.3763 0.0261155 0)
(43.2982 0.0248766 0)
(43.2262 0.0242359 0)
(43.1589 0.025637 0)
(43.095 0.0267252 0)
(43.031 0.0346977 0)
(42.975 0.0484524 0)
(42.9138 0.0622209 0)
(42.8521 0.129736 0)
(42.86 0.232938 0)
(42.9488 0.285513 0)
(43.0565 0.276284 0)
(43.1554 0.231453 0)
(43.2442 0.174128 0)
(43.3267 0.117963 0)
(43.4044 0.070916 0)
(43.4794 0.0341065 0)
(43.5481 0.00801339 0)
(43.6083 -0.00738332 0)
(43.6569 -0.0137053 0)
(43.6909 -0.0090162 0)
(43.7086 0.0071179 0)
(43.7111 0.0343976 0)
(43.6969 0.0742121 0)
(43.6692 0.128986 0)
(43.6331 0.199748 0)
(43.5955 0.284386 0)
(43.5619 0.37804 0)
(43.5369 0.473774 0)
(43.52 0.561852 0)
(43.5052 0.638375 0)
(43.4874 0.704086 0)
(43.4631 0.762745 0)
(43.4316 0.819087 0)
(43.3952 0.877799 0)
(43.3617 0.929113 0)
(43.3339 0.969603 0)
(43.3049 1.00839 0)
(43.2739 1.0461 0)
(43.2408 1.08343 0)
(43.2053 1.12118 0)
(43.1673 1.16016 0)
(43.1271 1.20129 0)
(43.0851 1.24538 0)
(43.0419 1.29332 0)
(42.9983 1.34579 0)
(42.9554 1.40353 0)
(42.9142 1.46699 0)
(42.8763 1.53652 0)
(42.843 1.61223 0)
(42.8159 1.69397 0)
(42.7964 1.78138 0)
(42.7869 1.87367 0)
(42.7874 1.96993 0)
(42.8026 2.06857 0)
(42.8273 2.16802 0)
(42.8761 2.26622 0)
(42.9207 2.36019 0)
(43.0239 2.44927 0)
(43.0495 2.5298 0)
(45.5148 0.13903 0)
(45.6911 0.112169 0)
(45.847 0.100841 0)
(46.0119 0.0975872 0)
(46.1686 0.0986827 0)
(46.322 0.0985167 0)
(46.4719 0.0987413 0)
(46.6197 0.100291 0)
(46.7648 0.102665 0)
(46.9035 0.105615 0)
(47.0269 0.108883 0)
(47.125 0.111135 0)
(47.1835 0.112033 0)
(47.1945 0.1111 0)
(47.1529 0.108627 0)
(47.0632 0.104827 0)
(46.9337 0.0997415 0)
(46.7756 0.0940195 0)
(46.6029 0.0883261 0)
(46.4251 0.0827792 0)
(46.252 0.0769075 0)
(46.0886 0.0708146 0)
(45.9365 0.0646247 0)
(45.7968 0.0587527 0)
(45.6688 0.0531753 0)
(45.5513 0.0484221 0)
(45.4423 0.0443397 0)
(45.342 0.0410577 0)
(45.2476 0.0384849 0)
(45.1585 0.0370917 0)
(45.0745 0.0364913 0)
(44.9949 0.0381085 0)
(44.9189 0.0400611 0)
(44.8436 0.0480159 0)
(44.7755 0.0625294 0)
(44.7069 0.078195 0)
(44.643 0.136669 0)
(44.6402 0.22241 0)
(44.7078 0.264482 0)
(44.7954 0.252921 0)
(44.8789 0.208906 0)
(44.9567 0.152398 0)
(45.032 0.0961564 0)
(45.107 0.0481992 0)
(45.1835 0.0105295 0)
(45.2602 -0.0157476 0)
(45.3348 -0.0302614 0)
(45.4042 -0.0341632 0)
(45.4651 -0.0259227 0)
(45.5155 -0.0052768 0)
(45.5543 0.0273728 0)
(45.5805 0.0727343 0)
(45.596 0.131978 0)
(45.6048 0.205134 0)
(45.6121 0.289845 0)
(45.622 0.381519 0)
(45.6374 0.474379 0)
(45.6575 0.561091 0)
(45.6779 0.63857 0)
(45.6947 0.707184 0)
(45.7056 0.769818 0)
(45.7104 0.829779 0)
(45.7107 0.89088 0)
(45.7093 0.943908 0)
(45.7072 0.98586 0)
(45.7043 1.02644 0)
(45.7004 1.06627 0)
(45.6955 1.10601 0)
(45.6899 1.14631 0)
(45.6836 1.18781 0)
(45.6772 1.23113 0)
(45.6711 1.27676 0)
(45.6661 1.32517 0)
(45.6628 1.37669 0)
(45.6622 1.43152 0)
(45.6653 1.4897 0)
(45.673 1.55103 0)
(45.6863 1.61516 0)
(45.7063 1.68145 0)
(45.7334 1.74914 0)
(45.7694 1.81714 0)
(45.813 1.88436 0)
(45.868 1.94942 0)
(45.9282 2.01081 0)
(46.0058 2.06747 0)
(46.0755 2.11682 0)
(46.1881 2.15933 0)
(46.2363 2.1945 0)
(45.5079 0.120877 0)
(45.6858 0.0972891 0)
(45.8425 0.0871419 0)
(46.0079 0.0842113 0)
(46.1646 0.0848148 0)
(46.3176 0.0842238 0)
(46.4671 0.0844917 0)
(46.6141 0.0864402 0)
(46.7596 0.0888106 0)
(46.9027 0.0907789 0)
(47.0426 0.0923168 0)
(47.1793 0.093161 0)
(47.3111 0.0940112 0)
(47.4374 0.0949576 0)
(47.5552 0.0962492 0)
(47.6629 0.0976536 0)
(47.7544 0.0985729 0)
(47.8281 0.0990637 0)
(47.8767 0.0991959 0)
(47.9027 0.0988771 0)
(47.9009 0.0974852 0)
(47.8755 0.0950282 0)
(47.8261 0.0916658 0)
(47.7581 0.0877921 0)
(47.6741 0.0834087 0)
(47.5798 0.0791331 0)
(47.4778 0.0748991 0)
(47.3731 0.0708863 0)
(47.2674 0.0672482 0)
(47.1637 0.0644819 0)
(47.0628 0.0623291 0)
(46.9662 0.0622333 0)
(46.8744 0.0629877 0)
(46.7859 0.0688761 0)
(46.7059 0.0818694 0)
(46.6308 0.0969021 0)
(46.5654 0.144078 0)
(46.5525 0.210557 0)
(46.6004 0.240232 0)
(46.6697 0.224224 0)
(46.7402 0.179376 0)
(46.8091 0.122557 0)
(46.878 0.0654518 0)
(46.9484 0.0160596 0)
(47.0214 -0.0230831 0)
(47.096 -0.0503111 0)
(47.1703 -0.0648975 0)
(47.2421 -0.0675034 0)
(47.3085 -0.0569065 0)
(47.3678 -0.0329546 0)
(47.4191 0.00375105 0)
(47.4618 0.0531741 0)
(47.4977 0.115417 0)
(47.5299 0.189609 0)
(47.5624 0.273241 0)
(47.5984 0.362145 0)
(47.6395 0.451679 0)
(47.6853 0.536513 0)
(47.7323 0.614273 0)
(47.7781 0.684993 0)
(47.8206 0.750681 0)
(47.8599 0.813558 0)
(47.8965 0.876393 0)
(47.927 0.930443 0)
(47.9509 0.973119 0)
(47.974 1.01442 0)
(47.9968 1.05485 0)
(48.0193 1.09495 0)
(48.0419 1.13515 0)
(48.0648 1.17587 0)
(48.0886 1.2174 0)
(48.1137 1.25995 0)
(48.1407 1.3036 0)
(48.1703 1.34837 0)
(48.203 1.39412 0)
(48.2395 1.44059 0)
(48.2804 1.48734 0)
(48.3259 1.53385 0)
(48.3768 1.5794 0)
(48.4327 1.62325 0)
(48.4948 1.66451 0)
(48.5611 1.70235 0)
(48.6347 1.73593 0)
(48.7092 1.76429 0)
(48.7952 1.78705 0)
(48.8709 1.80294 0)
(48.9765 1.81184 0)
(49.0313 1.81639 0)
(45.501 0.0986898 0)
(45.6805 0.0793253 0)
(45.838 0.0708224 0)
(46.0038 0.0679478 0)
(46.1606 0.0681923 0)
(46.3136 0.0676639 0)
(46.4632 0.0677073 0)
(46.6102 0.0689498 0)
(46.7555 0.0705122 0)
(46.8982 0.0721285 0)
(47.0377 0.0739452 0)
(47.1738 0.0755099 0)
(47.3056 0.076861 0)
(47.4333 0.0777018 0)
(47.5562 0.0780409 0)
(47.675 0.0779992 0)
(47.7889 0.0774651 0)
(47.8982 0.0770192 0)
(48.0026 0.0771218 0)
(48.1026 0.0777736 0)
(48.1974 0.0785919 0)
(48.2866 0.0793193 0)
(48.3685 0.0799432 0)
(48.4427 0.080514 0)
(48.5075 0.0808426 0)
(48.5627 0.0812416 0)
(48.6072 0.0815599 0)
(48.6412 0.0818268 0)
(48.6638 0.0821359 0)
(48.6763 0.0829369 0)
(48.678 0.0840201 0)
(48.6705 0.0865952 0)
(48.6543 0.090077 0)
(48.6298 0.0973019 0)
(48.6024 0.111108 0)
(48.5728 0.126853 0)
(48.5466 0.164236 0)
(48.5563 0.213064 0)
(48.6089 0.231033 0)
(48.6766 0.21017 0)
(48.7443 0.163526 0)
(48.8099 0.10521 0)
(48.8748 0.0458936 0)
(48.9406 -0.00638375 0)
(49.008 -0.0486155 0)
(49.0769 -0.0784072 0)
(49.1457 -0.0947032 0)
(49.213 -0.0977141 0)
(49.2767 -0.0863247 0)
(49.3349 -0.0605897 0)
(49.3869 -0.0214539 0)
(49.4325 0.0301994 0)
(49.4733 0.0934197 0)
(49.5121 0.166554 0)
(49.5518 0.246973 0)
(49.5951 0.331023 0)
(49.6431 0.415042 0)
(49.6957 0.495265 0)
(49.7511 0.569936 0)
(49.8078 0.63887 0)
(49.8645 0.703372 0)
(49.9217 0.764835 0)
(49.9792 0.825105 0)
(50.0297 0.876168 0)
(50.0701 0.916036 0)
(50.1106 0.954264 0)
(50.1518 0.991249 0)
(50.1936 1.02734 0)
(50.2364 1.06278 0)
(50.2803 1.09775 0)
(50.3257 1.1323 0)
(50.3728 1.1664 0)
(50.4221 1.19993 0)
(50.4737 1.23273 0)
(50.528 1.26453 0)
(50.5851 1.29504 0)
(50.6453 1.32384 0)
(50.7082 1.35052 0)
(50.7743 1.37453 0)
(50.8427 1.39544 0)
(50.9144 1.41272 0)
(50.987 1.42597 0)
(51.0634 1.43484 0)
(51.1374 1.43893 0)
(51.2187 1.43827 0)
(51.2884 1.43249 0)
(51.379 1.42124 0)
(51.4301 1.40806 0)
(45.4945 0.0719004 0)
(45.6754 0.057532 0)
(45.8337 0.0508123 0)
(46 0.0481692 0)
(46.1569 0.0480884 0)
(46.3099 0.0473268 0)
(46.4595 0.0468855 0)
(46.6067 0.047666 0)
(46.752 0.0490009 0)
(46.8947 0.0504851 0)
(47.0341 0.0519635 0)
(47.1699 0.0529431 0)
(47.3016 0.0536561 0)
(47.429 0.0540995 0)
(47.5518 0.0545252 0)
(47.6701 0.0550984 0)
(47.7839 0.0555731 0)
(47.8931 0.0562075 0)
(47.9977 0.0570488 0)
(48.0983 0.0579572 0)
(48.195 0.0584581 0)
(48.2878 0.0584337 0)
(48.3765 0.0579518 0)
(48.4612 0.0572588 0)
(48.5419 0.0564061 0)
(48.6188 0.0558198 0)
(48.6922 0.0555162 0)
(48.7621 0.0556574 0)
(48.8287 0.0563635 0)
(48.8922 0.0580492 0)
(48.9526 0.0606166 0)
(49.0101 0.0648875 0)
(49.0653 0.0707391 0)
(49.1178 0.0796272 0)
(49.1719 0.0943744 0)
(49.2293 0.110756 0)
(49.2945 0.139951 0)
(49.3897 0.173823 0)
(49.5183 0.182272 0)
(49.6595 0.158455 0)
(49.8002 0.112188 0)
(49.9378 0.0548867 0)
(50.0724 -0.00387382 0)
(50.2044 -0.0561116 0)
(50.334 -0.0987721 0)
(50.4615 -0.12867 0)
(50.5853 -0.144641 0)
(50.7048 -0.146516 0)
(50.8185 -0.132905 0)
(50.9249 -0.104077 0)
(51.023 -0.0614306 0)
(51.1133 -0.00666742 0)
(51.1971 0.0584089 0)
(51.2766 0.131526 0)
(51.3542 0.209962 0)
(51.432 0.290472 0)
(51.5111 0.370162 0)
(51.5919 0.446281 0)
(51.6735 0.517523 0)
(51.7558 0.583509 0)
(51.8378 0.645014 0)
(51.9208 0.7029 0)
(52.0038 0.758374 0)
(52.0766 0.804569 0)
(52.1346 0.839755 0)
(52.1923 0.872565 0)
(52.2506 0.903364 0)
(52.3093 0.932408 0)
(52.3685 0.959821 0)
(52.4285 0.985675 0)
(52.4893 1.0099 0)
(52.5512 1.03242 0)
(52.6142 1.05305 0)
(52.6783 1.07169 0)
(52.7437 1.08815 0)
(52.8101 1.10225 0)
(52.8777 1.11377 0)
(52.9458 1.12249 0)
(53.0151 1.12819 0)
(53.084 1.13065 0)
(53.1541 1.1298 0)
(53.2222 1.12542 0)
(53.2926 1.11767 0)
(53.3577 1.10628 0)
(53.4282 1.09164 0)
(53.4868 1.07371 0)
(53.5598 1.05201 0)
(53.6049 1.02978 0)
(45.49 0.0431867 0)
(45.6718 0.0340435 0)
(45.8306 0.0293319 0)
(45.9972 0.0270126 0)
(46.1542 0.0265378 0)
(46.3072 0.0255822 0)
(46.4569 0.0248045 0)
(46.6042 0.0251197 0)
(46.7495 0.0259134 0)
(46.8922 0.0268854 0)
(47.0316 0.0279517 0)
(47.1674 0.0288171 0)
(47.299 0.0296705 0)
(47.4264 0.0303841 0)
(47.5491 0.0309957 0)
(47.6674 0.0315142 0)
(47.781 0.0317218 0)
(47.89 0.0318492 0)
(47.9946 0.0321523 0)
(48.095 0.0325808 0)
(48.1917 0.0329492 0)
(48.2844 0.0332389 0)
(48.373 0.0334931 0)
(48.4576 0.0338758 0)
(48.5384 0.0343383 0)
(48.6153 0.0350752 0)
(48.6887 0.0360031 0)
(48.7588 0.0371435 0)
(48.8259 0.0385274 0)
(48.8902 0.0404513 0)
(48.9521 0.0428977 0)
(49.0117 0.0463869 0)
(49.0702 0.0511109 0)
(49.1278 0.0575861 0)
(49.1882 0.0682264 0)
(49.2545 0.0791352 0)
(49.3309 0.0958013 0)
(49.4326 0.111813 0)
(49.5626 0.106667 0)
(49.7065 0.0746529 0)
(49.8552 0.0234119 0)
(50.0056 -0.0378153 0)
(50.158 -0.100133 0)
(50.3114 -0.15548 0)
(50.4651 -0.201303 0)
(50.6191 -0.233366 0)
(50.7712 -0.250852 0)
(50.9212 -0.253375 0)
(51.0676 -0.238872 0)
(51.2082 -0.20793 0)
(51.3414 -0.162598 0)
(51.4677 -0.105459 0)
(51.588 -0.0391011 0)
(51.7047 0.0337239 0)
(51.8196 0.110228 0)
(51.9348 0.18756 0)
(52.0508 0.263307 0)
(52.1687 0.335417 0)
(52.2875 0.402702 0)
(52.4084 0.464811 0)
(52.5297 0.521851 0)
(52.6543 0.574517 0)
(52.7795 0.623013 0)
(52.8902 0.662164 0)
(52.9778 0.691207 0)
(53.0645 0.71745 0)
(53.1515 0.741172 0)
(53.2382 0.762532 0)
(53.3246 0.781639 0)
(53.4106 0.798501 0)
(53.4964 0.813087 0)
(53.5819 0.825313 0)
(53.667 0.835151 0)
(53.7514 0.842525 0)
(53.8354 0.847471 0)
(53.9184 0.849873 0)
(54.0007 0.849787 0)
(54.0813 0.847043 0)
(54.1612 0.841769 0)
(54.2386 0.833792 0)
(54.3153 0.823378 0)
(54.3884 0.810389 0)
(54.4613 0.795127 0)
(54.5289 0.77766 0)
(54.5977 0.757898 0)
(54.6585 0.73687 0)
(54.7236 0.712657 0)
(54.7758 0.689854 0)
(45.4878 0.0150644 0)
(45.67 0.0110161 0)
(45.8291 0.00826319 0)
(45.9958 0.0062493 0)
(46.1529 0.00542663 0)
(46.3058 0.00428463 0)
(46.4556 0.00309787 0)
(46.603 0.0028711 0)
(46.7484 0.00317544 0)
(46.8911 0.0038321 0)
(47.0305 0.00469025 0)
(47.1662 0.00541838 0)
(47.2979 0.00610286 0)
(47.4251 0.00659179 0)
(47.5479 0.00697051 0)
(47.6661 0.00737052 0)
(47.7798 0.00769286 0)
(47.8888 0.00817713 0)
(47.9934 0.00900511 0)
(48.0939 0.00999114 0)
(48.1905 0.0108795 0)
(48.2831 0.0115438 0)
(48.3716 0.0119226 0)
(48.4561 0.012126 0)
(48.5368 0.0121703 0)
(48.6136 0.0122613 0)
(48.687 0.0124496 0)
(48.7573 0.0128563 0)
(48.8244 0.0136306 0)
(48.889 0.0150798 0)
(48.9512 0.0173488 0)
(49.0113 0.0206761 0)
(49.0703 0.0253825 0)
(49.129 0.0312863 0)
(49.1901 0.0401411 0)
(49.2571 0.0480241 0)
(49.3336 0.0570799 0)
(49.43 0.0616859 0)
(49.5491 0.0475456 0)
(49.6818 0.00953374 0)
(49.8224 -0.0459593 0)
(49.9689 -0.111342 0)
(50.1219 -0.177736 0)
(50.2788 -0.236779 0)
(50.4384 -0.286803 0)
(50.6004 -0.322011 0)
(50.7615 -0.342636 0)
(50.9221 -0.348019 0)
(51.0809 -0.334674 0)
(51.2336 -0.303503 0)
(51.378 -0.257319 0)
(51.5141 -0.199658 0)
(51.6429 -0.133898 0)
(51.7664 -0.063268 0)
(51.8863 0.00933875 0)
(52.005 0.0813716 0)
(52.1232 0.150739 0)
(52.2425 0.215887 0)
(52.3624 0.27568 0)
(52.4846 0.329869 0)
(52.6077 0.378017 0)
(52.7346 0.420745 0)
(52.8626 0.457335 0)
(52.976 0.484809 0)
(53.0661 0.504071 0)
(53.1555 0.520447 0)
(53.2451 0.534106 0)
(53.3344 0.545179 0)
(53.4232 0.553782 0)
(53.5114 0.559947 0)
(53.599 0.56371 0)
(53.6858 0.565059 0)
(53.7717 0.564083 0)
(53.8564 0.560811 0)
(53.9399 0.555394 0)
(54.0218 0.547848 0)
(54.1021 0.538319 0)
(54.1805 0.526807 0)
(54.2569 0.513479 0)
(54.331 0.498402 0)
(54.4029 0.481733 0)
(54.472 0.463715 0)
(54.5388 0.444268 0)
(54.6026 0.424069 0)
(54.664 0.402304 0)
(54.7219 0.380826 0)
(54.7778 0.356936 0)
(54.8298 0.335452 0)
(45.4879 -0.0130002 0)
(45.6699 -0.0120066 0)
(45.8289 -0.0128256 0)
(45.9957 -0.0145102 0)
(46.1528 -0.0156556 0)
(46.3057 -0.0170091 0)
(46.4556 -0.01861 0)
(46.603 -0.0193078 0)
(46.7485 -0.0194259 0)
(46.8913 -0.0191172 0)
(47.0307 -0.0186222 0)
(47.1664 -0.0181737 0)
(47.2981 -0.0176174 0)
(47.4253 -0.0170715 0)
(47.5481 -0.0164895 0)
(47.6663 -0.0158651 0)
(47.78 -0.0153932 0)
(47.8891 -0.0149699 0)
(47.9937 -0.0143955 0)
(48.0942 -0.0138242 0)
(48.1907 -0.0132948 0)
(48.2833 -0.0127696 0)
(48.3718 -0.0122399 0)
(48.4563 -0.0115606 0)
(48.537 -0.0107272 0)
(48.6139 -0.00966829 0)
(48.6874 -0.00842608 0)
(48.7577 -0.00701219 0)
(48.825 -0.00539168 0)
(48.8898 -0.00339542 0)
(48.9523 -0.000874357 0)
(49.0128 0.00212896 0)
(49.0723 0.00594909 0)
(49.1316 0.00998651 0)
(49.1929 0.0154064 0)
(49.2593 0.0182082 0)
(49.3342 0.01866 0)
(49.425 0.0115143 0)
(49.534 -0.013204 0)
(49.6562 -0.0602992 0)
(49.789 -0.123828 0)
(49.9316 -0.19757 0)
(50.0854 -0.271523 0)
(50.2459 -0.336905 0)
(50.412 -0.39339 0)
(50.5828 -0.432749 0)
(50.7533 -0.457579 0)
(50.9259 -0.46666 0)
(51.0986 -0.453982 0)
(51.2647 -0.420978 0)
(51.4207 -0.371469 0)
(51.5661 -0.31031 0)
(51.7018 -0.241753 0)
(51.8299 -0.169524 0)
(51.9523 -0.0967989 0)
(52.0714 -0.0259717 0)
(52.1882 0.0410343 0)
(52.3047 0.102921 0)
(52.4208 0.158571 0)
(52.5383 0.207849 0)
(52.6563 0.249939 0)
(52.7777 0.285556 0)
(52.8998 0.313459 0)
(53.0079 0.332713 0)
(53.0934 0.345054 0)
(53.178 0.35431 0)
(53.2626 0.360636 0)
(53.3465 0.364193 0)
(53.4295 0.365137 0)
(53.5117 0.363564 0)
(53.5929 0.359582 0)
(53.6728 0.353283 0)
(53.7515 0.34483 0)
(53.8286 0.334361 0)
(53.904 0.322074 0)
(53.9777 0.308092 0)
(54.0494 0.29259 0)
(54.119 0.275681 0)
(54.1864 0.257534 0)
(54.2516 0.238328 0)
(54.3142 0.218191 0)
(54.3746 0.197431 0)
(54.4323 0.175959 0)
(54.4876 0.154385 0)
(54.5401 0.132057 0)
(54.5905 0.110399 0)
(54.6379 0.0874451 0)
(54.6834 0.0666239 0)
(45.4903 -0.0410613 0)
(45.6715 -0.0350108 0)
(45.8302 -0.0338894 0)
(45.9969 -0.0352814 0)
(46.154 -0.0367602 0)
(46.3069 -0.0383067 0)
(46.4568 -0.0403266 0)
(46.6044 -0.0415648 0)
(46.7499 -0.0421826 0)
(46.8928 -0.0421875 0)
(47.0322 -0.0418928 0)
(47.168 -0.0415689 0)
(47.2997 -0.041174 0)
(47.427 -0.0408576 0)
(47.5498 -0.0405026 0)
(47.668 -0.0399783 0)
(47.7817 -0.0393643 0)
(47.8908 -0.0385662 0)
(47.9955 -0.0374551 0)
(48.096 -0.0363613 0)
(48.1926 -0.0354006 0)
(48.2852 -0.0346203 0)
(48.3738 -0.0340929 0)
(48.4585 -0.0336916 0)
(48.5393 -0.0333114 0)
(48.6163 -0.0328707 0)
(48.6899 -0.032272 0)
(48.7603 -0.0314622 0)
(48.8277 -0.0303048 0)
(48.8927 -0.0286237 0)
(48.9554 -0.0261579 0)
(49.0161 -0.0231867 0)
(49.0757 -0.0194151 0)
(49.1352 -0.0157688 0)
(49.1959 -0.0116484 0)
(49.2608 -0.0114418 0)
(49.3329 -0.0159766 0)
(49.4175 -0.0305766 0)
(49.5167 -0.0624888 0)
(49.6289 -0.116866 0)
(49.7538 -0.187828 0)
(49.8921 -0.270682 0)
(50.0466 -0.352892 0)
(50.2099 -0.42554 0)
(50.3813 -0.490059 0)
(50.5588 -0.534266 0)
(50.735 -0.565566 0)
(50.9163 -0.581256 0)
(51.0997 -0.570887 0)
(51.2748 -0.536714 0)
(51.4367 -0.483896 0)
(51.5845 -0.419157 0)
(51.7195 -0.347736 0)
(51.8442 -0.274034 0)
(51.961 -0.201508 0)
(52.0727 -0.132393 0)
(52.1809 -0.0684329 0)
(52.2873 -0.0106769 0)
(52.3924 0.0398319 0)
(52.4981 0.0831016 0)
(52.6035 0.118008 0)
(52.7115 0.145374 0)
(52.8196 0.163338 0)
(52.9149 0.172893 0)
(52.9898 0.177261 0)
(53.0636 0.178688 0)
(53.1371 0.177252 0)
(53.2096 0.173131 0)
(53.2809 0.166498 0)
(53.3512 0.157501 0)
(53.4201 0.146298 0)
(53.4877 0.133059 0)
(53.5536 0.118004 0)
(53.6179 0.10133 0)
(53.6804 0.0832636 0)
(53.7411 0.0639747 0)
(53.7997 0.0436593 0)
(53.8564 0.0224611 0)
(53.9108 0.000601798 0)
(53.9633 -0.0217733 0)
(54.0132 -0.0444279 0)
(54.0616 -0.0672242 0)
(54.1068 -0.08999 0)
(54.1511 -0.112575 0)
(54.1916 -0.134969 0)
(54.2322 -0.156791 0)
(54.2675 -0.178562 0)
(54.3053 -0.198934 0)
(45.4949 -0.0692449 0)
(45.6748 -0.0580997 0)
(45.8329 -0.055045 0)
(45.9994 -0.0561421 0)
(46.1565 -0.0579711 0)
(46.3093 -0.0597532 0)
(46.4592 -0.0621598 0)
(46.6069 -0.063836 0)
(46.7526 -0.0649481 0)
(46.8956 -0.0654274 0)
(47.0351 -0.0655353 0)
(47.171 -0.0653434 0)
(47.3026 -0.0648012 0)
(47.4299 -0.0642277 0)
(47.5528 -0.0637096 0)
(47.6712 -0.0632879 0)
(47.785 -0.0630453 0)
(47.8943 -0.0627803 0)
(47.9991 -0.0621436 0)
(48.0998 -0.0613441 0)
(48.1964 -0.0602652 0)
(48.2891 -0.0589309 0)
(48.3777 -0.0574814 0)
(48.4624 -0.0559218 0)
(48.5433 -0.0543077 0)
(48.6204 -0.0527273 0)
(48.6938 -0.0512366 0)
(48.764 -0.0498622 0)
(48.8309 -0.0485567 0)
(48.8949 -0.0471327 0)
(48.9558 -0.045282 0)
(49.014 -0.0434172 0)
(49.0698 -0.0412622 0)
(49.1241 -0.0397698 0)
(49.1772 -0.0387236 0)
(49.2317 -0.0429524 0)
(49.2896 -0.0536521 0)
(49.3547 -0.0763424 0)
(49.4282 -0.116523 0)
(49.5104 -0.180164 0)
(49.6024 -0.261056 0)
(49.7071 -0.356395 0)
(49.8284 -0.448761 0)
(49.9555 -0.529915 0)
(50.0896 -0.603279 0)
(50.2277 -0.650499 0)
(50.36 -0.688444 0)
(50.5012 -0.711294 0)
(50.6483 -0.701325 0)
(50.7856 -0.662421 0)
(50.9072 -0.60165 0)
(51.0125 -0.528671 0)
(51.1041 -0.449838 0)
(51.185 -0.370438 0)
(51.2583 -0.294217 0)
(51.3274 -0.22318 0)
(51.394 -0.158739 0)
(51.46 -0.101779 0)
(51.5259 -0.0530093 0)
(51.593 -0.0123699 0)
(51.6608 0.0189668 0)
(51.731 0.0419478 0)
(51.8018 0.054548 0)
(51.8643 0.0590134 0)
(51.9137 0.0592501 0)
(51.9625 0.0566088 0)
(52.0111 0.0511661 0)
(52.059 0.0431294 0)
(52.106 0.0326837 0)
(52.1522 0.0200347 0)
(52.1974 0.00536958 0)
(52.2414 -0.0110623 0)
(52.2841 -0.0290391 0)
(52.3256 -0.0483009 0)
(52.3656 -0.0686458 0)
(52.4042 -0.0898553 0)
(52.4412 -0.111762 0)
(52.4768 -0.13417 0)
(52.5106 -0.156911 0)
(52.5431 -0.179786 0)
(52.5737 -0.202618 0)
(52.6031 -0.225263 0)
(52.6303 -0.247538 0)
(52.6571 -0.269411 0)
(52.6808 -0.290649 0)
(52.7056 -0.311361 0)
(52.7249 -0.331238 0)
(52.7496 -0.350372 0)
(45.5013 -0.0951577 0)
(45.6794 -0.0792336 0)
(45.8367 -0.0744862 0)
(46.0029 -0.0754034 0)
(46.16 -0.0774842 0)
(46.3127 -0.0794926 0)
(46.4627 -0.0824378 0)
(46.6105 -0.0846067 0)
(46.7563 -0.0859592 0)
(46.8994 -0.0865111 0)
(47.039 -0.0868974 0)
(47.175 -0.0872538 0)
(47.3069 -0.0873467 0)
(47.4345 -0.0871495 0)
(47.5576 -0.0864732 0)
(47.6763 -0.0853306 0)
(47.7903 -0.0840445 0)
(47.8998 -0.0828004 0)
(48.0042 -0.081581 0)
(48.1037 -0.0808404 0)
(48.197 -0.0804464 0)
(48.284 -0.0801846 0)
(48.3619 -0.0800741 0)
(48.4316 -0.0797844 0)
(48.4895 -0.0791491 0)
(48.5371 -0.0781518 0)
(48.5718 -0.0767002 0)
(48.5957 -0.074854 0)
(48.6072 -0.072548 0)
(48.6092 -0.0696942 0)
(48.6008 -0.0659421 0)
(48.5847 -0.0620474 0)
(48.5616 -0.0578143 0)
(48.534 -0.0542722 0)
(48.5027 -0.0514967 0)
(48.4706 -0.0549879 0)
(48.4404 -0.0659104 0)
(48.4151 -0.0900353 0)
(48.3956 -0.131949 0)
(48.3837 -0.198821 0)
(48.3826 -0.284379 0)
(48.3988 -0.388376 0)
(48.4388 -0.486088 0)
(48.4883 -0.572139 0)
(48.5528 -0.651306 0)
(48.6266 -0.696831 0)
(48.6962 -0.741768 0)
(48.7905 -0.774142 0)
(48.9041 -0.765328 0)
(49.0119 -0.721765 0)
(49.1056 -0.652902 0)
(49.184 -0.5724 0)
(49.2505 -0.487393 0)
(49.3078 -0.404126 0)
(49.3597 -0.32648 0)
(49.4095 -0.255895 0)
(49.4585 -0.193262 0)
(49.5079 -0.139362 0)
(49.5583 -0.0941926 0)
(49.61 -0.0577741 0)
(49.6624 -0.0310188 0)
(49.7164 -0.0129826 0)
(49.7705 -0.00550995 0)
(49.8177 -0.00559404 0)
(49.8545 -0.00900621 0)
(49.8904 -0.0151359 0)
(49.9256 -0.0238614 0)
(49.9598 -0.0349758 0)
(49.9928 -0.0482668 0)
(50.0246 -0.0635231 0)
(50.0552 -0.0805162 0)
(50.0844 -0.0989877 0)
(50.1121 -0.118696 0)
(50.1385 -0.139388 0)
(50.1633 -0.160864 0)
(50.1867 -0.182906 0)
(50.2086 -0.205361 0)
(50.2291 -0.22803 0)
(50.2481 -0.250777 0)
(50.2658 -0.273399 0)
(50.282 -0.295786 0)
(50.2971 -0.317756 0)
(50.3106 -0.339232 0)
(50.3237 -0.360113 0)
(50.3341 -0.380254 0)
(50.3463 -0.399808 0)
(50.3525 -0.418255 0)
(50.3667 -0.436333 0)
(45.5082 -0.116688 0)
(45.6843 -0.0967772 0)
(45.8408 -0.0904823 0)
(46.0067 -0.0913676 0)
(46.1637 -0.0937964 0)
(46.3164 -0.0958075 0)
(46.4664 -0.0989549 0)
(46.6143 -0.101732 0)
(46.7605 -0.103883 0)
(46.904 -0.104825 0)
(47.0442 -0.104946 0)
(47.1808 -0.10458 0)
(47.3128 -0.104137 0)
(47.4385 -0.104169 0)
(47.5557 -0.10458 0)
(47.6598 -0.105036 0)
(47.7466 -0.105207 0)
(47.8102 -0.104613 0)
(47.847 -0.102875 0)
(47.8552 -0.100296 0)
(47.8343 -0.0968974 0)
(47.7882 -0.0926331 0)
(47.7183 -0.0879462 0)
(47.6322 -0.0827926 0)
(47.5325 -0.0772463 0)
(47.4261 -0.0715874 0)
(47.3158 -0.065809 0)
(47.2065 -0.0601103 0)
(47.1 -0.0544749 0)
(46.9993 -0.0488368 0)
(46.9045 -0.0427399 0)
(46.8172 -0.03717 0)
(46.7371 -0.0318052 0)
(46.6652 -0.0275866 0)
(46.6 -0.0246436 0)
(46.542 -0.0289727 0)
(46.4924 -0.0413619 0)
(46.4513 -0.0677107 0)
(46.4178 -0.112213 0)
(46.3936 -0.183311 0)
(46.3823 -0.275387 0)
(46.3942 -0.39096 0)
(46.4371 -0.496167 0)
(46.4902 -0.590868 0)
(46.5645 -0.679214 0)
(46.6472 -0.724437 0)
(46.7197 -0.782359 0)
(46.8304 -0.831172 0)
(46.9684 -0.827818 0)
(47.0969 -0.782232 0)
(47.2046 -0.706811 0)
(47.2903 -0.620311 0)
(47.3591 -0.530129 0)
(47.414 -0.443676 0)
(47.4597 -0.36489 0)
(47.5001 -0.294371 0)
(47.5359 -0.232522 0)
(47.5688 -0.180118 0)
(47.5989 -0.136242 0)
(47.6263 -0.101217 0)
(47.6505 -0.0757581 0)
(47.6723 -0.0588622 0)
(47.6904 -0.0526246 0)
(47.7041 -0.0539287 0)
(47.7133 -0.0580192 0)
(47.7209 -0.0644117 0)
(47.7271 -0.0730828 0)
(47.7317 -0.0838605 0)
(47.7348 -0.0965548 0)
(47.7365 -0.110969 0)
(47.7368 -0.126863 0)
(47.7359 -0.143983 0)
(47.7338 -0.162098 0)
(47.7305 -0.180983 0)
(47.7262 -0.200446 0)
(47.7209 -0.220288 0)
(47.7147 -0.240373 0)
(47.7077 -0.260519 0)
(47.6999 -0.280598 0)
(47.6915 -0.300437 0)
(47.6823 -0.319946 0)
(47.6728 -0.338959 0)
(47.6625 -0.357452 0)
(47.6526 -0.375276 0)
(47.6409 -0.392418 0)
(47.6319 -0.408893 0)
(47.6169 -0.42429 0)
(47.6134 -0.43958 0)
(45.515 -0.134465 0)
(45.6893 -0.111309 0)
(45.845 -0.103963 0)
(46.0105 -0.104541 0)
(46.1675 -0.107296 0)
(46.3205 -0.109834 0)
(46.471 -0.113182 0)
(46.62 -0.115584 0)
(46.7664 -0.117583 0)
(46.9063 -0.119355 0)
(47.0311 -0.121196 0)
(47.1282 -0.122315 0)
(47.1823 -0.12182 0)
(47.1817 -0.119606 0)
(47.1232 -0.115579 0)
(47.0108 -0.11008 0)
(46.858 -0.103589 0)
(46.6782 -0.0963243 0)
(46.4881 -0.0885281 0)
(46.2986 -0.0807465 0)
(46.1186 -0.0731942 0)
(45.9518 -0.0657537 0)
(45.8002 -0.0589252 0)
(45.6622 -0.0525371 0)
(45.5375 -0.0465841 0)
(45.4234 -0.0412787 0)
(45.319 -0.0364669 0)
(45.2225 -0.0322247 0)
(45.1334 -0.0284758 0)
(45.0511 -0.0249428 0)
(44.9752 -0.0210414 0)
(44.9049 -0.0177128 0)
(44.8403 -0.0146746 0)
(44.7829 -0.0125625 0)
(44.7295 -0.0114026 0)
(44.6808 -0.0179563 0)
(44.6389 -0.0323435 0)
(44.6019 -0.0605564 0)
(44.5695 -0.106939 0)
(44.5439 -0.181263 0)
(44.5307 -0.279321 0)
(44.5442 -0.406101 0)
(44.5937 -0.517376 0)
(44.6517 -0.620127 0)
(44.7366 -0.715537 0)
(44.8252 -0.756239 0)
(44.8938 -0.826675 0)
(45.0158 -0.892077 0)
(45.1724 -0.891988 0)
(45.3119 -0.840796 0)
(45.4189 -0.754718 0)
(45.4926 -0.65864 0)
(45.5395 -0.559537 0)
(45.5624 -0.466248 0)
(45.5675 -0.382642 0)
(45.5592 -0.308109 0)
(45.5385 -0.242747 0)
(45.5082 -0.187361 0)
(45.4692 -0.139864 0)
(45.4226 -0.101255 0)
(45.3698 -0.0719216 0)
(45.3122 -0.0507938 0)
(45.2499 -0.0402731 0)
(45.1952 -0.0379763 0)
(45.151 -0.0388721 0)
(45.1069 -0.0419929 0)
(45.0631 -0.0473614 0)
(45.0198 -0.0548318 0)
(44.9771 -0.0642344 0)
(44.9352 -0.0754141 0)
(44.894 -0.0880632 0)
(44.8538 -0.101951 0)
(44.8143 -0.116846 0)
(44.7758 -0.132552 0)
(44.7382 -0.148858 0)
(44.7014 -0.165499 0)
(44.6655 -0.182433 0)
(44.6304 -0.199419 0)
(44.5962 -0.216355 0)
(44.5629 -0.233112 0)
(44.5304 -0.24956 0)
(44.4989 -0.26559 0)
(44.468 -0.281207 0)
(44.4385 -0.296239 0)
(44.4087 -0.310776 0)
(44.3823 -0.324623 0)
(44.3514 -0.337709 0)
(44.3333 -0.350661 0)
(45.5222 -0.149476 0)
(45.6945 -0.123035 0)
(45.8494 -0.114886 0)
(46.0144 -0.115852 0)
(46.1729 -0.118183 0)
(46.3263 -0.120582 0)
(46.4698 -0.125347 0)
(46.5809 -0.129473 0)
(46.6259 -0.131169 0)
(46.5759 -0.129247 0)
(46.4256 -0.124463 0)
(46.195 -0.117435 0)
(45.9183 -0.108799 0)
(45.63 -0.0995529 0)
(45.3538 -0.0901066 0)
(45.102 -0.0810685 0)
(44.8761 -0.0728372 0)
(44.6731 -0.0655121 0)
(44.4894 -0.0590017 0)
(44.3206 -0.053468 0)
(44.1652 -0.048664 0)
(44.0217 -0.0441203 0)
(43.8897 -0.0399682 0)
(43.7675 -0.0358966 0)
(43.6568 -0.0318155 0)
(43.5547 -0.0278948 0)
(43.4623 -0.0240252 0)
(43.3775 -0.020405 0)
(43.3015 -0.0170796 0)
(43.2326 -0.0138024 0)
(43.1709 -0.00999902 0)
(43.1141 -0.00681566 0)
(43.0647 -0.00412533 0)
(43.0215 -0.00223383 0)
(42.9819 -0.00104318 0)
(42.9454 -0.00803553 0)
(42.9136 -0.0228165 0)
(42.8847 -0.0514061 0)
(42.8577 -0.09838 0)
(42.8348 -0.174696 0)
(42.8228 -0.278054 0)
(42.84 -0.415431 0)
(42.8972 -0.531822 0)
(42.9598 -0.642617 0)
(43.0547 -0.743923 0)
(43.1445 -0.777669 0)
(43.1996 -0.861193 0)
(43.3205 -0.944416 0)
(43.4763 -0.946552 0)
(43.5956 -0.886695 0)
(43.658 -0.786127 0)
(43.6657 -0.676581 0)
(43.6263 -0.563945 0)
(43.5465 -0.458938 0)
(43.4357 -0.365222 0)
(43.3033 -0.281068 0)
(43.1548 -0.206862 0)
(42.9975 -0.143777 0)
(42.8367 -0.0887872 0)
(42.6767 -0.0442477 0)
(42.5212 -0.00981187 0)
(42.3708 0.0156935 0)
(42.2276 0.0299313 0)
(42.1126 0.0349283 0)
(42.026 0.03588 0)
(41.9447 0.034111 0)
(41.8679 0.0298228 0)
(41.7957 0.0232839 0)
(41.7276 0.0146427 0)
(41.6636 0.00412297 0)
(41.603 -0.00792429 0)
(41.5459 -0.0211715 0)
(41.4915 -0.0353915 0)
(41.4402 -0.0504049 0)
(41.3911 -0.0659636 0)
(41.3445 -0.0818398 0)
(41.2999 -0.0979806 0)
(41.2572 -0.114134 0)
(41.2164 -0.130174 0)
(41.1771 -0.146006 0)
(41.1394 -0.16151 0)
(41.1032 -0.176593 0)
(41.0682 -0.191251 0)
(41.035 -0.205359 0)
(41.0022 -0.219018 0)
(40.9726 -0.231983 0)
(40.9397 -0.244419 0)
(40.9191 -0.256484 0)
(45.5253 -0.161656 0)
(45.6936 -0.133575 0)
(45.8492 -0.12372 0)
(46.017 -0.124969 0)
(46.1518 -0.129323 0)
(46.1759 -0.130623 0)
(46.0349 -0.129544 0)
(45.7374 -0.124465 0)
(45.3528 -0.116547 0)
(44.9528 -0.106694 0)
(44.5816 -0.0966819 0)
(44.2499 -0.0873029 0)
(43.9527 -0.0789367 0)
(43.6808 -0.071886 0)
(43.4301 -0.0656719 0)
(43.1995 -0.0599935 0)
(42.9887 -0.0546023 0)
(42.7978 -0.0493516 0)
(42.6261 -0.0441085 0)
(42.4712 -0.0392299 0)
(42.3322 -0.034757 0)
(42.2072 -0.0303765 0)
(42.0941 -0.0263302 0)
(41.991 -0.0225461 0)
(41.8993 -0.0188319 0)
(41.8146 -0.0153827 0)
(41.7393 -0.0121332 0)
(41.6705 -0.00925225 0)
(41.6104 -0.00678019 0)
(41.5566 -0.00434149 0)
(41.5099 -0.00125087 0)
(41.4674 0.00104661 0)
(41.4325 0.00269957 0)
(41.4025 0.00398333 0)
(41.3756 0.00474966 0)
(41.3509 -0.00288947 0)
(41.3287 -0.0180547 0)
(41.3094 -0.0467586 0)
(41.2877 -0.0938454 0)
(41.2682 -0.171486 0)
(41.2562 -0.279415 0)
(41.2751 -0.426369 0)
(41.3375 -0.546783 0)
(41.3995 -0.664853 0)
(41.4969 -0.76995 0)
(41.5727 -0.793266 0)
(41.5884 -0.887267 0)
(41.6671 -0.984904 0)
(41.7607 -0.982598 0)
(41.7789 -0.905405 0)
(41.7048 -0.781695 0)
(41.5483 -0.650397 0)
(41.3265 -0.516526 0)
(41.0591 -0.393733 0)
(40.7653 -0.285927 0)
(40.468 -0.191354 0)
(40.1783 -0.110552 0)
(39.9051 -0.0446216 0)
(39.6566 0.0105965 0)
(39.4334 0.0526026 0)
(39.2341 0.0839304 0)
(39.0562 0.105249 0)
(38.9002 0.115293 0)
(38.781 0.117209 0)
(38.6946 0.115755 0)
(38.6158 0.111578 0)
(38.5435 0.105104 0)
(38.4772 0.0965926 0)
(38.4161 0.0861775 0)
(38.3596 0.0740102 0)
(38.3072 0.0606359 0)
(38.2584 0.0462428 0)
(38.2128 0.0311664 0)
(38.1699 0.0153723 0)
(38.1295 -0.000636477 0)
(38.0911 -0.0165151 0)
(38.0546 -0.0327398 0)
(38.0197 -0.0484982 0)
(37.9862 -0.0641797 0)
(37.9541 -0.0795773 0)
(37.923 -0.0942722 0)
(37.8931 -0.108627 0)
(37.8641 -0.122555 0)
(37.8364 -0.135982 0)
(37.8091 -0.148983 0)
(37.7842 -0.161377 0)
(37.7565 -0.173311 0)
(37.7394 -0.184591 0)
(45.507 -0.171555 0)
(45.6872 -0.140823 0)
(45.8516 -0.133307 0)
(45.8095 -0.131172 0)
(45.4322 -0.12447 0)
(44.8922 -0.113793 0)
(44.3472 -0.104142 0)
(43.8689 -0.0952637 0)
(43.4512 -0.0877045 0)
(43.0718 -0.0807795 0)
(42.7216 -0.074473 0)
(42.4003 -0.0681868 0)
(42.1094 -0.0617383 0)
(41.8476 -0.0556033 0)
(41.6129 -0.0497928 0)
(41.4022 -0.0444115 0)
(41.2125 -0.0394924 0)
(41.0428 -0.0349569 0)
(40.8906 -0.0305874 0)
(40.7551 -0.0267084 0)
(40.6349 -0.0232627 0)
(40.5283 -0.0198225 0)
(40.4336 -0.0165968 0)
(40.3486 -0.0136496 0)
(40.2748 -0.0106228 0)
(40.2074 -0.00777314 0)
(40.149 -0.00509236 0)
(40.0963 -0.00279464 0)
(40.0515 -0.000942188 0)
(40.0127 0.000920317 0)
(39.9807 0.00351807 0)
(39.953 0.00529171 0)
(39.9306 0.00628805 0)
(39.9141 0.0072029 0)
(39.8984 0.00781882 0)
(39.885 -1.88835e-05 0)
(39.872 -0.015335 0)
(39.8622 -0.0438482 0)
(39.8456 -0.0904384 0)
(39.8288 -0.168455 0)
(39.8127 -0.279932 0)
(39.8297 -0.435268 0)
(39.891 -0.558449 0)
(39.9398 -0.682142 0)
(40.0191 -0.787735 0)
(40.043 -0.795703 0)
(39.9573 -0.892749 0)
(39.8982 -0.995341 0)
(39.8183 -0.977988 0)
(39.6241 -0.873916 0)
(39.3176 -0.720433 0)
(38.922 -0.563968 0)
(38.4805 -0.41015 0)
(38.0276 -0.275452 0)
(37.5924 -0.163774 0)
(37.2021 -0.071753 0)
(36.8587 0.00286365 0)
(36.5628 0.0589387 0)
(36.3188 0.103481 0)
(36.113 0.135248 0)
(35.9428 0.157433 0)
(35.8022 0.170418 0)
(35.6859 0.174234 0)
(35.5996 0.171801 0)
(35.5395 0.167149 0)
(35.486 0.16027 0)
(35.4382 0.15147 0)
(35.3952 0.140922 0)
(35.3566 0.128745 0)
(35.3211 0.115192 0)
(35.2887 0.100638 0)
(35.2584 0.0854151 0)
(35.2304 0.0696378 0)
(35.2038 0.053499 0)
(35.1788 0.0373328 0)
(35.1548 0.0213356 0)
(35.1318 0.00544763 0)
(35.1095 -0.0100267 0)
(35.0876 -0.025043 0)
(35.0663 -0.0396285 0)
(35.0452 -0.0536569 0)
(35.0246 -0.0671751 0)
(35.0042 -0.08021 0)
(34.9844 -0.0927732 0)
(34.9645 -0.104926 0)
(34.9461 -0.116502 0)
(34.9247 -0.127503 0)
(34.9124 -0.137705 0)
(45.6587 -0.18242 0)
(45.7507 -0.150505 0)
(45.2106 -0.12661 0)
(44.3791 -0.107686 0)
(43.6258 -0.0941047 0)
(43.0384 -0.0848741 0)
(42.527 -0.0798013 0)
(42.0688 -0.0751807 0)
(41.6578 -0.0699537 0)
(41.2875 -0.0638101 0)
(40.953 -0.0577957 0)
(40.6505 -0.0519964 0)
(40.3786 -0.0464021 0)
(40.1359 -0.0413782 0)
(39.921 -0.0367371 0)
(39.7307 -0.0324317 0)
(39.562 -0.0285084 0)
(39.4135 -0.024857 0)
(39.2813 -0.0212917 0)
(39.1658 -0.0182004 0)
(39.0645 -0.0154717 0)
(38.9757 -0.012707 0)
(38.8991 -0.0100525 0)
(38.8309 -0.007677 0)
(38.773 -0.00515182 0)
(38.7214 -0.00278434 0)
(38.6782 -0.000603107 0)
(38.6413 0.00126268 0)
(38.6102 0.00259711 0)
(38.5856 0.00390616 0)
(38.567 0.0060151 0)
(38.5535 0.00735458 0)
(38.5434 0.0078018 0)
(38.5397 0.00846581 0)
(38.534 0.00902795 0)
(38.5304 0.00104545 0)
(38.5258 -0.0143578 0)
(38.524 -0.042425 0)
(38.5107 -0.0881885 0)
(38.4949 -0.165687 0)
(38.4679 -0.279644 0)
(38.478 -0.442017 0)
(38.5241 -0.565852 0)
(38.5326 -0.691782 0)
(38.5485 -0.79223 0)
(38.4423 -0.775991 0)
(38.1406 -0.863061 0)
(37.8197 -0.95916 0)
(37.4799 -0.920812 0)
(37.0268 -0.789119 0)
(36.479 -0.609885 0)
(35.8757 -0.437402 0)
(35.2895 -0.277525 0)
(34.7486 -0.146289 0)
(34.2829 -0.0455811 0)
(33.9015 0.0320497 0)
(33.594 0.0922534 0)
(33.3514 0.13399 0)
(33.1665 0.166284 0)
(33.0221 0.187142 0)
(32.9169 0.199915 0)
(32.8391 0.205133 0)
(32.7815 0.203668 0)
(32.7422 0.198134 0)
(32.7167 0.191269 0)
(32.6954 0.182287 0)
(32.6774 0.171782 0)
(32.662 0.159883 0)
(32.6485 0.14668 0)
(32.6362 0.132335 0)
(32.6251 0.117244 0)
(32.6145 0.101657 0)
(32.6044 0.0857017 0)
(32.5946 0.0695426 0)
(32.585 0.0535506 0)
(32.5752 0.03795 0)
(32.5653 0.0226613 0)
(32.5551 0.00794126 0)
(32.5445 -0.00619737 0)
(32.5334 -0.0197779 0)
(32.5219 -0.0326978 0)
(32.5099 -0.0450659 0)
(32.4975 -0.0568951 0)
(32.4848 -0.0682549 0)
(32.4713 -0.0791329 0)
(32.4586 -0.0894037 0)
(32.4426 -0.0991216 0)
(32.4343 -0.108053 0)
(45.8802 -0.188251 0)
(44.5825 -0.125555 0)
(43.3736 -0.091457 0)
(42.5066 -0.0771832 0)
(41.8235 -0.0714375 0)
(41.2762 -0.0666688 0)
(40.7913 -0.0627994 0)
(40.3588 -0.0588049 0)
(39.9673 -0.0543911 0)
(39.6134 -0.0492739 0)
(39.2968 -0.0443268 0)
(39.0141 -0.0395363 0)
(38.7634 -0.0349137 0)
(38.5422 -0.0308443 0)
(38.3484 -0.0271065 0)
(38.1785 -0.0236276 0)
(38.03 -0.0204961 0)
(37.9013 -0.0175421 0)
(37.788 -0.0146482 0)
(37.6914 -0.0122244 0)
(37.6077 -0.010058 0)
(37.5352 -0.00786589 0)
(37.4748 -0.0057208 0)
(37.4222 -0.00381077 0)
(37.3784 -0.00171569 0)
(37.3411 0.000252515 0)
(37.3113 0.00196642 0)
(37.2892 0.00342506 0)
(37.2716 0.00434802 0)
(37.2603 0.0052172 0)
(37.2535 0.00689446 0)
(37.2522 0.0078697 0)
(37.254 0.00787591 0)
(37.2611 0.00841118 0)
(37.2638 0.00905861 0)
(37.2684 0.000988427 0)
(37.2722 -0.014431 0)
(37.2762 -0.0417385 0)
(37.2617 -0.0863704 0)
(37.2431 -0.162374 0)
(37.1956 -0.277761 0)
(37.1912 -0.445142 0)
(37.1913 -0.565966 0)
(37.1114 -0.688519 0)
(36.9839 -0.774508 0)
(36.6237 -0.722235 0)
(35.9932 -0.788998 0)
(35.3777 -0.878508 0)
(34.8096 -0.826272 0)
(34.1468 -0.675219 0)
(33.4244 -0.48121 0)
(32.7063 -0.306932 0)
(32.0796 -0.155057 0)
(31.549 -0.0385405 0)
(31.1375 0.043902 0)
(30.8266 0.10466 0)
(30.5993 0.149586 0)
(30.4413 0.177251 0)
(30.3382 0.198658 0)
(30.2724 0.210317 0)
(30.2405 0.215522 0)
(30.228 0.215305 0)
(30.2305 0.21038 0)
(30.2384 0.202625 0)
(30.2467 0.194368 0)
(30.2563 0.18437 0)
(30.2663 0.173118 0)
(30.2762 0.160731 0)
(30.2856 0.147265 0)
(30.2941 0.132914 0)
(30.3018 0.117931 0)
(30.3085 0.102569 0)
(30.3141 0.0869337 0)
(30.3187 0.0712231 0)
(30.3222 0.0558125 0)
(30.3244 0.0408783 0)
(30.3255 0.0264598 0)
(30.3252 0.0127115 0)
(30.3235 -0.000302975 0)
(30.3206 -0.0126497 0)
(30.3163 -0.0242674 0)
(30.3109 -0.0352721 0)
(30.3042 -0.0456361 0)
(30.2967 -0.0554759 0)
(30.2876 -0.0647214 0)
(30.2787 -0.0734502 0)
(30.2663 -0.0816958 0)
(30.2604 -0.0891944 0)
(44.1952 -0.150865 0)
(42.5616 -0.0866937 0)
(41.4747 -0.0644097 0)
(40.7146 -0.0574967 0)
(40.1158 -0.0548981 0)
(39.6182 -0.0517549 0)
(39.1615 -0.0488998 0)
(38.7527 -0.045872 0)
(38.3812 -0.0422553 0)
(38.046 -0.0379715 0)
(37.7491 -0.0338976 0)
(37.4867 -0.0299622 0)
(37.2572 -0.0261827 0)
(37.0574 -0.0229253 0)
(36.884 -0.01994 0)
(36.7336 -0.0171584 0)
(36.604 -0.0146962 0)
(36.4933 -0.0123265 0)
(36.3974 -0.00999871 0)
(36.3176 -0.00812215 0)
(36.2496 -0.00640712 0)
(36.1921 -0.00468868 0)
(36.1456 -0.00296587 0)
(36.1073 -0.00139945 0)
(36.0756 0.000331231 0)
(36.052 0.00192595 0)
(36.0345 0.00321825 0)
(36.0254 0.00431824 0)
(36.0204 0.00490939 0)
(36.0208 0.00544661 0)
(36.024 0.0067848 0)
(36.0328 0.00741209 0)
(36.0447 0.00708107 0)
(36.0602 0.00764302 0)
(36.0696 0.00841643 0)
(36.0818 0.000221651 0)
(36.0929 -0.0150758 0)
(36.0991 -0.0412152 0)
(36.079 -0.0844186 0)
(36.0506 -0.157916 0)
(35.9698 -0.27371 0)
(35.9371 -0.442728 0)
(35.8351 -0.555066 0)
(35.5989 -0.666594 0)
(35.2185 -0.726772 0)
(34.4983 -0.632185 0)
(33.5533 -0.683931 0)
(32.744 -0.779026 0)
(32.0328 -0.721185 0)
(31.2191 -0.556874 0)
(30.3945 -0.358384 0)
(29.6492 -0.193692 0)
(29.0595 -0.0585278 0)
(28.6036 0.0391528 0)
(28.2836 0.102772 0)
(28.0707 0.147138 0)
(27.9418 0.178296 0)
(27.8765 0.194793 0)
(27.8587 0.207865 0)
(27.8708 0.212574 0)
(27.9072 0.212791 0)
(27.9547 0.209193 0)
(28.0111 0.201996 0)
(28.0595 0.193181 0)
(28.0974 0.184539 0)
(28.1334 0.17432 0)
(28.167 0.163079 0)
(28.1981 0.150908 0)
(28.2267 0.137806 0)
(28.2525 0.123934 0)
(28.2756 0.109489 0)
(28.2961 0.0947178 0)
(28.3143 0.079725 0)
(28.3302 0.0647279 0)
(28.3439 0.0501394 0)
(28.3554 0.0361366 0)
(28.3646 0.0228347 0)
(28.3715 0.0103129 0)
(28.3762 -0.00134313 0)
(28.3787 -0.0122535 0)
(28.3791 -0.0223469 0)
(28.3777 -0.0318053 0)
(28.3744 -0.0405301 0)
(28.3697 -0.0486961 0)
(28.3631 -0.0561562 0)
(28.3562 -0.0632391 0)
(28.3455 -0.0698967 0)
(28.3405 -0.0759133 0)
(41.983 -0.111469 0)
(40.5874 -0.0598083 0)
(39.6857 -0.0457234 0)
(39.0478 -0.0429834 0)
(38.5202 -0.0424903 0)
(38.0625 -0.0403314 0)
(37.6328 -0.0380532 0)
(37.2453 -0.0356965 0)
(36.8928 -0.0326996 0)
(36.5771 -0.0291348 0)
(36.3005 -0.0258251 0)
(36.0582 -0.0226396 0)
(35.8493 -0.0195969 0)
(35.6697 -0.0170208 0)
(35.5153 -0.0146506 0)
(35.3829 -0.0124449 0)
(35.2706 -0.0105288 0)
(35.1758 -0.00863674 0)
(35.0956 -0.00678493 0)
(35.0306 -0.00535305 0)
(34.9764 -0.00400147 0)
(34.9325 -0.00265096 0)
(34.8979 -0.00128674 0)
(34.872 -8.14084e-06 0)
(34.8513 0.0014093 0)
(34.84 0.00267763 0)
(34.8338 0.00361593 0)
(34.8357 0.00438418 0)
(34.8411 0.00471588 0)
(34.8512 0.00503284 0)
(34.8628 0.00611623 0)
(34.8799 0.006435 0)
(34.8999 0.00587005 0)
(34.9211 0.00654992 0)
(34.9356 0.00739496 0)
(34.9552 -0.000938889 0)
(34.9708 -0.0158664 0)
(34.9748 -0.0404628 0)
(34.9443 -0.0818516 0)
(34.8949 -0.151779 0)
(34.7664 -0.266791 0)
(34.6796 -0.432323 0)
(34.3962 -0.529681 0)
(33.9323 -0.622547 0)
(33.2105 -0.649883 0)
(32.1419 -0.521421 0)
(31.0227 -0.574262 0)
(30.1342 -0.682504 0)
(29.3247 -0.619432 0)
(28.3955 -0.445973 0)
(27.5315 -0.252579 0)
(26.8248 -0.105099 0)
(26.319 0.0103274 0)
(25.9633 0.089127 0)
(25.7541 0.135173 0)
(25.6494 0.165941 0)
(25.6198 0.18635 0)
(25.6425 0.194323 0)
(25.7019 0.201413 0)
(25.782 0.201649 0)
(25.8776 0.198977 0)
(25.9769 0.193556 0)
(26.0791 0.185295 0)
(26.1614 0.176207 0)
(26.2235 0.167738 0)
(26.281 0.157895 0)
(26.3337 0.147155 0)
(26.382 0.135581 0)
(26.4258 0.123195 0)
(26.4651 0.110157 0)
(26.5 0.0965701 0)
(26.531 0.0826476 0)
(26.5585 0.0685093 0)
(26.5827 0.0544087 0)
(26.6037 0.0408173 0)
(26.6215 0.0279303 0)
(26.6362 0.0159263 0)
(26.6476 0.00481915 0)
(26.6558 -0.00529349 0)
(26.6612 -0.0146149 0)
(26.6637 -0.0230479 0)
(26.6639 -0.0308906 0)
(26.6618 -0.0379353 0)
(26.658 -0.0445132 0)
(26.652 -0.0502395 0)
(26.6456 -0.0556984 0)
(26.6352 -0.0608041 0)
(26.63 -0.0654276 0)
(39.8778 -0.0821732 0)
(38.761 -0.0415186 0)
(38.0384 -0.0329254 0)
(37.5025 -0.0326063 0)
(37.0276 -0.0331414 0)
(36.5989 -0.0314526 0)
(36.1942 -0.0295272 0)
(35.8265 -0.0276662 0)
(35.4926 -0.0251926 0)
(35.1966 -0.0222655 0)
(34.9402 -0.0196128 0)
(34.7175 -0.0170665 0)
(34.5281 -0.0146501 0)
(34.367 -0.0126327 0)
(34.2299 -0.0107614 0)
(34.1137 -0.00902572 0)
(34.0168 -0.00755035 0)
(33.9362 -0.00605229 0)
(33.8698 -0.00459169 0)
(33.8179 -0.00351188 0)
(33.7756 -0.002459 0)
(33.7432 -0.00140311 0)
(33.719 -0.000334748 0)
(33.7037 0.000711533 0)
(33.6929 0.00185076 0)
(33.692 0.00281721 0)
(33.6955 0.00347526 0)
(33.7067 0.00398213 0)
(33.7206 0.00411862 0)
(33.738 0.00428377 0)
(33.7562 0.00516784 0)
(33.7799 0.00522927 0)
(33.8056 0.00454623 0)
(33.8298 0.00538172 0)
(33.8486 0.00617944 0)
(33.8752 -0.0022006 0)
(33.8903 -0.0164653 0)
(33.8882 -0.0392402 0)
(33.8402 -0.0782664 0)
(33.756 -0.143636 0)
(33.5648 -0.256241 0)
(33.3826 -0.411872 0)
(32.8356 -0.488785 0)
(32.1057 -0.559101 0)
(31.0329 -0.555966 0)
(29.7342 -0.411494 0)
(28.587 -0.476909 0)
(27.6712 -0.595965 0)
(26.7683 -0.525107 0)
(25.7518 -0.347904 0)
(24.9027 -0.167765 0)
(24.277 -0.0406903 0)
(23.8736 0.0552099 0)
(23.6321 0.116592 0)
(23.5423 0.147903 0)
(23.5395 0.168095 0)
(23.5995 0.180623 0)
(23.6991 0.182824 0)
(23.8256 0.186066 0)
(23.9631 0.183587 0)
(24.1081 0.179388 0)
(24.2503 0.173192 0)
(24.3901 0.16469 0)
(24.4999 0.155913 0)
(24.5813 0.148024 0)
(24.6558 0.138892 0)
(24.7236 0.128912 0)
(24.7852 0.11817 0)
(24.8407 0.106733 0)
(24.8901 0.0947411 0)
(24.9337 0.0821929 0)
(24.9723 0.0692609 0)
(25.0062 0.0560987 0)
(25.0359 0.0430099 0)
(25.0615 0.0305374 0)
(25.0831 0.0189052 0)
(25.1004 0.00834082 0)
(25.1138 -0.00121085 0)
(25.1231 -0.00966101 0)
(25.1289 -0.0173218 0)
(25.1314 -0.0240644 0)
(25.1312 -0.0303309 0)
(25.1284 -0.0357771 0)
(25.1239 -0.0409533 0)
(25.1171 -0.0452033 0)
(25.1103 -0.0492612 0)
(25.0993 -0.0529385 0)
(25.0932 -0.056326 0)
(37.9583 -0.0619925 0)
(37.092 -0.0295477 0)
(36.5204 -0.0242385 0)
(36.0612 -0.0250534 0)
(35.6233 -0.025928 0)
(35.216 -0.0244804 0)
(34.8337 -0.0228181 0)
(34.4856 -0.0213369 0)
(34.1701 -0.019316 0)
(33.894 -0.0169505 0)
(33.6574 -0.0148514 0)
(33.4531 -0.012839 0)
(33.2818 -0.0109432 0)
(33.1376 -0.0093761 0)
(33.0158 -0.00790731 0)
(32.9143 -0.00655534 0)
(32.831 -0.00543311 0)
(32.7628 -0.00425493 0)
(32.7086 -0.00311703 0)
(32.6677 -0.00231414 0)
(32.6355 -0.00150154 0)
(32.6128 -0.000679845 0)
(32.5975 0.000146999 0)
(32.5909 0.000991422 0)
(32.5885 0.00188857 0)
(32.5964 0.00260199 0)
(32.6078 0.00303552 0)
(32.6264 0.00333978 0)
(32.6466 0.00334495 0)
(32.6692 0.00341183 0)
(32.692 0.00413041 0)
(32.7207 0.00399395 0)
(32.7495 0.00330146 0)
(32.7745 0.00426704 0)
(32.7973 0.00490301 0)
(32.829 -0.00333794 0)
(32.8388 -0.0166539 0)
(32.8259 -0.037373 0)
(32.7517 -0.0734076 0)
(32.6184 -0.133431 0)
(32.3501 -0.241438 0)
(32.0199 -0.380962 0)
(31.159 -0.435314 0)
(30.1808 -0.484867 0)
(28.8203 -0.459913 0)
(27.4265 -0.315599 0)
(26.3419 -0.396338 0)
(25.3983 -0.519145 0)
(24.395 -0.439551 0)
(23.3223 -0.264972 0)
(22.5315 -0.103398 0)
(22.005 0.00316749 0)
(21.7142 0.0812046 0)
(21.5951 0.127306 0)
(21.6159 0.147109 0)
(21.7016 0.159905 0)
(21.8406 0.166999 0)
(22.0054 0.165405 0)
(22.1879 0.166305 0)
(22.3726 0.162394 0)
(22.5578 0.157571 0)
(22.7348 0.151267 0)
(22.905 0.143046 0)
(23.0365 0.134958 0)
(23.133 0.127883 0)
(23.2206 0.119615 0)
(23.3001 0.110513 0)
(23.3719 0.100725 0)
(23.4361 0.090368 0)
(23.4927 0.0795394 0)
(23.5423 0.0681158 0)
(23.5859 0.0562427 0)
(23.6239 0.0441304 0)
(23.6567 0.0321357 0)
(23.6845 0.0208725 0)
(23.7074 0.0105968 0)
(23.7252 0.00156376 0)
(23.7381 -0.00636356 0)
(23.7465 -0.0131316 0)
(23.7509 -0.0191686 0)
(23.7517 -0.0243142 0)
(23.7498 -0.0291474 0)
(23.7451 -0.0331757 0)
(23.739 -0.0371652 0)
(23.7305 -0.0402333 0)
(23.7223 -0.0432687 0)
(23.7103 -0.0458244 0)
(23.7032 -0.0481519 0)
(36.2165 -0.0488337 0)
(35.5685 -0.021858 0)
(35.1063 -0.018258 0)
(34.7035 -0.0194017 0)
(34.2922 -0.0202649 0)
(33.9021 -0.018967 0)
(33.5407 -0.0175414 0)
(33.2122 -0.0163648 0)
(32.9153 -0.0147342 0)
(32.6588 -0.0128546 0)
(32.441 -0.0112127 0)
(32.2542 -0.00963888 0)
(32.0995 -0.00816825 0)
(31.9702 -0.00696007 0)
(31.8622 -0.00581713 0)
(31.7737 -0.0047766 0)
(31.7025 -0.00393402 0)
(31.6449 -0.00301543 0)
(31.6011 -0.00213869 0)
(31.5694 -0.00155115 0)
(31.5456 -0.000929584 0)
(31.5309 -0.000296802 0)
(31.5227 0.000333659 0)
(31.523 0.00100902 0)
(31.5276 0.00169344 0)
(31.5426 0.00219831 0)
(31.56 0.00245981 0)
(31.584 0.0026161 0)
(31.6083 0.00254475 0)
(31.634 0.00255051 0)
(31.6596 0.00312437 0)
(31.6916 0.00285731 0)
(31.7207 0.00223448 0)
(31.7452 0.00326104 0)
(31.7716 0.00367855 0)
(31.8056 -0.00420522 0)
(31.8063 -0.0163283 0)
(31.7761 -0.0347612 0)
(31.667 -0.0672501 0)
(31.4736 -0.121389 0)
(31.1145 -0.222255 0)
(30.5862 -0.341491 0)
(29.4181 -0.375246 0)
(28.2478 -0.409198 0)
(26.6881 -0.371668 0)
(25.3003 -0.237814 0)
(24.3155 -0.331011 0)
(23.3236 -0.450426 0)
(22.2129 -0.363322 0)
(21.1185 -0.197418 0)
(20.4147 -0.0567691 0)
(19.9926 0.0308873 0)
(19.8233 0.0929895 0)
(19.8189 0.126622 0)
(19.9367 0.138214 0)
(20.0982 0.145985 0)
(20.305 0.149364 0)
(20.5234 0.145493 0)
(20.7516 0.145105 0)
(20.9742 0.140605 0)
(21.1918 0.135717 0)
(21.3967 0.129708 0)
(21.5908 0.122079 0)
(21.7393 0.114888 0)
(21.8473 0.108725 0)
(21.9451 0.101357 0)
(22.0335 0.0931664 0)
(22.1129 0.0843845 0)
(22.1833 0.0751681 0)
(22.2449 0.0655475 0)
(22.2983 0.0552665 0)
(22.3448 0.0444754 0)
(22.3847 0.03346 0)
(22.4186 0.0226184 0)
(22.4465 0.0126261 0)
(22.4686 0.00376524 0)
(22.4849 -0.00371047 0)
(22.4957 -0.0100341 0)
(22.5015 -0.0152094 0)
(22.5033 -0.0197657 0)
(22.5014 -0.0235115 0)
(22.497 -0.0271274 0)
(22.4899 -0.0299792 0)
(22.4817 -0.0330163 0)
(22.4712 -0.0351423 0)
(22.4614 -0.0374516 0)
(22.4479 -0.0392838 0)
(22.4397 -0.0407677 0)
(34.6359 -0.0405883 0)
(34.1621 -0.0169179 0)
(33.7739 -0.0140144 0)
(33.4112 -0.0150839 0)
(33.0205 -0.0157741 0)
(32.6461 -0.0145976 0)
(32.3051 -0.0133999 0)
(31.9963 -0.0124744 0)
(31.7181 -0.0111766 0)
(31.4807 -0.00970878 0)
(31.2807 -0.00843792 0)
(31.1101 -0.00721937 0)
(30.9704 -0.00609139 0)
(30.8546 -0.00516851 0)
(30.7589 -0.00428882 0)
(30.6819 -0.00349908 0)
(30.6209 -0.002874 0)
(30.5723 -0.00216411 0)
(30.5373 -0.00149853 0)
(30.5132 -0.00107497 0)
(30.496 -0.000605543 0)
(30.4875 -0.000123329 0)
(30.4849 0.000350903 0)
(30.4904 0.000879824 0)
(30.5006 0.00138059 0)
(30.5207 0.00172205 0)
(30.5423 0.00185768 0)
(30.5697 0.00191336 0)
(30.5961 0.00180804 0)
(30.6228 0.00177513 0)
(30.6497 0.0022212 0)
(30.6831 0.00189114 0)
(30.7102 0.0013792 0)
(30.7334 0.00238305 0)
(30.7627 0.00258917 0)
(30.7957 -0.00473058 0)
(30.7832 -0.0154612 0)
(30.7302 -0.0314233 0)
(30.5796 -0.0600167 0)
(30.3199 -0.107955 0)
(29.8591 -0.199305 0)
(29.1009 -0.297044 0)
(27.6825 -0.314818 0)
(26.3844 -0.338517 0)
(24.7034 -0.295577 0)
(23.3839 -0.177299 0)
(22.5071 -0.277761 0)
(21.437 -0.388343 0)
(20.2197 -0.296679 0)
(19.1387 -0.144132 0)
(18.5353 -0.0244567 0)
(18.2222 0.0463771 0)
(18.1717 0.0949084 0)
(18.2686 0.119003 0)
(18.4701 0.124969 0)
(18.6949 0.129386 0)
(18.9588 0.130327 0)
(19.2204 0.125278 0)
(19.4852 0.124288 0)
(19.7381 0.119718 0)
(19.9813 0.115086 0)
(20.2082 0.10959 0)
(20.4211 0.10272 0)
(20.5825 0.096508 0)
(20.6993 0.0912536 0)
(20.8049 0.0847593 0)
(20.9 0.0774694 0)
(20.9849 0.0697034 0)
(21.0594 0.0616373 0)
(21.124 0.0532125 0)
(21.1795 0.0440486 0)
(21.2272 0.0343406 0)
(21.2674 0.0244532 0)
(21.3005 0.014802 0)
(21.3268 0.00610715 0)
(21.3464 -0.00133586 0)
(21.3596 -0.00730626 0)
(21.3671 -0.0121395 0)
(21.3694 -0.0159064 0)
(21.3679 -0.0192036 0)
(21.3629 -0.0218076 0)
(21.3558 -0.0244508 0)
(21.3463 -0.0263853 0)
(21.3361 -0.0286884 0)
(21.3237 -0.0300988 0)
(21.3124 -0.03186 0)
(21.2975 -0.0332435 0)
(21.2881 -0.0340958 0)
(33.1957 -0.0356124 0)
(32.843 -0.0136838 0)
(32.5031 -0.0108904 0)
(32.1688 -0.0117291 0)
(31.7958 -0.0122003 0)
(31.4374 -0.0111416 0)
(31.1172 -0.0101614 0)
(30.8281 -0.00944319 0)
(30.5686 -0.00842551 0)
(30.3497 -0.00729953 0)
(30.1664 -0.00632525 0)
(30.0107 -0.00539127 0)
(29.8846 -0.00453727 0)
(29.7808 -0.00384061 0)
(29.6962 -0.00317215 0)
(29.6291 -0.00258073 0)
(29.5766 -0.00212229 0)
(29.5353 -0.00158102 0)
(29.5077 -0.00108425 0)
(29.4894 -0.000782739 0)
(29.4771 -0.000432281 0)
(29.4733 -7.06367e-05 0)
(29.4749 0.000278096 0)
(29.4842 0.000681548 0)
(29.4984 0.00102918 0)
(29.5218 0.00124882 0)
(29.5456 0.00129707 0)
(29.5743 0.00129095 0)
(29.6009 0.00118116 0)
(29.627 0.00112148 0)
(29.6538 0.0014583 0)
(29.6865 0.00112345 0)
(29.7098 0.000729992 0)
(29.7313 0.00163901 0)
(29.7624 0.00168306 0)
(29.7918 -0.00489606 0)
(29.7619 -0.0141022 0)
(29.6828 -0.0275142 0)
(29.4879 -0.0520976 0)
(29.1609 -0.0937185 0)
(28.5934 -0.173881 0)
(27.6012 -0.251494 0)
(26.0114 -0.258552 0)
(24.6398 -0.275954 0)
(22.8948 -0.232419 0)
(21.6769 -0.131373 0)
(20.9041 -0.233647 0)
(19.7226 -0.33199 0)
(18.4111 -0.239517 0)
(17.373 -0.103256 0)
(16.8738 -0.00324727 0)
(16.6716 0.0530944 0)
(16.7282 0.0905719 0)
(16.9132 0.107615 0)
(17.1855 0.109852 0)
(17.4622 0.112105 0)
(17.7737 0.111523 0)
(18.0691 0.106049 0)
(18.363 0.104868 0)
(18.6397 0.100528 0)
(18.9029 0.0963218 0)
(19.1469 0.0914399 0)
(19.374 0.0853969 0)
(19.5451 0.0801569 0)
(19.6687 0.0757494 0)
(19.7801 0.0700703 0)
(19.88 0.0636516 0)
(19.9686 0.0568824 0)
(20.0457 0.0499355 0)
(20.1118 0.0426521 0)
(20.168 0.0345563 0)
(20.2155 0.0259215 0)
(20.2545 0.0171757 0)
(20.2854 0.00872442 0)
(20.3086 0.00131135 0)
(20.3246 -0.00477198 0)
(20.3337 -0.00936328 0)
(20.3371 -0.0128941 0)
(20.3356 -0.0154964 0)
(20.3307 -0.0177914 0)
(20.3227 -0.0195234 0)
(20.3132 -0.0214287 0)
(20.3015 -0.0226862 0)
(20.2896 -0.0244399 0)
(20.2756 -0.0253318 0)
(20.2632 -0.0266843 0)
(20.2473 -0.0277794 0)
(20.2369 -0.0281658 0)
(31.8704 -0.032684 0)
(31.5858 -0.011457 0)
(31.2761 -0.00851684 0)
(30.9631 -0.00909393 0)
(30.6068 -0.00935987 0)
(30.2659 -0.00842186 0)
(29.967 -0.00764149 0)
(29.6976 -0.00709239 0)
(29.4568 -0.00630699 0)
(29.2556 -0.00545904 0)
(29.0879 -0.00471907 0)
(28.9461 -0.00401103 0)
(28.8322 -0.0033745 0)
(28.7394 -0.00285622 0)
(28.6642 -0.00235456 0)
(28.6055 -0.00191784 0)
(28.5601 -0.00158651 0)
(28.5248 -0.001181 0)
(28.503 -0.000816447 0)
(28.4888 -0.000603328 0)
(28.4802 -0.000346578 0)
(28.4795 -8.16779e-05 0)
(28.4839 0.000167558 0)
(28.4955 0.00046526 0)
(28.5124 0.000690278 0)
(28.5369 0.000823804 0)
(28.5614 0.000815384 0)
(28.5895 0.000777213 0)
(28.6145 0.000680506 0)
(28.6386 0.000600209 0)
(28.6639 0.000848891 0)
(28.6942 0.000551026 0)
(28.7126 0.000262341 0)
(28.7319 0.00102964 0)
(28.7632 0.000972875 0)
(28.7873 -0.00472454 0)
(28.7362 -0.0123615 0)
(28.6308 -0.0232928 0)
(28.394 -0.043948 0)
(28.0038 -0.0793269 0)
(27.3323 -0.147613 0)
(26.1294 -0.207962 0)
(24.4421 -0.20882 0)
(23.0364 -0.22237 0)
(21.2672 -0.181196 0)
(20.1656 -0.0970639 0)
(19.4858 -0.196336 0)
(18.1668 -0.280956 0)
(16.782 -0.191419 0)
(15.8064 -0.0726516 0)
(15.411 0.00967697 0)
(15.315 0.0538997 0)
(15.4649 0.0826623 0)
(15.7256 0.0945629 0)
(16.0567 0.0944578 0)
(16.3753 0.095362 0)
(16.7259 0.0938965 0)
(17.047 0.0884929 0)
(17.3634 0.0873431 0)
(17.6587 0.0833926 0)
(17.937 0.0796852 0)
(18.1941 0.0754432 0)
(18.4319 0.0702303 0)
(18.61 0.0658982 0)
(18.7385 0.0622446 0)
(18.8543 0.0573142 0)
(18.9576 0.051727 0)
(19.0484 0.0459129 0)
(19.1267 0.0400215 0)
(19.1931 0.0337977 0)
(19.249 0.0267117 0)
(19.2952 0.0191314 0)
(19.3318 0.0115183 0)
(19.3594 0.00424399 0)
(19.3786 -0.00194666 0)
(19.39 -0.00678383 0)
(19.3946 -0.010178 0)
(19.3937 -0.0126374 0)
(19.3884 -0.0143374 0)
(19.3804 -0.0158821 0)
(19.3698 -0.0169873 0)
(19.3584 -0.0183554 0)
(19.3449 -0.0191376 0)
(19.3319 -0.0204871 0)
(19.3167 -0.0210204 0)
(19.3036 -0.0220734 0)
(19.287 -0.0229825 0)
(19.2759 -0.0230412 0)
(30.6323 -0.0309338 0)
(30.3695 -0.00979862 0)
(30.078 -0.00666883 0)
(29.782 -0.00701339 0)
(29.4427 -0.00711267 0)
(29.1212 -0.00629695 0)
(28.8442 -0.00569232 0)
(28.5945 -0.00527878 0)
(28.3724 -0.00468286 0)
(28.1882 -0.00405684 0)
(28.0351 -0.00350027 0)
(27.9062 -0.00297015 0)
(27.8035 -0.00250451 0)
(27.7202 -0.00212502 0)
(27.6532 -0.00175342 0)
(27.6015 -0.00143637 0)
(27.562 -0.00120129 0)
(27.5314 -0.000903654 0)
(27.5138 -0.000640164 0)
(27.5024 -0.000490794 0)
(27.4962 -0.000308116 0)
(27.4974 -0.000119518 0)
(27.5032 5.19768e-05 0)
(27.5156 0.000262624 0)
(27.5336 0.000393879 0)
(27.5575 0.000469999 0)
(27.581 0.000428381 0)
(27.6067 0.000379274 0)
(27.629 0.000303625 0)
(27.6499 0.000206901 0)
(27.6724 0.000389342 0)
(27.6987 0.000152082 0)
(27.7118 -5.61367e-05 0)
(27.7286 0.000551113 0)
(27.7584 0.000450891 0)
(27.7759 -0.00427757 0)
(27.7019 -0.0103915 0)
(27.5735 -0.019045 0)
(27.3013 -0.0359985 0)
(26.8564 -0.065398 0)
(26.0918 -0.122039 0)
(24.72 -0.168418 0)
(22.9922 -0.166342 0)
(21.5793 -0.177422 0)
(19.8129 -0.140258 0)
(18.8308 -0.0716568 0)
(18.2295 -0.164243 0)
(16.7583 -0.235103 0)
(15.3247 -0.151599 0)
(14.4217 -0.0502419 0)
(14.1275 0.0166817 0)
(14.1274 0.0510068 0)
(14.3574 0.0730168 0)
(14.6822 0.0812066 0)
(15.0611 0.0797456 0)
(15.413 0.0798442 0)
(15.7951 0.0779356 0)
(16.1351 0.0729044 0)
(16.4686 0.0718883 0)
(16.7779 0.0683972 0)
(17.0675 0.0652035 0)
(17.3342 0.0615825 0)
(17.5795 0.0571615 0)
(17.7624 0.0536407 0)
(17.8946 0.0506386 0)
(18.0135 0.0463921 0)
(18.1189 0.0415898 0)
(18.2107 0.0366705 0)
(18.2892 0.031748 0)
(18.3551 0.0264878 0)
(18.4098 0.0203512 0)
(18.4539 0.0137949 0)
(18.4872 0.00727972 0)
(18.5107 0.00112748 0)
(18.5251 -0.00393819 0)
(18.5317 -0.00768305 0)
(18.5316 -0.0100919 0)
(18.5267 -0.0117204 0)
(18.518 -0.0127647 0)
(18.5075 -0.0137784 0)
(18.4949 -0.0144578 0)
(18.482 -0.0154469 0)
(18.4673 -0.0159108 0)
(18.4536 -0.0169651 0)
(18.4376 -0.0172622 0)
(18.4243 -0.0180989 0)
(18.4074 -0.0188827 0)
(18.396 -0.0187304 0)
(29.4552 -0.0297629 0)
(29.1754 -0.00845384 0)
(28.8951 -0.00520591 0)
(28.6141 -0.00537007 0)
(28.2927 -0.00534738 0)
(27.9927 -0.00465103 0)
(27.738 -0.0041947 0)
(27.5081 -0.00388808 0)
(27.3046 -0.00344418 0)
(27.1366 -0.00299201 0)
(26.9973 -0.00257773 0)
(26.8804 -0.00218646 0)
(26.7878 -0.00185315 0)
(26.7129 -0.00158013 0)
(26.6529 -0.00130912 0)
(26.6072 -0.00108365 0)
(26.5722 -0.000920496 0)
(26.5452 -0.000706871 0)
(26.5304 -0.000519514 0)
(26.5206 -0.00041624 0)
(26.5157 -0.000291272 0)
(26.5176 -0.000161661 0)
(26.5237 -4.97189e-05 0)
(26.5357 9.14216e-05 0)
(26.5532 0.000154664 0)
(26.5748 0.000195064 0)
(26.5959 0.000137336 0)
(26.6177 9.07156e-05 0)
(26.6363 3.74734e-05 0)
(26.6531 -7.12926e-05 0)
(26.6717 6.49034e-05 0)
(26.693 -0.000103877 0)
(26.7007 -0.000258276 0)
(26.7146 0.00019425 0)
(26.7411 9.74817e-05 0)
(26.7512 -0.00364191 0)
(26.6559 -0.00835921 0)
(26.5103 -0.0150213 0)
(26.2121 -0.0285981 0)
(25.725 -0.0524434 0)
(24.8857 -0.0983279 0)
(23.3929 -0.133787 0)
(21.6657 -0.130871 0)
(20.2636 -0.14023 0)
(18.518 -0.107841 0)
(17.6526 -0.0529142 0)
(17.1133 -0.136353 0)
(15.4875 -0.194367 0)
(14.0287 -0.119058 0)
(13.2013 -0.034167 0)
(13.0037 0.0196358 0)
(13.0866 0.046028 0)
(13.3844 0.0628365 0)
(13.7623 0.0683827 0)
(14.1796 0.0662425 0)
(14.5572 0.0658889 0)
(14.9642 0.0638319 0)
(15.3173 0.0593372 0)
(15.6635 0.0584867 0)
(15.9829 0.0554721 0)
(16.2803 0.0527718 0)
(16.5538 0.049728 0)
(16.804 0.0460363 0)
(16.9899 0.0432166 0)
(17.1247 0.0407671 0)
(17.2455 0.0371447 0)
(17.3518 0.033074 0)
(17.4437 0.0289751 0)
(17.5215 0.024921 0)
(17.5863 0.0205243 0)
(17.6393 0.0152764 0)
(17.6804 0.00969888 0)
(17.71 0.00422158 0)
(17.7289 -0.000890243 0)
(17.7383 -0.00495538 0)
(17.7399 -0.00778267 0)
(17.7354 -0.00942177 0)
(17.7269 -0.0104427 0)
(17.7156 -0.0110407 0)
(17.7031 -0.011698 0)
(17.689 -0.012104 0)
(17.6752 -0.012831 0)
(17.6597 -0.0130927 0)
(17.6458 -0.0139308 0)
(17.6294 -0.0140818 0)
(17.6163 -0.0147631 0)
(17.5993 -0.0154538 0)
(17.5879 -0.0151867 0)
(28.3144 -0.028775 0)
(27.9866 -0.00728341 0)
(27.7143 -0.00403871 0)
(27.4478 -0.00407591 0)
(27.1455 -0.00397276 0)
(26.8688 -0.00338871 0)
(26.6368 -0.00305286 0)
(26.4265 -0.00282918 0)
(26.2416 -0.00250516 0)
(26.0892 -0.00218663 0)
(25.9628 -0.00188169 0)
(25.8572 -0.00159767 0)
(25.7739 -0.0013651 0)
(25.7064 -0.00117257 0)
(25.6525 -0.000978702 0)
(25.6115 -0.000822175 0)
(25.58 -0.000711833 0)
(25.5555 -0.000562519 0)
(25.5425 -0.000431876 0)
(25.5334 -0.00036182 0)
(25.5288 -0.000280745 0)
(25.5302 -0.000195666 0)
(25.5355 -0.000128127 0)
(25.5459 -4.04485e-05 0)
(25.5615 -2.34671e-05 0)
(25.5793 -3.43278e-06 0)
(25.597 -6.55082e-05 0)
(25.6137 -0.000102461 0)
(25.6279 -0.000135832 0)
(25.6399 -0.000251383 0)
(25.6538 -0.000145418 0)
(25.6693 -0.000249181 0)
(25.6719 -0.000373149 0)
(25.6828 -5.52527e-05 0)
(25.7045 -0.000113688 0)
(25.7069 -0.00291297 0)
(25.5952 -0.00641667 0)
(25.4394 -0.0114039 0)
(25.1268 -0.0219883 0)
(24.6127 -0.0408289 0)
(23.7222 -0.0771976 0)
(22.1558 -0.10428 0)
(20.4581 -0.101701 0)
(19.0785 -0.109735 0)
(17.3655 -0.082329 0)
(16.6109 -0.039084 0)
(16.1181 -0.112023 0)
(14.3454 -0.158618 0)
(12.8818 -0.092732 0)
(12.1282 -0.022859 0)
(12.0202 0.0199494 0)
(12.1729 0.0400763 0)
(12.5273 0.0528754 0)
(12.9483 0.0565648 0)
(13.3954 0.0541906 0)
(13.7923 0.0536098 0)
(14.2182 0.0515943 0)
(14.5795 0.0477058 0)
(14.9346 0.0470154 0)
(15.2608 0.0444633 0)
(15.563 0.0422173 0)
(15.8407 0.0396945 0)
(16.0935 0.0366571 0)
(16.2809 0.0344276 0)
(16.4172 0.0324419 0)
(16.5391 0.029388 0)
(16.6453 0.0259898 0)
(16.7364 0.0226277 0)
(16.8129 0.0193364 0)
(16.8762 0.0157056 0)
(16.9269 0.0112841 0)
(16.9647 0.00662475 0)
(16.9901 0.00210449 0)
(17.0042 -0.00206752 0)
(17.0086 -0.00527046 0)
(17.0056 -0.00735715 0)
(16.9971 -0.00842547 0)
(16.9857 -0.00902832 0)
(16.9723 -0.00934365 0)
(16.9585 -0.00977351 0)
(16.9434 -0.0100143 0)
(16.9292 -0.0105623 0)
(16.9133 -0.0107038 0)
(16.8995 -0.0113821 0)
(16.883 -0.0114503 0)
(16.8703 -0.0120195 0)
(16.8535 -0.0126321 0)
(16.8423 -0.0123252 0)
(27.1856 -0.0277231 0)
(26.7876 -0.00621974 0)
(26.5226 -0.00310584 0)
(26.2706 -0.00306208 0)
(25.9886 -0.00291292 0)
(25.7367 -0.00243118 0)
(25.5274 -0.00218996 0)
(25.3369 -0.00202961 0)
(25.1704 -0.00179842 0)
(25.0329 -0.00158042 0)
(24.9189 -0.00135866 0)
(24.8239 -0.00115659 0)
(24.7491 -0.000999287 0)
(24.688 -0.000866658 0)
(24.6393 -0.000731217 0)
(24.6023 -0.000625527 0)
(24.5733 -0.000553188 0)
(24.5506 -0.000452317 0)
(24.5382 -0.000363365 0)
(24.529 -0.00031698 0)
(24.524 -0.000268286 0)
(24.524 -0.000215839 0)
(24.5275 -0.000180222 0)
(24.5352 -0.000131851 0)
(24.5477 -0.000143719 0)
(24.5607 -0.000133953 0)
(24.5741 -0.000192885 0)
(24.5848 -0.000217618 0)
(24.5944 -0.000235373 0)
(24.6012 -0.000351869 0)
(24.6096 -0.000265004 0)
(24.6194 -0.000314053 0)
(24.6173 -0.000424256 0)
(24.6245 -0.000214404 0)
(24.6407 -0.0002137 0)
(24.6358 -0.00217917 0)
(24.5149 -0.0046791 0)
(24.3568 -0.00829956 0)
(24.0423 -0.0163051 0)
(23.518 -0.0307646 0)
(22.6032 -0.0589721 0)
(21.0069 -0.0796758 0)
(19.3588 -0.0779702 0)
(18.0098 -0.0848889 0)
(16.3376 -0.0623326 0)
(15.6857 -0.0288515 0)
(15.2265 -0.0908299 0)
(13.3227 -0.127619 0)
(11.8703 -0.0715914 0)
(11.1862 -0.0150519 0)
(11.1588 0.0186496 0)
(11.3689 0.0338794 0)
(11.7692 0.0435794 0)
(12.2243 0.0459825 0)
(12.6936 0.0436529 0)
(13.1042 0.0429846 0)
(13.5437 0.041126 0)
(13.9091 0.0378517 0)
(14.2696 0.0372995 0)
(14.5996 0.0351785 0)
(14.904 0.0333388 0)
(15.1836 0.0312766 0)
(15.4369 0.0288146 0)
(15.6244 0.0270718 0)
(15.7614 0.0254735 0)
(15.8833 0.0229355 0)
(15.9887 0.0201457 0)
(16.0783 0.0174331 0)
(16.1529 0.0148005 0)
(16.2143 0.0118432 0)
(16.2624 0.00818302 0)
(16.2965 0.00436746 0)
(16.3177 0.000709225 0)
(16.327 -0.00263367 0)
(16.3267 -0.00511435 0)
(16.3194 -0.00662511 0)
(16.3077 -0.00729244 0)
(16.294 -0.00762634 0)
(16.2791 -0.00777796 0)
(16.2644 -0.00806972 0)
(16.2488 -0.00821823 0)
(16.2344 -0.00864391 0)
(16.2184 -0.00872085 0)
(16.2049 -0.00927886 0)
(16.1885 -0.00930696 0)
(16.1765 -0.00979331 0)
(16.1599 -0.0103342 0)
(16.149 -0.010042 0)
(26.0445 -0.0264659 0)
(25.563 -0.00523544 0)
(25.3056 -0.00236218 0)
(25.0684 -0.00227318 0)
(24.8079 -0.00210459 0)
(24.5815 -0.0017137 0)
(24.3951 -0.00154456 0)
(24.2241 -0.00143169 0)
(24.0759 -0.00127099 0)
(23.9528 -0.00112686 0)
(23.8505 -0.000967746 0)
(23.7657 -0.000827447 0)
(23.6986 -0.000725186 0)
(23.6433 -0.000636335 0)
(23.5991 -0.000544368 0)
(23.5653 -0.000475288 0)
(23.5381 -0.000429788 0)
(23.5164 -0.000364677 0)
(23.5039 -0.000305781 0)
(23.494 -0.000275993 0)
(23.4878 -0.000250273 0)
(23.4857 -0.000220866 0)
(23.4868 -0.000207074 0)
(23.4909 -0.000186019 0)
(23.4994 -0.00021355 0)
(23.5066 -0.000207999 0)
(23.5153 -0.000259565 0)
(23.5195 -0.000272586 0)
(23.5244 -0.000279257 0)
(23.5259 -0.000390978 0)
(23.5285 -0.000316679 0)
(23.5326 -0.000324427 0)
(23.5266 -0.000429709 0)
(23.5295 -0.000300849 0)
(23.5397 -0.000235682 0)
(23.5291 -0.00150956 0)
(23.4075 -0.00321623 0)
(23.2548 -0.00574995 0)
(22.951 -0.011594 0)
(22.4344 -0.0223235 0)
(21.5237 -0.0436917 0)
(19.9366 -0.0595195 0)
(18.3529 -0.0588266 0)
(17.0412 -0.06475 0)
(15.4165 -0.0467016 0)
(14.8574 -0.0212478 0)
(14.4223 -0.0724706 0)
(12.4089 -0.101042 0)
(10.9802 -0.0547054 0)
(10.3599 -0.00975854 0)
(10.4024 0.0164613 0)
(10.6587 0.0278877 0)
(11.0951 0.0351841 0)
(11.5758 0.0367087 0)
(12.0606 0.0345856 0)
(12.48 0.0339136 0)
(12.9279 0.0322751 0)
(13.294 0.0295852 0)
(13.6568 0.0291451 0)
(13.9877 0.0274149 0)
(14.2919 0.025931 0)
(14.5711 0.02427 0)
(14.8231 0.0223055 0)
(15.0094 0.0209579 0)
(15.1461 0.0196826 0)
(15.267 0.0176092 0)
(15.3707 0.0153614 0)
(15.4582 0.0132114 0)
(15.5307 0.0111396 0)
(15.5898 0.00877015 0)
(15.635 0.00580255 0)
(15.6653 0.00274624 0)
(15.6823 -0.000152271 0)
(15.6871 -0.00277895 0)
(15.6824 -0.0046693 0)
(15.6715 -0.00574724 0)
(15.6571 -0.00614897 0)
(15.6418 -0.00632362 0)
(15.6258 -0.00639215 0)
(15.6107 -0.00660407 0)
(15.5948 -0.00670653 0)
(15.5805 -0.00704768 0)
(15.5646 -0.00709629 0)
(15.5515 -0.00756132 0)
(15.5353 -0.0075766 0)
(15.5239 -0.00799911 0)
(15.5076 -0.00847118 0)
(15.497 -0.00822891 0)
(24.8663 -0.0249343 0)
(24.2951 -0.00432389 0)
(24.0463 -0.00177183 0)
(23.8244 -0.00166396 0)
(23.5859 -0.00149522 0)
(23.3856 -0.00118342 0)
(23.2218 -0.0010676 0)
(23.0703 -0.000989719 0)
(22.94 -0.000881384 0)
(22.8307 -0.00079009 0)
(22.7397 -0.000677678 0)
(22.6645 -0.000583124 0)
(22.6046 -0.000520058 0)
(22.5546 -0.000462538 0)
(22.5144 -0.000402175 0)
(22.483 -0.000358768 0)
(22.4572 -0.000331833 0)
(22.436 -0.000292383 0)
(22.4228 -0.000254641 0)
(22.4117 -0.000236262 0)
(22.4039 -0.000225993 0)
(22.3991 -0.00021208 0)
(22.3972 -0.000212156 0)
(22.3973 -0.000208695 0)
(22.401 -0.000242492 0)
(22.4021 -0.000237993 0)
(22.4057 -0.000280354 0)
(22.4033 -0.000283893 0)
(22.4039 -0.00028348 0)
(22.3999 -0.000385527 0)
(22.3967 -0.000320819 0)
(22.3959 -0.000300981 0)
(22.3866 -0.000403428 0)
(22.3846 -0.000331713 0)
(22.3891 -0.000210685 0)
(22.3749 -0.000948459 0)
(22.2612 -0.00205483 0)
(22.1207 -0.00374645 0)
(21.8398 -0.0078315 0)
(21.3487 -0.0154726 0)
(20.4715 -0.0312146 0)
(18.9294 -0.0432696 0)
(17.4225 -0.0435005 0)
(16.1543 -0.0485077 0)
(14.5838 -0.0345077 0)
(14.1066 -0.0155674 0)
(13.6894 -0.0566977 0)
(11.5926 -0.0785022 0)
(10.1968 -0.0412686 0)
(9.63407 -0.00623273 0)
(9.73517 0.0138789 0)
(10.0274 0.0223598 0)
(10.4907 0.0277866 0)
(10.9891 0.0287198 0)
(11.4833 0.0268861 0)
(11.9068 0.0262585 0)
(12.3585 0.0248672 0)
(12.722 0.0227109 0)
(13.084 0.0223585 0)
(13.4131 0.0209754 0)
(13.7147 0.0197984 0)
(13.9914 0.0184825 0)
(14.24 0.0169428 0)
(14.4238 0.0159121 0)
(14.5591 0.0149062 0)
(14.6782 0.013247 0)
(14.7794 0.0114742 0)
(14.8642 0.0098041 0)
(14.934 0.00820399 0)
(14.9905 0.0063433 0)
(15.0326 0.00399611 0)
(15.059 0.00160902 0)
(15.0721 -0.000633248 0)
(15.0727 -0.00265271 0)
(15.0643 -0.00407047 0)
(15.0503 -0.00483295 0)
(15.0339 -0.00507044 0)
(15.0173 -0.00516127 0)
(15.0007 -0.00519733 0)
(14.9853 -0.00536501 0)
(14.9693 -0.00544888 0)
(14.9551 -0.00572996 0)
(14.9393 -0.00577222 0)
(14.9267 -0.0061629 0)
(14.9106 -0.00618143 0)
(14.8997 -0.00655172 0)
(14.8836 -0.0069571 0)
(14.8734 -0.0067837 0)
(23.623 -0.0231057 0)
(22.9621 -0.00348688 0)
(22.7233 -0.00130598 0)
(22.5171 -0.00119728 0)
(22.3009 -0.00104148 0)
(22.1266 -0.00079748 0)
(21.985 -0.000720072 0)
(21.8525 -0.000667524 0)
(21.7399 -0.000597102 0)
(21.6439 -0.000542396 0)
(21.5638 -0.000464456 0)
(21.4979 -0.000403044 0)
(21.4447 -0.000366937 0)
(21.3995 -0.000331239 0)
(21.3627 -0.000293232 0)
(21.3334 -0.000267336 0)
(21.3086 -0.000252854 0)
(21.2877 -0.000231089 0)
(21.2734 -0.000207831 0)
(21.2609 -0.000197097 0)
(21.2511 -0.000196428 0)
(21.2434 -0.000192251 0)
(21.2382 -0.000200133 0)
(21.2338 -0.000206758 0)
(21.2324 -0.000240598 0)
(21.2273 -0.000235891 0)
(21.2259 -0.000268825 0)
(21.2173 -0.000265791 0)
(21.2139 -0.000261442 0)
(21.2049 -0.000350221 0)
(21.1961 -0.000294366 0)
(21.1911 -0.000259152 0)
(21.1793 -0.000356402 0)
(21.1719 -0.00032275 0)
(21.1712 -0.000164006 0)
(21.1562 -0.000516011 0)
(21.0577 -0.00118761 0)
(20.9354 -0.00224596 0)
(20.6885 -0.00494661 0)
(20.2403 -0.0101065 0)
(19.4259 -0.0212974 0)
(17.9632 -0.0303818 0)
(16.5454 -0.0313316 0)
(15.3282 -0.0354845 0)
(13.8197 -0.0250146 0)
(13.4131 -0.0112992 0)
(13.0105 -0.0432867 0)
(10.8603 -0.0595874 0)
(9.50509 -0.0306063 0)
(8.99338 -0.00392451 0)
(9.14169 0.0112255 0)
(9.46028 0.0174268 0)
(9.94178 0.0213961 0)
(10.4504 0.021938 0)
(10.9479 0.0204242 0)
(11.3711 0.0198665 0)
(11.8217 0.018726 0)
(12.1796 0.0170425 0)
(12.5376 0.016758 0)
(12.862 0.015678 0)
(13.1584 0.0147624 0)
(13.4303 0.0137407 0)
(13.6735 0.0125593 0)
(13.8532 0.0117811 0)
(13.986 0.0109995 0)
(14.102 0.00970509 0)
(14.1998 0.0083421 0)
(14.2813 0.00707563 0)
(14.348 0.00586766 0)
(14.4016 0.00444303 0)
(14.4404 0.00264193 0)
(14.463 0.000832718 0)
(14.4723 -0.000853275 0)
(14.4693 -0.00236656 0)
(14.4576 -0.00341223 0)
(14.4412 -0.00395065 0)
(14.4232 -0.0040951 0)
(14.4058 -0.00415015 0)
(14.3887 -0.00418236 0)
(14.3731 -0.00432582 0)
(14.357 -0.00440577 0)
(14.343 -0.00464203 0)
(14.3271 -0.00468979 0)
(14.3149 -0.00501858 0)
(14.2987 -0.00504842 0)
(14.2883 -0.00537303 0)
(14.2721 -0.00571453 0)
(14.2621 -0.0056158 0)
(22.2796 -0.0209852 0)
(21.5349 -0.00272881 0)
(21.3076 -0.00094105 0)
(21.1174 -0.000842746 0)
(20.9235 -0.000708018 0)
(20.7746 -0.000521497 0)
(20.6544 -0.000471027 0)
(20.5407 -0.000436525 0)
(20.4451 -0.000392749 0)
(20.362 -0.000362379 0)
(20.2924 -0.000309613 0)
(20.2354 -0.000271556 0)
(20.1884 -0.000253131 0)
(20.1478 -0.000232131 0)
(20.1142 -0.000209435 0)
(20.0867 -0.000195086 0)
(20.0628 -0.000188567 0)
(20.0419 -0.000178315 0)
(20.0263 -0.000164671 0)
(20.0124 -0.000158884 0)
(20.0005 -0.000163428 0)
(19.9899 -0.000164749 0)
(19.9813 -0.000176021 0)
(19.9725 -0.000187253 0)
(19.966 -0.000217409 0)
(19.9552 -0.000212342 0)
(19.9491 -0.000236624 0)
(19.9348 -0.000229893 0)
(19.928 -0.000223876 0)
(19.9144 -0.000297285 0)
(19.9007 -0.000250586 0)
(19.8923 -0.000209776 0)
(19.8788 -0.000297515 0)
(19.866 -0.000287656 0)
(19.8609 -0.000113533 0)
(19.8477 -0.000212439 0)
(19.7702 -0.000584125 0)
(19.6705 -0.00118474 0)
(19.4669 -0.00283918 0)
(19.0779 -0.00607557 0)
(18.3556 -0.0136533 0)
(17.0075 -0.0203539 0)
(15.6935 -0.0217703 0)
(14.5368 -0.0251241 0)
(13.1012 -0.0176472 0)
(12.7537 -0.00807414 0)
(12.3654 -0.0320233 0)
(10.1957 -0.0438891 0)
(8.88823 -0.0221673 0)
(8.42156 -0.0024376 0)
(8.6058 0.00870133 0)
(8.94173 0.0131382 0)
(9.43266 0.0159706 0)
(9.94398 0.0162588 0)
(10.4386 0.0150624 0)
(10.8568 0.0145861 0)
(11.3012 0.0136849 0)
(11.6502 0.012411 0)
(12.0005 0.0121796 0)
(12.3171 0.0113603 0)
(12.6054 0.0106656 0)
(12.8696 0.0098921 0)
(13.105 0.0090101 0)
(13.2787 0.008432 0)
(13.4075 0.00783737 0)
(13.5193 0.00685945 0)
(13.6127 0.00584445 0)
(13.69 0.00491272 0)
(13.7529 0.00402721 0)
(13.8031 0.00297168 0)
(13.8383 0.0016418 0)
(13.8571 0.00032129 0)
(13.863 -0.000901955 0)
(13.8569 -0.00200006 0)
(13.8425 -0.00275641 0)
(13.8242 -0.00313852 0)
(13.805 -0.00323631 0)
(13.787 -0.00328304 0)
(13.7696 -0.00332487 0)
(13.7538 -0.00345384 0)
(13.7375 -0.00353602 0)
(13.7234 -0.00373642 0)
(13.7073 -0.00379438 0)
(13.6951 -0.00406937 0)
(13.6787 -0.00411301 0)
(13.6684 -0.00439503 0)
(13.6518 -0.00467635 0)
(13.6416 -0.00464815 0)
(20.7869 -0.0185901 0)
(19.9711 -0.00205397 0)
(19.7571 -0.000657599 0)
(19.5831 -0.000575774 0)
(19.4108 -0.000466352 0)
(19.2863 -0.000328139 0)
(19.1867 -0.000296109 0)
(19.0911 -0.000274242 0)
(19.012 -0.000248533 0)
(18.9411 -0.000233502 0)
(18.8817 -0.000198902 0)
(18.8333 -0.000176735 0)
(18.7923 -0.000169136 0)
(18.756 -0.000157617 0)
(18.7255 -0.000145009 0)
(18.6997 -0.000137927 0)
(18.6767 -0.000136112 0)
(18.656 -0.000132756 0)
(18.6391 -0.000125259 0)
(18.6239 -0.000122518 0)
(18.6101 -0.000129141 0)
(18.5967 -0.000132982 0)
(18.585 -0.000144623 0)
(18.5721 -0.000156731 0)
(18.561 -0.000181325 0)
(18.5451 -0.000176277 0)
(18.5349 -0.000193201 0)
(18.516 -0.000185191 0)
(18.5064 -0.000179021 0)
(18.489 -0.000236394 0)
(18.4713 -0.000199293 0)
(18.4603 -0.000159978 0)
(18.4459 -0.000233977 0)
(18.4281 -0.000237685 0)
(18.4194 -6.98403e-05 0)
(18.4103 -2.39348e-05 0)
(18.3571 -0.000200979 0)
(18.283 -0.000489249 0)
(18.1299 -0.00139398 0)
(17.8143 -0.00320762 0)
(17.213 -0.00798806 0)
(16.018 -0.0127463 0)
(14.8276 -0.0143699 0)
(13.7449 -0.0169769 0)
(12.3979 -0.0119625 0)
(12.0986 -0.00562685 0)
(11.7268 -0.0227021 0)
(9.57729 -0.0310229 0)
(8.32628 -0.0155113 0)
(7.89953 -0.00149254 0)
(8.10857 0.00642201 0)
(8.45286 0.00949368 0)
(8.94403 0.0114411 0)
(9.44974 0.0115692 0)
(9.93463 0.0106684 0)
(10.3424 0.0102769 0)
(10.7745 0.0095945 0)
(11.1107 0.00866863 0)
(11.4489 0.0084803 0)
(11.7534 0.00788227 0)
(12.0301 0.00737239 0)
(12.283 0.00680685 0)
(12.5074 0.00617219 0)
(12.6728 0.00575264 0)
(12.7956 0.00531348 0)
(12.9014 0.00460562 0)
(12.989 0.00388114 0)
(13.061 0.00322307 0)
(13.1193 0.00259943 0)
(13.1653 0.00185141 0)
(13.1964 0.000918783 0)
(13.2115 2.24429e-06 0)
(13.2143 -0.000843774 0)
(13.2055 -0.001607 0)
(13.1891 -0.00214032 0)
(13.1694 -0.00241387 0)
(13.1493 -0.00249206 0)
(13.1307 -0.00254323 0)
(13.1129 -0.00259807 0)
(13.0967 -0.00271581 0)
(13.0799 -0.00280086 0)
(13.0654 -0.00297003 0)
(13.0489 -0.00303784 0)
(13.0362 -0.00326399 0)
(13.0192 -0.00332006 0)
(13.0085 -0.00356019 0)
(12.9911 -0.00378583 0)
(12.9804 -0.00381674 0)
(19.0694 -0.0159377 0)
(18.203 -0.00146577 0)
(18.004 -0.000439669 0)
(17.8466 -0.000376717 0)
(17.6954 -0.000293861 0)
(17.5938 -0.000195947 0)
(17.5137 -0.000176287 0)
(17.4354 -0.000163092 0)
(17.3719 -0.000149097 0)
(17.3128 -0.000143016 0)
(17.2632 -0.000121336 0)
(17.2232 -0.00010949 0)
(17.1878 -0.000107831 0)
(17.1559 -0.000102101 0)
(17.1285 -9.58034e-05 0)
(17.1046 -9.29738e-05 0)
(17.0827 -9.35587e-05 0)
(17.0623 -9.37995e-05 0)
(17.0445 -9.00479e-05 0)
(17.0284 -8.90398e-05 0)
(17.0131 -9.56597e-05 0)
(16.9975 -0.000100054 0)
(16.9832 -0.000110181 0)
(16.9669 -0.000120864 0)
(16.9519 -0.000139302 0)
(16.9319 -0.000134795 0)
(16.9186 -0.000145836 0)
(16.8961 -0.000138318 0)
(16.8846 -0.000132918 0)
(16.8645 -0.000174816 0)
(16.8438 -0.000147355 0)
(16.8312 -0.000114097 0)
(16.8167 -0.000171511 0)
(16.7946 -0.000181606 0)
(16.7833 -3.74955e-05 0)
(16.7797 7.14295e-05 0)
(16.7517 1.00147e-05 0)
(16.7043 -8.37811e-05 0)
(16.6058 -0.000490676 0)
(16.375 -0.00132268 0)
(15.9218 -0.00402017 0)
(14.9245 -0.00718897 0)
(13.8858 -0.00877721 0)
(12.8976 -0.0106891 0)
(11.6641 -0.00762645 0)
(11.4026 -0.00376706 0)
(11.0522 -0.0151342 0)
(8.97281 -0.0206482 0)
(7.79162 -0.0102957 0)
(7.40137 -0.000896558 0)
(7.62394 0.00444726 0)
(7.96684 0.00646642 0)
(8.44757 0.00772976 0)
(8.93759 0.0077616 0)
(9.40398 0.00712363 0)
(9.79415 0.00681607 0)
(10.206 0.00632738 0)
(10.5238 0.00569167 0)
(10.8436 0.00554068 0)
(11.1305 0.00512767 0)
(11.3902 0.00477137 0)
(11.6268 0.00437825 0)
(11.8359 0.00394537 0)
(11.9895 0.00365165 0)
(12.1035 0.00334133 0)
(12.2008 0.00285912 0)
(12.2807 0.00237229 0)
(12.3457 0.00193406 0)
(12.3979 0.00151966 0)
(12.4386 0.0010223 0)
(12.465 0.00041487 0)
(12.4762 -0.000176976 0)
(12.476 -0.00072314 0)
(12.465 -0.00122176 0)
(12.4471 -0.00158407 0)
(12.4263 -0.00178078 0)
(12.4055 -0.00185216 0)
(12.3864 -0.00191039 0)
(12.3679 -0.00197511 0)
(12.351 -0.00208067 0)
(12.3334 -0.00216544 0)
(12.318 -0.00230494 0)
(12.3004 -0.00237856 0)
(12.2868 -0.00255852 0)
(12.2685 -0.00262277 0)
(12.2568 -0.00281996 0)
(12.2378 -0.00299482 0)
(12.2261 -0.00306833 0)
(16.9964 -0.0130413 0)
(16.1105 -0.000967248 0)
(15.9286 -0.000274562 0)
(15.7886 -0.000230379 0)
(15.658 -0.000173062 0)
(15.5777 -0.000108391 0)
(15.5158 -9.69153e-05 0)
(15.454 -8.95161e-05 0)
(15.4051 -8.26805e-05 0)
(15.3574 -8.12011e-05 0)
(15.3173 -6.85248e-05 0)
(15.2852 -6.29558e-05 0)
(15.2555 -6.39381e-05 0)
(15.2281 -6.14764e-05 0)
(15.204 -5.88262e-05 0)
(15.1823 -5.81929e-05 0)
(15.162 -5.96345e-05 0)
(15.1423 -6.12508e-05 0)
(15.1242 -5.96274e-05 0)
(15.1078 -5.94796e-05 0)
(15.0917 -6.48633e-05 0)
(15.0747 -6.86402e-05 0)
(15.0587 -7.62716e-05 0)
(15.0401 -8.43485e-05 0)
(15.0224 -9.68765e-05 0)
(14.9997 -9.33429e-05 0)
(14.9843 -9.9942e-05 0)
(14.9599 -9.40054e-05 0)
(14.9472 -8.98679e-05 0)
(14.9256 -0.000117817 0)
(14.9035 -9.93928e-05 0)
(14.89 -7.4577e-05 0)
(14.8761 -0.000114575 0)
(14.8514 -0.000126045 0)
(14.8381 -1.68301e-05 0)
(14.8405 9.8789e-05 0)
(14.836 9.62099e-05 0)
(14.8146 0.00010471 0)
(14.771 -1.01162e-05 0)
(14.6314 -0.00024032 0)
(14.349 -0.00148957 0)
(13.6013 -0.00338049 0)
(12.7565 -0.0047253 0)
(11.8952 -0.00599909 0)
(10.8169 -0.0044002 0)
(10.5841 -0.00236163 0)
(10.2638 -0.00916735 0)
(8.32534 -0.012499 0)
(7.23814 -0.00627039 0)
(6.88407 -0.000520421 0)
(7.1078 0.00280599 0)
(7.43717 0.00402401 0)
(7.89301 0.00476853 0)
(8.35303 0.00474837 0)
(8.78787 0.00433489 0)
(9.14966 0.00410815 0)
(9.52893 0.00378583 0)
(9.81951 0.00338632 0)
(10.1112 0.00327028 0)
(10.3713 0.00300878 0)
(10.6059 0.0027785 0)
(10.8183 0.00252616 0)
(11.0048 0.00225469 0)
(11.1411 0.00206099 0)
(11.2419 0.00185653 0)
(11.3269 0.00155722 0)
(11.3958 0.00125911 0)
(11.4512 0.000992801 0)
(11.495 0.00074127 0)
(11.5284 0.00044149 0)
(11.5488 8.8969e-05 0)
(11.5556 -0.000252441 0)
(11.5523 -0.000569053 0)
(11.5396 -0.000864978 0)
(11.5207 -0.0010969 0)
(11.4992 -0.0012363 0)
(11.4778 -0.00130335 0)
(11.4579 -0.00136444 0)
(11.4384 -0.00143174 0)
(11.4202 -0.00152149 0)
(11.4012 -0.00160017 0)
(11.3842 -0.00170945 0)
(11.3649 -0.00178206 0)
(11.3493 -0.00191698 0)
(11.3291 -0.00198276 0)
(11.3153 -0.00213454 0)
(11.294 -0.0022635 0)
(11.2804 -0.00235929 0)
(14.3089 -0.009989 0)
(13.4516 -0.000563117 0)
(13.29 -0.000152556 0)
(13.1695 -0.000125406 0)
(13.06 -9.077e-05 0)
(12.9994 -5.28951e-05 0)
(12.9544 -4.68139e-05 0)
(12.9083 -4.3137e-05 0)
(12.8731 -4.03237e-05 0)
(12.8364 -4.06763e-05 0)
(12.8057 -3.40867e-05 0)
(12.7814 -3.19716e-05 0)
(12.7575 -3.35463e-05 0)
(12.7349 -3.2726e-05 0)
(12.7146 -3.19257e-05 0)
(12.6957 -3.21618e-05 0)
(12.6776 -3.35187e-05 0)
(12.6594 -3.51614e-05 0)
(12.642 -3.46196e-05 0)
(12.6263 -3.47822e-05 0)
(12.6103 -3.83809e-05 0)
(12.5932 -4.09788e-05 0)
(12.5767 -4.58383e-05 0)
(12.5573 -5.09705e-05 0)
(12.5385 -5.8363e-05 0)
(12.5151 -5.60204e-05 0)
(12.499 -5.94697e-05 0)
(12.4745 -5.55711e-05 0)
(12.4618 -5.28685e-05 0)
(12.4404 -6.91176e-05 0)
(12.4184 -5.84376e-05 0)
(12.4051 -4.26464e-05 0)
(12.3926 -6.65569e-05 0)
(12.3674 -7.59608e-05 0)
(12.3531 -5.63396e-06 0)
(12.3608 8.3313e-05 0)
(12.3754 0.000101358 0)
(12.3771 0.000144959 0)
(12.3833 0.000164623 0)
(12.3342 0.000224501 0)
(12.2344 -0.000142442 0)
(11.7921 -0.00106414 0)
(11.2031 -0.00201353 0)
(10.5225 -0.00272305 0)
(9.67454 -0.00212286 0)
(9.46321 -0.0013201 0)
(9.18874 -0.00469508 0)
(7.51051 -0.00640894 0)
(6.56773 -0.0032802 0)
(6.25638 -0.000281374 0)
(6.46504 0.00151816 0)
(6.76207 0.00214741 0)
(7.1689 0.00251501 0)
(7.57402 0.00247366 0)
(7.95392 0.00224184 0)
(8.2676 0.00209107 0)
(8.592 0.00190526 0)
(8.83902 0.00169024 0)
(9.08484 0.00160874 0)
(9.30195 0.00146665 0)
(9.49659 0.00133698 0)
(9.67067 0.00119612 0)
(9.82216 0.00104914 0)
(9.93149 0.000934615 0)
(10.0114 0.000815417 0)
(10.0774 0.000657081 0)
(10.1299 0.00050155 0)
(10.1709 0.000363469 0)
(10.2024 0.000232945 0)
(10.2252 8.03006e-05 0)
(10.2372 -8.63381e-05 0)
(10.2386 -0.000247552 0)
(10.2319 -0.000399457 0)
(10.2178 -0.00054828 0)
(10.1985 -0.000681837 0)
(10.1767 -0.000774745 0)
(10.1548 -0.000832879 0)
(10.1338 -0.00088828 0)
(10.1127 -0.000948165 0)
(10.0926 -0.00101681 0)
(10.0714 -0.0010816 0)
(10.0518 -0.00115888 0)
(10.03 -0.00122144 0)
(10.0113 -0.00131187 0)
(9.9882 -0.00137036 0)
(9.97103 -0.00147398 0)
(9.94622 -0.00156124 0)
(9.92963 -0.00165563 0)
(10.4521 -0.00610034 0)
(9.70983 -0.000245012 0)
(9.57739 -6.3646e-05 0)
(9.48235 -5.12552e-05 0)
(9.39785 -3.57962e-05 0)
(9.35641 -1.92703e-05 0)
(9.32755 -1.68166e-05 0)
(9.29681 -1.5443e-05 0)
(9.27444 -1.46334e-05 0)
(9.24915 -1.5203e-05 0)
(9.22796 -1.26284e-05 0)
(9.21161 -1.21197e-05 0)
(9.19411 -1.31477e-05 0)
(9.17731 -1.29975e-05 0)
(9.16186 -1.29142e-05 0)
(9.14699 -1.32284e-05 0)
(9.13241 -1.39955e-05 0)
(9.11741 -1.49463e-05 0)
(9.10249 -1.48484e-05 0)
(9.08899 -1.50032e-05 0)
(9.075 -1.67086e-05 0)
(9.05977 -1.79588e-05 0)
(9.0449 -2.01854e-05 0)
(9.02738 -2.25254e-05 0)
(9.01014 -2.57223e-05 0)
(8.9891 -2.46039e-05 0)
(8.97454 -2.59351e-05 0)
(8.95295 -2.41047e-05 0)
(8.94168 -2.28312e-05 0)
(8.92314 -2.97767e-05 0)
(8.904 -2.52398e-05 0)
(8.89227 -1.79819e-05 0)
(8.88236 -2.83838e-05 0)
(8.86007 -3.34769e-05 0)
(8.8464 -8.61167e-07 0)
(8.85708 4.51132e-05 0)
(8.88273 6.00756e-05 0)
(8.9005 9.3921e-05 0)
(8.94232 0.000137037 0)
(8.96766 0.000247166 0)
(9.03101 0.000267214 0)
(8.92522 -8.76918e-06 0)
(8.66425 -0.00047212 0)
(8.24815 -0.000722774 0)
(7.76213 -0.000665659 0)
(7.57089 -0.000556775 0)
(7.37186 -0.00160649 0)
(6.18634 -0.00221211 0)
(5.50626 -0.00119881 0)
(5.26189 -0.000123781 0)
(5.42713 0.000579736 0)
(5.654 0.000802643 0)
(5.96138 0.000917766 0)
(6.2592 0.00087947 0)
(6.53474 0.000786078 0)
(6.75914 0.0007085 0)
(6.98344 0.000630309 0)
(7.15365 0.000551073 0)
(7.31884 0.000507122 0)
(7.46184 0.000454161 0)
(7.58874 0.000402392 0)
(7.69887 0.000346694 0)
(7.79299 0.000291294 0)
(7.8586 0.000240853 0)
(7.90471 0.000189616 0)
(7.94093 0.000132068 0)
(7.96804 7.64385e-05 0)
(7.98724 2.72485e-05 0)
(8.00034 -1.95744e-05 0)
(8.00746 -7.2089e-05 0)
(8.0079 -0.000120075 0)
(8.00236 -0.000167127 0)
(7.99183 -0.000213829 0)
(7.97704 -0.000264846 0)
(7.95846 -0.000323388 0)
(7.93751 -0.000372236 0)
(7.91574 -0.000410137 0)
(7.89394 -0.000446781 0)
(7.87155 -0.000485477 0)
(7.84919 -0.000525088 0)
(7.8258 -0.000564657 0)
(7.80307 -0.000605876 0)
(7.77856 -0.000645459 0)
(7.75604 -0.000690476 0)
(7.72997 -0.000728528 0)
(7.70853 -0.000780094 0)
(7.68014 -0.000826656 0)
(7.65999 -0.000887784 0)
(5.17013 -0.0031988 0)
(4.7062 -4.12763e-05 0)
(4.62738 -1.03041e-05 0)
(4.57206 -7.94305e-06 0)
(4.52359 -5.21542e-06 0)
(4.50165 -2.34421e-06 0)
(4.48698 -1.93422e-06 0)
(4.47094 -1.7578e-06 0)
(4.45969 -1.71978e-06 0)
(4.44617 -1.91348e-06 0)
(4.43489 -1.54996e-06 0)
(4.42629 -1.56889e-06 0)
(4.4166 -1.82312e-06 0)
(4.40721 -1.84153e-06 0)
(4.39844 -1.89294e-06 0)
(4.38986 -1.99854e-06 0)
(4.38135 -2.17063e-06 0)
(4.37247 -2.38444e-06 0)
(4.36347 -2.40143e-06 0)
(4.35535 -2.44726e-06 0)
(4.34684 -2.76014e-06 0)
(4.33754 -2.99381e-06 0)
(4.32839 -3.38584e-06 0)
(4.31759 -3.79143e-06 0)
(4.30693 -4.316e-06 0)
(4.29403 -4.10635e-06 0)
(4.2851 -4.28217e-06 0)
(4.27201 -3.95195e-06 0)
(4.26519 -3.70744e-06 0)
(4.25402 -4.80426e-06 0)
(4.24249 -4.12863e-06 0)
(4.23542 -2.823e-06 0)
(4.22972 -4.43058e-06 0)
(4.21616 -5.66296e-06 0)
(4.20771 1.38185e-07 0)
(4.21537 9.54316e-06 0)
(4.23474 1.3888e-05 0)
(4.25038 2.3632e-05 0)
(4.28706 4.03731e-05 0)
(4.32479 8.38402e-05 0)
(4.41817 0.000149491 0)
(4.47429 0.000162173 0)
(4.4456 8.67254e-05 0)
(4.29567 9.83948e-05 0)
(4.18576 2.04655e-05 0)
(4.04812 -8.32809e-05 0)
(3.95446 -1.10807e-05 0)
(3.49957 1.12947e-05 0)
(3.25601 -3.87166e-05 0)
(3.13342 -2.36751e-05 0)
(3.20737 3.35288e-05 0)
(3.3016 3.58419e-05 0)
(3.43008 2.69862e-05 0)
(3.54724 1.19862e-05 0)
(3.65545 6.38089e-06 0)
(3.74301 -8.79652e-06 0)
(3.82341 -1.53005e-05 0)
(3.88698 -1.59475e-05 0)
(3.94515 -2.45628e-05 0)
(3.99404 -2.50097e-05 0)
(4.03759 -2.81489e-05 0)
(4.07276 -3.17633e-05 0)
(4.10208 -3.44218e-05 0)
(4.12048 -4.13355e-05 0)
(4.1316 -4.78939e-05 0)
(4.13854 -5.03287e-05 0)
(4.14205 -5.26878e-05 0)
(4.14228 -5.48827e-05 0)
(4.14033 -5.7315e-05 0)
(4.13584 -5.88952e-05 0)
(4.12917 -5.50936e-05 0)
(4.12119 -5.21833e-05 0)
(4.11141 -5.11216e-05 0)
(4.10051 -5.32745e-05 0)
(4.08762 -6.31399e-05 0)
(4.07294 -7.48269e-05 0)
(4.05723 -8.65612e-05 0)
(4.0409 -9.78229e-05 0)
(4.02381 -0.000109434 0)
(4.0063 -0.000119645 0)
(3.98806 -0.000130916 0)
(3.96984 -0.000139989 0)
(3.95063 -0.00015215 0)
(3.93221 -0.000159973 0)
(3.91187 -0.000173146 0)
(3.89409 -0.000180422 0)
(3.87189 -0.000194842 0)
(3.85557 -0.000217333 0)
(-1.03648e-05 0.00017867 0)
(-0.00136493 -2.12925e-05 2.66461e-24)
(-0.00157767 -0.000102256 0)
(-0.0803556 -8.1795e-05 6.6341e-23)
(-0.00104094 -8.26541e-05 0)
(-0.140098 0.000230093 0)
(-0.170809 4.66567e-06 0)
(-0.201339 6.5517e-06 0)
(-0.234968 9.26016e-06 0)
(-0.249812 -0.000577891 6.69946e-23)
(-0.00168788 0.000334078 0)
(-0.00160957 2.43231e-06 0)
(-0.0016222 8.79557e-06 0)
(-0.000540071 7.69841e-06 0)
(-0.00240856 7.09422e-05 0)
(0.00481449 -0.000800385 0)
(0.0807155 0.000202849 0)
(0.187879 -5.04266e-05 0)
(0.284186 2.24903e-05 0)
(0.366819 0.000813873 0)
(0.0584706 0.000129929 -5.1936e-23)
(0.495909 -0.000646413 0)
(0.536251 0.000139206 -6.78566e-23)
(0.55 0.000135898 0)
(0.562083 0.00011861 -6.45138e-23)
(0.581769 0.00010708 0)
(0.623459 9.31216e-05 -6.03215e-23)
(0.663728 0.000102295 0)
(0.720342 0.00178582 0)
(0.00143372 0.000240371 0)
(0.893746 -0.0017344 -5.12729e-23)
(0.985399 -9.80887e-06 -4.90767e-23)
(1.07314 -2.78566e-05 -4.69987e-23)
(1.1474 -2.71807e-05 -4.50405e-23)
(1.20258 1.4212e-05 -4.32364e-23)
(1.21747 0.00276973 0)
(0.00181274 -0.00015152 0)
(1.12412 -0.00248486 -3.92559e-23)
(0.994817 0.00210439 -3.84317e-23)
(0.0016963 -0.00133948 -1.06575e-25)
(0.00144508 0.000732809 -1.08756e-25)
(0.551187 -0.000384638 -3.81722e-23)
(0.00108958 -0.000240879 -1.32095e-25)
(0.370308 -0.000200449 0)
(0.00185986 -0.00018239 -3.17172e-25)
(0.240274 -0.00021072 -4.22565e-23)
(0.00145173 -0.000300769 -4.42107e-25)
(0.00729766 -1.93109e-05 -4.08577e-27)
(0.00188984 -1.46617e-05 -1.3936e-24)
(0.000546417 -0.00164257 -1.67932e-24)
(-0.0109057 1.89058e-05 0)
(-0.0865777 0.0827114 -3.9758e-24)
(-0.0945066 0.0038856 -4.95442e-23)
(-0.12801 3.30287e-05 -5.01958e-23)
(-0.159436 2.92399e-05 -5.07047e-23)
(-0.186404 2.57691e-05 -5.11478e-23)
(-0.207522 2.25628e-05 -5.15335e-23)
(-0.222554 2.46871e-05 0)
(-0.235243 3.66229e-05 -5.20278e-23)
(-0.248771 5.46232e-05 0)
(-0.259975 6.67019e-05 0)
(-0.2626 7.04641e-05 0)
(-0.243646 -0.000153699 4.9059e-23)
(-0.102154 -0.000424107 0)
(-0.00133234 5.72105e-05 0)
(-0.00288429 2.84687e-06 0)
(-0.000690762 9.9033e-05 0)
(-0.00615674 -0.000377461 0)
(-0.0460024 0.0192695 0)
(-0.0740998 0.000157594 4.58875e-23)
(-0.113985 2.45202e-05 0)
(-0.151526 2.58539e-05 0)
(-0.194464 3.90018e-05 0)
(-0.262875 8.36645e-05 5.03498e-23)
(-0.338342 7.55268e-05 0)
(-0.379351 -1.41221e-05 0)
(-0.388933 -6.34459e-05 0)
(-0.403347 -4.81238e-05 0)
(-0.429097 -2.26698e-05 0)
(-0.461459 -4.64956e-06 0)
(-0.492685 1.29243e-05 5.95511e-23)
(-0.521657 -0.0011111 0)
(-0.00116049 -7.56812e-06 0)
(-0.536453 0.00107634 6.37328e-23)
(-0.50493 -0.00104818 0)
(-0.00112798 0.000684707 2.571e-25)
(-0.00106107 -0.000614639 0)
(-0.434311 0.000625565 0)
(-0.42329 -0.000222231 -7.66614e-23)
(-0.433469 -0.000209911 0)
(-0.460327 -0.000202796 8.89959e-23)
(-0.491971 -0.000200234 0)
(-0.52997 -0.000193465 0)
(-0.578137 -0.000188182 0)
(-0.624864 -0.000185936 0)
(-0.686101 -0.000184313 0)
(-0.725421 -0.000226527 1.36047e-22)
(-0.00123782 4.23589e-05 0)
(-0.0807315 2.52737e-05 -6.50736e-23)
(-0.141118 0.000914172 0)
(-0.248912 0.000101098 1.55448e-21)
(-0.244018 0.000741771 0)
(-0.432399 0.00169806 0)
(-0.525774 0.000703665 0)
(-0.615375 0.000735524 -1.43178e-21)
(-0.707193 0.000543855 0)
(-0.739513 -0.00204736 -7.88657e-23)
(-0.561888 -0.00283842 0)
(-0.516757 -7.30328e-06 0)
(-0.489233 -0.000344446 0)
(-0.250242 -0.000448101 0)
(-0.0835466 -0.000421398 0)
(-0.019212 0.000752696 0)
(0.146019 -0.00217848 0)
(0.416243 -0.00244117 0)
(0.670173 -0.00212367 0)
(0.904132 0.00188414 1.0863e-21)
(0.655873 -0.0015191 7.01482e-23)
(1.27 -0.00476019 0)
(1.41083 -0.000568274 7.08954e-23)
(1.47946 -0.000202383 0)
(1.53683 -0.000250702 7.14412e-23)
(1.60855 -0.00055103 0)
(1.73631 -0.000771879 7.01566e-23)
(1.85888 -0.000887394 0)
(2.03191 0.00588798 0)
(1.5505 -0.00182798 0)
(2.49529 -0.00897983 6.54536e-23)
(2.74269 -0.00175615 -9.5831e-22)
(2.97122 -0.00158522 6.1883e-23)
(3.16369 -0.00128007 5.97364e-23)
(3.30681 -0.000648427 5.73346e-23)
(3.35559 0.0107026 0)
(2.37601 0.0012029 0)
(3.15025 -0.00825483 5.27423e-23)
(2.84247 0.0107886 5.29998e-23)
(1.73471 0.0116729 5.53824e-23)
(1.47066 -0.0059756 5.69293e-23)
(1.63026 0.000587111 5.88582e-23)
(0.913245 0.00231343 1.05239e-21)
(1.06816 0.000211818 -1.03177e-21)
(0.648377 0.00160584 6.66277e-23)
(0.670731 0.000270917 6.98904e-23)
(0.371941 0.00274352 7.32533e-23)
(0.22393 0.00012047 7.11705e-23)
(0.140521 0.000128067 7.59512e-23)
(0.0488956 0.000979979 -1.03072e-21)
(-0.0554117 -0.00108462 0)
(-0.17085 -0.0445099 4.0956e-24)
(-0.307592 -0.000926801 8.12873e-23)
(-0.406776 0.00073857 8.19214e-23)
(-0.49392 0.000641762 8.24688e-23)
(-0.566354 0.00052336 8.29427e-23)
(-0.619962 0.000387619 8.33635e-23)
(-0.653832 0.000294733 0)
(-0.678 0.000286528 8.39025e-23)
(-0.701235 0.000295638 0)
(-0.715845 0.000186938 1.32826e-21)
(-0.704292 -0.000121074 0)
(-0.635366 -0.00169556 1.20146e-21)
(-0.307917 -0.00225251 0)
(-0.194328 -0.000969369 1.11094e-21)
(-0.0577956 -0.000189261 0)
(-0.0112431 -0.000280484 8.89107e-22)
(-0.0446768 0.00192407 0)
(-0.142972 -0.0117748 0)
(-0.270814 0.000679985 -7.18946e-23)
(-0.381771 0.000802915 1.17467e-21)
(-0.488594 0.000857934 0)
(-0.615807 0.0011877 1.20747e-21)
(-0.807383 0.00158186 -7.63166e-23)
(-1.00927 0.00131527 1.22568e-21)
(-1.126 0.000524307 0)
(-1.16859 0.000188427 1.23383e-21)
(-1.22011 0.000353025 0)
(-1.29254 0.000532777 1.30571e-21)
(-1.3758 0.000583082 0)
(-1.45179 0.000560574 -8.60411e-23)
(-1.51846 -0.0043423 0)
(-1.07407 9.90142e-05 1.41915e-21)
(-1.55621 0.00436572 -9.0415e-23)
(-1.48356 -0.00505381 1.45192e-21)
(-0.925021 -0.00586901 -9.31561e-23)
(-0.897685 0.00469199 1.54185e-21)
(-1.40141 0.00359567 0)
(-1.40459 -0.000289795 1.04419e-22)
(-1.45923 7.22166e-05 0)
(-1.55233 0.000270947 1.78792e-21)
(-1.65397 0.000366512 0)
(-1.76997 0.000527003 2.18789e-21)
(-1.90927 0.000620945 0)
(-2.04439 0.000736494 0)
(-2.21124 0.000695917 -2.62161e-21)
(-2.32826 0.000487892 -1.72355e-22)
(-0.00199758 0.00104802 -1.13085e-22)
(-0.137868 0.00193518 0)
(-0.294147 0.00248593 0)
(-0.434956 0.00133965 -1.66189e-21)
(-0.512931 0.00257756 0)
(-0.745466 0.00421322 0)
(-0.895106 0.00254008 0)
(-1.02841 0.00249394 1.17417e-21)
(-1.15301 0.00165139 0)
(-1.17684 -0.00281323 0)
(-1.04588 -0.00380198 0)
(-0.954859 -0.00109041 0)
(-0.880895 -0.00321555 0)
(-0.630408 -0.00513077 0)
(-0.315433 -0.00279746 0)
(-0.126263 -0.00486072 0)
(0.114057 -0.0061831 -2.5288e-21)
(0.486554 -0.00742159 0)
(0.846304 -0.00685836 -2.60658e-21)
(1.19425 0.000878804 -6.75509e-22)
(1.05397 -0.00520125 0)
(1.7507 -0.0112864 0)
(1.99582 -0.00296915 -2.92013e-21)
(2.14033 -0.00178511 0)
(2.26587 -0.00184161 0)
(2.40931 -0.00281317 0)
(2.64001 -0.00355281 0)
(2.86577 -0.00417977 0)
(3.19368 0.00609306 0)
(3.00209 -0.00649333 0)
(3.98875 -0.0184684 0)
(4.42698 -0.00664319 8.30591e-22)
(4.82257 -0.00581293 3.30952e-21)
(5.15474 -0.0046108 0)
(5.39282 -0.00259434 3.15537e-21)
(5.49712 0.0158336 0)
(4.80299 0.00289453 0)
(5.23505 -0.00936506 -2.91119e-21)
(4.81567 0.0213378 0)
(3.74721 0.0202425 -3.37338e-21)
(3.21461 -0.0003783 0)
(2.9231 0.00703917 -3.80919e-21)
(2.00801 0.0076679 -1.13374e-21)
(1.88205 0.00314473 -3.60789e-21)
(1.36117 0.00525853 0)
(1.149 0.00335925 -5.41418e-21)
(0.756883 0.00618632 0)
(0.463108 0.00279639 -5.6575e-21)
(0.273714 0.00213775 0)
(0.080588 0.00286867 -4.49145e-21)
(-0.140736 0.00938142 0)
(-0.381856 0.0132702 -5.56841e-21)
(-0.579244 0.00256469 0)
(-0.747215 0.00246111 0)
(-0.892204 0.00210663 6.11584e-21)
(-1.00872 0.00166283 0)
(-1.08909 0.00115492 -6.18693e-21)
(-1.13136 0.000773508 0)
(-1.15237 0.000650309 -6.21082e-21)
(-1.16752 0.000571056 0)
(-1.16581 0.000122816 -1.52659e-21)
(-1.12049 -0.000916307 0)
(-1.00376 -0.00491104 -1.51292e-21)
(-0.61134 -0.00596964 0)
(-0.357042 -0.0033422 -1.34578e-21)
(-0.110057 -0.00214794 0)
(-0.0425339 0.000191617 -1.25118e-21)
(-0.126169 -0.00129107 0)
(-0.320619 0.0063269 0)
(-0.524032 0.00295514 -4.96358e-21)
(-0.708043 0.00278658 -1.25277e-21)
(-0.890462 0.00302773 -5.03741e-21)
(-1.11353 0.0041 -1.26508e-21)
(-1.43527 0.00517316 0)
(-1.76325 0.00426373 -1.27265e-21)
(-1.96034 0.00201605 0)
(-2.04775 0.00110516 -1.26509e-21)
(-2.14375 0.00152541 0)
(-2.26188 0.00193982 -1.31959e-21)
(-2.38915 0.00197856 0)
(-2.49803 0.00177517 0)
(-2.58554 -0.00631477 0)
(-2.22367 0.000422123 -1.3801e-21)
(-2.64291 0.00661209 0)
(-2.53085 -0.00940171 -1.38335e-21)
(-1.97105 -0.00865138 0)
(-1.96317 0.00691155 -1.47393e-21)
(-2.51679 0.00720524 0)
(-2.5527 0.000405603 6.1705e-21)
(-2.66855 0.00153522 -6.52835e-21)
(-2.83776 0.00212446 5.19139e-21)
(-3.0176 0.00240627 -7.37033e-21)
(-3.21717 0.00287646 5.86649e-21)
(-3.44873 0.0031336 -8.26688e-21)
(-3.67176 0.00345247 8.69128e-21)
(-3.93713 0.00329234 -6.83675e-21)
(-4.12876 0.00283761 0)
(-0.00295334 0.00254802 1.3559e-22)
(-0.176893 0.00529868 0)
(-0.434507 0.00589015 1.22414e-20)
(-0.606602 0.00390004 0)
(-0.756721 0.0059841 0)
(-1.01639 0.00810581 0)
(-1.20295 0.0054925 -8.24043e-21)
(-1.35984 0.00508729 0)
(-1.49816 0.00303556 0)
(-1.5104 -0.00364567 -5.21597e-21)
(-1.41199 -0.00580859 0)
(-1.29685 -0.00286806 0)
(-1.19088 -0.00598604 4.02238e-21)
(-1.00337 -0.00992751 0)
(-0.703694 -0.00838959 0)
(-0.353985 -0.00707008 1.10637e-20)
(-0.000198166 -0.0125638 1.71672e-21)
(0.429767 -0.014542 0)
(0.850105 -0.0138008 5.23409e-21)
(1.26726 -0.00178749 0)
(1.21389 -0.0107539 3.73148e-21)
(1.94302 -0.0201364 0)
(2.26109 -0.0071088 1.91244e-21)
(2.46711 -0.00478063 0)
(2.65154 -0.00482834 4.03283e-21)
(2.85636 -0.0068391 -4.09394e-21)
(3.17018 -0.00844438 4.15491e-21)
(3.48331 -0.0101582 0)
(3.9447 0.00286537 0)
(4.00832 -0.0149355 0)
(5.02681 -0.0319203 -4.55376e-21)
(5.64179 -0.0156096 0)
(6.20122 -0.0136188 -7.21724e-21)
(6.67795 -0.0106859 4.86851e-21)
(7.01181 -0.00630214 -2.38418e-21)
(7.18647 0.0192561 -4.66754e-21)
(6.75307 0.0052098 4.67684e-21)
(6.93593 -0.00781133 2.20858e-21)
(6.47076 0.0336103 4.44953e-21)
(5.56884 0.034395 7.78946e-21)
(4.88252 0.00923159 5.6792e-21)
(4.21406 0.0196295 3.07586e-21)
(3.24351 0.0182259 8.66953e-21)
(2.80059 0.0103636 1.46677e-20)
(2.12797 0.012904 1.09894e-20)
(1.67097 0.00986414 1.91738e-20)
(1.15448 0.0129002 0)
(0.711 0.00790435 2.05093e-20)
(0.404405 0.00622781 1.41522e-20)
(0.0907383 0.00663381 7.2407e-21)
(-0.282394 0.00442898 1.46839e-20)
(-0.626222 0.00813724 1.97797e-20)
(-0.903554 0.00635354 1.33709e-20)
(-1.14281 0.00556849 1.34839e-20)
(-1.34393 0.004673 -6.78877e-21)
(-1.49809 0.00355535 1.36457e-20)
(-1.59336 0.00228115 2.05101e-20)
(-1.62682 0.00128303 0)
(-1.62305 0.000863802 2.03698e-20)
(-1.60584 0.000558272 1.34127e-20)
(-1.56374 -0.000499494 0)
(-1.46818 -0.00250359 1.28051e-20)
(-1.32092 -0.00911986 0)
(-0.928627 -0.0119145 0)
(-0.497691 -0.00837668 1.26588e-20)
(-0.162067 -0.00518583 0)
(-0.0902911 8.59505e-05 1.23235e-20)
(-0.240914 0.00709094 0)
(-0.52182 0.00796088 0)
(-0.800541 0.00666352 1.52001e-20)
(-1.0565 0.00631183 0)
(-1.3161 0.00697588 4.98319e-21)
(-1.63695 0.00931907 9.88989e-21)
(-2.08068 0.0113567 0)
(-2.51855 0.00928979 9.74559e-21)
(-2.78488 0.00474815 0)
(-2.91334 0.00290043 0)
(-3.04658 0.00357808 9.63743e-21)
(-3.19806 0.00420618 0)
(-3.3536 0.00408719 9.92945e-21)
(-3.4776 0.00345545 0)
(-3.56712 -0.00804271 0)
(-3.28217 0.000984061 9.92705e-21)
(-3.64272 0.0086362 0)
(-3.49799 -0.0145535 0)
(-2.98726 -0.0127693 1.01808e-20)
(-3.02768 0.0114638 0)
(-3.59084 0.0119892 1.04038e-20)
(-3.66315 0.00200389 -5.38917e-21)
(-3.84144 0.00428685 5.66929e-21)
(-4.08107 0.00540772 5.97199e-21)
(-4.33414 0.00593813 6.32595e-21)
(-4.61041 0.00682534 6.67264e-21)
(-4.92287 0.00726655 7.00429e-21)
(-5.22219 0.00781953 -7.31173e-21)
(-5.56761 0.00741187 7.61244e-21)
(-5.82247 0.0066573 0)
(-0.00415722 0.00474564 0)
(-0.204575 0.0108035 0)
(-0.544826 0.0113949 -1.05791e-20)
(-0.742594 0.0080341 0)
(-0.948276 0.0110173 0)
(-1.22319 0.0133371 0)
(-1.43623 0.00957108 6.5477e-21)
(-1.61115 0.00852079 0)
(-1.76192 0.00473693 0)
(-1.77444 -0.00441766 -4.05649e-21)
(-1.70878 -0.00799895 0)
(-1.59239 -0.00540825 0)
(-1.47341 -0.0089327 -3.13215e-21)
(-1.3343 -0.0146917 0)
(-1.05227 -0.0163735 0)
(-0.599471 -0.0179798 -4.90334e-21)
(-0.196454 -0.021524 0)
(0.264888 -0.0240669 0)
(0.718672 -0.0232025 -2.65596e-21)
(1.17728 -0.00632277 0)
(1.19236 -0.0183968 -2.78272e-21)
(1.92933 -0.0315594 0)
(2.29649 -0.0132132 0)
(2.54903 -0.0094335 0)
(2.78023 -0.0094721 -2.93357e-21)
(3.03359 -0.0129111 2.96283e-21)
(3.40989 -0.0157587 -2.98628e-21)
(3.79039 -0.019198 0)
(4.35023 -0.00437314 0)
(4.6109 -0.0274753 0)
(5.65234 -0.0497364 3.23406e-21)
(6.40663 -0.0293716 0)
(7.10836 -0.025858 3.49431e-21)
(7.72382 -0.0203151 -3.61265e-21)
(8.16165 -0.0124721 0)
(8.4216 0.020135 3.5746e-21)
(8.20987 0.00740044 -3.61541e-21)
(8.24932 -0.00389642 0)
(7.7647 0.0466206 -3.36091e-21)
(6.9934 0.0500418 -3.82061e-21)
(6.2238 0.0249747 -4.16367e-21)
(5.28007 0.0374056 0)
(4.36409 0.0338102 -6.5393e-21)
(3.67268 0.0238137 -7.87495e-21)
(2.86023 0.026147 -9.6989e-21)
(2.21582 0.0208506 -1.40453e-20)
(1.54769 0.0235994 0)
(0.956393 0.0165002 -1.58292e-20)
(0.53187 0.0134265 -1.66175e-20)
(0.0793455 0.0147249 0)
(-0.460101 0.0150211 -1.6979e-20)
(-0.903987 0.0155813 -1.37702e-20)
(-1.265 0.0121882 -1.38103e-20)
(-1.5716 0.0104771 -1.38358e-20)
(-1.82065 0.00856926 0)
(-1.99948 0.00620255 -1.38055e-20)
(-2.09129 0.0035158 -1.36871e-20)
(-2.09302 0.00134836 0)
(-2.03804 0.000302244 -1.32504e-20)
(-1.96035 -0.000435261 -1.29155e-20)
(-1.85312 -0.00231729 0)
(-1.69591 -0.00507626 -1.22776e-20)
(-1.53171 -0.0138855 0)
(-1.17634 -0.0200591 0)
(-0.590843 -0.0165944 -1.40864e-20)
(-0.196913 -0.00940867 0)
(-0.131934 0.0010731 -1.39019e-20)
(-0.349658 0.00845507 0)
(-0.71028 0.0128439 0)
(-1.06266 0.0122882 -9.91527e-21)
(-1.3871 0.0117358 0)
(-1.72072 0.013109 0)
(-2.13207 0.0172375 -9.32798e-21)
(-2.67935 0.0203944 0)
(-3.20306 0.0165061 -9.00279e-21)
(-3.51955 0.00876704 0)
(-3.67682 0.00558447 0)
(-3.83469 0.00646394 -8.76075e-21)
(-4.00662 0.00723332 0)
(-4.1778 0.00676834 -8.95435e-21)
(-4.30706 0.00543734 0)
(-4.39348 -0.00935328 0)
(-4.18019 0.00181565 -8.91023e-21)
(-4.48879 0.0102588 0)
(-4.32496 -0.0199891 0)
(-3.89058 -0.0162522 -9.11723e-21)
(-3.98626 0.0169892 0)
(-4.53414 0.0176863 -9.28882e-21)
(-4.64509 0.00468175 0)
(-4.88534 0.00851516 0)
(-5.19108 0.0103038 -1.05865e-20)
(-5.51462 0.0111646 0)
(-5.86496 0.0125641 -1.17544e-20)
(-6.25326 0.0131928 0)
(-6.62506 0.0139761 0)
(-7.04209 0.0131808 0)
(-7.3586 0.0121023 0)
(-0.00566648 0.00777355 0)
(-0.22393 0.0188135 0)
(-0.623382 0.0193498 0)
(-0.84124 0.0140086 0)
(-1.08937 0.0179294 0)
(-1.3738 0.0201683 0)
(-1.60972 0.0150844 2.20754e-20)
(-1.80369 0.0131234 0)
(-1.97161 0.00709325 1.59679e-20)
(-1.9988 -0.00479706 -6.87075e-21)
(-1.97255 -0.0100704 0)
(-1.87462 -0.00842504 1.18075e-20)
(-1.7606 -0.012043 0)
(-1.65605 -0.0199848 0)
(-1.35963 -0.0263977 0)
(-0.878517 -0.0289957 0)
(-0.483441 -0.0327844 0)
(-0.00924194 -0.0361542 0)
(0.458631 -0.0352513 8.94366e-21)
(0.939419 -0.0129639 0)
(1.01105 -0.0283875 9.19344e-21)
(1.74093 -0.0458438 0)
(2.14139 -0.0215764 0)
(2.43058 -0.0160605 0)
(2.70109 -0.0161191 0)
(2.99557 -0.0214328 0)
(3.4224 -0.025965 0)
(3.85829 -0.0318327 0)
(4.49327 -0.0161898 0)
(4.90717 -0.0448614 0)
(5.96748 -0.0728445 0)
(6.83111 -0.0489461 0)
(7.65487 -0.0437587 0)
(8.40188 -0.0348302 0)
(8.95713 -0.0223518 1.13373e-20)
(9.32397 0.0175587 0)
(9.31445 0.00863103 -1.17e-20)
(9.30296 0.00192007 0)
(8.82781 0.0609534 0)
(8.1428 0.0680892 0)
(7.31635 0.0470415 0)
(6.16768 0.0607142 1.34966e-20)
(5.22205 0.0540373 0)
(4.34754 0.0436045 2.25702e-20)
(3.41408 0.0447534 2.85112e-20)
(2.69685 0.0379545 0)
(1.87078 0.0403793 0)
(1.1696 0.0296923 0)
(0.641614 0.0248467 7.42727e-20)
(0.0376599 0.0278422 0)
(-0.664222 0.0288524 6.93118e-20)
(-1.19201 0.0251952 5.24671e-20)
(-1.62665 0.0207192 0)
(-1.98681 0.0174773 0)
(-2.26716 0.01383 0)
(-2.45124 0.00934022 4.97683e-20)
(-2.51833 0.00428824 4.84119e-20)
(-2.46784 0.000162795 0)
(-2.34279 -0.00195388 4.54689e-20)
(-2.1877 -0.00330496 0)
(-2.00299 -0.00604826 -4.27372e-20)
(-1.77837 -0.00916261 0)
(-1.5686 -0.019203 0)
(-1.2632 -0.0305493 0)
(-0.581996 -0.0282664 -5.54017e-20)
(-0.181404 -0.0147678 6.18177e-20)
(-0.140176 0.00320076 -5.6647e-20)
(-0.424528 0.0159491 0)
(-0.856604 0.02105 -3.92968e-20)
(-1.28107 0.0202904 0)
(-1.67253 0.0194891 -3.73502e-20)
(-2.07691 0.0218708 0)
(-2.56998 0.0282709 0)
(-3.20397 0.0325887 0)
(-3.79359 0.0260366 -3.36786e-20)
(-4.14245 0.0140555 0)
(-4.31478 0.00910115 0)
(-4.48573 0.0101414 0)
(-4.66942 0.0109967 -3.29102e-20)
(-4.8499 0.0100086 -3.32117e-20)
(-4.98276 0.00773848 3.324e-20)
(-5.07014 -0.0101595 3.28981e-20)
(-4.92447 0.00299506 0)
(-5.18465 0.0115325 0)
(-5.01487 -0.0254572 0)
(-4.66826 -0.0188083 0)
(-4.81402 0.0235812 0)
(-5.33365 0.0243505 -3.46834e-20)
(-5.48688 0.00874191 0)
(-5.79074 0.0145797 -3.76051e-20)
(-6.16277 0.0172009 -3.94098e-20)
(-6.5587 0.0185188 -4.15356e-20)
(-6.98595 0.02054 0)
(-7.45151 0.0213569 0)
(-7.89821 0.022341 0)
(-8.38619 0.0210052 0)
(-8.76812 0.0196083 0)
(-0.0075147 0.0117588 0)
(-0.235826 0.0296287 1.52755e-20)
(-0.672839 0.0301384 0)
(-0.90601 0.0221908 0)
(-1.18641 0.0270869 0)
(-1.4772 0.0289788 0)
(-1.73503 0.0224918 -1.96508e-20)
(-1.95133 0.019388 0)
(-2.14338 0.0106486 -2.86028e-20)
(-2.20037 -0.00418714 2.481e-20)
(-2.22354 -0.0114228 0)
(-2.1627 -0.011404 -1.07353e-20)
(-2.07124 -0.015106 0)
(-1.99527 -0.0262062 0)
(-1.68956 -0.0385581 0)
(-1.23799 -0.0420632 0)
(-0.871533 -0.0461989 0)
(-0.40062 -0.0508849 0)
(0.0649066 -0.0500643 -8.08306e-21)
(0.551803 -0.0219487 0)
(0.671374 -0.0409919 1.33969e-24)
(1.38256 -0.0632351 0)
(1.80443 -0.0325189 8.07256e-21)
(2.12354 -0.0250492 0)
(2.42924 -0.0252133 0)
(2.76129 -0.0329245 0)
(3.23256 -0.0396647 7.97242e-21)
(3.71776 -0.0487406 0)
(4.4142 -0.0333571 7.85881e-21)
(4.95173 -0.0679632 0)
(6.02971 -0.102217 0)
(6.98184 -0.0754592 8.11343e-21)
(7.91107 -0.0686941 8.42037e-21)
(8.78071 -0.0558703 0)
(9.46473 -0.0377087 2.50511e-24)
(9.96169 0.00988583 9.46519e-21)
(10.1507 0.00734837 1.96743e-20)
(10.1705 0.00855985 9.49219e-21)
(9.74704 0.0765842 9.22949e-21)
(9.13742 0.0892093 0)
(8.28142 0.0763365 1.04299e-20)
(6.99323 0.0918328 -3.56892e-24)
(5.94194 0.0811377 0)
(4.90055 0.0707136 -3.87826e-24)
(3.82976 0.0691655 -3.85e-24)
(3.00455 0.0615588 0)
(2.06703 0.063193 3.80355e-20)
(1.30023 0.0481052 0)
(0.698156 0.0420376 -2.07353e-24)
(-0.049995 0.0478005 7.38414e-20)
(-0.864815 0.0476365 -5.73177e-20)
(-1.45575 0.0390191 -9.38018e-25)
(-1.94589 0.0322336 4.57268e-20)
(-2.34053 0.0265825 0)
(-2.63313 0.0202134 4.31834e-20)
(-2.8051 0.0124819 -5.34475e-26)
(-2.83495 0.00394503 -3.97404e-20)
(-2.72761 -0.00298064 3.81212e-20)
(-2.53368 -0.00659808 1.19662e-24)
(-2.3038 -0.00871491 0)
(-2.04179 -0.0123255 3.54658e-20)
(-1.74385 -0.0157545 0)
(-1.44333 -0.0262827 0)
(-1.10751 -0.0435445 0)
(-0.439515 -0.0421286 9.38443e-20)
(-0.0717542 -0.0204539 -1.13833e-19)
(-0.0850185 0.00712842 9.9633e-20)
(-0.436262 0.0260441 0)
(-0.938054 0.0327259 3.82562e-20)
(-1.4368 0.0313051 0)
(-1.89707 0.0301649 7.29326e-20)
(-2.37075 0.0338365 -3.54086e-20)
(-2.93897 0.0429697 3.43485e-20)
(-3.64811 0.0483831 0)
(-4.28931 0.0380705 3.2477e-20)
(-4.6546 0.020561 0)
(-4.82779 0.0133524 3.1211e-20)
(-5.00132 0.0145803 -3.13481e-20)
(-5.19058 0.0155257 6.34095e-20)
(-5.37734 0.0138803 3.20167e-20)
(-5.51552 0.0104886 2.70847e-25)
(-5.60978 -0.0102685 -3.19963e-20)
(-5.52648 0.00457528 3.24355e-20)
(-5.73956 0.0124661 -3.27418e-20)
(-5.57402 -0.0306696 0)
(-5.31763 -0.0201718 0)
(-5.50346 0.0312708 0)
(-5.98861 0.0320917 3.3759e-20)
(-6.18924 0.0146 0)
(-6.56039 0.0229651 3.65573e-20)
(-7.00218 0.0266253 3.82198e-20)
(-7.47567 0.0285826 4.01611e-20)
(-7.98576 0.0313478 0)
(-8.53306 0.0323409 0)
(-9.05952 0.0334593 0)
(-9.62104 0.0314058 0)
(-10.0737 0.0297108 -4.70802e-20)
(-0.00968686 0.0168344 0)
(-0.240115 0.0435121 -1.60104e-20)
(-0.694883 0.0441194 0)
(-0.939105 0.0329903 5.73135e-20)
(-1.24321 0.0389059 -5.02111e-20)
(-1.5387 0.0402482 0)
(-1.81897 0.0324271 0)
(-2.06232 0.0280487 0)
(-2.28707 0.0162704 1.33922e-20)
(-2.38972 -0.00161395 -1.17313e-20)
(-2.47441 -0.0110621 0)
(-2.46934 -0.0134732 -2.04479e-20)
(-2.4185 -0.01764 0)
(-2.37281 -0.0331663 0)
(-2.08344 -0.0522249 0)
(-1.70456 -0.0567133 -1.64895e-20)
(-1.37116 -0.0615576 0)
(-0.91912 -0.0682215 0)
(-0.471398 -0.0676619 -1.53967e-20)
(0.00691094 -0.0335083 1.53454e-20)
(0.167379 -0.0564971 -2.30422e-20)
(0.849527 -0.0839758 -1.49744e-20)
(1.28295 -0.0464166 -7.51315e-21)
(1.62716 -0.0369029 0)
(1.96608 -0.0373585 0)
(2.3347 -0.048104 -1.46357e-20)
(2.84778 -0.0576866 -2.14246e-20)
(3.37981 -0.0708575 0)
(4.13003 -0.0569271 -2.05763e-20)
(4.7719 -0.0979339 0)
(5.86783 -0.139117 -1.34103e-20)
(6.8944 -0.110318 -2.03984e-20)
(7.91589 -0.102285 -2.09562e-20)
(8.89745 -0.0853791 -1.46508e-20)
(9.71456 -0.0608169 -7.67161e-21)
(10.3595 -0.00518996 -2.40643e-20)
(10.7513 0.00115817 8.48739e-21)
(10.8759 0.0139549 -8.40222e-21)
(10.5597 0.0925533 -2.47597e-20)
(10.0431 0.113236 -1.73242e-20)
(9.19846 0.113191 -2.72333e-20)
(7.8391 0.132773 -2.87181e-20)
(6.66217 0.118254 -2.28582e-20)
(5.45579 0.108081 -4.16224e-20)
(4.23008 0.102731 -5.05266e-20)
(3.2288 0.0923327 -4.66856e-20)
(2.2017 0.0921835 -8.40789e-20)
(1.3636 0.071764 0)
(0.689033 0.0658926 -5.64877e-20)
(-0.162074 0.0750772 -1.76679e-19)
(-1.02453 0.0711922 0)
(-1.66889 0.0571736 -1.21241e-19)
(-2.19775 0.0469351 -3.91717e-20)
(-2.61173 0.0377628 -7.53305e-20)
(-2.90459 0.0274936 -1.08214e-19)
(-3.05805 0.0152735 -3.43108e-20)
(-3.0527 0.00209975 -6.51119e-20)
(-2.89901 -0.00846402 -9.38339e-20)
(-2.65014 -0.0140698 -9.18649e-20)
(-2.35631 -0.0172635 -6.07699e-20)
(-2.01953 -0.0219801 0)
(-1.6405 -0.0261344 -6.15873e-20)
(-1.2332 -0.0371327 6.7107e-20)
(-0.791198 -0.0587418 0)
(-0.19129 -0.0566323 -3.77056e-20)
(0.140642 -0.0252444 -4.54529e-20)
(0.0540552 0.0135789 -4.14058e-20)
(-0.360998 0.0392451 -7.94486e-20)
(-0.936452 0.0483636 0)
(-1.51517 0.0462167 -7.4068e-20)
(-2.04847 0.0445534 -3.62545e-20)
(-2.59173 0.0497379 -3.5258e-20)
(-3.23094 0.0620311 -3.41836e-20)
(-4.00736 0.0683301 0)
(-4.68833 0.0527858 0)
(-5.05377 0.02811 -6.26467e-20)
(-5.21253 0.0181267 3.09978e-20)
(-5.3784 0.019701 3.11481e-20)
(-5.56822 0.0208504 -3.15331e-20)
(-5.7599 0.0184906 -6.37815e-20)
(-5.90639 0.0138656 3.21134e-20)
(-6.01288 -0.00947156 -6.44776e-20)
(-5.98535 0.00656127 -3.27199e-20)
(-6.15251 0.0130387 -3.29207e-20)
(-5.99919 -0.0353484 -6.46153e-20)
(-5.83003 -0.0201156 -6.70805e-20)
(-6.04513 0.0400308 0)
(-6.49541 0.0410973 0)
(-6.75067 0.0228021 7.02193e-20)
(-7.19495 0.0343062 -7.32676e-20)
(-7.71278 0.0392732 7.63448e-20)
(-8.27159 0.0421177 0)
(-8.87227 0.0457542 0)
(-9.50723 0.0468833 -8.56548e-20)
(-10.1191 0.0480198 0)
(-10.758 0.0450352 0)
(-11.2869 0.043059 -4.5677e-20)
(-0.0120839 0.0231018 0)
(-0.236109 0.0606119 -6.94853e-20)
(-0.690049 0.0615919 0)
(-0.941463 0.0468598 5.4994e-20)
(-1.26186 0.0538846 4.80147e-20)
(-1.56192 0.0546282 8.16286e-20)
(-1.86643 0.0457935 0)
(-2.14286 0.0402031 5.97915e-20)
(-2.41033 0.0253004 0)
(-2.57513 0.00444366 -4.59246e-20)
(-2.73488 -0.00742531 0)
(-2.80433 -0.0132104 6.04227e-20)
(-2.81323 -0.0186938 0)
(-2.80739 -0.0399622 3.82727e-20)
(-2.56988 -0.066005 0)
(-2.28363 -0.071482 4.90638e-20)
(-1.99207 -0.0785535 0)
(-1.57448 -0.0878783 3.10866e-20)
(-1.15967 -0.0878549 1.52385e-20)
(-0.703797 -0.0478224 -1.51142e-20)
(-0.508742 -0.0751649 1.5016e-20)
(0.13502 -0.10825 1.46127e-20)
(0.571502 -0.0636904 0)
(0.937262 -0.0522658 0)
(1.30877 -0.0533622 0)
(1.71447 -0.0679348 1.38343e-20)
(2.2686 -0.0811415 1.33712e-20)
(2.84705 -0.0994343 0)
(3.64664 -0.0883237 1.25447e-20)
(4.38044 -0.136295 0)
(5.49531 -0.18516 1.19357e-20)
(6.58668 -0.155329 1.19351e-20)
(7.69021 -0.146518 1.20973e-20)
(8.77293 -0.125642 1.25415e-20)
(9.72001 -0.0943882 0)
(10.5208 -0.0306342 1.38547e-20)
(11.1182 -0.0133306 -1.48687e-20)
(11.4098 0.0147188 0)
(11.2654 0.106569 -1.52243e-20)
(10.8832 0.138935 1.58774e-20)
(10.1078 0.157091 -1.65464e-20)
(8.75119 0.184707 1.74501e-20)
(7.46964 0.16822 2.02074e-20)
(6.1038 0.159099 2.42304e-20)
(4.70966 0.149853 2.92054e-20)
(3.49518 0.134428 3.66221e-20)
(2.36003 0.129961 4.45464e-20)
(1.43057 0.102597 0)
(0.668691 0.0967902 0)
(-0.241465 0.108801 8.74877e-20)
(-1.12844 0.100478 0)
(-1.8172 0.0801756 6.95987e-20)
(-2.37443 0.06516 -1.34436e-19)
(-2.80069 0.051157 6.42767e-20)
(-3.09155 0.0356747 6.12625e-20)
(-3.23065 0.0176486 0)
(-3.20181 -0.0013471 -5.52956e-20)
(-3.01915 -0.016466 5.36109e-20)
(-2.73354 -0.0247471 5.32222e-20)
(-2.3891 -0.0296753 5.35947e-20)
(-1.98095 -0.0361611 1.08303e-19)
(-1.5123 -0.0417735 5.50601e-20)
(-0.990263 -0.053867 5.74401e-20)
(-0.424111 -0.0773443 0)
(0.140369 -0.071917 1.2551e-19)
(0.44137 -0.0289954 7.16493e-20)
(0.296614 0.0230369 1.42837e-19)
(-0.1786 0.0569659 2.19146e-19)
(-0.835581 0.0692204 0)
(-1.50206 0.0662156 2.21921e-19)
(-2.11426 0.0636876 0)
(-2.72891 0.0705037 2.1428e-19)
(-3.43662 0.0863131 0)
(-4.27375 0.0930578 1.34742e-19)
(-4.98184 0.0702687 0)
(-5.32864 0.0363173 1.9066e-19)
(-5.45601 0.0230346 6.28864e-20)
(-5.604 0.025346 0)
(-5.79036 0.0269964 1.28197e-19)
(-5.98702 0.0239843 6.49761e-20)
(-6.14563 0.0180916 -6.57383e-20)
(-6.26894 -0.00755941 6.65537e-20)
(-6.29041 0.00892609 1.35116e-19)
(-6.41459 0.0132184 6.77476e-20)
(-6.28009 -0.0392379 6.68167e-20)
(-6.19217 -0.0184629 2.07776e-19)
(-6.42782 0.0498665 0)
(-6.84885 0.051702 1.39494e-19)
(-7.16854 0.0340892 -7.21012e-20)
(-7.69435 0.0494556 2.2484e-19)
(-8.29732 0.0560768 -7.77446e-20)
(-8.95138 0.0601191 1.61795e-19)
(-9.65141 0.0647338 1.6706e-19)
(-10.3804 0.0659011 8.56837e-20)
(-11.0832 0.0668698 1.7496e-19)
(-11.8037 0.0626899 0)
(-12.4139 0.0604248 8.98867e-20)
(-0.0144648 0.0305796 1.61501e-20)
(-0.222808 0.0808511 1.55039e-19)
(-0.658493 0.0827507 1.32372e-19)
(-0.91376 0.0643062 -2.15582e-19)
(-1.24429 0.0726468 0)
(-1.55045 0.073028 -6.94715e-24)
(-1.88238 0.0638824 6.81119e-20)
(-2.19928 0.0574732 -5.88376e-20)
(-2.5209 0.0397594 0)
(-2.76477 0.0162793 9.22525e-20)
(-3.01412 0.00184648 4.30432e-20)
(-3.17669 -0.00839372 -4.0701e-20)
(-3.26549 -0.0165356 -3.74036e-20)
(-3.31669 -0.0447309 -3.75456e-20)
(-3.1669 -0.0778595 3.49972e-20)
(-2.97942 -0.0850778 2.7466e-24)
(-2.74278 -0.0964175 0)
(-2.37533 -0.109178 6.7691e-24)
(-2.008 -0.110135 3.10647e-20)
(-1.58713 -0.0649536 0)
(-1.36383 -0.0971932 3.02861e-20)
(-0.766855 -0.136128 2.94296e-20)
(-0.33423 -0.0848124 2.91732e-20)
(0.0507127 -0.0719543 0)
(0.454939 -0.0742776 2.80048e-20)
(0.89895 -0.0936692 2.70778e-20)
(1.49406 -0.111468 0)
(2.11939 -0.136078 2.48851e-20)
(2.96534 -0.129391 0)
(3.78257 -0.184983 2.31594e-20)
(4.91741 -0.242363 2.21793e-20)
(6.06634 -0.212737 0)
(7.24368 -0.203828 2.18592e-20)
(8.4176 -0.179369 0)
(9.48678 -0.14156 0)
(10.4415 -0.0699641 2.44472e-20)
(11.2388 -0.0404379 -2.635e-20)
(11.7407 0.0058841 2.76372e-20)
(11.8321 0.114405 2.85331e-20)
(11.6441 0.163221 2.98959e-20)
(11.013 0.205974 6.23485e-20)
(9.74203 0.247606 0)
(8.40717 0.233391 3.70407e-20)
(6.90386 0.227542 0)
(5.33632 0.215363 5.2708e-20)
(3.88626 0.192885 6.33997e-20)
(2.60242 0.18018 0)
(1.55657 0.143709 9.65946e-20)
(0.695148 0.136434 0)
(-0.254912 0.150039 0)
(-1.16666 0.136781 1.24002e-19)
(-1.89379 0.108872 0)
(-2.47613 0.0875072 2.34242e-19)
(-2.91519 0.0671953 0)
(-3.2093 0.045079 0)
(-3.3447 0.0198643 1.02297e-19)
(-3.30889 -0.00619326 9.80441e-20)
(-3.11798 -0.0269035 9.60372e-20)
(-2.81706 -0.038824 9.63578e-20)
(-2.43937 -0.0466543 0)
(-1.96774 -0.0562559 -1.99116e-19)
(-1.40269 -0.0646245 0)
(-0.748224 -0.0787345 2.6755e-23)
(-0.0398367 -0.101855 0)
(0.555212 -0.0893863 -1.09569e-19)
(0.840617 -0.0321716 0)
(0.66123 0.0360606 -3.05018e-23)
(0.125401 0.0805233 -1.37919e-19)
(-0.620423 0.0969571 0)
(-1.383 0.0928703 -1.48164e-19)
(-2.08101 0.0889125 0)
(-2.77001 0.0973174 -8.84872e-25)
(-3.54449 0.11686 0)
(-4.43459 0.123222 -1.38604e-19)
(-5.15297 0.0903805 0)
(-5.45757 0.0444357 -2.60623e-19)
(-5.53468 0.0274233 -1.28832e-19)
(-5.65513 0.031251 0)
(-5.83558 0.0339876 -1.31676e-19)
(-6.03923 0.0305584 1.33964e-19)
(-6.21504 0.0234398 -1.36335e-19)
(-6.35942 -0.00431777 0)
(-6.4241 0.0116375 -1.41085e-19)
(-6.51188 0.0130098 -1.41241e-19)
(-6.40292 -0.0420736 1.40279e-19)
(-6.38934 -0.0150509 -1.4507e-19)
(-6.6407 0.0608847 0)
(-7.04454 0.064475 -2.90916e-19)
(-7.4417 0.0494855 0)
(-8.06025 0.0695646 -7.57539e-24)
(-8.76015 0.0782743 0)
(-9.52105 0.0838654 -4.09935e-24)
(-10.3295 0.0894991 -1.69602e-19)
(-11.1588 0.0905116 -1.72822e-19)
(-11.9575 0.091033 -1.75371e-19)
(-12.7637 0.0853259 0)
(-13.4598 0.0827121 1.78218e-19)
(-0.0163516 0.0391249 -2.10987e-20)
(-0.199041 0.103798 -2.65451e-19)
(-0.600665 0.107634 1.36418e-19)
(-0.857249 0.0859174 -1.07301e-19)
(-1.19334 0.0960152 0)
(-1.50907 0.0967457 -7.89309e-20)
(-1.87307 0.0885498 -6.78204e-20)
(-2.23936 0.0822414 0)
(-2.62811 0.0626313 1.04338e-19)
(-2.96826 0.0372645 -1.41778e-19)
(-3.32244 0.0202144 4.42841e-20)
(-3.59633 0.00432784 0)
(-3.78605 -0.00826439 3.88685e-20)
(-3.91697 -0.0443997 0)
(-3.88363 -0.0849784 3.62e-20)
(-3.7979 -0.0957608 -3.50156e-20)
(-3.63045 -0.113705 0)
(-3.32852 -0.130888 -3.30839e-20)
(-3.02206 -0.133564 3.2381e-20)
(-2.64656 -0.084795 0)
(-2.40201 -0.122648 -3.12534e-20)
(-1.85865 -0.167542 -3.03457e-20)
(-1.43525 -0.110322 2.99201e-20)
(-1.03256 -0.0969998 0)
(-0.594977 -0.101471 -2.83132e-20)
(-0.110791 -0.12691 -2.71929e-20)
(0.525285 -0.150484 0)
(1.1979 -0.1828 -2.46743e-20)
(2.08739 -0.182439 0)
(2.98113 -0.246407 -2.24444e-20)
(4.13639 -0.313179 -2.13238e-20)
(5.33641 -0.285281 0)
(6.57991 -0.27717 -2.04626e-20)
(7.83549 -0.249773 0)
(9.01653 -0.20594 0)
(10.1159 -0.127164 -2.2057e-20)
(11.0989 -0.0851293 2.36363e-20)
(11.8286 -0.0189993 -2.5236e-20)
(12.2046 0.109438 0)
(12.2783 0.180313 -2.85085e-20)
(11.8801 0.255221 -2.99111e-20)
(10.7925 0.319394 0)
(9.48131 0.314983 -3.4691e-20)
(7.88746 0.317174 0)
(6.15786 0.304872 -4.8372e-20)
(4.46296 0.274097 -5.77707e-20)
(2.97887 0.248231 0)
(1.78056 0.199001 -8.31607e-20)
(0.802657 0.187405 0)
(-0.188531 0.20092 0)
(-1.1302 0.181539 -1.08291e-19)
(-1.89505 0.144503 0)
(-2.50515 0.114991 -1.04221e-19)
(-2.96311 0.0867217 0)
(-3.27047 0.0564348 0)
(-3.41662 0.0225846 -9.33692e-20)
(-3.39339 -0.0118056 0)
(-3.21791 -0.0392388 -8.91257e-20)
(-2.92711 -0.0560701 -8.99303e-20)
(-2.53969 -0.0686259 0)
(-2.02105 -0.083742 2.80189e-19)
(-1.36042 -0.0974308 1.91005e-19)
(-0.548751 -0.115266 -9.7457e-20)
(0.345103 -0.136164 1.9787e-19)
(1.05034 -0.111665 -1.98649e-19)
(1.35695 -0.0354613 2.13246e-19)
(1.15755 0.0531675 -1.16911e-19)
(0.560092 0.111389 2.6052e-19)
(-0.278164 0.133598 -2.83514e-19)
(-1.14338 0.128188 2.96177e-19)
(-1.93432 0.12195 0)
(-2.70089 0.131667 1.50102e-19)
(-3.53952 0.154838 -2.9461e-19)
(-4.47084 0.15931 2.8627e-19)
(-5.17515 0.112483 0)
(-5.4079 0.0511403 4.00523e-19)
(-5.41455 0.030279 -2.63494e-19)
(-5.49941 0.0370352 2.6542e-19)
(-5.67437 0.0418799 0)
(-5.89014 0.0385076 1.38437e-19)
(-6.0905 0.0302694 1.4189e-19)
(-6.26118 0.00051681 2.91182e-19)
(-6.36675 0.0147388 0)
(-6.4297 0.0125162 4.44685e-19)
(-6.35363 -0.0435501 1.48385e-19)
(-6.40851 -0.00966408 3.05971e-19)
(-6.67606 0.0733984 0)
(-7.08156 0.0803359 4.58491e-19)
(-7.57283 0.0704032 0)
(-8.29811 0.0961737 1.61477e-19)
(-9.10905 0.107482 0)
(-9.98916 0.114964 1.69688e-19)
(-10.9145 0.121527 -3.45347e-19)
(-11.8497 0.122054 5.24357e-19)
(-12.7488 0.121731 0)
(-13.6446 0.114079 0)
(-14.4302 0.110969 1.77279e-19)
(-0.0168795 0.0483056 5.61795e-20)
(-0.163574 0.128525 4.11777e-19)
(-0.517879 0.13609 -1.38307e-23)
(-0.774388 0.112426 4.32749e-19)
(-1.1136 0.125141 1.8669e-19)
(-1.44441 0.127671 0)
(-1.84695 0.122485 -1.37081e-19)
(-2.27347 0.118 0)
(-2.74405 0.0982653 -1.07463e-19)
(-3.19798 0.0722656 9.83538e-20)
(-3.67279 0.0526551 -1.39298e-23)
(-4.07564 0.0298612 0)
(-4.38744 0.0106516 8.21697e-20)
(-4.6228 -0.0344668 0)
(-4.72475 -0.0835782 5.65266e-24)
(-4.74537 -0.100888 0)
(-4.66084 -0.128091 0)
(-4.43885 -0.15103 0)
(-4.20448 -0.156676 -6.86802e-20)
(-3.88179 -0.107002 0)
(-3.62361 -0.15142 0)
(-3.13835 -0.202275 0)
(-2.72761 -0.140849 -6.2503e-20)
(-2.30759 -0.128718 0)
(-1.83576 -0.136713 0)
(-1.30944 -0.169697 0)
(-0.63253 -0.200476 0)
(0.0880806 -0.242082 0)
(1.01782 -0.250261 0)
(1.98096 -0.323482 0)
(3.15599 -0.400551 0)
(4.4002 -0.376243 0)
(5.70165 -0.370067 0)
(7.02878 -0.340645 0)
(8.30976 -0.29171 0)
(9.54044 -0.206738 0)
(10.6899 -0.152771 0)
(11.6403 -0.0672168 0)
(12.3182 0.0827638 0)
(12.7103 0.180906 0)
(12.6391 0.296313 0)
(11.8513 0.394599 0)
(10.6666 0.411876 0)
(9.06028 0.430909 0)
(7.20418 0.42457 0)
(5.27226 0.386303 0)
(3.53954 0.342314 0)
(2.139 0.274556 0)
(1.01449 0.25353 0)
(-0.0326792 0.263897 0)
(-1.01131 0.236894 0)
(-1.81775 0.188932 0)
(-2.46259 0.14921 0)
(-2.94927 0.111124 0)
(-3.28293 0.0710058 0)
(-3.4569 0.0270459 0)
(-3.46829 -0.016905 0)
(-3.3347 -0.0522227 0)
(-3.08331 -0.0755235 0)
(-2.71612 -0.0953558 1.75179e-19)
(-2.17834 -0.119739 -1.77924e-19)
(-1.43861 -0.143529 -3.63814e-19)
(-0.452314 -0.169145 0)
(0.692751 -0.186932 -3.72021e-19)
(1.60554 -0.14365 1.85036e-19)
(1.99698 -0.0405212 -3.90831e-19)
(1.79228 0.0750007 0)
(1.1322 0.151417 -4.88392e-19)
(0.200938 0.181559 2.7367e-19)
(-0.769134 0.174618 -5.90443e-19)
(-1.65893 0.164961 0)
(-2.50527 0.175271 -6.14802e-19)
(-3.40227 0.201381 3.03316e-19)
(-4.35586 0.201304 -5.88635e-19)
(-5.01168 0.135022 0)
(-5.13663 0.0542504 -5.42319e-19)
(-5.05254 0.0301357 2.67049e-19)
(-5.09671 0.0422249 -5.39297e-19)
(-5.2709 0.0508413 0)
(-5.50836 0.048326 -5.69906e-19)
(-5.74465 0.0391316 0)
(-5.95068 0.00736984 -6.07827e-19)
(-6.10082 0.0184812 0)
(-6.15576 0.0120389 -6.24724e-19)
(-6.12119 -0.0432454 -3.14936e-19)
(-6.24168 -0.00193617 -6.47325e-19)
(-6.53225 0.0880828 0)
(-6.96496 0.10073 -6.44647e-19)
(-7.57046 0.0987876 3.29704e-19)
(-8.41895 0.131336 -6.72836e-19)
(-9.35648 0.145789 0)
(-10.368 0.155407 -6.95988e-19)
(-11.4175 0.162597 3.51436e-19)
(-12.4631 0.162124 -7.06972e-19)
(-13.4663 0.160411 0)
(-14.4547 0.150284 0)
(-15.3322 0.146398 -7.06256e-19)
(-0.014565 0.057195 -7.64334e-20)
(-0.115226 0.153473 -4.00781e-25)
(-0.412897 0.167797 -1.6037e-23)
(-0.669376 0.144842 -2.19994e-19)
(-1.012 0.161718 -1.89484e-19)
(-1.36565 0.168599 0)
(-1.81547 0.169627 3.22165e-23)
(-2.31553 0.169873 0)
(-2.88481 0.152947 -1.12082e-19)
(-3.47038 0.128218 -1.03507e-19)
(-4.08214 0.10622 -2.00304e-23)
(-4.63087 0.0752142 0)
(-5.08471 0.0468565 -8.79097e-20)
(-5.44764 -0.00874204 0)
(-5.69487 -0.0685886 4.38873e-24)
(-5.82819 -0.0965563 0)
(-5.83864 -0.136124 7.77982e-20)
(-5.70886 -0.166712 0)
(-5.55437 -0.177442 7.38818e-20)
(-5.28804 -0.130963 0)
(-5.02467 -0.183175 7.0135e-20)
(-4.59928 -0.240006 6.79345e-20)
(-4.20142 -0.177259 0)
(-3.76279 -0.16883 0)
(-3.25559 -0.182276 0)
(-2.68537 -0.224599 5.84748e-20)
(-1.96806 -0.264306 5.52308e-20)
(-1.19923 -0.316959 0)
(-0.232345 -0.336212 0)
(0.792982 -0.41966 4.60497e-20)
(1.98564 -0.507882 4.33011e-20)
(3.26604 -0.4894 0)
(4.61575 -0.486593 0)
(6.00282 -0.456409 3.87137e-20)
(7.36977 -0.403704 0)
(8.71541 -0.313824 3.90341e-20)
(10.0097 -0.249124 0)
(11.1586 -0.146193 4.29151e-20)
(12.1217 0.0243405 0)
(12.8537 0.152192 5.09894e-20)
(13.1867 0.315259 0)
(12.8291 0.462176 5.92877e-20)
(11.9048 0.518367 0)
(10.3984 0.56914 0)
(8.48501 0.580103 8.26342e-20)
(6.3474 0.539426 9.91353e-20)
(4.33486 0.473844 0)
(2.67363 0.37982 0)
(1.35502 0.341113 1.60386e-19)
(0.223652 0.34282 1.71874e-19)
(-0.802342 0.305838 0)
(-1.65733 0.244751 0)
(-2.34671 0.192485 0)
(-2.87432 0.142505 0)
(-3.24936 0.0907902 0)
(-3.47019 0.0353026 0)
(-3.54024 -0.0192788 1.66841e-19)
(-3.47708 -0.0635802 0)
(-3.29706 -0.0951508 0)
(-2.98486 -0.125494 -1.70977e-19)
(-2.46654 -0.164275 -1.72421e-19)
(-1.68524 -0.205883 1.75226e-19)
(-0.536307 -0.248131 0)
(0.928469 -0.26502 1.78505e-19)
(2.17426 -0.194222 1.76255e-19)
(2.74957 -0.0511442 3.65075e-19)
(2.57208 0.102024 0)
(1.85008 0.202879 4.56941e-19)
(0.825754 0.243575 0)
(-0.249187 0.235102 2.9161e-19)
(-1.23907 0.220519 0)
(-2.16441 0.229993 6.27626e-19)
(-3.1085 0.257198 0)
(-4.05586 0.248102 3.00439e-19)
(-4.61794 0.155011 0)
(-4.59453 0.0504172 2.72184e-19)
(-4.40067 0.0249869 0)
(-4.40219 0.0463142 2.71033e-19)
(-4.58532 0.0613319 0)
(-4.85923 0.0609262 2.91064e-19)
(-5.14879 0.0510001 0)
(-5.40585 0.0170804 6.31977e-19)
(-5.61232 0.0235268 0)
(-5.68177 0.0122085 6.60488e-19)
(-5.70015 -0.0405039 0)
(-5.88816 0.00881641 3.43121e-19)
(-6.21547 0.106185 0)
(-6.70705 0.12784 6.8095e-19)
(-7.44996 0.137294 -3.45954e-19)
(-8.43989 0.177749 3.49883e-19)
(-9.5199 0.195836 0)
(-10.6736 0.207619 3.55985e-19)
(-11.8526 0.214829 0)
(-13.0119 0.212614 7.13854e-19)
(-14.1216 0.208787 0)
(-15.2048 0.195501 0)
(-16.1751 0.190373 6.87038e-24)
(-0.006963 0.0640426 0)
(-0.0530075 0.176414 -2.90885e-19)
(-0.290454 0.202401 -3.11184e-19)
(-0.548496 0.184681 -4.50015e-19)
(-0.898437 0.208366 3.86417e-19)
(-1.28527 0.223709 0)
(-1.7941 0.235785 1.45507e-19)
(-2.38431 0.245383 2.59647e-19)
(-3.07173 0.235717 1.18117e-19)
(-3.80742 0.214912 1.09862e-19)
(-4.57279 0.190775 -1.04119e-19)
(-5.28324 0.15015 0)
(-5.8963 0.109597 0)
(-6.40493 0.0409613 1.84025e-19)
(-6.80059 -0.0333204 -8.93283e-20)
(-7.05243 -0.0772921 0)
(-7.16682 -0.133011 8.44313e-20)
(-7.13753 -0.174047 0)
(-7.06541 -0.193308 -8.01821e-20)
(-6.85455 -0.155762 0)
(-6.59476 -0.217326 -2.26936e-19)
(-6.22702 -0.280474 -7.31838e-20)
(-5.8388 -0.220855 0)
(-5.37883 -0.21964 0)
(-4.83468 -0.24113 -1.30618e-19)
(-4.21877 -0.294903 6.19681e-20)
(-3.46173 -0.345565 -1.75118e-19)
(-2.64539 -0.411219 0)
(-1.64481 -0.444374 0)
(-0.56501 -0.539049 -4.81065e-20)
(0.643304 -0.639095 -1.35241e-19)
(1.95061 -0.628978 8.54799e-20)
(3.33724 -0.631306 -8.13298e-20)
(4.77107 -0.601956 -1.17452e-19)
(6.20744 -0.547325 -7.67651e-20)
(7.64867 -0.454286 -3.8145e-20)
(9.06468 -0.380515 7.7792e-20)
(10.3831 -0.263343 -1.2146e-19)
(11.5941 -0.0755603 0)
(12.6427 0.0798651 -1.42177e-19)
(13.4055 0.292407 -1.05115e-19)
(13.5901 0.502243 5.72674e-20)
(13.0996 0.621512 -1.2368e-19)
(11.8411 0.726392 -1.34475e-19)
(9.98373 0.774899 -7.69089e-20)
(7.70482 0.743924 -2.74966e-19)
(5.40966 0.657504 -2.2275e-19)
(3.43298 0.528884 0)
(1.85651 0.460222 -4.53182e-19)
(0.596359 0.443805 -4.77884e-19)
(-0.494405 0.392575 3.24068e-19)
(-1.4069 0.31556 -3.2934e-19)
(-2.15233 0.248099 -3.31702e-19)
(-2.73433 0.183901 0)
(-3.16685 0.118785 -3.32763e-19)
(-3.45472 0.0505398 -3.31845e-19)
(-3.60861 -0.0154323 -1.65763e-19)
(-3.64554 -0.0696377 -3.34896e-19)
(-3.56999 -0.111434 -3.40566e-19)
(-3.34938 -0.156008 0)
(-2.8956 -0.215437 1.70868e-19)
(-2.12859 -0.285534 0)
(-0.874273 -0.360526 0)
(0.93733 -0.386437 0)
(2.67154 -0.279127 -1.70583e-19)
(3.57856 -0.0755624 -1.73359e-19)
(3.49902 0.133432 0)
(2.72536 0.268528 -2.14193e-19)
(1.60168 0.323153 -4.98753e-19)
(0.42279 0.312884 0)
(-0.660556 0.291451 0)
(-1.65694 0.297743 -3.19544e-19)
(-2.62894 0.322303 0)
(-3.53221 0.297116 0)
(-3.9491 0.16757 -5.72674e-19)
(-3.73832 0.0348558 0)
(-3.41729 0.0121866 0)
(-3.37599 0.0489218 0)
(-3.58143 0.0742765 0)
(-3.90888 0.0778145 0)
(-4.27464 0.0675909 0)
(-4.60639 0.0312339 -3.27705e-19)
(-4.89027 0.0312538 0)
(-5.00374 0.0142462 -3.50909e-19)
(-5.09161 -0.0342043 0)
(-5.35509 0.0238303 0)
(-5.74019 0.129797 0)
(-6.32762 0.164845 -3.60064e-19)
(-7.23338 0.189484 7.24817e-19)
(-8.38378 0.238896 0)
(-9.62111 0.260911 0)
(-10.9253 0.274516 0)
(-12.237 0.280738 0)
(-13.5121 0.275765 -3.59733e-19)
(-14.7296 0.268871 0)
(-15.9084 0.251535 0)
(-16.9708 0.24445 3.50694e-19)
(0.00980445 0.0657438 -3.06183e-19)
(0.0236975 0.194609 0)
(-0.157665 0.239822 0)
(-0.420513 0.234342 9.25994e-19)
(-0.78588 0.269213 -7.93263e-19)
(-1.21999 0.299339 0)
(-1.80363 0.329648 0)
(-2.50477 0.355626 -5.46944e-19)
(-3.33279 0.359478 0)
(-4.23776 0.346072 0)
(-5.17356 0.319943 -2.22469e-19)
(-6.05956 0.267914 0)
(-6.84424 0.211181 0)
(-7.50894 0.125117 -3.98551e-19)
(-8.05018 0.0307981 -1.9435e-19)
(-8.42275 -0.0358767 -1.89067e-19)
(-8.6447 -0.112559 -1.83887e-19)
(-8.71728 -0.168326 0)
(-8.72246 -0.201485 -1.74764e-19)
(-8.56162 -0.180262 0)
(-8.31315 -0.253155 1.6409e-19)
(-7.99466 -0.323856 -1.58606e-19)
(-7.60894 -0.273727 -1.53494e-19)
(-7.12327 -0.284312 -1.47111e-19)
(-6.54051 -0.317171 1.39845e-19)
(-5.8778 -0.384815 -1.32248e-19)
(-5.08169 -0.448766 1.2445e-19)
(-4.21884 -0.529478 0)
(-3.18937 -0.579523 0)
(-2.06505 -0.686598 0)
(-0.845073 -0.798949 -1.6014e-22)
(0.480823 -0.799958 -9.00177e-20)
(1.89181 -0.809332 8.52314e-20)
(3.35744 -0.782686 -1.89022e-22)
(4.84509 -0.728405 7.84598e-20)
(6.35989 -0.634408 -7.69744e-20)
(7.87225 -0.553817 -7.65546e-20)
(9.32789 -0.426444 7.81057e-20)
(10.7427 -0.226058 0)
(12.0579 -0.048747 -1.87669e-22)
(13.2068 0.205803 9.75682e-20)
(13.9712 0.48529 -2.16994e-19)
(14.0913 0.694893 1.1921e-19)
(13.2882 0.887989 5.49693e-24)
(11.6429 1.00562 -1.44184e-19)
(9.33756 1.00878 1.68898e-19)
(6.79592 0.910614 2.0558e-19)
(4.46892 0.741417 -2.51215e-19)
(2.5631 0.626581 2.88873e-19)
(1.10929 0.576423 3.03392e-19)
(-0.0750434 0.50312 -6.10998e-19)
(-1.05735 0.406349 3.12981e-19)
(-1.87053 0.320552 3.17531e-19)
(-2.52043 0.239567 -3.21005e-19)
(-3.02616 0.159285 3.25123e-19)
(-3.40088 0.0774289 3.29122e-19)
(-3.66354 -0.000156175 0)
(-3.83049 -0.0648435 3.43988e-19)
(-3.893 -0.118951 3.53417e-19)
(-3.80002 -0.181966 0)
(-3.45489 -0.268908 0)
(-2.76488 -0.379541 3.45962e-19)
(-1.49882 -0.510713 3.43482e-19)
(0.588372 -0.571744 -3.40803e-19)
(2.95704 -0.424585 0)
(4.41036 -0.130704 0)
(4.56123 0.164992 3.54626e-19)
(3.76849 0.351248 0)
(2.53762 0.424961 9.40733e-19)
(1.25186 0.411907 5.5212e-19)
(0.0803855 0.380292 6.18053e-19)
(-0.96541 0.379612 0)
(-1.93527 0.395465 6.46568e-19)
(-2.75469 0.343769 0)
(-2.98372 0.165716 5.73862e-19)
(-2.55625 0.00121728 -5.4312e-19)
(-2.09073 -0.0116716 5.3463e-19)
(-2.00368 0.0495582 5.43384e-19)
(-2.23867 0.0908539 0)
(-2.63339 0.1012 0)
(-3.09927 0.0916413 6.40467e-19)
(-3.53422 0.0526145 0)
(-3.92617 0.0442249 7.19391e-19)
(-4.12059 0.020382 7.50348e-19)
(-4.30238 -0.0224105 0)
(-4.65642 0.0452329 7.80582e-19)
(-5.1285 0.162236 0)
(-5.8532 0.21625 0)
(-6.94863 0.26007 -7.57922e-19)
(-8.27816 0.31921 -7.49924e-19)
(-9.68544 0.345036 -7.42812e-19)
(-11.1457 0.359559 0)
(-12.5908 0.363283 0)
(-13.9823 0.354211 0)
(-15.3076 0.343006 -7.16772e-19)
(-16.5814 0.320462 -7.10225e-19)
(-17.7339 0.310394 6.99899e-19)
(0.041601 0.0569699 4.54332e-19)
(0.114969 0.205426 1.69132e-18)
(-0.0241845 0.280917 0)
(-0.297468 0.297691 4.78096e-19)
(-0.691338 0.350927 4.09059e-19)
(-1.19143 0.40545 0)
(-1.87188 0.464547 6.36557e-19)
(-2.70954 0.51708 -2.88461e-19)
(-3.7039 0.542723 0)
(-4.79772 0.540731 0)
(-5.92 0.51224 7.11599e-19)
(-6.99156 0.445997 0)
(-7.95241 0.367179 0)
(-8.77312 0.256542 2.14862e-19)
(-9.45022 0.134197 2.10219e-19)
(-9.93843 0.0364531 6.15405e-19)
(-10.2631 -0.0676063 0)
(-10.4287 -0.144711 3.8903e-19)
(-10.4969 -0.199466 1.89697e-19)
(-10.3764 -0.203335 3.67477e-19)
(-10.1429 -0.290521 0)
(-9.85622 -0.371548 5.14168e-19)
(-9.46282 -0.339242 1.6538e-19)
(-8.94531 -0.367264 1.58051e-19)
(-8.32211 -0.415478 3.00269e-19)
(-7.61225 -0.499692 0)
(-6.77838 -0.579605 2.66872e-19)
(-5.87141 -0.677361 0)
(-4.81746 -0.747216 0)
(-3.66123 -0.867818 0)
(-2.4356 -0.992765 1.02624e-19)
(-1.10206 -1.00788 1.93114e-19)
(0.319856 -1.02632 0)
(1.80036 -1.00461 2.59341e-19)
(3.31829 -0.953398 0)
(4.88232 -0.861145 7.95543e-20)
(6.46495 -0.776281 0)
(8.02393 -0.643411 0)
(9.59614 -0.436272 1.58796e-19)
(11.1229 -0.244113 8.31592e-20)
(12.5744 0.0380871 0)
(13.8473 0.377258 1.00699e-19)
(14.6633 0.694983 0)
(14.5665 1.02111 3.73073e-19)
(13.3612 1.25713 1.36838e-19)
(11.197 1.33661 0)
(8.50383 1.25076 0)
(5.82889 1.04279 2.31496e-19)
(3.53165 0.863799 0)
(1.80026 0.756498 0)
(0.474274 0.646802 2.94281e-19)
(-0.598267 0.523734 0)
(-1.48921 0.415845 0)
(-2.21886 0.315185 3.1299e-19)
(-2.81118 0.218115 0)
(-3.28946 0.122454 0)
(-3.68283 0.0339597 0)
(-4.00819 -0.0412265 0)
(-4.24187 -0.109945 0)
(-4.31005 -0.196135 0)
(-4.11091 -0.317776 0)
(-3.55395 -0.481464 -3.62103e-19)
(-2.37412 -0.696095 -3.49817e-19)
(-0.191331 -0.837931 3.42256e-19)
(2.83982 -0.669907 0)
(5.11148 -0.249045 0)
(5.71221 0.184046 -3.37509e-19)
(4.98605 0.452842 0)
(3.64568 0.555149 -4.41948e-19)
(2.23651 0.537222 -5.22371e-19)
(0.984438 0.489694 -6.09039e-19)
(-0.0884819 0.475315 0)
(-1.01691 0.473368 -6.66235e-19)
(-1.72126 0.381679 0)
(-1.74327 0.141282 0)
(-1.08883 -0.0583508 5.5996e-19)
(-0.461409 -0.0518849 -5.53349e-19)
(-0.311142 0.046702 -5.64873e-19)
(-0.563439 0.112297 0)
(-1.03185 0.134115 0)
(-1.61518 0.127112 -6.67116e-19)
(-2.17957 0.0855404 0)
(-2.71509 0.0667301 -7.64434e-19)
(-3.0338 0.034413 -8.08518e-19)
(-3.34138 -0.00186667 0)
(-3.81115 0.0766131 -8.42881e-19)
(-4.40873 0.208575 0)
(-5.31584 0.288301 0)
(-6.62848 0.355189 0)
(-8.15425 0.424217 7.71579e-19)
(-9.74095 0.453056 7.57117e-19)
(-11.3593 0.46683 0)
(-12.9367 0.465956 0)
(-14.4444 0.451069 0)
(-15.8759 0.433938 7.18737e-19)
(-17.2432 0.404698 7.11563e-19)
(-18.4826 0.390263 6.99878e-19)
(0.0964793 0.0288235 0)
(0.219828 0.207652 -8.01223e-23)
(0.0978152 0.328848 0)
(-0.195616 0.381279 -2.2514e-22)
(-0.637119 0.464629 0)
(-1.2277 0.557644 0)
(-2.03384 0.660531 -6.64472e-19)
(-3.03938 0.753762 6.06403e-19)
(-4.22898 0.811547 0)
(-5.53077 0.824967 0)
(-6.85233 0.792163 -4.99943e-19)
(-8.11103 0.706255 0)
(-9.24059 0.596104 0)
(-10.2034 0.449784 0)
(-10.9961 0.288345 0)
(-11.5829 0.148925 -4.38009e-19)
(-11.9922 0.00864482 0)
(-12.2286 -0.0996133 -4.16356e-19)
(-12.3358 -0.186116 0)
(-12.2412 -0.224908 -3.92513e-19)
(-12.0174 -0.331155 0)
(-11.7367 -0.427433 -3.65518e-19)
(-11.323 -0.42284 0)
(-10.7681 -0.474748 0)
(-10.1032 -0.542848 -3.18924e-19)
(-9.34781 -0.646451 0)
(-8.47914 -0.745163 -2.84027e-19)
(-7.53321 -0.861917 0)
(-6.46014 -0.954019 0)
(-5.28485 -1.08887 0)
(-4.06203 -1.2264 0)
(-2.73432 -1.2587 -2.07921e-19)
(-1.31747 -1.28831 0)
(0.16021 -1.27385 -1.85313e-19)
(1.68645 -1.22859 0)
(3.26887 -1.14147 0)
(4.89183 -1.05592 0)
(6.51948 -0.922827 0)
(8.20312 -0.71544 -1.57744e-19)
(9.88767 -0.515794 0)
(11.561 -0.221521 0)
(13.2011 0.152427 0)
(14.6367 0.568606 0)
(15.4067 1.06405 -2.33165e-19)
(14.9635 1.4919 0)
(13.182 1.715 0)
(10.5037 1.69122 0)
(7.54275 1.46146 0)
(4.82479 1.20454 0)
(2.72298 1.00923 0)
(1.18337 0.838787 0)
(-0.0128962 0.677409 0)
(-0.995218 0.541495 0)
(-1.81175 0.417951 0)
(-2.49908 0.302635 0)
(-3.09034 0.193908 0)
(-3.62721 0.09669 0)
(-4.13086 0.0122558 -7.59029e-19)
(-4.56454 -0.073619 0)
(-4.82365 -0.18905 0)
(-4.79603 -0.353767 0)
(-4.40611 -0.582553 0)
(-3.38605 -0.905696 7.50434e-19)
(-1.31423 -1.18989 -7.23375e-19)
(2.14803 -1.05944 6.58106e-19)
(5.46628 -0.486048 -6.35363e-19)
(6.84791 0.16089 6.48613e-19)
(6.36268 0.570289 0)
(4.94096 0.721386 0)
(3.38569 0.696445 0)
(2.03877 0.622488 0)
(0.958941 0.583522 0)
(0.110405 0.551792 1.36666e-18)
(-0.45871 0.405464 -1.35437e-18)
(-0.29089 0.0865873 1.27971e-18)
(0.56751 -0.153097 0)
(1.36081 -0.114533 0)
(1.60621 0.0369056 0)
(1.37055 0.138197 1.19425e-18)
(0.844103 0.179196 -1.2964e-18)
(0.150928 0.178674 1.40798e-18)
(-0.552837 0.136277 0)
(-1.26019 0.105404 1.6593e-18)
(-1.74593 0.0623091 0)
(-2.21643 0.0328226 0)
(-2.84019 0.123844 0)
(-3.61298 0.276391 1.78437e-18)
(-4.75154 0.389582 0)
(-6.30943 0.482953 1.63802e-18)
(-8.04623 0.560888 -1.57815e-18)
(-9.81846 0.59081 1.53532e-18)
(-11.5943 0.601164 0)
(-13.3017 0.592933 0)
(-14.9241 0.570062 0)
(-16.4595 0.544922 1.44239e-18)
(-17.9175 0.507095 0)
(-19.2401 0.486513 -2.80684e-18)
(0.182656 -0.0323681 0)
(0.333388 0.204349 -2.28588e-18)
(0.192795 0.391053 0)
(-0.136684 0.496569 -1.01306e-18)
(-0.651514 0.627917 0)
(-1.36356 0.780036 0)
(-2.3321 0.948112 0)
(-3.54308 1.10098 -6.27233e-19)
(-4.95836 1.20234 0)
(-6.48382 1.23293 0)
(-8.00651 1.19044 5.14355e-19)
(-9.43818 1.07384 0)
(-10.7099 0.91723 0)
(-11.7808 0.718698 0)
(-12.6515 0.503108 0)
(-13.3008 0.308303 0)
(-13.758 0.11954 0)
(-14.027 -0.0333982 0)
(-14.1401 -0.163814 0)
(-14.0489 -0.24795 0)
(-13.8197 -0.380699 0)
(-13.5177 -0.499745 0)
(-13.0689 -0.533085 3.65217e-19)
(-12.4754 -0.615441 0)
(-11.7709 -0.708262 3.32134e-19)
(-10.9759 -0.833969 0)
(-10.0795 -0.954462 2.98029e-19)
(-9.10471 -1.09203 0)
(-8.02153 -1.20797 -2.65194e-19)
(-6.84382 -1.35727 2.50001e-19)
(-5.63277 -1.50654 2.36845e-19)
(-4.32819 -1.55856 -2.25362e-19)
(-2.93476 -1.60155 2.12311e-19)
(-1.47881 -1.59667 2.00937e-19)
(0.0321239 -1.56013 0)
(1.60591 -1.48184 -1.82218e-19)
(3.23217 -1.39973 1.74967e-19)
(4.88714 -1.27299 1.68404e-19)
(6.63338 -1.07357 -1.63395e-19)
(8.42379 -0.874198 0)
(10.2516 -0.581252 1.65094e-19)
(12.1308 -0.198473 -1.74447e-19)
(13.9846 0.274566 1.91905e-19)
(15.5521 0.934646 2.15529e-19)
(16.1489 1.62937 0)
(15.1214 2.10527 -2.6852e-19)
(12.7033 2.228 3.05085e-19)
(9.60384 2.02415 3.68864e-19)
(6.49506 1.68977 0)
(3.94969 1.37252 5.43438e-19)
(2.10043 1.10425 5.74425e-19)
(0.724924 0.88242 -5.72596e-19)
(-0.370751 0.707629 5.85098e-19)
(-1.28024 0.556312 0)
(-2.06241 0.421186 -6.27224e-19)
(-2.7639 0.300887 6.52667e-19)
(-3.43738 0.19898 7.01228e-19)
(-4.11309 0.109043 1.57092e-18)
(-4.7535 0.00408078 0)
(-5.22497 -0.149355 9.64295e-19)
(-5.38001 -0.367951 0)
(-5.16527 -0.672667 0)
(-4.3315 -1.1213 -8.66991e-19)
(-2.47718 -1.61026 8.0038e-19)
(0.908802 -1.62405 -6.95239e-19)
(5.21174 -0.922396 6.23962e-19)
(7.7754 0.0356595 -6.30125e-19)
(7.82689 0.684943 0)
(6.42914 0.931291 7.58054e-19)
(4.71624 0.901227 0)
(3.24344 0.784346 0)
(2.14417 0.702774 0)
(1.39964 0.625243 -1.33402e-18)
(0.974345 0.410488 1.37779e-18)
(1.27955 -0.00159831 -1.29309e-18)
(2.28941 -0.287546 0)
(3.26392 -0.207884 0)
(3.65265 0.0139309 0)
(3.46511 0.1667 -1.16758e-18)
(2.89545 0.237217 1.26271e-18)
(2.11133 0.248717 -1.39375e-18)
(1.27867 0.209711 0)
(0.404659 0.167352 -1.79712e-18)
(-0.268031 0.112094 0)
(-0.934299 0.0900415 0)
(-1.76029 0.196588 0)
(-2.77342 0.377116 -1.94045e-18)
(-4.19865 0.531972 0)
(-6.03032 0.653312 -1.69085e-18)
(-7.99092 0.737363 1.60566e-18)
(-9.9524 0.765169 -1.54951e-18)
(-11.8837 0.768375 0)
(-13.7182 0.749287 0)
(-15.4532 0.715682 0)
(-17.0884 0.679849 -1.44748e-18)
(-18.6336 0.631086 1.43614e-18)
(-20.0351 0.602148 1.4105e-18)
(0.294858 -0.147347 0)
(0.437108 0.208137 0)
(0.240832 0.482431 0)
(-0.147857 0.662454 -2.04264e-18)
(-0.76826 0.868727 0)
(-1.6413 1.11044 0)
(-2.81691 1.37353 0)
(-4.27501 1.60859 1.89468e-18)
(-5.94268 1.76351 -1.15308e-18)
(-7.69442 1.80847 -1.07359e-18)
(-9.39291 1.739 -5.07362e-19)
(-10.9552 1.57189 0)
(-12.3097 1.34541 0)
(-13.4238 1.07103 0)
(-14.3081 0.780399 0)
(-14.9583 0.512117 0)
(-15.405 0.259098 0)
(-15.6546 0.0451844 0)
(-15.7347 -0.141998 0)
(-15.6204 -0.282137 0)
(-15.3651 -0.451017 0)
(-15.0229 -0.601728 0)
(-14.5325 -0.681897 -3.62879e-19)
(-13.9059 -0.800136 0)
(-13.1727 -0.922267 -3.32932e-19)
(-12.3516 -1.07241 -6.37093e-19)
(-11.4408 -1.21712 -3.02511e-19)
(-10.4547 -1.37646 0)
(-9.37861 -1.51684 2.73272e-19)
(-8.21926 -1.68043 -7.81485e-19)
(-7.03374 -1.8402 -2.48206e-19)
(-5.76879 -1.91397 2.37805e-19)
(-4.42235 -1.9726 -2.28397e-19)
(-3.01034 -1.98018 -6.50435e-19)
(-1.53868 -1.95477 0)
(-0.00135834 -1.88832 1.96503e-19)
(1.59885 -1.81353 -1.8732e-19)
(3.23919 -1.69982 -5.41982e-19)
(4.99008 -1.51892 1.73091e-19)
(6.82845 -1.33028 0)
(8.74832 -1.05131 -4.95854e-19)
(10.7777 -0.679628 1.67023e-19)
(12.8664 -0.194934 -1.7722e-19)
(14.9457 0.564782 -1.95714e-19)
(16.5667 1.54677 0)
(16.7103 2.41363 2.445e-19)
(14.9408 2.82775 -2.75077e-19)
(11.9374 2.74207 -3.21374e-19)
(8.55825 2.36191 -8.01934e-19)
(5.55534 1.89822 -4.94613e-19)
(3.2925 1.48345 -5.55399e-19)
(1.657 1.1631 5.68321e-19)
(0.409851 0.928996 -1.72709e-18)
(-0.60346 0.740235 0)
(-1.47424 0.581915 6.21368e-19)
(-2.26762 0.450714 -6.52255e-19)
(-3.04267 0.34793 -2.09794e-18)
(-3.83301 0.257582 -7.8584e-19)
(-4.61426 0.135627 0)
(-5.26441 -0.0639592 -1.05956e-18)
(-5.60264 -0.353948 -2.25532e-18)
(-5.56847 -0.750734 -2.30228e-18)
(-4.90632 -1.33704 0)
(-3.23473 -2.0497 0)
(-0.404323 -2.33162 0)
(4.20469 -1.63701 -1.26174e-18)
(8.19932 -0.296736 0)
(9.23605 0.749201 0)
(8.06827 1.18053 -6.85671e-19)
(6.24135 1.16578 -1.64438e-18)
(4.61279 0.989549 0)
(3.45296 0.835489 0)
(2.81054 0.687288 0)
(2.5384 0.393773 -2.67281e-18)
(2.92032 -0.123838 0)
(4.02288 -0.47363 0)
(5.19421 -0.346958 0)
(5.77913 -0.0329942 0)
(5.68518 0.193227 0)
(5.09739 0.310603 0)
(4.23115 0.341846 0)
(3.25677 0.310568 -3.08616e-18)
(2.21593 0.258396 0)
(1.34399 0.192309 0)
(0.476085 0.180377 -4.56626e-18)
(-0.583052 0.308059 -4.68293e-18)
(-1.91788 0.52749 0)
(-3.69762 0.730616 -3.81376e-18)
(-5.83399 0.879126 0)
(-8.0319 0.964341 -3.24836e-18)
(-10.1853 0.984949 0)
(-12.2687 0.975771 0)
(-14.2269 0.941297 0)
(-16.0705 0.893377 -2.933e-18)
(-17.7996 0.843425 0)
(-19.4271 0.780853 1.44464e-18)
(-20.9024 0.740881 2.83889e-18)
(0.367095 -0.348291 -1.02698e-17)
(0.48629 0.236179 0)
(0.214188 0.625786 0)
(-0.260767 0.909648 2.01953e-18)
(-1.02747 1.23183 -1.71875e-18)
(-2.1085 1.60716 0)
(-3.54192 2.00362 0)
(-5.28678 2.34675 -1.21511e-18)
(-7.21493 2.55536 2.18486e-18)
(-9.14917 2.5897 1.00503e-18)
(-10.9539 2.46456 0)
(-12.549 2.21083 0)
(-13.8713 1.87482 0)
(-14.9202 1.49144 -8.64202e-19)
(-15.7267 1.10213 0)
(-16.3046 0.740894 0)
(-16.6761 0.405057 0)
(-16.8587 0.115204 0)
(-16.8781 -0.139226 -7.83663e-19)
(-16.7241 -0.344234 0)
(-16.4342 -0.558264 7.40252e-19)
(-16.0528 -0.748795 0)
(-15.5336 -0.881812 0)
(-14.8919 -1.03929 0)
(-14.1522 -1.19454 6.49391e-19)
(-13.3284 -1.37101 6.22704e-19)
(-12.4257 -1.54152 6.01843e-19)
(-11.453 -1.72291 -5.78371e-19)
(-10.406 -1.88725 5.56069e-19)
(-9.28731 -2.0648 5.32325e-19)
(-8.14349 -2.23375 5.17096e-19)
(-6.93343 -2.32912 0)
(-5.65271 -2.40475 4.867e-19)
(-4.30946 -2.4279 4.66932e-19)
(-2.90087 -2.41708 4.48216e-19)
(-1.42731 -2.36678 4.29183e-19)
(0.114144 -2.30398 0)
(1.71017 -2.20834 7.80289e-19)
(3.41767 -2.0557 3.75691e-19)
(5.23753 -1.89161 3.60382e-19)
(7.18183 -1.64388 3.42291e-19)
(9.28683 -1.29983 0)
(11.5075 -0.830329 3.43308e-19)
(13.8144 -0.0558909 3.66029e-19)
(16.0913 1.13171 4.02606e-19)
(17.5159 2.47031 0)
(16.9233 3.39321 0)
(14.3893 3.59259 5.65414e-19)
(10.9555 3.25087 1.35713e-18)
(7.58173 2.64667 8.55367e-19)
(4.84681 2.03575 0)
(2.85 1.55987 1.12361e-18)
(1.38504 1.22874 2.27329e-18)
(0.245849 0.983077 1.16964e-18)
(-0.709929 0.792188 1.22104e-18)
(-1.56818 0.645943 1.29423e-18)
(-2.38928 0.539262 2.79383e-18)
(-3.1936 0.444812 1.54396e-18)
(-3.949 0.303742 1.78762e-18)
(-4.57905 0.0580889 2.14116e-18)
(-4.9951 -0.31193 2.46008e-18)
(-5.13967 -0.822981 2.73907e-18)
(-4.66694 -1.56985 0)
(-3.21674 -2.48768 2.17996e-18)
(-0.990693 -3.06135 0)
(2.77257 -2.61112 1.36508e-18)
(7.82141 -0.967938 0)
(10.3467 0.662508 1.15211e-18)
(9.7727 1.44572 0)
(7.94017 1.49949 1.45966e-18)
(6.14404 1.24897 0)
(4.89345 0.985958 0)
(4.32859 0.735769 0)
(4.18591 0.352554 2.52166e-18)
(4.61172 -0.280498 0)
(5.73079 -0.71734 0)
(7.07374 -0.553081 0)
(7.92235 -0.11714 0)
(7.95643 0.216853 0)
(7.39398 0.394064 0)
(6.50129 0.460208 -2.58184e-18)
(5.39287 0.45139 5.9189e-18)
(4.16332 0.393047 0)
(3.04772 0.315718 0)
(1.96051 0.31691 4.58379e-18)
(0.646791 0.477839 1.00385e-17)
(-1.0712 0.750121 0)
(-3.30097 1.00942 4.00301e-18)
(-5.78191 1.18004 -3.51846e-18)
(-8.22895 1.2567 3.23806e-18)
(-10.5731 1.26133 0)
(-12.8023 1.23217 0)
(-14.8788 1.17668 0)
(-16.8233 1.10989 5.83781e-18)
(-18.6371 1.04147 2.90158e-18)
(-20.3394 0.96158 -5.79666e-18)
(-21.8813 0.907344 -2.85303e-18)
(0.300407 -0.609177 1.14297e-17)
(0.429685 0.298968 4.02133e-18)
(0.0783984 0.848313 0)
(-0.511927 1.28747 0)
(-1.46979 1.78825 1.64602e-18)
(-2.80807 2.35589 1.46619e-18)
(-4.55479 2.93095 0)
(-6.59976 3.39418 0)
(-8.71829 3.62663 6.73629e-21)
(-10.7141 3.60086 -8.98386e-19)
(-12.4645 3.3527 0)
(-13.9066 2.9433 0)
(-15.0495 2.45289 0)
(-15.9333 1.93465 1.54129e-18)
(-16.5924 1.42557 0)
(-17.0429 0.955158 7.58008e-19)
(-17.3099 0.527123 0)
(-17.416 0.154717 7.33122e-19)
(-17.3769 -0.17241 7.12097e-19)
(-17.1903 -0.447094 7.00412e-19)
(-16.8805 -0.712518 3.86875e-21)
(-16.4799 -0.948682 -6.69695e-19)
(-15.9577 -1.13773 6.53815e-19)
(-15.3273 -1.33703 6.37955e-19)
(-14.6076 -1.52888 3.44626e-21)
(-13.8085 -1.73391 0)
(-12.9389 -1.93178 3.54571e-21)
(-12.0048 -2.1355 1.14275e-18)
(-11.0075 -2.32323 3.58255e-21)
(-9.94879 -2.51532 5.44237e-19)
(-8.86258 -2.69343 -5.2985e-19)
(-7.7197 -2.80976 0)
(-6.5176 -2.9025 3.17631e-21)
(-5.26016 -2.94454 0)
(-3.93326 -2.95173 3.06179e-21)
(-2.54389 -2.91996 -4.6675e-19)
(-1.08741 -2.87343 0)
(0.4324 -2.80155 -4.29455e-19)
(2.06492 -2.68566 3.36569e-21)
(3.81833 -2.56102 -3.89112e-19)
(5.71944 -2.36487 0)
(7.82278 -2.07165 0)
(10.1004 -1.63982 4.14753e-21)
(12.511 -0.887578 -3.46474e-19)
(14.9987 0.359689 6.16229e-21)
(17.3042 2.09868 0)
(18.1851 3.71862 4.42947e-19)
(16.6813 4.48607 -4.88244e-19)
(13.5284 4.35304 6.49469e-21)
(9.97867 3.66593 -7.04388e-19)
(6.8292 2.83744 0)
(4.3875 2.13684 -1.03736e-18)
(2.61696 1.64585 9.03297e-22)
(1.30343 1.30477 -1.1453e-18)
(0.256779 1.06054 6.40973e-22)
(-0.646584 0.885295 -1.26798e-18)
(-1.46834 0.759648 1.13047e-21)
(-2.21189 0.641468 -1.53519e-18)
(-2.83611 0.459957 2.79554e-21)
(-3.28131 0.163851 -2.01439e-18)
(-3.54623 -0.261867 0)
(-3.78437 -0.869059 0)
(-3.65817 -1.82778 0)
(-2.66667 -2.98415 -1.739e-18)
(-0.441195 -3.73457 0)
(1.95723 -3.65672 0)
(6.66343 -2.04171 0)
(10.8046 0.257238 4.30311e-21)
(11.3595 1.64725 0)
(9.77442 1.90668 1.27548e-18)
(7.84976 1.58656 0)
(6.48952 1.16873 0)
(5.93323 0.770577 0)
(5.86573 0.287077 0)
(6.31116 -0.468508 0)
(7.40539 -1.02172 0)
(8.77354 -0.837178 0)
(9.86478 -0.269207 0)
(10.1559 0.216305 0)
(9.7681 0.497291 2.32763e-18)
(8.84317 0.617426 2.41229e-18)
(7.6404 0.63703 2.00484e-21)
(6.24188 0.580163 0)
(4.84778 0.491035 3.69086e-18)
(3.48366 0.506815 0)
(1.88836 0.723632 -5.23259e-18)
(-0.308605 1.08036 0)
(-3.09804 1.40536 0)
(-5.95689 1.57893 -2.60248e-21)
(-8.65689 1.62876 3.16214e-18)
(-11.1882 1.60658 0)
(-13.552 1.54928 2.92773e-18)
(-15.736 1.46514 0)
(-17.7669 1.37277 2.43621e-21)
(-19.6508 1.28027 -2.87763e-18)
(-21.4163 1.17901 2.89391e-18)
(-23.014 1.10666 -2.85828e-18)
(0.144046 -0.82171 -1.83168e-17)
(0.253884 0.418013 -3.45e-18)
(-0.189455 1.18982 0)
(-0.929924 1.86627 0)
(-2.12345 2.62446 -3.0377e-18)
(-3.78523 3.46476 -1.34753e-18)
(-5.88715 4.27043 0)
(-8.11831 4.81379 0)
(-10.2074 4.96375 -7.80844e-19)
(-12.0003 4.75298 -7.73393e-19)
(-13.4615 4.28532 1.46283e-18)
(-14.6241 3.67539 1.42023e-18)
(-15.5341 3.01083 1.40122e-18)
(-16.2235 2.34645 -6.80098e-19)
(-16.7238 1.71345 1.37299e-18)
(-17.0556 1.13248 -6.74083e-19)
(-17.238 0.610282 1.35721e-18)
(-17.2843 0.152804 -6.61807e-19)
(-17.2053 -0.249763 -1.31396e-18)
(-17.0022 -0.596807 -6.40785e-19)
(-16.6904 -0.918986 6.40869e-19)
(-16.291 -1.20642 6.21405e-19)
(-15.7864 -1.45362 6.20253e-19)
(-15.1869 -1.69794 6.10391e-19)
(-14.5058 -1.93009 -5.91609e-19)
(-13.751 -2.16661 1.17202e-18)
(-12.9318 -2.39395 5.81201e-19)
(-12.0526 -2.62133 5.71991e-19)
(-11.1176 -2.83272 5.64024e-19)
(-10.1288 -3.04033 5.56892e-19)
(-9.1095 -3.22906 0)
(-8.04024 -3.36618 1.08928e-18)
(-6.92142 -3.47545 5.48667e-19)
(-5.75494 -3.53815 1.09478e-18)
(-4.5265 -3.56503 5.43444e-19)
(-3.23868 -3.55342 1.04607e-18)
(-1.88581 -3.52769 -1.01411e-18)
(-0.466481 -3.4857 9.79822e-19)
(1.06205 -3.41376 4.69756e-19)
(2.72074 -3.33893 8.77009e-19)
(4.53448 -3.21281 8.33413e-19)
(6.57672 -3.0024 7.70371e-19)
(8.8357 -2.63847 3.64698e-19)
(11.2906 -1.92464 7.01737e-19)
(13.8008 -0.679059 3.66376e-19)
(16.3413 1.23739 7.50999e-19)
(18.3775 3.54699 4.10587e-19)
(18.3695 5.20084 8.71985e-19)
(15.9966 5.5795 4.95292e-19)
(12.5728 4.9614 1.16275e-18)
(9.19077 3.95134 1.44706e-18)
(6.34379 2.97814 1.7834e-18)
(4.18759 2.24541 1.03543e-18)
(2.62618 1.74119 2.23453e-18)
(1.45493 1.40125 1.16101e-18)
(0.50771 1.17023 2.47268e-18)
(-0.301036 1.00088 1.3412e-18)
(-0.979679 0.831241 2.94808e-18)
(-1.50146 0.586114 1.6698e-18)
(-1.83786 0.229104 3.9118e-18)
(-1.97432 -0.232343 0)
(-2.08512 -0.84206 0)
(-2.2834 -1.90809 4.66947e-18)
(-2.09453 -3.46022 -3.15605e-18)
(-0.120117 -4.48335 2.54823e-18)
(2.46312 -4.57997 0)
(5.39699 -3.37432 2.47449e-18)
(10.3834 -0.630109 -3.21043e-18)
(12.4444 1.63398 1.97135e-18)
(11.4181 2.33285 -3.00916e-18)
(9.60304 2.00631 2.45652e-18)
(8.2137 1.40558 0)
(7.60064 0.806502 -3.50862e-18)
(7.54105 0.197275 -3.95007e-18)
(7.9756 -0.685487 -4.01781e-18)
(8.95954 -1.37159 -3.94582e-18)
(10.1344 -1.18636 -3.96313e-18)
(11.2241 -0.496125 0)
(11.8116 0.135821 -4.08866e-18)
(11.8373 0.552803 -2.05989e-18)
(11.0921 0.77617 -4.25862e-18)
(9.92144 0.858321 -7.19072e-18)
(8.40366 0.833582 -5.49729e-18)
(6.74795 0.759577 -3.25278e-18)
(5.02266 0.815724 0)
(2.95362 1.11239 -9.79837e-18)
(-0.00913054 1.57895 -8.93053e-18)
(-3.37565 1.95596 -7.21584e-18)
(-6.49308 2.10151 -3.18429e-18)
(-9.39802 2.10847 -3.00303e-18)
(-12.1217 2.04281 -5.73348e-18)
(-14.5966 1.93943 -8.40051e-18)
(-16.8692 1.81631 0)
(-18.9644 1.6916 -8.40392e-18)
(-20.8976 1.56936 -5.66456e-18)
(-22.7091 1.44186 0)
(-24.3429 1.34628 2.84584e-18)
(-0.0321116 -0.921165 1.41984e-17)
(-0.0225999 0.641423 0)
(-0.593858 1.71755 3.83907e-18)
(-1.54845 2.7502 0)
(-3.06892 3.91937 4.7911e-18)
(-5.09109 5.13141 0)
(-7.3344 6.08152 0)
(-9.40076 6.48567 -1.31276e-18)
(-11.1299 6.35938 -1.25091e-18)
(-12.5283 5.86183 1.21761e-18)
(-13.6535 5.15119 -1.24375e-18)
(-14.5507 4.34466 -1.23997e-18)
(-15.252 3.51529 2.84197e-20)
(-15.7799 2.70706 0)
(-16.155 1.95204 -1.23301e-18)
(-16.3937 1.26401 1.25666e-18)
(-16.5074 0.647077 -1.23977e-18)
(-16.5063 0.102077 0)
(-16.3987 -0.37897 1.21226e-18)
(-16.1875 -0.800694 0)
(-15.8827 -1.18462 1.25696e-20)
(-15.4966 -1.5289 0)
(-15.0208 -1.83603 -1.16443e-18)
(-14.4624 -2.12888 1.12749e-20)
(-13.8303 -2.40489 0)
(-13.1308 -2.67638 -1.13323e-18)
(-12.3719 -2.93587 1.17533e-20)
(-11.5573 -3.18916 -1.1171e-18)
(-10.6916 -3.42541 -1.11293e-18)
(-9.77681 -3.65077 -1.11025e-18)
(-8.82735 -3.85297 0)
(-7.8322 -4.00973 1.24412e-20)
(-6.79346 -4.13459 -1.13663e-18)
(-5.71314 -4.21746 -1.16145e-18)
(-4.58255 -4.2655 -2.33554e-18)
(-3.40196 -4.27805 -1.14541e-18)
(-2.16379 -4.27645 -1.30895e-20)
(-0.865379 -4.26727 -1.10727e-18)
(0.531841 -4.24652 -1.06658e-18)
(2.06431 -4.23718 -2.02314e-18)
(3.76371 -4.20369 -9.43324e-19)
(5.7066 -4.09868 -8.62823e-19)
(7.9044 -3.8379 -7.64597e-19)
(10.3336 -3.1892 -7.08884e-19)
(12.8534 -1.93215 -1.41335e-18)
(15.2867 0.0293553 -7.02779e-19)
(17.6725 2.76226 -7.13893e-19)
(19.0199 5.44462 -1.53217e-18)
(17.9184 6.77237 -1.5351e-18)
(15.0008 6.47972 -8.56571e-19)
(11.6839 5.38151 -2.18364e-18)
(8.65405 4.15247 -1.43388e-18)
(6.15557 3.11171 -3.49342e-18)
(4.28795 2.35137 -2.0231e-18)
(2.93185 1.84458 -4.45646e-18)
(1.90549 1.51098 -4.70852e-18)
(1.09086 1.26662 -2.54549e-18)
(0.447356 1.02483 -2.81807e-18)
(-0.0304559 0.703222 -6.32115e-18)
(-0.338416 0.267908 -3.59243e-18)
(-0.435995 -0.25594 0)
(-0.413394 -0.8666 0)
(-0.436726 -1.79437 -5.37991e-18)
(-0.585974 -3.68949 -4.02608e-20)
(0.0480211 -5.2969 -2.15945e-18)
(2.76697 -5.56943 0)
(5.05212 -4.61912 -1.8276e-18)
(9.26046 -1.97672 2.06142e-18)
(12.8091 1.26227 -3.54769e-18)
(12.6933 2.71162 1.58682e-18)
(11.1468 2.45773 -1.8623e-18)
(9.87176 1.68013 -2.37065e-18)
(9.27683 0.868533 2.91266e-18)
(9.16646 0.101424 1.93274e-20)
(9.56659 -0.921789 2.33784e-20)
(10.1824 -1.70873 3.16656e-18)
(10.8556 -1.52071 -2.44048e-21)
(11.649 -0.755578 0)
(12.2865 0.00343359 3.73175e-18)
(12.5128 0.596917 -3.50061e-18)
(12.1413 0.996182 3.47666e-18)
(11.2844 1.21076 -7.10704e-21)
(9.97264 1.25286 4.21011e-18)
(8.34583 1.18747 0)
(6.21239 1.25779 0)
(3.16445 1.69724 6.9513e-18)
(-0.814961 2.35113 6.23025e-18)
(-4.62365 2.71244 5.14881e-18)
(-7.87046 2.7663 4.78678e-18)
(-10.8234 2.70568 -4.77263e-18)
(-13.5242 2.5773 9.81473e-18)
(-16.0044 2.41894 5.14175e-18)
(-18.3453 2.2489 0)
(-20.499 2.07753 5.384e-18)
(-22.4592 1.91418 5.51149e-18)
(-24.2908 1.75413 5.66145e-18)
(-25.9207 1.62963 0)
(-0.195624 -0.765602 0)
(-0.361544 1.09584 0)
(-1.10214 2.58973 -3.02183e-18)
(-2.31774 4.15917 0)
(-4.09199 5.82068 -1.65238e-18)
(-6.18544 7.25618 0)
(-8.15882 8.0328 0)
(-9.78011 8.07407 1.02508e-18)
(-11.096 7.61292 1.0185e-18)
(-12.1673 6.85376 0)
(-13.0404 5.93493 0)
(-13.735 4.94758 0)
(-14.2753 3.96158 -1.13771e-18)
(-14.6762 3.01576 0)
(-14.9477 2.13753 0)
(-15.1017 1.33842 -1.14636e-18)
(-15.1493 0.622397 0)
(-15.1011 -0.0122221 0)
(-14.9658 -0.573582 0)
(-14.747 -1.07053 0)
(-14.4511 -1.51939 -1.10479e-18)
(-14.0843 -1.92425 0)
(-13.6434 -2.29176 0)
(-13.1327 -2.63604 -1.08107e-18)
(-12.5572 -2.95879 0)
(-11.9217 -3.26903 0)
(-11.2323 -3.56356 -1.06539e-18)
(-10.4922 -3.84588 0)
(-9.70487 -4.10955 1.07702e-18)
(-8.87248 -4.35544 0)
(-8.00265 -4.5758 1.08996e-18)
(-7.08946 -4.75454 1.59476e-20)
(-6.13203 -4.89704 0)
(-5.13416 -4.99895 1.1523e-18)
(-4.09414 -5.0645 1.12742e-18)
(-3.01355 -5.09762 1.1411e-18)
(-1.88585 -5.11846 2.25527e-18)
(-0.704803 -5.14542 0)
(0.559751 -5.18662 0)
(1.94606 -5.25998 2.10636e-18)
(3.48736 -5.3454 1.01403e-18)
(5.28698 -5.39005 0)
(7.38527 -5.27177 8.02499e-19)
(9.74549 -4.71675 0)
(12.2719 -3.43823 1.35858e-18)
(14.6377 -1.37738 7.01404e-19)
(16.8005 1.51641 0)
(18.6673 4.97535 1.41118e-18)
(18.8587 7.5584 6.34158e-19)
(16.8741 8.04043 0)
(13.952 7.06558 1.57938e-18)
(11.0088 5.64287 0)
(8.41747 4.30674 1.33875e-18)
(6.31615 3.22782 0)
(4.73542 2.46102 3.79921e-18)
(3.57334 1.95286 2.12791e-18)
(2.7044 1.58688 0)
(2.05383 1.24732 0)
(1.5826 0.839786 5.53882e-18)
(1.27574 0.317034 0)
(1.18669 -0.302923 0)
(1.27044 -0.977486 -3.84302e-18)
(1.32946 -1.84796 0)
(1.291 -3.68605 -2.81493e-20)
(0.983998 -5.83135 0)
(2.66592 -6.597 -1.44635e-18)
(5.04489 -5.87995 0)
(7.97699 -3.58844 -1.78403e-18)
(12.3132 0.284887 1.70381e-18)
(13.3491 2.86715 0)
(12.2425 2.90735 0)
(11.2967 1.96868 1.79734e-18)
(10.9381 0.929972 0)
(10.7459 0.0119014 2.52841e-20)
(10.9042 -1.06391 2.88924e-18)
(10.6995 -1.83876 0)
(10.5053 -1.63676 2.91781e-18)
(10.8738 -0.857013 -3.6035e-18)
(11.3512 -0.0551335 0)
(11.6484 0.623896 3.19413e-18)
(11.6721 1.08959 0)
(11.3567 1.34987 -1.18428e-20)
(10.5076 1.43618 0)
(8.81757 1.55177 0)
(5.56081 2.09372 0)
(0.578849 2.98549 -4.46252e-18)
(-4.08929 3.56866 0)
(-7.66219 3.69392 0)
(-10.7499 3.60371 0)
(-13.5447 3.4395 -2.28501e-20)
(-16.1028 3.22854 -7.54916e-18)
(-18.468 3.00594 0)
(-20.6702 2.77867 -4.40009e-18)
(-22.7081 2.55325 0)
(-24.6123 2.34435 0)
(-26.4348 2.14188 1.08237e-20)
(-28.0344 1.97578 0)
(-0.239081 -0.461471 -2.85931e-17)
(-0.529858 1.71403 0)
(-1.37897 3.62935 -5.82966e-18)
(-2.72715 5.69617 0)
(-4.53593 7.67681 0)
(-6.42421 9.0615 -2.67045e-18)
(-8.02362 9.51675 0)
(-9.31448 9.24847 0)
(-10.3871 8.55282 -2.55049e-18)
(-11.2684 7.60364 0)
(-11.9839 6.51756 -2.88699e-18)
(-12.5533 5.38135 0)
(-12.9811 4.2632 0)
(-13.276 3.19688 -2.83051e-18)
(-13.4504 2.21015 -2.82967e-18)
(-13.5199 1.31583 -2.83184e-18)
(-13.4994 0.517411 -2.81558e-18)
(-13.4021 -0.18875 -2.75936e-18)
(-13.2373 -0.813151 -2.71008e-18)
(-13.0088 -1.36831 -2.66546e-18)
(-12.7204 -1.86908 0)
(-12.3744 -2.32293 0)
(-11.9689 -2.73811 0)
(-11.5061 -3.12516 -2.51225e-18)
(-10.9876 -3.48728 0)
(-10.4183 -3.83033 -2.44464e-18)
(-9.80095 -4.15485 0)
(-9.13949 -4.46203 -2.38423e-18)
(-8.43498 -4.74997 -1.16704e-18)
(-7.68889 -5.01627 -2.34353e-18)
(-6.90353 -5.2548 -1.15366e-18)
(-6.07619 -5.45557 -1.15624e-18)
(-5.20481 -5.61774 -2.32836e-18)
(-4.29398 -5.73657 -1.13451e-18)
(-3.34628 -5.81595 0)
(-2.36002 -5.86515 -1.12261e-18)
(-1.32859 -5.90615 -1.12111e-18)
(-0.244671 -5.96212 0)
(0.911292 -6.05065 0)
(2.16986 -6.19418 -3.19653e-18)
(3.56471 -6.39532 -1.02335e-18)
(5.19046 -6.60493 0)
(7.12331 -6.65444 -2.58277e-18)
(9.37949 -6.22893 0)
(11.9031 -4.93982 -7.25035e-19)
(14.3691 -2.70464 -7.41422e-19)
(16.3995 0.400627 0)
(18.1277 4.27453 -7.83138e-19)
(18.9107 7.79894 0)
(17.7501 9.18246 -1.46989e-18)
(15.3816 8.54615 -7.87925e-19)
(12.7364 7.07485 0)
(10.263 5.52927 0)
(8.1216 4.18582 0)
(6.42869 3.15961 -1.68013e-18)
(5.15719 2.43956 0)
(4.22862 1.91741 -4.07346e-18)
(3.56047 1.46069 0)
(3.09338 0.957119 2.4298e-18)
(2.80347 0.337124 0)
(2.73398 -0.390874 -5.62243e-18)
(2.85108 -1.11934 -2.9218e-18)
(2.9349 -1.9286 0)
(2.84551 -3.62758 -2.60123e-18)
(2.24649 -6.01237 -3.56046e-18)
(2.68194 -7.34526 -1.46039e-18)
(4.85148 -6.96147 -2.7637e-18)
(7.14041 -4.91042 1.66565e-18)
(11.218 -0.940408 0)
(13.1321 2.77934 -2.96432e-18)
(12.6731 3.17638 0)
(12.3796 2.08782 0)
(12.2313 0.951436 0)
(11.6318 0.040951 -2.68237e-18)
(11.1227 -0.905262 -6.70706e-18)
(9.92737 -1.53376 0)
(8.7306 -1.46706 0)
(8.91323 -0.96129 4.77297e-18)
(9.2622 -0.260019 -9.62089e-18)
(9.54138 0.482813 -8.03464e-18)
(9.49298 1.07905 0)
(8.85861 1.59748 3.76248e-18)
(6.85199 2.20914 0)
(2.78262 3.04602 -8.4687e-18)
(-2.34518 4.01695 0)
(-6.63819 4.64066 2.84364e-18)
(-9.8881 4.81046 0)
(-12.6632 4.71123 -5.38727e-18)
(-15.2454 4.5021 0)
(-17.6616 4.24436 -3.01625e-18)
(-19.9321 3.95698 3.2007e-18)
(-22.0589 3.6667 -7.00614e-18)
(-24.052 3.37717 3.79964e-18)
(-25.9217 3.09906 -8.33997e-18)
(-27.6807 2.84586 0)
(-29.3492 2.60392 4.98726e-18)
(-30.8894 2.39795 1.0491e-17)
(-0.190552 -0.18864 2.94688e-17)
(-0.513646 2.25367 7.19295e-18)
(-1.36926 4.52507 5.27697e-18)
(-2.73635 6.94733 0)
(-4.4437 9.06659 3.02528e-18)
(-6.08703 10.2984 5.24876e-18)
(-7.4427 10.5079 0)
(-8.57319 10.0471 0)
(-9.52553 9.19988 5.52476e-18)
(-10.306 8.11244 3.03104e-18)
(-10.9411 6.90587 6.08886e-18)
(-11.4307 5.6585 0)
(-11.7722 4.43098 -3.035e-18)
(-11.978 3.26565 6.00996e-18)
(-12.0675 2.19385 6.01915e-18)
(-12.0619 1.22923 6.03429e-18)
(-11.9805 0.37362 2.96974e-18)
(-11.8394 -0.379108 5.84842e-18)
(-11.6491 -1.04311 5.73216e-18)
(-11.4132 -1.63438 5.62354e-18)
(-11.1328 -2.16833 0)
(-10.8076 -2.65436 0)
(-10.4351 -3.10102 0)
(-10.0158 -3.51678 5.2188e-18)
(-9.55038 -3.90551 0)
(-9.04211 -4.27178 5.02178e-18)
(-8.49152 -4.61738 2.47859e-18)
(-7.90175 -4.94324 4.84531e-18)
(-7.27297 -5.24826 0)
(-6.60652 -5.53072 4.69687e-18)
(-5.90346 -5.78495 0)
(-5.16062 -6.00253 2.26602e-18)
(-4.37899 -6.17856 2.19536e-18)
(-3.56 -6.30934 0)
(-2.70417 -6.40025 0)
(-1.81011 -6.46322 0)
(-0.873603 -6.52097 0)
(0.11031 -6.5991 0)
(1.15724 -6.72049 0)
(2.29328 -6.91198 2.04385e-18)
(3.54671 -7.19252 0)
(4.98739 -7.52299 1.93975e-18)
(6.70834 -7.73571 1.75309e-18)
(8.79023 -7.47805 0)
(11.252 -6.26568 0)
(13.8674 -3.90031 0)
(16.0275 -0.54459 1.67988e-18)
(17.6463 3.66406 0)
(18.5797 7.79979 0)
(17.9305 9.9115 1.43867e-18)
(16.0476 9.63806 0)
(13.7586 8.20822 1.7788e-18)
(11.5084 6.55021 0)
(9.46823 5.02727 0)
(7.78023 3.79875 0)
(6.47217 2.89317 0)
(5.51225 2.22036 7.07602e-18)
(4.83474 1.64786 0)
(4.37473 1.05086 -4.13978e-18)
(4.10326 0.342891 0)
(4.03593 -0.474475 4.77222e-18)
(4.14244 -1.23529 -1.23048e-21)
(4.24594 -2.00591 -5.50303e-18)
(4.07089 -3.50278 -2.05271e-20)
(3.45406 -5.91157 -3.81841e-20)
(2.93198 -7.72185 -4.35246e-20)
(4.44618 -7.77643 5.16909e-18)
(6.48914 -5.96107 -3.12631e-18)
(9.84042 -2.11375 4.98277e-18)
(12.4354 2.45516 -1.37089e-20)
(12.8704 3.14535 0)
(13.1115 2.05911 0)
(12.5872 1.11823 0)
(11.2087 0.397913 4.59873e-20)
(9.71802 -0.405353 1.55067e-17)
(8.13798 -0.948959 -1.02258e-17)
(5.58793 -1.11893 1.26576e-17)
(5.97546 -0.83787 -2.14848e-17)
(4.63403 0.215174 2.20238e-17)
(3.17685 1.17256 1.67953e-17)
(1.20476 2.07906 1.14497e-17)
(-1.42458 3.04662 0)
(-4.31816 4.01957 0)
(-7.45031 4.86372 -2.7056e-20)
(-10.2562 5.45895 -4.53316e-18)
(-12.5816 5.73606 -4.32904e-18)
(-14.6762 5.73302 4.3533e-18)
(-16.7276 5.54801 -6.32751e-20)
(-18.7533 5.26961 4.82571e-18)
(-20.7342 4.94789 5.15158e-18)
(-22.6592 4.6017 0)
(-24.5184 4.25791 6.14106e-18)
(-26.3102 3.92198 0)
(-28.0418 3.60358 -3.77479e-20)
(-29.7123 3.31361 8.06148e-18)
(-31.3284 3.04425 2.8457e-20)
(-32.8561 2.81411 -9.16495e-18)
(-0.0786177 -0.0136205 0)
(-0.367607 2.68447 -2.41072e-20)
(-1.15969 5.26384 -4.98384e-18)
(-2.47167 7.94702 3.56573e-18)
(-4.02629 10.115 -5.93992e-18)
(-5.47738 11.2076 -2.65994e-18)
(-6.70334 11.2545 -2.68382e-18)
(-7.76514 10.6631 0)
(-8.65329 9.69471 -6.05597e-18)
(-9.3808 8.50036 6.11262e-20)
(-9.96468 7.19337 -6.31747e-18)
(-10.3859 5.84038 0)
(-10.6472 4.51255 3.08932e-18)
(-10.7679 3.26039 4.6132e-20)
(-10.7764 2.11844 -3.09724e-18)
(-10.7 1.09969 3.75654e-20)
(-10.5623 0.203541 -3.0979e-18)
(-10.3818 -0.57916 2.96862e-20)
(-10.1694 -1.26716 -2.92972e-18)
(-9.92796 -1.88016 2.47831e-20)
(-9.65632 -2.435 0)
(-9.35183 -2.94219 0)
(-9.01086 -3.41008 2.71017e-18)
(-8.63235 -3.84594 2.10145e-20)
(-8.21677 -4.25322 2.58497e-18)
(-7.76407 -4.63652 2.08281e-20)
(-7.27499 -4.99766 2.09847e-20)
(-6.75122 -5.33769 -2.39718e-18)
(-6.1937 -5.65614 0)
(-5.60315 -5.95086 -2.25327e-18)
(-4.98052 -6.21676 0)
(-4.32373 -6.44585 2.20791e-20)
(-3.6312 -6.63292 0)
(-2.90244 -6.77453 0)
(-2.13707 -6.87593 0)
(-1.33435 -6.9501 2.06491e-18)
(-0.491919 -7.02008 0)
(0.392156 -7.11396 2.06544e-18)
(1.32633 -7.25994 0)
(2.3329 -7.48697 2.01304e-18)
(3.44033 -7.8225 0)
(4.69293 -8.24109 3.55885e-20)
(6.17892 -8.58729 0)
(8.01651 -8.50463 1.72895e-18)
(10.3098 -7.44214 1.64262e-18)
(12.9955 -5.03634 0)
(15.4011 -1.43175 6.0454e-20)
(17.0842 3.11217 0)
(18.0575 7.70766 1.81251e-18)
(17.7372 10.4085 0)
(16.2665 10.4729 0)
(14.3445 9.12338 -1.68626e-18)
(12.3684 7.40704 2.03437e-18)
(10.5056 5.76421 0)
(8.8969 4.37937 2.68966e-18)
(7.61229 3.31524 0)
(6.65343 2.50234 -1.47877e-22)
(5.97921 1.81766 0)
(5.52795 1.13085 3.76329e-18)
(5.26447 0.345075 4.06005e-18)
(5.1789 -0.548005 4.30463e-18)
(5.24839 -1.3423 4.42519e-18)
(5.38093 -2.06166 -1.13403e-22)
(5.09558 -3.40025 4.73754e-18)
(4.5707 -5.69626 -2.8285e-20)
(3.64412 -7.78381 2.67951e-18)
(4.10362 -8.35826 -4.97567e-18)
(5.98976 -6.81387 2.90344e-18)
(8.68586 -3.1445 -1.00161e-17)
(11.8374 1.85159 3.49999e-18)
(13.0631 2.88051 -3.09139e-18)
(13.098 2.14789 0)
(11.553 1.65694 4.0551e-18)
(9.2585 1.16361 5.39986e-18)
(6.80711 0.502835 -4.3783e-20)
(3.61772 0.195027 1.86915e-17)
(-1.12225 0.10623 -2.51475e-17)
(-3.87974 0.635445 1.44969e-17)
(-5.33804 1.48666 0)
(-6.56718 2.36185 0)
(-7.90101 3.27168 -5.9055e-18)
(-9.4437 4.18172 0)
(-11.0197 5.0357 4.43394e-18)
(-12.6158 5.73684 4.05326e-18)
(-14.095 6.19747 3.84535e-18)
(-15.529 6.39496 -4.88125e-20)
(-17.0038 6.3531 -3.87404e-18)
(-18.5547 6.14136 8.2176e-18)
(-20.1627 5.83432 -4.37273e-18)
(-21.7995 5.48064 4.79961e-18)
(-23.4466 5.10361 -5.22502e-18)
(-25.0899 4.73036 5.69837e-18)
(-26.7227 4.36861 0)
(-28.3482 4.0287 6.7137e-18)
(-29.9622 3.71855 -7.2816e-18)
(-31.5641 3.43347 -7.87079e-18)
(-33.1235 3.18664 -8.21746e-18)
(0.0682109 0.0467402 0)
(-0.134522 2.98791 -6.07726e-18)
(-0.823444 5.83955 4.81548e-18)
(-2.04595 8.72225 -6.88162e-18)
(-3.43871 10.9087 2.90662e-18)
(-4.76069 11.9105 2.75612e-18)
(-5.94559 11.8541 2.75387e-18)
(-6.98031 11.1623 0)
(-7.83685 10.0944 3.2325e-18)
(-8.53924 8.80778 -3.19055e-18)
(-9.07598 7.4046 3.12483e-18)
(-9.43027 5.95028 0)
(-9.61031 4.52969 0)
(-9.64693 3.20131 -3.0789e-18)
(-9.57797 2.00215 3.12e-18)
(-9.43657 0.942983 -3.09388e-18)
(-9.2491 0.019857 3.03791e-18)
(-9.03515 -0.780033 -2.96618e-18)
(-8.80493 -1.48036 0)
(-8.56034 -2.10455 -2.83587e-18)
(-8.2981 -2.67112 0)
(-8.01358 -3.1913 0)
(-7.7019 -3.67296 -2.64262e-18)
(-7.36116 -4.12216 -5.16457e-18)
(-6.99036 -4.54271 -2.50557e-18)
(-6.58792 -4.93881 -4.87174e-18)
(-6.15497 -5.31166 -2.34772e-18)
(-5.69279 -5.66204 -2.2871e-18)
(-5.20245 -5.98957 0)
(-4.68451 -6.29237 -2.13747e-18)
(-4.13885 -6.56629 0)
(-3.56303 -6.80438 -1.99609e-18)
(-2.9544 -7.00073 -1.9738e-18)
(-2.31128 -7.15175 0)
(-1.63268 -7.26244 -1.94198e-18)
(-0.918207 -7.34614 -1.92511e-18)
(-0.166841 -7.42571 -1.95571e-18)
(0.620664 -7.5295 -1.92895e-18)
(1.44671 -7.68969 -1.94303e-18)
(2.32474 -7.94116 -1.90842e-18)
(3.28145 -8.31391 -1.92569e-18)
(4.34699 -8.79182 -1.87532e-18)
(5.59792 -9.24143 0)
(7.15725 -9.32092 -3.5613e-18)
(9.18923 -8.452 -1.69364e-18)
(11.8053 -6.1122 -1.75178e-18)
(14.4479 -2.30871 -1.8332e-18)
(16.3374 2.58206 -1.89358e-18)
(17.3838 7.57874 -1.84472e-18)
(17.3035 10.7483 -1.58081e-18)
(16.1933 11.1067 0)
(14.6324 9.852 -1.6512e-18)
(12.9505 8.11512 -1.92405e-18)
(11.3037 6.39555 0)
(9.82535 4.89359 -5.03031e-18)
(8.60899 3.69817 0)
(7.68153 2.7604 -6.0357e-18)
(7.02442 1.97128 0)
(6.58562 1.20132 -7.02555e-18)
(6.32135 0.349304 -3.7658e-18)
(6.20591 -0.60442 -3.98008e-18)
(6.22548 -1.4419 0)
(6.3806 -2.09848 4.29204e-18)
(6.07045 -3.28848 0)
(5.41682 -5.47768 3.39398e-18)
(4.64516 -7.64308 0)
(4.08303 -8.67705 -2.30714e-20)
(5.44569 -7.56793 0)
(8.02634 -4.14217 4.29986e-18)
(11.5203 1.01521 0)
(12.8084 2.67878 3.19079e-18)
(11.7646 2.66306 0)
(9.11288 2.65368 -8.10107e-18)
(6.21493 2.3435 -5.49293e-18)
(2.87587 1.99506 -1.72987e-17)
(-0.96254 1.85834 0)
(-3.99907 1.37558 0)
(-6.25724 1.35519 0)
(-8.01975 2.03691 0)
(-9.42493 2.89633 0)
(-10.6891 3.81164 0)
(-11.8962 4.7046 0)
(-13.0396 5.52456 -3.98019e-18)
(-14.14 6.18762 0)
(-15.2095 6.62295 3.62652e-18)
(-16.3082 6.81183 3.57928e-18)
(-17.4876 6.77223 0)
(-18.7728 6.5656 -3.8688e-18)
(-20.1533 6.25896 0)
(-21.6024 5.90011 -4.47523e-18)
(-23.1 5.51549 4.85839e-18)
(-24.6296 5.13297 5.01492e-20)
(-26.18 4.76291 0)
(-27.7494 4.41577 0)
(-29.3303 4.09816 0)
(-30.9174 3.80773 7.16358e-18)
(-32.4888 3.55222 7.36471e-18)
(0.221064 -0.00466998 0)
(0.150485 3.16943 -5.62488e-18)
(-0.413955 6.2777 0)
(-1.53348 9.31515 3.37144e-18)
(-2.77823 11.5162 0)
(-4.02216 12.4826 -2.77198e-18)
(-5.22033 12.3642 2.89969e-18)
(-6.25951 11.5811 -3.13825e-18)
(-7.10467 10.4286 -3.24607e-18)
(-7.78603 9.05471 -3.13191e-18)
(-8.27181 7.55594 0)
(-8.55394 6.00368 3.02192e-18)
(-8.64812 4.49728 -3.00315e-18)
(-8.60103 3.10333 0)
(-8.45989 1.85919 2.86801e-20)
(-8.26156 0.771655 0)
(-8.03298 -0.167387 0)
(-7.79303 -0.974914 0)
(-7.55024 -1.6793 2.8045e-18)
(-7.30526 -2.30748 0)
(-7.05307 -2.8798 0)
(-6.78756 -3.40759 2.58802e-18)
(-6.50293 -3.89804 0)
(-6.19654 -4.35638 2.41353e-18)
(-5.86597 -4.78632 2.35079e-18)
(-5.50983 -5.19107 2.26268e-18)
(-5.12922 -5.57157 0)
(-4.72443 -5.92874 4.25205e-18)
(-4.29632 -6.26237 0)
(-3.84513 -6.57096 3.97936e-18)
(-3.37028 -6.85088 0)
(-2.86907 -7.09589 1.88506e-18)
(-2.3382 -7.29992 1.83136e-18)
(-1.77506 -7.45912 1.82779e-18)
(-1.17816 -7.57798 1.80578e-18)
(-0.547284 -7.66972 1.83357e-18)
(0.117241 -7.75659 1.82506e-18)
(0.812456 -7.86672 0)
(1.53677 -8.03417 3.6827e-18)
(2.29419 -8.29802 0)
(3.10208 -8.69256 3.70904e-18)
(3.98407 -9.20932 0)
(5.00629 -9.73389 0)
(6.27978 -9.94806 3.66713e-18)
(7.99605 -9.28524 0)
(10.3927 -7.1037 3.64476e-18)
(13.1732 -3.19257 0)
(15.3511 2.03045 1.94924e-18)
(16.5555 7.41408 0)
(16.6938 10.9697 1.60436e-18)
(15.9171 11.5797 0)
(14.7081 10.4234 3.22814e-18)
(13.3309 8.69289 0)
(11.9227 6.92808 0)
(10.6064 5.3423 2.38192e-18)
(9.49059 4.04006 0)
(8.61984 2.99444 5.70846e-18)
(7.99334 2.11102 0)
(7.57119 1.2664 6.64003e-18)
(7.30291 0.359451 0)
(7.15511 -0.641692 3.72269e-18)
(7.12197 -1.5313 0)
(7.26432 -2.13709 0)
(7.0506 -3.15653 0)
(6.12737 -5.2636 0)
(5.59095 -7.41644 0)
(4.58453 -8.70873 4.80441e-18)
(4.87026 -8.19396 2.57631e-18)
(7.35248 -5.19525 3.78143e-18)
(10.8989 0.196585 4.63031e-18)
(11.3953 2.89116 3.32484e-18)
(9.09532 3.68078 3.42852e-18)
(5.98584 3.93277 8.09115e-18)
(3.12029 3.67709 1.08118e-17)
(0.0665546 3.35889 1.36046e-17)
(-2.37251 2.86782 0)
(-4.26809 2.13921 0)
(-6.29046 2.02508 0)
(-8.06451 2.57106 0)
(-9.55038 3.35178 0)
(-10.8494 4.21802 4.58496e-18)
(-12.0169 5.0759 0)
(-13.0768 5.86256 3.77764e-18)
(-14.061 6.49938 3.58173e-18)
(-15.0148 6.92594 -3.4634e-18)
(-15.9964 7.12199 3.50439e-18)
(-17.061 7.10236 3.60416e-18)
(-18.2382 6.92007 0)
(-19.5224 6.63314 0)
(-20.8891 6.28666 0)
(-22.3185 5.90968 -4.63961e-18)
(-23.7935 5.53091 -4.94318e-18)
(-25.3018 5.16271 -5.36405e-18)
(-26.8381 4.81596 0)
(-28.3937 4.49623 -6.12607e-18)
(-29.9614 4.20341 -6.47456e-18)
(-31.5281 3.94155 0)
(0.328508 -0.142282 0)
(0.46391 3.24661 5.24132e-18)
(0.025085 6.60272 0)
(-0.988287 9.76215 0)
(-2.095 11.9899 0)
(-3.30581 12.9696 0)
(-4.54969 12.8144 -2.94693e-18)
(-5.6133 11.9471 3.18518e-18)
(-6.46077 10.7126 -3.73813e-20)
(-7.11312 9.25126 2.9057e-18)
(-7.5378 7.65697 0)
(-7.73772 6.01014 -2.80378e-18)
(-7.74059 4.42606 2.78838e-18)
(-7.61168 2.97824 0)
(-7.40593 1.70112 -2.78925e-18)
(-7.16102 0.595257 0)
(-6.90175 -0.351582 0)
(-6.64429 -1.16041 0)
(-6.39468 -1.86367 -2.56827e-18)
(-6.15231 -2.49124 0)
(-5.91102 -3.0648 -2.45426e-18)
(-5.66366 -3.59601 -2.37432e-18)
(-5.40416 -4.09134 -2.3175e-18)
(-5.12892 -4.55536 0)
(-4.83479 -4.9914 1.26246e-20)
(-4.52108 -5.40188 0)
(-4.18793 -5.78766 -2.04829e-18)
(-3.83523 -6.14955 -1.97195e-18)
(-3.46358 -6.48736 -1.92303e-18)
(-3.07299 -6.79992 -1.85051e-18)
(-2.66264 -7.08417 -1.80949e-18)
(-2.22968 -7.33454 -3.51388e-18)
(-1.77037 -7.54493 -1.73185e-18)
(-1.28134 -7.71124 -3.41681e-18)
(-0.760613 -7.83731 0)
(-0.208091 -7.93589 -3.44162e-18)
(0.37461 -8.0283 1.74554e-18)
(0.982695 -8.14198 0)
(1.61148 -8.3117 -3.52926e-18)
(2.2572 -8.57863 0)
(2.9254 -8.98112 -3.60117e-18)
(3.63128 -9.51975 -1.84262e-18)
(4.43022 -10.0941 0)
(5.42526 -10.415 -3.75073e-18)
(6.80632 -9.94507 0)
(8.86447 -7.98524 -3.85155e-18)
(11.6181 -4.07886 -2.08301e-18)
(14.1041 1.42645 -2.12482e-18)
(15.5578 7.19249 0)
(15.9375 11.0874 -1.68458e-18)
(15.4897 11.9166 0)
(14.6282 10.8579 -3.17867e-18)
(13.5598 9.15245 -1.79002e-18)
(12.4041 7.37094 0)
(11.2738 5.72751 -2.26538e-18)
(10.2831 4.34155 0)
(9.48869 3.20482 -5.44657e-18)
(8.90548 2.23819 0)
(8.50473 1.3281 -3.16347e-18)
(8.23439 0.376282 0)
(8.05894 -0.661644 -3.52277e-18)
(7.97815 -1.60411 0)
(8.07178 -2.18715 0)
(7.9757 -3.01563 4.05716e-18)
(6.89367 -5.02296 0)
(6.27989 -7.18868 0)
(5.415 -8.52022 -2.39637e-18)
(4.65863 -8.55976 -2.47521e-18)
(6.29932 -6.13938 -3.44496e-18)
(9.3881 -0.34878 -5.62764e-18)
(8.73459 3.60415 -3.43942e-18)
(5.8591 4.95126 -3.43104e-18)
(3.18172 5.14757 -4.00868e-18)
(0.969556 4.75002 -4.98204e-18)
(-0.999396 4.19917 -5.7884e-18)
(-2.40585 3.45784 0)
(-3.92551 2.7373 0)
(-5.72876 2.63058 0)
(-7.40017 3.0847 0)
(-8.86511 3.78745 4.938e-18)
(-10.1616 4.59413 -4.3628e-18)
(-11.3214 5.40729 0)
(-12.3661 6.15791 -3.6386e-18)
(-13.3299 6.7715 -3.45493e-18)
(-14.2622 7.19451 0)
(-15.2201 7.40549 4.21344e-20)
(-16.2575 7.41519 -3.44261e-18)
(-17.4013 7.26628 3.6466e-18)
(-18.6466 7.00752 0)
(-19.9718 6.68104 4.10162e-18)
(-21.3601 6.31824 4.32794e-18)
(-22.7972 5.94881 4.68034e-18)
(-24.2714 5.58726 9.93473e-18)
(-25.7773 5.24506 5.30365e-18)
(-27.3067 4.92752 1.1193e-17)
(-28.8515 4.63568 5.92099e-18)
(-30.4062 4.37069 0)
(0.339551 -0.323197 0)
(0.782617 3.22995 0)
(0.47809 6.83519 0)
(-0.444214 10.1016 -3.30618e-18)
(-1.42562 12.3643 0)
(-2.62437 13.3974 0)
(-3.94479 13.2224 0)
(-5.04971 12.2726 0)
(-5.89819 10.9555 5.64183e-18)
(-6.50645 9.40282 -2.70728e-18)
(-6.85387 7.71336 2.64537e-18)
(-6.95882 5.97687 2.6141e-18)
(-6.86654 4.32447 2.58832e-18)
(-6.6608 2.83445 2.56833e-18)
(-6.40094 1.53516 2.55398e-18)
(-6.12158 0.420022 2.53958e-18)
(-5.84277 -0.527723 2.47238e-18)
(-5.57635 -1.33315 2.41544e-18)
(-5.32555 -2.03178 2.36265e-18)
(-5.08866 -2.65582 2.30997e-18)
(-4.85884 -3.22816 2.24356e-18)
(-4.62861 -3.76035 2.19785e-18)
(-4.39181 -4.25827 2.12621e-18)
(-4.14406 -4.72585 2.07735e-18)
(-3.88276 -5.16577 -2.00778e-18)
(-3.60706 -5.57992 1.96075e-18)
(-3.31639 -5.96916 1.8929e-18)
(-3.0105 -6.33414 1.84858e-18)
(-2.68973 -6.67469 1.78338e-18)
(-2.35391 -6.98989 1.74336e-18)
(-2.00213 -7.2772 1.6841e-18)
(-1.63147 -7.53168 1.64441e-18)
(-1.23783 -7.74738 1.6171e-18)
(-0.817264 -7.9199 1.60523e-18)
(-0.36733 -8.0524 0)
(0.111947 -8.15685 1.62332e-18)
(0.617895 -8.25343 -1.64317e-18)
(1.14431 -8.36864 0)
(1.68367 -8.5369 1.69233e-18)
(2.22585 -8.7998 0)
(2.76553 -9.19866 1.746e-18)
(3.30568 -9.74233 -2.10941e-20)
(3.88981 -10.347 0)
(4.61614 -10.7487 1.90877e-18)
(5.66393 -10.4429 0)
(7.32221 -8.73497 -2.22185e-20)
(9.85008 -4.94841 2.17106e-18)
(12.5886 0.75233 2.24689e-18)
(14.3713 6.89258 0)
(15.0421 11.1015 1.7203e-18)
(14.9381 12.1292 0)
(14.4263 11.1703 1.56968e-18)
(13.67 9.50636 1.74152e-18)
(12.7791 7.72829 0)
(11.8531 6.05085 2.18453e-18)
(11.0059 4.60285 -2.39568e-18)
(10.3051 3.39121 2.61692e-18)
(9.77737 2.35304 0)
(9.40455 1.38694 0)
(9.13783 0.398634 -3.19501e-18)
(8.94466 -0.66777 3.34106e-18)
(8.82698 -1.65725 0)
(8.8557 -2.2439 -3.4665e-18)
(8.82577 -2.87134 -3.78814e-18)
(7.79201 -4.72199 0)
(6.82566 -6.95706 0)
(6.26447 -8.23241 -2.39841e-18)
(5.04793 -8.59479 0)
(5.30462 -6.68753 3.26633e-18)
(7.22461 -0.458879 0)
(5.55888 4.61794 -3.50123e-18)
(3.0678 6.09039 0)
(1.35074 6.01629 3.96231e-18)
(0.032366 5.40466 0)
(-1.06473 4.67672 0)
(-2.03856 3.88887 0)
(-3.36949 3.26835 6.39214e-18)
(-4.96786 3.18955 0)
(-6.51112 3.5842 0)
(-7.91348 4.2223 -4.68469e-18)
(-9.17864 4.97239 4.15578e-18)
(-10.3228 5.7408 0)
(-11.3627 6.45633 0)
(-12.3307 7.0499 0)
(-13.2727 7.47284 0)
(-14.2397 7.70235 -3.27309e-18)
(-15.2781 7.744 3.38588e-18)
(-16.4088 7.62995 -3.46213e-18)
(-17.6271 7.40082 0)
(-18.917 7.09675 -3.84931e-18)
(-20.2665 6.75133 4.14159e-18)
(-21.6646 6.39485 -4.34375e-18)
(-23.102 6.04349 -4.60557e-18)
(-24.5739 5.70925 -4.86751e-18)
(-26.0731 5.39734 -5.12492e-18)
(-27.5906 5.10924 -5.37454e-18)
(-29.1268 4.8445 5.48406e-18)
(0.234031 -0.510041 0)
(1.08688 3.1282 0)
(0.938894 6.99679 3.42726e-18)
(0.0867977 10.3548 3.23068e-18)
(-0.782256 12.6647 2.82822e-18)
(-1.98073 13.7843 0)
(-3.40541 13.603 0)
(-4.56722 12.5671 0)
(-5.40641 11.1605 -5.10667e-18)
(-5.9474 9.51176 2.42704e-18)
(-6.19678 7.72805 -2.37339e-18)
(-6.19443 5.9085 -2.34176e-18)
(-6.00689 4.1993 -2.32019e-18)
(-5.73305 2.68001 -2.30617e-18)
(-5.43184 1.36922 -2.29712e-18)
(-5.13105 0.251949 -2.2834e-18)
(-4.8436 -0.692409 -2.23254e-18)
(-4.57594 -1.49208 -2.19e-18)
(-4.32871 -2.18457 -2.14991e-18)
(-4.09934 -2.80377 -2.10877e-18)
(-3.88094 -3.37348 -2.07503e-18)
(-3.66621 -3.90517 -2.01708e-18)
(-3.44914 -4.40413 -1.97687e-18)
(-3.22557 -4.87361 -1.91663e-18)
(-2.99339 -5.31572 1.87589e-18)
(-2.75125 -5.73208 -1.81635e-18)
(-2.49835 -6.12346 -1.77726e-18)
(-2.2343 -6.49033 -1.7198e-18)
(-1.95925 -6.83252 -1.68383e-18)
(-1.6729 -7.14933 -1.62944e-18)
(-1.37428 -7.43871 1.59977e-18)
(-1.06048 -7.69631 -1.56673e-18)
(-0.727174 -7.9164 -1.54524e-18)
(-0.369892 -8.0944 -1.53854e-18)
(0.0141802 -8.23269 -1.54548e-18)
(0.424833 -8.34221 -1.56298e-18)
(0.858709 -8.44189 -1.58987e-18)
(1.30856 -8.55705 -1.62398e-18)
(1.76419 -8.72091 -1.66071e-18)
(2.21005 -8.97416 -1.69682e-18)
(2.6316 -9.35955 -1.7357e-18)
(3.01842 -9.89363 -1.83034e-20)
(3.39987 -10.5096 1.86279e-18)
(3.86468 -10.9697 -1.96758e-18)
(4.58862 -10.7972 -2.07139e-18)
(5.84186 -9.33896 2.16337e-18)
(7.96229 -5.77071 -2.33509e-18)
(10.8074 0.00300085 -2.47294e-18)
(12.9711 6.48568 0)
(13.9992 10.9969 -1.79407e-18)
(14.2709 12.2169 -1.55012e-18)
(14.1195 11.3648 0)
(13.6825 9.75812 -1.68904e-18)
(13.0663 8.00348 -1.92444e-18)
(12.3601 6.31483 0)
(11.6734 4.82396 1.23909e-20)
(11.0821 3.55324 -2.51038e-18)
(10.6226 2.45544 0)
(10.2861 1.44251 -2.88615e-18)
(10.0316 0.42443 1.23909e-20)
(9.83467 -0.664304 -1.20889e-20)
(9.69566 -1.69205 0)
(9.65897 -2.29466 3.26726e-18)
(9.6238 -2.74711 0)
(8.73994 -4.36358 0)
(7.43465 -6.68813 2.67546e-18)
(6.98719 -7.95011 2.38312e-18)
(5.84077 -8.33803 2.36635e-18)
(4.87537 -6.74311 -6.50421e-18)
(5.00676 -0.0647448 0)
(2.8449 5.62507 3.52675e-18)
(1.34035 6.83205 3.41755e-18)
(0.559672 6.48022 -3.87811e-18)
(-0.0763315 5.74252 0)
(-0.715145 4.97951 5.15051e-18)
(-1.51273 4.26087 5.71868e-18)
(-2.69122 3.76003 -5.93334e-18)
(-4.10708 3.71875 0)
(-5.51917 4.07694 0)
(-6.84125 4.66479 0)
(-8.05805 5.36566 -3.99922e-18)
(-9.17558 6.09259 3.66004e-18)
(-10.2061 6.77648 0)
(-11.1785 7.35348 0)
(-12.1325 7.77851 0)
(-13.1112 8.02737 3.22443e-18)
(-14.1512 8.1 -3.23827e-18)
(-15.2677 8.01915 3.39421e-18)
(-16.4575 7.81914 3.54507e-18)
(-17.7098 7.53871 0)
(-19.0172 7.21298 -3.87647e-18)
(-20.3721 6.87252 4.14007e-18)
(-21.7679 6.53487 0)
(-23.2011 6.21231 4.56729e-18)
(-24.6646 5.90972 0)
(-26.1487 5.62819 0)
(-27.6588 5.36662 3.17326e-20)
(0.0398302 -0.680393 1.70525e-17)
(1.37179 2.94956 0)
(1.3902 7.10012 -6.16903e-18)
(0.601205 10.5554 2.92425e-18)
(-0.168609 12.9089 -5.63225e-18)
(-1.37625 14.1386 0)
(-2.93147 13.9658 0)
(-4.16035 12.8362 -2.45855e-18)
(-4.97043 11.3282 2.27254e-18)
(-5.41318 9.57838 2.19728e-18)
(-5.54145 7.70375 -2.15881e-18)
(-5.42295 5.81103 0)
(-5.14555 4.05804 -2.11811e-18)
(-4.81638 2.52152 0)
(-4.48799 1.20795 -2.10046e-18)
(-4.17822 0.0939306 0)
(-3.89167 -0.844318 -2.04753e-18)
(-3.62913 -1.63713 0)
(-3.38903 -2.32303 0)
(-3.16825 -2.93703 0)
(-2.96042 -3.50356 3.82784e-18)
(-2.75902 -4.03393 0)
(-2.55879 -4.53288 1.83027e-18)
(-2.35627 -5.00303 0)
(-2.14936 -5.44612 8.69294e-21)
(-1.93659 -5.86359 0)
(-1.71706 -6.25605 3.33308e-18)
(-1.4903 -6.62384 0)
(-1.25627 -6.96676 3.17512e-18)
(-1.01462 -7.28431 0)
(-0.764341 -7.57486 9.85357e-21)
(-0.502574 -7.83468 1.48444e-18)
(-0.224844 -8.05836 2.94582e-18)
(0.0736918 -8.24114 2.93739e-18)
(0.396089 -8.38457 2.95406e-18)
(0.742099 -8.49841 2.9962e-18)
(1.10802 -8.60029 1.52371e-18)
(1.48564 -8.71399 3.14303e-18)
(1.8624 -8.8708 3.23508e-18)
(2.21819 -9.10944 3.32937e-18)
(2.5305 -9.47254 3.42607e-18)
(2.77611 -9.98305 1.76465e-18)
(2.96764 -10.5907 1.4225e-20)
(3.18015 -11.0889 3.9592e-18)
(3.58606 -11.0267 4.27748e-18)
(4.45695 -9.7924 2.30893e-18)
(6.06979 -6.5148 2.48415e-18)
(8.78779 -0.812646 2.69964e-18)
(11.3258 5.95306 2.38921e-18)
(12.7892 10.7541 3.72529e-18)
(13.4847 12.1699 1.5705e-18)
(13.7135 11.438 1.53824e-18)
(13.6072 9.90665 3.30348e-18)
(13.2737 8.19314 1.86358e-18)
(12.8028 6.51318 2.0393e-18)
(12.2943 4.99913 2.2492e-18)
(11.8287 3.68592 4.85639e-18)
(11.4509 2.54141 2.59602e-18)
(11.1613 1.49126 2.77351e-18)
(10.9304 0.448934 5.82105e-18)
(10.7468 -0.657428 -1.56144e-20)
(10.6072 -1.71192 -2.99346e-18)
(10.5088 -2.32834 -3.06129e-18)
(10.4198 -2.63671 -3.3121e-18)
(9.65374 -3.96312 0)
(8.22726 -6.34991 -5.30713e-18)
(7.59671 -7.68874 0)
(6.7551 -7.92197 -4.71053e-18)
(5.12605 -6.27477 3.38961e-18)
(3.24784 0.783559 -6.4851e-18)
(1.26611 6.35813 0)
(0.705462 7.14596 -6.76946e-18)
(0.522019 6.64747 0)
(0.257971 5.90918 -4.43685e-18)
(-0.173853 5.20738 -5.08202e-18)
(-0.872091 4.60291 -1.11186e-17)
(-1.91472 4.22199 0)
(-3.1702 4.22526 -5.33333e-18)
(-4.45466 4.56605 -4.79724e-18)
(-5.68796 5.1165 -4.28484e-18)
(-6.84471 5.77618 -3.87066e-18)
(-7.92426 6.46743 -7.11746e-18)
(-8.93564 7.12408 -3.34774e-18)
(-9.90368 7.68822 -3.21484e-18)
(-10.8613 8.1177 0)
(-11.8429 8.38607 -6.25715e-18)
(-12.8754 8.48766 0)
(-13.969 8.43738 -6.53071e-18)
(-15.1218 8.26493 -3.36864e-18)
(-16.3283 8.0083 -3.5762e-18)
(-17.5854 7.70385 -3.74861e-18)
(-18.8892 7.38229 -7.8068e-18)
(-20.2361 7.06199 -4.10708e-18)
(-21.6233 6.7549 -8.52165e-18)
(-23.0435 6.46519 -4.4504e-18)
(-24.4862 6.19308 -4.61048e-18)
(-25.9607 5.93754 -4.60228e-18)
(-0.177596 -0.829692 -2.19868e-20)
(1.6394 2.70998 0)
(1.82186 7.16024 2.77747e-18)
(1.08962 10.7093 -2.63285e-18)
(0.412462 13.1084 -4.57401e-21)
(-0.816183 14.4715 2.55226e-18)
(-2.52101 14.3167 0)
(-3.82277 13.082 2.17281e-18)
(-4.57026 11.4581 2.03221e-18)
(-4.87734 9.60311 -1.94458e-18)
(-4.86291 7.64418 1.92187e-18)
(-4.62536 5.69074 1.92059e-18)
(-4.26929 3.90773 3.79924e-18)
(-3.90064 2.36508 0)
(-3.55957 1.05574 3.77291e-18)
(-3.25203 -0.0513739 0)
(-2.97411 -0.982244 3.68894e-18)
(-2.72149 -1.76821 0)
(-2.49072 -2.44798 0)
(-2.27855 -3.05716 0)
(-2.07987 -3.62053 8.55898e-21)
(-1.88952 -4.14917 1.72221e-18)
(-1.70338 -4.64738 0)
(-1.5186 -5.11732 1.65327e-18)
(-1.33329 -5.56051 8.05902e-21)
(-1.14597 -5.97819 0)
(-0.955776 -6.37088 -1.5389e-18)
(-0.762136 -6.73874 1.51333e-18)
(-0.564914 -7.0816 8.62186e-21)
(-0.363709 -7.3991 0)
(-0.157538 -7.69 -2.8351e-18)
(0.0563914 -7.95123 1.39906e-18)
(0.282589 -8.17776 1.00234e-20)
(0.526117 -8.36462 -1.3715e-18)
(0.79028 -8.5125 -1.38197e-18)
(1.07498 -8.63003 1.17949e-20)
(1.37625 -8.73333 0)
(1.68499 -8.84425 -1.48376e-18)
(1.98672 -8.9916 1.37404e-20)
(2.25758 -9.21118 1.41512e-20)
(2.46814 -9.54394 -1.64521e-18)
(2.58336 -10.0174 0)
(2.59724 -10.5974 1.13646e-20)
(2.5673 -11.11 -1.92271e-18)
(2.65626 -11.1393 2.36105e-21)
(3.16153 -10.097 -2.32629e-18)
(4.27754 -7.14545 0)
(6.62591 -1.67153 2.88859e-18)
(9.41424 5.23451 -4.33574e-21)
(11.3709 10.3247 -1.96071e-18)
(12.5577 11.9614 0)
(13.2009 11.3757 -1.51777e-20)
(13.443 9.94391 -1.74338e-20)
(13.4018 8.29256 -1.77537e-18)
(13.1802 6.64619 -2.11851e-20)
(12.8703 5.13003 0)
(12.5502 3.79131 -2.03593e-20)
(12.2707 2.61323 -2.48237e-18)
(12.0417 1.53547 2.59667e-18)
(11.8494 0.473023 -2.73169e-18)
(11.6983 -0.649136 -2.83632e-18)
(11.5791 -1.71739 2.79487e-18)
(11.427 -2.33615 5.66108e-18)
(11.2472 -2.51714 3.05153e-18)
(10.5422 -3.54651 0)
(9.15449 -5.93497 2.53311e-18)
(8.2655 -7.39761 0)
(7.73614 -7.42875 2.29133e-18)
(5.77959 -5.36726 0)
(2.24972 1.96026 5.07079e-18)
(0.916747 6.74004 3.15224e-18)
(0.872288 7.1732 3.21351e-18)
(0.951078 6.6522 3.54383e-18)
(0.839706 5.98965 4.03518e-18)
(0.501564 5.40125 4.71349e-18)
(-0.11747 4.92705 5.26136e-18)
(-1.04095 4.66108 5.38748e-18)
(-2.15364 4.71515 5.02492e-18)
(-3.31307 5.05224 9.09796e-18)
(-4.4479 5.57777 4.08299e-18)
(-5.53093 6.20596 3.70463e-18)
(-6.55731 6.86739 3.41769e-18)
(-7.53368 7.50279 6.44383e-18)
(-8.48066 8.0589 3.08266e-18)
(-9.42436 8.49449 3.04207e-18)
(-10.3906 8.78124 2.99899e-18)
(-11.3979 8.90836 0)
(-12.4532 8.88475 3.1116e-18)
(-13.5571 8.73772 0)
(-14.7087 8.50522 3.35976e-18)
(-15.909 8.22439 7.06907e-18)
(-17.157 7.92555 3.6648e-18)
(-18.4503 7.62699 7.68299e-18)
(-19.7861 7.33942 3.96786e-18)
(-21.1564 7.06621 4.11028e-18)
(-22.55 6.80634 8.52737e-18)
(-23.9795 6.55962 4.29404e-18)
(-0.348563 -0.964676 -1.30541e-17)
(1.88705 2.43469 3.36231e-18)
(2.226 7.18817 0)
(1.54646 10.8272 -2.3696e-18)
(0.962528 13.2777 2.44313e-18)
(-0.306081 14.7859 -4.53769e-18)
(-2.18049 14.6557 0)
(-3.55101 13.3006 -1.91594e-18)
(-4.18763 11.5438 -1.76176e-18)
(-4.32207 9.5839 0)
(-4.15259 7.55212 0)
(-3.80477 5.55364 -3.39974e-18)
(-3.39002 3.7549 -1.68136e-18)
(-3.00194 2.21568 1.68451e-18)
(-2.66369 0.915607 -1.66975e-18)
(-2.36901 -0.182567 -1.66847e-18)
(-2.10656 -1.10588 -1.63633e-18)
(-1.86791 -1.88572 1.62771e-18)
(-1.64827 -2.56033 0)
(-1.44494 -3.16539 -1.59536e-18)
(-1.25462 -3.72578 -3.14238e-18)
(-1.07376 -4.25242 -1.54321e-18)
(-0.899538 -4.74928 1.52344e-18)
(-0.729789 -5.21827 -1.48742e-18)
(-0.562892 -5.66075 -2.92323e-18)
(-0.397513 -6.07784 0)
(-0.232808 -6.46994 -1.40701e-18)
(-0.0681658 -6.83714 -1.37158e-18)
(0.0966217 -7.17925 -2.69583e-18)
(0.26198 -7.49602 0)
(0.428851 -7.78659 2.5951e-18)
(0.599906 -8.04842 -2.55694e-18)
(0.779612 -8.27689 -1.26331e-18)
(0.973229 -8.46696 1.27304e-18)
(1.18433 -8.61853 1.28625e-18)
(1.413 -8.73902 -2.61254e-18)
(1.65504 -8.84299 -1.34784e-18)
(1.90075 -8.95026 -1.39448e-18)
(2.13423 -9.08689 1.18794e-20)
(2.32897 -9.28522 1.21391e-20)
(2.45015 -9.58314 0)
(2.45267 -10.0102 -1.64086e-18)
(2.31209 -10.5456 8.85507e-21)
(2.06453 -11.0467 1.84658e-18)
(1.85552 -11.1379 -4.04065e-18)
(2.00956 -10.2469 2.2488e-18)
(2.7174 -7.58717 -2.57306e-18)
(4.60658 -2.41241 -2.35141e-20)
(7.46916 4.46327 -2.74032e-18)
(9.85299 9.71808 2.22938e-18)
(11.5532 11.581 -1.73744e-18)
(12.6217 11.1674 -2.05893e-20)
(13.2076 9.8583 -2.14159e-20)
(13.4522 8.28847 2.27204e-20)
(13.4793 6.68329 -2.22901e-20)
(13.3721 5.18358 -2.12536e-18)
(13.2071 3.83975 -2.31465e-18)
(13.0368 2.64593 -2.43029e-18)
(12.8795 1.55238 -1.93453e-20)
(12.7395 0.473312 -2.65375e-18)
(12.6333 -0.662246 0)
(12.5397 -1.72232 0)
(12.3541 -2.30922 -2.78017e-18)
(12.0629 -2.37952 0)
(11.3998 -3.16828 0)
(10.0769 -5.4962 0)
(9.13563 -7.15127 0)
(8.64542 -6.91333 0)
(6.58899 -4.21607 0)
(2.12246 3.2643 0)
(1.45835 6.87498 -3.1388e-18)
(1.53058 7.08111 -3.20764e-18)
(1.64411 6.59479 -3.53287e-18)
(1.55278 6.0306 0)
(1.2455 5.55699 -4.46121e-18)
(0.688144 5.21019 0)
(-0.130722 5.04918 -5.45053e-18)
(-1.116 5.1531 0)
(-2.15403 5.496 -4.78386e-18)
(-3.18748 6.00518 -4.34405e-18)
(-4.18778 6.60943 0)
(-5.15141 7.24925 0)
(-6.08247 7.86889 -3.45885e-18)
(-6.99729 8.41942 0)
(-7.91553 8.86157 -6.54255e-18)
(-8.85559 9.16416 0)
(-9.83019 9.31223 0)
(-10.845 9.31179 -3.4183e-18)
(-11.9025 9.18899 -3.54381e-18)
(-13.0051 8.98152 0)
(-14.155 8.72654 -3.80648e-18)
(-15.3521 8.45325 0)
(-16.594 8.17896 -4.13534e-18)
(-17.8772 7.91288 0)
(-19.1945 7.65781 0)
(-20.534 7.41157 -4.59033e-18)
(-21.9115 7.17489 -4.61612e-18)
(-0.424458 -1.09522 0)
(2.11574 2.14939 -3.06462e-18)
(2.59686 7.19401 2.24991e-18)
(1.96819 10.916 2.14754e-18)
(1.48197 13.4203 0)
(0.150498 15.084 4.00724e-18)
(-1.91406 14.9798 0)
(-3.32839 13.4867 1.6404e-18)
(-3.79691 11.5835 0)
(-3.73296 9.52664 1.51999e-18)
(-3.41179 7.43884 1.51781e-18)
(-2.97507 5.41301 1.49616e-18)
(-2.52724 3.6116 1.49527e-18)
(-2.14006 2.0828 9.99796e-21)
(-1.81792 0.794678 0)
(-1.54397 -0.294116 2.94038e-18)
(-1.30143 -1.21064 0)
(-1.07914 -1.98563 -2.88267e-18)
(-0.871636 -2.65637 1.43534e-18)
(-0.677328 -3.25821 1.41648e-18)
(-0.494901 -3.81598 2.81104e-18)
(-0.322546 -4.3405 1.39049e-18)
(-0.15877 -4.83559 -1.36222e-18)
(-0.00210636 -5.30303 1.34595e-18)
(0.148742 -5.74411 2.63671e-18)
(0.294951 -6.15988 0)
(0.437316 -6.55064 1.26635e-18)
(0.57648 -6.91641 0)
(0.712714 -7.25697 1.22081e-18)
(0.846481 -7.57219 0)
(0.978692 -7.86152 7.65256e-21)
(1.11191 -8.12295 -7.95144e-21)
(1.25053 -8.3523 -1.16837e-18)
(1.39995 -8.54447 -2.33541e-18)
(1.56396 -8.69864 -2.36506e-18)
(1.74285 -8.82105 -9.59415e-21)
(1.93238 -8.92471 -1.00528e-20)
(2.12257 -9.02739 -1.04838e-20)
(2.29679 -9.15229 -2.70031e-18)
(2.42712 -9.32801 -2.8295e-18)
(2.47535 -9.58848 -1.49012e-18)
(2.38892 -9.96309 -9.7902e-21)
(2.12649 -10.4414 -3.30432e-18)
(1.69983 -10.9103 -3.54777e-18)
(1.22902 -11.0413 6.46916e-21)
(1.04569 -10.2865 -4.35647e-18)
(1.40245 -7.89568 3.41338e-20)
(2.84011 -3.07803 -5.91862e-18)
(5.65142 3.63729 -2.7481e-18)
(8.38573 9.00296 -4.51391e-18)
(10.5496 11.0606 2.85674e-20)
(12.0265 10.8375 -3.37373e-18)
(12.9333 9.66972 -3.4538e-18)
(13.4521 8.18987 2.37308e-20)
(13.7125 6.64434 -3.80244e-18)
(13.7968 5.17713 2.2019e-20)
(13.7831 3.84458 -2.20184e-18)
(13.7232 2.65064 2.03793e-20)
(13.643 1.55237 -4.89952e-18)
(13.563 0.463362 1.8931e-20)
(13.5026 -0.677846 0)
(13.4329 -1.71797 0)
(13.2354 -2.25634 0)
(12.8638 -2.22971 0)
(12.223 -2.81854 -3.11035e-18)
(11.002 -5.10162 0)
(10.0286 -6.86667 0)
(9.62698 -6.37126 0)
(7.29456 -3.05493 5.28893e-18)
(2.73669 4.35501 0)
(2.43798 6.90964 0)
(2.43059 6.98826 6.08886e-18)
(2.46189 6.55042 0)
(2.32439 6.073 0)
(2.01244 5.69467 0)
(1.49866 5.44906 0)
(0.770082 5.37522 0)
(-0.10682 5.52156 5.12545e-18)
(-1.03386 5.87427 0)
(-1.96757 6.37734 4.38062e-18)
(-2.88814 6.96906 0)
(-3.78678 7.59547 0)
(-4.66767 8.20733 0)
(-5.54292 8.75875 0)
(-6.42758 9.20873 -2.84207e-20)
(-7.33475 9.52507 0)
(-8.27424 9.69152 0)
(-9.25111 9.71171 6.96286e-18)
(-10.2691 9.61109 3.58677e-18)
(-11.3306 9.42729 0)
(-12.4369 9.19671 3.94285e-18)
(-13.5868 8.94703 0)
(-14.7778 8.6948 0)
(-16.0068 8.44813 4.4275e-18)
(-17.268 8.20965 0)
(-18.5496 7.97611 4.72247e-18)
(-19.8708 7.74882 0)
(-0.381848 -1.23022 0)
(2.33658 1.8725 1.38911e-18)
(2.93941 7.18398 -2.07193e-18)
(2.35591 10.981 9.78315e-19)
(1.96959 13.5432 0)
(0.552502 15.3711 -8.75535e-19)
(-1.71803 15.2886 -7.99267e-19)
(-3.1235 13.6361 0)
(-3.36627 11.5778 0)
(-3.09178 9.43759 -6.61518e-19)
(-2.63515 7.31207 -1.33542e-18)
(-2.13703 5.27483 0)
(-1.68111 3.48054 -1.31638e-18)
(-1.31139 1.96604 -1.31083e-18)
(-1.01442 0.690493 0)
(-0.765452 -0.389648 -1.30191e-18)
(-0.544486 -1.30068 6.49296e-19)
(-0.338942 -2.07224 6.37401e-19)
(-0.143324 -2.74043 -6.34834e-19)
(0.0425632 -3.33995 0)
(0.218018 -3.89557 -1.2593e-18)
(0.383065 -4.41804 -1.2449e-18)
(0.537898 -4.91114 0)
(0.683284 -5.37666 -1.20931e-18)
(0.820196 -5.81589 -1.18998e-18)
(0.949637 -6.22981 0)
(1.07235 -6.6187 0)
(1.18901 -6.98254 0)
(1.29996 -7.32108 5.61026e-19)
(1.40571 -7.63429 0)
(1.50718 -7.92188 -1.08497e-18)
(1.60681 -8.18234 1.07462e-18)
(1.7089 -8.41192 1.07087e-18)
(1.81888 -8.60551 1.07631e-18)
(1.94072 -8.76165 1.09212e-18)
(2.07491 -8.88543 1.11844e-18)
(2.21731 -8.98835 1.7375e-18)
(2.35791 -9.08619 5.96509e-19)
(2.47982 -9.19935 1.89541e-18)
(2.55466 -9.35261 6.58673e-19)
(2.54259 -9.57535 6.96284e-19)
(2.38641 -9.89481 7.38353e-19)
(2.03108 -10.3072 1.58246e-18)
(1.46414 -10.7248 8.52698e-19)
(0.774543 -10.8671 9.43338e-19)
(0.280993 -10.2229 1.06459e-18)
(0.312019 -8.07898 3.5906e-18)
(1.34403 -3.62996 1.45413e-18)
(3.98528 2.79046 1.44104e-18)
(6.99557 8.17893 1.16703e-18)
(9.54616 10.4075 1.94989e-18)
(11.4074 10.3955 9.00296e-19)
(12.6304 9.38611 8.92039e-19)
(13.4182 8.00987 9.0437e-19)
(13.901 6.53616 2.78672e-18)
(14.168 5.11407 1.01447e-18)
(14.3018 3.80596 1.09142e-18)
(14.3528 2.62427 2.28007e-18)
(14.3547 1.52962 3.56288e-18)
(14.34 0.43643 1.24337e-18)
(14.3251 -0.703677 0)
(14.2792 -1.71399 1.25484e-18)
(14.0833 -2.18853 0)
(13.6604 -2.07177 0)
(13.0338 -2.50602 3.02132e-18)
(11.9305 -4.72265 1.34082e-18)
(11.0159 -6.61918 0)
(10.6835 -5.84836 1.20388e-18)
(7.93255 -1.83023 -6.82694e-18)
(3.82853 5.20646 1.36934e-18)
(3.60853 6.95488 0)
(3.46809 6.94018 -1.44961e-18)
(3.37519 6.54258 0)
(3.16496 6.13147 1.74309e-18)
(2.82846 5.82637 0)
(2.34285 5.66047 2.06633e-18)
(1.69109 5.6576 -2.21734e-18)
(0.912773 5.84332 -2.32107e-18)
(0.0795062 6.20683 0)
(-0.762595 6.70946 0)
(-1.59916 7.2954 -2.07483e-18)
(-2.43085 7.91689 1.93398e-18)
(-3.2567 8.52655 0)
(-4.08528 9.07998 0)
(-4.92795 9.53927 3.44426e-18)
(-5.79567 9.8707 1.73459e-18)
(-6.69722 10.0551 1.75966e-18)
(-7.63735 10.0954 -1.76886e-18)
(-8.61893 10.0172 -1.87264e-18)
(-9.64139 9.85615 1.94913e-18)
(-10.7035 9.64772 -1.98865e-18)
(-11.8033 9.41912 2.11499e-18)
(-12.9387 9.1868 0)
(-14.1079 8.95791 -2.23736e-18)
(-15.3077 8.73514 2.35347e-18)
(-16.5267 8.51422 -2.39123e-18)
(-17.7877 8.2969 0)
(-0.220415 -1.37512 0)
(2.56215 1.6167 -1.28828e-18)
(3.26176 7.16437 9.54692e-19)
(2.71613 11.0281 -9.05032e-19)
(2.42057 13.6522 8.70494e-19)
(0.891495 15.6503 2.0203e-21)
(-1.58388 15.5781 -4.58919e-21)
(-2.89928 13.7435 0)
(-2.8718 11.53 0)
(-2.3936 9.32514 4.41631e-21)
(-1.83027 7.18045 5.96936e-19)
(-1.30133 5.14513 0)
(-0.859458 3.36449 5.88576e-19)
(-0.519261 1.86574 5.86451e-19)
(-0.252555 0.602011 0)
(-0.0298822 -0.470828 5.83376e-19)
(0.169862 -1.37783 3.97135e-21)
(0.359587 -2.14738 5.72836e-19)
(0.544295 -2.8142 3.62696e-21)
(0.72275 -3.41222 0)
(0.892298 -3.96608 0)
(1.05123 -4.48655 5.63616e-19)
(1.19851 -4.9775 0)
(1.33425 -5.44081 0)
(1.45911 -5.87782 0)
(1.57395 -6.28952 5.34608e-19)
(1.67945 -6.67615 0)
(1.77632 -7.03765 5.19893e-19)
(1.86498 -7.3738 -5.09962e-19)
(1.94604 -7.6846 0)
(2.0204 -7.97004 0)
(2.09043 -8.22904 0)
(2.16023 -8.45826 0)
(2.23521 -8.65266 0)
(2.31946 -8.81015 0)
(2.41367 -8.93476 0)
(2.51388 -9.03654 4.3525e-21)
(2.61024 -9.12933 5.60962e-19)
(2.68602 -9.23082 -5.89629e-19)
(2.7131 -9.36206 6.23563e-19)
(2.65149 -9.54762 6.62472e-19)
(2.44222 -9.81112 7.06465e-19)
(2.02073 -10.1523 7.60024e-19)
(1.35289 -10.5041 8.19762e-19)
(0.492935 -10.6335 9.02715e-19)
(-0.269744 -10.0787 1.00896e-18)
(-0.544681 -8.16067 -1.14632e-18)
(0.141347 -4.0906 1.33974e-18)
(2.53909 1.95268 1.39643e-18)
(5.73398 7.27414 1.13361e-18)
(8.60651 9.65389 0)
(10.8029 9.84958 1.61607e-20)
(12.3238 9.01024 8.64728e-19)
(13.3641 7.7525 8.7464e-19)
(14.0562 6.36343 -9.129e-19)
(14.4963 4.99806 9.78574e-19)
(14.7705 3.72615 1.0536e-18)
(14.9299 2.56736 0)
(15.0162 1.48397 -1.15688e-18)
(15.0685 0.393715 1.19743e-18)
(15.0977 -0.736915 1.22634e-18)
(15.0753 -1.7104 -1.22517e-18)
(14.8882 -2.11169 -1.24409e-18)
(14.439 -1.90799 1.3347e-18)
(13.8241 -2.22032 0)
(12.8826 -4.40686 -6.55382e-21)
(12.0969 -6.35785 -1.1139e-18)
(11.6452 -5.30728 -1.27176e-18)
(8.38827 -0.249728 -2.28438e-18)
(5.17894 5.84354 -1.2255e-18)
(4.85583 7.04545 -1.25678e-18)
(4.58247 6.94976 -1.36568e-18)
(4.36291 6.57724 1.49814e-18)
(4.07448 6.21162 -1.63693e-18)
(3.70313 5.95791 0)
(3.23157 5.85052 -1.89548e-18)
(2.64057 5.90308 2.00183e-18)
(1.94965 6.12459 -2.08416e-18)
(1.20298 6.50174 0)
(0.436581 7.00544 0)
(-0.327494 7.59098 4.24178e-18)
(-1.08866 8.21075 -1.98869e-18)
(-1.85312 8.82158 1.8968e-18)
(-2.62806 9.38255 0)
(-3.42201 9.85289 1.7971e-18)
(-4.24589 10.1988 -1.77907e-18)
(-5.10688 10.4026 -1.80278e-18)
(-6.01001 10.4652 -1.84996e-18)
(-6.95449 10.4086 1.91531e-18)
(-7.9358 10.2675 -4.00587e-18)
(-8.95003 10.0783 -2.07687e-18)
(-9.99477 9.86783 -4.34599e-18)
(-11.0701 9.65295 0)
(-12.176 9.44035 -4.67912e-18)
(-13.3121 9.23313 -2.40916e-18)
(-14.4676 9.02574 -4.98834e-18)
(-15.6686 8.81979 0)
(0.0404423 -1.53131 0)
(2.79958 1.38854 0)
(3.57095 7.13994 -8.98842e-19)
(3.05269 11.0619 0)
(2.83487 13.7524 -7.76003e-19)
(1.15861 15.9225 -1.33607e-18)
(-1.49226 15.8413 5.94857e-19)
(-2.61827 13.8057 0)
(-2.29894 11.4471 0)
(-1.64361 9.19898 -5.23385e-19)
(-1.01027 7.0518 -5.26321e-19)
(-0.479728 5.02826 0)
(-0.0689124 3.26471 -5.19252e-19)
(0.234622 1.78125 -5.1781e-19)
(0.469572 0.527668 0)
(0.667007 -0.539522 -5.16201e-19)
(0.847406 -1.44394 -5.13701e-19)
(1.02316 -2.21268 0)
(1.19847 -2.87911 -5.12495e-19)
(1.37075 -3.47633 0)
(1.53554 -4.0288 0)
(1.6895 -4.54737 -5.0556e-19)
(1.83052 -5.03607 0)
(1.9581 -5.49698 0)
(2.07263 -5.93151 0)
(2.17481 -6.34068 -4.83501e-19)
(2.26531 -6.72474 0)
(2.34487 -7.08362 -4.7204e-19)
(2.41401 -7.41707 4.70037e-19)
(2.47343 -7.72519 0)
(2.52405 -8.00817 4.62034e-19)
(2.56813 -8.26532 4.60016e-19)
(2.60959 -8.49372 4.60614e-19)
(2.65369 -8.68839 4.64906e-19)
(2.70456 -8.84671 4.73463e-19)
(2.76313 -8.97171 0)
(2.82565 -9.07204 4.10743e-21)
(2.88259 -9.15971 0)
(2.91767 -9.24988 5.55115e-19)
(2.90365 -9.36003 0)
(2.80155 -9.50997 6.27975e-19)
(2.5531 -9.71883 6.72911e-19)
(2.08881 -9.98698 2.20124e-21)
(1.35773 -10.263 0)
(0.379254 -10.3575 8.60417e-19)
(-0.599859 -9.86727 9.51491e-19)
(-1.15741 -8.15814 1.06312e-18)
(-0.770222 -4.47001 1.21703e-18)
(1.36248 1.1469 0)
(4.64251 6.3156 1.08352e-18)
(7.75957 8.81557 9.35492e-19)
(10.2406 9.21611 1.73944e-18)
(12.0294 8.55478 8.376e-19)
(13.3001 7.42658 0)
(14.1859 6.13317 8.84864e-19)
(14.7884 4.83482 0)
(15.1944 3.60914 1.01837e-18)
(15.4575 2.48201 1.07094e-18)
(15.6273 1.41665 1.11731e-18)
(15.7451 0.336651 0)
(15.8161 -0.776737 -1.20127e-18)
(15.8178 -1.70816 0)
(15.6432 -2.03081 1.22445e-18)
(15.1815 -1.7412 -1.3141e-18)
(14.5874 -1.97979 0)
(13.8595 -4.1519 -1.33068e-18)
(13.2962 -6.08043 1.11525e-18)
(12.5612 -4.72892 0)
(9.07813 1.08525 1.67647e-18)
(6.61056 6.32929 0)
(6.13201 7.18615 1.17647e-18)
(5.73933 7.01646 0)
(5.40827 6.65336 -1.41268e-18)
(5.04656 6.31566 0)
(4.63691 6.09499 0)
(4.16793 6.02679 0)
(3.6223 6.11929 0)
(3.00404 6.37047 0)
(2.33652 6.76407 0)
(1.6425 7.27235 0)
(0.942805 7.85769 -3.96625e-18)
(0.2406 8.48039 0)
(-0.462917 9.09599 -1.95656e-18)
(-1.17686 9.66257 0)
(-1.91614 10.1458 -3.71513e-18)
(-2.68992 10.5116 0)
(-3.50829 10.7373 0)
(-4.37234 10.821 0)
(-5.27612 10.7844 -2.00267e-18)
(-6.21223 10.6615 2.06423e-18)
(-7.1743 10.4878 0)
(-8.16095 10.292 2.24058e-18)
(-9.17433 10.093 0)
(-10.216 9.8965 2.41317e-18)
(-11.2891 9.70558 0)
(-12.383 9.51307 5.16252e-18)
(-13.5261 9.31995 0)
(0.370361 -1.69668 0)
(3.05072 1.19029 0)
(3.86996 7.11395 0)
(3.37021 11.0869 0)
(3.21035 13.8484 0)
(1.35008 16.1868 5.79866e-19)
(-1.41215 16.0709 0)
(-2.24978 13.8229 0)
(-1.64511 11.3381 0)
(-0.855477 9.06852 0)
(-0.190726 6.93212 0)
(0.317147 4.92647 -4.69856e-19)
(0.685996 3.18089 0)
(0.950347 1.71107 -4.66031e-19)
(1.15498 0.465603 0)
(1.32997 -0.59759 0)
(1.49392 -1.50071 0)
(1.65814 -2.26967 -4.63994e-19)
(1.82594 -2.93652 0)
(1.99346 -3.53351 0)
(2.15468 -4.08489 0)
(2.30479 -4.60164 0)
(2.44074 -5.08803 0)
(2.56151 -5.54638 0)
(2.66726 -5.97824 0)
(2.75858 -6.38465 0)
(2.8361 -6.76591 0)
(2.90062 -7.12192 0)
(2.95276 -7.45247 -4.28012e-19)
(2.99334 -7.75771 0)
(3.02331 -8.03799 -4.2238e-19)
(3.04483 -8.29299 -8.46028e-19)
(3.06159 -8.52017 -4.22643e-19)
(3.07861 -8.71464 -8.57968e-19)
(3.10001 -8.87332 -4.35605e-19)
(3.12691 -8.99831 -4.5192e-19)
(3.15585 -9.09693 -9.33946e-19)
(3.17775 -9.1795 -4.90749e-19)
(3.17699 -9.25878 -5.13814e-19)
(3.12761 -9.34901 0)
(2.99255 -9.46545 -1.1753e-18)
(2.71614 -9.62238 -6.3182e-19)
(2.22824 -9.81872 -1.37383e-18)
(1.46723 -10.0136 0)
(0.422112 -10.0557 -1.65148e-18)
(-0.712269 -9.60429 -9.2138e-19)
(-1.51549 -8.08504 -1.03211e-18)
(-1.40341 -4.7747 -1.17363e-18)
(0.464793 0.379988 -1.24113e-18)
(3.74502 5.32874 -1.09084e-18)
(7.02737 7.9178 -1.85613e-18)
(9.731 8.51165 -8.71238e-19)
(11.7568 8.03245 -1.67192e-18)
(13.2335 7.04137 0)
(14.2953 5.85176 -1.75502e-18)
(15.0478 4.62926 0)
(15.5756 3.45849 -1.00776e-18)
(15.9362 2.37027 -1.05804e-18)
(16.1862 1.32922 -1.01495e-20)
(16.3656 0.266686 0)
(16.4753 -0.822424 0)
(16.5026 -1.70774 0)
(16.3394 -1.94733 0)
(15.8673 -1.57393 1.28969e-18)
(15.3162 -1.79279 0)
(14.8611 -3.99408 -1.2972e-18)
(14.5959 -5.80168 0)
(13.5625 -4.0375 1.39575e-18)
(9.93929 2.29966 0)
(8.00473 6.7509 0)
(7.40167 7.36759 0)
(6.9137 7.13189 1.21552e-18)
(6.49314 6.76603 0)
(6.06751 6.44304 -1.45346e-18)
(5.6194 6.24119 0)
(5.14395 6.19605 1.64877e-18)
(4.62966 6.31439 0)
(4.06976 6.58785 0)
(3.47131 6.9972 0)
(2.84557 7.51395 0)
(2.20847 8.10213 1.80447e-18)
(1.56743 8.72493 -1.83712e-18)
(0.923825 9.34405 0)
(0.268434 9.92278 1.92057e-18)
(-0.412967 10.4218 -1.45684e-20)
(-1.13458 10.8056 0)
(-1.9056 11.0545 0)
(-2.72339 11.1622 0)
(-3.58313 11.1452 2.06005e-18)
(-4.4704 11.0356 0)
(-5.37729 10.8742 0)
(-6.30425 10.6921 2.34768e-18)
(-7.25511 10.5083 0)
(-8.23315 10.3274 -2.52629e-18)
(-9.24532 10.1537 0)
(-10.2795 9.97796 -5.36097e-18)
(-11.3666 9.79944 0)
(0.738098 -1.86742 -2.50834e-18)
(3.31437 1.02076 0)
(4.16142 7.08871 -7.86047e-19)
(3.67556 11.1058 -7.03375e-19)
(3.53746 13.9441 5.92194e-19)
(1.47117 16.4399 -5.0343e-19)
(-1.30492 16.2605 4.51431e-19)
(-1.77515 13.7987 0)
(-0.919906 11.2135 4.1274e-19)
(-0.0478537 8.94181 0)
(0.613288 6.82525 4.22568e-19)
(1.0812 4.84035 8.36102e-19)
(1.40314 3.11188 -4.17933e-19)
(1.62958 1.65337 4.13692e-19)
(1.80745 0.413899 -4.18928e-19)
(1.96392 -0.646825 4.18588e-19)
(2.11496 -1.54972 -4.18023e-19)
(2.27043 -2.3197 8.3335e-19)
(2.43282 -2.98759 0)
(2.59708 -3.58477 -4.19907e-19)
(2.75594 -4.13529 4.19208e-19)
(2.90329 -4.65028 -4.17489e-19)
(3.03529 -5.13431 4.14941e-19)
(3.1505 -5.58999 0)
(3.24889 -6.01902 -4.08485e-19)
(3.33096 -6.42251 4.0501e-19)
(3.39735 -6.80078 -4.01627e-19)
(3.44891 -7.15375 3.98511e-19)
(3.48638 -7.48124 -3.95824e-19)
(3.51069 -7.78344 0)
(3.52287 -8.06085 3.92382e-19)
(3.52496 -8.31347 -3.22586e-21)
(3.52037 -8.53909 3.94324e-19)
(3.51383 -8.73294 -3.43883e-21)
(3.50938 -8.89155 4.07592e-19)
(3.50831 -9.01616 8.35722e-19)
(3.50748 -9.11285 -3.72979e-21)
(3.49833 -9.19037 9.09226e-19)
(3.46608 -9.25928 -4.82249e-19)
(3.38636 -9.33086 5.13709e-19)
(3.22458 -9.41626 -3.41861e-21)
(2.92903 -9.52492 5.9654e-19)
(2.4324 -9.65306 1.2977e-18)
(1.66873 -9.76614 -7.11976e-19)
(0.604442 -9.74333 1.57572e-18)
(-0.619896 -9.30555 -8.69473e-19)
(-1.61782 -7.95136 9.62704e-19)
(-1.76457 -5.00882 1.07502e-18)
(-0.172267 -0.340494 3.8097e-20)
(3.03535 4.34054 1.04334e-18)
(6.41879 6.98588 2.14181e-20)
(9.2836 7.75076 8.46297e-19)
(11.5091 7.45074 1.3731e-20)
(13.1675 6.60423 8.25633e-19)
(14.3869 5.5254 1.73372e-18)
(15.2751 4.38624 -9.17109e-19)
(15.9139 3.27797 9.7881e-19)
(16.3647 2.23471 -1.02838e-18)
(16.6891 1.2238 -1.00747e-20)
(16.9245 0.185448 -1.11508e-18)
(17.0699 -0.873543 1.14049e-18)
(17.124 -1.70861 1.14341e-18)
(16.9633 -1.85934 -1.18562e-18)
(16.4675 -1.41047 -1.29236e-18)
(16.0061 -1.67569 -1.37598e-18)
(15.891 -3.93844 1.26248e-18)
(15.9128 -5.54004 -1.06856e-18)
(14.641 -3.27911 -1.48259e-18)
(10.9819 3.37675 0)
(9.35315 7.14054 0)
(8.65135 7.57821 0)
(8.08936 7.28533 -1.14786e-18)
(7.60059 6.90917 0)
(7.12192 6.59224 1.36783e-18)
(6.63635 6.39918 0)
(6.14614 6.36414 -1.54191e-18)
(5.64891 6.49555 0)
(5.1336 6.78347 0)
(4.59375 7.20569 1.65912e-18)
(4.03177 7.73133 0)
(3.45717 8.32401 -1.68159e-18)
(2.87932 8.94868 1.68652e-18)
(2.2988 9.57068 0)
(1.70638 10.1571 -3.53605e-18)
(1.08636 10.6734 1.83237e-18)
(0.421851 11.0836 0)
(-0.296502 11.3581 -2.03285e-18)
(-1.06888 11.4866 0)
(-1.87899 11.4862 2.16217e-18)
(-2.71089 11.3902 0)
(-3.56248 11.2406 0)
(-4.43049 11.069 -2.42909e-18)
(-5.31968 10.8986 -2.54296e-18)
(-6.23573 10.7347 2.61647e-18)
(-7.18879 10.5806 2.71966e-18)
(-8.16453 10.423 -1.63721e-20)
(-9.19731 10.2602 0)
(1.11839 -2.03893 2.10097e-18)
(3.58789 0.876857 0)
(4.45091 7.06496 7.42466e-19)
(3.98023 11.1219 6.38748e-19)
(3.80128 14.0422 -5.11629e-19)
(1.53688 16.6768 8.78762e-19)
(-1.13232 16.4065 -3.94306e-19)
(-1.1907 13.7404 3.70751e-19)
(-0.142427 11.0834 -3.66133e-19)
(0.759421 8.82484 -3.75932e-19)
(1.38931 6.73308 -3.75366e-19)
(1.80743 4.76927 -3.73379e-19)
(2.08258 3.0559 3.71918e-19)
(2.27517 1.60621 0)
(2.43119 0.370758 3.73868e-19)
(2.5737 -0.688792 -3.74147e-19)
(2.71566 -1.59231 3.74355e-19)
(2.86536 -2.3639 -3.75393e-19)
(3.02456 -3.03327 0)
(3.18714 -3.63094 3.77866e-19)
(3.34484 -4.18076 -7.58684e-19)
(3.49047 -4.69403 3.76834e-19)
(3.61958 -5.17566 -3.75127e-19)
(3.7304 -5.62858 0)
(3.82274 -6.05466 3.70424e-19)
(3.89706 -6.45508 2.80246e-21)
(3.95402 -6.83022 -2.82249e-21)
(3.99454 -7.18003 -3.62955e-19)
(4.01948 -7.50434 7.2499e-19)
(4.02991 -7.80339 0)
(4.02693 -8.07782 -7.21092e-19)
(4.01249 -8.32787 -3.15038e-21)
(3.98966 -8.55164 3.24369e-21)
(3.96283 -8.74448 -3.34081e-21)
(3.9359 -8.90262 -7.52876e-19)
(3.91032 -9.02652 -3.86086e-19)
(3.88328 -9.12109 4.01186e-19)
(3.84678 -9.19362 -8.44719e-19)
(3.787 -9.25269 4.44794e-19)
(3.68134 -9.30694 -9.52838e-19)
(3.49805 -9.36387 -3.19094e-21)
(3.19021 -9.42847 2.64036e-21)
(2.69578 -9.49363 -1.21909e-18)
(1.95004 -9.52793 3.49384e-22)
(0.906011 -9.43369 -1.49566e-18)
(-0.344685 -8.98736 1.66718e-18)
(-1.47361 -7.76838 -1.85541e-18)
(-1.85347 -5.17331 -2.07074e-18)
(-0.560711 -0.999423 2.29015e-18)
(2.49879 3.3669 -2.11113e-18)
(5.93686 6.03379 2.06068e-20)
(8.91285 6.94863 -8.50229e-19)
(11.292 6.82096 1.29856e-20)
(13.1021 6.12308 -8.29683e-19)
(14.4606 5.16055 -8.64874e-19)
(15.469 4.11056 1.05243e-20)
(16.207 3.07106 -1.93767e-18)
(16.74 2.07805 1.01712e-20)
(17.1313 1.10295 -9.93177e-21)
(17.4156 0.0946115 9.76848e-21)
(17.5941 -0.929737 -1.13284e-18)
(17.6739 -1.70842 -1.14018e-18)
(17.4958 -1.76059 1.18983e-18)
(16.9514 -1.25441 0)
(16.6421 -1.652 1.37501e-18)
(16.9612 -3.99066 0)
(17.2294 -5.31464 1.05706e-18)
(15.6519 -2.45511 0)
(12.0594 4.36384 0)
(10.6295 7.53259 0)
(9.86542 7.81349 -9.87098e-19)
(9.25251 7.46807 0)
(8.71541 7.07731 0)
(8.19601 6.76163 0)
(7.67669 6.57146 0)
(7.16511 6.53706 0)
(6.66995 6.6701 0)
(6.18369 6.96369 0)
(5.69156 7.39415 -3.1079e-18)
(5.18767 7.92677 0)
(4.676 8.52307 1.56397e-18)
(4.16354 9.14931 0)
(3.64988 9.77503 0)
(3.12382 10.3706 1.64067e-18)
(2.56878 10.9037 0)
(1.9671 11.3367 1.80101e-18)
(1.30916 11.6393 1.90906e-18)
(0.596389 11.7945 0)
(-0.157639 11.8114 -4.46191e-18)
(-0.940655 11.7248 0)
(-1.73668 11.5833 -2.45576e-18)
(-2.54198 11.4223 0)
(-3.37142 11.2682 2.64466e-18)
(-4.22808 11.1214 0)
(-5.12254 10.986 -2.8293e-18)
(-6.03917 10.8472 2.91413e-18)
(-7.01722 10.7023 0)
(1.49435 -2.20724 0)
(3.8667 0.754775 -4.25486e-19)
(4.74628 7.04278 0)
(4.28216 11.1393 -2.72305e-19)
(3.99139 14.144 0)
(1.57006 16.8918 -3.85797e-19)
(-0.864468 16.5086 0)
(-0.507704 13.6571 -3.29909e-19)
(0.663165 10.9566 0)
(1.54849 8.72134 5.04739e-19)
(2.12857 6.65589 0)
(2.49382 4.71177 0)
(2.72609 3.01101 0)
(2.89063 1.56773 0)
(3.03042 0.334599 0)
(3.1638 -0.72482 0)
(3.30062 -1.62958 0)
(3.44761 -2.40319 0)
(3.6059 -3.07434 0)
(3.76842 -3.67269 0)
(3.92618 -4.22191 5.17815e-19)
(4.07114 -4.73346 0)
(4.19838 -5.21266 1.72676e-19)
(4.30591 -5.66273 0)
(4.39343 -6.08576 1.709e-19)
(4.46139 -6.48302 -3.37076e-19)
(4.51049 -6.85492 5.04169e-19)
(4.54175 -7.20146 0)
(4.55616 -7.52251 -3.3223e-19)
(4.55493 -7.81835 0)
(4.53922 -8.08971 3.31388e-19)
(4.51092 -8.33704 5.00093e-19)
(4.47275 -8.5587 -5.04039e-19)
(4.4287 -8.7502 5.11392e-19)
(4.38248 -8.9075 5.22832e-19)
(4.33564 -9.03036 -1.80752e-19)
(4.28573 -9.12263 0)
(4.22536 -9.19026 1.93357e-19)
(4.14173 -9.24002 2.08074e-19)
(4.01407 -9.27824 4.40696e-19)
(3.81368 -9.30928 7.1411e-19)
(3.4988 -9.33418 -2.57352e-19)
(3.01423 -9.34255 5.68622e-19)
(2.30059 -9.304 9.46195e-19)
(1.3062 -9.13739 7.06415e-19)
(0.085027 -8.66556 -4.01275e-19)
(-1.10386 -7.54957 8.90665e-19)
(-1.67426 -5.26893 1.48162e-18)
(-0.691736 -1.58508 -5.66541e-19)
(2.14449 2.41897 1.06619e-18)
(5.57846 5.0709 1.34921e-18)
(8.61532 6.12505 0)
(11.1065 6.16141 1.21903e-18)
(13.0406 5.60759 0)
(14.5163 4.7631 4.24611e-19)
(15.6281 3.80738 1.35619e-18)
(16.4521 2.84135 9.60519e-19)
(17.0576 1.9031 1.51328e-18)
(17.5064 0.969294 -1.58592e-18)
(17.8326 -0.00433194 1.65193e-18)
(18.0413 -0.990324 0)
(18.1409 -1.70219 0)
(17.9132 -1.64134 0)
(17.2951 -1.11209 -6.51562e-19)
(17.2195 -1.75356 0)
(18.0429 -4.15707 -5.73879e-19)
(18.5037 -5.08947 0)
(16.5886 -1.52174 -8.65657e-19)
(13.1277 5.25598 0)
(11.8237 7.92278 -4.32418e-19)
(11.0311 8.06506 9.36751e-19)
(10.3883 7.67137 0)
(9.81983 7.2644 0)
(9.27219 6.9479 0)
(8.7267 6.75837 0)
(8.1925 6.71943 0)
(7.68718 6.84519 0)
(7.21305 7.13495 0)
(6.75579 7.5667 1.46781e-18)
(6.3029 8.10206 0)
(5.85272 8.69951 -7.45486e-19)
(5.40741 9.32578 0)
(4.96404 9.95472 0)
(4.50824 10.5604 -7.7814e-19)
(4.02215 11.1117 0)
(3.48791 11.5696 -1.66878e-18)
(2.89568 11.899 0)
(2.24883 12.0774 0)
(1.55847 12.114 2.08693e-18)
(0.840504 12.0418 0)
(0.106077 11.9092 2.51684e-18)
(-0.646917 11.757 0)
(-1.42247 11.6157 0)
(-2.21537 11.4843 -1.44921e-18)
(-3.04794 11.3705 0)
(-3.90529 11.2539 0)
(-4.82763 11.1278 0)
(1.85736 -2.36921 0)
(4.14217 0.650753 4.75402e-21)
(5.05096 7.02257 0)
(4.56296 11.1615 2.28091e-19)
(4.11136 14.2481 0)
(1.59767 17.0798 0)
(-0.485334 16.5697 1.56542e-19)
(0.250624 13.5589 1.50141e-19)
(1.47208 10.8394 0)
(2.30541 8.63297 -1.51913e-19)
(2.82619 6.59276 0)
(3.1408 4.66599 0)
(3.33654 2.9753 0)
(3.47973 1.53629 0)
(3.6091 0.304078 0)
(3.73818 -0.756008 0)
(3.87378 -1.66246 0)
(4.02116 -2.43834 0)
(4.18085 -3.11142 0)
(4.34499 -3.71055 0)
(4.50407 -4.25919 -1.5735e-19)
(4.64941 -4.76902 0)
(4.77582 -5.24573 -1.56813e-19)
(4.88112 -5.6929 0)
(4.96499 -6.1128 -1.55522e-19)
(5.0279 -6.50679 0)
(5.07062 -6.87537 -1.54077e-19)
(5.09428 -7.21857 0)
(5.10002 -7.53631 0)
(5.08918 -7.82889 0)
(5.06304 -8.09712 0)
(5.02338 -8.34162 -1.53712e-19)
(4.97257 -8.56096 1.55081e-19)
(4.91417 -8.7508 -1.5745e-19)
(4.85166 -8.90692 -1.61025e-19)
(4.78668 -9.02845 1.6597e-19)
(4.7171 -9.11826 0)
(4.63617 -9.18105 1.80746e-19)
(4.53213 -9.22202 -1.91141e-19)
(4.38609 -9.24545 0)
(4.17241 -9.25308 -2.20025e-19)
(3.85459 -9.24262 -2.39717e-19)
(3.38493 -9.20077 0)
(2.71207 -9.09708 -2.93761e-19)
(1.78668 -8.86189 0)
(0.638477 -8.35427 -3.73317e-19)
(-0.540615 -7.3104 0)
(-1.24274 -5.30252 -4.71627e-19)
(-0.559811 -2.08897 -5.22445e-19)
(1.98224 1.52501 0)
(5.33076 4.12039 -4.46209e-19)
(8.37892 5.28862 0)
(10.9471 5.47429 -4.06786e-19)
(12.9822 5.06348 0)
(14.5532 4.33884 -4.2642e-19)
(15.7495 3.48138 -4.49838e-19)
(16.6458 2.5928 0)
(17.312 1.71325 -5.01452e-19)
(17.8077 0.825459 5.27246e-19)
(18.1687 -0.109983 -5.51008e-19)
(18.4031 -1.05352 0)
(18.5091 -1.682 0)
(18.1921 -1.49276 0)
(17.4889 -0.995821 6.64226e-19)
(17.7518 -2.00154 0)
(19.0658 -4.42602 5.44192e-19)
(19.6359 -4.86638 0)
(17.3778 -0.436395 7.23049e-19)
(14.1464 6.06895 0)
(12.9305 8.30814 4.10213e-19)
(12.1381 8.3261 0)
(11.4844 7.88879 0)
(10.8981 7.46585 0)
(10.3328 7.14767 0)
(9.77056 6.95843 0)
(9.21882 6.91351 0)
(8.6986 7.02691 0)
(8.22274 7.30425 0)
(7.7858 7.72846 0)
(7.37459 8.25988 0)
(6.98157 8.85414 7.06113e-19)
(6.603 9.47796 0)
(6.23133 10.1089 0)
(5.84937 10.7243 7.3339e-19)
(5.43679 11.2942 0)
(4.97556 11.7775 0)
(4.4554 12.1343 0)
(3.87908 12.3373 0)
(3.25551 12.3925 0)
(2.60443 12.3316 0)
(1.93343 12.2109 0)
(1.24771 12.0714 0)
(0.542313 11.9445 0)
(-0.189185 11.8291 1.5165e-18)
(-0.971033 11.7354 0)
(-1.76515 11.6373 1.62537e-18)
(-2.62097 11.5293 0)
(2.20582 -2.52205 0)
(4.40043 0.562031 3.52581e-19)
(5.34622 7.00628 0)
(4.79979 11.1903 0)
(4.17892 14.3514 -1.5218e-19)
(1.64609 17.2378 0)
(0.0050385 16.5952 -1.40671e-19)
(1.05388 13.4548 -1.35296e-19)
(2.26228 10.7359 0)
(3.02077 8.55976 0)
(3.48059 6.54215 -1.4205e-19)
(3.75049 4.63002 -1.41875e-19)
(3.91734 2.947 0)
(4.0461 1.51048 0)
(4.17074 0.278076 0)
(4.30016 -0.783268 -1.43778e-19)
(4.43838 -1.69169 0)
(4.58923 -2.46996 -1.44651e-19)
(4.75266 -3.14502 -1.45334e-19)
(4.92017 -3.74494 0)
(5.0819 -4.29301 0)
(5.22874 -4.80107 0)
(5.35537 -5.27523 0)
(5.45952 -5.71942 0)
(5.54089 -6.13612 -1.444e-19)
(5.6 -6.52678 -1.4382e-19)
(5.63774 -6.89197 0)
(5.65538 -7.23178 0)
(5.65419 -7.54616 0)
(5.63569 -7.83547 -1.42644e-19)
(5.60124 -8.10055 0)
(5.55254 -8.34212 -1.4374e-19)
(5.49164 -8.55895 0)
(5.42161 -8.74686 0)
(5.34568 -8.90148 0)
(5.26554 -9.0214 0)
(5.17939 -9.10858 1.61284e-19)
(5.0811 -9.16663 0)
(4.95995 -9.19928 -1.78266e-19)
(4.79893 -9.20911 0)
(4.57537 -9.19565 0)
(4.25786 -9.15394 0)
(3.8063 -9.06836 0)
(3.17855 -8.90812 0)
(2.33257 -8.61154 0)
(1.28568 -8.06465 -3.44071e-19)
(0.176382 -7.06653 0)
(-0.586686 -5.28467 -4.35379e-19)
(-0.173042 -2.50458 0)
(2.00561 0.70762 0)
(5.18364 3.20038 0)
(8.20418 4.45276 0)
(10.812 4.76963 0)
(12.9191 4.4983 0)
(14.5658 3.8949 -4.18836e-19)
(15.8282 3.13754 0)
(16.7826 2.32943 0)
(17.4973 1.51193 0)
(18.0287 0.673982 0)
(18.4166 -0.220741 0)
(18.6674 -1.11582 0)
(18.7584 -1.6383 0)
(18.3117 -1.30806 0)
(17.5482 -0.925759 6.76196e-19)
(18.2327 -2.40648 0)
(19.9064 -4.7647 5.16289e-19)
(20.5126 -4.61687 0)
(18.0547 0.65439 6.47271e-19)
(15.0787 6.81361 0)
(13.9417 8.68256 0)
(13.1752 8.58902 0)
(12.528 8.11382 4.77854e-19)
(11.9354 7.67702 0)
(11.3606 7.35711 0)
(10.7893 7.1682 0)
(10.2278 7.11781 0)
(9.69574 7.21752 0)
(9.21218 7.47678 6.68095e-19)
(8.78336 7.8845 0)
(8.40263 8.40334 6.81102e-19)
(8.05964 8.98819 0)
(7.74455 9.60587 6.88831e-19)
(7.44376 10.2368 0)
(7.13749 10.8612 0)
(6.80266 11.4495 0)
(6.42073 11.9581 7.52668e-19)
(5.97926 12.3433 0)
(5.47822 12.5727 0)
(4.92462 12.6483 0)
(4.33859 12.6009 0)
(3.7287 12.4903 0)
(3.1102 12.3586 0)
(2.47098 12.2462 0)
(1.81246 12.1504 1.41292e-18)
(1.11177 12.0778 0)
(0.397375 11.9984 -3.35135e-18)
(-0.400374 11.9131 0)
(2.54361 -2.66422 2.45508e-19)
(4.62397 0.486694 -1.54557e-19)
(5.59846 6.99499 1.01985e-19)
(4.98653 11.2241 0)
(4.21873 14.4505 1.33537e-19)
(1.73672 17.3651 0)
(0.591064 16.5921 0)
(1.86961 13.3522 6.25796e-20)
(3.01615 10.6477 0)
(3.68949 8.50059 -6.45936e-20)
(4.09269 6.50216 1.28892e-19)
(4.32599 4.602 1.94226e-19)
(4.472 2.92459 0)
(4.59297 1.4891 6.58572e-20)
(4.7182 0.25566 6.62503e-20)
(4.85236 -0.80736 1.30878e-19)
(4.99689 -1.71791 0)
(5.15427 -2.4986 1.9858e-19)
(5.32384 -3.1756 1.32458e-19)
(5.49659 -3.77625 6.72699e-20)
(5.66239 -4.32366 0)
(5.81196 -4.82989 0)
(5.93992 -5.30144 0)
(6.04403 -5.74259 6.68694e-20)
(6.12405 -6.15601 6.52956e-20)
(6.18059 -6.54327 1.97848e-19)
(6.21471 -6.90502 6.61801e-20)
(6.22782 -7.24141 0)
(6.22137 -7.55242 0)
(6.19703 -7.83844 1.96589e-19)
(6.15627 -8.10035 6.61931e-20)
(6.10072 -8.33894 1.31723e-19)
(6.0321 -8.55312 6.7277e-20)
(5.95301 -8.73885 0)
(5.86642 -8.89168 0)
(5.77401 -9.00972 -7.19447e-20)
(5.67431 -9.09415 -7.30645e-20)
(5.56178 -9.14751 7.80243e-20)
(5.42675 -9.17231 8.07821e-20)
(5.25401 -9.16962 0)
(5.02371 -9.13721 0)
(4.70923 -9.06806 1.02191e-19)
(4.27769 -8.94488 0)
(3.69633 -8.73673 1.24632e-19)
(2.93301 -8.38785 0)
(2.00181 -7.80391 3.19214e-19)
(1.00492 -6.83292 -1.79714e-19)
(0.254766 -5.22905 6.16167e-19)
(0.456764 -2.82813 0)
(2.22887 -0.0181802 0)
(5.14221 2.32224 2.16233e-19)
(8.08801 3.63009 0)
(10.7003 4.06358 2.00005e-19)
(12.8472 3.92121 0)
(14.5474 3.43735 4.22867e-19)
(15.8588 2.78141 -2.20743e-19)
(16.8568 2.05523 2.33625e-19)
(17.6074 1.30273 2.47795e-19)
(18.1631 0.517694 -2.6214e-19)
(18.5671 -0.333757 0)
(18.8178 -1.17161 2.78085e-19)
(18.8624 -1.56031 -2.89222e-19)
(18.2632 -1.09314 -3.17902e-19)
(17.5249 -0.919909 -1.05112e-18)
(18.598 -2.95297 -3.05698e-19)
(20.3531 -5.13842 -7.42962e-19)
(20.9668 -4.35746 0)
(18.5281 1.71686 -8.64622e-19)
(15.8738 7.48831 0)
(14.8439 9.03498 0)
(14.1335 8.84629 -2.10411e-19)
(13.5121 8.34158 -6.89799e-19)
(12.9255 7.89497 0)
(12.3489 7.57408 -2.6906e-19)
(11.7748 7.38535 -2.86021e-19)
(11.2102 7.33001 -3.008e-19)
(10.6727 7.41647 -3.12706e-19)
(10.1829 7.65517 -6.38138e-19)
(9.75609 8.03961 0)
(9.39526 8.53702 -9.81946e-19)
(9.09243 9.10475 -3.30978e-19)
(8.83395 9.71105 -9.94184e-19)
(8.60048 10.3387 -3.36407e-19)
(8.36919 10.9697 -3.41306e-19)
(8.11489 11.5746 3.48861e-19)
(7.81793 12.1077 -1.07582e-18)
(7.46205 12.5218 0)
(7.04275 12.7798 -3.99156e-19)
(6.56269 12.8793 0)
(6.04121 12.8484 -4.63331e-19)
(5.49106 12.7482 -5.03632e-19)
(4.93464 12.624 -5.47901e-19)
(4.35788 12.5238 0)
(3.7754 12.4403 -1.93e-18)
(3.15442 12.3863 0)
(2.52201 12.3316 1.50927e-18)
(1.81185 12.2729 -8.2174e-19)
(2.87869 -2.80039 -1.99921e-19)
(4.79425 0.422424 1.38178e-19)
(5.78722 6.98625 -1.23249e-19)
(5.13548 11.2596 0)
(4.25523 14.5422 2.81745e-20)
(1.88321 17.4636 -2.97889e-20)
(1.24473 16.5682 2.94126e-20)
(2.66696 13.2567 -5.7204e-20)
(3.72104 10.5753 0)
(4.30993 8.45403 5.90234e-20)
(4.66502 6.47123 3.0363e-20)
(4.8708 4.58066 -2.93885e-20)
(5.00378 2.90717 0)
(5.12309 1.47158 -2.96185e-20)
(5.25371 0.236463 -2.98128e-20)
(5.39665 -0.828526 0)
(5.55103 -1.74128 3.09141e-20)
(5.71798 -2.52434 -3.0128e-20)
(5.8961 -3.20318 -3.10966e-20)
(6.07611 -3.80444 -6.15753e-20)
(6.24757 -4.3511 0)
(6.40122 -4.8554 3.11229e-20)
(6.53177 -5.32425 3.10458e-20)
(6.63703 -5.76227 -3.02768e-20)
(6.71687 -6.17234 6.10151e-20)
(6.77209 -6.55614 -6.08025e-20)
(6.80391 -6.9144 -6.0613e-20)
(6.81394 -7.24732 3.0571e-20)
(6.80381 -7.55495 0)
(6.77536 -7.83768 -6.04629e-20)
(6.73017 -8.09642 -6.06528e-20)
(6.66981 -8.33197 0)
(6.5957 -8.54335 -3.04627e-20)
(6.51001 -8.72667 0)
(6.41539 -8.87744 0)
(6.31354 -8.99338 9.91437e-20)
(6.20324 -9.0749 -6.82382e-20)
(6.07957 -9.12365 -3.52697e-20)
(5.93384 -9.14101 7.50986e-20)
(5.75258 -9.12683 0)
(5.51855 -9.07744 0)
(5.2095 -8.98434 -9.30935e-20)
(4.79915 -8.82923 0)
(4.26348 -8.58151 -1.13635e-19)
(3.58098 -8.19033 6.37008e-20)
(2.76858 -7.57594 0)
(1.90718 -6.62263 1.65707e-19)
(1.23334 -5.15539 -9.58345e-20)
(1.30596 -3.06806 0)
(2.68833 -0.63474 0)
(5.24309 1.50977 -2.17404e-19)
(8.04372 2.82688 0)
(10.6128 3.35841 -2.03411e-19)
(12.7666 3.33669 0)
(14.4925 2.9705 0)
(15.8356 2.41648 2.24256e-19)
(16.8633 1.77343 -2.37676e-19)
(17.6361 1.0885 -2.52213e-19)
(18.2036 0.359309 2.66764e-19)
(18.6072 -0.44467 0)
(18.8314 -1.2119 -2.83603e-19)
(18.7899 -1.44351 2.99457e-19)
(18.0652 -0.866342 3.34449e-19)
(17.4892 -0.977001 3.6428e-19)
(18.6427 -3.53168 2.85348e-19)
(20.1548 -5.48873 2.40775e-19)
(20.8359 -4.11165 0)
(18.7481 2.69638 2.66917e-19)
(16.515 8.08178 9.54992e-20)
(15.6327 9.35137 0)
(15.0044 9.08692 2.03629e-19)
(14.4262 8.56405 2.22532e-19)
(13.8582 8.11419 0)
(13.2886 7.79485 2.58396e-19)
(12.7179 7.60685 2.74121e-19)
(12.1558 7.54709 2.87934e-19)
(11.6187 7.62112 2.99325e-19)
(11.1276 7.83864 -1.54884e-19)
(10.7029 8.19573 0)
(10.3558 8.66453 3.16692e-19)
(10.0836 9.20731 3.19113e-19)
(9.8726 9.79587 3.21471e-19)
(9.70032 10.4156 3.24415e-19)
(9.54127 11.0498 3.28649e-19)
(9.36847 11.6685 -3.35094e-19)
(9.16036 12.2246 3.44876e-19)
(8.89557 12.6684 0)
(8.56345 12.958 1.88328e-19)
(8.15978 13.0861 0)
(7.70369 13.0752 4.35434e-19)
(7.21105 12.987 4.71135e-19)
(6.71124 12.8699 5.10189e-19)
(6.19426 12.7776 0)
(5.68519 12.7027 5.94456e-19)
(5.13856 12.6656 0)
(4.59188 12.63 0)
(3.97586 12.5929 3.67933e-19)
(3.22278 -2.9175 0)
(4.89402 0.376996 0)
(5.91744 6.98447 3.3619e-20)
(5.26269 11.2978 0)
(4.30911 14.6265 -2.55074e-20)
(2.09064 17.5366 2.74006e-20)
(1.9298 16.5296 -2.70461e-20)
(3.41892 13.1708 0)
(4.36877 10.517 0)
(4.88283 8.4178 0)
(5.20084 6.44749 -2.76602e-20)
(5.3884 4.56463 -2.76653e-20)
(5.51556 2.89381 0)
(5.63858 1.45732 -2.78316e-20)
(5.77879 0.220101 -2.79568e-20)
(5.93416 -0.847024 0)
(6.10173 -1.76197 -2.79998e-20)
(6.28123 -2.54729 -2.80468e-20)
(6.47043 -3.22781 2.81079e-20)
(6.65984 -3.82952 0)
(6.83876 -4.37527 0)
(6.99805 -4.87751 -2.80638e-20)
(7.13258 -5.34356 -2.79758e-20)
(7.2403 -5.77835 -2.787e-20)
(7.32125 -6.18498 0)
(7.37642 -6.56524 0)
(7.40727 -6.91995 0)
(7.41563 -7.24937 -2.7469e-20)
(7.40335 -7.5536 0)
(7.37243 -7.83305 0)
(7.32458 -8.08861 0)
(7.26134 -8.32109 0)
(7.18385 -8.52956 -2.79594e-20)
(7.09388 -8.71027 0)
(6.99378 -8.85876 0)
(6.88522 -8.97239 -2.9755e-20)
(6.76724 -9.05091 0)
(6.6355 -9.09515 -3.20853e-20)
(6.48226 -9.10551 0)
(6.29566 -9.08079 0)
(6.0609 -9.01626 0)
(5.75956 -8.90237 0)
(5.37119 -8.72042 0)
(4.8794 -8.44069 0)
(4.27267 -8.0169 -5.62397e-20)
(3.57364 -7.38074 0)
(2.85326 -6.44317 0)
(2.29742 -5.08271 -8.28832e-20)
(2.32976 -3.24494 0)
(3.40361 -1.1397 0)
(5.55059 0.782367 0)
(8.11995 2.06523 0)
(10.577 2.66824 0)
(12.6924 2.75619 0)
(14.4093 2.50165 0)
(15.7613 2.04756 0)
(16.8014 1.48894 0)
(17.5789 0.874414 0)
(18.1418 0.205326 0)
(18.5209 -0.543469 0)
(18.679 -1.22552 0)
(18.5119 -1.29818 0)
(17.7784 -0.658835 0)
(17.4289 -1.06164 0)
(18.2429 -3.98343 0)
(19.2972 -5.80495 0)
(20.096 -3.99779 0)
(18.6844 3.45117 0)
(16.988 8.54947 -9.1528e-20)
(16.3047 9.61672 0)
(15.7852 9.30479 0)
(15.2679 8.77742 0)
(14.7326 8.33162 0)
(14.1811 8.01701 0)
(13.6221 7.83079 0)
(13.0689 7.76718 0)
(12.5379 7.8295 0)
(12.0504 8.02581 1.47193e-19)
(11.6299 8.35338 0)
(11.2937 8.78883 0)
(11.0443 9.30021 0)
(10.8707 9.86428 0)
(10.7509 10.4699 0)
(10.6585 11.1016 0)
(10.5656 11.7294 0)
(10.4482 12.3052 0)
(10.279 12.7786 0)
(10.0396 13.1034 1.79368e-19)
(9.71684 13.2658 0)
(9.329 13.2802 0)
(8.89278 13.2072 0)
(8.44705 13.0966 0)
(7.98666 13.0084 0)
(7.54502 12.9387 0)
(7.06931 12.9139 0)
(6.61036 12.8912 0)
(6.08544 12.8739 3.32789e-19)
(-0.770383 3.26334e-05 0)
(-0.872543 5.68046e-05 0)
(-0.97001 2.79628e-05 1.93387e-20)
(-1.0905 -6.15479e-07 3.61532e-20)
(-1.21304 -4.91169e-05 0)
(-1.35806 -7.35317e-05 0)
(-1.55352 -0.000111187 0)
(-1.77614 -0.000144573 0)
(-2.04995 -0.000129356 0)
(-2.46568 8.22316e-05 -1.04344e-19)
(-2.957 0.000477336 0)
(-3.31293 0.000975024 -1.62298e-19)
(-3.36502 0.0014791 1.25938e-19)
(-3.09025 0.00198762 0)
(-2.44437 0.00206111 0)
(-1.53291 0.0015546 0)
(-0.00134643 0.000432246 7.51409e-23)
(0.0349235 0.00124647 1.01002e-20)
(0.80511 -0.000184663 0)
(1.19912 -0.000909091 -1.60962e-20)
(1.26754 -0.00122524 0)
(1.21793 -0.00162598 9.2459e-20)
(0.945094 -0.00136428 0)
(0.794976 -0.000977627 0)
(0.663654 -0.000467376 0)
(0.739796 0.000177163 0)
(0.906897 0.00111117 0)
(1.29119 0.00292327 8.66652e-19)
(1.62229 0.00168635 -3.17326e-19)
(2.16696 -0.00176456 0)
(2.84985 -0.00100947 1.22766e-18)
(1.97421 0.00241286 0)
(2.75448 0.00252825 0)
(-2.46017 0.00160387 5.62563e-20)
(-2.721 0.00204708 5.15839e-20)
(-2.96777 0.00186875 -2.38274e-20)
(-3.26919 0.00177563 -4.42216e-20)
(-3.57638 0.00159791 0)
(-3.93724 0.00174136 0)
(-4.40785 0.00179506 1.46344e-19)
(-4.93123 0.00178173 -1.39634e-19)
(-5.55754 0.00213696 2.6827e-19)
(-6.43894 0.00274178 -1.29501e-19)
(-7.38334 0.00274022 -4.87264e-19)
(-7.98338 0.00219956 2.13116e-19)
(-7.94822 0.00167015 -1.70814e-19)
(-7.23306 0.00148969 0)
(-5.76422 0.000791591 0)
(-3.66638 -0.000492316 0)
(-1.28994 0.00012393 -5.31362e-20)
(0.286302 0.000677818 -4.56395e-20)
(2.18586 -0.00184103 0)
(3.07934 -0.00213557 6.7524e-20)
(3.20069 -0.00213814 0)
(3.02691 -0.00256405 -1.24931e-19)
(2.36185 -0.00198563 0)
(1.99669 -0.00142868 0)
(1.67922 -0.000654807 -1.04285e-18)
(1.86913 0.000105428 0)
(2.23696 0.00125068 0)
(3.07241 0.00357938 -2.37881e-18)
(3.37421 0.00153738 -2.3398e-19)
(4.21474 -0.00255344 0)
(5.4087 -0.000660882 -2.68746e-18)
(3.42243 0.00230446 0)
(4.95961 0.00198425 0)
(-4.34485 0.00515863 -4.78357e-20)
(-4.74606 0.00642267 -4.36203e-20)
(-5.1262 0.00594805 0)
(-5.59034 0.0057749 1.48553e-19)
(-6.06853 0.00541871 1.38269e-19)
(-6.63346 0.00594492 -1.29669e-19)
(-7.36106 0.00624499 1.22632e-19)
(-8.18067 0.00635578 1.18044e-19)
(-9.17528 0.00733843 -2.31463e-19)
(-10.5258 0.00823722 6.95071e-19)
(-11.9122 0.00650735 4.61953e-19)
(-12.7269 0.00273356 0)
(-12.6051 -0.00101851 7.37723e-19)
(-11.4011 -0.00357138 0)
(-9.06045 -0.00616531 0)
(-5.68476 -0.00768213 0)
(-2.37168 -0.00508204 0)
(0.714747 -0.00468197 -3.13206e-20)
(3.66554 -0.00529589 0)
(4.99257 -0.00290807 -4.40455e-20)
(5.14134 -0.00152169 0)
(4.78922 -0.00117127 4.91107e-19)
(3.68962 -0.000381389 0)
(3.08274 -0.000329904 0)
(2.54939 -0.000108494 8.38043e-19)
(2.8096 -0.000236726 0)
(3.29039 8.26833e-05 1.98523e-18)
(4.44175 0.001727 -3.62397e-25)
(4.40715 0.000216295 2.6591e-19)
(5.364 -0.00284868 0)
(7.03917 0.000644918 1.14872e-18)
(4.17122 0.00183365 0)
(6.2235 0.000178055 0)
(-6.11084 0.0106623 0)
(-6.61864 0.0130607 0)
(-7.10145 0.0121489 -1.31238e-19)
(-7.69278 0.0118859 -1.20989e-19)
(-8.30894 0.0113154 -1.12306e-19)
(-9.0405 0.0123861 1.05045e-19)
(-9.97078 0.0130683 -1.98385e-19)
(-11.0314 0.0134567 0)
(-12.3279 0.0153823 3.77004e-19)
(-14.047 0.016531 -3.82457e-19)
(-15.7803 0.0120664 0)
(-16.7513 0.00346076 0)
(-16.6148 -0.00541281 -6.94898e-19)
(-15.033 -0.012121 0)
(-11.9628 -0.0178821 0)
(-7.38351 -0.0193552 0)
(-3.19132 -0.0153812 0)
(1.25554 -0.0137841 6.02729e-20)
(5.03675 -0.0106279 0)
(6.63981 -0.00397965 0)
(6.78262 -0.000405937 0)
(6.22663 0.00125451 -8.34252e-19)
(4.72283 0.0021719 0)
(3.88643 0.00131321 0)
(3.17692 0.000568417 -1.23867e-18)
(3.48566 -0.000661815 0)
(4.03574 -0.00115304 -1.39059e-18)
(5.39368 0.000513402 7.31922e-19)
(5.00577 -0.000448473 -3.31624e-19)
(6.005 -0.00393837 0)
(8.13932 0.00189113 1.61092e-18)
(4.65752 0.00225839 0)
(7.0148 -0.00125191 0)
(-7.71635 0.0182617 6.80604e-20)
(-8.30977 0.0220526 -1.23123e-19)
(-8.87625 0.0205903 1.12725e-19)
(-9.57319 0.0202693 -1.03676e-19)
(-10.3069 0.0194768 1.92032e-19)
(-11.1799 0.0212327 -1.79075e-19)
(-12.2712 0.0224158 0)
(-13.5198 0.023227 3.23395e-19)
(-15.0355 0.0263115 -3.17436e-19)
(-16.9853 0.0275641 6.40107e-19)
(-18.8919 0.0192972 -6.59626e-19)
(-19.8396 0.0044503 0)
(-19.5806 -0.0112105 1.17108e-18)
(-17.6534 -0.0240597 0)
(-14.0916 -0.03489 0)
(-8.54861 -0.0363412 8.42036e-19)
(-3.67478 -0.0301313 -5.75608e-19)
(1.81834 -0.0265657 0)
(6.18089 -0.01763 0)
(7.93906 -0.00540789 0)
(8.04523 0.00100999 0)
(7.2886 0.00440932 3.33804e-19)
(5.46702 0.00535503 0)
(4.44653 0.00325842 0)
(3.63205 0.00128608 9.48268e-19)
(3.9866 -0.00118256 1.32938e-18)
(4.59156 -0.00249583 2.10485e-18)
(6.09057 -0.00027402 -1.09295e-18)
(5.406 -0.000734334 3.15486e-24)
(6.43615 -0.00568891 0)
(9.00258 0.00314492 -1.2544e-18)
(5.04182 0.00316189 0)
(7.58965 -0.00268724 0)
(-9.19695 0.0283407 -6.19548e-20)
(-9.86495 0.0337106 1.11769e-19)
(-10.5052 0.0315933 0)
(-11.2966 0.0312767 9.36833e-20)
(-12.1366 0.0302582 -1.72983e-19)
(-13.1355 0.0327883 -1.60563e-19)
(-14.359 0.0345113 0)
(-15.7542 0.0357821 -2.85998e-19)
(-17.4184 0.040017 0)
(-19.4767 0.0409433 -5.47703e-19)
(-21.3889 0.0274579 -5.51855e-19)
(-22.1152 0.00475179 -1.01943e-18)
(-21.5226 -0.0191444 -8.99613e-19)
(-19.1367 -0.0394993 0)
(-15.2166 -0.0573216 0)
(-9.05953 -0.0589913 -6.71839e-19)
(-3.77195 -0.0497205 -3.35199e-23)
(2.33212 -0.0427332 0)
(7.11639 -0.0262768 0)
(8.97423 -0.00719999 0)
(9.02257 0.00270108 0)
(8.08269 0.00820002 0)
(6.02829 0.00910914 0)
(4.85909 0.00548066 -1.60749e-18)
(3.98535 0.00203733 0)
(4.37877 -0.00183118 -1.07948e-18)
(5.02799 -0.00403205 -3.40407e-18)
(6.6261 -0.000848921 8.7124e-19)
(5.7109 -0.00078021 1.82337e-19)
(6.77591 -0.00801635 0)
(9.7444 0.00445831 0)
(5.38258 0.00444119 0)
(8.05376 -0.00424554 0)
(-10.5763 0.0413537 1.17004e-19)
(-11.3125 0.0484007 0)
(-12.0211 0.0455281 1.91814e-19)
(-12.9004 0.0452983 -1.75373e-19)
(-13.8389 0.0440343 0)
(-14.9514 0.0473549 2.97153e-19)
(-16.2849 0.0495335 -2.75685e-19)
(-17.7903 0.0511421 -5.18873e-19)
(-19.5418 0.0562029 4.93004e-19)
(-21.6054 0.0559641 0)
(-23.3893 0.0354133 -6.22821e-24)
(-23.7726 0.00297525 1.6026e-18)
(-22.7415 -0.0302305 0)
(-19.8758 -0.0581772 0)
(-15.651 -0.0832485 0)
(-9.16837 -0.085147 0)
(-3.61296 -0.0729534 3.97031e-19)
(2.76115 -0.0620391 0)
(7.89218 -0.0366785 -2.41497e-19)
(9.8325 -0.00934433 0)
(9.81612 0.00472298 0)
(8.71725 0.0126483 0)
(6.4914 0.0134826 0)
(5.18857 0.00802375 1.35464e-18)
(4.27371 0.00283136 0)
(4.69582 -0.00262141 1.83936e-18)
(5.38032 -0.0058014 -1.15439e-23)
(7.05313 -0.00130832 1.46044e-18)
(5.96849 -0.000649309 0)
(7.07171 -0.0109199 0)
(10.4103 0.00584391 1.82189e-18)
(5.70664 0.0061033 0)
(8.45806 -0.00595414 -1.70709e-19)
(-11.8657 0.0578676 -1.13043e-19)
(-12.6658 0.066604 0)
(-13.4398 0.0628729 -3.68313e-19)
(-14.4021 0.0628178 2.10507e-24)
(-15.4325 0.0612473 3.06333e-19)
(-16.6466 0.0652983 2.7983e-19)
(-18.0737 0.0676952 2.5694e-19)
(-19.6555 0.0693014 6.22475e-24)
(-21.4443 0.0745322 -8.84199e-19)
(-23.438 0.0719057 0)
(-25.0211 0.0422542 7.59763e-19)
(-25.059 -0.00168813 -1.28067e-18)
(-23.6315 -0.0449443 1.02197e-18)
(-20.3761 -0.0802315 0)
(-15.9026 -0.112134 0)
(-9.21981 -0.114338 0)
(-3.42967 -0.0991076 0)
(3.08799 -0.0845197 0)
(8.54451 -0.0490349 2.15814e-19)
(10.5752 -0.0118513 0)
(10.5025 0.00715103 1.47104e-19)
(9.26928 0.0178386 3.68553e-19)
(6.90872 0.0185803 0)
(5.471 0.0109692 0)
(4.51487 0.00369014 0)
(4.95555 -0.00356348 -1.62327e-18)
(5.66827 -0.00783675 1.26925e-18)
(7.40405 -0.00171238 -1.22707e-24)
(6.20317 -0.00037877 -2.65748e-19)
(7.34307 -0.0144308 -3.55743e-19)
(11.0182 0.00729571 -1.62848e-18)
(6.02892 0.00817512 0)
(8.83081 -0.0078195 1.45359e-19)
(-13.0708 0.0785595 0)
(-13.9318 0.0889108 -1.977e-19)
(-14.7692 0.0842065 2.05484e-24)
(-15.8104 0.0844002 -1.62193e-19)
(-16.9264 0.0823926 -5.88559e-19)
(-18.2302 0.0870376 -3.57556e-24)
(-19.7383 0.0892428 -4.82574e-19)
(-21.3699 0.0902544 8.82503e-19)
(-23.1635 0.0947243 7.99438e-19)
(-25.0539 0.0882815 7.16929e-19)
(-26.4365 0.0476143 -6.48775e-19)
(-26.2062 -0.00945974 5.38969e-19)
(-24.4772 -0.063699 -8.52248e-19)
(-20.9205 -0.106535 0)
(-16.2347 -0.145332 0)
(-9.37855 -0.147838 0)
(-3.36214 -0.128769 -4.81972e-19)
(3.29974 -0.1106 0)
(9.09693 -0.063691 0)
(11.246 -0.0148017 0)
(11.1388 0.0100495 -1.26046e-19)
(9.79162 0.0238856 -3.1805e-19)
(7.31275 0.0245445 0)
(5.72679 0.0144271 0)
(4.71789 0.00464669 0)
(5.16835 -0.00466798 -1.47142e-18)
(5.90381 -0.0101752 0)
(7.69925 -0.00211533 -1.14652e-18)
(6.42778 4.54962e-06 2.41279e-19)
(7.59765 -0.0185912 -5.15195e-23)
(11.5747 0.00879323 0)
(6.3588 0.0106833 0)
(9.18944 -0.00984203 0)
(-14.1956 0.104219 -2.18356e-19)
(-15.1152 0.116019 1.94245e-19)
(-16.0147 0.110202 1.75284e-19)
(-17.1308 0.110684 6.31746e-19)
(-18.3267 0.108021 2.84412e-19)
(-19.7106 0.113045 -2.54886e-19)
(-21.2893 0.114492 4.55653e-19)
(-22.9578 0.114125 -3.83644e-24)
(-24.7477 0.116736 -1.09912e-18)
(-26.5449 0.105044 -6.46e-19)
(-27.7793 0.0516101 5.78637e-19)
(-27.3798 -0.0203464 -9.62725e-19)
(-25.436 -0.0869585 0)
(-21.6348 -0.137909 0)
(-16.7518 -0.183957 0)
(-9.71031 -0.186614 0)
(-3.46803 -0.162806 -8.25033e-23)
(3.38295 -0.140981 -1.30219e-19)
(9.56375 -0.0811666 3.64446e-19)
(11.8769 -0.0183611 -1.12111e-19)
(11.7668 0.0134691 1.1089e-19)
(10.3217 0.0309356 -5.63056e-19)
(7.7255 0.0315626 0)
(5.96861 0.0185439 -2.00498e-18)
(4.88797 0.00574772 0)
(5.34075 -0.00594694 1.36187e-18)
(6.09447 -0.0128615 0)
(7.95133 -0.00257502 0)
(6.64873 0.000478883 0)
(7.83783 -0.0234464 -5.12787e-23)
(12.0818 0.010301 0)
(6.7026 0.0136481 0)
(9.5455 -0.0120189 1.16159e-19)
(-15.2448 0.13575 2.16086e-19)
(-16.221 0.148741 -1.91487e-19)
(-17.1816 0.141637 3.44357e-19)
(-18.3693 0.142402 -6.17474e-19)
(-19.6406 0.138781 -2.76058e-19)
(-21.0995 0.143883 4.91142e-19)
(-22.7413 0.143878 4.33736e-19)
(-24.449 0.141302 -3.88013e-19)
(-26.2526 0.140953 1.36839e-18)
(-27.9996 0.122613 0)
(-29.1607 0.0546602 0)
(-28.6805 -0.0342747 1.80199e-18)
(-26.584 -0.115133 0)
(-22.5711 -0.175033 0)
(-17.4929 -0.228819 0)
(-10.2432 -0.231512 9.97741e-19)
(-3.77161 -0.20227 3.67364e-19)
(3.32326 -0.176643 1.16958e-19)
(9.95158 -0.102187 -3.4444e-19)
(12.4905 -0.0228015 1.0309e-19)
(12.4167 0.0174384 -3.00249e-19)
(10.8879 0.0391749 5.10194e-19)
(8.16402 0.0398821 0)
(6.20567 0.0235137 1.89513e-18)
(5.02864 0.00705794 0)
(5.47695 -0.00741347 -2.56259e-18)
(6.24474 -0.0159488 1.99094e-18)
(8.16753 -0.00315818 1.99285e-18)
(6.86859 0.00102399 0)
(8.06365 -0.029042 2.68532e-19)
(12.5397 0.0117676 0)
(7.06455 0.017079 0)
(9.90705 -0.0143452 -1.0751e-19)
(-16.2245 0.174185 0)
(-17.2558 0.188011 1.8905e-19)
(-18.2768 0.179409 -6.77928e-19)
(-19.534 0.180418 3.02699e-19)
(-20.8793 0.175473 -2.6918e-19)
(-22.4122 0.180269 -9.52797e-19)
(-24.1177 0.178096 -1.18965e-24)
(-25.8795 0.17253 0)
(-27.7312 0.168213 8.52317e-24)
(-29.4914 0.141846 0)
(-30.656 0.0573828 -1.04092e-18)
(-30.1613 -0.0511595 -1.74115e-18)
(-27.9516 -0.148714 0)
(-23.7471 -0.218746 -1.02021e-18)
(-18.4707 -0.280995 0)
(-10.9899 -0.283591 -9.40076e-19)
(-4.28375 -0.24827 0)
(3.1052 -0.218759 0)
(10.26 -0.12773 -3.32208e-19)
(13.1009 -0.0285326 -9.72698e-20)
(13.1097 0.0219503 3.69668e-19)
(11.513 0.0488299 -4.7143e-19)
(8.64374 0.0498252 0)
(6.44615 0.0295934 1.81515e-18)
(5.14273 0.00866673 1.77092e-18)
(5.57956 -0.00908036 2.44171e-18)
(6.35697 -0.0194995 3.64275e-23)
(8.35147 -0.00394445 -3.81079e-18)
(7.08749 0.00161806 0)
(8.27402 -0.0354228 5.07822e-19)
(12.9479 0.0131245 0)
(7.44723 0.0209705 -6.21937e-19)
(10.2799 -0.0168157 0)
(-17.1433 0.220689 0)
(-18.2285 0.234916 3.73677e-19)
(-19.3099 0.224581 3.34419e-19)
(-20.6364 0.225785 2.97953e-19)
(-22.0575 0.219124 5.28079e-19)
(-23.6685 0.223177 4.66196e-19)
(-25.4487 0.218194 -4.0839e-19)
(-27.2905 0.209027 0)
(-29.2305 0.199806 -6.36624e-19)
(-31.0736 0.163985 1.13634e-18)
(-32.3092 0.060532 1.03062e-18)
(-31.8447 -0.0709806 -9.18552e-23)
(-29.5463 -0.18834 -1.36962e-18)
(-25.1678 -0.270057 1.00473e-18)
(-19.691 -0.341781 0)
(-11.9576 -0.344116 0)
(-5.00689 -0.30198 3.21338e-19)
(2.71252 -0.268834 -2.00319e-19)
(10.482 -0.159089 3.27454e-19)
(13.7143 -0.0361451 9.40483e-20)
(13.8596 0.0269387 -1.74023e-19)
(12.2158 0.06016 4.42433e-19)
(9.18072 0.0618052 0)
(6.69873 0.0371232 -1.75662e-18)
(5.23291 0.0106979 -1.70072e-18)
(5.65011 -0.0109574 -2.34911e-18)
(6.43198 -0.023585 4.10992e-23)
(8.50422 -0.00502966 -5.97091e-24)
(7.30392 0.00223487 0)
(8.46722 -0.0426329 -4.87087e-19)
(13.3058 0.0142834 0)
(7.85184 0.0252983 6.08342e-19)
(10.6684 -0.0194248 0)
(-18.0119 0.27659 -2.10337e-19)
(-19.151 0.290741 -3.6995e-19)
(-20.2944 0.278438 3.31096e-19)
(-21.6927 0.279819 -2.94923e-19)
(-23.1945 0.271045 5.22058e-19)
(-24.8924 0.273981 0)
(-26.7661 0.265652 -8.09993e-19)
(-28.7208 0.252429 0)
(-30.7926 0.237505 0)
(-32.7795 0.190593 8.99744e-23)
(-34.141 0.0649564 -1.04128e-18)
(-33.7349 -0.0937995 8.6841e-19)
(-31.366 -0.23475 1.38275e-18)
(-26.835 -0.330077 0)
(-21.1588 -0.412649 0)
(-13.151 -0.41457 -8.87577e-19)
(-5.93896 -0.364756 3.0986e-19)
(2.13264 -0.328765 3.8731e-19)
(10.605 -0.197937 -3.30088e-19)
(14.3305 -0.0464626 0)
(14.6738 0.0322434 0)
(13.0117 0.0734419 0)
(9.79312 0.0763454 0)
(6.97389 0.0465545 -1.71535e-18)
(5.30216 0.0133241 0)
(5.6895 -0.0130477 2.27621e-18)
(6.46955 -0.028285 -1.76866e-18)
(8.62512 -0.00652881 3.60181e-18)
(7.51525 0.00284113 0)
(8.64104 -0.0507156 -4.73471e-19)
(13.6122 0.0151326 -2.097e-18)
(8.27836 0.030015 0)
(11.0757 -0.0221687 1.86679e-19)
(-18.8447 0.343419 2.08815e-19)
(-20.0395 0.35705 0)
(-21.2484 0.342581 -3.29446e-19)
(-22.7237 0.344182 0)
(-24.3139 0.332927 -1.04208e-18)
(-26.1119 0.334504 -4.6208e-19)
(-28.102 0.322483 8.15119e-19)
(-30.2039 0.304857 -7.30178e-19)
(-32.4501 0.283453 -1.28974e-18)
(-34.6282 0.223488 1.21031e-22)
(-36.1553 0.0715843 2.14365e-18)
(-35.8258 -0.119703 0)
(-33.405 -0.288681 0)
(-28.7514 -0.399961 0)
(-22.8765 -0.495276 0)
(-14.5704 -0.496651 8.95375e-19)
(-7.07451 -0.438178 -6.12322e-19)
(1.36954 -0.400539 -1.92672e-19)
(10.6141 -0.246315 3.40894e-19)
(14.9438 -0.0606088 1.88766e-19)
(15.5537 0.0375716 0)
(13.9118 0.0889409 0)
(10.5012 0.0940913 0)
(7.28516 0.0584852 5.07395e-18)
(5.35422 0.0167881 0)
(5.69834 -0.0153416 0)
(6.46884 -0.0336862 0)
(8.71243 -0.00857883 -1.77168e-18)
(7.71802 0.00339408 0)
(8.79274 -0.0597138 4.65278e-19)
(13.8656 0.0155341 -3.71313e-24)
(8.7257 0.0350431 1.19728e-18)
(11.5043 -0.0250466 -3.6353e-19)
(-19.6605 0.423002 0)
(-20.9151 0.435798 -3.66365e-19)
(-22.1951 0.419012 0)
(-23.7549 0.420957 0)
(-25.4437 0.406922 -1.95372e-23)
(-27.3574 0.407065 4.68518e-19)
(-29.4881 0.391198 0)
(-31.7696 0.368924 7.49418e-19)
(-34.2228 0.340082 2.66346e-18)
(-36.6272 0.264695 -1.21499e-18)
(-38.3451 0.0814328 -1.12664e-18)
(-38.1047 -0.148728 -1.8879e-18)
(-35.6584 -0.350825 -1.52212e-18)
(-30.9197 -0.480945 0)
(-24.8372 -0.591603 0)
(-16.2076 -0.592452 0)
(-8.39875 -0.524136 6.27088e-19)
(0.457832 -0.486257 0)
(10.5004 -0.306613 -7.23981e-19)
(15.545 -0.0800591 -3.92019e-19)
(16.4958 0.0424546 -3.18177e-19)
(14.9228 0.106871 7.71599e-19)
(11.3255 0.115806 0)
(7.65074 0.0737027 -3.37462e-18)
(5.39417 0.0214332 3.12092e-18)
(5.67726 -0.017808 0)
(6.42874 -0.0398807 0)
(8.7638 -0.0113408 0)
(7.90823 0.00383967 0)
(8.91909 -0.0696694 -4.61818e-19)
(14.064 0.0153189 5.72424e-18)
(9.19167 0.0402687 -2.40274e-18)
(11.9562 -0.028063 3.5658e-19)
(-20.4829 0.517562 0)
(-21.8044 0.529452 -3.0155e-23)
(-23.1629 0.510216 0)
(-24.8158 0.512699 0)
(-26.6147 0.495679 5.34721e-19)
(-28.6608 0.494514 -9.60828e-19)
(-30.9556 0.474838 0)
(-33.4438 0.447631 0)
(-36.1236 0.410117 -1.3985e-18)
(-38.7731 0.316423 0)
(-40.6965 0.095625 0)
(-40.5534 -0.180765 2.0486e-18)
(-38.121 -0.421677 1.67786e-18)
(-33.3356 -0.574449 0)
(-27.0098 -0.704133 0)
(-18.0322 -0.704417 0)
(-9.87056 -0.624883 9.80555e-23)
(-0.517344 -0.588037 0)
(10.2766 -0.381418 7.9444e-19)
(16.1243 -0.106646 2.0911e-19)
(17.4933 0.0462054 3.17926e-19)
(16.0462 0.127346 -7.4499e-19)
(12.2834 0.142344 0)
(8.09519 0.0932221 3.41129e-18)
(5.42918 0.0277502 -3.06471e-18)
(5.62721 -0.0203822 0)
(6.34813 -0.0469625 0)
(8.77668 -0.0150017 3.48073e-18)
(8.08156 0.00411122 0)
(9.01642 -0.0806233 -6.93323e-23)
(14.2048 0.014282 -3.67446e-18)
(9.67309 0.0455324 2.42635e-18)
(12.4328 -0.0312309 -1.75915e-19)
(-21.3415 0.629834 0)
(-22.7393 0.641128 3.68861e-19)
(-24.1843 0.619246 0)
(-25.939 0.622582 0)
(-27.8598 0.602494 0)
(-30.0542 0.600401 -9.92985e-23)
(-32.5325 0.577106 8.9815e-19)
(-35.2464 0.544442 0)
(-38.158 0.496432 0)
(-41.0502 0.380997 0)
(-43.1842 0.115464 0)
(-43.149 -0.215339 -2.30625e-18)
(-40.7864 -0.501681 0)
(-35.9725 -0.683132 0)
(-29.3136 -0.836339 0)
(-19.9695 -0.835057 0)
(-11.3805 -0.742456 -7.75178e-19)
(-1.37544 -0.707877 0)
(10.0074 -0.472494 0)
(16.6796 -0.14238 0)
(18.5369 0.0478861 0)
(17.2799 0.150348 7.23461e-19)
(13.3859 0.174589 0)
(8.65057 0.11834 -3.48216e-18)
(5.46928 0.0364449 3.03397e-18)
(5.5497 -0.022947 4.18797e-18)
(6.22611 -0.0550237 0)
(8.74866 -0.0197754 -3.46742e-18)
(8.23365 0.00412908 -8.78075e-19)
(9.08081 -0.0926133 4.65141e-19)
(14.2852 0.0121778 3.5615e-18)
(10.1658 0.0506189 -1.23224e-18)
(12.9351 -0.0345759 3.49019e-19)
(-22.2708 0.763144 -4.14712e-19)
(-23.7554 0.774657 3.71237e-19)
(-25.2926 0.749728 6.79792e-19)
(-27.1566 0.754377 0)
(-29.209 0.731245 0)
(-31.564 0.728708 -1.54004e-22)
(-34.2362 0.701855 -9.45979e-19)
(-37.1801 0.662701 0)
(-40.3137 0.601828 0)
(-43.4289 0.460671 -3.10548e-18)
(-45.7709 0.142631 0)
(-45.8631 -0.251865 5.45882e-18)
(-43.6371 -0.591674 0)
(-38.7422 -0.8063 0)
(-31.5644 -0.986165 0)
(-21.8321 -0.983222 -3.12636e-18)
(-12.6414 -0.879915 -9.37254e-19)
(-1.78189 -0.849112 0)
(9.85733 -0.58017 1.04748e-18)
(17.2288 -0.18908 0)
(19.6184 0.0463371 3.34522e-19)
(18.6207 0.175708 -7.08575e-19)
(14.6374 0.213382 0)
(9.35366 0.150675 0)
(5.52839 0.0485257 -3.04189e-18)
(5.44705 -0.0253054 -4.13639e-18)
(6.06209 -0.0641498 0)
(8.67777 -0.0259038 0)
(8.36035 0.00380118 9.0603e-19)
(9.10842 -0.105671 -9.41671e-19)
(14.3017 0.00871488 1.83539e-22)
(10.6647 0.0552449 0)
(13.4642 -0.0381413 -3.47601e-19)
(-23.3083 0.921454 8.27619e-19)
(-24.8889 0.934495 -3.7285e-19)
(-26.5193 0.905652 -6.87382e-19)
(-28.4956 0.912195 -6.34918e-19)
(-30.6864 0.886116 0)
(-33.2099 0.883512 -2.34284e-22)
(-36.0745 0.853139 2.01423e-18)
(-39.2362 0.805963 0)
(-42.5577 0.728866 0)
(-45.8729 0.558266 3.58736e-18)
(-48.4088 0.178045 -3.73064e-18)
(-48.6447 -0.287767 -3.51756e-18)
(-46.5816 -0.68523 -6.68145e-18)
(-41.4537 -0.944739 0)
(-33.3276 -1.16322 0)
(-23.1043 -1.15964 4.3175e-18)
(-13.0123 -1.05021 1.04145e-18)
(-1.39808 -1.01407 5.11201e-19)
(10.1134 -0.705058 -2.25004e-18)
(17.8245 -0.247209 -6.118e-19)
(20.7366 0.0403237 -3.55007e-19)
(20.0655 0.203091 -1.40251e-18)
(16.04 0.259504 0)
(10.2366 0.192095 0)
(5.62567 0.065388 0)
(5.32263 -0.0271414 0)
(5.8559 -0.0744117 -6.42825e-18)
(8.56262 -0.0336583 0)
(8.45818 0.0030245 -9.37582e-19)
(9.09589 -0.119815 9.56839e-19)
(14.2506 0.00355262 -3.41158e-18)
(11.1636 0.0590438 0)
(14.0204 -0.0419959 0)
(-24.4924 1.10853 -4.10697e-19)
(-26.175 1.12483 0)
(-27.8931 1.09059 0)
(-29.9811 1.10043 -6.4977e-19)
(-32.3134 1.07245 -1.21055e-18)
(-35.009 1.0705 -3.54821e-22)
(-38.0465 1.03549 7.52041e-22)
(-41.3868 0.97754 0)
(-44.8522 0.878629 0)
(-48.3228 0.673161 0)
(-51.0201 0.228211 4.84813e-18)
(-51.3989 -0.314721 1.00907e-17)
(-49.0977 -0.795944 1.00264e-17)
(-42.9368 -1.13623 0)
(-33.3986 -1.39859 1.13241e-17)
(-22.7873 -1.37571 0)
(-12.0798 -1.24929 0)
(-0.372575 -1.19585 -3.24666e-21)
(10.9288 -0.841985 1.01955e-18)
(18.5573 -0.315487 8.57469e-22)
(21.9052 0.0288722 3.87051e-19)
(21.6132 0.23201 1.07189e-22)
(17.5963 0.313687 0)
(11.3181 0.244645 3.47626e-18)
(5.78767 0.0888709 -6.51923e-18)
(5.18128 -0.0279592 -4.09603e-18)
(5.60781 -0.0858559 6.40564e-18)
(8.40251 -0.0433426 0)
(8.5247 0.00168681 9.72934e-19)
(9.04088 -0.135044 -9.75619e-19)
(14.1281 -0.0037 -3.36853e-18)
(11.6554 0.0615501 0)
(14.6041 -0.0462425 0)
(-25.8584 1.33022 0)
(-27.6472 1.35284 7.42292e-19)
(-29.4419 1.31154 0)
(-31.6398 1.32631 1.32725e-18)
(-34.1053 1.29571 2.52108e-18)
(-36.9558 1.29246 1.20643e-18)
(-40.1332 1.24835 -2.3755e-18)
(-43.5881 1.17539 2.36594e-18)
(-47.155 1.05487 0)
(-50.7519 0.816659 0)
(-53.3046 0.288201 0)
(-52.8992 -0.370486 1.03517e-20)
(-49.0211 -0.963828 -1.29307e-17)
(-41.9605 -1.36969 0)
(-32.1251 -1.65456 -9.6344e-18)
(-21.4454 -1.60578 0)
(-10.5779 -1.46224 0)
(0.884983 -1.3926 -3.62482e-21)
(12.0417 -0.986917 0)
(19.5026 -0.392121 7.48153e-19)
(23.1568 0.0115747 -4.32059e-19)
(23.2675 0.261925 1.43251e-18)
(19.3098 0.376639 0)
(12.6036 0.310569 -3.32436e-18)
(6.05167 0.121319 7.01424e-18)
(5.03 -0.0269855 8.23482e-18)
(5.31847 -0.0984897 0)
(8.19736 -0.0552975 0)
(8.55893 -0.00033226 0)
(8.94261 -0.151321 9.97473e-19)
(13.931 -0.0134804 -4.42632e-22)
(12.1321 0.0621816 2.7604e-18)
(15.215 -0.0510299 0)
(-27.4296 1.5884 0)
(-29.3316 1.61901 -7.35093e-19)
(-31.1828 1.56567 7.01693e-19)
(-33.4956 1.58813 -1.36533e-18)
(-36.0867 1.55581 8.74313e-22)
(-39.0726 1.55145 2.60562e-18)
(-42.3742 1.49975 0)
(-45.8842 1.41097 -5.39003e-18)
(-49.2837 1.25439 5.46536e-18)
(-52.1839 0.954574 5.96477e-18)
(-53.591 0.313332 0)
(-52.3598 -0.472481 1.48617e-20)
(-48.1318 -1.15929 1.10258e-17)
(-41.3219 -1.62267 0)
(-31.2302 -1.94838 0)
(-20.1814 -1.8697 -6.93925e-18)
(-8.97203 -1.7018 0)
(2.22286 -1.60897 -5.62054e-19)
(13.2336 -1.14656 0)
(20.6251 -0.477519 0)
(24.5389 -0.0116478 -9.74993e-19)
(25.0394 0.292397 0)
(21.1837 0.449054 0)
(14.0927 0.39229 0)
(6.46833 0.16572 0)
(4.8789 -0.0230184 -1.2554e-17)
(4.98892 -0.112259 -6.46434e-18)
(7.94767 -0.0699091 0)
(8.56169 -0.00316262 0)
(8.80238 -0.168562 1.02244e-18)
(13.6573 -0.0262637 3.32358e-18)
(12.5846 0.0602225 -2.8716e-18)
(15.8522 -0.0565671 0)
(-29.5089 1.88268 0)
(-31.5462 1.93285 -6.92321e-19)
(-33.4573 1.86707 6.74235e-19)
(-35.9283 1.90367 1.29716e-18)
(-38.5768 1.86795 -2.52601e-18)
(-41.5355 1.85774 -4.92714e-18)
(-44.5622 1.78018 0)
(-47.4133 1.64887 2.50143e-18)
(-49.8267 1.42867 -5.28257e-18)
(-51.8732 1.05688 -5.78653e-18)
(-52.9652 0.319689 0)
(-51.7038 -0.581499 -1.43327e-17)
(-47.411 -1.37832 1.9156e-17)
(-40.4333 -1.91693 0)
(-30.2334 -2.28884 0)
(-18.9591 -2.17817 5.59984e-18)
(-7.3304 -1.9741 0)
(3.62014 -1.84654 2.31704e-19)
(14.4711 -1.32381 0)
(21.7993 -0.574792 0)
(26.082 -0.0420922 2.13344e-18)
(26.951 0.323264 0)
(23.2243 0.531787 0)
(15.7855 0.492304 -5.86942e-18)
(7.09635 0.225751 0)
(4.74223 -0.0142241 8.65474e-18)
(4.62101 -0.127008 6.55264e-18)
(7.65446 -0.0876194 0)
(8.53571 -0.00694934 0)
(8.624 -0.186615 -1.05049e-18)
(13.3069 -0.0425443 6.63083e-18)
(13.0032 0.0548084 0)
(16.5139 -0.0631399 0)
(-32.3764 2.22425 0)
(-34.3093 2.30261 5.85029e-19)
(-36.1028 2.21693 -1.15509e-18)
(-38.3518 2.26 0)
(-40.5874 2.19545 1.12221e-18)
(-42.9688 2.1539 2.2362e-18)
(-45.226 2.02224 2.27827e-18)
(-47.3235 1.83679 4.70706e-18)
(-49.2549 1.5696 0)
(-51.211 1.16095 0)
(-52.3317 0.327499 0)
(-50.9946 -0.712467 -1.26345e-17)
(-46.6691 -1.6329 -1.6766e-17)
(-39.5773 -2.24972 0)
(-29.2265 -2.67337 0)
(-17.7721 -2.53296 0)
(-5.66889 -2.28174 -8.48367e-19)
(5.07514 -2.10702 0)
(15.7553 -1.51878 0)
(22.9545 -0.68657 -5.08385e-19)
(27.7205 -0.0831466 -1.0795e-18)
(29.0293 0.354139 1.69711e-18)
(25.4415 0.625948 0)
(17.6892 0.613183 1.07896e-21)
(7.98332 0.305638 0)
(4.64043 0.00205369 -9.1785e-18)
(4.21787 -0.142416 -6.68991e-18)
(7.31922 -0.108939 7.35814e-18)
(8.48553 -0.011865 0)
(8.41411 -0.205247 -1.08116e-18)
(12.8825 -0.0628107 -6.62257e-18)
(13.3773 0.0449135 -3.14055e-18)
(17.1971 -0.0711291 -7.23881e-19)
(-34.3001 2.57673 0)
(-35.8372 2.66258 0)
(-37.38 2.54836 -1.02968e-18)
(-39.1608 2.57856 0)
(-40.9438 2.47665 -2.04241e-18)
(-42.8349 2.40384 0)
(-44.6913 2.23444 -2.09062e-18)
(-46.5846 2.02557 4.89971e-21)
(-48.4945 1.7336 -4.48568e-18)
(-50.5024 1.28358 0)
(-51.5986 0.337026 0)
(-50.1799 -0.859342 2.23393e-17)
(-45.784 -1.92009 0)
(-38.5756 -2.63017 0)
(-28.1408 -3.11191 0)
(-16.621 -2.94404 0)
(-3.99278 -2.63212 -6.82123e-21)
(6.58625 -2.39316 -3.07575e-19)
(17.0809 -1.73239 0)
(24.1176 -0.814743 4.20572e-19)
(29.3054 -0.139561 0)
(31.283 0.383228 -1.82987e-18)
(27.8445 0.732874 0)
(19.8213 0.757727 1.04658e-17)
(9.1481 0.409998 0)
(4.60378 0.0293668 -4.03996e-22)
(3.78465 -0.157899 6.88467e-18)
(6.94418 -0.134457 -7.53884e-18)
(8.41721 -0.0181292 -2.39861e-18)
(8.18221 -0.224121 2.22897e-18)
(12.3895 -0.0875118 0)
(13.6955 0.0293453 3.29193e-18)
(17.8978 -0.0810336 1.46939e-18)
(-34.5822 2.92222 0)
(-35.7839 2.99631 9.28285e-19)
(-37.2039 2.86443 9.28726e-19)
(-38.6986 2.87829 9.23393e-19)
(-40.317 2.75278 -2.6683e-21)
(-42.0325 2.6592 0)
(-43.8311 2.46664 0)
(-45.7318 2.24075 -3.91003e-18)
(-47.6864 1.92008 4.06563e-18)
(-49.7163 1.4209 0)
(-50.7738 0.343418 0)
(-49.2651 -1.03093 -9.90103e-18)
(-44.7863 -2.24798 0)
(-37.4641 -3.059 0)
(-26.9891 -3.60259 0)
(-15.5246 -3.41312 0)
(-2.30992 -3.03278 6.09169e-19)
(8.1473 -2.70804 2.62747e-19)
(18.4424 -1.96616 0)
(25.3321 -0.959792 0)
(30.7597 -0.216423 0)
(33.6579 0.406146 -1.91737e-18)
(30.4351 0.853441 0)
(22.206 0.929232 -1.00176e-17)
(10.5918 0.543933 0)
(4.67897 0.0722271 -8.16435e-22)
(3.3297 -0.172443 0)
(6.53274 -0.16484 0)
(8.33783 -0.0260352 2.51572e-18)
(7.94044 -0.242791 -1.14954e-18)
(11.8368 -0.117011 6.63183e-18)
(13.9465 0.006747 -3.45081e-18)
(18.6105 -0.093494 -1.49486e-18)
(-33.9452 3.28838 0)
(-34.9975 3.34081 -1.68632e-18)
(-36.3917 3.20274 -8.45941e-19)
(-37.7801 3.19819 1.5842e-21)
(-39.3778 3.05678 1.68855e-18)
(-41.0486 2.94456 0)
(-42.8679 2.73255 0)
(-44.7872 2.48811 3.559e-18)
(-46.7704 2.13356 0)
(-48.8075 1.57526 0)
(-49.8195 0.347517 0)
(-48.2093 -1.22973 0)
(-43.6375 -2.62246 -1.15772e-17)
(-36.2109 -3.54749 0)
(-25.7518 -4.15585 0)
(-14.4791 -3.95086 0)
(-0.633044 -3.49287 0)
(9.7485 -3.05527 0)
(19.8383 -2.22225 0)
(26.6108 -1.12146 0)
(32.1189 -0.316889 0)
(35.9906 0.415665 -1.89355e-18)
(33.2097 0.987145 0)
(24.8584 1.13119 4.83048e-18)
(12.3261 0.713682 0)
(4.9368 0.136505 1.28282e-17)
(2.86679 -0.184283 -1.50648e-17)
(6.09005 -0.200814 8.01232e-18)
(8.25513 -0.035981 0)
(7.70303 -0.260693 0)
(11.2362 -0.151533 -6.63813e-18)
(14.1188 -0.0243901 -1.59441e-21)
(19.328 -0.109317 7.62084e-19)
(-32.9659 3.687 0)
(-33.9653 3.71849 7.69601e-19)
(-35.3534 3.57752 7.70211e-19)
(-36.7024 3.55328 7.69501e-19)
(-38.2993 3.39772 -1.54325e-18)
(-39.9502 3.26555 0)
(-41.7842 3.03451 -3.16183e-18)
(-43.7143 2.76907 6.74002e-21)
(-45.718 2.3751 0)
(-47.7629 1.74726 0)
(-48.73 0.347307 0)
(-47.0192 -1.46071 0)
(-42.3488 -3.04581 1.02903e-17)
(-34.8294 -4.08486 0)
(-24.4237 -4.75226 0)
(-13.4547 -4.55866 0)
(1.02478 -4.02294 9.46576e-19)
(11.3799 -3.43932 0)
(21.2695 -2.50327 8.53033e-19)
(27.9466 -1.30049 4.54747e-19)
(33.4708 -0.441282 0)
(38.0799 0.404037 -1.45114e-20)
(36.1485 1.1306 0)
(27.7751 1.36658 -4.703e-18)
(14.3731 0.92639 0)
(5.46739 0.229759 -1.40601e-17)
(2.41741 -0.190452 1.61644e-17)
(5.62427 -0.243128 -8.30285e-18)
(8.17722 -0.0484989 2.76832e-18)
(7.48533 -0.277152 0)
(10.6023 -0.19111 -6.65245e-18)
(14.202 -0.0657002 3.7449e-18)
(20.0412 -0.129499 0)
(-31.8203 4.12602 7.49992e-19)
(-32.7905 4.13873 -7.08844e-19)
(-34.1661 3.99526 -7.07575e-19)
(-35.4865 3.9499 -1.40357e-18)
(-37.0739 3.78017 1.40936e-18)
(-38.7052 3.62691 0)
(-40.5453 3.37719 2.88351e-18)
(-42.4857 3.08892 -2.95163e-18)
(-44.5069 2.64918 6.15296e-18)
(-46.5654 1.94 0)
(-47.4964 0.342953 0)
(-45.6921 -1.72903 0)
(-40.91 -3.53309 0)
(-33.2738 -4.70575 0)
(-22.8978 -5.42508 0)
(-12.3563 -5.24883 -2.75969e-18)
(2.65591 -4.63342 -8.3451e-19)
(13.0356 -3.86553 1.34685e-19)
(22.7376 -2.81211 -7.4126e-19)
(29.334 -1.49909 -1.61564e-20)
(34.8868 -0.588414 0)
(39.8624 0.365578 3.17988e-18)
(39.1819 1.27646 0)
(30.9429 1.63858 -4.64895e-18)
(16.7467 1.18871 0)
(6.34446 0.360606 1.4414e-17)
(2.01448 -0.18643 0)
(5.14882 -0.292471 0)
(8.11279 -0.0642677 -8.69559e-18)
(7.30264 -0.291387 0)
(9.95148 -0.235519 1.33279e-17)
(14.1876 -0.11892 0)
(20.7393 -0.155242 -7.9983e-19)
(-30.5136 4.60924 -6.89169e-19)
(-31.4544 4.60482 -2.68567e-21)
(-32.8085 4.45828 6.49493e-19)
(-34.0975 4.39099 1.29593e-18)
(-35.668 4.20714 0)
(-37.2794 4.0326 0)
(-39.1243 3.76522 0)
(-41.0774 3.45266 0)
(-43.1146 2.95984 -5.61705e-18)
(-45.1965 2.15699 0)
(-46.1073 0.334304 1.54535e-17)
(-44.2188 -2.04108 0)
(-39.329 -4.08633 0)
(-31.5925 -5.39004 0)
(-21.1839 -6.15111 0)
(-11.0616 -6.01524 2.82719e-18)
(4.26522 -5.3327 0)
(14.7218 -4.34005 -1.20369e-19)
(24.2486 -3.15193 -6.15907e-19)
(30.7751 -1.72027 -1.75931e-20)
(36.3903 -0.756047 1.00301e-18)
(41.432 0.296129 2.8843e-18)
(42.1493 1.41465 0)
(34.3291 1.94706 -1.17191e-20)
(19.4607 1.50669 -1.17279e-17)
(7.59024 0.538841 -1.3861e-17)
(1.71203 -0.166034 2.03162e-17)
(4.68455 -0.349243 0)
(8.07195 -0.0840758 6.04539e-18)
(7.16883 -0.302523 0)
(9.30062 -0.284241 4.70111e-21)
(14.0695 -0.185816 0)
(21.41 -0.187966 1.64533e-18)
(-29.013 5.14014 -6.4393e-19)
(-29.9203 5.12004 6.05311e-19)
(-31.2449 4.96997 1.20872e-18)
(-32.4986 4.88106 4.36866e-21)
(-34.0477 4.68419 1.20133e-18)
(-35.6399 4.4894 0)
(-37.4907 4.20578 0)
(-39.4587 3.86745 0)
(-41.5119 3.31334 0)
(-43.6336 2.40426 0)
(-44.549 0.323943 -1.43639e-17)
(-42.5864 -2.40218 0)
(-37.5973 -4.72192 -1.48207e-17)
(-29.7519 -6.17767 -9.65595e-18)
(-19.2601 -6.95983 0)
(-9.42357 -6.8691 0)
(5.88624 -6.12292 0)
(16.4656 -4.87045 8.1016e-20)
(25.8194 -3.52635 5.5429e-19)
(32.2812 -1.96755 -2.73921e-19)
(37.9822 -0.943458 -8.84305e-19)
(42.9174 0.196269 -5.14545e-18)
(44.7911 1.53193 0)
(37.8983 2.28967 -2.226e-20)
(22.5416 1.8886 1.13101e-17)
(9.18784 0.773939 -1.29585e-17)
(1.60177 -0.121327 -2.35624e-17)
(4.26098 -0.41301 0)
(8.06807 -0.108665 0)
(7.09561 -0.309637 0)
(8.66613 -0.33646 -6.70144e-18)
(13.8449 -0.268008 0)
(22.0399 -0.229219 -8.48512e-19)
(-27.2756 5.7201 6.00685e-19)
(-28.1441 5.68563 0)
(-29.4321 5.53223 -1.12503e-18)
(-30.6464 5.4233 -2.23771e-18)
(-32.1705 5.21577 -1.11476e-18)
(-33.7436 5.00324 -2.24214e-18)
(-35.6003 4.70562 -2.26477e-18)
(-37.5844 4.34048 0)
(-39.6534 3.71606 0)
(-41.8359 2.68929 0)
(-42.7818 0.314937 0)
(-40.7477 -2.81707 0)
(-35.6704 -5.44066 1.32905e-17)
(-27.7473 -7.05983 8.65768e-18)
(-17.1747 -7.8589 0)
(-7.37837 -7.80884 0)
(7.59922 -7.00172 0)
(18.3164 -5.46266 -7.58519e-20)
(27.4823 -3.93802 0)
(33.8718 -2.24429 -2.07859e-19)
(39.6616 -1.15162 0)
(44.4349 0.0709418 4.62641e-18)
(46.9578 1.61851 0)
(41.5613 2.65702 -3.56202e-20)
(25.9774 2.34333 1.10029e-17)
(11.132 1.07763 2.43968e-17)
(1.82141 -0.041706 -2.68042e-17)
(3.92057 -0.481683 9.99347e-18)
(8.12057 -0.138665 -6.41622e-18)
(7.09257 -0.31174 0)
(8.06335 -0.390955 0)
(13.5146 -0.366949 0)
(22.6152 -0.280707 -8.81094e-19)
(-25.2487 6.35155 5.68331e-19)
(-26.0756 6.3045 0)
(-27.3215 6.14875 -1.05707e-18)
(-28.4946 6.02332 2.08595e-18)
(-29.9906 5.80912 -2.07924e-18)
(-31.5444 5.58314 -8.79391e-21)
(-33.4041 5.2743 2.08011e-18)
(-35.4026 4.88258 0)
(-37.4858 4.17951 0)
(-39.7571 3.0248 0)
(-40.7591 0.3119 0)
(-38.6434 -3.29525 0)
(-33.479 -6.26476 1.19185e-17)
(-25.4968 -8.06043 0)
(-14.8758 -8.86619 0)
(-5.00974 -8.84407 0)
(9.547 -7.97541 0)
(20.3559 -6.12271 0)
(29.2928 -4.38903 0)
(35.5787 -2.55255 1.8418e-19)
(41.4422 -1.38155 -8.01922e-19)
(46.0626 -0.0722794 -4.08366e-18)
(48.7357 1.67068 0)
(45.1647 3.03226 1.01782e-17)
(29.6469 2.87116 -1.06417e-17)
(13.4121 1.46283 0)
(2.50655 0.0831317 2.78801e-17)
(3.73091 -0.554992 -1.0583e-17)
(8.25869 -0.177089 1.1304e-20)
(7.16858 -0.305912 0)
(7.50608 -0.444809 0)
(13.0842 -0.487058 8.00769e-18)
(23.1237 -0.346974 9.10322e-19)
(-23.1304 6.97523 -6.18795e-19)
(-23.9136 6.9188 0)
(-25.112 6.76345 2.29053e-18)
(-26.2389 6.62765 -2.25389e-18)
(-27.6983 6.4126 4.45722e-18)
(-29.2246 6.1794 2.20876e-18)
(-31.0773 5.86311 -4.43939e-18)
(-33.0898 5.44811 -4.49558e-18)
(-35.1923 4.66599 0)
(-37.5766 3.38578 0)
(-38.6458 0.320363 0)
(-36.426 -3.80143 9.86455e-18)
(-31.1573 -7.1167 1.12383e-19)
(-23.1081 -9.10462 0)
(-12.4661 -9.92465 0)
(-2.67704 -9.90563 0)
(11.6648 -8.97001 7.62662e-19)
(22.484 -6.79689 0)
(31.1608 -4.84101 0)
(37.3168 -2.86752 0)
(43.2295 -1.61766 -3.0397e-20)
(47.7195 -0.212908 1.78773e-18)
(50.1743 1.69007 0)
(48.3483 3.38233 1.00671e-17)
(33.1887 3.43839 -2.06253e-17)
(15.8197 1.90763 -2.08381e-17)
(3.63988 0.251975 0)
(3.78712 -0.619234 -2.20598e-17)
(8.51065 -0.216967 6.22687e-18)
(7.33388 -0.292197 -2.56497e-18)
(7.02387 -0.496661 0)
(12.5825 -0.623997 -1.5942e-17)
(23.5633 -0.426145 0)
(-21.037 7.55621 6.44621e-19)
(-21.7744 7.49239 0)
(-22.923 7.3399 -2.35041e-18)
(-24.001 7.19885 2.30038e-18)
(-25.4201 6.98872 -4.52259e-18)
(-26.9169 6.75592 -2.23783e-18)
(-28.7625 6.43914 -1.92769e-20)
(-30.7997 6.01003 8.96089e-18)
(-32.933 5.15653 0)
(-35.4447 3.7567 0)
(-36.5807 0.337678 0)
(-34.2495 -4.31493 -9.57057e-18)
(-28.8739 -7.96113 1.13261e-19)
(-20.8035 -10.1135 0)
(-10.2443 -10.9463 0)
(-0.535248 -10.9266 0)
(13.7004 -9.94225 -7.10486e-19)
(24.5031 -7.4543 2.68826e-21)
(32.952 -5.27789 0)
(39.0178 -3.17798 0)
(44.9482 -1.85169 6.76031e-19)
(49.3497 -0.344139 0)
(51.4171 1.68173 0)
(51.0748 3.69219 6.34606e-20)
(36.6021 4.02375 4.01657e-17)
(18.3447 2.39705 3.85528e-17)
(5.12111 0.463226 -2.36754e-17)
(4.0843 -0.664233 4.58429e-17)
(8.85593 -0.255468 0)
(7.61992 -0.270613 1.14533e-20)
(6.63543 -0.543826 -1.34069e-17)
(12.0019 -0.775006 8.04272e-18)
(23.9119 -0.517644 1.96175e-18)
(-18.8994 8.11215 -6.68009e-19)
(-19.5914 8.04296 0)
(-20.6905 7.89655 1.21143e-18)
(-21.7208 7.75558 -3.54792e-18)
(-23.1006 7.55659 2.30399e-18)
(-24.5695 7.33227 2.2615e-18)
(-26.407 7.02254 4.47297e-18)
(-28.4701 6.58831 2.56158e-20)
(-30.6296 5.66642 0)
(-33.2781 4.14782 0)
(-34.4841 0.368656 0)
(-32.0372 -4.84716 1.9119e-17)
(-26.5428 -8.81757 -1.08079e-17)
(-18.4396 -11.1268 0)
(-8.11268 -11.9498 0)
(1.60007 -11.9494 4.22614e-18)
(15.6869 -10.9164 0)
(26.4315 -8.10932 -2.455e-21)
(34.6844 -5.70992 -2.33292e-19)
(40.7136 -3.48963 -1.21809e-19)
(46.6278 -2.08713 0)
(50.9803 -0.464929 0)
(52.6107 1.65825 0)
(53.3867 3.96655 -8.5666e-18)
(39.9487 4.62584 -1.9866e-17)
(21.0539 2.93499 -1.82741e-17)
(6.91249 0.717955 -2.15706e-17)
(4.68149 -0.691917 -2.35729e-17)
(9.31081 -0.294221 5.90132e-18)
(8.06145 -0.237129 2.53359e-18)
(6.3653 -0.582119 -1.63589e-20)
(11.3792 -0.944883 0)
(24.1788 -0.627229 -4.09624e-18)
(-16.7272 8.64418 1.40687e-18)
(-17.3772 8.57202 0)
(-18.4289 8.43492 0)
(-19.4146 8.29909 2.42839e-18)
(-20.7567 8.11698 0)
(-22.1963 7.90826 0)
(-24.0159 7.61081 0)
(-26.0956 7.17904 -9.03151e-18)
(-28.2702 6.19406 9.41193e-18)
(-31.0698 4.56054 0)
(-32.35 0.412801 0)
(-29.77 -5.40255 -3.74551e-17)
(-24.1494 -9.68681 0)
(-16.0054 -12.1294 0)
(-5.94676 -12.9616 0)
(3.8018 -12.9757 -7.92855e-18)
(17.6246 -11.8895 0)
(28.2678 -8.76433 6.52134e-20)
(36.3546 -6.14193 -1.70121e-19)
(42.3914 -3.80427 1.81993e-19)
(48.263 -2.32496 6.50194e-19)
(52.5952 -0.576824 -2.79368e-18)
(53.8314 1.62733 0)
(55.2954 4.20334 1.57782e-17)
(43.1968 5.23709 0)
(23.9572 3.52245 -1.74813e-17)
(8.97808 1.01889 3.98195e-17)
(5.63037 -0.694713 2.35741e-17)
(9.90063 -0.329397 -1.17391e-17)
(8.69152 -0.190692 0)
(6.25585 -0.60804 1.4346e-17)
(10.7935 -1.13064 -8.84401e-18)
(24.3876 -0.754686 2.16084e-18)
(-14.5339 9.15455 -1.46904e-18)
(-15.1455 9.08135 0)
(-16.152 8.95644 0)
(-17.0945 8.83021 0)
(-18.3965 8.66921 0)
(-19.7999 8.48134 0)
(-21.5847 8.20147 0)
(-23.6636 7.78429 4.52386e-18)
(-25.8356 6.74524 -9.37766e-18)
(-28.8014 4.99651 0)
(-30.1523 0.472316 0)
(-27.4284 -5.98361 3.68695e-17)
(-21.6673 -10.574 0)
(-13.4571 -13.1222 0)
(-3.72784 -13.9598 0)
(6.04443 -14.0037 3.66559e-18)
(19.5022 -12.8568 0)
(30.0186 -9.41878 -6.01772e-20)
(37.9684 -6.57628 3.52795e-19)
(44.0425 -4.12303 -3.92326e-20)
(49.8571 -2.5654 6.60203e-19)
(54.1791 -0.6817 -5.58816e-20)
(55.1125 1.59578 0)
(56.9137 4.40812 -1.46484e-17)
(46.3108 5.84788 0)
(27.0207 4.15716 1.6663e-17)
(11.31 1.36823 3.74171e-17)
(6.94576 -0.668017 -8.78862e-21)
(10.659 -0.357535 5.8918e-18)
(9.54433 -0.129399 0)
(6.36787 -0.61727 0)
(10.3858 -1.32939 2.86791e-17)
(24.5907 -0.900132 0)
(-12.3259 9.64527 1.55727e-18)
(-12.9016 9.57257 0)
(-13.8637 9.46197 -2.7299e-18)
(-14.7615 9.34842 2.6016e-18)
(-16.0171 9.2113 0)
(-17.3736 9.04862 -4.78014e-18)
(-19.1029 8.78881 4.63439e-18)
(-21.1612 8.39465 -9.15353e-18)
(-23.3097 7.31343 0)
(-26.4563 5.45645 0)
(-27.8747 0.551765 0)
(-25.0082 -6.5918 -3.62444e-17)
(-19.105 -11.4797 1.96043e-17)
(-10.8222 -14.1065 -1.18829e-17)
(-1.47153 -14.9437 6.7852e-18)
(8.27128 -15.0183 0)
(21.3031 -13.8144 0)
(31.6934 -10.0735 0)
(39.5322 -7.01493 0)
(45.6621 -4.44686 -2.37603e-20)
(51.4139 -2.80845 6.47722e-20)
(55.722 -0.78187 -5.61444e-20)
(56.4518 1.56785 0)
(58.3568 4.58545 -1.41569e-17)
(49.2708 6.451 1.91879e-17)
(30.1817 4.83013 3.22762e-17)
(13.913 1.76782 -8.99017e-21)
(8.61499 -0.607506 -1.8578e-20)
(11.6225 -0.374856 0)
(10.6534 -0.0514167 -5.34062e-18)
(6.77821 -0.606028 0)
(10.3692 -1.53621 -2.06359e-17)
(24.8809 -1.06114 0)
(-10.1099 10.118 -1.63931e-18)
(-10.6504 10.0465 0)
(-11.5668 9.9513 -1.20103e-20)
(-12.4154 9.85242 -2.68665e-18)
(-13.6162 9.7402 0)
(-14.9144 9.60474 4.86211e-18)
(-16.5649 9.36751 -4.68188e-18)
(-18.5766 9.01246 1.8397e-17)
(-20.6726 7.91065 0)
(-24.0174 5.94276 0)
(-25.4925 0.650539 0)
(-22.4869 -7.22656 1.76768e-17)
(-16.4621 -12.4033 -1.87463e-17)
(-8.11277 -15.0715 1.13406e-17)
(0.814151 -15.9104 -1.27895e-17)
(10.4871 -16.0231 0)
(23.0132 -14.7608 -1.27372e-18)
(33.304 -10.7305 2.84787e-19)
(41.0514 -7.45945 1.8659e-19)
(47.2468 -4.77667 0)
(52.935 -3.05403 -1.11864e-18)
(57.2169 -0.879476 2.27762e-18)
(57.8403 1.54539 0)
(59.7002 4.73866 1.32776e-17)
(52.0678 7.04185 -1.84198e-17)
(33.4424 5.54102 -3.17964e-17)
(16.7897 2.21835 -1.88528e-20)
(10.6175 -0.508633 -2.13253e-17)
(12.8251 -0.377709 -1.17977e-17)
(12.0467 0.0447618 5.54537e-18)
(7.56465 -0.572342 0)
(10.9712 -1.74417 0)
(25.4027 -1.23222 0)
(-7.88235 10.5734 0)
(-8.38575 10.5031 -1.60197e-18)
(-9.25367 10.4232 5.96999e-18)
(-10.0471 10.3393 0)
(-11.1832 10.2521 -5.27604e-18)
(-12.4107 10.1464 0)
(-13.9602 9.93144 0)
(-15.9042 9.62344 -9.26954e-18)
(-17.9152 8.52112 0)
(-21.4551 6.44891 0)
(-22.9226 0.775902 0)
(-19.7991 -7.88603 0)
(-13.7186 -13.3434 0)
(-5.32677 -16.0213 0)
(3.11943 -16.8502 6.07343e-18)
(12.705 -17.0081 0)
(24.625 -15.6941 1.19279e-18)
(34.8604 -11.3923 -2.68094e-19)
(42.5319 -7.91116 -1.74793e-19)
(48.7936 -5.11318 0)
(54.4206 -3.30194 0)
(58.6566 -0.976668 0)
(59.2775 1.52905 0)
(60.994 4.8717 0)
(54.6886 7.61594 0)
(36.8195 6.28877 -3.19526e-17)
(19.9503 2.7218 -6.72551e-17)
(12.9374 -0.366451 -4.11585e-17)
(14.2931 -0.362607 1.18719e-17)
(13.7378 0.160014 5.63265e-18)
(8.77468 -0.516927 0)
(12.2941 -1.94745 0)
(26.3302 -1.40527 0)
(-5.64279 11.0113 0)
(-6.106 10.9407 1.69681e-18)
(-6.92313 10.8755 -3.13886e-18)
(-7.65659 10.8072 2.92994e-18)
(-8.71978 10.7441 1.09102e-17)
(-9.8653 10.6682 -5.13854e-18)
(-11.2853 10.4748 9.77046e-18)
(-13.1235 10.2294 -9.44779e-18)
(-14.9901 9.16185 0)
(-18.6926 6.97586 0)
(-19.9864 0.927695 0)
(-16.8246 -8.5571 -3.47953e-17)
(-10.8452 -14.2893 1.78238e-17)
(-2.46508 -16.9447 0)
(5.47808 -17.766 0)
(14.9271 -17.9699 0)
(26.1316 -16.6125 0)
(36.3653 -12.0628 0)
(43.9775 -8.37112 0)
(50.2992 -5.45706 0)
(55.8704 -3.552 -1.12699e-18)
(60.0374 -1.07574 2.11324e-18)
(60.76 1.51847 0)
(62.2808 4.98938 0)
(57.1086 8.16891 -3.30902e-17)
(40.2704 7.06113 3.18033e-17)
(23.3957 3.28308 3.27072e-17)
(15.5747 -0.174854 4.04371e-17)
(16.0447 -0.325901 -1.17438e-17)
(15.7241 0.294854 -5.79852e-18)
(10.4023 -0.442391 0)
(14.2663 -2.14535 0)
(27.7777 -1.57158 0)
(-3.38179 11.4284 0)
(-3.80355 11.3597 0)
(-4.57113 11.3093 0)
(-5.23951 11.2549 -6.14041e-18)
(-6.21769 11.2125 -1.13544e-17)
(-7.26696 11.1651 1.05963e-17)
(-8.53593 10.9876 -2.00299e-17)
(-10.2476 10.8074 9.58177e-18)
(-11.9083 9.80005 9.79837e-18)
(-15.6379 7.47586 0)
(-16.3703 1.08749 0)
(-13.3898 -9.21302 3.40082e-17)
(-7.78957 -15.2189 -1.71769e-17)
(0.463277 -17.8383 0)
(7.87475 -18.6447 0)
(17.148 -18.8974 0)
(27.5278 -17.5133 -2.46323e-18)
(37.8072 -12.7462 0)
(45.3861 -8.8413 -3.57289e-20)
(51.758 -5.80941 3.08524e-19)
(57.2809 -3.80424 1.03835e-18)
(61.3591 -1.179 -1.9557e-18)
(62.271 1.51186 0)
(63.5984 5.09779 1.09399e-17)
(59.3033 8.6948 3.04131e-17)
(43.7456 7.85132 -3.17494e-17)
(27.0534 3.89738 0)
(18.5416 0.071963 -4.0004e-17)
(18.0961 -0.263145 2.3554e-17)
(17.9936 0.450283 0)
(12.403 -0.35133 3.74664e-17)
(16.7603 -2.34085 0)
(29.7343 -1.72682 0)
(-1.11552 11.8302 0)
(-1.49353 11.7615 0)
(-2.20192 11.7208 0)
(-2.7927 11.6771 9.73279e-18)
(-3.67447 11.6518 1.18856e-17)
(-4.62032 11.6335 -5.4947e-18)
(-5.70921 11.4691 2.06966e-17)
(-7.25041 11.3582 0)
(-8.59402 10.43 -2.99658e-17)
(-12.1256 7.9078 0)
(-11.7946 1.34377 0)
(-9.33168 -9.79039 0)
(-4.48677 -16.094 0)
(3.46445 -18.686 0)
(10.355 -19.4878 0)
(19.3729 -19.7844 0)
(28.8076 -18.394 -1.04702e-19)
(39.1647 -13.446 -4.59173e-19)
(46.7415 -9.32374 5.59961e-20)
(53.1547 -6.17152 -2.87945e-19)
(58.6445 -4.05911 1.08524e-18)
(62.6202 -1.28864 -3.846e-18)
(63.7877 1.50625 0)
(64.9566 5.20213 -2.00757e-17)
(61.2909 9.19335 0)
(47.1857 8.65082 3.08791e-17)
(30.8646 4.56057 0)
(21.8459 0.379543 2.90462e-19)
(20.4641 -0.168477 -1.26332e-19)
(20.5307 0.628334 1.18517e-17)
(14.7252 -0.24547 -2.57152e-20)
(19.6866 -2.53578 4.27231e-17)
(32.1174 -1.87004 0)
(1.17989 12.2065 0)
(0.869884 12.1374 0)
(0.215775 12.1069 0)
(-0.308382 12.0745 -6.89059e-18)
(-1.0982 12.063 -6.25544e-18)
(-1.93169 12.0674 0)
(-2.80765 11.9017 2.71389e-20)
(-4.14012 11.8429 0)
(-5.03567 11.0014 4.12725e-17)
(-8.07732 8.16245 0)
(-6.10257 1.53784 -1.6634e-16)
(-4.63565 -10.1894 3.52597e-17)
(-0.892376 -16.8649 0)
(6.53735 -19.479 1.88497e-17)
(12.9195 -20.2847 0)
(21.5928 -20.6161 0)
(29.9664 -19.2502 -1.02746e-19)
(40.4251 -14.1674 4.30267e-19)
(48.021 -9.82019 -2.10512e-20)
(54.4684 -6.54489 4.2899e-19)
(59.9494 -4.31768 -1.00193e-18)
(63.8162 -1.40663 3.5414e-18)
(65.2847 1.49809 0)
(66.3402 5.30604 9.2464e-18)
(63.1148 9.66689 0)
(50.5065 9.44592 0)
(34.8211 5.27535 0)
(25.4681 0.751596 4.0818e-17)
(23.1641 -0.0348145 1.17479e-17)
(23.316 0.832521 -1.23096e-17)
(17.3195 -0.126538 -3.7796e-17)
(23.0017 -2.73184 -4.30308e-17)
(34.8483 -2.00041 0)
(3.4286 12.5471 -3.84114e-18)
(3.17655 12.4905 0)
(2.59299 12.4745 0)
(2.16491 12.4471 6.45164e-18)
(1.51147 12.4384 -6.12175e-18)
(0.816683 12.4598 1.17081e-17)
(0.178984 12.2858 2.36038e-20)
(-0.951502 12.2594 0)
(-1.36395 11.4667 -2.15871e-17)
(-3.73425 8.14838 0)
(0.089317 2.13941 2.24072e-16)
(0.465778 -10.4749 -3.554e-17)
(2.96883 -17.4846 0)
(9.67838 -20.1973 -1.7669e-17)
(15.5755 -21.0329 0)
(23.787 -21.3841 0)
(31.0084 -20.0782 2.56013e-18)
(41.5854 -14.9162 0)
(49.2104 -10.3345 1.95823e-19)
(55.6845 -6.93267 -4.01323e-19)
(61.1827 -4.5823 -2.10781e-18)
(64.9444 -1.53534 3.50437e-18)
(66.7333 1.48347 0)
(67.7287 5.41092 0)
(64.8111 10.1176 0)
(53.6518 10.2289 0)
(38.8364 6.02832 0)
(29.3287 1.18765 0)
(26.2016 0.144556 -2.46164e-17)
(26.3153 1.06693 -1.25462e-17)
(20.1336 0.00427263 0)
(26.6646 -2.92922 -4.41908e-17)
(37.865 -2.11417 -8.90206e-18)
(5.62284 12.8516 3.42867e-18)
(5.43211 12.8076 0)
(4.93811 12.8016 0)
(4.61419 12.7733 -5.79651e-18)
(4.10301 12.7698 5.51665e-18)
(3.54805 12.8021 -2.11641e-17)
(3.17876 12.614 -1.02937e-17)
(2.31547 12.588 0)
(2.50995 11.8425 2.10616e-17)
(0.918969 7.82603 0)
(4.87715 2.83347 0)
(5.53657 -10.5607 0)
(7.057 -17.9552 -2.89821e-17)
(12.8879 -20.8263 0)
(18.2864 -21.7283 0)
(25.908 -22.0745 -1.02144e-17)
(31.9666 -20.8719 0)
(42.6482 -15.6959 -1.08093e-18)
(50.3028 -10.8701 8.6098e-20)
(56.7931 -7.33823 0)
(62.3305 -4.85614 1.90936e-18)
(66.0019 -1.67735 -3.17895e-18)
(68.1068 1.45779 0)
(69.1127 5.51576 1.71582e-17)
(66.3945 10.5451 0)
(56.5594 10.9931 5.32691e-17)
(42.7828 6.81116 0)
(33.2929 1.68893 0)
(29.5579 0.378012 0)
(29.4632 1.33039 2.05317e-19)
(23.0978 0.140521 7.55811e-17)
(30.6221 -3.12083 8.68947e-17)
(41.1218 -2.1975 9.11447e-18)
(3.64841 -2.9903 -1.02621e-19)
(4.90877 0.340928 0)
(6.00518 6.98527 -2.83778e-20)
(5.38306 11.339 2.1602e-20)
(4.39818 14.707 0)
(2.35618 17.5924 -2.54087e-20)
(2.59925 16.483 0)
(4.09338 13.094 -2.58476e-20)
(4.94469 10.4681 0)
(5.40016 8.38641 0)
(5.69308 6.42538 -2.69669e-20)
(5.87077 4.54831 0)
(5.99777 2.87899 -2.69185e-20)
(6.12811 1.44099 0)
(6.28043 0.20146 0)
(6.4504 -0.867727 -2.68873e-20)
(6.63321 -1.78459 0)
(6.82723 -2.57172 -2.67417e-20)
(7.0292 -3.25344 0)
(7.22955 -3.85518 0)
(7.41727 -4.3997 -2.65321e-20)
(7.58338 -4.89967 0)
(7.72299 -5.36279 -2.62598e-20)
(7.83423 -5.7943 0)
(7.91732 -6.1975 0)
(7.9735 -6.57429 -2.58285e-20)
(8.00451 -6.92558 0)
(8.01242 -7.25167 -2.56192e-20)
(7.99934 -7.5527 0)
(7.9674 -7.82909 0)
(7.9185 -8.0817 -2.56255e-20)
(7.85414 -8.31131 0)
(7.77525 -8.51699 -2.59983e-20)
(7.68329 -8.69512 0)
(7.58033 -8.84127 0)
(7.46799 -8.95252 -2.75392e-20)
(7.34555 -9.02804 0)
(7.20921 -9.06795 -2.95288e-20)
(7.05211 -9.07183 0)
(6.8639 -9.03763 0)
(6.63186 -8.95981 -3.4781e-20)
(6.34083 -8.82811 0)
(5.97506 -8.62385 -4.0676e-20)
(5.5242 -8.31844 0)
(4.9845 -7.86979 0)
(4.38395 -7.21855 -5.56901e-20)
(3.78923 -6.29505 0)
(3.3562 -5.01478 -7.1557e-20)
(3.40992 -3.36104 0)
(4.2896 -1.51186 0)
(6.0745 0.198129 -9.73348e-20)
(8.35262 1.41143 0)
(10.6307 2.04978 -9.96171e-20)
(12.6529 2.2215 0)
(14.3224 2.0611 0)
(15.6513 1.69605 -1.14597e-19)
(16.6771 1.21632 0)
(17.4366 0.670146 -1.29553e-19)
(17.9742 0.0617594 0)
(18.2989 -0.622376 0)
(18.352 -1.20237 1.50749e-19)
(18.071 -1.1421 -1.65941e-19)
(17.4847 -0.504981 -1.87965e-19)
(17.2808 -1.10878 0)
(17.592 -4.24978 0)
(18.1349 -6.03817 -1.27109e-19)
(18.9718 -3.98963 -1.61686e-19)
(18.3886 3.97838 -1.3429e-19)
(17.3059 8.88305 0)
(16.8468 9.81047 -9.7066e-20)
(16.4404 9.47774 0)
(15.9888 8.96091 -1.12602e-19)
(15.494 8.52824 0)
(14.969 8.22333 0)
(14.4296 8.04151 -1.36853e-19)
(13.892 7.97602 -1.43662e-19)
(13.3734 8.02876 -1.49547e-19)
(12.8946 8.2058 -1.54303e-19)
(12.4813 8.50443 0)
(12.1552 8.90506 -1.6049e-19)
(11.9233 9.38172 0)
(11.7779 9.91661 -1.64047e-19)
(11.6991 10.5025 0)
(11.6631 11.1255 0)
(11.6418 11.7563 1.69434e-19)
(11.6094 12.3472 -1.72972e-19)
(11.5319 12.8479 -1.7832e-19)
(11.3823 13.2093 -1.86015e-19)
(11.1377 13.4099 1.96389e-19)
(10.8141 13.4542 -2.0945e-19)
(10.4286 13.3991 0)
(10.0308 13.2949 -2.41433e-19)
(9.6187 13.2084 0)
(9.23494 13.1403 0)
(8.82283 13.1223 -2.94792e-19)
(8.44385 13.1082 3.13619e-19)
(7.9996 13.1085 0)
(4.08924 -2.99342 1.03492e-19)
(4.83248 0.290657 1.23277e-19)
(6.06811 6.96579 -2.69044e-20)
(5.51632 11.3675 2.04945e-20)
(4.54242 14.774 -4.62438e-20)
(2.69721 17.6294 2.68307e-20)
(3.27023 16.4304 0)
(4.72546 13.0276 -2.7485e-20)
(5.48874 10.4316 0)
(5.90088 8.36585 0)
(6.17839 6.41307 2.75275e-20)
(6.35233 4.54128 0)
(6.48301 2.87294 2.72309e-20)
(6.62296 1.43288 0)
(6.78906 0.190562 0)
(6.97534 -0.881089 2.68509e-20)
(7.17534 -1.80016 -5.42396e-20)
(7.38589 -2.58928 2.65005e-20)
(7.60255 -3.2723 0)
(7.81561 -3.87412 0)
(8.01377 -4.41737 7.88179e-20)
(8.18818 -4.91503 0)
(8.33418 -5.37513 7.75234e-20)
(8.45011 -5.80326 -5.147e-20)
(8.53642 -6.2029 0)
(8.59464 -6.57611 2.50073e-20)
(8.62684 -6.92387 5.03207e-20)
(8.63539 -7.24654 2.46923e-20)
(8.6227 -7.54429 4.98433e-20)
(8.59109 -7.81756 0)
(8.5426 -8.06718 2.45452e-20)
(8.47882 -8.29385 4.99586e-20)
(8.40053 -8.49664 2.48059e-20)
(8.30889 -8.67208 0)
(8.20581 -8.81576 5.17605e-20)
(8.09279 -8.92455 2.60996e-20)
(7.96939 -8.99714 -5.44374e-20)
(7.83237 -9.03299 2.78408e-20)
(7.67579 -9.03101 0)
(7.49076 -8.98847 0)
(7.26654 -8.89922 3.25155e-20)
(6.99084 -8.75268 0)
(6.65176 -8.53058 3.77845e-20)
(6.24354 -8.20588 0)
(5.76773 -7.74084 0)
(5.25459 -7.08413 5.10909e-20)
(4.76632 -6.18142 0)
(4.4338 -4.97547 1.93289e-19)
(4.50697 -3.47326 0)
(5.23458 -1.82973 0)
(6.70016 -0.302771 2.68011e-19)
(8.65369 0.827673 0)
(10.6994 1.47977 9.63839e-20)
(12.5813 1.7181 1.99812e-19)
(14.1759 1.64287 0)
(15.4615 1.36149 3.35745e-19)
(16.4576 0.958938 0)
(17.1903 0.482348 1.25579e-19)
(17.6961 -0.0595237 0)
(17.9602 -0.666521 2.74791e-19)
(17.9206 -1.15151 -1.47603e-19)
(17.5941 -1.02225 4.85847e-19)
(17.2152 -0.402843 -1.80584e-19)
(17.1275 -1.08378 3.91592e-19)
(16.9761 -4.31283 -2.78728e-19)
(17.0085 -6.21945 1.22494e-19)
(17.7817 -4.14838 -1.58205e-19)
(18.0302 4.14924 3.80352e-19)
(17.5662 9.04317 -1.85043e-19)
(17.3208 9.94039 2.75776e-19)
(17.0162 9.62161 -1.9637e-19)
(16.6288 9.12713 1.05582e-19)
(16.1794 8.71269 0)
(15.689 8.41994 2.41604e-19)
(15.1772 8.24391 -1.28121e-19)
(14.6627 8.17763 4.01288e-19)
(14.1633 8.22217 -1.40252e-19)
(13.6998 8.38154 1.43333e-19)
(13.2975 8.65226 -2.95912e-19)
(12.9811 9.01775 1.49812e-19)
(12.7624 9.45792 0)
(12.6385 9.9604 4.64255e-19)
(12.5928 10.5215 -3.13503e-19)
(12.6047 11.1295 0)
(12.6482 11.7567 -1.59279e-19)
(12.6961 12.3574 1.62332e-19)
(12.7084 12.8835 5.02309e-19)
(12.6488 13.2834 1.73427e-19)
(12.484 13.5271 -1.82356e-19)
(12.2257 13.6071 1.93755e-19)
(11.8904 13.5735 -4.15708e-19)
(11.5378 13.4763 6.67667e-19)
(11.1693 13.389 4.76641e-19)
(10.8385 13.3186 0)
(10.4851 13.3017 2.69427e-19)
(10.181 13.2916 -2.85791e-19)
(9.8122 13.3045 0)
(4.44373 -2.95836 0)
(4.66496 0.249977 1.35169e-19)
(6.11325 6.94826 6.27966e-20)
(5.67957 11.4062 -4.80277e-20)
(4.76022 14.8512 5.17975e-20)
(3.14204 17.6617 0)
(3.99496 16.3662 -1.21857e-19)
(5.37634 12.9586 5.96352e-20)
(6.05818 10.3953 0)
(6.43775 8.34446 1.22125e-19)
(6.70655 6.39937 0)
(6.88094 4.53271 0)
(7.01792 2.86494 1.19782e-19)
(7.16914 1.42226 0)
(7.35051 0.176676 0)
(7.55499 -0.897694 -1.16068e-19)
(7.77447 -1.819 5.63769e-20)
(8.00406 -2.60993 0)
(8.23779 -3.29393 0)
(8.46576 -3.89536 0)
(8.67632 -4.43679 -5.39148e-20)
(8.86066 -4.9315 0)
(9.01441 -5.38798 5.39358e-20)
(9.13608 -5.81213 5.20025e-20)
(9.22644 -6.20769 0)
(9.28735 -6.57685 0)
(9.32124 -6.92069 -5.03555e-20)
(9.3309 -7.23963 0)
(9.31907 -7.53386 -4.95789e-20)
(9.2883 -7.80382 0)
(9.24078 -8.0503 0)
(9.17819 -8.27389 -4.9281e-20)
(9.10126 -8.47363 0)
(9.01085 -8.64616 0)
(8.90874 -8.78715 -5.06282e-20)
(8.7963 -8.89326 0)
(8.67335 -8.96272 5.28983e-20)
(8.53717 -8.99441 0)
(8.38279 -8.98657 0)
(8.20271 -8.93587 0)
(7.98807 -8.83569 0)
(7.72917 -8.67526 0)
(7.41741 -8.4369 0)
(7.0507 -8.09532 1.56295e-19)
(6.63456 -7.61692 0)
(6.20027 -6.95778 0)
(5.80604 -6.07648 0)
(5.5626 -4.93677 -1.17543e-19)
(5.66209 -3.56303 0)
(6.28131 -2.0939 0)
(7.48443 -0.734052 1.60855e-19)
(9.11187 0.299549 0)
(10.8791 0.938453 0)
(12.5638 1.21985 -1.92926e-19)
(14.0371 1.21692 0)
(15.247 1.01572 -2.16063e-19)
(16.1921 0.691638 0)
(16.8883 0.288174 0)
(17.3578 -0.179564 0)
(17.5699 -0.697269 -2.64099e-19)
(17.4713 -1.08471 0)
(17.1394 -0.924164 3.08674e-19)
(16.9844 -0.350767 1.03356e-18)
(17.0829 -1.02592 3.71529e-19)
(16.5813 -4.21406 2.7299e-19)
(16.0413 -6.31651 4.75876e-19)
(16.6168 -4.3939 9.09175e-19)
(17.6475 4.06672 2.41174e-19)
(17.8054 9.07986 5.38945e-19)
(17.7724 10.0232 -1.77781e-19)
(17.5703 9.74426 5.66308e-19)
(17.2516 9.28334 -4.04984e-19)
(16.8557 8.89375 4.32756e-19)
(16.4096 8.61753 2.30379e-19)
(15.9351 8.45021 7.26472e-19)
(15.4525 8.38502 -2.53108e-19)
(14.9807 8.42257 7.93385e-19)
(14.5407 8.56524 5.48564e-19)
(14.156 8.80833 2.8024e-19)
(13.8511 9.13695 5.77773e-19)
(13.6421 9.53627 0)
(13.5336 10 -2.96734e-19)
(13.5155 10.5291 9.06329e-19)
(13.5713 11.1139 6.12545e-19)
(13.6765 11.7296 0)
(13.8042 12.3343 -6.30165e-19)
(13.9095 12.8844 3.24108e-19)
(13.9477 13.3267 0)
(13.8727 13.6217 0)
(13.6894 13.7468 7.36857e-19)
(13.4111 13.7416 1.17656e-18)
(13.1069 13.6542 4.20709e-19)
(12.7822 13.5649 -4.46967e-19)
(12.5038 13.4884 9.53974e-19)
(12.2087 13.4672 1.01125e-18)
(11.9809 13.457 0)
(11.6886 13.4767 0)
(4.76945 -2.91144 0)
(4.42886 0.207316 -5.98668e-19)
(6.13861 6.91838 0)
(5.87725 11.4469 -9.94234e-20)
(5.05809 14.9324 0)
(3.69313 17.6854 0)
(4.77435 16.2913 -5.11684e-23)
(6.05615 12.8899 0)
(6.66468 10.3612 0)
(7.02125 8.32434 -1.326e-19)
(7.28656 6.38663 1.33494e-19)
(7.46424 4.52511 0)
(7.60881 2.85756 -1.27714e-19)
(7.77162 1.41159 0)
(7.96844 0.162059 1.25948e-19)
(8.19173 -0.915506 1.21682e-19)
(8.43187 -1.83927 1.21166e-19)
(8.68203 -2.63195 0)
(8.93449 -3.31666 1.17011e-19)
(9.17899 -3.91725 0)
(9.40344 -4.45623 0)
(9.59899 -4.94733 0)
(9.76147 -5.39948 -1.08183e-19)
(9.88963 -5.81896 0)
(9.98454 -6.20979 0)
(10.0484 -6.57432 0)
(10.0841 -6.91376 0)
(10.0948 -7.22858 0)
(10.0837 -7.51898 0)
(10.0537 -7.78539 0)
(10.007 -8.02852 0)
(9.94538 -8.24884 -9.96603e-20)
(9.86967 -8.44532 0)
(9.78053 -8.61468 0)
(9.67945 -8.7527 0)
(9.56772 -8.85589 0)
(9.44537 -8.92204 0)
(9.31024 -8.94945 0)
(9.15823 -8.93581 0)
(8.98317 -8.87723 0)
(8.77795 -8.76677 0)
(8.53522 -8.59363 0)
(8.24919 -8.34091 0)
(7.92083 -7.98529 -1.46988e-19)
(7.55869 -7.49733 0)
(7.19435 -6.84014 0)
(6.88233 -5.98336 0)
(6.71708 -4.90678 0)
(6.8471 -3.64569 -2.32555e-19)
(7.39616 -2.32398 0)
(8.40518 -1.10774 -5.65337e-19)
(9.75963 -0.165905 0)
(11.255 0.445206 -3.31763e-19)
(12.7179 0.750169 0)
(14.0307 0.803713 -3.74804e-19)
(15.1308 0.674268 0)
(16.001 0.424743 -4.19004e-19)
(16.6468 0.0947904 0)
(17.0749 -0.293437 -4.61502e-19)
(17.2495 -0.714063 0)
(17.1341 -1.00979 0)
(16.8406 -0.863911 -1.15197e-18)
(16.894 -0.374632 -6.33024e-19)
(17.2129 -0.956927 -1.3737e-18)
(16.5127 -3.9204 0)
(15.3678 -6.2744 -9.31085e-19)
(15.5451 -4.72993 -5.76308e-19)
(17.2354 3.68038 -9.80154e-19)
(18.0232 8.96873 -3.51654e-19)
(18.2057 10.049 3.44149e-19)
(18.109 9.84028 -3.63013e-19)
(17.8637 9.42488 7.74372e-19)
(17.5282 9.0666 -4.11739e-19)
(17.1348 8.8113 1.06877e-21)
(16.707 8.65607 -4.58378e-19)
(16.2652 8.59448 4.81997e-19)
(15.829 8.62663 -4.99593e-19)
(15.4202 8.75393 3.35801e-21)
(15.0609 8.97089 0)
(14.7729 9.26331 4.28921e-21)
(14.5731 9.61946 0)
(14.4732 10.0382 5.75248e-19)
(14.4733 10.526 -5.79462e-19)
(14.565 11.0778 4.54555e-21)
(14.7267 11.6723 0)
(14.9315 12.2731 1.21182e-18)
(15.1306 12.8432 -6.16747e-19)
(15.2729 13.3303 6.37505e-19)
(15.2992 13.6851 0)
(15.2042 13.8667 1.80925e-21)
(14.9934 13.8994 -7.37936e-19)
(14.7428 13.8262 -7.8677e-19)
(14.4625 13.7341 0)
(14.2352 13.6471 -8.9138e-19)
(13.9961 13.6151 -9.43431e-19)
(13.8431 13.5993 0)
(13.6264 13.6189 -1.0356e-18)
(5.10827 -2.83734 -2.66684e-19)
(4.17186 0.16353 6.18082e-19)
(6.14126 6.86693 0)
(6.11241 11.4837 3.71429e-21)
(5.44237 15.0133 0)
(4.35449 17.6977 -1.42511e-19)
(5.6135 16.2067 1.52475e-19)
(6.77807 12.8236 0)
(7.32168 10.3302 0)
(7.66314 8.30617 0)
(7.92863 6.37572 -2.91197e-19)
(8.11117 4.51955 0)
(8.2634 2.85186 1.40841e-19)
(8.43681 1.40181 0)
(8.64788 0.147452 -1.33525e-19)
(8.88924 -0.934005 -1.31931e-19)
(9.14998 -1.8606 -1.27018e-19)
(9.42128 -2.65507 0)
(9.69339 -3.34023 -1.21397e-19)
(9.95548 -3.9395 0)
(10.1949 -4.47534 0)
(10.4027 -4.962 -1.15151e-19)
(10.5747 -5.40898 0)
(10.71 -5.82297 0)
(10.8097 -6.2083 1.08412e-19)
(10.8766 -6.56753 0)
(10.914 -6.90199 0)
(10.9255 -7.21224 0)
(10.9147 -7.49847 1.01827e-19)
(10.8848 -7.76104 0)
(10.8383 -8.00059 0)
(10.7769 -8.21745 9.81779e-20)
(10.7016 -8.41046 9.92879e-20)
(10.6132 -8.57645 0)
(10.5127 -8.71127 0)
(10.4014 -8.81128 1.01423e-19)
(10.2794 -8.87389 -1.03127e-19)
(10.1449 -8.89695 0)
(9.9949 -8.87761 0)
(9.82437 -8.81153 1.12196e-19)
(9.62788 -8.69152 0)
(9.40018 -8.50693 0)
(9.13801 -8.24184 0)
(8.84484 -7.87506 1.38197e-19)
(8.53155 -7.38123 0)
(8.22939 -6.73016 0)
(7.98896 -5.90092 1.73447e-19)
(7.89085 -4.88558 1.88873e-19)
(8.05003 -3.72551 4.13732e-19)
(8.55257 -2.53074 0)
(9.41981 -1.43695 4.92808e-19)
(10.5631 -0.576596 0)
(11.8283 0.00391359 2.89185e-19)
(13.0816 0.321566 0)
(14.2252 0.418632 3.31791e-19)
(15.1993 0.350229 3.53108e-19)
(15.9796 0.168301 3.73725e-19)
(16.5632 -0.0906164 0)
(16.9466 -0.399532 4.1601e-19)
(17.0994 -0.725178 4.41466e-19)
(17.0101 -0.941988 0)
(16.8021 -0.843379 1.64023e-21)
(16.9973 -0.476217 5.58423e-19)
(17.4948 -0.90968 6.06232e-19)
(16.8069 -3.44849 0)
(15.1404 -6.01517 1.88979e-21)
(14.68 -5.05715 5.38799e-19)
(16.781 2.98378 5.02174e-19)
(18.2193 8.6877 0)
(18.6295 10.0083 -6.66902e-19)
(18.6425 9.90549 3.48493e-19)
(18.4747 9.54843 -7.40161e-19)
(18.2048 9.22746 -3.92553e-19)
(17.8712 8.99697 -4.13726e-19)
(17.4986 8.8571 4.35933e-19)
(17.1064 8.80191 -4.5427e-19)
(16.7138 8.83069 0)
(16.3427 8.94399 -4.90226e-19)
(16.0149 9.13659 0)
(15.7502 9.39524 -5.20869e-19)
(15.5636 9.70936 0)
(15.4698 10.0798 -5.46765e-19)
(15.4783 10.5176 0)
(15.5928 11.0239 -1.13645e-18)
(15.7991 11.5844 0)
(16.0737 12.1704 -5.82272e-19)
(16.3652 12.7533 5.95721e-19)
(16.6169 13.2841 -1.21669e-18)
(16.7558 13.7051 0)
(16.7642 13.9555 -6.57032e-19)
(16.6348 14.0392 6.95363e-19)
(16.4469 13.9895 -7.38812e-19)
(16.2136 13.8969 0)
(16.0364 13.7962 0)
(15.8501 13.7464 0)
(15.7692 13.7185 0)
(15.6245 13.7287 1.91928e-18)
(5.48573 -2.72874 2.43909e-19)
(3.96433 0.12469 -9.06333e-19)
(6.11942 6.78671 0)
(6.3868 11.5108 1.23361e-19)
(5.91935 15.0899 -2.65905e-19)
(5.13186 17.6965 1.6086e-19)
(6.52176 16.1133 0)
(7.55817 12.7611 0)
(8.04448 10.3025 3.28751e-19)
(8.37678 8.29003 3.27639e-19)
(8.64468 6.36695 -1.62893e-19)
(8.83258 4.5165 -3.1523e-19)
(8.99143 2.84839 1.55544e-19)
(9.17328 1.39339 0)
(9.39606 0.133127 -2.92491e-19)
(9.65334 -0.953155 4.23572e-19)
(9.93332 -1.88317 0)
(10.2252 -2.67956 2.66949e-19)
(10.5171 -3.36491 -2.59582e-19)
(10.7972 -3.96231 0)
(11.0524 -4.4942 -2.45997e-19)
(11.2731 -4.97547 -1.20981e-19)
(11.4554 -5.41626 0)
(11.5981 -5.82375 0)
(11.703 -6.20265 -1.10167e-19)
(11.773 -6.55576 -2.17682e-19)
(11.8119 -6.88454 -2.13261e-19)
(11.8238 -7.18965 -2.09304e-19)
(11.8126 -7.47128 -1.01791e-19)
(11.782 -7.72969 2.02866e-19)
(11.7346 -7.96539 -2.00483e-19)
(11.6723 -8.17857 -1.9876e-19)
(11.5963 -8.36794 -2.95481e-19)
(11.5074 -8.53035 -1.97622e-19)
(11.4066 -8.66172 0)
(11.2951 -8.75834 -2.98473e-19)
(11.1729 -8.81726 9.99999e-20)
(11.0389 -8.83587 -2.05975e-19)
(10.8904 -8.81092 -2.10818e-19)
(10.7238 -8.73771 -3.2462e-19)
(10.5352 -8.60898 0)
(10.3214 -8.41431 -2.34382e-19)
(10.0814 -8.13892 -2.46024e-19)
(9.82053 -7.76386 -1.29894e-19)
(9.55157 -7.2678 -2.7629e-19)
(9.3047 -6.62678 -2.95207e-19)
(9.12623 -5.82788 -1.59148e-19)
(9.0844 -4.87232 -5.12036e-19)
(9.2679 -3.80409 -5.52045e-19)
(9.73609 -2.71975 -4.00117e-19)
(10.4953 -1.73114 -6.47399e-19)
(11.4745 -0.941948 -4.66199e-19)
(12.5539 -0.390458 0)
(13.6278 -0.0654932 -5.40603e-19)
(14.6164 0.0666006 -5.78299e-19)
(15.4679 0.0506689 -3.07284e-19)
(16.157 -0.0702442 -6.52594e-19)
(16.676 -0.262495 0)
(17.018 -0.496863 -7.33353e-19)
(17.1643 -0.738161 -1.17477e-18)
(17.1287 -0.895163 8.40687e-19)
(17.0241 -0.855736 1.36056e-18)
(17.2662 -0.627143 4.8374e-19)
(17.8207 -0.915038 0)
(17.3351 -2.86491 -1.02051e-18)
(15.3952 -5.47575 1.33264e-18)
(14.1461 -5.28306 -5.04996e-19)
(16.2671 1.98705 0)
(18.3796 8.20542 0)
(19.0512 9.8854 3.23737e-19)
(19.1828 9.93187 -3.3513e-19)
(19.0961 9.64779 3.53494e-19)
(18.8953 9.37045 3.73147e-19)
(18.6265 9.16861 0)
(18.3154 9.04738 4.14022e-19)
(17.9809 9.00196 0)
(17.6405 9.03067 8.99108e-19)
(17.3146 9.13273 0)
(17.0242 9.30327 0)
(16.788 9.53061 9.96777e-19)
(16.6193 9.80496 -1.02615e-18)
(16.533 10.1269 0)
(16.5441 10.5091 1.07727e-18)
(16.6671 10.9583 5.44193e-19)
(16.8998 11.4692 0)
(17.228 12.0243 0)
(17.6036 12.6077 5.75561e-19)
(17.9668 13.1775 5.80704e-19)
(18.2305 13.6697 0)
(18.3608 14.0017 0)
(18.3323 14.1518 6.53411e-19)
(18.2212 14.1382 6.89946e-19)
(18.0407 14.0494 1.46554e-18)
(17.9121 13.9329 0)
(17.7729 13.8578 1.63952e-18)
(17.7586 13.8113 1.72354e-18)
(17.6823 13.8032 -8.88669e-19)
(5.91761 -2.57693 -4.41761e-19)
(3.87931 0.100168 5.70326e-19)
(6.075 6.67079 -3.48743e-19)
(6.70166 11.5184 0)
(6.49527 15.1556 5.94818e-19)
(6.0326 17.6786 -3.56762e-19)
(7.51249 16.0128 -3.87627e-19)
(8.41603 12.7047 3.71612e-19)
(8.85096 10.2789 -7.32508e-19)
(9.17775 8.27642 -7.26109e-19)
(9.44892 6.36104 7.11914e-19)
(9.64184 4.51691 -2.98743e-21)
(9.80548 2.84822 -6.7312e-19)
(9.99262 1.38733 3.28524e-19)
(10.2234 0.119853 -3.20062e-21)
(10.493 -0.972491 -6.10445e-19)
(10.7894 -1.90679 0)
(11.1 -2.70542 -2.82739e-19)
(11.4106 -3.39081 2.73466e-19)
(11.7085 -3.98578 -2.67555e-19)
(11.9795 -4.51282 5.15473e-19)
(12.2136 -4.98759 2.48615e-19)
(12.4064 -5.42099 -2.43336e-19)
(12.557 -5.82079 2.36305e-19)
(12.6672 -6.19214 -2.29779e-19)
(12.7403 -6.53811 -2.04321e-21)
(12.7804 -6.86038 2.16235e-19)
(12.7921 -7.15965 -2.07081e-21)
(12.7798 -7.43615 -2.08959e-19)
(12.7475 -7.68998 2.14183e-21)
(12.6981 -7.92148 -2.18461e-21)
(12.6337 -8.13071 -2.22434e-21)
(12.5555 -8.31625 1.95306e-19)
(12.4648 -8.47491 -2.26995e-21)
(12.3624 -8.60267 -1.96407e-19)
(12.2495 -8.69572 1.94856e-19)
(12.1263 -8.7508 0)
(11.9922 -8.76495 -2.08879e-21)
(11.8449 -8.73455 -1.94387e-21)
(11.6819 -8.65463 4.18453e-19)
(11.5006 -8.518 -2.16365e-19)
(11.2996 -8.31473 -1.10257e-21)
(11.08 -8.03123 4.66366e-19)
(10.8488 -7.65088 -2.44691e-19)
(10.6199 -7.15614 3.98646e-22)
(10.422 -6.52886 2.73771e-19)
(10.2965 -5.7627 -2.89797e-19)
(10.3007 -4.86558 1.11128e-21)
(10.502 -3.8816 3.29767e-19)
(10.9412 -2.89417 -7.21288e-22)
(11.6137 -1.99664 -2.03226e-21)
(12.4613 -1.26928 4.05675e-19)
(13.3901 -0.744083 -4.37892e-19)
(14.3149 -0.413934 -2.7548e-21)
(15.1704 -0.252202 4.99314e-19)
(15.913 -0.222257 -5.34495e-19)
(16.5191 -0.288185 -5.63554e-22)
(16.9795 -0.419157 -6.04151e-19)
(17.2877 -0.586654 1.28626e-18)
(17.4382 -0.758402 1.29915e-21)
(17.4594 -0.873353 -7.3683e-19)
(17.4391 -0.882948 -1.57875e-18)
(17.6531 -0.781906 -8.41555e-19)
(18.1213 -0.972106 0)
(17.9162 -2.27985 4.74589e-21)
(16.0662 -4.67965 -8.70816e-19)
(14.096 -5.23562 9.32192e-19)
(15.72 0.762709 -1.12398e-18)
(18.476 7.47884 0)
(19.4732 9.65687 0)
(19.7425 9.91281 0)
(19.7418 9.72045 0)
(19.6121 9.49315 0)
(19.4104 9.32294 -7.45102e-19)
(19.1648 9.22259 -7.78162e-19)
(18.894 9.18934 0)
(18.6136 9.22092 -8.43821e-19)
(18.3412 9.31518 0)
(18.0952 9.46718 0)
(17.8928 9.66686 -9.35674e-19)
(17.7465 9.90532 9.65071e-19)
(17.6704 10.1815 0)
(17.6811 10.5065 -1.01975e-18)
(17.8012 10.8902 -1.05161e-18)
(18.0404 11.3361 -1.07092e-18)
(18.3992 11.8404 0)
(18.8413 12.4038 -1.09484e-18)
(19.3109 12.9984 0)
(19.7074 13.5591 1.13804e-18)
(19.9775 13.9829 -1.17308e-18)
(20.0719 14.2185 -1.22289e-18)
(20.0585 14.2614 0)
(19.9456 14.1902 -1.36294e-18)
(19.8692 14.0619 0)
(19.772 13.9552 -1.52166e-18)
(19.8143 13.8804 -1.59848e-18)
(19.8031 13.8444 1.64227e-18)
(6.41353 -2.37384 4.19608e-19)
(3.97003 0.103064 0)
(6.02005 6.51436 3.88693e-19)
(7.05806 11.4922 0)
(7.176 15.2 -6.59838e-19)
(7.06536 17.6391 4.03453e-19)
(8.60303 15.9069 4.42375e-19)
(9.37538 12.657 -8.37407e-19)
(9.76292 10.2609 4.10961e-19)
(10.0848 8.26638 -1.76101e-21)
(10.3588 6.35918 -3.95781e-19)
(10.5558 4.52225 3.83898e-19)
(10.7219 2.85298 -2.72272e-21)
(10.9105 1.38525 -3.5943e-19)
(11.1445 0.109011 3.46311e-19)
(11.4216 -0.990996 3.31968e-19)
(11.7301 -1.93081 0)
(12.056 -2.73231 0)
(12.3831 -3.41774 0)
(12.697 -4.0098 2.83233e-19)
(12.983 -4.53106 -5.47555e-19)
(13.2302 -4.99808 -2.64927e-19)
(13.4335 -5.4227 -1.96509e-21)
(13.592 -5.81341 -2.45138e-19)
(13.7073 -6.17586 -1.87015e-21)
(13.7832 -6.5135 2.29827e-19)
(13.8241 -6.8282 -2.24951e-19)
(13.8349 -7.1208 2.16954e-19)
(13.8205 -7.39151 -1.92724e-21)
(13.7854 -7.64026 -4.15006e-19)
(13.7327 -7.86717 -2.01256e-21)
(13.6647 -8.07211 -2.05527e-21)
(13.5829 -8.25358 -1.9807e-19)
(13.4886 -8.40833 -2.1032e-21)
(13.3832 -8.53234 -2.10363e-21)
(13.2677 -8.62171 -1.9492e-19)
(13.1425 -8.67293 0)
(13.0073 -8.68267 1.95325e-19)
(12.8606 -8.64704 1.98107e-19)
(12.7007 -8.56097 -4.05586e-19)
(12.5262 -8.41744 -1.33805e-21)
(12.3372 -8.20707 -1.01369e-21)
(12.1363 -7.91772 -4.43279e-19)
(11.9321 -7.53511 -1.92041e-22)
(11.7391 -7.04523 2.44909e-22)
(11.5839 -6.43509 -2.52864e-19)
(11.503 -5.70367 7.49192e-22)
(11.5435 -4.86349 2.81366e-19)
(11.7561 -3.95715 -2.96838e-19)
(12.1676 -3.05576 -1.0011e-21)
(12.7676 -2.2368 -2.09694e-21)
(13.5065 -1.56354 -3.61934e-19)
(14.3108 -1.0618 -2.96319e-21)
(15.1119 -0.727646 4.08232e-19)
(15.8556 -0.540134 0)
(16.5053 -0.469497 -1.57222e-21)
(17.0398 -0.485747 -9.00692e-22)
(17.4504 -0.561218 -2.58826e-22)
(17.7327 -0.670335 -1.12485e-18)
(17.8902 -0.786028 7.38779e-22)
(17.9534 -0.870315 0)
(17.9818 -0.908031 6.87015e-19)
(18.1361 -0.89794 0)
(18.4315 -1.04745 0)
(18.4031 -1.81864 8.73051e-19)
(16.9885 -3.70704 0)
(14.5947 -4.86555 -8.78865e-19)
(15.2705 -0.507473 1.15811e-18)
(18.4714 6.45879 0)
(19.8896 9.28242 0)
(20.332 9.83188 0)
(20.4255 9.75816 0)
(20.3681 9.58964 0)
(20.2337 9.45461 7.03863e-19)
(20.0548 9.37709 0)
(19.8501 9.35791 0)
(19.6344 9.39517 0)
(19.4229 9.48581 0)
(19.2304 9.62443 0)
(19.0715 9.80174 0)
(18.9562 10.0093 9.19771e-19)
(18.8962 10.2441 0)
(18.9062 10.5139 0)
(19.0124 10.8282 9.94981e-19)
(19.2353 11.1965 1.01792e-18)
(19.5947 11.6275 0)
(20.0743 12.1432 0)
(20.6337 12.7394 0)
(21.165 13.3594 -1.08088e-18)
(21.5931 13.8826 1.1069e-18)
(21.8371 14.2213 0)
(21.9475 14.3414 0)
(21.9223 14.3046 0)
(21.9092 14.1753 0)
(21.8546 14.0371 0)
(21.9449 13.9243 0)
(21.9891 13.8507 -1.51744e-18)
(6.97926 -2.11283 0)
(4.26511 0.150086 -4.62044e-19)
(5.98805 6.31644 4.08525e-19)
(7.45713 11.4131 -3.34467e-19)
(7.96634 15.2074 3.67716e-19)
(8.23918 17.5707 4.47848e-19)
(9.81547 15.7977 0)
(10.4642 12.6214 4.75143e-19)
(10.8071 10.2506 0)
(11.1215 8.26171 4.56469e-19)
(11.3965 6.36317 0)
(11.596 4.53456 0)
(11.7621 2.86497 8.33442e-19)
(11.9481 1.38952 0)
(12.1798 0.102814 0)
(12.4581 -1.00683 3.68762e-19)
(12.7727 -1.95386 0)
(13.1087 -2.75926 0)
(13.4481 -3.44501 3.21e-19)
(13.7749 -4.03383 0)
(14.0737 -4.54844 2.92644e-19)
(14.3323 -5.00641 2.80587e-19)
(14.5452 -5.42073 2.6936e-19)
(14.7108 -5.80074 0)
(14.8309 -6.15275 2.49203e-19)
(14.909 -6.48062 -2.41877e-19)
(14.9501 -6.78649 2.32024e-19)
(14.9592 -7.07134 0)
(14.9416 -7.33539 4.3724e-19)
(14.9021 -7.57844 2.11612e-19)
(14.8445 -7.80027 2.06094e-19)
(14.7711 -8.00055 4.04738e-19)
(14.6838 -8.17771 1.97667e-19)
(14.5842 -8.3284 1.94752e-19)
(14.4739 -8.4486 1.92651e-19)
(14.3543 -8.53427 1.91449e-19)
(14.2259 -8.58166 -1.9303e-19)
(14.0886 -8.58716 0)
(13.9416 -8.54669 0)
(13.784 -8.45514 1.9621e-19)
(13.6155 -8.30578 1.99918e-19)
(13.4374 -8.09007 2.04728e-19)
(13.2538 -7.79724 2.10674e-19)
(13.0738 -7.41537 2.1777e-19)
(12.9124 -6.93373 2.26021e-19)
(12.7937 -6.34385 2.3533e-19)
(12.7494 -5.64874 2.45609e-19)
(12.8173 -4.86387 0)
(13.0348 -4.02913 2.68835e-19)
(13.4185 -3.20457 2.82487e-19)
(13.9554 -2.45384 2.99136e-19)
(14.6026 -1.82798 3.19856e-19)
(15.3023 -1.34728 3.40269e-19)
(15.9994 -1.00992 0)
(16.6492 -0.799769 0)
(17.2205 -0.692813 4.0884e-19)
(17.6946 -0.664172 4.34991e-19)
(18.0638 -0.689775 9.26296e-19)
(18.3254 -0.748023 4.92766e-19)
(18.4864 -0.817229 5.25456e-19)
(18.5721 -0.874994 0)
(18.617 -0.919423 0)
(18.7079 -0.954501 0)
(18.8308 -1.0892 0)
(18.8043 -1.51067 0)
(17.9424 -2.74439 0)
(15.6224 -4.12707 0)
(15.1805 -1.49329 -1.09164e-18)
(18.3427 5.13463 0)
(20.2785 8.70913 0)
(20.9568 9.67067 0)
(21.1623 9.75817 0)
(21.1799 9.66038 0)
(21.1116 9.5637 0)
(20.9975 9.50997 0)
(20.8584 9.50527 0)
(20.7086 9.54875 0)
(20.5612 9.63718 -7.80442e-19)
(20.4279 9.76545 0)
(20.3205 9.92547 0)
(20.2469 10.1098 -1.72488e-18)
(20.216 10.3133 0)
(20.2365 10.538 0)
(20.3294 10.7881 -9.51663e-19)
(20.5172 11.0724 0)
(20.8388 11.4085 0)
(21.3111 11.8405 0)
(21.9269 12.398 -1.02526e-18)
(22.5829 13.0483 -1.03371e-18)
(23.1795 13.6649 0)
(23.5972 14.1242 0)
(23.8612 14.3527 0)
(23.953 14.3799 0)
(24.023 14.2702 -1.23266e-18)
(24.0214 14.1077 0)
(24.1568 13.9526 0)
(24.2476 13.8329 0)
(7.61944 -1.78933 -7.39193e-19)
(4.77598 0.260066 4.25114e-19)
(6.04488 6.08254 -4.2815e-19)
(7.90267 11.2574 3.75114e-19)
(8.86796 15.1553 8.07402e-19)
(9.56216 17.4616 -1.50065e-18)
(11.176 15.6867 0)
(11.7148 12.6023 -1.07581e-18)
(12.0159 10.2516 0)
(12.3176 8.26531 -1.03449e-18)
(12.5903 6.37567 -1.00804e-18)
(12.7904 4.55672 0)
(12.9541 2.88744 -4.69039e-19)
(13.1335 1.40363 0)
(13.3569 0.10468 0)
(13.6291 -1.0169 -1.22905e-18)
(13.942 -1.97333 0)
(14.2806 -2.78416 -7.38972e-19)
(14.6257 -3.47095 3.52966e-19)
(14.9598 -4.0565 -6.69642e-19)
(15.2668 -4.56376 -6.37646e-19)
(15.5335 -5.01145 0)
(15.7533 -5.41389 0)
(15.9241 -5.78147 0)
(16.0474 -6.1213 -5.31256e-19)
(16.1267 -6.43775 2.53395e-19)
(16.1668 -6.73331 0)
(16.173 -7.00914 0)
(16.151 -7.2655 -2.25991e-19)
(16.1056 -7.50204 -4.39921e-19)
(16.0414 -7.71819 0)
(15.9609 -7.91334 -2.05623e-19)
(15.8661 -8.0858 -4.04508e-19)
(15.7592 -8.23225 0)
(15.6419 -8.34864 0)
(15.516 -8.43077 0)
(15.3825 -8.4746 1.895e-19)
(15.2418 -8.47622 -3.81151e-19)
(15.0935 -8.43142 0)
(14.9374 -8.33519 -3.84554e-19)
(14.7738 -8.18127 0)
(14.6052 -7.96202 0)
(14.4366 -7.66819 -4.03044e-19)
(14.278 -7.29019 0)
(14.1437 -6.82013 0)
(14.0555 -6.25324 0)
(14.0399 -5.59557 0)
(14.1271 -4.86418 -4.71415e-19)
(14.3437 -4.0955 0)
(14.6987 -3.33982 -5.1404e-19)
(15.1787 -2.64921 0)
(15.7473 -2.06434 0)
(16.3579 -1.60294 -6.13613e-19)
(16.9666 -1.26336 0)
(17.5366 -1.0333 -6.88639e-19)
(18.0415 -0.893906 0)
(18.4646 -0.824722 0)
(18.7989 -0.805456 -1.22586e-18)
(19.0424 -0.818483 0)
(19.2017 -0.846653 -9.22407e-19)
(19.2941 -0.876806 9.81798e-19)
(19.3366 -0.910393 -1.04768e-18)
(19.3721 -0.950724 0)
(19.3731 -1.06368 0)
(19.2553 -1.28644 -1.3032e-18)
(18.7604 -1.9538 0)
(16.9594 -3.15898 -1.56017e-18)
(15.637 -1.9928 9.28811e-19)
(18.1165 3.57557 0)
(20.5927 7.86211 -1.17275e-18)
(21.6053 9.38065 -1.12252e-18)
(21.9587 9.69932 -1.14947e-18)
(22.0605 9.69589 0)
(22.0584 9.64515 0)
(22.0069 9.61722 -1.30491e-18)
(21.9302 9.62728 0)
(21.843 9.67759 -1.4116e-18)
(21.7581 9.76589 7.27764e-19)
(21.6857 9.88723 0)
(21.6354 10.0337 -1.57125e-18)
(21.6126 10.1986 8.06295e-19)
(21.6244 10.3769 -1.68133e-18)
(21.675 10.5688 0)
(21.7752 10.7721 8.8965e-19)
(21.9333 10.985 1.84915e-18)
(22.1878 11.2163 0)
(22.5873 11.5238 -1.94232e-18)
(23.1864 11.9854 9.78962e-19)
(23.9251 12.621 9.86337e-19)
(24.6939 13.3154 0)
(25.3196 13.904 -2.02363e-18)
(25.777 14.2628 -2.0827e-18)
(26.0201 14.3814 0)
(26.1947 14.3189 1.13961e-18)
(26.2641 14.1505 -2.38596e-18)
(26.4453 13.9573 0)
(26.5792 13.7841 0)
(8.34112 -1.40061 7.25259e-19)
(5.50418 0.449351 0)
(6.29042 5.82608 8.43679e-19)
(8.405 11.0009 0)
(9.87828 15.0118 -2.99998e-21)
(11.0386 17.2937 1.11091e-18)
(12.7126 15.5733 0)
(13.1648 12.6037 1.23642e-18)
(13.4279 10.2688 -1.19563e-18)
(13.7102 8.2817 3.49175e-21)
(13.976 6.40058 2.29312e-18)
(14.1746 4.59268 0)
(14.3341 2.92477 1.06819e-18)
(14.5035 1.4324 0)
(14.713 0.119671 0)
(14.9709 -1.01626 1.8431e-18)
(15.2724 -1.98468 0)
(15.6034 -2.80304 1.64211e-18)
(15.9444 -3.49211 -7.74984e-19)
(16.277 -4.07483 1.47121e-18)
(16.5843 -4.57445 6.95635e-19)
(16.8527 -5.01087 0)
(17.0742 -5.39999 6.28016e-19)
(17.2462 -5.75345 0)
(17.3696 -6.07931 5.6637e-19)
(17.4475 -6.38259 5.41786e-19)
(17.4846 -6.66619 0)
(17.4862 -6.93153 0)
(17.458 -7.17893 4.75353e-19)
(17.4052 -7.40796 4.54706e-19)
(17.3324 -7.6177 0)
(17.2428 -7.80715 0)
(17.1387 -7.97455 4.09709e-19)
(17.0225 -8.11658 0)
(16.8962 -8.22909 0)
(16.7619 -8.30775 0)
(16.621 -8.34835 0)
(16.4745 -8.34679 3.73968e-19)
(16.3232 -8.29863 0)
(16.1672 -8.1989 7.47594e-19)
(16.0077 -8.04182 0)
(15.8472 -7.8209 0)
(15.6914 -7.52858 3.84348e-19)
(15.5503 -7.15745 0)
(15.438 -6.70215 0)
(15.3737 -6.16091 0)
(15.3796 -5.54158 0)
(15.4786 -4.86167 4.33791e-19)
(15.689 -4.15386 0)
(16.0146 -3.46013 4.65639e-19)
(16.442 -2.82278 0)
(16.9412 -2.27448 0)
(17.4749 -1.83009 5.41512e-19)
(18.0075 -1.48944 0)
(18.509 -1.24245 6.14957e-19)
(18.9569 -1.07406 0)
(19.3365 -0.968234 6.87922e-19)
(19.6407 -0.908282 7.24135e-19)
(19.8675 -0.879931 0)
(20.0213 -0.86949 8.12599e-19)
(20.1116 -0.868513 -8.62749e-19)
(20.1452 -0.87766 1.83851e-18)
(20.1398 -0.897299 -9.81566e-19)
(20.0697 -0.966622 1.05308e-18)
(19.8767 -1.07462 1.14004e-18)
(19.4995 -1.37318 1.26204e-18)
(18.3365 -2.15088 1.45321e-18)
(16.6572 -1.95583 0)
(17.9118 1.95821 0)
(20.7483 6.66977 2.35927e-18)
(22.2359 8.8995 1.08553e-18)
(22.8159 9.56458 2.17824e-18)
(23.0269 9.69591 -1.12565e-18)
(23.0933 9.70147 -1.17296e-18)
(23.0998 9.70179 1.22006e-18)
(23.0804 9.7272 1.27176e-18)
(23.0519 9.78357 1.31487e-18)
(23.0261 9.86975 1.37049e-18)
(23.0112 9.98237 -1.42015e-18)
(23.0155 10.1157 2.93005e-18)
(23.0432 10.2639 0)
(23.1006 10.4219 3.13579e-18)
(23.1924 10.5898 0)
(23.3278 10.7664 0)
(23.4979 10.9414 -1.72343e-18)
(23.71 11.0977 1.79161e-18)
(24.0035 11.2693 1.83231e-18)
(24.4912 11.5625 1.87941e-18)
(25.208 12.0806 -1.89505e-18)
(26.0902 12.7801 1.89957e-18)
(26.9246 13.4883 1.91473e-18)
(27.6204 14.0183 3.89989e-18)
(28.0787 14.2843 0)
(28.4119 14.3117 2.08974e-18)
(28.589 14.1642 1.17293e-20)
(28.8197 13.9452 -2.28934e-18)
(28.9929 13.7173 0)
(9.15493 -0.947089 0)
(6.45514 0.726437 0)
(6.82371 5.56973 -1.60083e-18)
(8.99181 10.6243 0)
(10.9847 14.7337 -3.10342e-22)
(12.6665 17.037 -1.19499e-18)
(14.4504 15.452 0)
(14.8578 12.6297 1.39644e-18)
(15.0886 10.3084 1.18006e-20)
(15.3451 8.31723 8.18807e-21)
(15.5985 6.44343 -1.3153e-18)
(15.7937 4.6476 -1.26831e-18)
(15.9482 2.98255 -1.22592e-18)
(16.1055 1.48214 0)
(16.296 0.154697 -1.11202e-18)
(16.5313 -0.997744 -1.04835e-18)
(16.8101 -1.98085 0)
(17.1203 -2.80925 -9.24292e-19)
(17.4435 -3.50242 0)
(17.7611 -4.08337 -8.18391e-19)
(18.0565 -4.57566 0)
(18.3157 -5.00042 0)
(18.5301 -5.3752 6.99919e-22)
(18.6962 -5.71315 -6.4921e-19)
(18.814 -6.02343 6.14393e-19)
(18.8862 -6.31185 1.00069e-21)
(18.9169 -6.58185 -5.52763e-19)
(18.911 -6.83516 5.25824e-19)
(18.8743 -7.07225 -4.99911e-19)
(18.8116 -7.29262 0)
(18.7278 -7.49511 0)
(18.6268 -7.67827 0)
(18.5112 -7.84017 -4.23497e-19)
(18.3837 -7.97751 0)
(18.2466 -8.08606 3.97853e-19)
(18.102 -8.16146 0)
(17.9518 -8.1993 0)
(17.7976 -8.19526 3.73969e-19)
(17.6407 -8.14479 0)
(17.4823 -8.04304 1.90817e-21)
(17.3246 -7.88479 0)
(17.1705 -7.66438 -3.67049e-19)
(17.0254 -7.37594 0)
(16.8985 -7.01437 0)
(16.8027 -6.57668 -3.78449e-19)
(16.7553 -6.06329 0)
(16.7747 -5.48297 0)
(16.8781 -4.85281 -4.02929e-19)
(17.0776 -4.20124 0)
(17.3729 -3.56322 0)
(17.7512 -2.97338 -4.46727e-19)
(18.1882 -2.45798 0)
(18.654 -2.02967 4.91079e-19)
(19.12 -1.68875 0)
(19.5616 -1.4275 0)
(19.9601 -1.23405 5.8678e-19)
(20.3018 -1.0951 -6.15055e-19)
(20.58 -0.997832 6.49704e-19)
(20.7916 -0.930746 0)
(20.9386 -0.882547 0)
(21.0248 -0.846754 0)
(21.0514 -0.821787 -1.61751e-18)
(21.0231 -0.805471 8.60079e-19)
(20.9197 -0.816892 -1.84478e-18)
(20.7022 -0.838577 -9.98792e-19)
(20.3548 -0.905011 -1.0896e-18)
(19.5996 -1.25739 -1.23785e-18)
(18.1186 -1.43379 -1.43156e-18)
(18.0854 0.740041 0)
(20.6926 5.12559 -2.41665e-18)
(22.758 8.09966 0)
(23.694 9.27539 -1.03327e-18)
(24.0703 9.6282 1.95717e-21)
(24.2244 9.72303 1.09583e-18)
(24.293 9.76067 1.14036e-18)
(24.3276 9.80157 -1.18241e-18)
(24.3504 9.86315 -1.23212e-18)
(24.3755 9.94876 -1.27122e-18)
(24.412 10.0559 1.31635e-18)
(24.468 10.1788 -1.36232e-18)
(24.5469 10.3118 0)
(24.6519 10.4483 -2.9269e-18)
(24.783 10.5866 1.51911e-18)
(24.9549 10.7337 0)
(25.1666 10.8916 -1.62072e-18)
(25.401 11.0269 -1.66373e-18)
(25.6346 11.1135 -1.72965e-18)
(25.9587 11.2242 -3.55086e-18)
(26.51 11.5324 3.61428e-18)
(27.3777 12.1244 -3.63341e-18)
(28.3803 12.8745 -1.81805e-18)
(29.3334 13.5469 -1.83662e-18)
(30.0442 13.9828 -1.86642e-18)
(30.5857 14.1576 -3.86287e-18)
(30.931 14.1015 2.01703e-18)
(31.2661 13.9032 2.10506e-18)
(31.5096 13.631 -2.12576e-18)
(10.0748 -0.436109 0)
(7.64497 1.09019 0)
(7.69296 5.34167 -9.99565e-21)
(9.71663 10.1206 0)
(12.1612 14.2686 -1.9975e-18)
(14.416 16.6438 1.27173e-18)
(16.4026 15.3037 0)
(16.8435 12.6816 -1.61512e-18)
(17.0496 10.3784 3.07575e-18)
(17.2786 8.37997 1.53286e-18)
(17.5141 6.51127 -1.4975e-18)
(17.7037 4.7284 2.94447e-18)
(17.8532 3.06822 0)
(17.9978 1.56119 0)
(18.1658 0.219113 1.29868e-18)
(18.3703 -0.951102 0)
(18.6136 -1.95109 0)
(18.8864 -2.79199 -1.06333e-18)
(19.1731 -3.49153 9.94089e-19)
(19.4568 -4.07247 -9.32328e-19)
(19.722 -4.5587 8.74233e-19)
(19.9559 -4.97238 0)
(20.1493 -5.33276 -1.54311e-18)
(20.2981 -5.65459 7.25997e-19)
(20.4013 -5.94827 -5.53122e-22)
(20.4606 -6.22058 -6.43863e-19)
(20.4794 -6.47557 1.10813e-22)
(20.4618 -6.71544 -5.74116e-19)
(20.4129 -6.94085 0)
(20.3375 -7.15132 0)
(20.24 -7.34558 -4.91262e-19)
(20.1248 -7.52186 4.67761e-19)
(19.9952 -7.67793 8.92811e-19)
(19.8537 -7.81046 4.29015e-19)
(19.7033 -7.91513 -8.2572e-19)
(19.5463 -7.98745 4.00449e-19)
(19.3851 -8.02292 -3.8957e-19)
(19.2214 -8.01718 1.59615e-21)
(19.0571 -7.96575 -3.73546e-19)
(18.8942 -7.8638 1.47397e-21)
(18.7354 -7.70643 3.64927e-19)
(18.5845 -7.48893 3.62008e-19)
(18.4468 -7.207 0)
(18.3304 -6.85763 0)
(18.2464 -6.43989 7.34003e-19)
(18.2093 -5.95609 3.71598e-19)
(18.2341 -5.4152 -3.77056e-19)
(18.3343 -4.83293 7.66141e-19)
(18.5173 -4.23381 3.93265e-19)
(18.7811 -3.64661 4.04803e-19)
(19.1133 -3.09947 -4.31969e-21)
(19.4936 -2.61394 4.35365e-19)
(19.8986 -2.20091 4.77658e-21)
(20.3054 -1.8611 4.77033e-19)
(20.6939 -1.58835 -5.02574e-19)
(21.0479 -1.37307 3.95333e-21)
(21.3563 -1.20508 0)
(21.612 -1.07388 3.11754e-21)
(21.8106 -0.969932 -6.27021e-19)
(21.9519 -0.884288 6.57622e-19)
(22.0363 -0.811049 0)
(22.0622 -0.746312 7.27305e-19)
(22.029 -0.685801 0)
(21.922 -0.63507 8.2057e-19)
(21.7178 -0.57762 8.81386e-19)
(21.4071 -0.501769 0)
(20.8944 -0.516046 1.05951e-18)
(19.8622 -0.629377 1.20966e-18)
(19.0315 0.230133 0)
(20.5493 3.39516 -1.53499e-20)
(23.0244 6.87243 1.05315e-18)
(24.521 8.7511 -9.9063e-19)
(25.1863 9.46355 9.96664e-19)
(25.4663 9.69953 0)
(25.6 9.79231 -1.06503e-18)
(25.6842 9.85721 0)
(25.7549 9.92717 1.14735e-18)
(25.8283 10.0094 0)
(25.9111 10.1045 0)
(26.0095 10.2104 0)
(26.1279 10.3259 0)
(26.2729 10.4479 1.3661e-18)
(26.4414 10.5679 -1.41317e-18)
(26.6405 10.6827 0)
(26.8827 10.8104 3.02824e-18)
(27.176 10.9526 1.56687e-18)
(27.4653 11.0538 -7.73632e-21)
(27.732 11.0689 1.66585e-18)
(28.0547 11.1027 -1.71512e-18)
(28.6623 11.3847 1.74431e-18)
(29.613 12.0149 1.75222e-18)
(30.7892 12.8107 0)
(31.8569 13.4698 1.76891e-18)
(32.7151 13.8307 1.80527e-18)
(33.2767 13.8921 0)
(33.7367 13.7548 0)
(34.0662 13.502 3.90343e-18)
(11.1236 0.119036 0)
(9.08491 1.53126 0)
(8.91602 5.165 6.88634e-19)
(10.6725 9.50111 -8.25206e-19)
(13.3839 13.5443 9.85259e-19)
(16.2279 16.0317 0)
(18.5596 15.0757 -1.58286e-18)
(19.2012 12.7499 0)
(19.414 10.4912 -1.73976e-18)
(19.6265 8.48389 0)
(19.8436 6.61835 1.70689e-18)
(20.0288 4.84823 -1.6808e-18)
(20.1769 3.19569 0)
(20.3121 1.68568 1.58048e-18)
(20.4574 0.331609 0)
(20.625 -0.855867 1.41592e-18)
(20.82 -1.87416 0)
(21.0363 -2.73006 2.46691e-18)
(21.263 -3.43892 -1.14992e-18)
(21.4878 -4.02272 2.13759e-18)
(21.6983 -4.50541 -1.99446e-18)
(21.8842 -4.90994 9.29225e-19)
(22.037 -5.25701 1.74182e-18)
(22.1524 -5.56298 0)
(22.2283 -5.83954 -1.52654e-18)
(22.2649 -6.09459 0)
(22.2643 -6.33299 1.34189e-18)
(22.2293 -6.55756 0)
(22.1641 -6.76941 -5.91889e-19)
(22.0728 -6.9681 0)
(21.9591 -7.15241 1.05409e-18)
(21.827 -7.32051 -9.95145e-19)
(21.6805 -7.46991 -2.30765e-22)
(21.5226 -7.59715 4.842e-23)
(21.3565 -7.69784 8.54223e-19)
(21.1848 -7.76739 -8.19369e-19)
(21.0102 -7.80121 7.89687e-19)
(20.835 -7.79486 8.07355e-22)
(20.6614 -7.74391 7.43991e-19)
(20.4924 -7.64381 -7.27453e-19)
(20.3307 -7.49038 1.03052e-21)
(20.1807 -7.27958 3.53182e-19)
(20.0478 -7.0081 3.50341e-19)
(19.939 -6.67461 -3.49194e-19)
(19.8634 -6.28022 1.66048e-21)
(19.8318 -5.8292 2.0159e-21)
(19.8562 -5.33049 7.05849e-19)
(19.9466 -4.79801 -7.137e-19)
(20.1078 -4.25137 3.83959e-21)
(20.3368 -3.71371 4.55557e-21)
(20.6225 -3.20811 -5.10854e-21)
(20.9486 -2.75218 5.39724e-21)
(21.2964 -2.3551 5.39977e-21)
(21.6477 -2.01767 5.18477e-21)
(21.986 -1.73522 -4.84268e-21)
(22.2978 -1.50051 4.45587e-21)
(22.5734 -1.30554 4.90026e-19)
(22.8065 -1.14209 3.7721e-21)
(22.9938 -1.00217 -3.55876e-21)
(23.1317 -0.87749 3.44504e-21)
(23.2182 -0.762717 0)
(23.2509 -0.653126 0)
(23.2275 -0.542501 0)
(23.139 -0.428041 0)
(22.9732 -0.294621 0)
(22.725 -0.121723 0)
(22.3732 0.0838748 0)
(21.7911 0.244552 0)
(20.9281 0.537695 -1.04165e-18)
(21.0161 2.008 2.11709e-18)
(22.9589 5.01963 -1.91024e-18)
(25.0507 7.65149 1.72876e-18)
(26.2892 9.02806 -8.41528e-19)
(26.8695 9.58162 8.52964e-19)
(27.14 9.79224 -8.80201e-19)
(27.2952 9.89182 9.13224e-19)
(27.4124 9.96725 -9.48228e-19)
(27.5238 10.0478 9.84002e-19)
(27.645 10.14 -1.0202e-18)
(27.7854 10.2391 0)
(27.9463 10.338 0)
(28.1324 10.4349 0)
(28.342 10.5297 0)
(28.5733 10.6135 0)
(28.8239 10.6865 -1.24094e-18)
(29.1237 10.7753 -1.28065e-18)
(29.4709 10.8916 1.32059e-18)
(29.8282 10.9817 0)
(30.1297 10.9765 -1.41136e-18)
(30.4737 10.9436 1.45057e-18)
(31.0386 11.1014 -1.47498e-18)
(32.0075 11.6148 1.4811e-18)
(33.2449 12.3696 -1.47884e-18)
(34.553 13.0726 1.48172e-18)
(35.6177 13.4703 -1.50012e-18)
(36.4537 13.5173 1.53494e-18)
(36.9845 13.3021 -3.10095e-18)
(12.3374 0.698642 0)
(10.7612 2.02385 0)
(10.5018 5.0579 0)
(11.9662 8.81496 7.47966e-19)
(14.6395 12.5328 0)
(17.9362 15.0714 0)
(20.7463 14.6535 1.57453e-18)
(21.8519 12.7726 -1.74557e-18)
(22.2264 10.6447 -1.8221e-18)
(22.4556 8.64253 -1.83045e-18)
(22.6681 6.77575 0)
(22.8515 5.01781 0)
(23.0009 3.37528 0)
(23.1292 1.86653 -1.76983e-18)
(23.2509 0.505304 0)
(23.3743 -0.694859 -1.59475e-18)
(23.5049 -1.72789 0)
(23.6405 -2.59723 -1.40467e-18)
(23.777 -3.31638 0)
(23.9107 -3.90632 -1.21988e-18)
(24.0336 -4.38973 2.25675e-18)
(24.1404 -4.78965 -8.10255e-21)
(24.2251 -5.12755 -6.96369e-21)
(24.2834 -5.42088 0)
(24.3125 -5.68248 1.70323e-18)
(24.3111 -5.92141 0)
(24.2791 -6.14346 -4.13002e-21)
(24.2179 -6.35223 0)
(24.1295 -6.54954 1.29744e-18)
(24.0172 -6.73519 0)
(23.8835 -6.90802 -2.40194e-21)
(23.7311 -7.06658 1.06739e-18)
(23.5642 -7.20847 -1.74749e-21)
(23.3864 -7.33006 -1.36831e-21)
(23.2011 -7.42684 -1.00374e-21)
(23.0113 -7.49404 4.23014e-19)
(22.8201 -7.52702 -3.69545e-22)
(22.6302 -7.52136 -9.67725e-23)
(22.4445 -7.47275 1.44498e-22)
(22.266 -7.37693 7.23781e-19)
(22.0982 -7.23015 5.8965e-22)
(21.9458 -7.02914 8.26543e-22)
(21.8138 -6.77183 1.10722e-21)
(21.7088 -6.45811 6.71491e-19)
(21.6379 -6.09028 1.94188e-21)
(21.6093 -5.67335 2.47181e-21)
(21.6304 -5.21642 3.01447e-21)
(21.7081 -4.73221 6.73945e-19)
(21.8453 -4.23677 -3.38426e-19)
(22.0393 -3.74769 4.64138e-21)
(22.2808 -3.28246 7.04717e-19)
(22.5565 -2.8558 5.24351e-21)
(22.8516 -2.47604 5.22499e-21)
(23.1516 -2.14374 5.04009e-21)
(23.4431 -1.85476 7.99295e-19)
(23.7148 -1.60355 4.44524e-21)
(23.9581 -1.38484 4.15276e-21)
(24.1678 -1.1926 3.92592e-21)
(24.3404 -1.01935 9.59206e-19)
(24.4734 -0.857553 3.90517e-21)
(24.5646 -0.701478 0)
(24.6084 -0.545292 5.63561e-19)
(24.6035 -0.38351 0)
(24.5453 -0.209192 6.11931e-19)
(24.4286 -0.00793549 0)
(24.2535 0.236425 6.78897e-19)
(24.0191 0.541965 0)
(23.7111 0.911201 7.82862e-19)
(23.2527 1.29091 8.38635e-19)
(22.8073 1.83314 2.54393e-20)
(23.3484 3.29483 9.19155e-19)
(25.1464 5.77183 1.11592e-20)
(27.0024 7.92416 8.02963e-19)
(28.2062 9.12678 3.20674e-21)
(28.8253 9.65322 8.02623e-19)
(29.137 9.87991 2.55021e-21)
(29.336 10.0025 8.56258e-19)
(29.5064 10.0881 4.25747e-21)
(29.6731 10.1592 9.19683e-19)
(29.8467 10.2283 9.58305e-19)
(30.0325 10.3011 0)
(30.2392 10.3773 1.02717e-18)
(30.4724 10.4561 1.06217e-18)
(30.7386 10.5338 1.09746e-18)
(31.0262 10.5966 0)
(31.3379 10.6375 1.1692e-18)
(31.6834 10.675 1.20465e-18)
(32.0853 10.7345 1.23953e-18)
(32.4976 10.792 1.27421e-18)
(32.8846 10.7909 2.01232e-23)
(33.2488 10.7231 2.70224e-18)
(33.7665 10.7159 -4.40239e-21)
(34.5722 10.9355 2.79414e-18)
(35.7535 11.4444 -1.22486e-20)
(37.1104 12.0719 2.80894e-18)
(38.497 12.5878 -1.42307e-18)
(39.6492 12.8213 2.46928e-20)
(13.7591 1.27879 5.98464e-19)
(12.6532 2.52639 -6.01034e-19)
(12.4499 5.01548 6.4333e-19)
(13.6406 8.1359 0)
(16.0387 11.3175 -8.77508e-19)
(19.3806 13.6958 -1.09633e-18)
(22.5893 13.8218 0)
(24.3721 12.5627 4.82723e-20)
(25.2293 10.7499 1.809e-18)
(25.6542 8.83978 1.8732e-18)
(25.9185 6.99463 0)
(26.1187 5.24739 -1.85298e-18)
(26.2704 3.61647 1.83752e-18)
(26.3848 2.11531 0)
(26.4715 0.756542 0)
(26.5332 -0.446025 -1.63369e-18)
(26.5757 -1.48555 -1.54228e-18)
(26.6033 -2.36352 -1.45159e-18)
(26.6201 -3.092 0)
(26.6311 -3.69028 0)
(26.6363 -4.17978 -1.22026e-18)
(26.6362 -4.58229 -2.28602e-18)
(26.6279 -4.91881 -1.07737e-18)
(26.608 -5.2069 -9.93656e-19)
(26.5728 -5.45978 -9.34455e-19)
(26.5197 -5.68732 0)
(26.4465 -5.89622 -8.12162e-19)
(26.3521 -6.09094 -7.51281e-19)
(26.2364 -6.27433 -7.05257e-19)
(26.1005 -6.44681 0)
(25.9458 -6.60728 -6.13083e-19)
(25.7732 -6.75497 -5.71356e-19)
(25.5856 -6.88836 -5.31768e-19)
(25.3872 -7.00398 -4.95575e-19)
(25.1816 -7.09709 -4.63626e-19)
(24.9722 -7.16274 0)
(24.7626 -7.19628 -4.11589e-19)
(24.5561 -7.1933 -3.90846e-19)
(24.356 -7.14957 -3.73197e-19)
(24.1657 -7.06114 -3.58313e-19)
(23.989 -6.92486 -3.45911e-19)
(23.8303 -6.7382 -3.35738e-19)
(23.6947 -6.49976 -3.27521e-19)
(23.5881 -6.21007 -3.21121e-19)
(23.5164 -5.87193 -3.16497e-19)
(23.4861 -5.49116 -3.13638e-19)
(23.5012 -5.07651 -3.12617e-19)
(23.5656 -4.63865 -3.1341e-19)
(23.6794 -4.19023 0)
(23.8403 -3.74525 -3.19023e-19)
(24.0406 -3.31784 -3.23454e-19)
(24.2703 -2.91953 -3.29196e-19)
(24.5173 -2.55725 -3.36803e-19)
(24.7708 -2.23147 -3.46427e-19)
(25.02 -1.93864 -3.57904e-19)
(25.2552 -1.67465 -3.70927e-19)
(25.4693 -1.43615 -3.8527e-19)
(25.6576 -1.21907 -4.01182e-19)
(25.817 -1.01697 -4.1926e-19)
(25.9451 -0.822375 -4.40082e-19)
(26.0394 -0.628922 4.68786e-19)
(26.0983 -0.431273 -4.92674e-19)
(26.1187 -0.223234 0)
(26.0985 0.00238371 -5.36242e-19)
(26.0382 0.257387 5.65395e-19)
(25.9405 0.556151 -5.81816e-19)
(25.8111 0.912021 6.23213e-19)
(25.6602 1.33852 -6.46378e-19)
(25.4918 1.82846 0)
(25.2725 2.33415 -7.46969e-19)
(25.1573 2.91341 8.18216e-19)
(25.7449 4.06133 -8.153e-19)
(27.2305 5.97983 7.9521e-19)
(28.9239 7.87075 -7.50073e-19)
(30.2202 9.10096 -7.44537e-19)
(30.9991 9.69388 -1.50086e-18)
(31.4155 9.93833 7.72373e-19)
(31.6637 10.0604 -7.95905e-19)
(31.8678 10.1556 -8.28435e-19)
(32.0808 10.2407 -8.54574e-19)
(32.3119 10.3092 0)
(32.5584 10.3561 -9.15934e-19)
(32.8148 10.3838 -1.89957e-18)
(33.0878 10.4029 -9.80083e-19)
(33.3805 10.4222 1.01627e-18)
(33.6975 10.4408 -1.04641e-18)
(34.0336 10.45 -2.16175e-18)
(34.4087 10.457 -2.22714e-18)
(34.8291 10.4736 0)
(35.2987 10.5015 -1.1784e-18)
(35.7657 10.5047 -3.95033e-21)
(36.231 10.4522 -1.2454e-18)
(36.7294 10.3492 -1.27695e-18)
(37.406 10.294 -1.17966e-20)
(38.3395 10.3866 -1.3182e-18)
(39.5617 10.6524 0)
(40.942 11.0101 1.29192e-18)
(15.4373 1.83399 -1.74709e-18)
(14.7659 2.9959 5.6848e-19)
(14.719 5.00903 -1.83251e-18)
(15.7064 7.50006 0)
(17.7456 10.053 -8.47496e-19)
(20.725 12.0424 -9.87569e-19)
(23.8937 12.4773 0)
(26.205 11.8128 1.41786e-18)
(27.7122 10.4984 3.07328e-18)
(28.6204 8.8803 0)
(29.1632 7.17636 -3.40388e-18)
(29.4977 5.4987 1.7858e-18)
(29.6984 3.90563 -1.7862e-18)
(29.8102 2.42857 0)
(29.8537 1.08747 -3.28105e-18)
(29.8405 -0.102686 -1.53185e-18)
(29.7819 -1.13611 1.53011e-18)
(29.6925 -2.01424 -1.38882e-18)
(29.5848 -2.74807 0)
(29.4693 -3.35603 -2.53911e-18)
(29.3543 -3.85674 -2.40805e-18)
(29.2433 -4.26986 1.15842e-18)
(29.1375 -4.6144 -2.1683e-18)
(29.0348 -4.90669 -1.01723e-18)
(28.9322 -5.15951 -1.95641e-18)
(28.8257 -5.38297 -1.84531e-18)
(28.7114 -5.58441 0)
(28.5862 -5.7689 8.13101e-19)
(28.4475 -5.94023 -1.50288e-18)
(28.2937 -6.09984 0)
(28.1245 -6.24718 -1.30504e-18)
(27.9395 -6.38202 -1.21418e-18)
(27.7388 -6.50449 -1.12682e-18)
(27.526 -6.6124 -1.04428e-18)
(27.3049 -6.70099 -9.69519e-19)
(27.0792 -6.76509 -9.03296e-19)
(26.8533 -6.80003 0)
(26.6311 -6.80139 -7.95193e-19)
(26.4165 -6.76496 -7.52328e-19)
(26.2135 -6.68702 -7.16025e-19)
(26.0261 -6.56478 -6.8561e-19)
(25.8587 -6.39627 -6.60449e-19)
(25.716 -6.18077 -6.39965e-19)
(25.603 -5.91939 -6.23682e-19)
(25.5246 -5.61493 -6.11237e-19)
(25.4854 -5.27255 -6.02283e-19)
(25.489 -4.89983 -5.97039e-19)
(25.5368 -4.50669 -5.955e-19)
(25.6279 -4.10346 -5.97808e-19)
(25.7581 -3.7 -6.02628e-19)
(25.9214 -3.30692 -6.0928e-19)
(26.1095 -2.93471 -6.17146e-19)
(26.3137 -2.59009 -6.27949e-19)
(26.5251 -2.2728 -6.42356e-19)
(26.7356 -1.97945 -6.60126e-19)
(26.9377 -1.7068 -6.79849e-19)
(27.1255 -1.45335 -7.00564e-19)
(27.2948 -1.21644 0)
(27.4428 -0.990426 -7.50325e-19)
(27.5673 -0.768481 -7.8234e-19)
(27.6668 -0.544483 -1.22579e-18)
(27.7399 -0.312693 0)
(27.7873 -0.067847 0)
(27.8086 0.196651 0)
(27.8049 0.490293 -1.49925e-18)
(27.7826 0.822695 1.04253e-18)
(27.7493 1.20444 5.55443e-19)
(27.7161 1.64296 0)
(27.6979 2.13814 0)
(27.7022 2.67824 0)
(27.7065 3.2323 -2.01586e-18)
(27.7859 3.79051 1.43675e-18)
(28.2631 4.58216 -2.20849e-18)
(29.3636 5.89124 1.47539e-18)
(30.824 7.47136 -7.21223e-19)
(32.1988 8.80186 6.94994e-19)
(33.2312 9.62706 -6.98641e-19)
(33.894 10.0095 0)
(34.2903 10.1376 7.34949e-19)
(34.5514 10.1736 0)
(34.7756 10.2033 0)
(35.0171 10.2495 1.63861e-18)
(35.2916 10.3007 -8.49773e-19)
(35.5978 10.3385 0)
(35.9269 10.3505 -9.03216e-19)
(36.276 10.3366 0)
(36.6372 10.2982 2.88543e-18)
(37.0119 10.2406 9.92329e-19)
(37.4016 10.1685 -2.03859e-18)
(37.827 10.097 0)
(38.2901 10.0342 -3.23184e-18)
(38.7943 9.97663 2.2047e-18)
(39.3107 9.89984 -2.2591e-18)
(39.852 9.78272 -1.16874e-18)
(40.4412 9.62091 0)
(41.1692 9.45494 0)
(42.067 9.32211 0)
(17.4137 2.33589 -7.88639e-21)
(17.1212 3.39101 0)
(17.2532 4.99785 -5.87731e-20)
(18.1365 6.91187 0)
(19.8245 8.85142 1.45495e-18)
(22.2855 10.3677 -4.29971e-20)
(25.0222 10.8506 0)
(27.3725 10.5376 0)
(29.2177 9.65796 -2.63006e-18)
(30.5619 8.42933 0)
(31.4979 7.01753 1.0919e-19)
(32.1141 5.54079 -2.96274e-18)
(32.4931 4.08369 0)
(32.697 2.7005 -2.96608e-18)
(32.7657 1.42623 2.99355e-18)
(32.7333 0.283416 8.73139e-20)
(32.6268 -0.718649 -2.70481e-18)
(32.4718 -1.58007 2.66458e-18)
(32.2896 -2.31056 -2.48288e-18)
(32.0978 -2.92484 2.42252e-18)
(31.9085 -3.43756 2.31201e-18)
(31.7271 -3.86519 -2.17027e-18)
(31.5574 -4.22391 3.2822e-20)
(31.3992 -4.52797 2.88081e-20)
(31.2507 -4.78883 1.9276e-18)
(31.1088 -5.01579 1.84331e-18)
(30.9695 -5.21593 0)
(30.8288 -5.39442 0)
(30.6822 -5.55598 1.58964e-18)
(30.5265 -5.70322 -1.47342e-18)
(30.3594 -5.83647 1.35858e-20)
(30.1792 -5.9561 1.29861e-18)
(29.9846 -6.0632 1.20856e-18)
(29.7753 -6.15784 1.01125e-20)
(29.5542 -6.23727 1.03778e-18)
(29.3251 -6.29683 8.01057e-21)
(29.0926 -6.33179 0)
(28.8616 -6.33759 8.2987e-19)
(28.6371 -6.30981 4.31991e-21)
(28.4239 -6.24466 7.30215e-19)
(28.2265 -6.13951 1.75125e-21)
(28.0495 -5.99269 6.58147e-19)
(27.8974 -5.80373 6.30835e-19)
(27.7745 -5.57386 -1.98682e-21)
(27.6849 -5.30591 5.90486e-19)
(27.6317 -5.00458 5.76451e-19)
(27.6176 -4.67588 -5.42292e-21)
(27.6428 -4.32707 5.59112e-19)
(27.7069 -3.9666 -7.39283e-21)
(27.8058 -3.60323 5.5461e-19)
(27.9344 -3.24488 5.57039e-19)
(28.0858 -2.89942 5.61624e-19)
(28.2531 -2.57315 5.69367e-19)
(28.4287 -2.26641 5.81203e-19)
(28.6062 -1.97545 -8.99825e-21)
(28.7797 -1.69724 6.12846e-19)
(28.9441 -1.43232 6.28361e-19)
(29.0964 -1.18033 0)
(29.2344 -0.935982 -8.39953e-21)
(29.3565 -0.692299 6.89141e-19)
(29.4616 -0.444241 -9.85127e-21)
(29.5497 -0.187809 0)
(29.6222 0.0820036 0)
(29.6813 0.370708 0)
(29.7307 0.684848 -1.86986e-20)
(29.774 1.0333 -9.07501e-19)
(29.8206 1.42145 -9.34367e-19)
(29.8794 1.85324 0)
(29.9607 2.32768 0)
(30.0741 2.83731 0)
(30.2247 3.371 1.09758e-18)
(30.4017 3.91912 -1.15511e-18)
(30.6157 4.46241 1.21745e-18)
(31.0008 5.04453 -1.27739e-18)
(31.7389 5.82632 1.32128e-18)
(32.8442 6.89468 0)
(34.1143 8.07338 0)
(35.3123 9.09515 0)
(36.2873 9.79745 0)
(36.9992 10.1682 1.36019e-18)
(37.4876 10.291 0)
(37.8287 10.2746 -1.44215e-18)
(38.0982 10.2066 6.47354e-23)
(38.3549 10.1395 0)
(38.6329 10.0915 0)
(38.9493 10.0614 0)
(39.3067 10.0367 -1.70675e-18)
(39.7027 10.0057 0)
(40.1273 9.95423 1.81121e-18)
(40.5782 9.8765 0)
(41.0502 9.76731 1.91429e-18)
(41.5548 9.63412 -1.96494e-18)
(42.0835 9.47402 2.0151e-18)
(42.6455 9.2935 0)
(43.2164 9.07887 0)
(43.8127 8.82844 2.12331e-18)
(44.4284 8.53397 0)
(19.721 2.75445 1.06699e-18)
(19.7366 3.68335 0)
(20.0358 4.94132 1.08354e-18)
(20.8626 6.35651 0)
(22.2646 7.74294 -1.42764e-18)
(24.2197 8.8283 1.53953e-18)
(26.4196 9.22623 0)
(28.4722 9.0648 1.94463e-18)
(30.2549 8.45813 2.11415e-18)
(31.702 7.53723 0)
(32.8183 6.42087 2.46048e-18)
(33.6356 5.2071 2.54269e-18)
(34.1962 3.96736 -2.47938e-18)
(34.5461 2.75761 2.567e-18)
(34.7257 1.61914 0)
(34.7735 0.578536 8.53664e-20)
(34.7241 -0.350938 2.40659e-18)
(34.6078 -1.16585 0)
(34.4496 -1.87048 2.2515e-18)
(34.2697 -2.47403 0)
(34.0827 -2.98759 0)
(33.8985 -3.42295 2.01166e-18)
(33.7228 -3.79243 1.93612e-18)
(33.558 -4.10758 3.19285e-20)
(33.4036 -4.37806 0)
(33.2582 -4.61173 0)
(33.1191 -4.81475 0)
(32.9833 -4.99178 -1.57681e-18)
(32.8477 -5.14708 0)
(32.709 -5.28374 1.47392e-18)
(32.564 -5.40244 1.41502e-18)
(32.4093 -5.50435 1.32531e-18)
(32.2435 -5.59182 0)
(32.0645 -5.66662 1.17444e-18)
(31.8712 -5.72751 0)
(31.6648 -5.77277 1.01791e-18)
(31.4488 -5.79977 -9.36569e-19)
(31.2283 -5.80425 0)
(31.0086 -5.78185 8.13647e-19)
(30.7955 -5.72861 0)
(30.5947 -5.64149 7.10959e-19)
(30.4117 -5.51832 0)
(30.2513 -5.35828 0)
(30.1177 -5.1622 6.07578e-19)
(30.0147 -4.93235 0)
(29.9447 -4.6727 0)
(29.9093 -4.38833 5.51087e-19)
(29.9089 -4.0851 0)
(29.9423 -3.76893 5.32855e-19)
(30.0071 -3.44562 5.35753e-19)
(30.0996 -3.1214 0)
(30.2146 -2.80389 0)
(30.3464 -2.49869 0)
(30.4888 -2.20535 0)
(30.6363 -1.9206 5.46935e-19)
(30.7842 -1.64297 0)
(30.9291 -1.37363 0)
(31.0683 -1.11223 0)
(31.2001 -0.85484 6.00413e-19)
(31.3231 -0.596028 0)
(31.4367 -0.331612 6.44176e-19)
(31.5413 -0.0588114 0)
(31.6387 0.225798 0)
(31.7315 0.527081 -7.50911e-19)
(31.8235 0.849341 7.74535e-19)
(31.9204 1.19583 0)
(32.0275 1.5735 0)
(32.1534 1.98467 -8.81898e-19)
(32.3044 2.42826 0)
(32.4868 2.89951 -9.41882e-19)
(32.7046 3.39083 0)
(32.9604 3.89301 -1.01954e-18)
(33.2531 4.39999 1.06354e-18)
(33.5788 4.90662 -1.11028e-18)
(33.9616 5.40837 0)
(34.484 5.93516 -1.20122e-18)
(35.2278 6.55211 1.23491e-18)
(36.1933 7.30124 0)
(37.2876 8.12931 0)
(38.3853 8.91825 -2.49896e-18)
(39.3841 9.56124 0)
(40.2248 10.0003 -1.28607e-18)
(40.8941 10.2312 1.31711e-18)
(41.4136 10.2882 -1.3506e-18)
(41.8222 10.2215 -1.39108e-18)
(42.1636 10.082 -1.43486e-18)
(42.4764 9.90868 0)
(42.7919 9.72998 0)
(43.1309 9.55725 -1.57264e-18)
(43.5066 9.397 -1.61764e-18)
(43.9235 9.24079 0)
(44.384 9.08574 0)
(44.8872 8.91639 0)
(45.4311 8.72992 -1.78278e-18)
(46.0141 8.51177 0)
(46.6278 8.26013 -1.89759e-18)
(47.2716 7.967 1.82406e-18)
(22.3775 3.06528 -1.03931e-18)
(22.6225 3.85067 1.05179e-18)
(23.0534 4.81021 -1.08724e-18)
(23.8421 5.82132 0)
(25.0156 6.75026 2.53587e-18)
(26.5419 7.45759 -1.43883e-18)
(28.2569 7.73764 0)
(29.9254 7.61861 -1.6913e-18)
(31.4528 7.1725 -4.55861e-20)
(32.7706 6.47486 0)
(33.8534 5.60339 0)
(34.7032 4.62926 2.00411e-18)
(35.3373 3.6111 4.14147e-18)
(35.7803 2.59653 2.02942e-18)
(36.0612 1.62246 -2.01757e-18)
(36.2113 0.714188 4.06638e-18)
(36.2604 -0.113337 1.96133e-18)
(36.2354 -0.853349 -1.92271e-18)
(36.1594 -1.5062 0)
(36.0506 -2.07717 -1.83185e-18)
(35.9229 -2.57288 0)
(35.787 -3.00088 -1.73165e-18)
(35.6501 -3.3699 0)
(35.5164 -3.68817 3.29303e-18)
(35.3879 -3.96288 0)
(35.2649 -4.20019 1.52933e-18)
(35.1466 -4.40516 0)
(35.0318 -4.58186 1.45432e-18)
(34.9185 -4.73383 0)
(34.8049 -4.86348 -1.33883e-18)
(34.6888 -4.97161 0)
(34.5685 -5.05937 -1.26309e-18)
(34.4424 -5.12924 0)
(34.3089 -5.18218 0)
(34.1648 -5.21866 1.10971e-18)
(34.0084 -5.23975 0)
(33.84 -5.24521 9.86954e-19)
(33.6615 -5.23426 0)
(33.4764 -5.20471 0)
(33.2891 -5.15295 0)
(33.1054 -5.07602 0)
(32.9314 -4.97153 0)
(32.7728 -4.83795 6.60356e-19)
(32.6349 -4.67493 0)
(32.5218 -4.48327 0)
(32.4364 -4.26534 0)
(32.3806 -4.02474 0)
(32.3548 -3.76571 0)
(32.3585 -3.49284 0)
(32.3898 -3.21086 -5.15551e-19)
(32.4466 -2.9246 0)
(32.525 -2.6391 0)
(32.6208 -2.35798 0)
(32.7291 -2.08152 0)
(32.8461 -1.80806 0)
(32.9687 -1.53659 0)
(33.0948 -1.269 0)
(33.2223 -1.00678 0)
(33.3494 -0.746528 0)
(33.4749 -0.481998 5.78354e-19)
(33.598 -0.209751 -5.97807e-19)
(33.7194 0.0704777 0)
(33.8403 0.360334 0)
(33.9632 0.662959 6.56164e-19)
(34.0908 0.981404 0)
(34.2274 1.31803 0)
(34.3784 1.67711 0)
(34.5491 2.0611 7.6901e-19)
(34.7447 2.46732 0)
(34.9692 2.89272 8.06293e-19)
(35.2256 3.33334 0)
(35.5163 3.7843 8.55942e-19)
(35.8422 4.23981 -8.85867e-19)
(36.2036 4.69406 9.17949e-19)
(36.5996 5.14179 0)
(37.0312 5.57946 9.90057e-19)
(37.5098 6.00592 -1.03025e-18)
(38.0672 6.43146 0)
(38.7432 6.87527 0)
(39.5521 7.35331 1.14357e-18)
(40.4723 7.86826 0)
(41.4551 8.39655 1.1842e-18)
(42.4408 8.89101 0)
(43.3796 9.30805 2.43237e-18)
(44.2377 9.6169 8.12522e-21)
(44.9979 9.80468 1.26854e-18)
(45.6598 9.87092 0)
(46.2324 9.82857 0)
(46.7363 9.6933 2.71975e-18)
(47.1895 9.48773 1.40867e-18)
(47.6185 9.22698 1.42116e-18)
(48.0351 8.93126 0)
(48.4647 8.60603 1.49405e-18)
(48.9055 8.2659 1.56762e-18)
(49.3844 7.9053 1.56374e-18)
(49.8813 7.53425 1.59664e-18)
(50.4335 7.13935 -1.61383e-18)
(25.3821 3.25425 9.43841e-19)
(25.7751 3.88465 4.2838e-20)
(26.2882 4.58861 9.7927e-19)
(27.0353 5.28177 -1.08015e-18)
(28.023 5.87644 -1.12264e-18)
(29.2198 6.28902 1.24492e-18)
(30.5353 6.43692 0)
(31.846 6.31428 0)
(33.0771 5.95756 -1.54241e-18)
(34.1819 5.41491 0)
(35.1298 4.73315 0)
(35.911 3.96073 -1.71357e-18)
(36.5292 3.14109 -1.73365e-18)
(36.9963 2.31102 -1.74074e-18)
(37.3298 1.5 1.73649e-18)
(37.5504 0.729626 -3.37432e-18)
(37.6796 0.0140964 -1.70123e-18)
(37.7377 -0.638689 1.67371e-18)
(37.7429 -1.22614 0)
(37.7103 -1.7494 1.60572e-18)
(37.6518 -2.21195 0)
(37.5769 -2.61871 1.5273e-18)
(37.4926 -2.97507 0)
(37.4035 -3.28639 -1.44518e-18)
(37.3126 -3.5576 0)
(37.2218 -3.7931 -1.36359e-18)
(37.1317 -3.99666 0)
(37.0425 -4.17139 0)
(36.9538 -4.32 0)
(36.8649 -4.44451 1.2072e-18)
(36.7751 -4.54602 0)
(36.6838 -4.62578 0)
(36.5902 -4.68526 0)
(36.4935 -4.72452 0)
(36.3926 -4.74326 -1.02733e-18)
(36.2869 -4.74357 0)
(36.1757 -4.72753 -9.53822e-19)
(36.0579 -4.69448 0)
(35.9328 -4.64311 0)
(35.8012 -4.57481 0)
(35.6667 -4.49049 0)
(35.5329 -4.38844 0)
(35.404 -4.26715 -7.00625e-19)
(35.2851 -4.12546 0)
(35.1806 -3.96268 6.32159e-19)
(35.0942 -3.77951 0)
(35.0289 -3.57793 0)
(34.9864 -3.36023 0)
(34.9675 -3.12912 0)
(34.9717 -2.88761 0)
(34.9981 -2.63906 0)
(35.0446 -2.38703 0)
(35.1083 -2.13411 0)
(35.1859 -1.88076 5.11109e-19)
(35.275 -1.62647 0)
(35.374 -1.37138 0)
(35.4813 -1.11656 0)
(35.595 -0.862057 0)
(35.7134 -0.605647 0)
(35.8357 -0.343766 -5.39409e-19)
(35.962 -0.0738682 5.51378e-19)
(36.0931 0.203506 0)
(36.2301 0.487972 0)
(36.3743 0.781872 0)
(36.5275 1.0883 0)
(36.692 1.40783 6.66729e-19)
(36.872 1.73949 0)
(37.0702 2.08978 7.17292e-19)
(37.2911 2.45916 0)
(37.5376 2.84266 7.50002e-19)
(37.812 3.23446 0)
(38.1165 3.63029 7.87562e-19)
(38.4521 4.02736 0)
(38.8194 4.42329 8.32143e-19)
(39.2186 4.81427 0)
(39.6494 5.19609 0)
(40.1112 5.56472 0)
(40.604 5.9169 9.396e-19)
(41.131 6.25026 -9.68846e-19)
(41.6993 6.56485 -9.98746e-19)
(42.3218 6.86469 -1.02783e-18)
(43.0115 7.1556 1.05521e-18)
(43.7742 7.43986 0)
(44.6021 7.7158 -1.10291e-18)
(45.48 7.97797 1.12728e-18)
(46.3848 8.21849 1.14e-18)
(47.2966 8.42518 0)
(48.1921 8.58512 -1.17257e-18)
(49.0603 8.68538 -2.40093e-18)
(49.8849 8.71879 1.20795e-18)
(50.6701 8.68012 -1.2576e-18)
(51.4035 8.56973 1.2489e-18)
(52.1058 8.38731 -1.30531e-18)
(52.7593 8.13729 1.28671e-18)
(53.4035 7.82068 -1.35004e-18)
(54.004 7.44402 -4.91887e-20)
(54.6261 7.0084 -1.2881e-18)
(28.7056 3.32034 0)
(29.1728 3.79374 -8.92291e-19)
(29.7142 4.28153 0)
(30.4007 4.72917 9.58899e-19)
(31.2331 5.08402 0)
(32.1802 5.29881 0)
(33.192 5.33929 0)
(34.2062 5.20142 -1.22296e-18)
(35.1724 4.89772 0)
(36.0583 4.45999 0)
(36.8421 3.91989 0)
(37.5119 3.3081 0)
(38.0656 2.65407 0)
(38.5077 1.98416 0)
(38.8476 1.32041 0)
(39.0979 0.679827 1.41931e-18)
(39.2722 0.0744418 0)
(39.3844 -0.488092 0)
(39.4472 -1.00383 0)
(39.4721 -1.47172 0)
(39.4685 -1.89262 1.27068e-18)
(39.4441 -2.26869 0)
(39.4049 -2.60282 1.22075e-18)
(39.3555 -2.89823 0)
(39.299 -3.15814 1.16735e-18)
(39.2379 -3.38553 0)
(39.1736 -3.58304 1.11253e-18)
(39.1073 -3.75294 0)
(39.0395 -3.89716 1.05768e-18)
(38.9705 -4.01717 0)
(38.9004 -4.11399 1.00368e-18)
(38.8296 -4.18853 9.77164e-19)
(38.7578 -4.2418 9.5108e-19)
(38.6851 -4.2743 9.25494e-19)
(38.6117 -4.28658 9.00317e-19)
(38.5376 -4.27952 8.75478e-19)
(38.4629 -4.25292 8.54943e-19)
(38.3871 -4.20603 8.28896e-19)
(38.3108 -4.1408 8.06111e-19)
(38.2347 -4.06046 7.82946e-19)
(38.1586 -3.96413 7.61504e-19)
(38.0827 -3.85088 7.41786e-19)
(38.0081 -3.72312 7.2291e-19)
(37.9377 -3.58246 7.046e-19)
(37.8721 -3.42885 7.58605e-21)
(37.8147 -3.26243 6.44664e-19)
(37.7679 -3.08399 6.18712e-19)
(37.7341 -2.89441 -5.96207e-19)
(37.7151 -2.69483 5.77166e-19)
(37.7119 -2.48667 5.61427e-19)
(37.725 -2.27164 5.48754e-19)
(37.7541 -2.0515 5.38909e-19)
(37.7979 -1.82748 5.31671e-19)
(37.855 -1.59992 1.0098e-20)
(37.9241 -1.36885 5.24247e-19)
(38.0042 -1.13463 5.23776e-19)
(38.0942 -0.898039 5.25349e-19)
(38.1931 -0.65927 5.28897e-19)
(38.2996 -0.41701 5.34269e-19)
(38.4138 -0.169181 5.41251e-19)
(38.5362 0.0854652 5.4969e-19)
(38.6677 0.347077 0)
(38.8094 0.616239 5.71721e-19)
(38.9616 0.894366 0)
(39.1257 1.18185 0)
(39.3034 1.47761 -1.22281e-18)
(39.496 1.78123 0)
(39.7051 2.09679 -6.33491e-19)
(39.9344 2.42317 0)
(40.1863 2.75786 -1.33144e-18)
(40.4633 3.09923 0)
(40.7669 3.44386 -6.83716e-19)
(41.098 3.78773 -7.22061e-19)
(41.4569 4.12746 -7.1777e-19)
(41.844 4.45886 0)
(42.2596 4.77952 -7.76266e-19)
(42.7033 5.08828 0)
(43.1742 5.38295 -7.98975e-19)
(43.6714 5.66002 -1.70756e-20)
(44.194 5.91593 8.46241e-19)
(44.7419 6.14821 8.70666e-19)
(45.3155 6.35542 -1.8021e-18)
(45.9168 6.53697 0)
(46.548 6.69234 0)
(47.2128 6.82085 -9.73838e-19)
(47.9127 6.92168 -1.00022e-18)
(48.6505 6.99464 0)
(49.4227 7.03858 1.4184e-20)
(50.2285 7.05215 1.06741e-18)
(51.0578 7.03334 -1.08641e-18)
(51.9096 6.97969 0)
(52.7692 6.88905 -2.20879e-18)
(53.6402 6.75719 0)
(54.5045 6.58465 -1.14401e-18)
(55.374 6.36155 -1.10899e-18)
(56.224 6.09549 -1.16103e-18)
(57.0761 5.76161 5.05961e-20)
(32.2908 3.27442 0)
(32.7721 3.60155 0)
(33.2955 3.91295 0)
(33.9027 4.17693 0)
(34.5952 4.36317 0)
(35.3476 4.44719 0)
(36.1308 4.41391 0)
(36.9118 4.263 2.05619e-18)
(37.6615 4.00075 0)
(38.3579 3.64384 0)
(38.9857 3.21271 0)
(39.5364 2.72748 0)
(40.0064 2.20785 0)
(40.3968 1.67182 0)
(40.7122 1.13493 0)
(40.9595 0.609769 0)
(41.1469 0.105934 0)
(41.2832 -0.369811 0)
(41.3768 -0.813196 0)
(41.4356 -1.22198 0)
(41.4666 -1.5955 -1.08887e-18)
(41.4755 -1.93419 0)
(41.4674 -2.23925 -2.06138e-18)
(41.446 -2.51225 0)
(41.4146 -2.75493 -1.98092e-18)
(41.3755 -2.96906 0)
(41.3306 -3.15628 -9.6105e-19)
(41.2813 -3.31807 0)
(41.2286 -3.45575 -1.81204e-18)
(41.1734 -3.57039 0)
(41.1164 -3.66285 -1.72747e-18)
(41.0582 -3.73387 -8.49452e-19)
(40.9995 -3.7841 -1.64455e-18)
(40.9407 -3.81397 -1.60404e-18)
(40.8824 -3.82385 -1.5643e-18)
(40.8251 -3.81438 -1.52552e-18)
(40.7691 -3.78612 0)
(40.7154 -3.73967 -1.4512e-18)
(40.6646 -3.67567 -1.41553e-18)
(40.6173 -3.59428 -1.38175e-18)
(40.5736 -3.49508 -1.35086e-18)
(40.5343 -3.38132 -1.31987e-18)
(40.5003 -3.25554 -6.4102e-19)
(40.4713 -3.11645 -1.26106e-18)
(40.4479 -2.96376 -1.23686e-18)
(40.4309 -2.80028 -1.21456e-18)
(40.4214 -2.62929 -1.19349e-18)
(40.4203 -2.45158 5.81396e-19)
(40.4279 -2.26794 -1.15743e-18)
(40.4449 -2.07904 -1.14246e-18)
(40.4716 -1.88553 -1.12954e-18)
(40.5079 -1.68805 -1.11865e-18)
(40.5538 -1.48671 -5.485e-19)
(40.6088 -1.28118 -5.43138e-19)
(40.6729 -1.07156 -5.37274e-19)
(40.7461 -0.858316 -5.3343e-19)
(40.8284 -0.64173 -5.31507e-19)
(40.9194 -0.421685 -5.31386e-19)
(41.019 -0.197523 -5.32924e-19)
(41.1275 0.0316127 -5.35997e-19)
(41.2455 0.266209 -1.09532e-18)
(41.3738 0.50607 0)
(41.5127 0.751812 1.50639e-20)
(41.6632 1.00418 -5.70777e-19)
(41.8264 1.26373 5.76186e-19)
(42.0037 1.53054 5.66094e-19)
(42.1958 1.80453 5.89283e-19)
(42.4046 2.08577 0)
(42.6322 2.37325 0)
(42.8805 2.66414 5.97929e-19)
(43.1511 2.95446 0)
(43.445 3.24182 0)
(43.7628 3.5265 1.27729e-18)
(44.1052 3.80794 0)
(44.4723 4.08194 0)
(44.8644 4.34519 6.73915e-19)
(45.2814 4.59675 7.04038e-19)
(45.7227 4.83425 0)
(46.1876 5.05395 1.46096e-18)
(46.6756 5.25345 -7.52092e-19)
(47.1859 5.43154 0)
(47.7173 5.58656 7.80137e-19)
(48.2685 5.7161 8.02644e-19)
(48.8387 5.81762 0)
(49.4273 5.88925 8.38266e-19)
(50.0334 5.92971 0)
(50.6568 5.93821 0)
(51.2965 5.91432 8.96723e-19)
(51.9527 5.85629 0)
(52.624 5.76398 0)
(53.312 5.63484 0)
(54.0132 5.46985 9.60853e-19)
(54.73 5.26192 9.42614e-19)
(55.456 5.01682 0)
(56.197 4.72014 1.94853e-18)
(56.94 4.38972 0)
(57.6952 3.99404 1.90201e-18)
(36.0331 3.13183 0)
(36.4862 3.33405 0)
(36.9581 3.50897 0)
(37.4742 3.64046 0)
(38.0379 3.71278 0)
(38.631 3.71372 0)
(39.2358 3.63649 -8.1262e-19)
(39.8344 3.48174 -8.4751e-19)
(40.4105 3.25376 0)
(40.9502 2.96158 -8.55884e-19)
(41.4435 2.61743 0)
(41.8841 2.23399 0)
(42.2691 1.82384 -8.8007e-19)
(42.5982 1.39888 0)
(42.8731 0.969705 0)
(43.0976 0.545307 0)
(43.2763 0.132914 0)
(43.4144 -0.261964 0)
(43.5172 -0.63539 0)
(43.5899 -0.984779 0)
(43.6373 -1.30865 -8.48971e-19)
(43.6637 -1.60636 0)
(43.6728 -1.87791 8.60402e-19)
(43.6679 -2.1237 0)
(43.6515 -2.34442 8.30327e-19)
(43.6259 -2.54087 0)
(43.593 -2.71393 0)
(43.5542 -2.86444 0)
(43.5109 -2.99321 7.65939e-19)
(43.4642 -3.10094 0)
(43.4149 -3.18826 7.33222e-19)
(43.3641 -3.25575 0)
(43.3125 -3.3039 7.00939e-19)
(43.2609 -3.33316 8.55042e-21)
(43.2101 -3.34396 6.69586e-19)
(43.161 -3.33676 6.54409e-19)
(43.1142 -3.31196 0)
(43.0706 -3.26992 6.25315e-19)
(43.0308 -3.21132 1.22407e-18)
(42.9955 -3.1372 5.98405e-19)
(42.9657 -3.04838 -4.18917e-21)
(42.942 -2.94554 5.73942e-19)
(42.9252 -2.82829 5.70225e-19)
(42.9148 -2.69749 5.53438e-19)
(42.9122 -2.5568 5.43599e-19)
(42.9172 -2.40852 5.34142e-19)
(42.9306 -2.2512 5.2649e-19)
(42.9511 -2.08566 0)
(42.98 -1.91355 5.14226e-19)
(43.0161 -1.73586 1.03134e-18)
(43.0601 -1.55386 5.05099e-19)
(43.1112 -1.36804 5.01505e-19)
(43.1696 -1.17878 0)
(43.2351 -0.986498 0)
(43.3081 -0.791528 0)
(43.3886 -0.594049 0)
(43.4769 -0.394038 5.06478e-19)
(43.5731 -0.191292 0)
(43.6773 0.0146512 0)
(43.7899 0.224338 0)
(43.9116 0.438137 -1.34897e-20)
(44.0429 0.656218 0)
(44.1844 0.878702 -5.03774e-19)
(44.337 1.10562 5.07577e-19)
(44.5017 1.33673 1.40538e-20)
(44.6797 1.57152 0)
(44.872 1.80941 -5.22816e-19)
(45.0801 2.05 5.43275e-19)
(45.3055 2.29245 0)
(45.5495 2.53547 0)
(45.813 2.7776 0)
(46.0963 3.0172 0)
(46.3999 3.25311 -5.71966e-19)
(46.7243 3.48182 5.9464e-19)
(47.0697 3.69784 6.03824e-19)
(47.4364 3.90053 0)
(47.8244 4.09217 -6.16198e-19)
(48.2333 4.27151 0)
(48.6625 4.43448 5.65035e-21)
(49.1117 4.57855 6.57508e-19)
(49.5805 4.70274 0)
(50.0682 4.80565 0)
(50.5741 4.88526 -1.84656e-21)
(51.0971 4.93926 0)
(51.636 4.96548 0)
(52.1894 4.9625 0)
(52.7564 4.92915 7.49867e-19)
(53.3355 4.86453 7.61821e-19)
(53.9263 4.76713 7.73371e-19)
(54.5264 4.63608 0)
(55.1364 4.46993 0)
(55.7521 4.27055 0)
(56.377 4.03401 -8.35194e-19)
(57.0012 3.76495 8.11846e-19)
(57.6358 3.45254 -8.50746e-19)
(58.2581 3.11119 8.1994e-19)
(58.8952 2.71357 -3.92522e-20)
(39.7607 2.90149 0)
(40.1596 3.00612 5.95057e-19)
(40.5623 3.08294 0)
(40.9856 3.12515 0)
(41.4331 3.12425 6.28317e-19)
(41.8932 3.0752 0)
(42.3551 2.97599 1.31369e-18)
(42.8092 2.82668 -6.61085e-19)
(43.2461 2.63008 6.70239e-19)
(43.6577 2.39166 1.38464e-18)
(44.0378 2.11828 6.85338e-19)
(44.3821 1.81745 0)
(44.6881 1.49693 7.31864e-19)
(44.9552 1.16421 6.97305e-19)
(45.1839 0.826228 0)
(45.3758 0.489091 0)
(45.5334 0.157996 0)
(45.6597 -0.162824 0)
(45.7578 -0.470053 0)
(45.8309 -0.761217 0)
(45.8823 -1.03457 3.37336e-20)
(45.915 -1.28897 0)
(45.9315 -1.52375 0)
(45.9344 -1.73862 6.58017e-19)
(45.9259 -1.93354 0)
(45.9078 -2.10867 6.41254e-19)
(45.8819 -2.26428 0)
(45.8497 -2.40071 6.23216e-19)
(45.8123 -2.51833 0)
(45.7711 -2.61753 6.04466e-19)
(45.727 -2.6987 0)
(45.6811 -2.76221 0)
(45.6342 -2.80845 0)
(45.5874 -2.83778 5.74892e-19)
(45.5413 -2.8506 0)
(45.4969 -2.84731 0)
(45.4549 -2.82835 0)
(45.4162 -2.79418 5.31358e-19)
(45.3815 -2.74539 -5.22793e-19)
(45.3517 -2.68249 0)
(45.3273 -2.60595 5.04644e-19)
(45.309 -2.51676 0)
(45.2973 -2.41617 -4.88517e-19)
(45.293 -2.30392 0)
(45.2967 -2.18137 0)
(45.3082 -2.0483 0)
(45.3276 -1.90737 0)
(45.3551 -1.75988 0)
(45.3909 -1.60624 0)
(45.4348 -1.4474 -4.51306e-19)
(45.4866 -1.28252 0)
(45.5462 -1.1136 0)
(45.6136 -0.940625 0)
(45.6884 -0.764339 0)
(45.771 -0.585174 0)
(45.8612 -0.403568 0)
(45.959 -0.21967 -9.00965e-19)
(46.0644 -0.0334402 0)
(46.1776 0.15535 0)
(46.2991 0.346666 0)
(46.4291 0.540326 9.14023e-19)
(46.5685 0.736235 -4.65591e-19)
(46.7176 0.934316 4.68637e-19)
(46.8773 1.13443 -4.72136e-19)
(47.0482 1.33631 -9.40552e-19)
(47.2313 1.53955 -4.80527e-19)
(47.4274 1.74361 -4.8542e-19)
(47.6372 1.94774 1.1031e-20)
(47.8616 2.15096 -4.96589e-19)
(48.1016 2.35193 -5.02872e-19)
(48.3579 2.54899 -5.09561e-19)
(48.6311 2.74062 -5.16635e-19)
(48.9219 2.92561 5.24025e-19)
(49.2308 3.10284 -1.05608e-18)
(49.5579 3.27007 -1.07281e-18)
(49.9026 3.42567 -5.48141e-19)
(50.2648 3.56959 -5.57608e-19)
(50.6448 3.69976 0)
(51.0423 3.81171 -1.15078e-18)
(51.4564 3.90324 -5.84063e-19)
(51.8865 3.97471 -5.92934e-19)
(52.3323 4.02593 -6.0261e-19)
(52.7932 4.0555 -6.05595e-21)
(53.269 4.06139 -6.22063e-19)
(53.7589 4.04253 6.31446e-19)
(54.2621 3.9976 -6.40836e-19)
(54.7776 3.92502 -1.31472e-18)
(55.3037 3.82361 -1.69932e-20)
(55.8396 3.69253 -1.35467e-18)
(56.3831 3.53111 -6.76033e-19)
(56.9342 3.33778 -6.84065e-19)
(57.4892 3.11245 -6.89954e-19)
(58.0521 2.85191 6.93846e-19)
(58.6132 2.55909 -1.42596e-18)
(59.1852 2.22643 -6.99674e-19)
(59.7454 1.86585 -7.38206e-19)
(60.3255 1.45421 -3.76237e-20)
(43.2707 2.59123 0)
(43.6033 2.62682 -9.48245e-19)
(43.9319 2.63897 0)
(44.2675 2.62593 -4.91713e-19)
(44.6141 2.58419 -5.03674e-19)
(44.9639 2.51084 0)
(45.3108 2.40503 -5.25634e-19)
(45.6497 2.26793 1.05593e-18)
(45.9755 2.10144 -5.45608e-19)
(46.2834 1.90854 -5.54181e-19)
(46.5699 1.69308 -5.61535e-19)
(46.8321 1.45937 0)
(47.0684 1.21195 5.42748e-19)
(47.278 0.955334 -5.75548e-19)
(47.4607 0.693843 0)
(47.6173 0.431446 0)
(47.7489 0.171675 -5.46181e-19)
(47.857 -0.0824241 0)
(47.9435 -0.328296 0)
(48.0101 -0.563864 0)
(48.059 -0.787492 2.83278e-20)
(48.0921 -0.997929 0)
(48.1112 -1.19425 0)
(48.1182 -1.37581 -5.50015e-19)
(48.1147 -1.54218 -5.21173e-19)
(48.1022 -1.6931 -5.36978e-19)
(48.0822 -1.82846 0)
(48.056 -1.94823 -5.2281e-19)
(48.0247 -2.05249 -4.99586e-19)
(47.9895 -2.14134 -5.07983e-19)
(47.9514 -2.21498 0)
(47.9114 -2.27359 0)
(47.8703 -2.31742 -4.7547e-19)
(47.8291 -2.34674 0)
(47.7886 -2.36183 0)
(47.7497 -2.36305 0)
(47.713 -2.35074 0)
(47.6793 -2.32533 -8.95319e-19)
(47.6494 -2.28728 0)
(47.6238 -2.23707 0)
(47.6033 -2.1752 0)
(47.5885 -2.10243 -4.28089e-19)
(47.5798 -2.01924 0)
(47.5778 -1.9261 0)
(47.5826 -1.8237 0)
(47.5952 -1.71288 -4.14859e-19)
(47.6153 -1.5947 0)
(47.6439 -1.46952 0)
(47.6797 -1.33761 0)
(47.7239 -1.19955 -4.06835e-19)
(47.776 -1.05652 0)
(47.8363 -0.908469 0)
(47.9048 -0.756819 0)
(47.981 -0.602217 -4.04041e-19)
(48.0655 -0.444436 0)
(48.1577 -0.283895 0)
(48.2582 -0.120413 3.95345e-19)
(48.3667 0.0453528 -4.07556e-19)
(48.4837 0.212977 0)
(48.6095 0.382111 0)
(48.7443 0.552755 -4.03604e-19)
(48.8886 0.724852 -1.00922e-20)
(49.0425 0.898044 -4.10057e-19)
(49.2066 1.07173 4.13848e-19)
(49.3814 1.24524 4.18008e-19)
(49.5675 1.418 4.22546e-19)
(49.7656 1.58935 -8.42116e-21)
(49.9762 1.75835 -4.3268e-19)
(50.2 1.92376 4.3819e-19)
(50.4375 2.08452 4.44006e-19)
(50.6893 2.23965 -5.92413e-21)
(50.9554 2.38815 4.56756e-19)
(51.2364 2.52869 -4.63661e-19)
(51.5324 2.6597 4.70909e-19)
(51.8437 2.77956 -2.00817e-21)
(52.1702 2.88674 4.86415e-19)
(52.5116 2.9802 4.94304e-19)
(52.8686 3.05949 0)
(53.2409 3.12509 3.2839e-21)
(53.6283 3.17562 5.20624e-19)
(54.0294 3.20873 5.30608e-19)
(54.4434 3.22071 5.39541e-19)
(54.8699 3.20972 -1.0857e-18)
(55.3084 3.17462 5.56158e-19)
(55.7578 3.1146 -5.64284e-19)
(56.2179 3.03003 5.72914e-19)
(56.6883 2.9212 1.73711e-20)
(57.1676 2.78753 -5.91081e-19)
(57.6555 2.62765 5.99578e-19)
(58.1497 2.44029 6.0757e-19)
(58.6515 2.22393 2.54245e-20)
(59.1571 1.97864 6.19128e-19)
(59.6706 1.7024 -6.24177e-19)
(60.1831 1.39703 6.28343e-19)
(60.7073 1.05539 6.31728e-19)
(61.2211 0.686728 5.99772e-19)
(61.7561 0.269679 -6.17615e-19)
(46.4263 2.20778 0)
(46.6893 2.20107 3.78144e-19)
(46.9453 2.17702 0)
(47.2017 2.13526 3.92157e-19)
(47.4618 2.07455 -3.92617e-19)
(47.721 1.99419 0)
(47.9757 1.89413 -4.01804e-19)
(48.2232 1.77496 -8.2628e-19)
(48.4608 1.63787 0)
(48.6859 1.4846 0)
(48.8965 1.31732 0)
(49.091 1.13845 -4.19443e-19)
(49.2682 0.950591 -4.44654e-19)
(49.4274 0.756357 -4.23491e-19)
(49.5684 0.558331 4.24804e-19)
(49.6914 0.358963 0)
(49.7969 0.160527 2.47827e-20)
(49.8855 -0.0349226 0)
(49.9582 -0.225573 -4.25494e-19)
(50.0161 -0.409846 4.24614e-19)
(50.0604 -0.586437 2.28287e-20)
(50.0921 -0.754229 4.20896e-19)
(50.1126 -0.9123 4.18593e-19)
(50.1231 -1.05992 -4.16045e-19)
(50.1247 -1.19651 8.4521e-19)
(50.1186 -1.32163 0)
(50.1059 -1.43497 4.07245e-19)
(50.0876 -1.53631 -4.04028e-19)
(50.0648 -1.62551 8.14982e-19)
(50.0384 -1.7025 3.97341e-19)
(50.0092 -1.76728 -3.93927e-19)
(49.9782 -1.81991 3.90503e-19)
(49.9462 -1.86049 8.2808e-21)
(49.914 -1.88916 3.83719e-19)
(49.8823 -1.90613 -3.80407e-19)
(49.8518 -1.91161 3.77182e-19)
(49.8232 -1.90587 0)
(49.7972 -1.88923 2.14996e-21)
(49.7745 -1.86201 3.68221e-19)
(49.7555 -1.82459 -3.65541e-19)
(49.7408 -1.7774 3.63036e-19)
(49.731 -1.72081 7.1951e-19)
(49.7265 -1.65533 -3.58655e-19)
(49.7276 -1.58127 3.56815e-19)
(49.735 -1.49942 -3.55158e-19)
(49.7488 -1.4107 7.02278e-19)
(49.7694 -1.31469 -3.52735e-19)
(49.797 -1.21159 3.52063e-19)
(49.8317 -1.10265 3.51562e-19)
(49.8738 -0.98943 -7.12439e-21)
(49.9237 -0.872334 3.50747e-19)
(49.9815 -0.749032 -3.51522e-19)
(50.0469 -0.621678 3.5204e-19)
(50.1204 -0.491208 -8.15373e-21)
(50.2017 -0.357645 3.53738e-19)
(50.2913 -0.22174 3.55001e-19)
(50.3893 -0.0834349 -3.56785e-19)
(50.4962 0.0551114 7.07736e-19)
(50.6117 0.195323 -3.60173e-19)
(50.7366 0.336457 3.62514e-19)
(50.8707 0.478294 -3.65115e-19)
(51.0146 0.621209 7.28614e-19)
(51.1681 0.764145 0)
(51.3318 0.906333 3.74952e-19)
(51.5059 1.04682 0)
(51.6912 1.18523 0)
(51.8882 1.32107 3.8114e-19)
(52.0972 1.45351 0)
(52.3184 1.58144 0)
(52.5524 1.70406 0)
(52.7993 1.82043 -2.35754e-21)
(53.0593 1.92943 4.09519e-19)
(53.3324 2.02952 -4.14488e-19)
(53.6189 2.1192 4.1951e-19)
(53.9189 2.19828 1.75605e-21)
(54.2322 2.26584 0)
(54.5585 2.32004 0)
(54.8971 2.35784 0)
(55.2484 2.37941 4.53261e-19)
(55.6126 2.3856 0)
(55.989 2.37484 0)
(56.3777 2.3467 4.64394e-19)
(56.7777 2.30011 1.30261e-20)
(57.188 2.23368 4.75228e-19)
(57.6077 2.14511 -4.80373e-19)
(58.0359 2.03227 0)
(58.4721 1.89453 5.06922e-19)
(58.9159 1.73286 0)
(59.3678 1.54741 0)
(59.8261 1.33661 0)
(60.2917 1.09819 5.27277e-19)
(60.7614 0.831266 5.03756e-19)
(61.239 0.533715 0)
(61.7168 0.207834 0)
(62.2054 -0.152852 0)
(62.6851 -0.539282 -5.4491e-19)
(63.1803 -0.96988 0)
(49.1838 1.80127 0)
(49.3812 1.77151 -2.97777e-19)
(49.5717 1.73005 -3.01054e-19)
(49.7603 1.67729 -3.04182e-19)
(49.9492 1.61271 3.14831e-19)
(50.1356 1.53611 -3.10384e-19)
(50.3177 1.44773 3.23931e-19)
(50.4941 1.34807 3.28203e-19)
(50.6633 1.23789 3.18766e-19)
(50.8241 1.11819 0)
(50.9753 0.990177 0)
(51.1159 0.855173 3.41847e-19)
(51.2454 0.714617 3.26617e-19)
(51.3631 0.569991 3.45966e-19)
(51.469 0.422784 -3.47374e-19)
(51.5629 0.274454 3.29623e-19)
(51.6451 0.126395 3.48919e-19)
(51.7158 -0.0200825 0)
(51.7755 -0.163768 1.84872e-20)
(51.8247 -0.303563 -3.48337e-19)
(51.8641 -0.438487 3.47467e-19)
(51.8944 -0.567675 -6.75522e-19)
(51.9163 -0.690384 -3.44874e-19)
(51.9306 -0.805971 3.43211e-19)
(51.938 -0.913896 -3.41343e-19)
(51.9394 -1.01371 3.2527e-19)
(51.9355 -1.10504 -3.37108e-19)
(51.9271 -1.18759 3.34794e-19)
(51.9149 -1.26115 -1.1242e-20)
(51.8998 -1.32555 -3.29906e-19)
(51.8823 -1.38068 3.27381e-19)
(51.8633 -1.4265 -8.29279e-21)
(51.8433 -1.46299 3.22285e-19)
(51.823 -1.4902 -3.1976e-19)
(51.803 -1.50821 6.29186e-19)
(51.7841 -1.51714 -3.14854e-19)
(51.7666 -1.51713 0)
(51.7512 -1.5084 6.1795e-19)
(51.7385 -1.49113 -3.08163e-19)
(51.7289 -1.46565 3.06167e-19)
(51.7228 -1.43211 -3.04351e-19)
(51.7209 -1.39089 -6.05959e-19)
(51.7234 -1.34236 3.01147e-19)
(51.7308 -1.28696 -2.99771e-19)
(51.7435 -1.22507 -2.55309e-21)
(51.7618 -1.15695 -2.97637e-19)
(51.7859 -1.08306 2.96897e-19)
(51.8162 -1.00388 -5.96838e-19)
(51.8531 -0.91947 -2.96199e-19)
(51.8969 -0.830887 2.96088e-19)
(51.9474 -0.738226 -5.97587e-19)
(52.0051 -0.64082 2.96898e-19)
(52.0701 -0.539992 -2.9758e-19)
(52.1431 -0.436395 2.98549e-19)
(52.2237 -0.330773 -6.04674e-19)
(52.3127 -0.224391 -3.00582e-19)
(52.41 -0.115958 3.0234e-19)
(52.5159 -0.00597949 -6.13766e-19)
(52.6306 0.104919 3.06335e-19)
(52.7541 0.215778 -3.08677e-19)
(52.8869 0.326528 6.27332e-19)
(53.0291 0.4382 -3.14295e-19)
(53.1813 0.550177 0)
(53.3438 0.660564 -3.21344e-19)
(53.5166 0.766704 3.27724e-19)
(53.7003 0.869124 0)
(53.8949 0.96778 0)
(54.1007 1.06176 3.3778e-19)
(54.3178 1.1499 0)
(54.5464 1.23151 0)
(54.7867 1.30657 6.99104e-19)
(55.0387 1.37392 -3.54743e-19)
(55.3023 1.43179 3.59322e-19)
(55.5776 1.47916 -3.31892e-21)
(55.8644 1.51531 3.69303e-19)
(56.1627 1.54051 0)
(56.4725 1.55435 3.74143e-19)
(56.7932 1.55517 0)
(57.1244 1.54065 0)
(57.4655 1.51068 3.87397e-19)
(57.8165 1.46482 0)
(58.1768 1.40178 -4.08823e-19)
(58.5462 1.32062 4.14222e-19)
(58.9243 1.22086 -8.23891e-19)
(59.3104 1.10176 4.25179e-19)
(59.7036 0.961757 0)
(60.1028 0.799273 -4.14773e-19)
(60.5077 0.613136 0)
(60.9173 0.402969 0)
(61.3311 0.168023 -4.24476e-19)
(61.7479 -0.0922664 0)
(62.1664 -0.378457 -4.55992e-19)
(62.5853 -0.691874 0)
(63.0018 -1.0317 -4.3413e-19)
(63.416 -1.40038 0)
(63.8211 -1.79156 0)
(64.221 -2.21528 0)
(51.5474 1.37997 0)
(51.6904 1.34224 4.5501e-21)
(51.8279 1.2971 2.40522e-19)
(51.9631 1.24505 2.43465e-19)
(52.0974 1.18595 0)
(52.2292 1.11983 4.90409e-19)
(52.3575 1.04691 0)
(52.4817 0.967557 0)
(52.6009 0.882198 -1.07776e-20)
(52.7146 0.7914 0)
(52.8221 0.695824 0)
(52.923 0.596201 -2.51075e-19)
(53.0169 0.493314 -2.65505e-19)
(53.1034 0.387981 2.53493e-19)
(53.1825 0.281035 0)
(53.2541 0.17331 -5.24742e-19)
(53.3181 0.0656271 0)
(53.3747 -0.0412225 2.56805e-19)
(53.4242 -0.146484 2.71167e-19)
(53.4668 -0.249449 -2.5772e-19)
(53.5027 -0.349461 0)
(53.5325 -0.445917 5.29379e-19)
(53.5565 -0.538267 0)
(53.5752 -0.626015 0)
(53.589 -0.708719 -2.58175e-19)
(53.5985 -0.785987 -1.10305e-20)
(53.6042 -0.85748 0)
(53.6065 -0.922908 0)
(53.606 -0.98203 -5.23559e-19)
(53.6033 -1.03465 2.56859e-19)
(53.5987 -1.08062 0)
(53.5929 -1.11983 -2.63179e-19)
(53.5864 -1.15222 -2.55694e-19)
(53.5796 -1.17774 2.55301e-19)
(53.573 -1.19643 -2.59927e-19)
(53.5671 -1.20832 0)
(53.5624 -1.21346 0)
(53.5593 -1.21199 -2.56966e-19)
(53.5582 -1.20404 2.53692e-19)
(53.5597 -1.18975 0)
(53.564 -1.16931 -2.53385e-19)
(53.5717 -1.143 2.54046e-19)
(53.583 -1.111 2.53371e-19)
(53.5984 -1.07351 0)
(53.6182 -1.03079 -6.64055e-22)
(53.6426 -0.983228 0)
(53.6722 -0.931043 2.54491e-19)
(53.707 -0.874589 2.53303e-19)
(53.7476 -0.814229 -2.55636e-19)
(53.7939 -0.750345 0)
(53.8465 -0.683304 5.12095e-19)
(53.9054 -0.613457 0)
(53.9713 -0.541202 -2.59285e-19)
(54.0441 -0.467013 0)
(54.1241 -0.391254 5.20972e-19)
(54.2115 -0.314329 0)
(54.3064 -0.236802 -2.64778e-19)
(54.4089 -0.159024 2.64113e-19)
(54.5197 -0.0816192 2.68293e-19)
(54.6384 -0.00445775 0)
(54.7656 0.07202 -2.70686e-19)
(54.9012 0.146488 0)
(55.046 0.218225 2.7677e-19)
(55.2 0.287603 0)
(55.3634 0.35426 -5.63036e-19)
(55.5361 0.417574 0)
(55.7181 0.476872 2.8726e-19)
(55.9095 0.531499 -2.91221e-19)
(56.1104 0.580705 -2.93187e-19)
(56.3207 0.623647 0)
(56.5404 0.659621 -2.9203e-21)
(56.7695 0.687993 0)
(57.0078 0.707968 -3.06002e-19)
(57.2553 0.718472 -3.14573e-19)
(57.5114 0.718527 3.12803e-19)
(57.7761 0.707086 0)
(58.0491 0.683564 -6.47438e-19)
(58.3303 0.647303 0)
(58.6192 0.597716 3.26879e-19)
(58.9153 0.534113 -3.4136e-19)
(59.2182 0.455828 0)
(59.5273 0.362121 0)
(59.8418 0.252131 3.41134e-19)
(60.1614 0.125201 3.59756e-19)
(60.4849 -0.0190753 -3.47933e-19)
(60.812 -0.181524 0)
(61.1411 -0.363575 7.27553e-19)
(61.4719 -0.56621 0)
(61.8019 -0.789391 0)
(62.1312 -1.03315 3.85624e-19)
(62.4564 -1.29735 3.6668e-19)
(62.7784 -1.58219 0)
(63.0921 -1.88723 3.72008e-19)
(63.3998 -2.2121 3.99989e-19)
(63.6938 -2.55653 3.76792e-19)
(63.979 -2.91839 0)
(64.2432 -3.30024 3.68371e-19)
(53.6889 0.997482 0)
(53.7847 0.959135 1.85912e-19)
(53.8772 0.916292 0)
(53.9679 0.869434 0)
(54.0574 0.818518 0)
(54.1451 0.763605 -1.93799e-19)
(54.2302 0.704866 0)
(54.3126 0.642517 9.46554e-20)
(54.3919 0.576834 -1.99244e-19)
(54.4677 0.50814 0)
(54.5398 0.436796 0)
(54.6078 0.363195 2.03973e-19)
(54.6716 0.287755 -9.76706e-20)
(54.7309 0.210919 -2.06616e-19)
(54.7858 0.133142 0)
(54.8361 0.0548943 2.08819e-19)
(54.8818 -0.0233539 0)
(54.923 -0.101136 -2.10575e-19)
(54.9597 -0.177999 0)
(54.9921 -0.253504 2.11894e-19)
(55.0202 -0.327234 0)
(55.0444 -0.398792 -2.12811e-19)
(55.0648 -0.467805 0)
(55.0817 -0.533922 0)
(55.0954 -0.596822 2.13549e-19)
(55.1061 -0.65621 -2.13654e-19)
(55.1141 -0.711824 0)
(55.1198 -0.763433 0)
(55.1236 -0.810837 2.1365e-19)
(55.1256 -0.853869 -2.13571e-19)
(55.1264 -0.892391 0)
(55.1263 -0.926296 0)
(55.1256 -0.955505 2.13217e-19)
(55.1246 -0.979964 -2.1309e-19)
(55.1238 -0.999652 0)
(55.1235 -1.01457 0)
(55.124 -1.02475 0)
(55.1257 -1.03025 0)
(55.129 -1.03114 -2.12752e-19)
(55.1341 -1.02755 0)
(55.1414 -1.01959 2.12902e-19)
(55.1513 -1.00743 0)
(55.164 -0.991234 -2.13299e-19)
(55.1799 -0.971209 0)
(55.1992 -0.947576 2.13996e-19)
(55.2222 -0.920559 0)
(55.2493 -0.8904 -2.15036e-19)
(55.2807 -0.857366 0)
(55.3166 -0.821705 1.08399e-19)
(55.3574 -0.78371 0)
(55.4032 -0.743678 -2.18288e-19)
(55.4542 -0.701859 0)
(55.5108 -0.658597 2.20555e-19)
(55.5729 -0.614234 0)
(55.641 -0.569135 -2.23278e-19)
(55.7151 -0.523661 0)
(55.7954 -0.47813 2.2647e-19)
(55.882 -0.432828 0)
(55.9751 -0.388132 -2.30135e-19)
(56.0748 -0.344451 0)
(56.1813 -0.302104 0)
(56.2946 -0.261353 0)
(56.4148 -0.222747 -2.38922e-19)
(56.542 -0.186874 0)
(56.6761 -0.154331 2.44059e-19)
(56.8173 -0.125649 0)
(56.9657 -0.101334 -2.49686e-19)
(57.1213 -0.0819269 0)
(57.284 -0.0680118 2.55786e-19)
(57.4538 -0.0601799 0)
(57.6307 -0.0590076 -2.62327e-19)
(57.8144 -0.0651162 0)
(58.0049 -0.0791666 2.69277e-19)
(58.2019 -0.101788 0)
(58.4053 -0.13356 -2.7658e-19)
(58.6145 -0.175022 0)
(58.8293 -0.226724 2.8418e-19)
(59.0491 -0.289259 0)
(59.2735 -0.363252 -2.92035e-19)
(59.502 -0.449256 0)
(59.734 -0.547817 0)
(59.9691 -0.65946 0)
(60.2063 -0.784692 -4.55355e-19)
(60.4451 -0.923961 0)
(60.6846 -1.07776 3.16431e-19)
(60.9242 -1.24657 0)
(61.1626 -1.43078 -3.24574e-19)
(61.3991 -1.63056 0)
(61.6318 -1.84589 0)
(61.8606 -2.07685 0)
(62.0829 -2.3232 -3.40353e-19)
(62.2994 -2.58515 0)
(62.506 -2.86189 -3.47833e-19)
(62.7056 -3.15398 0)
(62.8914 -3.45958 -3.54949e-19)
(63.0697 -3.78002 0)
(63.2283 -4.11211 -3.49604e-19)
(54.84 0.659317 0)
(54.9061 0.624923 -9.03073e-20)
(54.9708 0.587688 0)
(55.0342 0.547958 -9.14035e-20)
(55.0963 0.505729 0)
(55.1569 0.461077 0)
(55.2156 0.414138 0)
(55.2723 0.365061 -3.35267e-21)
(55.3269 0.314024 0)
(55.379 0.261227 0)
(55.4286 0.206889 0)
(55.4756 0.151238 0)
(55.5197 0.0945153 9.98055e-20)
(55.5609 0.0369721 0)
(55.5992 -0.0211268 0)
(55.6345 -0.0795078 0)
(55.6667 -0.137893 0)
(55.696 -0.196004 0)
(55.7223 -0.253571 0)
(55.7456 -0.310326 0)
(55.7662 -0.366014 0)
(55.784 -0.420384 0)
(55.7993 -0.473198 0)
(55.8122 -0.524228 0)
(55.8228 -0.573258 0)
(55.8313 -0.620091 0)
(55.8379 -0.664547 0)
(55.8429 -0.706461 0)
(55.8465 -0.745689 0)
(55.8488 -0.782107 0)
(55.8502 -0.815609 0)
(55.8509 -0.84611 0)
(55.851 -0.873543 0)
(55.851 -0.897862 0)
(55.8511 -0.91904 0)
(55.8514 -0.937068 0)
(55.8524 -0.951959 0)
(55.8542 -0.963744 0)
(55.8571 -0.972476 0)
(55.8614 -0.978223 0)
(55.8674 -0.981074 0)
(55.8752 -0.981132 0)
(55.8851 -0.978518 0)
(55.8974 -0.973366 0)
(55.9123 -0.965826 0)
(55.9301 -0.956067 0)
(55.9509 -0.944267 0)
(55.975 -0.930622 0)
(56.0025 -0.91534 1.07119e-19)
(56.0337 -0.898641 0)
(56.0688 -0.880756 0)
(56.1079 -0.861933 0)
(56.1511 -0.842429 0)
(56.1987 -0.822517 0)
(56.2508 -0.802476 0)
(56.3076 -0.782595 0)
(56.3691 -0.763184 0)
(56.4354 -0.744552 0)
(56.5067 -0.727036 0)
(56.5831 -0.710963 0)
(56.6646 -0.696686 0)
(56.7513 -0.684604 -1.13787e-19)
(56.8434 -0.675104 0)
(56.9408 -0.668552 -1.15402e-19)
(57.0436 -0.665327 0)
(57.1518 -0.665823 -1.17129e-19)
(57.2654 -0.67045 0)
(57.3842 -0.679629 -1.18963e-19)
(57.5083 -0.693795 0)
(57.6375 -0.713393 -1.20897e-19)
(57.7716 -0.738872 0)
(57.9106 -0.770686 -1.22922e-19)
(58.0542 -0.809295 0)
(58.2022 -0.855161 -1.25027e-19)
(58.3543 -0.908748 0)
(58.5102 -0.970511 -1.27198e-19)
(58.6696 -1.0409 0)
(58.8322 -1.12033 -1.29423e-19)
(58.9975 -1.20924 0)
(59.1651 -1.30799 -1.31684e-19)
(59.3346 -1.41698 0)
(59.5055 -1.53654 -1.33968e-19)
(59.6773 -1.66702 1.42067e-19)
(59.8493 -1.80871 -1.36257e-19)
(60.021 -1.96187 0)
(60.1918 -2.12673 0)
(60.3608 -2.30347 0)
(60.5276 -2.49226 -1.4078e-19)
(60.6912 -2.69306 0)
(60.8512 -2.9061 -1.42983e-19)
(61.0064 -3.13093 0)
(61.1568 -3.36811 -1.45129e-19)
(61.3007 -3.61637 0)
(61.4388 -3.87726 -1.47205e-19)
(61.5684 -4.14768 0)
(61.6918 -4.43157 -1.49203e-19)
(61.8035 -4.72205 0)
(54.8814 0.308299 0)
(54.9311 0.278814 9.03319e-20)
(54.9804 0.247636 0)
(55.0289 0.214932 9.13961e-20)
(55.0763 0.180731 0)
(55.1225 0.145086 0)
(55.1674 0.108085 0)
(55.2108 0.0698202 -9.3431e-20)
(55.2528 0.0304051 0)
(55.293 -0.010039 9.14002e-20)
(55.3316 -0.0513842 0)
(55.3683 -0.093501 0)
(55.4031 -0.136254 0)
(55.436 -0.179499 9.285e-20)
(55.4669 -0.223085 0)
(55.4958 -0.266854 0)
(55.5227 -0.310644 0)
(55.5477 -0.354296 0)
(55.5706 -0.397651 9.44386e-20)
(55.5917 -0.440555 0)
(55.6108 -0.482853 0)
(55.6282 -0.524394 0)
(55.6439 -0.565029 0)
(55.6579 -0.604611 0)
(55.6705 -0.642997 9.60203e-20)
(55.6817 -0.680054 0)
(55.6916 -0.715662 0)
(55.7004 -0.749706 0)
(55.7083 -0.782092 0)
(55.7154 -0.812731 9.71412e-20)
(55.7218 -0.841564 0)
(55.7278 -0.86854 0)
(55.7335 -0.893621 0)
(55.7391 -0.916778 0)
(55.7448 -0.937996 9.8188e-20)
(55.7508 -0.957266 0)
(55.7573 -0.974594 0)
(55.7645 -0.990003 0)
(55.7725 -1.00353 0)
(55.7816 -1.01524 9.9291e-20)
(55.792 -1.0252 0)
(55.8038 -1.03349 0)
(55.8172 -1.04022 0)
(55.8324 -1.04548 0)
(55.8497 -1.04939 0)
(55.869 -1.05209 1.0087e-19)
(55.8908 -1.05373 0)
(55.915 -1.05447 0)
(55.9418 -1.05447 0)
(55.9715 -1.0539 0)
(56.0041 -1.05295 1.02537e-19)
(56.0398 -1.05181 0)
(56.0788 -1.05069 0)
(56.1211 -1.04978 0)
(56.1668 -1.04932 0)
(56.2162 -1.04952 1.04612e-19)
(56.2692 -1.05063 0)
(56.3259 -1.05289 0)
(56.3865 -1.05656 0)
(56.4509 -1.06191 0)
(56.5193 -1.06921 0)
(56.5917 -1.07875 1.10031e-19)
(56.668 -1.09083 0)
(56.7483 -1.10573 1.11465e-19)
(56.8327 -1.1238 0)
(56.9209 -1.14533 1.13012e-19)
(57.0131 -1.17067 0)
(57.1092 -1.20014 1.14668e-19)
(57.209 -1.23408 0)
(57.3125 -1.27284 3.61464e-21)
(57.4195 -1.31677 0)
(57.5299 -1.36622 1.18274e-19)
(57.6436 -1.42153 0)
(57.7604 -1.48306 1.20206e-19)
(57.88 -1.55116 0)
(58.0021 -1.62617 1.22208e-19)
(58.1267 -1.70842 0)
(58.2532 -1.79823 1.24265e-19)
(58.3816 -1.89591 0)
(58.5113 -2.00177 1.26364e-19)
(58.6421 -2.1161 0)
(58.7735 -2.23913 1.28484e-19)
(58.9052 -2.37114 0)
(59.0368 -2.51234 1.30613e-19)
(59.1678 -2.66294 0)
(59.2977 -2.82309 -1.25054e-19)
(59.4262 -2.99293 0)
(59.5526 -3.17258 1.34815e-19)
(59.6766 -3.362 0)
(59.7975 -3.56141 1.36849e-19)
(59.915 -3.7704 0)
(60.0284 -3.98964 1.38818e-19)
(60.1374 -4.21779 0)
(60.2413 -4.45673 1.40708e-19)
(60.34 -4.70307 0)
(60.4324 -4.96163 1.42503e-19)
(60.5181 -5.22424 1.28597e-19)
(54.7265 0.042132 0)
(54.7672 0.016229 4.32242e-20)
(54.8079 -0.0106891 0)
(54.848 -0.0385324 0)
(54.8872 -0.0672795 -4.36914e-20)
(54.9256 -0.0969018 0)
(54.9631 -0.127346 0)
(54.9996 -0.158566 0)
(55.035 -0.190494 4.42929e-20)
(55.0693 -0.223069 -4.70043e-20)
(55.1024 -0.256202 -4.45797e-20)
(55.1343 -0.289843 0)
(55.1649 -0.323896 0)
(55.1943 -0.358291 -9.27184e-20)
(55.2223 -0.392927 0)
(55.249 -0.427717 0)
(55.2743 -0.462577 -4.53716e-20)
(55.2984 -0.497395 0)
(55.3211 -0.5321 -9.4053e-20)
(55.3426 -0.566603 0)
(55.3628 -0.600795 -4.58332e-20)
(55.3818 -0.634608 0)
(55.3997 -0.667933 0)
(55.4166 -0.700674 0)
(55.4324 -0.732713 -1.41526e-19)
(55.4474 -0.763987 0)
(55.4616 -0.79443 -4.64436e-20)
(55.4752 -0.823967 0)
(55.488 -0.852549 0)
(55.5004 -0.880123 -9.60478e-20)
(55.5123 -0.906655 -4.68069e-20)
(55.5238 -0.932162 -4.68968e-20)
(55.5351 -0.95664 -4.69849e-20)
(55.5463 -0.980092 -4.70736e-20)
(55.5577 -1.00252 -9.67433e-20)
(55.5693 -1.02381 -4.72466e-20)
(55.5812 -1.044 4.73315e-20)
(55.5937 -1.06311 -4.74209e-20)
(55.6068 -1.08119 -4.75143e-20)
(55.6206 -1.09832 -1.4505e-19)
(55.6353 -1.1146 0)
(55.651 -1.13005 4.78045e-20)
(55.668 -1.14469 -4.7904e-20)
(55.6861 -1.15857 -4.80007e-20)
(55.7057 -1.17182 -4.81004e-20)
(55.7267 -1.18459 -1.46737e-19)
(55.7495 -1.197 0)
(55.7739 -1.20923 4.84461e-20)
(55.8003 -1.22135 -4.85639e-20)
(55.8286 -1.23351 -4.86887e-20)
(55.8591 -1.24586 -1.4862e-19)
(55.8917 -1.25858 0)
(55.9267 -1.2718 -4.90934e-20)
(55.964 -1.28572 4.92367e-20)
(56.0038 -1.30048 -4.93864e-20)
(56.0461 -1.31631 -1.50997e-19)
(56.091 -1.33335 -4.96972e-20)
(56.1385 -1.35186 0)
(56.1887 -1.37201 -5.00358e-20)
(56.2416 -1.39405 5.02063e-20)
(56.2972 -1.41815 0)
(56.3555 -1.44464 0)
(56.4166 -1.47366 0)
(56.4804 -1.50551 0)
(56.5468 -1.5404 0)
(56.6159 -1.5786 0)
(56.6876 -1.62031 0)
(56.7618 -1.66582 0)
(56.8384 -1.71537 0)
(56.9173 -1.76919 1.08581e-19)
(56.9983 -1.82757 0)
(57.0813 -1.89076 0)
(57.1662 -1.95899 0)
(57.2527 -2.03253 0)
(57.3407 -2.11164 0)
(57.4299 -2.19657 0)
(57.5202 -2.28755 0)
(57.6113 -2.38479 0)
(57.703 -2.48855 0)
(57.795 -2.59902 0)
(57.8869 -2.71636 5.49258e-20)
(57.9786 -2.84079 0)
(58.0696 -2.9725 0)
(58.1596 -3.11159 0)
(58.2483 -3.25827 0)
(58.3351 -3.41258 6.36457e-20)
(58.4201 -3.57465 0)
(58.5022 -3.74448 0)
(58.5819 -3.92213 5.69566e-20)
(58.6575 -4.10767 0)
(58.7302 -4.30091 0)
(58.7975 -4.50216 -5.77027e-20)
(58.8618 -4.71066 0)
(58.9188 -4.9276 0)
(58.9731 -5.15062 0)
(59.0176 -5.38332 -5.86859e-20)
(59.0606 -5.61914 -1.79976e-19)
(54.3357 -0.220967 0)
(54.3628 -0.243834 -4.35468e-20)
(54.39 -0.267299 4.26982e-20)
(54.4168 -0.291227 0)
(54.4428 -0.315678 4.39698e-20)
(54.4681 -0.340599 -4.30472e-20)
(54.4926 -0.365974 4.31615e-20)
(54.5163 -0.391807 0)
(54.5391 -0.418083 -1.12067e-21)
(54.5611 -0.444715 -4.46379e-20)
(54.5821 -0.471722 8.83747e-20)
(54.6022 -0.499039 0)
(54.6214 -0.526651 0)
(54.6395 -0.55447 4.39185e-20)
(54.6568 -0.582407 4.40158e-20)
(54.673 -0.610548 0)
(54.6882 -0.638666 8.96417e-20)
(54.7025 -0.666871 -4.43012e-20)
(54.7158 -0.69507 0)
(54.7282 -0.723203 4.4478e-20)
(54.7397 -0.751216 9.03865e-20)
(54.7503 -0.779205 4.4659e-20)
(54.7603 -0.80712 0)
(54.7695 -0.834925 4.48345e-20)
(54.7781 -0.862423 9.10775e-20)
(54.7859 -0.889723 4.49961e-20)
(54.793 -0.916522 4.63072e-20)
(54.7995 -0.942742 4.51429e-20)
(54.8055 -0.968347 4.52063e-20)
(54.811 -0.992742 0)
(54.8162 -1.01658 9.18216e-20)
(54.821 -1.04011 9.19519e-20)
(54.8257 -1.06335 9.20952e-20)
(54.8304 -1.08631 4.67154e-20)
(54.8353 -1.10896 4.55896e-20)
(54.8404 -1.13129 9.25207e-20)
(54.8458 -1.15306 -4.69134e-20)
(54.8516 -1.1742 4.69675e-20)
(54.8576 -1.19488 9.28938e-20)
(54.8641 -1.21508 9.3028e-20)
(54.8713 -1.23506 4.5996e-20)
(54.8792 -1.25476 -4.7228e-20)
(54.8879 -1.27441 9.34544e-20)
(54.8975 -1.29367 9.35624e-20)
(54.908 -1.31294 4.74477e-20)
(54.9195 -1.33224 9.38695e-20)
(54.9322 -1.35177 4.64219e-20)
(54.946 -1.37166 -1.19723e-21)
(54.9611 -1.39198 4.77865e-20)
(54.9775 -1.41284 9.45421e-20)
(54.9954 -1.43438 9.47316e-20)
(55.0147 -1.45677 4.68258e-20)
(55.0356 -1.48009 4.82107e-20)
(55.0581 -1.50443 -1.32221e-21)
(55.0823 -1.52984 9.5542e-20)
(55.1081 -1.5565 4.85767e-20)
(55.1357 -1.58452 9.60005e-20)
(55.1649 -1.6141 4.73937e-20)
(55.196 -1.64539 9.64996e-20)
(55.2288 -1.67858 -4.91469e-20)
(55.2634 -1.71385 -4.77085e-20)
(55.2996 -1.75144 0)
(55.3377 -1.79134 0)
(55.3774 -1.8338 0)
(55.4187 -1.87895 -4.81741e-20)
(55.4616 -1.92707 0)
(55.5062 -1.97812 0)
(55.5521 -2.03238 0)
(55.5993 -2.0901 4.86747e-20)
(55.6477 -2.15133 0)
(55.6972 -2.21623 0)
(55.7475 -2.28523 0)
(55.7987 -2.35822 4.92058e-20)
(55.8503 -2.4357 0)
(55.9023 -2.51798 4.95049e-20)
(55.9544 -2.60508 0)
(56.0065 -2.69723 -4.97891e-20)
(56.0582 -2.79463 0)
(56.1092 -2.89741 5.00803e-20)
(56.1593 -3.00577 0)
(56.2081 -3.11976 -5.34631e-20)
(56.2552 -3.23959 0)
(56.3005 -3.36525 5.06813e-20)
(56.3433 -3.49675 0)
(56.3836 -3.63442 0)
(56.4206 -3.77813 5.46909e-20)
(56.4547 -3.92797 5.13215e-20)
(56.4842 -4.08392 -5.14881e-20)
(56.5105 -4.246 -5.54409e-20)
(56.5308 -4.41417 0)
(56.548 -4.58842 5.19959e-20)
(56.557 -4.7687 5.61928e-20)
(56.5641 -4.95487 0)
(56.5595 -5.14732 0)
(56.556 -5.34507 5.26919e-20)
(56.535 -5.54992 5.71965e-20)
(56.5212 -5.75814 5.54889e-20)
(52.763 -0.369708 0)
(52.7715 -0.389611 2.12251e-20)
(52.7805 -0.409914 -4.34303e-20)
(52.7892 -0.430513 2.13202e-20)
(52.7972 -0.451418 0)
(52.8045 -0.472612 4.3759e-20)
(52.8112 -0.494116 -4.38662e-20)
(52.8172 -0.5159 0)
(52.8225 -0.538003 -4.4077e-20)
(52.8271 -0.560401 0)
(52.8309 -0.583142 -4.42834e-20)
(52.834 -0.606155 0)
(52.8363 -0.62948 0)
(52.8378 -0.652977 -4.45695e-20)
(52.8385 -0.676684 -4.46584e-20)
(52.8384 -0.700451 0)
(52.8375 -0.724397 -4.48258e-20)
(52.8358 -0.748428 4.49058e-20)
(52.8334 -0.772689 0)
(52.8301 -0.797136 -2.30875e-20)
(52.8261 -0.822044 -4.51616e-20)
(52.8214 -0.847252 -4.52361e-20)
(52.8159 -0.87294 0)
(52.8097 -0.898452 -2.32543e-20)
(52.8029 -0.922926 -4.54195e-20)
(52.7955 -0.946509 -4.54465e-20)
(52.7875 -0.969823 0)
(52.7789 -0.993343 -2.33461e-20)
(52.7699 -1.01696 -4.56095e-20)
(52.7604 -1.04048 0)
(52.7506 -1.0639 -4.57149e-20)
(52.7405 -1.0875 -4.57671e-20)
(52.7302 -1.11146 -4.58421e-20)
(52.7196 -1.13709 0)
(52.7087 -1.16278 -4.59956e-20)
(52.6978 -1.1879 -4.60347e-20)
(52.687 -1.21211 0)
(52.6761 -1.23541 0)
(52.665 -1.25856 -4.61425e-20)
(52.654 -1.28261 -4.62093e-20)
(52.6432 -1.3074 -4.62792e-20)
(52.6326 -1.3327 0)
(52.6221 -1.35754 -4.64069e-20)
(52.6121 -1.38217 -4.64623e-20)
(52.6024 -1.4075 0)
(52.5933 -1.43244 -4.6511e-20)
(52.5845 -1.45825 -4.66035e-20)
(52.5763 -1.48499 -4.66836e-20)
(52.5687 -1.51252 0)
(52.5616 -1.54089 -4.68247e-20)
(52.5549 -1.57015 -4.68961e-20)
(52.5491 -1.60044 -4.69728e-20)
(52.544 -1.6319 0)
(52.5399 -1.66466 -4.71324e-20)
(52.5367 -1.69868 -4.72147e-20)
(52.5342 -1.73408 0)
(52.5324 -1.77105 -4.73951e-20)
(52.5314 -1.80953 -4.74892e-20)
(52.5308 -1.84988 -4.75893e-20)
(52.531 -1.8921 0)
(52.5316 -1.93621 4.77899e-20)
(52.5332 -1.98278 2.30655e-20)
(52.5356 -2.03139 0)
(52.5387 -2.08189 2.3125e-20)
(52.5422 -2.13609 4.83098e-20)
(52.5462 -2.1928 2.31982e-20)
(52.5505 -2.25092 0)
(52.5553 -2.31309 2.32845e-20)
(52.5601 -2.37791 -4.87623e-20)
(52.5652 -2.44441 2.33269e-20)
(52.5699 -2.51536 0)
(52.5743 -2.58943 2.34194e-20)
(52.5781 -2.66563 -4.93093e-20)
(52.581 -2.74589 2.35031e-20)
(52.5828 -2.82987 -4.96622e-20)
(52.5834 -2.91712 2.35964e-20)
(52.5826 -3.00786 2.63341e-20)
(52.5803 -3.10204 2.36968e-20)
(52.5761 -3.19968 -5.03149e-20)
(52.5698 -3.30084 2.38022e-20)
(52.5613 -3.40563 0)
(52.5501 -3.51418 2.3912e-20)
(52.5363 -3.62661 -5.1017e-20)
(52.5192 -3.74306 2.40275e-20)
(52.4991 -3.86353 2.40869e-20)
(52.4749 -3.98806 2.41478e-20)
(52.4473 -4.11658 -5.17589e-20)
(52.4146 -4.24909 7.62213e-20)
(52.3783 -4.38552 0)
(52.3353 -4.52599 2.44039e-20)
(52.2893 -4.67039 -5.25303e-20)
(52.234 -4.81904 2.45452e-20)
(52.1778 -4.97173 -2.4618e-20)
(52.1076 -5.12903 2.47006e-20)
(52.0416 -5.29044 -5.33648e-20)
(51.953 -5.45698 -2.48745e-20)
(51.8795 -5.62721 0)
(50.3651 -0.453747 0)
(50.3559 -0.471545 -2.64753e-20)
(50.3473 -0.489568 0)
(50.3384 -0.507715 -2.64752e-20)
(50.3284 -0.525997 0)
(50.3176 -0.544425 0)
(50.306 -0.562998 0)
(50.2935 -0.581716 0)
(50.28 -0.600581 -5.20499e-20)
(50.2657 -0.61959 0)
(50.2504 -0.638744 0)
(50.2341 -0.65804 0)
(50.2169 -0.677473 0)
(50.1986 -0.697041 0)
(50.1794 -0.716739 0)
(50.1591 -0.736565 0)
(50.1378 -0.756516 0)
(50.1156 -0.776595 0)
(50.0923 -0.796814 0)
(50.068 -0.817181 -2.63584e-20)
(50.0426 -0.837701 0)
(50.0163 -0.858378 0)
(49.9888 -0.879221 0)
(49.9604 -0.900249 -2.62919e-20)
(49.9308 -0.921465 -5.15327e-20)
(49.9004 -0.942859 5.14859e-20)
(49.869 -0.964379 0)
(49.837 -0.985932 -2.62097e-20)
(49.804 -1.00744 0)
(49.7704 -1.0289 5.12689e-20)
(49.7359 -1.05038 0)
(49.7009 -1.07184 5.11508e-20)
(49.6651 -1.09317 0)
(49.6287 -1.1146 5.10364e-20)
(49.5914 -1.13698 0)
(49.5534 -1.16078 5.09817e-20)
(49.5147 -1.18376 0)
(49.4756 -1.20487 5.07668e-20)
(49.4361 -1.22626 0)
(49.3961 -1.24964 5.06709e-20)
(49.3557 -1.27321 0)
(49.3148 -1.29615 0)
(49.2735 -1.32004 0)
(49.2316 -1.34568 5.04561e-20)
(49.1894 -1.37178 0)
(49.1468 -1.39752 0)
(49.1037 -1.42412 0)
(49.0603 -1.4516 5.01703e-20)
(49.0165 -1.47948 0)
(48.9724 -1.50814 5.00756e-20)
(48.9279 -1.53834 0)
(48.8831 -1.57072 4.99566e-20)
(48.838 -1.60596 0)
(48.7923 -1.64247 4.98598e-20)
(48.7463 -1.67854 0)
(48.6996 -1.71539 0)
(48.6523 -1.75292 0)
(48.6044 -1.79142 4.95127e-20)
(48.556 -1.83143 0)
(48.5071 -1.87304 0)
(48.4575 -1.91866 0)
(48.4069 -1.96786 2.37971e-20)
(48.3555 -2.01838 0)
(48.3032 -2.06929 2.36793e-20)
(48.25 -2.1211 0)
(48.1956 -2.17667 2.3572e-20)
(48.14 -2.23438 0)
(48.0833 -2.29371 2.34594e-20)
(48.0254 -2.35567 0)
(47.9662 -2.41867 2.33417e-20)
(47.9059 -2.48297 0)
(47.8443 -2.54868 2.32116e-20)
(47.7812 -2.61622 0)
(47.7168 -2.68628 -2.55109e-20)
(47.6509 -2.75917 0)
(47.5833 -2.83495 -7.40718e-20)
(47.514 -2.91408 2.55612e-20)
(47.4429 -2.99624 -2.55792e-20)
(47.3695 -3.08152 0)
(47.2936 -3.16974 -2.56346e-20)
(47.2151 -3.26107 0)
(47.1338 -3.35573 -2.56957e-20)
(47.0496 -3.45362 0)
(46.9624 -3.55453 -2.57561e-20)
(46.8721 -3.65828 -2.57853e-20)
(46.7785 -3.76478 -2.5815e-20)
(46.6816 -3.87378 0)
(46.5809 -3.98527 -2.58763e-20)
(46.4768 -4.09905 0)
(46.368 -4.21522 -2.59431e-20)
(46.256 -4.33347 0)
(46.1378 -4.45437 -2.6021e-20)
(46.0175 -4.57763 2.60666e-20)
(45.8879 -4.70453 -2.61261e-20)
(45.7598 -4.83422 0)
(45.6156 -4.96869 2.62643e-20)
(45.4822 -5.10645 0)
(47.5885 -0.453496 -6.49738e-20)
(47.5528 -0.467509 0)
(47.5182 -0.481568 -6.53375e-20)
(47.4832 -0.495613 6.55037e-20)
(47.4469 -0.509659 -6.56642e-20)
(47.4096 -0.523732 0)
(47.3714 -0.537849 6.59794e-20)
(47.3322 -0.552021 6.61348e-20)
(47.292 -0.566264 7.33945e-22)
(47.2508 -0.580591 0)
(47.2087 -0.595014 0)
(47.1655 -0.609541 -6.67371e-20)
(47.1214 -0.624179 0)
(47.0764 -0.638931 -6.70261e-20)
(47.0303 -0.653804 0)
(46.9833 -0.668801 -6.73067e-20)
(46.9354 -0.683932 6.74438e-20)
(46.8865 -0.699203 -6.75789e-20)
(46.8367 -0.714627 0)
(46.7861 -0.730211 -6.78429e-20)
(46.7345 -0.745964 0)
(46.682 -0.76188 -6.80982e-20)
(46.6287 -0.77795 0)
(46.5745 -0.794149 -6.83446e-20)
(46.5195 -0.810463 6.9308e-20)
(46.4637 -0.826927 -1.38013e-19)
(46.407 -0.843599 0)
(46.3495 -0.860525 0)
(46.2913 -0.877746 -6.89171e-20)
(46.2324 -0.895293 -8.85863e-22)
(46.1728 -0.913195 -6.91327e-20)
(46.1125 -0.931465 -7.01458e-20)
(46.0516 -0.950091 -6.93411e-20)
(45.9902 -0.969074 -7.03766e-20)
(45.9282 -0.988402 -6.95446e-20)
(45.8654 -1.00808 -7.06038e-20)
(45.8018 -1.02806 0)
(45.7375 -1.04834 -9.85219e-22)
(45.6728 -1.0689 -6.99415e-20)
(45.6075 -1.08992 -7.10579e-20)
(45.5417 -1.11163 -7.01497e-20)
(45.4753 -1.13364 0)
(45.4085 -1.15564 -7.03225e-20)
(45.341 -1.17773 -7.1483e-20)
(45.273 -1.20027 -7.05001e-20)
(45.2043 -1.22337 0)
(45.1351 -1.24721 0)
(45.0653 -1.27202 -1.42784e-19)
(44.9949 -1.29786 0)
(44.9238 -1.32469 -1.43279e-19)
(44.8522 -1.35264 7.1158e-20)
(44.7798 -1.38148 -1.43749e-19)
(44.7065 -1.41162 0)
(44.6321 -1.44228 -1.4414e-19)
(44.5567 -1.47311 0)
(44.4804 -1.50515 -7.15944e-20)
(44.4034 -1.53861 0)
(44.3255 -1.57371 -1.45091e-19)
(44.2468 -1.61092 7.19779e-20)
(44.1673 -1.64916 -7.20381e-20)
(44.0868 -1.68799 0)
(44.0052 -1.72864 -1.4601e-19)
(43.9223 -1.77142 0)
(43.8381 -1.81586 -1.46557e-19)
(43.7528 -1.8618 0)
(43.6662 -1.90947 -1.47063e-19)
(43.5784 -1.95948 0)
(43.4889 -2.01182 -1.47723e-19)
(43.398 -2.06678 -7.30775e-20)
(43.3055 -2.12465 -1.48417e-19)
(43.2117 -2.18497 -7.33835e-20)
(43.1164 -2.24722 -7.55444e-20)
(43.0199 -2.31161 -7.35952e-20)
(42.922 -2.3786 -7.37338e-20)
(42.8228 -2.4485 -7.38911e-20)
(42.722 -2.521 2.34678e-21)
(42.6198 -2.59476 -7.40645e-20)
(42.5158 -2.66984 -7.41618e-20)
(42.41 -2.7457 -7.42089e-20)
(42.3024 -2.82262 0)
(42.1927 -2.90172 0)
(42.0809 -2.98336 -7.45901e-20)
(41.9667 -3.06787 -7.47837e-20)
(41.8499 -3.15526 -7.4998e-20)
(41.7304 -3.24531 -7.52005e-20)
(41.6079 -3.33777 -7.53605e-20)
(41.4824 -3.43236 0)
(41.3536 -3.5288 0)
(41.2215 -3.62677 -7.589e-20)
(41.0857 -3.72627 -7.60972e-20)
(40.9464 -3.82725 0)
(40.8031 -3.92985 -7.65885e-20)
(40.6569 -4.03368 0)
(40.5052 -4.13959 -7.72033e-20)
(40.3518 -4.24715 0)
(40.1899 -4.3586 0)
(40.0312 -4.47296 7.62151e-20)
(44.2921 -0.362165 8.23286e-20)
(44.239 -0.373612 0)
(44.1874 -0.385071 8.28439e-20)
(44.1359 -0.396535 -8.30773e-20)
(44.0836 -0.408012 8.33033e-20)
(44.0306 -0.419531 0)
(43.977 -0.431116 -8.37475e-20)
(43.9229 -0.442785 -1.25664e-19)
(43.8683 -0.454558 8.41829e-20)
(43.813 -0.466455 0)
(43.7571 -0.478492 0)
(43.7007 -0.490679 8.48151e-20)
(43.6438 -0.503026 0)
(43.5862 -0.51554 8.52221e-20)
(43.5282 -0.528229 0)
(43.4695 -0.541103 8.56174e-20)
(43.4103 -0.554171 -8.58106e-20)
(43.3506 -0.567447 8.60008e-20)
(43.2904 -0.580943 0)
(43.2296 -0.59468 8.63727e-20)
(43.1683 -0.608679 0)
(43.1065 -0.622956 8.67324e-20)
(43.0442 -0.637498 0)
(42.9814 -0.652263 8.70779e-20)
(42.9181 -0.66722 0)
(42.8542 -0.682392 8.74138e-20)
(42.7898 -0.697816 0)
(42.7249 -0.713531 0)
(42.6595 -0.72958 8.7905e-20)
(42.5936 -0.745991 -8.80649e-20)
(42.5273 -0.762761 8.82216e-20)
(42.4605 -0.779839 0)
(42.3932 -0.79715 8.85191e-20)
(42.3254 -0.814698 0)
(42.2571 -0.832471 8.88031e-20)
(42.1883 -0.850074 0)
(42.1191 -0.867828 0)
(42.0493 -0.886029 -8.92118e-20)
(41.979 -0.904702 8.93728e-20)
(41.9082 -0.924073 0)
(41.8367 -0.944007 8.96974e-20)
(41.7647 -0.964287 0)
(41.692 -0.985032 1.34546e-19)
(41.6189 -1.00624 0)
(41.5452 -1.02796 9.03189e-20)
(41.4711 -1.05017 0)
(41.3965 -1.07293 0)
(41.3213 -1.09634 9.07901e-20)
(41.2456 -1.12046 0)
(41.1693 -1.14529 9.1105e-20)
(41.0923 -1.17091 -9.12611e-20)
(41.0146 -1.19743 9.14137e-20)
(40.9361 -1.22489 0)
(40.8569 -1.25353 9.17367e-20)
(40.7769 -1.28331 0)
(40.6962 -1.31393 9.20571e-20)
(40.6149 -1.34562 0)
(40.5329 -1.37872 9.23843e-20)
(40.45 -1.41312 -9.2536e-20)
(40.3662 -1.44901 9.26837e-20)
(40.2815 -1.48636 0)
(40.196 -1.52532 1.38806e-19)
(40.1097 -1.56573 0)
(40.0225 -1.60771 9.32842e-20)
(39.9342 -1.65113 4.59431e-20)
(39.8451 -1.6961 1.3956e-19)
(39.7549 -1.74268 4.60366e-20)
(39.6638 -1.79095 4.77941e-20)
(39.5714 -1.84125 1.40202e-19)
(39.4776 -1.89364 1.40441e-19)
(39.3823 -1.94819 1.40692e-19)
(39.2854 -2.00488 0)
(39.1868 -2.06365 9.48137e-20)
(39.0865 -2.12454 1.41472e-19)
(38.9841 -2.18755 1.41752e-19)
(38.8796 -2.2527 1.4204e-19)
(38.7727 -2.31993 9.56734e-20)
(38.6634 -2.38912 1.42689e-19)
(38.5517 -2.46018 1.4305e-19)
(38.4376 -2.53297 4.69661e-20)
(38.3211 -2.6075 0)
(38.2021 -2.68381 1.44324e-19)
(38.0804 -2.76196 9.74733e-20)
(37.9559 -2.84187 1.45345e-19)
(37.8283 -2.9234 9.82518e-20)
(37.6976 -3.0064 1.465e-19)
(37.5636 -3.09085 4.8008e-20)
(37.4261 -3.1766 4.82092e-20)
(37.2852 -3.26328 1.00137e-19)
(37.1407 -3.35108 1.49388e-19)
(36.9929 -3.44084 4.89705e-20)
(36.8412 -3.53258 1.51013e-19)
(36.6864 -3.62517 0)
(36.5272 -3.71845 1.52232e-19)
(36.3665 -3.81413 4.97693e-20)
(36.1989 -3.91535 5.00582e-20)
(36.0324 -4.02024 -1.01607e-19)
(40.876 -0.267408 0)
(40.8208 -0.278185 0)
(40.7675 -0.288883 5.1717e-20)
(40.7145 -0.299561 -5.18592e-20)
(40.6609 -0.310229 0)
(40.607 -0.320906 0)
(40.5527 -0.331606 0)
(40.4981 -0.342338 2.36866e-22)
(40.4431 -0.353133 5.25283e-20)
(40.3877 -0.364039 0)
(40.332 -0.375085 5.27811e-20)
(40.2759 -0.386276 0)
(40.2194 -0.397612 0)
(40.1625 -0.409097 5.31427e-20)
(40.1052 -0.420735 0)
(40.0475 -0.432536 -5.33731e-20)
(39.9894 -0.444512 0)
(39.9309 -0.456675 5.35952e-20)
(39.8719 -0.469043 0)
(39.8125 -0.481639 0)
(39.7526 -0.494494 5.39136e-20)
(39.6922 -0.507619 5.40158e-20)
(39.6314 -0.520968 0)
(39.5702 -0.53434 0)
(39.5085 -0.54759 0)
(39.4463 -0.56102 5.43817e-20)
(39.3836 -0.574895 5.44879e-20)
(39.3204 -0.589187 0)
(39.2567 -0.603899 0)
(39.1924 -0.618917 -5.47884e-20)
(39.1277 -0.634254 5.48857e-20)
(39.0624 -0.649942 0)
(38.9966 -0.665964 0)
(38.9302 -0.682299 5.51691e-20)
(38.8634 -0.698969 5.52599e-20)
(38.7961 -0.715873 0)
(38.7283 -0.732945 -5.54317e-20)
(38.6602 -0.750264 -5.55173e-20)
(38.5917 -0.767788 0)
(38.5228 -0.785638 0)
(38.4534 -0.803887 5.57648e-20)
(38.3835 -0.822548 5.5849e-20)
(38.3132 -0.841626 -3.98476e-22)
(38.2425 -0.861165 0)
(38.1712 -0.881207 5.61047e-20)
(38.0995 -0.90181 0)
(38.0272 -0.923015 0)
(37.9545 -0.944885 5.63592e-20)
(37.8812 -0.967443 5.64438e-20)
(37.8073 -0.990711 5.65256e-20)
(37.7328 -1.0147 5.66084e-20)
(37.6577 -1.03945 0)
(37.5818 -1.065 0)
(37.5053 -1.0914 5.68539e-20)
(37.4278 -1.11872 0)
(37.3496 -1.14706 5.70131e-20)
(37.2704 -1.17647 5.70919e-20)
(37.1904 -1.20708 5.71676e-20)
(37.1092 -1.23895 0)
(37.027 -1.27211 0)
(36.9436 -1.30661 0)
(36.859 -1.34253 -5.80829e-20)
(36.773 -1.37997 0)
(36.6855 -1.41892 0)
(36.5966 -1.45941 -5.8365e-20)
(36.5062 -1.50146 -5.84645e-20)
(36.4141 -1.54512 -5.85676e-20)
(36.3203 -1.59042 5.86769e-20)
(36.2246 -1.63739 -7.99786e-22)
(36.127 -1.68603 -5.89115e-20)
(36.0274 -1.73638 -5.904e-20)
(35.9255 -1.78853 0)
(35.8214 -1.84246 -5.84037e-20)
(35.7149 -1.8981 -5.94803e-20)
(35.6059 -1.95537 -5.96416e-20)
(35.4943 -2.01411 -1.01633e-21)
(35.38 -2.07413 0)
(35.2629 -2.13537 -6.01692e-20)
(35.1428 -2.19786 -6.03656e-20)
(35.0199 -2.2617 -6.05753e-20)
(34.8938 -2.32701 0)
(34.7647 -2.39398 -6.10432e-20)
(34.6324 -2.46274 6.00475e-20)
(34.4968 -2.5332 -6.15814e-20)
(34.3579 -2.60502 0)
(34.2153 -2.67804 -6.21803e-20)
(34.0692 -2.75244 -6.25244e-20)
(33.9192 -2.8283 -6.29025e-20)
(33.7657 -2.90546 0)
(33.6086 -2.98399 -1.60063e-21)
(33.4483 -3.0639 -6.42463e-20)
(33.2845 -3.14481 -6.47594e-20)
(33.1173 -3.22794 0)
(32.9446 -3.31436 -6.58769e-20)
(32.7687 -3.40072 -6.61529e-20)
(32.5864 -3.48733 -6.6463e-20)
(32.4048 -3.57828 -6.31308e-20)
(37.7016 -0.194979 0)
(37.652 -0.205156 0)
(37.6044 -0.215117 -6.26514e-20)
(37.557 -0.225002 6.26651e-20)
(37.5089 -0.234857 0)
(37.4604 -0.24471 0)
(37.4117 -0.25457 0)
(37.3625 -0.264441 6.27296e-20)
(37.313 -0.27436 -1.85343e-22)
(37.263 -0.284381 0)
(37.2126 -0.294525 -6.28124e-20)
(37.1619 -0.304788 0)
(37.1107 -0.315162 0)
(37.0591 -0.325647 -6.29066e-20)
(37.007 -0.33625 0)
(36.9545 -0.346986 6.2983e-20)
(36.9015 -0.35787 0)
(36.848 -0.36891 -6.30748e-20)
(36.794 -0.380093 0)
(36.7395 -0.391423 0)
(36.6844 -0.402974 -6.32625e-20)
(36.6288 -0.414898 -6.33396e-20)
(36.5726 -0.427185 0)
(36.5159 -0.439592 0)
(36.4587 -0.452019 0)
(36.401 -0.464557 -6.36444e-20)
(36.3428 -0.477314 -6.37477e-20)
(36.2841 -0.490361 0)
(36.2249 -0.503743 0)
(36.1652 -0.517467 6.40914e-20)
(36.105 -0.531527 -6.42125e-20)
(36.0443 -0.545916 0)
(35.9831 -0.560624 0)
(35.9215 -0.575651 -6.45881e-20)
(35.8593 -0.590995 -6.47181e-20)
(35.7967 -0.606637 0)
(35.7337 -0.62258 6.49892e-20)
(35.6702 -0.638863 6.51351e-20)
(35.6062 -0.655503 0)
(35.5419 -0.672529 0)
(35.477 -0.689959 -6.56317e-20)
(35.4117 -0.707793 -6.58183e-20)
(35.3458 -0.726045 -6.60163e-20)
(35.2795 -0.744734 0)
(35.2125 -0.763878 -6.64469e-20)
(35.1449 -0.783496 0)
(35.0767 -0.803611 0)
(35.0078 -0.824251 -6.71848e-20)
(34.9381 -0.845444 -6.74571e-20)
(34.8676 -0.867215 -6.77433e-20)
(34.7961 -0.889594 -6.80444e-20)
(34.7238 -0.912623 0)
(34.6504 -0.936345 0)
(34.5759 -0.960812 -6.90451e-20)
(34.5003 -0.986078 0)
(34.4234 -1.01222 -6.97969e-20)
(34.3453 -1.03931 -7.0192e-20)
(34.2658 -1.06739 -7.05991e-20)
(34.1849 -1.09648 0)
(34.1025 -1.12665 0)
(34.0184 -1.15794 0)
(33.9328 -1.19042 0)
(33.8454 -1.2241 0)
(33.7562 -1.25902 0)
(33.6651 -1.29518 0)
(33.572 -1.3326 0)
(33.4768 -1.37132 0)
(33.3795 -1.41137 0)
(33.2799 -1.45279 -7.30221e-20)
(33.178 -1.49564 0)
(33.0736 -1.54002 0)
(32.9665 -1.58602 0)
(32.8568 -1.63356 7.38472e-20)
(32.7444 -1.68259 0)
(32.629 -1.73313 0)
(32.5107 -1.78513 -7.45789e-20)
(32.3893 -1.83848 0)
(32.2647 -1.89307 0)
(32.1369 -1.94893 0)
(32.0057 -2.0062 0)
(31.8711 -2.06493 0)
(31.7329 -2.12515 0)
(31.5909 -2.18691 -7.69687e-20)
(31.445 -2.25001 0)
(31.2949 -2.31409 0)
(31.1407 -2.37904 0)
(30.982 -2.44511 -7.76359e-20)
(30.8188 -2.51259 0)
(30.6513 -2.58193 7.88537e-20)
(30.4791 -2.65359 -8.1055e-20)
(30.3022 -2.72738 0)
(30.1197 -2.80142 0)
(29.9318 -2.87299 0)
(29.7374 -2.94336 0)
(29.5387 -3.01799 0)
(29.3336 -3.10092 0)
(29.1279 -3.19016 1.91162e-21)
(34.8813 -0.147341 0)
(34.8389 -0.156754 0)
(34.7984 -0.165808 0)
(34.7578 -0.174819 0)
(34.7164 -0.183865 0)
(34.6745 -0.192958 0)
(34.6321 -0.201976 0)
(34.5892 -0.210808 0)
(34.5458 -0.219582 -7.26723e-20)
(34.5018 -0.228552 7.26425e-20)
(34.4574 -0.237763 0)
(34.4123 -0.247091 0)
(34.3667 -0.256482 0)
(34.3205 -0.26593 0)
(34.2738 -0.275455 0)
(34.2264 -0.285078 0)
(34.1785 -0.294823 0)
(34.1299 -0.304709 0)
(34.0808 -0.314749 0)
(34.0311 -0.324965 0)
(33.9808 -0.33539 -7.39317e-20)
(33.9299 -0.346058 0)
(33.8785 -0.356959 -7.42168e-20)
(33.8263 -0.368036 0)
(33.7737 -0.379265 7.452e-20)
(33.7204 -0.390693 0)
(33.6666 -0.402389 -7.48555e-20)
(33.6123 -0.414401 0)
(33.5574 -0.426763 -7.5222e-20)
(33.5019 -0.439485 0)
(33.4459 -0.452573 -7.56148e-20)
(33.3893 -0.466029 -7.58201e-20)
(33.3321 -0.479846 -7.60315e-20)
(33.2744 -0.494009 -7.6249e-20)
(33.2162 -0.508514 7.64727e-20)
(33.1575 -0.52335 -7.67018e-20)
(33.0983 -0.538495 -7.69357e-20)
(33.0386 -0.553939 -7.7176e-20)
(32.9783 -0.569675 -7.74244e-20)
(32.9176 -0.585713 -7.76824e-20)
(32.8563 -0.602067 -7.79513e-20)
(32.7945 -0.618747 -7.82322e-20)
(32.7321 -0.635764 -7.85262e-20)
(32.669 -0.653128 -7.88342e-20)
(32.6052 -0.67085 7.9157e-20)
(32.5408 -0.688943 -7.94953e-20)
(32.4755 -0.707422 -7.985e-20)
(32.4093 -0.726305 -8.02216e-20)
(32.3422 -0.745609 -8.0611e-20)
(32.2741 -0.765355 -8.10187e-20)
(32.2049 -0.785567 -8.14457e-20)
(32.1345 -0.806279 -8.18929e-20)
(32.0629 -0.827529 -8.23613e-20)
(31.9898 -0.849365 -8.28519e-20)
(31.9154 -0.871852 -8.33655e-20)
(31.8393 -0.895077 8.39005e-20)
(31.7617 -0.919089 -8.44557e-20)
(31.6823 -0.943923 -8.50363e-20)
(31.601 -0.969649 -8.56463e-20)
(31.5179 -0.996332 -8.62874e-20)
(31.4328 -1.02402 8.69621e-20)
(31.3456 -1.05279 0)
(31.2562 -1.08269 0)
(31.1645 -1.11373 0)
(31.0706 -1.14592 0)
(30.9742 -1.17928 0)
(30.8753 -1.21382 0)
(30.7739 -1.24956 0)
(30.6698 -1.28653 0)
(30.5629 -1.32475 0)
(30.4532 -1.36428 -8.98245e-20)
(30.3404 -1.40517 0)
(30.2245 -1.44743 -9.04958e-20)
(30.1052 -1.49105 0)
(29.9825 -1.53595 0)
(29.8562 -1.58201 0)
(29.7262 -1.62903 0)
(29.5921 -1.67694 0)
(29.454 -1.72589 0)
(29.3115 -1.77602 0)
(29.1646 -1.82724 0)
(29.0129 -1.87952 0)
(28.8563 -1.93288 -9.55826e-20)
(28.6946 -1.9872 0)
(28.5275 -2.04236 0)
(28.3549 -2.09822 0)
(28.1767 -2.15492 1.21494e-21)
(27.9927 -2.21303 0)
(27.8028 -2.27273 -1.02322e-19)
(27.6064 -2.33306 0)
(27.4026 -2.39299 0)
(27.1897 -2.45183 0)
(26.9683 -2.51081 -1.06119e-19)
(26.7382 -2.57431 0)
(26.5016 -2.64336 0)
(26.256 -2.71571 0)
(26.0046 -2.79011 1.86385e-21)
(32.4088 -0.1166 0)
(32.3727 -0.124919 0)
(32.3381 -0.132907 0)
(32.3032 -0.140827 0)
(32.2674 -0.14873 0)
(32.2308 -0.156625 -4.22249e-20)
(32.1935 -0.164494 0)
(32.1556 -0.172317 0)
(32.1169 -0.180141 -4.24785e-20)
(32.0776 -0.188046 -1.2783e-19)
(32.0376 -0.196062 4.26628e-20)
(31.9968 -0.204176 -4.27556e-20)
(31.9554 -0.212378 0)
(31.9132 -0.220665 -4.29425e-20)
(31.8704 -0.229045 0)
(31.8269 -0.237536 0)
(31.7827 -0.246158 -4.32314e-20)
(31.7378 -0.254933 0)
(31.6923 -0.263879 0)
(31.6462 -0.27302 -4.35387e-20)
(31.5995 -0.282387 8.74399e-20)
(31.5521 -0.292007 0)
(31.5041 -0.301872 8.78924e-20)
(31.4554 -0.311944 0)
(31.4061 -0.322208 -8.83704e-20)
(31.3563 -0.332686 0)
(31.3058 -0.343419 8.88801e-20)
(31.2548 -0.354446 0)
(31.2031 -0.365802 1.34048e-19)
(31.1509 -0.377511 -4.47646e-20)
(31.098 -0.389586 1.34912e-19)
(31.0446 -0.402035 9.03051e-20)
(30.9905 -0.414855 9.06164e-20)
(30.9359 -0.428041 9.09371e-20)
(30.8806 -0.441589 -9.12673e-20)
(30.8248 -0.455489 1.37308e-19)
(30.7683 -0.469718 1.37831e-19)
(30.7113 -0.484267 9.23196e-20)
(30.6537 -0.499126 1.38935e-19)
(30.5956 -0.514288 1.39519e-19)
(30.5368 -0.529748 9.34936e-20)
(30.4774 -0.545495 9.39178e-20)
(30.4173 -0.561523 9.43604e-20)
(30.3565 -0.577822 9.4823e-20)
(30.295 -0.594387 -4.77741e-20)
(30.2325 -0.611215 9.58127e-20)
(30.1692 -0.628306 1.44389e-19)
(30.1049 -0.645665 1.45218e-19)
(30.0394 -0.663301 9.74772e-20)
(29.9728 -0.681226 1.46996e-19)
(29.9048 -0.69946 9.87213e-20)
(29.8355 -0.71803 1.48944e-19)
(29.7645 -0.736974 1.00086e-19)
(29.6919 -0.756342 1.00817e-19)
(29.6176 -0.776195 1.01583e-19)
(29.5413 -0.796601 -1.02386e-19)
(29.463 -0.81762 1.54679e-19)
(29.3825 -0.839301 1.55992e-19)
(29.2998 -0.861707 1.05028e-19)
(29.2147 -0.884921 1.58035e-19)
(29.1271 -0.908998 -1.05838e-19)
(29.0368 -0.933992 0)
(28.9439 -0.959943 0)
(28.8482 -0.98688 0)
(28.7495 -1.01482 -5.35057e-20)
(28.6479 -1.04379 -5.37199e-20)
(28.5433 -1.07381 -5.39448e-20)
(28.4355 -1.10488 -5.41813e-20)
(28.3244 -1.13701 0)
(28.2099 -1.17021 0)
(28.0918 -1.20451 1.10487e-19)
(27.9701 -1.23993 0)
(27.8445 -1.27643 1.11752e-19)
(27.7147 -1.31399 -5.59161e-20)
(27.5807 -1.35256 0)
(27.442 -1.39202 -5.66507e-20)
(27.2987 -1.4322 0)
(27.1504 -1.47304 -5.7483e-20)
(26.9969 -1.51461 0)
(26.8381 -1.55698 0)
(26.6736 -1.60005 -5.89867e-20)
(26.5032 -1.64392 -5.95637e-20)
(26.3266 -1.6886 6.10758e-20)
(26.1435 -1.73384 -6.08344e-20)
(25.9535 -1.77961 6.15401e-20)
(25.7564 -1.82584 -6.22984e-20)
(25.5517 -1.8726 1.27323e-19)
(25.3389 -1.92034 0)
(25.1173 -1.96896 -6.49363e-20)
(24.8861 -2.01667 -6.59217e-20)
(24.6444 -2.06226 -6.70369e-20)
(24.3911 -2.10645 -6.83087e-20)
(24.1261 -2.15083 7.12128e-20)
(23.8497 -2.1981 -7.12133e-20)
(23.5634 -2.24925 -7.26786e-20)
(23.2657 -2.30449 0)
(22.959 -2.36425 1.48301e-19)
(30.2387 -0.096473 0)
(30.2069 -0.103568 4.87104e-20)
(30.1766 -0.11032 4.88314e-20)
(30.1454 -0.117049 4.89563e-20)
(30.1132 -0.123768 0)
(30.0802 -0.13047 4.52311e-23)
(30.0463 -0.137146 4.9332e-20)
(30.0116 -0.143792 4.94597e-20)
(29.9761 -0.150457 4.96357e-20)
(29.9398 -0.157213 9.94874e-20)
(29.9027 -0.164092 -4.83229e-23)
(29.8648 -0.171086 1.00021e-19)
(29.8261 -0.178188 5.01208e-20)
(29.7867 -0.185402 5.0309e-20)
(29.7465 -0.19274 -5.03958e-20)
(29.7056 -0.200218 5.05363e-20)
(29.664 -0.207855 1.01413e-19)
(29.6217 -0.215671 0)
(29.5788 -0.223682 5.09723e-20)
(29.5352 -0.231908 5.91545e-23)
(29.491 -0.240367 0)
(29.4462 -0.249068 0)
(29.4007 -0.258008 0)
(29.3546 -0.267173 -5.17625e-20)
(29.3078 -0.276561 0)
(29.2604 -0.286188 0)
(29.2124 -0.29608 0)
(29.1638 -0.306269 5.2473e-20)
(29.1145 -0.316786 -5.27368e-20)
(29.0646 -0.327653 1.05796e-19)
(29.0141 -0.338886 -7.6958e-23)
(28.9629 -0.350494 0)
(28.911 -0.362479 0)
(28.8584 -0.374836 0)
(28.8052 -0.387561 5.39386e-20)
(28.7513 -0.400644 -5.42638e-20)
(28.6968 -0.414064 -5.45117e-20)
(28.6415 -0.427801 0)
(28.5856 -0.441835 -9.38936e-23)
(28.529 -0.456148 -5.53142e-20)
(28.4716 -0.470721 0)
(28.4135 -0.485531 0)
(28.3546 -0.500555 5.61215e-20)
(28.2949 -0.515771 0)
(28.2342 -0.531157 -5.68987e-20)
(28.1725 -0.546693 0)
(28.1098 -0.562367 -5.76402e-20)
(28.0458 -0.57817 -1.07995e-22)
(27.9805 -0.5941 0)
(27.9138 -0.610153 -5.88905e-20)
(27.8455 -0.626338 0)
(27.7754 -0.642677 -1.19539e-19)
(27.7034 -0.659205 0)
(27.6294 -0.675965 0)
(27.5532 -0.693028 0)
(27.4746 -0.710462 -6.14181e-20)
(27.3936 -0.728327 -6.18036e-20)
(27.3098 -0.746678 -6.20733e-20)
(27.2232 -0.76558 0)
(27.1337 -0.785109 -6.26436e-20)
(27.0411 -0.805348 0)
(26.9453 -0.826372 -6.31089e-20)
(26.8461 -0.848241 -6.34309e-20)
(26.7436 -0.870988 -6.37673e-20)
(26.6375 -0.894639 6.42915e-20)
(26.5278 -0.919218 1.79664e-22)
(26.4144 -0.944735 1.87707e-22)
(26.2972 -0.971171 1.96025e-22)
(26.1761 -0.998506 -6.57196e-20)
(26.0508 -1.02672 0)
(25.9212 -1.0558 -6.66613e-20)
(25.7872 -1.08578 -6.71752e-20)
(25.6484 -1.11658 -6.77213e-20)
(25.5047 -1.14812 6.85568e-20)
(25.3558 -1.18033 -6.89197e-20)
(25.2014 -1.21312 2.77941e-22)
(25.0413 -1.24638 -7.02776e-20)
(24.8753 -1.28003 3.02856e-22)
(24.7031 -1.31412 0)
(24.5243 -1.34863 -7.26828e-20)
(24.3386 -1.38344 3.46991e-22)
(24.1455 -1.41859 3.63829e-22)
(23.9446 -1.45409 3.82123e-22)
(23.7355 -1.48965 7.71477e-20)
(23.5175 -1.52518 -1.56328e-19)
(23.2902 -1.56056 4.4811e-22)
(23.053 -1.59562 -8.06492e-20)
(22.8049 -1.63042 0)
(22.5452 -1.66481 5.28776e-22)
(22.2732 -1.69764 5.56402e-22)
(21.9885 -1.72738 5.82163e-22)
(21.6918 -1.75429 6.06327e-22)
(21.3833 -1.78177 9.23266e-20)
(21.0641 -1.81529 6.55487e-22)
(20.7349 -1.8544 6.86286e-22)
(20.397 -1.89684 -9.84349e-20)
(20.0514 -1.94294 9.81715e-20)
(28.3209 -0.0818483 5.58764e-20)
(28.2917 -0.0877041 -5.61031e-20)
(28.2638 -0.093198 -3.32681e-23)
(28.235 -0.0987511 -5.64368e-20)
(28.2049 -0.104308 5.65699e-20)
(28.174 -0.109868 1.13512e-19)
(28.1421 -0.115439 -5.69434e-20)
(28.1093 -0.121032 -5.71146e-20)
(28.0757 -0.12668 -5.72507e-20)
(28.0412 -0.132426 -5.74612e-20)
(28.0059 -0.138295 -3.77487e-23)
(27.9698 -0.144296 -3.86153e-23)
(27.9328 -0.150438 -1.15949e-19)
(27.8951 -0.15673 5.81357e-20)
(27.8567 -0.163185 1.1668e-19)
(27.8175 -0.169817 -4.27318e-23)
(27.7777 -0.176641 -4.38537e-23)
(27.7372 -0.183671 5.88886e-20)
(27.6961 -0.19092 -4.61747e-23)
(27.6543 -0.198398 1.18621e-19)
(27.6119 -0.206116 0)
(27.5689 -0.214075 0)
(27.5252 -0.222272 0)
(27.4809 -0.230698 1.20333e-19)
(27.4359 -0.239355 0)
(27.3902 -0.248253 6.06019e-20)
(27.3439 -0.257411 0)
(27.2969 -0.266856 -5.83619e-23)
(27.2492 -0.276616 0)
(27.2008 -0.286713 -1.23283e-19)
(27.1517 -0.297164 -6.19466e-20)
(27.1018 -0.307977 0)
(27.0511 -0.31916 0)
(26.9997 -0.330709 0)
(26.9475 -0.342623 -6.31389e-20)
(26.8944 -0.354888 0)
(26.8406 -0.367487 0)
(26.786 -0.380395 0)
(26.7305 -0.39359 -6.45199e-20)
(26.6742 -0.407047 0)
(26.617 -0.420738 0)
(26.5588 -0.434622 0)
(26.4997 -0.448661 -6.61562e-20)
(26.4396 -0.462815 6.65274e-20)
(26.3783 -0.477048 0)
(26.3159 -0.491319 0)
(26.2521 -0.505594 0)
(26.1868 -0.519843 -6.86848e-20)
(26.1198 -0.534054 0)
(26.0511 -0.54822 0)
(25.9804 -0.562343 0)
(25.9075 -0.576437 7.01152e-20)
(25.8323 -0.590533 0)
(25.7546 -0.604673 0)
(25.6741 -0.618914 0)
(25.5908 -0.633326 7.16212e-20)
(25.5045 -0.647982 0)
(25.4148 -0.662949 0)
(25.3218 -0.678303 0)
(25.2252 -0.69412 0)
(25.1249 -0.710502 7.37556e-20)
(25.0207 -0.727551 7.43755e-20)
(24.9125 -0.745342 1.22601e-22)
(24.8003 -0.763902 7.546e-20)
(24.6839 -0.783264 -7.59068e-20)
(24.5633 -0.803465 7.66521e-20)
(24.4384 -0.824508 1.47884e-22)
(24.309 -0.846323 7.79722e-20)
(24.175 -0.868857 1.6201e-22)
(24.0362 -0.892062 0)
(23.8924 -0.915932 1.77572e-22)
(23.7434 -0.940485 8.10969e-20)
(23.5888 -0.965597 1.94871e-22)
(23.4285 -0.991133 0)
(23.2622 -1.01706 1.67734e-19)
(23.0895 -1.04329 8.50573e-20)
(22.9102 -1.06972 2.33896e-22)
(22.724 -1.09623 8.7445e-20)
(22.5306 -1.12281 -8.85032e-20)
(22.3294 -1.14937 9.01587e-20)
(22.1201 -1.17576 9.16526e-20)
(21.9021 -1.20188 9.32519e-20)
(21.6748 -1.22774 3.07847e-22)
(21.4377 -1.2531 0)
(21.19 -1.27775 1.97166e-19)
(20.9313 -1.30147 1.00855e-19)
(20.6608 -1.32408 3.78871e-22)
(20.3779 -1.34559 0)
(20.0823 -1.36597 1.08114e-19)
(19.774 -1.38466 1.10859e-19)
(19.4537 -1.4015 4.64849e-22)
(19.1237 -1.41738 1.16841e-19)
(18.7855 -1.4349 -1.19534e-19)
(18.4409 -1.45891 1.23404e-19)
(18.0896 -1.48958 5.86351e-22)
(17.7342 -1.52504 2.59435e-19)
(17.373 -1.56464 -1.30242e-19)
(26.6112 -0.0701188 -2.67673e-23)
(26.5833 -0.0748815 0)
(26.5568 -0.0792281 -6.37357e-20)
(26.529 -0.0837525 0)
(26.5001 -0.0882832 -6.41498e-20)
(26.4702 -0.0928542 -2.63223e-23)
(26.4394 -0.0974676 -6.45401e-20)
(26.4077 -0.102147 0)
(26.3751 -0.106914 2.73928e-23)
(26.3417 -0.111804 0)
(26.3075 -0.11684 -2.85604e-23)
(26.2725 -0.122035 -2.93018e-23)
(26.2367 -0.127405 3.0144e-23)
(26.2002 -0.13296 -3.10443e-23)
(26.163 -0.138713 -6.63143e-20)
(26.1251 -0.144672 -6.65477e-20)
(26.0866 -0.15085 -3.40275e-23)
(26.0474 -0.157254 -6.7029e-20)
(26.0075 -0.16389 -3.6164e-23)
(25.9671 -0.170761 -6.75329e-20)
(25.926 -0.177869 6.77561e-20)
(25.8842 -0.185209 0)
(25.8418 -0.192777 0)
(25.7987 -0.200564 -4.18855e-23)
(25.7549 -0.208573 0)
(25.7103 -0.216809 -6.922e-20)
(25.665 -0.225293 0)
(25.6189 -0.234042 -6.98542e-20)
(25.572 -0.243087 7.01385e-20)
(25.5242 -0.25245 1.41012e-19)
(25.4756 -0.262149 0)
(25.426 -0.27219 0)
(25.3756 -0.282588 7.15822e-20)
(25.3241 -0.293342 7.19768e-20)
(25.2718 -0.304454 7.23868e-20)
(25.2184 -0.315909 0)
(25.1641 -0.32769 0)
(25.1088 -0.339765 0)
(25.0525 -0.352108 0)
(24.9951 -0.364678 0)
(24.9366 -0.377444 7.51584e-20)
(24.8769 -0.39036 0)
(24.816 -0.403376 0)
(24.7538 -0.416433 -7.62705e-20)
(24.6902 -0.429479 0)
(24.6251 -0.44245 7.69746e-20)
(24.5583 -0.455289 7.73901e-20)
(24.4897 -0.467943 7.78247e-20)
(24.4191 -0.480383 0)
(24.3462 -0.492594 0)
(24.2709 -0.504579 0)
(24.193 -0.516346 0)
(24.1121 -0.527936 0)
(24.0282 -0.539392 8.08644e-20)
(23.9411 -0.550775 0)
(23.8504 -0.562148 0)
(23.7561 -0.573592 0)
(23.658 -0.585185 0)
(23.5559 -0.597008 8.40258e-20)
(23.4496 -0.609138 8.4737e-20)
(23.3389 -0.621715 -8.5559e-20)
(23.2238 -0.634876 0)
(23.1042 -0.648708 8.90712e-23)
(22.9799 -0.663228 0)
(22.851 -0.678485 8.88804e-20)
(22.7173 -0.694536 0)
(22.5789 -0.711359 9.07972e-20)
(22.4355 -0.728808 0)
(22.2869 -0.746803 9.29244e-20)
(22.1331 -0.765274 0)
(21.9737 -0.784217 1.33236e-22)
(21.8085 -0.803638 0)
(21.6372 -0.82337 9.79811e-20)
(21.4595 -0.843263 0)
(21.2751 -0.863296 -1.00991e-19)
(21.0838 -0.883376 0)
(20.8851 -0.903371 1.04409e-19)
(20.6788 -0.923143 0)
(20.4644 -0.942603 1.08289e-19)
(20.2416 -0.961624 0)
(20.0099 -0.980015 0)
(19.7688 -0.997619 0)
(19.5178 -1.01438 1.17665e-19)
(19.2562 -1.03009 0)
(18.9837 -1.04455 -1.23341e-19)
(18.6998 -1.0576 0)
(18.4043 -1.06921 2.72e-22)
(18.0974 -1.0795 0)
(17.7791 -1.08885 -1.36625e-19)
(17.4505 -1.09739 0)
(17.1129 -1.10583 1.44821e-19)
(16.7685 -1.11538 0)
(16.4189 -1.12858 1.53403e-19)
(16.0657 -1.14904 0)
(15.709 -1.17679 4.74881e-22)
(15.3509 -1.20989 -1.67051e-19)
(14.9897 -1.24663 0)
(25.0745 -0.0599649 -1.05368e-19)
(25.0472 -0.063828 0)
(25.0212 -0.0671773 -3.53647e-20)
(24.9939 -0.0708629 0)
(24.9655 -0.0745308 -3.5602e-20)
(24.9362 -0.0782962 -7.14618e-20)
(24.906 -0.0821311 3.58609e-20)
(24.875 -0.0860748 -3.59636e-20)
(24.8431 -0.0901394 7.2192e-20)
(24.8104 -0.0943545 0)
(24.777 -0.0987417 -1.09029e-19)
(24.7428 -0.103312 -1.09413e-19)
(24.7079 -0.108086 7.321e-20)
(24.6723 -0.113069 -1.10203e-19)
(24.6361 -0.118275 0)
(24.5992 -0.123702 -3.70009e-20)
(24.5616 -0.129365 -1.11455e-19)
(24.5234 -0.135257 -3.72892e-20)
(24.4845 -0.141386 -1.12346e-19)
(24.445 -0.14774 -3.75942e-20)
(24.4048 -0.15432 -7.5537e-20)
(24.3638 -0.161112 -3.79183e-20)
(24.3221 -0.168113 0)
(24.2796 -0.175311 -1.14824e-19)
(24.2363 -0.182711 0)
(24.1922 -0.190313 -3.86335e-20)
(24.1471 -0.198138 0)
(24.1011 -0.206196 -3.90295e-20)
(24.0541 -0.214519 -7.85145e-20)
(24.006 -0.223124 -1.18368e-19)
(23.9569 -0.232045 0)
(23.9066 -0.241292 0)
(23.8552 -0.250886 -7.98611e-20)
(23.8027 -0.260826 -8.01953e-20)
(23.749 -0.271119 -8.05422e-20)
(23.694 -0.281745 0)
(23.6379 -0.292689 0)
(23.5806 -0.303907 0)
(23.5219 -0.315371 0)
(23.462 -0.327023 0)
(23.4007 -0.338827 -8.29548e-20)
(23.3379 -0.350728 0)
(23.2736 -0.362669 0)
(23.2077 -0.374572 0)
(23.1399 -0.386372 0)
(23.0703 -0.39798 -8.55457e-20)
(22.9986 -0.409325 -8.61427e-20)
(22.9245 -0.420331 -8.67684e-20)
(22.848 -0.43096 0)
(22.7687 -0.441176 0)
(22.6865 -0.450984 0)
(22.601 -0.460394 0)
(22.5121 -0.469465 0)
(22.4195 -0.478245 -9.1162e-20)
(22.323 -0.48681 0)
(22.2226 -0.495213 0)
(22.118 -0.503555 0)
(22.0091 -0.511913 0)
(21.8957 -0.520377 -9.57375e-20)
(21.7777 -0.529023 -9.67662e-20)
(21.6548 -0.538042 0)
(21.5272 -0.547594 -4.94503e-20)
(21.3946 -0.557783 1.50152e-19)
(21.257 -0.568608 5.06375e-20)
(21.1145 -0.580157 5.12741e-20)
(20.967 -0.592483 5.19443e-20)
(20.8146 -0.605518 5.26474e-20)
(20.6569 -0.61906 5.33864e-20)
(20.494 -0.633029 5.41686e-20)
(20.3254 -0.647296 5.49989e-20)
(20.1511 -0.661849 1.11858e-19)
(19.9706 -0.676681 5.6817e-20)
(19.7836 -0.691599 5.77966e-20)
(19.59 -0.706429 5.88391e-20)
(19.3893 -0.721154 5.99593e-20)
(19.1811 -0.735693 6.11507e-20)
(18.9652 -0.74991 6.24173e-20)
(18.7413 -0.763636 6.37638e-20)
(18.5091 -0.776785 6.51936e-20)
(18.2683 -0.789188 -6.67112e-20)
(18.0186 -0.800663 6.83199e-20)
(17.7596 -0.811012 7.00294e-20)
(17.491 -0.820165 7.18515e-20)
(17.2125 -0.827996 7.37799e-20)
(16.924 -0.834428 0)
(16.6258 -0.839436 7.79423e-20)
(16.3182 -0.84321 2.40715e-19)
(16.0018 -0.846075 8.25134e-20)
(15.6775 -0.848744 1.70082e-19)
(15.3463 -0.851563 8.7464e-20)
(15.0097 -0.855688 9.0063e-20)
(14.6693 -0.862196 9.27427e-20)
(14.3266 -0.873535 9.54891e-20)
(13.9828 -0.892771 9.82986e-20)
(13.6371 -0.919651 3.03493e-19)
(13.2912 -0.951536 -1.03933e-19)
(12.9413 -0.986095 0)
(23.6842 -0.0509367 3.81629e-20)
(23.6571 -0.054078 0)
(23.6314 -0.0565905 3.84289e-20)
(23.6043 -0.0596339 -3.85519e-20)
(23.5763 -0.0626059 3.86883e-20)
(23.5474 -0.0657527 0)
(23.5176 -0.0689827 3.89526e-20)
(23.4871 -0.0723624 7.81681e-20)
(23.4558 -0.075887 0)
(23.4238 -0.0795851 0)
(23.3911 -0.083475 3.95048e-20)
(23.3576 -0.0875624 3.96498e-20)
(23.3235 -0.0918678 0)
(23.2887 -0.0963889 3.99264e-20)
(23.2532 -0.101146 0)
(23.2171 -0.10613 4.01713e-20)
(23.1802 -0.111353 4.02982e-20)
(23.1427 -0.116797 4.04284e-20)
(23.1044 -0.122469 4.05622e-20)
(23.0653 -0.128346 4.06999e-20)
(23.0255 -0.134429 4.08307e-20)
(22.9848 -0.140695 4.09878e-20)
(22.9432 -0.147146 0)
(22.9007 -0.153763 4.12942e-20)
(22.8572 -0.160557 4.14426e-20)
(22.8126 -0.167519 4.16214e-20)
(22.767 -0.174675 0)
(22.7201 -0.182029 4.19711e-20)
(22.6721 -0.189614 4.21411e-20)
(22.6228 -0.197444 4.23456e-20)
(22.5722 -0.20557 4.2528e-20)
(22.5202 -0.214003 4.27322e-20)
(22.4668 -0.222777 0)
(22.4121 -0.231882 4.31649e-20)
(22.3559 -0.241338 4.33948e-20)
(22.2982 -0.251111 0)
(22.2391 -0.261189 0)
(22.1784 -0.271516 0)
(22.1161 -0.282062 4.44244e-20)
(22.0522 -0.292757 0)
(21.9865 -0.303562 4.50182e-20)
(21.919 -0.314399 4.53383e-20)
(21.8495 -0.325206 4.56749e-20)
(21.778 -0.335886 0)
(21.7042 -0.346375 4.64015e-20)
(21.628 -0.356557 4.67931e-20)
(21.5492 -0.36635 0)
(21.4676 -0.375653 4.76358e-20)
(21.3829 -0.384428 4.80876e-20)
(21.2949 -0.39262 0)
(21.2034 -0.400247 0)
(21.1081 -0.407326 0)
(21.0087 -0.413944 5.01028e-20)
(20.9053 -0.420157 0)
(20.7976 -0.426065 5.12369e-20)
(20.6855 -0.431713 5.18373e-20)
(20.5689 -0.437219 5.24611e-20)
(20.4478 -0.44265 0)
(20.3219 -0.448107 5.37799e-20)
(20.1912 -0.453662 5.44783e-20)
(20.0556 -0.459554 0)
(19.915 -0.465945 5.59778e-20)
(19.7694 -0.472967 -1.13513e-19)
(19.6189 -0.480644 -5.75854e-20)
(19.4635 -0.489099 -5.84513e-20)
(19.3032 -0.498327 -5.93643e-20)
(19.138 -0.508221 -6.03196e-20)
(18.9678 -0.518512 -6.1322e-20)
(18.7923 -0.529088 -6.23891e-20)
(18.6111 -0.539759 -6.35264e-20)
(18.424 -0.550528 0)
(18.2306 -0.561381 -6.60111e-20)
(18.0306 -0.572133 -6.73501e-20)
(17.8237 -0.582597 -6.87823e-20)
(17.6094 -0.592757 -7.03193e-20)
(17.3877 -0.602552 -7.1947e-20)
(17.1583 -0.611889 -1.47303e-19)
(16.9211 -0.620597 -7.54975e-20)
(16.676 -0.628604 -7.74322e-20)
(16.4228 -0.635688 7.94778e-20)
(16.1614 -0.641721 -1.6323e-19)
(15.8918 -0.646511 -8.3916e-20)
(15.6138 -0.650013 -8.63189e-20)
(15.3276 -0.652232 -8.8838e-20)
(15.0338 -0.653266 0)
(14.7328 -0.653224 -9.42018e-20)
(14.4254 -0.652439 -9.704e-20)
(14.1125 -0.651309 -1.99893e-19)
(13.795 -0.650685 0)
(13.4739 -0.650898 -2.12154e-19)
(13.1503 -0.653371 -1.09288e-19)
(12.8253 -0.659063 -1.12518e-19)
(12.5003 -0.670434 -1.15771e-19)
(12.1757 -0.689524 -1.19033e-19)
(11.8506 -0.716373 -1.22183e-19)
(11.5254 -0.746935 1.18103e-22)
(11.1943 -0.777746 0)
(22.4203 -0.0428838 4.02279e-20)
(22.3933 -0.045451 4.03444e-20)
(22.3679 -0.0472984 -4.04645e-20)
(22.3409 -0.0498762 4.05814e-20)
(22.3133 -0.052306 4.06949e-20)
(22.2848 -0.0549972 4.08117e-20)
(22.2556 -0.0577674 0)
(22.2257 -0.0607219 -4.10543e-20)
(22.195 -0.0638327 -4.11729e-20)
(22.1637 -0.06713 0)
(22.1316 -0.070629 4.14245e-20)
(22.0989 -0.0743282 4.15546e-20)
(22.0654 -0.0782489 0)
(22.0313 -0.0823792 4.18252e-20)
(21.9964 -0.0867475 4.19664e-20)
(21.9608 -0.0913337 4.21122e-20)
(21.9245 -0.0961514 0)
(21.8873 -0.10117 4.24186e-20)
(21.8492 -0.106398 0)
(21.8103 -0.1118 4.27468e-20)
(21.7703 -0.117385 -4.29274e-20)
(21.7293 -0.123118 4.30994e-20)
(21.6873 -0.129012 4.32856e-20)
(21.6441 -0.135035 4.34788e-20)
(21.5996 -0.141208 -4.36877e-20)
(21.5539 -0.147514 4.38873e-20)
(21.5068 -0.153985 4.41032e-20)
(21.4583 -0.160616 4.43273e-20)
(21.4084 -0.167453 -9.55734e-24)
(21.3569 -0.174504 4.48012e-20)
(21.3038 -0.181832 -4.50621e-20)
(21.2491 -0.189442 -4.53233e-20)
(21.1927 -0.197386 4.55843e-20)
(21.1346 -0.205645 -4.58791e-20)
(21.0748 -0.214249 -1.19118e-23)
(21.0132 -0.223147 0)
(20.9497 -0.232333 0)
(20.8844 -0.24173 0)
(20.8171 -0.251314 -1.35765e-23)
(20.7476 -0.260997 0)
(20.676 -0.270744 -4.82923e-20)
(20.6021 -0.280452 -4.87124e-20)
(20.5257 -0.290057 -4.91545e-20)
(20.4467 -0.299453 4.96058e-20)
(20.365 -0.308577 -5.01093e-20)
(20.2802 -0.317287 -5.06237e-20)
(20.1924 -0.325495 0)
(20.1011 -0.33308 -5.17289e-20)
(20.0062 -0.340011 -5.23201e-20)
(19.9075 -0.346223 0)
(19.8047 -0.351758 0)
(19.6977 -0.35664 5.424e-20)
(19.5864 -0.360994 -5.49424e-20)
(19.4706 -0.364886 5.56553e-20)
(19.3504 -0.368446 -5.64076e-20)
(19.2257 -0.371709 -5.71812e-20)
(19.0966 -0.374803 -5.79839e-20)
(18.963 -0.377766 0)
(18.8248 -0.380717 -5.96765e-20)
(18.6819 -0.383732 -6.05717e-20)
(18.5344 -0.387085 0)
(18.3821 -0.390916 0)
(18.2251 -0.395412 6.34856e-20)
(18.0635 -0.400603 6.45313e-20)
(17.8974 -0.406623 0)
(17.7267 -0.413398 0)
(17.5514 -0.420796 0)
(17.3713 -0.428467 0)
(17.1861 -0.43627 0)
(16.9952 -0.44396 7.22141e-20)
(16.7984 -0.451582 0)
(16.5953 -0.459121 0)
(16.3858 -0.46638 0)
(16.1693 -0.473175 0)
(15.9458 -0.479555 0)
(15.7152 -0.48552 0)
(15.4775 -0.491027 8.53147e-20)
(15.2328 -0.495878 -8.76228e-20)
(14.9812 -0.500026 0)
(14.7226 -0.503212 0)
(14.4572 -0.505396 1.90751e-19)
(14.1852 -0.506398 0)
(13.9068 -0.506259 0)
(13.6227 -0.505105 0)
(13.3334 -0.503119 0)
(13.0397 -0.500464 -1.10671e-19)
(12.7424 -0.497548 0)
(12.4423 -0.494754 1.17502e-19)
(12.1404 -0.492984 1.21004e-19)
(11.8373 -0.492396 1.24619e-19)
(11.5336 -0.494609 0)
(11.2299 -0.500454 0)
(10.9271 -0.512519 0)
(10.6251 -0.531958 0)
(10.3227 -0.558953 0)
(10.0207 -0.587799 6.64052e-23)
(9.71201 -0.614893 1.46616e-19)
(21.2684 -0.0357627 -8.31751e-20)
(21.2415 -0.0378963 -4.17053e-20)
(21.2166 -0.039258 4.18307e-20)
(21.19 -0.0415091 0)
(21.1629 -0.0435278 -4.20741e-20)
(21.135 -0.0458864 -4.21992e-20)
(21.1065 -0.0483045 0)
(21.0772 -0.0509308 4.24571e-20)
(21.0473 -0.0537121 1.89505e-24)
(21.0166 -0.0566823 4.27301e-20)
(20.9853 -0.0598536 -4.28751e-20)
(20.9532 -0.0632179 -4.30227e-20)
(20.9204 -0.066801 0)
(20.8867 -0.0705798 -4.33339e-20)
(20.8523 -0.074587 -4.34984e-20)
(20.817 -0.0787898 -4.36695e-20)
(20.7807 -0.0832068 0)
(20.7435 -0.0877947 -4.40325e-20)
(20.7052 -0.0925687 0)
(20.6658 -0.0974828 -4.44256e-20)
(20.6251 -0.102555 0)
(20.5832 -0.107739 -4.48513e-20)
(20.54 -0.113059 -4.50772e-20)
(20.4953 -0.118474 -4.53124e-20)
(20.4492 -0.124014 0)
(20.4015 -0.12965 -4.58116e-20)
(20.3522 -0.135426 -4.60762e-20)
(20.3012 -0.141326 -4.63515e-20)
(20.2484 -0.147411 -4.66375e-20)
(20.1938 -0.15368 -4.69351e-20)
(20.1373 -0.160211 0)
(20.0789 -0.167001 0)
(20.0185 -0.174117 -4.79043e-20)
(19.956 -0.181525 0)
(19.8915 -0.189268 -4.86261e-20)
(19.8248 -0.197273 0)
(19.7558 -0.205538 0)
(19.6846 -0.21397 0)
(19.6108 -0.222552 -5.03027e-20)
(19.5345 -0.231176 0)
(19.4554 -0.239812 0)
(19.3735 -0.24834 0)
(19.2885 -0.256702 0)
(19.2004 -0.26478 -5.2952e-20)
(19.1089 -0.27252 0)
(19.0139 -0.279755 0)
(18.9153 -0.286398 0)
(18.8127 -0.292313 0)
(18.706 -0.29749 0)
(18.5951 -0.301862 0)
(18.4798 -0.305498 0)
(18.3601 -0.308436 -5.87206e-20)
(18.236 -0.310842 0)
(18.1076 -0.312785 -6.04576e-20)
(17.9748 -0.314423 0)
(17.8379 -0.315784 0)
(17.697 -0.317005 0)
(17.5519 -0.318073 0)
(17.4028 -0.319124 0)
(17.2496 -0.320219 0)
(17.0922 -0.321647 6.76062e-20)
(16.9306 -0.323533 0)
(16.7648 -0.326134 0)
(16.595 -0.329474 -7.13227e-20)
(16.4211 -0.333685 0)
(16.2431 -0.338631 0)
(16.061 -0.34413 0)
(15.8744 -0.349725 0)
(15.6827 -0.355267 0)
(15.4857 -0.360517 -8.08398e-20)
(15.2829 -0.365582 0)
(15.0742 -0.370437 0)
(14.8593 -0.374874 -8.69587e-20)
(14.6379 -0.378781 0)
(14.4102 -0.382296 0)
(14.1762 -0.38543 0)
(13.9361 -0.388167 0)
(13.6902 -0.390303 9.96647e-20)
(13.4386 -0.391818 0)
(13.1816 -0.392433 0)
(12.9195 -0.392205 -1.0886e-19)
(12.6528 -0.39096 0)
(12.3818 -0.38881 0)
(12.1075 -0.385943 0)
(11.8304 -0.382555 0)
(11.5511 -0.378843 1.2638e-19)
(11.2706 -0.375238 0)
(10.9895 -0.372081 0)
(10.7086 -0.370268 -1.37777e-19)
(10.428 -0.369723 0)
(10.1478 -0.372259 0)
(9.86833 -0.378473 0)
(9.58921 -0.391115 0)
(9.31037 -0.410629 0)
(9.03042 -0.437993 0)
(8.75247 -0.465568 1.6199e-19)
(8.46674 -0.489487 -2.42315e-23)
(20.2171 -0.0295845 4.26741e-20)
(20.1906 -0.0314034 0)
(20.1663 -0.0324348 0)
(20.1402 -0.0344502 0)
(20.114 -0.0361595 0)
(20.0868 -0.0382646 2.16556e-20)
(20.059 -0.0404018 0)
(20.0305 -0.0427587 -2.17969e-20)
(20.0013 -0.0452592 4.37419e-20)
(19.9714 -0.0479419 -4.3896e-20)
(19.9406 -0.0508168 0)
(19.9091 -0.0538698 2.21111e-20)
(19.8766 -0.057131 -2.2198e-20)
(19.8433 -0.0605675 0)
(19.8089 -0.0642151 2.23837e-20)
(19.7735 -0.06803 0)
(19.7369 -0.0720355 2.25867e-20)
(19.6992 -0.0761791 0)
(19.6601 -0.0804825 0)
(19.6196 -0.0848923 0)
(19.5777 -0.0894353 -2.30495e-20)
(19.5342 -0.0940587 0)
(19.4891 -0.0987954 2.33119e-20)
(19.4423 -0.103595 0)
(19.3938 -0.108499 0)
(19.3433 -0.113466 2.37486e-20)
(19.291 -0.118549 0)
(19.2367 -0.123726 0)
(19.1802 -0.129069 2.42412e-20)
(19.1217 -0.134571 0)
(19.0609 -0.14032 0)
(18.9979 -0.146305 -2.47977e-20)
(18.9326 -0.152603 0)
(18.8648 -0.159167 0)
(18.7946 -0.166047 2.54345e-20)
(18.7218 -0.173146 0)
(18.6462 -0.180474 2.59149e-20)
(18.5678 -0.187918 0)
(18.4864 -0.195468 0)
(18.4019 -0.203004 0)
(18.3141 -0.210504 2.70409e-20)
(18.2228 -0.217834 0)
(18.1279 -0.224947 -2.76971e-20)
(18.0293 -0.231718 0)
(17.9269 -0.238104 0)
(17.8204 -0.243917 2.88089e-20)
(17.7097 -0.249079 0)
(17.5948 -0.25345 0)
(17.4754 -0.25705 0)
(17.3517 -0.259814 0)
(17.2236 -0.261844 0)
(17.0913 -0.263188 3.14825e-20)
(16.9547 -0.264049 0)
(16.8143 -0.264502 -3.24998e-20)
(16.6701 -0.264723 0)
(16.5224 -0.264722 0)
(16.3713 -0.264622 0)
(16.217 -0.264362 3.47551e-20)
(16.0593 -0.264092 0)
(15.8982 -0.263844 3.60171e-20)
(15.7337 -0.263925 -1.10071e-19)
(15.5658 -0.264462 0)
(15.3944 -0.265744 0)
(15.2196 -0.267772 0)
(15.0413 -0.270685 3.97141e-20)
(14.8596 -0.274295 0)
(14.6742 -0.278343 0)
(14.4845 -0.282302 0)
(14.2901 -0.286056 4.34716e-20)
(14.0904 -0.2894 0)
(13.8856 -0.29247 0)
(13.6751 -0.295241 0)
(13.4591 -0.297546 9.63468e-20)
(13.2374 -0.299344 -4.95108e-20)
(13.0104 -0.300814 5.09159e-20)
(12.7782 -0.301978 0)
(12.5411 -0.302854 5.39303e-20)
(12.2996 -0.30324 0)
(12.0539 -0.303127 0)
(11.8044 -0.302232 0)
(11.5515 -0.300689 6.07138e-20)
(11.2959 -0.298313 0)
(11.0381 -0.295284 6.44082e-20)
(10.7789 -0.291803 0)
(10.5189 -0.288015 -6.82457e-20)
(10.2586 -0.284168 0)
(9.99887 -0.280676 -7.21669e-20)
(9.74003 -0.27783 0)
(9.48271 -0.276486 0)
(9.22667 -0.276297 0)
(8.97135 -0.279218 0)
(8.71622 -0.285548 -8.17658e-20)
(8.46019 -0.298314 0)
(8.20328 -0.317528 0)
(7.94421 -0.345477 8.59543e-20)
(7.68913 -0.372045 0)
(7.42223 -0.391649 -2.60413e-19)
(19.2564 -0.0243417 0)
(19.2305 -0.0259284 2.18834e-20)
(19.2072 -0.0267442 2.19524e-20)
(19.1817 -0.028573 0)
(19.1564 -0.0300443 0)
(19.13 -0.0319392 2.7728e-25)
(19.1031 -0.033838 -2.22355e-20)
(19.0753 -0.0359555 -2.23138e-20)
(19.0468 -0.0381997 0)
(19.0174 -0.0406125 0)
(18.9871 -0.0432024 0)
(18.9558 -0.0459512 -2.26668e-20)
(18.9235 -0.0488913 1.65887e-26)
(18.8901 -0.0519826 0)
(18.8555 -0.0552628 -2.29788e-20)
(18.8196 -0.0586798 2.30931e-20)
(18.7823 -0.0622604 -2.3213e-20)
(18.7435 -0.0659474 0)
(18.7031 -0.0697676 0)
(18.661 -0.0736646 2.36065e-20)
(18.6172 -0.077672 2.37495e-20)
(18.5715 -0.0817334 0)
(18.5239 -0.0858883 -2.40542e-20)
(18.4743 -0.0900808 0)
(18.4226 -0.0943567 0)
(18.3688 -0.0986692 1.46931e-25)
(18.3127 -0.103078 0)
(18.2544 -0.107556 0)
(18.1936 -0.112183 -5.02693e-20)
(18.1305 -0.116946 0)
(18.0648 -0.121942 0)
(17.9964 -0.12715 2.57826e-20)
(17.9255 -0.132652 0)
(17.8517 -0.138386 0)
(17.7749 -0.144408 -2.65272e-20)
(17.6951 -0.150604 0)
(17.6121 -0.156989 -5.41803e-20)
(17.5257 -0.163442 0)
(17.4357 -0.169956 -2.77151e-20)
(17.3421 -0.176407 0)
(17.2445 -0.182778 -2.84066e-20)
(17.1429 -0.188934 0)
(17.0372 -0.194841 2.91694e-20)
(16.9273 -0.200367 0)
(16.8131 -0.205477 0)
(16.6944 -0.20998 -3.04526e-20)
(16.5713 -0.21381 0)
(16.4437 -0.216835 0)
(16.3118 -0.219102 0)
(16.1755 -0.220561 0)
(16.0352 -0.221341 0)
(15.8911 -0.221499 -3.34817e-20)
(15.7436 -0.221262 0)
(15.5928 -0.220693 3.46249e-20)
(15.4391 -0.219977 0)
(15.2828 -0.219107 0)
(15.124 -0.218186 0)
(14.9628 -0.217113 -3.71752e-20)
(14.7993 -0.216027 0)
(14.6333 -0.214928 -3.8617e-20)
(14.4647 -0.214151 -6.00098e-24)
(14.2936 -0.213821 -4.01984e-20)
(14.1199 -0.214238 -4.10391e-20)
(13.9434 -0.215391 0)
(13.7643 -0.217426 -4.28663e-20)
(13.5821 -0.22008 0)
(13.3965 -0.223012 0)
(13.2068 -0.225701 0)
(13.0127 -0.228059 -4.72111e-20)
(12.8138 -0.229935 -4.84608e-20)
(12.6102 -0.231488 0)
(12.4015 -0.232723 -5.1147e-20)
(12.1883 -0.233513 0)
(11.9703 -0.233869 5.40905e-20)
(11.7482 -0.234001 -1.1134e-19)
(11.5223 -0.233916 -5.73135e-20)
(11.2928 -0.233659 -5.90125e-20)
(11.0601 -0.233033 -6.07788e-20)
(10.8248 -0.232032 0)
(10.5871 -0.230386 0)
(10.3477 -0.228272 -6.63429e-20)
(10.1071 -0.225497 0)
(9.86602 -0.222295 -7.02125e-20)
(9.62524 -0.218827 0)
(9.38497 -0.215186 7.41594e-20)
(9.14591 -0.211698 -7.61421e-20)
(8.90872 -0.208706 7.8106e-20)
(8.67342 -0.206464 -8.00758e-20)
(8.44052 -0.205745 0)
(8.20903 -0.205915 -8.38888e-20)
(7.97793 -0.208999 0)
(7.74567 -0.215032 1.74485e-19)
(7.5109 -0.227443 0)
(7.27365 -0.246026 0)
(7.03275 -0.274589 -9.02017e-20)
(6.79599 -0.299454 0)
(6.53913 -0.313254 9.03343e-20)
(18.377 -0.0199817 0)
(18.352 -0.0213863 -2.24047e-20)
(18.3296 -0.0220615 -2.24779e-20)
(18.305 -0.0237242 0)
(18.2806 -0.0250036 0)
(18.255 -0.0267074 -2.27038e-20)
(18.2288 -0.0283911 2.27875e-20)
(18.2017 -0.0302823 -2.28756e-20)
(18.1737 -0.0322806 0)
(18.1447 -0.0344299 0)
(18.1147 -0.0367375 0)
(18.0834 -0.0391825 0)
(18.0509 -0.0417979 2.33858e-20)
(18.0171 -0.0445392 0)
(17.9818 -0.0474444 0)
(17.945 -0.0504566 -2.37599e-20)
(17.9064 -0.0536052 0)
(17.8661 -0.0568319 0)
(17.8239 -0.060167 0)
(17.7798 -0.0635545 -2.43469e-20)
(17.7335 -0.0670325 0)
(17.6851 -0.070544 0)
(17.6345 -0.0741317 0)
(17.5815 -0.0777373 0)
(17.5263 -0.0814089 0)
(17.4685 -0.0850964 -2.54358e-20)
(17.4082 -0.0888639 0)
(17.3454 -0.0926795 0)
(17.2798 -0.096629 2.60871e-20)
(17.2115 -0.100697 0)
(17.1404 -0.104977 0)
(17.0663 -0.109444 0)
(16.9891 -0.11418 0)
(16.9087 -0.119111 0)
(16.8249 -0.124292 0)
(16.7376 -0.129602 0)
(16.6465 -0.135063 2.83127e-20)
(16.5515 -0.140547 0)
(16.4523 -0.146049 2.90216e-20)
(16.3489 -0.151451 0)
(16.2411 -0.156739 0)
(16.1288 -0.161788 0)
(16.0119 -0.166576 0)
(15.8905 -0.170959 0)
(15.7644 -0.174918 3.15971e-20)
(15.6336 -0.178271 3.20912e-20)
(15.4983 -0.18097 0)
(15.3587 -0.182893 3.31306e-20)
(15.2149 -0.184116 3.36744e-20)
(15.0673 -0.184603 0)
(14.9162 -0.184506 3.48088e-20)
(14.7622 -0.183879 3.54021e-20)
(14.6055 -0.182947 0)
(14.4466 -0.181777 3.66511e-20)
(14.2858 -0.180546 3.73104e-20)
(14.1234 -0.179221 0)
(13.9594 -0.177878 3.87131e-20)
(13.7942 -0.176392 0)
(13.6275 -0.174879 4.02475e-20)
(13.4594 -0.173329 4.1072e-20)
(13.2898 -0.172096 8.38626e-20)
(13.1185 -0.171282 4.28306e-20)
(12.9454 -0.171182 4.37804e-20)
(12.7703 -0.171786 0)
(12.593 -0.173219 4.58592e-20)
(12.413 -0.175152 4.69855e-20)
(12.2296 -0.177202 -4.81772e-20)
(12.0424 -0.178906 0)
(11.8512 -0.180192 0)
(11.6555 -0.180986 5.21521e-20)
(11.4561 -0.181447 -5.36244e-20)
(11.2522 -0.181627 5.51322e-20)
(11.045 -0.181427 -5.67332e-20)
(10.834 -0.180881 0)
(10.6204 -0.180227 6.00839e-20)
(10.404 -0.179434 6.18513e-20)
(10.1854 -0.178566 -6.36825e-20)
(9.96479 -0.177434 6.55381e-20)
(9.74274 -0.176039 -6.74514e-20)
(9.51966 -0.174132 0)
(9.29622 -0.171906 0)
(9.07286 -0.169168 0)
(8.85037 -0.166185 -7.52275e-20)
(8.62936 -0.163044 0)
(8.40988 -0.159828 0)
(8.1928 -0.156932 8.10507e-20)
(7.97839 -0.154572 -8.29689e-20)
(7.76643 -0.152998 8.48377e-20)
(7.55719 -0.152835 0)
(7.34874 -0.153186 8.84074e-20)
(7.1399 -0.156108 0)
(6.92803 -0.161476 -9.12918e-20)
(6.71225 -0.17317 -9.22455e-20)
(6.49171 -0.190772 0)
(6.26478 -0.219399 -9.28627e-20)
(6.03899 -0.241596 -9.28615e-20)
(5.78564 -0.248745 0)
(17.5698 -0.0164132 -2.29909e-20)
(17.5456 -0.0176612 0)
(17.5243 -0.0182403 0)
(17.5005 -0.019741 -2.32162e-20)
(17.4769 -0.0208566 0)
(17.452 -0.0223754 0)
(17.4265 -0.0238567 0)
(17.3999 -0.0255267 2.35831e-20)
(17.3723 -0.0272843 0)
(17.3434 -0.0291732 0)
(17.3133 -0.0311997 0)
(17.2818 -0.0333417 0)
(17.2488 -0.0356311 -2.41652e-20)
(17.2142 -0.0380217 -2.43005e-20)
(17.1779 -0.0405507 -2.44425e-20)
(17.1398 -0.0431595 0)
(17.0996 -0.0458791 0)
(17.0574 -0.0486533 0)
(17.013 -0.0515136 2.50804e-20)
(16.9663 -0.0544079 0)
(16.9173 -0.0573755 0)
(16.8657 -0.0603618 0)
(16.8117 -0.0634092 0)
(16.7551 -0.0664604 -2.6041e-20)
(16.6958 -0.0695628 0)
(16.6338 -0.0726661 0)
(16.569 -0.0758353 0)
(16.5013 -0.0790368 0)
(16.4306 -0.0823578 -2.721e-20)
(16.3569 -0.0857793 -2.74726e-20)
(16.2801 -0.0893903 0)
(16.1999 -0.0931635 0)
(16.1163 -0.0971713 0)
(16.0291 -0.101334 0)
(15.938 -0.105709 0)
(15.8428 -0.11017 0)
(15.7433 -0.114747 0)
(15.6395 -0.119308 0)
(15.531 -0.123853 0)
(15.4178 -0.128275 0)
(15.2997 -0.132561 0)
(15.1768 -0.136606 -3.17834e-20)
(15.049 -0.140394 0)
(14.9164 -0.143769 -3.27545e-20)
(14.779 -0.146733 -3.32606e-20)
(14.6369 -0.14913 -3.37888e-20)
(14.4905 -0.150923 -3.43394e-20)
(14.34 -0.152008 -3.48932e-20)
(14.1859 -0.152478 -3.54683e-20)
(14.0288 -0.152314 0)
(13.869 -0.151674 -3.66665e-20)
(13.7072 -0.150606 -3.72959e-20)
(13.5438 -0.149327 0)
(13.3791 -0.147891 -3.8629e-20)
(13.2137 -0.146463 -3.93369e-20)
(13.0477 -0.144989 0)
(12.8812 -0.143525 -8.17191e-20)
(12.7143 -0.141921 0)
(12.547 -0.140271 -4.25379e-20)
(12.3793 -0.138572 -4.34469e-20)
(12.211 -0.137168 -4.44011e-20)
(12.0419 -0.136133 0)
(11.8718 -0.135753 4.64718e-20)
(11.7002 -0.136018 0)
(11.5267 -0.137016 -4.87818e-20)
(11.3506 -0.13838 6.06705e-24)
(11.1713 -0.139725 1.02741e-19)
(10.9884 -0.140677 0)
(10.8019 -0.14117 0)
(10.6116 -0.141217 0)
(10.4185 -0.140947 5.73496e-20)
(10.2218 -0.140476 0)
(10.0231 -0.139698 6.07046e-20)
(9.82161 -0.138653 0)
(9.61872 -0.137611 -6.4285e-20)
(9.41427 -0.136477 0)
(9.20857 -0.13534 -7.97069e-24)
(9.002 -0.13402 0)
(8.79488 -0.132532 7.19034e-20)
(8.58783 -0.130654 7.38452e-20)
(8.38143 -0.12857 0)
(8.17612 -0.126105 0)
(7.97273 -0.123525 7.96219e-20)
(7.77162 -0.120843 0)
(7.5728 -0.118171 0)
(7.37725 -0.115926 0)
(7.18466 -0.114178 8.70462e-20)
(6.99471 -0.113194 0)
(6.80719 -0.113389 0)
(6.61926 -0.113694 0)
(6.43012 -0.116182 0)
(6.23598 -0.12068 0)
(6.03702 -0.131355 9.49719e-20)
(5.82946 -0.147452 9.50394e-20)
(5.61153 -0.175411 -8.23716e-24)
(5.39101 -0.194406 9.41235e-20)
(5.13895 -0.195189 9.29857e-20)
(16.8251 -0.0135223 3.58122e-20)
(16.8018 -0.0146239 -1.19758e-20)
(16.7815 -0.0151308 0)
(16.7584 -0.0164674 2.41308e-20)
(16.7356 -0.0174359 0)
(16.7113 -0.0187712 -1.21658e-20)
(16.6862 -0.0200583 -1.22201e-20)
(16.6598 -0.0215108 1.22771e-20)
(16.6323 -0.0230329 0)
(16.6033 -0.024666 -1.24008e-20)
(16.5729 -0.0264156 -1.24675e-20)
(16.5409 -0.0282596 1.25376e-20)
(16.5071 -0.0302273 2.52217e-20)
(16.4714 -0.0322738 2.53764e-20)
(16.4338 -0.0344339 3.83084e-20)
(16.394 -0.0366506 -1.28547e-20)
(16.3519 -0.0389552 0)
(16.3075 -0.041296 1.30353e-20)
(16.2606 -0.0437038 -2.62603e-20)
(16.2111 -0.0461322 0)
(16.159 -0.0486195 0)
(16.1041 -0.0511151 0)
(16.0464 -0.0536591 0)
(15.9859 -0.0561974 4.10013e-20)
(15.9225 -0.0587746 1.3788e-20)
(15.856 -0.0613429 0)
(15.7865 -0.063965 0)
(15.7139 -0.0666073 -1.41753e-20)
(15.6381 -0.0693549 4.29392e-20)
(15.559 -0.0721859 4.33727e-20)
(15.4764 -0.0751808 1.46094e-20)
(15.3901 -0.0783109 1.47666e-20)
(15.3001 -0.0816385 0)
(15.206 -0.0850833 1.51034e-20)
(15.1076 -0.0887003 0)
(15.0047 -0.0923684 1.54719e-20)
(14.8971 -0.0961223 0)
(14.7846 -0.0998302 1.58751e-20)
(14.6671 -0.103498 1.60898e-20)
(14.5445 -0.107033 0)
(14.4167 -0.110424 1.65467e-20)
(14.2838 -0.113592 3.35696e-20)
(14.146 -0.116516 0)
(14.0032 -0.119035 5.1891e-20)
(13.8556 -0.12118 1.75662e-20)
(13.7036 -0.122823 0)
(13.5476 -0.123936 3.62378e-20)
(13.3881 -0.124431 1.84121e-20)
(13.2258 -0.124414 0)
(13.0612 -0.123875 1.90145e-20)
(12.895 -0.122964 1.93297e-20)
(12.7278 -0.121723 0)
(12.56 -0.120351 1.99998e-20)
(12.3921 -0.118894 0)
(12.2244 -0.117493 0)
(12.057 -0.116079 2.11305e-20)
(11.8901 -0.114687 6.46422e-20)
(11.7237 -0.113157 2.19945e-20)
(11.5577 -0.111566 0)
(11.3921 -0.10992 2.29645e-20)
(11.227 -0.10853 0)
(11.0618 -0.107447 0)
(10.8961 -0.106937 -4.92656e-20)
(10.7294 -0.106984 0)
(10.5609 -0.107643 0)
(10.3899 -0.108543 -5.32294e-20)
(10.2158 -0.109333 -5.46912e-20)
(10.0383 -0.109731 0)
(9.8579 -0.109672 0)
(9.67451 -0.109252 0)
(9.4892 -0.108546 0)
(9.30143 -0.107736 0)
(9.11283 -0.106679 3.23719e-20)
(8.92249 -0.105415 0)
(8.73182 -0.104248 6.84817e-20)
(8.54055 -0.102999 0)
(8.34878 -0.101792 7.23596e-20)
(8.15699 -0.100469 0)
(7.96536 -0.0990577 0)
(7.77472 -0.0973636 -7.81667e-20)
(7.58543 -0.0955452 -4.00467e-20)
(7.398 -0.0934564 0)
(7.21324 -0.09134 0)
(7.03125 -0.0891458 0)
(6.85211 -0.0870411 0)
(6.67675 -0.085398 0)
(6.50421 -0.0841618 0)
(6.33417 -0.0836131 0)
(6.1657 -0.0839334 -4.71042e-20)
(5.99547 -0.0840178 0)
(5.82348 -0.0859072 0)
(5.64462 -0.0894593 0)
(5.46041 -0.098829 0)
(5.26219 -0.112962 -9.71129e-20)
(5.05042 -0.139682 9.59361e-20)
(4.8319 -0.155503 0)
(4.58106 -0.150655 -9.32495e-20)
(16.1329 -0.0111894 -1.25626e-20)
(16.1102 -0.0121471 1.26078e-20)
(16.0908 -0.0125941 0)
(16.0683 -0.0137638 0)
(16.046 -0.0145962 0)
(16.022 -0.0157498 1.2832e-20)
(15.9972 -0.0168503 1.2896e-20)
(15.9709 -0.018091 -1.2963e-20)
(15.9432 -0.0193856 -1.30342e-20)
(15.9138 -0.0207711 1.31077e-20)
(15.8828 -0.022253 1.31855e-20)
(15.8499 -0.0238095 -1.3267e-20)
(15.8151 -0.025467 0)
(15.7781 -0.0271835 0)
(15.7388 -0.028991 -1.35346e-20)
(15.6972 -0.0308362 1.36315e-20)
(15.653 -0.0327497 0)
(15.6061 -0.0346855 -1.38364e-20)
(15.5565 -0.0366726 0)
(15.5041 -0.0386709 0)
(15.4487 -0.0407162 1.4173e-20)
(15.3904 -0.0427629 0)
(15.3291 -0.0448475 1.44166e-20)
(15.2646 -0.0469205 -1.45431e-20)
(15.197 -0.0490226 1.60963e-24)
(15.1262 -0.0511098 0)
(15.0521 -0.0532406 1.49565e-20)
(14.9747 -0.0553824 1.51014e-20)
(14.8938 -0.0576152 -1.52533e-20)
(14.8094 -0.0599145 -1.54111e-20)
(14.7212 -0.0623506 2.16922e-24)
(14.6292 -0.0648949 2.26403e-24)
(14.533 -0.0675989 0)
(14.4323 -0.0703857 2.48228e-24)
(14.327 -0.073308 0)
(14.2168 -0.0762549 2.7265e-24)
(14.1016 -0.0792622 0)
(13.9811 -0.0822047 -1.69314e-20)
(13.8553 -0.085094 3.12639e-24)
(13.7242 -0.0878514 0)
(13.5877 -0.0904707 3.39637e-24)
(13.4461 -0.0928949 1.78856e-20)
(13.2995 -0.095096 1.81448e-20)
(13.148 -0.0969166 -1.84077e-20)
(12.9919 -0.0984164 3.89135e-24)
(12.8319 -0.0994972 1.89618e-20)
(12.6684 -0.100134 0)
(12.5021 -0.100253 4.12457e-24)
(12.3337 -0.0999654 0)
(12.1641 -0.0992664 4.14609e-24)
(11.9938 -0.0982845 4.12043e-24)
(11.8235 -0.0970596 2.08161e-20)
(11.6537 -0.095771 -2.11684e-20)
(11.4846 -0.094448 0)
(11.3166 -0.0932056 2.19474e-20)
(11.1497 -0.0919692 3.64286e-24)
(10.9839 -0.0907576 3.53799e-24)
(10.8193 -0.0894103 -2.33038e-20)
(10.656 -0.0879941 2.38229e-20)
(10.4939 -0.0865205 3.19782e-24)
(10.3328 -0.0852548 0)
(10.1724 -0.0842271 0)
(10.0121 -0.0836722 -2.6226e-20)
(9.85084 -0.0835666 2.69215e-20)
(9.68796 -0.0839483 0)
(9.52252 -0.0844699 2.84185e-20)
(9.35411 -0.0848379 -2.92176e-20)
(9.18291 -0.0848522 3.00449e-20)
(9.00936 -0.0844484 -3.0905e-20)
(8.83387 -0.0837822 3.17798e-20)
(8.65739 -0.0828661 0)
(8.4796 -0.0819384 0)
(8.30192 -0.0807996 -3.45801e-20)
(8.12349 -0.0794986 3.55378e-20)
(7.94558 -0.078362 0)
(7.76784 -0.0771225 0)
(7.59013 -0.0759593 0)
(7.41312 -0.0747297 0)
(7.23677 -0.0734825 0)
(7.06216 -0.0720398 4.14094e-20)
(6.88933 -0.0705275 4.23441e-20)
(6.71896 -0.06884 4.32438e-20)
(6.55169 -0.0671742 -4.41443e-20)
(6.38745 -0.0654417 4.50293e-20)
(6.22643 -0.0638606 0)
(6.0693 -0.0627113 4.67266e-20)
(5.91449 -0.0618538 -4.75715e-20)
(5.76184 -0.0615674 4.83942e-20)
(5.60953 -0.0618192 -3.75755e-24)
(5.45442 -0.0616067 0)
(5.2975 -0.0628583 0)
(5.13217 -0.0654683 0)
(4.96094 -0.0733076 0)
(4.77009 -0.0852265 4.97671e-20)
(4.56409 -0.110431 0)
(4.34573 -0.123369 0)
(4.09773 -0.113749 0)
(15.4817 -0.00930055 -1.34565e-20)
(15.4596 -0.0101152 0)
(15.4408 -0.0105088 -1.35772e-20)
(15.4186 -0.0115113 0)
(15.3967 -0.0122161 1.37122e-20)
(15.3728 -0.0131924 -1.37852e-20)
(15.3479 -0.0141158 -1.38625e-20)
(15.3213 -0.0151538 -1.39433e-20)
(15.2932 -0.0162326 1.40274e-20)
(15.2632 -0.0173833 0)
(15.2313 -0.0186116 -1.42086e-20)
(15.1973 -0.0198968 1.43048e-20)
(15.1612 -0.0212622 0)
(15.1226 -0.0226697 1.45094e-20)
(15.0815 -0.0241485 -1.46176e-20)
(15.0378 -0.0256501 0)
(14.9913 -0.027204 0)
(14.9419 -0.0287701 -1.49647e-20)
(14.8895 -0.0303749 1.50876e-20)
(14.8341 -0.0319846 -1.52141e-20)
(14.7756 -0.0336316 -1.53431e-20)
(14.7139 -0.0352754 -1.54788e-20)
(14.6489 -0.0369487 -3.12332e-20)
(14.5806 -0.0386072 0)
(14.509 -0.0402874 -1.59055e-20)
(14.434 -0.0419497 1.60588e-20)
(14.3556 -0.0436468 -1.62132e-20)
(14.2736 -0.0453479 0)
(14.1881 -0.0471255 1.65427e-20)
(14.0988 -0.0489532 0)
(14.0055 -0.0508912 2.40002e-24)
(13.9081 -0.0529114 -1.70759e-20)
(13.8062 -0.0550555 0)
(13.6997 -0.0572537 -1.74664e-20)
(13.5881 -0.0595553 -1.76747e-20)
(13.4714 -0.0618632 3.02006e-24)
(13.3494 -0.0642119 0)
(13.222 -0.0664866 1.83344e-20)
(13.0891 -0.0687047 -1.85644e-20)
(12.9508 -0.0708014 -1.88087e-20)
(12.8071 -0.0727743 3.70959e-24)
(12.6583 -0.0745862 -3.86143e-20)
(12.5046 -0.0762014 3.93761e-24)
(12.3463 -0.0774741 -1.984e-20)
(12.1839 -0.0784894 4.14575e-24)
(12.0179 -0.0791734 -2.03857e-20)
(11.8491 -0.0795012 -2.06755e-20)
(11.6783 -0.0794129 4.26822e-24)
(11.5063 -0.0790149 -2.12733e-20)
(11.3339 -0.0783038 4.20348e-24)
(11.1617 -0.0773875 -4.38412e-20)
(10.9904 -0.0762985 4.03527e-24)
(10.8204 -0.0751906 0)
(10.652 -0.0740788 -2.30444e-20)
(10.4852 -0.0730561 3.68389e-24)
(10.3201 -0.0720473 -4.78527e-20)
(10.1565 -0.0710618 3.42899e-24)
(9.9948 -0.0699482 -2.49497e-20)
(9.83481 -0.0687636 -2.55148e-20)
(9.67669 -0.0675198 -2.61216e-20)
(9.52024 -0.066431 -2.67729e-20)
(9.36487 -0.0655112 -2.74638e-20)
(9.20993 -0.0649546 2.81965e-20)
(9.05423 -0.0647355 -5.79476e-20)
(8.89697 -0.064889 -2.97858e-20)
(8.7372 -0.0651134 -3.0626e-20)
(8.5748 -0.0651807 3.14978e-20)
(8.41023 -0.064955 -3.23933e-20)
(8.24403 -0.0643717 3.33189e-20)
(8.07699 -0.0636212 -3.42531e-20)
(7.90974 -0.0626551 0)
(7.74236 -0.0617489 0)
(7.5757 -0.0606492 0)
(7.40928 -0.0594188 -3.82288e-20)
(7.24394 -0.0583905 0)
(7.07942 -0.0572257 -4.02994e-20)
(6.91529 -0.0561633 -4.132e-20)
(6.75252 -0.0550759 0)
(6.59075 -0.0540283 0)
(6.43133 -0.0528524 -4.41942e-20)
(6.27389 -0.0516406 0)
(6.11932 -0.0503332 -4.59896e-20)
(5.96804 -0.0490675 4.68777e-20)
(5.81986 -0.0477407 -4.77442e-20)
(5.67505 -0.0466044 -4.85727e-20)
(5.5339 -0.045823 -4.9429e-20)
(5.39443 -0.045217 5.02764e-20)
(5.25663 -0.0450435 -5.11033e-20)
(5.11793 -0.0451142 5.18771e-20)
(4.97601 -0.0446226 0)
(4.83274 -0.0452769 0)
(4.67993 -0.0469995 0)
(4.52087 -0.0532255 0)
(4.33743 -0.0629407 -5.14016e-20)
(4.13794 -0.0864565 0)
(3.91957 -0.0968999 0)
(3.67646 -0.08341 0)
(14.8587 -0.00775493 -2.53661e-25)
(14.8367 -0.0084292 0)
(14.8184 -0.00877308 -3.35019e-25)
(14.7962 -0.00961173 0)
(14.7743 -0.0101974 -3.01261e-20)
(14.7501 -0.0110043 3.03082e-20)
(14.7248 -0.0117621 1.52497e-20)
(14.6976 -0.0126101 -5.00403e-25)
(14.6687 -0.0134881 1.54534e-20)
(14.6378 -0.0144207 0)
(14.6048 -0.0154143 3.13454e-20)
(14.5695 -0.016449 -3.15774e-20)
(14.5318 -0.0175457 0)
(14.4915 -0.0186707 -3.20656e-20)
(14.4484 -0.0198501 1.61602e-20)
(14.4025 -0.0210414 -1.62929e-20)
(14.3536 -0.0222721 0)
(14.3017 -0.0235078 -1.2274e-24)
(14.2466 -0.0247727 1.32667e-24)
(14.1882 -0.0260381 -1.42007e-24)
(14.1266 -0.0273331 0)
(14.0617 -0.0286219 -1.61658e-24)
(13.9933 -0.0299338 1.7311e-20)
(13.9215 -0.0312297 -1.74735e-20)
(13.8461 -0.0325417 0)
(13.7673 -0.033835 -3.5614e-20)
(13.6849 -0.0351556 0)
(13.5989 -0.0364749 0)
(13.5091 -0.0378564 -1.83419e-20)
(13.4155 -0.0392729 1.85335e-20)
(13.3177 -0.040775 -1.8726e-20)
(13.2156 -0.0423353 0)
(13.1089 -0.0439886 0)
(12.9973 -0.0456731 0)
(12.8805 -0.0474343 1.95643e-20)
(12.7584 -0.0491905 -1.97877e-20)
(12.6309 -0.0509732 0)
(12.4979 -0.0526818 -2.02523e-20)
(12.3594 -0.0543375 0)
(12.2155 -0.0558877 2.07371e-20)
(12.0664 -0.0573345 -2.09869e-20)
(11.9124 -0.0586544 2.12416e-20)
(11.7537 -0.059808 -2.1505e-20)
(11.5908 -0.0606681 2.17722e-20)
(11.4242 -0.0613356 -2.20417e-20)
(11.2546 -0.0617551 0)
(11.0829 -0.0619016 2.26028e-20)
(10.9099 -0.0617254 -2.28982e-20)
(10.7364 -0.0613241 2.32064e-20)
(10.5633 -0.0606924 -2.35317e-20)
(10.3912 -0.0599188 2.38774e-20)
(10.2207 -0.0590247 -2.42472e-20)
(10.0522 -0.0581375 0)
(9.88564 -0.0572607 2.50727e-20)
(9.72112 -0.0564699 -2.55358e-20)
(9.55863 -0.0556938 2.60375e-20)
(9.39807 -0.0549386 -2.65807e-20)
(9.23959 -0.054067 2.71699e-20)
(9.08326 -0.0531266 0)
(8.92922 -0.0521258 0)
(8.77724 -0.0512295 2.92195e-20)
(8.62666 -0.0504373 3.00021e-20)
(8.4768 -0.0499003 3.0837e-20)
(8.3263 -0.0495977 -2.67419e-24)
(8.17439 -0.0495727 6.52231e-20)
(8.02019 -0.0495788 0)
(7.86384 -0.0494521 0)
(7.70603 -0.0491002 0)
(7.54734 -0.0484617 0)
(7.38887 -0.0477335 0)
(7.23082 -0.0468204 3.85351e-20)
(7.07376 -0.0460126 -3.95646e-20)
(6.91769 -0.0450177 4.06776e-20)
(6.76291 -0.0439165 -4.17265e-20)
(6.60946 -0.0430278 4.28377e-20)
(6.45745 -0.0419707 4.38967e-20)
(6.30613 -0.0410381 8.99011e-20)
(6.15678 -0.0401129 -4.5951e-20)
(6.00865 -0.0392699 4.69207e-20)
(5.86332 -0.0383454 -4.78519e-20)
(5.72 -0.0374043 4.87757e-20)
(5.57984 -0.0364314 -4.96418e-20)
(5.4429 -0.0354989 5.05411e-20)
(5.309 -0.0345099 0)
(5.17844 -0.0337265 -2.72069e-24)
(5.05106 -0.0331975 -5.31434e-20)
(4.92473 -0.032742 5.40173e-20)
(4.79959 -0.0325801 -5.48676e-20)
(4.67259 -0.0324417 5.56282e-20)
(4.54271 -0.0317526 0)
(4.41233 -0.0318984 0)
(4.27169 -0.0328355 0)
(4.12525 -0.0375142 0)
(3.95062 -0.0451646 0)
(3.75941 -0.0669097 5.17685e-20)
(3.54182 -0.0752286 -5.06631e-20)
(3.30532 -0.058728 -4.92301e-20)
(14.2477 -0.00646736 1.66076e-20)
(14.2255 -0.00700692 -8.35049e-21)
(14.2071 -0.00730411 2.52102e-20)
(14.1845 -0.00798596 0)
(14.1622 -0.0084614 2.55394e-20)
(14.1373 -0.00910998 -8.57119e-21)
(14.1113 -0.00971573 -8.63263e-21)
(14.0832 -0.0103894 1.73908e-20)
(14.0532 -0.0110846 -1.75213e-20)
(14.0211 -0.0118189 0)
(13.9866 -0.0125997 -8.89719e-21)
(13.9498 -0.0134083 2.69078e-20)
(13.9103 -0.0142635 -9.04319e-21)
(13.868 -0.0151359 1.82366e-20)
(13.8229 -0.0160489 9.19622e-21)
(13.7747 -0.0169661 2.78252e-20)
(13.7234 -0.0179126 9.35617e-21)
(13.6689 -0.0188592 1.88759e-20)
(13.6112 -0.0198278 -9.52108e-21)
(13.5501 -0.020794 2.88223e-20)
(13.4855 -0.0217836 9.69508e-21)
(13.4176 -0.0227654 2.935e-20)
(13.3461 -0.0237656 9.87465e-21)
(13.2711 -0.0247497 2.98996e-20)
(13.1925 -0.0257461 0)
(13.1103 -0.0267242 2.03145e-20)
(13.0245 -0.0277236 1.02571e-20)
(12.935 -0.0287175 1.03579e-20)
(12.8417 -0.0297604 1.0461e-20)
(12.7444 -0.0308247 -1.05643e-20)
(12.6429 -0.0319529 1.06749e-20)
(12.5371 -0.0331187 1.07856e-20)
(12.4264 -0.0343519 1.08986e-20)
(12.3109 -0.0355994 1.10136e-20)
(12.1901 -0.0369023 1.11304e-20)
(12.064 -0.0381947 1.12489e-20)
(11.9326 -0.0395033 -1.13693e-20)
(11.7956 -0.040745 0)
(11.6533 -0.041942 1.16153e-20)
(11.5058 -0.0430518 1.17407e-20)
(11.3533 -0.0440813 1.18675e-20)
(11.1962 -0.0450147 1.19961e-20)
(11.0347 -0.0458144 0)
(10.8695 -0.0463762 1.22621e-20)
(10.7011 -0.0468047 1.23968e-20)
(10.5303 -0.0470576 1.25355e-20)
(10.358 -0.0471116 1.26797e-20)
(10.185 -0.0469246 0)
(10.0122 -0.0465816 1.29907e-20)
(9.84029 -0.0460745 1.3162e-20)
(9.66999 -0.0454738 0)
(9.50174 -0.0447896 1.35468e-20)
(9.33577 -0.044124 1.37642e-20)
(9.17214 -0.0434714 1.40013e-20)
(9.0107 -0.0428946 1.42594e-20)
(8.85141 -0.0423299 1.45411e-20)
(8.69415 -0.0417838 1.48478e-20)
(8.53909 -0.0411358 1.51824e-20)
(8.38637 -0.0404243 1.55447e-20)
(8.23616 -0.0396517 0)
(8.08822 -0.0389399 -1.63564e-20)
(7.94191 -0.0382762 0)
(7.79654 -0.0377717 -1.72802e-20)
(7.65074 -0.0374163 3.55531e-20)
(7.50384 -0.037265 -1.82839e-20)
(7.35503 -0.0371271 0)
(7.20471 -0.0368943 1.93329e-20)
(7.05364 -0.0365006 -1.98675e-20)
(6.90242 -0.0358912 2.04157e-20)
(6.75238 -0.0352472 0)
(6.6032 -0.0344456 -2.15388e-20)
(6.45604 -0.0337693 2.20971e-20)
(6.30984 -0.0329107 -2.2705e-20)
(6.16606 -0.0319666 4.65354e-20)
(6.02362 -0.031224 -2.38654e-20)
(5.88327 -0.0302937 -2.44286e-20)
(5.74392 -0.029505 -4.99555e-20)
(5.60711 -0.0287462 2.54918e-20)
(5.47166 -0.0280946 -2.59889e-20)
(5.33927 -0.0273911 5.29368e-20)
(5.2088 -0.0266809 -2.69409e-20)
(5.08165 -0.0259864 5.47729e-20)
(4.95745 -0.0253181 -2.78562e-20)
(4.83615 -0.0245995 0)
(4.71802 -0.0240808 5.75009e-20)
(4.60245 -0.0237131 5.84651e-20)
(4.48744 -0.0233414 -2.96932e-20)
(4.37331 -0.0231415 6.02783e-20)
(4.25686 -0.0228276 -3.05096e-20)
(4.13853 -0.0220427 0)
(4.02075 -0.0217887 3.07345e-20)
(3.89274 -0.0220943 0)
(3.76028 -0.0253934 2.99437e-20)
(3.59686 -0.0311836 0)
(3.4166 -0.0511182 -5.50059e-20)
(3.20076 -0.0576067 8.08559e-20)
(2.97265 -0.0389606 5.22949e-20)
(13.627 -0.00536821 0)
(13.6041 -0.00578225 1.95099e-20)
(13.5852 -0.00603552 -1.96517e-20)
(13.5617 -0.00657064 -9.8967e-21)
(13.5385 -0.00694574 -1.99437e-20)
(13.5125 -0.00744954 -1.00486e-20)
(13.4853 -0.00791848 2.02574e-20)
(13.4558 -0.00843552 -1.02109e-20)
(13.4244 -0.00896751 0)
(13.3906 -0.00952539 0)
(13.3544 -0.0101176 -1.04709e-20)
(13.3157 -0.0107267 -1.05619e-20)
(13.2742 -0.0113696 -4.33021e-25)
(13.2298 -0.0120212 0)
(13.1825 -0.0127024 -1.08462e-20)
(13.132 -0.0133826 -1.09443e-20)
(13.0783 -0.0140845 -1.10437e-20)
(13.0213 -0.0147834 -1.11452e-20)
(12.961 -0.0154991 7.07237e-25)
(12.8973 -0.0162102 -1.13501e-20)
(12.8302 -0.0169402 -1.14551e-20)
(12.7595 -0.0176615 -1.15615e-20)
(12.6853 -0.0183976 -1.16697e-20)
(12.6076 -0.0191186 -1.17794e-20)
(12.5262 -0.0198494 0)
(12.4413 -0.0205631 0)
(12.3527 -0.0212931 -1.21198e-20)
(12.2605 -0.0220149 -2.44751e-20)
(12.1644 -0.0227735 -1.23562e-20)
(12.0644 -0.0235424 -1.24777e-20)
(11.9602 -0.0243572 -1.26009e-20)
(11.8516 -0.0251928 -1.27259e-20)
(11.7383 -0.0260758 -1.28524e-20)
(11.6202 -0.0269615 -1.29798e-20)
(11.4969 -0.0278861 -1.31077e-20)
(11.3684 -0.0287986 -1.32363e-20)
(11.2347 -0.0297209 1.33656e-20)
(11.0957 -0.0305877 0)
(10.9517 -0.0314201 -1.36257e-20)
(10.8027 -0.0321839 -1.37566e-20)
(10.6492 -0.0328902 -1.38881e-20)
(10.4913 -0.0335261 -1.40208e-20)
(10.3294 -0.034062 0)
(10.1643 -0.0344164 -1.42938e-20)
(9.99661 -0.0346868 -1.44325e-20)
(9.82701 -0.0348403 -1.45765e-20)
(9.65634 -0.0348577 -1.47283e-20)
(9.48547 -0.0347025 0)
(9.31526 -0.0344448 -1.50633e-20)
(9.14634 -0.0340734 -1.52521e-20)
(8.9793 -0.0336438 0)
(8.81453 -0.0331553 -1.5685e-20)
(8.65218 -0.0326879 -1.59334e-20)
(8.49221 -0.0322303 -1.62063e-20)
(8.33444 -0.0318347 -1.65047e-20)
(8.17875 -0.0314462 -1.68319e-20)
(8.025 -0.0310743 -1.71892e-20)
(7.87338 -0.030616 -1.75803e-20)
(7.72412 -0.0301023 -1.80045e-20)
(7.57738 -0.0295285 0)
(7.43299 -0.028981 1.8957e-20)
(7.29039 -0.0284384 0)
(7.14893 -0.0279784 -2.00382e-20)
(7.00743 -0.0276034 -2.06094e-20)
(6.8653 -0.0273776 -2.11885e-20)
(6.72181 -0.0271611 -2.17757e-20)
(6.57752 -0.0268897 1.32224e-24)
(6.43318 -0.0265116 2.29641e-20)
(6.28935 -0.0259817 -2.35757e-20)
(6.14749 -0.0254504 0)
(6.00674 -0.0247872 -4.96644e-20)
(5.86894 -0.0242487 -1.23307e-24)
(5.73186 -0.0235383 -5.22584e-20)
(5.59841 -0.0227608 -2.67441e-20)
(5.46609 -0.0221599 -5.48066e-20)
(5.33665 -0.0213695 -1.18485e-24)
(5.20851 -0.0207292 2.85977e-20)
(5.08344 -0.0201302 -1.17909e-24)
(4.95979 -0.019646 -2.96695e-20)
(4.83929 -0.0191268 0)
(4.72056 -0.0186066 -3.06822e-20)
(4.6052 -0.0181333 -3.11587e-20)
(4.49233 -0.0176665 -3.16708e-20)
(4.38225 -0.0171581 -3.21585e-20)
(4.27501 -0.0168284 -3.26445e-20)
(4.16972 -0.0165599 0)
(4.06475 -0.0162376 -3.36802e-20)
(3.96056 -0.0159931 0)
(3.85422 -0.0155717 -3.45176e-20)
(3.74747 -0.0147864 0)
(3.64236 -0.0142543 -3.46208e-20)
(3.52827 -0.0141115 0)
(3.41162 -0.0162506 1.87754e-24)
(3.26264 -0.0204219 0)
(3.09678 -0.0385061 3.0236e-20)
(2.88298 -0.0433823 -5.96729e-20)
(2.66588 -0.0234688 0)
(12.9649 -0.00440164 5.91906e-21)
(12.9406 -0.00470241 -1.19252e-20)
(12.9205 -0.0049143 1.20232e-20)
(12.8955 -0.00531515 1.21204e-20)
(12.8708 -0.0056005 1.83349e-20)
(12.8431 -0.00597472 6.16398e-21)
(12.8141 -0.00632303 -1.24358e-20)
(12.7827 -0.00670229 1.25462e-20)
(12.7493 -0.00709183 6.32978e-21)
(12.7134 -0.00749617 0)
(12.6751 -0.00792502 6.44628e-21)
(12.6342 -0.00836206 0)
(12.5904 -0.00882286 1.97001e-20)
(12.5437 -0.00928621 6.62842e-21)
(12.494 -0.00977055 6.69072e-21)
(12.4411 -0.0102508 0)
(12.385 -0.0107469 6.81714e-21)
(12.3257 -0.0112382 2.0643e-20)
(12.263 -0.0117425 -1.38908e-20)
(12.197 -0.0122411 7.01085e-21)
(12.1275 -0.0127548 7.07655e-21)
(12.0546 -0.0132597 0)
(11.9782 -0.0137769 7.2099e-21)
(11.8983 -0.0142804 7.27766e-21)
(11.8148 -0.014792 7.34623e-21)
(11.7279 -0.0152885 7.41558e-21)
(11.6373 -0.0157972 0)
(11.5432 -0.016296 1.51126e-20)
(11.4454 -0.0168214 0)
(11.3437 -0.0173485 7.70141e-21)
(11.2379 -0.0179073 0)
(11.128 -0.0184739 7.84831e-21)
(11.0134 -0.0190735 0)
(10.8943 -0.0196683 7.99585e-21)
(10.7703 -0.0202898 0)
(10.6413 -0.0209 0)
(10.5074 -0.0215162 8.21473e-21)
(10.3686 -0.0220905 0)
(10.2251 -0.0226408 0)
(10.0771 -0.0231397 0)
(9.92493 -0.0236016 8.5028e-21)
(9.76889 -0.0240133 0)
(9.60922 -0.0243573 0)
(9.44681 -0.0245727 8.7233e-21)
(9.28243 -0.0247416 0)
(9.11649 -0.0248381 8.87952e-21)
(8.94981 -0.0248492 0)
(8.78325 -0.0247423 0)
(8.61758 -0.0245725 0)
(8.45331 -0.0243262 9.2699e-21)
(8.29099 -0.0240459 0)
(8.13091 -0.0237229 0)
(7.97317 -0.0234186 9.67859e-21)
(7.81766 -0.0231181 0)
(7.66418 -0.0228647 0)
(7.51255 -0.022613 0)
(7.36264 -0.0223754 1.04392e-20)
(7.21461 -0.0220674 1.0676e-20)
(7.0688 -0.0217139 0)
(6.92538 -0.0213038 0)
(6.78427 -0.0208964 -1.15067e-20)
(6.64505 -0.020465 0)
(6.50725 -0.0200627 -1.21514e-20)
(6.36995 -0.0197018 1.2485e-20)
(6.23266 -0.0194493 -1.28246e-20)
(6.0947 -0.0192078 2.63249e-20)
(5.95666 -0.0189453 -4.05108e-20)
(5.81923 -0.0186174 -1.38471e-20)
(5.68283 -0.018191 0)
(5.549 -0.0177789 -1.45493e-20)
(5.41641 -0.0172602 2.98378e-20)
(5.28755 -0.0168513 1.52725e-20)
(5.15905 -0.01629 1.56612e-20)
(5.03542 -0.0156784 3.20166e-20)
(4.91261 -0.0152105 1.63822e-20)
(4.79354 -0.0145689 1.67191e-20)
(4.67609 -0.0140742 -5.11401e-20)
(4.56214 -0.0136219 3.46988e-20)
(4.44963 -0.0132773 -1.76416e-20)
(4.3402 -0.0129066 -1.79274e-20)
(4.23243 -0.0125387 0)
(4.12793 -0.012233 3.69501e-20)
(4.02537 -0.0119159 0)
(3.92554 -0.0115676 1.90424e-20)
(3.82811 -0.011367 1.93231e-20)
(3.73209 -0.0111615 -1.96332e-20)
(3.63648 -0.0108785 0)
(3.5418 -0.0106107 -2.01738e-20)
(3.44573 -0.0101583 0)
(3.35097 -0.00944771 0)
(3.25895 -0.00876907 -2.03502e-20)
(3.16073 -0.00836363 -2.00449e-20)
(3.06193 -0.00958147 -5.84405e-20)
(2.93154 -0.0123967 0)
(2.78421 -0.0285546 -5.23165e-20)
(2.57122 -0.0319999 3.4932e-20)
(2.36907 -0.0117058 0)
(12.2087 -0.00352291 -7.67977e-21)
(12.1822 -0.00372514 0)
(12.1601 -0.00389771 -7.81242e-21)
(12.1327 -0.0041786 0)
(12.1056 -0.00438516 -7.95418e-21)
(12.0754 -0.00464615 -1.60555e-20)
(12.0439 -0.00489043 8.10353e-21)
(12.0099 -0.00515138 0)
(11.9739 -0.0054196 1.55272e-25)
(11.9354 -0.00569376 0)
(11.8944 -0.00598488 -1.68381e-20)
(11.8508 -0.00627764 0)
(11.8044 -0.00658658 2.26746e-25)
(11.7551 -0.00689376 -1.73325e-20)
(11.7029 -0.00721552 -8.74981e-21)
(11.6476 -0.00753166 0)
(11.5892 -0.00785938 -1.78372e-20)
(11.5276 -0.00818149 -1.8007e-20)
(11.4628 -0.0085138 0)
(11.3947 -0.00883986 -1.83486e-20)
(11.3234 -0.00917813 -1.85207e-20)
(11.2488 -0.00950788 0)
(11.1707 -0.00984819 -9.43378e-21)
(11.0894 -0.0101765 -1.90436e-20)
(11.0046 -0.0105119 -1.92206e-20)
(10.9166 -0.0108343 -9.69929e-21)
(10.8251 -0.0111659 -9.78982e-21)
(10.7302 -0.011487 -9.8806e-21)
(10.6319 -0.0118263 0)
(10.5299 -0.0121616 -1.00633e-20)
(10.4241 -0.0125179 -1.01559e-20)
(10.3144 -0.0128732 -2.04955e-20)
(10.2004 -0.0132511 0)
(10.0822 -0.0136203 -2.08606e-20)
(9.95958 -0.0140075 -1.05204e-20)
(9.83246 -0.0143851 0)
(9.70086 -0.0147671 8.18352e-25)
(9.56478 -0.0151204 -1.07845e-20)
(9.42462 -0.015459 -1.08711e-20)
(9.28039 -0.0157613 0)
(9.13253 -0.0160432 -2.20858e-20)
(8.98128 -0.0162904 -1.11298e-20)
(8.82685 -0.0164985 0)
(8.67019 -0.0166234 -1.13069e-20)
(8.51198 -0.0167279 -1.14011e-20)
(8.35249 -0.0167912 -2.29993e-20)
(8.19244 -0.016808 0)
(8.0326 -0.0167485 -1.17248e-20)
(7.87366 -0.0166541 -1.18542e-20)
(7.71602 -0.0165093 -1.19967e-20)
(7.56014 -0.0163469 0)
(7.40625 -0.0161525 -1.23326e-20)
(7.25441 -0.0159722 -2.5052e-20)
(7.10449 -0.0157896 0)
(6.95629 -0.0156402 -1.29721e-20)
(6.80958 -0.0154872 -1.32263e-20)
(6.66427 -0.0153457 -1.35017e-20)
(6.52047 -0.0151495 -1.38022e-20)
(6.37863 -0.0149186 -1.41268e-20)
(6.23893 -0.0146374 -1.4475e-20)
(6.10143 -0.0143463 1.4845e-20)
(5.96589 -0.014017 -1.52359e-20)
(5.83212 -0.0136856 1.5639e-20)
(5.69955 -0.013369 -6.19005e-25)
(5.56772 -0.0131299 1.64542e-20)
(5.43604 -0.0129034 -1.68609e-20)
(5.30494 -0.0126799 -6.1639e-25)
(5.175 -0.0124195 -6.05061e-25)
(5.0465 -0.0121021 -1.8101e-20)
(4.92098 -0.0118025 -5.76158e-25)
(4.79671 -0.0114218 -1.89654e-20)
(4.67682 -0.011128 -5.46082e-25)
(4.55687 -0.0107098 -5.34006e-25)
(4.44299 -0.0102562 -2.02603e-20)
(4.32954 -0.00991137 2.07032e-20)
(4.22076 -0.00942176 -4.97309e-25)
(4.1139 -0.00906367 2.14777e-20)
(4.01085 -0.00874127 -2.18333e-20)
(3.90924 -0.00850879 2.21761e-20)
(3.81052 -0.00825532 -4.63954e-25)
(3.71342 -0.00800735 -2.2846e-20)
(3.61937 -0.00782312 -2.31677e-20)
(3.52668 -0.00761514 -2.35199e-20)
(3.43673 -0.00738728 -4.21283e-25)
(3.34866 -0.0072709 2.4187e-20)
(3.2616 -0.0071116 -4.09247e-25)
(3.17535 -0.00687293 -2.48861e-20)
(3.09043 -0.0066158 -4.25114e-25)
(3.0054 -0.00620119 0)
(2.9234 -0.00561758 -2.54169e-20)
(2.84537 -0.00492374 2.5311e-20)
(2.76547 -0.00442403 -5.44976e-25)
(2.68681 -0.00496681 2.41044e-20)
(2.58026 -0.00670076 -2.27246e-20)
(2.45649 -0.020785 -9.34956e-25)
(2.23944 -0.0229825 -2.2055e-20)
(2.05877 -0.00325081 2.11481e-20)
(11.2598 -0.00269735 5.41463e-21)
(11.23 -0.00281771 5.46116e-21)
(11.2046 -0.00295222 1.65402e-20)
(11.1736 -0.00312934 5.56446e-21)
(11.1431 -0.00326836 0)
(11.1094 -0.00343343 1.70157e-20)
(11.0744 -0.00359057 -5.72705e-21)
(11.0369 -0.00375322 0)
(10.9974 -0.00392153 -1.16792e-20)
(10.9555 -0.00408921 0)
(10.9113 -0.00426838 1.19093e-20)
(10.8645 -0.00444475 6.01293e-21)
(10.8151 -0.00463186 -1.21427e-20)
(10.7629 -0.00481467 1.22602e-20)
(10.708 -0.00500738 6.18914e-21)
(10.6503 -0.00519419 -6.24816e-21)
(10.5896 -0.00538943 1.26142e-20)
(10.5261 -0.005579 1.90989e-20)
(10.4596 -0.00577671 0)
(10.3901 -0.00596814 1.29697e-20)
(10.3175 -0.00616945 1.30887e-20)
(10.242 -0.00636296 0)
(10.1633 -0.00656564 0)
(10.0816 -0.00675816 6.72417e-21)
(9.99679 -0.00695708 2.03555e-20)
(9.90898 -0.00714522 0)
(9.81806 -0.00734053 1.38156e-20)
(9.7241 -0.00752566 1.39395e-20)
(9.62698 -0.00772261 0)
(9.52662 -0.0079126 0)
(9.42289 -0.00811606 2.14706e-20)
(9.31568 -0.00831333 1.44382e-20)
(9.20481 -0.00852608 0)
(9.09024 -0.00872908 2.20273e-20)
(8.97186 -0.00894379 2.22086e-20)
(8.84961 -0.00915109 0)
(8.72354 -0.0093623 -2.25668e-20)
(8.59364 -0.00955597 1.5162e-20)
(8.46028 -0.00974268 2.29202e-20)
(8.3235 -0.00990501 7.69893e-21)
(8.18368 -0.0100596 1.55152e-20)
(8.04104 -0.0101907 1.56341e-20)
(7.89573 -0.0103053 7.87814e-21)
(7.74864 -0.0103726 0)
(7.60032 -0.0104352 2.40196e-20)
(7.45089 -0.0104769 2.42307e-20)
(7.30092 -0.0104991 0)
(7.15105 -0.0104757 2.4713e-20)
(7.00185 -0.0104359 2.49916e-20)
(6.85362 -0.0103637 0)
(6.70674 -0.0102843 0)
(6.5614 -0.0101807 2.6011e-20)
(6.41764 -0.0100865 1.76122e-20)
(6.27536 -0.00998532 8.95474e-21)
(6.13436 -0.00990557 2.7345e-20)
(5.99443 -0.00981835 1.85777e-20)
(5.85551 -0.00973978 9.47651e-21)
(5.71766 -0.0096212 0)
(5.58144 -0.00947918 2.96813e-20)
(5.44705 -0.0092959 2.02466e-20)
(5.31473 -0.00909926 0)
(5.18443 -0.00886304 2.12338e-20)
(5.05628 -0.00861263 0)
(4.93013 -0.00836298 2.22638e-20)
(4.80548 -0.00816628 0)
(4.68183 -0.00798124 2.32889e-20)
(4.55934 -0.00781183 2.38023e-20)
(4.4385 -0.00762316 2.43167e-20)
(4.31935 -0.00740732 2.4843e-20)
(4.2034 -0.00720555 2.5369e-20)
(4.08866 -0.00694829 2.59202e-20)
(3.97877 -0.00675141 2.64431e-20)
(3.86844 -0.00646477 2.70147e-20)
(3.76523 -0.00615521 2.75112e-20)
(3.66205 -0.00592084 0)
(3.56443 -0.00557943 2.85236e-20)
(3.46899 -0.00534301 0)
(3.37751 -0.00513154 2.94106e-20)
(3.28749 -0.00498571 0)
(3.20008 -0.00482345 3.02385e-20)
(3.11436 -0.00466818 3.06333e-20)
(3.03135 -0.00456635 3.10244e-20)
(2.94916 -0.00443717 3.14495e-20)
(2.86978 -0.00429833 3.18394e-20)
(2.79175 -0.00423385 -1.61253e-20)
(2.71447 -0.00411535 3.26893e-20)
(2.63869 -0.00393213 3.30665e-20)
(2.5648 -0.00372054 3.34004e-20)
(2.49248 -0.00339654 0)
(2.42472 -0.00297316 3.36182e-20)
(2.36236 -0.00238554 0)
(2.30362 -0.00193344 3.28017e-20)
(2.24777 -0.00205109 0)
(2.17158 -0.00297991 3.00355e-20)
(2.07751 -0.0147101 2.85458e-20)
(1.84345 -0.0158444 3.02224e-20)
(1.69552 0.00217839 -2.89216e-20)
(9.90402 -0.0019063 -8.53618e-21)
(9.8695 -0.00196423 4.09123e-26)
(9.83917 -0.00206039 -1.73767e-20)
(9.80333 -0.00215264 -8.76598e-21)
(9.76793 -0.00223512 0)
(9.72944 -0.00232295 -8.92892e-21)
(9.68977 -0.0024099 -9.01209e-21)
(9.64777 -0.00249506 0)
(9.60398 -0.00258467 0)
(9.55801 -0.00267018 9.26524e-21)
(9.50995 -0.00276285 9.35068e-21)
(9.45963 -0.00285101 -9.43624e-21)
(9.40704 -0.00294551 9.52218e-21)
(9.3521 -0.00303547 -9.60805e-21)
(9.29477 -0.00313131 -9.69376e-21)
(9.23501 -0.00322243 9.7795e-21)
(9.17282 -0.00331902 -9.86531e-21)
(9.10814 -0.00341109 1.53403e-25)
(9.04097 -0.00350898 0)
(8.97129 -0.00360163 1.01222e-20)
(8.89904 -0.00370156 0)
(8.82425 -0.00379524 0)
(8.74684 -0.00389606 -1.03802e-20)
(8.66688 -0.0039892 1.04669e-20)
(8.5843 -0.00408753 -2.11084e-20)
(8.49921 -0.00417791 0)
(8.41153 -0.00427327 -1.07307e-20)
(8.32133 -0.00436051 -1.08198e-20)
(8.22854 -0.00445429 0)
(8.13311 -0.00454125 0)
(8.03497 -0.00463571 -1.10884e-20)
(7.93406 -0.00472309 0)
(7.83029 -0.00481993 -1.12674e-20)
(7.72359 -0.00490872 -2.27131e-20)
(7.61399 -0.00500411 -2.28892e-20)
(7.50136 -0.00509469 0)
(7.38579 -0.00518824 -3.3331e-25)
(7.26728 -0.00527309 0)
(7.14608 -0.00535565 -2.35917e-20)
(7.02231 -0.00542376 -1.1884e-20)
(6.89618 -0.00549117 -1.19743e-20)
(6.76794 -0.00554414 0)
(6.63765 -0.00559472 -1.21579e-20)
(6.50598 -0.00562364 -1.22554e-20)
(6.37332 -0.00565459 -2.47154e-20)
(6.23967 -0.00567685 -1.24667e-20)
(6.10537 -0.00569498 0)
(5.97088 -0.00568938 -2.54282e-20)
(5.83665 -0.0056775 -1.28547e-20)
(5.70289 -0.00564679 0)
(5.56989 -0.00561373 -1.31754e-20)
(5.43781 -0.00556414 -2.67125e-20)
(5.30675 -0.00551921 -1.35515e-20)
(5.17661 -0.00546602 -2.75219e-20)
(5.0473 -0.00542413 -2.79696e-20)
(4.91862 -0.00537395 -1.42242e-20)
(4.79061 -0.00532878 -1.44775e-20)
(4.66326 -0.00525825 0)
(4.53725 -0.00517407 -3.00591e-20)
(4.41277 -0.00506154 0)
(4.29027 -0.00493808 0)
(4.16988 -0.00478502 0)
(4.05208 -0.00461825 0)
(3.93703 -0.00444844 0)
(3.8242 -0.00431043 -1.68804e-20)
(3.71325 -0.00418157 0)
(3.60395 -0.00406975 -1.74839e-20)
(3.49671 -0.00394961 0)
(3.39132 -0.00382082 -1.8086e-20)
(3.28921 -0.00370042 0)
(3.18827 -0.00354896 0)
(3.09244 -0.00343238 0)
(2.99594 -0.00326341 0)
(2.90727 -0.00308312 0)
(2.81829 -0.00294644 0)
(2.73553 -0.00274643 -2.00792e-20)
(2.6551 -0.00261497 0)
(2.57852 -0.00249724 0)
(2.50347 -0.00241832 0)
(2.43068 -0.00232872 0)
(2.35975 -0.00224573 0)
(2.29102 -0.00219687 0)
(2.22274 -0.00212696 0)
(2.15733 -0.00205438 0)
(2.09275 -0.00202152 4.37102e-20)
(2.0289 -0.00194669 0)
(1.96731 -0.00183319 -2.22024e-20)
(1.90812 -0.00169781 0)
(1.85213 -0.00150162 0)
(1.80155 -0.00125732 0)
(1.75751 -0.000879358 0)
(1.72233 -0.000582811 0)
(1.69103 -0.000519587 0)
(1.65055 -0.000904946 -2.03449e-20)
(1.59185 -0.00970342 0)
(1.31681 -0.00988697 2.10005e-20)
(1.21776 0.00455975 2.02682e-20)
(7.62834 -0.00106362 -7.28612e-21)
(7.58902 -0.00107736 -1.46673e-20)
(7.55295 -0.00112971 2.21634e-20)
(7.51219 -0.00115982 -7.43884e-21)
(7.47184 -0.00119444 0)
(7.42893 -0.0012254 -7.54531e-21)
(7.38512 -0.00125776 0)
(7.33947 -0.00128725 0)
(7.2925 -0.00131828 0)
(7.24388 -0.0013467 -1.55204e-20)
(7.19376 -0.0013771 -7.81383e-21)
(7.14202 -0.00140547 0)
(7.08868 -0.00143511 -2.37621e-20)
(7.03371 -0.00146331 1.59474e-20)
(6.97709 -0.00149253 -8.02654e-21)
(6.91882 -0.00152062 8.07905e-21)
(6.85889 -0.00154988 1.62625e-20)
(6.79727 -0.00157808 -8.18324e-21)
(6.73397 -0.00160789 0)
(6.66895 -0.00163615 -2.48607e-20)
(6.6022 -0.00166684 0)
(6.53371 -0.00169543 0)
(6.46346 -0.00172643 1.6884e-20)
(6.39145 -0.00175472 0)
(6.31768 -0.00178442 1.70922e-20)
(6.24221 -0.00181134 0)
(6.165 -0.00183916 1.73023e-20)
(6.08613 -0.0018641 2.61122e-20)
(6.00557 -0.00188979 -8.75713e-21)
(5.92332 -0.00191316 8.81029e-21)
(5.83938 -0.00193756 -8.86337e-21)
(5.75371 -0.00195932 0)
(5.66636 -0.0019833 8.9692e-21)
(5.57717 -0.00200474 1.8045e-20)
(5.48634 -0.00202677 9.07504e-21)
(5.39365 -0.00204852 0)
(5.29928 -0.00206981 1.83621e-20)
(5.20315 -0.00209011 -9.2344e-21)
(5.10538 -0.00210837 1.85767e-20)
(5.00616 -0.00212211 -9.34288e-21)
(4.90552 -0.00213553 1.87966e-20)
(4.80371 -0.00214392 -9.45475e-21)
(4.70071 -0.00215335 0)
(4.59684 -0.00215819 9.57217e-21)
(4.49229 -0.00216401 1.92707e-20)
(4.38699 -0.00216921 0)
(4.28105 -0.0021739 -9.77286e-21)
(4.17473 -0.00217187 1.96974e-20)
(4.06832 -0.0021662 -9.93004e-21)
(3.96198 -0.00215462 0)
(3.85595 -0.00214033 1.01081e-20)
(3.75037 -0.00212017 2.04107e-20)
(3.6454 -0.00209912 1.03072e-20)
(3.541 -0.00207492 2.08284e-20)
(3.43724 -0.00205249 2.10507e-20)
(3.33397 -0.00202682 1.06409e-20)
(3.23135 -0.00200118 0)
(3.12937 -0.00196637 -1.08837e-20)
(3.0287 -0.00192447 2.20179e-20)
(2.9295 -0.00187172 -1.11363e-20)
(2.83237 -0.00181211 0)
(2.73749 -0.00174122 0)
(2.64549 -0.00166197 -1.15104e-20)
(2.55667 -0.00158387 -1.16261e-20)
(2.47048 -0.0015168 2.34743e-20)
(2.38674 -0.00145748 -1.18425e-20)
(2.30493 -0.00140559 2.38897e-20)
(2.22535 -0.00135398 -1.2043e-20)
(2.14765 -0.00129964 2.42784e-20)
(2.07291 -0.00125072 -1.22305e-20)
(1.9994 -0.001189 0)
(1.93042 -0.00114234 -1.24015e-20)
(1.86103 -0.00107491 -1.24864e-20)
(1.79857 -0.00100539 0)
(1.73583 -0.000952188 -1.26181e-20)
(1.67866 -0.000875613 2.53358e-20)
(1.6235 -0.000827839 -1.27129e-20)
(1.57141 -0.000784923 0)
(1.52067 -0.000756675 0)
(1.47161 -0.000724074 -1.28146e-20)
(1.42425 -0.00069496 1.28388e-20)
(1.37838 -0.000679399 -1.2862e-20)
(1.33281 -0.000654308 1.2887e-20)
(1.28961 -0.000629242 0)
(1.24685 -0.000617806 -2.58451e-20)
(1.20484 -0.000587327 0)
(1.16506 -0.000543849 3.88389e-20)
(1.12748 -0.000490543 0)
(1.09318 -0.000418559 0)
(1.0633 -0.000328955 0)
(1.0391 -0.000181954 0)
(1.02434 -6.54463e-05 0)
(1.01266 -6.0539e-06 0)
(1.00065 -0.000100802 2.4306e-20)
(0.974233 -0.00553677 -1.19382e-20)
(0.650092 -0.00679299 -1.23172e-20)
(0.606945 0.00593991 -2.42873e-20)
(3.82939 -0.000278514 1.04289e-20)
(3.79823 -0.000278626 0)
(3.76896 -0.000294013 -1.04612e-20)
(3.737 -0.000290407 1.04758e-20)
(3.70547 -0.000295233 0)
(3.67258 -0.000295053 1.05062e-20)
(3.63937 -0.000296656 0)
(3.6053 -0.000296947 0)
(3.57068 -0.000297045 0)
(3.53537 -0.000297045 0)
(3.49945 -0.000296245 -1.0568e-20)
(3.4629 -0.000295991 0)
(3.42572 -0.000294559 1.05867e-20)
(3.38791 -0.000294077 0)
(3.34948 -0.000292301 1.06019e-20)
(3.31043 -0.000291673 -1.06082e-20)
(3.27075 -0.000289903 0)
(3.23044 -0.000289259 -1.06184e-20)
(3.18951 -0.000287687 0)
(3.14791 -0.000287064 1.06255e-20)
(3.10567 -0.000285722 0)
(3.06276 -0.000285166 0)
(3.01918 -0.000283889 0)
(2.97493 -0.000283295 0)
(2.93003 -0.000281791 0)
(2.88448 -0.000280932 0)
(2.83832 -0.000278983 0)
(2.79156 -0.000277752 -1.06287e-20)
(2.74424 -0.000275014 1.06264e-20)
(2.69634 -0.000273265 -1.06236e-20)
(2.64793 -0.000269939 1.06201e-20)
(2.59895 -0.000267553 0)
(2.54951 -0.00026385 1.06114e-20)
(2.49947 -0.000261228 0)
(2.44902 -0.00025693 1.06007e-20)
(2.39799 -0.000254265 0)
(2.34653 -0.000250016 0)
(2.29455 -0.000247441 1.05818e-20)
(2.24209 -0.000243413 0)
(2.18932 -0.000240118 1.05683e-20)
(2.13618 -0.000235956 0)
(2.08283 -0.000232255 1.05544e-20)
(2.02926 -0.0002286 0)
(1.97552 -0.00022638 1.05409e-20)
(1.92168 -0.000223439 0)
(1.86772 -0.000222051 0)
(1.81363 -0.000219967 1.05237e-20)
(1.75951 -0.000218946 0)
(1.70552 -0.000216045 1.05148e-20)
(1.65177 -0.000214088 0)
(1.59837 -0.000210169 1.05068e-20)
(1.54542 -0.000206996 0)
(1.49304 -0.000201922 1.0498e-20)
(1.44123 -0.000197772 0)
(1.39009 -0.000192143 0)
(1.33952 -0.000187236 1.04801e-20)
(1.28968 -0.000181133 0)
(1.24052 -0.000175312 1.04633e-20)
(1.19243 -0.000167778 0)
(1.14545 -0.000160326 1.04402e-20)
(1.09994 -0.000151036 0)
(1.05597 -0.000142018 0)
(1.01387 -0.000130969 1.03885e-20)
(0.973767 -0.000121799 1.03656e-20)
(0.935333 -0.000112247 0)
(0.898456 -0.000105765 1.03131e-20)
(0.86278 -9.89669e-05 0)
(0.828419 -9.41074e-05 1.02536e-20)
(0.795155 -8.80002e-05 0)
(0.763442 -8.38714e-05 1.01878e-20)
(0.732491 -7.75371e-05 0)
(0.703767 -7.37108e-05 1.01156e-20)
(0.675009 -6.73465e-05 1.00782e-20)
(0.649564 -6.16193e-05 0)
(0.624052 -5.68669e-05 9.99494e-21)
(0.601195 -5.06151e-05 0)
(0.579275 -4.68651e-05 9.90405e-21)
(0.558722 -4.37901e-05 0)
(0.538807 -4.1531e-05 0)
(0.519633 -3.93398e-05 9.76065e-21)
(0.501259 -3.70325e-05 -9.7114e-21)
(0.48348 -3.65443e-05 9.66193e-21)
(0.465873 -3.44875e-05 -9.61271e-21)
(0.449313 -3.29888e-05 0)
(0.43292 -3.21446e-05 0)
(0.416949 -2.94466e-05 0)
(0.402029 -2.57717e-05 -9.41019e-21)
(0.388131 -2.11507e-05 0)
(0.375762 -1.55031e-05 0)
(0.365247 -8.20532e-06 0)
(0.357272 4.67643e-06 0)
(0.35367 1.56273e-05 0)
(0.351226 2.68283e-05 0)
(0.349727 2.58308e-05 0)
(0.342393 -0.00122832 8.90078e-21)
(0.000828014 0.000800102 -3.20627e-23)
(0.000781969 -0.000687416 0)
(7.62192 13.1071 3.39067e-18)
(7.4985 13.0743 0)
(7.09733 13.0757 0)
(6.87511 13.043 5.72118e-18)
(6.49281 13.0441 0)
(6.09226 13.0716 1.04221e-17)
(5.99072 12.8668 -1.01483e-17)
(5.38997 12.7981 1.9791e-17)
(6.09901 12.0452 -4.1213e-17)
(5.38153 7.65475 0)
(8.39595 2.56289 0)
(10.3623 -10.6212 0)
(11.1241 -18.2641 -9.96509e-20)
(16.055 -21.3322 0)
(20.91 -22.3275 -9.30458e-18)
(27.8588 -22.6595 2.05454e-17)
(32.8944 -21.5947 0)
(43.5726 -16.468 1.01624e-18)
(51.2481 -11.4018 -2.48447e-19)
(57.7441 -7.74646 0)
(63.3391 -5.12988 0)
(66.9502 -1.82506 0)
(69.3422 1.42145 0)
(70.4416 5.62457 4.36027e-19)
(67.795 10.9432 0)
(58.9957 11.6902 -4.92872e-17)
(46.3508 7.56456 0)
(36.9921 2.20275 0)
(32.9784 0.653125 0)
(32.4629 1.62343 2.53635e-17)
(25.9204 0.266095 -7.31829e-17)
(34.5165 -3.30946 -4.3033e-17)
(44.2125 -2.26326 0)
(9.52297 13.3201 -3.06014e-18)
(9.46904 13.2986 0)
(9.16195 13.3058 0)
(9.03912 13.2674 4.84972e-21)
(8.78592 13.2679 0)
(8.5504 13.2723 0)
(8.71117 13.0515 9.33742e-18)
(8.38828 12.9223 -1.83044e-17)
(9.56554 12.1277 1.90775e-17)
(9.40892 7.59989 0)
(12.248 2.56642 0)
(15.1564 -10.6369 0)
(15.1812 -18.4263 2.64956e-17)
(19.2037 -21.7219 0)
(23.4781 -22.8275 8.87316e-18)
(29.6689 -23.1475 -9.91121e-18)
(33.9393 -22.257 0)
(44.3117 -17.2486 1.10145e-18)
(52.0016 -11.9457 -3.75533e-19)
(58.5024 -8.16571 -1.1978e-18)
(64.184 -5.41112 0)
(67.7842 -1.98425 0)
(70.429 1.36777 0)
(71.7039 5.72767 -1.54529e-17)
(69.0525 11.3125 0)
(60.9909 12.3193 -4.63818e-17)
(49.4644 8.27181 0)
(40.2886 2.7009 0)
(36.2729 0.940376 2.43545e-17)
(35.3175 1.92889 1.22542e-17)
(28.6448 0.385367 0)
(38.2284 -3.47752 0)
(46.9515 -2.30895 0)
(11.494 13.5072 0)
(11.5125 13.4993 -5.29184e-18)
(11.3079 13.5115 5.05305e-18)
(11.2887 13.4659 2.16593e-21)
(11.1737 13.4591 -9.307e-18)
(11.1194 13.4285 8.99893e-18)
(11.5218 13.1789 -1.76104e-17)
(11.5286 12.966 0)
(13.2175 12.1397 1.80577e-17)
(13.6514 7.48501 -5.22122e-17)
(16.9408 2.50479 -1.06349e-16)
(19.9325 -10.5968 0)
(19.3622 -18.4639 0)
(22.4525 -22.0178 0)
(26.1579 -23.2737 0)
(31.4733 -23.5785 0)
(35.5315 -22.861 1.02549e-17)
(44.9447 -18.0268 -2.24867e-18)
(52.5936 -12.5113 3.64745e-19)
(59.0839 -8.60761 -1.42906e-19)
(64.8809 -5.70935 1.81418e-18)
(68.5171 -2.15728 0)
(71.3789 1.29503 0)
(72.9067 5.82866 0)
(70.2037 11.6703 0)
(62.697 12.9036 8.90262e-17)
(52.1969 8.94277 0)
(43.2528 3.19174 -7.05187e-17)
(39.425 1.24406 -2.48699e-17)
(38.1365 2.25399 -2.58103e-17)
(31.4146 0.499747 0)
(41.8735 -3.63012 4.52724e-17)
(49.4396 -2.33072 0)
(13.5283 13.6598 -2.6116e-18)
(13.6247 13.667 4.88219e-18)
(13.5322 13.6825 -4.68241e-18)
(13.6219 13.6297 -4.51985e-18)
(13.6543 13.606 5.41216e-21)
(13.7855 13.5303 -9.97039e-21)
(14.4139 13.237 1.66442e-17)
(14.7795 12.9051 0)
(16.8607 12.0007 -1.72644e-17)
(18.1762 7.25932 4.94068e-17)
(21.8875 2.35622 9.48832e-17)
(24.5772 -10.4685 -4.77579e-17)
(23.5622 -18.3815 0)
(25.7479 -22.202 0)
(28.794 -23.6264 0)
(33.3046 -23.9763 0)
(37.7379 -23.3803 -1.0001e-17)
(45.505 -18.765 1.17955e-18)
(53.0246 -13.0994 5.00506e-19)
(59.4784 -9.07725 1.24022e-18)
(65.4187 -6.03113 -1.66958e-18)
(69.1352 -2.34848 0)
(72.1772 1.19837 0)
(74.0199 5.92317 -1.50364e-17)
(71.2307 12.0187 0)
(64.1786 13.4518 -4.30689e-17)
(54.564 9.57502 -9.12091e-17)
(45.9025 3.66541 7.09776e-17)
(42.3364 1.54603 0)
(40.8705 2.5928 0)
(34.2114 0.610734 -7.00804e-17)
(45.3988 -3.77088 -9.40413e-17)
(51.611 -2.34015 0)
(15.6202 13.77 4.81305e-18)
(15.7967 13.79 0)
(15.8286 13.8086 0)
(16.0291 13.747 0)
(16.2205 13.6994 1.20271e-20)
(16.5305 13.5698 -1.5896e-17)
(17.3697 13.2111 0)
(18.1174 12.7546 1.56505e-17)
(20.4741 11.7004 0)
(22.5169 6.90663 0)
(26.44 2.09602 0)
(28.9606 -10.2845 5.46608e-19)
(27.7003 -18.1947 0)
(29.043 -22.2798 0)
(31.4736 -23.8788 0)
(35.3262 -24.3493 0)
(40.0995 -23.8279 -1.00368e-17)
(46.0026 -19.4297 -1.31505e-18)
(53.294 -13.7059 -1.07606e-18)
(59.6745 -9.57793 0)
(65.7856 -6.38219 0)
(69.6202 -2.56116 0)
(72.807 1.07394 0)
(75.0086 6.00643 1.42115e-17)
(72.1282 12.359 3.98932e-17)
(65.4385 13.9641 -4.22112e-17)
(56.6138 10.172 8.84516e-17)
(48.2669 4.12076 0)
(44.9423 1.83648 -2.39377e-17)
(43.4403 2.93199 -2.60563e-17)
(37.0008 0.716223 1.42398e-16)
(48.7531 -3.89519 -4.88967e-17)
(53.4221 -2.33582 0)
(17.7643 13.8332 -1.27744e-21)
(18.0183 13.858 0)
(18.1794 13.8779 4.01072e-18)
(18.5 13.8098 7.79989e-18)
(18.8539 13.7312 1.51785e-17)
(19.3462 13.5454 7.47318e-18)
(20.3698 13.0917 1.48076e-17)
(21.4667 12.4966 -1.49924e-17)
(24.1124 11.2864 -3.14599e-17)
(26.5908 6.47315 0)
(30.6668 1.74036 -6.01191e-17)
(33.0237 -10.0516 4.10266e-17)
(31.6894 -17.9182 0)
(32.3086 -22.2558 0)
(34.4041 -24.0764 0)
(37.633 -24.6927 9.48919e-18)
(42.2962 -24.2202 -2.98982e-19)
(46.4485 -20.0088 2.99198e-18)
(53.4089 -14.3255 5.90352e-19)
(59.6626 -10.1122 0)
(65.9699 -6.76856 0)
(69.9509 -2.79908 0)
(73.2479 0.918002 0)
(75.8356 6.07263 0)
(72.9051 12.693 -3.67776e-17)
(66.4817 14.4428 8.1688e-17)
(58.3918 10.7368 0)
(50.3445 4.55584 0)
(47.2021 2.10809 2.44384e-17)
(45.7813 3.25851 2.69993e-17)
(39.7298 0.8116 -7.26336e-17)
(51.8863 -4.00094 2.05384e-16)
(54.8634 -2.3175 0)
(19.9594 13.8485 -2.03878e-18)
(20.2843 13.8653 0)
(20.5691 13.8776 -3.71675e-18)
(21.017 13.8026 -2.18572e-20)
(21.5341 13.6879 -7.09314e-18)
(22.2046 13.4474 -1.39574e-17)
(23.4138 12.8871 -8.50701e-20)
(24.7885 12.1271 -1.4176e-17)
(27.6368 10.7479 6.07633e-17)
(30.4774 5.97014 0)
(34.5401 1.30606 4.68102e-17)
(36.7161 -9.80685 3.70963e-17)
(35.4818 -17.5886 2.06821e-17)
(35.619 -22.1518 0)
(37.3254 -24.2046 0)
(39.9694 -24.9811 1.43025e-19)
(44.1656 -24.5366 1.85088e-17)
(46.8978 -20.5004 -1.80218e-18)
(53.3962 -14.9494 0)
(59.4396 -10.6814 0)
(65.9608 -7.19599 0)
(70.1069 -3.06557 0)
(73.4773 0.72655 0)
(76.4636 6.11432 2.80842e-17)
(73.5681 13.0209 3.58468e-17)
(67.3303 14.8938 -3.93103e-17)
(59.9164 11.2685 8.16276e-17)
(52.1145 4.96737 0)
(49.0971 2.35559 0)
(47.8534 3.56165 0)
(42.3363 0.891295 0)
(54.7501 -4.08754 -6.79719e-19)
(55.9554 -2.28365 -3.13606e-17)
(22.2073 13.8164 3.73568e-18)
(22.5855 13.8084 3.51296e-18)
(22.98 13.8 0)
(23.5519 13.7155 -2.88449e-20)
(24.2426 13.5651 0)
(25.0767 13.2645 1.31527e-17)
(26.4612 12.5882 -1.32841e-17)
(28.0948 11.6741 1.47559e-19)
(30.9704 10.0986 -5.8429e-17)
(34.1008 5.39515 0)
(37.9259 0.822663 0)
(40.0464 -9.57461 -3.48836e-17)
(39.077 -17.2368 -2.54548e-19)
(38.8976 -21.9798 0)
(40.024 -24.2638 0)
(42.2019 -25.2032 -8.82053e-18)
(45.7593 -24.7686 -9.03439e-18)
(47.5159 -20.8899 0)
(53.3199 -15.5602 0)
(59.0164 -11.2829 0)
(65.7495 -7.66959 -3.47867e-18)
(70.0737 -3.36344 -5.47265e-18)
(73.4727 0.496085 0)
(76.8573 6.12283 -5.46584e-17)
(74.115 13.3403 -3.35943e-17)
(67.9896 15.3189 0)
(61.1918 11.7688 -8.07944e-17)
(53.5617 5.35555 0)
(50.6422 2.577 0)
(49.612 3.83046 -2.75842e-17)
(44.7643 0.949349 7.25481e-17)
(57.3127 -4.16333 -2.00054e-16)
(56.7164 -2.23533 3.03089e-17)
(24.5194 13.75 -1.1836e-20)
(24.9355 13.7 -3.23686e-18)
(25.4136 13.6454 0)
(26.082 13.5305 -6.25787e-18)
(26.9437 13.3433 0)
(27.9418 12.9942 0)
(29.4703 12.1876 0)
(31.3413 11.1488 1.29614e-17)
(34.1783 9.38021 2.82825e-17)
(37.443 4.78532 0)
(40.9138 0.309592 5.97257e-17)
(43.1159 -9.39911 0)
(42.4802 -16.882 -2.94513e-19)
(41.9457 -21.7361 0)
(42.6727 -24.2629 0)
(44.466 -25.3651 0)
(47.3055 -24.9262 0)
(48.711 -21.1797 4.56881e-18)
(53.296 -16.1118 -2.45167e-18)
(58.4289 -11.9071 0)
(65.332 -8.193 3.43991e-18)
(69.8449 -3.69458 -2.15092e-19)
(73.2181 0.224672 1.06316e-17)
(76.9859 6.08886 5.44071e-17)
(74.5333 13.6472 0)
(68.4669 15.7179 0)
(62.1964 12.2386 -7.43908e-17)
(54.6648 5.71825 -5.34713e-17)
(51.8867 2.77342 0)
(51.0128 4.05648 2.87121e-17)
(46.9673 0.980036 -2.0304e-18)
(59.5537 -4.21973 6.60299e-19)
(57.1531 -2.17317 0)
(26.8944 13.6438 -3.13346e-18)
(27.3377 13.5442 0)
(27.8808 13.4322 0)
(28.604 13.2612 0)
(29.6069 13.0173 5.70641e-18)
(30.7485 12.6264 0)
(32.4101 11.6873 -1.16897e-17)
(34.4474 10.543 0)
(37.2947 8.61435 2.65448e-17)
(40.5688 4.17129 3.47228e-17)
(43.6914 -0.212609 -5.13022e-17)
(46.0086 -9.28307 -2.84633e-17)
(45.6276 -16.5248 -1.78633e-17)
(44.8246 -21.4421 0)
(45.2854 -24.2055 0)
(46.6944 -25.4515 1.72045e-17)
(48.8697 -25.0492 -9.26861e-18)
(50.71 -21.3166 4.04878e-19)
(53.4989 -16.5299 -3.26561e-19)
(57.7572 -12.5306 0)
(64.7124 -8.76698 0)
(69.421 -4.05962 5.50394e-18)
(72.7114 -0.0880471 -1.03363e-17)
(76.8238 6.003 -5.46868e-17)
(74.8021 13.9345 -3.26811e-17)
(68.7969 16.0981 6.58819e-17)
(62.9029 12.6759 6.95301e-17)
(55.43 6.05192 5.02969e-17)
(52.9183 2.95046 -4.13801e-17)
(52.0067 4.23207 0)
(48.9301 0.978268 -7.61546e-17)
(61.4807 -4.26075 8.93347e-17)
(57.2731 -2.09909 0)
(29.3363 13.5147 0)
(29.7998 13.3513 2.69164e-18)
(30.3973 13.1733 5.34511e-18)
(31.1481 12.9219 5.32054e-18)
(32.2553 12.5958 -5.35801e-18)
(33.478 12.1566 -1.06552e-17)
(35.2513 11.0894 1.11517e-17)
(37.3273 9.84209 -2.29073e-17)
(40.2259 7.79265 -5.11416e-17)
(43.4351 3.54467 -3.05668e-17)
(46.2743 -0.741382 0)
(48.6889 -9.22859 8.35855e-19)
(48.4931 -16.1731 -3.30183e-17)
(47.572 -21.1077 0)
(47.7941 -24.1028 0)
(48.849 -25.4768 -1.67148e-17)
(50.5323 -25.1587 -2.60022e-19)
(52.3726 -21.4023 -4.20272e-18)
(54.1778 -16.8076 6.4231e-18)
(57.164 -13.096 -4.47491e-18)
(63.9076 -9.3853 4.14568e-18)
(68.8087 -4.45848 0)
(71.9659 -0.439624 0)
(76.3518 5.85685 -8.8829e-19)
(74.8986 14.193 3.16801e-17)
(69.006 16.4662 -6.13841e-17)
(63.3426 13.0849 -6.06195e-17)
(55.9385 6.35763 4.12383e-17)
(53.8387 3.11776 4.05818e-17)
(52.5821 4.3547 0)
(50.6702 0.939895 0)
(63.1136 -4.2855 0)
(57.0827 -2.01445 0)
(31.8684 13.3584 -2.56574e-18)
(32.3376 13.1139 -2.46786e-18)
(32.949 12.8681 -4.95615e-20)
(33.719 12.5262 -4.95211e-18)
(34.8743 12.11 0)
(36.1636 11.6188 1.50323e-19)
(38.0263 10.4417 -1.02931e-17)
(40.0227 9.0778 2.20558e-17)
(42.9225 6.90779 4.86369e-17)
(45.9573 2.86946 0)
(48.608 -1.3052 3.61871e-17)
(51.1268 -9.24553 4.78095e-17)
(51.1106 -15.8406 3.17753e-17)
(50.1216 -20.7532 0)
(50.1983 -23.9593 0)
(50.9623 -25.454 1.64892e-17)
(52.2563 -25.1966 9.04363e-18)
(53.3116 -21.5351 0)
(55.2483 -16.9289 7.3844e-18)
(56.9844 -13.5575 7.38692e-18)
(62.9504 -10.0266 -4.68038e-18)
(68.0187 -4.88951 0)
(71.0115 -0.824171 0)
(75.5613 5.64516 5.65183e-17)
(74.8031 14.4118 -3.27109e-17)
(69.1002 16.8206 -5.79861e-17)
(63.5861 13.4753 1.78885e-18)
(56.3061 6.64149 -3.86387e-17)
(54.7081 3.28492 0)
(52.7685 4.4287 0)
(52.2409 0.864799 0)
(64.46 -4.2929 8.1186e-17)
(56.5821 -1.92022 -3.69079e-17)
(34.4614 13.2023 2.5596e-20)
(34.9503 12.8874 0)
(35.5641 12.5566 -5.65501e-20)
(36.3635 12.0981 0)
(37.4751 11.5534 0)
(38.8197 10.9797 1.64455e-19)
(40.7102 9.74288 9.8328e-18)
(42.6484 8.29753 0)
(45.449 6.02839 -6.35804e-19)
(48.2714 2.20789 0)
(50.795 -1.89204 -6.40869e-17)
(53.4043 -9.32962 -7.99695e-19)
(53.5048 -15.527 0)
(52.4911 -20.3924 0)
(52.5161 -23.7892 0)
(53.0263 -25.3811 5.36385e-20)
(53.8234 -25.1648 9.44269e-18)
(54.4329 -21.5859 0)
(55.739 -17.0659 -6.77839e-18)
(57.6557 -13.8655 1.04629e-17)
(61.8895 -10.6398 0)
(67.0658 -5.35052 0)
(69.8932 -1.23292 0)
(74.4609 5.36898 -2.90462e-17)
(74.4963 14.5856 6.68994e-17)
(69.0841 17.1622 5.44582e-17)
(63.6844 13.8515 5.22888e-17)
(56.6313 6.90801 0)
(55.5231 3.45856 0)
(52.6144 4.45762 2.30153e-17)
(53.7305 0.754016 -1.33304e-16)
(65.517 -4.28013 -7.91374e-17)
(55.7673 -1.81579 3.69841e-17)
(37.4313 12.9638 1.8494e-18)
(37.8903 12.5749 0)
(38.4582 12.1591 -3.60219e-18)
(39.2366 11.6226 0)
(40.2737 10.9589 0)
(41.6155 10.2539 7.68324e-18)
(43.4707 8.95294 0)
(45.3833 7.43234 0)
(48.0412 5.07971 -3.59903e-17)
(50.6467 1.47487 -3.03624e-17)
(53.0299 -2.56127 1.05777e-18)
(55.7445 -9.45777 -8.04252e-19)
(55.8133 -15.1928 0)
(54.8041 -19.9961 0)
(54.8801 -23.5741 0)
(55.1051 -25.2343 -1.50348e-17)
(55.3987 -25.0782 -8.72981e-18)
(55.5697 -21.5639 1.02659e-17)
(56.1351 -17.247 0)
(58.5512 -14.0643 -8.5926e-18)
(60.7475 -11.1983 0)
(65.9418 -5.86734 9.26629e-18)
(68.6347 -1.67687 0)
(73.0497 5.00286 -3.22268e-17)
(73.9428 14.6864 -3.47649e-17)
(68.9685 17.4939 0)
(63.6845 14.2258 0)
(56.9862 7.17217 0)
(56.2385 3.64154 0)
(52.1871 4.44612 -4.24061e-17)
(55.2257 0.61954 4.84152e-18)
(66.277 -4.24422 7.5702e-17)
(54.6299 -1.70847 3.96984e-17)
(40.5306 12.7394 0)
(41.2165 12.397 0)
(41.8807 11.8682 0)
(42.6161 11.1669 0)
(43.5254 10.3168 0)
(44.6791 9.4217 -6.70516e-18)
(46.3779 8.05006 0)
(48.1247 6.48125 0)
(50.6936 4.10047 1.51882e-17)
(53.0246 0.732844 2.64566e-17)
(55.4763 -3.28519 2.18015e-17)
(58.2179 -9.63957 -1.65664e-17)
(57.9044 -14.8601 0)
(57.0239 -19.6265 0)
(57.2667 -23.3503 0)
(57.1474 -25.0279 0)
(57.0111 -24.89 0)
(56.4939 -21.4873 7.7035e-19)
(56.8919 -17.3477 8.49225e-18)
(58.7539 -14.2563 -9.59033e-18)
(59.8642 -11.6769 -1.85092e-17)
(64.7765 -6.39415 6.02287e-19)
(67.3719 -2.12496 0)
(71.465 4.58797 6.92983e-17)
(73.1014 14.7256 0)
(68.6922 17.8033 5.19007e-17)
(63.5092 14.5768 4.17026e-17)
(57.3195 7.41579 -4.46806e-17)
(56.7457 3.83092 0)
(51.5434 4.39912 1.44913e-18)
(56.7915 0.459298 1.19715e-16)
(66.7206 -4.18337 -1.49015e-16)
(53.1621 -1.59513 -7.82137e-17)
(42.2687 11.3169 1.43326e-18)
(43.4708 11.421 0)
(44.6754 11.2636 0)
(45.87 10.7664 0)
(47.0553 9.93547 5.63405e-18)
(48.2746 8.86171 6.04941e-18)
(49.8491 7.33716 0)
(51.3707 5.58182 0)
(53.7494 3.11735 0)
(55.6622 -0.0973589 0)
(58.3105 -4.10551 0)
(60.3878 -9.76765 0)
(59.4432 -14.4855 -2.15111e-17)
(59.1126 -19.3046 0)
(59.5527 -23.1043 0)
(59.0475 -24.7367 1.4201e-17)
(58.4111 -24.6157 8.96986e-18)
(57.447 -21.3327 -1.06765e-17)
(57.4172 -17.4299 -8.26715e-18)
(58.7587 -14.4188 9.29641e-18)
(60.1791 -11.9905 2.17416e-17)
(63.7451 -6.88998 1.19337e-18)
(66.2444 -2.54577 0)
(69.8609 4.14207 -3.87712e-17)
(72.0107 14.6857 -4.02681e-17)
(68.2438 18.0785 -5.15845e-17)
(63.1416 14.8976 -3.89571e-17)
(57.6133 7.64497 4.21919e-17)
(56.9727 4.02207 0)
(50.8402 4.31639 1.66897e-17)
(58.4424 0.280896 0)
(66.7941 -4.09007 7.37384e-17)
(51.3897 -1.4741 3.83227e-17)
(43.0936 9.28644 -1.3509e-18)
(44.2307 9.30605 1.24205e-18)
(45.5868 9.29775 0)
(47.1761 9.11751 -2.49366e-18)
(48.8532 8.6661 -5.23708e-18)
(50.6379 7.86707 0)
(52.5252 6.5699 0)
(54.3482 4.84482 0)
(56.6166 2.42597 0)
(58.2864 -0.748923 0)
(60.7179 -4.71748 -1.50904e-17)
(61.3489 -9.66429 1.24729e-17)
(60.4798 -14.163 2.05789e-17)
(61.3053 -19.1347 0)
(61.721 -22.8486 -2.00743e-17)
(60.7313 -24.3561 -1.543e-19)
(59.6409 -24.2646 -8.7766e-18)
(58.3001 -21.1048 0)
(57.8228 -17.4461 -9.62928e-18)
(58.9466 -14.6048 0)
(61.0062 -12.1571 0)
(63.1597 -7.29863 2.4335e-18)
(65.517 -2.90789 0)
(68.3571 3.70883 5.21088e-17)
(70.7143 14.5803 4.19956e-17)
(67.6033 18.3133 0)
(62.5921 15.1811 0)
(57.8507 7.85512 0)
(56.8872 4.20844 0)
(50.2384 4.20708 1.25626e-17)
(60.1611 0.0911828 0)
(66.4489 -3.96456 -7.13414e-17)
(49.3264 -1.34902 0)
(45.0453 8.22481 -1.18217e-18)
(45.7321 7.92363 -1.15127e-18)
(46.6093 7.58301 0)
(47.7777 7.1703 4.67894e-18)
(49.1582 6.61971 0)
(50.8626 5.85897 0)
(52.6914 4.74173 0)
(54.7261 3.19557 0)
(56.8481 1.09516 -8.37927e-18)
(58.6882 -1.80863 0)
(60.7237 -5.30693 1.40948e-17)
(60.9316 -9.58834 -6.36674e-19)
(61.9565 -14.1915 0)
(63.829 -19.1347 0)
(63.619 -22.5032 1.93829e-17)
(62.1168 -23.8741 -1.33317e-17)
(60.7154 -23.8255 0)
(58.992 -20.8094 1.22721e-17)
(58.1742 -17.4422 -7.48836e-19)
(59.3038 -14.7779 -2.14714e-17)
(61.0913 -12.4383 0)
(62.939 -7.55871 -6.63454e-17)
(65.8739 -3.10919 0)
(67.1492 3.34559 -7.7316e-17)
(69.2915 14.4324 0)
(66.7538 18.5026 0)
(61.8769 15.4238 0)
(58.0029 8.04674 0)
(56.4767 4.38345 0)
(49.8769 4.07498 -2.1997e-17)
(61.8904 -0.10156 0)
(65.6346 -3.80277 7.14041e-17)
(46.9761 -1.22371 8.0939e-17)
(47.8715 7.65816 2.72883e-20)
(48.4665 7.32431 0)
(49.1685 6.88879 0)
(50.026 6.33931 -2.08558e-18)
(51.0387 5.61451 4.08519e-18)
(52.2948 4.69863 0)
(53.7056 3.47268 7.94701e-18)
(55.4005 1.88743 0)
(57.1261 -0.133106 1.48505e-17)
(59.0598 -2.87496 0)
(60.8316 -5.9725 0)
(62.2737 -10.078 -5.92076e-19)
(65.1266 -14.7405 -1.56132e-17)
(66.2973 -19.107 0)
(64.9555 -21.9904 0)
(63.2285 -23.3085 1.25997e-17)
(61.6132 -23.3226 0)
(59.5789 -20.4437 -1.20592e-17)
(58.4593 -17.4128 -7.12122e-19)
(59.5815 -14.9545 2.08537e-17)
(61.2457 -12.6477 0)
(62.7752 -7.913 3.22438e-17)
(66.5092 -3.22426 0)
(66.6193 3.13101 0)
(67.8635 14.285 0)
(65.6962 18.6455 -5.67518e-17)
(61.0095 15.6205 0)
(58.0285 8.2196 0)
(55.739 4.53626 7.64242e-18)
(49.859 3.92249 9.80137e-18)
(63.5344 -0.288955 9.56656e-17)
(64.3108 -3.60397 6.98601e-17)
(44.3356 -1.10255 -1.64909e-16)
(50.9446 6.75517 1.78496e-18)
(51.4688 6.36909 -1.66823e-18)
(52.1147 5.89927 0)
(52.8991 5.33224 0)
(53.8583 4.60364 -3.5341e-18)
(55.0004 3.69941 0)
(56.3613 2.49745 -1.35133e-17)
(57.9398 0.974631 -6.37372e-18)
(59.7088 -0.992934 -6.38527e-18)
(61.7802 -3.5921 0)
(63.7492 -6.60059 9.90582e-18)
(66.2347 -10.775 7.81632e-18)
(68.3719 -15.0308 1.44678e-17)
(67.5125 -18.6235 0)
(65.6525 -21.3074 0)
(64.1703 -22.7078 -1.22986e-17)
(62.3509 -22.7516 8.58785e-18)
(59.9706 -20.0197 0)
(58.6904 -17.3659 2.13091e-17)
(59.9147 -15.1218 0)
(61.1412 -12.9183 2.3852e-17)
(63.0873 -8.22062 -3.51774e-17)
(66.1731 -3.49223 0)
(67.1406 3.15013 0)
(66.6288 14.2134 1.426e-16)
(64.4496 18.7549 5.85838e-17)
(59.9793 15.7697 0)
(57.8737 8.37406 -1.00655e-17)
(54.6823 4.64989 -7.13748e-18)
(50.2781 3.75078 5.86439e-18)
(64.9632 -0.475853 -9.02674e-17)
(62.4338 -3.36762 -1.36794e-18)
(41.4192 -0.981012 8.05146e-17)
(55.1543 6.55207 -7.53856e-19)
(55.662 6.05746 1.42924e-18)
(56.2627 5.44993 -1.37318e-18)
(56.9804 4.72167 0)
(57.8553 3.83741 0)
(58.898 2.77764 0)
(60.1823 1.46268 5.70878e-18)
(61.6464 -0.142964 3.31992e-19)
(63.406 -2.15381 -4.97855e-18)
(65.2718 -4.6793 0)
(67.1531 -7.65492 -8.96847e-18)
(68.9946 -11.4644 -1.55878e-17)
(69.0644 -14.8779 0)
(67.3203 -17.9733 0)
(66.241 -20.7434 1.55684e-17)
(65.0528 -22.1399 0)
(62.8394 -22.1138 -8.61079e-18)
(60.1779 -19.5475 -1.34562e-17)
(58.8903 -17.3279 6.06387e-19)
(60.1741 -15.2744 0)
(61.0132 -13.1783 -2.38437e-17)
(63.2111 -8.53197 3.51107e-17)
(65.8743 -3.78813 0)
(68.2628 3.31499 1.78469e-16)
(65.8136 14.3179 -1.79334e-16)
(63.1391 18.8582 -6.08186e-17)
(58.8231 15.8578 0)
(57.5062 8.49072 9.62815e-18)
(53.4706 4.71855 0)
(51.1454 3.58328 -5.83112e-18)
(65.8919 -0.636689 -8.31021e-17)
(60.2265 -3.1241 -7.09616e-17)
(38.6261 -0.877393 0)
(57.8371 5.4274 6.02353e-19)
(58.5407 5.04133 0)
(59.327 4.52645 1.19774e-18)
(60.2107 3.86336 -1.1295e-18)
(61.1926 3.02314 0)
(62.2824 1.97146 0)
(63.499 0.665129 0)
(64.7898 -0.955898 3.15564e-19)
(66.2043 -2.93385 4.44814e-18)
(67.4717 -5.36101 0)
(68.6244 -8.16005 0)
(69.0932 -11.409 0)
(68.2323 -14.3433 0)
(67.4432 -17.4941 -9.25809e-18)
(67.2348 -20.3371 -1.51805e-17)
(65.7155 -21.5029 0)
(62.9826 -21.3872 0)
(60.2382 -19.0579 1.33367e-17)
(59.0547 -17.2984 -1.13655e-17)
(60.3801 -15.413 0)
(60.7377 -13.4514 0)
(63.2589 -8.86216 0)
(65.8884 -4.10306 0)
(68.8919 3.35007 -1.74732e-16)
(65.2759 14.5173 0)
(61.8476 18.9667 6.22015e-17)
(57.6383 15.9012 0)
(56.9933 8.57915 8.46156e-19)
(52.4289 4.75082 0)
(52.1809 3.41983 2.45979e-18)
(66.2911 -0.762526 1.60989e-16)
(57.9664 -2.89814 0)
(36.2396 -0.789541 -7.39851e-17)
(58.385 3.61088 -5.47946e-19)
(59.041 3.20661 9.76737e-19)
(59.7884 2.70153 0)
(60.6346 2.07319 5.87956e-20)
(61.5686 1.29304 1.93564e-18)
(62.5905 0.322638 0)
(63.6822 -0.864071 3.79096e-18)
(64.8067 -2.33922 7.69181e-18)
(65.932 -4.09258 3.59076e-18)
(66.8946 -6.24127 0)
(67.7064 -8.6582 6.37291e-18)
(67.9838 -11.4318 0)
(68.0039 -14.2502 1.01046e-17)
(68.4396 -17.4055 8.94026e-18)
(68.0616 -19.9155 -1.34669e-17)
(65.8036 -20.7124 0)
(62.8051 -20.5954 0)
(60.2055 -18.574 0)
(59.1819 -17.2995 1.22112e-17)
(60.5358 -15.5177 2.52469e-17)
(60.2444 -13.744 0)
(63.3024 -9.24014 -3.98957e-17)
(66.0283 -4.43411 0)
(69.1132 3.40468 1.92247e-16)
(64.909 14.8873 0)
(60.5552 19.1099 0)
(56.4145 15.9185 0)
(56.3552 8.64165 -3.88894e-18)
(51.5772 4.76559 0)
(53.2536 3.24606 -3.40353e-18)
(66.2905 -0.868566 -7.85301e-17)
(55.6604 -2.67541 0)
(34.126 -0.704782 1.39719e-16)
(59.4554 2.33039 4.47614e-19)
(59.9844 1.9305 -1.72004e-18)
(60.5891 1.43816 0)
(61.277 0.833685 5.08738e-20)
(62.0465 0.0915867 -1.77209e-18)
(62.898 -0.822373 0)
(63.8232 -1.92773 -2.32125e-19)
(64.8068 -3.29363 -3.44783e-18)
(65.8163 -4.89637 -3.35629e-18)
(66.8042 -6.86975 0)
(67.7359 -9.07666 -6.02502e-18)
(68.4869 -11.693 5.07958e-18)
(69.198 -14.4605 -9.61194e-18)
(69.4779 -17.2769 0)
(68.1037 -19.2449 1.3226e-17)
(65.3504 -19.7888 0)
(62.4502 -19.8029 0)
(60.1313 -18.125 0)
(59.2824 -17.3225 -2.44285e-17)
(60.5224 -15.5854 1.05516e-18)
(59.5561 -14.0592 0)
(63.3111 -9.6923 3.87991e-17)
(66.1084 -4.78745 0)
(68.8005 3.40042 1.08021e-17)
(64.547 15.3053 0)
(59.2493 19.2923 -7.31262e-17)
(55.1517 15.9141 1.74765e-17)
(55.6143 8.67487 3.02815e-18)
(50.907 4.76078 0)
(54.2312 3.05686 9.27649e-19)
(65.9389 -0.952845 7.40255e-17)
(53.3636 -2.45905 -5.5207e-17)
(32.2549 -0.625684 -1.33523e-16)
(60.8337 1.05852 -4.04892e-19)
(61.3154 0.649055 7.56507e-19)
(61.8699 0.153596 0)
(62.5064 -0.444358 4.75836e-20)
(63.2278 -1.16535 0)
(64.0348 -2.04051 1.40497e-18)
(64.9285 -3.08512 -4.38017e-18)
(65.8949 -4.36275 0)
(66.9084 -5.85205 0)
(67.937 -7.67684 -5.08908e-18)
(68.8759 -9.70729 4.79504e-18)
(69.6455 -12.1062 -9.18425e-18)
(69.9631 -14.5304 7.8902e-18)
(69.3354 -16.7881 -6.8785e-18)
(67.2616 -18.331 0)
(64.61 -18.8337 0)
(62.0144 -19.0569 -8.23004e-18)
(60.0343 -17.716 0)
(59.2763 -17.3619 -3.80961e-19)
(60.2884 -15.5948 -2.55853e-17)
(58.6636 -14.4128 -2.83974e-17)
(63.1831 -10.247 0)
(65.9551 -5.14945 0)
(67.6235 3.32742 -1.99314e-16)
(63.9275 15.7273 2.79966e-16)
(57.8804 19.5105 -2.97037e-19)
(53.8331 15.8905 -1.80752e-17)
(54.7833 8.67759 0)
(50.3741 4.73431 0)
(55.0205 2.8476 1.94974e-18)
(65.2816 -1.01892 -1.09002e-18)
(51.1039 -2.24941 1.03578e-16)
(30.5945 -0.551816 -2.60942e-19)
(62.2246 -0.133883 -3.26473e-19)
(62.6686 -0.550934 0)
(63.1805 -1.04985 6.05711e-19)
(63.7678 -1.64508 6.4682e-19)
(64.4323 -2.35196 -1.20103e-18)
(65.1721 -3.199 -2.47634e-18)
(65.9846 -4.19464 1.2735e-18)
(66.8483 -5.39515 0)
(67.7263 -6.77597 0)
(68.5652 -8.43354 4.74522e-18)
(69.2162 -10.2457 -4.51538e-18)
(69.5883 -12.3176 4.20389e-18)
(69.2653 -14.311 -5.79798e-19)
(68.1558 -16.1197 4.63303e-19)
(66.0671 -17.439 0)
(63.8256 -17.9817 0)
(61.5214 -18.3933 8.18522e-18)
(59.8795 -17.3515 0)
(59.122 -17.3919 -3.15633e-19)
(59.6762 -15.5516 0)
(57.6413 -14.799 2.79012e-17)
(62.6738 -10.9274 0)
(65.2131 -5.5061 0)
(65.1428 3.14755 2.18809e-16)
(62.7138 16.0846 -1.30186e-16)
(56.3553 19.7447 1.7769e-16)
(52.428 15.8458 0)
(53.8628 8.64695 0)
(49.9143 4.68226 0)
(55.5675 2.61783 -1.9586e-18)
(64.357 -1.06873 -8.35812e-19)
(48.8924 -2.04654 -9.80038e-17)
(29.1265 -0.482775 6.14775e-17)
(63.6159 -1.3871 5.75631e-19)
(64.0244 -1.81165 2.59262e-19)
(64.4903 -2.30861 -5.53694e-19)
(65.0161 -2.88982 5.12593e-19)
(65.5971 -3.56523 8.01249e-20)
(66.2256 -4.35942 8.20152e-20)
(66.8875 -5.27374 0)
(67.555 -6.3555 0)
(68.1728 -7.57534 -1.93782e-18)
(68.6849 -9.0057 0)
(68.9321 -10.5404 0)
(68.8589 -12.2437 3.42335e-18)
(68.1129 -13.8618 -1.32909e-17)
(66.8918 -15.3639 4.33516e-19)
(64.9325 -16.5621 0)
(63.0196 -17.1698 0)
(60.9553 -17.7715 0)
(59.6223 -17.0143 0)
(58.7161 -17.3676 -2.43376e-19)
(58.5622 -15.4536 -1.39253e-17)
(56.4883 -15.2216 0)
(61.3735 -11.7261 0)
(63.4536 -5.81818 1.30392e-16)
(61.1459 2.86106 1.1935e-17)
(60.5234 16.2695 -1.36892e-16)
(54.5236 19.9589 -1.74261e-16)
(50.8889 15.7712 -1.23796e-17)
(52.8364 8.57844 0)
(49.4577 4.60002 1.11007e-17)
(55.8499 2.36932 4.51988e-18)
(63.1951 -1.10408 -6.22396e-19)
(46.7334 -1.8495 4.70508e-17)
(27.8302 -0.417799 0)
(64.5744 -2.62621 -2.54862e-19)
(64.8985 -3.036 -4.59897e-19)
(65.2583 -3.50442 -4.40863e-19)
(65.651 -4.0414 -4.7239e-19)
(66.0672 -4.65301 9.41984e-19)
(66.4949 -5.36004 9.38965e-19)
(66.913 -6.16024 0)
(67.2958 -7.09216 0)
(67.5818 -8.12743 1.83514e-18)
(67.7397 -9.32226 0)
(67.6214 -10.593 0)
(67.2479 -11.9873 -6.40823e-18)
(66.3407 -13.3432 6.28069e-18)
(65.2171 -14.647 5.75576e-18)
(63.5118 -15.784 0)
(62.0312 -16.4755 0)
(60.302 -17.2408 -7.59908e-18)
(59.1434 -16.7022 0)
(57.899 -17.2395 1.2666e-17)
(56.8653 -15.3103 1.39468e-17)
(54.9836 -15.665 0)
(58.866 -12.5802 4.66563e-17)
(60.3936 -6.0709 -2.65899e-16)
(56.2645 2.57044 -2.02185e-16)
(57.1936 16.2172 0)
(52.2294 20.091 8.58239e-17)
(49.1458 15.6489 2.30523e-17)
(51.6701 8.46504 -2.37369e-17)
(48.9338 4.4827 -1.14757e-17)
(55.8656 2.1041 -1.03019e-17)
(61.8086 -1.12641 -1.162e-16)
(44.6293 -1.65729 0)
(26.6798 -0.356778 -2.86168e-17)
(64.4798 -3.67285 0)
(64.6906 -4.03985 3.99761e-19)
(64.9166 -4.45294 7.96177e-19)
(65.1536 -4.92077 0)
(65.3912 -5.4471 -3.8101e-19)
(65.6192 -6.04976 -7.59383e-19)
(65.8165 -6.72576 7.56333e-19)
(65.9691 -7.50658 -1.50292e-18)
(66.0207 -8.37107 0)
(65.975 -9.36374 0)
(65.701 -10.4293 0)
(65.2893 -11.6082 3.00867e-18)
(64.4864 -12.8033 0)
(63.6365 -13.9962 0)
(62.2992 -15.121 0)
(61.1904 -15.8942 0)
(59.624 -16.7353 2.12325e-19)
(58.233 -16.3325 0)
(56.4947 -16.9452 0)
(54.5439 -15.0907 0)
(52.6167 -16.1015 0)
(55.0645 -13.393 -4.5828e-17)
(56.2966 -6.25664 -7.58816e-18)
(50.9592 2.29459 0)
(52.7999 15.9304 0)
(49.3342 20.0867 8.40357e-17)
(47.132 15.4568 -1.05088e-17)
(50.3211 8.29842 2.45479e-17)
(48.2746 4.32487 0)
(55.6198 1.82479 -1.12894e-18)
(60.202 -1.13663 3.44596e-19)
(42.5752 -1.46868 4.43841e-17)
(25.6482 -0.299885 2.79685e-17)
(63.3715 -4.44078 0)
(63.4945 -4.76353 -1.8283e-19)
(63.6234 -5.12433 -7.0374e-19)
(63.7551 -5.53076 -3.38124e-19)
(63.8809 -5.98563 3.63905e-19)
(63.9964 -6.50455 7.27396e-19)
(64.0829 -7.08592 -7.26777e-19)
(64.1412 -7.75569 2.78384e-18)
(64.12 -8.50184 0)
(64.0505 -9.35855 0)
(63.8067 -10.2946 2.56498e-18)
(63.5141 -11.3376 0)
(62.8986 -12.4268 -4.77304e-18)
(62.2918 -13.5331 0)
(61.1729 -14.5996 0)
(60.1294 -15.3686 0)
(58.4495 -16.1467 7.29399e-18)
(56.5001 -15.8249 0)
(54.3545 -16.461 0)
(51.4237 -14.7289 0)
(48.9654 -16.4817 0)
(50.4388 -14.1241 0)
(51.6627 -6.36739 1.48603e-16)
(45.2174 2.03601 0)
(47.4519 15.4598 0)
(45.7344 19.9005 -8.35186e-17)
(44.774 15.168 -4.06426e-18)
(48.7434 8.06857 -1.74268e-17)
(47.4185 4.12119 1.97683e-17)
(55.1169 1.53386 6.98988e-18)
(58.3737 -1.13466 5.30737e-17)
(40.5598 -1.28289 -4.39721e-17)
(24.7099 -0.247235 0)
(61.903 -5.01349 1.61278e-19)
(61.985 -5.29999 1.50949e-19)
(62.0717 -5.61971 3.23962e-19)
(62.1614 -5.97932 3.23489e-19)
(62.2462 -6.38134 0)
(62.3267 -6.83886 0)
(62.3844 -7.3523 0)
(62.4295 -7.9413 -1.28612e-18)
(62.4083 -8.60171 0)
(62.3663 -9.35543 -1.16136e-18)
(62.1662 -10.1887 -2.49086e-18)
(61.9458 -11.1114 0)
(61.3906 -12.0866 2.51784e-18)
(60.8326 -13.0777 4.0931e-18)
(59.6584 -14.0206 0)
(58.4491 -14.7408 0)
(56.4549 -15.365 0)
(53.8435 -15.1441 0)
(51.4425 -15.756 0)
(47.1569 -14.1264 0)
(44.2941 -16.8014 0)
(45.6095 -14.7917 -5.37956e-17)
(46.577 -6.37298 0)
(38.9326 1.85914 0)
(41.1719 14.8273 1.54897e-16)
(41.3385 19.497 -4.02611e-17)
(41.9671 14.751 3.92672e-18)
(46.88 7.76466 1.80797e-17)
(46.3128 3.86716 2.57521e-18)
(54.3597 1.23301 0)
(56.3117 -1.1198 0)
(38.5667 -1.09944 0)
(23.8439 -0.198879 0)
(60.5919 -5.48966 -1.53503e-19)
(60.6489 -5.75027 -1.43781e-19)
(60.7087 -6.04023 1.32847e-19)
(60.7698 -6.36498 0)
(60.8233 -6.72709 2.64235e-19)
(60.8716 -7.13629 0)
(60.8934 -7.59525 5.25366e-19)
(60.9023 -8.11587 0)
(60.8381 -8.70119 1.04008e-18)
(60.7515 -9.35847 1.12397e-18)
(60.4899 -10.0896 -1.01759e-18)
(60.1981 -10.8819 0)
(59.5236 -11.7243 2.11585e-18)
(58.8253 -12.5624 -4.0575e-18)
(57.376 -13.337 0)
(55.9083 -13.9606 0)
(53.355 -14.3355 0)
(50.2564 -14.2643 -6.64097e-18)
(47.4991 -14.7187 0)
(41.6175 -13.2405 0)
(39.4142 -17.1412 0)
(40.5516 -15.3894 5.59074e-17)
(40.7205 -6.22225 0)
(31.8879 1.79851 0)
(34.0042 14.0658 2.08054e-18)
(36.055 18.829 4.09889e-17)
(38.5979 14.1614 4.2163e-18)
(44.654 7.36936 0)
(44.9106 3.55685 -2.4439e-17)
(53.3543 0.92446 1.01407e-17)
(53.9915 -1.09078 0)
(36.5757 -0.918571 0)
(23.0314 -0.154814 -2.82227e-17)
(59.0886 -5.85675 0)
(59.0996 -6.08917 1.17853e-19)
(59.1065 -6.34659 -1.27279e-19)
(59.107 -6.63292 2.34576e-19)
(59.09 -6.95102 -2.54128e-19)
(59.0576 -7.30676 0)
(58.9852 -7.70521 -5.07978e-19)
(58.8857 -8.15001 4.65546e-19)
(58.6946 -8.65119 -1.01333e-18)
(58.4606 -9.20038 0)
(58.0258 -9.81589 1.00233e-18)
(57.5304 -10.4573 -1.81673e-18)
(56.6121 -11.1502 1.79643e-18)
(55.6387 -11.7967 0)
(53.8196 -12.397 0)
(52.0648 -12.8655 0)
(48.8547 -12.9991 0)
(45.8182 -13.1551 7.05669e-18)
(42.2261 -13.2563 0)
(35.5212 -12.1763 -1.6905e-17)
(34.6299 -17.634 0)
(34.6703 -15.8079 0)
(33.7803 -5.84805 0)
(23.8941 1.86513 0)
(25.988 13.1773 8.72398e-19)
(29.9613 17.8993 0)
(34.6082 13.3767 -3.97836e-18)
(41.9919 6.86476 2.74397e-17)
(43.1889 3.18469 0)
(52.1162 0.612033 8.6387e-19)
(51.3729 -1.04542 0)
(34.5581 -0.740923 0)
(22.256 -0.115142 2.92123e-17)
(56.4844 -5.96635 0)
(56.4294 -6.16924 -2.21225e-19)
(56.3606 -6.39309 1.06049e-19)
(56.2735 -6.64032 -3.35973e-19)
(56.1552 -6.91394 0)
(56.006 -7.21621 2.12053e-19)
(55.8 -7.55388 0)
(55.5467 -7.92326 -8.88005e-19)
(55.1832 -8.33928 0)
(54.7498 -8.7804 0)
(54.1009 -9.27721 0)
(53.3544 -9.76564 1.85481e-18)
(52.1905 -10.3062 -1.85156e-18)
(50.9199 -10.7506 0)
(48.864 -11.2014 0)
(46.857 -11.4608 -3.44166e-18)
(43.3801 -11.4969 0)
(40.7809 -11.8018 -7.12873e-18)
(35.8098 -11.3721 0)
(29.7639 -11.1376 1.88444e-17)
(29.1748 -18.1322 1.77396e-17)
(27.1871 -15.89 -3.73046e-17)
(25.4177 -5.23494 9.32599e-17)
(14.7528 2.04937 0)
(17.0067 12.1564 -3.37276e-16)
(22.7207 16.6253 -4.01722e-17)
(29.9718 12.3448 0)
(38.8421 6.2322 2.63585e-18)
(41.184 2.7482 0)
(50.677 0.300394 -1.13589e-17)
(48.3933 -0.979964 0)
(32.476 -0.568475 0)
(21.5026 -0.0784807 0)
(51.7779 -5.79559 5.33674e-20)
(51.6584 -5.95908 5.78746e-20)
(51.5167 -6.13918 -1.08076e-19)
(51.3469 -6.33755 2.08742e-19)
(51.1357 -6.55693 0)
(50.8824 -6.79734 -2.18115e-19)
(50.5621 -7.06573 0)
(50.1819 -7.35469 3.26671e-20)
(49.6864 -7.6799 -4.11452e-19)
(49.1075 -8.01495 4.14969e-19)
(48.3245 -8.3921 0)
(47.43 -8.74425 8.4912e-19)
(46.1745 -9.13791 0)
(44.7866 -9.42701 0)
(42.7948 -9.75345 0)
(40.7205 -9.85344 7.43054e-18)
(37.6417 -9.96053 0)
(34.9619 -10.0654 1.59342e-17)
(28.7006 -9.15927 0)
(24.0683 -10.1404 -9.47945e-18)
(21.8887 -18.2648 -1.95804e-17)
(17.4614 -15.5005 4.38234e-17)
(15.408 -4.39684 -1.13253e-16)
(4.35177 2.31866 1.1013e-16)
(7.12232 11.0019 1.93076e-16)
(14.4909 14.9784 8.64891e-17)
(24.7628 11.0566 -9.31195e-18)
(35.1419 5.45055 -3.36901e-17)
(39.082 2.24334 0)
(49.0837 -0.0046249 6.47175e-18)
(44.9474 -0.890035 -2.50766e-17)
(30.2682 -0.404939 0)
(20.7567 -0.0419445 1.65143e-17)
(45.3333 -5.24242 -5.64564e-20)
(45.1751 -5.37525 1.02161e-19)
(44.9899 -5.5229 0)
(44.7733 -5.68641 -1.06829e-19)
(44.5142 -5.86778 0)
(44.2132 -6.0661 0)
(43.8488 -6.2868 0)
(43.43 -6.52238 2.34097e-19)
(42.9102 -6.78486 4.43799e-19)
(42.321 -7.04978 -4.48817e-19)
(41.5618 -7.34305 0)
(40.7144 -7.6066 -5.00089e-20)
(39.5652 -7.89253 0)
(38.3139 -8.09526 0)
(36.5234 -8.29865 0)
(34.6358 -8.3425 -4.027e-18)
(31.6973 -8.32232 0)
(27.8009 -7.71529 -9.22652e-18)
(21.0222 -6.69725 0)
(17.3487 -8.87219 1.13587e-17)
(12.2438 -17.6017 0)
(5.24264 -14.5292 0)
(3.61113 -3.34783 6.96919e-17)
(-7.20427 2.64719 -1.24658e-16)
(-3.68456 9.69257 -1.07749e-16)
(5.81391 12.9675 -6.89083e-17)
(19.041 9.4419 1.03632e-17)
(30.9719 4.4871 0)
(37.4991 1.68209 0)
(47.3491 -0.273834 -5.8485e-18)
(40.795 -0.764274 3.65769e-17)
(27.8258 -0.259671 0)
(20.0025 -0.0478881 -1.70894e-17)
(39.8725 -4.58572 0)
(39.712 -4.6983 -3.75633e-21)
(39.5245 -4.82816 0)
(39.3071 -4.97591 0)
(39.0505 -5.14304 -1.61436e-19)
(38.7571 -5.32806 1.62514e-19)
(38.4071 -5.53455 -3.27534e-19)
(38.0127 -5.75485 3.44513e-19)
(37.5301 -5.99603 -3.3438e-19)
(36.992 -6.23526 0)
(36.2997 -6.48755 6.89486e-19)
(35.5199 -6.69669 -2.84953e-18)
(34.4484 -6.91129 0)
(33.2111 -7.01344 1.46929e-18)
(31.405 -7.10789 3.0366e-18)
(29.1914 -6.93625 0)
(24.9351 -6.24131 0)
(20.1574 -5.22602 0)
(14.0169 -4.56932 -9.86457e-18)
(10.9192 -7.50568 0)
(2.9775 -16.0804 0)
(-6.92793 -13.2737 -5.64432e-17)
(-8.06041 -2.5709 -6.93672e-17)
(-17.5882 2.84919 -5.61877e-17)
(-12.8428 8.4536 1.83766e-16)
(-1.56647 10.972 2.25595e-17)
(15.0472 7.8821 7.32319e-18)
(27.7682 3.53286 0)
(37.6087 1.16635 0)
(45.5174 -0.42817 0)
(36.4328 -0.626902 5.79766e-21)
(25.4324 -0.155006 0)
(19.2189 -0.042404 0)
(35.8692 -4.12291 0)
(35.7067 -4.22635 -1.56181e-19)
(35.518 -4.34639 0)
(35.2995 -4.48506 0)
(35.0425 -4.64524 4.21757e-19)
(34.7475 -4.82314 -7.54831e-21)
(34.3969 -5.02323 4.34389e-19)
(33.9991 -5.23468 -4.23429e-19)
(33.5137 -5.46126 4.41187e-19)
(32.9634 -5.674 8.6909e-19)
(32.2445 -5.87686 -9.04823e-19)
(31.403 -6.02345 1.84116e-18)
(30.2065 -6.12256 0)
(28.7345 -6.11487 -3.85753e-18)
(26.4361 -5.95345 -4.08822e-18)
(22.9081 -5.22267 0)
(18.2179 -4.33572 0)
(14.2776 -3.60914 0)
(9.1219 -3.23737 1.27095e-17)
(6.48656 -6.17892 0)
(-3.85917 -14.2493 0)
(-16.7746 -12.1578 5.97007e-17)
(-17.4872 -2.15495 0)
(-25.3515 2.85269 5.35085e-17)
(-19.3838 7.3673 -7.90002e-17)
(-6.79361 9.38486 0)
(12.8099 6.66476 -6.77639e-18)
(25.8261 2.77587 -2.48935e-17)
(38.137 0.771778 0)
(43.3633 -0.47543 2.14693e-18)
(32.7609 -0.506113 -9.60517e-18)
(23.6274 -0.0884748 0)
(18.6106 -0.0212443 -7.51664e-18)
(32.2296 -3.67208 0)
(32.0565 -3.77027 6.80306e-20)
(31.8543 -3.88626 0)
(31.6184 -4.02 0)
(31.3402 -4.17306 -1.42327e-19)
(31.0193 -4.34447 -2.78111e-19)
(30.6393 -4.53689 2.7233e-19)
(30.2044 -4.73728 5.63467e-19)
(29.6773 -4.94511 0)
(29.0643 -5.12422 -1.72045e-18)
(28.2571 -5.27113 1.15934e-18)
(27.2542 -5.3244 -1.19194e-18)
(25.8133 -5.30524 0)
(23.8108 -5.05773 1.64662e-20)
(20.4962 -4.45518 0)
(16.8452 -3.67878 0)
(13.0598 -3.09009 -6.93901e-18)
(9.79613 -2.53958 0)
(5.46376 -2.242 0)
(3.02284 -4.93167 1.49967e-17)
(-9.08764 -12.1312 0)
(-25.4242 -10.9582 3.37153e-17)
(-25.7588 -1.91099 -3.54444e-17)
(-31.7102 2.73901 5.53797e-17)
(-24.7468 6.36473 0)
(-10.764 7.9802 0)
(11.2413 5.55974 0)
(25.107 2.12006 1.33369e-17)
(38.4092 0.44535 0)
(40.8045 -0.466359 -1.86552e-18)
(29.4213 -0.396952 4.57119e-18)
(22.1637 -0.0422134 1.17628e-17)
(18.0605 -0.0170796 7.26918e-18)
(28.9304 -3.27868 0)
(28.7342 -3.36823 0)
(28.5025 -3.47226 0)
(28.2305 -3.59318 0)
(27.9091 -3.738 -4.15625e-21)
(27.5364 -3.9015 0)
(27.0944 -4.08633 -3.63685e-19)
(26.5868 -4.28089 0)
(25.9683 -4.46973 0)
(25.2342 -4.6051 7.56387e-19)
(24.247 -4.66965 -1.55251e-18)
(22.9979 -4.60958 1.6088e-18)
(21.0855 -4.35138 0)
(18.3781 -3.79977 3.66172e-18)
(15.1634 -3.19335 0)
(12.2399 -2.66634 0)
(8.98668 -2.21546 7.44094e-18)
(6.27806 -1.77639 -7.02407e-18)
(2.63867 -1.50929 1.53195e-17)
(0.607389 -3.77279 -1.5806e-17)
(-12.0394 -9.94037 0)
(-32.3978 -9.64989 -3.97801e-17)
(-32.8311 -1.80792 3.82486e-17)
(-36.7235 2.55026 -6.00401e-17)
(-29.0856 5.47172 0)
(-13.6932 6.73245 -8.07843e-18)
(9.96591 4.55791 -8.64708e-18)
(25.9444 1.5712 1.39099e-17)
(38.0858 0.201345 -3.56508e-18)
(38.025 -0.42226 -1.69345e-18)
(26.4634 -0.305218 9.63213e-21)
(20.9855 -0.011355 -1.74821e-17)
(17.5496 -0.0146184 -7.03186e-18)
(25.7632 -2.86177 -6.09889e-20)
(25.5233 -2.9355 0)
(25.2397 -3.02942 0)
(24.9051 -3.14013 -1.15678e-19)
(24.5094 -3.27432 -4.69802e-19)
(24.0473 -3.43371 -2.34363e-19)
(23.5031 -3.6108 -2.36116e-19)
(22.8796 -3.79265 0)
(22.1411 -3.9505 4.87129e-19)
(21.2533 -4.02847 0)
(20.1469 -4.00855 0)
(18.63 -3.78713 -1.09022e-18)
(16.3919 -3.32715 0)
(13.8419 -2.79998 0)
(11.0886 -2.35058 0)
(8.54497 -1.93939 0)
(5.70732 -1.58863 0)
(3.44792 -1.25035 1.44212e-17)
(0.412255 -1.01336 -1.53024e-17)
(-1.03437 -2.79932 1.5532e-17)
(-13.0325 -7.89197 1.09998e-17)
(-36.6959 -8.26147 0)
(-39.0033 -1.75952 0)
(-40.5074 2.31254 0)
(-32.5595 4.69006 0)
(-15.8162 5.63649 8.61474e-18)
(9.00886 3.65608 1.43022e-17)
(27.7661 1.11871 -1.276e-17)
(37.106 0.0427996 2.93021e-18)
(35.2057 -0.361851 1.56708e-18)
(23.8963 -0.23132 -8.66223e-18)
(20.0303 0.00807384 5.84024e-18)
(17.0649 -0.0130515 1.3604e-17)
(22.6658 -2.4262 8.3204e-20)
(22.3766 -2.48949 7.69736e-20)
(22.0367 -2.56764 -1.54899e-19)
(21.6345 -2.66668 3.13839e-19)
(21.1624 -2.79084 4.74196e-19)
(20.6208 -2.94031 3.1939e-19)
(20.0048 -3.11631 4.21657e-21)
(19.3198 -3.30175 -6.41629e-19)
(18.546 -3.44932 -6.57714e-19)
(17.707 -3.51399 6.69319e-19)
(16.5675 -3.41298 -1.39387e-18)
(14.852 -3.03528 -3.9823e-22)
(12.5811 -2.53258 0)
(10.1872 -2.0774 0)
(7.7065 -1.71364 0)
(5.49245 -1.40477 0)
(3.0273 -1.14242 3.76408e-18)
(1.09089 -0.884348 8.14736e-22)
(-1.38178 -0.698912 0)
(-2.30931 -2.06712 -1.36453e-17)
(-13.0514 -6.08851 -2.59448e-17)
(-38.2777 -6.85345 -2.3719e-17)
(-44.5193 -1.67366 0)
(-43.2013 2.03746 0)
(-35.3618 4.00718 0)
(-17.2979 4.69737 9.18509e-18)
(8.93947 2.85587 1.164e-19)
(29.5175 0.741167 1.0785e-17)
(35.5699 -0.044633 0)
(32.4847 -0.298228 7.40475e-19)
(21.6998 -0.173646 4.30428e-18)
(19.2436 0.0193423 -5.90454e-18)
(16.5973 -0.0121553 -6.5789e-18)
(19.7252 -1.99073 1.1134e-19)
(19.4089 -2.04062 -1.05654e-19)
(19.038 -2.10894 2.13122e-19)
(18.6062 -2.20114 -2.02622e-21)
(18.1085 -2.32416 -4.28707e-19)
(17.5494 -2.487 0)
(16.9292 -2.68505 4.32699e-19)
(16.264 -2.89977 8.65882e-19)
(15.6052 -3.08151 0)
(14.7981 -3.10745 -1.77704e-21)
(13.4061 -2.84541 1.77543e-18)
(11.4589 -2.36352 1.59753e-18)
(9.22254 -1.87565 -1.39843e-18)
(7.04602 -1.50935 -2.43503e-18)
(4.86547 -1.24787 0)
(2.95402 -1.02002 -1.96361e-18)
(0.782951 -0.818219 -7.28341e-18)
(-0.892803 -0.631828 -6.85921e-18)
(-2.87223 -0.508185 0)
(-3.44186 -1.54443 0)
(-13.0251 -4.66086 1.19149e-17)
(-38.3204 -5.43427 2.41504e-19)
(-48.8493 -1.52877 0)
(-45.1208 1.74533 -4.36779e-17)
(-37.5397 3.44009 2.26161e-17)
(-18.126 3.88083 -1.64201e-17)
(10.617 2.15441 6.19815e-20)
(30.5851 0.444377 0)
(33.6425 -0.0827637 0)
(29.9602 -0.239122 -3.45809e-21)
(19.8346 -0.129727 0)
(18.5809 0.0250557 1.20002e-17)
(16.1409 -0.0115709 0)
(17.0385 -1.60915 -1.48656e-19)
(16.7146 -1.65924 -1.38882e-19)
(16.3387 -1.72533 0)
(15.9064 -1.81506 -2.81823e-19)
(15.4092 -1.946 2.8216e-19)
(14.8572 -2.12467 -2.79643e-19)
(14.249 -2.34814 0)
(13.6682 -2.61712 0)
(13.076 -2.79245 0)
(12.0299 -2.67481 -2.05922e-18)
(10.3478 -2.2783 9.22135e-19)
(8.36977 -1.78835 0)
(6.30604 -1.37263 1.34698e-18)
(4.38312 -1.09815 3.49772e-18)
(2.48421 -0.912659 0)
(0.811197 -0.73923 1.87169e-18)
(-1.11109 -0.582169 3.49254e-18)
(-2.55355 -0.458084 3.19271e-18)
(-4.13836 -0.391595 0)
(-4.51836 -1.16755 0)
(-12.991 -3.50673 -5.13105e-18)
(-37.3208 -4.19521 1.44236e-19)
(-51.0528 -1.30107 0)
(-46.7476 1.47138 5.11567e-17)
(-38.9424 2.96161 -2.73258e-17)
(-17.3163 3.12363 6.06402e-18)
(13.7634 1.57354 -5.11887e-18)
(30.8545 0.234179 -3.72587e-18)
(31.4987 -0.0913145 0)
(27.6885 -0.188034 -7.09066e-19)
(18.2508 -0.0968413 0)
(18.0076 0.0271413 -3.05369e-18)
(15.6923 -0.0110815 0)
(14.6572 -1.28832 0)
(14.3341 -1.33555 1.80711e-19)
(13.9626 -1.40022 0)
(13.5328 -1.49002 -1.76971e-19)
(13.0392 -1.62825 -3.49092e-19)
(12.4882 -1.8208 6.85686e-19)
(11.9222 -2.09258 -3.30621e-19)
(11.4284 -2.40257 0)
(10.6983 -2.48463 0)
(9.34682 -2.22385 1.06322e-18)
(7.5539 -1.78562 -8.9482e-19)
(5.67047 -1.34299 0)
(3.81627 -1.00172 0)
(2.13304 -0.798849 -1.0948e-18)
(0.471285 -0.668457 0)
(-1.01893 -0.532447 0)
(-2.70158 -0.411393 0)
(-3.9272 -0.337923 -2.88541e-18)
(-5.23472 -0.316215 0)
(-5.57131 -0.895977 0)
(-13.0319 -2.60498 4.40971e-18)
(-35.6266 -3.16792 2.59521e-17)
(-50.5126 -1.01435 0)
(-47.5861 1.23868 -2.51221e-17)
(-38.5669 2.50139 0)
(-13.613 2.46132 -5.4438e-18)
(17.0353 1.11941 0)
(30.4387 0.0994558 3.19351e-18)
(29.2898 -0.0844585 0)
(25.693 -0.145875 0)
(16.8972 -0.0724661 0)
(17.4978 0.0269592 -3.10406e-18)
(15.25 -0.0105847 -1.4994e-18)
(12.6169 -1.02513 0)
(12.3018 -1.07088 0)
(11.9402 -1.13474 -1.1014e-19)
(11.5178 -1.22236 2.15235e-19)
(11.0239 -1.36455 4.16518e-19)
(10.4805 -1.58296 -3.98195e-19)
(9.97809 -1.90448 3.75136e-19)
(9.44132 -2.19159 0)
(8.4275 -2.14715 6.22523e-19)
(6.86973 -1.8075 0)
(5.0834 -1.38594 8.40273e-19)
(3.34268 -1.00477 6.94571e-19)
(1.69897 -0.729514 0)
(0.22396 -0.580892 0)
(-1.24489 -0.488404 9.3268e-19)
(-2.57815 -0.380824 0)
(-4.02377 -0.289622 0)
(-5.05533 -0.253202 0)
(-6.19124 -0.262039 0)
(-6.59058 -0.696701 0)
(-13.1972 -1.92747 0)
(-33.7183 -2.34796 -1.43306e-17)
(-48.4614 -0.745446 0)
(-46.4761 1.06966 1.96318e-17)
(-35.5811 2.08023 0)
(-8.48266 1.9217 4.41108e-18)
(19.6616 0.778452 1.90487e-18)
(29.5117 0.0204711 0)
(27.1287 -0.0711208 0)
(23.972 -0.112142 -3.59645e-19)
(15.7283 -0.0544416 0)
(17.0323 0.0254375 -3.14738e-18)
(14.8131 -0.0100406 1.46201e-18)
(10.8856 -0.814244 0)
(10.5876 -0.858579 0)
(10.2424 -0.91929 1.30096e-19)
(9.82671 -1.00024 0)
(9.33134 -1.14719 -2.34268e-19)
(8.81093 -1.3974 0)
(8.32654 -1.73639 0)
(7.58874 -1.95237 3.64915e-19)
(6.30371 -1.80827 -6.06454e-19)
(4.64868 -1.44925 0)
(2.93062 -1.07166 -3.86704e-19)
(1.34638 -0.752162 -6.35316e-19)
(-0.104446 -0.530458 0)
(-1.40381 -0.420922 0)
(-2.70735 -0.355296 -1.7732e-18)
(-3.89309 -0.270847 8.00048e-19)
(-5.10964 -0.204171 0)
(-5.98111 -0.191727 0)
(-7.01964 -0.218552 0)
(-7.54382 -0.54656 1.51769e-18)
(-13.4585 -1.42158 0)
(-31.8057 -1.71862 1.21026e-17)
(-45.8162 -0.520119 0)
(-44.0737 0.925919 0)
(-31.3612 1.71286 0)
(-3.53286 1.48416 1.82857e-18)
(21.4511 0.533403 3.86725e-21)
(28.2443 -0.0216043 0)
(25.0901 -0.0563944 0)
(22.5031 -0.0857349 3.72761e-19)
(14.7079 -0.0410509 0)
(16.5967 0.0231914 3.18372e-18)
(14.3815 -0.00944488 -1.43175e-18)
(9.4237 -0.649685 0)
(9.1464 -0.692031 0)
(8.81451 -0.74512 0)
(8.40172 -0.815711 1.37327e-19)
(7.91073 -0.970865 5.06635e-19)
(7.41019 -1.24364 0)
(6.85138 -1.55972 0)
(5.84755 -1.69291 -3.6368e-19)
(4.37375 -1.49593 0)
(2.69355 -1.15381 0)
(1.07426 -0.829247 -3.52561e-19)
(-0.364401 -0.564197 -2.94717e-19)
(-1.64355 -0.384714 5.1514e-19)
(-2.79151 -0.303209 0)
(-3.94375 -0.257308 8.40603e-19)
(-4.98705 -0.192176 -1.50054e-18)
(-5.99445 -0.144624 0)
(-6.74104 -0.145746 -1.02559e-18)
(-7.7232 -0.181055 0)
(-8.39719 -0.43042 -1.32602e-18)
(-13.7593 -1.0464 0)
(-29.9838 -1.24728 -2.58137e-18)
(-42.9105 -0.344722 0)
(-41.0187 0.79083 0)
(-26.924 1.38765 3.84527e-18)
(0.760846 1.13292 -1.61933e-18)
(22.4589 0.361512 -7.58772e-19)
(26.7789 -0.0409224 0)
(23.2181 -0.0428631 0)
(21.2477 -0.0653627 0)
(13.8076 -0.0309999 0)
(16.1801 0.0206209 0)
(13.9548 -0.008812 2.11466e-18)
(8.19736 -0.522251 9.54857e-20)
(7.93279 -0.559837 0)
(7.60856 -0.602857 0)
(7.19965 -0.663263 -1.45874e-19)
(6.71321 -0.826367 -2.65195e-19)
(6.20446 -1.1025 0)
(5.49448 -1.3691 -2.15488e-19)
(4.24693 -1.43505 -3.4852e-19)
(2.6584 -1.22309 2.6307e-19)
(0.999116 -0.916134 0)
(-0.517708 -0.643054 3.25741e-19)
(-1.82908 -0.424218 5.53075e-19)
(-2.95673 -0.277942 -4.88199e-19)
(-3.96621 -0.216965 0)
(-4.97627 -0.185804 0)
(-5.8845 -0.136531 7.00509e-19)
(-6.71162 -0.103124 5.82276e-19)
(-7.36246 -0.110557 9.19817e-19)
(-8.30355 -0.14791 0)
(-9.12581 -0.338647 0)
(-14.0426 -0.768574 0)
(-28.2768 -0.899565 8.36364e-23)
(-39.9194 -0.215631 0)
(-37.6546 0.66725 0)
(-22.6259 1.10851 -3.27496e-18)
(4.29164 0.858376 0)
(22.8338 0.242918 -6.99356e-19)
(25.2242 -0.0470429 0)
(21.5317 -0.0315854 4.44859e-19)
(20.1592 -0.0497704 0)
(13.0057 -0.0233626 0)
(15.7738 0.0179799 0)
(13.5327 -0.00816499 -1.39727e-18)
(7.16231 -0.42085 -1.02609e-19)
(6.90437 -0.452837 0)
(6.5855 -0.485926 0)
(6.18209 -0.53764 0)
(5.69598 -0.703543 -1.35681e-19)
(5.14068 -0.963663 0)
(4.24483 -1.17312 2.14658e-19)
(2.81458 -1.1954 1.6348e-19)
(1.16562 -0.992932 -4.79658e-19)
(-0.453318 -0.72666 0)
(-1.87723 -0.499764 -3.05012e-19)
(-3.07836 -0.319645 -2.61974e-19)
(-4.06987 -0.200075 0)
(-4.94934 -0.154304 -4.22842e-19)
(-5.82623 -0.134121 3.79096e-19)
(-6.61106 -0.0974022 0)
(-7.28878 -0.0740324 -5.32447e-19)
(-7.86486 -0.0833156 4.15919e-19)
(-8.76366 -0.118765 0)
(-9.71466 -0.265248 -5.22139e-19)
(-14.2604 -0.563575 0)
(-26.6683 -0.645431 -1.95369e-18)
(-36.955 -0.12501 0)
(-34.195 0.556299 0)
(-18.6256 0.876087 2.9259e-18)
(7.06119 0.647139 0)
(22.7406 0.162239 0)
(23.6584 -0.0460377 0)
(20.0294 -0.0227576 -4.58322e-19)
(19.1951 -0.0378856 2.3331e-19)
(12.2854 -0.017497 -6.58328e-19)
(15.3707 0.0154228 0)
(13.1142 -0.00752901 1.3956e-18)
(6.28148 -0.338108 0)
(6.02806 -0.365228 0)
(5.71311 -0.390188 -8.49538e-20)
(5.31537 -0.433726 -7.63567e-20)
(4.82573 -0.594997 1.37316e-19)
(4.18931 -0.826154 -1.23969e-19)
(3.11774 -0.983265 -1.0426e-19)
(1.56755 -0.983021 1.50979e-19)
(-0.112046 -0.801854 1.10711e-19)
(-1.68784 -0.575804 -1.74062e-19)
(-3.03017 -0.388978 0)
(-4.13443 -0.241395 -1.25715e-19)
(-5.00274 -0.143671 2.25455e-19)
(-5.76036 -0.109246 4.07476e-19)
(-6.51464 -0.0970404 5.89411e-23)
(-7.1909 -0.0699236 -3.04894e-19)
(-7.74696 -0.0534707 0)
(-8.2621 -0.0622119 -3.79701e-19)
(-9.1087 -0.093637 0)
(-10.158 -0.206295 4.69634e-19)
(-14.3792 -0.412513 0)
(-25.1363 -0.461487 -8.71245e-19)
(-34.0911 -0.0642926 0)
(-30.7833 0.458222 0)
(-15.0011 0.686111 -1.7585e-21)
(9.13664 0.486238 0)
(22.3238 0.10798 3.1345e-19)
(22.1343 -0.0415696 0)
(18.6974 -0.0161574 0)
(18.3192 -0.0288228 -2.60872e-19)
(11.6327 -0.0129559 6.72289e-19)
(14.9647 0.0130392 0)
(12.6981 -0.00692713 -1.40645e-18)
(5.52794 -0.26982 0)
(5.27664 -0.293321 0)
(4.96494 -0.311767 8.53868e-20)
(4.5745 -0.347572 7.67692e-20)
(4.0762 -0.496675 0)
(3.33988 -0.693375 2.47453e-24)
(2.13405 -0.809075 9.95469e-20)
(0.505763 -0.799978 0)
(-1.19136 -0.6441 1.04193e-19)
(-2.72566 -0.45543 1.65566e-19)
(-3.99604 -0.302972 1.3944e-19)
(-5.01474 -0.182787 1.2211e-19)
(-5.77273 -0.103097 -2.19395e-19)
(-6.41703 -0.0771812 0)
(-7.06128 -0.0705535 -3.4322e-19)
(-7.64468 -0.0505892 2.86346e-19)
(-8.10162 -0.0388292 0)
(-8.56439 -0.0459849 0)
(-9.346 -0.0725097 0)
(-10.4583 -0.159039 0)
(-14.3815 -0.301288 0)
(-23.6658 -0.329385 7.88786e-19)
(-31.3754 -0.0257086 0)
(-27.5208 0.372898 0)
(-11.792 0.532902 -2.62197e-18)
(10.6213 0.364493 0)
(21.6956 0.0718098 -6.12312e-19)
(20.6845 -0.0357441 0)
(17.5149 -0.011395 0)
(17.5017 -0.0218779 -1.46959e-19)
(11.0352 -0.00942313 3.43247e-19)
(14.5501 0.010875 0)
(12.2821 -0.00638059 7.15989e-19)
(4.87994 -0.213116 2.75073e-20)
(4.6296 -0.234114 0)
(4.32119 -0.247668 -4.25566e-20)
(3.93924 -0.275985 0)
(3.42979 -0.407404 0)
(2.59285 -0.569917 1.23214e-19)
(1.29878 -0.655152 9.42113e-20)
(-0.381979 -0.644379 0)
(-2.08828 -0.51421 0)
(-3.58374 -0.359167 0)
(-4.79083 -0.235932 -1.36507e-19)
(-5.73446 -0.138788 0)
(-6.39502 -0.0741053 0)
(-6.93553 -0.054578 0)
(-7.48341 -0.0516555 0)
(-7.98889 -0.0369353 0)
(-8.36418 -0.0283546 0)
(-8.77981 -0.0336672 0)
(-9.48454 -0.0552045 0)
(-10.6238 -0.121394 1.97012e-19)
(-14.2635 -0.219511 0)
(-22.2503 -0.235035 7.2549e-19)
(-28.8391 -0.00283528 0)
(-24.4767 0.299704 0)
(-9.02391 0.41078 0)
(11.6219 0.272739 0)
(20.9365 0.047864 3.06343e-19)
(19.3269 -0.0297107 0)
(16.459 -0.00804862 0)
(16.7184 -0.0165162 4.28598e-23)
(10.4818 -0.00667007 -3.51461e-19)
(14.1214 0.0089465 0)
(11.8633 -0.00590674 0)
(4.32106 -0.16594 -2.75324e-20)
(4.07066 -0.185303 0)
(3.76647 -0.195469 4.23238e-20)
(3.39341 -0.216546 0)
(2.87544 -0.327357 0)
(1.9504 -0.459091 0)
(0.606426 -0.522517 -9.00169e-20)
(-1.10818 -0.513396 0)
(-2.8173 -0.407432 0)
(-4.27629 -0.282003 0)
(-5.42815 -0.183442 6.79398e-20)
(-6.30673 -0.10563 0)
(-6.88255 -0.0534987 0)
(-7.32996 -0.0387712 9.41429e-20)
(-7.79512 -0.038147 0)
(-8.23601 -0.0272499 0)
(-8.54318 -0.0208514 1.02193e-19)
(-8.91515 -0.0244663 0)
(-9.53433 -0.0413848 0)
(-10.6676 -0.0916672 -1.84028e-19)
(-14.0319 -0.159458 0)
(-20.8904 -0.167873 -6.77712e-19)
(-26.503 0.00935002 0)
(-21.6987 0.237754 0)
(-6.70851 0.314199 0)
(12.2296 0.203705 0)
(20.1012 0.03209 0)
(18.0681 -0.0240518 -3.15661e-19)
(15.5062 -0.00573506 0)
(15.9499 -0.0123364 1.87674e-19)
(9.96179 -0.00452501 -3.62206e-19)
(13.6723 0.00725197 0)
(11.4377 -0.00552082 -3.85116e-19)
(3.83761 -0.126715 0)
(3.5873 -0.145128 0)
(3.28791 -0.153047 4.22846e-20)
(2.92468 -0.167535 3.9319e-20)
(2.40501 -0.257063 -3.63187e-20)
(1.41145 -0.362301 -6.04909e-20)
(0.0468799 -0.410353 4.37537e-20)
(-1.68548 -0.403931 0)
(-3.39082 -0.319786 4.84825e-20)
(-4.8157 -0.220004 0)
(-5.91955 -0.142136 -6.87614e-20)
(-6.74247 -0.0805074 0)
(-7.24593 -0.038894 0)
(-7.61178 -0.0277822 -9.34662e-20)
(-8.00713 -0.0284466 0)
(-8.39513 -0.0203433 0)
(-8.64512 -0.0154832 -9.90224e-20)
(-8.97636 -0.0177132 0)
(-9.50573 -0.0306063 0)
(-10.6048 -0.0684218 0)
(-13.7002 -0.115393 0)
(-19.5903 -0.120089 0)
(-24.3802 0.0146042 0)
(-19.2192 0.185996 0)
(-4.84015 0.238272 -6.77507e-19)
(12.517 0.151704 0)
(19.2229 0.0217117 1.65991e-19)
(16.9059 -0.0190242 3.41188e-19)
(14.6342 -0.00413782 -1.73786e-19)
(15.1799 -0.00903691 0)
(9.46484 -0.00285651 1.88502e-19)
(13.1953 0.00577782 0)
(10.9996 -0.00523932 6.12603e-19)
(3.41839 -0.0942288 1.39172e-20)
(3.16929 -0.112126 0)
(2.87444 -0.118674 -6.39973e-20)
(2.52269 -0.127565 -8.07094e-20)
(2.01121 -0.196745 3.79512e-20)
(0.971692 -0.279663 6.03893e-20)
(-0.391063 -0.316822 1.99133e-23)
(-2.12546 -0.313071 0)
(-3.81975 -0.247988 -4.94794e-20)
(-5.21242 -0.170079 0)
(-6.27435 -0.109464 0)
(-7.05015 -0.0613358 6.21475e-20)
(-7.4932 -0.0285369 5.45922e-20)
(-7.78945 -0.0201644 0)
(-8.127 -0.0214281 0)
(-8.47228 -0.0153835 0)
(-8.67469 -0.0116489 9.77922e-20)
(-8.96851 -0.0128417 -7.37168e-20)
(-9.40861 -0.0223783 5.66258e-20)
(-10.4515 -0.0504267 0)
(-13.2848 -0.0830607 0)
(-18.3555 -0.0859954 -3.13332e-19)
(-22.4766 0.0156432 0)
(-17.0564 0.143254 3.78667e-19)
(-3.39422 0.178814 7.24532e-19)
(12.5399 0.112342 -2.06838e-19)
(18.3181 0.0148452 1.82229e-23)
(15.8313 -0.0147073 0)
(13.8211 -0.00301004 1.98492e-19)
(14.3939 -0.00639467 1.18387e-19)
(8.98012 -0.00155729 1.99039e-19)
(12.6812 0.00450488 0)
(10.5417 -0.00508095 -2.20495e-19)
(3.05378 -0.0675958 -1.42328e-20)
(2.8071 -0.0850664 0)
(2.51662 -0.0908948 2.18667e-20)
(2.17802 -0.0954515 4.21589e-20)
(1.6861 -0.146183 0)
(0.62462 -0.210371 0)
(-0.718282 -0.239758 -2.20337e-20)
(-2.4379 -0.238198 0)
(-4.11317 -0.189321 0)
(-5.47445 -0.129806 4.3433e-20)
(-6.49915 -0.0834981 -3.75702e-20)
(-7.23535 -0.0465803 -9.80117e-20)
(-7.62935 -0.021153 -5.68186e-20)
(-7.86811 -0.0148735 0)
(-8.15908 -0.0162931 0)
(-8.47071 -0.0117834 0)
(-8.63469 -0.00890653 -1.48186e-19)
(-8.89534 -0.00937934 -1.87106e-24)
(-9.25138 -0.0162139 -5.66754e-20)
(-10.2229 -0.0366313 0)
(-12.8018 -0.05931 0)
(-17.1891 -0.0614997 3.12686e-19)
(-20.7884 0.0143603 0)
(-15.2144 0.108331 -3.90914e-19)
(-2.33219 0.132339 0)
(12.338 0.0823206 2.29761e-19)
(17.388 0.0102225 -3.03635e-19)
(14.8286 -0.0110882 0)
(13.0439 -0.0021681 0)
(13.5769 -0.00424288 -1.32708e-19)
(8.49551 -0.000538319 0)
(12.1175 0.00341016 0)
(10.0533 -0.00506771 -1.2162e-19)
(2.73373 -0.0460647 0)
(2.49151 -0.0629646 0)
(2.20612 -0.0685177 0)
(1.88128 -0.0700724 0)
(1.42046 -0.104794 2.25414e-20)
(0.363025 -0.153181 -3.24381e-20)
(-0.944702 -0.176978 -2.30095e-20)
(-2.63112 -0.177006 0)
(-4.27766 -0.141537 0)
(-5.60637 -0.0973017 -2.36714e-20)
(-6.59691 -0.0627786 4.09223e-20)
(-7.2999 -0.0351139 3.53209e-20)
(-7.65562 -0.0158266 0)
(-7.84908 -0.0111633 0)
(-8.10421 -0.0124761 0)
(-8.3904 -0.00912606 0)
(-8.52534 -0.00692736 1.02631e-19)
(-8.75837 -0.00694061 7.68943e-20)
(-9.03972 -0.0116653 0)
(-9.9308 -0.0261522 0)
(-12.2638 -0.0418256 0)
(-16.0883 -0.0436964 0)
(-19.2984 0.0120237 0)
(-13.6815 0.0800779 -4.15566e-19)
(-1.61071 0.0959991 -4.76959e-19)
(11.9348 0.0591927 1.30647e-19)
(16.4195 0.00699546 1.17529e-19)
(13.8747 -0.00811078 0)
(12.2759 -0.00148063 0)
(12.7113 -0.00244633 0)
(7.99613 0.000280011 0)
(11.4873 0.00246961 0)
(9.5196 -0.00524024 1.37652e-19)
(2.44698 -0.0290104 0)
(2.21261 -0.0450608 0)
(1.93447 -0.0505499 -1.24647e-20)
(1.62211 -0.0503389 0)
(1.20332 -0.0717936 5.38595e-24)
(0.179978 -0.107425 3.78058e-20)
(-1.07917 -0.126431 0)
(-2.7114 -0.127468 0)
(-4.31605 -0.102815 1.58305e-20)
(-5.60797 -0.0710969 6.25848e-24)
(-6.56535 -0.0461988 0)
(-7.24026 -0.0261113 0)
(-7.56802 -0.0119059 -3.36106e-20)
(-7.72858 -0.00850505 -2.80008e-20)
(-7.95845 -0.00957601 0)
(-8.22693 -0.00711431 0)
(-8.34289 -0.00546666 -5.52443e-20)
(-8.55525 -0.00521939 0)
(-8.77487 -0.0083433 0)
(-9.58228 -0.0182616 -4.64348e-20)
(-11.6768 -0.0289148 0)
(-15.0401 -0.0305568 0)
(-17.9696 0.00943703 0)
(-12.4247 0.0574625 4.62709e-19)
(-1.1916 0.0674909 6.01091e-19)
(11.3374 0.0411504 -1.52707e-19)
(15.3842 0.00459635 0)
(12.9359 -0.00570187 0)
(11.4828 -0.000849495 0)
(11.7727 -0.000896675 8.51556e-20)
(7.4617 0.00097417 0)
(10.7661 0.00165655 0)
(8.91818 -0.00566113 0)
(2.18006 -0.0159126 -9.31366e-21)
(1.95832 -0.0307782 -7.98775e-21)
(1.69134 -0.0361733 1.42858e-20)
(1.38831 -0.0352227 0)
(1.02036 -0.0463506 -3.30153e-20)
(0.0638851 -0.0725656 0)
(-1.12914 -0.086281 0)
(-2.6817 -0.0878733 -2.24798e-20)
(-4.22542 -0.0716982 -1.86867e-20)
(-5.47152 -0.0500545 -3.18933e-20)
(-6.3938 -0.0329195 0)
(-7.04421 -0.0189674 0)
(-7.35409 -0.00892983 3.89858e-20)
(-7.49472 -0.00652562 6.41471e-20)
(-7.71026 -0.00730801 0)
(-7.96858 -0.00553608 0)
(-8.07666 -0.00434318 3.11843e-20)
(-8.27684 -0.00397952 0)
(-8.4507 -0.00592475 0)
(-9.17594 -0.0123723 2.62013e-20)
(-11.0366 -0.0193533 0)
(-14.0174 -0.020692 0)
(-16.7386 0.00706384 0)
(-11.3838 0.0395963 2.77413e-19)
(-1.04504 0.0449662 -4.07272e-19)
(10.5371 0.0268804 -1.83843e-19)
(14.2341 0.00263706 -8.86026e-20)
(11.9618 -0.00378304 0)
(10.6156 -0.000192068 1.03438e-19)
(10.7237 0.000514025 -4.96206e-20)
(6.86144 0.00163355 -8.05128e-20)
(9.91639 0.000941641 0)
(8.21398 -0.0064447 0)
(1.91438 -0.00634849 1.15053e-20)
(1.71156 -0.0196606 1.9757e-20)
(1.46165 -0.024743 0)
(1.16424 -0.0237789 9.08299e-21)
(0.849037 -0.0275585 2.33873e-20)
(-0.00189778 -0.0450408 -2.5292e-20)
(-1.09975 -0.0550504 -1.67895e-20)
(-2.53918 -0.0568282 2.77045e-20)
(-3.99301 -0.0470538 1.17421e-20)
(-5.17619 -0.0333136 2.01819e-20)
(-6.05639 -0.0223146 0)
(-6.68336 -0.0132425 2.91096e-20)
(-6.9854 -0.00657366 0)
(-7.12028 -0.00496282 -3.92251e-20)
(-7.33344 -0.00546882 0)
(-7.58945 -0.00424002 -2.44774e-20)
(-7.70251 -0.00342371 -3.76333e-20)
(-7.90085 -0.00304323 0)
(-8.04775 -0.00415159 2.13545e-20)
(-8.69596 -0.00801853 3.17878e-20)
(-10.3221 -0.0122671 3.32338e-20)
(-12.9704 -0.0131704 1.26526e-19)
(-15.5051 0.00513055 0)
(-10.462 0.0257038 -1.8607e-19)
(-1.13887 0.0269388 6.03173e-19)
(9.5071 0.0152972 2.29853e-19)
(12.8919 0.000843324 1.15862e-19)
(10.873 -0.00227307 0)
(9.59929 0.000575645 -1.35093e-19)
(9.50279 0.00192905 7.40256e-25)
(6.14345 0.00238207 2.03933e-19)
(8.87664 0.000286633 0)
(7.34922 -0.00779171 0)
(1.62036 1.4486e-05 -7.76157e-21)
(1.44495 -0.0113046 -1.33922e-20)
(1.22059 -0.0157343 0)
(0.92726 -0.0149987 -1.22898e-20)
(0.650614 -0.0137155 -1.78276e-20)
(-0.0265615 -0.0171891 -1.13134e-24)
(-0.991604 -0.0317732 2.19583e-20)
(-2.26948 -0.0332525 0)
(-3.58651 -0.0280547 -1.59917e-20)
(-4.67465 -0.0202651 -2.76877e-20)
(-5.49586 -0.0139424 0)
(-6.09509 -0.00863016 -1.98525e-20)
(-6.39882 -0.00461376 0)
(-6.54439 -0.00363387 0)
(-6.76928 -0.00391465 2.07019e-20)
(-7.03192 -0.00311865 3.25755e-20)
(-7.16609 -0.00261162 0)
(-7.37591 -0.00228008 0)
(-7.51827 -0.00282513 -2.85369e-20)
(-8.09712 -0.00484252 0)
(-9.47908 -0.00701591 -4.50927e-20)
(-11.8068 -0.0073733 -1.77056e-19)
(-14.103 0.00373039 0)
(-9.49976 0.015084 -2.89354e-19)
(-1.41041 0.0116702 0)
(8.19056 0.00548638 0)
(11.2285 -0.00105452 7.9838e-20)
(9.53321 -0.00108236 0)
(8.30787 0.00157204 0)
(8.00408 0.00346983 -1.12887e-19)
(5.21257 0.00342121 -1.38501e-19)
(7.54301 -0.000343157 -1.70744e-19)
(6.22831 -0.00986018 0)
(1.25077 0.00335589 1.65124e-20)
(1.11461 -0.00529405 0)
(0.929352 -0.00864983 0)
(0.646076 -0.0079828 0)
(0.403479 -0.00468418 -1.1212e-20)
(-0.02334 -0.0144668 4.22216e-20)
(-0.795594 -0.0158122 0)
(-1.83468 -0.0161376 0)
(-2.93301 -0.0139663 0)
(-3.86353 -0.0103912 -1.02724e-20)
(-4.58667 -0.00743722 0)
(-5.13949 -0.00488216 -2.9674e-20)
(-5.44973 -0.00287358 -2.44667e-20)
(-5.62434 -0.00239 1.97517e-20)
(-5.87737 -0.00252414 -1.55985e-20)
(-6.15695 -0.00208211 0)
(-6.33428 -0.00182762 0)
(-6.57447 -0.00159041 -2.87608e-20)
(-6.74133 -0.00179235 0)
(-7.25987 -0.00255651 0)
(-8.37171 -0.00307743 0)
(-10.3314 -0.00276489 0)
(-12.2162 0.00291651 -2.22188e-19)
(-8.18575 0.00694207 -2.61835e-19)
(-1.68269 -0.00331601 0)
(6.46672 -0.0037034 0)
(9.01067 -0.0033863 -1.73261e-19)
(7.69688 -9.59702e-05 0)
(6.53472 0.0029149 0)
(6.07511 0.00515508 4.71113e-20)
(3.89978 0.00514374 0)
(5.76854 -0.000957811 2.19654e-19)
(4.73048 -0.0124406 -5.36546e-20)
(0.77315 0.00390067 -7.01187e-21)
(0.688979 -0.00155718 -3.06812e-21)
(0.564886 -0.00362456 2.75301e-21)
(0.315846 -0.00341353 5.12554e-21)
(0.175564 -0.000361059 -5.06756e-21)
(-0.0104374 0.000794783 7.12797e-21)
(-0.498035 -0.00183601 5.52732e-21)
(-1.18422 -0.00494499 4.71366e-21)
(-1.92954 -0.00449276 0)
(-2.58635 -0.00351209 2.19067e-20)
(-3.12287 -0.00266776 0)
(-3.56527 -0.00189696 -1.08751e-20)
(-3.8541 -0.00125534 3.6737e-20)
(-4.05568 -0.00112031 -3.0479e-20)
(-4.33367 -0.00117793 -2.48524e-20)
(-4.62541 -0.00102091 0)
(-4.86343 -0.000960392 0)
(-5.15169 -0.000849879 5.01804e-20)
(-5.37795 -0.000884861 1.98513e-20)
(-5.83952 -0.000839377 0)
(-6.62272 0.000273774 -3.30066e-20)
(-8.05033 0.00151395 6.75092e-20)
(-9.1585 0.00276867 3.03648e-19)
(-5.89226 0.00046812 4.72511e-19)
(-1.46519 -0.0143445 -2.78034e-19)
(4.16008 -0.0129959 0)
(5.92223 -0.00617244 7.82806e-20)
(5.05978 0.000720803 0)
(4.13903 0.00426781 0)
(3.71884 0.00644656 0)
(2.0602 0.00616174 0)
(3.55184 -0.00140464 6.18198e-20)
(2.88788 -0.0139776 6.02521e-20)
(0.270461 0.00120716 0)
(0.240126 -5.70856e-05 2.32887e-21)
(0.192921 -0.000525446 -2.042e-21)
(0.000981377 0.000371379 -3.34391e-23)
(0.00075468 0.000128569 -3.52176e-23)
(-0.00235884 -0.00126191 -4.38574e-24)
(-0.166771 -0.00375334 -4.64409e-21)
(-0.42032 -0.000152446 -4.10045e-21)
(-0.718876 -0.000202968 0)
(-0.99987 -0.00020753 -6.60325e-21)
(-1.24365 -0.000197677 0)
(-1.45935 -0.000179715 1.04555e-20)
(-1.61752 -0.00015904 0)
(-1.74475 -0.00016816 0)
(-1.92367 -0.000183415 0)
(-2.1137 -0.000180606 0)
(-2.30355 -0.000203534 0)
(-2.53533 -0.000193193 0)
(-2.74957 -0.000185103 -2.96292e-20)
(-3.06507 0.000106138 0)
(-3.41847 0.00171395 5.44668e-20)
(-4.05963 0.00300982 -1.08468e-19)
(-4.30112 0.00180805 1.35886e-19)
(-2.50035 -0.00161791 0)
(-0.688279 -0.00874548 1.88597e-19)
(1.56352 -0.00961654 0)
(2.36342 -0.00404534 0)
(1.99947 0.000646254 0)
(1.58345 0.00257145 0)
(1.39044 0.0036341 0)
(0.00171016 1.23172e-05 0)
(1.31347 -0.000923692 -4.60295e-20)
(1.04527 -0.00720636 0)
)
;

boundaryField
{
    inlet
    {
        type            fixedValue;
        value           uniform (44.2 0 0);
    }
    outlet
    {
        type            zeroGradient;
    }
    lowerWallStartup
    {
        type            symmetryPlane;
    }
    upperWallStartup
    {
        type            symmetryPlane;
    }
    upperWall
    {
        type            noSlip;
    }
    lowerWall
    {
        type            noSlip;
    }
    front
    {
        type            empty;
    }
    back
    {
        type            empty;
    }
}


// ************************************************************************* //
