/*--------------------------------*- C++ -*----------------------------------*\
| =========                 |                                                 |
| \\      /  F ield         | OpenFOAM: The Open Source CFD Toolbox           |
|  \\    /   O peration     | Version:  2506                                  |
|   \\  /    A nd           | Website:  www.openfoam.com                      |
|    \\/     M anipulation  |                                                 |
\*---------------------------------------------------------------------------*/
FoamFile
{
    version     2.0;
    format      ascii;
    arch        "LSB;label=32;scalar=64";
    class       volScalarField;
    location    "2000";
    object      cp;
}
// * * * * * * * * * * * * * * * * * * * * * * * * * * * * * * * * * * * * * //

dimensions      [0 0 0 0 0 0 0];

internalField   nonuniform List<scalar> 
20540
(
0.283303
0.261396
0.283303
0.261142
0.283303
0.26098
0.283303
0.260875
0.283303
0.260794
0.283303
0.260729
0.283302
0.260674
0.283302
0.260628
0.2833
0.260589
0.283298
0.260554
0.283296
0.260523
0.283292
0.260496
0.283288
0.260471
0.283282
0.260447
0.283274
0.260423
0.283264
0.260398
0.283252
0.26037
0.283234
0.260335
0.283208
0.260291
0.283167
0.260248
0.28311
0.260217
0.28304
0.260185
0.28296
0.260151
0.282867
0.260108
0.282761
0.260059
0.282641
0.260004
0.28251
0.259942
0.282369
0.259875
0.282226
0.259804
0.282093
0.259734
0.282002
0.25968
0.28196
0.259646
0.281965
0.259632
0.282018
0.259637
0.282119
0.259662
0.282257
0.259702
0.282403
0.259748
0.282546
0.259794
0.282681
0.259839
0.282804
0.259879
0.282913
0.259916
0.283009
0.259949
0.283092
0.259977
0.283165
0.260001
0.283227
0.260025
0.283272
0.260058
0.283302
0.260096
0.283323
0.260127
0.283338
0.260152
0.283349
0.260173
0.283358
0.260192
0.283365
0.260211
0.283371
0.26023
0.283375
0.260252
0.283379
0.260276
0.283381
0.260304
0.283383
0.260335
0.283384
0.260372
0.283385
0.260415
0.283385
0.260466
0.283386
0.260528
0.283386
0.260604
0.283386
0.260705
0.283385
0.26086
0.283385
0.261103
0.237061
0.226148
0.219211
0.211467
0.204486
0.198058
0.191986
0.186267
0.180864
0.175749
0.170895
0.16628
0.161887
0.157702
0.153711
0.149903
0.146266
0.14279
0.139467
0.136287
0.133244
0.13033
0.127539
0.124864
0.1223
0.119842
0.117484
0.115221
0.11305
0.110966
0.108964
0.107042
0.105196
0.103421
0.101715
0.100075
0.0984957
0.0969757
0.0955111
0.0940992
0.0927367
0.0914199
0.0901464
0.0889114
0.0877114
0.0865436
0.0854057
0.0842956
0.0832102
0.0821457
0.0810973
0.0800589
0.0790258
0.077991
0.0769499
0.0758957
0.0748239
0.0737264
0.0725998
0.0714334
0.0702242
0.0689584
0.0676313
0.0664716
0.0655402
0.0646042
0.0636526
0.0626885
0.0617115
0.0607173
0.0597131
0.0586851
0.057653
0.0565861
0.0555282
0.0544117
0.053335
0.052147
0.0510676
0.0497618
0.0487128
0.0471798
0.0462308
0.0442204
0.0434565
0.0403241
0.0394707
0.0326749
0.23707
0.226148
0.219211
0.211467
0.204487
0.198058
0.191986
0.186267
0.180864
0.175749
0.170895
0.16628
0.161887
0.157702
0.153711
0.149903
0.146266
0.14279
0.139467
0.136287
0.133244
0.13033
0.127539
0.124864
0.1223
0.119842
0.117484
0.115221
0.11305
0.110966
0.108964
0.107042
0.105196
0.103421
0.101715
0.100075
0.0984957
0.0969757
0.0955112
0.0940992
0.0927367
0.0914199
0.0901464
0.0889114
0.0877114
0.0865436
0.0854057
0.0842956
0.0832102
0.0821457
0.0810973
0.0800589
0.0790258
0.0779909
0.0769499
0.0758956
0.0748239
0.0737263
0.0725997
0.0714333
0.0702241
0.0689584
0.0676312
0.0664715
0.0655401
0.064604
0.0636525
0.0626883
0.0617113
0.0607171
0.0597128
0.0586849
0.0576528
0.0565858
0.0555279
0.0544114
0.0533347
0.0521466
0.0510672
0.0497613
0.0487123
0.0471792
0.0462302
0.0442197
0.0434549
0.040324
0.0394645
0.032903
0.237076
0.22615
0.219212
0.211467
0.204487
0.198059
0.191986
0.186268
0.180865
0.175749
0.170895
0.16628
0.161887
0.157702
0.153711
0.149903
0.146266
0.14279
0.139467
0.136287
0.133244
0.13033
0.127539
0.124864
0.1223
0.119842
0.117484
0.115221
0.11305
0.110966
0.108964
0.107042
0.105196
0.103421
0.101715
0.100075
0.0984957
0.0969757
0.0955112
0.0940992
0.0927367
0.0914199
0.0901464
0.0889114
0.0877114
0.0865436
0.0854057
0.0842956
0.0832102
0.0821456
0.0810972
0.0800589
0.0790257
0.0779909
0.0769498
0.0758955
0.0748238
0.0737262
0.0725996
0.0714332
0.0702239
0.0689581
0.0676309
0.0664713
0.0655398
0.0646037
0.0636521
0.0626879
0.0617109
0.0607166
0.0597123
0.0586843
0.0576522
0.0565851
0.0555272
0.0544106
0.0533339
0.0521456
0.0510662
0.0497601
0.0487112
0.0471777
0.0462286
0.0442184
0.0434509
0.0403253
0.0394526
0.033235
0.237083
0.226152
0.219212
0.211467
0.204487
0.198059
0.191986
0.186268
0.180865
0.17575
0.170895
0.16628
0.161887
0.157702
0.153711
0.149903
0.146266
0.14279
0.139467
0.136287
0.133244
0.13033
0.127539
0.124864
0.1223
0.119842
0.117484
0.115221
0.11305
0.110966
0.108964
0.107042
0.105196
0.103421
0.101715
0.100075
0.0984957
0.0969757
0.0955112
0.0940992
0.0927367
0.0914199
0.0901464
0.0889114
0.0877114
0.0865436
0.0854056
0.0842955
0.0832101
0.0821456
0.0810971
0.0800587
0.0790256
0.0779907
0.0769496
0.0758953
0.0748235
0.073726
0.0725993
0.0714329
0.0702236
0.0689578
0.0676305
0.0664708
0.0655393
0.0646032
0.0636515
0.0626873
0.0617102
0.0607158
0.0597115
0.0586834
0.0576512
0.056584
0.055526
0.0544092
0.0533325
0.0521439
0.0510647
0.0497581
0.0487093
0.0471755
0.046226
0.0442167
0.0434447
0.0403304
0.0394405
0.0335579
0.23709
0.226155
0.219213
0.211468
0.204488
0.198059
0.191987
0.186268
0.180865
0.17575
0.170896
0.166281
0.161887
0.157702
0.153712
0.149903
0.146266
0.14279
0.139467
0.136287
0.133244
0.13033
0.127539
0.124864
0.1223
0.119842
0.117484
0.115222
0.11305
0.110966
0.108964
0.107042
0.105196
0.103421
0.101715
0.100075
0.0984957
0.0969757
0.0955112
0.0940992
0.0927367
0.0914199
0.0901463
0.0889113
0.0877113
0.0865435
0.0854056
0.0842954
0.08321
0.0821454
0.081097
0.0800585
0.0790253
0.0779905
0.0769494
0.075895
0.0748232
0.0737256
0.0725989
0.0714325
0.0702231
0.0689573
0.0676299
0.0664702
0.0655386
0.0646024
0.0636507
0.0626864
0.0617092
0.0607148
0.0597103
0.0586821
0.0576498
0.0565825
0.0555244
0.0544074
0.0533307
0.0521418
0.0510626
0.0497556
0.0487069
0.0471728
0.0462227
0.0442153
0.0434375
0.0403409
0.0394389
0.0338561
0.237096
0.226159
0.219215
0.211469
0.204488
0.19806
0.191987
0.186268
0.180865
0.17575
0.170896
0.166281
0.161887
0.157702
0.153712
0.149903
0.146266
0.14279
0.139467
0.136287
0.133244
0.13033
0.127539
0.124864
0.1223
0.119842
0.117484
0.115222
0.11305
0.110966
0.108965
0.107042
0.105196
0.103421
0.101715
0.100075
0.0984957
0.0969758
0.0955112
0.0940992
0.0927366
0.0914199
0.0901463
0.0889113
0.0877113
0.0865434
0.0854055
0.0842953
0.0832099
0.0821452
0.0810968
0.0800583
0.0790251
0.0779901
0.076949
0.0758947
0.0748228
0.0737252
0.0725984
0.0714319
0.0702225
0.0689566
0.0676292
0.0664694
0.0655377
0.0646014
0.0636496
0.0626852
0.061708
0.0607134
0.0597089
0.0586805
0.0576482
0.0565806
0.0555225
0.0544052
0.0533284
0.0521392
0.0510601
0.0497525
0.0487039
0.0471699
0.0462188
0.0442145
0.04343
0.0403576
0.0394553
0.0341161
0.237101
0.226163
0.219217
0.21147
0.204489
0.19806
0.191988
0.186269
0.180866
0.17575
0.170896
0.166281
0.161888
0.157702
0.153712
0.149903
0.146266
0.142791
0.139467
0.136287
0.133244
0.13033
0.127539
0.124864
0.122301
0.119842
0.117484
0.115222
0.11305
0.110966
0.108965
0.107042
0.105196
0.103421
0.101715
0.100075
0.0984957
0.0969758
0.0955112
0.0940992
0.0927366
0.0914199
0.0901463
0.0889113
0.0877112
0.0865433
0.0854053
0.0842951
0.0832096
0.082145
0.0810965
0.080058
0.0790247
0.0779897
0.0769485
0.0758942
0.0748223
0.0737246
0.0725978
0.0714312
0.0702217
0.0689558
0.0676283
0.0664683
0.0655367
0.0646003
0.0636483
0.0626838
0.0617065
0.0607118
0.0597072
0.0586786
0.0576462
0.0565784
0.0555201
0.0544026
0.0533258
0.0521361
0.0510571
0.0497491
0.0487005
0.047167
0.0462145
0.0442148
0.0434236
0.0403818
0.0394953
0.0343746
0.237105
0.226168
0.219219
0.211471
0.20449
0.198061
0.191988
0.186269
0.180866
0.175751
0.170897
0.166281
0.161888
0.157703
0.153712
0.149904
0.146266
0.142791
0.139467
0.136287
0.133244
0.130331
0.127539
0.124864
0.122301
0.119842
0.117484
0.115222
0.11305
0.110966
0.108965
0.107042
0.105196
0.103421
0.101715
0.100075
0.0984957
0.0969758
0.0955112
0.0940992
0.0927366
0.0914199
0.0901463
0.0889112
0.0877111
0.0865432
0.0854052
0.0842949
0.0832094
0.0821446
0.0810961
0.0800575
0.0790242
0.0779892
0.076948
0.0758935
0.0748216
0.0737238
0.072597
0.0714303
0.0702208
0.0689547
0.0676271
0.0664671
0.0655353
0.0645988
0.0636468
0.0626822
0.0617047
0.0607099
0.0597052
0.0586764
0.0576438
0.0565758
0.0555175
0.0543996
0.0533228
0.0521327
0.0510538
0.0497454
0.0486968
0.0471643
0.0462103
0.0442169
0.0434197
0.0404163
0.0395626
0.0346772
0.237107
0.226175
0.219222
0.211473
0.204491
0.198062
0.191989
0.18627
0.180867
0.175751
0.170897
0.166282
0.161888
0.157703
0.153712
0.149904
0.146267
0.142791
0.139467
0.136288
0.133245
0.130331
0.12754
0.124865
0.122301
0.119842
0.117484
0.115222
0.11305
0.110966
0.108965
0.107043
0.105196
0.103422
0.101715
0.100075
0.0984958
0.0969758
0.0955112
0.0940992
0.0927366
0.0914198
0.0901462
0.0889112
0.087711
0.0865431
0.085405
0.0842946
0.083209
0.0821442
0.0810956
0.080057
0.0790236
0.0779886
0.0769473
0.0758928
0.0748208
0.0737229
0.072596
0.0714293
0.0702196
0.0689535
0.0676258
0.0664656
0.0655338
0.0645972
0.0636451
0.0626803
0.0617027
0.0607077
0.0597029
0.0586739
0.0576413
0.056573
0.0555146
0.0543964
0.0533196
0.0521291
0.0510503
0.0497417
0.0486931
0.0471624
0.0462067
0.0442223
0.0434203
0.0404657
0.0396585
0.0350549
0.237109
0.226182
0.219226
0.211475
0.204493
0.198064
0.19199
0.186271
0.180868
0.175752
0.170898
0.166282
0.161889
0.157703
0.153713
0.149904
0.146267
0.142791
0.139468
0.136288
0.133245
0.130331
0.12754
0.124865
0.122301
0.119842
0.117484
0.115222
0.113051
0.110966
0.108965
0.107043
0.105196
0.103422
0.101715
0.100075
0.0984958
0.0969758
0.0955112
0.0940992
0.0927366
0.0914198
0.0901462
0.0889111
0.0877109
0.0865429
0.0854047
0.0842943
0.0832086
0.0821437
0.081095
0.0800564
0.0790229
0.0779878
0.0769464
0.0758918
0.0748198
0.0737218
0.0725948
0.071428
0.0702183
0.068952
0.0676242
0.0664639
0.065532
0.0645953
0.0636431
0.0626782
0.0617005
0.0607053
0.0597004
0.0586713
0.0576385
0.05657
0.0555116
0.0543931
0.0533164
0.0521257
0.051047
0.0497386
0.0486897
0.047162
0.0462044
0.0442328
0.043428
0.0405369
0.0397865
0.0355248
0.237109
0.22619
0.21923
0.211478
0.204495
0.198065
0.191992
0.186272
0.180869
0.175753
0.170898
0.166283
0.161889
0.157704
0.153713
0.149905
0.146267
0.142792
0.139468
0.136288
0.133245
0.130331
0.12754
0.124865
0.122301
0.119843
0.117484
0.115222
0.113051
0.110966
0.108965
0.107043
0.105196
0.103422
0.101716
0.100075
0.0984959
0.0969759
0.0955113
0.0940992
0.0927366
0.0914198
0.0901461
0.088911
0.0877108
0.0865427
0.0854045
0.0842939
0.0832081
0.0821432
0.0810944
0.0800556
0.0790221
0.0779869
0.0769455
0.0758908
0.0748186
0.0737206
0.0725935
0.0714266
0.0702167
0.0689503
0.0676224
0.0664621
0.0655301
0.0645933
0.063641
0.0626759
0.0616982
0.0607029
0.0596979
0.0586686
0.0576358
0.0565672
0.0555087
0.0543901
0.0533134
0.0521228
0.0510442
0.0497366
0.0486875
0.0471643
0.0462046
0.0442515
0.0434456
0.0406381
0.0399571
0.036094
0.237108
0.226199
0.219236
0.211482
0.204498
0.198068
0.191994
0.186274
0.18087
0.175754
0.170899
0.166284
0.16189
0.157705
0.153714
0.149905
0.146268
0.142792
0.139468
0.136288
0.133246
0.130332
0.12754
0.124865
0.122301
0.119843
0.117484
0.115222
0.113051
0.110966
0.108965
0.107043
0.105196
0.103422
0.101716
0.100075
0.098496
0.096976
0.0955113
0.0940993
0.0927366
0.0914198
0.0901461
0.0889109
0.0877107
0.0865426
0.0854042
0.0842936
0.0832077
0.0821426
0.0810937
0.0800549
0.0790212
0.0779859
0.0769444
0.0758897
0.0748174
0.0737193
0.0725921
0.071425
0.070215
0.0689485
0.0676205
0.0664601
0.065528
0.0645911
0.0636388
0.0626736
0.0616959
0.0607005
0.0596955
0.0586662
0.0576334
0.0565647
0.0555064
0.0543878
0.0533113
0.0521211
0.0510426
0.0497367
0.0486872
0.047171
0.0462091
0.0442826
0.0434776
0.0407787
0.0401831
0.0367631
0.237108
0.22621
0.219243
0.211487
0.204502
0.198071
0.191996
0.186276
0.180872
0.175756
0.170901
0.166285
0.161891
0.157706
0.153715
0.149906
0.146269
0.142793
0.139469
0.136289
0.133246
0.130332
0.127541
0.124866
0.122302
0.119843
0.117485
0.115223
0.113051
0.110967
0.108965
0.107043
0.105196
0.103422
0.101716
0.100075
0.0984961
0.0969761
0.0955114
0.0940994
0.0927367
0.0914198
0.0901461
0.0889109
0.0877106
0.0865424
0.085404
0.0842933
0.0832072
0.082142
0.081093
0.0800541
0.0790203
0.0779849
0.0769433
0.0758885
0.0748161
0.0737178
0.0725905
0.0714234
0.0702133
0.0689467
0.0676187
0.0664581
0.065526
0.0645891
0.0636368
0.0626716
0.0616939
0.0606985
0.0596936
0.0586644
0.0576317
0.0565632
0.0555052
0.054387
0.0533109
0.0521216
0.0510433
0.0497405
0.0486906
0.0471846
0.0462207
0.0443308
0.0435299
0.0409689
0.0404764
0.0375228
0.237109
0.226221
0.219251
0.211493
0.204506
0.198074
0.191999
0.186279
0.180874
0.175758
0.170903
0.166287
0.161893
0.157707
0.153716
0.149907
0.146269
0.142794
0.13947
0.13629
0.133247
0.130333
0.127541
0.124866
0.122302
0.119844
0.117485
0.115223
0.113051
0.110967
0.108966
0.107043
0.105197
0.103422
0.101716
0.100075
0.0984963
0.0969763
0.0955116
0.0940995
0.0927368
0.0914199
0.0901462
0.088911
0.0877106
0.0865424
0.0854039
0.0842931
0.0832069
0.0821416
0.0810924
0.0800533
0.0790195
0.077984
0.0769423
0.0758873
0.0748148
0.0737165
0.072589
0.0714218
0.0702116
0.068945
0.067617
0.0664564
0.0655244
0.0645875
0.0636353
0.0626701
0.0616926
0.0606974
0.0596927
0.0586638
0.0576316
0.0565635
0.0555061
0.0543887
0.0533131
0.0521258
0.0510478
0.04975
0.0486996
0.0472086
0.0462431
0.0444024
0.04361
0.0412175
0.0408467
0.0383493
0.237114
0.226234
0.219261
0.211501
0.204512
0.198079
0.192003
0.186282
0.180877
0.17576
0.170905
0.166289
0.161894
0.157708
0.153717
0.149908
0.146271
0.142795
0.139471
0.136291
0.133247
0.130333
0.127542
0.124867
0.122303
0.119844
0.117486
0.115223
0.113052
0.110967
0.108966
0.107044
0.105197
0.103423
0.101716
0.100076
0.0984966
0.0969765
0.0955118
0.0940997
0.092737
0.0914201
0.0901463
0.0889111
0.0877108
0.0865425
0.085404
0.0842931
0.0832068
0.0821413
0.081092
0.0800528
0.0790189
0.0779832
0.0769414
0.0758863
0.0748138
0.0737154
0.0725878
0.0714206
0.0702103
0.0689438
0.0676159
0.0664554
0.0655236
0.0645868
0.0636348
0.0626698
0.0616927
0.0606979
0.0596938
0.0586655
0.057634
0.0565669
0.0555104
0.0543946
0.05332
0.0521359
0.0510584
0.0497685
0.0487175
0.0472481
0.046281
0.044505
0.0437272
0.0415291
0.0412955
0.0392059
0.237124
0.226249
0.219272
0.21151
0.204519
0.198085
0.192008
0.186286
0.180881
0.175763
0.170908
0.166291
0.161897
0.157711
0.153719
0.14991
0.146272
0.142796
0.139472
0.136292
0.133249
0.130334
0.127543
0.124868
0.122304
0.119845
0.117486
0.115224
0.113053
0.110968
0.108967
0.107044
0.105198
0.103423
0.101717
0.100076
0.098497
0.0969769
0.0955122
0.0941001
0.0927374
0.0914204
0.0901466
0.0889114
0.0877111
0.0865428
0.0854043
0.0842933
0.083207
0.0821414
0.081092
0.0800527
0.0790186
0.0779829
0.0769409
0.0758858
0.0748132
0.0737147
0.0725872
0.07142
0.0702097
0.0689434
0.0676159
0.0664557
0.0655243
0.0645879
0.0636364
0.0626717
0.0616954
0.0607013
0.0596981
0.058671
0.0576407
0.0565753
0.0555203
0.0544072
0.0533341
0.0521552
0.0510786
0.0498005
0.048749
0.0473095
0.0463417
0.0446469
0.0438911
0.0419026
0.0418116
0.0400418
0.237142
0.226267
0.219284
0.211521
0.204528
0.198093
0.192015
0.186292
0.180886
0.175768
0.170912
0.166295
0.1619
0.157713
0.153722
0.149913
0.146274
0.142798
0.139474
0.136294
0.13325
0.130336
0.127544
0.124869
0.122305
0.119846
0.117488
0.115225
0.113054
0.110969
0.108967
0.107045
0.105198
0.103424
0.101718
0.100077
0.0984977
0.0969776
0.0955128
0.0941007
0.0927379
0.091421
0.0901472
0.0889119
0.0877116
0.0865434
0.085405
0.0842941
0.0832077
0.0821421
0.0810926
0.0800532
0.079019
0.0779832
0.0769412
0.0758861
0.0748134
0.0737151
0.0725876
0.0714206
0.0702106
0.0689448
0.067618
0.0664583
0.0655275
0.0645918
0.0636412
0.0626775
0.0617024
0.0607094
0.0597079
0.0586825
0.0576543
0.0565917
0.0555389
0.0544301
0.0533593
0.0521886
0.0511134
0.0498523
0.0488009
0.0474008
0.0464344
0.044836
0.0441091
0.0423289
0.042366
0.0407944
0.237171
0.226289
0.219298
0.211533
0.204539
0.198102
0.192023
0.186299
0.180892
0.175773
0.170916
0.166299
0.161904
0.157717
0.153725
0.149916
0.146277
0.142801
0.139476
0.136296
0.133252
0.130338
0.127546
0.124871
0.122307
0.119848
0.117489
0.115227
0.113055
0.11097
0.108969
0.107046
0.1052
0.103425
0.101719
0.100078
0.0984986
0.0969785
0.0955138
0.0941016
0.0927388
0.0914219
0.0901481
0.0889128
0.0877126
0.0865445
0.0854062
0.0842954
0.0832091
0.0821435
0.081094
0.0800546
0.0790204
0.0779846
0.0769427
0.0758877
0.0748151
0.073717
0.0725898
0.0714233
0.0702137
0.0689488
0.0676234
0.0664647
0.0655348
0.0646002
0.0636511
0.062689
0.0617159
0.0607252
0.0597261
0.0587038
0.0576786
0.0566203
0.0555711
0.054469
0.0534017
0.0522425
0.0511701
0.0499325
0.0488827
0.0475323
0.0465705
0.0450787
0.0443831
0.042789
0.0429117
0.0414036
0.237212
0.226316
0.219315
0.211548
0.204551
0.198113
0.192032
0.186307
0.180899
0.17578
0.170923
0.166305
0.161909
0.157722
0.15373
0.14992
0.146281
0.142804
0.13948
0.136299
0.133255
0.130341
0.127549
0.124873
0.122309
0.11985
0.117491
0.115229
0.113057
0.110972
0.10897
0.107048
0.105201
0.103426
0.10172
0.100079
0.0985
0.0969799
0.0955151
0.094103
0.0927402
0.0914233
0.0901495
0.0889143
0.0877142
0.0865463
0.0854082
0.0842976
0.0832116
0.0821461
0.0810967
0.0800574
0.0790233
0.0779877
0.0769459
0.0758913
0.074819
0.0737215
0.0725948
0.0714292
0.0702206
0.0689572
0.0676341
0.0664771
0.0655487
0.064616
0.0636691
0.0627095
0.0617394
0.0607526
0.0597575
0.0587399
0.0577194
0.0566677
0.0556241
0.0545321
0.0534706
0.0523275
0.0512604
0.0500523
0.0490072
0.047716
0.0467626
0.0453793
0.0447079
0.0432584
0.0433959
0.0418293
0.237258
0.226351
0.219333
0.211564
0.204566
0.198126
0.192044
0.186318
0.180909
0.175789
0.170931
0.166312
0.161916
0.157728
0.153736
0.149925
0.146286
0.142809
0.139484
0.136303
0.133259
0.130344
0.127552
0.124877
0.122312
0.119853
0.117494
0.115231
0.113059
0.110974
0.108973
0.10705
0.105203
0.103429
0.101722
0.100081
0.098502
0.0969819
0.0955171
0.094105
0.0927422
0.0914254
0.0901516
0.0889166
0.0877167
0.0865491
0.0854114
0.0843011
0.0832154
0.0821503
0.0811011
0.0800621
0.0790283
0.0779932
0.0769519
0.0758979
0.0748263
0.0737298
0.0726042
0.07144
0.0702333
0.0689722
0.0676527
0.0664988
0.0655727
0.0646429
0.0636997
0.0627441
0.0617785
0.0607971
0.059808
0.0587982
0.0577851
0.0567433
0.0557082
0.0546305
0.0535785
0.0524581
0.0514006
0.0502293
0.0491935
0.0479659
0.0470233
0.0457398
0.0450757
0.0437177
0.0437835
0.0420729
0.237312
0.226393
0.219353
0.211582
0.204581
0.198141
0.192058
0.186331
0.180921
0.1758
0.170941
0.166321
0.161924
0.157736
0.153743
0.149932
0.146293
0.142815
0.13949
0.136309
0.133264
0.130349
0.127557
0.124881
0.122316
0.119857
0.117498
0.115235
0.113063
0.110978
0.108976
0.107053
0.105206
0.103432
0.101725
0.100084
0.0985049
0.0969847
0.09552
0.0941079
0.0927451
0.0914285
0.0901548
0.0889199
0.0877204
0.0865533
0.085416
0.0843064
0.0832213
0.0821567
0.0811081
0.0800696
0.0790365
0.0780022
0.0769618
0.0759089
0.0748386
0.0737437
0.07262
0.0714583
0.0702546
0.0689974
0.0676832
0.0665343
0.065612
0.0646868
0.0637492
0.0627997
0.0618412
0.0608681
0.0598877
0.0588891
0.0578872
0.0568607
0.0558388
0.0547815
0.0537443
0.0526534
0.0516124
0.0504865
0.0494678
0.0483054
0.0473754
0.0461721
0.0454904
0.0441738
0.0440947
0.0422178
0.237369
0.226445
0.219383
0.211601
0.204596
0.198157
0.192074
0.186346
0.180935
0.175813
0.170953
0.166333
0.161935
0.157746
0.153752
0.149941
0.146301
0.142823
0.139497
0.136316
0.133271
0.130356
0.127563
0.124887
0.122322
0.119862
0.117503
0.11524
0.113068
0.110983
0.108981
0.107058
0.105211
0.103436
0.101729
0.100088
0.0985089
0.0969887
0.095524
0.094112
0.0927494
0.0914329
0.0901594
0.0889249
0.0877259
0.0865595
0.085423
0.0843141
0.0832299
0.0821662
0.0811185
0.0800811
0.0790491
0.0780162
0.0769774
0.0759264
0.0748583
0.0737661
0.0726455
0.0714877
0.0702888
0.0690376
0.0677315
0.0665903
0.065674
0.0647557
0.0638265
0.0628865
0.0619386
0.0609779
0.0600108
0.0590282
0.0580425
0.0570375
0.0560355
0.0550067
0.0539925
0.0529401
0.051925
0.0508505
0.0498582
0.0487607
0.0478457
0.0467045
0.0459851
0.0446794
0.0444262
0.042431
0.237443
0.226492
0.219405
0.211629
0.204623
0.198176
0.192088
0.186358
0.180949
0.175828
0.170968
0.166347
0.161949
0.157759
0.153764
0.149952
0.146312
0.142833
0.139507
0.136325
0.13328
0.130364
0.127571
0.124895
0.12233
0.11987
0.11751
0.115247
0.113075
0.110989
0.108987
0.107064
0.105217
0.103442
0.101735
0.100094
0.0985145
0.0969943
0.0955297
0.0941178
0.0927553
0.091439
0.0901659
0.0889318
0.0877336
0.0865681
0.0854327
0.0843251
0.0832422
0.0821799
0.0811336
0.0800978
0.0790677
0.0780371
0.0770008
0.0759528
0.0748883
0.0738004
0.0726847
0.0715331
0.0703416
0.0690998
0.0678056
0.0666762
0.0657694
0.064862
0.0639455
0.0630199
0.062088
0.0611459
0.0601987
0.0592399
0.0582789
0.0573039
0.0563316
0.0553417
0.0543634
0.0533607
0.0523855
0.0513712
0.0504192
0.0493893
0.0484996
0.0474177
0.0466716
0.045388
0.0449982
0.0429922
0.237528
0.226555
0.219428
0.211639
0.204633
0.198199
0.192119
0.186388
0.180971
0.175843
0.170978
0.166357
0.16196
0.157772
0.153779
0.149967
0.146327
0.142847
0.13952
0.136337
0.133291
0.130375
0.127582
0.124905
0.122339
0.119879
0.117519
0.115255
0.113083
0.110997
0.108995
0.107072
0.105224
0.103449
0.101743
0.100102
0.0985225
0.0970024
0.095538
0.0941264
0.0927643
0.0914485
0.090176
0.0889427
0.0877455
0.0865814
0.0854477
0.0843419
0.0832609
0.0822006
0.0811566
0.0801234
0.0790962
0.078069
0.0770367
0.0759934
0.0749343
0.0738529
0.0727448
0.0716024
0.0704221
0.0691942
0.0679175
0.066805
0.0659122
0.0650206
0.0641226
0.0632178
0.062309
0.0613935
0.060475
0.0595495
0.0586239
0.0576905
0.056761
0.0558226
0.0548948
0.0539537
0.0530356
0.052093
0.0511996
0.0502466
0.0494038
0.0483956
0.0476655
0.0464579
0.0460273
0.0441495
0.237626
0.226625
0.219459
0.21166
0.204642
0.198201
0.192119
0.186397
0.180994
0.175876
0.171015
0.166391
0.161986
0.15779
0.15379
0.149975
0.146333
0.142854
0.139529
0.136348
0.133304
0.130389
0.127597
0.124921
0.122355
0.119894
0.117534
0.11527
0.113097
0.11101
0.109007
0.107083
0.105235
0.103459
0.101752
0.100111
0.0985311
0.0970108
0.0955463
0.0941347
0.0927728
0.0914575
0.0901856
0.0889534
0.0877576
0.0865954
0.085464
0.084361
0.0832828
0.0822258
0.0811853
0.0801563
0.0791338
0.0781122
0.0770863
0.0760505
0.0750001
0.0739289
0.0728329
0.0717049
0.0705418
0.0693351
0.0680844
0.066998
0.0661273
0.0652604
0.0643902
0.0635168
0.0626427
0.0617662
0.0608906
0.0600137
0.0591404
0.0582666
0.0574001
0.0565334
0.0556801
0.0548242
0.0539919
0.0531467
0.0523466
0.051502
0.0507552
0.0498715
0.049235
0.0481885
0.0478454
0.0462341
0.237734
0.226705
0.219493
0.211681
0.204655
0.198215
0.192132
0.186402
0.180991
0.175869
0.171012
0.166397
0.162005
0.157821
0.153829
0.150017
0.146373
0.14289
0.139558
0.13637
0.133319
0.130399
0.127602
0.124923
0.122356
0.119895
0.117536
0.115273
0.113101
0.111017
0.109016
0.107094
0.105248
0.103474
0.101769
0.100129
0.0985507
0.0970317
0.0955685
0.0941582
0.0927975
0.0914835
0.090213
0.0889825
0.0877888
0.0866291
0.0855007
0.0844009
0.0833265
0.0822735
0.0812378
0.0802142
0.0791979
0.0781836
0.0771663
0.0761407
0.0751023
0.0740451
0.0729657
0.0718576
0.0707184
0.069541
0.0683255
0.0672732
0.0664323
0.0655989
0.0647665
0.0639355
0.0631083
0.0622843
0.0614664
0.0606537
0.0598502
0.0590537
0.0582705
0.0574956
0.0567398
0.0559907
0.0552706
0.0545485
0.0538755
0.0531729
0.0525697
0.0518565
0.051382
0.0505601
0.0503924
0.0491337
0.237852
0.226792
0.219531
0.211706
0.204671
0.198227
0.19214
0.18641
0.181003
0.175883
0.171023
0.166402
0.162002
0.157811
0.153816
0.150006
0.146369
0.142895
0.139574
0.136396
0.133354
0.130441
0.127649
0.124972
0.122405
0.119942
0.117579
0.115312
0.113135
0.111045
0.109039
0.107112
0.105261
0.103482
0.101773
0.10013
0.0985489
0.097028
0.0955635
0.0941527
0.0927923
0.0914793
0.0902106
0.0889828
0.0877928
0.0866378
0.0855151
0.0844218
0.0833548
0.0823103
0.081284
0.0802712
0.0792672
0.0782669
0.0772655
0.0762581
0.0752405
0.0742075
0.0731557
0.0720801
0.0709789
0.069847
0.0686867
0.0676905
0.0668972
0.0661149
0.0653392
0.064571
0.0638127
0.0630648
0.0623301
0.0616088
0.0609048
0.0602171
0.059552
0.0589053
0.058288
0.0576884
0.057129
0.0565797
0.0560918
0.0555888
0.0551966
0.0547156
0.0544751
0.0539363
0.0540011
0.0531429
0.237977
0.226885
0.219572
0.211732
0.204686
0.19824
0.192152
0.186422
0.181011
0.175887
0.171026
0.166406
0.162011
0.157824
0.153833
0.150022
0.146381
0.142901
0.139572
0.136387
0.133339
0.130422
0.127628
0.124952
0.122388
0.119931
0.117574
0.115314
0.113145
0.111064
0.109065
0.107145
0.105301
0.103529
0.101825
0.100186
0.0986097
0.0970921
0.0956303
0.0942218
0.0928632
0.0915521
0.0902851
0.0890594
0.087872
0.0867202
0.0856014
0.0845129
0.0834516
0.0824138
0.0813958
0.080393
0.079401
0.0784153
0.0774313
0.0764442
0.0754507
0.0744462
0.0734282
0.0723927
0.0713391
0.0702637
0.0691692
0.0682364
0.0675017
0.0667845
0.0660802
0.0653903
0.0647176
0.064063
0.0634295
0.0628175
0.0622313
0.0616698
0.0611395
0.0606357
0.0601703
0.0597297
0.0593389
0.058964
0.0586606
0.0583457
0.0581505
0.0578724
0.0578307
0.0575231
0.0577465
0.0572245
0.238102
0.22698
0.219614
0.21176
0.204703
0.198254
0.192164
0.186431
0.181019
0.175896
0.171036
0.166417
0.162019
0.157828
0.153832
0.15002
0.146379
0.142901
0.139577
0.136398
0.133356
0.130443
0.127652
0.124976
0.122411
0.11995
0.117588
0.115322
0.113147
0.111059
0.109054
0.107128
0.105279
0.103502
0.101795
0.100154
0.0985759
0.0970583
0.0955981
0.0941922
0.0928378
0.0915321
0.090272
0.0890547
0.0878774
0.0867376
0.0856324
0.0845594
0.0835154
0.0824972
0.081501
0.0805228
0.0795585
0.078604
0.0776553
0.0767084
0.0757598
0.0748064
0.073846
0.0728767
0.0718986
0.0709121
0.0699215
0.0690933
0.0684467
0.0678213
0.0672169
0.0666349
0.0660784
0.0655485
0.0650489
0.0645797
0.0641463
0.0637463
0.0633883
0.0630648
0.0627908
0.0625488
0.0623668
0.0622076
0.0621259
0.0620446
0.0620742
0.0620565
0.0622156
0.06223
0.0625549
0.0625381
0.238217
0.227069
0.219654
0.211786
0.204719
0.198267
0.192174
0.18644
0.181029
0.175904
0.171042
0.166421
0.162023
0.157834
0.15384
0.15003
0.146391
0.142913
0.139586
0.136403
0.133356
0.130438
0.127643
0.124965
0.122398
0.119939
0.11758
0.115318
0.113148
0.111065
0.109066
0.107147
0.105303
0.103532
0.10183
0.100193
0.0986187
0.0971042
0.0956466
0.094243
0.0928909
0.0915875
0.0903304
0.0891169
0.0879446
0.0868112
0.0857142
0.0846514
0.08362
0.0826173
0.0816399
0.0806845
0.0797476
0.0788253
0.0779144
0.0770113
0.0761136
0.0752191
0.0743265
0.0734356
0.0725468
0.0716621
0.0707844
0.0700664
0.0695226
0.0690066
0.0685168
0.0680559
0.0676264
0.0672294
0.0668674
0.0665409
0.0662527
0.0660021
0.0657929
0.0656219
0.0654949
0.065405
0.0653619
0.0653522
0.0653927
0.0654592
0.0655818
0.0657176
0.0659203
0.0661148
0.066396
0.0666353
0.238292
0.227131
0.219683
0.211805
0.204731
0.198277
0.192183
0.186447
0.181034
0.175909
0.171047
0.166426
0.162028
0.157839
0.153845
0.150032
0.146391
0.142912
0.139586
0.136404
0.13336
0.130445
0.127653
0.124978
0.122413
0.119954
0.117594
0.11533
0.113157
0.111071
0.109068
0.107145
0.105297
0.103522
0.101817
0.100178
0.0986025
0.0970879
0.0956313
0.0942302
0.092882
0.0915842
0.0903343
0.0891301
0.0879693
0.0868496
0.085769
0.0847254
0.0837165
0.0827396
0.0817922
0.0808713
0.0799738
0.0790967
0.0782369
0.0773917
0.0765589
0.0757371
0.0749256
0.0741255
0.0733381
0.0725678
0.0718182
0.0712211
0.0707775
0.0703639
0.0699804
0.0696294
0.0693126
0.0690307
0.0687852
0.0685763
0.0684052
0.0682712
0.0681755
0.0681163
0.0680946
0.0681074
0.068156
0.0682359
0.0683492
0.0684895
0.06866
0.0688527
0.069072
0.0693083
0.0695673
0.0698389
0.238324
0.227162
0.219698
0.211815
0.204737
0.198282
0.192186
0.18645
0.181037
0.175912
0.17105
0.166428
0.16203
0.15784
0.153846
0.150035
0.146395
0.142916
0.13959
0.136408
0.133362
0.130446
0.127652
0.124975
0.12241
0.119949
0.11759
0.115327
0.113155
0.111071
0.10907
0.107149
0.105304
0.103532
0.101829
0.100193
0.0986202
0.0971084
0.0956549
0.0942571
0.0929127
0.0916194
0.0903751
0.0891776
0.0880251
0.0869157
0.0858477
0.0848191
0.0838284
0.0828733
0.081952
0.081062
0.0802008
0.0793659
0.0785545
0.0777642
0.0769929
0.0762399
0.0755047
0.0747893
0.0740951
0.0734276
0.0727899
0.0722959
0.0719387
0.0716125
0.071317
0.0710545
0.0708254
0.0706299
0.0704684
0.0703406
0.0702464
0.0701849
0.0701558
0.0701576
0.0701895
0.0702497
0.0703374
0.0704499
0.0705865
0.0707443
0.0709226
0.0711182
0.0713307
0.0715565
0.0717956
0.0720445
0.238313
0.227164
0.219699
0.211816
0.204738
0.198282
0.192187
0.18645
0.181037
0.175912
0.171049
0.166428
0.16203
0.15784
0.153846
0.150035
0.146394
0.142916
0.13959
0.136408
0.133363
0.130446
0.127653
0.124976
0.122411
0.119951
0.117591
0.115328
0.113156
0.111072
0.109071
0.10715
0.105305
0.103533
0.101831
0.100196
0.0986245
0.0971144
0.0956631
0.0942683
0.0929277
0.0916393
0.090401
0.0892112
0.0880681
0.0869701
0.0859159
0.084904
0.0839331
0.0830017
0.0821084
0.0812515
0.0804289
0.0796385
0.0788777
0.0781443
0.0774358
0.0767517
0.0760913
0.075457
0.0748496
0.0742743
0.0737325
0.0733217
0.0730329
0.0727747
0.0725455
0.0723476
0.0721807
0.0720444
0.0719383
0.0718619
0.0718143
0.0717945
0.0718012
0.0718332
0.0718891
0.0719672
0.0720659
0.0721837
0.0723188
0.0724697
0.0726346
0.0728121
0.0730007
0.0731988
0.0734054
0.0736186
0.23826
0.227135
0.219687
0.211808
0.204734
0.198278
0.192183
0.186447
0.181035
0.175909
0.171047
0.166426
0.162028
0.157839
0.153845
0.150033
0.146392
0.142913
0.139587
0.136405
0.13336
0.130446
0.127654
0.124978
0.122414
0.119955
0.117596
0.115332
0.11316
0.111074
0.109072
0.107149
0.105303
0.10353
0.101826
0.10019
0.0986189
0.0971095
0.0956597
0.0942674
0.0929304
0.091647
0.0904152
0.0892336
0.0881007
0.0870152
0.0859761
0.0849822
0.0840327
0.0831268
0.0822637
0.0814423
0.0806613
0.0799189
0.0792125
0.0785395
0.0778971
0.0772842
0.0767001
0.0761471
0.0756264
0.0751442
0.0747025
0.0743801
0.0741567
0.0739605
0.0737919
0.0736519
0.0735395
0.0734538
0.0733939
0.0733588
0.0733471
0.0733574
0.0733882
0.0734382
0.0735056
0.0735892
0.0736869
0.0737981
0.0739204
0.0740534
0.074195
0.0743449
0.0745011
0.0746635
0.0748306
0.0750018
0.238163
0.227076
0.219662
0.211791
0.204724
0.19827
0.192176
0.186441
0.181029
0.175904
0.171042
0.166421
0.162022
0.157833
0.15384
0.15003
0.146391
0.142914
0.139588
0.136405
0.133358
0.13044
0.127646
0.124968
0.122402
0.119942
0.117583
0.115321
0.113151
0.111069
0.109071
0.107153
0.105311
0.103542
0.101843
0.100211
0.098643
0.0971371
0.0956906
0.0943017
0.0929683
0.0916889
0.0904617
0.0892857
0.0881595
0.0870825
0.0860538
0.0850728
0.0841392
0.0832529
0.0824139
0.081622
0.0808767
0.0801764
0.0795188
0.0789006
0.0783177
0.0777682
0.0772507
0.0767669
0.0763171
0.0759053
0.0755302
0.0752583
0.0750784
0.0749244
0.0747942
0.074689
0.0746075
0.0745488
0.0745112
0.074494
0.0744952
0.0745141
0.0745484
0.0745979
0.0746597
0.0747346
0.0748186
0.0749142
0.0750154
0.0751281
0.0752421
0.0753691
0.0754917
0.0756314
0.0757583
0.0759108
0.238033
0.226994
0.219626
0.211767
0.20471
0.198258
0.192166
0.186432
0.18102
0.175896
0.171036
0.166416
0.162019
0.157829
0.153834
0.150021
0.14638
0.142903
0.139579
0.136399
0.133357
0.130444
0.127653
0.124978
0.122414
0.119953
0.117593
0.115327
0.113153
0.111066
0.109062
0.107139
0.105292
0.103519
0.101816
0.100181
0.0986122
0.0971061
0.0956609
0.0942745
0.0929452
0.0916714
0.0904516
0.0892847
0.0881697
0.087106
0.086093
0.0851302
0.0842179
0.0833565
0.082547
0.0817898
0.0810855
0.080433
0.0798302
0.0792724
0.0787539
0.0782711
0.0778221
0.0774086
0.0770319
0.0766984
0.0764108
0.0762139
0.076079
0.0759648
0.0758755
0.0758095
0.0757647
0.0757399
0.0757334
0.0757441
0.0757696
0.0758094
0.0758606
0.0759237
0.0759945
0.0760759
0.0761606
0.0762563
0.0763494
0.0764573
0.0765528
0.0766733
0.0767631
0.0769015
0.0769722
0.0771434
0.237895
0.226905
0.219587
0.211743
0.204695
0.198245
0.192155
0.186423
0.181012
0.175888
0.171026
0.166406
0.16201
0.157824
0.153832
0.150023
0.146383
0.142904
0.139576
0.136391
0.133344
0.130426
0.127632
0.124956
0.122392
0.119935
0.117578
0.115318
0.11315
0.11107
0.109072
0.107155
0.105314
0.103546
0.101848
0.100217
0.0986503
0.0971465
0.095703
0.094318
0.0929899
0.0917171
0.0904985
0.0893333
0.0882206
0.08716
0.0861512
0.0851943
0.0842895
0.0834382
0.0826417
0.0819017
0.0812196
0.0805955
0.0800272
0.0795087
0.079032
0.0785917
0.078185
0.0778132
0.0774774
0.0771831
0.0769308
0.0767553
0.0766373
0.0765401
0.0764659
0.0764124
0.0763779
0.0763609
0.0763596
0.0763725
0.0763977
0.076434
0.0764794
0.0765335
0.0765934
0.0766604
0.0767298
0.0768064
0.0768804
0.0769654
0.077038
0.0771342
0.0771949
0.0773143
0.077339
0.0775201
0.23776
0.226817
0.21955
0.211718
0.204681
0.198233
0.192143
0.186413
0.181004
0.175882
0.171023
0.166403
0.162003
0.157812
0.153817
0.150007
0.14637
0.142896
0.139575
0.136398
0.133356
0.130443
0.127652
0.124976
0.122409
0.119948
0.117586
0.115319
0.113144
0.111056
0.109051
0.107127
0.105279
0.103505
0.101802
0.100167
0.0985979
0.0970922
0.0956479
0.0942632
0.0929364
0.0916661
0.0904511
0.0892906
0.0881839
0.0871306
0.0861304
0.0851834
0.0842902
0.0834522
0.0826715
0.0819504
0.0812916
0.0806959
0.0801621
0.0796821
0.0792455
0.078845
0.0784768
0.0781418
0.0778419
0.0775832
0.0773683
0.077226
0.0771302
0.0770523
0.0769967
0.0769609
0.0769429
0.0769412
0.076954
0.0769795
0.0770159
0.0770619
0.0771154
0.0771756
0.0772402
0.0773097
0.0773802
0.0774552
0.077527
0.077606
0.0776736
0.0777591
0.0778127
0.0779171
0.0779314
0.0780997
0.237632
0.226734
0.219514
0.211695
0.204666
0.198221
0.192135
0.186405
0.180993
0.175869
0.171011
0.166396
0.162004
0.15782
0.153829
0.150018
0.146377
0.142894
0.139564
0.136376
0.133326
0.130406
0.127609
0.12493
0.122363
0.119903
0.117543
0.115281
0.11311
0.111027
0.109028
0.107109
0.105266
0.103497
0.101798
0.100167
0.0986017
0.0970991
0.0956576
0.0942754
0.0929509
0.0916828
0.0904699
0.0893117
0.0882075
0.087157
0.0861602
0.085217
0.0843282
0.0834956
0.0827218
0.0820097
0.081363
0.0807841
0.0802725
0.0798186
0.079409
0.0790344
0.0786902
0.078377
0.0780971
0.0778569
0.0776582
0.0775255
0.0774367
0.0773655
0.0773157
0.0772847
0.0772706
0.0772718
0.0772864
0.0773127
0.0773487
0.0773929
0.0774435
0.0774994
0.0775586
0.0776211
0.0776837
0.0777491
0.0778109
0.0778778
0.077934
0.0780052
0.078047
0.0781352
0.0781383
0.0782912
0.237516
0.226658
0.219482
0.211675
0.204654
0.198208
0.192123
0.186398
0.180994
0.175875
0.171016
0.166393
0.161989
0.157793
0.153794
0.149979
0.146337
0.142858
0.139533
0.136353
0.133309
0.130395
0.127603
0.124927
0.122362
0.119902
0.117542
0.115278
0.113106
0.111021
0.10902
0.107099
0.105255
0.103484
0.101784
0.100152
0.098585
0.0970819
0.09564
0.0942578
0.0929337
0.0916664
0.0904547
0.0892982
0.0881961
0.0871484
0.0861549
0.0852155
0.0843311
0.0835036
0.082736
0.0820317
0.0813954
0.0808309
0.0803391
0.0799085
0.0795229
0.0791707
0.0788469
0.0785515
0.0782876
0.0780624
0.0778787
0.0777589
0.0776788
0.077615
0.0775726
0.0775485
0.0775414
0.077549
0.07757
0.0776021
0.0776435
0.0776928
0.0777478
0.0778077
0.0778701
0.0779351
0.0779994
0.0780656
0.0781272
0.0781926
0.0782464
0.0783132
0.0783506
0.078431
0.0784281
0.0785692
0.237411
0.226591
0.219453
0.211655
0.204644
0.198206
0.192124
0.186393
0.180976
0.175845
0.17098
0.166359
0.161962
0.157774
0.153781
0.149971
0.146331
0.142852
0.139526
0.136343
0.133297
0.130381
0.127588
0.124912
0.122346
0.119886
0.117527
0.115264
0.113092
0.111008
0.109008
0.107088
0.105244
0.103474
0.101775
0.100143
0.0985776
0.0970753
0.0956342
0.0942529
0.0929297
0.0916635
0.090453
0.0892978
0.0881972
0.0871513
0.0861599
0.0852228
0.0843409
0.0835163
0.0827522
0.0820523
0.0814223
0.0808675
0.0803905
0.0799778
0.0796105
0.079275
0.0789654
0.0786816
0.0784274
0.0782112
0.0780361
0.0779221
0.0778445
0.077783
0.0777431
0.0777212
0.0777164
0.0777259
0.0777487
0.0777823
0.0778249
0.0778749
0.0779303
0.0779902
0.078052
0.078116
0.0781785
0.0782423
0.0783005
0.078362
0.0784107
0.0784716
0.0785019
0.0785742
0.0785627
0.0786923
0.23732
0.226529
0.21943
0.211645
0.204638
0.198187
0.192094
0.186362
0.180952
0.17583
0.17097
0.166349
0.161951
0.157761
0.153767
0.149956
0.146316
0.142838
0.139512
0.136331
0.133286
0.13037
0.127578
0.124902
0.122337
0.119877
0.117518
0.115256
0.113084
0.111001
0.109
0.10708
0.105237
0.103467
0.101767
0.100136
0.0985705
0.0970683
0.0956275
0.0942465
0.0929237
0.091658
0.0904481
0.0892937
0.0881942
0.0871495
0.0861596
0.085224
0.0843439
0.0835212
0.0827593
0.0820622
0.0814366
0.0808889
0.0804237
0.0800259
0.0796736
0.0793512
0.0790527
0.0787774
0.0785298
0.0783197
0.0781512
0.0780422
0.0779664
0.0779064
0.0778689
0.0778492
0.0778471
0.0778589
0.0778846
0.0779207
0.0779659
0.0780186
0.0780765
0.078139
0.0782029
0.0782693
0.0783334
0.0783989
0.0784578
0.0785199
0.0785676
0.0786276
0.0786542
0.0787228
0.0787043
0.0788252
0.237237
0.226482
0.219412
0.21162
0.204611
0.198166
0.19208
0.186351
0.180939
0.175815
0.170955
0.166335
0.161938
0.157749
0.153755
0.149945
0.146306
0.142828
0.139503
0.136322
0.133277
0.130362
0.127569
0.124894
0.122329
0.11987
0.117511
0.115249
0.113077
0.110994
0.108994
0.107074
0.105231
0.103461
0.101762
0.100131
0.0985652
0.0970633
0.0956227
0.0942421
0.0929196
0.0916544
0.090445
0.0892912
0.0881924
0.0871485
0.0861597
0.0852253
0.0843462
0.0835246
0.0827641
0.0820686
0.0814455
0.0809029
0.0804468
0.0800609
0.0797205
0.0794084
0.0791179
0.0788483
0.0786047
0.0783983
0.0782343
0.0781282
0.0780522
0.0779922
0.0779553
0.0779363
0.0779355
0.077948
0.0779752
0.0780121
0.0780583
0.0781119
0.0781706
0.0782339
0.0782981
0.078365
0.0784287
0.0784943
0.0785518
0.0786131
0.0786578
0.0787157
0.0787369
0.0788012
0.0787737
0.0788856
0.237176
0.226433
0.219381
0.2116
0.204597
0.198151
0.192065
0.186336
0.180925
0.175802
0.170943
0.166324
0.161927
0.157739
0.153746
0.149936
0.146297
0.14282
0.139495
0.136315
0.13327
0.130355
0.127563
0.124888
0.122323
0.119864
0.117506
0.115243
0.113072
0.110989
0.108989
0.107069
0.105226
0.103457
0.101757
0.100127
0.0985612
0.0970595
0.0956191
0.0942387
0.0929165
0.0916515
0.0904425
0.0892891
0.0881908
0.0871475
0.0861594
0.0852257
0.0843473
0.0835262
0.0827664
0.0820717
0.0814502
0.0809109
0.080462
0.0800855
0.0797546
0.0794503
0.0791658
0.0788999
0.0786586
0.0784544
0.0782934
0.0781893
0.078112
0.0780513
0.0780144
0.0779955
0.0779952
0.0780075
0.0780356
0.0780725
0.0781188
0.0781725
0.0782312
0.0782946
0.0783584
0.0784254
0.078488
0.0785533
0.0786087
0.0786693
0.0787107
0.0787671
0.078783
0.078844
0.0788082
0.0789119
0.237117
0.226389
0.21936
0.211583
0.204582
0.198136
0.192051
0.186323
0.180914
0.175791
0.170933
0.166314
0.161918
0.157731
0.153738
0.149929
0.14629
0.142814
0.139489
0.136309
0.133265
0.13035
0.127558
0.124883
0.122319
0.11986
0.117501
0.115239
0.113068
0.110985
0.108985
0.107066
0.105223
0.103453
0.101754
0.100124
0.0985583
0.0970568
0.0956164
0.0942362
0.0929141
0.0916494
0.0904406
0.0892875
0.0881895
0.0871466
0.0861589
0.0852257
0.0843478
0.0835269
0.0827674
0.082073
0.0814523
0.0809152
0.0804718
0.0801027
0.0797792
0.0794807
0.0792003
0.0789368
0.0786965
0.0784931
0.0783341
0.0782307
0.0781511
0.0780888
0.0780509
0.0780309
0.0780299
0.0780408
0.0780685
0.0781038
0.0781489
0.0782011
0.0782583
0.0783202
0.0783819
0.0784472
0.078507
0.0785706
0.0786221
0.0786808
0.0787172
0.0787712
0.0787808
0.0788383
0.0787948
0.0788907
0.237066
0.226353
0.219342
0.211568
0.204568
0.198124
0.192039
0.186313
0.180904
0.175782
0.170924
0.166307
0.161911
0.157724
0.153732
0.149923
0.146285
0.142809
0.139485
0.136305
0.133261
0.130346
0.127554
0.12488
0.122315
0.119857
0.117498
0.115236
0.113066
0.110982
0.108983
0.107063
0.10522
0.103451
0.101752
0.100121
0.0985562
0.0970547
0.0956145
0.0942343
0.0929124
0.0916478
0.0904392
0.0892862
0.0881884
0.0871458
0.0861584
0.0852256
0.0843478
0.083527
0.0827676
0.0820731
0.0814526
0.080917
0.0804777
0.0801142
0.0797965
0.0795021
0.0792246
0.0789623
0.0787219
0.0785182
0.0783596
0.0782556
0.0781728
0.0781082
0.0780682
0.0780464
0.0780436
0.078052
0.0780784
0.0781112
0.078154
0.0782037
0.0782586
0.0783181
0.0783771
0.0784402
0.0784964
0.0785578
0.078605
0.0786615
0.0786926
0.0787447
0.0787482
0.0788035
0.0787537
0.0788438
0.237019
0.226325
0.219326
0.211554
0.204556
0.198113
0.192029
0.186304
0.180896
0.175775
0.170918
0.166301
0.161906
0.157719
0.153727
0.149919
0.146281
0.142805
0.139481
0.136301
0.133258
0.130343
0.127552
0.124877
0.122313
0.119854
0.117496
0.115234
0.113063
0.11098
0.108981
0.107061
0.105218
0.103449
0.10175
0.10012
0.0985546
0.0970532
0.0956131
0.094233
0.0929111
0.0916467
0.0904381
0.0892853
0.0881876
0.0871452
0.086158
0.0852254
0.0843475
0.0835267
0.0827672
0.0820725
0.0814519
0.0809172
0.0804808
0.0801216
0.0798081
0.0795162
0.0792407
0.0789785
0.0787371
0.0785318
0.0783722
0.0782662
0.0781796
0.0781123
0.0780696
0.0780453
0.0780401
0.0780457
0.0780702
0.0781002
0.0781401
0.0781874
0.0782397
0.0782967
0.0783528
0.0784134
0.0784662
0.0785253
0.0785682
0.0786228
0.0786487
0.0786995
0.0786971
0.0787514
0.0786966
0.0787828
0.236983
0.226302
0.219313
0.211542
0.204546
0.198104
0.192021
0.186297
0.18089
0.175769
0.170913
0.166296
0.161902
0.157715
0.153724
0.149916
0.146278
0.142802
0.139479
0.136299
0.133255
0.130341
0.12755
0.124875
0.122311
0.119852
0.117494
0.115233
0.113062
0.110979
0.108979
0.10706
0.105217
0.103448
0.101749
0.100119
0.0985535
0.0970522
0.0956121
0.094232
0.0929102
0.0916458
0.0904373
0.0892846
0.0881869
0.0871447
0.0861575
0.085225
0.0843471
0.0835262
0.0827666
0.0820715
0.0814505
0.0809164
0.080482
0.0801259
0.0798152
0.0795248
0.0792502
0.078987
0.0787437
0.0785358
0.0783742
0.0782651
0.0781747
0.0781046
0.0780592
0.0780323
0.0780247
0.0780275
0.0780503
0.0780777
0.0781148
0.0781602
0.07821
0.078265
0.0783185
0.0783768
0.0784268
0.0784841
0.0785233
0.0785764
0.0785977
0.0786479
0.0786402
0.0786948
0.0786358
0.0787201
0.236958
0.226285
0.219301
0.211531
0.204537
0.198096
0.192015
0.186292
0.180885
0.175765
0.170909
0.166293
0.161899
0.157713
0.153721
0.149913
0.146276
0.1428
0.139477
0.136297
0.133254
0.13034
0.127548
0.124874
0.122309
0.119851
0.117493
0.115231
0.113061
0.110978
0.108978
0.107059
0.105216
0.103447
0.101748
0.100118
0.0985527
0.0970514
0.0956113
0.0942313
0.0929095
0.0916452
0.0904367
0.089284
0.0881864
0.0871442
0.0861571
0.0852245
0.0843466
0.0835256
0.0827657
0.0820702
0.081449
0.080915
0.0804819
0.0801279
0.0798188
0.079529
0.0792541
0.0789891
0.0787433
0.0785323
0.078368
0.0782555
0.0781616
0.078089
0.0780412
0.0780122
0.0780026
0.0780031
0.0780246
0.07805
0.0780847
0.078129
0.0781764
0.0782305
0.0782815
0.0783381
0.0783859
0.0784416
0.078478
0.0785299
0.0785477
0.0785975
0.0785855
0.0786411
0.0785786
0.0786625
0.236943
0.22627
0.21929
0.211523
0.20453
0.19809
0.19201
0.186287
0.180881
0.175762
0.170906
0.16629
0.161896
0.15771
0.153719
0.149911
0.146274
0.142798
0.139475
0.136296
0.133252
0.130339
0.127547
0.124872
0.122308
0.11985
0.117492
0.115231
0.11306
0.110977
0.108978
0.107058
0.105215
0.103446
0.101748
0.100117
0.0985522
0.0970509
0.0956108
0.0942308
0.092909
0.0916447
0.0904362
0.0892836
0.0881859
0.0871438
0.0861566
0.0852241
0.084346
0.0835249
0.0827648
0.0820689
0.0814473
0.0809134
0.0804809
0.080128
0.0798196
0.0795296
0.0792536
0.0789862
0.0787377
0.0785236
0.0783566
0.0782406
0.0781439
0.0780695
0.07802
0.0779893
0.0779782
0.0779771
0.0779978
0.0780216
0.0780546
0.0780986
0.0781438
0.0781978
0.0782462
0.0783021
0.0783481
0.0784027
0.0784369
0.078488
0.0785032
0.0785527
0.0785377
0.0785942
0.078529
0.0786136
0.236936
0.226258
0.219281
0.211515
0.204524
0.198085
0.192006
0.186284
0.180878
0.175759
0.170903
0.166288
0.161894
0.157709
0.153718
0.14991
0.146273
0.142797
0.139474
0.136295
0.133251
0.130338
0.127546
0.124872
0.122308
0.11985
0.117492
0.11523
0.113059
0.110977
0.108977
0.107058
0.105215
0.103446
0.101747
0.100117
0.0985518
0.0970505
0.0956104
0.0942304
0.0929087
0.0916443
0.0904359
0.0892832
0.0881855
0.0871434
0.0861562
0.0852236
0.0843455
0.0835242
0.0827638
0.0820676
0.0814458
0.0809117
0.0804794
0.0801269
0.0798183
0.0795274
0.0792497
0.0789799
0.0787287
0.0785119
0.0783426
0.0782235
0.078125
0.0780492
0.0779987
0.0779668
0.0779548
0.0779525
0.0779728
0.0779957
0.0780276
0.0780716
0.0781151
0.0781695
0.0782152
0.0782712
0.0783155
0.0783696
0.0784021
0.0784527
0.078466
0.0785153
0.0784982
0.0785553
0.0784889
0.0785743
0.236934
0.226248
0.219273
0.211509
0.20452
0.198082
0.192002
0.186281
0.180875
0.175757
0.170901
0.166286
0.161893
0.157707
0.153716
0.149909
0.146272
0.142796
0.139473
0.136294
0.133251
0.130337
0.127546
0.124871
0.122307
0.119849
0.117491
0.115229
0.113059
0.110976
0.108977
0.107058
0.105215
0.103446
0.101747
0.100117
0.0985515
0.0970502
0.0956102
0.0942302
0.0929084
0.0916441
0.0904356
0.0892829
0.0881852
0.0871431
0.0861558
0.0852231
0.0843449
0.0835235
0.082763
0.0820665
0.0814444
0.0809102
0.0804777
0.080125
0.0798156
0.0795234
0.0792437
0.0789716
0.0787182
0.0784993
0.0783282
0.0782066
0.0781069
0.0780302
0.0779794
0.0779466
0.0779342
0.0779311
0.0779513
0.0779736
0.0780051
0.0780492
0.0780912
0.0781462
0.0781894
0.0782461
0.0782892
0.078343
0.0783743
0.0784247
0.0784365
0.0784857
0.0784671
0.0785245
0.0784578
0.0785439
0.236934
0.226238
0.219266
0.211504
0.204516
0.198078
0.192
0.186279
0.180874
0.175755
0.1709
0.166285
0.161891
0.157706
0.153715
0.149908
0.146271
0.142796
0.139472
0.136293
0.13325
0.130336
0.127545
0.124871
0.122307
0.119849
0.117491
0.115229
0.113059
0.110976
0.108976
0.107057
0.105214
0.103445
0.101747
0.100116
0.0985513
0.09705
0.09561
0.09423
0.0929082
0.0916439
0.0904354
0.0892827
0.088185
0.0871428
0.0861555
0.0852227
0.0843444
0.0835229
0.0827622
0.0820655
0.0814432
0.0809088
0.0804759
0.0801226
0.079812
0.0795183
0.0792367
0.0789626
0.0787075
0.0784872
0.0783148
0.0781913
0.0780909
0.0780138
0.077963
0.0779295
0.0779172
0.0779136
0.0779338
0.077956
0.0779872
0.0780315
0.0780724
0.0781279
0.0781693
0.0782267
0.078269
0.0783227
0.078353
0.0784032
0.078414
0.0784633
0.0784434
0.0785013
0.078434
0.0785209
0.236935
0.22623
0.21926
0.2115
0.204513
0.198076
0.191998
0.186277
0.180872
0.175754
0.170899
0.166284
0.161891
0.157705
0.153715
0.149907
0.14627
0.142795
0.139472
0.136293
0.13325
0.130336
0.127545
0.12487
0.122306
0.119848
0.117491
0.115229
0.113058
0.110976
0.108976
0.107057
0.105214
0.103445
0.101747
0.100116
0.0985511
0.0970499
0.0956098
0.0942298
0.0929081
0.0916437
0.0904352
0.0892825
0.0881848
0.0871425
0.0861551
0.0852223
0.0843439
0.0835223
0.0827616
0.0820647
0.0814422
0.0809077
0.0804742
0.08012
0.0798081
0.079513
0.0792296
0.0789541
0.0786977
0.0784765
0.0783032
0.0781783
0.0780777
0.0780004
0.0779498
0.0779158
0.0779039
0.0778999
0.0779203
0.0779425
0.0779738
0.078018
0.0780582
0.078114
0.0781543
0.0782123
0.0782539
0.0783077
0.0783372
0.0783875
0.0783975
0.0784469
0.0784262
0.0784844
0.0784166
0.0785046
0.236936
0.226222
0.219256
0.211497
0.204511
0.198074
0.191996
0.186275
0.180871
0.175753
0.170898
0.166283
0.16189
0.157705
0.153714
0.149907
0.14627
0.142795
0.139472
0.136292
0.133249
0.130336
0.127544
0.12487
0.122306
0.119848
0.11749
0.115229
0.113058
0.110976
0.108976
0.107057
0.105214
0.103445
0.101746
0.100116
0.098551
0.0970498
0.0956097
0.0942297
0.0929079
0.0916436
0.090435
0.0892823
0.0881846
0.0871423
0.0861548
0.085222
0.0843436
0.0835219
0.0827611
0.0820641
0.0814415
0.0809068
0.0804728
0.0801176
0.0798044
0.079508
0.0792231
0.0789466
0.0786894
0.0784677
0.0782938
0.078168
0.0780673
0.07799
0.0779398
0.0779053
0.077894
0.0778897
0.0779103
0.0779327
0.0779639
0.0780081
0.0780479
0.0781039
0.0781434
0.078202
0.078243
0.0782971
0.0783259
0.0783764
0.0783858
0.0784353
0.078414
0.0784724
0.0784043
0.0784936
0.236936
0.226215
0.219252
0.211495
0.204509
0.198073
0.191995
0.186274
0.18087
0.175752
0.170897
0.166283
0.161889
0.157704
0.153714
0.149906
0.14627
0.142794
0.139471
0.136292
0.133249
0.130336
0.127544
0.12487
0.122306
0.119848
0.11749
0.115229
0.113058
0.110975
0.108976
0.107057
0.105214
0.103445
0.101746
0.100116
0.0985509
0.0970497
0.0956096
0.0942296
0.0929079
0.0916435
0.0904349
0.0892822
0.0881844
0.0871421
0.0861546
0.0852217
0.0843432
0.0835215
0.0827606
0.0820636
0.081441
0.0809061
0.0804716
0.0801155
0.0798012
0.0795036
0.0792177
0.0789404
0.0786827
0.0784607
0.0782865
0.0781601
0.0780596
0.0779823
0.0779324
0.0778976
0.077887
0.0778824
0.0779032
0.0779257
0.077957
0.0780011
0.0780407
0.0780969
0.0781358
0.078195
0.0782356
0.0782899
0.0783181
0.0783689
0.0783779
0.0784275
0.0784059
0.0784644
0.0783962
0.0784865
0.236936
0.226209
0.219248
0.211493
0.204507
0.198071
0.191994
0.186274
0.180869
0.175751
0.170897
0.166282
0.161889
0.157704
0.153713
0.149906
0.146269
0.142794
0.139471
0.136292
0.133249
0.130335
0.127544
0.12487
0.122306
0.119848
0.11749
0.115228
0.113058
0.110975
0.108976
0.107057
0.105214
0.103445
0.101746
0.100116
0.0985509
0.0970496
0.0956096
0.0942296
0.0929078
0.0916434
0.0904348
0.0892821
0.0881843
0.087142
0.0861544
0.0852215
0.084343
0.0835212
0.0827603
0.0820633
0.0814406
0.0809057
0.0804707
0.0801139
0.0797986
0.0795002
0.0792135
0.0789357
0.0786776
0.0784556
0.078281
0.0781544
0.078054
0.0779768
0.0779272
0.0778922
0.0778822
0.0778773
0.0778983
0.0779209
0.0779523
0.0779963
0.0780359
0.0780922
0.0781308
0.0781903
0.0782306
0.0782852
0.078313
0.078364
0.0783728
0.0784225
0.0784007
0.0784593
0.078391
0.0784823
0.236934
0.226204
0.219246
0.211491
0.204506
0.19807
0.191993
0.186273
0.180869
0.175751
0.170896
0.166282
0.161889
0.157704
0.153713
0.149906
0.146269
0.142794
0.139471
0.136292
0.133249
0.130335
0.127544
0.12487
0.122306
0.119848
0.11749
0.115228
0.113058
0.110975
0.108976
0.107057
0.105214
0.103445
0.101746
0.100116
0.0985508
0.0970496
0.0956095
0.0942295
0.0929077
0.0916433
0.0904348
0.089282
0.0881842
0.0871418
0.0861543
0.0852213
0.0843428
0.083521
0.0827601
0.0820631
0.0814405
0.0809055
0.0804702
0.0801128
0.0797968
0.0794978
0.0792105
0.0789323
0.078674
0.0784519
0.0782772
0.0781504
0.0780502
0.0779731
0.0779237
0.0778886
0.0778791
0.077874
0.0778951
0.0779179
0.0779493
0.0779932
0.0780329
0.0780892
0.0781277
0.0781873
0.0782275
0.0782823
0.0783098
0.0783611
0.0783698
0.0784196
0.0783978
0.0784565
0.0783881
0.07848
0.23693
0.226199
0.219244
0.21149
0.204505
0.19807
0.191992
0.186272
0.180868
0.17575
0.170896
0.166281
0.161888
0.157703
0.153713
0.149906
0.146269
0.142794
0.139471
0.136292
0.133249
0.130335
0.127544
0.12487
0.122306
0.119848
0.11749
0.115228
0.113058
0.110975
0.108976
0.107057
0.105214
0.103445
0.101746
0.100116
0.0985508
0.0970495
0.0956095
0.0942295
0.0929077
0.0916433
0.0904347
0.0892819
0.0881841
0.0871418
0.0861541
0.0852212
0.0843426
0.0835208
0.08276
0.082063
0.0814404
0.0809055
0.0804699
0.0801122
0.0797956
0.0794961
0.0792084
0.0789301
0.0786716
0.0784495
0.0782747
0.0781479
0.0780478
0.0779708
0.0779215
0.0778864
0.0778771
0.0778719
0.0778931
0.077916
0.0779474
0.0779913
0.0780311
0.0780874
0.0781259
0.0781856
0.0782257
0.0782807
0.078308
0.0783595
0.0783682
0.078418
0.0783963
0.0784553
0.0783866
0.0784791
0.236926
0.226196
0.219242
0.211489
0.204504
0.198069
0.191992
0.186272
0.180868
0.17575
0.170896
0.166281
0.161888
0.157703
0.153713
0.149905
0.146269
0.142794
0.139471
0.136292
0.133249
0.130335
0.127544
0.12487
0.122306
0.119848
0.11749
0.115228
0.113058
0.110975
0.108976
0.107057
0.105214
0.103445
0.101746
0.100116
0.0985508
0.0970495
0.0956095
0.0942295
0.0929077
0.0916432
0.0904347
0.0892819
0.0881841
0.0871417
0.086154
0.0852211
0.0843425
0.0835207
0.0827599
0.0820629
0.0814404
0.0809055
0.0804699
0.0801119
0.079795
0.0794952
0.0792073
0.0789287
0.0786701
0.078448
0.0782731
0.0781464
0.0780464
0.0779694
0.0779203
0.0778851
0.0778759
0.0778707
0.077892
0.0779149
0.0779464
0.0779902
0.0780302
0.0780865
0.078125
0.0781848
0.0782248
0.0782799
0.0783072
0.0783588
0.0783675
0.0784175
0.0783959
0.0784549
0.0783862
0.0784791
0.236921
0.226192
0.219241
0.211488
0.204504
0.198069
0.191992
0.186272
0.180868
0.17575
0.170895
0.166281
0.161888
0.157703
0.153713
0.149905
0.146269
0.142794
0.139471
0.136292
0.133249
0.130335
0.127544
0.124869
0.122306
0.119848
0.11749
0.115228
0.113058
0.110975
0.108976
0.107057
0.105214
0.103445
0.101746
0.100116
0.0985507
0.0970495
0.0956094
0.0942294
0.0929076
0.0916432
0.0904346
0.0892818
0.088184
0.0871416
0.086154
0.085221
0.0843424
0.0835206
0.0827598
0.0820629
0.0814405
0.0809057
0.08047
0.0801119
0.0797949
0.0794948
0.0792067
0.078928
0.0786693
0.0784472
0.0782722
0.0781455
0.0780456
0.0779687
0.0779196
0.0778844
0.0778753
0.0778701
0.0778914
0.0779143
0.0779459
0.0779897
0.0780297
0.078086
0.0781247
0.0781844
0.0782245
0.0782796
0.0783069
0.0783587
0.0783675
0.0784175
0.078396
0.0784551
0.0783863
0.0784796
0.236914
0.22619
0.21924
0.211488
0.204503
0.198068
0.191991
0.186271
0.180867
0.17575
0.170895
0.166281
0.161888
0.157703
0.153713
0.149905
0.146269
0.142794
0.139471
0.136291
0.133249
0.130335
0.127544
0.124869
0.122306
0.119848
0.11749
0.115228
0.113058
0.110975
0.108976
0.107057
0.105214
0.103445
0.101746
0.100116
0.0985507
0.0970495
0.0956094
0.0942294
0.0929076
0.0916432
0.0904346
0.0892818
0.088184
0.0871416
0.0861539
0.0852209
0.0843424
0.0835206
0.0827598
0.0820629
0.0814406
0.0809058
0.0804702
0.0801121
0.0797949
0.0794948
0.0792065
0.0789277
0.078669
0.0784468
0.0782718
0.0781452
0.0780453
0.0779684
0.0779193
0.0778841
0.077875
0.0778698
0.0778911
0.0779141
0.0779457
0.0779895
0.0780296
0.0780859
0.0781246
0.0781844
0.0782246
0.0782797
0.078307
0.0783589
0.0783677
0.0784178
0.0783964
0.0784556
0.0783869
0.0784804
0.236907
0.226188
0.21924
0.211487
0.204503
0.198068
0.191991
0.186271
0.180867
0.17575
0.170895
0.166281
0.161888
0.157703
0.153712
0.149905
0.146269
0.142793
0.139471
0.136291
0.133249
0.130335
0.127544
0.124869
0.122306
0.119848
0.11749
0.115228
0.113058
0.110975
0.108976
0.107057
0.105214
0.103445
0.101746
0.100116
0.0985507
0.0970495
0.0956094
0.0942294
0.0929076
0.0916432
0.0904346
0.0892818
0.088184
0.0871416
0.0861539
0.0852209
0.0843423
0.0835205
0.0827597
0.0820628
0.0814406
0.080906
0.0804705
0.0801123
0.0797952
0.079495
0.0792066
0.0789277
0.0786689
0.0784467
0.0782717
0.0781451
0.0780452
0.0779684
0.0779192
0.0778841
0.077875
0.0778698
0.0778911
0.077914
0.0779457
0.0779895
0.0780296
0.0780859
0.0781247
0.0781845
0.0782248
0.0782799
0.0783073
0.0783592
0.0783681
0.0784182
0.0783969
0.0784561
0.0783875
0.0784811
0.236902
0.226187
0.219239
0.211487
0.204503
0.198068
0.191991
0.186271
0.180867
0.17575
0.170895
0.166281
0.161888
0.157703
0.153712
0.149905
0.146268
0.142793
0.13947
0.136291
0.133248
0.130335
0.127544
0.124869
0.122306
0.119848
0.11749
0.115228
0.113058
0.110975
0.108976
0.107057
0.105214
0.103445
0.101746
0.100116
0.0985507
0.0970495
0.0956094
0.0942294
0.0929076
0.0916432
0.0904346
0.0892818
0.0881839
0.0871415
0.0861539
0.0852209
0.0843423
0.0835205
0.0827597
0.0820628
0.0814407
0.0809061
0.0804706
0.0801125
0.0797954
0.0794952
0.0792068
0.0789278
0.078669
0.0784467
0.0782717
0.0781451
0.0780453
0.0779684
0.0779193
0.0778841
0.077875
0.0778698
0.0778911
0.0779141
0.0779457
0.0779896
0.0780297
0.078086
0.0781248
0.0781846
0.0782249
0.07828
0.0783075
0.0783594
0.0783684
0.0784185
0.0783973
0.0784565
0.0783879
0.0784816
0.236894
0.226186
0.219239
0.211487
0.204503
0.198068
0.191991
0.186271
0.180867
0.175749
0.170895
0.166281
0.161888
0.157703
0.153712
0.149905
0.146268
0.142793
0.13947
0.136291
0.133248
0.130335
0.127544
0.124869
0.122306
0.119848
0.11749
0.115228
0.113058
0.110975
0.108976
0.107057
0.105214
0.103445
0.101746
0.100116
0.0985507
0.0970494
0.0956094
0.0942294
0.0929076
0.0916432
0.0904346
0.0892818
0.0881839
0.0871415
0.0861539
0.0852209
0.0843423
0.0835205
0.0827597
0.0820628
0.0814407
0.0809061
0.0804707
0.0801126
0.0797955
0.0794953
0.0792069
0.0789279
0.0786691
0.0784468
0.0782717
0.0781452
0.0780453
0.0779685
0.0779193
0.0778842
0.077875
0.0778699
0.0778912
0.0779141
0.0779458
0.0779897
0.0780297
0.0780861
0.0781248
0.0781847
0.078225
0.0782801
0.0783077
0.0783596
0.0783686
0.0784187
0.0783975
0.0784567
0.0783882
0.0784818
0.0211183
0.0193008
0.0178176
0.0137616
0.01078
0.00701655
0.00439523
0.00211642
0.00125184
0.00141718
0.00318612
0.0074702
0.0124436
0.0195315
0.0284053
0.037891
0.0468599
0.0580689
0.0688589
0.0793576
0.0890912
0.0979603
0.106263
0.113513
0.119726
0.124834
0.129442
0.13271
0.135546
0.137355
0.138512
0.138823
0.139033
0.138357
0.137449
0.136328
0.134453
0.132941
0.131029
0.129314
0.127537
0.12558
0.12352
0.121492
0.11935
0.117253
0.114904
0.112508
0.109506
0.106763
0.103519
0.100151
0.0968364
0.0926039
0.0885104
0.084081
0.0797033
0.0749376
0.0702347
0.0654914
0.0607236
0.0558373
0.0509567
0.0461289
0.0415976
0.0372275
0.0328028
0.028706
0.024762
0.0214526
0.0180833
0.0149894
0.0122751
0.00987187
0.00781833
0.00606729
0.00467209
0.00354926
0.00280837
0.00221025
0.00198589
0.00217769
0.00247737
0.0030786
0.00382237
0.00485673
0.00595736
0.00738398
0.00873803
0.0105894
0.0121055
0.0140967
0.0158812
0.0183501
0.0198142
0.0226888
0.0239068
0.0210082
0.0193072
0.0178272
0.0137607
0.0107828
0.0070197
0.00439762
0.00211781
0.00125189
0.00141838
0.00320458
0.00744407
0.0124403
0.0195383
0.0283904
0.037892
0.047775
0.0577171
0.068853
0.0793539
0.0890897
0.09796
0.106262
0.113511
0.119726
0.124836
0.129442
0.132709
0.135544
0.137343
0.138513
0.138836
0.139034
0.138357
0.13745
0.136319
0.134455
0.132942
0.13103
0.129315
0.127538
0.125581
0.123522
0.121494
0.119352
0.117254
0.114906
0.112511
0.109508
0.106764
0.103514
0.100128
0.0969109
0.0926078
0.0885127
0.0840833
0.079701
0.0749387
0.0702407
0.065493
0.0607186
0.0558371
0.0509573
0.0461307
0.0415978
0.0372267
0.0328032
0.0287079
0.0247716
0.0214435
0.0180819
0.0149896
0.0122753
0.00987198
0.0078184
0.00606731
0.00467207
0.0035492
0.00280824
0.00221194
0.00199577
0.00217724
0.00247688
0.00307809
0.00382185
0.0048562
0.00595684
0.00738348
0.00873756
0.0105811
0.0121052
0.0141041
0.0158737
0.0183484
0.0198141
0.02269
0.0239062
0.021068
0.0193155
0.017837
0.0137733
0.0107926
0.00702637
0.00440189
0.00211881
0.00124904
0.00140969
0.00318891
0.00743977
0.0124349
0.019516
0.0283774
0.0378838
0.0477437
0.0578315
0.0688409
0.0793464
0.089083
0.0979534
0.106259
0.11351
0.119724
0.124834
0.129442
0.13271
0.135545
0.137347
0.138515
0.138835
0.139036
0.13836
0.137453
0.136324
0.134457
0.132944
0.131031
0.129316
0.12754
0.125583
0.123523
0.121495
0.119353
0.117255
0.114909
0.112512
0.10951
0.106764
0.103519
0.100135
0.0968654
0.0926083
0.0885152
0.0840857
0.079705
0.074941
0.070241
0.0654948
0.0607224
0.0558396
0.0509588
0.0461314
0.0415992
0.0372283
0.0328041
0.0287081
0.0247702
0.0214464
0.018083
0.0149901
0.0122756
0.0098722
0.00781852
0.00606735
0.00467203
0.00354909
0.00280797
0.00221136
0.0019936
0.00217699
0.0024766
0.00307781
0.00382156
0.00485593
0.00595657
0.00738323
0.00873735
0.0105822
0.0121049
0.0141026
0.0158746
0.0183482
0.0198138
0.0226898
0.0239062
0.021093
0.0193373
0.0178617
0.013799
0.0108134
0.00703999
0.00440981
0.00211904
0.00124069
0.00139025
0.00316331
0.00741849
0.0124164
0.019467
0.0283423
0.0378473
0.0476442
0.0578623
0.068813
0.0793264
0.089066
0.097937
0.106248
0.113505
0.119721
0.124831
0.129443
0.132711
0.135548
0.137352
0.138522
0.138839
0.139043
0.138367
0.137459
0.136332
0.134463
0.132949
0.131034
0.129319
0.127544
0.125587
0.123526
0.121497
0.119355
0.11726
0.114915
0.112516
0.109513
0.106765
0.103523
0.100141
0.0968486
0.0926114
0.0885214
0.0840919
0.0797123
0.0749464
0.0702448
0.0654998
0.0607284
0.0558452
0.0509626
0.0461338
0.0416024
0.0372322
0.0328063
0.0287091
0.0247714
0.0214492
0.0180852
0.0149913
0.0122765
0.00987283
0.00781893
0.00606755
0.00467206
0.00354892
0.00280742
0.00221023
0.00199262
0.00217647
0.00247604
0.00307726
0.00382102
0.00485544
0.00595609
0.00738282
0.00873707
0.0105819
0.0121042
0.0141021
0.0158743
0.0183478
0.0198134
0.0226895
0.0239062
0.021115
0.0193684
0.017907
0.0138458
0.0108505
0.00706403
0.00442319
0.00211835
0.00122481
0.00135732
0.003119
0.00736904
0.0123644
0.0193932
0.0282808
0.0377682
0.0475706
0.0578364
0.0687634
0.0792874
0.0890334
0.097906
0.106228
0.113494
0.119714
0.124826
0.129445
0.132715
0.135552
0.137362
0.138535
0.13885
0.139056
0.13838
0.13747
0.136345
0.134474
0.132959
0.13104
0.129324
0.127551
0.125594
0.123531
0.121504
0.119362
0.117271
0.114925
0.112526
0.109521
0.10677
0.103535
0.100137
0.0969248
0.0926187
0.0885328
0.0841034
0.0797251
0.0749567
0.070253
0.0655096
0.0607395
0.0558555
0.0509701
0.0461392
0.041609
0.0372394
0.0328107
0.0287118
0.0247745
0.0214543
0.0180893
0.0149936
0.0122784
0.00987407
0.00781972
0.00606792
0.00467206
0.00354849
0.00280626
0.00220804
0.00199097
0.00217538
0.00247485
0.0030761
0.00381989
0.00485445
0.00595514
0.00738202
0.00873654
0.0105814
0.0121029
0.0141012
0.0158738
0.0183472
0.0198126
0.0226888
0.0239061
0.02114
0.0194058
0.0179751
0.0139157
0.0109049
0.00709909
0.0044418
0.00211575
0.00119988
0.00130984
0.00305346
0.00728425
0.0122637
0.0192979
0.0281882
0.0376277
0.0474405
0.0577716
0.0686879
0.0792245
0.0889807
0.097857
0.106193
0.113472
0.119701
0.124818
0.129448
0.13272
0.135559
0.137377
0.138556
0.138869
0.139075
0.138399
0.137487
0.136364
0.13449
0.132972
0.13105
0.129331
0.127561
0.125605
0.12354
0.121514
0.119376
0.117286
0.114938
0.112544
0.109537
0.106783
0.103563
0.100146
0.0969377
0.0926308
0.0885504
0.0841212
0.0797445
0.074973
0.0702667
0.0655253
0.0607567
0.0558717
0.0509824
0.0461491
0.04162
0.0372507
0.0328183
0.0287172
0.0247804
0.0214624
0.0180955
0.0149974
0.0122813
0.009876
0.00782083
0.00606826
0.00467174
0.0035474
0.00280398
0.00220449
0.00198802
0.00217311
0.00247236
0.00307364
0.00381751
0.00485231
0.00595307
0.00738027
0.00873521
0.0105801
0.0121003
0.0140992
0.0158726
0.0183459
0.0198109
0.0226873
0.0239058
0.0211704
0.0194474
0.0180657
0.0140087
0.0109767
0.00714543
0.00446561
0.00211087
0.00116508
0.0012467
0.00296513
0.00715983
0.012115
0.0191797
0.028053
0.0374131
0.0472448
0.0576782
0.0685818
0.0791325
0.0889034
0.097786
0.10614
0.113436
0.11968
0.124807
0.12945
0.132727
0.135567
0.137395
0.138583
0.138894
0.139101
0.138424
0.13751
0.136389
0.134511
0.132991
0.131064
0.129341
0.127575
0.12562
0.123552
0.12153
0.119395
0.117305
0.114956
0.112572
0.109565
0.10681
0.103609
0.100178
0.0969358
0.0926485
0.0885751
0.0841466
0.0797715
0.0749966
0.0702874
0.0655483
0.0607812
0.0558946
0.0510008
0.0461646
0.0416363
0.0372668
0.0328299
0.0287264
0.0247899
0.0214737
0.018104
0.0150031
0.0122855
0.00987862
0.00782216
0.0060684
0.00467081
0.00354525
0.00280015
0.00219933
0.00198351
0.00216899
0.00246787
0.00306917
0.00381314
0.00484831
0.0059492
0.0073769
0.00873236
0.0105772
0.0120958
0.0140957
0.0158699
0.0183433
0.0198081
0.0226851
0.023905
0.0212075
0.0194918
0.0181779
0.0141249
0.0110666
0.00720412
0.00449535
0.00210406
0.00112027
0.00116723
0.0028528
0.00699316
0.0119263
0.0190337
0.0278622
0.0371267
0.0470264
0.0575532
0.0684395
0.0790055
0.0887955
0.0976881
0.106064
0.113382
0.119646
0.124788
0.129449
0.132733
0.135576
0.137417
0.138616
0.138927
0.139132
0.138453
0.137537
0.136421
0.134537
0.133014
0.131083
0.129353
0.127593
0.125641
0.12357
0.121552
0.11942
0.117327
0.114982
0.112612
0.109608
0.106852
0.103669
0.100228
0.0969406
0.0926735
0.0886086
0.0841811
0.0798078
0.0750289
0.0703168
0.0655803
0.0608144
0.0559257
0.0510264
0.0461873
0.0416593
0.0372886
0.0328463
0.0287403
0.024804
0.0214887
0.0181151
0.0150108
0.0122911
0.009882
0.00782366
0.00606813
0.00466897
0.00354166
0.00279429
0.00219222
0.00197701
0.00216238
0.00246072
0.00306201
0.00380613
0.00484178
0.00594287
0.00737127
0.00872738
0.0105718
0.0120888
0.0140904
0.0158651
0.018339
0.0198039
0.022682
0.0239035
0.021252
0.0195378
0.0183106
0.014264
0.0111754
0.00727649
0.00453221
0.00209639
0.00106617
0.00107172
0.00271631
0.0067847
0.011704
0.0188529
0.0276057
0.0367829
0.0467879
0.0573884
0.0682551
0.0788372
0.0886507
0.0975576
0.10596
0.113304
0.119596
0.124758
0.129442
0.132737
0.135584
0.137439
0.138652
0.138964
0.139168
0.138487
0.13757
0.13646
0.134568
0.133043
0.131106
0.12937
0.127615
0.125668
0.123594
0.12158
0.119451
0.117354
0.115017
0.112669
0.109668
0.10691
0.10374
0.100278
0.0969534
0.0927079
0.0886527
0.0842267
0.079855
0.0750718
0.0703569
0.065623
0.060858
0.0559665
0.0510611
0.0462188
0.0416905
0.0373174
0.0328688
0.02876
0.0248238
0.0215081
0.0181294
0.015021
0.0122985
0.00988626
0.00782529
0.00606731
0.00466595
0.00353625
0.00278601
0.00218274
0.00196804
0.00215267
0.00245027
0.00305152
0.00379585
0.00483209
0.00593348
0.00736282
0.00871969
0.0105634
0.0120789
0.0140829
0.0158578
0.0183325
0.0197979
0.0226778
0.0239011
0.0213042
0.0195852
0.0184609
0.0144241
0.0113028
0.00736395
0.00457775
0.00208973
0.00100464
0.000961695
0.00255705
0.00653789
0.0114499
0.0186291
0.0272806
0.0363956
0.0465129
0.0571762
0.068023
0.0786213
0.0884624
0.0973883
0.10582
0.113193
0.119521
0.124711
0.129423
0.132734
0.135587
0.137458
0.138689
0.139003
0.139206
0.138525
0.137608
0.136504
0.134606
0.133079
0.131135
0.129391
0.127643
0.1257
0.123626
0.121615
0.119489
0.11739
0.115066
0.112742
0.109744
0.10698
0.103817
0.100329
0.0969752
0.0927543
0.0887097
0.0842856
0.0799154
0.0751278
0.0704101
0.0656787
0.0609141
0.0560191
0.0511066
0.0462609
0.0417314
0.0373545
0.0328987
0.0287869
0.0248504
0.0215326
0.0181472
0.0150343
0.0123078
0.00989156
0.0078271
0.00606587
0.00466156
0.00352877
0.00277495
0.00217058
0.00195619
0.00213932
0.00243597
0.00303715
0.00378174
0.00481873
0.00592053
0.00735105
0.00870883
0.0105514
0.0120657
0.0140728
0.0158476
0.0183237
0.01979
0.0226725
0.0238976
0.0213636
0.0196345
0.0186237
0.0146013
0.0114479
0.0074676
0.00463372
0.00208674
0.000938632
0.000839914
0.00237804
0.0062583
0.011164
0.0183557
0.0268916
0.0359731
0.0461919
0.05691
0.0677372
0.0783512
0.0882232
0.0971733
0.105637
0.113043
0.119413
0.124639
0.129384
0.132717
0.13558
0.137469
0.138723
0.139042
0.139244
0.138565
0.137651
0.136553
0.134651
0.13312
0.13117
0.129419
0.127677
0.12574
0.123667
0.121661
0.119536
0.117436
0.11513
0.112832
0.109837
0.107058
0.1039
0.100391
0.0970088
0.0928153
0.0887817
0.0843603
0.0799911
0.0751991
0.0704791
0.0657498
0.0609847
0.0560851
0.0511651
0.0463158
0.0417838
0.0374011
0.0329374
0.0288223
0.0248851
0.0215629
0.0181692
0.0150512
0.0123195
0.00989814
0.00782919
0.00606379
0.00465571
0.00351907
0.00276093
0.00215554
0.00194122
0.002122
0.00241748
0.00301854
0.00376345
0.00480131
0.00590367
0.00733559
0.00869447
0.0105356
0.0120489
0.0140599
0.0158341
0.018312
0.01978
0.0226657
0.0238927
0.0214282
0.0196884
0.0187909
0.014789
0.0116075
0.0075878
0.00470165
0.00209054
0.000871848
0.000710249
0.00218356
0.00595255
0.0108469
0.0180293
0.0264484
0.0355193
0.0458189
0.0565834
0.0673922
0.0780201
0.0879252
0.0969052
0.105402
0.112843
0.119263
0.124532
0.129313
0.132676
0.135554
0.137466
0.138746
0.139074
0.13928
0.138607
0.137697
0.136605
0.134702
0.133169
0.131211
0.129456
0.127719
0.125787
0.12372
0.121717
0.119593
0.117495
0.11521
0.112934
0.109943
0.107145
0.103991
0.100467
0.0970576
0.0928939
0.0888715
0.0844533
0.0800846
0.0752884
0.0705667
0.0658386
0.0610718
0.0561666
0.0512385
0.0463854
0.0418493
0.0374585
0.0329862
0.0288675
0.024929
0.0215995
0.0181957
0.015072
0.012334
0.00990626
0.00783175
0.0060612
0.00464844
0.00350717
0.00274391
0.00213765
0.00192309
0.00210056
0.00239466
0.00299552
0.00374078
0.00477963
0.0058827
0.0073162
0.00867639
0.0105157
0.0120285
0.0140441
0.0158172
0.0182974
0.0197675
0.0226572
0.023886
0.0214942
0.0197516
0.0189501
0.0149772
0.0117759
0.00772336
0.0047821
0.00210405
0.000808013
0.000576995
0.00197836
0.00562692
0.0105004
0.0176497
0.0259608
0.0350352
0.0453894
0.0561901
0.0669819
0.0776208
0.0875598
0.0965749
0.105104
0.112582
0.119058
0.124377
0.129198
0.132599
0.135498
0.137436
0.138749
0.139094
0.139306
0.138645
0.137743
0.136656
0.13476
0.133225
0.131261
0.129504
0.12777
0.125845
0.123786
0.121788
0.119664
0.117569
0.115305
0.113044
0.110061
0.107242
0.104094
0.100562
0.0971255
0.0929933
0.0889814
0.0845672
0.080198
0.0753984
0.0706756
0.0659474
0.0611772
0.0562653
0.0513286
0.0464716
0.0419292
0.0375277
0.0330464
0.0289237
0.024983
0.0216427
0.0182271
0.0150972
0.0123515
0.00991624
0.00783502
0.00605833
0.00463994
0.00349324
0.00272403
0.00211709
0.00190195
0.00207507
0.00236756
0.00296812
0.00371373
0.00475363
0.00585754
0.00729273
0.00865445
0.0104915
0.0120043
0.0140252
0.0157968
0.0182794
0.0197522
0.0226469
0.0238772
0.0215564
0.0198295
0.0190856
0.015152
0.0119435
0.00787024
0.00487333
0.00212868
0.000749506
0.000443269
0.00176615
0.00528563
0.0101268
0.0172185
0.0254349
0.0345184
0.0448989
0.0557231
0.0664996
0.0771454
0.0871176
0.0961725
0.104732
0.112248
0.118784
0.124159
0.129021
0.132469
0.135395
0.137367
0.138718
0.13909
0.139314
0.138675
0.137784
0.136702
0.134823
0.133287
0.131319
0.129565
0.127833
0.125914
0.123868
0.121873
0.119751
0.117658
0.115414
0.11316
0.11019
0.107353
0.104212
0.100678
0.0972163
0.0931166
0.089114
0.0847045
0.0803336
0.0755317
0.0708084
0.066078
0.0613024
0.0563825
0.0514373
0.0465761
0.0420247
0.0376095
0.0331189
0.028992
0.0250479
0.0216926
0.0182637
0.0151273
0.0123724
0.00992843
0.00783934
0.00605548
0.00463046
0.00347758
0.00270159
0.00209419
0.00187808
0.00204573
0.00233637
0.00293646
0.00368236
0.00472329
0.00582817
0.00726503
0.0086285
0.010463
0.0119764
0.014003
0.0157725
0.0182578
0.0197338
0.0226342
0.0238657
0.0216109
0.0199213
0.0191763
0.0152961
0.0120953
0.00801966
0.0049692
0.00216203
0.00069505
0.00030851
0.00154707
0.00492918
0.00972546
0.0167357
0.0248711
0.0339632
0.0443423
0.055175
0.0659375
0.0765853
0.0865882
0.0956867
0.104274
0.111828
0.118426
0.123864
0.128765
0.132269
0.135228
0.137239
0.138636
0.139046
0.139288
0.138683
0.13781
0.136736
0.134886
0.133351
0.131387
0.129638
0.127908
0.125997
0.123967
0.121976
0.119854
0.117764
0.115536
0.113281
0.110331
0.107483
0.10435
0.100819
0.0973337
0.0932668
0.0892716
0.0848674
0.0804933
0.0756907
0.0709673
0.0662323
0.0614488
0.0565196
0.0515659
0.0467002
0.0421367
0.0377044
0.033205
0.0290731
0.0251243
0.0217492
0.0183055
0.0151624
0.012397
0.00994321
0.00784508
0.00605302
0.00462037
0.00346056
0.00267693
0.00206933
0.00185181
0.00201278
0.00230133
0.00290068
0.00364673
0.00468857
0.00579448
0.00723286
0.00859827
0.0104298
0.0119443
0.0139772
0.015744
0.0182321
0.0197119
0.0226187
0.023851
0.0216585
0.0200113
0.019193
0.0153873
0.0122085
0.00815508
0.00505592
0.00219437
0.000635936
0.000164748
0.00131351
0.00455078
0.00928887
0.0161975
0.0242622
0.033359
0.0437123
0.0545367
0.0652869
0.0759309
0.0859605
0.0951055
0.103718
0.111309
0.11797
0.123475
0.128413
0.131981
0.134977
0.137031
0.138479
0.138942
0.139208
0.138652
0.137807
0.136746
0.13494
0.133411
0.131461
0.129721
0.127994
0.126096
0.124085
0.122098
0.119978
0.117887
0.11567
0.113409
0.110488
0.107634
0.10451
0.100988
0.097481
0.0934464
0.0894562
0.085058
0.0806789
0.0758778
0.0711541
0.0664113
0.061617
0.0566774
0.0517157
0.0468451
0.0422658
0.0378131
0.0333054
0.0291677
0.0252123
0.0218124
0.018353
0.0152031
0.0124258
0.00996099
0.0078526
0.00605134
0.00460998
0.00344254
0.00265042
0.00204289
0.0018234
0.00197637
0.00226258
0.00286079
0.00360678
0.00464925
0.00575619
0.0071958
0.00856332
0.0103913
0.0119079
0.0139473
0.0157111
0.0182018
0.0196858
0.0226
0.0238322
0.0217072
0.0200691
0.0190962
0.0153965
0.0122498
0.00824811
0.00510695
0.00220255
0.000549494
-1.02101e-05
0.00104372
0.00413038
0.00879817
0.0155907
0.0235908
0.0326891
0.0429982
0.0537986
0.0645379
0.0751715
0.085223
0.0944175
0.103052
0.11068
0.117402
0.122976
0.127947
0.131586
0.134624
0.136723
0.138224
0.138753
0.139048
0.138555
0.137748
0.136713
0.134969
0.133456
0.131534
0.129807
0.128088
0.126208
0.124222
0.122242
0.120126
0.118033
0.115819
0.113548
0.110663
0.107809
0.104695
0.101186
0.0976611
0.0936576
0.0896692
0.0852778
0.0808916
0.0760945
0.0713699
0.0666157
0.0618076
0.0568568
0.0518876
0.0470115
0.0424123
0.0379362
0.0334211
0.0292762
0.0253122
0.0218823
0.0184067
0.0152496
0.012459
0.00998223
0.00786233
0.00605082
0.00459962
0.00342388
0.00262237
0.00201513
0.00179294
0.0019365
0.00222009
0.00281663
0.00356226
0.00460489
0.00571283
0.00715318
0.00852295
0.0103469
0.0118665
0.0139126
0.0156729
0.0181661
0.019655
0.0225773
0.0238083
0.0217626
0.0200516
0.0188393
0.0152839
0.0121707
0.0082523
0.0050763
0.00214202
0.000390741
-0.00026107
0.000693389
0.00362652
0.00821714
0.0148858
0.0228285
0.0319303
0.0421841
0.0529479
0.0636774
0.074296
0.084365
0.0936116
0.102266
0.109931
0.116708
0.122353
0.127353
0.131069
0.134151
0.1363
0.137848
0.138454
0.138781
0.138363
0.137605
0.136609
0.134949
0.133463
0.13159
0.129885
0.128179
0.12633
0.124377
0.122409
0.120302
0.118205
0.115988
0.113702
0.110861
0.108011
0.104908
0.101415
0.0978759
0.0939017
0.0899116
0.0855278
0.0811323
0.0763423
0.0716152
0.0668459
0.0620209
0.0570584
0.0520824
0.0471998
0.0425766
0.0380746
0.0335531
0.0293991
0.025424
0.0219589
0.0184671
0.0153026
0.0124972
0.0100074
0.00787469
0.00605186
0.00458956
0.00340483
0.00259299
0.00198617
0.00176032
0.00189298
0.00217362
0.00276777
0.00351267
0.00455481
0.00566366
0.00710409
0.0084763
0.0102956
0.0118193
0.0138721
0.0156289
0.0181243
0.0196186
0.02255
0.0237782
0.0218008
0.0198913
0.0183683
0.0149919
0.0119041
0.00809579
0.00488992
0.00193635
8.163e-05
-0.000666488
0.000183573
0.00296566
0.00748153
0.0140296
0.0219304
0.0310411
0.0412414
0.0519638
0.0626885
0.0732922
0.0833764
0.092677
0.101351
0.109053
0.115878
0.121596
0.126621
0.130419
0.133545
0.135747
0.137338
0.138024
0.138381
0.138045
0.137343
0.136397
0.134841
0.133399
0.131599
0.12993
0.128251
0.126447
0.124542
0.122598
0.12051
0.118411
0.116187
0.113882
0.111084
0.10824
0.105148
0.101677
0.0981259
0.0941787
0.0901833
0.085808
0.0814011
0.0766212
0.0718895
0.0671017
0.0622567
0.0572823
0.0523001
0.0474101
0.042759
0.038229
0.033702
0.0295364
0.0255478
0.0220425
0.0185351
0.0153624
0.012541
0.0100371
0.00789005
0.00605475
0.00457999
0.00338558
0.0025624
0.00195592
0.00172524
0.00184543
0.00212275
0.0027136
0.00345732
0.0044981
0.00560775
0.00704742
0.00842228
0.0102363
0.0117654
0.0138249
0.015578
0.0180753
0.0195756
0.0225171
0.0237403
0.0217357
0.0194866
0.01762
0.0144377
0.0113596
0.00767354
0.00443604
0.00146451
-0.000503187
-0.00135479
-0.000613844
0.00202813
0.00648215
0.012931
0.0208177
0.0299544
0.0401236
0.050816
0.0615471
0.0721425
0.0822435
0.0915996
0.100293
0.108035
0.114903
0.120694
0.125739
0.129623
0.132793
0.135052
0.136681
0.13745
0.137835
0.137577
0.136936
0.136043
0.134606
0.133221
0.131519
0.129904
0.12827
0.126535
0.1247
0.122802
0.120752
0.118657
0.116424
0.114095
0.111339
0.108499
0.105417
0.101969
0.0984094
0.0944868
0.0904828
0.0861169
0.0816969
0.0769299
0.0721906
0.0673815
0.0625142
0.0575281
0.0525401
0.0476411
0.042959
0.0383997
0.033868
0.0296875
0.025683
0.0221334
0.0186112
0.0154294
0.0125903
0.0100714
0.00790848
0.00605954
0.00457087
0.00336611
0.0025305
0.00192402
0.00168707
0.00179325
0.00206683
0.00265326
0.00339528
0.00443363
0.00554396
0.00698182
0.00835966
0.0101676
0.0117037
0.0137694
0.0155192
0.0180179
0.0195251
0.0224777
0.0236929
0.0213927
0.0187151
0.0165243
0.0135144
0.010424
0.0068442
0.00355874
0.000550889
-0.00154906
-0.0025184
-0.00189131
0.000632309
0.00505295
0.0114515
0.0193734
0.0285758
0.0387591
0.0494535
0.0602104
0.0708141
0.0809401
0.0903551
0.0990729
0.10686
0.113765
0.11963
0.124695
0.128666
0.131879
0.1342
0.135866
0.136718
0.137131
0.136946
0.136363
0.13552
0.134208
0.132889
0.131302
0.129756
0.12819
0.126548
0.124814
0.122999
0.121016
0.118944
0.116707
0.114352
0.111627
0.108786
0.105709
0.102289
0.0987221
0.0948208
0.090806
0.0864507
0.0820162
0.0772642
0.0725143
0.0676821
0.0627908
0.0577938
0.0528
0.0478905
0.0431748
0.0385856
0.0340495
0.0298505
0.0258279
0.0222309
0.0186951
0.0155026
0.0126448
0.0101096
0.00792941
0.00606568
0.00456159
0.00334587
0.00249669
0.00188958
0.00164477
0.00173548
0.00200484
0.00258555
0.00332534
0.00436002
0.00547093
0.00690577
0.00828708
0.0100882
0.0116329
0.0137042
0.0154513
0.0179507
0.0194657
0.0224308
0.0236338
0.0204819
0.0174698
0.0150105
0.012111
0.00897523
0.00544428
0.00206686
-0.00102847
-0.00329808
-0.00441343
-0.00390644
-0.00146622
0.00297196
0.009403
0.0174386
0.026772
0.0370374
0.0477889
0.0586072
0.0692474
0.0794167
0.0888982
0.0976494
0.105488
0.112434
0.118372
0.123462
0.127517
0.130775
0.133163
0.134867
0.135804
0.136249
0.136133
0.135609
0.134813
0.133616
0.132366
0.1309
0.129442
0.127959
0.126428
0.124831
0.123141
0.121269
0.11925
0.117026
0.114648
0.111947
0.109097
0.10602
0.102623
0.0990532
0.0951719
0.0911449
0.0868012
0.0823518
0.077616
0.0728526
0.0679969
0.063081
0.0580741
0.0530742
0.0481529
0.0434024
0.0387835
0.0342424
0.0300209
0.0259787
0.0223328
0.0187847
0.0155796
0.0127021
0.01015
0.00795104
0.00607152
0.00455063
0.00332345
0.00245963
0.00185097
0.00159662
0.00167064
0.00193531
0.00250889
0.00324596
0.00427559
0.00538706
0.00681751
0.00820301
0.00999646
0.0115518
0.0136275
0.0153732
0.0178724
0.0193964
0.0223752
0.0235607
0.0187674
0.0156626
0.0130457
0.0101656
0.00692367
0.00333286
-0.000225597
-0.00350647
-0.00601629
-0.00732621
-0.00694648
-0.00453889
-3.22707e-06
0.00657933
0.0148381
0.0243963
0.034835
0.0457163
0.0566457
0.0673613
0.0775995
0.087158
0.0959565
0.103855
0.110849
0.116862
0.121986
0.126123
0.12943
0.131886
0.133634
0.134654
0.135144
0.1351
0.134641
0.133894
0.132807
0.131626
0.130274
0.128912
0.127534
0.126127
0.124682
0.123157
0.121441
0.119518
0.11734
0.114956
0.112274
0.109413
0.106331
0.102955
0.0993836
0.0955209
0.0914841
0.0871537
0.0826903
0.0779704
0.0731921
0.0683141
0.0633749
0.0583593
0.0533526
0.0484184
0.0436344
0.0389868
0.03444
0.0301924
0.0261298
0.0224354
0.0188764
0.0156571
0.0127596
0.0101898
0.00797115
0.00607515
0.00453635
0.00329735
0.00241795
0.00180653
0.00154107
0.0015975
0.00185698
0.0024219
0.00315577
0.00417884
0.00529093
0.00671545
0.00810609
0.00989094
0.0114591
0.0135376
0.0152836
0.0177814
0.0193158
0.0223097
0.0234706
0.0162605
0.0134014
0.0107942
0.00784313
0.00438755
0.000567644
-0.00333315
-0.00695598
-0.00981676
-0.0113878
-0.0111403
-0.00869726
-0.00395619
0.00292258
0.0115315
0.0214198
0.032122
0.043198
0.0542799
0.0651047
0.0754283
0.0850658
0.093919
0.101881
0.108929
0.115012
0.120178
0.124389
0.127748
0.130273
0.132072
0.133172
0.133718
0.133752
0.13337
0.132688
0.13171
0.130607
0.12937
0.128114
0.126855
0.125589
0.124306
0.122964
0.121435
0.119647
0.117556
0.115203
0.112551
0.10969
0.106605
0.103249
0.0996825
0.0958375
0.0917961
0.0874796
0.0830068
0.0783016
0.0735102
0.0686136
0.0636542
0.0586311
0.0536178
0.0486709
0.0438566
0.0391825
0.0346286
0.0303534
0.0262703
0.0225304
0.018961
0.0157262
0.0128094
0.010222
0.00798345
0.00607077
0.00451361
0.00326264
0.00236722
0.00175166
0.00147388
0.00151245
0.00176623
0.00232124
0.00305147
0.00406672
0.00517946
0.0065968
0.00799354
0.00976922
0.011352
0.0134316
0.0151799
0.0176751
0.0192211
0.022232
0.0233588
0.0141801
0.0117056
0.00923505
0.00614587
0.00233244
-0.00188558
-0.00628893
-0.0103906
-0.0136933
-0.0155628
-0.0154287
-0.0128846
-0.00786953
-0.000629557
0.00835673
0.0185769
0.0295324
0.0407874
0.0520024
0.0629235
0.073319
0.0830205
0.0919291
0.0999512
0.107055
0.113201
0.11842
0.122699
0.126118
0.12871
0.13057
0.131746
0.132359
0.132472
0.132175
0.131574
0.1307
0.129689
0.128563
0.127411
0.126262
0.125117
0.123965
0.122764
0.121368
0.119687
0.117676
0.115365
0.112748
0.109893
0.106808
0.10346
0.0998921
0.0960502
0.0919992
0.0876839
0.0832004
0.0784981
0.0736926
0.0687774
0.0637992
0.0587668
0.0537458
0.0487874
0.0439496
0.0392554
0.0346943
0.0303985
0.0262991
0.0225273
0.0189513
0.0157065
0.0127767
0.0101778
0.00792615
0.00600281
0.00443383
0.00317574
0.00227019
0.00165322
0.00136719
0.00139345
0.0016443
0.00219292
0.00292175
0.0039321
0.005047
0.00645973
0.0078636
0.00963305
0.011231
0.0133124
0.0150642
0.0175585
0.0191149
0.0221475
0.0232295
0.0133844
0.0111842
0.00882784
0.00561162
0.00135038
-0.00331858
-0.00826593
-0.0128368
-0.0165554
-0.0186887
-0.0186456
-0.0160058
-0.0107692
-0.00325998
0.00598052
0.0164048
0.0275036
0.038852
0.0501332
0.0611017
0.0715394
0.0812833
0.0902351
0.0983081
0.105466
0.111673
0.116951
0.121299
0.124784
0.127446
0.129373
0.130626
0.13131
0.131502
0.131289
0.130771
0.129993
0.129072
0.128043
0.126984
0.125926
0.12487
0.123804
0.122686
0.121362
0.11975
0.117798
0.115524
0.112933
0.110082
0.106989
0.103634
0.100049
0.0961942
0.092123
0.0877951
0.0832911
0.0785777
0.0737512
0.0688138
0.063814
0.0587679
0.0537352
0.0487641
0.0439072
0.0391967
0.0346289
0.0303174
0.0262076
0.0224144
0.0188361
0.0155863
0.0126507
0.010047
0.00778946
0.00586224
0.00428825
0.00302926
0.00211987
0.00150541
0.00121636
0.00123631
0.00148822
0.00203418
0.00276513
0.00377345
0.00489337
0.00630348
0.00771694
0.00948164
0.0110962
0.0131784
0.014937
0.0174286
0.0189973
0.0220516
0.0230849
0.0135949
0.0115458
0.00921957
0.00593863
0.00113051
-0.00400095
-0.00950394
-0.0145007
-0.018586
-0.02092
-0.0209223
-0.0181802
-0.0127713
-0.00508673
0.00428799
0.0147946
0.0259338
0.0372952
0.0485852
0.0595605
0.0700071
0.0797713
0.0887533
0.0968686
0.104076
0.110343
0.115683
0.120101
0.123657
0.126395
0.128398
0.129733
0.130498
0.130775
0.130652
0.130225
0.129546
0.128718
0.127785
0.126815
0.12584
0.124857
0.123852
0.122777
0.121486
0.119909
0.117987
0.115731
0.113149
0.110291
0.107179
0.103801
0.100187
0.0963052
0.0922019
0.087848
0.083313
0.0785768
0.073722
0.0687576
0.0637327
0.0586683
0.0536204
0.0486351
0.0437611
0.0390362
0.0344623
0.0301383
0.0260222
0.0222147
0.0186374
0.0153866
0.0124504
0.00984692
0.0075889
0.00566309
0.00408936
0.00283424
0.00192572
0.00131699
0.00102901
0.00104718
0.00130337
0.00184962
0.00258552
0.00359403
0.00472134
0.00613034
0.0075556
0.00931663
0.0109496
0.0130311
0.0148002
0.017287
0.0188704
0.0219455
0.0229271
0.0144677
0.0125463
0.0101544
0.00692936
0.00146623
-0.00412469
-0.0101737
-0.0155322
-0.0199177
-0.0223751
-0.0223763
-0.0195383
-0.0140223
-0.00626431
0.00313149
0.0136179
0.0247136
0.0360283
0.0472875
0.058244
0.0686802
0.0784539
0.0874609
0.0956162
0.102875
0.109203
0.11461
0.119103
0.122737
0.125558
0.127647
0.129071
0.129927
0.130299
0.130273
0.129942
0.129365
0.128634
0.127795
0.126912
0.126008
0.125083
0.124119
0.123058
0.121773
0.1202
0.118279
0.116019
0.113426
0.110545
0.1074
0.103986
0.100328
0.0964051
0.0922568
0.0878637
0.0832873
0.0785176
0.0736274
0.0686306
0.0635763
0.0584895
0.053423
0.0484218
0.0435316
0.0387935
0.0342141
0.0298802
0.025761
0.0219446
0.0183712
0.0151228
0.0121902
0.00959129
0.00733724
0.00541709
0.00384785
0.00260032
0.00169651
0.00109623
0.000812654
0.000832572
0.00109555
0.00164436
0.00238738
0.0033977
0.00453421
0.00594314
0.00738191
0.0091399
0.0107926
0.0128719
0.0146548
0.0171342
0.0187353
0.021829
0.0227561
0.0156934
0.0139232
0.0114005
0.00839325
0.00216414
-0.00387022
-0.0104419
-0.0160903
-0.0207015
-0.0232091
-0.0231795
-0.0202717
-0.014724
-0.00698896
0.00233539
0.0127283
0.0237243
0.0349603
0.0461692
0.0570923
0.067513
0.0772962
0.0863313
0.0945313
0.101847
0.108243
0.113725
0.118302
0.122023
0.124937
0.127121
0.128645
0.129603
0.130078
0.130157
0.129929
0.129457
0.128824
0.128078
0.127275
0.126435
0.125553
0.12461
0.123541
0.122237
0.12064
0.118695
0.116406
0.113783
0.110862
0.107669
0.104202
0.100487
0.096509
0.0923031
0.0878585
0.0832308
0.0784178
0.0734849
0.0684502
0.0633621
0.0582487
0.0531606
0.0481417
0.0432357
0.0384852
0.0339007
0.0295593
0.0254395
0.0216184
0.0180516
0.0148086
0.0118832
0.00929238
0.007046
0.00513499
0.00357371
0.00233673
0.00144064
0.000850886
0.000574287
0.000598555
0.000870163
0.00142317
0.00217489
0.00318804
0.00433512
0.00574449
0.00719813
0.00895308
0.0106268
0.0127018
0.014502
0.0169702
0.0185928
0.021701
0.0225727
0.0170345
0.0154495
0.0127697
0.0101797
0.00309902
-0.00335958
-0.0104237
-0.0162876
-0.0210511
-0.0235586
-0.023497
-0.0205682
-0.0150681
-0.00743862
0.00174579
0.0119965
0.0228622
0.0340074
0.0451615
0.0560487
0.0664609
0.0762626
0.0853361
0.0935916
0.100975
0.10745
0.113018
0.117689
0.121509
0.124526
0.126817
0.128451
0.129521
0.130109
0.1303
0.130182
0.129816
0.129282
0.128624
0.127896
0.127108
0.126255
0.125314
0.124216
0.122872
0.121229
0.119237
0.116899
0.114225
0.111247
0.107991
0.104458
0.100673
0.0966256
0.0923509
0.087844
0.083156
0.0782913
0.0733093
0.0682316
0.0631059
0.0579626
0.0528504
0.0478125
0.0428908
0.0381287
0.0335398
0.0291929
0.0250745
0.0212524
0.0176941
0.0144591
0.0115438
0.00896393
0.00672804
0.00482889
0.00327815
0.00205377
0.00116755
0.000589677
0.000321774
0.000352125
0.000633427
0.00119154
0.00195283
0.00296924
0.00412756
0.0055374
0.0070066
0.00875808
0.0104534
0.0125218
0.0143422
0.0167954
0.0184432
0.0215597
0.0223786
0.0183254
0.0169683
0.0141448
0.0121998
0.00423127
-0.00265417
-0.0101716
-0.016184
-0.0210496
-0.0235464
-0.0234849
-0.0206018
-0.0152264
-0.00776815
0.00123171
0.0113134
0.022041
0.0330998
0.0442041
0.0550649
0.0654845
0.0753202
0.084448
0.0927739
0.10024
0.106808
0.112476
0.117253
0.121184
0.124316
0.126724
0.128479
0.12967
0.130378
0.130688
0.130683
0.130425
0.129988
0.129413
0.12875
0.128003
0.127165
0.126207
0.125066
0.123663
0.121954
0.119894
0.117488
0.114747
0.111698
0.108364
0.104753
0.100885
0.0967584
0.0924056
0.0878276
0.0830721
0.078149
0.0731129
0.0679885
0.0628223
0.0576469
0.052509
0.0474515
0.0425146
0.0377415
0.0331491
0.0287986
0.0246835
0.0208629
0.017315
0.01409
0.0111867
0.00861992
0.00639653
0.00451111
0.00297261
0.00176198
0.000886778
0.00032129
6.2925e-05
0.000100174
0.000391412
0.000954811
0.00172574
0.00274524
0.00391474
0.00532462
0.00680928
0.00855653
0.0102734
0.0123326
0.0141755
0.0166093
0.0182863
0.0214029
0.0221748
0.0194715
0.0183863
0.0154817
0.0144045
0.00555438
-0.00176988
-0.00969839
-0.0158171
-0.0207727
-0.0232874
-0.0232838
-0.0205212
-0.015338
-0.00809763
0.00069378
0.0105978
0.0211965
0.0321841
0.0432505
0.0541038
0.064552
0.0744417
0.0836427
0.0920569
0.0996221
0.106298
0.11208
0.116977
0.121031
0.12429
0.126826
0.128711
0.13003
0.130866
0.131298
0.131408
0.131256
0.130911
0.130412
0.129804
0.129085
0.128247
0.127258
0.126058
0.124582
0.122791
0.12065
0.118162
0.115338
0.112204
0.108782
0.10508
0.101121
0.0969069
0.0924691
0.0878139
0.0829859
0.0779999
0.0729066
0.0677332
0.0625251
0.0573163
0.0521523
0.0470751
0.0421239
0.0373411
0.0327461
0.0283937
0.0242832
0.0204664
0.0169302
0.0137165
0.0108266
0.00827394
0.00606424
0.00419354
0.00266808
0.00147139
0.000607375
5.38963e-05
-0.000195012
-0.000150932
0.00014962
0.000717762
0.00149758
0.00251942
0.0036992
0.00510828
0.00660736
0.0083494
0.0100866
0.0121345
0.0140006
0.0164115
0.0181203
0.021228
0.0219619
0.0204337
0.0196665
0.0167844
0.0167331
0.00705032
-0.000711585
-0.00901632
-0.0152298
-0.0202939
-0.0228813
-0.0230047
-0.0204335
-0.0154955
-0.00850114
7.4355e-05
0.00980673
0.0202965
0.0312327
0.0422785
0.0531474
0.0636469
0.0736109
0.082904
0.0914233
0.0991028
0.1059
0.111808
0.116836
0.121023
0.124418
0.127091
0.129112
0.130565
0.131531
0.132086
0.132309
0.132259
0.131999
0.131566
0.131002
0.130299
0.129448
0.128413
0.127145
0.125588
0.123706
0.121472
0.118891
0.115974
0.112745
0.109226
0.105428
0.101372
0.0970658
0.0925397
0.0878044
0.0829021
0.0778516
0.0727006
0.067478
0.0622284
0.0569871
0.0517978
0.0467021
0.0417381
0.0369471
0.0323508
0.0279981
0.0238936
0.0200823
0.0165582
0.0133567
0.0104806
0.00794217
0.00574648
0.00389053
0.0023779
0.00119422
0.00034041
-0.000202482
-0.000443083
-0.000393259
-8.5022e-05
0.000486462
0.0012734
0.00229613
0.00348428
0.00489119
0.00640248
0.00813808
0.00989296
0.0119277
0.0138158
0.0162014
0.0179423
0.0210332
0.0217387
0.0212083
0.0208045
0.0181008
0.019067
0.00866811
0.000498766
-0.00815243
-0.0144773
-0.0196864
-0.0224127
-0.0227311
-0.0204106
-0.0157541
-0.00901808
-0.000654181
0.00892456
0.0193309
0.0302358
0.0412826
0.0521916
0.0627639
0.0728214
0.0822233
0.0908623
0.0986686
0.105598
0.111642
0.116808
0.121135
0.124671
0.127484
0.129644
0.131232
0.132326
0.133002
0.133333
0.133377
0.133192
0.132813
0.132279
0.131581
0.130704
0.129617
0.128276
0.126632
0.124655
0.122324
0.119644
0.116627
0.113298
0.109677
0.105779
0.101625
0.0972267
0.0926131
0.0877986
0.0828237
0.0777103
0.0725037
0.0672344
0.0619459
0.0566743
0.0514622
0.0463503
0.0413757
0.0365787
0.0319824
0.0276311
0.0235337
0.0197291
0.0162171
0.0130277
0.0101651
0.00764006
0.00545771
0.00361557
0.00211449
0.000941706
9.60796e-05
-0.000438661
-0.000673151
-0.00061965
-0.000306371
0.000266232
0.00105748
0.00207902
0.00327243
0.00467547
0.00619526
0.0079233
0.00969117
0.0117123
0.0136172
0.0159797
0.0177443
0.0208225
0.0214932
0.0218158
0.0218112
0.0194681
0.0212617
0.0103423
0.00183878
-0.00714176
-0.0136404
-0.0190652
-0.0220248
-0.0226223
-0.0206147
-0.0162718
-0.00979854
-0.00163303
0.00782282
0.0181809
0.0290864
0.040173
0.0511625
0.0618455
0.0720324
0.0815769
0.0903671
0.0983298
0.105419
0.111624
0.116953
0.121442
0.125138
0.128107
0.13042
0.132153
0.133383
0.134182
0.134621
0.134755
0.134638
0.134304
0.133788
0.133081
0.132166
0.131013
0.129587
0.127844
0.125761
0.123319
0.120526
0.117396
0.113952
0.110217
0.106206
0.101943
0.0974416
0.0927309
0.0878277
0.0827718
0.0775875
0.0723183
0.0669959
0.0616631
0.0563561
0.0511167
0.0459847
0.0409965
0.0361909
0.0315922
0.0272409
0.0231488
0.0193505
0.0158493
0.0126714
0.00982156
0.00730982
0.00514104
0.00331272
0.00182311
0.00066085
-0.000176097
-0.000702575
-0.000930528
-0.000872513
-0.00055411
2.06754e-05
0.00081608
0.00183783
0.00303568
0.00443699
0.00596297
0.00768701
0.00946288
0.0114774
0.0133886
0.0157463
0.0175045
0.0206188
0.0211915
0.0222884
0.0227331
0.0208292
0.0232637
0.0120294
0.00328175
-0.00602883
-0.0128074
-0.0185497
-0.0218578
-0.0228251
-0.0211863
-0.0171781
-0.0109622
-0.00297076
0.00640263
0.0167551
0.0277051
0.0388825
0.0500045
0.0608473
0.0712112
0.0809434
0.089928
0.0980882
0.105376
0.11178
0.117306
0.121989
0.125875
0.129027
0.131514
0.133411
0.134791
0.135723
0.136275
0.136499
0.136447
0.136149
0.13564
0.13491
0.13394
0.132705
0.131175
0.129315
0.127104
0.124531
0.121605
0.118341
0.114764
0.110895
0.106754
0.102363
0.0977402
0.0929148
0.0879062
0.0827535
0.0774835
0.0721382
0.0667503
0.0613619
0.0560096
0.0507341
0.0455744
0.0405662
0.035747
0.0311415
0.0267873
0.0226983
0.0189052
0.0154137
0.0122468
0.00941014
0.00691316
0.0047597
0.00294613
0.00146925
0.000319745
-0.000505781
-0.00102149
-0.00124013
-0.00117456
-0.000848375
-0.000268301
0.000533739
0.00155883
0.0027631
0.00416586
0.00569911
0.00742247
0.0092063
0.011218
0.0131351
0.0154922
0.0172444
0.0203918
0.0208836
0.0226596
0.0236528
0.0220235
0.0251563
0.0137283
0.00481605
-0.00484703
-0.0120274
-0.0181982
-0.0219643
-0.0233799
-0.0221517
-0.0184888
-0.012519
-0.00467134
0.00466075
0.0150498
0.0260908
0.0374097
0.0487141
0.0597637
0.0703489
0.0803104
0.0895285
0.0979231
0.105445
0.11208
0.117834
0.122739
0.126839
0.130197
0.132876
0.134951
0.136491
0.137562
0.138229
0.138541
0.138547
0.138277
0.137762
0.136996
0.135957
0.134626
0.132978
0.130985
0.128632
0.125913
0.122838
0.119425
0.115698
0.111682
0.107396
0.102864
0.0981062
0.0931538
0.0880282
0.082768
0.0774021
0.0719715
0.0665099
0.0610586
0.0556544
0.050337
0.0451446
0.0401122
0.035276
0.0306608
0.0263018
0.022214
0.0184251
0.0149419
0.0117858
0.00896317
0.00648169
0.00434313
0.0025436
0.00108011
-5.54896e-05
-0.000868451
-0.00137239
-0.00158055
-0.00150613
-0.00117115
-0.000584443
0.000225087
0.00125484
0.002466
0.00387159
0.00541194
0.00713617
0.00892701
0.0109379
0.0128594
0.0152186
0.0169635
0.0201419
0.0205633
0.0229568
0.0246488
0.0229024
0.0270713
0.0154827
0.00644877
-0.00362387
-0.0113371
-0.0180593
-0.0223891
-0.0243233
-0.0235387
-0.0202262
-0.0144883
-0.00675063
0.0025806
0.0130502
0.0242315
0.035744
0.0472813
0.0585851
0.0694363
0.0796689
0.0891597
0.0978255
0.105616
0.112515
0.118527
0.123681
0.12802
0.131603
0.134492
0.136757
0.138465
0.13968
0.140462
0.140858
0.140916
0.140663
0.14013
0.139316
0.138195
0.136754
0.134975
0.132836
0.130328
0.127448
0.124211
0.120635
0.116745
0.112567
0.108123
0.103439
0.0985357
0.0934457
0.0881928
0.082816
0.0773455
0.0718218
0.0662793
0.0607586
0.0552968
0.0499324
0.044703
0.0396427
0.0347864
0.030159
0.0257928
0.021704
0.017918
0.0144431
0.011298
0.00848888
0.00602169
0.00389693
0.00211141
0.000662227
-0.000458867
-0.00125858
-0.00175009
-0.00194701
-0.00186282
-0.00151834
-0.000924042
-0.000106479
0.000928835
0.0021471
0.00355651
0.00510364
0.00682988
0.00862677
0.0106383
0.0125629
0.014926
0.0166621
0.0198696
0.0202292
0.0231951
0.0257564
0.0234577
0.0291002
0.0173747
0.00820849
-0.0023762
-0.0107656
-0.0181713
-0.0231676
-0.0256848
-0.0253713
-0.0224113
-0.016889
-0.0092263
0.000144278
0.010741
0.0221146
0.0338743
0.0456962
0.0573029
0.0684656
0.0790115
0.0888146
0.0977889
0.105883
0.113079
0.119378
0.12481
0.129411
0.13324
0.136356
0.138824
0.140708
0.14207
0.142967
0.143444
0.143546
0.143302
0.142739
0.141862
0.140647
0.139084
0.137161
0.134863
0.132186
0.129133
0.12572
0.121967
0.117901
0.113549
0.108935
0.104086
0.0990268
0.0937888
0.0884001
0.0828986
0.0773151
0.0716904
0.0660598
0.0604636
0.0549387
0.0495225
0.0442517
0.0391597
0.0342802
0.0296381
0.0252631
0.0211712
0.017387
0.01392
0.0107852
0.00798788
0.00553364
0.00342268
0.00165185
0.000217488
-0.000888742
-0.00167465
-0.00215317
-0.00233817
-0.00224342
-0.00188883
-0.00128609
-0.000460059
0.000581571
0.00180715
0.00322115
0.00477482
0.00650391
0.00830611
0.0103194
0.0122458
0.0146139
0.0163407
0.0195738
0.019881
0.0233647
0.0269309
0.0238272
0.0312899
0.0195065
0.0101317
-0.00110947
-0.0103343
-0.0185588
-0.0243207
-0.0274802
-0.0276614
-0.0250545
-0.0197296
-0.0121075
-0.00265691
0.0081157
0.0197351
0.0317964
0.0439549
0.0559133
0.0674329
0.0783344
0.088489
0.0978086
0.106241
0.113765
0.120383
0.126118
0.131006
0.1351
0.138457
0.14114
0.143209
0.14472
0.145731
0.146284
0.146424
0.146178
0.145574
0.144623
0.143301
0.141605
0.139525
0.137057
0.134199
0.13096
0.127357
0.123416
0.119161
0.114623
0.109827
0.104804
0.099577
0.094182
0.0886491
0.0830148
0.0773107
0.0715783
0.0658535
0.060176
0.0545822
0.0491096
0.0437937
0.0386667
0.0337611
0.0291016
0.024716
0.02062
0.0168365
0.0133752
0.0102489
0.00746278
0.00502129
0.00292421
0.0011682
-0.000251126
-0.0013423
-0.00211403
-0.00257913
-0.00275169
-0.00264577
-0.00228055
-0.00166873
-0.00083396
0.000214575
0.0014476
0.00286675
0.00442674
0.00615923
0.00796611
0.00998171
0.0119093
0.0142824
0.0159999
0.0192541
0.0195185
0.0234353
0.0280797
0.0242035
0.0336757
0.0219854
0.0122577
0.000177898
-0.0100569
-0.019236
-0.0258576
-0.0297148
-0.0304119
-0.0281581
-0.023011
-0.0153965
-0.00582439
0.00517439
0.0170938
0.0295112
0.042058
0.0544167
0.066338
0.0776362
0.0881809
0.0978814
0.106685
0.114569
0.121533
0.127598
0.132795
0.137173
0.140787
0.143694
0.145953
0.147617
0.14874
0.149365
0.149535
0.149278
0.148623
0.147585
0.146146
0.144304
0.142058
0.139407
0.136356
0.132919
0.129116
0.124973
0.120519
0.115784
0.110796
0.105587
0.100185
0.0946242
0.0889383
0.0831631
0.0773319
0.0714857
0.0656612
0.0598972
0.05423
0.0486968
0.0433321
0.0381669
0.0332325
0.0285531
0.0241545
0.0200528
0.0162687
0.0128116
0.00969287
0.00691718
0.00448803
0.00240467
0.000663421
-0.000740842
-0.0018169
-0.0025742
-0.00302559
-0.00318534
-0.00306777
-0.00269152
-0.00207025
-0.00122654
-0.000170656
0.00106989
0.00249456
0.00406065
0.00579684
0.00760788
0.00962602
0.0115541
0.0139318
0.0156405
0.0189108
0.0191413
0.0233767
0.0291344
0.0247295
0.0362942
0.0249087
0.0146277
0.00149112
-0.00993885
-0.020208
-0.0277782
-0.0323855
-0.033618
-0.031717
-0.0267275
-0.0190888
-0.00935285
0.00192294
0.0141966
0.0270239
0.0400102
0.0528166
0.0651834
0.0769183
0.0878898
0.0980056
0.107212
0.115487
0.122824
0.129242
0.134768
0.139449
0.143332
0.146473
0.148927
0.150745
0.151979
0.152671
0.152863
0.152587
0.15187
0.150733
0.149167
0.147169
0.144746
0.141902
0.138648
0.135002
0.130987
0.126632
0.121967
0.117025
0.111836
0.106433
0.100846
0.0951126
0.0892659
0.0833432
0.0773786
0.0714132
0.0654836
0.0596286
0.0538841
0.0482866
0.0428695
0.0376629
0.032697
0.0279952
0.0235819
0.0194727
0.0156865
0.0122322
0.00912014
0.00635414
0.00393685
0.0018669
0.000140202
-0.00124909
-0.00231007
-0.00305283
-0.00349031
-0.00363698
-0.0035074
-0.00311992
-0.00248901
-0.0016362
-0.000572644
0.000675438
0.00210586
0.0036778
0.00541782
0.00723253
0.00925318
0.0111811
0.0135626
0.015263
0.0185448
0.0187486
0.023179
0.0300681
0.0254429
0.0391943
0.028353
0.0172806
0.00283739
-0.00997964
-0.0214709
-0.0300755
-0.0354822
-0.0372684
-0.0357187
-0.0308671
-0.0231732
-0.0132304
-0.00162706
0.0110546
0.0243445
0.0378197
0.05112
0.0639742
0.0761839
0.0876173
0.0981807
0.107821
0.116512
0.124249
0.131042
0.136918
0.141915
0.146079
0.149463
0.152116
0.154089
0.155431
0.156185
0.156393
0.156088
0.1553
0.154055
0.152352
0.150189
0.147578
0.144531
0.141064
0.137198
0.132961
0.128384
0.123499
0.118341
0.112942
0.107337
0.101558
0.0956445
0.0896306
0.0835542
0.0774508
0.071361
0.0653218
0.0593716
0.0535461
0.0478806
0.0424078
0.037157
0.0321571
0.0274307
0.0230007
0.0188824
0.0150927
0.0116401
0.00853363
0.00577654
0.00337053
0.00131361
-0.000398856
-0.00177337
-0.00281939
-0.00354759
-0.00397108
-0.00410449
-0.0039627
-0.00356402
-0.00292333
-0.00206128
-0.000989854
0.000265726
0.00170199
0.00327954
0.00502336
0.00684128
0.00886416
0.0107916
0.0131758
0.0148681
0.0181573
0.0183401
0.0228628
0.0308816
0.0262821
0.0424338
0.0323768
0.0202476
0.00422471
-0.0101735
-0.0230141
-0.0327361
-0.0389878
-0.0413448
-0.0401442
-0.0354113
-0.0276311
-0.0174389
-0.00545866
0.00768335
0.0214866
0.0354984
0.0493365
0.0627177
0.0754381
0.0873661
0.098407
0.108508
0.117642
0.125801
0.132991
0.139232
0.144559
0.149016
0.152649
0.155505
0.157632
0.15908
0.159891
0.160108
0.159767
0.1589
0.157537
0.155687
0.15335
0.150543
0.147284
0.143594
0.139499
0.13503
0.130222
0.125108
0.119725
0.114109
0.108295
0.102318
0.0962175
0.0900304
0.0837952
0.0775479
0.0713293
0.0651764
0.0591272
0.053217
0.0474803
0.041949
0.0366514
0.0316152
0.0268622
0.0224138
0.0182846
0.01449
0.0110379
0.00793613
0.00518716
0.00279182
0.000747448
-0.000951159
-0.00231116
-0.00334241
-0.00405612
-0.00446559
-0.00458568
-0.00443176
-0.00402199
-0.00337136
-0.00250002
-0.00142063
-0.000157636
0.00128447
0.00286735
0.0046148
0.00643552
0.00846015
0.0103866
0.0127723
0.0144569
0.0177497
0.0179153
0.0224788
0.0315879
0.027147
0.0460607
0.0370242
0.0235499
0.00566124
-0.0105106
-0.0248222
-0.0357398
-0.0428804
-0.0458234
-0.0449682
-0.0403358
-0.0324386
-0.021955
-0.00955062
0.00410208
0.0184671
0.0330603
0.0474775
0.061423
0.0746873
0.0871399
0.0986857
0.109273
0.118873
0.127474
0.135078
0.1417
0.147371
0.152128
0.156015
0.159077
0.161359
0.16291
0.163772
0.163992
0.163608
0.162654
0.161164
0.159158
0.156639
0.153628
0.150149
0.146227
0.141895
0.137186
0.132138
0.126788
0.121173
0.115332
0.109303
0.103121
0.0968289
0.0904637
0.0840648
0.0776695
0.071318
0.0650476
0.058896
0.052898
0.0470873
0.0414947
0.036148
0.0310734
0.0262918
0.0218233
0.0176818
0.013881
0.0104283
0.00733026
0.00458862
0.0022033
0.00017096
-0.00151421
-0.00286002
-0.00387674
-0.00457608
-0.00497156
-0.00507853
-0.00491274
-0.00449188
-0.00383124
-0.00295062
-0.00186324
-0.000592963
0.000854897
0.00244283
0.00419363
0.00601672
0.00804252
0.00996766
0.0123535
0.0140304
0.0173239
0.017474
0.0220301
0.032198
0.0279528
0.0501028
0.0423173
0.0271975
0.00715467
-0.010977
-0.0268738
-0.0390596
-0.0471312
-0.0506714
-0.0501568
-0.0456071
-0.037563
-0.0267479
-0.0138749
0.00033551
0.0153072
0.0305234
0.0455576
0.0601012
0.0739393
0.0869436
0.0990188
0.110114
0.1202
0.129261
0.137296
0.144313
0.150336
0.155401
0.159548
0.162817
0.165253
0.166904
0.167813
0.16803
0.167595
0.166548
0.164925
0.162753
0.160045
0.156822
0.153114
0.148954
0.144376
0.13942
0.134125
0.128531
0.122678
0.116606
0.110356
0.103965
0.0974762
0.0909284
0.0843618
0.0778146
0.0713267
0.0649356
0.0586786
0.05259
0.0467026
0.0410466
0.0356486
0.0305336
0.0257217
0.0212316
0.0170762
0.0132681
0.00981371
0.00671845
0.00398334
0.00160739
-0.00041346
-0.00208565
-0.00341762
-0.00442008
-0.00510518
-0.00548699
-0.00558129
-0.00540374
-0.00497181
-0.00430115
-0.00341131
-0.00231599
-0.00103859
0.000414858
0.00200755
0.00376135
0.00558645
0.00761267
0.00953617
0.0119207
0.0135899
0.0168819
0.0170163
0.0210814
0.0327136
0.0286458
0.0545646
0.0482512
0.031186
0.00871141
-0.0115523
-0.0291356
-0.0426519
-0.0516886
-0.0558326
-0.0556482
-0.0511626
-0.0429421
-0.0317583
-0.0183772
-0.00356844
0.0120483
0.0279223
0.0436045
0.0587733
0.0732087
0.0867851
0.0994075
0.111026
0.121613
0.131147
0.139623
0.147042
0.153424
0.1588
0.163208
0.166685
0.169273
0.17102
0.171973
0.17218
0.17169
0.170544
0.168781
0.166438
0.163534
0.160094
0.156153
0.151748
0.146919
0.141711
0.136165
0.130322
0.124227
0.11792
0.111446
0.104842
0.0981536
0.0914206
0.084684
0.0779825
0.0713561
0.0648423
0.058478
0.052297
0.0463313
0.0406101
0.0351593
0.0300026
0.025159
0.020646
0.0164758
0.0126593
0.00920225
0.00610895
0.0033796
0.00101232
-0.000997676
-0.00265746
-0.00397609
-0.00496469
-0.00563611
-0.00600501
-0.00608711
-0.00589803
-0.0054553
-0.00477487
-0.00387612
-0.00277318
-0.00148905
-3.0447e-05
0.00156651
0.00332266
0.00514924
0.00717479
0.00909633
0.0114777
0.0131392
0.0164273
0.0165448
0.0221237
0.0330905
0.0291815
0.0595567
0.0549637
0.035573
0.0103366
-0.0122516
-0.0316296
-0.046541
-0.0565773
-0.0613315
-0.0614627
-0.0570205
-0.0485915
-0.0369992
-0.023068
-0.00761865
0.00868422
0.0252531
0.0416158
0.0574388
0.0724965
0.086667
0.0998562
0.112016
0.123118
0.133139
0.142066
0.149896
0.156644
0.162336
0.167007
0.17069
0.173428
0.175268
0.176258
0.176451
0.175899
0.174647
0.172739
0.170216
0.16711
0.163447
0.159266
0.15461
0.149525
0.144058
0.138255
0.132159
0.125817
0.119272
0.112569
0.10575
0.0988596
0.0919389
0.0850301
0.0781724
0.0714056
0.0647674
0.0582942
0.0520193
0.0459739
0.0401864
0.0346816
0.029482
0.0246059
0.0200691
0.0158831
0.0120574
0.00859698
0.00550498
0.00278078
0.000421623
-0.00157801
-0.00322584
-0.00453147
-0.00550673
-0.00616526
-0.00652177
-0.00659187
-0.0063915
-0.00593822
-0.00524828
-0.00434093
-0.00323067
-0.00194023
-0.000476911
0.00112378
0.00288164
0.00470906
0.00673299
0.00865178
0.0110288
0.0126807
0.0159669
0.0160581
0.0269507
0.0279903
0.0310202
0.033071
0.0365322
0.0396506
0.0439865
0.0482561
0.0529128
0.0540486
0.0414495
0.0166656
-0.00818019
-0.0310726
-0.0458841
-0.0468588
-0.0319457
-0.00347448
0.0343026
0.0746247
0.106643
0.130522
0.142424
0.149623
0.14398
0.140061
0.117311
0.110519
0.0851136
0.0862681
0.0545975
0.0691292
-0.0265944
0.0269489
0.0279917
0.0310209
0.0330697
0.0365321
0.0396504
0.0439862
0.0482561
0.0529145
0.0540543
0.0414579
0.0166727
-0.0081752
-0.0310694
-0.0458837
-0.0468626
-0.0319548
-0.00349158
0.03428
0.0746111
0.106637
0.13052
0.142422
0.149623
0.143981
0.140063
0.117314
0.110523
0.0851172
0.0862703
0.0545996
0.0691319
-0.0265933
0.0269486
0.0279916
0.0310208
0.0330697
0.0365319
0.0396499
0.0439856
0.0482557
0.0529175
0.0540675
0.0414783
0.0166902
-0.00816299
-0.0310621
-0.0458837
-0.0468735
-0.0319794
-0.00353442
0.0342155
0.0745785
0.106623
0.130513
0.142419
0.149621
0.14398
0.140066
0.11732
0.110529
0.0851245
0.0862735
0.0546031
0.0691352
-0.0265934
0.026948
0.0279913
0.0310206
0.0330693
0.0365312
0.0396487
0.043984
0.0482544
0.0529235
0.0540942
0.0415199
0.016726
-0.00813811
-0.0310473
-0.045884
-0.0468959
-0.0320285
-0.00361551
0.0341087
0.0745171
0.106593
0.130499
0.142411
0.149617
0.14398
0.140072
0.11733
0.110539
0.0851367
0.0862784
0.0546089
0.0691409
-0.0265942
0.0269468
0.0279904
0.03102
0.0330683
0.0365295
0.0396461
0.0439807
0.0482523
0.0529343
0.0541377
0.0415867
0.0167835
-0.00809824
-0.0310241
-0.0458852
-0.0469323
-0.0321053
-0.00373449
0.0339661
0.0744287
0.106548
0.130477
0.1424
0.149612
0.143981
0.140082
0.117344
0.110552
0.0851536
0.0862853
0.0546172
0.0691493
-0.0265953
0.0269446
0.0279887
0.031019
0.0330666
0.0365267
0.0396416
0.0439756
0.0482496
0.0529503
0.054197
0.0416776
0.0168629
-0.00804263
-0.0309917
-0.0458879
-0.0469844
-0.0322112
-0.00389101
0.0337875
0.0743141
0.106487
0.130446
0.142384
0.149606
0.143982
0.140095
0.117363
0.11057
0.0851749
0.0862941
0.0546281
0.0691606
-0.0265967
0.0269411
0.0279862
0.0310173
0.0330637
0.0365225
0.0396353
0.0439687
0.0482469
0.0529715
0.0542711
0.0417924
0.0169657
-0.00796967
-0.0309493
-0.0458924
-0.047054
-0.0323487
-0.00408747
0.0335703
0.0741718
0.106408
0.130406
0.142363
0.149597
0.143984
0.140111
0.117386
0.110591
0.0852006
0.086305
0.0546417
0.0691749
-0.0265985
0.0269358
0.0279832
0.0310149
0.0330596
0.0365169
0.039627
0.0439602
0.0482444
0.0529981
0.0543596
0.041932
0.0170935
-0.00787754
-0.0308955
-0.0458991
-0.047143
-0.0325207
-0.00432677
0.0333121
0.0739998
0.106309
0.130354
0.142336
0.149587
0.143987
0.14013
0.117413
0.110616
0.0852304
0.0863179
0.0546581
0.0691923
-0.0266003
0.0269286
0.0279794
0.0310116
0.0330541
0.0365098
0.0396168
0.0439502
0.0482425
0.0530303
0.0544628
0.0420972
0.0172481
-0.00776461
-0.0308294
-0.0459082
-0.0472532
-0.0327295
-0.00461147
0.0330108
0.0737959
0.10619
0.130289
0.142301
0.149573
0.14399
0.140152
0.117444
0.110644
0.085264
0.086333
0.0546773
0.0692128
-0.0266021
0.0269193
0.0279747
0.0310073
0.0330472
0.0365011
0.0396046
0.0439388
0.0482416
0.0530686
0.0545806
0.0422887
0.0174308
-0.00762957
-0.0307502
-0.0459201
-0.0473858
-0.0329772
-0.00494347
0.0326648
0.0735579
0.106048
0.130209
0.142259
0.149556
0.143994
0.140177
0.117478
0.110676
0.0853013
0.0863502
0.0546992
0.0692364
-0.0266035
0.026908
0.0279691
0.0310017
0.0330386
0.0364908
0.0395906
0.0439262
0.0482422
0.0531134
0.0547132
0.0425067
0.0176423
-0.00747167
-0.0306576
-0.045935
-0.0475413
-0.0332645
-0.00532364
0.0322733
0.0732839
0.105881
0.130114
0.142206
0.149535
0.143997
0.140204
0.117516
0.11071
0.0853419
0.0863696
0.0547239
0.0692632
-0.0266041
0.0268943
0.0279621
0.0309947
0.0330283
0.0364788
0.0395747
0.0439126
0.0482447
0.0531655
0.0548607
0.042751
0.0178825
-0.00729078
-0.0305514
-0.0459531
-0.0477199
-0.0335914
-0.00575159
0.0318367
0.0729721
0.105687
0.130001
0.142144
0.149509
0.143999
0.140232
0.117556
0.110747
0.0853855
0.0863912
0.0547512
0.0692935
-0.0266035
0.0268782
0.0279537
0.0309859
0.0330159
0.0364649
0.0395569
0.0438982
0.0482497
0.0532255
0.0550233
0.0430206
0.0181506
-0.00708744
-0.0304322
-0.0459745
-0.0479207
-0.0339562
-0.00622554
0.0313564
0.0726216
0.105464
0.129868
0.142069
0.149477
0.143999
0.140261
0.117598
0.110786
0.0854316
0.0864149
0.0547812
0.0693274
-0.0266011
0.0268595
0.0279433
0.030975
0.0330012
0.0364489
0.0395373
0.0438832
0.0482578
0.0532944
0.0552007
0.0433138
0.0184448
-0.00686282
-0.0303007
-0.0459991
-0.0481422
-0.0343563
-0.00674237
0.0308346
0.0722317
0.10521
0.129713
0.141981
0.149437
0.143998
0.14029
0.117642
0.110827
0.08548
0.086441
0.0548138
0.0693653
-0.0265964
0.0268381
0.0279305
0.0309615
0.0329839
0.0364308
0.0395159
0.0438677
0.0482695
0.0533731
0.0553928
0.0436281
0.0187624
-0.00661862
-0.0301578
-0.0460268
-0.0483823
-0.034788
-0.00729777
0.0302749
0.0718027
0.104923
0.129534
0.141877
0.14939
0.143993
0.140319
0.117687
0.110871
0.0855304
0.0864694
0.0548491
0.0694076
-0.0265888
0.0268139
0.0279148
0.030945
0.0329639
0.0364104
0.0394928
0.043852
0.0482854
0.0534626
0.055599
0.0439603
0.0191003
-0.00635693
-0.0300048
-0.0460573
-0.0486383
-0.0352465
-0.00788639
0.0296812
0.0713355
0.104604
0.12933
0.141756
0.149333
0.143984
0.140347
0.117734
0.110915
0.0855826
0.0865005
0.0548873
0.0694549
-0.0265777
0.0267867
0.0278957
0.030925
0.0329406
0.0363875
0.0394682
0.0438364
0.0483058
0.0535637
0.0558187
0.0443068
0.0194546
-0.0060801
-0.029843
-0.04609
-0.048907
-0.0357266
-0.00850222
0.0290585
0.0708317
0.10425
0.129099
0.141615
0.149264
0.14397
0.140373
0.11778
0.110961
0.0856362
0.0865342
0.0549284
0.0695074
-0.0265624
0.0267565
0.0278723
0.0309011
0.0329139
0.0363619
0.0394421
0.0438211
0.0483309
0.0536769
0.0560511
0.0446632
0.0198211
-0.00579061
-0.0296735
-0.0461243
-0.0491852
-0.0362227
-0.00913906
0.0284118
0.0702936
0.103861
0.128839
0.141453
0.149182
0.143947
0.140395
0.117825
0.111008
0.0856911
0.0865708
0.0549724
0.0695658
-0.0265424
0.0267234
0.027844
0.0308725
0.0328834
0.0363334
0.0394147
0.0438061
0.0483607
0.0538024
0.0562949
0.0450248
0.0201953
-0.00549093
-0.0294976
-0.0461594
-0.0494691
-0.0367292
-0.0097908
0.0277457
0.0697242
0.103439
0.128549
0.141267
0.149084
0.143915
0.140414
0.117869
0.111056
0.0857471
0.0866107
0.0550196
0.0696304
-0.026517
0.0266876
0.0278096
0.0308387
0.0328488
0.0363018
0.0393863
0.0437918
0.0483945
0.0539393
0.0565481
0.0453869
0.0205726
-0.00518341
-0.0293161
-0.0461942
-0.049755
-0.0372404
-0.0104514
0.0270654
0.0691271
0.102983
0.128228
0.141055
0.148969
0.143871
0.140426
0.117911
0.111103
0.0858041
0.0866539
0.0550699
0.0697015
-0.0264857
0.0266497
0.0277681
0.0307991
0.0328095
0.0362667
0.0393568
0.0437781
0.0484312
0.0540856
0.0568082
0.0457443
0.0209486
-0.00487003
-0.0291295
-0.0462268
-0.0500385
-0.0377505
-0.011115
0.0263754
0.0685059
0.102494
0.127875
0.140816
0.148832
0.143811
0.140431
0.117949
0.111151
0.0858619
0.0867008
0.0551233
0.0697795
-0.0264477
0.0266105
0.0277182
0.0307529
0.0327653
0.036228
0.0393265
0.0437651
0.0484693
0.0542371
0.0570714
0.0460919
0.0213195
-0.00455238
-0.0289378
-0.0462552
-0.0503152
-0.0382535
-0.0117759
0.0256804
0.0678643
0.101976
0.127491
0.140548
0.148671
0.143733
0.140427
0.117983
0.111197
0.0859205
0.0867516
0.0551798
0.0698643
-0.0264026
0.0265714
0.0276587
0.0306994
0.0327157
0.036185
0.0392954
0.0437524
0.0485062
0.0543874
0.0573324
0.046425
0.0216822
-0.00423146
-0.0287403
-0.0462762
-0.0505797
-0.0387434
-0.0124286
0.0249843
0.0672063
0.10143
0.127076
0.14025
0.148483
0.143634
0.140409
0.118011
0.111243
0.0859797
0.0868064
0.0552391
0.069956
-0.0263497
0.026534
0.0275883
0.0306377
0.0326602
0.0361373
0.0392634
0.0437397
0.048539
0.0545267
0.0575835
0.0467384
0.0220345
-0.00390736
-0.0285352
-0.0462853
-0.0508261
-0.0392136
-0.0130671
0.0242914
0.0665356
0.100859
0.12663
0.139921
0.148266
0.143511
0.140375
0.118032
0.111286
0.0860391
0.0868654
0.0553012
0.0700545
-0.0262885
0.0264942
0.027506
0.0305672
0.0325985
0.0360842
0.0392302
0.043726
0.048564
0.0546417
0.0578134
0.0470275
0.0223755
-0.003579
-0.0283193
-0.0462767
-0.0510471
-0.0396566
-0.0136852
0.0236056
0.0658556
0.100264
0.126156
0.139561
0.148017
0.143361
0.140318
0.118043
0.111327
0.0860985
0.0869287
0.0553655
0.0701594
-0.0262183
0.0264475
0.0274111
0.0304867
0.0325302
0.036025
0.0391951
0.0437098
0.0485771
0.0547154
0.058006
0.0472867
0.0227061
-0.00324372
-0.0280876
-0.0462421
-0.0512341
-0.0400641
-0.0142757
0.0229311
0.0651693
0.0996498
0.125654
0.139171
0.147735
0.143179
0.140234
0.118043
0.111362
0.0861574
0.0869964
0.0554317
0.0702703
-0.0261384
0.0263939
0.0273036
0.0303952
0.0324549
0.0359584
0.0391573
0.0436884
0.0485738
0.0547287
0.0581382
0.0475085
0.0230286
-0.00289671
-0.0278328
-0.046171
-0.0513766
-0.0404263
-0.0148306
0.0222727
0.0644794
0.0990171
0.125126
0.138752
0.14742
0.142961
0.140117
0.118027
0.111391
0.0862153
0.0870684
0.0554991
0.0703866
-0.0260482
0.0263325
0.0271839
0.0302913
0.0323723
0.0358831
0.0391152
0.0436587
0.0485487
0.0546629
0.0581775
0.0476811
0.0233469
-0.00253064
-0.0275445
-0.0460494
-0.051462
-0.0407321
-0.0153405
0.0216356
0.0637885
0.0983678
0.124573
0.138303
0.147073
0.142705
0.139964
0.117992
0.111411
0.0862712
0.0871444
0.055567
0.0705077
-0.0259471
0.026261
0.0270526
0.0301736
0.0322821
0.0357972
0.0390664
0.0436159
0.0484948
0.0545016
0.0580815
0.0477879
0.0236647
-0.00213576
-0.0272086
-0.0458593
-0.0514743
-0.0409686
-0.015794
0.021026
0.0630988
0.097703
0.123997
0.137826
0.146694
0.142409
0.139771
0.117932
0.111418
0.0863236
0.0872238
0.0556342
0.0706325
-0.0258344
0.0261759
0.0269111
0.0300407
0.0321836
0.0356987
0.0390079
0.0435541
0.048404
0.0542314
0.0578018
0.0478029
0.023985
-0.00169969
-0.026807
-0.0455788
-0.0513942
-0.0411208
-0.0161778
0.020451
0.062413
0.0970231
0.123398
0.137322
0.146283
0.142073
0.139535
0.117838
0.111407
0.0863709
0.0873058
0.0556993
0.0707604
-0.0257095
0.0260726
0.0267603
0.0298908
0.0320757
0.0355848
0.038935
0.0434654
0.0482661
0.0538431
0.0572908
0.0476888
0.0243049
-0.00120743
-0.0263174
-0.0451813
-0.0511978
-0.0411704
-0.016477
0.0199194
0.0617342
0.0963283
0.122774
0.136789
0.145839
0.1417
0.139253
0.117705
0.111374
0.0864104
0.0873888
0.0557605
0.0708902
-0.0255719
0.0259465
0.0265989
0.0297214
0.0319562
0.0354522
0.0388415
0.0433401
0.0480687
0.0533321
0.0565146
0.0473951
0.0246093
-0.000645065
-0.0257141
-0.0446353
-0.0508568
-0.0410948
-0.016673
0.0194412
0.0610664
0.0956188
0.122123
0.136226
0.145363
0.141288
0.138921
0.117527
0.111313
0.0864385
0.0874703
0.0558161
0.0710205
-0.0254217
0.0257936
0.0264246
0.0295298
0.0318203
0.0352964
0.038719
0.0431661
0.0477955
0.0526941
0.0554639
0.0468553
0.0248661
-4.95e-06
-0.0249672
-0.043903
-0.050337
-0.0408672
-0.0167391
0.0190293
0.0604164
0.094896
0.121446
0.135631
0.144851
0.140838
0.138538
0.117305
0.111217
0.0864499
0.0875479
0.0558639
0.0711509
-0.0252581
0.0256203
0.0262275
0.0293167
0.031658
0.0351111
0.0385554
0.0429281
0.0474257
0.0519211
0.0541617
0.0460136
0.025028
0.000714216
-0.0240423
-0.0429384
-0.0495938
-0.0404577
-0.0166466
0.0186976
0.0597854
0.0941561
0.120734
0.134996
0.144296
0.140345
0.138105
0.117039
0.111084
0.0864409
0.0876226
0.0559034
0.0712943
-0.0250688
0.0254668
0.025985
0.0291012
0.0314632
0.0349029
0.0383505
0.0426384
0.0469867
0.0510997
0.052823
0.0450117
0.0250778
0.00144761
-0.0230096
-0.0418128
-0.0486816
-0.0399118
-0.0164288
0.0184569
0.0592014
0.0934385
0.120029
0.134358
0.143732
0.139839
0.137651
0.116739
0.110915
0.0863981
0.0876758
0.0559218
0.0714003
-0.0248995
0.0252841
0.025733
0.028871
0.0312476
0.0346706
0.0381118
0.0423089
0.0465059
0.0502816
0.0515512
0.0439698
0.0250276
0.00215036
-0.0219277
-0.0405927
-0.0476531
-0.0392714
-0.0161334
0.0182888
0.0586611
0.0927433
0.119335
0.133724
0.143169
0.139336
0.137199
0.116428
0.110729
0.0863342
0.087723
0.0559303
0.071524
-0.0246966
0.0250704
0.0254627
0.0286185
0.0310035
0.0344051
0.0378302
0.0419302
0.0459702
0.0494349
0.0503048
0.0429064
0.0248761
0.00281055
-0.0207966
-0.039268
-0.0464873
-0.0385148
-0.0157515
0.0181955
0.0581621
0.0920622
0.118637
0.133079
0.142589
0.138815
0.136728
0.116094
0.110518
0.0862412
0.0877554
0.0559169
0.071634
-0.0244856
0.0248266
0.0251724
0.028342
0.0307281
0.0341034
0.0375035
0.0415019
0.0453806
0.0485568
0.049079
0.041852
0.0246395
0.00340956
-0.0196387
-0.0378589
-0.0451942
-0.0376431
-0.0152889
0.0181777
0.0576996
0.0913973
0.117935
0.13242
0.141988
0.138271
0.136234
0.115738
0.110283
0.0861219
0.0877735
0.0558793
0.0717316
-0.0242695
0.0245515
0.0248613
0.0280395
0.0304199
0.0337638
0.0371308
0.0410239
0.0447391
0.0476468
0.0478677
0.0408199
0.0243466
0.00393812
-0.0184754
-0.0363848
-0.0437871
-0.0366571
-0.0147494
0.018236
0.057272
0.090743
0.11723
0.131745
0.141362
0.137699
0.135711
0.115359
0.110024
0.0859784
0.087777
0.055815
0.0718127
-0.0240544
0.0242449
0.0245281
0.0277089
0.0300786
0.0333862
0.0367123
0.0404973
0.0440488
0.046706
0.0466645
0.0398082
0.0240272
0.00439672
-0.0173266
-0.0348654
-0.0422826
-0.0355594
-0.0141337
0.018367
0.0568835
0.090096
0.116515
0.131052
0.140708
0.137094
0.135154
0.114952
0.10974
0.0858118
0.0877653
0.055723
0.0718699
-0.0238475
0.0239073
0.0241714
0.0273489
0.0297042
0.0329716
0.036249
0.0399233
0.043313
0.0457365
0.0454659
0.0388093
0.0236992
0.00479678
-0.0162081
-0.0333188
-0.0406984
-0.0343543
-0.0134422
0.018565
0.0565378
0.0894581
0.115789
0.130336
0.140024
0.136453
0.134556
0.114512
0.10943
0.0856226
0.0877381
0.0556032
0.0718949
-0.0236536
0.0235403
0.023791
0.0269595
0.0292972
0.0325206
0.0357422
0.0393038
0.0425357
0.044741
0.0442695
0.0378169
0.023367
0.00515652
-0.0151277
-0.0317615
-0.0390526
-0.0330491
-0.0126744
0.0188226
0.0562371
0.0888299
0.115051
0.129592
0.1393
0.135769
0.133913
0.114033
0.10909
0.0854112
0.0876959
0.0554565
0.0718809
-0.0234757
0.023146
0.0233871
0.0265422
0.0288591
0.0320333
0.0351935
0.0386421
0.0417213
0.0437233
0.0430758
0.0368245
0.0230253
0.0054934
-0.0140854
-0.0302072
-0.0373611
-0.0316545
-0.0118299
0.0191347
0.055981
0.0882109
0.1143
0.12882
0.138534
0.135034
0.133214
0.113508
0.108715
0.0851766
0.0876399
0.0552855
0.0718221
-0.0233164
0.0227269
0.0229601
0.0260987
0.0283916
0.0315113
0.0346064
0.0379417
0.0408729
0.0426884
0.041888
0.035833
0.0226642
0.005815
-0.0130739
-0.0286645
-0.0356368
-0.0301826
-0.010909
0.0194984
0.0557669
0.0876009
0.113536
0.128018
0.137722
0.134244
0.132453
0.112929
0.108298
0.0849163
0.0875703
0.0550934
0.0717159
-0.0231776
0.0222863
0.0225106
0.0256296
0.0278961
0.0309585
0.0339852
0.0372067
0.0399939
0.0416412
0.0407097
0.034848
0.0222825
0.00611737
-0.0120829
-0.0271354
-0.0338897
-0.028646
-0.00991252
0.0199128
0.0555907
0.087
0.112755
0.127182
0.136859
0.133393
0.131624
0.112291
0.107833
0.0846263
0.0874864
0.0548829
0.0715637
-0.023062
0.0218273
0.0220392
0.0251357
0.0273753
0.030379
0.0333335
0.0364413
0.0390888
0.0405853
0.0395451
0.0338729
0.021886
0.00639649
-0.0111081
-0.0256185
-0.0321263
-0.0270556
-0.00884134
0.0203783
0.0554484
0.0864081
0.111957
0.126308
0.13594
0.132474
0.130716
0.111584
0.107312
0.0843018
0.0873866
0.0546545
0.0713728
-0.0229721
0.0213545
0.0215487
0.0246204
0.0268329
0.0297773
0.0326571
0.0356516
0.0381638
0.039523
0.0383973
0.0329113
0.0214793
0.00665191
-0.0101469
-0.0241117
-0.030351
-0.0254188
-0.00769538
0.0208978
0.0553374
0.0858259
0.111139
0.125392
0.134957
0.131477
0.12972
0.110801
0.106726
0.0839374
0.0872677
0.0544055
0.07115
-0.0229153
0.0208793
0.0210392
0.0240884
0.0262705
0.0291565
0.031961
0.0348429
0.0372241
0.0384563
0.0372668
0.0319677
0.0210696
0.00688747
-0.00919569
-0.0226038
-0.0285646
-0.0237374
-0.0064763
0.0214751
0.0552555
0.0852543
0.110302
0.124432
0.133906
0.130396
0.128627
0.10993
0.106066
0.0835262
0.0871214
0.0541293
0.0708859
-0.0229215
0.0287232
0.0334975
0.0295964
0.064952
0.0623727
0.040366
0.012053
-0.0130807
-0.034406
-0.0508262
-0.0619442
-0.0673545
-0.0678184
-0.0634173
-0.0547567
-0.042714
-0.0281785
-0.0120276
0.00502696
0.022356
0.0394617
0.0559985
0.0717349
0.086554
0.100363
0.113115
0.124783
0.13534
0.144765
0.153049
0.160201
0.166241
0.171202
0.175114
0.178015
0.179957
0.180987
0.181163
0.180542
0.179174
0.177106
0.174385
0.171055
0.167146
0.162701
0.15777
0.152402
0.146651
0.140564
0.134189
0.127574
0.120766
0.113811
0.106753
0.0996381
0.0925087
0.0854078
0.0783754
0.071451
0.0646724
0.0580758
0.0516939
0.0455571
0.0396927
0.0341248
0.0288746
0.0239592
0.0193932
0.0151869
0.0113487
0.00788242
0.00479014
0.00207029
-0.000280819
-0.0022695
-0.00390413
-0.0051952
-0.00615546
-0.00679879
-0.00713992
-0.00719476
-0.00697955
-0.00651199
-0.00580859
-0.00488862
-0.0037669
-0.00246598
-0.000993676
0.000614882
0.00237881
0.00421095
0.006238
0.0081567
0.0105366
0.012175
0.0154808
0.0155152
0.0310617
0.034181
0.0302344
0.0700552
0.0693473
0.0449622
0.01377
-0.0138094
-0.0370325
-0.0549407
-0.0671372
-0.073209
-0.0740137
-0.0696658
-0.0607879
-0.0483122
-0.0331886
-0.0163498
0.00144617
0.0195283
0.0373714
0.0546188
0.0710335
0.0865023
0.100933
0.114283
0.126522
0.137621
0.147551
0.156297
0.163859
0.170255
0.175514
0.17966
0.182731
0.184779
0.185852
0.186013
0.185323
0.183838
0.181609
0.178688
0.175127
0.170968
0.166254
0.16104
0.155383
0.149339
0.142962
0.136299
0.129402
0.122322
0.115107
0.107802
0.100454
0.0931084
0.0858079
0.0785935
0.0715046
0.0645792
0.0578532
0.0513587
0.0451253
0.0391797
0.0335445
0.0282401
0.0232822
0.0186844
0.0144556
0.010603
0.00712947
0.00403583
0.00131961
-0.00102386
-0.00300166
-0.00462311
-0.00589978
-0.00684483
-0.00747221
-0.00779703
-0.00783554
-0.00760432
-0.0071212
-0.00640303
-0.00546902
-0.00433445
-0.00302154
-0.00153901
7.92314e-05
0.0018498
0.00368967
0.00571773
0.0076445
0.0100147
0.0116678
0.0149436
0.0149956
0.0318765
0.0350336
0.0312953
0.0744502
0.0750165
0.0488211
0.0153791
-0.0142219
-0.039056
-0.0582514
-0.0713937
-0.0780538
-0.0791665
-0.0748783
-0.0658261
-0.05299
-0.0373726
-0.0199498
-0.00151836
0.0172142
0.0356981
0.0535654
0.0705733
0.0866121
0.101589
0.115461
0.128201
0.139774
0.150147
0.159296
0.167218
0.173924
0.179442
0.183793
0.187014
0.189153
0.190264
0.190411
0.18966
0.188071
0.185698
0.182598
0.17883
0.174445
0.16949
0.164023
0.158106
0.1518
0.145161
0.13824
0.13109
0.123767
0.116318
0.108792
0.101236
0.0936971
0.0862188
0.0788425
0.0716074
0.0645517
0.0577113
0.0511175
0.0447991
0.038782
0.0330881
0.0277363
0.0227415
0.0181159
0.0138677
0.0100027
0.00652273
0.00342772
0.000714271
-0.00162309
-0.0035924
-0.00520402
-0.00647004
-0.00740366
-0.00801922
-0.0083322
-0.00835912
-0.00811689
-0.00762343
-0.00689586
-0.00595336
-0.00481161
-0.00349243
-0.00200562
-0.000383475
0.00138729
0.00322957
0.00525079
0.00718251
0.00953016
0.0112034
0.0144214
0.0145187
0.0326036
0.0359668
0.0326896
0.0782726
0.0795682
0.0520184
0.0168896
-0.0143393
-0.0405076
-0.0607905
-0.0747418
-0.0819119
-0.0832935
-0.0790641
-0.069877
-0.0567484
-0.0407247
-0.0228182
-0.00385707
0.0154233
0.0344509
0.0528459
0.0703598
0.0868862
0.10233
0.116651
0.12982
0.1418
0.152552
0.162045
0.170272
0.177243
0.182982
0.187508
0.190854
0.193072
0.194213
0.194346
0.19354
0.191858
0.189358
0.1861
0.182148
0.177563
0.172396
0.166705
0.160558
0.15402
0.14715
0.140002
0.13263
0.125091
0.117438
0.109718
0.10198
0.094272
0.0866387
0.0791216
0.0717597
0.0645912
0.0576521
0.050973
0.0445819
0.0385039
0.0327601
0.0273683
0.0223426
0.0176939
0.0134295
0.00955415
0.00606889
0.00297264
0.000261304
-0.00207163
-0.0040352
-0.00564029
-0.00689908
-0.00782507
-0.00843301
-0.00873872
-0.00875893
-0.00851081
-0.00801236
-0.00728093
-0.0063356
-0.0051925
-0.00387294
-0.00238794
-0.000767928
0.000996616
0.00283539
0.00484254
0.0067744
0.00908966
0.0107824
0.0139246
0.0140806
0.0332213
0.0369215
0.0343468
0.0815297
0.0831816
0.0546414
0.0183248
-0.0141743
-0.0414197
-0.0626015
-0.0772297
-0.0848342
-0.0864431
-0.0822653
-0.072976
-0.0596183
-0.0432691
-0.0249717
-0.00557846
0.0141501
0.0336243
0.0524554
0.07039
0.0873236
0.10316
0.117858
0.131385
0.143707
0.154775
0.164556
0.173039
0.180231
0.186156
0.190828
0.194279
0.196561
0.197726
0.197845
0.19699
0.195227
0.192616
0.189218
0.185105
0.180343
0.174989
0.169103
0.162755
0.156015
0.148943
0.141595
0.134029
0.126304
0.118473
0.110584
0.102689
0.0948351
0.0870685
0.0794308
0.0719606
0.0646964
0.057674
0.0509232
0.0444714
0.0383431
0.0325584
0.0271342
0.0220837
0.0174167
0.0131398
0.00925666
0.00576759
0.00267073
-3.90448e-05
-0.00236927
-0.0043294
-0.00593047
-0.00718495
-0.00810675
-0.00871095
-0.00901362
-0.00903168
-0.00878253
-0.00828421
-0.00755422
-0.00661157
-0.00547275
-0.00415861
-0.00268137
-0.00106953
0.000682499
0.0025117
0.00449791
0.00642445
0.00869854
0.0104085
0.0134591
0.0136851
0.0337762
0.0378602
0.036229
0.0839938
0.0859682
0.0567436
0.019701
-0.0137185
-0.0417864
-0.0636758
-0.078846
-0.0868084
-0.0885998
-0.0844607
-0.075098
-0.0615719
-0.0449806
-0.026388
-0.00666366
0.0134109
0.0332323
0.0524039
0.0706693
0.0879262
0.104075
0.119071
0.132886
0.14548
0.156803
0.166816
0.175501
0.18287
0.188944
0.193733
0.197268
0.1996
0.200784
0.200889
0.199992
0.198159
0.195453
0.191936
0.187684
0.182769
0.177255
0.171203
0.164683
0.15777
0.150527
0.14301
0.135279
0.127396
0.119415
0.111386
0.103358
0.0953834
0.0875067
0.07977
0.0722113
0.0648693
0.0577801
0.0509725
0.0444731
0.038306
0.0324903
0.0270421
0.0219736
0.017294
0.0130089
0.00912103
0.00563017
0.00253336
-0.00017554
-0.00250434
-0.00446268
-0.00606192
-0.00731491
-0.00823589
-0.00884017
-0.00914405
-0.00916459
-0.00891938
-0.00842642
-0.00770332
-0.006769
-0.00564029
-0.00433762
-0.00287442
-0.0012772
0.000455774
0.00226881
0.00422721
0.00614194
0.008367
0.0100895
0.0130353
0.0133393
0.0343116
0.0387628
0.0382833
0.0853419
0.0879721
0.0583844
0.0210403
-0.0129562
-0.0415928
-0.0639949
-0.0795705
-0.0878149
-0.0897428
-0.0856278
-0.0762191
-0.0625838
-0.0458334
-0.027045
-0.00709589
0.0132194
0.0332842
0.0526962
0.0711975
0.0886876
0.105063
0.120278
0.134305
0.147101
0.158614
0.1688
0.177636
0.185136
0.19132
0.196199
0.199798
0.202167
0.203362
0.203453
0.20252
0.20063
0.197845
0.194231
0.189866
0.184825
0.179177
0.172985
0.166324
0.159271
0.151889
0.144234
0.136369
0.128358
0.120258
0.112116
0.103984
0.0959135
0.0879514
0.0801386
0.0725124
0.065112
0.0579739
0.0511254
0.0445927
0.0383993
0.0325635
0.0271006
0.0220221
0.0173361
0.0130478
0.00915901
0.00566849
0.00257239
-0.000135614
-0.0024635
-0.00442129
-0.00602069
-0.00727486
-0.00819827
-0.00880644
-0.00911579
-0.00914348
-0.00890732
-0.00842519
-0.0077147
-0.00679474
-0.00568232
-0.00439751
-0.00295486
-0.001379
0.000328192
0.00211795
0.00404169
0.00593711
0.00810605
0.0098342
0.0126642
0.0130508
0.0348755
0.0396555
0.040332
0.0855086
0.0890453
0.0596138
0.0223714
-0.0118632
-0.0408142
-0.0635285
-0.0793722
-0.0878256
-0.0898458
-0.0857426
-0.0763179
-0.0626337
-0.0458074
-0.0269258
-0.00686231
0.0135824
0.033781
0.0533292
0.0719656
0.0895933
0.106107
0.121455
0.135617
0.148544
0.160178
0.170476
0.179413
0.187
0.193261
0.1982
0.20184
0.204234
0.205434
0.205511
0.204548
0.202614
0.199768
0.196078
0.191624
0.186489
0.180738
0.174435
0.167663
0.160501
0.153014
0.145254
0.137287
0.129181
0.120992
0.112768
0.104559
0.0964218
0.0884004
0.080536
0.0728649
0.0654269
0.058259
0.0513871
0.0448365
0.0386306
0.0327868
0.0273196
0.0222398
0.0175547
0.0132687
0.00938268
0.0058949
0.00280114
9.49777e-05
-0.00223201
-0.00419017
-0.00579148
-0.00704931
-0.00797829
-0.00859406
-0.00891312
-0.00895267
-0.00873041
-0.00826429
-0.00757218
-0.00667278
-0.0055834
-0.00432359
-0.00290851
-0.00136119
0.000313121
0.00207192
0.00395394
0.0058216
0.00792771
0.00965267
0.0123575
0.0128282
0.0355136
0.0405906
0.0421432
0.0846956
0.088795
0.0604355
0.0237197
-0.010407
-0.0394125
-0.0622299
-0.0782026
-0.0867972
-0.0888707
-0.0847731
-0.0753723
-0.0617072
-0.044889
-0.0260226
-0.00596289
0.0144958
0.0347137
0.0542876
0.0729533
0.0906217
0.107182
0.122575
0.136785
0.149767
0.161455
0.171805
0.180792
0.188428
0.194727
0.199695
0.203356
0.205763
0.206966
0.207033
0.206047
0.204081
0.201192
0.197448
0.192932
0.187732
0.181912
0.175535
0.168683
0.161445
0.153884
0.146054
0.138019
0.129852
0.121608
0.113334
0.10508
0.0969039
0.0888513
0.0809618
0.0732698
0.0658165
0.0586399
0.0517634
0.0452117
0.0390085
0.0331701
0.0277101
0.0226387
0.0179623
0.0136845
0.00980592
0.00632448
0.00323574
0.000532906
-0.00179277
-0.00375188
-0.00535655
-0.0066203
-0.00755785
-0.00818487
-0.00851788
-0.00857402
-0.00837074
-0.0079262
-0.00725857
-0.00638617
-0.00532678
-0.0040992
-0.00271887
-0.00120774
0.000426178
0.00214578
0.00397868
0.00580933
0.00784592
0.00955737
0.0121288
0.0126831
0.0362548
0.0415804
0.0436781
0.082925
0.0869146
0.0606904
0.0250804
-0.00855664
-0.0373407
-0.0600368
-0.0759939
-0.0846685
-0.0867582
-0.0826777
-0.0733617
-0.0597946
-0.0430758
-0.0243381
-0.00441366
0.0159338
0.0360545
0.0555384
0.0741209
0.0917294
0.108251
0.123606
0.137776
0.150729
0.162397
0.172735
0.181722
0.189366
0.195669
0.200638
0.204301
0.206707
0.207912
0.20798
0.206983
0.204994
0.202082
0.198309
0.19376
0.188525
0.18267
0.176255
0.169364
0.162087
0.154491
0.146622
0.13855
0.130357
0.122096
0.113805
0.105538
0.0973554
0.089302
0.0814155
0.0737284
0.0662837
0.0591213
0.0522608
0.0457262
0.0395424
0.0337241
0.0282839
0.0232315
0.0185726
0.0143104
0.0104453
0.00697497
0.00389461
0.00119719
-0.00112625
-0.00308643
-0.00469557
-0.00596724
-0.00691616
-0.00755799
-0.00790919
-0.00798681
-0.00780821
-0.0073915
-0.00675482
-0.00591624
-0.00489364
-0.00370535
-0.00236729
-0.000900355
0.000685207
0.00235687
0.00413283
0.00591664
0.00787689
0.00956353
0.011994
0.0126295
0.03711
0.0425939
0.0450537
0.0800709
0.08348
0.0599592
0.0263384
-0.00631248
-0.0345569
-0.0568825
-0.0726639
-0.0813537
-0.0834307
-0.0794075
-0.0702586
-0.0568878
-0.0403833
-0.0218904
-0.00224367
0.0178476
0.0377521
0.0570176
0.0754096
0.0928739
0.109261
0.124484
0.138536
0.151387
0.162966
0.173225
0.182151
0.189747
0.196019
0.20097
0.20462
0.207021
0.208227
0.208301
0.207303
0.205306
0.202389
0.19862
0.194075
0.188836
0.182978
0.176564
0.169672
0.1624
0.154812
0.146947
0.138878
0.130694
0.122446
0.114171
0.105926
0.0977712
0.0897503
0.0818975
0.0742429
0.0668329
0.0597098
0.0528873
0.0463895
0.0402432
0.0344607
0.0290542
0.0240328
0.0194018
0.0151641
0.0113196
0.007866
0.00479818
0.00210897
-0.000210697
-0.00217158
-0.0037859
-0.00506717
-0.00603005
-0.00669011
-0.00706367
-0.00716766
-0.00701937
-0.00663663
-0.00603736
-0.00523955
-0.00426093
-0.00311964
-0.00183201
-0.00041785
0.00111089
0.00272537
0.00443608
0.00616274
0.00803938
0.00968936
0.0119716
0.0126848
0.0380767
0.0435754
0.046288
0.0762959
0.0787196
0.0578368
0.027115
-0.003806
-0.031075
-0.0527307
-0.0681383
-0.0767558
-0.0788072
-0.0749028
-0.0660165
-0.052973
-0.0368328
-0.0187104
0.000513886
0.0201807
0.0397222
0.0586539
0.0767741
0.0939871
0.110124
0.125126
0.138989
0.151672
0.1631
0.173227
0.18204
0.189545
0.195746
0.200645
0.204262
0.206648
0.207856
0.207939
0.206955
0.204977
0.202083
0.198345
0.193837
0.188628
0.182799
0.176429
0.169591
0.162365
0.15482
0.147006
0.138989
0.130856
0.122662
0.114443
0.106247
0.0981446
0.0901912
0.0824072
0.0748157
0.0674688
0.0604121
0.053651
0.0472103
0.0411211
0.035392
0.0300344
0.0250578
0.0204664
0.016263
0.0124474
0.00901696
0.00596665
0.00328918
0.000975462
-0.000985205
-0.00260494
-0.00389713
-0.00487626
-0.00555774
-0.00595769
-0.00609286
-0.00598036
-0.00563772
-0.00508263
-0.00433284
-0.0034059
-0.00231969
-0.00109079
0.000261857
0.00172501
0.00327285
0.0049096
0.00656867
0.00835402
0.00995554
0.0120824
0.0128697
0.0391389
0.0444495
0.0472854
0.0718945
0.0730025
0.0544204
0.0269366
-0.00146183
-0.0271026
-0.0476669
-0.0624045
-0.0708023
-0.0728134
-0.0690822
-0.0605599
-0.0480001
-0.0324111
-0.0148254
0.00381919
0.0228691
0.0418628
0.0603595
0.078098
0.0949064
0.110693
0.125416
0.139043
0.151498
0.162711
0.17265
0.18131
0.188696
0.194802
0.199627
0.203193
0.205548
0.206748
0.206839
0.205879
0.203939
0.201095
0.19742
0.192977
0.187839
0.182088
0.175809
0.169071
0.161934
0.154473
0.146759
0.138852
0.130822
0.122729
0.114611
0.106507
0.0984994
0.0906442
0.0829448
0.0754406
0.0681937
0.0612347
0.0545602
0.0481991
0.0421889
0.0365326
0.0312406
0.0263239
0.021785
0.0176267
0.0138491
0.0104491
0.00742202
0.00476038
0.00245522
0.00049601
-0.00112915
-0.00243343
-0.00343106
-0.0041372
-0.00456772
-0.00473907
-0.00466813
-0.00437209
-0.0038683
-0.00317425
-0.00230723
-0.00128479
-0.000123566
0.00115819
0.00254634
0.00401759
0.00557096
0.00715191
0.00883706
0.0103796
0.0123404
0.0132021
0.0402604
0.0451318
0.047925
0.0670024
0.0666942
0.0501493
0.025855
0.000384161
-0.0229808
-0.0419067
-0.0555377
-0.0634004
-0.0652646
-0.0617108
-0.0536215
-0.0416958
-0.0268753
-0.0100846
0.00775373
0.025983
0.0442013
0.0620694
0.0792835
0.0956008
0.11097
0.125321
0.138573
0.150656
0.161541
0.171222
0.179698
0.186948
0.192932
0.197655
0.201151
0.203468
0.204655
0.204757
0.203829
0.201941
0.199168
0.19558
0.191241
0.186222
0.180602
0.174463
0.167869
0.16088
0.153573
0.146029
0.138304
0.130443
0.122509
0.114562
0.106648
0.098822
0.0911208
0.0835617
0.0762046
0.0691044
0.0622682
0.0557111
0.0494785
0.0435947
0.038051
0.0328578
0.0280298
0.0235687
0.0194782
0.015758
0.012405
0.0094144
0.006779
0.00449006
0.00253743
0.000909561
-0.000406357
-0.00142421
-0.00215875
-0.0026255
-0.0028405
-0.0028202
-0.00258137
-0.00214094
-0.00151593
-0.000723303
0.000219853
0.00129701
0.00249065
0.00378598
0.00516206
0.00661323
0.00809673
0.00966154
0.0111282
0.0128924
0.0138432
0.0413786
0.0455247
0.0480621
0.0618124
0.0601789
0.0455296
0.02438
0.00196369
-0.0187698
-0.0356762
-0.0478512
-0.0548294
-0.0563615
-0.0529392
-0.0453032
-0.0341159
-0.0202327
-0.00448113
0.0123172
0.0295503
0.0468108
0.0638071
0.0802826
0.095974
0.110781
0.124605
0.137346
0.148988
0.159518
0.168903
0.177115
0.18411
0.189881
0.194457
0.197873
0.200175
0.201385
0.201528
0.200664
0.198865
0.196202
0.192745
0.188557
0.183708
0.178277
0.172335
0.165948
0.159179
0.152104
0.144797
0.137309
0.129685
0.121989
0.11429
0.106634
0.0990468
0.0915675
0.0842483
0.077136
0.0702485
0.0635914
0.0572056
0.0511361
0.0453904
0.0399848
0.0349378
0.0302412
0.0258911
0.021895
0.0182546
0.0149672
0.0120289
0.00943212
0.00716845
0.00522835
0.00360081
0.00227353
0.00123314
0.000465369
-4.4737e-05
-0.000312671
-0.000354314
-0.000185826
0.000176465
0.000716115
0.00141671
0.00226173
0.00323503
0.0043198
0.00550117
0.00675979
0.00808762
0.00944896
0.0108766
0.012233
0.0138056
0.0147816
0.0424004
0.0455498
0.0476172
0.0565571
0.0538047
0.0409613
0.022873
0.00356345
-0.0143795
-0.0290784
-0.0396047
-0.0455236
-0.0466198
-0.0432806
-0.0361081
-0.0257147
-0.0128501
0.001754
0.0173902
0.0335072
0.0497079
0.0657044
0.081247
0.0961037
0.11017
0.123316
0.135469
0.146629
0.15675
0.16577
0.17364
0.180335
0.185885
0.190316
0.193644
0.195889
0.197075
0.197251
0.196471
0.194802
0.192315
0.189063
0.185097
0.180485
0.175302
0.169618
0.1635
0.157012
0.150225
0.143207
0.13601
0.128682
0.121283
0.113876
0.106503
0.0991906
0.091987
0.084951
0.0781111
0.0714709
0.0650562
0.0589156
0.0530645
0.0474977
0.0422559
0.0373427
0.0327592
0.0285317
0.0246557
0.0211159
0.0179072
0.0150306
0.012479
0.0102452
0.00832046
0.00669441
0.00535527
0.00429025
0.00348569
0.00292727
0.00260018
0.00248923
0.002579
0.00285387
0.00329811
0.00389596
0.00463162
0.00548949
0.00645353
0.0075091
0.00863835
0.00983164
0.0110594
0.0123412
0.0135761
0.0149594
0.0159399
0.0432094
0.0451798
0.0465614
0.051449
0.0478612
0.0367623
0.0216039
0.00540705
-0.00967876
-0.0220607
-0.0308423
-0.0356203
-0.0362193
-0.032924
-0.0262235
-0.0166564
-0.00486299
0.00852768
0.0229123
0.0378113
0.0528474
0.0677393
0.0822427
0.0961614
0.109377
0.121749
0.133218
0.143752
0.153298
0.161817
0.16927
0.175649
0.180966
0.185221
0.18842
0.190575
0.191729
0.191944
0.191266
0.189747
0.18744
0.184399
0.18068
0.176348
0.17147
0.166112
0.160341
0.154217
0.1478
0.141147
0.134313
0.127349
0.120312
0.113257
0.106226
0.0992523
0.0923818
0.085661
0.0791127
0.0727506
0.0666209
0.0607558
0.0551497
0.0498117
0.0447988
0.0400759
0.0356433
0.0315481
0.0277662
0.0243146
0.0211995
0.0184035
0.0159101
0.0137152
0.0118123
0.0101919
0.00884318
0.0077542
0.0069121
0.00630336
0.00591396
0.00572954
0.00573549
0.00591703
0.00625923
0.00674712
0.0073657
0.00810007
0.00893512
0.00985652
0.0108482
0.0118989
0.0129857
0.0141151
0.0152218
0.0164152
0.017378
0.0437029
0.0444379
0.0449799
0.0467439
0.0426409
0.0332105
0.0208174
0.00764761
-0.00460182
-0.0146269
-0.0216323
-0.0252368
-0.0253039
-0.022034
-0.0158095
-0.00708365
0.00361308
0.0157534
0.0288342
0.0424359
0.0562241
0.069921
0.083296
0.0961874
0.108439
0.119954
0.130655
0.140479
0.149398
0.157361
0.16433
0.17029
0.17526
0.179247
0.182253
0.184307
0.185444
0.185698
0.185114
0.183738
0.18161
0.178789
0.175341
0.171323
0.166792
0.161806
0.156423
0.150701
0.144696
0.138463
0.132054
0.125518
0.118907
0.11227
0.105647
0.0990777
0.0926022
0.0862569
0.0800679
0.074052
0.0682536
0.0626809
0.0573373
0.0522572
0.0474664
0.0429864
0.0387776
0.0348543
0.0312224
0.0278883
0.0248648
0.0221423
0.0197102
0.0175597
0.0156849
0.0140756
0.0127213
0.0116106
0.0107316
0.0100717
0.00961786
0.00935681
0.00927489
0.00935826
0.00959296
0.00996488
0.01046
0.0110642
0.0117635
0.0125439
0.0133916
0.0142934
0.0152336
0.0162055
0.0171783
0.0181837
0.0191004
0.0438306
0.0434169
0.0430984
0.0427126
0.0384274
0.0305928
0.0207617
0.0104373
0.000900685
-0.00682405
-0.0120763
-0.014521
-0.0140452
-0.0107829
-0.00502201
0.00287169
0.0124743
0.0233534
0.0351012
0.0473555
0.0598208
0.0722529
0.0844329
0.0961982
0.107415
0.11799
0.127833
0.136874
0.145087
0.152421
0.158855
0.164378
0.168981
0.172673
0.175454
0.177356
0.178407
0.178647
0.178119
0.176866
0.174927
0.172352
0.169191
0.165498
0.161327
0.156732
0.151761
0.146469
0.140913
0.135143
0.129207
0.123149
0.117016
0.110848
0.104685
0.0985668
0.0925272
0.0866014
0.080811
0.0751866
0.0697453
0.0645179
0.0595061
0.0547407
0.0502047
0.0459412
0.0419554
0.0382353
0.0348142
0.0316572
0.0287544
0.0261267
0.02377
0.0216785
0.0198452
0.0182561
0.0169033
0.015777
0.0148663
0.0141597
0.0136451
0.0133103
0.0131425
0.0131291
0.013257
0.0135131
0.0138845
0.0143578
0.0149205
0.015559
0.0162618
0.017014
0.017807
0.0186222
0.0194586
0.0202859
0.0211263
0.0436388
0.0423021
0.0412438
0.0396087
0.0354876
0.0291794
0.0216559
0.0139132
0.00687683
0.00130434
-0.00229292
-0.00363797
-0.00263627
0.000627149
0.00594377
0.0130315
0.0215628
0.0311951
0.041602
0.0524845
0.0635858
0.0746896
0.0856133
0.0961903
0.106298
0.115844
0.124753
0.132962
0.140418
0.147083
0.152934
0.157965
0.162164
0.165532
0.168079
0.169828
0.170799
0.17103
0.170555
0.16941
0.167633
0.165273
0.162377
0.158996
0.155183
0.150987
0.146452
0.141624
0.136547
0.131268
0.125831
0.120279
0.114652
0.108987
0.103322
0.0976902
0.0921225
0.0866538
0.0813009
0.076103
0.0710576
0.0662103
0.061562
0.0571246
0.0529071
0.0489076
0.0451761
0.0416857
0.0384473
0.0354602
0.0327234
0.0302265
0.0279739
0.0259635
0.0241858
0.0226316
0.021293
0.0201611
0.0192265
0.0184795
0.0179095
0.0175057
0.0172564
0.01715
0.0171746
0.0173181
0.0175687
0.017914
0.0183429
0.0188423
0.019403
0.0200089
0.0206576
0.0213211
0.0220209
0.0226852
0.0234252
0.0433032
0.0413625
0.0398122
0.0376752
0.0340269
0.0291575
0.0236638
0.0181882
0.0133586
0.00970178
0.00758912
0.00723291
0.00870827
0.0119636
0.0168533
0.02317
0.0306682
0.039087
0.0481718
0.0576816
0.0674068
0.0771568
0.086772
0.0961184
0.105074
0.113557
0.121481
0.128788
0.135442
0.141404
0.146642
0.151141
0.154898
0.157917
0.160211
0.161793
0.162685
0.1629
0.162473
0.161443
0.159844
0.157723
0.155118
0.152068
0.148622
0.144824
0.140713
0.136331
0.131723
0.126929
0.121994
0.116951
0.111844
0.1067
0.101554
0.0964365
0.0913738
0.0863901
0.0815098
0.0767522
0.0721433
0.0676911
0.0634241
0.0593415
0.0554575
0.0517746
0.0483189
0.0450818
0.0420593
0.0392649
0.0367009
0.0343522
0.0322246
0.0303105
0.0286014
0.027095
0.0257836
0.0246593
0.0237141
0.0229392
0.0223255
0.0218632
0.0215421
0.0213517
0.0212815
0.0213205
0.0214583
0.0216834
0.0219864
0.0223547
0.0227816
0.0232499
0.023763
0.0242861
0.0248576
0.0253785
0.0260146
0.0430997
0.0409052
0.0391877
0.0370919
0.034136
0.0306028
0.0268584
0.0232967
0.0203219
0.0182797
0.0174208
0.0178944
0.019755
0.0229717
0.0274453
0.0330295
0.039547
0.0468058
0.0546123
0.0627822
0.0711434
0.0795447
0.0878478
0.0959366
0.103714
0.111093
0.118005
0.124391
0.130211
0.135435
0.140036
0.143995
0.147296
0.149951
0.151971
0.153365
0.154152
0.154347
0.153975
0.153067
0.151654
0.149773
0.147461
0.144756
0.141699
0.138315
0.134646
0.130733
0.126614
0.122324
0.117901
0.113382
0.108793
0.104167
0.0995405
0.094935
0.0903753
0.0858785
0.0814701
0.0771639
0.0729896
0.0689482
0.0650668
0.0613544
0.0578142
0.0544585
0.0512882
0.0483152
0.0455342
0.0429531
0.0405669
0.0383804
0.0363874
0.0345823
0.0329609
0.0315197
0.0302525
0.0291529
0.0282137
0.0274273
0.0267854
0.0262797
0.0259014
0.0256411
0.0254899
0.025438
0.0254765
0.025595
0.0257858
0.0260367
0.0263439
0.0266889
0.0270807
0.0274784
0.0279346
0.0283292
0.0288681
0.043399
0.0412721
0.0396942
0.037983
0.0358357
0.0335039
0.0312151
0.0291999
0.0277041
0.0269402
0.0270644
0.0281721
0.0302983
0.0334224
0.0374783
0.0423656
0.0479606
0.0541259
0.0607208
0.0676064
0.0746525
0.0817372
0.0887516
0.0955996
0.102197
0.108467
0.114355
0.119814
0.124794
0.129268
0.133212
0.136613
0.139463
0.141761
0.143508
0.144709
0.145377
0.145541
0.145218
0.144428
0.1432
0.141559
0.139541
0.137179
0.1345
0.131533
0.128318
0.124887
0.121268
0.117497
0.113601
0.109614
0.105558
0.101471
0.0973742
0.0932848
0.089226
0.0852179
0.081283
0.0774392
0.0737017
0.070088
0.0666057
0.0632676
0.0600766
0.0570446
0.0541727
0.0514682
0.0489323
0.046568
0.0443747
0.0423528
0.0405
0.0388131
0.0372889
0.0359232
0.0347113
0.0336476
0.032726
0.0319401
0.031283
0.0307471
0.0303251
0.030009
0.0297909
0.0296625
0.0296163
0.029643
0.0297366
0.0298854
0.0300883
0.0303254
0.0306114
0.0308991
0.0312544
0.0315396
0.031991
0.0444797
0.0426643
0.0414474
0.0402886
0.0389533
0.0376489
0.0365176
0.0356861
0.0352949
0.0354659
0.0362884
0.0378164
0.0400684
0.0430285
0.0466523
0.0508721
0.055604
0.0607535
0.0662214
0.0719079
0.0777159
0.0835543
0.0893383
0.0949916
0.100446
0.105643
0.110531
0.115068
0.119215
0.122949
0.126247
0.129098
0.131494
0.133423
0.134889
0.135898
0.136463
0.136598
0.136318
0.135644
0.134598
0.1332
0.131476
0.129448
0.127142
0.124595
0.121833
0.11888
0.115764
0.112514
0.109153
0.105703
0.102195
0.0986464
0.0950754
0.0915032
0.0879502
0.0844381
0.080986
0.0776089
0.0743213
0.0711337
0.068055
0.0650931
0.0622553
0.059549
0.0569795
0.0545509
0.0522657
0.050126
0.0481322
0.0462846
0.0445818
0.0430221
0.0416026
0.0403204
0.0391718
0.0381526
0.0372575
0.036481
0.0358171
0.0352597
0.0348024
0.0344387
0.0341623
0.033966
0.033844
0.0337882
0.0337947
0.0338518
0.033962
0.0341038
0.0342981
0.0344922
0.034763
0.034961
0.0353362
0.0466496
0.0452845
0.0445394
0.0439621
0.0433498
0.0428653
0.0425959
0.0426048
0.0429673
0.0437481
0.0449931
0.0467287
0.0489612
0.0516774
0.0548465
0.0584235
0.0623525
0.0665699
0.0710079
0.075597
0.0802687
0.0849568
0.0895989
0.0941374
0.0985201
0.1027
0.106637
0.110297
0.113649
0.116671
0.119344
0.121656
0.123596
0.125161
0.126351
0.127169
0.127623
0.127722
0.127476
0.126904
0.126024
0.124852
0.123409
0.121713
0.119784
0.117646
0.11532
0.112828
0.110195
0.107441
0.104589
0.101656
0.0986639
0.0956311
0.0925769
0.089521
0.086481
0.0834726
0.0805096
0.0776041
0.0747657
0.0720031
0.0693249
0.0667392
0.0642537
0.061875
0.0596084
0.0574581
0.055427
0.0535174
0.0517303
0.0500662
0.0485249
0.047105
0.0458048
0.0446218
0.0435527
0.0425938
0.041741
0.0409896
0.0403351
0.0397724
0.0392966
0.0389026
0.0385853
0.0383391
0.0381597
0.0380398
0.0379777
0.0379621
0.0379979
0.038063
0.0381817
0.0383004
0.0384972
0.0386306
0.0389299
0.04971
0.0488269
0.0485455
0.0484736
0.0484289
0.048537
0.0488491
0.0493915
0.0502015
0.0513101
0.0527377
0.0544941
0.0565786
0.0589791
0.0616742
0.064634
0.0678218
0.071196
0.074712
0.0783235
0.0819833
0.0856455
0.0892659
0.0928033
0.0962193
0.0994794
0.102553
0.105412
0.108036
0.110404
0.112501
0.114317
0.115843
0.117076
0.118013
0.118656
0.11901
0.119081
0.118878
0.118411
0.117693
0.116737
0.115557
0.11417
0.112591
0.110839
0.108931
0.106884
0.104715
0.102443
0.100084
0.0976541
0.0951704
0.0926479
0.0901024
0.0875491
0.0850021
0.0824739
0.0799753
0.0775159
0.0751048
0.0727505
0.0704611
0.0682442
0.0661062
0.064053
0.0620892
0.0602187
0.0584444
0.0567684
0.0551921
0.0537161
0.0523405
0.0510646
0.0498873
0.0488068
0.0478211
0.0469273
0.0461227
0.0454039
0.0447675
0.0442096
0.0437266
0.0433143
0.0429692
0.0426864
0.0424633
0.0422933
0.0421765
0.0421024
0.0420777
0.042082
0.0421384
0.0422011
0.0423335
0.0424291
0.0426493
0.0538819
0.0534403
0.0535401
0.0538384
0.0541765
0.0546521
0.0552936
0.0561078
0.0571116
0.0583182
0.059734
0.0613602
0.0631923
0.0652202
0.0674286
0.0697974
0.0723028
0.0749179
0.0776137
0.08036
0.0831268
0.0858838
0.0886016
0.0912521
0.093809
0.0962483
0.098548
0.100689
0.102654
0.104428
0.106002
0.107364
0.10851
0.109434
0.110135
0.110613
0.110871
0.110912
0.110742
0.110368
0.109798
0.109043
0.108111
0.107015
0.105767
0.104379
0.102863
0.101233
0.0995027
0.0976844
0.0957915
0.0938367
0.0918326
0.0897914
0.0877249
0.0856444
0.083561
0.0814847
0.0794253
0.0773917
0.0753921
0.0734337
0.0715232
0.0696664
0.0678687
0.0661346
0.0644684
0.0628732
0.0613518
0.0599065
0.0585388
0.0572497
0.0560399
0.0549092
0.0538574
0.0528837
0.0519869
0.0511654
0.0504175
0.049741
0.0491336
0.0485926
0.0481154
0.047699
0.0473407
0.0470372
0.046786
0.0465832
0.0464273
0.0463132
0.0462419
0.0462046
0.046208
0.0462348
0.0463052
0.0463817
0.0465196
0.0579918
0.0579338
0.058304
0.058823
0.0593744
0.0600315
0.0608071
0.0616992
0.0627151
0.063859
0.0651314
0.06653
0.0680499
0.0696831
0.0714191
0.073245
0.0751457
0.0771044
0.0791033
0.0811233
0.0831455
0.0851513
0.0871219
0.0890396
0.0908872
0.0926489
0.0943099
0.095857
0.0972785
0.0985643
0.0997059
0.100696
0.101531
0.102205
0.102716
0.103065
0.103252
0.103278
0.103147
0.102864
0.102433
0.101862
0.101157
0.100325
0.0993754
0.0983164
0.0971569
0.0959064
0.0945743
0.09317
0.0917031
0.0901832
0.0886195
0.0870212
0.0853973
0.0837563
0.0821064
0.0804553
0.0788103
0.0771783
0.0755656
0.0739783
0.072422
0.0709019
0.0694225
0.0679881
0.0666024
0.0652685
0.0639891
0.0627664
0.0616023
0.0604981
0.0594548
0.0584728
0.0575525
0.0566935
0.0558956
0.0551578
0.0544792
0.0538587
0.0532946
0.0527856
0.0523296
0.0519251
0.0515697
0.0512621
0.0509992
0.0507804
0.0506015
0.0504634
0.0503601
0.0502951
0.0502587
0.0502601
0.0502822
0.0503452
0.0504212
0.0631248
0.06328
0.0636949
0.0642109
0.0647632
0.0653934
0.0661041
0.0668909
0.0677557
0.0686982
0.0697163
0.070807
0.0719658
0.0731867
0.0744629
0.075786
0.077147
0.0785359
0.0799421
0.0813546
0.0827619
0.0841524
0.0855147
0.0868376
0.0881106
0.0893234
0.0904667
0.0915318
0.0925109
0.0933972
0.0941847
0.0948685
0.0954445
0.09591
0.0962627
0.0965018
0.0966271
0.0966393
0.0965399
0.0963314
0.0960166
0.0955992
0.0950835
0.0944743
0.0937767
0.0929963
0.0921391
0.0912112
0.090219
0.0891691
0.0880679
0.0869223
0.0857387
0.0845237
0.0832838
0.0820252
0.0807541
0.0794764
0.0781976
0.0769232
0.0756583
0.0744076
0.0731755
0.0719662
0.0707835
0.0696306
0.0685108
0.0674268
0.0663809
0.0653752
0.0644116
0.0634913
0.0626157
0.0617855
0.0610013
0.0602636
0.0595724
0.0589276
0.0583288
0.0577757
0.0572675
0.0568035
0.0563826
0.0560041
0.0556663
0.0553688
0.0551093
0.0548881
0.0547015
0.0545517
0.0544325
0.0543498
0.0542919
0.0542729
0.05427
0.054314
0.0543625
0.0670097
0.0673781
0.0678127
0.0682941
0.0688148
0.0693806
0.0699912
0.0706453
0.0713424
0.072081
0.0728591
0.0736742
0.0745229
0.0754016
0.0763058
0.0772306
0.0781706
0.0791201
0.080073
0.0810229
0.0819632
0.0828876
0.0837895
0.0846624
0.0855002
0.086297
0.0870471
0.0877453
0.0883869
0.0889674
0.0894832
0.0899308
0.0903075
0.0906112
0.0908403
0.0909936
0.0910708
0.0910716
0.0909969
0.0908474
0.0906249
0.0903311
0.0899684
0.0895396
0.0890477
0.0884959
0.0878879
0.0872275
0.0865187
0.0857656
0.0849724
0.0841435
0.0832833
0.0823961
0.0814862
0.080558
0.0796157
0.0786634
0.0777051
0.0767447
0.075786
0.0748324
0.0738874
0.0729542
0.0720356
0.0711346
0.0702537
0.0693953
0.0685614
0.0677541
0.0669751
0.0662258
0.0655075
0.0648213
0.0641681
0.0635487
0.0629634
0.0624128
0.0618969
0.061416
0.0609697
0.060558
0.0601806
0.0598371
0.0595268
0.0592495
0.0590041
0.0587908
0.0586077
0.0584558
0.0583318
0.0582389
0.0581708
0.058135
0.0581193
0.0581402
0.0581769
0.0701377
0.0705092
0.0708908
0.0712939
0.0717245
0.0721795
0.0726587
0.0731619
0.0736881
0.0742361
0.0748046
0.0753917
0.0759953
0.0766131
0.0772424
0.0778801
0.0785233
0.0791683
0.0798118
0.0804501
0.0810792
0.0816955
0.0822952
0.0828743
0.0834293
0.0839565
0.0844525
0.084914
0.0853382
0.0857221
0.0860634
0.0863597
0.0866093
0.0868105
0.086962
0.087063
0.0871129
0.0871114
0.0870585
0.0869546
0.0868004
0.0865969
0.0863452
0.0860468
0.0857035
0.0853172
0.0848899
0.0844242
0.0839223
0.0833868
0.0828206
0.0822263
0.0816068
0.0809651
0.080304
0.0796265
0.0789355
0.0782338
0.0775245
0.0768101
0.0760936
0.0753774
0.0746641
0.0739561
0.0732557
0.0725652
0.0718865
0.0712215
0.0705721
0.0699398
0.0693262
0.0687325
0.0681601
0.0676099
0.067083
0.0665801
0.0661018
0.0656489
0.0652216
0.0648204
0.0644454
0.0640969
0.0637748
0.0634793
0.0632101
0.0629672
0.0627502
0.0625593
0.0623935
0.0622535
0.0621376
0.0620474
0.06198
0.0619386
0.0619178
0.061925
0.0619532
0.0723097
0.0726191
0.0729353
0.0732647
0.0736109
0.0739714
0.0743458
0.0747338
0.0751343
0.0755464
0.075969
0.0764008
0.0768402
0.0772857
0.0777355
0.0781878
0.0786405
0.0790915
0.0795386
0.0799795
0.080412
0.0808338
0.0812425
0.0816358
0.0820114
0.0823673
0.0827012
0.0830112
0.0832954
0.0835521
0.0837798
0.0839768
0.0841422
0.0842747
0.0843735
0.084438
0.0844677
0.0844623
0.0844218
0.0843462
0.0842359
0.0840913
0.0839132
0.0837024
0.0834599
0.0831869
0.0828846
0.0825545
0.0821981
0.0818171
0.0814131
0.0809879
0.0805435
0.0800818
0.0796046
0.079114
0.0786119
0.0781004
0.0775813
0.0770566
0.0765284
0.0759983
0.0754683
0.0749402
0.0744156
0.0738962
0.0733835
0.0728792
0.0723844
0.0719007
0.0714292
0.0709711
0.0705275
0.0700992
0.0696873
0.0692924
0.0689153
0.0685567
0.068217
0.0678968
0.0675964
0.0673162
0.0670565
0.0668174
0.0665992
0.0664019
0.0662256
0.0660703
0.0659362
0.0658231
0.065731
0.0656601
0.0656099
0.065581
0.0655724
0.0655865
0.0656237
0.0738424
0.0740935
0.0743485
0.0746113
0.0748838
0.0751645
0.0754529
0.0757487
0.0760511
0.0763594
0.0766728
0.0769905
0.0773114
0.0776346
0.0779588
0.0782829
0.0786056
0.0789256
0.0792416
0.079552
0.0798556
0.0801509
0.0804364
0.0807107
0.0809725
0.0812203
0.0814529
0.081669
0.0818674
0.0820471
0.0822069
0.082346
0.0824636
0.0825589
0.0826314
0.0826805
0.0827059
0.0827075
0.0826849
0.0826384
0.0825679
0.0824738
0.0823564
0.0822162
0.0820538
0.0818698
0.0816651
0.0814405
0.081197
0.0809356
0.0806574
0.0803636
0.0800554
0.079734
0.0794008
0.0790569
0.0787039
0.078343
0.0779756
0.0776031
0.0772268
0.0768479
0.076468
0.0760881
0.0757096
0.0753336
0.0749614
0.0745941
0.0742327
0.0738783
0.0735318
0.0731941
0.0728661
0.0725487
0.0722425
0.0719481
0.0716664
0.0713978
0.0711429
0.070902
0.0706757
0.0704642
0.0702681
0.0700873
0.0699224
0.0697732
0.0696406
0.0695237
0.0694239
0.0693397
0.0692734
0.069222
0.0691899
0.0691713
0.0691744
0.0691885
0.0692325
0.0751803
0.0753871
0.0755922
0.0758002
0.0760139
0.0762318
0.0764534
0.0766786
0.0769069
0.0771379
0.0773709
0.0776054
0.0778408
0.0780764
0.0783114
0.0785451
0.0787766
0.0790052
0.07923
0.07945
0.0796644
0.0798724
0.0800729
0.0802652
0.0804483
0.0806215
0.0807839
0.0809346
0.0810731
0.0811985
0.0813103
0.0814078
0.0814906
0.0815582
0.0816102
0.0816463
0.0816662
0.0816698
0.0816571
0.081628
0.0815825
0.0815209
0.0814433
0.08135
0.0812415
0.0811181
0.0809803
0.0808287
0.0806639
0.0804866
0.0802974
0.0800972
0.0798867
0.0796668
0.0794383
0.0792022
0.0789592
0.0787104
0.0784566
0.0781988
0.077938
0.077675
0.0774107
0.0771462
0.0768823
0.0766198
0.0763596
0.0761025
0.0758494
0.075601
0.0753581
0.0751213
0.0748913
0.0746688
0.0744543
0.0742485
0.0740518
0.0738647
0.0736878
0.0735213
0.0733657
0.0732213
0.0730886
0.0729675
0.0728589
0.0727619
0.0726785
0.0726063
0.0725491
0.0725018
0.0724721
0.072449
0.0724489
0.0724481
0.0724815
0.0724984
0.0725763
0.0760373
0.0762092
0.0763678
0.0765265
0.0766908
0.0768573
0.0770257
0.0771962
0.0773685
0.0775421
0.0777166
0.0778918
0.0780672
0.0782422
0.0784166
0.0785897
0.078761
0.0789301
0.0790963
0.0792592
0.0794181
0.0795726
0.079722
0.0798659
0.0800036
0.0801347
0.0802586
0.0803749
0.0804832
0.0805829
0.0806737
0.0807552
0.0808271
0.0808891
0.080941
0.0809826
0.0810136
0.0810341
0.0810439
0.0810431
0.0810316
0.0810095
0.0809771
0.0809343
0.0808816
0.080819
0.080747
0.0806659
0.080576
0.0804777
0.0803716
0.080258
0.0801376
0.0800107
0.0798781
0.0797401
0.0795975
0.0794507
0.0793005
0.0791474
0.078992
0.0788349
0.0786768
0.0785182
0.0783598
0.078202
0.0780456
0.0778911
0.0777389
0.0775896
0.0774438
0.0773019
0.0771643
0.0770316
0.076904
0.0767821
0.0766661
0.0765564
0.0764533
0.0763571
0.0762681
0.0761864
0.0761124
0.076046
0.0759879
0.0759373
0.0758957
0.0758612
0.075837
0.0758179
0.0758126
0.0758071
0.0758243
0.0758264
0.0758757
0.0758696
0.075979
0.0771687
0.0773314
0.0774492
0.0775589
0.0776795
0.0778016
0.0779243
0.0780488
0.0781745
0.0783011
0.0784283
0.0785558
0.0786833
0.0788105
0.078937
0.0790626
0.0791867
0.0793092
0.0794295
0.0795474
0.0796626
0.0797745
0.0798829
0.0799875
0.0800878
0.0801836
0.0802745
0.0803603
0.0804406
0.0805152
0.0805839
0.0806463
0.0807024
0.080752
0.0807948
0.0808309
0.08086
0.0808823
0.0808975
0.0809058
0.0809071
0.0809016
0.0808892
0.0808703
0.0808448
0.080813
0.0807751
0.0807314
0.080682
0.0806273
0.0805675
0.0805031
0.0804342
0.0803614
0.0802849
0.0802051
0.0801225
0.0800374
0.0799503
0.0798616
0.0797716
0.0796808
0.0795897
0.0794986
0.079408
0.0793182
0.0792297
0.0791428
0.079058
0.0789756
0.078896
0.0788195
0.0787464
0.078677
0.0786117
0.0785507
0.0784943
0.0784428
0.0783963
0.078355
0.0783192
0.0782891
0.0782647
0.0782462
0.0782337
0.0782273
0.0782273
0.0782332
0.078246
0.0782641
0.0782906
0.0783194
0.0783623
0.0783971
0.0784656
0.0784885
0.0786183
0.077459
0.0776343
0.077732
0.0778112
0.0779059
0.0780022
0.0780981
0.0781953
0.0782938
0.078393
0.0784928
0.078593
0.0786935
0.078794
0.0788942
0.078994
0.0790931
0.0791912
0.0792882
0.0793838
0.0794777
0.0795697
0.0796596
0.0797471
0.0798321
0.0799142
0.0799932
0.0800691
0.0801415
0.0802104
0.0802755
0.0803368
0.080394
0.0804471
0.080496
0.0805406
0.0805809
0.0806168
0.0806484
0.0806756
0.0806985
0.0807172
0.0807316
0.080742
0.0807484
0.0807509
0.0807497
0.080745
0.0807369
0.0807257
0.0807115
0.0806947
0.0806753
0.0806538
0.0806303
0.080605
0.0805784
0.0805506
0.080522
0.0804928
0.0804632
0.0804337
0.0804044
0.0803757
0.0803479
0.0803211
0.0802957
0.0802719
0.0802499
0.0802301
0.0802126
0.0801976
0.0801854
0.080176
0.0801698
0.0801668
0.0801672
0.080171
0.0801785
0.0801896
0.0802044
0.0802231
0.0802455
0.0802717
0.0803017
0.0803353
0.0803727
0.0804134
0.0804578
0.080505
0.0805562
0.0806084
0.0806666
0.0807203
0.0807896
0.0808328
0.0809343
0.0780201
0.0781788
0.0782608
0.0783228
0.0783993
0.0784776
0.0785552
0.078634
0.078714
0.0787948
0.0788762
0.0789583
0.0790407
0.0791234
0.0792063
0.079289
0.0793715
0.0794536
0.0795351
0.0796157
0.0796954
0.0797739
0.0798511
0.0799267
0.0800006
0.0800727
0.0801428
0.0802106
0.0802762
0.0803393
0.0803998
0.0804577
0.0805128
0.080565
0.0806143
0.0806607
0.080704
0.0807443
0.0807816
0.0808158
0.080847
0.0808752
0.0809005
0.080923
0.0809426
0.0809596
0.080974
0.080986
0.0809956
0.0810031
0.0810086
0.0810121
0.0810141
0.0810145
0.0810136
0.0810116
0.0810087
0.081005
0.0810009
0.0809965
0.0809919
0.0809875
0.0809835
0.08098
0.0809772
0.0809754
0.0809747
0.0809753
0.0809775
0.0809813
0.080987
0.0809947
0.0810045
0.0810167
0.0810312
0.0810483
0.081068
0.0810904
0.0811156
0.0811435
0.0811744
0.0812082
0.0812448
0.0812843
0.0813267
0.0813719
0.0814198
0.0814703
0.0815235
0.0815787
0.0816366
0.0816954
0.0817582
0.0818177
0.0818883
0.0819383
0.0820341
0.0782001
0.078342
0.0784097
0.0784575
0.0785193
0.078583
0.0786462
0.0787108
0.0787769
0.0788439
0.0789121
0.0789811
0.079051
0.0791216
0.0791928
0.0792644
0.0793363
0.0794083
0.0794804
0.0795523
0.0796239
0.079695
0.0797655
0.0798353
0.0799042
0.0799721
0.0800388
0.0801042
0.0801682
0.0802307
0.0802916
0.0803507
0.0804081
0.0804635
0.0805171
0.0805686
0.0806182
0.0806657
0.0807111
0.0807545
0.0807957
0.080835
0.0808722
0.0809075
0.0809408
0.0809723
0.0810021
0.0810301
0.0810566
0.0810816
0.0811052
0.0811275
0.0811488
0.0811691
0.0811885
0.0812072
0.0812254
0.0812431
0.0812607
0.0812781
0.0812956
0.0813133
0.0813315
0.0813502
0.0813696
0.0813899
0.0814112
0.0814337
0.0814575
0.0814827
0.0815096
0.0815381
0.0815685
0.0816008
0.0816351
0.0816716
0.0817102
0.0817511
0.0817942
0.0818398
0.0818876
0.0819379
0.0819905
0.0820454
0.0821026
0.082162
0.0822236
0.0822872
0.0823527
0.0824198
0.0824886
0.0825581
0.08263
0.0826994
0.0827759
0.0828373
0.0829308
0.0784721
0.0786013
0.0786581
0.0786961
0.0787478
0.0788014
0.0788548
0.0789099
0.0789666
0.0790247
0.079084
0.0791446
0.0792063
0.079269
0.0793325
0.0793968
0.0794617
0.0795271
0.0795929
0.0796588
0.0797248
0.0797907
0.0798564
0.0799217
0.0799865
0.0800507
0.0801141
0.0801767
0.0802383
0.0802987
0.080358
0.080416
0.0804727
0.0805279
0.0805816
0.0806338
0.0806844
0.0807334
0.0807807
0.0808264
0.0808704
0.0809128
0.0809536
0.0809928
0.0810304
0.0810665
0.0811013
0.0811346
0.0811667
0.0811976
0.0812274
0.0812563
0.0812843
0.0813115
0.0813381
0.0813642
0.0813899
0.0814154
0.0814409
0.0814663
0.081492
0.0815181
0.0815446
0.0815718
0.0815998
0.0816287
0.0816588
0.08169
0.0817226
0.0817567
0.0817924
0.0818299
0.0818691
0.0819104
0.0819536
0.0819989
0.0820463
0.082096
0.0821478
0.082202
0.0822584
0.0823172
0.0823782
0.0824414
0.0825069
0.0825745
0.0826441
0.0827157
0.0827892
0.0828642
0.082941
0.0830186
0.0830981
0.0831765
0.0832597
0.0833333
0.0834278
0.0785877
0.0787051
0.0787507
0.0787793
0.0788218
0.0788663
0.0789111
0.078958
0.0790068
0.0790573
0.0791094
0.0791629
0.0792179
0.0792741
0.0793315
0.0793898
0.0794489
0.0795088
0.0795693
0.0796302
0.0796914
0.0797527
0.0798141
0.0798754
0.0799364
0.0799971
0.0800572
0.0801168
0.0801756
0.0802337
0.0802908
0.080347
0.0804022
0.0804562
0.0805091
0.0805608
0.0806113
0.0806606
0.0807085
0.0807552
0.0808006
0.0808448
0.0808877
0.0809295
0.0809701
0.0810096
0.0810481
0.0810857
0.0811224
0.0811583
0.0811936
0.0812282
0.0812624
0.0812963
0.0813298
0.0813633
0.0813967
0.0814302
0.0814639
0.0814979
0.0815325
0.0815676
0.0816035
0.0816403
0.081678
0.0817168
0.0817569
0.0817983
0.0818411
0.0818855
0.0819316
0.0819796
0.0820293
0.082081
0.0821347
0.0821905
0.0822483
0.0823082
0.0823703
0.0824346
0.082501
0.0825695
0.0826402
0.0827131
0.082788
0.0828649
0.0829437
0.0830244
0.0831067
0.0831907
0.0832761
0.0833626
0.0834505
0.0835383
0.0836288
0.0837142
0.0838104
0.0787121
0.0788202
0.0788557
0.0788763
0.0789113
0.0789483
0.0789861
0.0790262
0.0790685
0.0791126
0.0791585
0.079206
0.0792551
0.0793054
0.079357
0.0794097
0.0794633
0.0795177
0.0795729
0.0796286
0.0796847
0.0797411
0.0797976
0.0798542
0.0799108
0.0799671
0.0800231
0.0800788
0.0801339
0.0801885
0.0802424
0.0802956
0.0803481
0.0803998
0.0804506
0.0805006
0.0805497
0.0805978
0.080645
0.0806913
0.0807367
0.0807812
0.0808248
0.0808676
0.0809095
0.0809507
0.0809913
0.0810312
0.0810705
0.0811094
0.081148
0.0811863
0.0812244
0.0812624
0.0813004
0.0813385
0.0813767
0.0814153
0.0814542
0.0814937
0.0815338
0.0815747
0.0816164
0.0816591
0.0817028
0.0817478
0.081794
0.0818417
0.0818908
0.0819416
0.0819942
0.0820487
0.082105
0.0821632
0.0822234
0.0822857
0.0823499
0.0824163
0.0824847
0.0825553
0.082628
0.0827028
0.0827797
0.0828587
0.0829397
0.0830228
0.0831077
0.0831945
0.083283
0.0833731
0.0834647
0.0835577
0.0836518
0.0837468
0.083843
0.0839381
0.0840354
0.0787617
0.078861
0.0788854
0.0788978
0.0789252
0.0789546
0.0789851
0.0790185
0.0790541
0.0790918
0.0791315
0.079173
0.0792161
0.0792607
0.0793067
0.0793539
0.0794023
0.0794516
0.0795018
0.0795528
0.0796044
0.0796566
0.0797092
0.079762
0.079815
0.079868
0.079921
0.0799739
0.0800266
0.080079
0.080131
0.0801826
0.0802338
0.0802845
0.0803347
0.0803844
0.0804334
0.0804819
0.0805297
0.0805769
0.0806235
0.0806695
0.0807149
0.0807597
0.080804
0.0808478
0.0808911
0.080934
0.0809767
0.0810192
0.0810616
0.0811039
0.0811463
0.0811887
0.0812313
0.081274
0.0813172
0.0813607
0.0814047
0.0814494
0.0814948
0.0815411
0.0815883
0.0816365
0.0816859
0.0817365
0.0817884
0.0818418
0.0818966
0.081953
0.0820113
0.0820715
0.0821336
0.0821976
0.0822636
0.0823315
0.0824014
0.0824732
0.0825472
0.0826231
0.0827012
0.0827812
0.0828634
0.0829475
0.0830336
0.0831217
0.0832116
0.0833034
0.0833968
0.083492
0.0835885
0.0836868
0.0837859
0.0838868
0.0839873
0.0840906
0.0841884
0.0787782
0.07887
0.078884
0.0788896
0.0789106
0.0789334
0.078958
0.0789856
0.0790158
0.0790483
0.079083
0.0791196
0.0791581
0.0791983
0.0792401
0.0792833
0.0793278
0.0793735
0.0794203
0.0794682
0.079517
0.0795664
0.0796165
0.0796671
0.0797181
0.0797694
0.0798208
0.0798723
0.0799238
0.0799752
0.0800265
0.0800776
0.0801286
0.0801793
0.0802298
0.0802799
0.0803296
0.0803788
0.0804277
0.0804761
0.0805241
0.0805716
0.0806187
0.0806655
0.0807118
0.0807578
0.0808035
0.0808489
0.0808942
0.0809394
0.0809847
0.0810302
0.0810757
0.0811215
0.0811674
0.0812136
0.0812603
0.0813074
0.0813551
0.0814034
0.0814526
0.0815026
0.0815535
0.0816056
0.0816588
0.0817133
0.0817691
0.0818263
0.081885
0.0819454
0.0820076
0.0820719
0.082138
0.0822059
0.0822755
0.0823471
0.0824205
0.0824959
0.0825733
0.0826527
0.082734
0.0828174
0.0829028
0.0829902
0.0830795
0.0831708
0.0832638
0.0833588
0.0834553
0.0835538
0.0836534
0.0837553
0.0838573
0.0839626
0.0840655
0.0841752
0.0842724
0.0787499
0.0788361
0.0788404
0.0788414
0.0788574
0.0788751
0.0788952
0.0789187
0.078945
0.0789737
0.079005
0.0790384
0.0790739
0.0791114
0.0791505
0.0791913
0.0792336
0.0792774
0.0793225
0.0793688
0.0794162
0.0794646
0.0795136
0.0795634
0.0796137
0.0796644
0.0797154
0.0797667
0.0798182
0.0798697
0.0799212
0.0799727
0.0800242
0.0800757
0.080127
0.0801782
0.080229
0.0802796
0.0803299
0.0803798
0.0804295
0.0804788
0.0805278
0.0805765
0.0806249
0.0806731
0.0807211
0.0807688
0.0808165
0.0808644
0.0809126
0.0809608
0.0810091
0.0810576
0.0811063
0.0811552
0.0812046
0.0812545
0.081305
0.0813562
0.0814081
0.081461
0.0815148
0.0815697
0.0816257
0.0816831
0.0817418
0.081802
0.0818637
0.081927
0.0819922
0.0820592
0.0821279
0.0821983
0.0822704
0.0823443
0.0824202
0.0824979
0.0825776
0.0826592
0.0827427
0.0828283
0.0829158
0.0830052
0.0830965
0.0831897
0.0832847
0.0833816
0.0834799
0.0835805
0.0836818
0.083786
0.0838894
0.0839978
0.0841015
0.0842165
0.0843119
0.0786997
0.0787827
0.0787788
0.0787779
0.0787907
0.0788051
0.0788226
0.0788436
0.0788676
0.0788943
0.0789236
0.0789554
0.0789894
0.0790255
0.0790635
0.0791032
0.0791446
0.0791875
0.0792319
0.0792778
0.0793248
0.0793729
0.0794218
0.0794716
0.0795219
0.0795729
0.0796242
0.0796759
0.0797278
0.07978
0.0798323
0.0798846
0.0799372
0.0799899
0.0800424
0.0800947
0.0801468
0.0801986
0.0802502
0.0803015
0.0803526
0.0804034
0.080454
0.0805043
0.0805543
0.0806043
0.080654
0.0807037
0.0807535
0.0808035
0.0808536
0.0809037
0.0809539
0.0810043
0.0810548
0.0811057
0.081157
0.0812088
0.0812612
0.0813142
0.081368
0.0814227
0.0814784
0.0815351
0.081593
0.0816523
0.0817128
0.0817749
0.0818386
0.0819039
0.0819708
0.0820391
0.0821091
0.0821807
0.0822542
0.0823295
0.0824066
0.0824856
0.0825665
0.0826492
0.0827339
0.0828206
0.0829091
0.0829995
0.0830917
0.0831859
0.0832816
0.0833794
0.0834784
0.08358
0.0836817
0.0837872
0.0838907
0.0840012
0.084104
0.0842232
0.0843158
0.0786385
0.0787206
0.0787094
0.078709
0.0787197
0.0787324
0.0787484
0.0787682
0.078791
0.0788169
0.0788454
0.0788765
0.07891
0.0789457
0.0789834
0.0790229
0.0790642
0.0791072
0.0791519
0.079198
0.0792453
0.0792937
0.079343
0.0793931
0.079444
0.0794954
0.0795474
0.0795997
0.0796524
0.0797055
0.0797587
0.0798122
0.0798659
0.0799197
0.0799733
0.0800267
0.0800798
0.0801328
0.0801855
0.080238
0.0802903
0.0803424
0.0803942
0.0804458
0.0804972
0.0805485
0.0805996
0.0806509
0.0807023
0.0807537
0.080805
0.0808563
0.0809077
0.0809593
0.0810111
0.0810633
0.0811158
0.0811689
0.0812225
0.0812767
0.0813317
0.0813875
0.0814443
0.0815021
0.0815612
0.0816215
0.0816831
0.0817463
0.081811
0.0818773
0.0819451
0.0820141
0.0820847
0.082157
0.082231
0.0823069
0.0823845
0.082464
0.0825453
0.0826284
0.0827134
0.0828004
0.0828891
0.0829797
0.083072
0.0831663
0.083262
0.08336
0.0834587
0.0835604
0.0836616
0.0837676
0.0838701
0.0839818
0.0840826
0.0842049
0.0842941
0.0785773
0.0786602
0.0786427
0.0786446
0.078654
0.0786661
0.0786818
0.0787012
0.0787238
0.0787494
0.0787778
0.0788089
0.0788424
0.0788782
0.0789161
0.0789559
0.0789976
0.0790411
0.0790862
0.0791328
0.0791806
0.0792295
0.0792793
0.0793301
0.0793816
0.0794337
0.0794863
0.0795395
0.079593
0.0796469
0.0797011
0.0797558
0.0798103
0.0798649
0.0799192
0.0799734
0.0800274
0.0800813
0.0801349
0.0801884
0.0802415
0.0802946
0.0803473
0.0803999
0.0804522
0.0805044
0.0805566
0.0806089
0.0806612
0.0807136
0.0807657
0.0808178
0.08087
0.0809223
0.0809749
0.0810278
0.081081
0.0811347
0.0811889
0.0812437
0.0812993
0.0813557
0.081413
0.0814714
0.0815309
0.0815916
0.0816537
0.0817173
0.0817823
0.0818489
0.0819168
0.081986
0.0820567
0.0821291
0.0822031
0.0822789
0.0823565
0.0824359
0.082517
0.0826
0.0826847
0.0827713
0.0828597
0.08295
0.0830418
0.0831356
0.0832306
0.0833281
0.083426
0.0835273
0.0836274
0.0837332
0.083834
0.0839461
0.0840443
0.0841687
0.0842541
0.078522
0.078607
0.0785839
0.0785892
0.0785975
0.0786099
0.0786255
0.0786451
0.0786677
0.0786935
0.0787222
0.0787536
0.0787875
0.0788237
0.0788619
0.0789023
0.0789446
0.0789887
0.0790343
0.0790813
0.0791295
0.079179
0.0792294
0.0792809
0.0793329
0.0793858
0.079439
0.0794929
0.0795471
0.0796018
0.0796568
0.0797123
0.0797676
0.0798228
0.0798777
0.0799326
0.0799872
0.0800417
0.0800959
0.0801501
0.0802038
0.0802576
0.0803108
0.0803641
0.0804169
0.0804698
0.0805225
0.0805754
0.0806282
0.0806811
0.0807336
0.0807862
0.0808387
0.0808914
0.0809443
0.0809975
0.081051
0.081105
0.0811594
0.0812145
0.0812702
0.0813267
0.0813841
0.0814425
0.0815021
0.0815629
0.0816249
0.0816884
0.0817533
0.0818197
0.0818873
0.0819563
0.0820267
0.0820987
0.0821724
0.0822478
0.0823249
0.0824037
0.0824843
0.0825667
0.0826508
0.0827367
0.0828243
0.0829138
0.0830047
0.0830977
0.0831916
0.0832882
0.0833849
0.0834854
0.0835839
0.0836891
0.0837878
0.0838999
0.0839951
0.0841206
0.084202
0.0784759
0.0785632
0.0785353
0.0785444
0.0785517
0.0785646
0.0785803
0.0786001
0.0786231
0.0786493
0.0786783
0.0787102
0.0787445
0.0787812
0.0788199
0.0788609
0.0789037
0.0789484
0.0789944
0.0790419
0.0790906
0.0791407
0.0791916
0.0792436
0.0792962
0.0793496
0.0794034
0.0794578
0.0795126
0.0795679
0.0796234
0.0796794
0.0797351
0.0797909
0.0798462
0.0799016
0.0799565
0.0800115
0.0800661
0.0801207
0.0801748
0.0802289
0.0802825
0.0803361
0.0803892
0.0804424
0.0804954
0.0805485
0.0806015
0.0806545
0.0807072
0.08076
0.0808126
0.0808654
0.0809183
0.0809716
0.081025
0.081079
0.0811333
0.0811883
0.0812438
0.0813002
0.0813574
0.0814156
0.0814749
0.0815354
0.0815971
0.0816602
0.0817246
0.0817905
0.0818577
0.0819261
0.081996
0.0820674
0.0821404
0.0822151
0.0822915
0.0823696
0.0824493
0.0825308
0.082614
0.082699
0.0827856
0.082874
0.0829638
0.0830557
0.0831484
0.0832439
0.0833391
0.0834385
0.0835353
0.0836396
0.0837361
0.0838477
0.0839399
0.0840657
0.0841432
0.0784394
0.0785288
0.0784967
0.0785094
0.0785158
0.0785295
0.0785454
0.0785656
0.0785889
0.0786155
0.078645
0.0786773
0.078712
0.0787492
0.0787884
0.0788299
0.0788731
0.0789182
0.0789647
0.0790126
0.0790617
0.0791122
0.0791636
0.079216
0.079269
0.0793228
0.079377
0.0794318
0.0794869
0.0795427
0.0795985
0.0796548
0.0797108
0.0797669
0.0798225
0.0798782
0.0799333
0.0799885
0.0800433
0.0800981
0.0801524
0.0802067
0.0802604
0.0803141
0.0803673
0.0804206
0.0804736
0.0805267
0.0805797
0.0806327
0.0806853
0.080738
0.0807905
0.0808433
0.080896
0.0809491
0.0810023
0.0810561
0.0811101
0.0811648
0.08122
0.081276
0.0813328
0.0813906
0.0814494
0.0815094
0.0815706
0.0816332
0.081697
0.0817623
0.0818287
0.0818965
0.0819657
0.0820363
0.0821085
0.0821824
0.0822579
0.0823351
0.0824139
0.0824944
0.0825765
0.0826604
0.0827458
0.0828332
0.0829217
0.0830124
0.0831037
0.0831979
0.0832916
0.0833898
0.0834849
0.0835881
0.0836825
0.0837934
0.0838827
0.0840082
0.084082
0.0784115
0.0785027
0.0784673
0.0784832
0.0784887
0.0785032
0.0785193
0.07854
0.0785636
0.0785906
0.0786205
0.0786532
0.0786883
0.0787258
0.0787654
0.0788072
0.0788508
0.0788963
0.078943
0.0789913
0.0790406
0.0790915
0.0791431
0.0791959
0.0792491
0.0793033
0.0793577
0.0794128
0.0794681
0.079524
0.07958
0.0796366
0.0796927
0.079749
0.0798046
0.0798605
0.0799157
0.079971
0.0800258
0.0800807
0.0801349
0.0801893
0.080243
0.0802967
0.0803498
0.0804031
0.0804559
0.080509
0.0805617
0.0806146
0.080667
0.0807196
0.0807718
0.0808243
0.0808767
0.0809296
0.0809825
0.0810359
0.0810895
0.0811438
0.0811986
0.0812541
0.0813104
0.0813677
0.0814259
0.0814854
0.0815459
0.0816079
0.081671
0.0817356
0.0818013
0.0818683
0.0819366
0.0820065
0.0820779
0.0821509
0.0822254
0.0823016
0.0823794
0.0824588
0.0825398
0.0826227
0.0827069
0.0827931
0.0828803
0.0829698
0.0830598
0.0831527
0.083245
0.0833418
0.0834353
0.0835374
0.0836298
0.0837397
0.0838265
0.0839513
0.0840217
0.078391
0.0784835
0.0784457
0.0784642
0.0784689
0.0784842
0.0785005
0.0785215
0.0785454
0.0785728
0.0786029
0.078636
0.0786713
0.0787092
0.0787491
0.0787911
0.0788349
0.0788806
0.0789275
0.0789761
0.0790256
0.0790767
0.0791285
0.0791815
0.0792349
0.0792892
0.0793437
0.079399
0.0794543
0.0795104
0.0795664
0.0796231
0.0796792
0.0797356
0.0797912
0.0798471
0.0799023
0.0799576
0.0800123
0.0800672
0.0801214
0.0801756
0.0802292
0.0802828
0.0803358
0.0803889
0.0804415
0.0804944
0.0805469
0.0805996
0.0806517
0.080704
0.0807559
0.0808082
0.0808602
0.0809127
0.0809652
0.0810183
0.0810714
0.0811253
0.0811795
0.0812346
0.0812903
0.081347
0.0814047
0.0814635
0.0815235
0.0815847
0.0816472
0.081711
0.081776
0.0818422
0.0819097
0.0819788
0.0820492
0.0821214
0.082195
0.0822702
0.082347
0.0824254
0.0825054
0.0825871
0.0826702
0.0827553
0.0828413
0.0829296
0.0830183
0.08311
0.0832009
0.0832965
0.0833885
0.0834894
0.0835801
0.0836891
0.0837736
0.0838974
0.0839647
0.0783765
0.07847
0.0784304
0.0784509
0.0784551
0.078471
0.0784874
0.0785088
0.0785329
0.0785605
0.0785908
0.0786241
0.0786596
0.0786977
0.0787377
0.07878
0.0788239
0.0788697
0.0789167
0.0789654
0.0790151
0.0790663
0.0791182
0.0791713
0.0792247
0.0792791
0.0793337
0.079389
0.0794444
0.0795005
0.0795565
0.0796132
0.0796693
0.0797257
0.0797812
0.079837
0.0798921
0.0799474
0.0800019
0.0800567
0.0801108
0.0801649
0.0802183
0.0802718
0.0803245
0.0803774
0.0804298
0.0804825
0.0805347
0.0805872
0.080639
0.080691
0.0807425
0.0807945
0.0808462
0.0808983
0.0809504
0.081003
0.0810558
0.0811092
0.0811629
0.0812175
0.0812727
0.0813288
0.0813859
0.0814442
0.0815034
0.0815641
0.0816259
0.081689
0.0817532
0.0818188
0.0818855
0.0819537
0.0820234
0.0820947
0.0821674
0.0822417
0.0823176
0.082395
0.082474
0.0825547
0.0826368
0.0827208
0.0828057
0.0828929
0.0829805
0.083071
0.0831607
0.0832552
0.0833459
0.0834456
0.0835348
0.0836428
0.0837254
0.0838482
0.0839127
0.0783669
0.0784609
0.07842
0.078442
0.0784458
0.0784621
0.0784787
0.0785003
0.0785245
0.0785523
0.0785828
0.0786162
0.0786518
0.07869
0.0787301
0.0787725
0.0788164
0.0788624
0.0789094
0.0789582
0.0790078
0.0790592
0.079111
0.0791643
0.0792176
0.0792721
0.0793266
0.079382
0.0794372
0.0794934
0.0795493
0.079606
0.0796619
0.0797183
0.0797737
0.0798295
0.0798844
0.0799396
0.079994
0.0800487
0.0801025
0.0801566
0.0802097
0.080263
0.0803156
0.0803682
0.0804204
0.0804728
0.0805248
0.080577
0.0806285
0.0806803
0.0807314
0.0807831
0.0808344
0.0808863
0.0809379
0.0809902
0.0810425
0.0810954
0.0811487
0.0812028
0.0812575
0.0813132
0.0813697
0.0814274
0.0814861
0.0815462
0.0816073
0.0816698
0.0817334
0.0817982
0.0818642
0.0819318
0.0820007
0.0820712
0.0821431
0.0822167
0.0822916
0.0823683
0.0824463
0.0825262
0.0826073
0.0826903
0.0827743
0.0828605
0.082947
0.0830365
0.0831252
0.0832186
0.0833082
0.0834069
0.0834948
0.0836019
0.0836829
0.0838047
0.0838668
0.078361
0.0784551
0.0784134
0.0784365
0.0784399
0.0784566
0.0784731
0.0784949
0.0785192
0.0785471
0.0785776
0.0786111
0.0786468
0.0786851
0.0787252
0.0787676
0.0788115
0.0788575
0.0789045
0.0789534
0.079003
0.0790544
0.0791062
0.0791595
0.0792128
0.0792673
0.0793217
0.079377
0.0794322
0.0794884
0.0795441
0.0796008
0.0796566
0.0797129
0.0797682
0.0798239
0.0798786
0.0799338
0.079988
0.0800426
0.0800962
0.0801501
0.0802031
0.0802562
0.0803085
0.080361
0.0804129
0.0804652
0.0805168
0.0805688
0.08062
0.0806716
0.0807224
0.0807738
0.0808248
0.0808763
0.0809276
0.0809795
0.0810314
0.081084
0.0811369
0.0811905
0.0812448
0.0813
0.081356
0.0814133
0.0814715
0.081531
0.0815916
0.0816536
0.0817165
0.0817808
0.0818462
0.0819131
0.0819813
0.0820512
0.0821224
0.0821952
0.0822695
0.0823454
0.0824226
0.0825017
0.082582
0.0826642
0.0827474
0.0828327
0.0829184
0.083007
0.0830947
0.0831873
0.0832759
0.0833737
0.0834606
0.0835668
0.0836465
0.0837674
0.0838273
0.0783577
0.0784517
0.0784095
0.0784333
0.0784365
0.0784533
0.0784699
0.0784917
0.078516
0.078544
0.0785745
0.0786081
0.0786438
0.0786821
0.0787222
0.0787646
0.0788085
0.0788545
0.0789015
0.0789504
0.079
0.0790514
0.0791031
0.0791564
0.0792096
0.0792641
0.0793184
0.0793737
0.0794288
0.0794849
0.0795405
0.0795972
0.0796529
0.0797091
0.0797642
0.0798199
0.0798745
0.0799295
0.0799836
0.080038
0.0800915
0.0801453
0.0801981
0.0802511
0.0803031
0.0803555
0.0804071
0.0804592
0.0805106
0.0805625
0.0806134
0.0806647
0.0807153
0.0807665
0.0808171
0.0808684
0.0809194
0.080971
0.0810226
0.0810748
0.0811273
0.0811806
0.0812345
0.0812893
0.0813449
0.0814018
0.0814595
0.0815187
0.0815787
0.0816403
0.0817027
0.0817665
0.0818313
0.0818977
0.0819654
0.0820347
0.0821053
0.0821775
0.0822511
0.0823264
0.082403
0.0824814
0.082561
0.0826426
0.082725
0.0828097
0.0828946
0.0829825
0.0830694
0.0831613
0.083249
0.0833461
0.0834322
0.0835377
0.0836163
0.0837363
0.0837946
0.0783564
0.07845
0.0784075
0.0784316
0.0784347
0.0784516
0.0784682
0.07849
0.0785144
0.0785423
0.0785729
0.0786064
0.0786421
0.0786804
0.0787205
0.0787629
0.0788068
0.0788528
0.0788997
0.0789486
0.0789981
0.0790495
0.0791012
0.0791544
0.0792076
0.0792621
0.0793162
0.0793716
0.0794265
0.0794826
0.0795381
0.0795948
0.0796503
0.0797065
0.0797615
0.0798171
0.0798715
0.0799265
0.0799804
0.0800348
0.0800881
0.0801418
0.0801944
0.0802473
0.0802992
0.0803514
0.0804028
0.0804548
0.080506
0.0805576
0.0806084
0.0806595
0.0807098
0.0807608
0.0808112
0.0808623
0.080913
0.0809644
0.0810157
0.0810676
0.0811198
0.0811729
0.0812264
0.081281
0.0813362
0.0813927
0.0814501
0.0815089
0.0815686
0.0816297
0.0816917
0.0817551
0.0818195
0.0818855
0.0819526
0.0820215
0.0820916
0.0821634
0.0822365
0.0823113
0.0823873
0.0824652
0.0825443
0.0826253
0.0827071
0.0827912
0.0828755
0.0829628
0.0830492
0.0831404
0.0832275
0.083324
0.0834093
0.0835142
0.083592
0.0837114
0.0837682
0.0783562
0.0784494
0.0784066
0.0784311
0.0784339
0.0784509
0.0784675
0.0784893
0.0785137
0.0785416
0.0785722
0.0786057
0.0786413
0.0786796
0.0787197
0.0787621
0.0788059
0.0788519
0.0788988
0.0789477
0.0789971
0.0790486
0.0791001
0.0791534
0.0792065
0.0792609
0.079315
0.0793703
0.0794252
0.0794813
0.0795367
0.0795933
0.0796487
0.0797049
0.0797597
0.0798153
0.0798696
0.0799245
0.0799783
0.0800326
0.0800858
0.0801394
0.0801919
0.0802446
0.0802964
0.0803485
0.0803998
0.0804516
0.0805026
0.0805542
0.0806047
0.0806557
0.0807059
0.0807567
0.0808069
0.0808578
0.0809083
0.0809595
0.0810105
0.0810623
0.0811143
0.0811671
0.0812204
0.0812747
0.0813297
0.0813859
0.081443
0.0815015
0.0815609
0.0816217
0.0816834
0.0817464
0.0818105
0.0818761
0.0819429
0.0820115
0.0820812
0.0821526
0.0822253
0.0822996
0.0823753
0.0824528
0.0825314
0.082612
0.0826934
0.082777
0.0828608
0.0829477
0.0830335
0.0831242
0.0832109
0.0833068
0.0833917
0.083496
0.0835732
0.083692
0.0837478
0.0783567
0.0784494
0.0784066
0.0784311
0.0784339
0.0784509
0.0784674
0.0784892
0.0785136
0.0785415
0.078572
0.0786055
0.0786412
0.0786794
0.0787195
0.0787619
0.0788057
0.0788517
0.0788985
0.0789474
0.0789968
0.0790482
0.0790997
0.0791529
0.0792059
0.0792604
0.0793144
0.0793697
0.0794245
0.0794805
0.0795359
0.0795924
0.0796478
0.079704
0.0797587
0.0798142
0.0798684
0.0799233
0.079977
0.0800313
0.0800843
0.0801379
0.0801902
0.0802429
0.0802946
0.0803466
0.0803978
0.0804495
0.0805004
0.0805519
0.0806022
0.0806531
0.0807032
0.0807539
0.0808039
0.0808547
0.080905
0.0809561
0.0810069
0.0810585
0.0811103
0.081163
0.0812161
0.0812702
0.081325
0.081381
0.0814379
0.0814962
0.0815553
0.0816159
0.0816773
0.0817402
0.081804
0.0818694
0.0819359
0.0820041
0.0820736
0.0821447
0.0822171
0.0822911
0.0823665
0.0824437
0.0825219
0.0826022
0.0826832
0.0827665
0.08285
0.0829365
0.083022
0.0831124
0.0831986
0.0832942
0.0833786
0.0834826
0.0835594
0.0836777
0.0837327
0.0783576
0.0784498
0.0784069
0.0784315
0.0784342
0.0784512
0.0784677
0.0784895
0.0785139
0.0785417
0.0785723
0.0786057
0.0786414
0.0786796
0.0787196
0.078762
0.0788058
0.0788518
0.0788986
0.0789474
0.0789968
0.0790482
0.0790997
0.0791529
0.0792059
0.0792603
0.0793142
0.0793695
0.0794242
0.0794803
0.0795356
0.0795921
0.0796474
0.0797036
0.0797582
0.0798137
0.0798679
0.0799227
0.0799763
0.0800306
0.0800835
0.0801371
0.0801893
0.080242
0.0802935
0.0803455
0.0803966
0.0804482
0.0804991
0.0805504
0.0806007
0.0806515
0.0807015
0.0807521
0.080802
0.0808527
0.0809029
0.0809538
0.0810046
0.0810561
0.0811078
0.0811603
0.0812132
0.0812672
0.0813219
0.0813777
0.0814345
0.0814926
0.0815516
0.081612
0.0816733
0.0817359
0.0817995
0.0818647
0.0819311
0.0819991
0.0820684
0.0821393
0.0822115
0.0822853
0.0823604
0.0824374
0.0825154
0.0825955
0.0826763
0.0827593
0.0828426
0.0829288
0.0830141
0.0831041
0.0831902
0.0832854
0.0833696
0.0834732
0.0835498
0.0836678
0.0837222
0.0783584
0.0784503
0.0784075
0.078432
0.0784347
0.0784517
0.0784682
0.07849
0.0785143
0.0785422
0.0785727
0.0786061
0.0786418
0.07868
0.07872
0.0787624
0.0788061
0.0788521
0.0788989
0.0789477
0.0789971
0.0790484
0.0790999
0.0791531
0.0792061
0.0792605
0.0793144
0.0793697
0.0794243
0.0794804
0.0795356
0.0795922
0.0796474
0.0797035
0.0797582
0.0798137
0.0798677
0.0799226
0.0799761
0.0800303
0.0800832
0.0801367
0.0801889
0.0802416
0.0802931
0.080345
0.080396
0.0804476
0.0804984
0.0805497
0.0805999
0.0806507
0.0807005
0.0807511
0.080801
0.0808516
0.0809017
0.0809526
0.0810033
0.0810547
0.0811062
0.0811587
0.0812116
0.0812654
0.08132
0.0813758
0.0814324
0.0814904
0.0815493
0.0816096
0.0816708
0.0817333
0.0817968
0.0818619
0.0819281
0.081996
0.0820651
0.0821359
0.0822079
0.0822817
0.0823566
0.0824334
0.0825113
0.0825912
0.0826719
0.0827548
0.0828379
0.0829239
0.083009
0.0830989
0.0831848
0.0832798
0.0833638
0.0834672
0.0835436
0.0836613
0.0837156
0.0783592
0.0784508
0.0784081
0.0784325
0.0784352
0.0784522
0.0784687
0.0784904
0.0785148
0.0785426
0.0785731
0.0786066
0.0786422
0.0786804
0.0787204
0.0787628
0.0788065
0.0788525
0.0788992
0.0789481
0.0789974
0.0790488
0.0791002
0.0791534
0.0792064
0.0792608
0.0793147
0.0793699
0.0794246
0.0794806
0.0795358
0.0795924
0.0796476
0.0797037
0.0797583
0.0798138
0.0798679
0.0799227
0.0799762
0.0800304
0.0800833
0.0801367
0.0801889
0.0802415
0.080293
0.0803449
0.0803959
0.0804475
0.0804982
0.0805495
0.0805997
0.0806504
0.0807002
0.0807507
0.0808005
0.0808511
0.0809012
0.080952
0.0810026
0.081054
0.0811055
0.0811579
0.0812107
0.0812646
0.0813191
0.0813748
0.0814313
0.0814893
0.0815481
0.0816084
0.0816695
0.081732
0.0817953
0.0818604
0.0819265
0.0819944
0.0820634
0.0821341
0.0822061
0.0822797
0.0823546
0.0824313
0.0825091
0.0825889
0.0826695
0.0827523
0.0828353
0.0829212
0.0830062
0.083096
0.0831818
0.0832767
0.0833607
0.0834639
0.0835402
0.0836578
0.0837121
0.0783598
0.0784513
0.0784087
0.0784331
0.0784358
0.0784528
0.0784692
0.078491
0.0785153
0.0785432
0.0785737
0.0786071
0.0786427
0.0786809
0.0787209
0.0787633
0.078807
0.078853
0.0788997
0.0789486
0.0789979
0.0790493
0.0791007
0.0791539
0.0792068
0.0792612
0.0793151
0.0793704
0.079425
0.0794811
0.0795363
0.0795928
0.079648
0.0797041
0.0797587
0.0798142
0.0798682
0.079923
0.0799765
0.0800307
0.0800836
0.0801371
0.0801892
0.0802418
0.0802933
0.0803451
0.0803961
0.0804477
0.0804984
0.0805497
0.0805998
0.0806505
0.0807003
0.0807508
0.0808006
0.0808512
0.0809013
0.080952
0.0810027
0.081054
0.0811055
0.0811578
0.0812107
0.0812645
0.0813189
0.0813746
0.0814312
0.0814891
0.0815479
0.0816081
0.0816692
0.0817316
0.081795
0.08186
0.0819261
0.0819939
0.0820629
0.0821336
0.0822055
0.0822791
0.0823539
0.0824306
0.0825084
0.0825882
0.0826687
0.0827514
0.0828344
0.0829203
0.0830053
0.083095
0.0831807
0.0832756
0.0833595
0.0834627
0.083539
0.0836565
0.0837109
0.0783604
0.0784517
0.0784091
0.0784335
0.0784362
0.0784532
0.0784697
0.0784914
0.0785158
0.0785436
0.0785741
0.0786075
0.0786432
0.0786814
0.0787214
0.0787637
0.0788075
0.0788534
0.0789002
0.078949
0.0789983
0.0790497
0.0791011
0.0791543
0.0792073
0.0792616
0.0793156
0.0793708
0.0794255
0.0794815
0.0795367
0.0795932
0.0796484
0.0797045
0.0797591
0.0798146
0.0798686
0.0799234
0.0799769
0.0800311
0.080084
0.0801374
0.0801896
0.0802422
0.0802936
0.0803455
0.0803965
0.080448
0.0804987
0.08055
0.0806002
0.0806509
0.0807007
0.0807512
0.0808009
0.0808515
0.0809016
0.0809523
0.0810029
0.0810543
0.0811058
0.0811581
0.0812109
0.0812647
0.0813192
0.0813749
0.0814314
0.0814893
0.0815481
0.0816083
0.0816694
0.0817318
0.0817952
0.0818602
0.0819263
0.0819941
0.082063
0.0821337
0.0822056
0.0822792
0.082354
0.0824307
0.0825085
0.0825882
0.0826687
0.0827515
0.0828344
0.0829204
0.0830053
0.083095
0.0831807
0.0832756
0.0833595
0.0834627
0.0835389
0.0836564
0.0837109
0.0203996
0.0204868
0.0235329
0.0256845
0.0285224
0.0312615
0.034045
0.036312
0.0374376
0.0362083
0.0310925
0.020688
0.00710645
-0.00829478
-0.0211536
-0.0268442
-0.0220936
-0.00525193
0.0220734
0.055191
0.0846993
0.109461
0.123448
0.132815
0.129263
0.127477
0.109012
0.105371
0.0830998
0.0869783
0.053856
0.0707027
-0.0229479
0.0198562
0.0199454
0.0229441
0.0250875
0.0278731
0.0305563
0.0332506
0.0354165
0.0364517
0.0352003
0.0302665
0.0203305
0.00731719
-0.00743289
-0.0197532
-0.0251745
-0.0204854
-0.00403632
0.0226751
0.0551324
0.0841531
0.108616
0.12245
0.131696
0.128098
0.126289
0.108061
0.104646
0.0826587
0.0868156
0.0535813
0.0704812
-0.0230463
0.019306
0.0194251
0.0223473
0.0244866
0.0272081
0.0298308
0.0324316
0.0344942
0.0354403
0.034172
0.0294218
0.0199569
0.00752058
-0.00656564
-0.0183297
-0.0234611
-0.0188175
-0.00275246
0.0233321
0.0551082
0.0836213
0.107762
0.121423
0.130531
0.126877
0.125041
0.107062
0.103885
0.0822018
0.0866416
0.0533143
0.0702739
-0.0231728
0.0187623
0.0189227
0.0217505
0.0238857
0.0265338
0.0290919
0.0315958
0.0335551
0.0344154
0.033139
0.0285746
0.019582
0.00772869
-0.0056862
-0.0168813
-0.0217107
-0.0170985
-0.00140902
0.0240385
0.0551158
0.0831028
0.106896
0.120365
0.129317
0.125598
0.12373
0.106009
0.103083
0.081726
0.0864495
0.0530613
0.0700685
-0.0233347
0.0182322
0.0184417
0.0211607
0.0232892
0.0258566
0.0283465
0.0307511
0.0326086
0.033386
0.0321118
0.0277387
0.0192185
0.00795338
-0.00478457
-0.0154003
-0.0199171
-0.0153261
-5.68396e-06
0.0247963
0.0551568
0.0825978
0.10602
0.119275
0.128052
0.124259
0.122352
0.104902
0.102238
0.0812311
0.0862379
0.0528303
0.0698549
-0.0235048
0.017726
0.0179891
0.0205886
0.0227051
0.0251856
0.0276041
0.0299053
0.0316627
0.0323637
0.0311018
0.0269263
0.0188787
0.00820671
-0.00384901
-0.0138781
-0.0180731
-0.0134964
0.00145902
0.0256074
0.055233
0.0821068
0.105132
0.118152
0.126733
0.122857
0.120905
0.103739
0.101353
0.0807159
0.0860055
0.0526382
0.0695896
-0.023651
0.0172528
0.0175724
0.0200446
0.0221414
0.0245306
0.026874
0.0290691
0.0307281
0.0313606
0.0301211
0.0261493
0.0185751
0.00850157
-0.00286687
-0.0123041
-0.0161702
-0.0116036
0.00298782
0.0264736
0.0553455
0.0816293
0.104231
0.116993
0.125359
0.121388
0.119385
0.102519
0.100425
0.0801781
0.0857517
0.0524837
0.0692419
-0.0237764
0.0168219
0.0172001
0.0195399
0.021608
0.0239034
0.0261656
0.0282553
0.0298183
0.0303872
0.0291807
0.0254196
0.0183202
0.00885007
-0.00182654
-0.0106674
-0.0141988
-0.00964057
0.004585
0.0273978
0.0554958
0.0811653
0.103316
0.115797
0.123925
0.119851
0.117791
0.10124
0.0994548
0.0796141
0.0854979
0.0523195
0.0688317
-0.0239306
0.0164461
0.0168845
0.0190885
0.021118
0.0233187
0.0254912
0.027475
0.0289445
0.0294564
0.0282931
0.0247495
0.0181251
0.00926308
-0.000717012
-0.00895727
-0.0121488
-0.00759871
0.00625621
0.0283836
0.0556859
0.0807146
0.102385
0.114561
0.122429
0.118243
0.11612
0.099905
0.0984419
0.0790238
0.0852579
0.0521153
0.0684236
-0.0241609
0.0161403
0.0166403
0.0187059
0.0206867
0.0227906
0.0248646
0.0267419
0.0281201
0.0285817
0.0274712
0.0241515
0.0180018
0.00975153
0.000472256
-0.00716322
-0.0100102
-0.00546915
0.008008
0.0294354
0.0559185
0.0802782
0.101437
0.113283
0.12087
0.116562
0.114372
0.0985138
0.0973859
0.0784127
0.0850117
0.0518598
0.0680842
-0.0244567
0.0159227
0.0164849
0.0184115
0.0203345
0.0223328
0.0243011
0.026071
0.0273603
0.027778
0.0267293
0.0236393
0.0179626
0.0103266
0.00175146
-0.00527544
-0.00777357
-0.00324326
0.00984711
0.030558
0.0561968
0.0798573
0.100473
0.111963
0.119246
0.114808
0.112547
0.0970735
0.0962813
0.0777911
0.0847513
0.0515481
0.0678403
-0.0247939
0.0158167
0.0164396
0.0182277
0.020079
0.0219613
0.0238174
0.0254786
0.026681
0.0270611
0.026082
0.0232267
0.0180205
0.0109994
0.00312992
-0.00328559
-0.00543131
-0.000914131
0.0117791
0.0317555
0.0565239
0.0794539
0.099494
0.110602
0.11756
0.112982
0.110646
0.0955827
0.0951333
0.0771609
0.0844812
0.0511974
0.0676667
-0.0251476
0.0158332
0.0165243
0.0181775
0.0199338
0.0216931
0.0234312
0.0249822
0.0260996
0.0264476
0.0255445
0.0229272
0.0181867
0.0117784
0.00461347
-0.00118955
-0.00298019
0.0015216
0.0138077
0.0330324
0.0569047
0.0790734
0.0985039
0.109203
0.115813
0.111085
0.108678
0.0940271
0.0939566
0.0765224
0.0841889
0.0508386
0.0675097
-0.0254959
0.0160797
0.0168586
0.0183473
0.0199692
0.0215896
0.0231909
0.0246171
0.0256405
0.0259551
0.0251351
0.0227708
0.0185175
0.0127544
0.00633202
0.00117473
-0.000243769
0.00423118
0.0160666
0.0344716
0.057367
0.0787027
0.0974598
0.107712
0.11394
0.109056
0.106587
0.0923743
0.0927377
0.0758684
0.0838706
0.0505146
0.0673562
-0.0258095
0.0166445
0.0174697
0.0187856
0.0202457
0.0217116
0.0231582
0.024445
0.0253651
0.0256443
0.0249121
0.0228121
0.0190601
0.0139679
0.00831849
0.00383624
0.00280661
0.00724474
0.0185879
0.0361046
0.0579398
0.0783618
0.0963731
0.10613
0.111933
0.106885
0.104342
0.0906289
0.0914655
0.0751887
0.0835159
0.0502592
0.0671648
-0.0261118
0.0174723
0.0183001
0.0194577
0.0207523
0.0220618
0.0233511
0.0244967
0.0253139
0.0255602
0.0249169
0.0230775
0.0198112
0.0153741
0.010481
0.00666302
0.00601632
0.0104098
0.0212441
0.0378478
0.0585875
0.0780546
0.0952765
0.104505
0.109858
0.104611
0.102014
0.0888307
0.0901643
0.0744875
0.0831371
0.0500762
0.0669657
-0.0263815
0.0186006
0.0194004
0.020415
0.0215436
0.0226937
0.023823
0.0248243
0.0255363
0.0257483
0.0251893
0.0235997
0.0207959
0.0169886
0.0128252
0.00965293
0.0093789
0.0137203
0.0240323
0.0397029
0.0593167
0.0777906
0.0941784
0.102844
0.1077
0.10224
0.0996093
0.0869773
0.0888311
0.0737542
0.0827575
0.0499078
0.0667686
-0.0266233
0.0200463
0.0208041
0.0216849
0.02265
0.0236406
0.0246094
0.0254648
0.0260697
0.0262439
0.0257611
0.0244045
0.0220327
0.0188204
0.0153494
0.0127948
0.0128768
0.017157
0.0269354
0.0416603
0.0601264
0.077573
0.0930801
0.101148
0.105448
0.0997876
0.0971251
0.0850653
0.0874636
0.0729848
0.0824172
0.0497246
0.0665843
-0.0268354
0.0218451
0.0225402
0.0232912
0.0240976
0.0249296
0.0257385
0.0264475
0.0269434
0.0270749
0.0266569
0.0255117
0.0235354
0.0208749
0.0180503
0.0160767
0.0164918
0.0207004
0.0299387
0.0437154
0.0610209
0.0773978
0.0919902
0.0994021
0.103127
0.0972534
0.0945565
0.0830893
0.0860577
0.0721767
0.0821534
0.0495206
0.0664168
-0.0270213
0.0239668
0.0245821
0.0252112
0.02587
0.0265501
0.0272061
0.0277749
0.0281652
0.0282529
0.0278904
0.0269357
0.0253178
0.0231624
0.0209318
0.0194949
0.0202142
0.0243389
0.0330354
0.0458661
0.0619952
0.0772687
0.0909128
0.0976266
0.100747
0.0946319
0.0918941
0.0810451
0.0846166
0.071337
0.0819669
0.0493051
0.0662654
-0.0271899
0.0264182
0.026948
0.0274634
0.0279867
0.0285247
0.029037
0.0294724
0.0297602
0.0298016
0.0294826
0.028693
0.0273892
0.0256806
0.0239751
0.0230112
0.0239886
0.0280087
0.0361573
0.0480554
0.0630065
0.0771872
0.0898813
0.0958965
0.0983983
0.0920337
0.0892653
0.0790437
0.0832389
0.0705335
0.0818369
0.0491352
0.066221
-0.0272785
0.0291556
0.0296024
0.0300133
0.0304141
0.0308231
0.0312048
0.0315191
0.0317133
0.0317113
0.0314276
0.0307805
0.0297477
0.0284266
0.0271745
0.0266146
0.027794
0.0316833
0.039292
0.0502547
0.0640555
0.0771728
0.0889241
0.0942309
0.096111
0.0894939
0.0867133
0.0771311
0.0819587
0.0698049
0.0817274
0.0490024
0.0662045
-0.0273329
0.0321833
0.0325541
0.0328707
0.0331637
0.0334586
0.0337248
0.0339321
0.0340424
0.0339985
0.0337396
0.0332074
0.0323993
0.0314048
0.0305392
0.030326
0.0316699
0.0353962
0.042444
0.0524973
0.0651843
0.0772336
0.0880184
0.0925919
0.0938185
0.086927
0.0841518
0.0752417
0.0807255
0.0691267
0.081624
0.0489011
0.0662355
-0.0273481
0.0354638
0.0357699
0.0360075
0.0362117
0.036411
0.0365794
0.0366942
0.0367316
0.0366504
0.0364119
0.0359757
0.0353558
0.0346324
0.0340794
0.0341394
0.0355956
0.0391457
0.0456442
0.054825
0.0664001
0.077361
0.0871649
0.0909674
0.0914963
0.0843044
0.0815655
0.0733581
0.0795297
0.0684975
0.0815035
0.0488192
0.0662964
-0.0273358
0.0390269
0.039275
0.0394477
0.0395794
0.0396964
0.0397771
0.039807
0.039772
0.0396476
0.0394119
0.0390456
0.0385749
0.0380746
0.0377848
0.0380687
0.039597
0.0429588
0.0489193
0.0572174
0.0676796
0.0775568
0.0863609
0.0893457
0.0891224
0.0816007
0.0789432
0.071471
0.0783711
0.0679056
0.0813645
0.0487503
0.06638
-0.0273016
0.0427581
0.0429585
0.0430883
0.0431713
0.0432275
0.0432409
0.0432047
0.0431126
0.0429527
0.0427189
0.0424085
0.0420574
0.0417377
0.0416591
0.0421147
0.0436692
0.0468077
0.0522126
0.0596504
0.0690308
0.0778252
0.0856051
0.0877148
0.086676
0.0787985
0.0762686
0.0695682
0.0772543
0.0673194
0.0812094
0.0486886
0.0664839
-0.02725
0.0466567
0.0468164
0.0469217
0.0469729
0.0469837
0.0469478
0.0468622
0.0467282
0.0465428
0.0463115
0.0460413
0.0457757
0.0455824
0.0456459
0.046209
0.0477478
0.0506534
0.0555257
0.0621369
0.0704575
0.0781694
0.0848976
0.086065
0.0841394
0.0758971
0.0735239
0.0676342
0.0761882
0.0667317
0.0810327
0.048631
0.0666038
-0.027184
0.0505845
0.0507201
0.0508145
0.0508458
0.0508247
0.050753
0.0506311
0.050465
0.0502598
0.0500298
0.0497918
0.0495949
0.0495051
0.0496843
0.0503298
0.0518351
0.0545079
0.0588627
0.0646788
0.0719699
0.0785997
0.0842445
0.084393
0.081497
0.0728955
0.0706968
0.0656546
0.0751427
0.0661577
0.0808302
0.0485756
0.0667328
-0.0271047
0.0545183
0.0546441
0.0547262
0.0547415
0.0547014
0.0546098
0.0544697
0.0542908
0.0540835
0.0538682
0.0536679
0.0535345
0.0535305
0.0537972
0.0544945
0.0559461
0.0583874
0.062249
0.067307
0.0735912
0.0791321
0.0836549
0.0827017
0.0787546
0.0697748
0.0677841
0.0636306
0.0740749
0.0656001
0.0806063
0.0485235
0.0668647
-0.0270132
0.058301
0.0584328
0.0585098
0.0585217
0.0584837
0.0583968
0.0582651
0.0581006
0.0579166
0.0577373
0.0575896
0.0575272
0.0576087
0.057958
0.0587026
0.0601025
0.0623249
0.0657168
0.0700417
0.0753368
0.0797817
0.0831422
0.0809998
0.0759156
0.0665293
0.0647883
0.0615813
0.0729858
0.0650419
0.0803695
0.0484801
0.0669963
-0.0269108
0.062054
0.0621964
0.0622798
0.0623003
0.0622773
0.0622099
0.062103
0.0619708
0.0618281
0.0617021
0.0616215
0.0616402
0.0618103
0.0622402
0.0630229
0.0643648
0.0663673
0.0692987
0.0729075
0.0772292
0.0805702
0.082725
0.0792942
0.0729822
0.0631577
0.0617114
0.0595084
0.0718965
0.0644666
0.0801248
0.0484538
0.0671268
-0.0267989
0.0657273
0.0658921
0.0659947
0.066035
0.0660371
0.066
0.0659301
0.0658438
0.0657581
0.0657017
0.0657047
0.0658175
0.0660867
0.0666012
0.0674251
0.0687113
0.0705006
0.0729903
0.0758992
0.0792717
0.0814978
0.082432
0.077599
0.0699685
0.0596521
0.0585635
0.0573957
0.0708124
0.0638735
0.0798783
0.0484512
0.0672603
-0.0266777
0.0693219
0.069494
0.0696047
0.0696602
0.0696885
0.0696886
0.0696691
0.0696476
0.0696434
0.0696842
0.0698007
0.0700369
0.0704327
0.0710537
0.0719369
0.0731808
0.0747629
0.0768249
0.0790359
0.081464
0.0825813
0.0823011
0.0759436
0.0668759
0.0560141
0.0553443
0.0552684
0.0697197
0.0632749
0.0796526
0.0484701
0.0674067
-0.0265485
0.0726315
0.0728041
0.0729197
0.0729972
0.0730684
0.0731313
0.0731953
0.0732788
0.0734004
0.0735866
0.0738635
0.0742693
0.0748287
0.075587
0.0765428
0.0777432
0.0791128
0.0807242
0.0822538
0.0837612
0.0838372
0.0823632
0.0743524
0.063713
0.0522675
0.0520471
0.053156
0.0686164
0.062683
0.0794775
0.0485153
0.0675749
-0.0264249
0.0759417
0.0760781
0.0761618
0.0762339
0.0763313
0.0764495
0.0765981
0.0767949
0.0770571
0.077407
0.0778667
0.0784616
0.0792064
0.0801107
0.081151
0.0822985
0.0834645
0.0846279
0.085531
0.0861728
0.0852927
0.0826654
0.0728388
0.0604884
0.0484427
0.0487412
0.0510386
0.0675296
0.0621424
0.0793537
0.0486193
0.0677762
-0.0262802
0.078583
0.0786999
0.0787871
0.0788914
0.079046
0.0792507
0.0795178
0.0798644
0.0803096
0.0808706
0.0815688
0.082412
0.0834071
0.0845164
0.0856941
0.086817
0.0878023
0.0885245
0.0888366
0.0886661
0.0869482
0.0832155
0.071393
0.0572041
0.0445456
0.0454695
0.0489476
0.0665344
0.0616969
0.0793173
0.0488262
0.0680689
-0.0258005
0.0809212
0.0809878
0.081055
0.0811685
0.0813499
0.0816057
0.0819514
0.0824055
0.0829863
0.083711
0.0845954
0.0856387
0.0868307
0.0880975
0.0893563
0.0904119
0.0911964
0.0915206
0.0913706
0.0906155
0.0884246
0.0839289
0.0704042
0.0545803
0.0412849
0.0427431
0.0472447
0.0658472
0.061431
0.0794214
0.0490716
0.068294
-0.0260509
0.0820223
0.0820641
0.0821193
0.0822458
0.0824602
0.0827703
0.0831931
0.0837478
0.0844522
0.0853235
0.0863745
0.0875989
0.0889743
0.0903942
0.0917422
0.0927673
0.0934233
0.0934872
0.0930381
0.091929
0.0894542
0.0844066
0.0696265
0.052663
0.0390338
0.040988
0.046228
0.0654831
0.061385
0.0795969
0.0493315
0.0685297
-0.0258409
0.0829312
0.082958
0.0830063
0.0831448
0.0833852
0.083736
0.0842161
0.084845
0.085642
0.0866239
0.0878048
0.0891723
0.0906985
0.0922363
0.0936447
0.0946145
0.0951443
0.0949739
0.0942808
0.092906
0.090175
0.0847357
0.0689404
0.0510953
0.0372353
0.0396532
0.0455465
0.0652797
0.0614634
0.0798217
0.0495994
0.0687351
-0.0257463
0.0834482
0.0834744
0.0835303
0.0836884
0.0839572
0.0843467
0.0848782
0.0855717
0.0864491
0.0875272
0.0888243
0.0903213
0.0919904
0.0936361
0.0951005
0.0960141
0.0964373
0.0960671
0.0951752
0.0935604
0.090583
0.0848814
0.0683131
0.0497892
0.0358059
0.0386522
0.045093
0.0652267
0.0616202
0.0800749
0.0498583
0.068914
-0.0256807
0.0838504
0.0838772
0.08394
0.0841129
0.0844015
0.0848179
0.0853856
0.086125
0.0870617
0.0882123
0.0896013
0.0912045
0.0929965
0.09473
0.0962335
0.0970829
0.0974073
0.0968566
0.0957692
0.0938945
0.0907305
0.0848786
0.0677398
0.0486937
0.0346757
0.0379381
0.0448137
0.0652928
0.0618313
0.0803417
0.0501001
0.0690683
-0.0256256
0.0840914
0.0841199
0.0841924
0.0843804
0.084687
0.0851265
0.0857244
0.0865011
0.0874861
0.0886957
0.0901615
0.0918562
0.0937571
0.0955649
0.0970956
0.097881
0.0981124
0.0973859
0.0960821
0.0939603
0.0906868
0.0847748
0.0672126
0.0477751
0.0337878
0.0374483
0.0446881
0.0654405
0.0620769
0.0806099
0.0503192
0.0691988
-0.0255816
0.0842564
0.0842842
0.0843641
0.0845634
0.0848827
0.0853387
0.0859582
0.0867616
0.0877825
0.0890364
0.0905626
0.0923332
0.0943259
0.0961931
0.097739
0.098462
0.0985935
0.0976814
0.0961533
0.0938371
0.0905203
0.0846047
0.0667237
0.047007
0.0331053
0.037128
0.0446899
0.0656422
0.0623407
0.0808697
0.0505131
0.0693076
-0.0255473
0.084349
0.0843741
0.0844614
0.0846699
0.0849992
0.0854677
0.0861034
0.0869264
0.0879741
0.0892613
0.0908344
0.0926676
0.0947367
0.0966513
0.0982027
0.0988615
0.0988758
0.0977741
0.0960467
0.0935969
0.0902875
0.0843934
0.0662659
0.0463666
0.032597
0.0369408
0.0447874
0.0658779
0.0626095
0.0811143
0.0506812
0.069397
-0.0255208
0.0843948
0.0844154
0.0845096
0.0847244
0.0850607
0.0855376
0.0861844
0.0870206
0.0880871
0.0893979
0.0910058
0.0928882
0.095018
0.0969706
0.0985183
0.0991045
0.0989862
0.0977105
0.0958266
0.0932947
0.0900265
0.0841602
0.0658377
0.0458349
0.0322329
0.0368605
0.0449522
0.0661313
0.0628734
0.0813389
0.0508244
0.0694697
-0.0255007
0.0844037
0.0844186
0.0845202
0.084739
0.0850802
0.0855627
0.0862166
0.0870614
0.0881406
0.0894674
0.0911003
0.0930196
0.0951952
0.0971771
0.0987099
0.0992125
0.0989602
0.0975403
0.095544
0.0929697
0.0897582
0.0839146
0.0654416
0.0453963
0.0319848
0.036865
0.0451609
0.0663895
0.063125
0.0815407
0.0509445
0.0695282
-0.0254857
0.0843859
0.0843949
0.0845042
0.0847248
0.0850694
0.0855549
0.086213
0.0870628
0.0881497
0.0894867
0.091136
0.093082
0.0952919
0.0972923
0.098797
0.0992105
0.0988372
0.097307
0.0952353
0.0926468
0.0894955
0.0836603
0.0650781
0.0450377
0.0318281
0.0369339
0.0453946
0.0666426
0.0633591
0.0817187
0.051044
0.0695747
-0.0254746
0.084349
0.0843526
0.0844695
0.0846902
0.085037
0.0855238
0.0861838
0.087036
0.0881267
0.0894694
0.0911282
0.0930926
0.0953273
0.0973347
0.0987989
0.099126
0.0986531
0.0970428
0.0949251
0.0923391
0.089245
0.0834015
0.0647469
0.0447478
0.0317418
0.0370487
0.0456385
0.0668833
0.0635725
0.0818728
0.0511253
0.0696114
-0.0254666
0.0842994
0.0842986
0.0844227
0.0846422
0.0849903
0.0854771
0.0861374
0.08699
0.0880818
0.0894267
0.0910895
0.0930654
0.0953167
0.0973199
0.0987358
0.0989859
0.0984363
0.0967709
0.0946284
0.0920527
0.0890087
0.0831435
0.0644465
0.0445162
0.0317085
0.0371936
0.0458812
0.0671068
0.0637636
0.0820042
0.051191
0.06964
-0.025461
0.0842423
0.0842384
0.0843687
0.0845865
0.0849352
0.0854209
0.0860805
0.086932
0.0880229
0.0893674
0.0910301
0.0930124
0.0952721
0.097262
0.0986278
0.0988134
0.0982074
0.0965065
0.0943532
0.0917904
0.0887862
0.0828911
0.0641759
0.0443336
0.0317137
0.0373549
0.0461143
0.0673098
0.0639319
0.0821145
0.0512435
0.0696622
-0.0254572
0.0841822
0.0841764
0.0843118
0.0845275
0.0848762
0.0853604
0.0860184
0.0868678
0.0879566
0.0892987
0.0909586
0.0929431
0.0952038
0.0971734
0.0984922
0.0986267
0.0979809
0.0962583
0.0941033
0.0915531
0.0885768
0.0826485
0.0639334
0.0441915
0.0317455
0.037522
0.0463321
0.067491
0.064078
0.0822058
0.0512849
0.0696793
-0.0254546
0.0841223
0.0841157
0.0842551
0.0844688
0.0848169
0.0852991
0.0859551
0.0868018
0.0878875
0.0892262
0.0908816
0.0928649
0.0951202
0.0970658
0.098343
0.0984384
0.0977659
0.0960315
0.0938799
0.0913407
0.0883804
0.0824186
0.0637178
0.0440821
0.0317944
0.0376866
0.046531
0.0676499
0.0642029
0.0822803
0.0513172
0.0696923
-0.025453
0.0840654
0.0840588
0.084201
0.0844127
0.0847599
0.08524
0.0858936
0.0867373
0.0878196
0.089154
0.0908041
0.0927835
0.0950285
0.0969488
0.0981909
0.0982574
0.0975679
0.0958281
0.0936826
0.0911521
0.0881977
0.0822038
0.0635274
0.0439988
0.0318528
0.037843
0.046709
0.0677872
0.0643081
0.0823402
0.0513422
0.0697022
-0.0254521
0.0840132
0.0840071
0.0841512
0.0843611
0.0847071
0.085185
0.0858361
0.0866767
0.0877555
0.0890853
0.0907297
0.0927031
0.0949347
0.0968302
0.0980435
0.0980892
0.0973895
0.0956484
0.0935105
0.0909864
0.0880295
0.0820058
0.0633606
0.0439361
0.0319149
0.0379872
0.0468652
0.067904
0.0643957
0.0823878
0.0513612
0.0697095
-0.0254516
0.0839669
0.0839615
0.0841068
0.084315
0.0846597
0.0851353
0.085784
0.0866217
0.087697
0.0890223
0.090661
0.092627
0.0948435
0.0967159
0.0979062
0.0979373
0.097232
0.0954918
0.0933619
0.0908423
0.0878767
0.0818255
0.0632154
0.0438891
0.0319766
0.038117
0.0470002
0.068002
0.0644675
0.082425
0.0513756
0.0697151
-0.0254514
0.0839271
0.0839225
0.0840684
0.0842749
0.0846183
0.0850918
0.0857383
0.0865733
0.0876453
0.0889664
0.0905996
0.0925575
0.0947584
0.0966103
0.097782
0.097803
0.0970953
0.0953574
0.0932351
0.0907184
0.0877401
0.0816636
0.0630902
0.0438542
0.032035
0.0382313
0.0471149
0.068083
0.0645255
0.0824538
0.0513862
0.0697191
-0.0254513
0.083894
0.0838901
0.0840361
0.0842412
0.0845832
0.0850549
0.0856994
0.0865319
0.0876011
0.0889184
0.0905465
0.0924961
0.0946821
0.0965159
0.0976729
0.0976869
0.0969785
0.0952436
0.0931283
0.0906135
0.0876204
0.0815204
0.0629832
0.0438284
0.0320881
0.03833
0.0472108
0.0681489
0.0645717
0.0824756
0.051394
0.0697221
-0.0254513
0.0838674
0.0838641
0.0840098
0.0842136
0.0845543
0.0850244
0.0856672
0.0864977
0.0875644
0.0888784
0.0905021
0.0924439
0.0946161
0.0964344
0.0975797
0.0975888
0.0968807
0.0951488
0.0930397
0.0905261
0.0875175
0.0813957
0.0628924
0.0438092
0.032135
0.0384137
0.0472897
0.0682018
0.0646078
0.0824919
0.0513995
0.0697243
-0.0254513
0.0838469
0.083844
0.0839892
0.0841918
0.0845314
0.0850001
0.0856416
0.0864705
0.087535
0.0888464
0.0904663
0.092401
0.0945612
0.0963665
0.0975024
0.0975078
0.0968004
0.0950714
0.0929675
0.0904547
0.0874314
0.0812891
0.0628161
0.043795
0.0321753
0.0384833
0.0473534
0.0682433
0.0646353
0.0825037
0.0514034
0.0697259
-0.0254512
0.0838317
0.0838291
0.0839737
0.0841753
0.0845139
0.0849816
0.085622
0.0864496
0.0875125
0.0888218
0.0904386
0.0923675
0.0945176
0.0963123
0.0974406
0.0974431
0.0967363
0.0950097
0.09291
0.0903977
0.0873613
0.0812002
0.0627526
0.0437843
0.0322089
0.03854
0.0474038
0.0682753
0.0646558
0.0825122
0.0514061
0.069727
-0.025451
0.0838213
0.0838187
0.0839626
0.0841634
0.0845013
0.0849683
0.0856078
0.0864346
0.0874963
0.0888039
0.0904184
0.0923427
0.094485
0.0962713
0.0973935
0.0973936
0.096687
0.0949621
0.0928657
0.0903536
0.0873061
0.0811282
0.0627001
0.0437762
0.0322362
0.038585
0.0474426
0.068299
0.0646704
0.0825179
0.0514078
0.069728
-0.0254507
0.0838147
0.0838119
0.0839552
0.0841555
0.0844928
0.0849594
0.0855984
0.0864245
0.0874854
0.0887919
0.0904048
0.0923258
0.0944625
0.0962427
0.0973602
0.097358
0.0966512
0.0949274
0.0928332
0.0903211
0.0872648
0.0810723
0.0626571
0.0437701
0.0322577
0.0386195
0.0474712
0.0683157
0.0646801
0.0825216
0.0514089
0.0697286
-0.0254506
0.0838111
0.0838081
0.0839509
0.0841508
0.0844879
0.0849541
0.0855928
0.0864186
0.087479
0.0887849
0.0903969
0.092316
0.0944492
0.0962255
0.0973398
0.0973358
0.0966285
0.094905
0.0928119
0.0902995
0.0872368
0.0810325
0.062625
0.0437655
0.0322738
0.0386443
0.0474904
0.068326
0.0646856
0.0825238
0.0514094
0.0697288
-0.025451
0.0838097
0.0838065
0.0839491
0.0841488
0.0844857
0.0849518
0.0855904
0.0864161
0.0874763
0.0887818
0.0903934
0.0923116
0.0944433
0.0962177
0.0973303
0.0973253
0.0966175
0.0948939
0.0928012
0.0902885
0.0872221
0.0810102
0.0626082
0.0437627
0.0322838
0.0386585
0.0475004
0.0683311
0.0646882
0.0825246
0.0514094
0.0697277
-0.0254527
0.0838095
0.0838063
0.0839487
0.0841484
0.0844852
0.0849513
0.0855898
0.0864155
0.0874756
0.0887811
0.0903926
0.0923107
0.094442
0.0962159
0.097328
0.0973225
0.0966142
0.0948905
0.0927977
0.0902847
0.0872168
0.0810012
0.0626035
0.0437609
0.0322879
0.0386647
0.047505
0.0683334
0.0646894
0.0825244
0.0514083
0.0697221
-0.0254594
)
;

boundaryField
{
    inlet
    {
        type            calculated;
        value           nonuniform List<scalar> 
65
(
0.283303
0.283303
0.283303
0.283303
0.283303
0.283303
0.283302
0.283302
0.2833
0.283298
0.283296
0.283292
0.283288
0.283282
0.283274
0.283264
0.283252
0.283234
0.283208
0.283167
0.28311
0.28304
0.28296
0.282867
0.282761
0.282641
0.28251
0.282369
0.282226
0.282093
0.282002
0.28196
0.281965
0.282018
0.282119
0.282257
0.282403
0.282546
0.282681
0.282804
0.282913
0.283009
0.283092
0.283165
0.283227
0.283272
0.283302
0.283323
0.283338
0.283349
0.283358
0.283365
0.283371
0.283375
0.283379
0.283381
0.283383
0.283384
0.283385
0.283385
0.283386
0.283386
0.283386
0.283385
0.283385
)
;
    }
    outlet
    {
        type            calculated;
        value           uniform 0;
    }
    lowerWallStartup
    {
        type            symmetryPlane;
    }
    upperWallStartup
    {
        type            symmetryPlane;
    }
    upperWall
    {
        type            calculated;
        value           nonuniform List<scalar> 
218
(
0.236894
0.226186
0.219239
0.211487
0.204503
0.198068
0.191991
0.186271
0.180867
0.175749
0.170895
0.166281
0.161888
0.157703
0.153712
0.149905
0.146268
0.142793
0.13947
0.136291
0.133248
0.130335
0.127544
0.124869
0.122306
0.119848
0.11749
0.115228
0.113058
0.110975
0.108976
0.107057
0.105214
0.103445
0.101746
0.100116
0.0985507
0.0970494
0.0956094
0.0942294
0.0929076
0.0916432
0.0904346
0.0892818
0.0881839
0.0871415
0.0861539
0.0852209
0.0843423
0.0835205
0.0827597
0.0820628
0.0814407
0.0809061
0.0804707
0.0801126
0.0797955
0.0794953
0.0792069
0.0789279
0.0786691
0.0784468
0.0782717
0.0781452
0.0780453
0.0779685
0.0779193
0.0778842
0.077875
0.0778699
0.0778912
0.0779141
0.0779458
0.0779897
0.0780297
0.0780861
0.0781248
0.0781847
0.078225
0.0782801
0.0783077
0.0783596
0.0783686
0.0784187
0.0783975
0.0784567
0.0783882
0.0784818
0.0783604
0.0784517
0.0784091
0.0784335
0.0784362
0.0784532
0.0784697
0.0784914
0.0785158
0.0785436
0.0785741
0.0786075
0.0786432
0.0786814
0.0787214
0.0787637
0.0788075
0.0788534
0.0789002
0.078949
0.0789983
0.0790497
0.0791011
0.0791543
0.0792073
0.0792616
0.0793156
0.0793708
0.0794255
0.0794815
0.0795367
0.0795932
0.0796484
0.0797045
0.0797591
0.0798146
0.0798686
0.0799234
0.0799769
0.0800311
0.080084
0.0801374
0.0801896
0.0802422
0.0802936
0.0803455
0.0803965
0.080448
0.0804987
0.08055
0.0806002
0.0806509
0.0807007
0.0807512
0.0808009
0.0808515
0.0809016
0.0809523
0.0810029
0.0810543
0.0811058
0.0811581
0.0812109
0.0812647
0.0813192
0.0813749
0.0814314
0.0814893
0.0815481
0.0816083
0.0816694
0.0817318
0.0817952
0.0818602
0.0819263
0.0819941
0.082063
0.0821337
0.0822056
0.0822792
0.082354
0.0824307
0.0825085
0.0825882
0.0826687
0.0827515
0.0828344
0.0829204
0.0830053
0.083095
0.0831807
0.0832756
0.0833595
0.0834627
0.0835389
0.0836564
0.0837109
0.0838095
0.0838063
0.0839487
0.0841484
0.0844852
0.0849513
0.0855898
0.0864155
0.0874756
0.0887811
0.0903926
0.0923107
0.094442
0.0962159
0.097328
0.0973225
0.0966142
0.0948905
0.0927977
0.0902847
0.0872168
0.0810012
0.0626035
0.0437609
0.0322879
0.0386647
0.047505
0.0683334
0.0646894
0.0825244
0.0514083
0.0697221
-0.0254594
)
;
    }
    lowerWall
    {
        type            calculated;
        value           nonuniform List<scalar> 
266
(
0.237061
0.226148
0.219211
0.211467
0.204486
0.198058
0.191986
0.186267
0.180864
0.175749
0.170895
0.16628
0.161887
0.157702
0.153711
0.149903
0.146266
0.14279
0.139467
0.136287
0.133244
0.13033
0.127539
0.124864
0.1223
0.119842
0.117484
0.115221
0.11305
0.110966
0.108964
0.107042
0.105196
0.103421
0.101715
0.100075
0.0984957
0.0969757
0.0955111
0.0940992
0.0927367
0.0914199
0.0901464
0.0889114
0.0877114
0.0865436
0.0854057
0.0842956
0.0832102
0.0821457
0.0810973
0.0800589
0.0790258
0.077991
0.0769499
0.0758957
0.0748239
0.0737264
0.0725998
0.0714334
0.0702242
0.0689584
0.0676313
0.0664716
0.0655402
0.0646042
0.0636526
0.0626885
0.0617115
0.0607173
0.0597131
0.0586851
0.057653
0.0565861
0.0555282
0.0544117
0.053335
0.052147
0.0510676
0.0497618
0.0487128
0.0471798
0.0462308
0.0442204
0.0434565
0.0403241
0.0394707
0.0326749
0.0211183
0.0210082
0.021068
0.021093
0.021115
0.02114
0.0211704
0.0212075
0.021252
0.0213042
0.0213636
0.0214282
0.0214942
0.0215564
0.0216109
0.0216585
0.0217072
0.0217626
0.0218008
0.0217357
0.0213927
0.0204819
0.0187674
0.0162605
0.0141801
0.0133844
0.0135949
0.0144677
0.0156934
0.0170345
0.0183254
0.0194715
0.0204337
0.0212083
0.0218158
0.0222884
0.0226596
0.0229568
0.0231951
0.0233647
0.0234353
0.0233767
0.023179
0.0228628
0.0224788
0.0220301
0.0210814
0.0221237
0.0211183
0.0193008
0.0178176
0.0137616
0.01078
0.00701655
0.00439523
0.00211642
0.00125184
0.00141718
0.00318612
0.0074702
0.0124436
0.0195315
0.0284053
0.037891
0.0468599
0.0580689
0.0688589
0.0793576
0.0890912
0.0979603
0.106263
0.113513
0.119726
0.124834
0.129442
0.13271
0.135546
0.137355
0.138512
0.138823
0.139033
0.138357
0.137449
0.136328
0.134453
0.132941
0.131029
0.129314
0.127537
0.12558
0.12352
0.121492
0.11935
0.117253
0.114904
0.112508
0.109506
0.106763
0.103519
0.100151
0.0968364
0.0926039
0.0885104
0.084081
0.0797033
0.0749376
0.0702347
0.0654914
0.0607236
0.0558373
0.0509567
0.0461289
0.0415976
0.0372275
0.0328028
0.028706
0.024762
0.0214526
0.0180833
0.0149894
0.0122751
0.00987187
0.00781833
0.00606729
0.00467209
0.00354926
0.00280837
0.00221025
0.00198589
0.00217769
0.00247737
0.0030786
0.00382237
0.00485673
0.00595736
0.00738398
0.00873803
0.0105894
0.0121055
0.0140967
0.0158812
0.0183501
0.0198142
0.0226888
0.0239068
0.0269507
0.0279903
0.0310202
0.033071
0.0365322
0.0396506
0.0439865
0.0482561
0.0529128
0.0540486
0.0414495
0.0166656
-0.00818019
-0.0310726
-0.0458841
-0.0468588
-0.0319457
-0.00347448
0.0343026
0.0746247
0.106643
0.130522
0.142424
0.149623
0.14398
0.140061
0.117311
0.110519
0.0851136
0.0862681
0.0545975
0.0691292
-0.0265944
)
;
    }
    front
    {
        type            empty;
    }
    back
    {
        type            empty;
    }
}


// ************************************************************************* //
