/*--------------------------------*- C++ -*----------------------------------*\
| =========                 |                                                 |
| \\      /  F ield         | OpenFOAM: The Open Source CFD Toolbox           |
|  \\    /   O peration     | Version:  2506                                  |
|   \\  /    A nd           | Website:  www.openfoam.com                      |
|    \\/     M anipulation  |                                                 |
\*---------------------------------------------------------------------------*/
FoamFile
{
    version     2.0;
    format      ascii;
    arch        "LSB;label=32;scalar=64";
    class       volScalarField;
    location    "2000";
    object      epsilon;
}
// * * * * * * * * * * * * * * * * * * * * * * * * * * * * * * * * * * * * * //

dimensions      [0 2 -3 0 0 0 0];

internalField   nonuniform List<scalar> 
20540
(
4852.68
28094.9
4845.51
28075.6
4805.07
27976.2
4728.89
27789.5
4613.22
27504.2
4453.43
27105.6
4244.1
26574.7
3979.43
25888.3
3654.27
25019.6
3265.88
23940.7
2816.46
22627.2
2316.19
21064.1
1786.13
19226.9
1259.59
17088
780.356
14639.5
395.911
11906.6
143.531
8963.43
31.641
5953.57
6.12848
3157.96
1.01488
1114.91
0.268652
204.705
0.240674
19.579
0.240289
1.28165
0.240323
0.11627
0.24324
0.0159243
0.24492
0.00521787
0.244925
0.00522021
0.244925
0.00522181
0.244925
0.00522146
0.244925
0.00522136
0.244925
0.00522132
0.244925
0.0052213
0.244925
0.00522134
0.244925
0.00522143
0.244925
0.00522157
0.244925
0.00522174
0.244925
0.00522198
0.244925
0.00522058
0.244923
0.00522067
0.244151
0.0113403
0.240335
0.0756009
0.240285
0.772669
0.240487
11.3036
0.256061
129.841
0.765303
819.422
4.77232
2646.15
24.5663
5422.69
115.89
8508.46
350.757
11586.3
734.158
14491.2
1236.63
17131.4
1811.5
19463.2
2410.62
21480.6
2993.53
23202.1
3531.51
24659.9
4007.81
25881.7
4415.64
26884.6
4755.21
27693.2
5030.86
28333.9
5248.69
28831.2
5415.03
29206.2
5535.58
29475.8
5615.07
29652.9
5657.25
29747.2
5665.1
29766.1
3.04428e+06
2.38884e+06
2.22145e+06
2.12972e+06
2.06622e+06
2.01929e+06
1.98308e+06
1.95376e+06
1.92993e+06
1.91013e+06
1.8935e+06
1.87925e+06
1.86696e+06
1.85629e+06
1.84688e+06
1.83862e+06
1.83135e+06
1.82492e+06
1.81918e+06
1.81408e+06
1.80946e+06
1.80536e+06
1.80162e+06
1.79833e+06
1.79531e+06
1.79268e+06
1.79025e+06
1.78814e+06
1.78619e+06
1.78448e+06
1.7829e+06
1.78152e+06
1.78026e+06
1.77916e+06
1.77817e+06
1.77731e+06
1.77656e+06
1.77594e+06
1.77542e+06
1.775e+06
1.77471e+06
1.77455e+06
1.77453e+06
1.77463e+06
1.77481e+06
1.775e+06
1.77533e+06
1.77584e+06
1.77667e+06
1.77786e+06
1.77949e+06
1.78147e+06
1.78393e+06
1.78667e+06
1.78985e+06
1.79326e+06
1.79718e+06
1.80126e+06
1.80594e+06
1.81073e+06
1.81627e+06
1.82194e+06
1.82839e+06
1.83428e+06
1.83938e+06
1.84479e+06
1.85026e+06
1.85622e+06
1.86206e+06
1.86843e+06
1.87477e+06
1.88153e+06
1.88833e+06
1.89564e+06
1.90291e+06
1.91068e+06
1.91886e+06
1.92664e+06
1.93628e+06
1.94368e+06
1.95582e+06
1.96153e+06
1.97894e+06
1.98288e+06
2.00554e+06
2.02299e+06
2.03956e+06
2.13874e+06
943821
746977
691630
661804
641267
626104
614422
604970
597294
590922
585573
580991
577041
573613
570591
567939
565604
563539
561695
560059
558578
557260
556059
555003
554034
553189
552410
551732
551104
550555
550046
549605
549196
548844
548524
548246
548005
547800
547631
547493
547397
547338
547328
547352
547401
547455
547549
547697
547946
548307
548802
549407
550161
551003
551983
553033
554242
555497
556942
558416
560123
561860
563845
565660
567231
568892
570565
572391
574169
576117
578040
580104
582154
584383
586560
588928
591354
593736
596548
598851
602295
604154
608923
610395
615999
620756
623192
656395
514242
416045
384370
367687
356235
347772
341257
335988
331707
328156
325175
322625
320427
318520
316842
315370
314074
312929
311907
311002
310182
309453
308789
308205
307670
307203
306773
306399
306053
305750
305470
305227
305002
304808
304632
304479
304346
304234
304142
304067
304015
303984
303980
303994
304025
304063
304126
304220
304370
304581
304865
305206
305628
306097
306639
307220
307884
308575
309365
310172
311101
312046
313122
314106
314955
315848
316744
317721
318673
319713
320737
321837
322924
324106
325260
326505
327784
329032
330497
331704
333451
334459
336738
337648
339984
342122
343068
350868
328418
272997
251906
240988
233534
228022
223782
220356
217571
215262
213325
211670
210242
209006
207919
206966
206128
205387
204727
204142
203612
203142
202713
202337
201991
201690
201413
201171
200948
200752
200572
200415
200270
200144
200031
199931
199845
199772
199712
199663
199629
199608
199605
199613
199633
199659
199702
199766
199864
200000
200180
200396
200662
200957
201298
201662
202079
202512
203006
203511
204090
204679
205347
205957
206484
207034
207584
208182
208764
209399
210020
210691
211346
212062
212754
213504
214263
215017
215870
216608
217594
218225
219479
220045
221365
221918
223897
217455
226050
193386
178298
170528
165261
161366
158374
155957
153992
152365
150999
149834
148829
147959
147195
146525
145936
145416
144952
144541
144169
143839
143538
143273
143030
142818
142623
142452
142295
142157
142029
141918
141815
141725
141645
141574
141512
141459
141415
141378
141352
141334
141328
141331
141341
141356
141382
141421
141482
141567
141681
141818
141990
142180
142401
142639
142911
143196
143520
143853
144233
144621
145059
145460
145805
146166
146522
146911
147286
147698
148094
148528
148942
149403
149835
150317
150781
151271
151777
152270
152837
153261
154003
154332
155258
155025
157425
148251
162629
143266
132083
126266
122353
119458
117239
115447
113989
112784
111772
110909
110164
109521
108955
108460
108023
107639
107294
106990
106714
106470
106246
106049
105869
105710
105565
105437
105320
105216
105120
105036
104959
104891
104829
104774
104727
104685
104650
104620
104597
104580
104572
104569
104572
104577
104588
104606
104639
104686
104754
104837
104944
105065
105208
105363
105542
105730
105946
106168
106424
106684
106979
107247
107481
107724
107961
108222
108469
108744
109003
109291
109557
109863
110134
110457
110740
111073
111368
111713
112034
112323
112792
112961
113636
113130
115255
107810
120462
109212
100803
96305
93297.9
91073.3
89371
87997.2
86879
85955.1
85179.2
84518
83946.7
83454
83020.8
82640.6
82305.5
82010.3
81745.4
81511.6
81299.1
81110.7
80937.8
80785.8
80645.7
80523
80409.9
80310.4
80218.6
80137.2
80062.2
79995.6
79934.5
79880.1
79831
79786.8
79747.8
79713.4
79683.9
79657.6
79636.7
79619.7
79609
79602
79598.6
79595.2
79594.5
79596.3
79606.6
79626.2
79660.5
79704.8
79767
79838.9
79927.9
80024.7
80140.6
80262.3
80405.5
80552.3
80724.1
80897.7
81097.4
81278.7
81436.9
81603.7
81762.7
81940.5
82104.2
82290.5
82460.5
82655.2
82825.7
83034
83201.1
83422.5
83590.8
83822.4
83989
84234
84413.5
84603.6
84916.9
84988.6
85457
84970.2
86428.8
81811.5
91113
84851.3
78529.3
74980.7
72615.8
70865.3
69528.2
68449.1
67570.5
66845.1
66235.4
65716
65266.5
64879.2
64538.4
64239
63974.6
63741.7
63532.1
63347.1
63178.6
63029.3
62891.6
62770.6
62658.8
62560.5
62469.7
62389.6
62315.6
62249.5
62188.7
62134.2
62084.2
62039.3
61998.7
61961.6
61928.6
61899
61873.2
61849.4
61829.6
61812.4
61799.8
61789.6
61781.7
61771.7
61761.9
61751
61745.1
61744.5
61753.9
61770.8
61800.8
61838.4
61888.7
61945
62016
62091.2
62183.1
62277.1
62390.6
62504.4
62638
62759.5
62865.9
62980.9
63087
63209.1
63317.4
63444.7
63555.8
63688.8
63796.3
63940.1
64040.4
64193.4
64290.3
64451.2
64541.8
64712
64811.8
64928.4
65144.5
65168.6
65462.8
65117.7
65886.1
63878.3
70031.6
66777.2
62083
59252.5
57363.1
55962.2
54893.6
54030.9
53328
52748
52259.9
51844.1
51483.5
51172.9
50899.3
50658.6
50445.5
50257.7
50088.1
49938.5
49801.8
49680.6
49568.5
49469.8
49378.3
49297.7
49223
49156.9
49095.7
49040.7
48990
48944.4
48902.3
48864.2
48829.7
48797.8
48769.1
48743
48720
48698.1
48679.1
48661.8
48648
48635.6
48624.6
48610.2
48593.9
48574.3
48557
48541.6
48534.1
48531.6
48538.7
48552.1
48575.1
48602.9
48641.9
48684.2
48739.5
48796.1
48868.3
48939.6
49026.7
49106.6
49176.6
49255.5
49325.3
49409.3
49479.9
49566.8
49638
49729.4
49795.1
49894.8
49953.4
50057.9
50112.7
50221.5
50271.1
50382.6
50440.4
50507.1
50652.6
50660.7
50822
50628.6
50895.8
50716.2
54534.1
53002.8
49605.5
47340.1
45816.6
44682.5
43817.7
43118.9
42548.9
42078.8
41682.4
41344.6
41050.8
40797.8
40574.5
40377.8
40203.1
40049.1
39909.4
39786.1
39673.2
39572.9
39480
39397.9
39321.7
39254.2
39191.6
39135.9
39084.3
39037.7
38994.6
38955.5
38919.5
38886.5
38856.7
38828.8
38803.4
38780.1
38759.2
38738.9
38720.8
38703.6
38689.3
38675.6
38662.7
38645.8
38625.8
38600.9
38576.2
38551.3
38532.3
38516.3
38508.2
38504.9
38508.8
38516.7
38533.3
38552.5
38581.8
38612
38654.5
38695.9
38749.8
38800.3
38844.2
38897.3
38941.7
38998.9
39043.7
39102.8
39147
39210.1
39248.8
39317
39351
39420.2
39451.6
39522.4
39550
39620.3
39654.7
39691.7
39782.6
39788.9
39862.3
39779.5
39772.7
40397.2
42920.1
42295.3
39932.9
38130.2
36898.6
35974.5
35269.2
34697.9
34231.2
33846.3
33520.8
33243.2
33001.1
32792.3
32607.8
32444.9
32299.7
32171.6
32054.9
31951.8
31857.1
31773
31694.7
31625.4
31561
31503.6
31450.4
31402.8
31358.6
31318.4
31281.3
31247.4
31216
31187.2
31160.9
31136.3
31113.6
31092.6
31073.5
31054.8
31037.7
31021
31006.6
30992.4
30978.7
30960.8
30939.4
30912.1
30883.6
30853.5
30827.3
30802.9
30784.9
30770.3
30761.9
30756.1
30757.4
30760.6
30771.7
30783.7
30805
30825.6
30855.5
30885
30910.3
30944.6
30971.2
31009.2
31036.4
31076.2
31102.3
31145.4
31167.6
31212.8
31232.8
31277.3
31295.2
31340.3
31355.4
31399.1
31419.1
31440.7
31491.6
31501.3
31523.6
31501.7
31395.6
32173.3
34045.8
33853.3
32294.1
30889.4
29899.3
29146.1
28568.9
28099.6
27715.1
27397.9
27128.7
26898.8
26697.5
26523.6
26369.6
26233.3
26111.3
26003.6
25905.1
25817.9
25737.6
25666.1
25599.5
25540.3
25485.1
25435.9
25390.1
25348.9
25310.7
25275.7
25243.3
25213.6
25186
25160.5
25137.3
25115.3
25095
25075.9
25058.5
25041.4
25025.3
25009.4
24995.3
24981.2
24967.5
24949.9
24928.8
24901.6
24872.2
24840.1
24810.4
24781.5
24757.7
24736.1
24720
24705.3
24696.8
24689.1
24688.2
24687.9
24694.1
24700.7
24713.7
24728.2
24740.5
24760.8
24775.1
24799.1
24814.3
24840.3
24854.7
24883.1
24895.7
24924.4
24935.9
24964.3
24973.9
25002.6
25010.3
25037.9
25047.8
25063.8
25086.5
25098.8
25097.9
25089
24990.6
25658.2
27157
27124.4
26165.4
25114.1
24331.3
23721.9
23250.9
22865.4
22548.3
22286.2
22062.7
21871.5
21703.2
21557.5
21428.1
21313.3
21210.2
21119
21035.1
20960.7
20892
20830.7
20773.5
20722.5
20675
20632.3
20592.6
20556.7
20523.3
20492.7
20464.2
20438
20413.6
20390.9
20370.2
20350.6
20332.3
20315
20299.1
20283.5
20268.6
20253.7
20240.3
20226.7
20213.6
20197.1
20177.5
20152.2
20124
20092.5
20062.2
20031.7
20005.3
19980.1
19959.6
19939.8
19925.3
19910.9
19902.4
19893.5
19890.5
19887.6
19888.9
19892.8
19896.7
19906.3
19912.5
19925.8
19933.3
19948.9
19956.2
19973.5
19980.3
19997.9
20003.9
20021.8
20026.4
20044.8
20047.7
20066.1
20068.9
20083.2
20089.3
20098.8
20095.4
20085.3
20013.3
20525.6
21732.7
21711.8
21180.2
20446.1
19847.7
19363.9
18984.2
18669.9
18409.5
18193.5
18008.3
17849.3
17708.5
17586.2
17477.1
17380.2
17292.7
17215.1
17143.4
17079.7
17020.6
16967.8
16918.4
16874.3
16833.1
16795.9
16761.3
16729.8
16700.6
16673.6
16648.5
16625.3
16603.6
16583.4
16564.8
16547.3
16530.8
16515.2
16500.8
16486.6
16473
16459.3
16446.8
16433.9
16421.7
16406.9
16389.5
16367.1
16341.7
16312.7
16284
16254.2
16227.5
16201.2
16179
16156.7
16139.1
16121
16108
16094.1
16085.2
16076.1
16070
16067.2
16065.3
16067.6
16068.3
16073.7
16076.2
16084
16086.7
16096.2
16098.9
16109.3
16111.5
16122.7
16123.9
16135.9
16136.2
16148.4
16148.2
16158.2
16158.6
16165.2
16161.8
16152
16104.3
16486.8
17378.6
17317.2
17076.2
16623.4
16193.9
15824.6
15526.2
15274.8
15063.9
14888
14735.9
14604.5
14487.3
14385
14293.4
14211.7
14137.5
14071.6
14010.3
13955.6
13904.8
13859.2
13816.5
13778.2
13742.4
13710
13679.8
13652.2
13626.5
13602.8
13580.6
13560
13540.8
13522.7
13506.1
13490.4
13475.7
13461.6
13448.5
13435.8
13423.5
13411.1
13399.6
13387.8
13376.6
13363.6
13348.7
13329.7
13308
13282.7
13257
13229.7
13204.5
13179
13156.8
13134.1
13115.4
13095.9
13080.6
13064.3
13052
13039.5
13029
13022.1
13016.2
13014.3
13010.8
13011.2
13010.4
13012.3
13012.3
13016.1
13016.2
13021.4
13021.3
13027.3
13027.5
13033.9
13033.6
13040.5
13040.3
13046.2
13045.7
13048.9
13046.4
13038.6
13009.4
13293.7
13786.7
13706.4
13660.6
13450.1
13178
12917.2
12694.6
12501.4
12335.7
12195.9
12073.5
11966.8
11870.6
11786.1
11709.9
11641.7
11579.3
11523.7
11471.6
11424.9
11381.3
11342.1
11305.3
11272.2
11241.2
11213
11186.7
11162.6
11140
11119.1
11099.6
11081.4
11064.4
11048.4
11033.5
11019.5
11006.3
10993.8
10982
10970.6
10959.7
10948.6
10938.3
10927.6
10917.6
10906.3
10893.9
10878.4
10860.6
10839.5
10817.7
10793.9
10771.4
10748
10727.2
10705.7
10687.3
10668
10652.1
10635.2
10621.4
10607.4
10594.7
10585.5
10577.5
10573
10567.2
10564.7
10560.5
10559.2
10556.3
10556.6
10555.5
10556.3
10555.7
10557.5
10557.2
10559.7
10559.4
10562.7
10562.3
10565.2
10564.9
10566
10564.5
10559.3
10543.4
10753.1
10710.6
10696
10787.7
10770.1
10652.2
10497.4
10348.5
10211.9
10089.5
9983.93
9889.42
9805.84
9729.18
9661.14
9599.17
9543.43
9491.88
9445.71
9402.07
9362.77
9325.83
9292.45
9261.07
9232.63
9206.07
9181.71
9159.04
9138.06
9118.47
9100.22
9083.16
9067.13
9052.22
9038.08
9024.95
9012.57
9000.9
8989.75
8979.28
8969.21
8959.54
8949.74
8940.71
8931.21
8922.37
8912.69
8902.5
8890.04
8876.08
8859.18
8841.64
8821.88
8802.82
8782.5
8764.03
8744.6
8727.59
8709.61
8694.21
8678
8664.02
8649.87
8636.54
8626.52
8617.56
8611.69
8604.66
8600.42
8594.7
8591.68
8587.23
8585.28
8581.65
8580.36
8577.42
8577.65
8576.64
8576.97
8576.41
8577.35
8576.84
8577.98
8577.33
8577.45
8576.81
8573.98
8567.68
8722.51
7957.79
8123.33
8337.45
8477.01
8494.67
8451.02
8376.27
8297.65
8218.84
8147.32
8080.61
8019.72
7962.18
7910.17
7862.02
7818.27
7777.15
7740.05
7704.53
7672.29
7641.73
7613.97
7587.75
7563.83
7541.46
7520.8
7501.55
7483.64
7466.86
7451.15
7436.47
7422.59
7409.68
7397.38
7385.93
7375.12
7364.9
7355.17
7345.97
7337.18
7328.76
7320.24
7312.42
7304.17
7296.5
7288.25
7279.94
7270.07
7259.37
7246.34
7232.79
7217.18
7201.82
7185.05
7169.45
7152.79
7137.82
7121.92
7107.87
7093.1
7079.9
7066.6
7053.63
7043.74
7034.74
7028.33
7020.87
7015.77
7009.47
7005.49
7000.15
6997.08
6992.48
6990.21
6986.31
6984.5
6980.67
6979.63
6979.23
6978.42
6977.7
6978.12
6977.79
6976.2
6975.59
6977.09
6976.92
7089.21
5390.05
5864.49
6204.69
6474
6622.54
6681.83
6687.24
6670.59
6637.56
6601.71
6564.15
6526.77
6488.97
6453.43
6419.41
6387.85
6357.29
6329.34
6302.02
6276.92
6252.8
6230.7
6209.66
6190.28
6172.09
6155.12
6139.28
6124.43
6110.47
6097.31
6085.01
6073.28
6062.38
6051.94
6042.19
6032.98
6024.22
6015.92
6008
6000.48
5993.28
5986.01
5979.41
5972.38
5965.9
5958.95
5952.21
5944.42
5936.34
5926.55
5916.45
5904.65
5892.88
5879.73
5867.22
5853.64
5841.13
5827.73
5815.57
5802.75
5790.93
5779.1
5767.16
5758.05
5749.63
5743.22
5735.95
5730.59
5724.24
5719.79
5714.28
5710.66
5705.74
5702.82
5698.38
5696.07
5691.97
5689.96
5686.26
5683.39
5683.46
5683.3
5680.98
5681.76
5681.39
5685.11
5685.2
5767.48
2938.48
3816.31
4309.46
4690.22
4957.49
5118.73
5208.83
5255.63
5273.96
5277.16
5271.68
5259.89
5243.55
5225.83
5207.05
5188.53
5169.19
5150.97
5132.38
5114.86
5097.59
5081.49
5065.92
5051.32
5037.51
5024.43
5012.15
5000.48
4989.51
4979
4969.2
4959.73
4950.93
4942.45
4934.49
4926.95
4919.74
4912.91
4906.36
4900.12
4894.2
4888.17
4882.76
4876.98
4871.66
4865.96
4860.59
4854.45
4848.39
4841.17
4833.84
4825.25
4816.61
4806.81
4797.3
4786.81
4776.9
4766.17
4756.17
4745.61
4735.52
4725.54
4715.06
4707.06
4699.65
4693.64
4686.96
4681.75
4675.76
4671.24
4665.88
4662.05
4657.23
4654.01
4649.54
4646.86
4642.69
4640.34
4636.4
4634.26
4630.18
4628.95
4626.12
4627.1
4627.11
4630.3
4631.34
4691.9
937.916
1964.28
2598.05
3077.03
3445.32
3701.62
3877.12
3993.41
4067.33
4115.01
4144.36
4162.01
4170.21
4172.62
4171.03
4167.09
4160.27
4152.96
4144.14
4135.09
4125.47
4116.05
4106.51
4097.21
4088.21
4079.41
4071.06
4062.88
4055.21
4047.63
4040.57
4033.61
4027.12
4020.78
4014.81
4009.08
4003.6
3998.35
3993.32
3988.44
3983.89
3979.16
3974.94
3970.44
3966.3
3961.83
3957.71
3953.02
3948.51
3943.29
3938.09
3932.03
3925.94
3918.98
3912.12
3904.47
3897.04
3888.94
3881.14
3872.92
3864.74
3856.75
3848.03
3841.28
3835.09
3829.8
3823.97
3819.18
3813.83
3809.53
3804.61
3800.79
3796.28
3792.94
3788.78
3785.88
3781.92
3779.37
3775.6
3773.43
3769.68
3767.64
3763.58
3762.29
3761.25
3764.17
3765.4
3809.29
124.755
459.372
1082.13
1625.94
2055.98
2389.39
2646.48
2833.79
2965.76
3062.28
3132.3
3184.07
3220.5
3246.52
3264.38
3277.27
3285.28
3290.8
3293.39
3294.21
3293.48
3291.79
3289.17
3285.97
3282.52
3278.67
3274.87
3270.74
3266.93
3262.7
3258.83
3254.75
3250.95
3247.07
3243.38
3239.73
3236.23
3232.77
3229.46
3226.14
3223.08
3219.82
3216.9
3213.75
3210.87
3207.68
3204.78
3201.45
3198.3
3194.67
3191.13
3187.04
3182.93
3178.26
3173.58
3168.33
3163.09
3157.38
3151.65
3145.66
3139.42
3133.35
3126.55
3121.09
3116.18
3111.79
3106.99
3102.84
3098.3
3094.42
3090.17
3086.55
3082.57
3079.25
3075.51
3072.54
3068.94
3066.3
3062.88
3060.52
3057.19
3055.27
3051.97
3050.25
3046.48
3047.23
3047.83
3078.64
7.11602
37.5786
148.592
395.523
789.779
1181.57
1499.9
1741.07
1926.84
2076.21
2192.93
2283.24
2351.21
2403.96
2444.89
2478.1
2504.07
2525.18
2541.43
2554.13
2563.8
2571.19
2576.83
2580.94
2584.18
2586.32
2588.04
2588.84
2589.75
2589.51
2589.52
2588.88
2588.3
2587.36
2586.4
2585.23
2584.05
2582.73
2581.44
2579.98
2578.66
2577.1
2575.7
2574.09
2572.61
2570.84
2569.31
2567.36
2565.52
2563.35
2561.22
2558.76
2556.25
2553.39
2550.46
2547.19
2543.79
2540.11
2536.23
2532.19
2527.81
2523.48
2518.59
2514.42
2510.73
2507.3
2503.61
2500.23
2496.63
2493.32
2489.89
2486.64
2483.37
2480.26
2477.07
2474.2
2471.02
2468.48
2465.42
2462.98
2460.05
2457.93
2455.15
2453.25
2451.38
2447.51
2447.77
2468.82
0.294145
1.2695
6.11128
25.9205
84.9233
212.207
428.597
685.793
931.777
1138.69
1298.9
1423.4
1522.46
1605.26
1674.49
1733.08
1781.09
1820.78
1852.98
1879.46
1901.43
1919.77
1935.5
1948.74
1960.37
1970.13
1978.76
1985.89
1992.29
1997.42
2002.02
2005.72
2009.01
2011.65
2013.99
2015.86
2017.52
2018.82
2019.99
2020.84
2021.65
2022.17
2022.65
2022.89
2023.07
2023.13
2023.18
2022.67
2022.31
2021.68
2020.98
2020.06
2019.01
2017.76
2016.32
2014.73
2012.91
2010.91
2008.67
2006.28
2003.59
2000.8
1997.66
1994.75
1992.21
1989.72
1987.1
1984.56
1981.91
1979.32
1976.72
1974.08
1971.49
1968.9
1966.29
1963.78
1961.14
1958.77
1956.2
1953.85
1951.46
1949.12
1946.93
1944.68
1942.56
1940.49
1938.71
1952.66
0.0157816
0.034313
0.131533
0.563804
2.31717
8.6294
27.2372
68.214
148.037
264.991
405.948
556.08
698.885
825.589
931.258
1017.75
1087.54
1145.15
1193.65
1235.43
1272.25
1304.61
1333.55
1358.86
1381.41
1400.94
1418.24
1433.15
1446.4
1457.79
1468.01
1476.87
1484.88
1491.92
1498.33
1504.02
1509.25
1513.91
1518.22
1522.06
1525.64
1528.81
1531.78
1534.36
1536.79
1538.84
1540.8
1542.39
1543.82
1544.99
1545.94
1546.71
1547.22
1547.59
1547.64
1547.75
1547.33
1546.85
1546.09
1545.2
1544.01
1542.66
1541.04
1539.36
1537.86
1536.3
1534.66
1532.98
1531.23
1529.45
1527.63
1525.76
1523.86
1521.94
1519.98
1518.03
1516
1514.05
1512
1510.07
1508.02
1506.11
1504.07
1502.22
1500.13
1498.35
1496.19
1506.09
0.0011705
0.00120541
0.0025034
0.00862112
0.0331854
0.125001
0.44384
1.43206
4.35138
11.5216
26.0683
53.8084
95.0007
150.476
217.205
292.026
370.264
447.938
521.941
589.784
650.746
704.04
750.525
790.341
824.878
854.552
880.608
903.38
923.812
942.01
958.645
973.705
987.627
1000.37
1012.19
1023.06
1033.16
1042.46
1051.08
1059.02
1066.38
1073.12
1079.38
1085.08
1090.39
1095.18
1099.62
1103.63
1107.29
1110.61
1113.56
1116.26
1118.59
1120.71
1122.47
1124.07
1125.3
1126.4
1127.1
1127.74
1127.9
1128.1
1127.84
1127.37
1126.83
1126.19
1125.46
1124.65
1123.75
1122.79
1121.76
1120.67
1119.51
1118.31
1117.04
1115.76
1114.39
1113.04
1111.59
1110.2
1108.68
1107.28
1105.69
1104.29
1102.61
1101.26
1099.42
1106.9
0.000459786
0.000102399
7.6943e-05
0.000129861
0.000379751
0.00131208
0.00449612
0.0144675
0.0444871
0.127736
0.33955
0.868167
2.04895
4.41597
8.99416
16.4269
27.7148
43.0136
62.9213
86.8222
114.757
145.576
178.96
213.623
249.156
284.458
319.225
352.678
384.698
414.82
443.066
469.246
493.452
515.691
536.066
554.705
571.695
587.223
601.354
614.282
626.064
636.859
646.732
655.798
664.112
671.778
678.801
685.316
691.262
696.809
701.845
706.559
710.812
714.794
718.357
721.681
724.621
727.337
729.702
731.839
733.661
735.225
736.53
737.317
737.826
738.163
738.428
738.528
738.582
738.503
738.342
738.089
737.764
737.356
736.883
736.354
735.753
735.125
734.416
733.701
732.907
732.128
731.252
730.438
729.504
728.668
727.672
733.843
0.000454928
7.43369e-05
1.82254e-05
8.22321e-06
8.4048e-06
1.38717e-05
3.62657e-05
0.000108428
0.000322906
0.000916861
0.00244597
0.00623983
0.0150845
0.0343506
0.0751749
0.156449
0.323936
0.593495
1.134
1.88697
3.1994
4.96345
7.53444
10.8105
15.0686
20.1946
26.348
33.4073
41.4094
50.2462
59.8432
70.1304
80.9444
92.2685
103.876
115.808
127.799
139.946
151.967
163.998
175.761
187.42
198.707
209.814
220.466
230.899
240.818
250.495
259.624
268.503
276.82
284.886
292.392
299.652
306.357
312.832
318.705
324.357
329.421
334.28
338.562
342.654
346.177
348.989
350.916
352.769
354.314
355.796
357.016
358.164
359.114
359.963
360.682
361.285
361.787
362.196
362.522
362.741
362.921
362.954
362.9
362.904
362.801
362.704
362.587
362.122
362.16
367.754
0.000455649
7.28812e-05
1.88204e-05
6.87165e-06
3.31916e-06
1.86615e-06
1.35669e-06
1.51513e-06
2.39852e-06
5.22098e-06
1.2794e-05
3.16263e-05
7.57329e-05
0.000173044
0.000378924
0.000794379
0.00164553
0.00319839
0.00593847
0.0112845
0.0187292
0.0337419
0.0516632
0.0881636
0.127092
0.206669
0.283539
0.440577
0.578532
0.85929
1.08491
1.54149
1.88034
2.56181
3.03406
3.97807
4.59552
5.82295
6.588
8.1014
9.0075
10.7922
11.8253
13.8511
14.9931
17.2042
18.4727
20.7801
22.1687
24.5266
25.9972
28.369
29.8809
32.2235
33.7393
36.014
37.5363
39.757
41.2539
43.386
44.8242
46.842
48.1943
49.7801
50.6302
51.7894
52.5495
53.5924
54.2662
55.201
55.7936
56.6289
57.1458
57.8912
58.3392
59.0043
59.391
59.9854
60.3182
60.8526
61.1383
61.6224
61.8681
62.3111
62.5234
62.9472
63.1065
64.8963
0.000455619
7.28661e-05
1.87984e-05
6.90356e-06
3.26332e-06
1.82003e-06
1.15452e-06
7.89513e-07
5.86066e-07
4.57176e-07
3.91076e-07
4.10966e-07
5.11645e-07
7.91711e-07
1.43427e-06
2.77661e-06
5.48243e-06
1.10064e-05
2.00355e-05
3.97413e-05
6.56814e-05
0.000123524
0.000188857
0.000334996
0.000482329
0.000811369
0.00111445
0.00178849
0.00236344
0.00363383
0.00464765
0.00687019
0.0085464
0.0121912
0.0148124
0.0204665
0.0243701
0.0327261
0.038289
0.050108
0.057713
0.0737483
0.0837309
0.104585
0.117193
0.14319
0.158459
0.189567
0.207276
0.242999
0.262629
0.301882
0.322568
0.363203
0.384364
0.426845
0.451157
0.499673
0.526751
0.580478
0.609803
0.667663
0.698834
0.750015
0.771275
0.812264
0.83286
0.872488
0.892238
0.930185
0.948981
0.985063
1.00285
1.03699
1.05378
1.08599
1.10181
1.13218
1.14709
1.17571
1.18977
1.21678
1.23007
1.25569
1.26822
1.2935
1.30386
1.36777
0.000455588
7.2861e-05
1.87906e-05
6.90633e-06
3.25931e-06
1.82222e-06
1.15156e-06
7.89017e-07
5.78602e-07
4.42081e-07
3.52648e-07
2.88002e-07
2.42064e-07
2.07655e-07
1.81186e-07
1.64011e-07
1.50392e-07
1.52119e-07
1.61947e-07
1.9059e-07
2.44333e-07
3.70233e-07
5.21448e-07
8.70141e-07
1.22935e-06
2.04915e-06
2.81277e-06
4.5382e-06
6.02456e-06
9.34799e-06
1.20286e-05
1.79571e-05
2.24741e-05
3.23572e-05
3.95177e-05
5.5023e-05
6.57532e-05
8.8761e-05
0.000103999
0.000136367
0.00015685
0.000199947
0.000225848
0.000279747
0.000310164
0.000371229
0.000407248
0.000463188
0.000504193
0.000545005
0.000578438
0.000591157
0.000598914
0.000615154
0.000625436
0.000646712
0.000659725
0.000686565
0.000702502
0.000735142
0.000754062
0.000792715
0.000814533
0.000850892
0.000866412
0.000896995
0.000912968
0.000944271
0.00096039
0.000991856
0.00100796
0.00103936
0.00105542
0.00108676
0.00110276
0.00113398
0.00114986
0.00118076
0.00119641
0.0012268
0.00124215
0.00127198
0.00128707
0.00131645
0.00133131
0.00136096
0.00137458
0.00143357
0.000455575
7.28584e-05
1.87877e-05
6.90716e-06
3.25771e-06
1.82319e-06
1.1504e-06
7.89859e-07
5.77736e-07
4.4265e-07
3.52053e-07
2.8806e-07
2.41367e-07
2.06222e-07
1.78909e-07
1.57603e-07
1.40104e-07
1.26289e-07
1.14284e-07
1.04922e-07
9.62572e-08
8.97785e-08
8.3389e-08
7.89678e-08
7.44366e-08
7.17075e-08
6.91343e-08
6.80809e-08
6.8311e-08
6.96667e-08
7.2164e-08
7.82521e-08
8.3883e-08
9.66477e-08
1.06621e-07
1.28569e-07
1.44201e-07
1.77972e-07
2.00366e-07
2.47588e-07
2.78429e-07
3.31864e-07
3.81298e-07
4.31932e-07
4.93606e-07
5.33577e-07
5.91015e-07
6.08919e-07
6.34277e-07
6.49654e-07
6.80365e-07
6.97563e-07
7.29494e-07
7.46288e-07
7.78709e-07
7.97366e-07
8.34146e-07
8.58335e-07
9.07505e-07
9.44063e-07
1.02078e-06
1.08251e-06
1.21738e-06
1.30765e-06
1.45948e-06
1.56409e-06
1.78327e-06
1.93053e-06
2.23843e-06
2.44016e-06
2.86042e-06
3.1288e-06
3.68548e-06
4.03225e-06
4.7481e-06
5.18374e-06
6.07876e-06
6.61191e-06
7.70231e-06
8.33944e-06
9.63716e-06
1.03824e-05
1.18958e-05
1.27494e-05
1.44983e-05
1.5433e-05
1.77384e-05
1.82697e-05
0.000455582
7.28604e-05
1.87874e-05
6.90797e-06
3.25718e-06
1.82376e-06
1.14997e-06
7.90273e-07
5.77403e-07
4.42961e-07
3.51806e-07
2.88265e-07
2.41236e-07
2.06291e-07
1.78917e-07
1.57519e-07
1.4027e-07
1.26026e-07
1.14608e-07
1.04467e-07
9.67109e-08
8.91187e-08
8.3859e-08
7.80828e-08
7.4702e-08
7.05632e-08
6.88193e-08
6.65961e-08
6.67523e-08
6.75295e-08
7.01631e-08
7.36846e-08
8.20042e-08
8.94159e-08
1.06076e-07
1.19325e-07
1.48484e-07
1.70454e-07
2.18218e-07
2.53192e-07
3.28535e-07
3.83213e-07
5.00469e-07
5.86163e-07
7.6965e-07
9.05961e-07
1.19777e-06
1.41925e-06
1.89381e-06
2.26248e-06
3.05408e-06
3.68285e-06
5.0367e-06
6.13167e-06
8.49707e-06
1.04301e-05
1.46199e-05
1.80404e-05
2.54695e-05
3.14579e-05
4.44685e-05
5.47252e-05
7.72096e-05
9.15512e-05
0.000115535
0.000131004
0.000162963
0.00018296
0.000224069
0.000249187
0.000300574
0.000331295
0.000393862
0.000430532
0.000504903
0.000547719
0.000634229
0.000683247
0.000781957
0.000837108
0.000947849
0.00100896
0.00113144
0.00119817
0.00133277
0.00140328
0.00156291
0.00152985
0.000455609
7.28621e-05
1.87944e-05
6.90439e-06
3.2614e-06
1.82079e-06
1.15283e-06
7.88174e-07
5.79233e-07
4.41729e-07
3.52804e-07
2.87909e-07
2.41801e-07
2.07469e-07
1.80189e-07
1.62659e-07
1.47078e-07
1.44685e-07
1.51007e-07
1.69416e-07
2.15565e-07
2.88931e-07
4.5433e-07
6.46682e-07
1.08752e-06
1.52782e-06
2.5354e-06
3.46272e-06
5.54816e-06
7.33342e-06
1.13289e-05
1.45482e-05
2.16602e-05
2.71048e-05
3.90155e-05
4.77728e-05
6.67579e-05
8.03067e-05
0.000109478
0.000129813
0.000173263
0.000203121
0.000266618
0.000310054
0.000402135
0.000465186
0.000598473
0.000690193
0.000883617
0.00101782
0.00130051
0.0014986
0.00191569
0.00221065
0.00283172
0.00327315
0.00420289
0.00486118
0.00624667
0.00721458
0.00924769
0.0106399
0.0135718
0.0152307
0.0179315
0.0195337
0.0227594
0.0246281
0.0283778
0.0305143
0.0347879
0.0371866
0.0419716
0.0446218
0.0498954
0.0527822
0.0585142
0.0616201
0.0677761
0.0710829
0.077628
0.0811174
0.0880208
0.0916712
0.0989416
0.102664
0.110816
0.105248
0.00045566
7.28611e-05
1.88117e-05
6.89511e-06
3.27074e-06
1.81476e-06
1.15774e-06
7.87034e-07
5.82756e-07
4.564e-07
3.69934e-07
3.75347e-07
4.35952e-07
6.26655e-07
1.08482e-06
2.06491e-06
4.13866e-06
7.9168e-06
1.62186e-05
2.8426e-05
5.4953e-05
8.87484e-05
0.000162323
0.000244745
0.000426274
0.000605205
0.00100891
0.00137322
0.00217983
0.00286095
0.00436827
0.00555935
0.00816655
0.0101276
0.0143921
0.0174622
0.0240812
0.0286951
0.0385874
0.0452827
0.0595204
0.0689194
0.0887792
0.101637
0.128626
0.145818
0.181649
0.204154
0.250649
0.279512
0.338795
0.3753
0.449937
0.495641
0.588773
0.645606
0.761166
0.831343
0.973739
1.05947
1.23302
1.3363
1.5454
1.65052
1.81721
1.9086
2.08809
2.18498
2.37494
2.47659
2.6756
2.78127
2.98791
3.0969
3.30984
3.42152
3.63956
3.75337
3.9755
4.09101
4.31643
4.4333
4.66154
4.77934
5.0112
5.12773
5.37558
5.37568
0.000455744
7.28229e-05
1.88829e-05
6.83406e-06
3.32757e-06
1.84103e-06
1.22682e-06
1.27629e-06
1.80212e-06
3.65907e-06
8.82967e-06
2.19126e-05
5.30528e-05
0.000122881
0.000272817
0.000579011
0.00122409
0.00234084
0.00480085
0.00822156
0.0154722
0.0247706
0.0438531
0.0658761
0.110772
0.157308
0.253476
0.343096
0.526713
0.6842
1.00521
1.25658
1.76495
2.13543
2.88034
3.38839
4.40282
5.0595
6.365
7.17346
8.77251
9.72746
11.6094
12.7019
14.8481
16.0663
18.4522
19.7826
22.3788
23.8066
26.587
28.1016
31.0466
32.6408
35.7377
37.4094
40.6562
42.4066
45.8059
47.6354
51.1871
53.0938
56.7948
58.5037
61.1133
62.5166
65.08
66.4763
68.9846
70.3662
72.8184
74.1792
76.5765
77.9105
80.2542
81.5559
83.8497
85.1159
87.3668
88.5948
90.8104
91.9963
94.1848
95.3241
97.5021
98.5743
101.07
101.381
0.000455553
7.33557e-05
1.86828e-05
7.47608e-06
6.13888e-06
9.19617e-06
2.30758e-05
6.98393e-05
0.000212735
0.000617119
0.0016773
0.0043298
0.0106322
0.024612
0.0546674
0.1151
0.239437
0.448585
0.883154
1.45389
2.55816
3.97541
6.18905
8.94416
12.6964
17.1467
22.6835
28.962
36.2927
44.2985
53.2277
62.6883
72.8837
83.4292
94.5035
105.739
117.307
128.861
140.583
152.141
163.742
175.06
186.335
197.24
208.052
218.43
228.702
238.498
248.197
257.397
266.528
275.153
283.748
291.848
299.972
307.626
315.365
322.658
330.092
337.095
344.283
351.043
358.027
363.641
368.383
372.739
377.258
381.377
385.694
389.591
393.727
397.413
401.393
404.875
408.721
412.005
415.745
418.831
422.498
425.379
429.015
431.67
435.332
437.719
441.49
443.532
447.809
448.694
0.00045982
8.34981e-05
4.85201e-05
7.61768e-05
0.000223124
0.000797147
0.00284133
0.00943955
0.0297389
0.0872296
0.236305
0.609828
1.47605
3.26033
6.79647
12.6672
21.9386
34.7983
51.8079
72.7183
97.368
125.131
155.366
187.314
220.196
253.349
286.118
318.038
348.7
377.837
405.283
430.92
454.762
476.791
497.125
515.8
532.985
548.732
563.234
576.526
588.819
600.107
610.618
620.304
629.394
637.815
645.786
653.217
660.313
666.975
673.396
679.471
685.387
691.04
696.618
702.017
707.424
712.712
718.063
723.324
728.678
733.951
739.337
743.907
747.728
751.401
755.136
758.71
762.363
765.838
769.419
772.795
776.313
779.591
783.061
786.239
789.68
792.75
796.19
799.136
802.618
805.404
808.995
811.554
815.373
817.563
822.001
823.063
0.00083258
0.000666923
0.00135701
0.00485431
0.0199381
0.0777754
0.287876
0.95953
2.9995
8.22875
19.3169
40.7241
75.1112
121.755
180.287
246.752
318.191
390.149
459.969
524.975
584.057
636.556
682.568
722.661
757.388
787.752
814.231
837.807
858.708
877.718
894.866
910.721
925.206
938.734
951.177
962.864
973.639
983.791
993.164
1002
1010.19
1017.9
1025.09
1031.84
1038.2
1044.17
1049.83
1055.17
1060.28
1065.13
1069.81
1074.29
1078.67
1082.92
1087.15
1091.36
1095.63
1099.95
1104.38
1108.9
1113.54
1118.26
1123.11
1127.38
1130.99
1134.55
1138.18
1141.75
1145.4
1148.97
1152.64
1156.22
1159.94
1163.52
1167.29
1170.89
1174.74
1178.33
1182.29
1185.87
1190.01
1193.52
1197.92
1201.26
1206.11
1209.07
1214.74
1216.73
0.00878013
0.0180999
0.073178
0.32964
1.456
5.61552
19.0277
50.3914
113.486
211.166
335.496
471.025
605.199
726.242
830.412
916.098
986.713
1044.63
1093.8
1135.98
1173.23
1206.23
1235.7
1262.01
1285.33
1306.14
1324.38
1340.74
1354.96
1367.86
1379.08
1389.4
1398.42
1406.85
1414.27
1421.31
1427.53
1433.52
1438.84
1444.02
1448.64
1453.17
1457.26
1461.26
1464.95
1468.53
1471.93
1475.2
1478.38
1481.44
1484.49
1487.42
1490.43
1493.37
1496.48
1499.66
1503.1
1506.72
1510.61
1514.73
1519.11
1523.73
1528.61
1533.08
1536.97
1540.9
1544.99
1549.13
1553.45
1557.8
1562.38
1566.97
1571.84
1576.7
1581.88
1587.02
1592.57
1597.99
1603.95
1609.64
1616.09
1621.99
1629.05
1635.05
1642.95
1648.74
1657.97
1662.85
0.163552
0.677606
3.61738
16.445
60.1669
157.299
341.925
570.353
801.538
1000.27
1159.27
1282.15
1381.18
1462.67
1532.4
1590.96
1640.72
1681.56
1715.83
1743.92
1767.75
1787.8
1805.12
1820.13
1833.21
1844.79
1854.79
1863.83
1871.47
1878.54
1884.39
1889.92
1894.44
1898.81
1902.37
1905.88
1908.74
1911.64
1914
1916.46
1918.46
1920.61
1922.38
1924.31
1925.96
1927.75
1929.37
1931.09
1932.77
1934.5
1936.28
1938.06
1940.08
1942.03
1944.44
1946.9
1950.01
1953.29
1957.21
1961.44
1966.22
1971.47
1977.27
1982.89
1987.97
1993.32
1999.09
2005.14
2011.67
2018.5
2025.88
2033.55
2041.85
2050.4
2059.66
2069.12
2079.4
2089.76
2101.12
2112.33
2124.85
2136.84
2150.65
2163.22
2178.61
2191.34
2208.94
2220.86
3.87772
21.9305
102.877
294.558
647.501
1015.4
1323.97
1556.17
1737.03
1880.53
1997.24
2087.87
2158.86
2213.3
2257.11
2291.84
2320.72
2343.6
2362.63
2377.47
2389.72
2399.33
2407.18
2413.51
2418.73
2423.07
2426.53
2429.6
2431.83
2434.01
2435.37
2436.88
2437.65
2438.65
2439.05
2439.7
2439.89
2440.29
2440.4
2440.65
2440.73
2440.95
2441.05
2441.33
2441.51
2441.92
2442.23
2442.87
2443.48
2444.31
2445.17
2446.29
2447.64
2449.11
2451.24
2453.43
2456.8
2460.19
2464.96
2469.96
2476.37
2483.56
2492.22
2501.1
2509.54
2518.75
2529
2540.12
2552.35
2565.47
2579.78
2594.94
2611.36
2628.54
2647.06
2666.17
2686.76
2707.71
2730.35
2752.99
2777.7
2801.8
2828.69
2853.89
2883.28
2908.95
2941.59
2966.37
75.3917
332.434
882.87
1425.03
1839.04
2149.23
2392.88
2573.4
2706.15
2802.05
2875.46
2929.66
2970.72
2999.98
3021.88
3037.29
3049.11
3056.94
3062.92
3066.32
3068.62
3069.47
3069.39
3068.75
3067.67
3066.24
3064.5
3062.78
3060.68
3058.88
3056.59
3054.78
3052.47
3050.7
3048.48
3046.79
3044.73
3043.19
3041.3
3039.97
3038.27
3037.22
3035.76
3035
3033.88
3033.42
3032.72
3032.67
3032.68
3032.84
3033.2
3034.06
3035.06
3036.68
3038.8
3041.36
3045.49
3049.65
3056.41
3063.38
3073.9
3085.71
3101.59
3118.11
3134.48
3152.48
3172.75
3194.86
3219.12
3245.18
3273.31
3303.05
3334.81
3367.9
3402.99
3439.05
3477.19
3515.85
3556.79
3597.64
3641.25
3683.83
3730.11
3773.82
3823.07
3866.96
3920.08
3962.33
676.244
1718.94
2354.51
2796.44
3131.62
3366.34
3534.15
3648.44
3727.26
3778.47
3813.6
3835.92
3850.06
3856.82
3859.63
3858.83
3856.55
3851.95
3847.05
3840.83
3834.76
3828.05
3821.52
3814.87
3808.56
3802.32
3796.3
3790.61
3784.93
3779.82
3774.5
3769.93
3765.05
3760.94
3756.53
3752.87
3748.94
3745.75
3742.25
3739.55
3736.47
3734.3
3731.69
3730.05
3727.99
3726.89
3725.52
3724.87
3724.68
3724.73
3724.99
3725.88
3727.02
3729.3
3731.63
3735.35
3740.46
3746.71
3757.1
3768.93
3788.32
3810.34
3841.8
3873.61
3905.8
3940.31
3979.17
4020.65
4065.6
4113.08
4163.35
4215.77
4270.53
4326.85
4385.3
4444.64
4506.07
4567.65
4631.5
4694.63
4760.57
4824.52
4892.48
4956.46
5026.77
5089.56
5163.31
5222.74
2585.02
3517.13
3974.68
4292.25
4521.97
4667.61
4758.47
4808.88
4836.3
4846.51
4847.77
4843.07
4833.68
4820.76
4807.11
4792.21
4777.73
4762.58
4748.43
4734
4720.72
4707.49
4695.32
4683.51
4672.65
4662.24
4652.51
4643.38
4634.62
4626.64
4618.73
4611.75
4604.65
4598.52
4592.23
4586.87
4581.34
4576.7
4571.87
4567.95
4563.78
4560.64
4557.16
4554.78
4552.09
4550.52
4548.72
4547.93
4547.78
4547.93
4548.49
4550.05
4551.7
4555
4557.79
4563.16
4569.69
4580.53
4597.4
4620.39
4656.65
4698.84
4758.47
4816.05
4874.54
4934.52
5001.81
5070.94
5144.91
5220.77
5299.55
5379.89
5461.88
5544.76
5628.76
5712.71
5797.67
5881.64
5966.91
6050.15
6135.42
6217.22
6302.53
6382.11
6468.03
6544.2
6632.21
6702.71
5039.17
5473.15
5722.1
5915.56
6034.79
6089.27
6104.98
6096.79
6077.42
6050.35
6022.35
5992.56
5962.85
5932.56
5904.26
5876.83
5851.48
5826.97
5804.59
5782.87
5763.16
5744.11
5726.83
5710.39
5695.39
5681.22
5668.12
5655.88
5644.33
5633.75
5623.49
5614.34
5605.27
5597.32
5589.35
5582.45
5575.52
5569.58
5563.6
5558.58
5553.52
5549.53
5545.41
5542.43
5539.35
5537.45
5535.51
5535.03
5535.05
5535.61
5536.87
5539.62
5542.13
5546.34
5549.87
5557
5566.6
5585.96
5614.8
5659.9
5724.2
5800.69
5902.52
5996.69
6091.32
6183.56
6286.72
6387.46
6494.49
6599.92
6707.86
6814.63
6921.45
7027.1
7131.78
7234.5
7336.32
7435.3
7534.06
7629.06
7724.86
7815.53
7908.85
7994.79
8086.78
8167.14
8259.82
8332.54
7543.13
7561.65
7642.82
7712.71
7717.58
7682.99
7627.21
7563.48
7501.42
7440.5
7385.71
7333.17
7284.76
7238.54
7196.71
7157.69
7122.24
7089.02
7058.96
7030.45
7004.71
6980.24
6958.14
6937.34
6918.43
6900.69
6884.38
6869.21
6855
6841.98
6829.51
6818.33
6807.4
6797.74
6788.2
6779.9
6771.66
6764.55
6757.51
6751.52
6745.69
6740.95
6736.34
6732.89
6729.61
6727.49
6725.81
6725.79
6726.12
6727.8
6729.95
6733.99
6737.49
6742.05
6746.45
6755.73
6771.42
6805.73
6855.6
6937.64
7042.33
7168.31
7322.48
7460.43
7595.83
7721.39
7861.46
7990.16
8127.35
8255.53
8386.16
8510.32
8633.14
8751.2
8866.14
8976.41
9084.31
9186.94
9288.52
9384.24
9480.17
9569.24
9660.71
9743.5
9832.4
9908.36
9997.38
10064.6
10133.8
9868.27
9816.39
9747.98
9636.87
9508.51
9386.66
9270.71
9168.44
9075.37
8995.01
8920.85
8854.47
8792.94
8738.03
8687.79
8642.52
8600.79
8563.23
8528.08
8496.42
8466.65
8439.79
8414.7
8391.92
8370.66
8351.17
8333.1
8316.28
8300.85
8286.21
8273.05
8260.3
8249.01
8237.94
8228.3
8218.79
8210.57
8202.52
8195.66
8189.12
8183.75
8178.72
8174.94
8171.55
8169.38
8168.25
8168.59
8169.76
8172.95
8176.03
8181.04
8185.17
8189.32
8194.54
8207.14
8232.96
8292.22
8374.89
8509.14
8664.14
8850.45
9058.04
9239.86
9412.16
9565.05
9735.01
9880.62
10038.8
10176.5
10318.6
10446.6
10573.7
10691.1
10804.6
10910.3
11014.1
11109
11204.8
11291
11379.4
11458.2
11541.3
11613.9
11693.9
11759.9
11840.5
11897.6
12935.2
12501
12325.4
12099.9
11866.4
11645.4
11458
11291
11149.2
11024.3
10918.4
10822.6
10738.1
10661.2
10593
10531.4
10476.1
10425.7
10380.4
10338.5
10300.8
10265.6
10233.8
10204.3
10177.5
10152.7
10129.9
10108.9
10089.4
10071.5
10054.7
10039.5
10024.9
10012
9999.4
9988.42
9977.64
9968.34
9959.27
9951.61
9944.35
9938.43
9933.04
9929.02
9925.56
9923.49
9922.92
9923.88
9926.13
9930.8
9934.56
9939.97
9943.71
9946.59
9952.39
9970.4
10011.7
10108.3
10235.1
10432.6
10641.4
10889.6
11140.7
11358.5
11555.6
11724.7
11911.2
12059.1
12226.1
12357.9
12499.9
12618.4
12739.3
12844.1
12947.2
13039
13132.3
13210.7
13296.4
13365.2
13443.4
13505.4
13578.7
13636.3
13706.2
13759.6
13830.3
13875.7
16104.2
15599.4
15271.3
14864.4
14500.9
14185.9
13931.5
13712.4
13529.9
13371.9
13239.2
13120.7
13017.3
12924
12841.8
12768.1
12702.1
12642.4
12589
12539.8
12495.6
12454.6
12417.6
12383.4
12352.4
12323.7
12297.5
12273.3
12251
12230.6
12211.4
12194.2
12177.7
12163
12148.9
12136.5
12124.4
12114
12103.9
12095.5
12087.5
12081
12075.3
12071
12067.5
12065.6
12065.5
12067.4
12070.7
12076.2
12080.2
12084.9
12086.9
12087.4
12093.2
12119.2
12182.7
12328.2
12506.1
12769.5
13026.9
13327.9
13604
13844
14049.3
14221.8
14409.1
14546.2
14710.3
14822.7
14956.3
15054.6
15162.7
15246.6
15335
15407.7
15487.3
15543.8
15619.5
15665
15735.1
15775.7
15842.7
15880.9
15944.6
15982.8
16045.9
16080.1
19836
19320.8
18779.7
18161
17658.1
17244.6
16919.1
16644.2
16417.8
16223.9
16062
15918.7
15794.4
15683.2
15585.6
15498.5
15420.7
15350.8
15288.2
15231
15179.7
15132.3
15089.5
15050.2
15014.5
14981.5
14951.5
14924
14898.5
14875.4
14853.7
14834.3
14815.7
14799.2
14783.5
14769.6
14756.2
14744.6
14733.4
14724.1
14715.3
14708.3
14702
14697.6
14693.8
14692
14692.2
14695.2
14699
14704.6
14707.9
14710.6
14709
14705.1
14711
14747.6
14839.7
15040.5
15269.1
15591.4
15884
16220.3
16499.7
16746.3
16943
17107.9
17281.8
17399.1
17551
17635.3
17755.9
17827.2
17920.3
17978.9
18052.8
18103.8
18169.6
18201.1
18269.4
18287.5
18355.7
18371.1
18438.7
18452.7
18519.2
18535.7
18599.1
18623.2
24376
23849.8
23006.8
22142.8
21487.5
20966.8
20562.5
20225.6
19949.9
19715.4
19520.4
19349
19201.1
19069.5
18954.2
18851.8
18760.6
18679
18606.1
18539.8
18480.3
18425.6
18376.3
18331
18290.1
18252.4
18218.1
18186.7
18157.9
18131.6
18107.2
18085.3
18064.5
18046
18028.4
18012.9
17998
17985.1
17972.8
17962.5
17952.9
17945.1
17938.3
17933.4
17929.3
17927.2
17927.5
17931.3
17934.9
17939.4
17940.9
17939.8
17932.5
17921.4
17927.5
17976.6
18101.4
18355.5
18626.9
18993.1
19302.6
19653.4
19916.1
20154.7
20329.7
20478.9
20629.2
20722.9
20855.7
20908.9
21014.3
21056.3
21135.6
21167.1
21230.1
21257.8
21311.2
21319
21380.1
21383.7
21443.4
21446.3
21506.4
21509.3
21570.7
21574.6
21636.1
21648.6
30029.1
29416.4
28156.1
27009
26182.9
25541
25046.5
24637.8
24304.8
24023
23789.3
23584.9
23409.4
23253.7
23117.8
22997.5
22890.5
22795.3
22710.3
22633.2
22564.2
22501
22444.1
22392
22345
22301.7
22262.6
22226.8
22194.1
22164.3
22136.8
22112
22088.7
22067.9
22048.2
22031
22014.3
21999.9
21986.2
21974.8
21964.1
21955.5
21947.8
21942.2
21937.4
21934.8
21934.7
21938.7
21940.9
21943.2
21941.6
21935.1
21918.7
21898.1
21903.5
21966
22123.6
22419.8
22720.7
23111.8
23418.6
23764.7
23995.5
24214.7
24359.4
24488.5
24609.5
24679.3
24788.6
24813.1
24902.4
24917.1
24984.3
24990.2
25046.2
25049.6
25092.2
25093.5
25134.7
25137.4
25179.2
25182
25226.4
25230.2
25280
25281.7
25337.7
25340.3
37188.3
36319.2
34499
33025.1
32002
31218.1
30616.8
30122.5
29721
29382.4
29102.2
28858.2
28649.4
28464.8
28304.1
28162.1
28036.3
27924.5
27825.1
27735.1
27654.8
27581.3
27515.4
27455
27400.8
27351.1
27306.2
27265.2
27227.9
27194.1
27162.9
27134.9
27108.5
27085.1
27063.1
27043.6
27025
27008.9
26993.6
26980.8
26968.7
26958.9
26950.1
26943.4
26937.3
26933.5
26932.4
26935.6
26935.3
26934
26927.8
26913.6
26885.8
26853.3
26856.3
26931.4
27116.4
27439.5
27753.7
28150.4
28437.7
28764.2
28953.7
29145.8
29256.3
29363.7
29453.9
29502
29585.4
29592.2
29661.4
29661.8
29706.7
29706.2
29740.1
29739.6
29760.3
29760.3
29785.6
29785.9
29816.5
29815.9
29851.6
29853.9
29895.7
29898.8
29945.3
29945.8
46375.8
44960.1
42408.7
40553.6
39296.2
38340.6
37609.3
37010.2
36524.7
36116.2
35779
35486
35236.4
35016
34824.7
34656
34507
34374.9
34257.7
34151.9
34057.7
33971.6
33894.6
33824.3
33761.3
33703.6
33651.9
33604.6
33561.8
33523
33487.4
33455.5
33425.6
33399.1
33374.1
33352.1
33331.1
33312.9
33295.6
33281.1
33267.3
33255.8
33245.4
33237
33228.9
33223.3
33220
33221.2
33217.1
33211
33198.1
33174.2
33133.8
33087.5
33086
33172.5
33375.5
33711.3
34022.7
34410
34665.4
34963.8
35107.5
35268.2
35344.7
35431
35492.5
35521.5
35580.3
35580.5
35626.7
35621.7
35646.2
35637.4
35656.2
35653.7
35653.3
35651.4
35669.1
35668.6
35691.3
35690.2
35719.8
35721.2
35760.1
35760.8
35802.8
35804.7
58347.6
55899.9
52415.2
50104.3
48559.6
47390.6
46496.8
45766.2
45175.3
44678.8
44269.9
43915.1
43614.1
43348.4
43118.7
42916.1
42738.1
42580.3
42440.8
42315
42203.3
42101.4
42010.6
41927.7
41853.9
41786.2
41726
41670.8
41621.4
41576.3
41535.4
41498.5
41464.3
41433.9
41405.3
41380.2
41356.2
41335.5
41315.7
41299
41282.9
41269.3
41256.5
41245.7
41234.7
41226.3
41219.5
41217.3
41207.7
41195.3
41174.2
41139.2
41085.8
41025.5
41018
41116.5
41329
41667.9
41966
42335.8
42553.2
42821.7
42919
43047
43093.4
43161.4
43198.5
43211.6
43255.3
43246
43280.6
43265.2
43280.3
43261.7
43274.6
43261.7
43265.2
43256.3
43267.5
43267.4
43286
43284.9
43313
43313.9
43353.8
43356.2
43399.5
43400
74246.7
69959
65290.2
62419.6
60511.6
59069.8
57967.9
57068.4
56342.2
55732.2
55231
54796.5
54429.2
54104.8
53825.5
53579.2
53363.7
53172.6
53004.4
52852.6
52718.6
52596.1
52487.7
52388.5
52300.8
52220.3
52149.1
52083.9
52025.8
51972.9
51925.1
51881.9
51842.2
51806.8
51773.7
51744.6
51716.9
51692.8
51669.9
51650.1
51631.1
51614.5
51598.5
51584.4
51569.4
51557
51545.1
51538
51521
51500.7
51469.9
51423.3
51358.2
51286.5
51275.3
51391.3
51609.9
51952
52234.5
52589.4
52770.2
53015.4
53071.7
53169.1
53192.6
53247
53266
53271.7
53307.5
53286.3
53320.2
53295.7
53309.2
53282.6
53296.4
53277.3
53285.6
53273.9
53286.1
53285.3
53306.3
53306.9
53337.9
53342.9
53386.6
53398
53449.7
53448.8
95775.6
88385.4
82208.1
78626.4
76243.9
74443.6
73068
71945.7
71041.1
70281.2
69658.1
69118
68663
68260.7
67915.7
67611.1
67346.1
67110.6
66904.4
66718.1
66554.3
66404.6
66272.6
66151.9
66045.7
65948.2
65862.5
65783.9
65714.5
65651
65594.2
65542.7
65495.7
65453.6
65414.7
65380.2
65347.5
65319.2
65291.9
65268.2
65245.2
65224.6
65204.3
65185.6
65165.1
65147.3
65128.5
65114.9
65088
65058.2
65016.1
64958.3
64884.8
64809.3
64803.9
64953.8
65188.5
65549.5
65827.7
66184.4
66338.9
66577.9
66602.1
66679.6
66690
66739.2
66749
66754.3
66793.3
66763
66807.8
66777.7
66797.7
66766.8
66789.3
66768.8
66785.9
66776.3
66796.2
66796.4
66827.3
66834.4
66873.9
66894.8
66945.8
66977.7
67042.5
67048.4
125625
113181
105049
100526
97501.5
95215
93467.8
92042.5
90895.5
89931.4
89142.3
88457.9
87883
87374.1
86939.2
86554.9
86221.9
85925.5
85667.1
85433.4
85228.7
85041.4
84877.1
84726.8
84595.1
84474.2
84368.6
84271.6
84186.5
84108.4
84039.2
83976.2
83919.2
83867.9
83820.8
83779
83739.5
83705.2
83672
83642.9
83614.4
83588.3
83562
83537.2
83509.5
83484.4
83456.4
83434.3
83394.9
83353
83297.9
83230.1
83154
83088.8
83110.4
83330.8
83614.1
84035
84341.5
84738.4
84889.4
85154.7
85156.9
85237.1
85244.3
85308.5
85322.5
85337.4
85395.7
85362.1
85434.1
85402.6
85441.1
85410.3
85453
85436.6
85470.6
85469.2
85505.3
85514.4
85565.1
85591
85647.4
85698.2
85765.9
85830
85914.5
85950.4
168356
147776
137024
131193
127263
124289
122017
120164
118674
117421
116397
115507
114762
114101
113539
113041
112611
112227
111894
111593
111329
111088
110877
110685
110516
110362
110227
110104
109996
109897
109810
109730
109659
109594
109535
109483
109433
109391
109349
109312
109276
109242
109207
109174
109136
109102
109062
109028
108973
108915
108844
108768
108697
108665
108755
109114
109515
110078
110479
110990
111179
111527
111523
111646
111667
111781
111817
111862
111962
111933
112059
112030
112108
112083
112164
112158
112224
112239
112312
112345
112431
112493
112582
112682
112783
112901
113017
113117
232429
198575
184119
176350
171070
167073
164019
161527
159526
157841
156466
155270
154270
153381
152626
151957
151381
150866
150420
150016
149664
149342
149061
148803
148579
148374
148195
148031
147889
147758
147643
147537
147444
147358
147282
147213
147148
147092
147038
146989
146941
146896
146849
146804
146752
146704
146648
146601
146523
146443
146352
146265
146211
146244
146477
147097
147745
148604
149224
149984
150288
150819
150839
151077
151141
151362
151446
151560
151735
151724
151949
151928
152080
152068
152221
152234
152371
152414
152560
152634
152788
152915
153066
153248
153411
153622
153791
154011
335580
279072
258909
248017
240562
234916
230602
227079
224256
221874
219931
218239
216827
215569
214503
213555
212742
212014
211384
210813
210316
209861
209464
209100
208785
208495
208244
208013
207813
207629
207469
207321
207190
207071
206964
206867
206778
206700
206624
206556
206489
206425
206360
206297
206224
206157
206078
206010
205899
205786
205663
205561
205531
205681
206182
207285
208423
209871
210948
212217
212783
213696
213796
214284
214441
214876
215053
215307
215610
215643
216053
216049
216340
216355
216655
216702
216973
217067
217348
217497
217779
218020
218288
218618
218898
219279
219548
219992
522506
423443
393218
376615
365197
356548
349942
344544
340221
336571
333596
331000
328834
326901
325265
323810
322560
321441
320474
319595
318831
318130
317520
316961
316476
316030
315645
315290
314983
314700
314453
314226
314026
313843
313679
313532
313396
313277
313160
313058
312955
312859
312759
312665
312555
312457
312342
312242
312074
311903
311722
311585
311585
311935
312944
314985
317111
319763
321801
324137
325278
326999
327305
328327
328682
329553
329916
330459
331014
331148
331907
331940
332524
332596
333183
333299
333833
334022
334573
334863
335400
335858
336364
336979
337494
338207
338674
339565
956101
758758
706006
676380
655958
640493
628684
619027
611302
604770
599449
594799
590921
587456
584523
581911
579669
577659
575922
574343
572969
571710
570612
569607
568733
567932
567237
566599
566046
565536
565093
564684
564323
563993
563699
563434
563190
562976
562767
562585
562402
562232
562055
561890
561698
561531
561336
561168
560875
560573
560253
560020
560053
560806
562933
567096
571492
576931
581207
586040
588529
592147
592943
595206
596012
597882
598656
599863
600982
601350
602907
603020
604268
604466
605698
605966
607091
607494
608657
609261
610380
611314
612369
613630
614686
616161
617079
618998
3.08693e+06
2.4313e+06
2.27113e+06
2.17979e+06
2.11646e+06
2.06845e+06
2.03175e+06
2.00171e+06
1.97767e+06
1.95732e+06
1.94074e+06
1.92624e+06
1.91415e+06
1.90334e+06
1.89419e+06
1.88604e+06
1.87904e+06
1.87277e+06
1.86735e+06
1.86242e+06
1.85814e+06
1.85421e+06
1.85078e+06
1.84764e+06
1.84492e+06
1.84242e+06
1.84025e+06
1.83826e+06
1.83654e+06
1.83495e+06
1.83357e+06
1.83229e+06
1.83117e+06
1.83014e+06
1.82922e+06
1.82839e+06
1.82763e+06
1.82697e+06
1.82631e+06
1.82574e+06
1.82516e+06
1.82462e+06
1.82406e+06
1.82353e+06
1.82292e+06
1.82238e+06
1.82175e+06
1.82119e+06
1.82024e+06
1.81925e+06
1.81823e+06
1.81749e+06
1.81762e+06
1.82017e+06
1.82716e+06
1.84051e+06
1.85458e+06
1.87182e+06
1.88536e+06
1.90051e+06
1.90826e+06
1.91951e+06
1.92189e+06
1.92905e+06
1.93154e+06
1.93739e+06
1.93972e+06
1.94349e+06
1.94687e+06
1.94803e+06
1.95284e+06
1.95312e+06
1.95708e+06
1.95767e+06
1.96156e+06
1.96238e+06
1.96595e+06
1.96721e+06
1.97093e+06
1.97289e+06
1.97644e+06
1.97947e+06
1.98282e+06
1.98695e+06
1.99026e+06
1.99517e+06
1.99792e+06
2.00435e+06
3.94673e+07
174002
73898.8
182010
274895
390690
509521
611495
691751
729132
936694
777312
721293
549142
284239
1.99591e+06
3.99703e+08
1.72226e+06
236403
246735
263502
259030
263191
266845
301339
290511
306930
317334
314287
384949
341118
334567
269684
293367
225830
265678
252645
240320
234989
222271
205024
202586
163313
144628
153762
331220
116986
335863
88282.7
226002
4.98921e+06
3.00343e+08
5.41597e+06
96022.8
100335
103871
112359
116099
126918
133076
141122
140782
148347
156289
174627
167527
174593
180194
206664
211601
192647
199224
202774
204954
205812
205513
203836
201453
197572
192373
214581
199292
191151
183019
174775
166138
158203
149747
143116
138672
115937
125907
121409
99275.8
98941.8
92301.9
103855
524491
92578.3
37259.8
78789
113283
155285
197466
234731
264847
280941
337178
295503
482369
217893
112410
333748
8.5782e+07
281132
110371
111294
114921
110578
109986
109439
119798
116396
122392
126589
124780
146135
133638
131464
109450
118382
92499.5
108934
105351
101362
99751.7
94260.8
86922.8
86480.7
72631.1
68601.3
83453.9
154377
40147.8
98515.2
63751.4
284405
1.39767e+06
8.19904e+07
1.76089e+06
49920.3
50782.8
51927.4
54935.8
55990.4
59885.5
61793.5
64326.2
63881.7
66370.4
68932.6
75013.7
72170.1
74412.6
76059
84550.3
85684.9
79249.3
81223.4
82126.7
82584
82593.1
82202.9
81350.5
80257.6
78700.3
76747.7
83422.9
78237.9
75222.8
72169.6
69101.5
65856.1
62855.7
59689.3
57131
55253.2
47427.1
50555.6
48836.1
41221.5
40988.6
38604.6
42541.3
553447
62843.6
22531.7
43579.4
61242.5
82755.1
104176
123551
139213
147959
168686
153709
269937
113988
65090.7
132707
1.43389e+07
85722.3
64718.1
63636
64472.1
60984
59774.8
58597.9
62709.1
61241.9
64283.1
66692.8
65309
73676.2
69344.6
68085
57432.3
62115.2
48408
57423.3
56234.1
54695
53686.7
50319.7
46981.6
46261
42394.8
42835.8
51923.1
71017.3
20599.5
41419.5
50529.1
121604
320807
1.44071e+07
332350
30949.3
31082.2
31686.3
32762.5
33017.9
34835.1
35562
36528.3
36111.1
37148.5
38199.9
40836.5
39285.3
40177
40757.9
44218.7
44343.6
41464.3
42148.3
42322.2
42309.5
42090.9
41684.9
41074.1
40351.4
39453.3
38442.9
40717.7
38412.2
36860.8
35265.9
33694.1
32019.3
30464.6
28861.6
27508.1
26355.6
23124.1
24123.5
23219.8
20177.6
19973.3
18954.4
20426.6
571466
49796.3
15812.4
29043.8
40251.8
53847.1
67218.7
79414.6
89139.8
94662.6
104134
96871.9
160985
73229.9
50888.9
90227.5
1.52802e+06
48791.7
44274.5
42616.6
42600.7
39905.5
38928
38084.9
40513.3
39721.9
41632.5
43129.1
41881
46135.4
44039.8
42945
36271.6
39272
30785.7
36318.1
35848.1
35438.2
34383.6
31940
30870.9
29636.3
29680.8
31275.6
35105.9
36478.2
16687.7
25732.7
40468.3
59714.2
107037
1.73507e+06
75119.7
21905.7
21795.5
22061.8
22427.2
22380.1
23383.6
23686.1
24112.4
23719.6
24240.8
24790.5
26299.9
25264.2
25715.3
26006.6
27936
27877.4
26143.4
26420.8
26416.7
26306.3
26071.4
25720.3
25248.4
24705.3
24064.8
23418.7
24488.3
23156.3
22145
21096.6
20080.2
18998.2
17992.1
16976.3
16094.2
15261.6
13520.4
13912
13332
11774.3
11602.1
11064.7
11766.3
578766
42870.2
12405.2
21777.9
29736.4
39364.9
48745.9
57378.4
64160.6
68070.7
73127.5
68713.7
97631
53961.7
44973.7
65240.7
212166
35922.4
33475.7
31680.2
31224.8
29056.6
28206.1
27555.4
29166.7
28823
30238.2
31329.7
30197.2
32541.2
31558.2
30704.6
26152.3
28241.5
22867.8
26233.7
26003.5
26218.6
25083.5
23237.6
23427.8
21944.7
23002.9
24672.8
25803
23285.1
16279.7
21321.9
31495.4
42802.7
45274.9
314849
25829.7
17005.9
16787.8
16823.1
16893.6
16716.4
17299.2
17381.6
17540.8
17158.9
17414.3
17712.2
18640.2
17873.6
18106.9
18265.4
19474.1
19343.2
18150.8
18250.1
18180
18045.3
17827.6
17529.8
17152.2
16723.8
16231.3
15790.2
16399.2
15512.1
14790.2
14034.9
13316.7
12550
11838.9
11132.9
10511.4
9882.97
8787.26
8986.41
8593.91
7655.99
7523.71
7212.07
7631.5
572019
38495
10476.2
17549.3
23576.6
30857.1
37906.2
44443.5
49510.7
52492.3
55534
52578.9
63350.7
43223.1
40633.5
47525.6
52350.1
29070
27027
25247.8
24537.8
22727.7
21922.4
21326.3
22357.4
22298.1
23453.4
24381
23411.5
24745.8
24450.3
23871.9
20740.7
22215.3
18918.3
20809.3
20647.9
21179.7
20047.1
18660
19449
17984.2
18966
20439.5
20622.6
18340.9
16245
19430.2
24211.7
32067.7
24061.7
75814.4
15679.6
14023.6
13745.8
13639.4
13564.4
13329.1
13662.1
13615.3
13621.8
13251.8
13348.5
13493.8
14055.6
13455.4
13557.1
13629
14390.6
14204.3
13346
13352.3
13248.7
13107
12908.5
12652.9
12342.4
11995
11605.5
11293.4
11636
10994.7
10456.5
9885.51
9355.69
8782.81
8253.9
7735.28
7274.07
6782.16
6065.97
6166.99
5892.29
5308.41
5212.65
5028.22
5294.05
548815
35233.1
9281.42
14799.2
19549.1
25273.5
30796.4
35951
39913.9
42322.6
44353.7
42365.1
45412.3
36415.2
36376.6
35986.4
29449.8
24728.8
22877.3
21163.1
20294.2
18730.2
17929.5
17321.9
17905.3
17980.1
18953.1
19806.1
19037.1
19844.1
19973.9
19659.6
17580.2
18608.9
16721.8
17619.7
17467
18109
17069.7
16048.7
17024.2
15761
16409.9
17622.9
17596.3
16243.5
15885.9
17793.8
18924.4
23685.8
16079.3
24802.3
12580
12053.7
11737.2
11544.9
11385.5
11123.6
11294.1
11166.9
11080.9
10725.7
10722.8
10770.2
11093.3
10606.1
10625.5
10638.8
11109
10891.6
10256.3
10214.4
10097.5
9959.15
9781.24
9561.86
9303.56
9018.19
8705.72
8476.49
8654.72
8166.59
7753.1
7307.75
6904.79
6460.83
6052.88
5655.96
5300.37
4906.35
4428.02
4469.96
4272.01
3905.58
3838.36
3726.45
3896.79
508786
32387.6
8495.35
12870.9
16713.5
21325.6
25770.1
29942.4
33150.5
35194.3
36695.7
35420.1
35721.5
31666.4
32230.7
28934.4
24063.7
21799.5
20096.1
18460.3
17486.1
16090.8
15271.4
14622.1
14857.3
14951.6
15749.5
16546.4
15990.3
16532.1
16930.7
16853.7
15581.7
16298.8
15340.2
15620.5
15460.8
16078.4
15195.5
14465.7
15392.7
14418.3
14779.9
15712.2
15686.3
15049.5
15172.7
16086.4
15373.6
17776.8
12727.4
13748.2
11052.2
10686.7
10343.7
10097.2
9883.44
9609.1
9666.97
9488.47
9344.69
9004.75
8938.04
8921
9087.2
8680.32
8647.96
8622.55
8901.69
8673.89
8191.66
8126.11
8007.91
7878.18
7720.46
7531.99
7315.12
7078.07
6824.1
6648.73
6727.71
6342.65
6016.38
5660.22
5345.17
4991.33
4667.45
4353.76
4071.6
3751
3420.78
3428.98
3282.73
3048.27
3001.73
2931.43
3043.95
453557
29577
7958.21
11450.4
14616.6
18391.5
22033.4
25473.4
28145.2
29951.5
31173.2
30444
30035.4
28131
28502.1
24705.9
21597.7
19777.1
18197.9
16642.6
15597.3
14314.4
13464.1
12760.9
12723.3
12760.6
13369.9
14092.8
13735.2
14147.2
14712.4
14853.7
14197
14725.3
14345.6
14300.8
14138.1
14656
13957.1
13452.9
14220.4
13542.7
13723.9
14381.4
14370.2
14118.1
14260.3
14459.7
13106.4
14054.9
11130.2
10870.9
10071
9715.63
9353.83
9071.13
8820.38
8539.82
8516.37
8304.81
8124.05
7799.6
7690.96
7631.06
7693.06
7345.14
7280.46
7229.6
7383.1
7157.91
6782.52
6706.37
6592.55
6472.96
6333.19
6170.08
5985.59
5785.81
5576.1
5436.03
5455.45
5142.76
4878.21
4586.46
4333.05
4043.7
3779.51
3524.33
3294.37
3029.22
2791.57
2780.93
2669.74
2515.35
2483.03
2437.06
2514.73
386534
26600.3
7581.53
10370.4
13015.2
16137
19159.4
22035.1
24313.6
25959.7
27037.2
26735
26335.6
25388.7
25394.1
22119.2
19998.4
18371.1
16898.6
15423.7
14331.6
13121.9
12235.3
11477.4
11221.8
11157.5
11569.7
12182.6
11984.9
12327.8
12983.1
13320.7
13122.5
13571.6
13534.4
13376.7
13227.7
13619.5
13101.6
12765.4
13343.6
12919.4
13005.3
13421.2
13394.3
13290.4
13317.7
13082
11706.8
11885.7
10264
9838.18
9391.42
9024.69
8649.5
8341.39
8064.62
7780.35
7696.64
7463.99
7259.1
6949.4
6813.37
6724.31
6716.47
6412.94
6328.08
6260.42
6330.85
6115.01
5815.06
5734.91
5627.43
5517.41
5392.47
5249.4
5089.71
4918.23
4741.9
4624.83
4607.89
4347.14
4126.47
3881.57
3671.55
3428.86
3207.46
2993.96
2801.41
2577.97
2398.83
2377.22
2289.85
2184.47
2161.42
2129.86
2185.88
312659
23399.2
7310.37
9533.13
11766.4
14366.2
16897.7
19327.6
21308.6
22836.9
23851.6
23879.3
23689
23206.4
22939.7
20451.1
18856.9
17392.1
16016.2
14622.7
13503.7
12341.7
11418.8
10610
10182.6
9993.42
10212.4
10676
10582.2
10874.3
11550.4
12045.7
12180.5
12638.6
12804.4
12673
12561.6
12838.7
12480.3
12264
12668.8
12434.3
12475.5
12702.6
12640.1
12562.1
12469.1
12024.3
10867
10687.3
9748.39
9315.96
8922.96
8543.9
8159.17
7832.69
7537.1
7250.32
7121.25
6875.46
6654.49
6358.57
6204.69
6095.23
6040.05
5770.73
5673.37
5594.39
5609.33
5405.59
5159.33
5078.37
4977.29
4875.31
4761.95
4634.17
4493.05
4342.69
4191.14
4088.44
4048.62
3825.85
3636.29
3425.54
3245.99
3037.18
2846.52
2662.86
2497.07
2304.89
2163.16
2134.51
2062.96
1987.58
1970.07
1946.88
1988.41
237939
20047.1
7107.23
8877.53
10780.5
12956
15090.6
17161.1
18908.5
20336.3
21340.5
21616.5
21647.7
21435.4
21054.6
19287.9
18009.7
16704.8
15423.8
14115.2
12989
11860.8
10906.5
10054.3
9492.79
9174.12
9212.82
9497.99
9446.19
9680.05
10310.8
10905.6
11273.8
11790.2
12091.2
12068
12022.2
12222.2
11996.1
11864.3
12133.5
12026.7
12050.1
12148.5
12051
11955.4
11780.4
11276.8
10379.3
10054.1
9435.29
9007.54
8616.45
8227.69
7836.54
7496.82
7187.5
6898.98
6735.52
6482.08
6250.21
5967.02
5801.05
5677.8
5590.25
5347.51
5242.63
5155.72
5132.97
4941.88
4734.01
4653.6
4558.05
4462.26
4357.48
4240.91
4113.32
3978.41
3844.58
3750.7
3695.66
3500.56
3332.86
3146.88
2988.46
2804.16
2635.43
2473.03
2326.19
2157.26
2039.47
2005.5
1943.94
1886.44
1871.55
1852.74
1883.37
168636
16724.8
6945.21
8362.85
9997.59
11824.5
13633.3
15408.7
16964.4
18299.1
19306.5
19775.4
19989.2
19961.7
19602.6
18396.6
17349.6
16206.9
15026.7
13809.4
12697.7
11599.8
10624.1
9739.74
9076.13
8637.06
8507.3
8611.11
8541.13
8698.3
9222.78
9841.38
10350.1
10936.7
11343.7
11470.2
11516.5
11692.6
11576.9
11509.5
11687.9
11661.9
11683.3
11709.4
11593.1
11478.2
11265.8
10788.1
10110
9738.84
9258.43
8833.81
8438.78
8044.18
7649.66
7300.98
6981.94
6692.43
6503.19
6246.11
6007.05
5735.46
5561.48
5429.03
5319.35
5097.57
4987.99
4895.4
4846.78
4667.91
4487.61
4408.1
4316.88
4225.46
4126.64
4017.92
3899.85
3775.87
3654.19
3565.48
3499.21
3324.01
3171.25
3002.99
2858.74
2691.9
2538.51
2390.9
2257.07
2105.15
2002.25
1963.38
1907.41
1859.59
1844.83
1827.37
1848.99
110162
13666.6
6805.35
7960.59
9375.78
10915.1
12453.2
13981.7
15372.6
16617.6
17618.6
18226.3
18589.5
18696.9
18444.2
17644.3
16796.8
15819.5
14751.9
13635.4
12562.3
11500.2
10518.3
9616.18
8879.3
8337.15
8056.22
7990.06
7854.06
7917.09
8289.09
8847.01
9401.71
10032.8
10526
10810.2
10967.6
11174.9
11160
11153.1
11285.8
11313.4
11346.7
11347.1
11235.3
11117
10904.5
10491.4
9974.06
9600.75
9179.83
8760.53
8364.56
7968.95
7574.6
7221.09
6896.08
6606.63
6398.86
6141.43
5898.25
5637.47
5458.68
5320.49
5195.89
4991.16
4878.27
4782.18
4715.66
4548
4387.71
4308.93
4220.85
4132.2
4037.16
3933.56
3821.76
3705.14
3591.3
3504.73
3429.36
3268.08
3124.93
2968.89
2833.48
2678.59
2535.36
2397.5
2272.03
2132.17
2037.76
1993.57
1939.66
1895.57
1878.66
1859.88
1873.21
65913.9
11075
6675.71
7649.82
8884.71
10186.9
11497.8
12816.1
14059
15212.8
16190.3
16886.5
17368.2
17579.1
17465.3
16956.5
16296.1
15486.4
14546
13541.7
12531.8
11516.2
10548
9645.39
8862.5
8240.13
7834.15
7614.2
7386.31
7337.73
7538.25
7959.08
8466.13
9081.12
9624.67
10041.5
10317.1
10593.8
10685.7
10747.9
10880.4
10953
11013
11024.5
10941.8
10840.8
10655.6
10319.6
9914.64
9559.77
9171.28
8763.16
8372.06
7981.4
7591.66
7237.86
6910.96
6623.28
6403.54
6148.99
5904.74
5654.57
5473.9
5332.98
5199.11
5008.75
4893.82
4795.98
4717.28
4559.77
4414.39
4335.92
4250.01
4162.85
4069.84
3969.16
3861.07
3748.94
3639.57
3552.6
3469.06
3317.07
3179.37
3031.18
2900.37
2753.01
2615.79
2483.52
2362.53
2230.44
2139.82
2089.24
2034.26
1989.22
1967.91
1945.16
1950.04
36470.6
9058
6550.55
7414.2
8501.31
9609.18
10728.4
11865.5
12971.3
14029.7
14967
15709.2
16276.3
16574.7
16594.3
16302.1
15820.2
15177.8
14377.9
13498.7
12573.5
11620.6
10688.4
9804.58
9001.72
8321.71
7817.42
7467.25
7142.38
6967.28
7004.4
7235.8
7616.13
8136.26
8666.54
9156.33
9530.28
9892.19
10098.2
10248
10417.5
10543.2
10648
10700.9
10668.6
10606.1
10468.4
10210.9
9889.35
9566.19
9206.85
8818.32
8439.93
8061.48
7682.18
7333.5
7009.49
6726.36
6501.03
6252.93
6011.16
5772.44
5593.06
5452.44
5314.23
5136.98
5021.6
4923.8
4837.5
4689.48
4555.62
4477.25
4392.93
4306.43
4214.24
4114.87
4008.54
3898.63
3791.06
3701.58
3610.18
3463.74
3328.07
3184.08
3054.35
2910.8
2775.98
2645.75
2525.84
2397.66
2306.93
2248.47
2189.43
2139.47
2111.43
2081.81
2077.37
19625.8
7618.25
6429.71
7239.72
8206.9
9157.86
10115.7
11095.8
12073.8
13035
13920.6
14677.9
15294.5
15683.2
15810.2
15690.2
15377.1
14898.1
14249.4
13501.2
12678.5
11805.8
10931
10084.2
9284.47
8571.03
7994.05
7536.42
7119.41
6823.17
6698.09
6740.49
6936.54
7292.67
7727.89
8202.48
8619.38
9045.13
9356.1
9605.99
9842.83
10038.1
10207.8
10327.7
10366.1
10362.2
10288.3
10110.5
9861.22
9581.98
9259.74
8901.6
8545.72
8188.26
7826.82
7490.09
7175.12
6900.67
6676.89
6439.51
6204.85
5979.3
5805.05
5668.29
5530.93
5366.64
5253.05
5157.42
5067.78
4929.3
4804.86
4726.76
4643.85
4557.67
4465.6
4366.51
4260.59
4151.23
4043.37
3949.66
3850.43
3706.45
3570
3427.07
3295.37
3152.31
3016.68
2885.19
2763.16
2635.26
2540.84
2472.66
2406.53
2348.09
2310.7
2271.25
2255.92
11392.9
6681.86
6317.7
7112.75
7984.78
8812.55
9636.82
10482.9
11345.2
12214.5
13046.6
13802.7
14449.5
14925.3
15151.3
15172.8
15019.4
14699.6
14197.7
13581.5
12871.4
12091.4
11289.6
10493.6
9715.17
8989.42
8361.82
7819.32
7319.43
6913.51
6638.29
6499.07
6506.32
6651.66
6921.24
7285.21
7660.38
8086.35
8459.2
8795.79
9111.85
9389.79
9642.63
9850.1
9980.82
10058.1
10059.7
9968.5
9794.41
9572.55
9299.43
8984.66
8663.23
8337.14
8002.86
7686.49
7388.22
7128.38
6913.88
6692.59
6470.93
6261.97
6097.82
5969.43
5838.62
5688.93
5580.56
5490.11
5401.58
5273.67
5158.11
5081.25
5000.37
4914.93
4823.03
4723.84
4617.59
4507.63
4397.95
4298.71
4191.55
4047.51
3907.89
3763.2
3626.83
3481.19
3341.69
3205.78
3078.47
2947.19
2845.61
2765.54
2689.21
2618.8
2569.05
2516.65
2488.11
8092.06
6116.29
6221.71
7017.97
7817.89
8553.94
9273.21
10011.1
10777.4
11571.8
12364.2
13123.5
13807.6
14364.3
14717
14861
14844.4
14662.4
14303.7
13815.4
13217
12532.6
11808.4
11067.7
10319.9
9595.36
8932.81
8323.28
7749.39
7246.74
6839.24
6534.66
6350.82
6298.86
6357.23
6539.28
6785.82
7122.39
7476
7844.3
8215.46
8568.55
8909.42
9217.48
9458.48
9638.47
9738.56
9737.46
9653.46
9505.79
9295.35
9038.08
8764.76
8481.92
8185.79
7899.94
7627.76
7390.37
7193.8
6995.26
6794.03
6606.83
6459.02
6344.73
6227.12
6095.57
5997.22
5916.04
5833.71
5718.67
5613.04
5539.37
5462.01
5378.64
5287.81
5188.95
5082.35
4971.28
4858.85
4753.25
4638.14
4491.96
4347.17
4198.18
4054.67
3903.48
3757.1
3613.57
3477.72
3339.31
3227
3132.53
3042.7
2956.79
2891.23
2822.68
2777.71
7308.23
5796.17
6146.61
6936.35
7686.21
8361.59
9008.37
9671.19
10373.9
11127.9
11917.8
12715.7
13466.9
14112.7
14590.8
14871.5
14977
14929.7
14702.2
14326.2
13825.3
13225.4
12568.4
11874
11152.5
10429.9
9737.22
9069.81
8426.89
7834.97
7310.97
6860.26
6504.48
6253.77
6108.64
6086.02
6139.64
6309.16
6548.64
6857.87
7215.42
7597.21
8000.33
8401.83
8760.47
9061.16
9279.34
9390.92
9404.29
9350.13
9221.38
9034.25
8822.99
8596.26
8350.49
8106.84
7871.74
7666.38
7497.34
7329.56
7157.7
6999.35
6875.51
6782.35
6685.76
6577.89
6495.96
6429.46
6359.36
6260.91
6168.01
6100.63
6029.4
5950.47
5862.58
5765.39
5659.23
5547.26
5431.81
5319.59
5196.65
5046.7
4895.07
4739.45
4586.47
4426.84
4270.52
4116.07
3968.25
3818.76
3692.03
3580.21
3473.37
3368.33
3283.19
3195
3129.53
7504.32
5643.2
6069.3
6842.55
7564.08
8211.59
8825.51
9457.97
10146.3
10914.7
11757.8
12645
13514.1
14301.5
14937.6
15391.1
15624.1
15685.7
15569.9
15280.5
14848.9
14305.3
13687.3
13013.3
12296.4
11559.4
10826.4
10097.2
9381.23
8699.39
8064.95
7483.67
6973.06
6543.09
6204.9
5968.73
5822.22
5795.26
5846.21
6008
6259.56
6586.66
6983.91
7434.87
7892.73
8317.15
8666.67
8907.35
9041.36
9087.45
9055.37
8956.92
8817.94
8659.41
8476.25
8287.11
8101.03
7938.58
7807.32
7679.4
7547.06
7426.37
7335.42
7271.69
7205.01
7128.26
7070.67
7025.61
6974.79
6898.18
6822.55
6765.88
6704.48
6633.43
6551.37
6458.11
6354.01
6242.06
6124.03
6005.44
5875.02
5720.05
5560.22
5395.77
5231.14
5060.14
4890.74
4721.91
4558.47
4393.71
4248.61
4116.1
3988.45
3860.44
3751.63
3640.12
3549.12
8051.34
5574.08
5958.67
6702.56
7417.46
8073.45
8703.16
9364.4
10107.2
10967.2
11950.8
13024
14110.2
15119.7
15969.5
16612.6
16991.7
17137.4
17108.5
16869.2
16464.5
15931.6
15306
14608.3
13855.5
13068.7
12267.4
11456.3
10650.2
9866.16
9116.22
8407.21
7754.37
7162.11
6645.52
6214.19
5871.5
5632
5487.8
5469.57
5538.03
5727.39
6029.64
6449.07
6949.44
7468.82
7941.39
8314.89
8577.2
8738.87
8807.68
8802.16
8751.6
8667.02
8556.91
8433.43
8307.88
8199.37
8116.17
8037.59
7955.26
7882.09
7833.73
7808.62
7781.38
7744.49
7720.2
7704.37
7680.59
7632.29
7579.89
7539.39
7492.44
7433.52
7360.95
7274.58
7174.78
7064.35
6944.68
6820.4
6682.86
6521.88
6352.65
6177.27
5998.76
5813.38
5627.59
5440.7
5257.69
5073.22
4905.48
4748.44
4595.81
4440.79
4303.83
4164.87
4042.75
8542.34
5488.84
5769.57
6473.44
7203.14
7906.69
8606.83
9365.02
10238.5
11301.2
12557.6
13954.1
15388.4
16731.1
17869.5
18736.4
19266.7
19486.6
19501.5
19263.3
18828.4
18244
17548.3
16766.7
15921
15032.4
14119
13190
12262.3
11351.1
10468.4
9622.46
8826.7
8084.21
7403.21
6796.62
6272.2
5840.95
5512.15
5293.36
5196.75
5223.23
5362.18
5671.73
6137.87
6689.05
7240.83
7721.19
8097.63
8367.31
8536.37
8625.26
8656.03
8650.8
8618.74
8568
8511.7
8466.39
8440.27
8419.55
8396.67
8380.36
8383.93
8406.43
8427.87
8439.53
8457.35
8478.53
8489.28
8475.9
8453.07
8434.4
8406.55
8363.96
8304.51
8227.96
8134.69
8027.25
7906.84
7777.41
7632.78
7464.65
7284.63
7096.02
6901.14
6698.06
6492.2
6283.2
6076.24
5867.25
5672.19
5486.18
5303.95
5117.47
4947.48
4776.29
4616.96
8509.15
5270.73
5445.19
6108.85
6872.75
7659.66
8481.08
9403.16
10520.5
11917.8
13610
15517.6
17477.8
19293.7
20805
21925.7
22594.5
22866.4
22861
22550.3
22009.1
21294.9
20452.3
19514.4
18507.7
17455.3
16375.6
15281.9
14191.4
13118.9
12077.2
11076.2
10127.7
9236.66
8405.31
7643.26
6962.77
6374.62
5884.88
5508.07
5261.42
5160.31
5189.39
5354.92
5738.56
6259.24
6821.84
7348.93
7791.82
8133.68
8377.35
8541.07
8645.83
8709.7
8748.84
8770.82
8786.78
8809.49
8846.13
8888.79
8931.51
8979.72
9042.53
9119.13
9194.46
9260.61
9326.77
9390.49
9440.9
9466.71
9477.63
9484.45
9478.33
9454.21
9409.6
9344.01
9257.84
9153.37
9031.76
8896.43
8743.36
8565.85
8372.64
8167.65
7953.01
7728.14
7497.75
7261.88
7025.91
6786.97
6559.25
6339.05
6121.97
5899.07
5690.64
5481.68
5278.67
8256.33
4969.87
5079.97
5716.47
6513.98
7378.02
8322.25
9432.72
10838.6
12664.3
14921.3
17473.1
20058.7
22388.9
24253.7
25565.3
26291.8
26550.1
26431.2
25970.7
25254.8
24351.9
23314
22180.2
20980.8
19739.9
18476.7
17206.7
15947.1
14713.3
13518.8
12374.9
11293.1
10279.3
9337.11
8470.7
7693.98
7018.17
6451.16
6001.56
5681.48
5515.14
5510.71
5631.86
5965.42
6445.89
6975.45
7483.54
7921.65
8270.63
8532.6
8723.97
8865.26
8978.18
9071.99
9151.43
9224.56
9303.2
9393.22
9489.97
9588.85
9692.79
9807.48
9931.76
10054.1
10167.3
10275.7
10376.6
10461.4
10521
10561.2
10590.4
10602.8
10594.3
10562.4
10506.1
10426
10324.1
10201.5
10061.2
9900.84
9715.01
9510.35
9290.87
9058.81
8814.36
8561.89
8301.75
8039.46
7773.21
7515.85
7264.65
7016.08
6760.52
6517.25
6273.66
6029.88
7747.79
4685.73
4792.78
5427.66
6255.77
7174.03
8215.47
9493.89
11184.4
13461.5
16313.8
19517.2
22691.1
25456.7
27575.3
28978
29693.6
29871.5
29606.4
28973.4
28072.9
26981.8
25757.2
24441.6
23066.8
21657.6
20233.6
18811.4
17408.3
16040.2
14721.5
13464.6
12281
11178
10160.8
9233.85
8408.06
7694.84
7102.28
6638.36
6314.38
6144.39
6135.98
6248.92
6558.19
6995.52
7476.75
7941.78
8348.39
8679.65
8938.4
9139.61
9302.05
9442
9566.48
9682.03
9795.24
9914.65
10044.6
10182.1
10323.1
10468.9
10623
10783.5
10941.5
11089.9
11230.3
11359.7
11470.9
11556.2
11619.1
11666
11693.2
11697.3
11676.3
11628.5
11554.6
11456.5
11335.3
11193.7
11030.2
10840.6
10630
10402.2
10159.4
9902.53
9635.5
9358.95
9078.45
8793.04
8514.5
8240.85
7969.49
7690.33
7421.2
7151.38
6875.28
7120.4
4482.96
4608.66
5273.05
6147.24
7109.34
8235.57
9680.98
11715.7
14522.9
18040.1
21915.7
25634.7
28748.2
31021.8
32429.3
33069.9
33108.7
32682.1
31854
30759.1
29476.8
28067.2
26574.8
25032.2
23464.2
21890.9
20329.5
18797.3
17310.7
15884.6
14532.5
13266.1
12094
11022.9
10058.9
9210.27
8486.43
7894.85
7442.13
7136.31
6984.31
6985.78
7107.7
7405.66
7801.28
8230.77
8644.01
9007.15
9307.7
9549.91
9747.68
9917.32
10071.7
10217.2
10359.1
10502.2
10652.8
10813.9
10982.9
11156.5
11334.5
11518.8
11707.2
11892.2
12067.3
12232
12383.1
12514.5
12619.5
12700.1
12761
12800
12814.4
12802.4
12762.3
12694.5
12601.1
12482.9
12342.3
12178.7
11988.5
11775.9
11544.1
11295.6
11031.3
10755.2
10467.8
10174.8
9875.95
9582
9291.59
9003.12
8706.22
8417.07
8126.14
7823.27
6555.44
4366.33
4548.51
5290.32
6216.7
7214.95
8433.78
10128.5
12619.7
16069.8
20317.6
24846.1
29018.2
32359.6
34678.3
36010.2
36507.5
36386.5
35762.1
34726.8
33430.7
31954.9
30361.3
28695.6
26990.7
25271.5
23558
21867.9
20218.4
18626.1
17106.3
15673
14338.3
13111.8
12001
11012.9
10154.8
9433.55
8854.34
8421.51
8138.62
8008.98
8018.26
8146.22
8426.03
8777.75
9153.75
9513.19
9830.26
10096.9
10318.8
10508.6
10680
10843.4
11003.9
11165.3
11331.2
11505.7
11690.8
11884.1
12082.5
12285
12492
12701.3
12906.4
13101.2
13284
13451.3
13598
13718
13812.3
13884.4
13933.1
13956.4
13952.2
13919.5
13858.1
13770.4
13657
13519.9
13359.1
13171.7
12960.8
12729.3
12479.7
12213
11932.8
11639.9
11339.9
11032.8
10728.8
10426.8
10126.2
9816.75
9512.7
9205.11
8880.68
6030.81
4301.23
4583.47
5466.51
6506.35
7578.59
8959.46
11013.3
14105
18314.1
23314.8
28411.9
32895.3
36323.2
38576.6
39757.5
40065.7
39765
38908
37658.1
36156.3
34485.7
32709.7
30874.3
29012.6
27149.3
25304.5
23495.6
21739.7
20053.3
18451.7
16949.1
15557.8
14287.6
13146.9
12142.3
11280.1
10564.9
9999.26
9584.66
9320.04
9203.71
9213.98
9337.74
9587.86
9892.35
10213.7
10519.8
10791.5
11024.6
11225.4
11405.2
11575.4
11744
11915
12090.8
12273.5
12465.9
12668.9
12880.4
13097.1
13317.4
13540.8
13765
13984.4
14193.1
14388.7
14567.7
14725.6
14856.9
14961.9
15043.1
15099.9
15131
15134.2
15109.1
15054.5
14973.8
14867.1
14736
14580.8
14399.3
14193.8
13966.7
13720.5
13456
13176.7
12883.5
12581.5
12271.4
11962.3
11653.6
11345.7
11028.4
10714.3
10394.4
10053.6
5542.67
4279.07
4715.63
5924.94
7165.19
8356.5
9988.34
12552.5
16382
21422.8
27118.7
32630.6
37251.7
40623.4
42712.9
43680.6
43774.4
43261.1
42152.7
40683.9
38974.4
37109.8
35154
33153.3
31140.9
29141.3
27174
25256.3
23404.7
21635.3
19963
18401.7
16963.6
15658.3
14494.1
13477.1
12611.9
11900.9
11344.2
10940
10683.4
10566.6
10568.7
10674
10884.3
11137.6
11403.6
11657.5
11885.8
12086.5
12266.2
12434.8
12601.3
12771.9
12949.2
13134.4
13328.7
13533.5
13748.9
13972.8
14201.7
14433.9
14668
14901.7
15130
15347.5
15551.3
15738
15903.4
16042.9
16155.9
16244.3
16308
16346
16356.4
16338.9
16291.9
16219.1
16120.8
15998
15851.1
15678.4
15481.7
15262.9
15024.1
14766.3
14492.6
14203.8
13904.9
13596.8
13287.6
12976.9
12666.2
12345.8
12026.3
11698.7
11347.2
5090.1
4282.03
5006.8
6841.54
8391.3
9747.52
11731.5
14942.4
19629.6
25486.5
31726.5
37450.7
42032.1
45222.2
47069.1
47775.5
47651.6
46873.6
45519
43827.5
41910.3
39853.8
37722
35561.4
33404.9
31276.7
29195.9
27179.3
25242.6
23400.9
21668.6
20058.7
18582.5
17249.4
16066.6
15039.1
14169.9
13459
12904
12500
12239.2
12109.2
12091.5
12165
12326.6
12525
12735.2
12938.2
13124.5
13293.8
13452.2
13607.8
13767.9
13936.8
14116
14305.9
14506.4
14718
14940.2
15170.5
15406
15644.1
15883.3
16121
16353.1
16574.3
16781.9
16972.2
17141.6
17285.9
17404.2
17497.9
17566.9
17610.8
17628.1
17617.8
17578.7
17514.5
17425.8
17313
17176.5
17015.1
16830.1
16622.8
16395.2
16148.1
15884.3
15604.6
15313.5
15012
14707.5
14399.7
14090.7
13771.8
13451.7
13121.3
12764.8
4672.05
4295
5557.49
8508.42
10458.3
11974.2
14392.1
18383.3
23960.1
30502.7
37062.8
42785.2
47171.1
50081.5
51628.9
52049.3
51693.6
50619.3
49023.9
47109.3
44986.3
42741
40437.6
38122.5
35828.3
33579
31393.3
29287.2
27275.4
25372
23589.9
21941
20435.5
19081.4
17884.6
16848.5
15974.1
15259.1
14698.8
14285.5
14008.8
13854
13804.2
13838
13942.6
14083.3
14237.2
14390
14535.1
14672.8
14808.6
14948.8
15099
15262
15438.2
15627.2
15828.1
16040.5
16263.3
16494.1
16729.7
16967.5
17205.8
17441.9
17672
17891.7
18097.8
18287.2
18456.4
18601.8
18722.1
18818.4
18890.6
18938.6
18961.6
18957.5
18925.7
18869.8
18791.2
18689.3
18564.6
18416.1
18244.7
18051.5
17838
17604.9
17354.7
17088.1
16809
16518.7
16223.3
15923
15620.2
15307.4
14991.5
14663.4
14307.8
4286.91
4332.56
6567.89
11400.9
13707.7
15302.6
18185.5
23016.7
29390.1
36388.2
43017.8
48547.6
52617.3
55179.1
56389.1
56519.1
55897.6
54523.4
52689.6
50553.5
48227
45796.1
43325
40859.9
38433.6
36069.9
33786.8
31599.8
29522.4
27567.2
25745.5
24067.4
22541.4
21173.8
19968.6
18927.2
18048
17326.8
16756.2
16326.6
16025.5
15837.5
15746.1
15734
15777.9
15858.3
15955.4
16058.2
16161.8
16266.9
16377.7
16499.2
16635.1
16787.1
16954.8
17136.8
17331.7
17538.1
17754.7
17978.9
18207.6
18438.2
18668.5
18896.2
19117.9
19329.5
19528.3
19710.9
19874.5
20015.9
20133.9
20228.7
20300.6
20349.6
20375.6
20375.4
20349
20299.9
20230.3
20138.8
20025.8
19890.5
19733.5
19555.6
19357.9
19141.1
18907.1
18656.6
18393
18117.6
17835.3
17546.7
17254.1
16951.8
16644.5
16323.9
15974.8
3938.1
4418.67
8438.25
16142.2
18513.8
19986.7
23247.2
28880.4
35841.2
43018.3
49488.5
54678.9
58349.1
60517.4
61365.5
61217.3
60274.6
58621.5
56547
54190
51661.4
49046.9
46410.6
43798.7
41244.3
38771
36396.9
34136.4
32001.9
30004.2
28152.9
26455.9
24919.4
23547.4
22341.4
21300.3
20420.2
19694.2
19113
18664.7
18335.8
18110.7
17973.9
17908.4
17895.7
17915
17955.7
18008.6
18070.2
18140.9
18223.8
18322.5
18439.4
18575
18727.9
18896.2
19077.7
19270.8
19473.4
19683
19896.6
20111.6
20325.7
20536.8
20741.8
20937.3
21120.7
21289
21439.7
21570.1
21678.8
21766.1
21832
21876.7
21900.3
21899.3
21873.9
21828.6
21764.9
21681.2
21577.6
21453.7
21309.8
21146.4
20964.3
20764.1
20547.1
20314.2
20067.9
19809.5
19543.1
19269.3
18990.3
18702
18407.1
18098.7
17760.7
3638.63
4626.24
11887.7
23258.8
25035
26070.2
29498.6
35778.6
43035
50118.3
56248.8
61001
64221.5
65972.1
66455.7
66022.7
64733.3
62817.3
60503.4
57927.9
55200
52404.9
49606.5
46851.3
44172.5
41594.1
39133.9
36805.9
34621
32588.5
30715.5
29007.7
27468.6
26099.5
24899.3
23864.1
22987.2
22259.5
21669.4
21203.7
20848
20587.2
20406.2
20289.2
20220.3
20185.6
20175.9
20181.8
20202
20237.9
20290.4
20362.5
20455.5
20569
20700.7
20848
21008.5
21180
21360.2
21546.3
21735.8
21925.9
22114.6
22299.6
22478.6
22648.5
22807.2
22951.9
23080.6
23190.8
23281.5
23352.6
23404.2
23436.5
23448.7
23438.6
23407
23359.6
23295.1
23212.6
23112.2
22993.8
22857.4
22703.3
22532.1
22344.2
22140.6
21922.1
21690.6
21447.3
21195.5
20935.8
20670.1
20395.8
20114.1
19819.2
19494.2
3400.32
5071.4
18038.4
32683.1
33027
33288.3
36646.4
43314.9
50567.1
57344.8
63025.6
67293.9
70052.5
71389.8
71535.6
70799.1
69186.5
67025.1
64484.6
61702
58784.8
55818
52865.2
49973.4
47176.1
44497.9
41956.7
39565.7
37334.8
35271.2
33380
31664.2
30124.5
28759.3
27564.8
26534.2
25658.4
24926.2
24324.2
23838.3
23453.7
23155.8
22930.4
22763.3
22641.3
22553.9
22493.3
22454.6
22438.1
22440
22458.5
22499.3
22562.8
22647.8
22751.7
22871.1
23003.2
23145.6
23295.9
23451.4
23609.4
23767.5
23923.7
24076
24222.3
24360.2
24487.6
24602.5
24703
24787.1
24853.4
24902.5
24934
24948.1
24942.2
24916.4
24875.2
24819.9
24748.9
24662.1
24559.6
24441.1
24306.9
24156.9
23991.7
23811.4
23616.9
23408.7
23188.4
22957.1
22717.1
22469.5
22215.5
21953.7
21684.5
21402.5
21091
3300.5
5935.68
27962.5
43658.1
41998.5
41271.8
44415.8
51181.5
58205.5
64558.5
69747.4
73527.1
75837.8
76783.1
76633.1
75568
73682
71290.8
68540
65564.1
62469.6
59340.9
56242
53220.2
50310.1
47536.7
44918.3
42467.8
40193.7
38101.7
36194.3
34471.7
32932
31570.4
30380.3
29352.2
28474.7
27734.5
27117.2
26608
26192
25855.4
25584.8
25368
25194.3
25055.5
24945.6
24861.5
24801.6
24764.6
24752
24760
24787.6
24837.3
24906.6
24991.1
25087.2
25193.3
25306.8
25424.8
25544.8
25664.5
25782.1
25895.8
26003.8
26104
26194.6
26274.2
26341.4
26394.6
26431.6
26453.4
26459.8
26448.4
26419
26376.6
26321.3
26252.8
26170.7
26074.9
25965.5
25842.4
25705.7
25555.4
25391.8
25215
25025.6
24824.1
24611.6
24389.2
24158.7
23920.9
23677.1
23426.2
23168.6
22898.9
22601.2
3400.66
7562.03
41533.9
55142.4
51295
49574.9
52455.2
59075.7
65741.9
71629.9
76332.4
79647.1
81540.3
82131.7
81712.1
80328.4
78209.5
75609.1
72666.8
69513.5
66255.1
62975.6
59739.5
56594.8
53577.2
50712.7
48020.1
45512
43196.2
41076.3
39152.8
37423.1
35882.1
34522.4
33334.1
32305.3
31422.5
30670.8
30034.8
29499.1
29049.5
28672.5
28356.2
28090
27865.4
27675.7
27516.6
27385.4
27280.4
27200.9
27146.4
27115.9
27109.4
27119.5
27147.1
27190.6
27243.6
27306.2
27376.3
27450.9
27527.1
27602.9
27676.6
27746.8
27812
27870.4
27919.8
27959.2
27988.3
28007
28011.4
27999.5
27972.7
27933.8
27882
27818.7
27744.2
27658.1
27560.5
27451.3
27330.7
27198.6
27055.1
26900.1
26733.7
26556.2
26367.9
26169.2
25961
25744.1
25519.9
25289.3
25053.3
24811.2
24563.4
24304.6
24019.8
3907.25
10687.2
57134.1
66196.9
60317.1
57820.5
60430.2
66770.4
73037
78476.7
82727.1
85616.3
87133.1
87419.3
86740.4
85077
82757.3
79971.3
76858.1
73545.1
70137.5
66719.4
63355.7
60095.5
56975.8
54023.8
51258.9
48694.1
46336.3
44187.7
42246.4
40507.3
38962.5
37601.3
36411.2
35377.9
34485.9
33718.9
33060.6
32495.8
32010.3
31591.7
31229.1
30913.6
30638.2
30397.7
30188.4
30008.2
29855.6
29729.5
29628.9
29553.3
29500
29465.6
29453.2
29453.1
29456.4
29468
29488.5
29514.4
29541.9
29569.2
29594.7
29617.2
29635.7
29649.3
29655.7
29650.9
29636.3
29614.1
29579.9
29533.3
29475.5
29407
29328.3
29240
29142.1
29034.6
28917.6
28791.1
28655.3
28510.2
28355.7
28191.8
28018.6
27836.2
27644.9
27444.9
27237.1
27022
26800.8
26574.2
26343.1
26107
25866.6
25616.5
25342.8
5349.75
16791.1
72657.6
76238.6
68676.2
65725.2
68093
74116
80008.1
85049.3
88897.2
91408.7
92594.9
92626.1
91694.5
89802.7
87310
84363.6
81101.4
77647.7
74107.2
70563.8
67083.3
63715.8
60499.7
57463.6
54628.1
52006.4
49605.1
47425.3
45463
43710.7
42157.7
40790.7
39594.4
38552.1
37646.6
36860.3
36176.6
35580
35056.8
34595.3
34185.9
33821
33494.6
33202.4
32941.6
32710.2
32506.9
32330.4
32179.6
32053.3
31949.2
31864.9
31799.2
31744.7
31697.6
31659.2
31628.1
31601.2
31576
31551
31524.7
31496.1
31464.3
31428
31385.4
31335.6
31278.9
31214.4
31140.4
31057
30964.7
30863.8
30754.8
30637.9
30513.3
30381.1
30241.4
30094.1
29939.6
29777.6
29608.4
29431.7
29247.7
29056.4
28858.1
28652.9
28441.5
28224.3
28002.5
27776.4
27546.9
27313.8
27077.8
26833.5
26568.5
8416.94
28112
86587.1
85041.8
76181
73104.2
75284.4
81028.1
86611.7
91319
94819.8
97004.1
97905.7
97729.2
96553.4
94486.2
91846.4
88765.2
85377
81803.1
78147.3
74493.7
70908.5
67443.1
64137.2
61021
58116.3
55437.1
52990
50775.3
48787.5
47016.9
45450.4
44072.1
42864.1
41807.9
40884.3
40075
39362.6
38731.8
38169.2
37663.8
37207.1
36792.3
36414.4
36069.6
35755.6
35470.8
35213.9
34983.5
34778.4
34597.3
34438.2
34298.7
34175.7
34064.3
33962.2
33868.7
33781.6
33698.5
33617.5
33537.3
33456.7
33374.6
33290.3
33202.7
33110.8
33014.1
32912.1
32803.7
32688.3
32565.9
32436.7
32300.9
32158.9
32010.8
31856.8
31697.1
31531.6
31360.6
31184
31002
30814.5
30621.5
30423.1
30219.1
30010
29795.7
29576.9
29353.9
29127.6
28898.4
28667.1
28433.5
28198.5
27956.9
27697.3
13284.3
46278.8
98248.9
92472.3
82856.1
79854.5
81918.6
87468.6
92827
97268.4
100477
102384
103048
102692
101301
99096.8
96337.1
93146.6
89656.3
85984
82232.4
78485.4
74809.7
71257.7
67870.3
64679.1
61707.4
58970.2
56474.8
54220.9
52202.1
50407.2
48820.8
47424.7
46199.2
45123.5
44177.2
43340.9
42596.9
41929.6
41326.1
40776
40271.4
39806.3
39376.2
38977.7
38609
38268.8
37955.6
37668.3
37405.6
37166.4
36948.5
36749.7
36566.6
36395.7
36234.9
36082.6
35936.5
35794.8
35656
35518.7
35382
35245.1
35107.1
34967.4
34825.2
34680
34531.1
34377.8
34219.7
34056.7
33888.8
33716.1
33539.1
33357.7
33172.1
32982.4
32788.8
32591.3
32390.1
32185.1
31976.4
31763.9
31547.6
31327.6
31104.1
30877.2
30647.3
30414.8
30180.4
29944.5
29707.8
29470.1
29232.7
28990.2
28732.5
19691.4
69695.5
107728
98540.6
88779.2
85931.1
87962
93425.7
98644
102884
105853
107528
107996
107480
105908
103597
100743
97468.7
93900.7
90153
86326.8
82505.6
78756.1
75131.2
71672.9
68413.9
65379
62584.6
60038.7
57741.5
55686.1
53860.2
52246.8
50826.2
49576.7
48475.8
47501.9
46634.7
45856
45150.2
44504.5
43908.9
43356.1
42840.4
42357.5
41904.6
41480
41082.6
40711.2
40364.7
40042
39741.9
39462.6
39201.8
38956.5
38724
38502
38288.6
38081.9
37880.1
37682.1
37486.8
37293.2
37100.7
36908.6
36716.3
36523.2
36328.7
36132.3
35933.4
35731.6
35526.7
35318.9
35108.1
34894.4
34678.1
34459.2
34237.8
34014
33788
33559.8
33329.3
33096.7
32861.9
32625
32385.9
32144.9
31902
31657.7
31412.2
31166.3
30920.1
30674.5
30429.3
30185.8
29939
29679.5
27181.2
93868.5
115616
103480
93957.3
91327.8
93412.6
98898.2
104054
108151
110929
112411
112719
112056
110336
107940
105016
101681
98059.8
94260.8
90383.4
86509.6
82705.9
79025.1
75509.6
72193.1
69101.5
66252.6
63655.8
61312
59214.9
57351.6
55704.3
54252.1
52971.8
51839.9
50833.5
49931.5
49115.4
48369.2
47680.2
47038.7
46437.4
45870.9
45335.1
44827.3
44346.1
43890.7
43459.9
43052.9
42668.6
42306.2
41963.9
41639.7
41331.1
41035.5
40751
40475.6
40207.4
39945.1
39687.6
39434
39183.5
38935.4
38689.2
38444.3
38200.2
37956.4
37712.3
37467.4
37221.5
36974.3
36725.7
36475.8
36224.6
35972.2
35718.8
35464.3
35208.8
34952.5
34695.4
34437.6
34178.9
33919.5
33659.4
33398.6
33137.2
32875.5
32613.8
32352.2
32091.5
31831.9
31574.1
31317.9
31065
30810.4
30545.3
35239
115434
122420
107496
98423.5
96063.6
98283
103885
109045
113050
115679
117003
117179
116376
114534
112071
109096
105723
102071
98245.6
94341.8
90439.9
86604.9
82889
79334
75974.1
72836
69938.7
67293.2
64902
62759.5
60853.4
59165.8
57675.3
56358
55189.3
54145.7
53205.3
52349
51560.8
50827.7
50140
49490.4
48873.5
48285.1
47722.6
47185
46671.4
46181
45713.1
45267
44841.9
44436.3
44048.4
43676.3
43317.6
42970.4
42632.9
42303.6
41981.2
41664.8
41353.4
41046.6
40743.5
40443.8
40146.9
39852.4
39559.6
39268.2
38977.6
38687.6
38397.9
38108.3
37818.9
37529.6
37240.5
36951.7
36663.1
36374.9
36087
35799.7
35512.8
35226.4
34940.5
34655.1
34370.4
34086.4
33803.4
33521.6
33241.2
32962.9
32686.9
32414
32143.8
31878.1
31612.4
31338.1
43429.1
133320
128527
110748
102226
100171
102588
108379
113598
117556
120071
121264
121330
120390
118445
115924
112912
109519
105859
102032
98128
94224.9
90385
86658.6
83086.7
79702.4
76532.7
73597.8
70910
68473.7
66285.1
64332.9
62600.3
61066
59706
58495.5
57410.3
56428.2
55529.6
54698
53920.4
53186.6
52489.4
51822.8
51182.8
50566.7
49973.6
49402.9
48853.9
48326
47818.8
47331.8
46863.7
46413.3
45978.5
45557.6
45148.8
44750.4
44361.1
43979.9
43605.8
43238.1
42876.2
42519.5
42167.5
41819.7
41475.7
41135
40797
40461.4
40127.8
39795.9
39465.6
39136.7
38809.2
38483.2
38158.5
37835.3
37513.6
37193.5
36874.8
36557.8
36242.4
35928.5
35616.4
35306
34997.5
34691.1
34387
34085.5
33787.2
33492.2
33201.5
32914.5
32633.2
32353.5
32066.7
51457.2
148115
133963
113457
105420
103687
106336
112360
117682
121632
124065
125149
125120
124039
122001
119425
116383
112984
109335
105530
101653
97777.7
93962.5
90255
86693.5
83309.5
80129.2
77173
74454.8
71980.7
69749.3
67751.5
65971.9
64390.3
62983.7
61727.5
60597.4
59570.9
58628.3
57752.6
56930.3
56151.2
55407.4
54692.7
54002.8
53335.2
52688.7
52062.8
51457.2
50871.5
50305.4
49758.5
49230.2
48719.1
48223.9
47742.9
47274.5
46817.3
46370.2
45932.3
45502.6
45080.6
44665.6
44257.1
43854.6
43457.7
43065.8
42678.5
42295.2
41915.7
41539.4
41166.2
40795.7
40427.8
40062.5
39699.6
39339.2
38981.3
38625.9
38273
37922.6
37574.7
37229.4
36886.6
36546.5
36209.2
35874.7
35543.3
35215.3
34890.8
34570.5
34254.5
33943.6
33637.6
33338.2
33041.8
32739.4
59177.4
160912
138760
115744
108063
106647
109527
115800
121256
125230
127609
128601
128486
127261
125128
122490
119419
116022
112398
108636
104813
100996
97237.9
93582.3
90063.9
86711.1
83547.8
80593.8
77863.6
75365.6
73100.7
71062.3
69237.8
67609.1
66154.6
64850.7
63673.8
62601.6
61614.1
60694.2
59828.1
59005
58216.4
57455.9
56718.9
56002.6
55305.8
54628.1
53969.2
53328.8
52707.1
52103.8
51518.4
50950
50397.6
49859.6
49334.8
48822
48320.1
47828.3
47346
46872.3
46406.9
45949.1
45498.5
45054.5
44616.8
44184.8
43758.1
43336.1
42918.6
42505.2
42095.6
41689.6
41287.2
40888.2
40492.5
40100.2
39711.2
39325.6
38943.3
38564.3
38188.7
37816.5
37447.8
37082.7
36721.3
36363.8
36010.5
35661.7
35317.8
34979.1
34646.4
34319.3
33999.8
33684.4
33364.1
90802.4
88253.7
102634
90211.4
94893.1
93343.2
92853.4
95757.5
139498
369896
1.0929e+06
2.0943e+06
3.01767e+06
3.83014e+06
4.40065e+06
4.19988e+06
3.28864e+06
1.9525e+06
813516
1.1741e+06
1.63659e+06
1.95222e+06
2.18822e+06
2.43674e+06
2.67888e+06
2.78461e+06
2.41973e+06
1.98267e+06
1.41541e+06
997072
688581
428181
336456
38038.3
37205.6
42160.7
38083.9
40015.6
39867.3
40197.3
42517.6
62095.9
151542
398261
713190
992235
1.23677e+06
1.40867e+06
1.34811e+06
1.0793e+06
684677
334516
424990
538757
621287
693606
778243
865348
906585
790804
648429
462963
325440
224509
137767
109144
18694.6
18509.5
20535.3
19183.6
20334
20691.4
21324.9
23411.5
35377.1
85416.2
217235
382455
527887
654373
738301
700238
559516
367923
202650
235975
288003
337679
383981
433956
477117
491709
425961
348173
248511
174111
118617
71852.9
57301.3
10926.4
10931
11994.1
11462
12247.9
12651.4
13264.3
15087.2
23909.6
58615.6
146311
252624
344028
421874
470715
444711
358250
244691
145948
161288
189373
222320
255205
289010
315503
324691
284622
232707
166603
116440
77582.2
46776.3
37349.1
7146.1
7211.11
7874.07
7641.68
8231.44
8619.2
9205.31
10889.5
18155.3
45231
110392
185754
248540
301095
333230
315567
257627
181767
114282
122412
138899
160860
184575
209349
229602
239241
213809
174934
125678
87673.3
57142
34449.3
27414.6
5013.07
5114.76
5566.52
5504.64
5995.17
6378.51
6952.18
8543.43
14884.9
37477.9
89174.2
145935
191686
229516
252525
240371
198831
143933
93892.2
98547.1
108715
123417
140609
159731
177634
188812
172262
141069
101778
70994.7
45413.5
27498.7
21693.9
3744.84
3867.69
4199.51
4241.44
4672.5
5047.97
5605.15
7116.33
12842.8
32510.7
75346.8
119994
154873
183501
200990
192440
160943
118839
79639.7
82350.5
88748.5
98581.9
111081
126384
143349
155968
145206
119122
86442.6
60464.2
38121.6
23299.5
18113.8
2970.32
3101.81
3362.94
3464.17
3852.27
4214.22
4750.97
6192.37
11483.9
29110.2
65744.6
102089
129710
152309
166206
160023
134950
101149
69165.9
70632.5
74612
81107.9
90195.8
102757
119220
132956
126250
103918
76011.1
53496.6
33394.8
20706.7
15771.1
2487.8
2621.06
2838.21
2972.21
3326.51
3672.31
4188.04
5570.58
10542.9
26680.3
58798.5
89265.8
111898
130424
141855
137231
116382
88187.3
61224.5
61787.5
64116.4
68271
74850.8
85333.8
101341
115887
112235
92879.9
68649.9
48788.3
30291
19147.6
14214.5
2186.94
2318.78
2507.11
2658.93
2985.71
3315.11
3811.29
5145.48
9877.87
24898
53646.6
79873.5
99021.8
114741
124414
120812
102777
78461.9
55088.3
54916.5
56054.8
58528.1
63239.7
72066.3
87516.9
102621
101429
84581.9
63334.7
45606.3
28284.9
18305.8
13196
2006.47
2135.57
2304.52
2465.58
2769.54
3083.45
3562.49
4857.79
9406.44
23572.9
49775.7
72919
89622.2
103393
111780
108834
92669.9
71071
50300.2
49474.5
49707.9
50945.1
54243.7
61692.6
76438.6
91897.1
92799.9
78164
59441.5
43500.8
27058.2
17993.3
12569.4
1911.92
2037.83
2193.43
2358.68
2643.45
2943.23
3407.77
4672.39
9078.09
22586
46860
67767.5
82770.4
95193.8
102625
100080
85135
65436
46557.2
45111.2
44618.3
44925.5
47138.9
53400.2
67289.3
82929.5
85696
73069.7
56561.2
42174.4
26404.4
18090.6
12244.7
1883.69
2006.32
2152.5
2318.84
2587.21
2874.31
3326.94
4567.79
8860.5
21858.4
44681.1
63993.7
77848
89359.6
96075.8
93751
79559.1
61168.2
43649.9
41589.8
40484
40068.7
41436
46652.6
59541.7
75207.2
79672.3
68920.8
54408.5
41416.8
26179.8
18515.3
12163.6
1910.94
2030.28
2169.56
2334.94
2588.95
2864.71
3307.84
4530.75
8732.42
21335.7
43085.5
61300.1
74427.6
85351.2
91534.9
89299.4
75520.6
57996.7
41428.9
38744.3
37097.2
36100.6
36794.4
41080.2
52850.3
68386.1
74416.6
65444.6
52772.8
41069.2
26277.5
19206.3
12287.7
1988.29
2104.28
2238.19
2401.09
2642.21
2907.8
3343.54
4553.27
8679.74
20978.5
41959.8
59470.2
72202.3
82786.1
88580
86337.2
72719.8
55726.9
39785.1
36455.2
34309.6
32829.4
32970.5
36422.1
46986.7
62229.7
69701.4
62435.8
51491.1
41004.8
26612.9
20112.8
12590.4
2113.87
2226.37
2355.69
2514.85
2744.1
3000.47
3430.64
4630.87
8692.99
20756.6
41216.1
58340
70942.8
81382.1
86900.7
84580.4
70937.1
54215.3
38637.9
34635.1
32013.7
30116.6
29787.3
32491.8
41799
56574
65356.8
59735.4
50432.7
41117.6
27114.8
21189.2
13052
2288.29
2397.03
2521.97
2676.24
2894.23
3142.12
3568.22
4761.61
8765.88
20646
40782.7
57778.7
70469.8
80921.5
86259.1
83810.9
70006.8
53354.8
37927.5
33219
30130.1
27859.8
27117.5
29151.9
37186
51307
61254
57217.3
49489.6
41316.1
27720.9
22390.9
13657.1
2513.92
2618.54
2738.84
2887.11
3094.12
3334.07
3757.24
4945.35
8895.26
20626.3
40597.4
57676.5
70635.3
81226.7
86462.6
83850.6
69793.8
53058.9
37608.6
32158.7
28599.8
25982.6
24868.2
26298.8
33080.9
46356.4
57295.4
54781
48571.9
41519.9
28375.2
23672.9
14391.9
2794.44
2894.51
3009.56
3150.71
3346.77
3579.15
4000.15
5183.4
9078.39
20676.3
40602.2
57932.8
71309.7
82145.9
87346.7
84550.6
70186.9
53255.1
37642
31418.1
27378.9
24428
22970.3
23853.7
29438.6
41680.2
53408.8
52347.9
47604.3
41657.5
29027
24988.9
15242.7
3134.56
3229.54
3338.48
3471.45
3656.37
3881.36
4300.58
5478.22
9313.84
20780.3
40738.8
58461.1
72373.5
83538.3
88761.7
85776.1
71087.8
53882.9
38000
30972.4
26435.2
23153.3
21372.2
21755.3
26228.5
37261.4
49543
49864
46519.8
41666.5
29630.2
26290.8
16194.6
3539.76
3629.03
3730.85
3854.61
4028.08
4245.7
4663.17
5833.23
9600.8
20919.9
40957.3
59166.5
73705
85267
90564.3
87399.3
72405
54886.3
38658.3
30801.7
25745
22127.1
20035.8
19954.2
23423.6
33106.3
45668.6
47293.7
45263.4
41494.5
30142.9
27532.7
17228
4016.15
4098.98
4192.61
4306.23
4467.82
4677.98
5093.34
6252.72
9938.96
21075.9
41198.5
59955.1
75182.3
87195.4
92612.3
89294.2
74048.3
56210
39594.4
30889.5
25292.7
21326.7
18933.4
18410.5
20995.3
29242.1
41778.3
44604.2
43799.6
41102
30524.9
28669.2
18319.9
4570.13
4645.79
4730.22
4832.88
4982.17
5184.64
5597.19
6741.72
10328.7
21227.9
41402
60728.3
76678.4
89182.7
94761.5
91333.5
75926.3
57797.9
40785.5
31226.3
25069
20736.1
18043.1
17100.8
18910.7
25705.7
37882.6
41776.8
42109.2
40458.5
30740.7
29657.2
19442.9
5208.46
5276.18
5350.5
5441.54
5578.11
5772.57
6181.32
7306
10771.5
21355.3
41504.4
61382.7
78060.1
91083.1
96864.8
93387.6
77944.3
59589.9
42206.5
31802.7
25062.3
20345.2
17348.9
16006.8
17138.1
22536.2
34008.5
38809.2
40187.8
39542.7
30759.9
30456.3
20565.4
5938.1
5997.01
6060.52
6139.45
6262.95
6448.99
6852.66
7951.94
11270.7
21438.6
41437
61810.1
79189.1
92745.3
98772.5
95324
80002.9
61521.6
43827.9
32609.2
25270.2
20149.3
16839.6
15115
15646.8
19765.6
30198.9
35717
38030.4
38353
30557.3
31031.1
21651.2
6766.06
6815.21
6867.43
6933.91
7044.09
7221.28
7618.33
8686.42
11832
21462.9
41131
61899.4
79923.4
94014.4
100334
97009.3
81998.8
63522.6
45613.8
33633.9
25688.8
20140
16508.5
14415.8
14406.5
17403.9
26518.6
32530.7
35645.2
36899.7
30112.1
31351.4
22662
7699.23
7737.61
7778.28
7832.18
7928.91
8096.79
8485.29
9516.3
12464.8
21420.6
40514.3
61545.2
80121.5
94734.5
101402
98311
83824.7
65516.2
47520.8
34860.1
26313.5
20317.3
16352.1
13902.8
13385.9
15436.9
23052
29295
33054.7
35190.4
29416.8
31390.6
23560.5
8744.11
8770.77
8799.86
8841.24
8924.5
9082.61
9460.15
10447.9
13179.9
21318.9
39547.2
60622.9
79652.8
94753.1
101834
99094.6
85371.2
67420
49496.2
36264
27136.4
20678.7
16361.8
13567.6
12574.5
13829.6
19884
26067.9
30293.2
33241.4
28471.4
31129.2
24309.7
9906.64
9921.08
9938.47
9967.51
10037.4
10185.3
10549.1
11487.3
13987.7
21198.3
38201.7
59046.5
78379.3
93933.2
101495
99243.5
86528.3
69145.8
51477.1
37812.1
28143.8
21219.3
16537
13403.6
11962.7
12539.8
17090
22918.4
27406.9
31076.5
27282.8
30554.6
24873.8
11192
11194.1
11199.6
11216.6
11273.5
11410.4
11757.6
12639.9
14899.9
21115.8
36492.4
56759.4
76200.7
92134
100263
98644.8
87173.4
70600.7
53389.8
39458.7
29313.2
21929.6
16872.4
13397.2
11542
11522.2
14724.6
19921.5
24453.9
28727.3
25864.7
29662.7
25220.1
12604.2
12594.5
12588.1
12593.1
12637.3
12762.3
13089.7
13909.9
15928
21133.7
34500.6
53748
73057.4
89275.9
98028.8
97205.3
87215
71688.3
55149.3
41143.8
30610.1
22792.2
17358.3
13542.2
11307.7
10727.4
12814.5
17151.5
21504.6
26232
24237.3
28457.4
25321.3
14143.9
14123
14106.7
14100.5
14132.1
14243.4
14547.6
15300
17082.7
21306.3
32386.2
50076.6
68931.9
85309.4
94717.1
94859.8
86531.6
72288.6
56659.3
42790.3
31984.3
23778.1
17977.6
13825.9
11238.1
10141.3
11333.8
14674.5
18640
23635.6
22426.5
26951.2
25157.4
15810.4
15779
15753.1
15736.7
15757
15852.8
16129.9
16809.8
18372.7
21699
30378.4
45919.5
63887
80235
90298.2
91582
85012.9
72331.8
57813.5
44303.3
33366.6
24842.7
18702.2
14228.9
11311.1
9748.87
10219.5
12552.9
15948.9
20988.9
20464.3
25164.6
24716.6
17598.5
17557.5
17522
17496.3
17505.6
17584.1
17830.1
18433.3
19794
22339.5
28729.2
41586
58112.9
74144.1
84803.1
87372
82567.7
71710
58461.4
45568.2
34665.3
25921.6
19488.8
14721.5
11502.3
9536.23
9389
10829.7
13519
18347.9
18388.8
23125.8
23998.1
19335.6
19286.1
19241.8
19209.1
19207.6
19268.5
19482.6
20012.1
21200.9
23163.4
27727
37821.9
52446.3
67788.3
78832.2
82642.8
79377.7
70422.7
58510
46365.1
35681.5
26855
20221.4
15225.2
11759.8
9479.38
8796.41
9565.04
11504
15856.1
16306.5
20923
23012.7
20936.2
20879.7
20827.9
20788
20775.7
20823.2
21006.8
21468.8
22511.2
24068.3
27278
34881.3
47367.7
61670.8
72819.2
77704.6
75717.7
68571.4
57970.8
46656.2
36333.4
27564.9
20831.9
15683.2
12032.5
9516.05
8391.38
8651.12
9906.23
13576.4
14288.4
18611.8
21770
22449.8
22386.4
22327.2
22279.7
22256.3
22291.5
22445.6
22843.6
23751.7
25020.1
27226.7
32679.3
42882.5
55792.9
66731.9
72492.6
71603.2
66137.7
56862.4
46468.7
36607.5
28027.3
21298.9
16071.9
12292.5
9604.67
8125.17
7962.5
8655.29
11530.7
12368.4
16236.3
20280.9
23870.7
23800.1
23733.2
23677.2
23642.5
23665
23790
24127.3
24908.8
25967.8
27437.9
31167.1
39095.3
50325
60719.2
67084.1
67153.1
63153.8
55215.1
45790.9
36513.8
28215.6
21587
16363
12512.6
9711.89
7962.79
7430.73
7687.21
9757.43
10594.7
13867.4
18565.5
25194.3
25115.7
25040.3
24974.9
24928.6
24936.6
25032.4
25312
25972.6
26872
27825.8
30244.1
36043.9
45408.9
54932.8
61577.2
62506
59666.2
53075.4
44641.3
36033.3
28131.8
21683.2
16527.9
12668.2
9809.92
7866.63
7031.08
6922.73
8276.22
9007.77
11595.8
16651.5
26418.3
26330.6
26245.5
26169.5
26111.9
26101.2
26168.7
26392.1
26936.7
27705.2
28299.4
29769
33715.5
41145.8
49521.4
56104.5
57741.7
55785.6
50507.7
43055.7
35178.3
27758.9
21579.4
16561.3
12739.3
9873.22
7804.84
6737.57
6300.2
7085.07
7633.28
9526.52
14574.7
27543
27444.9
27348.7
27260.5
27189.1
27155.5
27196.7
27365.2
27798.4
28449.8
28798.1
29593.2
32053.6
37583.9
44616.6
50808.5
52955.4
51660.8
47573.8
41086.6
33976.9
27104.8
21263.2
16447
12716.7
9885.54
7749.89
6515.22
5801.56
6143.82
6476.01
7740.3
12396
28571.4
28461.3
28352.5
28250.2
28162.5
28103.9
28116.6
28231.8
28559
29097.2
29280
29598.5
30956.2
34716.2
40317.4
45830.1
48253.3
47439.4
44361
38801.7
32470.7
26189.1
20738.7
16175.1
12582.2
9827.42
7677.19
6331.81
5407.62
5407.21
5520.77
6251.51
10218.9
29508.8
29385.3
29262.1
29143.8
29037.3
28953.8
28931.4
28996.1
29222.9
29645.7
29711.9
29696.2
30263.4
32523.8
36678
41294.3
43746.1
43262
40975.7
36281.4
30713.5
25041.8
20018.2
15745.4
12327.6
9682.55
7564.85
6157.77
5099.98
4818.78
4740.52
5054.28
8150.96
30362.4
30223.8
30084.6
29948.2
29820.4
29709.4
29646.4
29663.3
29797.4
30098.2
30074.8
29827.4
29838.8
30938.2
33700.7
37295
39540
39256.2
37534.5
33614.4
28768
23701.4
19121.1
15163.4
11949.1
9439.64
7393.67
5966.81
4840.64
4351.09
4096.66
4112.55
6292.03
31140.6
30985.5
30828.5
30672.2
30520.4
30379.3
30274.8
30237.8
30292.5
30462.6
30375
29972
29540.4
29847.2
31353.8
33884.1
35725.6
35527.9
34153.2
30892.5
26702.1
22212.4
18072.6
14439.5
11446.9
9091.12
7147.49
5735.91
4594.87
3965.8
3575.96
3350.51
4721.65
31852.4
31679.4
31503
31324.8
31146.4
30972.8
30825.5
30728.9
30710
30756.5
30608.4
30095.2
29347.2
29052.7
29594
31066.5
32368.8
32155
30938.7
28201.8
24583.9
20622.3
16901.9
13588.7
10825.2
8633.23
6813.61
5445.75
4331.91
3625.01
3136.9
2734.73
3466.32
32506.5
32314.4
32117.2
31915.3
31707.7
31499.3
31307.3
31150.9
31051.8
30997.7
30774.6
30174.5
29226.1
28455.8
28294.2
28815.6
29504.5
29180.3
27971.7
25622.1
22476.6
18977.6
15639.9
12628.8
10091.7
8066.23
6383.44
5081.42
4026.23
3292.71
2736.88
2239.41
2505.02
33111.1
32898.8
32679.4
32451.8
32213.1
31967.4
31729
31512.1
31332.2
31181.3
30875
30203.2
29129.9
28025.4
27287.9
27081.4
27135.1
26606.1
25309.4
23213.3
20433
17320.1
14316.5
11579.4
9257.61
7394.57
5853.31
4633.54
3659.15
2936.41
2340.63
1831.88
1786.4
149953
173194
143103
117689
110214
109071
112123
118613
124213
128231
130573
131486
131287
129913
127671
124957
121848
118451
114859
111154
107405
103672
100001
96429.5
92987.6
89698.9
86584.1
83660.7
80943.1
78441
76157.9
74090.2
72228.3
70557
69057.1
67707
66484.2
65367
64335.8
63373.2
62465.3
61600.9
60771.1
59968.8
59189.3
58429.3
57687.7
56963.9
56257.6
55568.8
54897.6
54244.1
53608.1
52988.8
52385.4
51796.7
51221.7
50659.3
50108.6
49568.9
49039.5
48519.8
48009.3
47507.3
47013.6
46527.4
46048.5
45576.3
45110.2
44649.9
44194.9
43744.9
43299.6
42858.8
42422.2
41989.9
41561.6
41137.4
40717.2
40300.9
39888.7
39480.4
39076.2
38676
38280
37888.2
37500.8
37117.9
36740
36367.2
36000
35638.6
35284.1
34935.5
34595.6
34260.3
33921.4
227034
184153
147217
119462
112086
111176
114308
120962
126699
130771
133084
133919
133634
132098
129718
126902
123737
120331
116773
113138
109485
105865
102315
98864.9
95538.1
92352.6
89323.8
86465.3
83789.7
81307.9
79025.2
76941.5
75050.6
73341.2
71797.4
70400.5
69130
67965.6
66888.3
65881.1
64930
64023.4
63152.1
62308.7
61487.9
60686.2
59902.2
59135.2
58384.8
57651.1
56934.3
56234.6
55552
54886
54236
53601
52980.3
52372.7
51777.7
51194.5
50622.5
50061.1
49509.8
48968
48435.3
47911.2
47395.1
46886.5
46385.1
45890.1
45401.3
44918.3
44440.7
43968.2
43500.7
43038
42580
42126.6
41677.7
41233.4
40793.5
40358.1
39927.3
39500.9
39079.2
38662.2
38250.2
37843.2
37441.6
37045.5
36655.8
36272.1
35896
35526.1
35165.8
34810.3
34452.3
260465
189325
150347
120912
113663
113001
116150
122912
128781
132909
135182
135921
135531
133782
131193
128209
124933
121482
117947
114393
110867
107407
104039
100780
97637.6
94616.5
91734.7
88999.6
86419.1
84003.9
81760.5
79691.9
77796
76065.9
74490.3
73054.3
71740.9
70531.9
69409.9
68358.6
67364.4
66415.9
65503.6
64619.8
63758.6
62916.6
62091.7
61283.2
60490.5
59713.8
58953.3
58209.3
57481.9
56771
56076
55396.5
54731.6
54080.6
53442.8
52817.6
52204.5
51602.8
51012.1
50431.9
49861.6
49300.7
48748.8
48205.2
47669.5
47141.1
46619.5
46104.5
45595.5
45092.3
44594.7
44102.5
43615.4
43133.5
42656.5
42184.5
41717.3
41255.1
40797.7
40345.3
39897.9
39455.6
39018.6
38587.1
38161.3
37741.6
37328.5
36921.8
36523.1
36130.9
35748.9
35371.9
34993.6
237777
182831
149815
121405
114605
114281
117431
124228
130207
134380
136578
137177
136639
134623
131771
128569
125140
121613
118080
114600
111206
107921
104758
101722
98821.9
96062.7
93428.7
90917
88524.7
86247.4
84107.3
82110
80256.4
78545
76969.2
75519.2
74182.5
72944.6
71790.3
70705.1
69676.2
68692.9
67746
66827.7
65932
65055.1
64194.8
63350
62520.2
61705.2
60905.6
60121.6
59353.6
58601.5
57865.3
57144.5
56438.6
55747
55069.2
54404.6
53752.7
53113.1
52485.1
51868.4
51262.4
50666.6
50080.4
49503.4
48934.9
48374.4
47821.5
47275.7
46736.6
46203.8
45677.1
45156.3
44641.1
44131.5
43627.2
43128.1
42634.4
42145.8
41662.5
41184.4
40711.6
40244.2
39782.4
39326.3
38876.4
38432.7
37996
37566.1
37144.4
36729.3
36324.9
35925.5
35526.4
182246
156700
139777
119675
114371
114618
117851
124592
130639
134829
136908
137337
136637
134299
131102
127593
123931
120268
116705
113297
110066
107011
104129
101406
98829.8
96374.2
94036.6
91803.9
89675.6
87654.4
85727.7
83900.5
82176
80547.8
79025.6
77607.1
76284.8
75049.2
73889
72791.8
71746.9
70744.8
69777.4
68837.3
67918.6
67017.6
66131.9
65260.3
64402.1
63557.3
62726.3
61909.7
61107.9
60321
59549.3
58792.6
58050.6
57323
56609.3
55909.1
55222.1
54547.7
53885.5
53235.1
52595.9
51967.6
51349.4
50741
50141.8
49551.1
48968.5
48393.6
47825.9
47265
46710.6
46162.5
45620.4
45084.1
44553.6
44028.6
43509.1
42995.1
42486.5
41983.4
41485.9
40994
40507.9
40027.8
39554.1
39086.8
38626.8
38173.7
37729
37291.1
36864
36442.1
36022.3
126377
118761
115975
113389
112076
113460
117000
123590
129637
133804
135705
135927
135025
132316
128712
124826
120862
117008
113379
110033
106978
104193
101649
99312
97141.8
95113.9
93203.6
91381.1
89636.7
87938.1
86293.2
84707.6
83190
81748.3
80374.4
79068.2
77827.9
76650.4
75528.9
74456.4
73426.7
72432.7
71468.3
70527.5
69604.7
68696.5
67801.2
66917.5
66044.5
65182.3
64331.6
63493.2
62667.6
61855.1
61056.3
60271.5
59500.6
58743.5
57999.9
57269.6
56552.3
55847.8
55155.7
54475.4
53806.7
53149
52501.9
51865
51237.5
50619.1
50009.2
49407.3
48812.9
48225.7
47645.4
47071.7
46504.2
45942.9
45387.4
44837.8
44293.9
43755.6
43223
42696
42174.7
41659.2
41149.7
40646.4
40149.7
39659.7
39177.1
38701.4
38234.3
37774
37324.5
36880.3
36440.8
86404.7
83750
84260.4
99267.2
106309
110042
114226
120654
126641
130750
132401
132396
131253
128141
124100
119792
115480
111396
107676
104387
101527
99051
96901.3
95025.2
93349.5
91842
90462.7
89160.8
87915.2
86687.9
85470.9
84260.9
83069.5
81896.5
80744.8
79623.3
78534.1
77479.3
76462.8
75478.2
74517.8
73577.1
72653.8
71745.3
70847.3
69957.1
69074.9
68199.8
67331.4
66469.4
65615.2
64770
63934.4
63109.2
62295
61492.7
60702.8
59925.2
59159.8
58406.9
57666.3
56938
56221.5
55516.7
54823.2
54140.6
53468.6
52806.8
52154.7
51511.7
50877.4
50251.2
49632.9
49021.8
48417.8
47820.6
47229.7
46645.2
46066.7
45494.1
44927.3
44366.3
43811.1
43261.5
42717.8
42179.9
41648.4
41123.2
40604.5
40092.5
39587.7
39090.1
38600.9
38118.6
37647.1
37180.8
36722.6
61894.5
59060.2
57194.7
76594
95335.6
103200
108677
115099
120988
125016
126352
126118
124691
121186
116727
112006
107349
103032
99226.1
96006.4
93371.4
91248.6
89548.2
88200.4
87097.1
86190.7
85435.7
84759.4
84129.1
83494.7
82833.2
82123.6
81376
80602.3
79803.8
78986.8
78154.6
77312
76471.9
75635.6
74801.7
73966.8
73131.7
72299.6
71467.9
70633
69795.1
68957.2
68119.4
67281.6
66445.4
65613.4
64786.6
63965.6
63151.7
62346.2
61550.3
60764.1
59988
59222.4
58467.7
57723.8
56990.7
56268.3
55556.3
54854.7
54163.2
53481.4
52809.1
52145.6
51490.5
50843.4
50203.8
49571.5
48946.1
48327.4
47715
47108.9
46508.8
45914.7
45326.3
44743.8
44167
43596
43030.9
42471.7
41920.4
41375.6
40837.7
40306.6
39782.9
39266.5
38758.6
38257.8
37767.9
37283.1
36810.1
46579.3
43865.4
40028.2
51750
77599.3
91517.7
99321.9
106117
111938
115894
116889
116438
114721
110869
106084
101027
96101.2
91620.1
87783.9
84682.3
82320.9
80604.7
79408
78638.2
78169
77916.6
77853.9
77893.7
77952.2
78009
78020.6
77933.1
77741.4
77492
77169.9
76779.9
76323.8
75800.2
75225.9
74631.7
74010.6
73356.9
72672.6
71972
71257.6
70523.9
69771.4
69007.8
68235.4
67453.2
66663.3
65870.4
65076.6
64282.2
63488.6
62698.4
61913.5
61134.5
60361.8
59596.6
58839.6
58091.2
57351.4
56620.5
55898.6
55185.6
54481.5
53786.1
53098.9
52419.8
51748.6
51084.9
50428.5
49779.2
49136.6
48500.5
47870.8
47247.4
46629.9
46018.5
45413
44813.3
44219.6
43631.7
43049.9
42474.1
41906
41343.9
40788.6
40240.2
39699.2
39165.6
38640.4
38122.5
37615.4
37113
36627.5
36410
34141.8
30116.8
34880
54173.1
73895.9
85036.2
92827.8
98745.9
102709
103433
102805
100841
96767.4
91825
86605
81584.5
77107.6
73376.2
70491.8
68478
67228.7
66586.4
66405.2
66601.5
67006.8
67647.5
68401.4
69208.1
69999.2
70723.7
71340.9
71842.2
72229
72494.2
72646.9
72688.7
72608
72398.2
72143.1
71832.6
71452.8
70996.7
70493.5
69963
69392.8
68778.5
68135.4
67474.7
66790.9
66084
65362.8
64632.9
63893.7
63146.1
62394.2
61641.7
60889.4
60138.2
59389.8
58645.6
57906.5
57172.8
56445
55723.6
55009
54301.6
53601.2
52907.7
52221
51541.1
50867.7
50200.9
49540.3
48886
48237.6
47595.2
46958.6
46327.8
45702.8
45083.5
44469.9
43862.1
43260.2
42664.2
42074.3
41491
40914.3
40344.4
39781.5
39226
38678
38138.3
37606.1
37084.6
36567.2
36072.6
29058.7
27270.3
24034.3
25452.3
33803.6
51701.7
65448.1
74681.5
80956.5
85067.9
85741
85031.1
82948.4
78917.2
74075.6
68984.5
64155.2
59964.1
56576.8
54064.5
52481.2
51753.5
51676.6
52026.8
52768.6
53835.1
55123.7
56545.7
58038.1
59533.1
60971.6
62309.5
63524.1
64599.2
65522.2
66289.4
66896.6
67341.7
67644.6
67841.8
67947.6
67948.6
67813.3
67569.2
67301.5
66973.1
66562.7
66091.4
65595
65061.7
64482.7
63872.9
63246.2
62599.7
61931.4
61247.5
60555
59855.3
59148.9
58438.3
57726.3
57014.1
56302.5
55593.1
54886.7
54184
53485.4
52791.2
52101.6
51416.8
50737.1
50062.3
49392.7
48728.1
48068.6
47414.2
46765
46121
45482.2
44848.6
44220.4
43597.5
42980.2
42368.5
41762.5
41162.6
40568.8
39981.6
39401.1
38827.6
38261.4
37702.7
37152.4
36609.4
36077.5
35548.4
35049.1
23418.3
22056.3
19727.7
20055.1
22814.2
31200.9
43147.7
52723.4
59231
63480.9
64435.1
63810.1
61895.8
58287
53956.9
49438.8
45206.9
41661.2
38934.3
36983.6
35875.1
35678.3
35976.4
36706.7
37891.6
39402.4
41141.4
43037.8
45038.1
47081.3
49106.7
51061.7
52914.5
54638.6
56210.4
57611.8
58832.1
59870.9
60741.9
61461
62034.9
62459.7
62734.8
62895.4
62984.4
62990.7
62864.7
62605.8
62337.5
62021.8
61626.1
61168.9
60690.7
60183.7
59635.2
59053.1
58453.5
57838.4
57205.8
56559.7
55905
55243.4
54575.9
53904.8
53231.7
52557.5
51883.2
51209.6
50537.4
49867
49199.1
48533.8
47871.5
47212.5
46556.9
45905.1
45257.1
44613.3
43973.7
43338.6
42708.1
42082.4
41461.7
40846.2
40236.1
39631.7
39033.3
38441.1
37855.4
37276.6
36705.1
36140.9
35585
35036.4
34499
33962.8
33463.9
18957.8
17960.8
16350.5
16406
17183.6
19721.3
25245.2
31753.1
37041.6
40715.9
41996
41633.1
40228.2
37488.6
34193.8
30797.9
27647.5
25088.7
23258.6
21997.3
21324.7
21413
21833.5
22684.4
23934.2
25495.2
27307.8
29307.2
31463.9
33726.4
36042.2
38350.5
40617.3
42809.4
44892.7
46834
48610.6
50213.2
51642
52899.6
53985.7
54898.9
55646.2
56250.6
56731.4
57085.9
57301.5
57403.5
57444.1
57428.9
57287.2
57011.1
56734.7
56426
56048.4
55605
55138.5
54648
54123.7
53572.7
53004.7
52421.6
51824
51215.2
50597.7
49973.1
49342.9
48708.4
48070.7
47431
46790
46148.5
45507.2
44866.4
44226.9
43589
42953.3
42320.1
41689.8
41062.8
40439.3
39819.7
39204.3
38593.4
37987.3
37386.4
36791
36201.5
35618.2
35041.5
34471.8
33909.3
33354.9
32807.4
32271.7
31734.8
31242.3
15390
14665.5
13587.7
13525.3
13758.8
14385.7
15827.5
18202
20667.3
22515.7
23263.3
23079.1
22213.1
20645.8
18797.8
16931.5
15213.7
13803.5
12792
12093.8
11661.6
11655.4
11855.8
12308.3
13065.3
14075.4
15370.1
16949.8
18745.1
20717
22835.1
25041.2
27307.9
29603.2
31885.8
34109.7
36235.4
38241.7
40113.2
41837.8
43403.3
44800.8
46030.7
47102.3
48024.2
48798
49424.6
49921.9
50313.3
50599.9
50762.6
50819.5
50827.8
50805.5
50673.9
50396.2
50117.7
49811
49444.9
49029.6
48589.3
48123.2
47630
47115.8
46585
46039.2
45480.4
44910.5
44331.3
43744.7
43152
42554.3
41952.7
41348.1
40741.5
40133.6
39525.4
38917.4
38310.4
37704.9
37101.3
36500.3
35902.2
35307.6
34716.9
34130.6
33549.1
32972.8
32402.2
31837.7
31279.8
30728.7
30185.5
29648.7
29124.1
28595.6
28117
12532.3
11985
11308.9
11145.7
11223.8
11366.9
11587.4
11999.7
12555.7
12953.6
12998.1
12805.9
12252.1
11465.8
10570.3
9675.11
8846.6
8139.07
7593.85
7193.4
6916.19
6775.09
6797.02
6925.15
7199.14
7641.58
8257.24
9045.33
10007.7
11143.8
12445.4
13959.1
15657.2
17494.9
19433.1
21432.3
23439.4
25436.1
27394.8
29288.7
31090.7
32776.2
34333.6
35757.7
37046.2
38196.2
39206
40081.1
40830.7
41457.7
41960.8
42352.2
42658.2
42881.9
43002.6
43026.5
43036.2
42983.3
42829.1
42567.6
42301.5
42002.9
41654.4
41270.7
40861.2
40428.4
39973.9
39499.6
39008.3
38502.9
37985.2
37457
36919.8
36374.8
35823.6
35267.5
34707.6
34145
33580.8
33015.7
32450.4
31885.9
31322.7
30761.4
30202.8
29647.4
29095.9
28548.7
28006.5
27469.7
26938.9
26414.3
25897.3
25385.9
24887.1
24382.3
23928.1
10231.3
9816.13
9391.87
9193.88
9197.73
9192.93
9160.94
9076.36
8977.33
8827.45
8597.92
8281.51
7875.59
7411.03
6925.2
6453.71
6019.13
5636.84
5319.61
5066.6
4871.96
4735.27
4645.75
4645.73
4686.31
4797.8
4996.76
5277.49
5655.38
6140.11
6739.92
7471.92
8341.69
9347.16
10476.5
11729
13120.5
14613.5
16176
17777.5
19388
20968.3
22504
23979.5
25380.1
26692.9
27906.5
29012.1
30007.6
30892.6
31666.5
32333.3
32902.6
33377.7
33756.5
34046.6
34269.6
34417
34462.7
34478.2
34457.3
34376.6
34183
33948.9
33697.7
33413.9
33094.4
32745
32370.6
31974.5
31559.5
31128.2
30682.2
30223.4
29753.7
29274.8
28788.4
28296
27798.9
27298.2
26795
26290.3
25784.9
25279.9
24775.9
24273.7
23774.2
23278
22785.8
22298.1
21815.7
21338.7
20868.8
20403.6
19950.9
19491.8
19077.2
8361.52
8059.94
7767.75
7614.72
7544.78
7486.07
7390.67
7240.59
7042.04
6796.6
6512.35
6200.67
5877.81
5552.98
5236.97
4940.36
4670.56
4431.24
4225.53
4052.28
3910.78
3796.13
3711.65
3653.08
3614.34
3626.07
3653.08
3715.87
3823.21
3974.79
4180.43
4449.45
4790.76
5208.63
5707.19
6292.63
6970.78
7740.34
8596.03
9525.53
10520.2
11587
12701.7
13841.8
14987.5
16120.5
17223.9
18276.5
19268.8
20196
21052.3
21833.4
22537.9
23164.5
23713.1
24183.5
24580.4
24904.4
25152.3
25340.1
25474
25514.1
25529.4
25486.8
25454.3
25329.2
25164.2
24970.8
24742.5
24477.6
24188.1
23878.1
23549.1
23202.8
22841.3
22466.8
22081.3
21686.6
21284.3
20875.7
20462.3
20045.1
19625.4
19204.1
18782.3
18360.9
17940.8
17522.8
17107.6
16696
16288.8
15886
15489.5
15097
14715.4
14330.2
13976.4
6838.97
6619.52
6415.95
6283.7
6191.87
6104.84
5994.6
5851.6
5675.72
5470.68
5244.26
5005.51
4763.9
4527.8
4303.88
4096.78
3909.75
3743.39
3597.94
3472.06
3364.32
3273
3198.39
3135.49
3087.45
3056.53
3022.78
3014.23
3031.38
3059.72
3114.49
3193.41
3299.69
3435.63
3606.51
3817.42
4073.39
4378.79
4734.85
5140.8
5597.48
6105.65
6661.65
7260.18
7894.66
8555.43
9231.51
9924.11
10624.1
11318.7
11997
12649.8
13269.6
13850.7
14387.9
14878.3
15314.8
15698.5
16026.6
16308.8
16530.4
16715.9
16854.8
16917.5
16934.5
16972.4
16968.7
16916.7
16872.1
16727.6
16568.6
16389.6
16189.9
15971
15735
15483.9
15219.7
14944.4
14659.6
14366.8
14067.5
13762.8
13454.1
13142.4
12828.9
12514.6
12200.4
11887.1
11575.5
11266.4
10960.4
10658
10360.3
10066.6
9779.96
9494.94
9224.93
5593.41
5432.58
5286.16
5173.2
5079.21
4985.2
4878.53
4754.32
4611.69
4453.12
4283.45
4108.25
3933.2
3763.2
3602.15
3452.75
3316.65
3194.54
3086.27
2991.42
2909.07
2838.28
2778.21
2727.96
2687.88
2651.76
2631.4
2607.47
2597.53
2589.6
2601.32
2613.1
2629.58
2662.2
2709.88
2773.41
2853.99
2953.4
3072.27
3211.15
3372.99
3559.6
3771.57
4009.09
4271.4
4555.74
4859.23
5180.39
5516.11
5862.75
6215.57
6570.16
6921.65
7266.17
7597.29
7912.54
8209.78
8493.11
8750.38
8994.63
9189.07
9396.16
9528.08
9674.55
9696.12
9797.79
9813.28
9858.73
9867.48
9842.92
9814.57
9753.17
9667.51
9562.92
9442.84
9309.13
9163.41
9007.24
8842.06
8669.13
8489.64
8304.71
8115.41
7922.77
7727.75
7531.23
7334
7136.82
6940.28
6745.1
6551.65
6360.82
6172.44
5988.05
5806.18
5630.26
5455.42
4568.7
4449.9
4340.72
4246.33
4159.77
4072.25
3978.02
3874.59
3761.59
3640.65
3514.49
3386.34
3259.41
3136.52
3019.92
2911.24
2811.44
2721.08
2640.04
2568.24
2505.05
2450.02
2402.54
2362.32
2327.57
2300.81
2275.8
2260.28
2245.2
2238.84
2224.8
2229.86
2230.59
2242.07
2251.12
2265.28
2283.98
2306.15
2334.91
2373.3
2421.08
2477.77
2544.1
2619.81
2705.74
2799.82
2902.56
3014.23
3134.84
3263.22
3398.56
3538.76
3683.04
3828.94
3974.73
4117.81
4256.93
4390.34
4517.51
4636.23
4743.96
4845.64
4926.61
5011.4
5027.71
5100.43
5102.6
5144.83
5139.49
5161.68
5149.85
5145.97
5120.22
5077.17
5025.01
4965.38
4898.72
4825.66
4746.93
4663.24
4575.28
4483.74
4389.28
4292.55
4194.11
4094.53
3994.25
3893.77
3793.34
3693.53
3594.29
3496.62
3399.55
3305.51
3211
3122.49
3028.91
3720.69
3631.83
3548.41
3471.02
3396.49
3321.11
3242.32
3158.98
3071.11
2979.67
2886.18
2792.41
2700.14
2610.97
2526.19
2446.74
2373.26
2306.02
2245.11
2190.41
2141.63
2098.57
2060.73
2027.89
1999.52
1975.38
1955.1
1938.96
1924.27
1915.76
1906.44
1901.95
1891.76
1896.21
1895.22
1903.64
1907.52
1912.92
1920.44
1929.78
1941.14
1953.24
1968.27
1984.03
2002.2
2022.41
2049.1
2077.83
2112.17
2147.47
2187.52
2227.34
2271.54
2314.45
2361.17
2403.79
2449.71
2489.82
2534.77
2567.97
2614.88
2632.74
2674.66
2681.48
2717.55
2720.07
2741.17
2744.25
2754.45
2751.23
2754.45
2755.26
2743.93
2723.3
2700
2673.72
2644.22
2611.6
2576.08
2537.9
2497.36
2454.78
2410.48
2364.82
2318.09
2270.65
2222.66
2174.47
2126.07
2077.95
2029.77
1982.52
1934.93
1889.45
1842.28
1799.71
1751.25
3013.85
2946.72
2882.24
2820.1
2758.91
2697.13
2633.76
2568.39
2501.12
2432.51
2363.4
2294.74
2227.5
2162.57
2100.65
2042.31
1987.89
1937.59
1891.48
1849.51
1811.55
1777.46
1747.04
1719.94
1696.17
1675.27
1657.18
1641.25
1628.33
1616.9
1607.88
1599.76
1595.49
1589.57
1585.96
1577.32
1580.72
1579.28
1580.88
1583.71
1584.37
1584.74
1590.5
1589.8
1593.92
1593
1600.21
1599.59
1608.3
1607.85
1615.9
1617.01
1624.71
1623.92
1632.68
1634.08
1644.35
1643.84
1654.41
1656.12
1665.42
1663.53
1669.97
1668.7
1672.54
1669.2
1669.09
1665.05
1659.89
1651.62
1642.21
1631.58
1619.53
1606.01
1591.17
1575.04
1557.66
1539.04
1519.24
1498.33
1476.37
1453.49
1429.84
1405.63
1380.97
1356.1
1331.01
1305.97
1280.8
1255.95
1230.88
1206.55
1181.62
1158.27
1133.05
1111.78
1085.68
2420.21
2368.85
2318.79
2269.72
2221.03
2172.1
2122.57
2072.33
2021.49
1970.36
1919.41
1869.13
1820.03
1772.58
1727.17
1684.09
1643.55
1605.66
1570.49
1538
1508.17
1480.91
1456.06
1433.54
1413.19
1394.9
1378.41
1363.74
1350.65
1339.09
1328.74
1319.74
1311.65
1304.79
1298.72
1293.75
1289.25
1285.32
1282.5
1278.54
1275.78
1270.32
1266.4
1256.84
1256.61
1255.59
1256.07
1254.43
1254.3
1253.62
1249.81
1245.7
1240.63
1233.39
1226.48
1220.46
1215.76
1211.38
1207.04
1202.74
1197.68
1191.35
1183.82
1175.38
1166.24
1156.45
1146.08
1135.08
1123.46
1111.33
1098.78
1085.94
1072.93
1059.82
1046.61
1033.29
1019.74
1005.89
991.669
977.053
962.051
946.762
931.237
915.644
899.989
884.476
868.975
853.775
838.52
823.751
808.692
794.478
779.448
766.004
750.619
738.398
721.781
1915.64
1876.18
1837.4
1799.17
1761.2
1723.27
1685.24
1647.1
1608.95
1570.98
1533.41
1496.5
1460.51
1425.65
1392.12
1360.07
1329.61
1300.81
1273.7
1248.29
1224.55
1202.44
1181.9
1162.86
1145.24
1128.94
1113.92
1100.03
1087.26
1075.45
1064.57
1054.48
1045.21
1036.58
1028.63
1021.19
1014.26
1007.78
1001.43
995.34
989.48
984.08
978.993
974.099
969.162
964.191
959.179
953.847
948.318
942.649
936.908
930.738
923.992
916.862
909.418
901.867
894.424
887.239
880.247
873.241
866.048
858.548
850.642
842.245
833.314
823.872
813.983
803.746
793.269
782.658
771.982
761.28
750.534
739.713
728.746
717.592
706.183
694.525
682.581
670.426
658.038
645.565
632.959
620.438
607.846
595.499
583.039
570.978
558.625
546.902
534.54
523.245
510.689
500.014
486.931
477.211
462.975
1478.1
1448.11
1418.43
1389.01
1359.76
1330.61
1301.56
1272.65
1243.97
1215.62
1187.71
1160.35
1133.65
1107.71
1082.61
1058.41
1035.17
1012.93
991.687
971.452
952.211
933.947
916.627
900.222
884.689
869.989
856.072
842.9
830.414
818.578
807.336
796.658
786.491
776.795
767.527
758.637
750.089
741.854
733.903
726.16
718.599
711.181
703.885
696.722
689.666
682.658
675.611
668.567
661.597
654.662
647.733
640.83
633.941
626.95
619.739
612.274
604.595
596.786
588.928
581.066
573.18
565.202
557.055
548.704
540.15
531.437
522.597
513.67
504.659
495.576
486.393
477.125
467.738
458.297
448.667
438.95
429.116
419.292
409.387
399.558
389.626
379.822
369.854
360.094
350.082
340.419
330.357
320.852
310.689
301.413
291.084
282.202
271.657
263.45
252.562
245.359
233.809
1085.58
1062.75
1040.11
1017.64
995.357
973.231
951.283
929.518
907.965
886.651
865.615
844.913
824.601
804.732
785.347
766.477
748.138
730.34
713.086
696.379
680.219
664.602
649.523
634.973
620.941
607.413
594.372
581.798
569.676
557.982
546.7
535.81
525.288
515.116
505.285
495.731
486.534
477.41
468.39
459.504
450.759
442.159
433.703
425.377
417.169
409.094
401.149
393.325
385.612
377.986
370.427
362.933
355.496
348.107
340.756
333.46
326.229
319.081
311.999
304.992
298.032
291.139
284.292
277.515
270.767
264.055
257.318
250.581
243.791
237.013
230.184
223.4
216.585
209.851
203.193
196.785
190.462
184.438
178.448
172.765
167.025
161.61
156.029
150.829
145.353
140.372
134.98
130.242
124.896
120.427
115.102
111.004
105.723
102.122
96.8745
93.8465
88.5667
717.573
700.18
682.886
665.674
648.593
631.604
614.754
598.038
581.453
564.76
548.042
531.376
514.822
498.432
482.251
466.318
450.674
435.349
420.379
405.789
391.598
377.819
364.463
351.533
339.032
326.958
315.309
304.078
293.262
282.849
272.834
263.2
253.943
245.041
236.477
228.278
220.333
212.862
205.812
199.133
192.802
186.79
181.072
175.623
170.423
165.448
160.683
156.109
151.709
147.471
143.378
139.426
135.592
131.883
128.273
124.778
121.361
118.053
114.799
111.646
108.53
105.509
102.518
99.6157
96.7342
93.9384
91.1525
88.4555
85.7595
83.1634
80.5513
78.0509
75.5235
73.124
70.6771
68.3903
66.0353
63.8692
61.5983
59.5445
57.3429
55.3968
53.2516
51.4051
49.3
47.5553
45.4869
43.8462
41.8038
40.2719
38.2553
36.8681
34.898
33.6909
31.7724
30.7514
28.8729
353.949
338.785
323.931
309.5
295.397
281.712
268.375
255.439
242.898
230.994
219.696
208.971
198.794
189.138
179.983
171.309
163.094
155.318
147.959
140.997
134.413
128.188
122.303
116.742
111.487
106.522
101.832
97.401
93.2166
89.2632
85.5287
81.9981
78.6616
75.504
72.5193
69.6903
67.015
64.4761
62.0724
59.7888
57.6228
55.5631
53.6055
51.7404
49.9653
48.2697
46.653
45.1058
43.6256
42.2086
40.8463
39.5431
38.2834
37.0793
35.9084
34.7924
33.6979
32.661
31.6343
30.6668
29.7007
28.7928
27.8806
27.023
26.1594
25.3484
24.5293
23.7625
22.983
22.2575
21.5115
20.822
20.1075
19.4534
18.7662
18.1473
17.4864
16.9009
16.2626
15.7081
15.0909
14.569
13.9736
13.4832
12.9079
12.449
11.8928
11.4639
10.9243
10.525
10.0016
9.63946
9.13426
8.81673
8.32846
8.05767
7.57445
62.2343
59.5705
57.0005
54.5233
52.1357
49.8365
47.6232
45.4946
43.4483
41.4829
39.5969
37.788
36.0549
34.3956
32.8081
31.2909
29.8417
28.4587
27.1398
25.8829
24.6863
23.5478
22.4656
21.4374
20.4612
19.5347
18.6562
17.8231
17.0338
16.2858
15.5776
14.9065
14.2716
13.6697
13.1006
12.5607
12.0506
11.5662
11.1082
10.6733
10.2616
9.87055
9.49979
9.1472
8.81272
8.4939
8.19124
7.90225
7.62712
7.36464
7.11322
6.87433
6.64341
6.42544
6.21226
6.01299
5.81515
5.63253
5.44805
5.27998
5.10741
4.95165
4.79013
4.64433
4.49335
4.35599
4.21419
4.08488
3.95048
3.82874
3.70079
3.58586
3.46375
3.35527
3.23826
3.13611
3.02421
2.92784
2.82091
2.73024
2.62781
2.54443
2.4466
2.36917
2.27533
2.2032
2.11511
2.04763
1.96471
1.90153
1.82407
1.76664
1.69635
1.64515
1.58226
1.53722
1.47292
1.30063
1.26912
1.23749
1.20584
1.17424
1.14277
1.11152
1.08055
1.04991
1.01966
0.989848
0.960524
0.931724
0.903481
0.875829
0.848789
0.822391
0.79665
0.771584
0.747203
0.723517
0.700529
0.678245
0.65666
0.635777
0.615585
0.596082
0.577254
0.559096
0.54159
0.524731
0.508495
0.492875
0.477844
0.463395
0.449499
0.436154
0.423326
0.411015
0.399183
0.387831
0.376915
0.366441
0.356367
0.346704
0.337406
0.328494
0.319913
0.311693
0.30377
0.296174
0.288841
0.281821
0.27504
0.268554
0.262287
0.256305
0.250523
0.245016
0.239692
0.234634
0.229746
0.225104
0.220657
0.216382
0.212373
0.208492
0.204881
0.20142
0.198274
0.195277
0.192642
0.190198
0.18826
0.187286
0.186974
0.186943
0.187456
0.187858
0.190702
0.192893
0.197264
0.201215
0.206286
0.206526
0.220291
0.220755
0.236222
0.238229
0.256207
0.259789
0.279482
0.28429
0.306214
0.312615
0.337377
0.345426
0.00139313
0.00137467
0.00135652
0.00133958
0.00132315
0.00130859
0.00129481
0.00128378
0.00127389
0.00126886
0.00126831
0.00126949
0.00127494
0.00127693
0.00130228
0.00130336
0.00135333
0.00135733
0.0014063
0.00140831
0.00147737
0.00147897
0.00157075
0.00157104
0.00168048
0.00169176
0.00179881
0.00179787
0.00193726
0.0019397
0.00214789
0.00214948
0.00238825
0.00239428
0.00262862
0.00262969
0.00295476
0.00295601
0.0033993
0.00342377
0.00394017
0.00394401
0.00446837
0.00447239
0.00511199
0.00510215
0.0059391
0.00593232
0.00703443
0.00708264
0.008167
0.00815616
0.009619
0.00966266
0.0112917
0.0114513
0.013348
0.0136482
0.015856
0.016308
0.0188196
0.0195876
0.0219427
0.0240495
0.025235
0.0288943
0.0300079
0.0339198
0.0353379
0.0402828
0.0420095
0.0477933
0.0499334
0.0570188
0.0598613
0.0685265
0.0720314
0.0825726
0.0870567
0.0999304
0.105396
0.120825
0.127551
0.146135
0.154263
0.176418
0.186282
0.212896
0.224832
0.256608
0.271228
0.31013
0.328179
0.375541
0.397708
0.455627
0.482634
2.18371e-05
4.28805e-05
5.12138e-05
8.70543e-05
0.00010155
0.000157394
0.000180237
0.000262629
0.000296374
0.000413098
0.000460812
0.00062108
0.000686361
0.000900885
0.000987985
0.00126827
0.0013855
0.00170994
0.00198937
0.00219646
0.00273429
0.00296613
0.0035784
0.00387625
0.00469404
0.00504174
0.00602195
0.0064497
0.00766414
0.00818747
0.00964337
0.0102683
0.0120184
0.0127734
0.014866
0.0157623
0.0182416
0.0193076
0.0222434
0.023502
0.0269525
0.0284352
0.0324903
0.0342367
0.0389878
0.0410376
0.0465918
0.0489955
0.0554775
0.0582909
0.0658478
0.0691455
0.0779595
0.0818231
0.092099
0.0966184
0.108617
0.113859
0.127926
0.134009
0.15039
0.157514
0.176687
0.18502
0.2074
0.217239
0.243416
0.255118
0.284911
0.302129
0.3279
0.363564
0.379887
0.426185
0.447912
0.501425
0.52493
0.587171
0.616548
0.690652
0.724142
0.809999
0.850506
0.952763
1.00022
1.11972
1.17634
1.31811
1.38515
1.55178
1.63135
1.82845
1.92284
2.15578
2.2666
2.54921
2.66683
0.00184374
0.00280902
0.00325048
0.00459755
0.00519151
0.00699289
0.00776824
0.010105
0.0110942
0.0140565
0.0152955
0.0189826
0.0205109
0.0250325
0.0268945
0.0323722
0.0346164
0.0411833
0.0438635
0.0516688
0.0548462
0.0640543
0.0677963
0.0785876
0.0829646
0.095529
0.100618
0.115165
0.121054
0.137817
0.144604
0.163851
0.171648
0.193673
0.202606
0.22774
0.237949
0.266557
0.278199
0.310692
0.323949
0.360795
0.375874
0.41761
0.434755
0.481997
0.501489
0.554944
0.577107
0.637587
0.662796
0.73123
0.759922
0.83734
0.870132
0.956636
0.998471
1.08276
1.15576
1.22328
1.32679
1.39058
1.52082
1.58046
1.73596
1.80514
1.97891
2.0581
2.25661
2.34961
2.56525
2.70227
2.89463
3.12126
3.26693
3.59106
3.73115
4.09018
4.26264
4.68181
4.87253
5.34764
5.57294
6.11931
6.3756
7.00142
7.29967
8.0175
8.36001
9.18348
9.57959
10.5247
10.9807
12.07
12.5876
13.8895
14.3828
0.133279
0.146121
0.182011
0.198743
0.238876
0.260049
0.304672
0.330851
0.380216
0.412046
0.466435
0.504612
0.564299
0.609587
0.674846
0.728071
0.799157
0.861221
0.93843
1.01039
1.09408
1.1771
1.26758
1.36284
1.46034
1.56911
1.67384
1.79753
1.90977
2.05001
2.17012
2.32872
2.45711
2.63605
2.77316
2.97461
3.12095
3.34727
3.50341
3.75721
3.92389
4.20802
4.38619
4.70379
4.89466
5.24911
5.45417
5.84914
6.0702
6.50971
6.74889
7.23737
7.49712
8.03949
8.32263
8.92433
9.23415
9.90118
10.2418
10.9801
11.3574
12.1731
12.5931
13.4941
13.9638
14.9582
15.4853
16.5826
17.1762
18.386
19.0573
20.3892
21.1523
22.616
23.4861
25.0942
26.0854
27.8565
28.9803
30.9367
32.2065
34.3724
35.8033
38.2063
39.8138
42.4866
44.285
47.2676
49.2699
52.6077
54.8282
58.569
61.0264
65.2197
67.9364
72.6362
75.6345
5.7845
6.21344
6.65679
7.11891
7.59635
8.09344
8.60661
9.14009
9.6908
10.2629
10.8536
11.4666
12.0995
12.7556
13.433
14.1345
14.8585
15.6079
16.3817
17.1823
18.0094
18.8646
19.7479
20.6604
21.6026
22.5748
23.5788
24.614
25.6834
26.7857
27.9248
29.0987
30.3124
31.5628
32.8563
34.1886
35.5674
36.9874
38.4579
39.9721
41.5408
43.1563
44.8309
46.5555
48.3441
50.1865
52.0984
54.0682
56.1132
58.2209
60.4101
62.6672
65.0126
67.4317
69.9463
72.5414
75.2396
78.0261
80.9237
83.9185
87.0327
90.2545
93.6044
97.0739
100.68
104.42
108.305
112.34
116.527
120.885
125.401
130.111
134.983
140.079
145.335
150.855
156.525
162.508
168.624
175.118
181.711
188.769
195.869
203.552
211.186
219.568
227.758
236.926
245.681
255.746
265.056
276.157
285.983
298.302
308.56
322.343
332.878
104.341
107.39
110.492
113.647
116.857
120.121
123.441
126.817
130.251
133.744
137.295
140.907
144.581
148.316
152.115
155.979
159.909
163.905
167.969
172.103
176.307
180.583
184.932
189.356
193.856
198.435
203.093
207.832
212.655
217.563
222.559
227.644
232.821
238.092
243.46
248.928
254.499
260.175
265.961
271.859
277.873
284.008
290.267
296.655
303.176
309.835
316.638
323.589
330.694
337.958
345.389
352.992
360.775
368.744
376.907
385.271
393.845
402.638
411.658
420.914
430.418
440.178
450.206
460.513
471.11
482.011
493.227
504.772
516.66
528.904
541.521
554.524
567.929
581.753
596.013
610.725
625.908
641.579
657.757
674.464
691.713
709.534
727.933
746.954
766.584
786.895
807.831
829.534
851.843
875.057
898.778
923.665
948.776
975.593
1001.92
1031.14
1058.19
453.923
459.367
464.867
470.424
476.037
481.71
487.441
493.232
499.084
504.998
510.976
517.019
523.128
529.306
535.553
541.872
548.265
554.735
561.284
567.915
574.631
581.435
588.331
595.323
602.414
609.609
616.913
624.331
631.868
639.531
647.324
655.256
663.333
671.562
679.952
688.51
697.247
706.171
715.293
724.624
734.174
743.955
753.98
764.262
774.814
785.65
796.786
808.236
820.017
832.146
844.64
857.518
870.798
884.5
898.644
913.252
928.344
943.943
960.074
976.758
994.021
1011.89
1030.38
1049.53
1069.36
1089.89
1111.16
1133.19
1156.01
1179.65
1204.14
1229.5
1255.76
1282.94
1311.09
1340.22
1370.36
1401.54
1433.78
1467.11
1501.54
1537.12
1573.85
1611.75
1650.85
1691.17
1732.71
1775.5
1819.54
1864.86
1911.41
1959.33
2008.38
2058.98
2110.4
2163.93
2217.27
828.71
834.658
840.689
846.809
853.02
859.328
865.736
872.249
878.874
885.615
892.479
899.472
906.602
913.875
921.3
928.885
936.639
944.571
952.691
961.011
969.54
978.291
987.276
996.508
1006
1015.77
1025.83
1036.19
1046.87
1057.89
1069.27
1081.02
1093.16
1105.71
1118.7
1132.13
1146.04
1160.45
1175.38
1190.85
1206.88
1223.5
1240.74
1258.62
1277.16
1296.4
1316.35
1337.04
1358.51
1380.77
1403.86
1427.8
1452.62
1478.35
1505.01
1532.63
1561.24
1590.86
1621.52
1653.24
1686.04
1719.95
1754.99
1791.18
1828.54
1867.09
1906.84
1947.8
1990.01
2033.45
2078.15
2124.12
2171.35
2219.85
2269.62
2320.67
2372.98
2426.56
2481.39
2537.46
2594.76
2653.27
2712.98
2773.86
2835.9
2899.06
2963.32
3028.65
3095.02
3162.4
3230.74
3300.04
3370.2
3441.3
3513.07
3585.92
3658.9
1223.85
1231.45
1239.25
1247.27
1255.52
1264.02
1272.78
1281.82
1291.15
1300.78
1310.74
1321.04
1331.7
1342.75
1354.19
1366.06
1378.36
1391.14
1404.4
1418.17
1432.48
1447.35
1462.8
1478.87
1495.56
1512.92
1530.97
1549.74
1569.24
1589.52
1610.59
1632.49
1655.24
1678.86
1703.39
1728.86
1755.28
1782.68
1811.1
1840.55
1871.05
1902.64
1935.33
1969.13
2004.08
2040.18
2077.46
2115.93
2155.6
2196.49
2238.61
2281.96
2326.55
2372.38
2419.46
2467.79
2517.37
2568.18
2620.22
2673.48
2727.94
2783.6
2840.44
2898.43
2957.56
3017.8
3079.13
3141.53
3204.95
3269.37
3334.76
3401.09
3468.31
3536.4
3605.31
3675
3745.43
3816.57
3888.36
3960.78
4033.77
4107.3
4181.32
4255.79
4330.68
4405.94
4481.54
4557.44
4633.61
4710
4786.6
4863.35
4940.27
5017.24
5094.4
5171.43
5248.84
1674.19
1686.38
1699.09
1712.34
1726.16
1740.58
1755.62
1771.32
1787.71
1804.81
1822.65
1841.27
1860.7
1880.97
1902.1
1924.13
1947.09
1971.01
1995.91
2021.82
2048.78
2076.81
2105.93
2136.17
2167.55
2200.09
2233.82
2268.76
2304.91
2342.3
2380.93
2420.83
2462
2504.44
2548.17
2593.18
2639.48
2687.06
2735.92
2786.05
2837.44
2890.06
2943.92
2998.98
3055.23
3112.64
3171.19
3230.85
3291.59
3353.38
3416.18
3479.96
3544.68
3610.31
3676.79
3744.09
3812.16
3880.96
3950.44
4020.56
4091.26
4162.52
4234.28
4306.5
4379.13
4452.14
4525.48
4599.11
4673
4747.1
4821.38
4895.8
4970.33
5044.94
5119.59
5194.27
5268.93
5343.56
5418.14
5492.64
5567.04
5641.33
5715.5
5789.53
5863.41
5937.14
6010.72
6084.13
6157.38
6230.45
6303.38
6376.12
6448.77
6521.14
6593.63
6665.47
6738.28
2241.69
2264.01
2287.37
2311.8
2337.35
2364.03
2391.89
2420.96
2451.26
2482.82
2515.67
2549.83
2585.32
2622.17
2660.38
2699.98
2740.97
2783.37
2827.17
2872.37
2918.99
2967.01
3016.42
3067.22
3119.39
3172.92
3227.77
3283.93
3341.37
3400.05
3459.95
3521.03
3583.25
3646.56
3710.93
3776.31
3842.64
3909.89
3977.98
4046.88
4116.51
4186.84
4257.79
4329.32
4401.37
4473.89
4546.82
4620.11
4693.7
4767.56
4841.62
4915.85
4990.18
5064.58
5139.01
5213.42
5287.77
5362.03
5436.17
5510.16
5583.96
5657.57
5730.94
5804.08
5876.95
5949.56
6021.87
6093.9
6165.62
6237.03
6308.13
6378.91
6449.38
6519.53
6589.37
6658.91
6728.16
6797.12
6865.81
6934.25
7002.44
7070.41
7138.18
7205.76
7273.17
7340.44
7407.6
7474.65
7541.64
7608.58
7675.51
7742.41
7809.42
7876.34
7943.7
8010.45
8078.98
3003.55
3042.97
3083.95
3126.52
3170.69
3216.46
3263.83
3312.81
3363.38
3415.53
3469.25
3524.51
3581.29
3639.57
3699.29
3760.44
3822.95
3886.79
3951.9
4018.22
4085.71
4154.29
4223.92
4294.51
4366
4438.33
4511.43
4585.22
4659.63
4734.59
4810.04
4885.9
4962.1
5038.58
5115.26
5192.09
5268.99
5345.9
5422.77
5499.53
5576.14
5652.55
5728.71
5804.59
5880.14
5955.33
6030.13
6104.52
6178.47
6251.95
6324.95
6397.45
6469.44
6540.9
6611.84
6682.25
6752.12
6821.48
6890.31
6958.64
7026.48
7093.83
7160.71
7227.15
7293.17
7358.77
7423.98
7488.81
7553.29
7617.42
7681.25
7744.78
7808.06
7871.1
7933.95
7996.63
8059.18
8121.63
8184.02
8246.38
8308.75
8371.15
8433.64
8496.23
8558.98
8621.91
8685.07
8748.48
8812.2
8876.25
8940.69
9005.51
9070.88
9136.55
9203.22
9269.55
9338.61
4020.84
4081.96
4144.77
4209.21
4275.25
4342.82
4411.85
4482.28
4554.04
4627.05
4701.24
4776.51
4852.79
4929.98
5007.99
5086.73
5166.11
5246.03
5326.41
5407.14
5488.14
5569.32
5650.6
5731.9
5813.14
5894.24
5975.14
6055.77
6136.07
6215.97
6295.44
6374.4
6452.81
6530.63
6607.81
6684.33
6760.15
6835.25
6909.6
6983.21
7056.05
7128.12
7199.43
7269.97
7339.76
7408.8
7477.11
7544.68
7611.53
7677.68
7743.13
7807.92
7872.06
7935.6
7998.55
8060.96
8122.86
8184.27
8245.25
8305.82
8366.03
8425.9
8485.48
8544.8
8603.91
8662.82
8721.58
8780.21
8838.72
8897.15
8955.54
9013.94
9072.4
9130.97
9189.7
9248.62
9307.79
9367.24
9427.03
9487.18
9547.74
9608.75
9670.27
9732.32
9794.96
9858.23
9922.18
9986.85
10052.3
10118.5
10185.7
10253.7
10322.8
10392.7
10464.3
10535.8
10611.2
5301.66
5382.85
5465.1
5548.32
5632.41
5717.24
5802.7
5888.69
5975.08
6061.77
6148.65
6235.6
6322.53
6409.33
6495.9
6582.15
6667.99
6753.33
6838.09
6922.21
7005.62
7088.26
7170.09
7251.07
7331.15
7410.31
7488.51
7565.75
7642
7717.26
7791.5
7864.7
7936.87
8008
8078.11
8147.2
8215.31
8282.45
8348.66
8413.96
8478.39
8541.99
8604.79
8666.82
8728.14
8788.78
8848.76
8908.12
8966.87
9025.05
9082.71
9139.91
9196.7
9253.13
9309.26
9365.13
9420.79
9476.3
9531.68
9587
9642.28
9697.58
9752.94
9808.4
9863.99
9919.76
9975.73
10031.9
10088.3
10145
10202.1
10259.5
10317.5
10375.9
10435
10494.6
10555
10616
10677.8
10740.5
10803.9
10868.3
10933.6
11000
11067.3
11135.8
11205.5
11276.3
11348.4
11421.9
11496.8
11573
11651
11730.2
11812
11893.9
11981
6794.82
6888.24
6981.58
7074.78
7167.73
7260.28
7352.36
7443.85
7534.67
7624.72
7713.92
7802.19
7889.46
7975.67
8060.77
8144.7
8227.42
8308.88
8389.06
8467.94
8545.54
8621.84
8696.86
8770.61
8843.1
8914.36
8984.41
9053.26
9120.96
9187.53
9252.97
9317.29
9380.54
9442.75
9503.98
9564.31
9623.78
9682.46
9740.4
9797.65
9854.27
9910.31
9965.83
10020.9
10075.5
10129.8
10183.7
10237.3
10290.6
10343.6
10396.5
10449.4
10502.2
10555
10608
10661.1
10714.3
10767.8
10821.6
10875.7
10930.1
10984.9
11040.2
11096
11152.3
11209.1
11266.5
11324.4
11383
11442.2
11502.2
11563
11624.8
11687.5
11751.1
11815.9
11881.7
11948.6
12016.8
12086.1
12156.8
12228.8
12302.1
12377
12453.4
12531.3
12611
12692.3
12775.5
12860.4
12947.4
13036.3
13127.6
13220.5
13316.8
13413.5
13516.8
8428.25
8524.23
8619.03
8712.67
8805.09
8896.17
8985.92
9074.24
9161.14
9246.53
9330.43
9412.76
9493.57
9572.79
9650.5
9726.64
9801.24
9874.25
9945.78
10015.8
10084.5
10151.8
10217.8
10282.5
10346.1
10408.5
10469.9
10530.1
10589.5
10647.8
10705.3
10761.8
10817.6
10872.6
10926.9
10980.7
11034.1
11086.9
11139.5
11191.7
11243.7
11295.5
11347.2
11398.7
11450.3
11501.9
11553.5
11605.1
11656.9
11708.8
11761
11813.5
11866.4
11919.8
11973.6
12028
12083
12138.5
12194.7
12251.5
12309.1
12367.5
12426.6
12486.5
12547.3
12609
12671.6
12735.1
12799.7
12865.2
12931.9
12999.9
13069.1
13139.6
13211.5
13284.9
13359.7
13436.1
13514.1
13593.7
13675
13758.2
13843.1
13930
14018.9
14109.9
14203
14298.3
14396
14496
14598.7
14703.6
14811.8
14921.8
15036.4
15151.1
15274.1
10156.4
10247.7
10337.3
10425
10511.1
10595.2
10677.7
10758.3
10837.2
10914.3
10989.8
11063.4
11135.5
11205.8
11274.7
11341.9
11407.7
11472
11534.9
11596.5
11657.1
11716.4
11774.8
11832.2
11888.8
11944.4
11999.4
12053.6
12107.3
12160.3
12212.9
12264.8
12316.4
12367.6
12418.7
12469.7
12520.6
12571.5
12622.5
12673.6
12724.9
12776.3
12828.1
12880.1
12932.5
12985.3
13038.5
13092.2
13146.2
13200.9
13256.2
13312.2
13369
13426.6
13485
13544.3
13604.5
13665.5
13727.6
13790.6
13854.7
13919.8
13986.1
14053.4
14122
14191.7
14262.7
14334.9
14408.5
14483.5
14560
14638
14717.7
14799.1
14882.2
14967.1
15053.9
15142.5
15233.2
15326
15420.9
15517.9
15617.3
15719.1
15823.4
15930.1
16039.6
16151.7
16266.7
16384.4
16505.5
16629.2
16756.8
16886.6
17021.9
17157
17302.4
11981.8
12065.3
12146.9
12226.5
12304.4
12380.2
12454.4
12526.5
12597.2
12665.9
12733.3
12798.8
12863.1
12925.7
12987.3
13047.3
13106.4
13164
13220.9
13276.7
13332
13386.4
13440.4
13493.5
13546.6
13598.8
13651.1
13702.8
13754.5
13805.8
13857.2
13908.3
13959.7
14011
14062.8
14114.7
14167.2
14219.8
14273.1
14326.7
14381
14435.8
14491.2
14547.3
14604.1
14661.6
14719.9
14778.9
14838.8
14899.6
14961.4
15024.2
15088
15152.9
15219
15286.2
15354.6
15424.1
15494.9
15567
15640.3
15715
15791.1
15868.5
15947.4
16027.8
16109.7
16193.2
16278.4
16365.3
16454
16544.6
16637.2
16731.7
16828.4
16927.2
17028.2
17131.5
17237.2
17345.3
17456
17569.3
17685.3
17804.1
17925.9
18050.6
18178.5
18309.4
18443.7
18581.2
18722.5
18866.8
19015.7
19166.8
19324.5
19481.4
19650.5
13952.4
14028.2
14102.6
14174.6
14245.6
14314
14381.7
14446.8
14511.4
14573.5
14635.4
14694.9
14754.5
14811.9
14869.5
14925.1
14981
15035.1
15089.8
15143
15197
15249.7
15303.2
15355.6
15409
15461.4
15514.8
15567.5
15621.2
15674.3
15728.5
15782.4
15837.4
15892.4
15948.6
16004.8
16062.4
16120.2
16179.2
16238.7
16299.4
16360.7
16423.1
16486.4
16550.7
16616
16682.4
16749.8
16818.4
16888.1
16959.1
17031.4
17105
17180
17256.2
17333.9
17412.9
17493.4
17575.4
17658.8
17743.7
17830.3
17918.4
18008.2
18099.6
18192.8
18287.8
18384.6
18483.4
18584.3
18687.2
18792.3
18899.6
19009.3
19121.3
19235.8
19352.9
19472.6
19595.1
19720.3
19848.5
19979.7
20114
20251.5
20392.3
20536.4
20684
20835.1
20990
21148.4
21310.9
21476.9
21647.7
21820.9
22001.5
22180.6
22374
16151.8
16221.9
16291.7
16358.1
16425.1
16488.2
16552.4
16612.9
16674.7
16732.9
16792.8
16849.4
16908
16963.3
17020.8
17075.3
17132.1
17186.1
17242.6
17296.7
17353.4
17407.8
17464.9
17519.9
17577.6
17633.4
17692
17748.9
17808.5
17866.7
17927.5
17987.2
18049.6
18111.2
18175.3
18238.9
18305
18370.8
18438.9
18507
18577.1
18647.7
18720.1
18793.2
18867.9
18943.6
19020.7
19099.1
19178.9
19260.1
19342.8
19427
19512.7
19599.9
19688.6
19778.9
19870.7
19964.2
20059.4
20156.2
20254.7
20355
20457.1
20561.1
20666.9
20774.7
20884.5
20996.5
21110.6
21227
21345.8
21466.9
21590.6
21716.8
21845.7
21977.4
22111.9
22249.4
22389.9
22533.5
22680.4
22830.5
22984.1
23141.1
23301.9
23466.1
23634.3
23806.1
23982
24161.7
24345.7
24533.4
24726
24921.3
25124.4
25325.3
25542.3
18693.2
18759.8
18828.4
18891.5
18958
19018.4
19082.9
19141.4
19204.6
19261.8
19324.2
19380.8
19442.8
19499.2
19561.1
19617.5
19679.7
19736.7
19799.6
19857.5
19921.3
19980.3
20045.3
20105.8
20172.1
20234.1
20301.9
20365.8
20435.3
20501.2
20572.5
20640.7
20714
20784.8
20860.4
20933.9
21011.7
21088
21168.2
21247.4
21330.1
21412.3
21497.4
21582.7
21670.4
21758.9
21849.3
21941
22034.4
22129.3
22225.9
22324.1
22423.9
22525.4
22628.6
22733.5
22840.2
22948.6
23058.8
23170.8
23284.7
23400.5
23518.3
23638
23759.9
23883.8
24010
24138.4
24269.3
24402.6
24538.5
24676.9
24818.1
24962.1
25109
25258.8
25411.7
25567.8
25727.2
25889.8
26056.1
26225.7
26399.1
26576
26756.9
26941.4
27130.1
27322.4
27519.1
27719.6
27924.4
28133.2
28346.7
28563.3
28787.3
29008.9
29248.3
21720.4
21785.6
21856.9
21919.1
21989.3
22049.6
22119
22178.4
22247.7
22307
22376.7
22436.4
22506.8
22567.1
22638.5
22699.7
22772.3
22834.9
22909
22973.3
23049
23115.2
23192.7
23261.1
23340.4
23411.1
23492.5
23565.8
23649.2
23725.2
23810.9
23890
23978.1
24060.4
24151
24236.5
24329.6
24418.6
24514.2
24606.7
24704.9
24801
24901.7
25001.5
25104.8
25208.3
25314.5
25421.7
25531
25641.8
25754.4
25868.8
25984.9
26102.7
26222.4
26343.8
26467.1
26592.2
26719.2
26848.2
26979.1
27112
27247
27384
27523.3
27664.7
27808.6
27954.8
28103.6
28254.9
28409
28565.7
28725.3
28887.8
29053.3
29221.9
29393.8
29568.9
29747.5
29929.5
30115.1
30304.2
30497.3
30693.8
30894.5
31098.6
31307.1
31519
31735.5
31955.6
32179.8
32408.4
32640.7
32877.2
33119.8
33360.4
33619.8
25418.2
25484.6
25563.1
25627.1
25706
25769.1
25848.7
25912.3
25993.3
26057.7
26140.4
26206.1
26290.5
26357.6
26443.9
26512.8
26601.1
26672.1
26762.5
26835.9
26928.5
27004.4
27099.3
27178
27275.2
27357
27456.6
27541.5
27643.5
27731.9
27836.4
27928.4
28035.5
28131.4
28241.1
28340.8
28453
28556.8
28671.4
28779.4
28896.4
29008.6
29128.1
29244.6
29366.6
29487.3
29612.1
29737
29864.7
29993.6
30124.6
30257.3
30391.8
30528.1
30666.3
30806.2
30948.1
31091.8
31237.5
31385.1
31534.7
31686.3
31839.9
31995.7
32153.8
32314.1
32476.8
32641.9
32809.6
32979.8
33152.9
33328.5
33507.2
33688.6
33873.3
34060.9
34251.9
34446
34643.7
34844.6
35049.3
35257.2
35469.2
35684.3
35903.7
36126.2
36353.2
36583.1
36817.5
37055.3
37296.9
37543
37791.7
38045.9
38303.7
38561.2
38837.4
30034.1
30104.4
30195.5
30264.8
30358.3
30428
30524.2
30595.5
30694.7
30767.9
30869.8
30944.9
31049.6
31126.8
31234.1
31313.6
31423.6
31505.9
31618.6
31703.7
31819.1
31907.4
32025.4
32117
32237.6
32332.9
32456
32555.1
32680.9
32784
32912.3
33019.8
33150.7
33262.6
33395.9
33512.3
33647.9
33769
33906.8
34032.7
34172.5
34303.4
34445.2
34581
34725
34865.6
35012
35157.3
35306.3
35455.9
35608
35761.5
35916.9
36074.1
36233
36393.7
36556.3
36720.7
36887
37055.1
37225.2
37397.2
37571.2
37747.2
37925.5
38105.9
38288.6
38473.6
38661.2
38851.1
39043.8
39238.9
39437
39637.7
39841.4
40048
40257.8
40470.5
40686.6
40905.7
41128.4
41354
41583.5
41815.7
42052.1
42291
42534.3
42779.8
43029.9
43282.5
43538.7
43799.4
44061
44330
44599
44870.6
45159.3
35908.8
35987.5
36098
36177.4
36292.8
36374.2
36494.3
36578.4
36702.9
36789.6
36917.9
37006.9
37138.8
37230.3
37365.6
37459.8
37598.3
37695.6
37837.3
37938
38082.6
38186.9
38334.4
38442.5
38592.8
38705
38857.9
38974.5
39130
39251.2
39409.2
39535.3
39695.6
39826.8
39989.2
40125.4
40289.7
40431.3
40597.2
40744.3
40911.7
41064.4
41233.2
41391.4
41561.6
41725.3
41897.2
42066.1
42240.1
42413.5
42589.9
42767.4
42946.7
43127.7
43310.2
43494.5
43680.4
43868.1
44057.4
44248.4
44441.2
44635.6
44831.8
45029.8
45229.8
45431.8
45635.8
45841.9
46050.3
46260.7
46473.5
46688.6
46906.2
47126.1
47348.8
47573.9
47801.9
48032.3
48265.9
48501.8
48741.1
48982.6
49227.7
49474.7
49725.7
49978.3
50235.1
50493.2
50755.6
51019.6
51286.8
51558.1
51828.7
52108.6
52383.6
52666.1
52961.7
43529.4
43623.5
43761.8
43858.5
44004.7
44105
44257.9
44361.7
44520.2
44626.8
44790
44899.1
45066.5
45178.2
45349.6
45464.3
45639.4
45757.4
45936
46057.6
46239.4
46364.9
46549.7
46679.4
46867
47001.3
47191.4
47330.5
47523.1
47667.3
47862
48011.7
48208.3
48363.6
48561.7
48722.7
48922.1
49088.9
49289.2
49462.2
49663.1
49842.2
50043.6
50228.9
50430.7
50622
50824.6
51021.3
51225
51426.6
51631.9
51837.5
52044.8
52253.6
52463.5
52675
52887.9
53102.1
53317.8
53534.7
53753.1
53972.6
54193.6
54415.9
54639.9
54865.3
55092.4
55321
55551.4
55783.3
56017.1
56252.5
56490
56729.2
56970.5
57213.5
57459
57706
57955.6
58206.7
58460.5
58715.7
58973.9
59233.1
59495.5
59758.5
60025.3
60292
60562.8
60833.9
61107.6
61384.7
61659.2
61945
62220.1
62509.3
62804.6
53614.3
53733.9
53911.1
54035.9
54224.3
54353.8
54550.6
54684.1
54887.2
55023.3
55231.7
55370.2
55583.3
55724.4
55942
56086.1
56307.7
56455.2
56680.5
56831.6
57060.2
57215.5
57447.1
57606.7
57841.1
58005.4
58242.3
58411.7
58650.7
58825.7
59066.3
59247.2
59489.1
59676
59918.7
60111.8
60354.8
60554.3
60797.2
61003.3
61245.7
61458.4
61700.1
61919.3
62160.2
62385.8
62626.2
62857.4
63097.6
63333.6
63574.1
63813.9
64055.3
64297.6
64540.6
64784.7
65029.8
65275.6
65522.4
65769.8
66018.1
66266.9
66516.5
66766.7
67017.9
67269.8
67522.7
67776.2
68030.7
68285.9
68542.1
68799.1
69057.2
69316
69576.1
69836.8
70098.9
70361.6
70625.8
70890.4
71156.7
71423.1
71691.5
71959.6
72230.1
72499.7
72772.2
73043.2
73317.4
73590.3
73865.2
74142.3
74414.8
74700.5
74968.4
75259.2
75545.3
67260.9
67421.4
67652.8
67821.2
68067
68241
68496.3
68674
68936.1
69115.9
69383.4
69565.4
69837.9
70022.3
70299.5
70486.8
70768.2
70958.8
71243.9
71438.2
71726.7
71924.9
72216.4
72418.9
72713
72920.4
73216.7
73429.2
73727.3
73945.5
74244.8
74469.2
74768.9
74999.6
75299.1
75536.3
75835
76078.8
76376.2
76626.7
76922.4
77179.7
77473.1
77737.1
78028.3
78298.5
78587.5
78863.4
79150.5
79430.8
79716.4
79999.9
80284.8
80569.6
80854.6
81140
81425.5
81711.1
81996.7
82282.1
82567.4
82852.4
83137.2
83421.5
83705.6
83989.3
84272.8
84555.8
84838.5
85120.6
85402.6
85683.8
85964.9
86245.2
86525.4
86804.7
87084.1
87362.3
87640.7
87917.7
88195.1
88470.8
88747.1
89021.3
89296.3
89568.8
89842.7
90113.2
90385.8
90655.1
90925.1
91195.8
91459.5
91738
91990.5
92277.1
92542.6
86223
86446.7
86754.1
86989.1
87314.2
87554.7
87890
88133.5
88475.3
88720.3
89067.4
89314.2
89666.2
89915.1
90271.8
90523.5
90884.3
91139.2
91503.7
91762
92129.7
92391.8
92762.5
93028.6
93401.8
93672.5
94047.7
94323.4
94700
94981.4
95358.5
95646
96022.7
96316.5
96691.8
96992.2
97365.4
97672.3
98042.8
98356.2
98723.4
99043.3
99406.6
99733
100092
100424
100779
101117
101467
101808
102155
102498
102842
103185
103527
103868
104208
104547
104885
105222
105557
105890
106222
106552
106879
107205
107529
107850
108170
108487
108802
109114
109425
109732
110037
110340
110640
110937
111232
111523
111813
112098
112382
112662
112940
113213
113486
113753
114020
114281
114541
114799
115048
115312
115541
115818
116050
113474
113794
114211
114546
114985
115325
115774
116116
116571
116913
117373
117717
118181
118527
118996
119344
119817
120168
120644
120999
121478
121836
122319
122681
123165
123531
124017
124388
124876
125252
125739
126121
126607
126995
127478
127873
128352
128753
129228
129635
130104
130517
130981
131399
131857
132280
132731
133158
133602
134032
134468
134899
135329
135756
136182
136605
137025
137442
137857
138268
138677
139082
139483
139880
140273
140661
141044
141423
141798
142167
142532
142891
143246
143595
143938
144276
144609
144936
145258
145573
145883
146186
146485
146776
147062
147341
147615
147881
148144
148398
148647
148893
149123
149372
149572
149840
150025
154493
154958
155544
156032
156642
157133
157753
158244
158870
159361
159991
160482
161117
161610
162249
162745
163388
163886
164533
165035
165684
166190
166842
167351
168005
168519
169174
169693
170348
170872
171527
172056
172709
173244
173892
174433
175076
175623
176259
176811
177440
177998
178618
179181
179791
180358
180958
181528
182117
182687
183265
183833
184401
184963
185520
186074
186622
187166
187704
188236
188764
189285
189800
190309
190809
191301
191785
192261
192730
193189
193641
194083
194517
194941
195357
195763
196160
196546
196924
197291
197649
197996
198334
198660
198978
199283
199580
199865
200141
200405
200659
200908
201133
201381
201560
201837
201966
220673
221360
222225
222951
223840
224569
225469
226197
227102
227829
228739
229466
230380
231109
232029
232759
233684
234417
235346
236083
237015
237757
238691
239437
240374
241125
242063
242820
243758
244521
245457
246227
247158
247934
248860
249642
250560
251348
252257
253051
253948
254748
255633
256438
257308
258118
258972
259785
260622
261433
262253
263059
263863
264658
265446
266228
267001
267766
268523
269271
270010
270741
271463
272175
272874
273559
274232
274892
275541
276175
276798
277406
278001
278582
279149
279702
280241
280764
281274
281768
282248
282711
283160
283593
284011
284412
284799
285168
285524
285863
286184
286498
286776
287088
287297
287658
287761
340589
341646
343035
344169
345571
346715
348130
349273
350695
351835
353263
354402
355838
356978
358423
359566
361018
362165
363622
364775
366237
367396
368863
370029
371499
372673
374146
375328
376801
377993
379463
380665
382129
383340
384794
386017
387459
388692
390118
391362
392770
394023
395412
396674
398040
399312
400653
401929
403243
404518
405807
407073
408338
409589
410830
412060
413278
414484
415678
416858
418026
419182
420327
421460
422574
423664
424736
425790
426827
427843
428843
429822
430783
431724
432647
433549
434432
435294
436136
436958
437760
438539
439300
440038
440757
441451
442128
442780
443414
444025
444609
445191
445713
446300
446722
447408
447631
620816
622738
625424
627512
630161
632296
634966
637105
639789
641925
644622
646758
649472
651614
654346
656496
659243
661403
664164
666336
669109
671295
674081
676282
679078
681296
684102
686339
689151
691407
694218
696496
699300
701602
704392
706720
709489
711843
714587
716967
719681
722087
724767
727199
729840
732297
734896
737369
739924
742403
744917
747387
749861
752313
754750
757172
759575
761961
764327
766674
769004
771317
773620
775914
778179
780400
782588
784749
786887
788994
791074
793127
795156
797156
799131
801076
802997
804889
806756
808592
810404
812184
813941
815666
817369
819037
820684
822295
823885
825446
826968
828501
829927
831502
832759
834561
835426
2.01e+06
2.01643e+06
2.02573e+06
2.03282e+06
2.04178e+06
2.04914e+06
2.05814e+06
2.06554e+06
2.07459e+06
2.082e+06
2.0911e+06
2.09853e+06
2.10768e+06
2.11515e+06
2.12437e+06
2.13187e+06
2.14115e+06
2.1487e+06
2.15803e+06
2.16563e+06
2.17501e+06
2.18266e+06
2.1921e+06
2.1998e+06
2.20928e+06
2.21705e+06
2.22657e+06
2.2344e+06
2.24395e+06
2.25185e+06
2.26141e+06
2.26938e+06
2.27894e+06
2.28699e+06
2.29651e+06
2.30464e+06
2.31411e+06
2.32232e+06
2.33172e+06
2.34002e+06
2.34933e+06
2.35772e+06
2.36693e+06
2.37539e+06
2.38449e+06
2.39303e+06
2.402e+06
2.41059e+06
2.41942e+06
2.42803e+06
2.43674e+06
2.44531e+06
2.45389e+06
2.46241e+06
2.47087e+06
2.47928e+06
2.48764e+06
2.49593e+06
2.50416e+06
2.51233e+06
2.52044e+06
2.52849e+06
2.53649e+06
2.54444e+06
2.55228e+06
2.56e+06
2.56763e+06
2.57517e+06
2.58262e+06
2.58997e+06
2.59721e+06
2.60436e+06
2.61142e+06
2.6184e+06
2.62528e+06
2.63206e+06
2.63874e+06
2.64532e+06
2.65181e+06
2.65818e+06
2.66447e+06
2.67064e+06
2.67672e+06
2.68268e+06
2.68854e+06
2.69428e+06
2.69993e+06
2.70545e+06
2.71087e+06
2.71619e+06
2.72133e+06
2.72653e+06
2.73128e+06
2.73659e+06
2.7407e+06
2.74673e+06
2.74958e+06
33648.4
33416.1
33174.9
32920.9
32650.9
32368
32083.8
31808.3
31551.4
31305.9
30916.7
30185
29031.8
27707.7
26560
25781
25307.2
24467.9
23063.6
21088.3
18558.8
15741.7
13008.6
10504
8375.13
6662.21
5257.17
4129.77
3247.93
2559.08
1960.43
1503.47
1303.98
34159.3
33906.6
33643.2
33361.6
33059.5
32738.3
32407.6
32073.6
31741.1
31402.1
30930
30138
28927.7
27455.1
26013.1
24793.4
23861.6
22723.2
21182.7
19242.3
16875.2
14277.7
11757.8
9446.74
7487.19
5910.5
4632.58
3602.49
2816.15
2170.78
1606.14
1197.53
988.432
34678.6
34403.1
34114.2
33801.4
33463.4
33100
32718.5
32322
31910.9
31475.2
30916.3
30057.4
28798.3
27221
25564.2
24004.1
22679.7
21258.5
19565.7
17605.2
15334.8
12899.5
10549.3
8403.03
6595.69
5145.5
3987.64
3058.18
2365.73
1768.22
1265.71
888.242
798.404
35187.5
34886.7
34569.1
34221.5
33844.3
33434.9
32998.9
32536.8
32045.2
31513.6
30862.4
29930.9
28624.5
26971.9
25161.1
23346.3
21698.1
20019
18168
16150
13925
11604.6
9388.54
7384.81
5716.65
4386.15
3343.11
2516.18
1911.91
1369.18
941.851
605.119
725.733
35657.7
35329.3
34979.3
34594.2
34174.7
33716.1
33222.1
32691.1
32119.3
31498.2
30748
29738.4
28382.6
26672.5
24751.9
22751.1
20844.9
18938.8
16933
14836.6
12621.3
10381.6
8274.79
6399.85
4863.31
3649.6
2718.81
1995.03
1471.14
994.526
640.046
374.18
766.781
36049.4
35691.1
35304.8
34879.5
34413.7
33902
33346.5
32754
32108.4
31390.9
30541.7
29450.8
28041.7
26284.4
24284.6
22150.9
20045.5
17947.3
15798.4
13617.5
11393
9214.5
7204.37
5453.9
4047.44
2951.76
2133.16
1511.53
1061.33
662.809
371.839
227.285
975.882
36301.4
35910.4
35484.7
35022.7
34515.4
33956.7
33347.7
32686.6
31958
31146.4
30200.9
29028.4
27563.5
25765
23707.7
21480.9
19227.3
16974
14701.7
12443.8
10208.3
8087.04
6174.12
4553.21
3280.81
2307.91
1602.8
1080.3
701.405
386.357
171.954
172.691
1349.1
36366.2
35947.3
35488.6
34986.5
34432.5
33821.3
33151.8
32418.7
31610
30709.1
29672.6
28421.9
26901.8
25067.6
22969.4
20680.7
18323.1
15953.7
13585.9
11271.8
9039.87
6987.28
5184.87
3706.59
2576.24
1732.66
1141.66
713.778
408.352
176.692
82.5726
179.912
1861.43
36162.3
35713
35219.1
34673.8
34072.9
33409.9
32681.2
31880.8
30997.4
30014.4
28895.4
27573.9
26003.8
24141.5
22018.5
19695.4
17274.7
14830.9
12404.4
10067.8
7869.95
5911.86
4244.13
2926.57
1947.6
1238.91
759.809
421.941
192.766
72.6579
53.2815
342.613
2484.08
35586.4
35107.8
34580.8
33997.2
33352.9
32641.7
31858.7
30997.5
30047.5
28993
27803.4
26423.5
24814.4
22936.3
20807.5
18478.6
16035.9
13564.6
11126.2
8814.06
6695.12
4868.95
3367.1
2228.72
1408.2
835.627
462.185
210.386
80.135
34.9685
48.2121
660.54
3173.5
34542.1
34039.2
33483.9
32867.8
32186.5
31434.2
30605.2
29693.3
28688.8
27577.2
26333.9
24913.3
23282.8
21408.1
19298.7
16997.3
14578.3
12133.6
9741.25
7513.19
5529.09
3879.1
2575.13
1628.9
967.671
525.227
247.703
92.5341
34.7042
25.3532
85.9706
1176.67
3882.97
32941.1
32420.3
31844
31204
30495.7
29713.2
28851
27903.1
26861.1
25712.3
24437.5
23000
21373.4
19529.5
17472.5
15240
12898.2
10543.3
8265.84
6191.09
4403.03
2972.74
1891.01
1138.59
628.213
302.069
116.436
40.6652
20.7289
23.7299
182.559
1929.68
4549.16
30712.4
30183.6
29597.2
28945.8
28224.4
27427.6
26550.1
25586.6
24530.1
23370.3
22092.7
20669.7
19080.4
17303.3
15341.1
13228
11025.5
8832
6745.83
4896.82
3361.5
2183.48
1331.9
760.055
382.453
154.898
53.3243
21.5602
17.2795
33.0327
375.388
2813.86
5174.47
27593.7
27072.2
26492.6
25848.6
25135.2
24347.9
23481.9
22532.8
21495.6
20362.8
19124.8
17762.8
16262.2
14609.2
12807.2
10888.7
8912.15
6974.43
5175.21
3635.33
2409.89
1509.69
885.09
474.087
209.3
73.6703
25.8941
15.1972
16.6689
60.7935
709.312
3783.35
5760.62
23432.8
22942.4
22396.5
21790.1
21118.9
20379.1
19567.1
18679.9
17714.4
16666.6
15531.4
14298.3
12959.5
11508.9
9953.19
8323.48
6674.94
5095.91
3676.07
2509.33
1618.85
987.384
557.861
273.231
102.645
34.1921
15.0918
13.4971
20.7878
124.339
1237.74
4801.39
6304.37
18636
18203.5
17721.3
17186
16594.1
15943
15230.4
14454.8
13615.3
12710.7
11740
10699.8
9587.94
8405.56
7162.4
5887.69
4629.74
3459.44
2444.67
1641.34
1045.03
626.188
335.783
142.686
48.4242
17.3613
11.5306
13.2875
33.1874
251.56
2006.2
5803.78
6798.21
13617.6
13269.9
12881.9
12451.2
11975.5
11453.2
10883.5
10266.3
9602.25
8892.64
8139.1
7343.06
6506.43
5634.8
4738.71
3842.52
2982.21
2204.85
1550.78
1042.11
662.246
386.688
187.071
68.3953
22.8265
10.7849
10.6477
17.4653
62.2942
482.363
3040.02
6726.83
7240.26
8969.94
8726.09
8453.19
8149.8
7814.72
7447.31
7047.58
6616.2
6154.69
5665.29
5150.7
4614.22
4059.06
3491.59
2919.71
2360.05
1833.52
1365.14
972.822
660.279
415.312
225.589
91.3729
31.2831
11.8515
8.65436
10.8783
27.9591
120.348
867.676
4231.14
7577
7634.87
5305.71
5164.49
5005.14
4826.75
4628.74
4410.93
4173.49
3916.89
3642.56
3352.13
3048.03
2732.86
2409.1
2080.97
1752.48
1432.75
1131.1
857.842
620.399
418.678
248.59
113.826
41.4891
14.5309
7.69743
8.13669
15.3695
51.6285
229.985
1469.8
5522.97
8345.29
7991.17
2957.48
2890.53
2813.26
2725.09
2625.64
2514.68
2392.17
2258.22
2113.9
1959.89
1797.54
1627.63
1451.55
1270.73
1086.8
903.4
723.998
553.262
395.641
251.72
126.731
50.4534
17.7851
7.71229
6.46135
9.26703
26.3318
97.2819
422.891
2361.69
6850.22
9040.56
8303.17
1718.51
1688.07
1651.89
1609.55
1560.77
1505.01
1442.65
1373.69
1298.42
1216.42
1128.31
1033.46
932.474
824.924
711.563
593.515
472.54
351.719
235.494
126.747
55.3385
20.9636
8.25549
5.50491
6.22597
14.1383
48.8772
176.345
722.13
3531.08
8000.86
9604.66
8547.16
1070.6
1056.8
1039.77
1019.19
994.697
966.005
932.808
894.748
851.606
802.861
748.421
687.53
620.246
545.943
465.394
378.771
288.325
197.219
110.507
53.8178
22.5012
9.10781
4.97571
5.00781
7.87477
25.1515
87.8728
295.276
1128.1
4732
8945.09
10030.7
8723.75
713.083
704.989
694.536
681.479
665.421
646.211
623.306
596.704
565.705
530.28
489.594
443.786
392.034
335.558
273.464
207.371
140.451
84.9255
45.309
21.097
9.20726
4.78447
4.07901
5.07
12.4207
46.7809
151.72
469.13
1677.1
5959.66
9749.73
10367.1
8862.37
455.855
449.148
440.572
429.988
417.031
401.754
383.516
362.799
338.246
310.176
278.005
242.463
203.669
162.906
122.02
85.9594
55.6682
32.4403
16.828
8.18063
4.41164
3.48497
3.90129
7.27458
23.3616
87.5865
250.937
715.284
2396.02
7177.91
10430.1
10633.4
8977.34
228.82
224.16
218.273
211.029
202.323
191.942
180.041
166.123
150.883
134.472
117.002
98.8882
80.556
62.6529
46.0075
31.449
19.8152
11.4456
6.2485
3.74625
2.99503
3.23214
5.10401
13.1893
46.0664
160.653
395.532
1056.27
3323.43
8349.6
10999.8
10845.4
9080.56
86.563
84.6959
82.367
79.5015
76.0609
71.9776
67.2377
61.8183
55.7718
49.1732
42.1868
35.0185
27.9441
21.2487
15.3326
10.3815
6.68006
4.16092
2.8733
2.54458
2.74493
4.02689
9.19865
26.7257
92.9568
278.836
596.769
1528.83
4513.39
9429.64
11476.3
11007.7
9187.92
28.1902
27.5386
26.7287
25.7188
24.5123
23.0746
21.4154
19.538
17.4665
15.2463
12.9648
10.6539
8.45256
6.43304
4.75121
3.40695
2.54995
2.0848
2.12759
2.39347
3.56599
7.62666
20.0029
56.2455
189.065
444.222
875.096
2186
5893.52
10436
11877.7
11119.8
9317.27
7.40632
7.23345
7.02391
6.74535
6.42446
6.03296
5.58909
5.10361
4.55345
4.01015
3.44032
2.88165
2.40088
1.99355
1.73337
1.59097
1.63392
1.79355
2.25428
3.73738
7.66881
18.327
45.7862
118.295
360.048
667.161
1266.62
3111.04
7425.08
11372.9
12218.1
11185.3
9482.29
1.45768
1.43561
1.414
1.37276
1.34052
1.28293
1.23513
1.17784
1.1158
1.0832
1.02229
1.02591
1.07471
1.11571
1.24027
1.43183
1.82043
2.87738
4.83219
10.1455
20.3176
46.6012
103.712
245.158
609.359
984.646
1835.7
4444.46
9040.05
12238.7
12509.5
11216.7
9687.69
0.372102
0.383607
0.413099
0.427166
0.46447
0.483236
0.534254
0.562418
0.640696
0.689896
0.828925
0.930078
1.22399
1.49812
2.26791
3.163
5.11007
8.92328
14.8205
30.0511
53.6706
117.708
225.509
499.414
944.96
1444.17
2678.93
6223.72
10720.9
13030.4
12763
11226.5
9939
0.550001
0.584915
0.674234
0.725819
0.85969
0.940644
1.15404
1.29062
1.65611
1.90626
2.58516
3.08843
4.47173
5.59927
8.7121
11.5689
19.4786
27.7977
47.1067
82.5583
137.35
273.867
464.023
904.368
1396.44
2110.96
3986.32
8463.55
12447.3
13754
12971.3
11233.4
10245.1
2.99654
3.16962
3.60602
3.85557
4.49302
4.87074
5.84855
6.45348
8.0396
9.07321
11.8161
13.7222
18.8351
22.6823
33.0857
41.715
65.0595
86.9047
145.014
208.338
347.931
573.549
911.106
1464.38
2033.41
3148.15
6118.97
11087.4
14174
14421.1
13110
11266.4
10619
15.9057
16.7156
18.6982
19.8201
22.5958
24.2149
28.2604
30.7083
36.8785
40.7828
50.6931
57.3245
74.2376
86.3658
117.329
141.468
202.871
255.298
384.913
511.032
782.613
1103.54
1591.79
2223.42
3016.05
4886.08
9301.71
14035.8
15841.7
15043.3
13178.1
11342.6
11079.4
80.6593
85.6071
91.6053
97.9681
106.162
114.558
126.165
137.608
154.671
170.914
197.009
221.239
262.93
301.287
371.239
436.209
559.735
677.002
903.478
1121.57
1529.48
1921.55
2562.2
3318
4696.39
8064.51
13542.3
17193.1
17448.2
15507
13231.3
11487.6
11654.1
347.765
363.076
380.003
399.268
420.702
445.552
473.469
506.404
543.949
588.871
641.256
704.447
780.648
872.555
988.562
1126.76
1311.38
1523.65
1826.81
2147.05
2648.91
3099.16
3978.17
5153.8
7914.06
13392.5
18754.2
20356.4
19013.9
15738.9
13300.7
11739.5
12387.9
1089.55
1121.51
1156.54
1195.23
1237.98
1285.84
1339.15
1399.82
1467.91
1546.93
1636.25
1742.13
1862.86
2008.99
2177.36
2384.66
2625.48
2924.06
3271.6
3699.52
4220.2
4883.38
6391.5
8844.8
14388
21199.9
24540
23472
20153.5
15855.2
13443.6
12160.7
13356.6
2273.1
2329.39
2390.08
2455.75
2526.94
2604.63
2689.4
2782.91
2885.55
3000.21
3126.86
3270.3
3430.12
3613.39
3820.33
4059.02
4333.18
4651.11
5024.53
5499.31
6134.13
7641.29
10549.2
15560.5
23634
29170.4
29261.8
25489.3
20711.5
15919.4
13711.7
12760.8
14546.1
3732.9
3806.75
3884.62
3966.88
4053.79
4146.19
4244.02
4349.12
4460.47
4582.1
4710.92
4855.06
5008.37
5185.06
5376.95
5602.86
5863.87
6174.72
6597.96
7196.78
8487.58
11436.3
15946.2
23279.8
31918.9
34910.8
32526.8
26349.5
21003.8
16015.2
14066.5
13441.6
15808.3
5325.84
5402.27
5481.23
5562.87
5647.15
5734.82
5825.22
5920.71
6018.73
6125.71
6234.6
6360.81
6488.81
6650.68
6818.66
7049.81
7313.11
7697.39
8296.61
9434.04
12128.7
16573.3
22571.6
31659.4
39395.8
39579.7
34680.6
26835.8
21244.5
16199.7
14549.9
14270.6
17250.6
6810.1
6881.51
6954.21
7028.3
7103.59
7180.95
7259.4
7342.09
7425.4
7518.81
7611.64
7728.53
7843.88
8013.65
8186.58
8474.56
8801.01
9414.78
10481.5
12761.6
17193.9
22512
29734.1
39890.9
45791.9
43492.5
35999.3
27197.6
21536.1
16509.5
15178.3
15264.2
18891.9
8146.48
8213.96
8282.23
8351.47
8421.52
8493.53
8566.47
8644.55
8723.49
8816.18
8909.09
9037.03
9165.18
9377.94
9600.11
10009.9
10509.5
11612.6
13577.4
17463.3
23105.9
28542.5
36897.3
47557.5
51298
46609.6
36953.1
27577.5
21943.3
16970.6
15967.7
16443.5
20753.9
9406.63
9475
9544.39
9615.17
9687.32
9762.46
9839.72
9924.57
10012.5
10120
10231.8
10393
10562.9
10857.1
11177.6
11795.6
12655.1
14598.8
17830.5
23192.3
29059.3
34202.3
43772.6
54526.2
56141.9
49101.5
37822.1
28070.3
22509.3
17605.5
16934.8
17835.9
22861.9
10685.2
10759.9
10836.4
10915.4
10997.1
11083.8
11174.9
11277.4
11386.7
11523.7
11671.9
11887.9
12129.3
12542.3
13019.4
13977.8
15459.2
18564.7
23089.5
29239
34466.3
39320.6
50236.8
60832
60532.4
51228.5
38747.7
28740.1
23266.9
18437.3
18101.2
19478.1
25241.8
12066.1
12151.8
12240.7
12333.7
12431.6
12536.9
12650.1
12779.3
12920.9
13099.9
13300.1
13591.1
13932.6
14500.7
15217.2
16701.9
19072.9
23448.2
28865
34953.5
39089.1
43898.4
56257.1
66591
64634.4
53215.5
39832.6
29634.9
24245.8
19492.8
19494.1
21413.2
27926.4
13617
13717.8
13823.4
13934.9
14054
14183.6
14325.4
14488.4
14671.2
14902.4
15168.1
15553.3
16018.7
16784.3
17858.5
20076.9
23493.2
28932.9
34604.9
39974.7
42940
47938.5
61905.8
71976.6
68557.6
55267.7
41156
30795.8
25476.9
20805.2
21148.2
23693.5
30956.8
15392.6
15511.1
15636.6
15770
15914.2
16072
16247.2
16449.2
16680.2
16971.4
17314.9
17809.8
18419
19439.1
21015.6
24128.4
28543.1
34602.1
39923.4
44218.8
46146.4
51523.4
67241.9
77146.3
72443.5
57531.7
42784.6
32263.8
26996.5
22415.2
23110.2
26381.3
34385
17441.1
17579.1
17726.4
17883.7
18055.5
18243.6
18455.8
18699.5
18984.1
19340.1
19771.7
20385.4
21157.9
22507.7
24724.5
28778.9
33945.5
40112.3
44663.5
47775.5
48840.4
54788.2
72336.5
82252.5
76441.3
60122.4
44781.9
34085
28849.1
24375.6
25438.6
29553.8
38276.6
19810.3
19968.5
20138.6
20320.3
20520.9
20739.9
20990.7
21277.2
21618.1
22041.3
22567.4
23301.8
24260.9
26025
28972.4
33876.7
39436.4
45281.3
48849.1
50815.9
51161
57875.4
77277.2
87447.2
80701
63140.2
47214.7
36314.5
31090.6
26754.5
28206.8
33308.3
42715.4
22554.8
22732.7
22925.4
23131
23360.1
23609.1
23898.6
24226.8
24624.3
25113.9
25735.3
26586.2
27760.6
30014.4
33706.9
39257.7
44848
50086.3
52612
53544.1
53278
60901.4
82171
92886.6
85373.9
66682.7
50159.5
39021.1
33792.9
29639.8
31507.8
37766.1
47810.8
25743
25939.2
26153.3
26380.9
26637
26913.7
27240.4
27607
28058.5
28610
29321
30280.7
31700.7
34491.1
38863.6
44805.5
50133.6
54619.9
56144.6
56175.9
55374.3
63965.6
87146.7
98736.3
90617.7
70854.1
53708.5
42291.9
37048.4
33146.1
35461.5
43082.2
53704.5
29466.5
29678.8
29911.8
30158.9
30439.3
30740.1
31100.6
31499.7
31999.4
32604
33392.5
34451.4
36141.7
39475.3
44401
50484.8
55356.7
59053.2
59667.5
58927.8
57632.9
67171.1
92355.3
105177
96602.9
75773.8
57976.4
46239.6
40977.4
37423.9
40224.2
49457.4
60579.9
33852.4
34077.5
34326.3
34589.1
34889.9
35210.1
35598.8
36021.7
36560.1
37204.4
38052.2
39199
41170.7
45012
50332.3
56354.7
60668
63608.7
63427.1
62002.4
60247.8
70638
97972.2
112413
103523
81586.7
63109.9
51011.1
45738.7
42672.9
46003
57155.4
68677.8
39080.1
39313.9
39574.3
39848.2
40164.3
40497.3
40905.9
41340.7
41904.4
42569.5
43453.1
44672.7
46917.2
51194.9
56748
62564.5
66291
68550.5
67676
65634.9
63422.2
74513.1
104201
120683
111608
88477
69300
56801.4
51545.1
49163.1
53076.8
66526.9
78318.7
45406.8
45644.3
45910.9
46190.4
46514.9
46851.9
47268.4
47699.4
48269.7
48930.9
49821.1
51091.5
53576.1
58193.6
63831.7
69357.4
72517.2
74190.5
72692
70097.9
67394.1
78984.1
111283
130278
121139
96688
76800.8
63874.6
58687.6
57265.9
61828.9
78046.4
89935.8
53207.5
53442.3
53708.9
53986.7
54310.2
54638.9
55046.8
55453.3
56005.3
56630.4
57490.8
58779
61444.6
66287
71884.3
77082.3
79720.2
80902.8
78826.4
75717.3
72460.3
84302.1
119514
141566
132480
106552
85959.5
72597.5
67574.8
67505.4
72797.9
92368.3
104126
63040.5
63264.8
63523.5
63789.8
64099.3
64402.8
64779.1
65133.5
65633.7
66181
66964.1
68221.2
70977.9
75915.7
81368.1
86230.4
88395.3
89170.2
86536.8
82922.2
79015.8
90816.8
129276
155033
146114
118540
97264.9
83495.2
78798.2
80641.9
86761.3
110416
121734
75760.9
75965.2
76205.7
76447.1
76724
76978
77291.3
77555.8
77958.4
78372.1
79014.7
80167.3
82888.6
87777.6
92988
97513.9
99240.1
99667
96463.7
92317.2
87618.8
99035.8
141098
171352
162717
133340
111432
97351
93248.4
97823.8
104874
133530
143986
92725.5
92898.3
93107.1
93304.3
93521.8
93692
93898.1
94020.9
94262.3
94465.3
94877.9
95819.1
98335.2
103003
107858
112028
113312
113411
109572
104815
99110.1
109729
155784
191511
183283
152004
129559
115393
112335
120848
128928
163728
172729
116186
116315
116474
116600
116719
116757
116794
116701
116691
116576
116633
117204
119294
123512
127850
131588
132349
132073
127438
121902
114849
124131
174712
217051
209362
176220
153440
139672
138432
152680
161840
204189
210885
150103
150177
150262
150279
150246
150084
149869
149447
149071
148476
147998
147989
149359
152814
156369
159481
159495
158653
152881
146215
137228
144374
200623
250583
243576
208902
186250
173915
175867
198542
208651
260241
263377
202001
202014
201997
201866
201614
201148
200574
199678
198775
197491
196240
195352
195659
197935
200286
202370
201115
199213
191557
183005
170958
174542
240252
297010
290823
255593
234251
225661
233377
268434
278825
341662
339362
287825
287809
287686
287353
286804
285925
284866
283319
281708
279481
277192
275138
274054
274850
275463
275814
272138
267986
256700
244455
226852
223707
317149
366969
361646
328457
311792
312598
331139
383884
392486
469339
459170
447986
448083
447892
447347
446477
445103
443478
441108
438685
435302
431859
428687
426602
426739
425833
423847
415423
406127
386605
365658
335760
316969
558844
488963
484030
460516
459612
485428
524979
601535
604147
704864
687959
836869
837435
837305
836568
835348
833298
830933
827334
823911
818901
814217
810531
809704
813746
815037
812238
794359
772288
729767
682917
617077
549958
1.91886e+06
769566
761318
775569
833386
934370
1.02333e+06
1.16126e+06
1.16664e+06
1.36616e+06
1.35693e+06
2.75482e+06
2.75602e+06
2.75403e+06
2.75019e+06
2.74458e+06
2.73618e+06
2.7266e+06
2.71271e+06
2.69902e+06
2.67944e+06
2.6599e+06
2.64157e+06
2.62788e+06
2.62192e+06
2.59961e+06
2.55665e+06
2.46377e+06
2.35344e+06
2.18454e+06
2.00024e+06
1.75893e+06
1.46644e+06
1.13585e+07
1.84041e+06
1.798e+06
1.97801e+06
2.29774e+06
2.77979e+06
3.16976e+06
3.73239e+06
3.73183e+06
4.36697e+06
4.19165e+06
)
;

boundaryField
{
    inlet
    {
        type            fixedValue;
        value           uniform 17.83;
    }
    outlet
    {
        type            zeroGradient;
    }
    lowerWallStartup
    {
        type            symmetryPlane;
    }
    upperWallStartup
    {
        type            symmetryPlane;
    }
    upperWall
    {
        type            epsilonWallFunction;
        blending        stepwise;
        value           nonuniform List<scalar> 
218
(
3.08693e+06
2.4313e+06
2.27113e+06
2.17979e+06
2.11646e+06
2.06845e+06
2.03175e+06
2.00171e+06
1.97767e+06
1.95732e+06
1.94074e+06
1.92624e+06
1.91415e+06
1.90334e+06
1.89419e+06
1.88604e+06
1.87904e+06
1.87277e+06
1.86735e+06
1.86242e+06
1.85814e+06
1.85421e+06
1.85078e+06
1.84764e+06
1.84492e+06
1.84242e+06
1.84025e+06
1.83826e+06
1.83654e+06
1.83495e+06
1.83357e+06
1.83229e+06
1.83117e+06
1.83014e+06
1.82922e+06
1.82839e+06
1.82763e+06
1.82697e+06
1.82631e+06
1.82574e+06
1.82516e+06
1.82462e+06
1.82406e+06
1.82353e+06
1.82292e+06
1.82238e+06
1.82175e+06
1.82119e+06
1.82024e+06
1.81925e+06
1.81823e+06
1.81749e+06
1.81762e+06
1.82017e+06
1.82716e+06
1.84051e+06
1.85458e+06
1.87182e+06
1.88536e+06
1.90051e+06
1.90826e+06
1.91951e+06
1.92189e+06
1.92905e+06
1.93154e+06
1.93739e+06
1.93972e+06
1.94349e+06
1.94687e+06
1.94803e+06
1.95284e+06
1.95312e+06
1.95708e+06
1.95767e+06
1.96156e+06
1.96238e+06
1.96595e+06
1.96721e+06
1.97093e+06
1.97289e+06
1.97644e+06
1.97947e+06
1.98282e+06
1.98695e+06
1.99026e+06
1.99517e+06
1.99792e+06
2.00435e+06
2.01e+06
2.01643e+06
2.02573e+06
2.03282e+06
2.04178e+06
2.04914e+06
2.05814e+06
2.06554e+06
2.07459e+06
2.082e+06
2.0911e+06
2.09853e+06
2.10768e+06
2.11515e+06
2.12437e+06
2.13187e+06
2.14115e+06
2.1487e+06
2.15803e+06
2.16563e+06
2.17501e+06
2.18266e+06
2.1921e+06
2.1998e+06
2.20928e+06
2.21705e+06
2.22657e+06
2.2344e+06
2.24395e+06
2.25185e+06
2.26141e+06
2.26938e+06
2.27894e+06
2.28699e+06
2.29651e+06
2.30464e+06
2.31411e+06
2.32232e+06
2.33172e+06
2.34002e+06
2.34933e+06
2.35772e+06
2.36693e+06
2.37539e+06
2.38449e+06
2.39303e+06
2.402e+06
2.41059e+06
2.41942e+06
2.42803e+06
2.43674e+06
2.44531e+06
2.45389e+06
2.46241e+06
2.47087e+06
2.47928e+06
2.48764e+06
2.49593e+06
2.50416e+06
2.51233e+06
2.52044e+06
2.52849e+06
2.53649e+06
2.54444e+06
2.55228e+06
2.56e+06
2.56763e+06
2.57517e+06
2.58262e+06
2.58997e+06
2.59721e+06
2.60436e+06
2.61142e+06
2.6184e+06
2.62528e+06
2.63206e+06
2.63874e+06
2.64532e+06
2.65181e+06
2.65818e+06
2.66447e+06
2.67064e+06
2.67672e+06
2.68268e+06
2.68854e+06
2.69428e+06
2.69993e+06
2.70545e+06
2.71087e+06
2.71619e+06
2.72133e+06
2.72653e+06
2.73128e+06
2.73659e+06
2.7407e+06
2.74673e+06
2.74958e+06
2.75482e+06
2.75602e+06
2.75403e+06
2.75019e+06
2.74458e+06
2.73618e+06
2.7266e+06
2.71271e+06
2.69902e+06
2.67944e+06
2.6599e+06
2.64157e+06
2.62788e+06
2.62192e+06
2.59961e+06
2.55665e+06
2.46377e+06
2.35344e+06
2.18454e+06
2.00024e+06
1.75893e+06
1.46644e+06
1.13585e+07
1.84041e+06
1.798e+06
1.97801e+06
2.29774e+06
2.77979e+06
3.16976e+06
3.73239e+06
3.73183e+06
4.36697e+06
4.19165e+06
)
;
    }
    lowerWall
    {
        type            epsilonWallFunction;
        blending        stepwise;
        value           nonuniform List<scalar> 
266
(
3.04428e+06
2.38884e+06
2.22145e+06
2.12972e+06
2.06622e+06
2.01929e+06
1.98308e+06
1.95376e+06
1.92993e+06
1.91013e+06
1.8935e+06
1.87925e+06
1.86696e+06
1.85629e+06
1.84688e+06
1.83862e+06
1.83135e+06
1.82492e+06
1.81918e+06
1.81408e+06
1.80946e+06
1.80536e+06
1.80162e+06
1.79833e+06
1.79531e+06
1.79268e+06
1.79025e+06
1.78814e+06
1.78619e+06
1.78448e+06
1.7829e+06
1.78152e+06
1.78026e+06
1.77916e+06
1.77817e+06
1.77731e+06
1.77656e+06
1.77594e+06
1.77542e+06
1.775e+06
1.77471e+06
1.77455e+06
1.77453e+06
1.77463e+06
1.77481e+06
1.775e+06
1.77533e+06
1.77584e+06
1.77667e+06
1.77786e+06
1.77949e+06
1.78147e+06
1.78393e+06
1.78667e+06
1.78985e+06
1.79326e+06
1.79718e+06
1.80126e+06
1.80594e+06
1.81073e+06
1.81627e+06
1.82194e+06
1.82839e+06
1.83428e+06
1.83938e+06
1.84479e+06
1.85026e+06
1.85622e+06
1.86206e+06
1.86843e+06
1.87477e+06
1.88153e+06
1.88833e+06
1.89564e+06
1.90291e+06
1.91068e+06
1.91886e+06
1.92664e+06
1.93628e+06
1.94368e+06
1.95582e+06
1.96153e+06
1.97894e+06
1.98288e+06
2.00554e+06
2.02299e+06
2.03956e+06
2.13874e+06
3.94673e+07
524491
553447
571466
578766
572019
548815
508786
453557
386534
312659
237939
168636
110162
65913.9
36470.6
19625.8
11392.9
8092.06
7308.23
7504.32
8051.34
8542.34
8509.15
8256.33
7747.79
7120.4
6555.44
6030.81
5542.67
5090.1
4672.05
4286.91
3938.1
3638.63
3400.32
3300.5
3400.66
3907.25
5349.75
8416.94
13284.3
19691.4
27181.2
35239
43429.1
51457.2
59177.4
3.94673e+07
174002
73898.8
182010
274895
390690
509521
611495
691751
729132
936694
777312
721293
549142
284239
1.99591e+06
3.99703e+08
1.72226e+06
236403
246735
263502
259030
263191
266845
301339
290511
306930
317334
314287
384949
341118
334567
269684
293367
225830
265678
252645
240320
234989
222271
205024
202586
163313
144628
153762
331220
116986
335863
88282.7
226002
4.98921e+06
3.00343e+08
5.41597e+06
96022.8
100335
103871
112359
116099
126918
133076
141122
140782
148347
156289
174627
167527
174593
180194
206664
211601
192647
199224
202774
204954
205812
205513
203836
201453
197572
192373
214581
199292
191151
183019
174775
166138
158203
149747
143116
138672
115937
125907
121409
99275.8
98941.8
92301.9
103855
90802.4
88253.7
102634
90211.4
94893.1
93343.2
92853.4
95757.5
139498
369896
1.0929e+06
2.0943e+06
3.01767e+06
3.83014e+06
4.40065e+06
4.19988e+06
3.28864e+06
1.9525e+06
813516
1.1741e+06
1.63659e+06
1.95222e+06
2.18822e+06
2.43674e+06
2.67888e+06
2.78461e+06
2.41973e+06
1.98267e+06
1.41541e+06
997072
688581
428181
336456
)
;
    }
    front
    {
        type            empty;
    }
    back
    {
        type            empty;
    }
}


// ************************************************************************* //
