/*--------------------------------*- C++ -*----------------------------------*\
| =========                 |                                                 |
| \\      /  F ield         | OpenFOAM: The Open Source CFD Toolbox           |
|  \\    /   O peration     | Version:  2506                                  |
|   \\  /    A nd           | Website:  www.openfoam.com                      |
|    \\/     M anipulation  |                                                 |
\*---------------------------------------------------------------------------*/
FoamFile
{
    version     2.0;
    format      ascii;
    arch        "LSB;label=32;scalar=64";
    class       volScalarField;
    location    "2000";
    object      k;
}
// * * * * * * * * * * * * * * * * * * * * * * * * * * * * * * * * * * * * * //

dimensions      [0 2 -2 0 0 0 0];

internalField   nonuniform List<scalar> 
20540
(
5.97031
25.8498
5.96394
25.851
5.932
25.8421
5.87159
25.8216
5.77837
25.7847
5.6467
25.7231
5.46946
25.6228
5.23806
25.4631
4.94291
25.2147
4.57433
24.8387
4.1245
24.2859
3.59032
23.4965
2.97738
22.4016
2.30483
20.9259
1.61051
18.995
0.954662
16.5454
0.418504
13.5375
0.0970146
9.99865
0.0102447
6.17169
0.000446431
2.69558
3.43474e-05
0.651241
2.79394e-05
0.07684
2.78594e-05
0.00518834
2.77157e-05
0.000241188
2.82716e-05
1.06007e-05
2.86485e-05
1.18284e-06
2.86494e-05
1.18873e-06
2.86494e-05
1.18944e-06
2.86494e-05
1.18931e-06
2.86494e-05
1.18929e-06
2.86494e-05
1.18927e-06
2.86494e-05
1.18927e-06
2.86494e-05
1.18928e-06
2.86494e-05
1.1893e-06
2.86494e-05
1.18933e-06
2.86494e-05
1.18937e-06
2.86494e-05
1.18945e-06
2.86495e-05
1.18883e-06
2.8649e-05
1.18603e-06
2.84776e-05
5.39625e-06
2.7669e-05
0.000136603
2.78586e-05
0.00289773
2.79002e-05
0.0449088
3.1345e-05
0.42857
0.00025963
2.0627
0.00679671
5.27199
0.0705836
9.15713
0.346496
12.8532
0.863986
16.0587
1.53046
18.6972
2.26189
20.8042
2.99081
22.4344
3.67129
23.6566
4.27684
24.5444
4.79626
25.1681
5.22897
25.5905
5.58098
25.8654
5.86156
26.0363
6.08091
26.1375
6.24873
26.1943
6.37337
26.2245
6.46167
26.2395
6.51894
26.2461
6.54917
26.2474
6.5554
26.2442
21.6435
18.4128
17.5418
17.0555
16.7147
16.4606
16.2632
16.1025
15.9713
15.8619
15.7697
15.6905
15.622
15.5624
15.5098
15.4635
15.4227
15.3865
15.3542
15.3255
15.2995
15.2763
15.2552
15.2366
15.2196
15.2047
15.1909
15.179
15.1679
15.1582
15.1492
15.1415
15.1343
15.128
15.1224
15.1175
15.1133
15.1097
15.1067
15.1043
15.1027
15.1017
15.1016
15.1021
15.1031
15.1042
15.1061
15.1089
15.1135
15.1202
15.1294
15.1405
15.1543
15.1698
15.1877
15.2069
15.2289
15.2519
15.2782
15.3051
15.3363
15.3681
15.4043
15.4374
15.4659
15.4961
15.5267
15.56
15.5926
15.6281
15.6634
15.701
15.7388
15.7794
15.8197
15.8626
15.9079
15.9508
16.0039
16.0447
16.1114
16.1427
16.2384
16.2601
16.3845
16.4783
16.5735
17.1007
16.4922
14.1108
13.3433
12.9197
12.6265
12.4082
12.2391
12.1015
11.9893
11.8958
11.817
11.7494
11.6908
11.6399
11.5948
11.5552
11.5202
11.4892
11.4613
11.4367
11.4142
11.3942
11.3759
11.3598
11.345
11.332
11.32
11.3096
11.2999
11.2913
11.2834
11.2765
11.2701
11.2645
11.2595
11.255
11.2511
11.2477
11.2449
11.2425
11.2407
11.2393
11.2387
11.2386
11.2388
11.2388
11.2391
11.24
11.2421
11.2457
11.2512
11.2583
11.2675
11.2781
11.2907
11.3043
11.3202
11.3368
11.3562
11.3758
11.3989
11.4221
11.449
11.4737
11.4953
11.518
11.5406
11.5655
11.5893
11.6159
11.6413
11.6694
11.696
11.7265
11.7541
11.7867
11.8167
11.8501
11.8835
11.9175
11.9565
11.9852
12.0416
12.0631
12.1348
12.1629
12.2489
12.37
18.4851
16.1532
15.3152
14.8525
14.5331
14.2947
14.1101
13.9595
13.8367
13.7343
13.648
13.5738
13.5094
13.4535
13.4039
13.3603
13.3217
13.2874
13.2566
13.2293
13.2044
13.1823
13.1619
13.144
13.1275
13.1131
13.0997
13.088
13.0771
13.0675
13.0586
13.0508
13.0436
13.0373
13.0315
13.0264
13.0219
13.018
13.0147
13.0117
13.0095
13.0077
13.0067
13.0062
13.006
13.0055
13.0052
13.0052
13.0065
13.0091
13.0139
13.0201
13.0289
13.0389
13.0512
13.0646
13.0805
13.0971
13.1166
13.1364
13.16
13.1835
13.211
13.2364
13.2586
13.2821
13.305
13.3308
13.3549
13.3822
13.4078
13.4368
13.4632
13.4947
13.5217
13.5555
13.5842
13.6192
13.6502
13.6869
13.7216
13.7535
13.8052
13.8278
13.8974
13.8996
14.0487
13.7937
19.527
17.3466
16.4904
16.015
15.6879
15.4436
15.2543
15.0999
14.9737
14.8686
14.7799
14.7036
14.6373
14.5797
14.5286
14.4835
14.4435
14.4081
14.3761
14.3478
14.3219
14.2988
14.2776
14.2589
14.2416
14.2264
14.2124
14.2001
14.1886
14.1785
14.1691
14.1608
14.1531
14.1463
14.1402
14.1347
14.1298
14.1255
14.1218
14.1184
14.1158
14.1136
14.1122
14.1112
14.1105
14.1092
14.1081
14.1069
14.1069
14.108
14.1112
14.1159
14.1231
14.1317
14.1425
14.1544
14.169
14.1841
14.2024
14.2208
14.2431
14.2651
14.2914
14.3155
14.3369
14.3596
14.3814
14.4063
14.4291
14.4555
14.4796
14.5076
14.5321
14.5628
14.5872
14.6202
14.6457
14.6804
14.707
14.7443
14.773
14.8058
14.8523
14.872
14.9425
14.913
15.1426
14.5742
20.0032
18.0018
17.1501
16.6713
16.3429
16.0972
15.9071
15.7517
15.6247
15.5189
15.4295
15.3525
15.2854
15.2272
15.1754
15.1297
15.089
15.0529
15.0203
14.9913
14.9648
14.9412
14.9193
14.9001
14.8822
14.8666
14.852
14.8392
14.8273
14.8167
14.8069
14.7982
14.7901
14.7829
14.7764
14.7704
14.7652
14.7605
14.7564
14.7526
14.7495
14.7468
14.7449
14.7433
14.7419
14.7398
14.7375
14.7348
14.7329
14.7321
14.7332
14.7356
14.7407
14.747
14.7558
14.7655
14.778
14.791
14.8072
14.8234
14.8436
14.8634
14.8875
14.9097
14.9295
14.9509
14.9711
14.9945
15.0154
15.0404
15.0622
15.0888
15.1106
15.1399
15.1612
15.1928
15.2145
15.2482
15.27
15.3069
15.3297
15.3617
15.4049
15.4192
15.4913
15.433
15.7202
14.9942
20.193
18.3679
17.5378
17.0619
16.7359
16.4917
16.3028
16.1482
16.0217
15.9163
15.8271
15.7503
15.6831
15.6248
15.5728
15.5268
15.4858
15.4493
15.4162
15.3868
15.3598
15.3357
15.3133
15.2937
15.2753
15.2592
15.2442
15.231
15.2186
15.2076
15.1973
15.1882
15.1797
15.1721
15.1652
15.1588
15.1532
15.148
15.1435
15.1393
15.1356
15.1323
15.1298
15.1276
15.1254
15.1223
15.1186
15.1141
15.1102
15.1069
15.1056
15.1054
15.1078
15.1116
15.1177
15.1248
15.1347
15.1451
15.1588
15.1724
15.1901
15.2071
15.2286
15.2485
15.2665
15.2863
15.3044
15.3263
15.345
15.3683
15.3877
15.4128
15.4317
15.4595
15.4776
15.5076
15.5256
15.5579
15.5754
15.6108
15.6289
15.6586
15.7001
15.7085
15.7801
15.7066
15.9998
15.3028
20.2183
18.5531
17.7605
17.2937
16.9736
16.7331
16.5473
16.3948
16.27
16.166
16.0778
16.0017
15.9349
15.8769
15.8251
15.779
15.7379
15.7013
15.6679
15.6382
15.6108
15.5864
15.5635
15.5435
15.5247
15.5082
15.4927
15.4791
15.4663
15.4549
15.4442
15.4346
15.4257
15.4177
15.4104
15.4036
15.3975
15.3919
15.387
15.3822
15.378
15.3741
15.3709
15.3679
15.365
15.3608
15.3557
15.3492
15.343
15.3371
15.3331
15.33
15.3296
15.3304
15.3336
15.3378
15.3448
15.3523
15.3631
15.3739
15.3886
15.4027
15.4212
15.4387
15.4546
15.4727
15.4887
15.5089
15.5254
15.5471
15.564
15.5874
15.6036
15.6297
15.6449
15.673
15.6878
15.7182
15.7323
15.7654
15.7802
15.8063
15.8472
15.8512
15.9179
15.8463
16.0951
15.5466
20.1363
18.6069
17.8672
17.4167
17.1063
16.872
16.6912
16.5424
16.4203
16.3186
16.2321
16.1574
16.0915
16.0343
15.9829
15.9372
15.8962
15.8596
15.826
15.7962
15.7685
15.7439
15.7207
15.7004
15.6812
15.6643
15.6484
15.6344
15.6212
15.6094
15.5983
15.5883
15.579
15.5705
15.5628
15.5556
15.5491
15.5431
15.5377
15.5324
15.5276
15.5231
15.5193
15.5155
15.5118
15.5065
15.5
15.4916
15.4832
15.4745
15.4677
15.4615
15.4582
15.4559
15.4562
15.4573
15.4612
15.4656
15.4733
15.481
15.4927
15.5036
15.5191
15.5339
15.5475
15.5638
15.5777
15.5962
15.6104
15.6304
15.6449
15.6668
15.6803
15.7048
15.7175
15.7435
15.7559
15.7839
15.7955
15.826
15.8388
15.8611
15.9009
15.903
15.9606
15.9048
16.0801
15.7107
19.9721
18.5521
17.8803
17.455
17.1588
16.9337
16.7601
16.6165
16.4985
16.4003
16.3164
16.2438
16.1794
16.1234
16.073
16.0279
15.9873
15.951
15.9175
15.8877
15.8599
15.8352
15.8118
15.7912
15.7717
15.7546
15.7384
15.724
15.7105
15.6983
15.6868
15.6765
15.6668
15.6579
15.6498
15.6422
15.6353
15.6288
15.623
15.6172
15.6119
15.6068
15.6024
15.5979
15.5934
15.5871
15.5793
15.5692
15.5586
15.5474
15.5378
15.5287
15.5224
15.5169
15.5142
15.5121
15.513
15.5143
15.5188
15.5234
15.5318
15.5395
15.5518
15.5638
15.5749
15.5893
15.601
15.6178
15.6298
15.6482
15.6604
15.6808
15.6921
15.7147
15.7255
15.7493
15.7599
15.7858
15.7956
15.8235
15.8351
15.8542
15.8914
15.8941
15.9404
15.9072
16.0058
15.7844
19.7344
18.3977
17.8079
17.4185
17.1423
16.9301
16.7665
16.6303
16.518
16.4245
16.3443
16.2747
16.2125
16.1583
16.1094
16.0654
16.0256
15.9901
15.9569
15.9274
15.8997
15.875
15.8515
15.8309
15.8113
15.794
15.7776
15.763
15.7492
15.7367
15.725
15.7143
15.7043
15.6951
15.6867
15.6787
15.6714
15.6646
15.6584
15.6521
15.6464
15.6407
15.6357
15.6305
15.6254
15.6183
15.6095
15.598
15.5855
15.572
15.5599
15.5479
15.5388
15.5303
15.5247
15.5194
15.5174
15.5155
15.517
15.5184
15.5236
15.5281
15.537
15.5461
15.5548
15.5672
15.5767
15.5916
15.6015
15.6183
15.6284
15.6472
15.6568
15.6773
15.6868
15.7086
15.7178
15.7417
15.7503
15.7758
15.7866
15.8041
15.8362
15.8422
15.8775
15.8651
15.9046
15.7821
19.4191
18.1444
17.649
17.3085
17.0599
16.8653
16.7152
16.589
16.4844
16.3974
16.3222
16.2568
16.1979
16.1463
16.0995
16.0573
16.0188
15.9844
15.952
15.9231
15.8958
15.8715
15.8482
15.8278
15.8082
15.7909
15.7744
15.7597
15.7459
15.7332
15.7213
15.7104
15.7002
15.6907
15.6821
15.6739
15.6663
15.6591
15.6526
15.646
15.6399
15.6337
15.6282
15.6225
15.6169
15.6092
15.5997
15.5872
15.5733
15.558
15.5437
15.5293
15.5176
15.5062
15.498
15.4897
15.485
15.4799
15.4786
15.4769
15.479
15.4804
15.4859
15.4921
15.4982
15.5086
15.5158
15.5288
15.5368
15.5518
15.5601
15.5771
15.5854
15.6039
15.6123
15.6323
15.6404
15.6624
15.6703
15.6938
15.7038
15.7216
15.7463
15.7582
15.7843
15.7844
15.7907
15.7288
19.011
17.7872
17.3966
17.1199
16.9084
16.7377
16.6057
16.4929
16.3988
16.3204
16.252
16.1923
16.1378
16.09
16.0462
16.0066
15.9701
15.9374
15.9063
15.8786
15.8521
15.8285
15.8057
15.7857
15.7665
15.7495
15.7332
15.7186
15.7048
15.6922
15.6803
15.6694
15.6591
15.6495
15.6407
15.6324
15.6246
15.6172
15.6104
15.6037
15.5973
15.5907
15.585
15.5788
15.5728
15.5649
15.5551
15.542
15.5273
15.5107
15.4949
15.4784
15.4646
15.4508
15.4402
15.4293
15.422
15.414
15.4102
15.4052
15.4047
15.4031
15.4054
15.4085
15.4123
15.4204
15.4256
15.4364
15.4426
15.4557
15.4625
15.4775
15.4847
15.5013
15.5087
15.527
15.5343
15.5547
15.5619
15.5839
15.5928
15.6122
15.6284
15.6483
15.6641
15.6717
15.6667
15.6284
18.4827
17.3158
17.0378
16.8419
16.6796
16.541
16.4329
16.3379
16.2578
16.1909
16.1317
16.0796
16.0311
15.9884
15.9489
15.913
15.8794
15.8494
15.8202
15.7942
15.7691
15.7468
15.725
15.7059
15.6874
15.6709
15.6552
15.6411
15.6276
15.6153
15.6036
15.5928
15.5826
15.5731
15.5643
15.556
15.5482
15.5408
15.534
15.5272
15.5207
15.5139
15.508
15.5016
15.4955
15.4875
15.4778
15.4648
15.45
15.4328
15.416
15.3982
15.3828
15.367
15.3545
15.3412
15.3319
15.3212
15.3152
15.3073
15.3044
15.2995
15.2995
15.2994
15.3011
15.3068
15.3102
15.3186
15.3231
15.334
15.3395
15.3524
15.3585
15.3732
15.3797
15.3964
15.4031
15.4218
15.4286
15.4492
15.4569
15.4779
15.4871
15.5128
15.52
15.5307
15.5262
15.4987
17.7929
16.7145
16.5542
16.4575
16.3598
16.2638
16.1875
16.1162
16.0545
16.0029
15.9558
15.9139
15.8737
15.8379
15.8043
15.7734
15.744
15.7177
15.6914
15.6681
15.6452
15.6248
15.6046
15.5869
15.5696
15.5542
15.5395
15.5261
15.5134
15.5017
15.4905
15.4801
15.4704
15.4612
15.4526
15.4447
15.437
15.4298
15.423
15.4164
15.41
15.4033
15.3975
15.3909
15.3849
15.3772
15.368
15.3557
15.3414
15.3243
15.3074
15.289
15.2726
15.2555
15.2416
15.2265
15.2155
15.2027
15.1948
15.1844
15.1795
15.1717
15.1694
15.1663
15.1662
15.1696
15.1711
15.1772
15.1801
15.1887
15.1927
15.2036
15.2085
15.2214
15.227
15.2419
15.2479
15.265
15.2713
15.2906
15.2972
15.3188
15.3245
15.3507
15.353
15.3647
15.3627
15.3471
16.8857
15.9606
15.9216
15.9437
15.9292
15.8895
15.8551
15.8151
15.7781
15.7466
15.7156
15.6873
15.6581
15.6318
15.6061
15.5821
15.5584
15.5373
15.5153
15.4957
15.4759
15.4584
15.4407
15.4251
15.4098
15.3961
15.3829
15.3709
15.3593
15.3486
15.3384
15.3289
15.3199
15.3113
15.3034
15.296
15.2888
15.282
15.2755
15.2694
15.2633
15.2569
15.2514
15.245
15.2393
15.2321
15.2238
15.2126
15.1995
15.1834
15.1672
15.149
15.1325
15.1147
15.1
15.0838
15.0716
15.0572
15.0479
15.0354
15.029
15.0187
15.0144
15.0091
15.0064
15.0081
15.008
15.0119
15.013
15.0195
15.022
15.0307
15.0344
15.0453
15.0498
15.063
15.068
15.0836
15.089
15.1069
15.1125
15.1333
15.1376
15.1619
15.1626
15.1745
15.175
15.1726
15.6899
15.0227
15.1069
15.2709
15.3603
15.3945
15.4154
15.417
15.4125
15.4077
15.3981
15.3878
15.3734
15.3597
15.3447
15.3301
15.3143
15.3003
15.2842
15.2699
15.2546
15.2411
15.227
15.2145
15.2021
15.1909
15.1801
15.17
15.1604
15.1513
15.1427
15.1344
15.1266
15.1192
15.1122
15.1058
15.0993
15.0934
15.0876
15.0822
15.0767
15.0709
15.0661
15.0601
15.055
15.0485
15.0414
15.0317
15.0204
15.006
14.9913
14.9742
14.9584
14.9409
14.9262
14.9094
14.8968
14.8813
14.8712
14.8572
14.8496
14.8375
14.8316
14.8246
14.8198
14.8191
14.8179
14.8197
14.8197
14.824
14.8247
14.8315
14.8335
14.8426
14.8456
14.857
14.8609
14.8746
14.8791
14.8953
14.8999
14.919
14.9226
14.9443
14.9447
14.9582
14.9589
14.9704
14.1286
13.8517
14.0732
14.4001
14.6176
14.7474
14.8407
14.8973
14.9357
14.9663
14.985
14.9987
15.0041
15.0073
15.0067
15.0047
14.9998
14.9953
14.9874
14.9804
14.9714
14.9635
14.9545
14.9465
14.9382
14.9305
14.9231
14.916
14.909
14.9024
14.896
14.8897
14.8838
14.878
14.8726
14.8676
14.8624
14.8578
14.853
14.8488
14.8442
14.8394
14.8357
14.8305
14.8263
14.8209
14.8152
14.8073
14.7981
14.786
14.7735
14.7584
14.7442
14.7278
14.7139
14.6975
14.6851
14.6693
14.6589
14.6442
14.6359
14.6228
14.6155
14.6075
14.6012
14.599
14.5951
14.5951
14.5944
14.5964
14.5963
14.6012
14.6013
14.6086
14.6099
14.6193
14.6218
14.6335
14.6368
14.6509
14.6545
14.6712
14.6742
14.6933
14.6937
14.7102
14.7095
14.7325
12.1363
12.3458
12.7801
13.2815
13.6552
13.906
14.0934
14.2226
14.3179
14.3951
14.4517
14.497
14.5289
14.5548
14.5734
14.5885
14.598
14.6066
14.6099
14.6128
14.6125
14.6124
14.6104
14.6086
14.6061
14.6034
14.6007
14.5978
14.5947
14.5914
14.5883
14.5849
14.5817
14.5784
14.5752
14.5724
14.569
14.5663
14.563
14.5606
14.5574
14.5541
14.5519
14.548
14.5452
14.541
14.5372
14.5311
14.5244
14.515
14.5053
14.4928
14.4811
14.4666
14.4545
14.4393
14.4279
14.4126
14.4027
14.388
14.3795
14.3662
14.3578
14.3496
14.3423
14.3387
14.3338
14.332
14.3285
14.3289
14.3286
14.331
14.3307
14.3356
14.3357
14.343
14.3436
14.3533
14.3548
14.3667
14.3688
14.3831
14.385
14.4016
14.4022
14.4194
14.42
14.4484
9.56467
10.4404
11.154
11.8547
12.4134
12.8159
13.1237
13.3477
13.5182
13.6572
13.7639
13.8516
13.9188
13.9749
14.0195
14.0572
14.0864
14.1124
14.1309
14.1474
14.1591
14.1696
14.1773
14.184
14.1895
14.1938
14.1976
14.2005
14.2028
14.2044
14.2058
14.2064
14.2071
14.2072
14.2074
14.2077
14.2068
14.2068
14.2058
14.2058
14.2046
14.2034
14.2034
14.2012
14.2003
14.198
14.1962
14.1922
14.1883
14.1818
14.1753
14.166
14.1573
14.1456
14.136
14.123
14.1134
14.0996
14.0908
14.077
14.0689
14.0563
14.0473
14.0395
14.0318
14.0272
14.0214
14.0186
14.014
14.0124
14.0093
14.0103
14.0099
14.0122
14.0122
14.0168
14.0166
14.0239
14.0239
14.0331
14.0334
14.045
14.0456
14.0594
14.0599
14.0756
14.0779
14.111
6.29723
8.02682
9.11123
10.0471
10.8201
11.407
11.8659
12.2132
12.482
12.7023
12.8757
13.0195
13.134
13.2307
13.3099
13.3782
13.4337
13.4832
13.5223
13.5571
13.5853
13.6103
13.6313
13.6497
13.6661
13.68
13.6928
13.7037
13.7135
13.7217
13.7295
13.7358
13.7418
13.7468
13.7514
13.7558
13.7591
13.7626
13.7653
13.7681
13.7704
13.7719
13.7744
13.7751
13.7765
13.7768
13.7776
13.7758
13.775
13.7717
13.7687
13.7629
13.7576
13.7495
13.743
13.733
13.7259
13.7147
13.7075
13.6958
13.6885
13.6778
13.6687
13.6616
13.6543
13.6492
13.643
13.6395
13.6343
13.6317
13.6274
13.626
13.6233
13.6243
13.6242
13.626
13.6258
13.6296
13.6293
13.6351
13.6358
13.6433
13.6437
13.6539
13.6541
13.667
13.6704
13.7091
2.65512
5.04254
6.56568
7.78013
8.79187
9.59406
10.2381
10.7413
11.1367
11.4628
11.7247
11.9431
12.1205
12.2715
12.3971
12.5063
12.5974
12.6785
12.7456
12.8052
12.8557
12.9004
12.9396
12.9739
13.0053
13.0324
13.0575
13.0795
13.0995
13.1171
13.1335
13.1477
13.1612
13.1729
13.1839
13.1939
13.203
13.2114
13.219
13.2261
13.2329
13.2382
13.2443
13.2488
13.2536
13.2569
13.2609
13.2626
13.2649
13.2652
13.266
13.2637
13.2623
13.2583
13.2554
13.2493
13.2451
13.2374
13.2326
13.2239
13.218
13.2099
13.2018
13.1958
13.1895
13.1846
13.1785
13.1746
13.1694
13.1663
13.1616
13.1591
13.1549
13.1535
13.1509
13.1516
13.1513
13.1524
13.1519
13.1547
13.1541
13.1591
13.1589
13.1666
13.1666
13.1759
13.1792
13.2173
0.466776
1.62895
3.49086
4.9976
6.24321
7.284
8.14499
8.83513
9.38804
9.85006
10.2281
10.5446
10.805
11.0277
11.2156
11.3798
11.5192
11.6428
11.7477
11.8408
11.9216
11.9931
12.0569
12.1133
12.165
12.2102
12.2522
12.2895
12.3237
12.354
12.3825
12.4076
12.4313
12.4523
12.4722
12.4902
12.507
12.5223
12.5368
12.5499
12.5626
12.5735
12.5846
12.594
12.6035
12.6112
12.6193
12.6253
12.6316
12.6358
12.6406
12.6429
12.6455
12.6461
12.6474
12.6453
12.6447
12.6415
12.6394
12.6347
12.6311
12.6262
12.6201
12.6155
12.6106
12.6066
12.6015
12.5977
12.5929
12.5896
12.5852
12.5821
12.5779
12.5754
12.5716
12.5698
12.5659
12.5662
12.5661
12.5662
12.5659
12.5671
12.567
12.5703
12.5709
12.5771
12.5797
12.6152
0.0318174
0.172638
0.648741
1.66999
3.0991
4.41798
5.49597
6.37859
7.11914
7.75418
8.2808
8.72174
9.08858
9.40507
9.67629
9.91479
10.1194
10.3002
10.456
10.5939
10.7155
10.8234
10.9209
11.0073
11.0869
11.1574
11.2225
11.2809
11.3344
11.3825
11.4274
11.4676
11.5054
11.5393
11.5714
11.6005
11.6279
11.653
11.6768
11.6984
11.7193
11.7379
11.7561
11.7722
11.7882
11.8018
11.8157
11.8271
11.8388
11.8481
11.8578
11.8651
11.8727
11.8778
11.8836
11.8867
11.8902
11.8916
11.8939
11.8931
11.8929
11.8914
11.8888
11.8861
11.8831
11.8804
11.8769
11.8739
11.8702
11.8671
11.8637
11.8602
11.8569
11.8537
11.8498
11.8466
11.8436
11.8418
11.8388
11.8369
11.8328
11.8331
11.8326
11.8335
11.8333
11.8369
11.8383
11.8713
0.00127258
0.00658797
0.0328779
0.141999
0.450188
1.09754
2.10022
3.20932
4.22153
5.07065
5.75893
6.33825
6.83639
7.27773
7.66269
8.0012
8.29238
8.54777
8.77021
8.96732
9.14364
9.30113
9.44469
9.57288
9.6909
9.79622
9.89317
9.98048
10.0607
10.133
10.2004
10.2612
10.3183
10.3701
10.4188
10.4635
10.5056
10.5443
10.5809
10.6146
10.6467
10.676
10.7043
10.7298
10.7547
10.7767
10.7984
10.8174
10.8362
10.8524
10.8685
10.8821
10.8957
10.9068
10.9179
10.9268
10.9354
10.9421
10.9484
10.9531
10.957
10.9598
10.9613
10.962
10.961
10.9602
10.9587
10.9572
10.9552
10.9532
10.9507
10.9483
10.9454
10.9426
10.9396
10.9364
10.9331
10.9299
10.9267
10.9243
10.921
10.919
10.9152
10.913
10.9081
10.9097
10.9102
10.9423
3.61369e-05
0.000166085
0.000766799
0.00349142
0.0147475
0.0563186
0.176396
0.433965
0.921398
1.59465
2.36645
3.15333
3.87856
4.51481
5.05194
5.50854
5.89827
6.241
6.54705
6.82334
7.07566
7.30353
7.51207
7.69885
7.86963
8.02237
8.16203
8.2879
8.40365
8.50846
8.60595
8.69485
8.77815
8.85466
8.92657
8.993
9.05555
9.11353
9.16826
9.21896
9.26706
9.31142
9.35379
9.39253
9.42993
9.46369
9.49653
9.52592
9.55456
9.58012
9.60493
9.627
9.64838
9.6672
9.68538
9.70124
9.71625
9.72947
9.74152
9.75206
9.76131
9.76923
9.77573
9.77975
9.7821
9.78392
9.78517
9.78572
9.7862
9.78588
9.78519
9.78418
9.78277
9.78104
9.77899
9.77669
9.77407
9.77122
9.76827
9.76545
9.76225
9.75931
9.75583
9.75244
9.74953
9.74305
9.74323
9.77416
1.22755e-06
3.19006e-06
1.3202e-05
5.59662e-05
0.000228419
0.000893754
0.00326456
0.0108329
0.0336987
0.0898105
0.203212
0.415059
0.721413
1.12112
1.5866
2.09208
2.60547
3.10252
3.56735
3.98851
4.36637
4.69894
4.99443
5.25412
5.48727
5.69539
5.8855
6.0584
6.21896
6.36668
6.5052
6.63354
6.75428
6.86655
6.9721
7.07039
7.16268
7.24864
7.32937
7.40445
7.47517
7.54071
7.60278
7.65997
7.71452
7.7645
7.81233
7.85609
7.89789
7.93621
7.97269
8.00611
8.03788
8.06689
8.09438
8.11941
8.14284
8.16423
8.18395
8.20181
8.218
8.23247
8.24515
8.25421
8.2604
8.2658
8.27037
8.2742
8.27735
8.27985
8.28177
8.28302
8.28386
8.28383
8.28349
8.28288
8.28187
8.2804
8.27854
8.27656
8.27419
8.27162
8.26885
8.26558
8.2628
8.25643
8.25657
8.28945
1.96378e-07
1.07938e-07
1.99936e-07
6.84316e-07
2.64067e-06
9.92523e-06
3.53089e-05
0.000117061
0.000370757
0.00109391
0.00299521
0.00788098
0.0190246
0.0415836
0.0853635
0.156396
0.263273
0.406014
0.588619
0.803829
1.05053
1.31747
1.60119
1.89041
2.18189
2.4669
2.74374
3.00681
3.25625
3.48897
3.70625
3.90694
4.0927
4.26362
4.42125
4.56632
4.70012
4.82358
4.93779
5.04351
5.14187
5.23308
5.31859
5.39793
5.4728
5.5424
5.60824
5.66965
5.72774
5.78207
5.83342
5.8815
5.92687
5.96938
6.00929
6.04675
6.08161
6.11434
6.14453
6.17272
6.19845
6.22228
6.24366
6.25997
6.27163
6.2823
6.29173
6.30026
6.30774
6.31439
6.32014
6.32514
6.32938
6.33293
6.33584
6.33815
6.33983
6.34133
6.3415
6.34119
6.34112
6.34039
6.33962
6.33887
6.33734
6.33383
6.33485
6.37241
1.92799e-07
5.67825e-08
2.10823e-08
2.11332e-08
3.29284e-08
8.82716e-08
2.86084e-07
9.19826e-07
2.84118e-06
8.29302e-06
2.27337e-05
5.96201e-05
0.000148021
0.000345555
0.000775184
0.00165541
0.00348188
0.00657833
0.0129283
0.0215775
0.0372976
0.0580947
0.0887592
0.127382
0.177624
0.237394
0.308878
0.389857
0.48113
0.580615
0.687982
0.801556
0.920211
1.04283
1.16782
1.29465
1.42152
1.5484
1.67354
1.79721
1.91794
2.03605
2.15047
2.26156
2.36842
2.47164
2.57032
2.66525
2.75549
2.84205
2.92393
3.00227
3.076
3.14645
3.21234
3.27527
3.33328
3.38851
3.43907
3.487
3.53051
3.5715
3.60832
3.63731
3.65833
3.678
3.69552
3.7119
3.72634
3.73986
3.75162
3.76266
3.77211
3.78099
3.78849
3.7955
3.80134
3.80678
3.81122
3.81533
3.81866
3.82168
3.82417
3.82627
3.8282
3.82948
3.83122
3.87698
1.93392e-07
5.47029e-08
2.31121e-08
1.25413e-08
8.54847e-09
6.14317e-09
6.54385e-09
9.25163e-09
1.88891e-08
4.72776e-08
1.23218e-07
3.15439e-07
7.76126e-07
1.81675e-06
4.07123e-06
8.73687e-06
1.85231e-05
3.61676e-05
6.98116e-05
0.00013484
0.000229959
0.000422032
0.000660391
0.00114835
0.00168584
0.00279203
0.00388563
0.00613519
0.00813834
0.0122404
0.0155562
0.022302
0.0273112
0.0374292
0.0444208
0.0584459
0.0675746
0.0857727
0.0970482
0.119402
0.132702
0.158938
0.17404
0.203375
0.220763
0.251811
0.271463
0.303609
0.324999
0.357773
0.380276
0.413176
0.436192
0.468663
0.491711
0.523342
0.546293
0.577014
0.599369
0.628725
0.650076
0.677781
0.697791
0.719545
0.732123
0.748044
0.759292
0.773634
0.783611
0.796498
0.805271
0.816826
0.824489
0.83483
0.841496
0.850756
0.856523
0.864853
0.869816
0.877355
0.881622
0.888502
0.892148
0.898501
0.901607
0.907696
0.910121
0.935378
1.93384e-07
5.46919e-08
2.30683e-08
1.26516e-08
8.27893e-09
5.95264e-09
4.69616e-09
3.78651e-09
3.31186e-09
2.89532e-09
2.96803e-09
3.41325e-09
4.77809e-09
8.14706e-09
1.56758e-08
3.14789e-08
6.38221e-08
1.28234e-07
2.41504e-07
4.8693e-07
8.27077e-07
1.58523e-06
2.47828e-06
4.4814e-06
6.57492e-06
1.12736e-05
1.5734e-05
2.5712e-05
3.44357e-05
5.38253e-05
6.9623e-05
0.000104454
0.000131213
0.000189722
0.000232532
0.000325379
0.000390551
0.000530786
0.000625646
0.000828165
0.000960483
0.0012407
0.00141776
0.00178846
0.00201692
0.00248736
0.00276923
0.00334316
0.00367695
0.00435054
0.00472951
0.00548804
0.00589933
0.0067107
0.00714506
0.00801471
0.00850994
0.00949631
0.0100447
0.0111312
0.0117227
0.0128881
0.0135153
0.0145449
0.0149728
0.0157975
0.0162118
0.0170086
0.0174059
0.0181691
0.0185473
0.0192734
0.0196315
0.0203186
0.0206567
0.0213052
0.0216239
0.0222355
0.0225359
0.0231125
0.0233958
0.0239399
0.0242075
0.0247233
0.0249755
0.0254836
0.0256921
0.0269573
1.9337e-07
5.46914e-08
2.30533e-08
1.26652e-08
8.25885e-09
5.97189e-09
4.66874e-09
3.7945e-09
3.23598e-09
2.78588e-09
2.4957e-09
2.2205e-09
2.05534e-09
1.87257e-09
1.78433e-09
1.67907e-09
1.68809e-09
1.75698e-09
1.94388e-09
2.40404e-09
3.16029e-09
4.90834e-09
7.04944e-09
1.19811e-08
1.72233e-08
2.92223e-08
4.07404e-08
6.68785e-08
8.99994e-08
1.41935e-07
1.84803e-07
2.80048e-07
3.54115e-07
5.16892e-07
6.37036e-07
8.98313e-07
1.08229e-06
1.47844e-06
1.74521e-06
2.31426e-06
2.68036e-06
3.45384e-06
3.92665e-06
4.9147e-06
5.48239e-06
6.64686e-06
7.28627e-06
8.41893e-06
9.1984e-06
1.00698e-05
1.07334e-05
1.11174e-05
1.13377e-05
1.17928e-05
1.20665e-05
1.26276e-05
1.2961e-05
1.36452e-05
1.40464e-05
1.48673e-05
1.53399e-05
1.63035e-05
1.6847e-05
1.77541e-05
1.81431e-05
1.89094e-05
1.93097e-05
2.00942e-05
2.04986e-05
2.12884e-05
2.16931e-05
2.24828e-05
2.28867e-05
2.3675e-05
2.40774e-05
2.48618e-05
2.52606e-05
2.60365e-05
2.64293e-05
2.71927e-05
2.75786e-05
2.83287e-05
2.87082e-05
2.9447e-05
2.98201e-05
3.05645e-05
3.09058e-05
3.22956e-05
1.93364e-07
5.46906e-08
2.3048e-08
1.26698e-08
8.25108e-09
5.97984e-09
4.65869e-09
3.80492e-09
3.22405e-09
2.79761e-09
2.48201e-09
2.23102e-09
2.03578e-09
1.87235e-09
1.7405e-09
1.62668e-09
1.53193e-09
1.44911e-09
1.37784e-09
1.31595e-09
1.26095e-09
1.21468e-09
1.17299e-09
1.14025e-09
1.11298e-09
1.09471e-09
1.08805e-09
1.09534e-09
1.11286e-09
1.16001e-09
1.21222e-09
1.33333e-09
1.43723e-09
1.66992e-09
1.84915e-09
2.24261e-09
2.52386e-09
3.13187e-09
3.53973e-09
4.39092e-09
4.99068e-09
5.9442e-09
6.90526e-09
7.84192e-09
9.05557e-09
9.83499e-09
1.09947e-08
1.13966e-08
1.19952e-08
1.23511e-08
1.30573e-08
1.34523e-08
1.42017e-08
1.45992e-08
1.53664e-08
1.58025e-08
1.66586e-08
1.72046e-08
1.83077e-08
1.90974e-08
2.07421e-08
2.20196e-08
2.4787e-08
2.6595e-08
2.96212e-08
3.16791e-08
3.59754e-08
3.88347e-08
4.4796e-08
4.86736e-08
5.67337e-08
6.18519e-08
7.24481e-08
7.90185e-08
9.25601e-08
1.0077e-07
1.17613e-07
1.27614e-07
1.48044e-07
1.5995e-07
1.84169e-07
1.98052e-07
2.26129e-07
2.42179e-07
2.72721e-07
2.95242e-07
3.22119e-07
3.549e-07
1.93367e-07
5.46924e-08
2.30467e-08
1.26725e-08
8.24799e-09
5.98375e-09
4.65462e-09
3.80945e-09
3.21939e-09
2.80267e-09
2.47681e-09
2.2364e-09
2.03049e-09
1.87753e-09
1.73557e-09
1.6312e-09
1.5279e-09
1.45225e-09
1.37521e-09
1.31707e-09
1.2597e-09
1.21309e-09
1.17243e-09
1.13465e-09
1.1102e-09
1.08623e-09
1.07545e-09
1.07836e-09
1.09277e-09
1.12078e-09
1.19039e-09
1.26062e-09
1.42152e-09
1.55773e-09
1.86091e-09
2.10027e-09
2.62684e-09
3.02596e-09
3.89552e-09
4.53628e-09
5.91831e-09
6.92802e-09
9.09763e-09
1.06954e-08
1.41259e-08
1.669e-08
2.2192e-08
2.63832e-08
3.53791e-08
4.23817e-08
5.74379e-08
6.94077e-08
9.52118e-08
1.16073e-07
1.61181e-07
1.97974e-07
2.7776e-07
3.42683e-07
4.83697e-07
5.96866e-07
8.42646e-07
1.03541e-06
1.45757e-06
1.72544e-06
2.173e-06
2.46055e-06
3.05403e-06
3.424e-06
4.18375e-06
4.64633e-06
5.59169e-06
6.15498e-06
7.30098e-06
7.97056e-06
9.32722e-06
1.01061e-05
1.16783e-05
1.25669e-05
1.43547e-05
1.53512e-05
1.73503e-05
1.84509e-05
2.06548e-05
2.18532e-05
2.4268e-05
2.5531e-05
2.83883e-05
2.79467e-05
1.93379e-07
5.46903e-08
2.30613e-08
1.26569e-08
8.26972e-09
5.9611e-09
4.68029e-09
3.78414e-09
3.24539e-09
2.77816e-09
2.50163e-09
2.21515e-09
2.05711e-09
1.86673e-09
1.77684e-09
1.66216e-09
1.64358e-09
1.6824e-09
1.81068e-09
2.13901e-09
2.72727e-09
4.09476e-09
5.88213e-09
9.0319e-09
1.56294e-08
2.19988e-08
3.73499e-08
5.20107e-08
8.44274e-08
1.12862e-07
1.77404e-07
2.30656e-07
3.48484e-07
4.40064e-07
6.41083e-07
7.91342e-07
1.11832e-06
1.35556e-06
1.86876e-06
2.23098e-06
3.007e-06
3.54573e-06
4.69475e-06
5.48856e-06
7.17666e-06
8.34118e-06
1.08091e-05
1.25145e-05
1.61164e-05
1.86192e-05
2.38972e-05
2.75945e-05
3.53853e-05
4.08817e-05
5.24586e-05
6.06506e-05
7.79007e-05
9.00416e-05
0.000115575
0.00013329
0.000170457
0.00019572
0.000248836
0.000278674
0.000327188
0.00035582
0.000413393
0.000446586
0.000513107
0.00055084
0.000626225
0.000668366
0.000752327
0.000798659
0.000890748
0.000940994
0.00104066
0.00109451
0.00120113
0.00125825
0.00137117
0.00143122
0.00154989
0.00161249
0.00173707
0.00180071
0.00194018
0.00185901
1.93404e-07
5.46804e-08
2.30984e-08
1.26171e-08
8.32043e-09
5.90849e-09
4.73925e-09
3.73464e-09
3.3392e-09
2.8111e-09
2.82302e-09
3.08827e-09
4.022e-09
6.44439e-09
1.20017e-08
2.38691e-08
4.8218e-08
9.64571e-08
1.85234e-07
3.77704e-07
6.49938e-07
1.26328e-06
2.00584e-06
3.55511e-06
5.78989e-06
8.38104e-06
1.46806e-05
2.02861e-05
3.24149e-05
4.30436e-05
6.69738e-05
8.61538e-05
0.000128184
0.000160367
0.000230813
0.000282244
0.00039355
0.00047234
0.000642249
0.000758635
0.00100698
0.00117239
0.00152301
0.00175177
0.00223301
0.00254149
0.00318483
0.00359083
0.00442691
0.0049471
0.00601077
0.00666603
0.00799874
0.00881286
0.0104621
0.0114633
0.013486
0.0147057
0.0171639
0.0186323
0.0215848
0.0233284
0.0268342
0.0285827
0.0313432
0.0328488
0.0357945
0.0373769
0.0404691
0.0421164
0.045332
0.0470324
0.0503487
0.0520915
0.0554885
0.0572646
0.0607251
0.0625264
0.0660346
0.0678538
0.0713966
0.0732284
0.0767995
0.0786365
0.0822616
0.084041
0.0881748
0.088078
1.93449e-07
5.46138e-08
2.32657e-08
1.23748e-08
8.67572e-09
5.79807e-09
5.87441e-09
7.42572e-09
1.37088e-08
3.31158e-08
8.6403e-08
2.23354e-07
5.56897e-07
1.32298e-06
3.00786e-06
6.53554e-06
1.38359e-05
2.74781e-05
5.42712e-05
0.000105012
0.000182177
0.000338622
0.000537226
0.000932716
0.00144927
0.00215431
0.00360479
0.00489666
0.00756896
0.00994179
0.0148129
0.0185929
0.0262529
0.0318573
0.0431854
0.0508518
0.0661789
0.0760454
0.0957241
0.107815
0.131754
0.145916
0.173848
0.189926
0.221395
0.239376
0.273855
0.294096
0.330368
0.352494
0.390301
0.414036
0.453171
0.478241
0.518536
0.544776
0.586137
0.613482
0.655865
0.684242
0.72761
0.756923
0.801204
0.8271
0.857981
0.878803
0.908972
0.929224
0.95867
0.978302
1.00703
1.02598
1.054
1.07225
1.09963
1.11714
1.14395
1.16068
1.187
1.2029
1.22885
1.24387
1.2696
1.28369
1.30938
1.32243
1.35054
1.35729
1.93274e-07
5.53518e-08
2.25269e-08
1.61018e-08
2.23258e-08
5.55397e-08
1.81857e-07
6.01903e-07
1.91204e-06
5.71791e-06
1.59897e-05
4.24741e-05
0.000107209
0.000254598
0.000579843
0.00125203
0.00264093
0.00510958
0.0102798
0.0172018
0.0305613
0.0481042
0.074932
0.108813
0.153969
0.207892
0.273591
0.348239
0.433667
0.526885
0.628886
0.736706
0.850809
0.968487
1.08995
1.21281
1.33725
1.46123
1.58504
1.70693
1.82738
1.94487
2.0601
2.1717
2.28061
2.38551
2.48758
2.58553
2.68071
2.77183
2.86038
2.94507
3.02751
3.10641
3.18346
3.25739
3.32994
3.39978
3.46862
3.53506
3.60081
3.66438
3.72748
3.77978
3.82216
3.8625
3.90251
3.94048
3.97835
4.01412
4.05009
4.0838
4.11809
4.14987
4.1827
4.21263
4.24426
4.27237
4.30311
4.32935
4.35961
4.38375
4.41413
4.43568
4.46717
4.48506
4.52014
4.53016
1.96432e-07
7.14044e-08
1.13996e-07
3.78607e-07
1.55177e-06
6.13392e-06
2.28209e-05
7.81647e-05
0.000254329
0.000768304
0.00214496
0.00570434
0.0141508
0.0317698
0.0668655
0.125039
0.216244
0.340859
0.503029
0.6985
0.924544
1.17387
1.4402
1.71607
1.99499
2.27134
2.5404
2.79889
3.04438
3.27549
3.49169
3.69278
3.8794
4.05202
4.21174
4.35937
4.49609
4.62274
4.74045
4.84994
4.95226
5.04785
5.13777
5.2222
5.30212
5.37758
5.44939
5.5176
5.58283
5.64516
5.70503
5.76259
5.81816
5.87196
5.92426
5.97537
6.02544
6.07475
6.12332
6.17137
6.21884
6.26591
6.31249
6.35227
6.38445
6.41584
6.4467
6.47677
6.50641
6.53525
6.56376
6.59147
6.61897
6.64561
6.67222
6.69785
6.72372
6.74838
6.7737
6.79734
6.82238
6.84484
6.87008
6.89088
6.91726
6.93518
6.96484
6.97671
6.32552e-07
1.54955e-06
6.93997e-06
3.1743e-05
0.000139777
0.000569726
0.00217621
0.0074574
0.024021
0.0666812
0.156803
0.328099
0.595966
0.948422
1.37611
1.84603
2.33568
2.81547
3.27101
3.68861
4.06582
4.40164
4.69973
4.96477
5.20116
5.41463
5.60785
5.78577
5.94914
6.10179
6.24331
6.37653
6.50063
6.61784
6.72715
6.83057
6.927
7.01837
7.10356
7.18438
7.2599
7.33154
7.39883
7.46259
7.52289
7.58007
7.63445
7.68617
7.73561
7.78286
7.82823
7.87185
7.91398
7.95487
7.99469
8.03393
8.07253
8.11099
8.14903
8.18715
8.2249
8.26282
8.30042
8.33307
8.3597
8.38595
8.41185
8.43739
8.46262
8.48752
8.51219
8.53654
8.56074
8.58463
8.60848
8.63198
8.65559
8.67876
8.70229
8.72513
8.74878
8.7712
8.79535
8.81701
8.84241
8.86231
8.89086
8.90599
1.8165e-05
8.39933e-05
0.000427341
0.00207825
0.00951157
0.0379431
0.128535
0.334254
0.742231
1.33715
2.05679
2.80518
3.51976
4.15157
4.69703
5.15762
5.55556
5.90113
6.21159
6.49075
6.74641
6.97893
7.19127
7.38453
7.55985
7.71984
7.86455
7.99777
8.11843
8.23081
8.33302
8.42926
8.51723
8.60077
8.6774
8.75076
8.81807
8.88301
8.94254
9.00035
9.05338
9.10499
9.15267
9.19887
9.24213
9.28375
9.32326
9.36113
9.39751
9.43233
9.46609
9.49848
9.53023
9.56096
9.59149
9.62169
9.65205
9.68259
9.7133
9.74446
9.77567
9.80749
9.83933
9.86763
9.89106
9.91451
9.93791
9.96138
9.98488
10.0085
10.0323
10.0562
10.0804
10.1048
10.1295
10.1544
10.1798
10.2054
10.2316
10.2578
10.2851
10.3119
10.3406
10.3677
10.3983
10.425
10.4593
10.4826
0.000673921
0.00347227
0.0197804
0.0934188
0.334035
0.856704
1.76992
2.81971
3.82558
4.67423
5.37482
5.9539
6.45755
6.89753
7.28993
7.63166
7.93331
8.1941
8.42588
8.62916
8.81285
8.97712
9.12682
9.26269
9.38641
9.49979
9.6026
9.69785
9.78378
9.86447
9.93701
10.0061
10.0681
10.1279
10.1816
10.2339
10.2808
10.3273
10.3686
10.4101
10.4468
10.4842
10.5172
10.5509
10.5812
10.6116
10.6398
10.6676
10.694
10.7196
10.7446
10.7686
10.7927
10.8158
10.8398
10.8632
10.8881
10.9129
10.9389
10.9654
10.9927
11.0211
11.0503
11.0772
11.1002
11.1239
11.1481
11.1731
11.1988
11.2255
11.2531
11.2816
11.3112
11.3418
11.3735
11.4062
11.4401
11.4751
11.5114
11.5486
11.5874
11.6266
11.6682
11.7092
11.7541
11.7959
11.8457
11.8856
0.0175277
0.101293
0.468849
1.31257
2.6908
4.00969
5.10175
5.97572
6.71821
7.34588
7.88396
8.32956
8.70927
9.03026
9.31228
9.55569
9.77165
9.95796
10.1245
10.2689
10.3995
10.5147
10.6196
10.714
10.8001
10.8788
10.9502
11.0165
11.0761
11.1326
11.1828
11.2313
11.2741
11.3161
11.353
11.39
11.4221
11.455
11.4832
11.5129
11.5378
11.565
11.5874
11.6122
11.6328
11.6555
11.675
11.6959
11.7147
11.734
11.7524
11.7708
11.7894
11.8074
11.8269
11.8457
11.8673
11.8882
11.9122
11.936
11.9629
11.9911
12.0223
12.0524
12.0796
12.1084
12.1391
12.172
12.2067
12.2437
12.2828
12.3242
12.3676
12.4133
12.4611
12.5111
12.5632
12.6172
12.6736
12.7315
12.792
12.8536
12.9183
12.9829
13.0523
13.1188
13.1944
13.2599
0.294327
1.19773
3.02839
4.61368
5.86741
6.88719
7.74429
8.4303
8.99419
9.45402
9.84656
10.1691
10.444
10.6729
10.8728
11.0429
11.1937
11.3227
11.4386
11.5379
11.6282
11.7066
11.7785
11.8425
11.901
11.9542
12.0025
12.0475
12.0877
12.1261
12.1597
12.1929
12.2214
12.2503
12.2748
12.3003
12.3217
12.3445
12.3632
12.3841
12.4006
12.4201
12.4349
12.4532
12.4669
12.484
12.4972
12.5135
12.5264
12.5417
12.5552
12.5703
12.5847
12.5999
12.6163
12.6325
12.6526
12.6712
12.6958
12.7196
12.751
12.7837
12.8247
12.8652
12.904
12.9458
12.9916
13.0412
13.0944
13.1516
13.2121
13.2764
13.3438
13.4147
13.4885
13.5655
13.6452
13.7277
13.8128
13.9001
13.9903
14.0819
14.1769
14.2719
14.3721
14.469
14.5758
14.6716
2.01927
4.60977
6.22566
7.44118
8.43216
9.21126
9.85169
10.3546
10.764
11.0913
11.3697
11.5947
11.7865
11.944
12.0813
12.1965
12.2985
12.3845
12.4623
12.5277
12.5877
12.6387
12.686
12.7274
12.7656
12.7999
12.8313
12.8604
12.8863
12.9114
12.9328
12.9545
12.9726
12.9916
13.0071
13.024
13.0375
13.0528
13.0647
13.079
13.0895
13.1032
13.1126
13.126
13.1348
13.1478
13.1566
13.1696
13.1784
13.1912
13.2013
13.2147
13.2262
13.2404
13.2543
13.27
13.2892
13.3082
13.3364
13.3648
13.4075
13.4524
13.5145
13.5749
13.6355
13.6993
13.7707
13.8467
13.9284
14.0151
14.106
14.2019
14.3009
14.4043
14.5105
14.6201
14.7321
14.8468
14.9638
15.0827
15.2039
15.326
15.451
15.5754
15.7044
15.8295
15.9637
16.0863
5.73111
7.71631
8.84937
9.7401
10.4779
11.0441
11.5035
11.8545
12.1382
12.3615
12.5518
12.7021
12.8302
12.9332
13.0228
13.0968
13.1621
13.2162
13.2654
13.3056
13.3429
13.3735
13.4023
13.427
13.4501
13.4705
13.4894
13.5067
13.5221
13.5371
13.5496
13.5628
13.5732
13.5848
13.5938
13.6041
13.612
13.6216
13.6287
13.6379
13.6442
13.6534
13.6592
13.6687
13.6744
13.6843
13.6901
13.7006
13.7069
13.7182
13.7262
13.7389
13.7486
13.7629
13.7747
13.7915
13.8104
13.8337
13.8692
13.9098
13.9726
14.0403
14.1367
14.2268
14.3195
14.413
14.5193
14.6279
14.745
14.8657
14.9913
15.1212
15.2532
15.3895
15.5265
15.6667
15.8074
15.9501
16.0933
16.2375
16.3823
16.5273
16.6734
16.8181
16.9658
17.109
17.2594
17.3986
9.26319
10.2394
10.9376
11.5669
12.0907
12.4783
12.7908
13.0214
13.2066
13.3496
13.472
13.5659
13.6455
13.7071
13.7608
13.8037
13.8416
13.8718
13.8995
13.9209
13.9412
13.9567
13.9718
13.984
13.9959
14.0059
14.0154
14.024
14.0316
14.0392
14.0451
14.0519
14.0567
14.0627
14.0669
14.0725
14.0763
14.0816
14.0851
14.0905
14.0939
14.0998
14.1032
14.1097
14.1134
14.1207
14.1249
14.1334
14.1385
14.1489
14.156
14.1683
14.1774
14.1918
14.2023
14.2209
14.241
14.2739
14.322
14.3849
14.477
14.5793
14.7206
14.8476
14.979
15.1051
15.2502
15.3909
15.544
15.6953
15.8525
16.0105
16.1689
16.3304
16.4889
16.6504
16.8084
16.9681
17.1254
17.283
17.4388
17.5939
17.7481
17.9004
18.0534
18.2023
18.3557
18.4992
12.0187
12.2068
12.5871
13.008
13.3547
13.5973
13.7927
13.9299
14.0391
14.1205
14.1911
14.2423
14.285
14.3155
14.342
14.3616
14.3787
14.3911
14.4027
14.4101
14.4177
14.4219
14.4268
14.4297
14.4332
14.4356
14.4381
14.4402
14.442
14.444
14.4451
14.4471
14.4479
14.4497
14.4505
14.4524
14.4533
14.4554
14.4565
14.4589
14.4604
14.4636
14.4656
14.4697
14.4723
14.4777
14.481
14.4882
14.4929
14.5029
14.5097
14.5218
14.5309
14.5447
14.555
14.5758
14.6004
14.6487
14.7158
14.8119
14.9403
15.0867
15.2761
15.4417
15.6114
15.7665
15.9471
16.1119
16.2946
16.4655
16.6451
16.8183
16.992
17.1653
17.3321
17.5019
17.6632
17.8275
17.9853
18.144
18.2978
18.4513
18.6015
18.7502
18.8977
19.0419
19.188
19.3267
14.1349
13.7409
13.8915
14.141
14.3419
14.4694
14.5728
14.6378
14.6889
14.7234
14.7544
14.7732
14.788
14.7949
14.8009
14.803
14.8045
14.8036
14.8031
14.8002
14.7981
14.794
14.7913
14.7874
14.7847
14.7813
14.7787
14.776
14.7735
14.7714
14.7689
14.7674
14.7651
14.7641
14.7622
14.7616
14.7602
14.7601
14.7594
14.7595
14.7599
14.7611
14.7621
14.7644
14.7663
14.7704
14.7732
14.7798
14.7845
14.7944
14.8012
14.8131
14.8223
14.8347
14.8455
14.8694
14.9029
14.9728
15.065
15.2022
15.3694
15.5633
15.7951
15.9944
16.1942
16.3696
16.5756
16.7517
16.953
17.1289
17.3193
17.4926
17.6704
17.8412
18.0044
18.1703
18.3231
18.4823
18.6298
18.7808
18.9232
19.0674
19.2055
19.3439
19.479
19.6126
19.7458
19.8744
15.7713
14.9145
14.9312
15.0285
15.111
15.1476
15.1797
15.1894
15.1961
15.1949
15.1956
15.19
15.1835
15.1727
15.1633
15.1522
15.142
15.1311
15.1216
15.1108
15.1018
15.0915
15.0831
15.0742
15.0668
15.0593
15.0529
15.0466
15.0409
15.0359
15.0308
15.0268
15.0223
15.019
15.0153
15.0128
15.0099
15.0081
15.0061
15.0049
15.0041
15.0041
15.0044
15.0055
15.0069
15.0101
15.0127
15.0191
15.024
15.0339
15.0407
15.0521
15.061
15.0716
15.0835
15.1121
15.1584
15.2556
15.3767
15.5574
15.7602
15.997
16.2575
16.4809
16.6974
16.8824
17.1
17.2746
17.4824
17.6498
17.8403
18.0016
18.1748
18.3312
18.4837
18.6367
18.7744
18.9223
19.0533
19.1919
19.3176
19.4491
19.5712
19.6966
19.8163
19.9369
20.055
20.1717
17.0308
15.8337
15.7479
15.7231
15.7076
15.6735
15.6504
15.6179
15.5906
15.5622
15.5401
15.5155
15.4931
15.469
15.4479
15.427
15.4081
15.3897
15.3735
15.357
15.3427
15.3279
15.3153
15.3028
15.292
15.2814
15.2723
15.2635
15.2555
15.2483
15.2414
15.2355
15.2295
15.2247
15.2196
15.2159
15.2118
15.2089
15.2059
15.2039
15.2022
15.2014
15.2012
15.2016
15.2026
15.2051
15.2077
15.2142
15.2192
15.2289
15.2355
15.246
15.2542
15.2628
15.2759
15.3112
15.3735
15.5009
15.651
15.8712
16.1009
16.3695
16.6419
16.8774
17.0962
17.2809
17.4966
17.66
17.864
18.0135
18.1964
18.3382
18.5012
18.6359
18.7749
18.9094
19.0304
19.1636
19.2758
19.4003
19.5079
19.6259
19.7308
19.8433
19.947
20.0548
20.158
20.2628
17.9704
16.5688
16.3887
16.26
16.1669
16.0781
16.0126
15.9478
15.8948
15.8456
15.8061
15.7671
15.7327
15.6986
15.6687
15.6405
15.6151
15.5912
15.5701
15.5494
15.5313
15.5133
15.4977
15.4825
15.4694
15.4566
15.4455
15.4349
15.4253
15.4166
15.4084
15.4013
15.3942
15.3883
15.3824
15.3777
15.3729
15.3692
15.3655
15.3629
15.3607
15.3594
15.3588
15.3588
15.3595
15.3615
15.3641
15.3707
15.3758
15.3848
15.391
15.4002
15.407
15.4137
15.4281
15.4718
15.5519
15.7079
15.883
16.1335
16.3784
16.6645
16.9327
17.1689
17.3779
17.5549
17.758
17.905
18.0974
18.2242
18.3953
18.5142
18.6638
18.7739
18.8997
19.0133
19.119
19.2358
19.3304
19.4406
19.5312
19.6363
19.7252
19.8254
19.9141
20.0102
20.0997
20.1932
18.6664
17.1555
16.8852
16.6695
16.5157
16.385
16.287
16.1976
16.1248
16.0599
16.0071
15.9573
15.9138
15.8722
15.8359
15.8023
15.7722
15.7443
15.7195
15.6959
15.675
15.6548
15.637
15.6201
15.6052
15.591
15.5785
15.5667
15.5561
15.5463
15.5373
15.5293
15.5215
15.515
15.5085
15.5032
15.4979
15.4937
15.4897
15.4867
15.4841
15.4824
15.4814
15.4812
15.4816
15.4832
15.4858
15.4925
15.4973
15.5055
15.511
15.5184
15.5233
15.5284
15.5439
15.5969
15.6946
15.8731
16.0665
16.3351
16.5831
16.8722
17.1238
17.3517
17.5425
17.7071
17.8906
18.0195
18.1956
18.299
18.4562
18.552
18.6872
18.7733
18.8873
18.9795
19.0727
19.1723
19.2523
19.3479
19.4243
19.5169
19.5921
19.6808
19.7566
19.842
19.9196
20.003
19.1811
17.6195
17.2617
16.9746
16.774
16.6113
16.4884
16.3803
16.2926
16.2156
16.1528
16.0948
16.0445
15.9975
15.9564
15.9189
15.8853
15.8546
15.8273
15.8016
15.7788
15.7571
15.7379
15.7197
15.7037
15.6886
15.6752
15.6626
15.6513
15.641
15.6314
15.6229
15.6148
15.6078
15.601
15.5954
15.5898
15.5853
15.581
15.5778
15.5749
15.573
15.5718
15.5714
15.5716
15.5728
15.5753
15.5819
15.5862
15.5931
15.5976
15.6029
15.6057
15.6092
15.6258
15.688
15.8001
15.9932
16.1964
16.4704
16.7107
16.991
17.218
17.4313
17.5994
17.7495
17.9099
18.0215
18.1786
18.2605
18.4029
18.4774
18.5978
18.6628
18.7662
18.8384
18.9219
19.004
19.0731
19.1545
19.2197
19.3005
19.3645
19.4424
19.5075
19.583
19.6507
19.7248
19.562
17.9785
17.5365
17.1924
16.9561
16.7692
16.6273
16.505
16.4059
16.32
16.2496
16.1855
16.1302
16.0792
16.0347
15.9944
15.9584
15.9257
15.8967
15.8696
15.8455
15.8228
15.8027
15.7838
15.7672
15.7514
15.7375
15.7246
15.7129
15.7023
15.6925
15.6837
15.6754
15.6682
15.6613
15.6555
15.6498
15.6452
15.6407
15.6374
15.6344
15.6322
15.6308
15.6302
15.6302
15.6311
15.6333
15.6395
15.643
15.6487
15.6519
15.6549
15.6556
15.6575
15.6749
15.7451
15.8665
16.0657
16.27
16.5383
16.7629
17.0258
17.2245
17.4193
17.5632
17.6979
17.8345
17.9306
18.0678
18.1313
18.2585
18.3146
18.4211
18.4682
18.5622
18.6164
18.6926
18.758
18.8193
18.8871
18.9438
19.0135
19.0683
19.1365
19.1928
19.2594
19.3187
19.3844
19.8434
18.2442
17.723
17.3348
17.0717
16.8665
16.7102
16.5772
16.4696
16.3769
16.3008
16.2322
16.1734
16.1195
16.0726
16.0304
15.9928
15.9588
15.9286
15.9007
15.8759
15.8526
15.832
15.8128
15.7957
15.7798
15.7657
15.7525
15.7408
15.73
15.7201
15.7113
15.703
15.6957
15.6888
15.683
15.6773
15.6726
15.6682
15.6647
15.6617
15.6594
15.6578
15.657
15.6567
15.6573
15.6592
15.6646
15.6672
15.6714
15.6733
15.6741
15.6728
15.6732
15.6913
15.7669
15.8921
16.0896
16.2873
16.5413
16.745
16.9852
17.1547
17.3293
17.4495
17.5691
17.6829
17.7656
17.8833
17.9318
18.044
18.0851
18.1782
18.2115
18.2964
18.3353
18.4056
18.456
18.5117
18.5669
18.617
18.6764
18.7239
18.7833
18.8322
18.8909
18.9429
19.0011
20.0475
18.4232
17.8299
17.4088
17.1259
16.9071
16.7399
16.5989
16.485
16.3872
16.307
16.2352
16.1738
16.118
16.0695
16.026
15.9874
15.9526
15.9218
15.8934
15.8682
15.8447
15.8239
15.8046
15.7874
15.7715
15.7573
15.7442
15.7325
15.7218
15.7121
15.7033
15.6951
15.6879
15.6811
15.6753
15.6697
15.6651
15.6606
15.6572
15.6541
15.6517
15.65
15.6489
15.6483
15.6485
15.6499
15.6545
15.6561
15.6588
15.6593
15.6581
15.655
15.6542
15.6728
15.7514
15.875
16.0644
16.2496
16.4837
16.6639
16.8788
17.0202
17.1739
17.2723
17.3776
17.4708
17.5418
17.6414
17.678
17.7762
17.8055
17.8863
17.9093
17.9851
18.0119
18.0761
18.1138
18.1652
18.2091
18.2542
18.3044
18.3458
18.3973
18.4402
18.4918
18.5373
18.5891
20.1859
18.5173
17.861
17.4166
17.1193
16.8904
16.7151
16.5684
16.4498
16.3484
16.2653
16.1911
16.128
16.0709
16.0214
15.9771
15.938
15.9029
15.8717
15.8432
15.8179
15.7945
15.7737
15.7544
15.7374
15.7216
15.7076
15.6946
15.6831
15.6725
15.663
15.6544
15.6464
15.6393
15.6327
15.627
15.6216
15.617
15.6127
15.6093
15.6061
15.6037
15.6018
15.6005
15.5995
15.5993
15.6002
15.6037
15.6043
15.6056
15.6048
15.6019
15.5975
15.5961
15.615
15.694
15.8121
15.989
16.1581
16.369
16.5252
16.7141
16.8294
16.9629
17.0418
17.1339
17.2091
17.2701
17.3532
17.3808
17.4662
17.4868
17.5563
17.5721
17.6388
17.6568
17.7145
17.7417
17.7894
17.8236
17.8645
17.9065
17.9429
17.9876
18.0253
18.0705
18.1102
18.1568
20.2597
18.523
17.8141
17.3543
17.0468
16.8107
16.6297
16.4788
16.3569
16.2531
16.1679
16.0922
16.028
15.9702
15.9201
15.8755
15.8362
15.8009
15.7698
15.7414
15.7162
15.6929
15.6723
15.6533
15.6365
15.6209
15.6072
15.5945
15.5832
15.5729
15.5636
15.5552
15.5475
15.5406
15.5342
15.5287
15.5234
15.519
15.5148
15.5114
15.5083
15.5058
15.5037
15.5021
15.5008
15.5002
15.5005
15.5029
15.5026
15.5025
15.5005
15.4965
15.4914
15.4898
15.5093
15.5871
15.6974
15.8593
16.0106
16.1973
16.3303
16.4941
16.586
16.7001
16.7626
16.8426
16.9026
16.9549
17.0236
17.0447
17.1182
17.1331
17.192
17.2033
17.2608
17.273
17.3239
17.3429
17.3867
17.413
17.4503
17.4852
17.5176
17.5561
17.5895
17.6291
17.6635
17.7062
20.2591
18.4284
17.6784
17.2097
16.8954
16.6545
16.4695
16.3159
16.192
16.0865
16
15.9235
15.8588
15.8005
15.7503
15.7056
15.6664
15.6313
15.6003
15.5721
15.5472
15.5242
15.5039
15.4852
15.4687
15.4535
15.4401
15.4277
15.4168
15.4068
15.3978
15.3897
15.3822
15.3756
15.3695
15.3641
15.359
15.3548
15.3507
15.3473
15.3442
15.3416
15.3394
15.3376
15.3359
15.3349
15.3345
15.336
15.3347
15.3335
15.3306
15.3258
15.3207
15.3197
15.3401
15.4158
15.5173
15.6636
15.7972
15.9607
16.0725
16.2132
16.2848
16.3811
16.4299
16.4991
16.5465
16.5913
16.6478
16.6648
16.7271
16.7388
16.7877
16.7967
16.8449
16.8543
16.8976
16.9112
16.9506
16.9707
17.0047
17.0337
17.0627
17.096
17.1258
17.1605
17.1903
17.2297
20.1558
18.2079
17.4289
16.9568
16.6386
16.3949
16.2076
16.0525
15.9275
15.8212
15.7341
15.6573
15.5925
15.5342
15.4842
15.4397
15.4008
15.3659
15.3353
15.3075
15.2829
15.2604
15.2404
15.2221
15.206
15.1912
15.1782
15.1661
15.1556
15.1459
15.1372
15.1294
15.1222
15.1158
15.11
15.1048
15.0999
15.0958
15.0919
15.0886
15.0855
15.0829
15.0805
15.0785
15.0764
15.0751
15.0741
15.0746
15.0725
15.0703
15.0667
15.0616
15.0571
15.0575
15.0794
15.1526
15.2457
15.3773
15.4945
15.6368
15.7302
15.8503
15.9055
15.9862
16.0241
16.0838
16.121
16.1594
16.2056
16.22
16.2722
16.282
16.3221
16.33
16.3699
16.3782
16.4142
16.425
16.4591
16.475
16.5056
16.5299
16.556
16.585
16.6117
16.6423
16.6683
16.7052
19.8906
17.8086
17.0137
16.5429
16.2236
15.9793
15.7914
15.6361
15.511
15.4047
15.3177
15.2411
15.1766
15.1188
15.0692
15.0251
14.9867
14.9523
14.9223
14.8949
14.8708
14.8487
14.8293
14.8114
14.7958
14.7813
14.7687
14.7571
14.7469
14.7375
14.7292
14.7216
14.7148
14.7087
14.7031
14.6981
14.6935
14.6895
14.6857
14.6825
14.6794
14.6768
14.6743
14.6721
14.6698
14.668
14.6665
14.6661
14.6634
14.6605
14.6563
14.6514
14.6478
14.6502
14.6741
14.7451
14.831
14.9497
15.0528
15.1767
15.2547
15.3573
15.3995
15.4674
15.4971
15.5487
15.5781
15.6113
15.6492
15.6611
15.7054
15.7133
15.7466
15.7535
15.7868
15.7944
15.8241
15.8338
15.8627
15.8758
15.9031
15.9239
15.9474
15.973
15.9971
16.0245
16.0474
16.0821
19.3384
17.1183
16.3224
15.8581
15.5412
15.2987
15.1122
14.9584
14.8345
14.7294
14.6433
14.5676
14.5041
14.4471
14.3985
14.3552
14.3176
14.2839
14.2545
14.2278
14.2044
14.1829
14.164
14.1467
14.1316
14.1176
14.1055
14.0943
14.0845
14.0755
14.0675
14.0603
14.0538
14.0479
14.0425
14.0378
14.0334
14.0296
14.0259
14.0228
14.0198
14.0171
14.0146
14.0122
14.0097
14.0077
14.0057
14.0047
14.0014
13.9979
13.9935
13.9888
13.9864
13.9911
14.0173
14.0864
14.1664
14.2745
14.366
14.4747
14.5403
14.6285
14.6609
14.7185
14.7422
14.7871
14.8107
14.8396
14.8711
14.881
14.919
14.9252
14.9538
14.9596
14.9881
14.9948
15.0201
15.0289
15.0538
15.0655
15.0894
15.1075
15.1288
15.1518
15.1735
15.1985
15.2187
15.2517
18.2182
15.8858
15.1093
14.6601
14.3516
14.1158
13.9344
13.785
13.6648
13.5627
13.4793
13.406
13.3446
13.2895
13.2426
13.2008
13.1647
13.1323
13.1041
13.0785
13.0561
13.0355
13.0174
13.0009
12.9865
12.9732
12.9616
12.951
12.9417
12.9332
12.9257
12.9188
12.9127
12.9071
12.9021
12.8976
12.8935
12.8899
12.8864
12.8835
12.8805
12.8779
12.8753
12.873
12.8703
12.8682
12.8659
12.8644
12.8608
12.8569
12.8524
12.8481
12.8467
12.8534
12.8814
12.9484
13.0235
13.1223
13.2043
13.3004
13.3562
13.4325
13.4577
13.507
13.5265
13.5656
13.585
13.6102
13.6366
13.645
13.6779
13.6827
13.7076
13.7125
13.7373
13.7432
13.7653
13.7731
13.7952
13.8058
13.827
13.8433
13.8627
13.8838
13.9035
13.9267
13.9447
13.9762
16.1896
13.8455
13.1374
12.7291
12.4474
12.2323
12.067
11.9311
11.8219
11.7292
11.6535
11.587
11.5314
11.4816
11.4393
11.4016
11.369
11.3398
11.3145
11.2915
11.2713
11.2529
11.2367
11.2219
11.209
11.1972
11.1869
11.1774
11.1692
11.1616
11.1549
11.1488
11.1434
11.1385
11.1341
11.1301
11.1264
11.1233
11.1202
11.1175
11.1149
11.1125
11.1101
11.1078
11.1053
11.1032
11.1009
11.0991
11.0955
11.0916
11.0873
11.0836
11.0831
11.0912
11.1195
11.1813
11.2488
11.3353
11.4058
11.4871
11.5325
11.5958
11.6144
11.6548
11.6702
11.7027
11.7177
11.7389
11.7597
11.7667
11.7938
11.7972
11.8181
11.8221
11.8428
11.8477
11.8663
11.873
11.8918
11.9011
11.9192
11.9334
11.9503
11.9691
11.9861
12.0072
12.0224
12.0511
21.4011
18.2515
17.4405
16.9696
16.6393
16.3866
16.1922
16.0322
15.9036
15.7943
15.705
15.6267
15.5612
15.5025
15.4528
15.4084
15.3703
15.3361
15.3064
15.2795
15.256
15.2345
15.2157
15.1985
15.1835
15.1698
15.1579
15.1469
15.1374
15.1287
15.1211
15.114
15.1078
15.1022
15.0971
15.0925
15.0883
15.0847
15.081
15.0779
15.0747
15.0717
15.0686
15.0657
15.0623
15.0593
15.0559
15.0528
15.0476
15.0422
15.0365
15.0323
15.0329
15.0464
15.0839
15.1564
15.2328
15.3265
15.4
15.4823
15.5245
15.5855
15.5986
15.6373
15.6509
15.6824
15.6952
15.7154
15.7339
15.74
15.766
15.7676
15.7888
15.7919
15.8128
15.8173
15.8364
15.8432
15.8631
15.8737
15.8926
15.909
15.9268
15.949
15.9666
15.9929
16.0075
16.0418
68.2875
1.84955
1.0506
1.90634
2.50921
3.17174
3.78635
4.27708
4.64522
4.81366
5.69275
5.03903
4.41484
4.00715
2.63011
8.06149
337.03
7.36121
2.26389
2.32881
2.43121
2.40525
2.43039
2.45229
2.65822
2.59511
2.69271
2.75622
2.74112
3.13597
2.89907
2.86504
2.48489
2.62806
2.21461
2.46216
2.38074
2.30414
2.26944
2.18844
2.07854
2.06068
1.79085
1.64678
1.67226
2.61598
1.45827
2.50295
1.14964
1.949
14.2745
314.061
15.0595
1.24072
1.27865
1.31137
1.37864
1.40977
1.49546
1.54364
1.60522
1.60325
1.66027
1.71914
1.85086
1.80078
1.85117
1.89072
2.07136
2.10438
1.97722
2.0221
2.04617
2.06093
2.06679
2.06491
2.05378
2.03786
2.01171
1.97639
2.12563
2.02361
1.96824
1.91213
1.85437
1.79286
1.7354
1.67307
1.62337
1.58958
1.4108
1.49056
1.45484
1.27219
1.26929
1.21178
1.31078
77.3728
3.05262
1.12854
1.67989
2.11061
2.63244
3.13662
3.64326
4.10743
4.48348
4.75402
4.74635
3.41108
4.4638
2.99934
3.55434
77.269
3.95763
2.87969
2.58897
2.37502
2.18504
2.04155
1.92467
1.9521
1.93254
2.00862
2.10572
2.08126
2.18456
2.20629
2.24059
2.08504
2.20339
1.95682
2.16114
2.18115
2.19804
2.20865
2.14031
2.05984
2.10114
1.83245
1.70884
1.64799
1.99321
1.24628
1.5168
1.32515
1.36616
6.12715
72.9863
5.97233
1.68515
1.63192
1.58613
1.55717
1.54046
1.52686
1.50255
1.48273
1.46261
1.4648
1.46632
1.48385
1.44165
1.45045
1.44995
1.49431
1.47739
1.42046
1.43051
1.42639
1.41944
1.40857
1.39395
1.37523
1.35425
1.33066
1.30543
1.34208
1.28567
1.24659
1.20562
1.16511
1.12098
1.07941
1.03621
0.998552
0.965249
0.883137
0.905082
0.877836
0.797602
0.790869
0.761669
0.7979
80.3358
4.31269
1.56587
2.19846
2.73436
3.42278
4.10054
4.82599
5.50603
6.08155
6.3104
6.47047
4.45887
6.22549
4.55328
4.24796
11.3617
4.75379
4.18101
3.6959
3.28695
2.9451
2.65095
2.39585
2.31677
2.29912
2.38787
2.54958
2.51713
2.51794
2.6887
2.78031
2.67414
2.82493
2.58013
2.82092
2.88766
2.95229
2.97901
2.89666
2.82416
2.8877
2.60622
2.47256
2.28948
2.24482
1.83908
1.73075
1.98047
0.776683
2.88467
10.7538
2.89649
2.45045
2.35057
2.26489
2.18476
2.13981
2.07683
2.00828
1.93983
1.90094
1.8736
1.84313
1.80198
1.74573
1.73266
1.70651
1.68604
1.62871
1.58852
1.58035
1.55505
1.5296
1.50143
1.47019
1.43614
1.40034
1.36588
1.3336
1.31013
1.25459
1.20592
1.15369
1.10376
1.04859
0.996363
0.944225
0.895253
0.84437
0.794096
0.782166
0.746013
0.7047
0.691281
0.669121
0.67252
82.096
5.33618
2.12326
2.96241
3.65353
4.52371
5.37066
6.26223
7.08265
7.76561
8.08603
8.25224
7.25161
7.87725
6.28259
6.38543
6.09162
6.03529
5.44339
4.87646
4.38599
3.95436
3.5784
3.24367
3.10895
3.06588
3.15914
3.35583
3.31922
3.33602
3.53299
3.64749
3.51336
3.70027
3.40658
3.69061
3.76516
3.84865
3.86822
3.7678
3.71629
3.76577
3.55262
3.46258
3.29296
3.13448
2.7218
2.65124
3.07605
1.24794
3.22108
2.12947
3.37227
3.2126
3.09329
2.99396
2.89703
2.83715
2.76238
2.67635
2.59115
2.53741
2.49906
2.45681
2.40057
2.32755
2.30518
2.26667
2.23046
2.15167
2.10112
2.08399
2.04608
2.00817
1.96684
1.92155
1.87279
1.82173
1.77304
1.72789
1.6787
1.60573
1.5385
1.46588
1.39651
1.31965
1.24633
1.17354
1.10352
1.02851
0.975992
0.942585
0.889659
0.853409
0.831136
0.803913
0.790101
82.7709
6.15535
2.65811
3.6833
4.49987
5.50737
6.48163
7.49494
8.41586
9.17549
9.57702
9.74622
9.49632
9.3061
7.98097
8.28676
7.77047
7.21616
6.56529
5.93826
5.38707
4.88844
4.4537
4.06554
3.885
3.81191
3.89799
4.10493
4.06502
4.11651
4.30734
4.43446
4.27476
4.48916
4.17354
4.47379
4.54761
4.65067
4.65486
4.54405
4.53588
4.55941
4.43505
4.40465
4.26955
4.05629
3.684
3.71014
4.19949
2.90915
4.24788
2.8492
4.079
3.8978
3.76501
3.65608
3.54972
3.47755
3.39874
3.30264
3.20981
3.14325
3.09828
3.05014
2.99158
2.90574
2.87757
2.83245
2.79659
2.70952
2.64389
2.62081
2.57624
2.53119
2.48186
2.42767
2.3691
2.30763
2.24804
2.19243
2.13745
2.04798
1.96612
1.87753
1.79255
1.69836
1.60807
1.51803
1.43116
1.33908
1.27139
1.22791
1.16216
1.11546
1.08506
1.04911
1.02978
82.1048
6.81512
3.15525
4.3303
5.24768
6.36344
7.43987
8.55183
9.55489
10.3801
10.8507
11.0386
11.0632
10.6136
9.60723
9.78378
9.08423
8.32778
7.61612
6.93094
6.31659
5.75477
5.25992
4.81757
4.57963
4.47037
4.53755
4.74089
4.69904
4.77197
4.96486
5.10938
4.94835
5.18086
4.88568
5.1712
5.2436
5.37095
5.36045
5.25112
5.29718
5.30021
5.24517
5.26762
5.15791
4.9332
4.6672
4.74544
5.15543
4.4822
5.04138
4.61278
4.71138
4.53443
4.38754
4.26672
4.1497
4.06447
3.97903
3.87211
3.77053
3.69118
3.63776
3.58259
3.51916
3.42276
3.38734
3.33553
3.29715
3.20328
3.12582
3.09623
3.04585
2.9947
2.93876
2.87736
2.81097
2.74129
2.67284
2.60924
2.55038
2.44839
2.35568
2.25522
2.15894
2.05215
1.94967
1.84729
1.74886
1.64567
1.56464
1.51584
1.44321
1.38553
1.34928
1.30619
1.28635
79.8591
7.33449
3.63202
4.9299
5.93253
7.13705
8.29866
9.4933
10.567
11.4529
11.9897
12.2148
12.3082
11.8645
11.1318
11.042
10.2196
9.42671
8.65709
7.914
7.23309
6.60766
6.04746
5.54462
5.23618
5.07783
5.11068
5.29564
5.25261
5.33544
5.53807
5.70752
5.57001
5.81335
5.57183
5.82209
5.89356
6.04525
6.02634
5.93063
6.0288
6.02679
6.01833
6.08275
5.99957
5.80684
5.63744
5.72196
5.96776
5.63814
5.70171
5.52062
5.33681
5.15598
4.99325
4.85801
4.72793
4.62853
4.53296
4.41347
4.30078
4.20814
4.14403
4.08002
4.00801
3.90188
3.85737
3.79786
3.75263
3.65097
3.56428
3.52724
3.4706
3.41306
3.35044
3.28197
3.20807
3.13063
3.05382
2.98321
2.91811
2.80558
2.70334
2.59247
2.48652
2.36887
2.25598
2.14315
2.03509
1.92225
1.83178
1.77752
1.7003
1.63502
1.59415
1.54554
1.52517
75.9246
7.71673
4.10511
5.50615
6.5835
7.86154
9.09482
10.359
11.4951
12.4396
13.0446
13.3249
13.441
13.0887
12.5522
12.2153
11.3714
10.5514
9.72862
8.92886
8.1798
7.48929
6.85855
6.2884
5.8987
5.67522
5.65411
5.80288
5.75591
5.84011
6.05348
6.25426
6.16067
6.41187
6.24271
6.45218
6.52414
6.69587
6.6782
6.60636
6.74665
6.7588
6.78431
6.87977
6.82654
6.68522
6.57766
6.63301
6.70753
6.52294
6.35116
6.18185
5.98094
5.78754
5.60734
5.45565
5.31031
5.19569
5.08713
4.95356
4.82779
4.7212
4.64462
4.57032
4.48721
4.37143
4.31636
4.24835
4.19359
4.0832
3.9884
3.94319
3.87973
3.81529
3.74557
3.66973
3.58811
3.50274
3.41747
3.33994
3.26684
3.14445
3.03287
2.91191
2.79669
2.66868
2.54584
2.42309
2.30592
2.18346
2.08563
2.02505
1.94367
1.87285
1.82774
1.7742
1.75226
70.3258
7.95953
4.58696
6.07605
7.22032
8.55854
9.85148
11.1735
12.3652
13.3676
14.0445
14.3966
14.546
14.2993
13.8904
13.394
12.5719
11.7257
10.8562
10.0027
9.18587
8.42894
7.72351
7.08004
6.60115
6.29696
6.19922
6.29226
6.23214
6.30855
6.52684
6.76175
6.72585
6.98715
6.89627
7.07311
7.1484
7.33418
7.32837
7.28763
7.4583
7.50194
7.55912
7.67662
7.65406
7.56236
7.48688
7.4943
7.43573
7.28974
7.03979
6.85211
6.65724
6.4478
6.24889
6.07918
5.91673
5.78584
5.66213
5.51331
5.37286
5.25156
5.16113
5.07541
4.97958
4.85381
4.78705
4.7099
4.64409
4.5242
4.4215
4.36751
4.29667
4.22472
4.14733
4.06358
3.97375
3.87999
3.78586
3.70104
3.61871
3.48645
3.36521
3.23398
3.10929
2.97088
2.83798
2.70532
2.579
2.44664
2.34217
2.27445
2.18861
2.11295
2.0635
2.00488
1.98034
63.2156
8.06377
5.08664
6.65163
7.85658
9.24254
10.5838
11.9523
13.1936
14.2536
15.005
15.4435
15.6471
15.5022
15.1765
14.6159
13.8249
12.9621
12.0544
11.1524
10.2705
9.44672
8.6641
7.94291
7.36965
6.97174
6.7765
6.79195
6.70214
6.75805
6.96824
7.23365
7.26118
7.539
7.5243
7.68592
7.76912
7.96429
7.98001
7.97436
8.16631
8.25348
8.34599
8.48128
8.48885
8.43691
8.37586
8.33404
8.19304
8.04131
7.78366
7.58058
7.37811
7.15145
6.93306
6.74411
6.56311
6.41495
6.27447
6.10954
5.95312
5.81631
5.71091
5.61288
5.50324
5.36694
5.28749
5.2006
5.12282
4.99274
4.88183
4.8184
4.73953
4.65935
4.57357
4.48122
4.38249
4.27966
4.1761
4.08325
3.99069
3.84814
3.71659
3.57461
3.43988
3.29073
3.14737
3.00446
2.86863
2.72603
2.61485
2.53913
2.44816
2.36751
2.31321
2.24899
2.22066
54.8804
8.04112
5.6109
7.24175
8.50212
9.92392
11.3023
12.7062
13.9906
15.1067
15.9343
16.4695
16.7449
16.6974
16.4372
15.8856
15.1288
14.2636
13.3287
12.3863
11.4448
10.5556
9.69574
8.89489
8.22482
7.72413
7.41589
7.33176
7.18868
7.20618
7.38834
7.67066
7.75875
8.05915
8.11553
8.28334
8.38088
8.58432
8.62934
8.66021
8.86914
9.00602
9.13993
9.29514
9.33422
9.31413
9.26101
9.18159
9.00259
8.83423
8.58856
8.37159
8.15442
7.9105
7.67238
7.46344
7.26291
7.09661
6.93824
6.75664
6.58324
6.4302
6.30899
6.19789
6.07372
5.92624
5.83325
5.73603
5.64557
5.50467
5.38495
5.3114
5.22377
5.13453
5.03951
4.93771
4.82924
4.71652
4.60281
4.50093
4.39704
4.24354
4.1008
3.94738
3.80181
3.64133
3.48689
3.33316
3.1872
3.03394
2.91547
2.8307
2.73361
2.64724
2.58721
2.51652
2.48301
45.7455
7.92297
6.16483
7.85308
9.16437
10.6106
12.0149
13.4425
14.7626
15.9311
16.8349
17.4707
17.832
17.8795
17.6865
17.1898
16.4749
15.6241
14.6763
13.7047
12.713
11.7625
10.8286
9.94947
9.1833
8.57511
8.14534
7.94162
7.72236
7.67443
7.80446
8.07665
8.21287
8.53519
8.6585
8.85012
8.97104
9.18607
9.26658
9.33462
9.56045
9.74916
9.93134
10.1151
10.191
10.2018
10.1588
10.0602
9.87454
9.69323
9.45812
9.228
8.99505
8.73479
8.47742
8.24836
8.02788
7.84288
7.6661
7.46768
7.2766
7.10684
6.96926
6.84451
6.70538
6.54613
6.43895
6.33078
6.22707
6.07488
5.94562
5.86122
5.76405
5.66483
5.55963
5.44743
5.32825
5.2047
5.07999
4.9678
4.85134
4.68605
4.53106
4.36534
4.20786
4.03528
3.8689
3.70356
3.54665
3.3822
3.25542
3.16028
3.05578
2.96238
2.89527
2.81693
2.77647
36.364
7.75899
6.75257
8.49069
9.8491
11.3091
12.7277
14.167
15.5133
16.7275
17.7043
18.4386
18.8964
19.0378
18.9233
18.5059
17.8463
17.0289
16.0861
15.1002
14.0721
13.0685
12.0678
11.116
10.2583
9.54256
8.98961
8.65289
8.33687
8.19309
8.24422
8.4653
8.62533
8.95658
9.13992
9.36663
9.52074
9.75421
9.87594
9.98276
10.2286
10.4695
10.7074
10.9333
11.0565
11.1052
11.081
10.9834
10.8101
10.6241
10.3947
10.1535
9.90656
9.63206
9.35689
9.10839
8.86833
8.66459
8.4696
8.25478
8.04583
7.85926
7.70512
7.56647
7.41225
7.24088
7.11913
6.99951
6.88213
6.71837
6.57883
6.48288
6.37537
6.26524
6.14884
6.0252
5.89427
5.75884
5.6221
5.49813
5.36767
5.18961
5.0211
4.84207
4.6714
4.48573
4.30635
4.12836
3.9594
3.78303
3.64651
3.53935
3.42571
3.32341
3.24735
3.1598
3.11012
27.3771
7.61719
7.3783
9.15829
10.5606
12.0245
13.4457
14.884
16.2452
17.4948
18.5375
19.3629
19.9216
20.1584
20.1333
19.8076
19.2204
18.4568
17.5405
16.5587
15.5129
14.4694
13.4147
12.4001
11.4599
10.6417
9.96987
9.49512
9.06708
8.80253
8.74219
8.86945
9.01291
9.32321
9.55035
9.8131
10.0067
10.2668
10.4354
10.5851
10.8558
11.1494
11.451
11.736
11.922
12.0225
12.0312
11.9536
11.804
11.623
11.398
11.15
10.8927
10.6075
10.3173
10.0511
9.79283
9.57118
9.35913
9.12909
8.90282
8.69996
8.52967
8.37738
8.20844
8.02494
7.88857
7.75726
7.62609
7.45082
7.30038
7.19224
7.07364
6.95168
6.82308
6.68694
6.54315
6.39472
6.24478
6.10737
5.96134
5.76937
5.5859
5.39234
5.20694
5.00696
4.81327
4.6213
4.43887
4.24957
4.10137
3.98016
3.85519
3.74147
3.65403
3.55516
3.49342
19.4391
7.54985
8.04782
9.85819
11.3017
12.761
14.1733
15.5969
16.9595
18.2315
19.3284
20.233
20.8896
21.2273
21.2951
21.0692
20.5726
19.8838
19.0178
18.0621
17.0213
15.9568
14.8664
13.8041
12.7949
11.8853
11.1041
10.4945
9.94613
9.54705
9.34193
9.34026
9.41372
9.65606
9.8938
10.1768
10.4071
10.6978
10.9174
11.1161
11.4178
11.7656
12.1395
12.5018
12.7703
12.9419
13.0033
12.9626
12.8461
12.6803
12.4639
12.2156
11.9535
11.6629
11.362
11.0815
10.8077
10.5701
10.3433
10.1003
9.8583
9.64052
9.45534
9.29041
9.10794
8.91295
8.76235
8.61954
8.47485
8.28857
8.12689
8.00611
7.87583
7.74125
7.59954
7.44988
7.29213
7.12954
6.96511
6.81245
6.64915
6.44201
6.24195
6.03243
5.8305
5.61471
5.40507
5.19744
4.99973
4.79607
4.63372
4.49597
4.35695
4.22861
4.12671
4.0138
3.93659
13.1012
7.59502
8.75857
10.591
12.0733
13.5213
14.9135
16.3089
17.6579
18.9367
20.0732
21.0433
21.7864
22.232
22.3915
22.272
21.8834
21.2895
20.4988
19.5933
18.5831
17.5211
16.4188
15.329
14.2692
13.2839
12.4077
11.6733
11.0038
10.4662
10.1003
9.93276
9.88727
10.0079
10.2001
10.4651
10.7119
11.0247
11.2935
11.5458
11.8847
12.2883
12.7422
13.2001
13.5738
13.8404
13.9786
13.9927
13.92
13.7819
13.583
13.3434
13.0845
12.7958
12.4906
12.2008
11.9158
11.6657
11.4281
11.1756
10.921
10.6908
10.4932
10.3177
10.1239
9.91899
9.75537
9.60197
9.44476
9.24844
9.07556
8.9419
8.79965
8.65197
8.49643
8.3324
8.15972
7.98184
7.80157
7.63176
7.44949
7.22576
7.00732
6.7802
6.55966
6.32623
6.09864
5.87323
5.65797
5.43789
5.2584
5.1011
4.9447
4.79785
4.67773
4.5473
4.45067
8.66752
7.78838
9.49943
11.3545
12.8731
14.3057
15.6679
17.0226
18.3429
19.613
20.7733
21.7944
22.6126
23.1686
23.4217
23.4133
23.148
22.6675
21.9758
21.1449
20.1913
19.1583
18.0709
16.9769
15.8892
14.8488
13.8948
13.0508
12.2664
11.5941
11.0659
10.7133
10.5
10.4613
10.5347
10.7205
10.9399
11.2439
11.5444
11.8462
12.2243
12.6829
13.2218
13.7915
14.2941
14.6837
14.9263
15.0192
15.0029
14.9085
14.7399
14.5207
14.2753
13.9981
13.6973
13.4055
13.1159
12.8587
12.6157
12.3589
12.0965
11.858
11.6518
11.4691
11.2677
11.0557
10.8815
10.7194
10.5516
10.347
10.1637
10.0174
9.86337
9.70246
9.53275
9.35376
9.16537
8.97122
8.77378
8.58494
8.38205
8.14022
7.90149
7.65484
7.41336
7.16008
6.91211
6.66632
6.43068
6.19144
5.99118
5.81078
5.63302
5.46314
5.32034
5.16806
5.04743
6.03184
8.19586
10.2573
12.1416
13.6938
15.1101
16.4356
17.7401
19.0195
20.2683
21.44
22.5013
23.3877
24.0495
24.4153
24.5171
24.3879
24.0366
23.4642
22.7301
21.8564
20.8786
19.8322
18.7578
17.6657
16.5937
15.5815
14.6448
13.7568
12.9594
12.277
11.7378
11.3351
11.0934
10.9977
11.0314
11.1557
11.3917
11.6804
12.0067
12.413
12.9176
13.5386
14.2307
14.8848
15.4277
15.8064
16.0068
16.0686
16.0337
15.9126
15.7284
15.5096
15.2556
14.9705
14.6865
14.401
14.1445
13.9036
13.6495
13.3863
13.1454
12.9364
12.7515
12.5478
12.3332
12.1524
11.9848
11.8098
11.5998
11.4077
11.2499
11.0849
10.9114
10.7278
10.5337
10.3293
10.1181
9.90233
9.69273
9.46773
9.2062
8.94517
8.67682
8.41181
8.13605
7.8648
7.59546
7.33599
7.07405
6.84877
6.64114
6.43738
6.23934
6.06868
5.88941
5.73942
4.80271
8.75475
11.0162
12.9367
14.5199
15.9227
17.2104
18.4615
19.6947
20.9178
22.0978
23.1992
24.1589
24.9241
25.4267
25.6498
25.6628
25.4528
25.0146
24.3942
23.6175
22.7163
21.7316
20.6963
19.6207
18.5385
17.487
16.476
15.4972
14.5865
13.7632
13.0482
12.453
11.9961
11.6847
11.5154
11.4764
11.562
11.7666
12.0602
12.4588
12.9817
13.6652
14.4775
15.2992
16.0245
16.5742
16.9151
17.0847
17.1296
17.0733
16.9418
16.765
16.5481
16.2924
16.0285
15.7587
15.513
15.2836
15.0413
14.7867
14.5518
14.3477
14.1675
13.9689
13.7583
13.5768
13.4086
13.2311
13.02
12.8223
12.6553
12.4811
12.2965
12.1001
11.8918
11.6714
11.443
11.2081
10.9763
10.7279
10.4451
10.1598
9.86734
9.57599
9.27469
8.97678
8.68014
8.39277
8.10377
7.84855
7.60896
7.37393
7.14207
6.93759
6.72538
6.53972
4.48835
9.37296
11.753
13.7113
15.3239
16.7209
17.9781
19.1831
20.3778
21.5856
22.7875
23.9475
25.0019
25.8876
26.5431
26.9296
27.0761
27.0156
26.7207
26.2226
25.551
24.7378
23.8248
22.8388
21.792
20.714
19.6368
18.5672
17.5105
16.4979
15.5462
14.6727
13.8947
13.2289
12.6904
12.2882
12.0205
11.9085
11.9396
12.1101
12.4333
12.918
13.6148
14.5217
15.5102
16.4381
17.1911
17.708
18.0172
18.1707
18.1949
18.1351
18.017
17.8523
17.6416
17.4126
17.1723
16.9502
16.7437
16.5244
16.2903
16.072
15.8829
15.7163
15.5323
15.3346
15.1605
14.9984
14.8252
14.6188
14.4202
14.2476
14.0674
13.8746
13.6677
13.4466
13.2114
12.966
12.7116
12.4568
12.1842
11.8786
11.567
11.2479
10.9272
10.5969
10.2685
9.94026
9.62027
9.29907
9.00838
8.73146
8.45926
8.18743
7.94248
7.69062
7.46162
4.56863
9.95919
12.4276
14.417
16.0605
17.4662
18.7127
19.8949
21.0779
22.3032
23.5662
24.8295
26.024
27.072
27.9045
28.4864
28.7857
28.8631
28.7147
28.3376
27.7669
27.0386
26.1929
25.2528
24.2337
23.1616
22.0625
20.943
19.8171
18.7117
17.6426
16.6249
15.6815
14.8233
14.069
13.4329
12.9216
12.5613
12.3594
12.3456
12.4934
12.8581
13.4865
14.4271
15.5496
16.6758
17.6498
18.3718
18.85
19.1365
19.2673
19.2896
19.2472
19.1495
18.9997
18.8219
18.6266
18.4426
18.2719
18.0885
17.8889
17.7004
17.5382
17.3962
17.2381
17.0644
16.9082
16.7608
16.6
16.406
16.2133
16.0404
15.8587
15.6616
15.4475
15.2162
14.9681
14.7067
14.4333
14.1551
13.8577
13.528
13.1884
12.8398
12.4868
12.1237
11.7605
11.3958
11.0379
10.6787
10.3464
10.0261
9.71029
9.39187
9.09912
8.80018
8.51926
4.78855
10.4324
12.9694
14.9797
16.6604
18.0995
19.3712
20.5746
21.7976
23.1018
24.4963
25.9392
27.347
28.621
29.6774
30.4699
30.9538
31.1522
31.1393
30.8702
30.383
29.7203
28.9208
28.0079
27
25.9207
24.7913
23.6201
22.4259
21.2316
20.0529
18.9043
17.8092
16.7811
15.835
14.9848
14.2444
13.6395
13.1885
12.9237
12.8837
13.0437
13.5064
14.3836
15.57
16.8441
18.0202
18.9512
19.6124
20.0467
20.2984
20.4218
20.4606
20.4404
20.3657
20.2542
20.1193
19.9884
19.8667
19.7329
19.5827
19.4388
19.317
19.2118
19.0919
18.955
18.8283
18.7056
18.5669
18.3943
18.2157
18.049
17.8712
17.6748
17.4576
17.2196
16.9611
16.6854
16.3938
16.0923
15.7698
15.4146
15.0453
14.6646
14.276
13.876
13.4732
13.0669
12.6651
12.2615
11.8809
11.5107
11.1441
10.772
10.4235
10.0694
9.72705
4.98165
10.6718
13.2648
15.294
17.0277
18.5375
19.8881
21.1783
22.5192
23.9942
25.6243
27.3558
29.077
30.6564
31.987
33.007
33.6785
34.0008
34.0812
33.897
33.4623
32.8314
32.0441
31.1268
30.1014
28.9901
27.812
26.5782
25.309
24.0243
22.7404
21.4723
20.2417
19.063
17.9547
16.9275
15.9942
15.1811
14.5131
14.0262
13.7571
13.756
14.0066
14.7133
15.8762
17.2131
18.5153
19.6076
20.4282
20.9999
21.3685
21.5925
21.7203
21.7795
21.7807
21.7475
21.6846
21.6191
21.5577
21.4856
21.3986
21.3135
21.2449
21.1883
21.1186
21.0307
20.9449
20.8569
20.7495
20.607
20.4508
20.2971
20.1285
19.9376
19.7215
19.48
19.2134
18.925
18.6158
18.2913
17.9429
17.5609
17.1598
16.7439
16.3161
15.8748
15.4273
14.9735
14.5215
14.0664
13.6303
13.2028
12.7778
12.3444
11.9317
11.5134
11.0995
4.96881
10.5591
13.1798
15.2345
17.0405
18.6753
20.1738
21.6301
23.1874
24.9561
26.9616
29.121
31.2722
33.2351
34.874
36.1194
36.9532
37.3763
37.5071
37.3552
36.9276
36.2836
35.4666
34.5073
33.4308
32.2595
31.0117
29.7014
28.3483
26.9713
25.5873
24.2127
22.8677
21.5676
20.3312
19.1736
18.1093
17.1571
16.3478
15.7192
15.3129
15.1989
15.3361
15.8823
16.9469
18.2367
19.5423
20.6838
21.5801
22.2324
22.6804
22.9799
23.1795
23.31
23.386
23.4238
23.4347
23.4396
23.4437
23.4397
23.4248
23.4078
23.4011
23.4007
23.3886
23.3578
23.3202
23.2731
23.2027
23.0957
22.9668
22.8298
22.673
22.4895
22.276
22.032
21.7578
21.4563
21.1288
20.7798
20.4036
19.992
19.5562
19.1013
18.6299
18.1418
17.6438
17.136
16.6267
16.1125
15.613
15.1201
14.6284
14.1256
13.6396
13.1474
12.651
4.87048
10.1994
12.8361
14.9373
16.8344
18.5558
20.1704
21.8213
23.6545
25.8009
28.2692
30.9193
33.5164
35.8284
37.7039
39.0867
39.9859
40.4365
40.5568
40.3713
39.8994
39.201
38.3227
37.2988
36.1561
34.9171
33.6001
32.2207
30.7983
29.3515
27.8986
26.4576
25.0487
23.6889
22.3972
21.1918
20.0909
19.1176
18.3006
17.6766
17.2857
17.1952
17.3662
17.9467
18.9389
20.1188
21.3134
22.371
23.2168
23.8463
24.2942
24.6096
24.836
25.0022
25.1229
25.2108
25.2771
25.3374
25.3968
25.45
25.4941
25.5358
25.5833
25.6334
25.6712
25.689
25.6937
25.6828
25.6457
25.5707
25.4671
25.3466
25.2015
25.0261
24.8169
24.5733
24.2953
23.9857
23.6458
23.2793
22.8827
22.4493
21.9876
21.5026
20.9973
20.4723
19.9337
19.3822
18.826
18.263
17.7109
17.1635
16.6161
16.0555
15.5075
14.9522
14.3837
4.66903
9.67956
12.352
14.539
16.5336
18.3612
20.1111
21.9395
24.0511
26.5851
29.5098
32.6077
35.5701
38.1291
40.1392
41.5725
42.4696
42.9033
42.9791
42.747
42.2206
41.4644
40.5281
39.4475
38.2503
36.9587
35.5912
34.1647
32.6982
31.2111
29.723
28.2534
26.8234
25.4521
24.1598
22.9667
21.8943
20.9676
20.2151
19.6702
19.3633
19.3571
19.6199
20.2652
21.1938
22.2623
23.3252
24.2622
25.0152
25.5829
25.9971
26.3006
26.5308
26.7127
26.8591
26.9798
27.0844
27.1845
27.2845
27.3806
27.4699
27.5566
27.6461
27.7351
27.8115
27.8676
27.9066
27.9247
27.9141
27.8664
27.7854
27.681
27.5488
27.384
27.1833
26.9458
26.6715
26.3627
26.0207
25.6489
25.245
24.8036
24.3312
23.8325
23.3106
22.7664
22.2059
21.6298
21.0464
20.4546
19.8706
19.2893
18.7074
18.1107
17.5228
16.9255
16.3065
4.41407
9.1348
11.9138
14.2412
16.3544
18.277
20.1451
22.17
24.5999
27.56
30.9495
34.4566
37.7071
40.4239
42.4901
43.9154
44.7724
45.1558
45.1738
44.8956
44.3097
43.4959
42.505
41.3738
40.1301
38.7961
37.3908
35.9319
34.4386
32.9311
31.4301
29.957
28.534
27.182
25.923
24.7788
23.7725
22.9295
22.2761
21.8401
21.655
21.7319
22.0934
22.758
23.6188
24.5725
25.4994
26.3083
26.9584
27.454
27.8244
28.1065
28.3317
28.5203
28.6827
28.8267
28.9595
29.09
29.2215
29.3511
29.4758
29.5977
29.7199
29.8394
29.9459
30.032
30.0983
30.1405
30.1518
30.1265
30.0658
29.9769
29.8579
29.705
29.5151
29.2873
29.0214
28.7193
28.3824
28.0134
27.6112
27.1712
26.6985
26.1973
25.6706
25.1197
24.5499
23.9624
23.3652
22.758
22.1555
21.554
20.9511
20.3323
19.7184
19.0922
18.4358
4.17807
8.60316
11.5658
14.1181
16.3809
18.383
20.378
22.6564
25.4759
28.9048
32.7482
36.5966
40.0391
42.8226
44.8771
46.2518
47.0441
47.3589
47.3232
46.9893
46.3415
45.4715
44.43
43.2539
41.9712
40.6045
39.1728
37.6945
36.1893
34.678
33.1825
31.7252
30.3296
29.0182
27.814
26.7396
25.8183
25.0735
24.5279
24.2018
24.1252
24.2793
24.7089
25.3532
26.1382
26.9755
27.7704
28.4566
29.0082
29.4338
29.7607
30.0199
30.2371
30.4286
30.6021
30.7635
30.9182
31.0726
31.2292
31.3852
31.5377
31.6872
31.8352
31.9785
32.1087
32.2185
32.3067
32.3692
32.3999
32.3935
32.3516
32.2783
32.1733
32.034
31.8577
31.6432
31.3902
31.1002
30.7746
30.4158
30.0232
29.593
29.1292
28.6352
28.1141
27.5671
26.9993
26.4118
25.8123
25.2013
24.5921
23.9817
23.3691
22.7396
22.1111
21.4667
20.784
3.95283
8.11216
11.3275
14.1844
16.6201
18.7541
20.9419
23.5482
26.8205
30.7394
34.9865
39.0747
42.6006
45.3656
47.3537
48.6475
49.3599
49.6022
49.5145
49.1141
48.4047
47.4817
46.3945
45.1803
43.8673
42.4781
41.032
39.5477
38.0451
36.5456
35.0715
33.6464
32.294
31.0378
29.9011
28.9064
28.0753
27.4283
26.9829
26.7514
26.7534
26.9722
27.4218
28.0225
28.722
29.4438
30.1154
30.6898
31.1529
31.5162
31.8039
32.0421
32.2513
32.4439
32.6258
32.8008
32.9728
33.1462
33.3227
33.4997
33.674
33.8452
34.0133
34.1754
34.3242
34.4529
34.5593
34.6391
34.6872
34.6983
34.6743
34.6171
34.5275
34.4038
34.2437
34.0459
33.8102
33.5375
33.2291
32.887
32.511
32.0982
31.6514
31.1734
30.667
30.1336
29.5775
29.0001
28.4087
27.8041
27.1983
26.5891
25.9765
25.3463
24.7131
24.0599
23.3611
3.73742
7.66405
11.2169
14.4594
17.1755
19.4983
21.9531
24.9576
28.7293
33.1149
37.668
41.8712
45.3746
48.0508
49.933
51.1268
51.7508
51.9217
51.7804
51.3079
50.54
49.5689
48.4427
47.1986
45.8651
44.4646
43.0168
41.5403
40.0551
38.5825
37.145
35.7662
34.4699
33.2795
32.2175
31.3052
30.5617
30.0035
29.6425
29.489
29.5388
29.7937
30.2226
30.7647
31.3722
31.9825
32.5412
33.0168
33.4031
33.7126
33.9666
34.1863
34.3879
34.5807
34.7686
34.9541
35.1396
35.3279
35.5198
35.7129
35.904
36.0916
36.2751
36.4517
36.6151
36.7589
36.8803
36.9751
37.0389
37.0668
37.0596
37.0197
36.9466
36.8405
36.6991
36.5213
36.3065
36.0555
35.7694
35.4497
35.0966
34.7076
34.2849
33.8305
33.347
32.8355
32.3
31.7419
31.1677
30.5787
29.9855
29.3865
28.7827
28.1605
27.5317
26.8787
26.1738
3.53213
7.24795
11.2385
15.0335
18.1304
20.6968
23.4877
26.9607
31.2424
36.0132
40.7372
44.928
48.3205
50.8581
52.6105
53.6941
54.2268
54.3299
54.1321
53.5868
52.7661
51.7534
50.596
49.3312
47.9877
46.588
45.1516
43.697
42.2439
40.813
39.4265
38.1071
36.8781
35.7616
34.7788
33.9483
33.2864
32.805
32.5106
32.4103
32.486
32.7442
33.1301
33.6014
34.1146
34.6194
35.0766
35.4658
35.7859
36.0495
36.2744
36.4778
36.6719
36.8635
37.0551
37.2478
37.4428
37.6417
37.8447
38.0491
38.2519
38.4511
38.6455
38.8324
39.0063
39.1615
39.2949
39.4024
39.48
39.5235
39.5325
39.5099
39.4543
39.3669
39.246
39.0904
38.8994
38.6736
38.4137
38.121
37.7958
37.4361
37.0433
36.6189
36.1651
35.6828
35.1756
34.6446
34.0958
33.5307
32.9584
32.3779
31.7908
31.1849
30.5688
29.9248
29.2243
3.33722
6.85254
11.3899
16.0023
19.5427
22.4138
25.6217
29.6008
34.3392
39.3606
44.1078
48.1773
51.397
53.7669
55.3782
56.3487
56.7919
56.8323
56.5743
55.9606
55.0942
54.0472
52.8671
51.5912
50.2483
48.8613
47.4493
46.0305
44.6238
43.2491
41.9274
40.6802
39.529
38.4941
37.5942
36.8449
36.2587
35.843
35.5996
35.531
35.6145
35.8507
36.1808
36.5743
36.9939
37.4008
37.7674
38.0812
38.3442
38.5679
38.7671
38.955
39.1408
39.3292
39.5213
39.7174
39.9175
40.1223
40.3311
40.5417
40.7508
40.9563
41.1566
41.3489
41.5289
41.6913
41.8328
41.9497
42.0383
42.0951
42.1191
42.1122
42.0742
42.0053
41.9053
41.7728
41.607
41.4082
41.1769
40.9142
40.6203
40.2936
39.935
39.5454
39.1267
38.6795
38.2068
37.7096
37.1932
36.6592
36.1153
35.5608
34.9978
34.4157
33.8203
33.1941
32.5085
3.15268
6.47825
11.7547
17.4892
21.5167
24.729
28.4044
32.8657
37.942
43.053
47.6918
51.5627
54.5743
56.7646
58.2334
59.0935
59.451
59.4356
59.1133
58.4395
57.5347
56.4612
55.2665
53.9887
52.6568
51.2937
49.9184
48.5486
47.202
45.8975
44.6543
43.492
42.4296
41.4848
40.6729
40.0061
39.4926
39.1356
38.9326
38.8817
38.9597
39.1588
39.4273
39.7416
40.0719
40.3894
40.6755
40.9232
41.1362
41.3245
41.4998
41.672
41.8478
42.03
42.2188
42.4136
42.6136
42.8185
43.0273
43.2378
43.4469
43.6523
43.8522
44.0441
44.2242
44.388
44.5323
44.6537
44.7489
44.8147
44.8503
44.856
44.8332
44.7808
44.6999
44.5892
44.4477
44.2756
44.0732
43.8412
43.5797
43.2876
42.9653
42.6134
42.233
41.8247
41.3909
40.9326
40.454
39.9569
39.4474
38.9254
38.3931
37.8416
37.2742
36.6743
36.0136
2.98106
6.15314
12.4455
19.6662
24.1357
27.6843
31.8257
36.6809
41.9369
46.9858
51.4206
55.0499
57.8403
59.8514
61.1824
61.9383
62.2187
62.1523
61.7602
61.0374
60.1004
59.0072
57.8057
56.5341
55.2224
53.8933
52.566
51.2572
49.9839
48.7632
47.6121
46.5478
45.5864
44.7419
44.0259
43.4467
43.0079
42.7088
42.5432
42.5047
42.5714
42.7292
42.9374
43.1774
43.4263
43.6644
43.8799
44.07
44.2389
44.3951
44.5475
44.7032
44.8668
45.0394
45.2203
45.4082
45.6019
45.8003
46.002
46.2049
46.4061
46.6033
46.7948
46.9782
47.1504
47.3077
47.447
47.5652
47.6597
47.7276
47.7679
47.7806
47.7669
47.7261
47.6596
47.5662
47.4449
47.2959
47.1193
46.9155
46.6846
46.4256
46.1387
45.8241
45.4825
45.1143
44.7212
44.3041
43.8665
43.4098
42.939
42.4543
41.9575
41.4421
40.9086
40.3426
39.7157
2.82842
5.96547
13.6233
22.6148
27.375
31.2077
35.7445
40.8534
46.1222
50.9908
55.1675
58.5414
61.114
62.9542
64.1557
64.8146
65.0232
64.9061
64.4458
63.6806
62.7155
61.6065
60.4018
59.1403
57.8526
56.5619
55.2871
54.0445
52.8498
51.7182
50.6647
49.7034
48.8469
48.1057
47.4874
46.9958
46.6307
46.3873
46.2568
46.2295
46.285
46.4056
46.5616
46.7386
46.9197
47.092
47.2491
47.3908
47.5215
47.6484
47.778
47.9155
48.0633
48.2214
48.3882
48.5622
48.7416
48.9248
49.1101
49.2955
49.4786
49.6572
49.8296
49.9937
50.1471
50.2866
50.4096
50.5135
50.5958
50.6544
50.6882
50.6967
50.6812
50.6415
50.579
50.4925
50.3811
50.245
50.0844
49.8993
49.6898
49.4551
49.1951
48.9097
48.5994
48.2644
47.9058
47.5245
47.1229
46.7026
46.2673
45.8175
45.3546
44.8739
44.3742
43.8427
43.2514
2.70472
5.95043
15.5301
26.2061
31.0721
35.1161
39.9264
45.1329
50.2783
54.8996
58.8051
61.9347
64.308
65.9957
67.0838
67.6577
67.8041
67.6395
67.1206
66.3216
65.3346
64.2147
63.0107
61.7625
60.5011
59.2503
58.0289
56.8526
55.7358
54.6917
53.7329
52.8704
52.1135
51.4688
50.9398
50.5266
50.2254
50.0286
49.9249
49.903
49.9442
50.0304
50.1408
50.2642
50.3889
50.5071
50.6157
50.716
50.8127
50.9113
51.0167
51.1326
51.2603
51.3984
51.5448
51.698
51.8559
52.0165
52.1779
52.3381
52.4953
52.6475
52.7932
52.9307
53.0577
53.1719
53.2711
53.3531
53.4157
53.4572
53.4766
53.4731
53.4476
53.4016
53.3353
53.2474
53.1378
53.0065
52.8536
52.679
52.4826
52.2638
52.0224
51.7582
51.4714
51.162
50.8307
50.4783
50.1066
49.7169
49.3121
48.8929
48.4603
48.0108
47.5425
47.0433
46.4863
2.65346
6.0648
18.3227
30.1467
35.019
39.2225
44.1848
49.3631
54.3069
58.6645
62.3157
65.2279
67.4289
68.9882
69.9837
70.4881
70.5857
70.381
69.8175
68.9952
67.9945
66.8706
65.673
64.4424
63.2107
62.0023
60.8359
59.7266
58.6875
57.7299
56.8636
56.0966
55.4346
54.8803
54.4338
54.0913
53.8461
53.6885
53.6058
53.5856
53.6111
53.6664
53.7372
53.8151
53.8926
53.9654
54.0326
54.0965
54.1616
54.2322
54.3118
54.4029
54.5061
54.6194
54.74
54.8666
54.9971
55.1291
55.2607
55.39
55.5154
55.6354
55.7488
55.8541
55.9496
56.0332
56.1032
56.1581
56.1957
56.2148
56.2134
56.192
56.1519
56.0943
56.0182
55.9234
55.8097
55.6773
55.5259
55.3556
55.1663
54.9573
54.7284
54.4793
54.21
53.9205
53.6112
53.2825
52.936
52.5727
52.1947
51.8029
51.398
50.9774
50.5388
50.0707
49.547
2.70956
6.38187
21.836
34.0922
38.9856
43.3267
48.3434
53.412
58.1298
62.2431
65.6739
68.4027
70.4624
71.92
72.8455
73.2975
73.3608
73.1256
72.5334
71.6987
70.6931
69.5723
68.3866
67.1777
65.9785
64.8139
63.7027
62.6597
61.6964
60.8223
60.0445
59.3678
58.7946
58.3239
57.952
57.6725
57.4759
57.351
57.2845
57.2634
57.2736
57.3018
57.3387
57.3785
57.4165
57.4506
57.4816
57.5123
57.5469
57.589
57.6409
57.7043
57.7792
57.8632
57.9531
58.0481
58.1461
58.2447
58.3419
58.4358
58.5251
58.6084
58.6853
58.7546
58.8149
58.8643
58.9011
58.9248
58.9337
58.9251
58.8986
58.8562
58.798
58.7237
58.6334
58.527
58.4044
58.2657
58.1108
57.9395
57.7518
57.5471
57.3251
57.0855
56.8282
56.553
56.2603
55.9503
55.6242
55.2827
54.9276
54.5595
54.1792
53.7845
53.3734
52.9343
52.4421
2.97723
7.03422
25.6015
37.7876
42.7868
47.2633
52.2722
57.1965
61.7047
65.6135
68.865
71.447
73.3974
74.7804
75.6583
76.0767
76.1203
75.867
75.2622
74.4263
73.425
72.3146
71.1462
69.9628
68.7981
67.6778
66.621
65.6419
64.7511
63.9559
63.261
62.6681
62.1764
61.7815
61.4766
61.2523
61.0976
60.9998
60.9457
60.9224
60.9184
60.9236
60.932
60.9397
60.9443
60.945
60.9435
60.943
60.9473
60.9596
60.982
61.0148
61.0578
61.1088
61.1644
61.2238
61.2853
61.3466
61.4057
61.4611
61.5114
61.5552
61.5922
61.6225
61.6449
61.6586
61.6599
61.6479
61.6234
61.5854
61.5329
61.4665
61.386
61.2916
61.1835
61.0616
60.9261
60.7769
60.6139
60.437
60.2461
60.0407
59.8206
59.5853
59.3348
59.0688
58.7876
58.4912
58.1805
57.8562
57.5196
57.1713
56.8118
56.4397
56.0529
55.64
55.1771
3.67834
8.24258
29.1462
41.0959
46.2984
50.9156
55.8888
60.6744
65.014
68.7663
71.8805
74.3516
76.2235
77.5584
78.41
78.8145
78.8527
78.5952
77.9941
77.1684
76.181
75.0886
73.9434
72.7891
71.6606
70.5844
69.58
68.6615
67.8382
67.1159
66.497
65.9804
65.5621
65.2349
64.9889
64.8127
64.6936
64.6183
64.5738
64.5481
64.5316
64.5174
64.5019
64.4828
64.4587
64.4296
64.3976
64.3664
64.3404
64.3224
64.3144
64.3147
64.322
64.3365
64.355
64.376
64.398
64.4191
64.4376
64.4521
64.462
64.4652
64.4602
64.4486
64.431
64.4048
64.3686
64.322
64.2645
64.1954
64.1141
64.0208
63.9154
63.7982
63.6694
63.5289
63.3771
63.2137
63.0388
62.8522
62.6539
62.4435
62.2206
61.985
61.7364
61.4747
61.2
60.9123
60.6122
60.3004
59.9778
59.645
59.3024
58.9488
58.5828
58.1928
57.7561
4.98382
10.1868
32.1949
43.9693
49.4492
54.2131
59.1511
63.8312
68.0542
71.6977
74.7139
77.1075
78.9295
80.2405
81.0855
81.4954
81.5431
81.296
80.7147
79.911
78.9476
77.8815
76.7654
75.6441
74.5534
73.5209
72.5665
71.7042
70.9427
70.2864
69.7356
69.2867
68.9332
68.6652
68.4704
68.3354
68.2464
68.1897
68.1526
68.1245
68.0976
68.0676
68.0321
67.9901
67.9408
67.8846
67.8242
67.7634
67.7066
67.6564
67.6137
67.5786
67.551
67.5285
67.5077
67.4883
67.4692
67.4484
67.4245
67.3962
67.3626
67.3228
67.2768
67.2251
67.1669
67.1011
67.0271
66.9445
66.8527
66.751
66.6392
66.5171
66.3849
66.2427
66.0908
65.9293
65.7583
65.5777
65.3877
65.188
64.9786
64.7591
64.5294
64.2892
64.0381
63.7761
63.5033
63.2195
62.9255
62.6215
62.3084
61.9866
61.6567
61.3175
60.9682
60.5972
60.1831
6.76291
12.7697
34.6656
46.4067
52.2063
57.1212
62.046
66.6687
70.8278
74.4056
77.3589
79.7044
81.5013
82.8095
83.6659
84.0992
84.1717
83.9495
83.4039
82.6347
81.7063
80.6753
79.5951
78.5112
77.4605
76.4713
75.5644
74.7537
74.0478
73.45
72.9587
72.5687
72.271
72.0536
71.9023
71.8019
71.7381
71.6967
71.6656
71.6353
71.6002
71.5573
71.5054
71.4437
71.372
71.291
71.2035
71.1138
71.0262
70.9432
70.8658
70.7948
70.7301
70.6686
70.6076
70.5469
70.4857
70.4223
70.3554
70.2838
70.2072
70.1252
70.0379
69.9452
69.8465
69.7414
69.6295
69.5104
69.3835
69.2485
69.1049
68.9529
68.7925
68.6238
68.447
68.2624
68.07
67.8698
67.6618
67.4461
67.2224
66.9906
66.7504
66.5016
66.2441
65.9777
65.7024
65.4183
65.1257
64.825
64.517
64.2019
63.8804
63.5514
63.2144
62.8584
62.4628
8.80171
15.6185
36.5829
48.4246
54.5611
59.6309
64.5781
69.1955
73.3381
76.887
79.8069
82.129
83.9216
85.2444
86.128
86.6003
86.7128
86.5296
86.0357
85.3139
84.4321
83.4462
82.4098
81.3689
80.3612
79.4159
78.5543
77.7911
77.1346
76.5875
76.1473
75.807
75.556
75.3808
75.2655
75.1938
75.1506
75.1217
75.0953
75.0636
75.0224
74.9693
74.9036
74.8252
74.7335
74.6294
74.5162
74.3985
74.2805
74.165
74.0532
73.946
73.8432
73.7422
73.6408
73.5389
73.4357
73.3298
73.2202
73.1061
72.9873
72.8638
72.7354
72.6022
72.4637
72.3198
72.1703
72.0147
71.8527
71.6839
71.5083
71.3256
71.136
70.9397
70.7368
70.5275
70.3119
70.09
69.8619
69.6276
69.387
69.1398
68.886
68.6254
68.3579
68.0833
67.8017
67.5131
67.2178
66.9163
66.6091
66.2965
65.979
65.656
65.3271
64.9818
64.6002
10.9265
18.304
38.0074
50.0446
56.5175
61.7493
66.7603
71.421
75.5865
79.1363
82.0468
84.365
86.1689
87.5194
88.4431
88.9673
89.1346
89.0035
88.5765
87.9159
87.0932
86.1636
85.1803
84.1895
83.2294
82.3298
81.5129
80.7938
80.1813
79.6779
79.2806
78.9813
78.7683
78.6271
78.5408
78.4921
78.4655
78.4465
78.424
78.3918
78.3462
78.2851
78.2083
78.1155
78.0061
77.8809
77.7436
77.5991
77.4518
77.3047
77.1592
77.0162
76.8758
76.7359
76.5948
76.4525
76.3082
76.161
76.0098
75.8544
75.6947
75.5307
75.3624
75.1896
75.0124
74.8307
74.6442
74.4527
74.2559
74.0537
73.8458
73.6322
73.413
73.1883
72.9584
72.7233
72.4831
72.2381
71.9881
71.7331
71.4733
71.2084
70.9383
70.6629
70.3823
70.0962
69.8047
69.508
69.2064
68.9001
68.5897
68.2754
67.9581
67.6368
67.3117
66.9729
66.601
13.0132
20.5662
38.998
51.2867
58.0874
63.4924
68.6077
73.3519
77.5707
81.1446
84.0638
86.3918
88.2174
89.6043
90.5772
91.163
91.3981
91.3316
90.9854
90.4001
89.6501
88.7892
87.87
86.9384
86.0325
85.1826
84.4116
83.7352
83.1628
82.6972
82.3356
82.0694
81.8866
81.7719
81.708
81.6773
81.6637
81.6523
81.6334
81.6016
81.553
81.4861
81.4005
81.2957
81.1708
81.0266
80.8672
80.6977
80.523
80.3458
80.168
79.9907
79.8141
79.6369
79.4577
79.2766
79.0929
78.906
78.7151
78.5203
78.3214
78.1186
77.9118
77.7012
77.4867
77.2683
77.046
76.8195
76.5888
76.3536
76.1138
75.8694
75.6205
75.3672
75.1096
74.848
74.5824
74.3129
74.0396
73.7625
73.4816
73.1968
72.9082
72.6157
72.3192
72.0187
71.7144
71.4064
71.0949
70.7803
70.4631
70.1436
69.8225
69.499
69.1737
68.8372
68.4706
14.9889
22.3399
39.594
52.1653
59.287
64.8795
70.1334
74.9908
79.2844
82.8989
85.8396
88.1852
90.0374
91.4642
92.4909
93.1445
93.457
93.4673
93.2126
92.7178
92.0545
91.2762
90.434
89.5729
88.7304
87.9368
87.2155
86.5829
86.049
85.6176
85.2863
85.047
84.8877
84.7931
84.7461
84.7288
84.7249
84.7196
84.7041
84.6733
84.6233
84.5525
84.4605
84.3462
84.2083
84.0477
83.8687
83.6769
83.4769
83.2722
83.0645
82.8552
82.6448
82.4325
82.2176
82.0001
81.7794
81.5551
81.327
81.095
80.8592
80.6196
80.3765
80.1299
79.8799
79.6266
79.37
79.1099
78.8463
78.579
78.308
78.0332
77.7548
77.4729
77.1876
76.8991
76.6074
76.3127
76.0151
75.7146
75.4112
75.105
74.7961
74.4843
74.1697
73.8525
73.5327
73.2105
72.8862
72.5602
72.2329
71.9047
71.5764
71.2472
70.9179
70.5798
70.2143
16.8234
23.6658
39.8042
52.6873
60.134
65.9294
71.3459
76.3351
80.7169
84.3828
87.3519
89.7176
91.5952
93.0597
94.1397
94.8626
95.2574
95.3567
95.2
94.8112
94.249
93.5682
92.8177
92.0408
91.2738
90.5465
89.8821
89.2977
88.804
88.4061
88.1025
87.8861
87.7455
87.6663
87.6317
87.6246
87.628
87.6278
87.6155
87.5865
87.5367
87.4642
87.3681
87.2469
87.0989
86.925
86.7296
86.5186
86.2967
86.0675
85.833
85.5949
85.3539
85.1098
84.8622
84.6112
84.3566
84.0981
83.8356
83.5692
83.2991
83.0254
82.7484
82.4682
82.1849
81.8987
81.6095
81.3175
81.0224
80.7243
80.423
80.1187
79.8114
79.5012
79.1883
78.8728
78.5548
78.2345
77.9119
77.5872
77.2604
76.9315
76.6008
76.2681
75.9337
75.5977
75.2602
74.9215
74.5819
74.2417
73.9016
73.5617
73.2229
72.8847
72.5479
72.2047
71.8364
18.5171
24.6138
39.6409
52.8527
60.6452
66.6577
72.2491
77.3771
81.8531
85.5756
88.5754
90.9579
92.8539
94.3485
95.4751
96.2633
96.7404
96.9355
96.8829
96.6128
96.1663
95.5986
94.9562
94.2797
93.6035
92.9559
92.3597
91.832
91.3844
91.0229
90.7479
90.5535
90.4298
90.3633
90.3388
90.3397
90.3491
90.3537
90.3452
90.319
90.2713
90.1993
90.1018
89.9768
89.8221
89.6385
89.4307
89.2043
88.9645
88.7147
88.4574
88.1944
87.9267
87.6546
87.3781
87.0974
86.8124
86.5231
86.2297
85.9322
85.631
85.3262
85.0181
84.707
84.3929
84.0761
83.7567
83.4345
83.1098
82.7823
82.4522
82.1194
81.7841
81.4463
81.1063
80.7641
80.4199
80.0739
79.7261
79.3767
79.0257
78.6735
78.3199
77.9652
77.6096
77.2531
76.8962
76.539
76.1819
75.8253
75.4698
75.1157
74.7638
74.4136
74.0664
73.7146
73.34
1.20107
1.18396
1.31619
1.21486
1.26502
1.26086
1.26762
1.30689
1.69811
3.2931
6.87588
10.7795
14.0015
16.747
18.7842
18.6641
16.296
11.8651
6.84389
9.06275
11.7627
13.8087
15.6059
17.6228
19.8038
21.5251
20.8389
19.4664
16.6496
14.1639
11.932
9.40689
8.68883
0.754385
0.758121
0.818405
0.795826
0.846177
0.883439
0.940317
1.08137
1.60149
3.0791
5.76459
8.46804
10.6865
12.7602
14.5879
15.1071
14.5311
13.1646
11.8165
10.5607
10.0588
10.4662
11.5606
13.3072
15.8118
18.5181
19.6439
19.1093
17.1119
15.0719
11.8957
9.89035
8.91938
0.660024
0.684005
0.719591
0.748606
0.825354
0.912788
1.03251
1.29802
2.0831
4.06186
7.42483
10.6786
13.284
15.7404
17.9605
18.7419
18.3886
17.1438
15.6842
13.7966
12.5319
12.437
13.3434
15.0986
17.9201
21.2262
23.0705
22.5664
20.4194
18.0931
13.9887
11.8202
10.5084
0.789737
0.831468
0.866184
0.929283
1.03913
1.16933
1.33871
1.69446
2.69437
5.15944
9.21738
12.985
15.9038
18.6282
21.0997
22.0388
21.7481
20.3565
18.4774
16.3591
14.6812
14.1594
14.8052
16.4531
19.5258
23.4263
25.9485
25.4696
23.1767
20.5935
15.7658
13.4447
11.8592
1.03044
1.08152
1.12492
1.20407
1.33666
1.49095
1.68765
2.09638
3.25354
6.11734
10.7369
14.905
18.0679
21.0177
23.7103
24.8036
24.5494
22.9874
20.7178
18.435
16.434
15.5081
15.8712
17.3997
20.7546
25.2688
28.4189
27.9733
25.5612
22.7658
17.353
14.898
13.0679
1.28527
1.34054
1.3932
1.48049
1.62819
1.79751
2.01245
2.46099
3.75037
6.96319
12.0714
16.5942
19.9854
23.1593
26.0619
27.2967
27.0407
25.2884
22.6583
20.2243
17.9499
16.6562
16.7342
18.1422
21.7782
26.8864
30.6171
30.2208
27.7266
24.7666
18.8576
16.2942
14.2176
1.52373
1.58262
1.64339
1.7386
1.89917
2.08145
2.31259
2.79734
4.20714
7.74317
13.3071
18.175
21.8022
25.2133
28.3179
29.6766
29.3771
27.4083
24.4288
21.8408
19.3241
17.6984
17.4957
18.7816
22.6672
28.3323
32.6147
32.2946
29.7645
26.691
20.3482
17.7077
15.3638
1.75158
1.81481
1.88313
1.98716
2.15989
2.35462
2.60142
3.12075
4.64349
8.48973
14.4997
19.7229
23.6049
27.2727
30.5732
32.0383
31.654
29.4379
26.1059
23.3524
20.6122
18.6847
18.2082
19.3655
23.449
29.6274
34.4509
34.244
31.7312
28.5991
21.8708
19.1909
16.5459
1.98079
2.0491
2.12484
2.23825
2.42262
2.6294
2.89147
3.44409
5.07375
9.22454
15.6858
21.286
25.4484
29.3963
32.8887
34.4438
33.9349
31.4374
27.7397
24.8026
21.8491
19.6434
18.9005
19.9172
24.1338
30.7793
36.1465
36.0986
33.6613
30.5298
23.4582
20.7824
17.7945
2.2222
2.29617
2.37939
2.50235
2.69776
2.91609
3.19306
3.77771
5.50869
9.96266
16.8903
22.8973
27.3704
31.6247
35.307
36.938
36.2659
33.4508
29.3668
26.2222
23.059
20.5924
19.5891
20.4492
24.7254
31.7885
37.7109
37.8751
35.5751
32.5074
25.1332
22.5121
19.1347
2.4853
2.56529
2.65605
2.78849
2.99424
3.22351
3.51502
4.13055
5.95704
10.7151
18.1312
24.5808
29.3986
33.9882
37.861
39.5553
38.6827
35.5127
31.016
27.6348
24.2594
21.5441
20.2844
20.9687
25.226
32.652
39.1457
39.5807
37.4821
34.5455
26.9112
24.4026
20.5885
2.77889
2.86503
2.96336
3.10499
3.32025
3.55976
3.86549
4.51084
6.42649
11.4902
19.4217
26.3541
31.5544
36.511
40.5772
42.3237
41.2146
37.6517
32.7115
29.0594
25.4643
22.5076
20.9935
21.4805
25.6386
33.3649
40.4468
41.2148
39.383
36.6482
28.8
26.4698
22.1755
3.11174
3.20394
3.30971
3.46
3.68378
3.93275
4.25247
4.92671
6.92437
12.2946
20.7713
28.2304
33.8545
39.2123
43.4775
45.2667
43.8867
39.893
34.475
30.5126
26.6855
23.4904
21.7223
21.9886
25.9686
33.9213
41.6051
42.7703
41.2712
38.8114
30.8006
28.7223
23.9128
3.49292
3.59086
3.70376
3.86188
4.09304
4.35062
4.68414
5.38652
7.45813
13.1334
22.1864
30.2188
36.3118
42.1073
46.5799
48.4037
46.7205
42.2593
36.3265
32.0098
27.9335
24.4986
22.4756
22.4963
26.2248
34.3159
42.6086
44.2344
43.1332
41.0234
32.907
31.1612
25.8156
3.93215
4.03521
4.15469
4.31953
4.55674
4.82198
5.16918
5.8991
8.03569
14.0109
23.6702
32.3246
38.935
45.207
49.8982
51.7499
49.7344
44.7713
38.2851
33.5657
29.2183
25.5383
23.2587
23.0067
26.42
34.5442
43.4421
45.5899
44.9495
43.2654
35.1063
33.7801
27.8955
4.43994
4.54709
4.67233
4.84249
5.08423
5.35612
5.71694
6.4739
8.66571
14.9304
25.2231
34.5491
41.7284
48.5172
53.4411
55.3163
52.9436
47.4474
40.3692
35.1949
30.5502
26.6154
24.0761
23.5249
26.5705
34.6042
44.0893
46.8153
46.696
45.5121
37.3791
36.5643
30.1607
5.02743
5.13738
5.26724
5.44109
5.68568
5.96315
6.33753
7.12112
9.35768
15.8944
26.8422
36.8889
44.6908
52.0373
57.2113
59.1079
56.3592
50.304
42.5966
36.9125
31.9396
27.7363
24.9323
24.058
26.6915
34.5
44.5331
47.8864
48.345
47.7325
39.6997
39.4914
32.6149
5.70652
5.81784
5.95085
6.12654
6.37218
6.65411
7.04197
7.85172
10.1221
16.9048
28.5206
39.3352
47.8143
55.7596
61.204
63.1232
59.9872
53.3545
44.9845
38.7339
33.3978
28.9083
25.8322
24.6139
26.8
34.2415
44.7571
48.7775
49.8643
49.8921
42.037
42.5306
35.2563
6.48968
6.60098
6.73542
6.91096
7.15577
7.44099
7.84217
8.6775
10.9706
17.9629
30.2479
41.8727
51.0833
59.6671
65.4056
67.3526
63.8278
56.6084
47.5486
40.6752
34.9371
30.1396
26.7816
25.2017
26.9134
33.8464
44.7473
49.4625
51.2189
51.9543
44.3544
45.6442
38.0777
7.38998
7.49995
7.63391
7.80729
8.04936
8.3367
8.75093
9.61099
11.9154
19.0697
32.009
44.4793
54.473
63.7328
69.7921
71.7772
67.8736
60.0704
50.303
42.7531
36.5712
31.4395
27.7869
25.8312
27.0485
33.3411
44.4932
49.9161
52.3734
53.8788
46.6127
48.7864
41.0661
8.42111
8.52844
8.65993
8.82921
9.06667
9.35498
9.7819
10.6655
12.9698
20.2261
33.7842
47.1249
57.9485
67.918
74.3283
76.3678
72.1092
63.7393
53.259
44.9846
38.3148
32.819
28.8558
26.5135
27.2205
32.7622
43.9897
50.1153
53.2925
55.6235
48.7703
51.9055
44.2012
9.59715
9.70053
9.82759
9.99098
10.2221
10.5103
10.9494
11.855
14.1474
21.4334
35.5493
49.7705
61.4635
72.1716
78.966
81.0838
76.5093
67.6066
56.4241
47.3861
40.1839
34.2906
29.9974
27.2603
27.442
32.1564
43.2388
50.0408
53.9426
57.1469
50.7841
54.9445
47.4546
10.9323
11.0305
11.1513
11.3073
11.5305
11.8176
12.2683
13.1938
15.4625
22.6939
37.2755
52.3683
64.9598
76.4292
83.644
85.8726
81.0381
71.6555
59.8009
49.973
42.1956
35.8685
31.2226
28.0844
27.722
31.5792
42.252
49.6788
54.2934
58.4086
52.6103
57.8425
50.7895
12.4409
12.5325
12.6456
12.7928
13.0071
13.2922
13.7537
14.6968
16.9294
24.0114
38.9301
54.8614
68.3672
80.6129
88.2876
90.6694
85.6488
75.8593
63.3852
52.7583
44.3671
37.5681
32.5435
28.9971
28.0739
31.074
41.0613
49.0232
54.319
59.3709
54.2052
60.5357
54.1609
14.1369
14.2206
14.3247
14.4624
14.6667
14.9491
15.4207
16.3786
18.5629
25.3932
40.4783
57.1841
71.6031
84.6317
92.8085
95.3971
90.2824
80.1811
67.1645
55.7509
46.7148
39.4061
33.9743
30.009
28.5161
30.6744
39.7156
48.0771
53.9995
59.9991
55.5264
62.9585
57.5154
16.0338
16.1082
16.2025
16.3301
16.524
16.8033
17.2839
18.2537
20.3778
26.8508
41.8854
59.2639
74.574
88.3819
97.1053
99.9666
94.8678
84.5722
71.116
58.9537
49.253
41.3992
35.5297
31.1312
29.0671
30.4052
38.2813
46.8556
53.3225
60.2631
56.5338
65.0445
60.7925
18.1443
18.2078
18.2918
18.409
18.5925
18.8683
19.3568
20.3355
22.3892
28.4021
43.1209
61.0235
77.1768
91.7491
101.065
104.278
99.3217
88.9716
75.2049
62.3609
51.9918
43.5626
37.2253
32.3753
29.7448
30.2806
36.8411
45.388
52.2858
60.1386
57.1904
66.7285
63.9251
20.4795
20.5303
20.6039
20.7109
20.8843
21.1565
21.6515
22.6355
24.6103
30.0741
44.1646
62.3858
79.3016
94.6098
104.563
108.219
103.548
93.305
79.3822
65.9548
54.934
45.9086
39.0755
33.7535
30.5658
30.3013
35.49
43.7189
50.8991
59.6064
57.4635
67.9464
66.8421
23.0485
23.0852
23.1478
23.245
23.409
23.6777
24.1774
25.1626
27.0523
31.902
45.017
63.2802
80.8364
96.836
107.467
111.671
107.44
97.4848
83.5826
69.7031
58.072
48.4434
41.0915
35.2772
31.5432
30.4673
34.3238
41.9088
49.187
58.6544
57.3259
68.6375
69.4701
25.8571
25.8787
25.9296
26.0176
26.173
26.4384
26.9405
27.9217
29.7238
33.922
45.7143
63.6549
81.6739
98.2995
109.64
114.505
110.878
101.409
87.7232
73.5546
61.3834
51.1634
43.279
36.9549
32.6802
30.7994
33.4081
40.0325
47.1921
57.2783
56.7556
68.7497
71.7329
28.9075
28.913
28.9507
29.03
29.1779
29.44
29.9417
30.9124
32.6295
36.1675
46.3384
63.4941
81.7232
98.88
110.946
116.586
113.731
104.96
91.7012
77.436
64.8259
54.0503
45.6338
38.7893
33.9773
31.3137
32.7753
38.1826
44.9784
55.483
55.7372
68.2472
73.5501
32.1963
32.1858
32.2087
32.2778
32.419
32.6774
33.175
34.127
35.7633
38.6669
47.0191
62.8359
80.9444
98.4742
111.257
117.773
115.86
108.003
95.3926
81.2481
68.3326
57.0655
48.1365
40.7732
35.4293
32.0205
32.4071
36.4774
42.6338
53.2882
54.2726
67.1017
74.8424
35.7076
35.6827
35.692
35.7485
35.8823
36.1359
36.6245
37.5475
39.1052
41.434
47.9203
61.7884
79.2979
97.0061
110.463
117.957
117.107
110.383
98.6506
84.8621
71.8054
60.1435
50.7464
42.884
37.0214
32.9244
32.2568
35.0321
40.2684
50.7336
52.3786
65.2965
75.5326
39.4178
39.3822
39.3778
39.4186
39.5412
39.7871
40.2604
41.142
42.6186
44.4596
49.2016
60.589
76.9122
94.4597
108.491
117.02
117.374
111.898
101.305
88.1164
75.1105
63.1844
53.3935
45.0765
38.7228
34.0074
32.2996
33.9134
38.0066
47.8767
50.09
62.8339
75.553
42.9619
42.9154
42.8994
42.9288
43.0373
43.2715
43.7244
44.5561
45.951
47.4407
50.8067
59.635
74.2472
91.2072
105.564
115.022
116.609
112.336
103.012
90.6171
77.8651
65.855
55.806
47.1406
40.3788
35.1602
32.5237
33.1503
36.0516
44.899
47.5348
59.8084
74.8588
46.2063
46.1509
46.1269
46.1475
46.2423
46.4627
46.8938
47.6727
48.9847
50.2417
52.5708
59.1255
71.7052
87.6813
102.065
112.259
115.011
111.827
103.779
92.3098
79.9701
68.0417
57.8749
48.9809
41.908
36.301
32.8792
32.6324
34.435
41.9513
44.8134
56.2821
73.3931
49.2777
49.2148
49.1853
49.1979
49.2786
49.4831
49.8903
50.6128
51.8355
52.9331
54.4799
59.1029
69.4179
84.0153
98.0985
108.81
112.66
110.453
103.749
93.2416
81.4735
69.7739
59.6168
50.6035
43.3079
37.4094
33.3367
32.268
33.1152
39.1134
41.995
52.337
71.1198
52.1837
52.1141
52.0814
52.0858
52.1518
52.3391
52.72
53.3838
54.5106
55.4952
56.4692
59.5445
67.5348
80.4218
93.8523
104.813
109.654
108.309
102.923
93.4675
82.349
71.0255
60.9982
51.9725
44.543
38.4452
33.8484
32.0441
32.0212
36.4838
39.1735
48.1124
68.012
54.9285
54.8524
54.8176
54.8136
54.8651
55.0336
55.3851
55.9891
57.0144
57.9119
58.4788
60.3844
66.1783
77.0892
89.518
100.42
106.094
105.501
101.346
93.0095
82.6225
71.7654
61.9903
53.0532
45.5771
39.3679
34.3681
31.9452
31.0662
34.1493
36.4402
43.809
64.0541
57.5154
57.4324
57.3914
57.3789
57.4196
57.5679
57.8869
58.4302
59.3509
60.1719
60.458
61.4912
65.396
74.1665
85.2832
95.7934
102.087
102.151
99.0746
91.8927
82.3134
72.0066
62.5583
53.8141
46.3744
40.1356
34.8496
31.9216
30.2414
32.1215
33.8686
39.599
59.3013
59.9482
59.8576
59.8085
59.7875
59.8175
59.9432
60.2267
60.7086
61.5237
62.268
62.366
62.7645
65.1691
71.7499
81.3208
91.1064
97.7517
98.3978
96.178
90.1702
81.4254
71.759
62.7141
54.215
46.8956
40.7053
35.2443
31.9204
29.534
30.3811
31.5027
35.6061
53.8868
62.2311
62.1318
62.0733
62.0444
62.0622
62.1623
62.4065
62.8273
63.5367
64.1972
64.1729
64.1169
65.3787
69.9251
77.775
86.5334
93.2315
94.3491
92.7889
87.8933
79.9952
71.0145
62.4488
54.2699
47.1126
41.0257
35.497
31.8832
28.922
28.8845
29.3482
31.9305
48.0004
64.369
64.26
64.1906
64.1543
64.1574
64.229
64.4306
64.79
65.3942
65.9632
65.8711
65.4773
65.9058
68.7109
74.7456
82.2371
88.6774
90.1224
89.0448
85.1344
78.072
69.7966
61.7472
53.9447
47.0129
41.0775
35.5645
31.7469
28.3761
27.5377
27.393
28.6367
41.8832
66.3675
66.2474
66.1653
66.1211
66.107
66.1503
66.3047
66.6007
67.1004
67.5718
67.4384
66.8267
66.6035
68.0681
72.2783
78.3533
84.2387
85.8393
85.0851
81.983
75.7164
68.1383
60.619
53.2191
46.5518
40.811
35.3915
31.4454
27.8151
26.3145
25.5534
25.722
35.8139
68.2322
68.0995
68.0026
67.9432
67.9119
67.9295
68.0342
68.2633
68.6596
69.0284
68.8665
68.1356
67.3731
67.8605
70.4056
74.978
80.0511
81.618
81.0452
78.5401
72.998
66.0811
59.0808
52.0882
45.7075
40.1816
34.9168
30.9101
27.1515
25.1373
23.8267
23.0425
30.079
69.9682
69.8215
69.7078
69.6294
69.5836
69.572
69.625
69.7802
70.075
70.3381
70.1506
69.3567
68.1949
67.9049
69.109
72.1564
76.2233
77.5664
77.0463
74.911
69.9911
63.672
57.1548
50.5525
44.4626
39.1555
34.0865
30.0726
26.2941
23.9113
22.1282
20.5106
24.8913
71.5802
71.4181
71.2856
71.1849
71.1165
71.0729
71.0778
71.1569
71.3487
71.5054
71.2873
70.4544
69.0347
68.0829
68.2909
69.8931
72.8255
73.7745
73.1855
71.1961
66.7698
60.9603
54.8669
48.6172
42.8043
37.7038
32.8505
28.8678
25.1525
22.5276
20.3387
18.0898
20.3273
73.0716
72.8924
72.7392
72.6131
72.516
72.4406
72.3936
72.4003
72.4822
72.5339
72.2723
71.4022
69.828
68.3695
67.7406
68.1832
69.8821
70.3106
69.5239
67.4835
63.4017
57.9929
52.244
46.2911
40.7251
35.8042
31.1654
27.2375
23.6431
20.8686
18.3388
15.6898
16.3929
20.7153
25.258
39.0609
52.6438
60.8266
67.0689
72.8321
78.0918
82.6575
86.4337
89.4596
91.8491
93.7491
95.2578
96.4158
97.2564
97.807
98.0941
98.1473
97.9981
97.6773
97.2335
96.7114
96.1488
95.5768
95.0218
94.5053
94.0439
93.6497
93.3297
93.086
92.9146
92.8074
92.7524
92.7365
92.7435
92.7575
92.7666
92.7622
92.7393
92.6947
92.625
92.5284
92.4022
92.2441
92.0547
91.8386
91.6015
91.3483
91.0828
90.8076
90.5248
90.2356
89.9406
89.6403
89.3349
89.0246
88.7096
88.3901
88.0664
87.7387
87.4073
87.0726
86.7348
86.3941
86.0507
85.7047
85.3561
85.005
84.6515
84.2954
83.937
83.5762
83.2133
82.8483
82.4815
82.113
81.7428
81.3713
80.9984
80.6245
80.2496
79.8739
79.4976
79.121
78.7442
78.3676
77.9915
77.6163
77.2424
76.8706
76.5008
76.1344
75.7704
75.411
75.0482
74.665
23.2629
25.6134
37.967
52.0053
60.686
67.1953
73.1315
78.5146
83.1639
86.9886
90.0318
92.4123
94.2943
95.7931
96.9597
97.8348
98.4481
98.8252
98.9921
98.9744
98.8009
98.4988
98.116
97.6875
97.2405
96.798
96.3792
96.0003
95.6726
95.4042
95.1988
95.0549
94.9665
94.9238
94.9158
94.9279
94.9455
94.9582
94.9573
94.9375
94.8962
94.8292
94.7343
94.6084
94.4489
94.2564
94.035
93.7902
93.5271
93.2493
92.9599
92.661
92.354
92.0401
91.7198
91.3936
91.062
90.7253
90.3837
90.0376
89.6873
89.3333
88.9758
88.6152
88.2516
87.8853
87.5164
87.145
86.7711
86.3949
86.0162
85.6353
85.2522
84.867
84.48
84.0912
83.7008
83.3089
82.9158
82.5217
82.1266
81.7308
81.3345
80.938
80.5415
80.1454
79.7499
79.3554
78.9626
78.5716
78.1832
77.7976
77.4163
77.0378
76.6653
76.2902
75.8973
24.4307
25.5182
36.1748
50.776
60.127
66.9795
73.1064
78.615
83.3454
87.2118
90.258
92.6054
94.4392
95.897
97.0424
97.9261
98.5827
99.0366
99.3103
99.4252
99.4042
99.2785
99.0751
98.8245
98.5487
98.2584
97.9722
97.7084
97.477
97.2857
97.14
97.041
96.9853
96.9654
96.9734
96.9971
97.0233
97.0438
97.0504
97.0373
97.0027
96.9419
96.8523
96.7304
96.5735
96.3819
96.1594
95.9112
95.6422
95.3561
95.0561
94.7445
94.4232
94.0934
93.7561
93.4121
93.0619
92.706
92.3447
91.9786
91.6082
91.2337
90.8555
90.474
90.0895
89.7022
89.3121
88.9195
88.5245
88.1269
87.7271
87.3249
86.9205
86.5142
86.1059
85.6959
85.2843
84.8714
84.4572
84.042
83.626
83.2094
82.7925
82.3755
81.9589
81.5428
81.1278
80.7143
80.3028
79.8936
79.4876
79.0849
78.687
78.2925
77.9051
77.516
77.1118
23.6243
24.6222
33.5338
48.7772
59.0084
66.3001
72.6497
78.2847
83.0881
86.9826
90.0126
92.2951
94.038
95.4081
96.4847
97.3347
98.0026
98.5144
98.8905
99.1466
99.2987
99.3623
99.3533
99.2972
99.2137
99.1227
99.0265
98.934
98.8524
98.784
98.733
98.71
98.7139
98.7395
98.7829
98.8336
98.8823
98.9222
98.9462
98.9488
98.9291
98.8828
98.8057
98.6948
98.5474
98.3636
98.1468
97.9017
97.6329
97.3444
97.0393
96.7203
96.3895
96.0484
95.6983
95.3403
94.9752
94.6035
94.2258
93.8427
93.4547
93.0622
92.6658
92.2657
91.8622
91.4557
91.0463
90.6341
90.2193
89.8019
89.382
88.9597
88.535
88.1083
87.6796
87.249
86.8168
86.3831
85.9481
85.512
85.0752
84.6377
84.1999
83.7622
83.325
82.8885
82.4534
82.0199
81.5888
81.1604
80.7356
80.3144
79.8986
79.4865
79.0824
78.6774
78.2606
21.4053
22.7969
29.9317
45.749
57.1411
64.9993
71.6076
77.3754
82.2439
86.1486
89.1371
91.316
92.917
94.1433
95.0916
95.8503
96.4807
97.0128
97.4666
97.8544
98.1821
98.4519
98.6763
98.8676
99.0356
99.1845
99.3074
99.4188
99.5233
99.6286
99.7348
99.8438
99.9568
100.072
100.187
100.292
100.387
100.467
100.526
100.56
100.569
100.55
100.499
100.41
100.282
100.117
99.915
99.6822
99.4225
99.1397
98.8372
98.518
98.1843
97.838
97.4808
97.114
96.7387
96.3556
95.9654
95.569
95.1668
94.7595
94.3475
93.9313
93.5112
93.0876
92.6606
92.2306
91.7975
91.3616
90.9228
90.4814
90.0375
89.5911
89.1426
88.6919
88.2394
87.7853
87.3297
86.8728
86.415
85.9565
85.4976
85.0388
84.5805
84.1231
83.6671
83.213
82.7614
82.3127
81.8678
81.4268
80.9915
80.5604
80.1378
79.7153
79.2846
19.0007
20.4429
25.6319
41.3528
54.2731
62.8748
69.8022
75.7084
80.6294
84.5226
87.441
89.4738
90.8762
91.896
92.6479
93.2449
93.7758
94.2777
94.7711
95.2689
95.768
96.2592
96.7418
97.2157
97.6774
98.1181
98.5331
98.9233
99.2875
99.6281
99.9331
100.217
100.482
100.729
100.96
101.17
101.354
101.511
101.637
101.73
101.789
101.818
101.809
101.761
101.668
101.535
101.362
101.154
100.915
100.649
100.359
100.049
99.7212
99.3777
99.0207
98.6518
98.2724
97.8835
97.486
97.0808
96.6687
96.2502
95.8261
95.3968
94.9629
94.5246
94.0823
93.6362
93.1866
92.7336
92.2773
91.8179
91.3555
90.8904
90.4226
89.9524
89.48
89.0056
88.5294
88.0517
87.5729
87.0931
86.6128
86.1325
85.6526
85.1737
84.6962
84.2205
83.7475
83.2774
82.8112
82.3492
81.893
81.4413
80.9984
80.5566
80.1111
17.2996
18.3284
21.4278
35.4369
50.0927
59.6621
66.9997
73.0641
78.0249
81.8805
84.7005
86.5454
87.6915
88.4419
88.9267
89.2837
89.6437
90.0556
90.5391
91.113
91.7698
92.4861
93.2445
94.0314
94.8291
95.6179
96.384
97.1168
97.8077
98.4497
99.038
99.5774
100.069
100.516
100.921
101.279
101.592
101.863
102.091
102.276
102.418
102.52
102.58
102.597
102.569
102.488
102.361
102.194
101.991
101.756
101.492
101.204
100.893
100.563
100.215
99.8527
99.477
99.0894
98.6911
98.283
97.8662
97.4414
97.0094
96.5708
96.1263
95.6763
95.2212
94.7615
94.2973
93.829
93.3567
92.8806
92.4009
91.9178
91.4315
90.9422
90.4502
89.9558
89.4592
88.9606
88.4605
87.9592
87.4572
86.9549
86.4527
85.9511
85.4507
84.9521
84.4559
83.9627
83.4734
82.9883
82.5091
82.0346
81.5691
81.1055
80.6437
16.3944
16.9477
18.4101
28.4936
44.275
55.0392
62.9146
69.1767
74.1712
77.9638
80.6623
82.2834
83.1216
83.5474
83.7025
83.7392
83.8534
84.1139
84.5305
85.1352
85.9245
86.8585
87.9003
89.0212
90.1898
91.3733
92.545
93.6828
94.7689
95.7893
96.7364
97.6085
98.4041
99.1246
99.7725
100.348
100.857
101.302
101.685
102.007
102.272
102.484
102.642
102.748
102.808
102.81
102.759
102.652
102.506
102.32
102.099
101.848
101.568
101.264
100.939
100.593
100.231
99.854
99.463
99.0596
98.6448
98.2197
97.7852
97.3421
96.8913
96.4334
95.9689
95.4983
95.022
94.5403
94.0533
93.5614
93.0649
92.564
92.0592
91.5506
91.0386
90.5235
90.0055
89.4851
88.9626
88.4386
87.9146
87.3901
86.8656
86.3416
85.8187
85.2975
84.7787
84.2629
83.751
83.2434
82.7417
82.245
81.7574
81.2724
80.7953
15.9921
16.209
16.7859
22.3102
36.6376
48.68
57.2243
63.7467
68.7818
72.4915
75.0571
76.4314
76.9249
76.9913
76.7772
76.4209
76.2194
76.2767
76.571
77.1514
78.036
79.1674
80.4863
81.9459
83.5046
85.1134
86.731
88.3238
89.8639
91.3307
92.7097
93.9917
95.1702
96.2437
97.2146
98.0858
98.8619
99.5475
100.147
100.665
101.105
101.473
101.773
102.008
102.181
102.291
102.35
102.347
102.287
102.171
102.016
101.819
101.59
101.328
101.04
100.726
100.39
100.034
99.6606
99.2714
98.8673
98.4497
98.0196
97.5783
97.1267
96.6658
96.1961
95.7183
95.233
94.7407
94.2417
93.7367
93.2259
92.7098
92.1887
91.6631
91.1332
90.5996
90.0626
89.5226
88.9801
88.4356
87.8902
87.3436
86.7966
86.2498
85.7038
85.1592
84.6167
84.077
83.5411
83.0094
82.4834
81.9624
81.4503
80.9414
80.4479
15.8147
15.8357
16.0436
18.5916
28.1071
40.4843
49.6537
56.4854
61.5809
65.1957
67.6361
68.7614
68.9007
68.646
68.0044
67.2374
66.6668
66.4754
66.6314
67.1263
68.0561
69.3481
70.9158
72.6924
74.6305
76.6678
78.744
80.8148
82.8423
84.8004
86.6664
88.4229
90.0559
91.559
92.9315
94.1752
95.2944
96.2947
97.1818
97.961
98.6388
99.2221
99.7169
100.128
100.461
100.719
100.909
101.03
101.098
101.104
101.048
100.931
100.777
100.578
100.346
100.08
99.7855
99.4654
99.1222
98.759
98.3764
97.9755
97.5583
97.1261
96.6802
96.2221
95.7528
95.2732
94.7837
94.2852
93.7782
93.2634
92.7412
92.2123
91.6771
91.1361
90.5898
90.0387
89.4833
88.9241
88.3616
87.7963
87.229
86.6602
86.0905
85.5204
84.9507
84.3821
83.8153
83.251
82.6901
82.1332
81.5818
81.0354
80.4976
79.963
79.4524
15.7048
15.6226
15.7249
16.836
21.3452
31.1535
40.2706
47.2768
52.4185
55.918
58.2613
59.1609
59.033
58.4912
57.4619
56.3274
55.3913
54.9239
54.9624
55.3383
56.2379
57.6285
59.3745
61.4045
63.6619
66.0755
68.5714
71.0925
73.5929
76.0417
78.4099
80.6703
82.8007
84.7877
86.6249
88.31
89.8448
91.2334
92.48
93.59
94.5715
95.4335
96.1839
96.8286
97.3742
97.8281
98.1955
98.4811
98.6945
98.8353
98.9142
98.9394
98.9014
98.7896
98.6392
98.4442
98.2109
97.9455
97.6486
97.3278
96.9817
96.6108
96.2183
95.8062
95.3764
94.9303
94.4693
93.9946
93.5071
93.0079
92.4978
91.9775
91.4478
90.9094
90.363
89.8092
89.2487
88.6821
88.1099
87.5329
86.9515
86.3664
85.7783
85.1879
84.5958
84.0028
83.4096
82.8169
82.2256
81.6364
81.0502
80.4677
79.8903
79.3176
78.7534
78.1918
77.6633
15.5972
15.4853
15.5627
16.1139
17.992
22.9914
30.221
36.6468
41.5942
44.8682
47.1231
47.8664
47.618
46.8888
45.65
44.2961
43.104
42.407
42.3652
42.639
43.4125
44.7756
46.57
48.7095
51.1301
53.769
56.5524
59.4076
62.2803
65.1383
67.9492
70.6767
73.2891
75.7639
78.087
80.2494
82.247
84.0782
85.7438
87.2479
88.5984
89.8042
90.8735
91.8122
92.628
93.3305
93.9277
94.4252
94.8297
95.1478
95.3901
95.5587
95.6562
95.7071
95.6945
95.6001
95.4467
95.2615
95.0284
94.7708
94.4813
94.1564
93.8041
93.4264
93.0249
92.6021
92.1597
91.6992
91.2222
90.7299
90.2235
89.704
89.1724
88.6296
88.0766
87.5142
86.9432
86.3644
85.7786
85.1864
84.5885
83.9858
83.379
82.7688
82.156
81.5415
80.9259
80.3102
79.6953
79.0819
78.471
77.8634
77.2604
76.6619
76.0714
75.4823
74.9357
15.47
15.3703
15.4377
15.7903
16.6416
18.5552
22.2923
26.5945
30.5513
33.2134
35.2268
35.8935
35.6625
34.964
33.7971
32.5214
31.3444
30.5791
30.4903
30.7063
31.2816
32.4086
34.0226
35.9894
38.2677
40.8319
43.6227
46.5544
49.5594
52.6114
55.6816
58.7268
61.7027
64.5768
67.3256
69.9312
72.3792
74.6593
76.7656
78.698
80.4606
82.0593
83.4996
84.7862
85.9272
86.9332
87.8134
88.5731
89.2182
89.7587
90.2062
90.5637
90.8369
91.0382
91.1649
91.2301
91.2453
91.1879
91.0337
90.8665
90.6621
90.4007
90.107
89.782
89.4246
89.0398
88.6296
88.1959
87.7407
87.2659
86.773
86.2634
85.7382
85.1989
84.6465
84.0822
83.507
82.9218
82.3276
81.7254
81.1159
80.5002
79.8789
79.253
78.6235
77.9911
77.3568
76.7216
76.0863
75.4518
74.8193
74.1895
73.5638
72.9419
72.3281
71.7133
71.15
15.3216
15.245
15.3026
15.5756
16.1052
16.8406
18.1642
19.9685
22.0493
23.4886
24.7197
25.1127
24.9592
24.4573
23.6836
22.8585
22.0946
21.547
21.4161
21.5361
21.8457
22.4583
23.4515
24.8073
26.5424
28.63
30.9997
33.5718
36.269
39.104
42.0596
45.0967
48.1527
51.1857
54.1641
57.0599
59.8449
62.4956
64.9953
67.3347
69.5096
71.5181
73.3595
75.0349
76.5498
77.9126
79.1307
80.2079
81.1504
81.9694
82.677
83.2766
83.7725
84.1743
84.4906
84.7329
84.9008
84.9861
85.0183
85.0249
84.9595
84.7772
84.567
84.3242
84.031
83.7051
83.3465
82.957
82.5399
82.0976
81.6319
81.1448
80.638
80.113
79.5714
79.0145
78.4438
77.8604
77.2655
76.6603
76.0459
75.4232
74.7934
74.1574
73.5163
72.8711
72.2228
71.5725
70.9211
70.2698
69.6195
68.9713
68.3264
67.6847
67.0508
66.4131
65.8342
15.1498
15.0929
15.14
15.35
15.7532
16.1395
16.5551
17.0697
17.7381
18.1834
18.6089
18.6859
18.5815
18.2709
17.8497
17.4126
17.0088
16.6947
16.5512
16.5777
16.6986
16.95
17.4016
18.0669
18.9722
20.141
21.5429
23.1555
25.04
27.1732
29.5276
32.0528
34.6749
37.3781
40.138
42.9261
45.7026
48.4293
51.0767
53.623
56.0518
58.3487
60.5027
62.5063
64.3575
66.0577
67.6083
69.0103
70.2678
71.39
72.3857
73.2578
74.0095
74.6502
75.1926
75.6432
75.9998
76.2671
76.4677
76.6093
76.6775
76.6925
76.6819
76.5765
76.3497
76.1099
75.8268
75.5008
75.1412
74.7494
74.3283
73.8801
73.4072
72.9115
72.3949
71.8592
71.3059
70.7367
70.1531
69.5563
68.9479
68.329
67.701
67.065
66.4223
65.7741
65.1215
64.4657
63.8078
63.149
62.4904
61.8331
61.1785
60.5263
59.8819
59.2304
58.6407
14.9482
14.9046
14.942
15.0966
15.3808
15.6516
15.8106
15.8941
15.9882
15.9977
15.9797
15.8831
15.7002
15.4626
15.1968
14.9374
14.7043
14.5152
14.3952
14.349
14.3809
14.4678
14.6357
14.9047
15.2926
15.8198
16.4858
17.2931
18.2706
19.4407
20.8033
22.3422
24.0918
26.0252
28.1172
30.3356
32.6248
34.957
37.3102
39.6599
41.9834
44.2563
46.4544
48.5589
50.5563
52.4373
54.1943
55.8213
57.3169
58.6839
59.9252
61.0411
62.033
62.9078
63.6747
64.3367
64.8933
65.354
65.7343
66.0355
66.2569
66.413
66.5114
66.5409
66.5399
66.4862
66.3135
66.0611
65.7849
65.465
65.1098
64.7225
64.3056
63.8615
63.3922
62.8998
62.386
61.8528
61.3019
60.7349
60.1536
59.5596
58.9544
58.3394
57.7161
57.0859
56.4501
55.81
55.1668
54.5219
53.8765
53.2316
52.5889
51.9479
51.3149
50.6729
50.0878
14.7081
14.6746
14.7018
14.8054
14.9858
15.1691
15.2171
15.2065
15.158
15.0417
14.8716
14.6791
14.4668
14.2474
14.031
13.8319
13.6585
13.5172
13.4123
13.3524
13.3213
13.3512
13.4036
13.5063
13.6622
13.8773
14.1597
14.5132
14.9513
15.4933
16.1465
16.9152
17.8155
18.854
20.0293
21.3305
22.7704
24.3358
26.0045
27.7575
29.5706
31.4062
33.2452
35.07
36.8633
38.609
40.2922
41.9007
43.4245
44.8569
46.1927
47.4266
48.5554
49.5802
50.5032
51.3248
52.0444
52.6696
53.2085
53.6606
54.0283
54.3255
54.5541
54.7128
54.814
54.8374
54.8325
54.8105
54.7011
54.4572
54.1908
53.8907
53.5571
53.193
52.8005
52.3814
51.9376
51.4711
50.9838
50.4779
49.9551
49.4175
48.8669
48.3051
47.7337
47.1544
46.5685
45.9775
45.3829
44.7859
44.1879
43.59
42.994
42.3992
41.8121
41.2178
40.6658
14.4267
14.3919
14.4077
14.4648
14.5754
14.6503
14.6491
14.6218
14.5491
14.4072
14.2293
14.0305
13.8223
13.6174
13.4233
13.2491
13.0978
12.9767
12.8746
12.8199
12.7553
12.7589
12.7604
12.8006
12.8605
12.9447
13.0565
13.2046
13.396
13.6357
13.9268
14.2738
14.6838
15.1651
15.7194
16.3516
17.0699
17.8754
18.7673
19.7412
20.79
21.9164
23.105
24.3403
25.6086
26.8968
28.1878
29.4613
30.7073
31.9167
33.0803
34.1897
35.2371
36.2176
37.1256
37.9589
38.7149
39.3955
40.0022
40.5348
40.9933
41.387
41.7093
41.9666
42.1796
42.218
42.3761
42.3765
42.3945
42.349
42.2403
42.0612
41.8378
41.5821
41.2966
40.9826
40.6419
40.2765
39.8883
39.4797
39.0529
38.6101
38.1534
37.6848
37.2063
36.7194
36.2258
35.727
35.2244
34.7193
34.2131
33.7069
33.2022
32.6992
32.2018
31.7033
31.2254
14.0878
14.0451
14.0465
14.0715
14.1102
14.1117
14.0956
14.0487
13.9504
13.8134
13.65
13.4709
13.2859
13.1043
12.9321
12.7769
12.6386
12.5262
12.4282
12.3629
12.312
12.2628
12.2629
12.2815
12.3042
12.3445
12.3985
12.4713
12.5611
12.6705
12.7991
12.951
13.1272
13.3307
13.5724
13.8534
14.1754
14.5398
14.9492
15.404
15.9044
16.4505
17.0388
17.6676
18.3337
19.0311
19.7561
20.5074
21.2751
22.0503
22.8247
23.5906
24.3402
25.0658
25.7576
26.4117
27.024
27.5914
28.1134
28.5848
29.0122
29.3831
29.7047
29.9916
30.2096
30.3985
30.4306
30.5861
30.5898
30.6416
30.6139
30.6013
30.4768
30.3378
30.1715
29.9776
29.7578
29.5139
29.2479
28.962
28.6585
28.3398
28.008
27.6653
27.3135
26.9542
26.5889
26.2191
25.8459
25.4705
25.0941
24.7178
24.3423
23.9696
23.5983
23.2338
22.8681
13.6705
13.6366
13.6081
13.5982
13.587
13.5631
13.514
13.4358
13.3289
13.1979
13.049
12.8894
12.7261
12.5658
12.4132
12.2729
12.1474
12.0386
11.9468
11.874
11.813
11.7797
11.736
11.7396
11.7375
11.7597
11.7859
11.8228
11.8716
11.931
12.0023
12.082
12.1726
12.2729
12.3851
12.51
12.6487
12.8029
12.974
13.1623
13.3677
13.5928
13.842
14.1135
14.4059
14.7172
15.0469
15.3928
15.753
16.1233
16.5017
16.8828
17.2634
17.6405
18.0129
18.3796
18.7315
19.0716
19.3907
19.6909
19.9672
20.2243
20.4278
20.6631
20.7773
20.9476
20.9766
21.1252
21.1724
21.1699
21.2302
21.2098
21.1973
21.151
21.0687
20.9654
20.8458
20.7081
20.5527
20.3809
20.1947
19.9963
19.7875
19.57
19.3454
19.1151
18.8802
18.6419
18.4009
18.1584
17.9147
17.6714
17.4274
17.1868
16.9436
16.7117
16.4647
13.1704
13.1224
13.0771
13.0362
12.9924
12.9372
12.865
12.7736
12.6637
12.5381
12.401
12.2572
12.1114
11.9682
11.8314
11.7034
11.5874
11.4831
11.3934
11.3156
11.2536
11.1986
11.169
11.1284
11.1152
11.1065
11.1256
11.136
11.1548
11.1824
11.2186
11.2606
11.3104
11.364
11.424
11.4878
11.5574
11.6316
11.7108
11.7939
11.8817
11.974
12.0723
12.1767
12.2881
12.4057
12.5299
12.6592
12.7945
12.9324
13.0762
13.2181
13.366
13.5061
13.6534
13.7924
13.9355
14.0707
14.1994
14.3256
14.4276
14.5613
14.5891
14.7168
14.7352
14.8449
14.8494
14.9169
14.9257
14.9622
14.9533
14.9585
14.9491
14.9073
14.855
14.7908
14.7155
14.6299
14.5352
14.4321
14.3212
14.2033
14.0792
13.9497
13.8156
13.678
13.5375
13.395
13.2507
13.1056
12.9593
12.8134
12.6657
12.5215
12.3718
12.2347
12.0769
12.5581
12.4953
12.4326
12.369
12.3011
12.2247
12.1372
12.0378
11.9269
11.8064
11.6791
11.548
11.4162
11.2867
11.1619
11.0441
10.9345
10.8343
10.7442
10.6642
10.5936
10.5356
10.4829
10.4432
10.4089
10.3914
10.3544
10.355
10.3541
10.366
10.3705
10.3789
10.3963
10.4185
10.4468
10.4768
10.5103
10.5433
10.579
10.6132
10.6501
10.6862
10.725
10.7633
10.8051
10.8468
10.8905
10.9332
10.9778
11.0189
11.0653
11.1005
11.1542
11.162
11.2246
11.2306
11.2908
11.2935
11.337
11.3351
11.3689
11.3719
11.3922
11.3944
11.4022
11.407
11.3987
11.3884
11.3706
11.3443
11.3097
11.2695
11.2239
11.1727
11.1161
11.0545
10.9885
10.9187
10.8453
10.7687
10.6887
10.6057
10.5197
10.4311
10.3401
10.2472
10.1527
10.0573
9.96071
9.86388
9.76565
9.66824
9.56801
9.47169
9.36804
9.2776
9.1646
11.8042
11.7285
11.651
11.5711
11.487
11.3972
11.3004
11.1966
11.0862
10.9704
10.8509
10.7296
10.6083
10.489
10.3733
10.2624
10.1575
10.0593
9.9683
9.88461
9.80877
9.73982
9.67873
9.62395
9.57675
9.53426
9.49971
9.46746
9.44682
9.4229
9.40818
9.37559
9.37849
9.37594
9.38524
9.38025
9.39056
9.39241
9.39925
9.39533
9.40607
9.4004
9.41295
9.41356
9.4257
9.4231
9.43577
9.43701
9.44552
9.44525
9.45359
9.45247
9.43997
9.44476
9.43867
9.4369
9.43096
9.40618
9.38052
9.35587
9.33234
9.3092
9.28842
9.26581
9.23848
9.2058
9.16905
9.12867
9.08472
9.03694
8.98517
8.92958
8.8706
8.80865
8.74431
8.67813
8.61058
8.54202
8.4726
8.40233
8.33096
8.25829
8.18397
8.10801
8.03025
7.95111
7.87037
7.78879
7.70548
7.62197
7.53589
7.45117
7.36186
7.27814
7.18436
7.10678
7.00353
10.8668
10.781
10.693
10.6024
10.5087
10.4112
10.3097
10.2042
10.0952
9.98334
9.86974
9.75547
9.64167
9.52944
9.41975
9.31347
9.21127
9.11368
9.02103
8.93359
8.85139
8.77455
8.70282
8.6363
8.57451
8.51758
8.46481
8.4167
8.37196
8.33108
8.29312
8.25912
8.22772
8.19834
8.17125
8.14627
8.12117
8.10172
8.082
8.05509
8.02616
8.00042
7.9796
7.96296
7.94689
7.93143
7.91622
7.89757
7.87612
7.85473
7.83553
7.81717
7.79738
7.77249
7.73879
7.69681
7.65044
7.60455
7.56182
7.52384
7.4913
7.46245
7.43351
7.40081
7.36258
7.31876
7.27009
7.21739
7.16132
7.10236
7.04084
6.97706
6.91125
6.84373
6.77488
6.70529
6.63547
6.5659
6.49661
6.42758
6.35822
6.28826
6.21688
6.14413
6.06915
5.99275
5.9137
5.83377
5.75041
5.66731
5.57925
5.49453
5.40187
5.31922
5.22146
5.14648
5.03955
9.69121
9.59782
9.50268
9.40572
9.30677
9.20567
9.10238
8.99702
8.88985
8.78132
8.67201
8.56255
8.45358
8.34575
8.23963
8.13572
8.03444
7.93613
7.84104
7.74934
7.66115
7.57649
7.49539
7.41774
7.34351
7.27254
7.20475
7.13993
7.07796
7.01864
6.96186
6.90739
6.85502
6.80467
6.75613
6.70911
6.6638
6.61944
6.57573
6.53364
6.49287
6.45313
6.41377
6.37457
6.33471
6.29558
6.2556
6.21497
6.1757
6.13604
6.0948
6.05274
6.01086
5.96627
5.91569
5.85961
5.80122
5.74459
5.69311
5.6482
5.60824
5.56987
5.52966
5.4856
5.437
5.38408
5.32732
5.26731
5.20453
5.13951
5.07255
5.00413
4.93452
4.86423
4.79353
4.72324
4.65347
4.58483
4.5167
4.44939
4.38163
4.31393
4.24442
4.17425
4.10093
4.02713
3.94916
3.87163
3.78822
3.70716
3.61761
3.53569
3.44064
3.36239
3.25854
3.18614
3.07219
8.20117
8.10249
8.00264
7.90174
7.79981
7.69687
7.59292
7.48802
7.38227
7.27589
7.16916
7.06242
6.95602
6.85028
6.74556
6.64208
6.5402
6.44
6.34181
6.2457
6.15169
6.05981
5.97004
5.88239
5.79683
5.71335
5.6319
5.55243
5.47491
5.39925
5.32543
5.25336
5.183
5.11427
5.0471
4.98143
4.91715
4.85421
4.79264
4.73224
4.67298
4.61478
4.55754
4.50114
4.44572
4.39091
4.33677
4.28342
4.23041
4.17763
4.12521
4.07314
4.02117
3.96954
3.91816
3.86704
3.81563
3.76358
3.70983
3.65435
3.5968
3.53797
3.47808
3.41765
3.35671
3.29523
3.23312
3.17048
3.10732
3.04402
2.98018
2.91647
2.85243
2.78864
2.72426
2.66075
2.59666
2.53379
2.46969
2.40712
2.34261
2.28039
2.21505
2.15255
2.08525
2.02224
1.9529
1.88929
1.81649
1.75135
1.67365
1.60992
1.52943
1.4715
1.39292
1.34419
1.26627
6.28155
6.18087
6.07902
5.97615
5.87228
5.76752
5.66197
5.55578
5.44912
5.34221
5.23526
5.12849
5.02211
4.91629
4.81139
4.70721
4.60478
4.5028
4.40358
4.30354
4.20314
4.10283
4.00301
3.90402
3.80614
3.70959
3.61457
3.52126
3.42978
3.34024
3.25274
3.16733
3.08408
3.00297
2.92407
2.8473
2.77274
2.70024
2.62985
2.56144
2.49501
2.43042
2.36766
2.30662
2.24725
2.18939
2.1331
2.07813
2.02453
1.97222
1.92104
1.87108
1.82201
1.77394
1.72697
1.68166
1.6375
1.59504
1.55338
1.51331
1.47378
1.43552
1.39765
1.36075
1.32437
1.28896
1.25413
1.22034
1.18694
1.15455
1.12205
1.0906
1.05897
1.02846
0.997342
0.967767
0.937207
0.908441
0.878195
0.85022
0.820482
0.793792
0.764823
0.739423
0.710952
0.686765
0.658806
0.635602
0.607536
0.584976
0.556394
0.535609
0.507095
0.489249
0.461338
0.44583
0.41844
3.76994
3.65103
3.53332
3.41691
3.30189
3.18833
3.07635
2.96602
2.85749
2.75075
2.64605
2.54326
2.44267
2.3443
2.24795
2.15445
2.06249
1.9741
1.88687
1.80418
1.72582
1.65154
1.58113
1.51438
1.4511
1.3911
1.33423
1.28034
1.22928
1.1809
1.13506
1.09159
1.05038
1.01126
0.974197
0.938947
0.905562
0.873756
0.843604
0.814853
0.787532
0.76147
0.736641
0.712914
0.690286
0.668585
0.64788
0.627961
0.608904
0.590571
0.572925
0.555978
0.539566
0.523796
0.508459
0.493736
0.479304
0.465553
0.451922
0.439008
0.426118
0.413884
0.401646
0.389987
0.378332
0.367265
0.35616
0.345638
0.335023
0.324996
0.314727
0.305127
0.295229
0.286037
0.276413
0.26764
0.258272
0.249864
0.240703
0.23266
0.223767
0.216199
0.207615
0.200509
0.192202
0.185556
0.177514
0.171222
0.16334
0.157351
0.149662
0.144182
0.136732
0.131978
0.124738
0.12077
0.113673
0.897497
0.859752
0.823416
0.788439
0.754783
0.722403
0.691264
0.661329
0.632568
0.60494
0.578423
0.552966
0.52856
0.505156
0.482734
0.461268
0.440718
0.42107
0.402286
0.384348
0.367231
0.350914
0.33537
0.320576
0.306498
0.293118
0.280397
0.268322
0.256853
0.245972
0.235645
0.225847
0.21656
0.207738
0.199391
0.19145
0.183946
0.176797
0.170044
0.163609
0.157517
0.151718
0.146215
0.140974
0.135998
0.13124
0.126734
0.122401
0.118301
0.114351
0.110597
0.106991
0.103534
0.10023
0.0970341
0.0939954
0.091025
0.0882241
0.0854466
0.0828523
0.0802489
0.0778263
0.0753801
0.0731078
0.070798
0.0686622
0.0664727
0.0644556
0.0623712
0.0604637
0.0584683
0.0566618
0.0547556
0.0530385
0.0512118
0.0495868
0.0478285
0.0462937
0.0446019
0.0431589
0.0415398
0.0401997
0.0386438
0.0373994
0.0359137
0.0347583
0.0333617
0.0322903
0.0309802
0.0299813
0.0287689
0.0278614
0.026764
0.0259696
0.0249996
0.0243243
0.023353
0.0256421
0.0250274
0.0244108
0.0237941
0.0231788
0.0225665
0.0219584
0.0213558
0.0207597
0.0201712
0.0195912
0.0190204
0.0184597
0.0179097
0.0173709
0.0168438
0.0163288
0.0158264
0.0153368
0.0148603
0.0143971
0.0139472
0.0135109
0.0130879
0.0126784
0.0122822
0.0118992
0.0115292
0.0111722
0.0108277
0.0104957
0.0101757
0.00986758
0.00957089
0.00928544
0.00901076
0.00874653
0.00849252
0.00824815
0.0080134
0.00778759
0.00757064
0.00736184
0.00716133
0.00696832
0.00678298
0.00660439
0.00643287
0.00626748
0.00610875
0.00595564
0.00580862
0.00566646
0.0055301
0.00539805
0.00527138
0.00514861
0.00503099
0.00491695
0.00480791
0.00470214
0.00460123
0.00450322
0.00440986
0.00431905
0.0042328
0.00414891
0.00406978
0.00399305
0.0039216
0.00385283
0.00379022
0.00373074
0.00367858
0.0036301
0.00359036
0.0035657
0.003556
0.00356455
0.00356631
0.00358818
0.00360598
0.00365955
0.00367942
0.00369966
0.00382221
0.00384362
0.00408146
0.00410971
0.0043799
0.00443776
0.00476042
0.00484794
0.00521323
0.00532681
0.00573892
0.00588055
3.14427e-05
3.10634e-05
3.06872e-05
3.03306e-05
2.99808e-05
2.9662e-05
2.93552e-05
2.90951e-05
2.88534e-05
2.86782e-05
2.85541e-05
2.85296e-05
2.85299e-05
2.86704e-05
2.88632e-05
2.88841e-05
2.9591e-05
2.96307e-05
3.09263e-05
3.09898e-05
3.23753e-05
3.24132e-05
3.40713e-05
3.4324e-05
3.62039e-05
3.61729e-05
3.86051e-05
3.8729e-05
4.15332e-05
4.15376e-05
4.51244e-05
4.53707e-05
4.94311e-05
4.98379e-05
5.38703e-05
5.63594e-05
5.77377e-05
6.32762e-05
6.32825e-05
7.11229e-05
7.20775e-05
7.98766e-05
7.99225e-05
9.08866e-05
9.13141e-05
0.000104292
0.000104193
0.000118758
0.000118401
0.000137328
0.000139644
0.000160573
0.00016062
0.000188685
0.000189154
0.000219329
0.000221465
0.000255531
0.000260018
0.000299557
0.000306948
0.000352968
0.000363296
0.000415571
0.000428517
0.000486973
0.000502909
0.000569428
0.000589592
0.000667353
0.000693356
0.000786428
0.00082023
0.000933213
0.000976837
0.00111444
0.00116993
0.00133696
0.00140633
0.00160787
0.00169345
0.00193545
0.00204013
0.00232989
0.0024573
0.00280366
0.00295784
0.00337127
0.00355712
0.00405047
0.00427373
0.00486428
0.00513804
0.00585303
0.00618663
0.00705244
0.00745552
4.09849e-07
7.93519e-07
9.36284e-07
1.57972e-06
1.82669e-06
2.80459e-06
3.19217e-06
4.62194e-06
5.20123e-06
7.22859e-06
8.04721e-06
1.07973e-05
1.18999e-05
1.55296e-05
1.699e-05
2.17173e-05
2.36171e-05
2.96714e-05
3.21062e-05
3.98046e-05
4.29183e-05
5.26038e-05
5.65271e-05
6.85628e-05
7.34411e-05
8.82386e-05
9.42422e-05
0.000112266
0.000119582
0.000141353
0.000150199
0.00017631
0.000186933
0.000218063
0.000230752
0.000267661
0.000282759
0.000326342
0.000344213
0.000395481
0.000416538
0.000476607
0.000501371
0.000571606
0.000600646
0.00068254
0.000716534
0.000811891
0.000851659
0.000962577
0.00100903
0.00113789
0.00119218
0.00134194
0.00140541
0.00157948
0.00165371
0.00185603
0.00194283
0.00217794
0.00227945
0.0025527
0.00267151
0.00298949
0.00312887
0.00349962
0.00366349
0.00409644
0.00428927
0.00479498
0.00502191
0.00561204
0.00587868
0.00656707
0.0068798
0.0076823
0.00804938
0.00898586
0.00941706
0.0105113
0.0110189
0.0122997
0.0128978
0.0143982
0.0151035
0.0168626
0.0176946
0.0197574
0.0207392
0.0231593
0.0243177
0.0271573
0.0285223
0.0318605
0.033455
0.0374735
0.0391602
3.32899e-05
5.03022e-05
5.77524e-05
8.10027e-05
9.08996e-05
0.000121373
0.000134202
0.000173409
0.000189903
0.000239588
0.000260188
0.000321227
0.000346266
0.000420105
0.000450441
0.000539276
0.000575694
0.000681438
0.000724725
0.000849547
0.000900603
0.00104685
0.00110665
0.00127692
0.00134657
0.00154374
0.00162444
0.00185166
0.00194476
0.00220552
0.00231249
0.00261062
0.00273313
0.00307291
0.00321282
0.00359901
0.00375843
0.00419642
0.00437772
0.00487353
0.00507943
0.00563986
0.00587344
0.0065062
0.00677101
0.00748489
0.00778501
0.00859007
0.00893021
0.00983796
0.0102236
0.0112472
0.0116845
0.0128391
0.0133354
0.0146382
0.0152016
0.0166727
0.0173125
0.0189744
0.0197019
0.0215805
0.0224085
0.0245341
0.0254775
0.0278843
0.0289604
0.0316883
0.0329167
0.036011
0.0374145
0.0409263
0.0425315
0.0465195
0.0483564
0.0528883
0.0549904
0.0601449
0.0625515
0.0684157
0.0711728
0.0778481
0.0810065
0.0886063
0.0922252
0.100878
0.105024
0.114876
0.119624
0.13084
0.136276
0.149043
0.155253
0.169827
0.176816
0.194037
0.200717
0.00225167
0.00259449
0.00304989
0.00344812
0.00396995
0.00442892
0.00502253
0.00554745
0.00622104
0.00681758
0.00757951
0.00825203
0.0091098
0.00986322
0.0108246
0.0116659
0.0127392
0.013677
0.0148703
0.0159141
0.0172358
0.018396
0.0198545
0.0211431
0.0227472
0.0241773
0.0259369
0.0275228
0.0294486
0.0312054
0.0333092
0.0352536
0.0375481
0.0396989
0.0421975
0.0445762
0.0472936
0.0499246
0.0528761
0.0557874
0.0589896
0.0622124
0.0656838
0.0692531
0.0730151
0.0769691
0.0810463
0.0854274
0.089848
0.0947035
0.0994994
0.104882
0.110089
0.116057
0.121715
0.128333
0.134486
0.141826
0.148523
0.156666
0.163963
0.172999
0.180959
0.190989
0.199683
0.210819
0.220323
0.23269
0.243084
0.256823
0.268194
0.283462
0.295902
0.312875
0.326482
0.345355
0.360238
0.381221
0.397501
0.420822
0.438627
0.464541
0.484005
0.512798
0.534062
0.566051
0.589263
0.624792
0.650105
0.689543
0.717108
0.760866
0.790803
0.839349
0.871754
0.925591
0.960568
0.0939927
0.100111
0.106427
0.112963
0.11971
0.126684
0.133881
0.141325
0.149012
0.156961
0.165157
0.173618
0.182328
0.191312
0.200557
0.210095
0.21991
0.230037
0.240459
0.251211
0.262273
0.273684
0.285422
0.297528
0.309981
0.322822
0.336029
0.349646
0.363651
0.378088
0.392936
0.408239
0.423978
0.440199
0.456882
0.474075
0.491761
0.509986
0.528737
0.54806
0.567946
0.588438
0.609532
0.63127
0.653654
0.676723
0.700486
0.724977
0.750212
0.776223
0.803034
0.830669
0.859163
0.888533
0.918825
0.95005
0.982264
1.01547
1.04974
1.08507
1.12153
1.15913
1.19794
1.23796
1.27929
1.32191
1.36592
1.4113
1.45817
1.50649
1.55641
1.60787
1.66101
1.71581
1.77237
1.83073
1.89091
1.95304
2.01703
2.08319
2.15117
2.22163
2.29377
2.36885
2.44528
2.52536
2.60615
2.6917
2.77679
2.86847
2.95758
3.0563
3.14876
3.25595
3.35045
3.46838
3.56244
1.38945
1.42256
1.45616
1.49025
1.52485
1.55995
1.59556
1.63168
1.66832
1.70549
1.74318
1.78142
1.82019
1.85951
1.89939
1.93983
1.98084
2.02242
2.06457
2.10732
2.15065
2.19459
2.23913
2.28428
2.33005
2.37645
2.42349
2.47118
2.51952
2.56852
2.6182
2.66856
2.71961
2.77138
2.82386
2.87707
2.93103
2.98575
3.04125
3.09754
3.15465
3.21258
3.27136
3.33101
3.39155
3.45299
3.51537
3.57871
3.64303
3.70836
3.77472
3.84214
3.91066
3.9803
4.05109
4.12306
4.19625
4.2707
4.34644
4.4235
4.50194
4.58178
4.66308
4.74588
4.83022
4.91615
5.00373
5.09299
5.184
5.2768
5.37146
5.46802
5.56655
5.6671
5.76973
5.8745
5.98148
6.09073
6.20232
6.31631
6.43276
6.55176
6.67336
6.79766
6.92468
7.05456
7.18729
7.32307
7.46173
7.6038
7.74853
7.89743
8.04805
8.20486
8.36023
8.5277
8.68376
4.57257
4.61678
4.6613
4.70612
4.75125
4.79668
4.84242
4.88847
4.93484
4.98152
5.02853
5.07586
5.12352
5.17152
5.21986
5.26855
5.3176
5.36703
5.41683
5.46703
5.51763
5.56864
5.62009
5.67199
5.72435
5.77719
5.83053
5.88439
5.9388
5.99378
6.04935
6.10555
6.1624
6.21994
6.27819
6.3372
6.397
6.45764
6.51914
6.58156
6.64494
6.70933
6.77478
6.84134
6.90907
6.97802
7.04825
7.11982
7.1928
7.26725
7.34324
7.42084
7.50012
7.58116
7.66404
7.74883
7.83562
7.92449
8.01553
8.10881
8.20444
8.30251
8.4031
8.5063
8.61223
8.72096
8.8326
8.94725
9.065
9.18595
9.3102
9.43785
9.56899
9.70371
9.84211
9.98429
10.1303
10.2803
10.4343
10.5924
10.7547
10.9212
11.0921
11.2673
11.4469
11.631
11.8197
12.0129
12.2106
12.413
12.62
12.8316
13.0477
13.2687
13.4936
13.7246
13.9567
7.01335
7.05188
7.09078
7.13008
7.16979
7.20992
7.25049
7.29151
7.33302
7.37503
7.41757
7.46065
7.50431
7.54857
7.59346
7.63901
7.68526
7.73223
7.77997
7.82851
7.87789
7.92815
7.97934
8.03149
8.08466
8.1389
8.19425
8.25077
8.30851
8.36753
8.42789
8.48965
8.55288
8.61764
8.684
8.75203
8.8218
8.89338
8.96686
9.04231
9.11981
9.19944
9.28128
9.36542
9.45193
9.54092
9.63245
9.72663
9.82354
9.92326
10.0259
10.1315
10.2403
10.3522
10.4674
10.5859
10.7078
10.8333
10.9624
11.0952
11.2317
11.3721
11.5163
11.6645
11.8167
11.973
12.1335
12.2981
12.4669
12.64
12.8173
12.999
13.185
13.3753
13.5699
13.7688
13.972
14.1795
14.3912
14.6072
14.8272
15.0514
15.2796
15.5117
15.7477
15.9875
16.2309
16.478
16.7285
16.9824
17.2396
17.4999
17.7633
18.0294
18.2985
18.57
18.8443
8.94133
8.97879
9.01698
9.05595
9.09573
9.13637
9.17792
9.22041
9.2639
9.30844
9.35408
9.40087
9.44887
9.49814
9.54874
9.60074
9.65419
9.70916
9.76573
9.82395
9.8839
9.94566
10.0093
10.0749
10.1425
10.2122
10.2841
10.3583
10.4348
10.5137
10.5952
10.6793
10.766
10.8555
10.9478
11.043
11.1413
11.2426
11.3471
11.4549
11.5659
11.6804
11.7983
11.9197
12.0447
12.1733
12.3056
12.4417
12.5816
12.7253
12.8729
13.0243
13.1797
13.3391
13.5025
13.6698
13.841
14.0163
14.1955
14.3786
14.5656
14.7564
14.9511
15.1495
15.3516
15.5574
15.7668
15.9797
16.1959
16.4156
16.6385
16.8645
17.0936
17.3257
17.5606
17.7982
18.0385
18.2812
18.5263
18.7736
19.0231
19.2746
19.528
19.7831
20.0399
20.2982
20.5578
20.8188
21.0809
21.3441
21.6083
21.8733
22.1391
22.4053
22.6727
22.9393
23.2092
10.524
10.5682
10.6138
10.661
10.7098
10.7603
10.8126
10.8668
10.9229
10.981
11.0412
11.1036
11.1683
11.2353
11.3047
11.3766
11.4511
11.5282
11.6081
11.6908
11.7765
11.865
11.9567
12.0514
12.1493
12.2505
12.355
12.4629
12.5742
12.689
12.8073
12.9292
13.0547
13.1839
13.3167
13.4533
13.5935
13.7375
13.8853
14.0367
14.1919
14.3508
14.5133
14.6795
14.8493
15.0226
15.1995
15.3797
15.5634
15.7505
15.9407
16.1342
16.3307
16.5303
16.7327
16.938
17.1459
17.3565
17.5696
17.785
18.0027
18.2225
18.4444
18.6682
18.8938
19.1211
19.35
19.5804
19.8122
20.0452
20.2794
20.5147
20.751
20.9881
21.226
21.4646
21.7037
21.9434
22.1835
22.4239
22.6647
22.9056
23.1466
23.3878
23.6289
23.8701
24.1111
24.3521
24.5928
24.8334
25.0737
25.3138
25.5536
25.7929
26.0324
26.27
26.5116
11.9436
12.0054
12.0697
12.1367
12.2064
12.2789
12.3543
12.4326
12.514
12.5985
12.6862
12.7771
12.8714
12.969
13.07
13.1745
13.2826
13.3941
13.5093
13.628
13.7504
13.8764
14.0061
14.1394
14.2763
14.4169
14.561
14.7087
14.86
15.0147
15.1729
15.3344
15.4992
15.6673
15.8386
16.0129
16.1903
16.3705
16.5536
16.7393
16.9276
17.1184
17.3115
17.5069
17.7044
17.9038
18.1052
18.3084
18.5132
18.7195
18.9273
19.1364
19.3468
19.5582
19.7706
19.9839
20.198
20.4127
20.6281
20.8439
21.0602
21.2768
21.4936
21.7107
21.9279
22.1452
22.3625
22.5798
22.7969
23.014
23.2308
23.4474
23.6637
23.8798
24.0955
24.3108
24.5258
24.7403
24.9545
25.1683
25.3816
25.5946
25.8071
26.0192
26.2309
26.4421
26.653
26.8635
27.0736
27.2833
27.4927
27.7017
27.9105
28.1187
28.3272
28.5338
28.7451
13.3448
13.4345
13.5277
13.6244
13.7246
13.8285
13.936
14.0472
14.162
14.2805
14.4027
14.5285
14.658
14.7911
14.9277
15.0679
15.2116
15.3587
15.5091
15.6627
15.8196
15.9795
16.1424
16.3082
16.4767
16.6479
16.8217
16.9978
17.1763
17.357
17.5397
17.7244
17.9108
18.099
18.2887
18.4797
18.6721
18.8656
19.0601
19.2556
19.4518
19.6486
19.8461
20.044
20.2423
20.4408
20.6396
20.8385
21.0374
21.2363
21.4351
21.6337
21.832
22.0301
22.2278
22.4251
22.622
22.8185
23.0144
23.2099
23.4049
23.5993
23.7932
23.9866
24.1794
24.3717
24.5634
24.7545
24.945
25.135
25.3243
25.5131
25.7013
25.889
26.0761
26.2628
26.4491
26.6349
26.8204
27.0055
27.1903
27.3748
27.559
27.743
27.9268
28.1105
28.294
28.4774
28.6608
28.8442
29.0275
29.2108
29.3943
29.5777
29.7618
29.9444
30.1325
14.7877
14.909
15.0339
15.1624
15.2944
15.43
15.569
15.7113
15.8568
16.0056
16.1574
16.3121
16.4697
16.63
16.7928
16.9581
17.1257
17.2954
17.4671
17.6406
17.8158
17.9926
18.1708
18.3502
18.5308
18.7124
18.8949
19.0781
19.262
19.4464
19.6312
19.8163
20.0016
20.1869
20.3721
20.5573
20.7421
20.9267
21.1109
21.2947
21.478
21.6607
21.8429
22.0244
22.2053
22.3855
22.565
22.7438
22.9218
23.0989
23.2753
23.4508
23.6255
23.7994
23.9726
24.1449
24.3165
24.4874
24.6576
24.8271
24.9959
25.1642
25.3318
25.4989
25.6654
25.8314
25.9969
26.1619
26.3262
26.4901
26.6535
26.8165
26.9792
27.1415
27.3037
27.4657
27.6276
27.7894
27.9513
28.1131
28.275
28.4371
28.5993
28.7617
28.9243
29.0872
29.2505
29.4141
29.5781
29.7426
29.9076
30.073
30.2391
30.4056
30.5736
30.7404
30.9134
16.2285
16.375
16.5243
16.6763
16.8308
16.9877
17.1469
17.3082
17.4714
17.6364
17.8031
17.9712
18.1407
18.3113
18.4829
18.6554
18.8285
19.0021
19.1761
19.3503
19.5247
19.699
19.8733
20.0474
20.2213
20.3948
20.5678
20.7404
20.9124
21.0839
21.2546
21.4244
21.5935
21.7616
21.9287
22.0949
22.2601
22.4244
22.5876
22.7499
22.9111
23.0714
23.2308
23.3892
23.5467
23.7032
23.8589
24.0136
24.1673
24.32
24.4718
24.6228
24.773
24.9225
25.0713
25.2194
25.3671
25.5141
25.6607
25.8068
25.9526
26.0979
26.2429
26.3877
26.5322
26.6764
26.8204
26.9641
27.1075
27.2503
27.3926
27.5346
27.6767
27.8191
27.9618
28.1047
28.248
28.3917
28.5359
28.6805
28.8256
28.9712
29.1175
29.2644
29.412
29.5604
29.7096
29.8596
30.0105
30.1623
30.3151
30.469
30.6241
30.7801
30.9382
31.0958
31.2601
17.5543
17.7129
17.8728
18.034
18.1962
18.3594
18.5233
18.6878
18.8528
19.0181
19.1836
19.3491
19.5146
19.6798
19.8446
20.009
20.1728
20.3357
20.4979
20.6592
20.8197
20.9792
21.1377
21.2953
21.4518
21.6073
21.7618
21.9152
22.0675
22.2187
22.3687
22.5174
22.6647
22.8109
22.9559
23.0997
23.2425
23.3842
23.5248
23.6645
23.8033
23.9411
24.078
24.2142
24.3495
24.4841
24.6179
24.7508
24.8828
25.0136
25.1434
25.2726
25.4014
25.5299
25.658
25.7859
25.9136
26.041
26.1683
26.2955
26.4226
26.5497
26.6768
26.8039
26.9311
27.0584
27.1857
27.313
27.4401
27.5669
27.6932
27.82
27.948
28.0769
28.2065
28.3368
28.4678
28.5996
28.7321
28.8655
28.9998
29.1349
29.271
29.4082
29.5464
29.6858
29.8263
29.9681
30.1112
30.2557
30.4016
30.5489
30.698
30.8485
31.0017
31.1548
31.315
18.6552
18.8125
18.9697
19.127
19.284
19.4406
19.5968
19.7525
19.9075
20.0618
20.2152
20.3677
20.5192
20.6696
20.8189
20.9669
21.1136
21.2589
21.4026
21.5451
21.6864
21.8264
21.9651
22.1026
22.2389
22.374
22.5079
22.6407
22.7723
22.9027
23.0319
23.1596
23.2857
23.4104
23.534
23.6567
23.7786
23.8996
24.0198
24.1394
24.2582
24.3764
24.494
24.611
24.7275
24.8435
24.959
25.0739
25.1878
25.3006
25.4132
25.5262
25.6392
25.7522
25.8653
25.9785
26.0917
26.205
26.3185
26.4321
26.5459
26.66
26.7743
26.889
27.0039
27.1192
27.2347
27.3505
27.4663
27.5822
27.6979
27.8146
27.9327
28.052
28.1723
28.2936
28.4159
28.5393
28.6637
28.7892
28.9159
29.0439
29.1731
29.3037
29.4357
29.5691
29.7041
29.8406
29.9789
30.1188
30.2606
30.4043
30.5502
30.6978
30.8487
30.9999
31.1585
19.4735
19.6204
19.7664
19.9116
20.0557
20.1984
20.3401
20.4805
20.6198
20.7577
20.8942
21.0293
21.1631
21.2953
21.4263
21.5557
21.6834
21.8094
21.9336
22.0563
22.1777
22.2979
22.4169
22.5348
22.6516
22.7673
22.8819
22.9955
23.1082
23.2198
23.3303
23.4393
23.5467
23.6536
23.7601
23.866
23.9715
24.0764
24.1808
24.2847
24.3883
24.4915
24.5943
24.6969
24.7991
24.9012
25.0029
25.1042
25.2048
25.3046
25.4046
25.5053
25.6063
25.7076
25.8093
25.9112
26.0135
26.1161
26.219
26.3224
26.4262
26.5305
26.6352
26.7405
26.8463
26.9525
27.0592
27.1664
27.2741
27.3822
27.491
27.6011
27.7124
27.8249
27.9386
28.0535
28.1697
28.2871
28.4058
28.5259
28.6474
28.7703
28.8949
29.021
29.1487
29.2782
29.4096
29.5427
29.6779
29.8151
29.9545
30.0961
30.2402
30.3865
30.5362
30.6868
30.8445
20.0076
20.1401
20.2711
20.4007
20.5288
20.655
20.7797
20.9026
21.0242
21.1441
21.2627
21.3796
21.4952
21.6093
21.7221
21.8332
21.9428
22.0504
22.1567
22.262
22.3666
22.47
22.5727
22.6742
22.775
22.8748
22.9738
23.0719
23.1693
23.2658
23.3614
23.4557
23.5488
23.6417
23.7345
23.8271
23.9194
24.0115
24.1034
24.1951
24.2866
24.378
24.4693
24.5605
24.6517
24.7428
24.8339
24.9247
25.0153
25.1059
25.1969
25.2885
25.3806
25.4732
25.5662
25.6597
25.7537
25.8483
25.9434
26.039
26.1352
26.2321
26.3296
26.4277
26.5265
26.6259
26.726
26.8268
26.9284
27.0308
27.1343
27.2391
27.3451
27.4525
27.5612
27.6713
27.7827
27.8955
28.0099
28.1257
28.2432
28.3624
28.4832
28.6059
28.7304
28.8569
28.9854
29.116
29.2488
29.3839
29.5214
29.6613
29.804
29.9491
30.0977
30.2479
30.4043
20.2893
20.4057
20.5206
20.6338
20.7454
20.8546
20.9629
21.0695
21.175
21.2787
21.3813
21.4821
21.5821
21.6802
21.7775
21.8731
21.9675
22.0599
22.1515
22.2422
22.3327
22.422
22.511
22.5989
22.6865
22.773
22.8594
22.9447
23.0298
23.114
23.1977
23.2804
23.3629
23.4451
23.5275
23.6096
23.6919
23.774
23.8563
23.9384
24.0207
24.1029
24.1853
24.2678
24.3505
24.4332
24.516
24.5989
24.6819
24.7653
24.8493
24.9338
25.019
25.1047
25.1911
25.278
25.3655
25.4537
25.5425
25.632
25.7222
25.8131
25.9048
25.9972
26.0903
26.1843
26.2791
26.3748
26.4714
26.5691
26.6681
26.7684
26.87
26.973
27.0775
27.1833
27.2907
27.3996
27.5101
27.6222
27.7361
27.8518
27.9694
28.0888
28.2104
28.3339
28.4597
28.5877
28.7181
28.8508
28.9861
29.1241
29.2647
29.4083
29.5549
29.7039
29.858
20.3657
20.4669
20.5672
20.6652
20.7622
20.8563
20.9502
21.042
21.1334
21.2224
21.3113
21.3979
21.4845
21.5689
21.6533
21.7354
21.8174
21.8973
21.9775
22.0562
22.1355
22.2132
22.2914
22.3681
22.4453
22.5211
22.5974
22.6725
22.748
22.8223
22.8969
22.9705
23.0446
23.1183
23.1925
23.2664
23.3409
23.4151
23.4898
23.5643
23.6393
23.7143
23.7897
23.8652
23.941
24.017
24.0934
24.17
24.247
24.3246
24.4027
24.4816
24.561
24.6411
24.7219
24.8034
24.8855
24.9683
25.0518
25.1361
25.2211
25.3069
25.3935
25.4809
25.5692
25.6584
25.7485
25.8397
25.9319
26.0253
26.1201
26.2162
26.3136
26.4125
26.5128
26.6146
26.718
26.823
26.9296
27.038
27.1483
27.2603
27.3744
27.4904
27.6086
27.7288
27.8514
27.9762
28.1035
28.2333
28.3656
28.5007
28.6383
28.7792
28.9225
29.0692
29.2194
20.2832
20.3706
20.4579
20.5422
20.6267
20.7078
20.7897
20.8684
20.9481
21.0245
21.1022
21.1766
21.2524
21.3251
21.3991
21.47
21.5423
21.6117
21.6829
21.7516
21.822
21.8901
21.9598
22.0273
22.0963
22.1633
22.2318
22.2984
22.3664
22.4327
22.5002
22.5664
22.634
22.7005
22.7684
22.8354
22.9036
22.9713
23.0399
23.1081
23.1772
23.2462
23.3158
23.3855
23.4557
23.5261
23.5971
23.6684
23.7403
23.8128
23.886
23.9598
24.0343
24.1095
24.1853
24.2618
24.3391
24.417
24.4958
24.5752
24.6555
24.7366
24.8185
24.9013
24.985
25.0696
25.1553
25.242
25.3299
25.4191
25.5095
25.6013
25.6944
25.789
25.8851
25.9826
26.0818
26.1826
26.2851
26.3893
26.4954
26.6034
26.7134
26.8253
26.9394
27.0556
27.1742
27.295
27.4183
27.544
27.6722
27.8033
27.9364
28.0735
28.2118
28.355
28.4994
20.0821
20.1571
20.2336
20.3058
20.3799
20.4493
20.5213
20.5887
20.6589
20.7245
20.7932
20.8572
20.9245
20.9871
21.0531
21.1144
21.1792
21.2397
21.3039
21.3639
21.4276
21.4873
21.5505
21.61
21.6728
21.7321
21.7946
21.8539
21.9161
21.9754
22.0376
22.0972
22.1596
22.2199
22.2827
22.3437
22.4069
22.4687
22.5324
22.5951
22.6592
22.7228
22.7875
22.852
22.9174
22.9829
23.0491
23.1157
23.183
23.2508
23.3193
23.3885
23.4584
23.5289
23.6001
23.672
23.7446
23.8179
23.8919
23.9668
24.0424
24.1188
24.1961
24.2743
24.3533
24.4334
24.5145
24.5967
24.68
24.7646
24.8505
24.9376
25.0261
25.116
25.2074
25.3003
25.3947
25.4907
25.5885
25.688
25.7893
25.8924
25.9976
26.1046
26.2139
26.3251
26.4387
26.5543
26.6725
26.7929
26.9158
27.0415
27.1689
27.3007
27.4324
27.5707
27.7076
19.7948
19.8589
19.9264
19.9878
20.0534
20.1126
20.1766
20.2341
20.2969
20.3529
20.4146
20.4694
20.5302
20.5839
20.6439
20.6967
20.756
20.8084
20.8673
20.9195
20.9781
21.0303
21.0886
21.1408
21.1989
21.2513
21.3092
21.3618
21.4196
21.4727
21.5305
21.5842
21.6424
21.697
21.7555
21.811
21.8699
21.9264
21.9858
22.0433
22.1031
22.1616
22.222
22.2817
22.3427
22.4035
22.4653
22.5273
22.5902
22.6536
22.7176
22.7823
22.8476
22.9135
22.9801
23.0473
23.1153
23.1839
23.2533
23.3233
23.3942
23.4659
23.5384
23.6117
23.686
23.7612
23.8374
23.9148
23.9932
24.0728
24.1536
24.2357
24.3191
24.4038
24.4899
24.5775
24.6666
24.7572
24.8496
24.9435
25.0393
25.1368
25.2362
25.3375
25.4408
25.546
25.6536
25.763
25.8749
25.9888
26.105
26.2241
26.3444
26.4695
26.5933
26.7252
26.853
19.4468
19.5009
19.5611
19.6129
19.6717
19.7217
19.7795
19.8282
19.8852
19.9327
19.9892
20.0357
20.0916
20.1373
20.1927
20.2379
20.2929
20.338
20.3928
20.438
20.4926
20.5379
20.5924
20.6379
20.6923
20.7382
20.7925
20.839
20.8932
20.9403
20.9947
21.0428
21.0974
21.1465
21.2014
21.2516
21.3067
21.3581
21.4136
21.466
21.5219
21.5756
21.6319
21.6868
21.7437
21.7998
21.8574
21.9149
21.9734
22.0322
22.0918
22.1518
22.2125
22.2738
22.3356
22.3981
22.4613
22.525
22.5895
22.6547
22.7205
22.7872
22.8546
22.9228
22.992
23.062
23.1329
23.2049
23.278
23.3521
23.4274
23.5038
23.5815
23.6605
23.7407
23.8224
23.9055
23.99
24.0761
24.1638
24.2531
24.3441
24.4369
24.5314
24.6279
24.7261
24.8265
24.9286
25.033
25.1393
25.2478
25.3588
25.4708
25.5879
25.7024
25.8266
25.944
19.0572
19.1022
19.1564
19.1997
19.253
19.2949
19.3477
19.3886
19.4412
19.4811
19.5334
19.5725
19.6246
19.6631
19.715
19.7531
19.805
19.8431
19.8949
19.9332
19.9849
20.0236
20.0752
20.1143
20.1658
20.2055
20.2569
20.2974
20.3487
20.3901
20.4415
20.484
20.5355
20.5792
20.6309
20.6758
20.7276
20.7737
20.8256
20.8731
20.9252
20.974
21.0264
21.0765
21.1292
21.1807
21.2341
21.2869
21.341
21.3951
21.45
21.5053
21.5611
21.6176
21.6745
21.732
21.7901
21.8488
21.9081
21.968
22.0286
22.0899
22.1519
22.2146
22.2782
22.3426
22.4078
22.474
22.5412
22.6093
22.6785
22.7487
22.8201
22.8926
22.9664
23.0414
23.1177
23.1954
23.2746
23.3551
23.4372
23.5208
23.6062
23.693
23.7817
23.8718
23.9641
24.0578
24.1538
24.2512
24.3508
24.4528
24.5553
24.6631
24.7674
24.8826
24.9884
18.6395
18.6763
18.7254
18.7613
18.8101
18.8449
18.8938
18.9277
18.9767
19.0098
19.0588
19.0912
19.1402
19.1721
19.2212
19.2529
19.3021
19.3338
19.3831
19.4151
19.4643
19.4968
19.5459
19.5789
19.6279
19.6617
19.7106
19.7453
19.794
19.8299
19.8785
19.9156
19.9642
20.0025
20.051
20.0907
20.1392
20.1802
20.2286
20.271
20.3194
20.3632
20.4116
20.4569
20.5054
20.5521
20.601
20.649
20.6985
20.7477
20.7978
20.8481
20.899
20.9503
21.002
21.0543
21.1071
21.1603
21.2142
21.2685
21.3235
21.3791
21.4352
21.4921
21.5496
21.6079
21.667
21.7268
21.7876
21.8492
21.9117
21.9751
22.0396
22.1051
22.1717
22.2394
22.3083
22.3784
22.4498
22.5225
22.5966
22.672
22.7489
22.8272
22.9072
22.9884
23.0716
23.1559
23.2424
23.3301
23.4199
23.5116
23.6038
23.7012
23.7943
23.8994
23.9926
18.2019
18.2314
18.2762
18.3056
18.3507
18.3794
18.4249
18.4529
18.4987
18.5258
18.5719
18.5982
18.6446
18.6705
18.7172
18.7428
18.7897
18.8155
18.8625
18.8886
18.9356
18.9622
19.009
19.0363
19.083
19.1112
19.1575
19.1868
19.2329
19.2634
19.3093
19.341
19.3867
19.4198
19.4652
19.4997
19.5447
19.5806
19.6254
19.6628
19.7073
19.7461
19.7904
19.8307
19.8749
19.9166
19.961
20.0039
20.0486
20.0927
20.1377
20.1828
20.2284
20.2743
20.3207
20.3674
20.4145
20.4621
20.5101
20.5586
20.6076
20.657
20.707
20.7575
20.8086
20.8604
20.9128
20.9658
21.0196
21.0742
21.1295
21.1856
21.2426
21.3004
21.3592
21.419
21.4798
21.5416
21.6046
21.6687
21.734
21.8004
21.8682
21.937
22.0075
22.0789
22.1522
22.2263
22.3025
22.3796
22.4585
22.5392
22.6202
22.7061
22.7873
22.881
22.9611
17.746
17.7694
17.8104
17.8345
17.8761
17.8997
17.942
17.9649
18.0076
18.0296
18.0728
18.094
18.1377
18.1583
18.2025
18.2229
18.2673
18.2878
18.3324
18.3532
18.3978
18.4191
18.4635
18.4855
18.5296
18.5527
18.5964
18.6205
18.6638
18.6892
18.7321
18.7589
18.8013
18.8294
18.8713
18.9009
18.9422
18.9732
19.0141
19.0464
19.0868
19.1206
19.1606
19.1958
19.2356
19.2721
19.3117
19.3494
19.389
19.4278
19.4676
19.5072
19.5473
19.5876
19.6282
19.6692
19.7104
19.7519
19.7938
19.8361
19.8787
19.9217
19.9651
20.009
20.0533
20.098
20.1433
20.1892
20.2356
20.2825
20.3302
20.3784
20.4274
20.477
20.5275
20.5787
20.6308
20.6838
20.7377
20.7924
20.8483
20.905
20.9629
21.0217
21.0819
21.1428
21.2054
21.2686
21.3336
21.3992
21.4666
21.5354
21.6044
21.678
21.7467
21.828
21.8944
17.2644
17.283
17.3204
17.3402
17.3784
17.3979
17.4369
17.4556
17.4951
17.5129
17.5529
17.5699
17.6105
17.627
17.6679
17.6843
17.7255
17.7418
17.7832
17.7997
17.8411
17.8581
17.8993
17.9169
17.9579
17.9763
18.0169
18.0364
18.0765
18.0973
18.1368
18.1589
18.1976
18.2211
18.2591
18.2839
18.3213
18.3474
18.3841
18.4115
18.4476
18.4764
18.5118
18.5419
18.5768
18.6081
18.6427
18.6751
18.7094
18.7427
18.777
18.811
18.8454
18.8799
18.9145
18.9494
18.9845
19.0198
19.0553
19.091
19.127
19.1633
19.1998
19.2366
19.2738
19.3112
19.349
19.3872
19.4259
19.4649
19.5044
19.5443
19.5849
19.6259
19.6675
19.7097
19.7526
19.7961
19.8404
19.8854
19.9312
19.9777
20.0252
20.0733
20.1225
20.1723
20.2235
20.2751
20.3283
20.3819
20.4371
20.4933
20.5497
20.6102
20.6658
20.7337
20.786
16.7348
16.7501
16.7836
16.8002
16.8346
16.8511
16.8862
16.9019
16.9374
16.9522
16.9882
17.0024
17.0387
17.0524
17.0892
17.1026
17.1396
17.153
17.1901
17.2036
17.2407
17.2544
17.2914
17.3056
17.3424
17.3572
17.3937
17.4094
17.4454
17.4621
17.4975
17.5154
17.5499
17.5691
17.6028
17.6232
17.656
17.6775
17.7096
17.7323
17.7636
17.7874
17.818
17.843
17.8728
17.8989
17.9282
17.9551
17.984
18.0117
18.0403
18.0684
18.0969
18.1254
18.1539
18.1826
18.2113
18.2401
18.269
18.298
18.3272
18.3565
18.3859
18.4154
18.4452
18.4751
18.5052
18.5354
18.566
18.5968
18.6279
18.6592
18.691
18.723
18.7555
18.7883
18.8216
18.8553
18.8897
18.9244
18.9598
18.9956
19.0322
19.0692
19.1071
19.1453
19.1847
19.2243
19.2652
19.3062
19.3486
19.3918
19.435
19.4818
19.5241
19.5778
19.6158
16.1069
16.1201
16.1492
16.1634
16.1935
16.2075
16.2381
16.2515
16.2824
16.295
16.3261
16.3382
16.3696
16.3812
16.4128
16.4242
16.456
16.4673
16.499
16.5104
16.5421
16.5535
16.5852
16.5969
16.6283
16.6404
16.6716
16.6842
16.7151
16.7284
16.7587
16.7729
16.8024
16.8177
16.8463
16.8625
16.8903
16.9074
16.9343
16.9523
16.9784
16.9974
17.0227
17.0425
17.0671
17.0877
17.1116
17.1329
17.1561
17.178
17.2008
17.2229
17.2453
17.2676
17.2898
17.3121
17.3342
17.3564
17.3785
17.4006
17.4228
17.4449
17.467
17.4892
17.5113
17.5334
17.5556
17.5778
17.6001
17.6225
17.645
17.6675
17.6903
17.7132
17.7363
17.7596
17.7831
17.8069
17.831
17.8553
17.88
17.905
17.9305
17.9562
17.9825
18.009
18.0363
18.0636
18.0919
18.1203
18.1496
18.1795
18.2093
18.2422
18.2708
18.3099
18.3336
15.2718
15.2834
15.3072
15.3192
15.344
15.356
15.3811
15.3926
15.4176
15.4286
15.4536
15.4642
15.4892
15.4995
15.5245
15.5346
15.5595
15.5695
15.5944
15.6043
15.6291
15.639
15.6637
15.6737
15.6982
15.7083
15.7326
15.7429
15.767
15.7777
15.8013
15.8124
15.8356
15.8471
15.8697
15.8817
15.9036
15.9161
15.9373
15.9505
15.9709
15.9846
16.0042
16.0186
16.0373
16.0524
16.0703
16.0858
16.1029
16.1187
16.1353
16.1511
16.1671
16.1829
16.1985
16.214
16.2294
16.2446
16.2597
16.2746
16.2894
16.3042
16.3188
16.3333
16.3477
16.3619
16.3759
16.3899
16.4038
16.4176
16.4313
16.445
16.4586
16.4722
16.4859
16.4995
16.5132
16.527
16.5408
16.5547
16.5688
16.5829
16.5973
16.6117
16.6265
16.6412
16.6565
16.6716
16.6875
16.7031
16.7195
16.7362
16.7527
16.7716
16.7869
16.8113
16.8213
13.9917
14.0001
14.018
14.0267
14.0454
14.0539
14.0728
14.0809
14.0996
14.1073
14.1258
14.1332
14.1515
14.1586
14.1768
14.1837
14.2018
14.2085
14.2264
14.2331
14.2508
14.2573
14.2749
14.2813
14.2987
14.3052
14.3223
14.3288
14.3457
14.3523
14.3688
14.3756
14.3916
14.3986
14.4141
14.4212
14.4361
14.4434
14.4577
14.4653
14.4788
14.4867
14.4995
14.5077
14.5197
14.5284
14.5395
14.5484
14.5586
14.5676
14.5771
14.5859
14.5948
14.6034
14.6117
14.6198
14.6277
14.6354
14.6428
14.65
14.6569
14.6637
14.6703
14.6768
14.683
14.6889
14.6944
14.6997
14.7049
14.7098
14.7145
14.719
14.7234
14.7276
14.7316
14.7355
14.7393
14.743
14.7467
14.7502
14.7537
14.7571
14.7605
14.7638
14.7673
14.7706
14.7742
14.7775
14.7812
14.7847
14.7886
14.7926
14.7963
14.8019
14.8049
14.8151
14.8128
12.0632
12.0672
12.0801
12.0847
12.0978
12.1024
12.1155
12.1197
12.1327
12.1365
12.1493
12.1527
12.1654
12.1686
12.1811
12.1841
12.1964
12.1992
12.2113
12.214
12.2259
12.2285
12.2402
12.2426
12.2542
12.2565
12.2678
12.2702
12.2812
12.2836
12.2942
12.2966
12.3068
12.3093
12.319
12.3215
12.3306
12.3333
12.3417
12.3445
12.3522
12.3552
12.3622
12.3653
12.3715
12.3748
12.3801
12.3836
12.3881
12.3914
12.3952
12.3983
12.4014
12.4041
12.4066
12.4088
12.4108
12.4124
12.4138
12.4149
12.4157
12.4164
12.4169
12.4174
12.4179
12.4177
12.4168
12.4156
12.4142
12.4124
12.4104
12.4081
12.4056
12.4028
12.3998
12.3965
12.3931
12.3894
12.3856
12.3816
12.3774
12.373
12.3685
12.3638
12.359
12.354
12.349
12.3438
12.3387
12.3333
12.3279
12.3227
12.3169
12.3126
12.3059
12.3047
12.2938
16.0596
16.0692
16.0938
16.1065
16.1289
16.1426
16.1647
16.1783
16.2002
16.2135
16.2352
16.2481
16.2697
16.2824
16.3039
16.3164
16.3377
16.3501
16.3712
16.3834
16.4044
16.4164
16.4372
16.4491
16.4697
16.4815
16.5018
16.5136
16.5335
16.5452
16.5648
16.5764
16.5955
16.6071
16.6255
16.6371
16.6549
16.6664
16.6834
16.695
16.7111
16.7226
16.7378
16.7493
16.7635
16.7749
16.7881
16.7994
16.8115
16.8224
16.8335
16.8439
16.854
16.8637
16.8729
16.8817
16.89
16.8978
16.9052
16.912
16.9184
16.9244
16.93
16.9351
16.9396
16.9434
16.9465
16.9491
16.9511
16.9525
16.9533
16.9535
16.9532
16.9523
16.9508
16.9488
16.9461
16.9429
16.9391
16.9347
16.9298
16.9242
16.9181
16.9113
16.904
16.8961
16.8876
16.8784
16.8687
16.8585
16.8474
16.8364
16.8234
16.8126
16.7968
16.7887
16.7675
74.3835
74.187
74.0127
73.8602
73.7313
73.6168
73.5214
73.4601
73.4472
73.3937
73.0686
72.1553
70.4989
68.6929
67.3973
66.9156
67.4982
67.3301
66.1933
63.9712
60.0633
54.9247
49.4206
43.6921
38.328
33.5505
29.1072
25.2541
21.8172
18.9629
16.2129
13.4065
13.4029
75.6016
75.3866
75.1896
75.0081
74.8436
74.6841
74.5345
74.4028
74.2947
74.143
73.7373
72.7727
71.0695
69.0188
67.2127
65.9363
65.5803
64.7788
63.1794
60.7075
56.8341
51.8527
46.5037
40.9342
35.7293
31.0641
26.7947
23.0348
19.7736
16.8793
14.0442
11.2345
11.2289
76.7984
76.56
76.3349
76.1182
75.9099
75.6959
75.4818
75.2699
75.06
74.7983
74.2951
73.2693
71.5289
69.2987
67.0918
65.1548
63.9422
62.4893
60.3947
57.596
53.6469
48.7312
43.4651
38.0059
32.928
28.3529
24.239
20.5861
17.5
14.581
11.7637
9.04594
9.82155
77.9255
77.6588
77.3996
77.1412
76.8807
76.6039
76.3157
76.0141
75.6956
75.312
74.6977
73.5958
71.8152
69.4557
66.9414
64.4675
62.4985
60.4023
57.7939
54.614
50.499
45.5704
40.327
34.942
29.9683
25.4716
21.5019
17.9714
15.0463
12.1312
9.40365
6.87746
9.31689
78.9236
78.6232
78.3238
78.0171
77.6962
77.3488
76.9775
76.5771
76.14
75.6217
74.8888
73.7041
71.8796
69.4273
66.6634
63.7598
61.141
58.433
55.308
51.7147
47.3675
42.3658
37.1019
31.772
26.893
22.4761
18.6501
15.2598
12.4738
9.61836
7.00844
4.83079
9.88164
79.7201
79.3803
79.0341
78.6718
78.2803
77.8517
77.3862
76.8777
76.3267
75.6801
74.8195
73.5331
71.6497
69.1147
66.1554
62.9117
59.7475
56.4774
52.85
48.8339
44.2157
39.1034
33.7977
28.5243
23.7457
19.4262
15.7556
12.5247
9.85927
7.14126
4.64871
3.24061
11.8631
80.2135
79.8269
79.4262
79.0052
78.5446
78.0379
77.4826
76.8715
76.1926
75.4023
74.3972
72.9952
71.0378
68.4285
65.3138
61.8024
58.1902
54.4209
50.3226
45.8973
40.9995
35.7662
30.4237
25.2312
20.5753
16.3872
12.8949
9.8426
7.30122
4.79144
2.48705
2.55232
15.233
80.3299
79.8995
79.4474
78.9608
78.4218
77.8255
77.1677
76.4389
75.6245
74.6858
73.5315
72.0036
69.9584
67.2764
64.0357
60.315
56.3431
52.1467
47.6272
42.8307
37.6767
32.3427
26.9982
21.9337
17.4391
13.4313
10.1481
7.29572
4.91706
2.64634
1.31133
2.51014
19.6908
79.9452
79.466
78.9546
78.3923
77.7699
77.08
76.316
75.4672
74.5162
73.4276
72.1226
70.4631
68.3202
65.5653
62.2216
58.3403
54.0895
49.546
44.6734
39.5695
34.2172
28.8357
23.5553
18.6861
14.4045
10.636
7.59506
4.97467
2.81938
1.19164
0.855542
4.14233
24.9009
78.9095
78.3802
77.8068
77.1697
76.4633
75.679
74.8083
73.8398
72.7543
71.5189
70.0657
68.2746
66.0305
63.2048
59.7798
55.7826
51.3306
46.5283
41.3911
36.0716
30.6138
25.2715
20.1501
15.5565
11.5468
8.07735
5.3108
2.97488
1.2861
0.596287
0.755348
7.29352
30.3971
77.0808
76.5026
75.867
75.159
74.3718
73.4964
72.523
71.4395
70.2263
68.8525
67.2598
65.3444
63.0037
60.116
56.635
52.5689
47.9952
43.034
37.7434
32.3297
26.8929
21.7066
16.8598
12.6221
8.94012
5.81978
3.3607
1.43694
0.593804
0.430489
1.13083
12.0504
35.7224
74.3183
73.6954
73.0039
72.2319
71.3718
70.4138
69.3474
68.1599
66.8321
65.3352
63.6194
61.5962
59.1746
56.2439
52.7413
48.6614
44.0544
39.0496
33.7414
28.3841
23.1225
18.2289
13.7756
9.95665
6.6443
3.90457
1.79419
0.683822
0.362518
0.396841
2.14614
18.3171
40.4732
70.5033
69.8429
69.1067
68.283
67.3634
66.3377
65.1948
63.9221
62.5012
60.9057
59.0935
56.9904
54.5171
51.5769
48.1006
44.0764
39.5387
34.6243
29.4589
24.3316
19.4129
14.9496
10.9859
7.61387
4.69026
2.34386
0.881088
0.375948
0.299494
0.485842
4.04117
25.1655
44.7372
65.1653
64.4823
63.7176
62.8604
61.9014
60.8306
59.6369
58.3077
56.8266
55.1703
53.3042
51.1694
48.6987
45.8135
42.4465
38.5867
34.2632
29.6188
24.805
20.1232
15.7408
11.853
8.45574
5.53976
3.02375
1.19225
0.447697
0.264996
0.285112
0.793713
7.12755
32.2572
48.5099
57.9688
57.2892
56.5257
55.6688
54.709
53.6365
52.441
51.1109
49.6321
47.9855
46.1441
44.0641
41.6924
38.9704
35.8418
32.3037
28.3884
24.2399
20.0202
16.003
12.3175
9.0899
6.25462
3.75747
1.67811
0.590515
0.265645
0.231379
0.329088
1.46015
11.7
39.2751
51.7747
49.4449
48.8035
48.0806
47.2682
46.3573
45.3391
44.2047
42.944
41.5463
39.9966
38.2759
36.3541
34.1927
31.7536
28.996
25.9294
22.59
19.1121
15.6412
12.3833
9.4165
6.80034
4.42299
2.2841
0.831437
0.306892
0.199502
0.224145
0.484617
2.71575
17.8708
45.7378
54.4909
40.0943
39.5333
38.8986
38.1835
37.3806
36.4825
35.4822
34.372
33.1444
31.7893
30.2944
28.6418
26.8063
24.7675
22.4995
20.0212
17.3636
14.636
11.9387
9.39877
7.0609
4.92565
2.87422
1.17402
0.405605
0.188997
0.180193
0.274299
0.833379
4.82317
25.1144
51.5061
56.6532
30.7696
30.3297
29.8291
29.2623
28.6236
27.9073
27.1087
26.2219
25.2428
24.1643
22.9805
21.68
20.2491
18.6767
16.947
15.0781
13.085
11.0434
8.99867
7.03129
5.16736
3.34062
1.58434
0.562718
0.210447
0.147497
0.177159
0.413043
1.49174
8.06847
32.9046
56.5889
58.2745
22.5539
22.256
21.9125
21.5192
21.0718
20.5661
19.9987
19.3648
18.6626
17.8854
17.0313
16.0898
15.0546
13.9144
12.6593
11.2965
9.82595
8.29494
6.71214
5.14597
3.57836
1.95049
0.742856
0.26332
0.131375
0.136285
0.239718
0.723574
2.63266
12.7384
40.8319
60.9352
59.3679
16.2784
16.105
15.8994
15.6581
15.378
15.0552
14.687
14.2685
13.7984
13.2688
12.6793
12.0171
11.2799
10.4514
9.52764
8.50178
7.37291
6.16601
4.87312
3.56224
2.15239
0.898375
0.323625
0.135631
0.10575
0.145401
0.388834
1.28442
4.445
19.0267
48.4578
64.5645
59.8618
11.9759
11.8841
11.7695
11.6294
11.4605
11.2595
11.0229
10.746
10.4259
10.0546
9.63015
9.13947
8.58066
7.93631
7.20624
6.37613
5.44765
4.42586
3.32305
2.15745
0.985211
0.380569
0.148153
0.0913269
0.0994919
0.215025
0.69813
2.18852
6.96431
26.1065
54.8446
67.2297
59.7937
9.10253
9.0473
8.97468
8.88226
8.76637
8.62438
8.45145
8.24415
7.99703
7.70426
7.36073
6.95715
6.4877
5.94226
5.31451
4.59583
3.78683
2.89564
1.92789
0.962483
0.407135
0.162881
0.0847832
0.0795791
0.115139
0.37162
1.20546
3.42031
10.0343
32.8573
59.8741
69.0102
59.2806
6.9513
6.90534
6.84491
6.76794
6.67035
6.55011
6.40126
6.22164
6.00402
5.74463
5.43674
5.07444
4.651
4.1643
3.59676
2.96598
2.25471
1.46828
0.797986
0.37443
0.162246
0.081259
0.0656477
0.0774372
0.17204
0.690595
1.98119
5.03562
13.7379
39.3096
63.95
70.1825
58.4229
4.98957
4.94612
4.89081
4.82117
4.73382
4.62572
4.49175
4.32862
4.1302
3.89267
3.61301
3.28363
2.91257
2.46626
1.9665
1.42759
0.932638
0.550979
0.287861
0.139882
0.0739317
0.0562063
0.0615114
0.104968
0.309113
1.29424
3.04098
7.06816
18.1133
45.3146
67.1931
70.8672
57.3111
3.02346
2.98205
2.93318
2.87314
2.80035
2.70903
2.59505
2.45501
2.28076
2.07952
1.837
1.57537
1.27886
0.99698
0.738141
0.509353
0.323319
0.187824
0.103094
0.0615161
0.0480784
0.0511244
0.074856
0.177914
0.583319
2.19966
4.40482
9.6268
23.2279
50.7347
69.705
71.1439
56.0167
1.23585
1.21023
1.18163
1.1485
1.1094
1.06129
1.00224
0.930829
0.847067
0.752868
0.649959
0.543125
0.435589
0.332724
0.24129
0.16409
0.106252
0.0666754
0.0463644
0.0405909
0.0433627
0.0596578
0.125836
0.345759
1.13074
3.47061
6.1312
12.8281
28.9259
55.545
71.5731
71.1173
54.5948
0.408134
0.398813
0.388027
0.3752
0.360088
0.341666
0.319661
0.293647
0.264226
0.231922
0.197914
0.163826
0.130415
0.100095
0.0743268
0.0536264
0.0404676
0.0332535
0.0339582
0.0376883
0.0532074
0.104524
0.260995
0.699912
2.18691
5.05407
8.24372
16.8706
34.935
59.8065
72.8834
70.8265
53.0846
0.111271
0.108873
0.105985
0.102104
0.0975929
0.091898
0.0855426
0.0781203
0.0703014
0.0618713
0.0534586
0.0453948
0.0376285
0.0320023
0.0275417
0.0254707
0.0260955
0.0284486
0.0348011
0.0546853
0.106219
0.235335
0.577089
1.40503
3.92406
6.87532
10.8641
21.9
41.0926
63.5462
73.7054
70.2666
51.5451
0.023138
0.0228317
0.0225184
0.0219199
0.0214549
0.0205488
0.019954
0.0188704
0.0182882
0.0172872
0.0170354
0.0166546
0.017078
0.0184135
0.01957
0.0229612
0.0279648
0.043063
0.0688469
0.13897
0.268159
0.55724
1.27677
2.71927
6.12426
9.11443
14.2215
27.9136
47.3377
66.7703
74.0735
69.4436
50.0102
0.00632758
0.00652459
0.00701722
0.00725052
0.00785105
0.00814727
0.00893827
0.00936692
0.0105442
0.011276
0.0132586
0.0149292
0.0179567
0.0242328
0.0307128
0.0489935
0.0694137
0.125741
0.196856
0.390148
0.66534
1.30331
2.60701
5.02472
8.65537
11.8996
18.6355
34.9513
53.5529
69.4657
74.0524
68.3641
48.4971
0.00845612
0.00897207
0.0102865
0.0110402
0.0129889
0.0141588
0.0172289
0.0191771
0.0243609
0.0278745
0.0373367
0.0442913
0.0627116
0.0800078
0.110377
0.168881
0.232275
0.384833
0.56435
1.00634
1.57868
2.87644
4.89418
7.92935
11.6269
15.5488
24.6228
42.8363
59.5936
71.6012
73.654
67.027
47.0115
0.0438167
0.0462544
0.0523586
0.0558384
0.06466
0.0698631
0.0832089
0.0914065
0.112663
0.126386
0.162177
0.186879
0.251372
0.299516
0.425542
0.528121
0.775867
1.06383
1.57141
2.36207
3.54419
5.54524
8.06417
11.5317
15.2354
20.4476
32.6173
51.3376
65.2769
73.126
72.8853
65.4185
45.5509
0.22063
0.23117
0.256695
0.271074
0.306214
0.326593
0.376747
0.406876
0.481348
0.528198
0.641821
0.723009
0.903265
1.0524
1.35478
1.64321
2.1853
2.77424
3.79119
5.03049
6.90421
9.28865
12.1595
15.7699
19.8192
27.3367
42.7103
60.2087
70.3678
73.9417
71.7355
63.5058
44.1052
1.01744
1.07231
1.13838
1.20824
1.29525
1.3867
1.50454
1.62814
1.79265
1.96557
2.2031
2.45423
2.81011
3.18981
3.74503
4.34265
5.24224
6.2119
7.68866
9.25878
11.5583
13.957
17.0425
20.8272
26.1982
37.2523
54.6568
68.9553
74.5649
74.0613
70.0724
61.2866
42.6583
3.68886
3.81661
3.95772
4.1138
4.2883
4.48301
4.70396
4.95258
5.23955
5.5649
5.94813
6.38489
6.91253
7.51429
8.2646
9.11315
10.2124
11.42
13.0562
14.7333
17.1349
19.3303
22.8863
27.462
35.8528
50.8934
67.7803
76.8486
77.5534
73.3476
67.7467
58.7414
41.183
8.86202
9.04262
9.23912
9.45394
9.6894
9.9497
10.2374
10.5598
10.9187
11.3279
11.7862
12.3189
12.9196
13.6309
14.4403
15.4087
16.5255
17.8429
19.3978
21.1282
23.3221
25.6567
30.6156
37.4711
50.658
67.9759
80.6409
82.8998
79.1528
71.3091
64.7405
55.7697
39.6321
14.1946
14.4346
14.6925
14.9706
15.2713
15.598
15.9535
16.344
16.7708
17.2466
17.7674
18.3594
19.0057
19.7579
20.5728
21.5419
22.5788
23.8243
25.1593
26.8088
28.8769
32.7675
40.2703
50.5862
67.4833
82.6222
88.8327
85.7357
78.308
68.5149
61.5256
52.7055
37.8896
19.1171
19.3904
19.6791
19.9844
20.3078
20.6516
21.0174
21.4093
21.8276
22.2817
22.7663
23.3042
23.8752
24.5311
25.2201
26.0433
26.9019
27.9697
29.1621
30.8882
33.8724
40.1762
49.762
62.6032
80.2283
91.5161
92.6885
85.8672
76.4768
65.7578
58.6765
50.0763
36.4568
23.4726
23.7357
24.009
24.2929
24.5882
24.8959
25.2167
25.5536
25.9055
26.2813
26.6736
27.1077
27.5583
28.0889
28.6346
29.3306
30.0531
31.0664
32.3797
34.8082
39.7258
48.2479
59.0512
73.3589
89.8507
96.782
94.1701
84.2915
73.9979
62.8841
55.8898
47.5818
35.1123
26.745
26.9785
27.2177
27.4627
27.7136
27.9711
28.2352
28.5086
28.7897
29.0883
29.3955
29.7426
30.0982
30.5467
31.005
31.6618
32.3571
33.5546
35.4085
39.2758
46.3487
55.9071
67.1256
82.0072
96.3712
99.3442
93.768
81.7703
71.1728
59.9966
53.1876
45.2208
33.8437
28.9488
29.1532
29.3605
29.5705
29.7833
29.9992
30.2184
30.4438
30.6738
30.92
31.1726
31.4709
31.7776
32.2045
32.6464
33.3614
34.1788
35.876
38.7272
44.385
52.8562
62.2253
73.4883
88.3504
100.216
99.9808
91.9788
78.7802
68.1909
57.1553
50.5824
42.9895
32.6406
30.3142
30.4973
30.6818
30.8676
31.0547
31.2439
31.4353
31.6326
31.8346
32.0552
32.2847
32.57
32.8717
33.331
33.8197
34.6916
35.8221
38.3432
42.4546
49.6101
58.3052
66.8125
78.0683
92.5454
101.901
99.2301
89.2924
75.5534
65.167
54.3935
48.0801
40.8831
31.4942
31.0816
31.2513
31.4221
31.5939
31.7669
31.9423
32.1206
32.3065
32.4992
32.7153
32.9459
33.2452
33.578
34.1096
34.7006
35.84
37.4895
41.0436
46.3081
54.2078
62.1988
69.7019
81.0076
94.8789
101.989
97.4174
86.1154
72.2376
62.1692
51.7283
45.6833
38.8955
30.3971
31.4211
31.5838
31.7477
31.9132
32.0809
32.2521
32.4283
32.6149
32.8123
33.0402
33.2911
33.6289
34.0191
34.6494
35.3994
36.9241
39.2492
43.8192
49.8011
57.6578
64.4654
71.0738
82.4934
95.6791
100.877
94.8476
82.6888
68.9234
59.2365
49.1672
43.3918
37.0199
29.3431
31.4732
31.6331
31.7948
31.9588
32.1263
32.2988
32.4787
32.6722
32.8807
33.1273
33.4058
33.7885
34.2563
35.0093
35.9799
37.987
41.0272
46.3644
52.5195
59.7785
65.2886
71.2633
82.7904
95.2647
98.8814
91.7768
79.1527
65.6645
56.3901
46.7122
41.2044
35.2495
28.327
31.3163
31.4754
31.6373
31.8023
31.9723
32.1489
32.3356
32.5389
32.7625
33.0318
33.3432
33.7787
34.3233
35.2172
36.4678
38.9977
42.6518
48.3829
54.2603
60.6244
64.9772
70.5031
82.107
93.8965
96.246
88.3927
75.5932
62.4915
53.6402
44.3623
39.1183
33.5776
27.3446
31.0027
31.1619
31.3247
31.4915
31.6648
31.846
32.0403
32.2536
32.493
32.7849
33.1298
33.6179
34.2372
35.282
36.8551
39.8712
43.9346
49.6942
54.9926
60.4305
63.786
69.0113
80.6372
91.7971
93.1575
84.8261
72.0651
59.4201
50.9905
42.1147
37.1303
31.9978
26.392
30.5626
30.7215
30.8849
31.0529
31.229
31.4136
31.6145
31.8361
32.0901
32.4018
32.7778
33.3124
34.0052
35.2087
37.1038
40.5047
44.7331
50.2368
54.8635
59.4086
61.9527
66.9652
78.5511
89.149
89.7581
81.1675
68.6026
56.4569
48.4405
39.9654
35.2361
30.5041
25.4659
30.0154
30.1728
30.3358
30.5035
30.6807
30.8667
31.0722
31.2992
31.5651
31.892
32.2939
32.8655
33.6284
34.9935
37.1681
40.8019
44.9913
50.0872
54.0224
57.7715
59.673
64.5078
75.9972
86.0984
86.1548
77.4784
65.2252
53.6025
45.9872
37.91
33.4315
29.0904
24.5634
29.3744
29.5291
29.6899
29.8555
30.0318
30.2166
30.4242
30.6531
30.9269
31.2631
31.684
32.2817
33.1093
34.6244
37.01
40.7318
44.7302
49.3441
52.6341
55.7003
57.0958
61.7603
73.0995
82.7612
82.4268
73.7996
61.9428
50.8536
43.6261
35.9435
31.7115
27.7511
23.6814
28.6505
28.8009
28.9578
29.1192
29.2922
29.4734
29.6801
29.907
30.1844
30.5234
30.955
31.5677
32.4516
34.091
36.6087
40.2909
44.0079
48.1266
50.846
53.34
54.336
58.8211
69.9597
79.2273
78.6308
70.1578
58.758
48.2041
41.3512
34.0606
30.071
26.4805
22.8169
27.8532
27.9978
28.1491
28.3042
28.4717
28.6467
28.8494
29.0706
29.3468
29.6821
30.1157
30.7329
31.6613
33.3889
35.9587
39.5068
42.901
46.5484
48.7794
50.8015
51.4818
55.7664
66.6584
75.5651
74.8071
66.5683
55.6687
45.6461
39.1554
32.2553
28.5045
25.2725
21.9664
26.9916
27.129
27.2728
27.42
27.5798
27.7463
27.9422
28.1541
28.4242
28.7495
29.1766
29.7884
30.7459
32.5202
35.0717
38.424
41.4882
44.7062
46.5285
48.1667
48.598
52.6543
63.2578
71.8242
70.9825
63.0381
52.6681
43.1695
37.0305
30.5212
27.0056
24.1205
21.1256
26.0744
26.2032
26.338
26.4755
26.6258
26.7819
26.968
27.1673
27.4267
27.736
28.1489
28.746
29.7143
31.4937
33.9702
37.0927
39.8401
42.6767
44.1629
45.492
45.7281
49.5286
59.8032
68.0386
67.1723
59.5674
49.7461
40.7626
34.9669
28.8509
25.5671
23.0168
20.2891
25.1095
25.2284
25.3529
25.4793
25.6184
25.7622
25.9358
26.1196
26.3639
26.6521
27.0435
27.6169
28.5764
30.322
32.6818
35.5599
38.0133
40.5162
41.7302
42.8126
42.8982
46.4197
56.3246
64.2285
63.3815
56.1511
46.8888
38.4114
32.9531
27.2358
24.1805
21.9521
19.4494
24.1034
24.2114
24.3243
24.4385
24.565
24.6948
24.8533
25.0189
25.2439
25.5064
25.8701
26.4108
27.3415
29.0193
31.2328
33.8638
36.0497
38.2626
39.2589
40.1463
40.1189
43.3464
52.8381
60.4012
59.6057
52.7779
44.078
36.0986
30.9749
25.6652
22.8349
20.9139
18.5963
23.0606
23.1566
23.2569
23.358
23.4703
23.5846
23.7256
23.8707
24.0726
24.3053
24.6352
25.1345
26.0171
27.5981
29.6445
32.0317
33.9758
35.9365
36.7603
37.4952
37.3871
40.3149
49.3465
56.5516
55.8303
49.4297
41.2899
33.8028
29.0145
24.1254
21.5158
19.8849
17.714
21.9817
22.0649
22.1518
22.2387
22.3357
22.4329
22.5541
22.6765
22.8518
23.051
23.3417
23.791
24.607
26.0657
27.9293
30.0781
31.8023
33.5417
34.2295
34.8463
34.6851
37.318
45.8394
52.6605
52.0286
46.0784
38.4927
31.4959
27.0481
22.5967
20.2025
18.8397
16.7787
20.8603
20.9299
21.0028
21.0748
21.1551
21.2338
21.3333
21.4309
21.5763
21.7389
21.985
22.376
23.1076
24.4213
26.0887
28.0027
29.5233
31.0646
31.6442
32.1701
31.9797
34.3311
42.2919
48.6905
48.1576
42.6814
35.6424
29.1394
25.0421
21.0499
18.863
17.7383
15.7522
19.6762
19.732
19.7904
19.8466
19.9092
19.9683
20.0442
20.1157
20.2283
20.3513
20.5477
20.8719
21.5024
22.6501
24.1077
25.7854
27.1113
28.4691
28.96
29.4149
29.2155
31.3055
38.6591
44.5776
44.149
39.1715
32.6741
26.6764
22.9465
19.4364
17.4438
16.5152
14.5712
18.3797
18.4218
18.4656
18.5056
18.55
18.5888
18.6401
18.684
18.7612
18.8426
18.9851
19.2357
19.7504
20.7127
21.9442
23.3767
24.5073
25.6852
26.0981
26.4941
26.3023
28.153
34.8644
40.2121
39.889
35.4377
29.4856
24.0175
20.6797
17.6696
15.8498
15.0579
13.1304
16.8527
16.882
16.9116
16.9357
16.9616
16.9801
17.0065
17.0232
17.0645
17.1042
17.1915
17.3651
17.7544
18.5155
19.5028
20.6726
21.5956
22.5833
22.9179
23.257
23.0843
24.7123
30.7816
35.3919
35.172
31.2813
25.901
21.0102
18.0983
15.5856
13.9102
13.1824
11.2799
14.83
14.8476
14.8639
14.8734
14.8823
14.883
14.8869
14.8795
14.8882
14.891
14.9273
15.0286
15.2943
15.8509
16.5821
17.4662
18.1574
18.9253
19.1652
19.4315
19.2778
20.6683
26.2664
29.6964
29.5704
26.3045
21.5971
17.3997
14.9706
12.9436
11.4328
10.7756
9.07483
12.2999
12.3074
12.3117
12.3091
12.3035
12.2894
12.2748
12.2487
12.2317
12.2046
12.1978
12.2323
12.3757
12.7147
13.1605
13.7053
14.101
14.5587
14.6296
14.7299
14.519
15.4477
22.2887
22.1196
22.0457
19.6742
16.1572
13.2049
11.6341
10.5528
9.5401
9.37885
8.23341
16.7671
16.7605
16.7394
16.7088
16.6689
16.6152
16.5539
16.4719
16.3869
16.274
16.1562
16.0378
15.9318
15.8504
15.6958
15.4498
14.9918
14.45
13.6501
12.7631
11.6004
10.1601
32.5274
11.4398
11.0607
11.5574
12.4436
13.7008
14.4168
15.3832
14.5793
15.1443
13.5449
)
;

boundaryField
{
    inlet
    {
        type            fixedValue;
        value           uniform 0.00109;
    }
    outlet
    {
        type            zeroGradient;
    }
    lowerWallStartup
    {
        type            symmetryPlane;
    }
    upperWallStartup
    {
        type            symmetryPlane;
    }
    upperWall
    {
        type            kqRWallFunction;
        value           nonuniform List<scalar> 
218
(
21.4011
18.2515
17.4405
16.9696
16.6393
16.3866
16.1922
16.0322
15.9036
15.7943
15.705
15.6267
15.5612
15.5025
15.4528
15.4084
15.3703
15.3361
15.3064
15.2795
15.256
15.2345
15.2157
15.1985
15.1835
15.1698
15.1579
15.1469
15.1374
15.1287
15.1211
15.114
15.1078
15.1022
15.0971
15.0925
15.0883
15.0847
15.081
15.0779
15.0747
15.0717
15.0686
15.0657
15.0623
15.0593
15.0559
15.0528
15.0476
15.0422
15.0365
15.0323
15.0329
15.0464
15.0839
15.1564
15.2328
15.3265
15.4
15.4823
15.5245
15.5855
15.5986
15.6373
15.6509
15.6824
15.6952
15.7154
15.7339
15.74
15.766
15.7676
15.7888
15.7919
15.8128
15.8173
15.8364
15.8432
15.8631
15.8737
15.8926
15.909
15.9268
15.949
15.9666
15.9929
16.0075
16.0418
16.0596
16.0692
16.0938
16.1065
16.1289
16.1426
16.1647
16.1783
16.2002
16.2135
16.2352
16.2481
16.2697
16.2824
16.3039
16.3164
16.3377
16.3501
16.3712
16.3834
16.4044
16.4164
16.4372
16.4491
16.4697
16.4815
16.5018
16.5136
16.5335
16.5452
16.5648
16.5764
16.5955
16.6071
16.6255
16.6371
16.6549
16.6664
16.6834
16.695
16.7111
16.7226
16.7378
16.7493
16.7635
16.7749
16.7881
16.7994
16.8115
16.8224
16.8335
16.8439
16.854
16.8637
16.8729
16.8817
16.89
16.8978
16.9052
16.912
16.9184
16.9244
16.93
16.9351
16.9396
16.9434
16.9465
16.9491
16.9511
16.9525
16.9533
16.9535
16.9532
16.9523
16.9508
16.9488
16.9461
16.9429
16.9391
16.9347
16.9298
16.9242
16.9181
16.9113
16.904
16.8961
16.8876
16.8784
16.8687
16.8585
16.8474
16.8364
16.8234
16.8126
16.7968
16.7887
16.7675
16.7671
16.7605
16.7394
16.7088
16.6689
16.6152
16.5539
16.4719
16.3869
16.274
16.1562
16.0378
15.9318
15.8504
15.6958
15.4498
14.9918
14.45
13.6501
12.7631
11.6004
10.1601
32.5274
11.4398
11.0607
11.5574
12.4436
13.7008
14.4168
15.3832
14.5793
15.1443
13.5449
)
;
    }
    lowerWall
    {
        type            kqRWallFunction;
        value           nonuniform List<scalar> 
266
(
21.6435
18.4128
17.5418
17.0555
16.7147
16.4606
16.2632
16.1025
15.9713
15.8619
15.7697
15.6905
15.622
15.5624
15.5098
15.4635
15.4227
15.3865
15.3542
15.3255
15.2995
15.2763
15.2552
15.2366
15.2196
15.2047
15.1909
15.179
15.1679
15.1582
15.1492
15.1415
15.1343
15.128
15.1224
15.1175
15.1133
15.1097
15.1067
15.1043
15.1027
15.1017
15.1016
15.1021
15.1031
15.1042
15.1061
15.1089
15.1135
15.1202
15.1294
15.1405
15.1543
15.1698
15.1877
15.2069
15.2289
15.2519
15.2782
15.3051
15.3363
15.3681
15.4043
15.4374
15.4659
15.4961
15.5267
15.56
15.5926
15.6281
15.6634
15.701
15.7388
15.7794
15.8197
15.8626
15.9079
15.9508
16.0039
16.0447
16.1114
16.1427
16.2384
16.2601
16.3845
16.4783
16.5735
17.1007
68.2875
77.3728
80.3358
82.096
82.7709
82.1048
79.8591
75.9246
70.3258
63.2156
54.8804
45.7455
36.364
27.3771
19.4391
13.1012
8.66752
6.03184
4.80271
4.48835
4.56863
4.78855
4.98165
4.96881
4.87048
4.66903
4.41407
4.17807
3.95283
3.73742
3.53213
3.33722
3.15268
2.98106
2.82842
2.70472
2.65346
2.70956
2.97723
3.67834
4.98382
6.76291
8.80171
10.9265
13.0132
14.9889
16.8234
18.5171
68.2875
1.84955
1.0506
1.90634
2.50921
3.17174
3.78635
4.27708
4.64522
4.81366
5.69275
5.03903
4.41484
4.00715
2.63011
8.06149
337.03
7.36121
2.26389
2.32881
2.43121
2.40525
2.43039
2.45229
2.65822
2.59511
2.69271
2.75622
2.74112
3.13597
2.89907
2.86504
2.48489
2.62806
2.21461
2.46216
2.38074
2.30414
2.26944
2.18844
2.07854
2.06068
1.79085
1.64678
1.67226
2.61598
1.45827
2.50295
1.14964
1.949
14.2745
314.061
15.0595
1.24072
1.27865
1.31137
1.37864
1.40977
1.49546
1.54364
1.60522
1.60325
1.66027
1.71914
1.85086
1.80078
1.85117
1.89072
2.07136
2.10438
1.97722
2.0221
2.04617
2.06093
2.06679
2.06491
2.05378
2.03786
2.01171
1.97639
2.12563
2.02361
1.96824
1.91213
1.85437
1.79286
1.7354
1.67307
1.62337
1.58958
1.4108
1.49056
1.45484
1.27219
1.26929
1.21178
1.31078
1.20107
1.18396
1.31619
1.21486
1.26502
1.26086
1.26762
1.30689
1.69811
3.2931
6.87588
10.7795
14.0015
16.747
18.7842
18.6641
16.296
11.8651
6.84389
9.06275
11.7627
13.8087
15.6059
17.6228
19.8038
21.5251
20.8389
19.4664
16.6496
14.1639
11.932
9.40689
8.68883
)
;
    }
    front
    {
        type            empty;
    }
    back
    {
        type            empty;
    }
}


// ************************************************************************* //
