/*--------------------------------*- C++ -*----------------------------------*\
| =========                 |                                                 |
| \\      /  F ield         | OpenFOAM: The Open Source CFD Toolbox           |
|  \\    /   O peration     | Version:  2506                                  |
|   \\  /    A nd           | Website:  www.openfoam.com                      |
|    \\/     M anipulation  |                                                 |
\*---------------------------------------------------------------------------*/
FoamFile
{
    version     2.0;
    format      ascii;
    arch        "LSB;label=32;scalar=64";
    class       volScalarField;
    location    "2000";
    object      p;
}
// * * * * * * * * * * * * * * * * * * * * * * * * * * * * * * * * * * * * * //

dimensions      [0 2 -2 0 0 0 0];

internalField   nonuniform List<scalar> 
20540
(
276.736
255.337
276.736
255.089
276.736
254.931
276.736
254.828
276.736
254.749
276.736
254.685
276.736
254.632
276.735
254.587
276.733
254.548
276.732
254.514
276.729
254.484
276.726
254.458
276.721
254.433
276.715
254.41
276.708
254.387
276.698
254.362
276.686
254.334
276.669
254.3
276.643
254.258
276.604
254.216
276.548
254.185
276.479
254.154
276.401
254.121
276.31
254.079
276.207
254.031
276.09
253.977
275.961
253.916
275.824
253.851
275.684
253.781
275.554
253.713
275.465
253.661
275.424
253.628
275.429
253.614
275.481
253.619
275.579
253.643
275.714
253.682
275.857
253.727
275.997
253.772
276.128
253.816
276.248
253.855
276.355
253.892
276.449
253.924
276.53
253.95
276.601
253.974
276.662
253.997
276.706
254.029
276.735
254.067
276.755
254.097
276.77
254.122
276.781
254.142
276.79
254.161
276.797
254.179
276.802
254.198
276.807
254.219
276.81
254.243
276.812
254.27
276.814
254.301
276.815
254.336
276.816
254.378
276.816
254.428
276.817
254.489
276.817
254.563
276.817
254.662
276.817
254.813
276.816
255.05
231.566
220.906
214.13
206.565
199.746
193.467
187.536
181.95
176.672
171.675
166.934
162.426
158.134
154.046
150.148
146.428
142.875
139.48
136.234
133.128
130.155
127.309
124.583
121.97
119.465
117.064
114.76
112.551
110.43
108.393
106.439
104.561
102.757
101.024
99.3575
97.7548
96.2125
94.7278
93.2972
91.918
90.587
89.3008
88.0568
86.8504
85.6782
84.5375
83.426
82.3416
81.2814
80.2416
79.2175
78.2032
77.194
76.1831
75.1662
74.1364
73.0895
72.0174
70.9169
69.7776
68.5964
67.36
66.0636
64.9308
64.021
63.1066
62.1771
61.2354
60.281
59.3098
58.3289
57.3248
56.3166
55.2744
54.241
53.1505
52.0987
50.9382
49.8839
48.6083
47.5836
46.0861
45.1592
43.1953
42.4492
39.3894
38.5557
31.9175
231.575
220.906
214.13
206.565
199.747
193.467
187.536
181.95
176.672
171.675
166.934
162.426
158.134
154.046
150.148
146.428
142.875
139.48
136.234
133.128
130.155
127.309
124.583
121.97
119.465
117.064
114.76
112.551
110.43
108.393
106.439
104.561
102.757
101.024
99.3575
97.7548
96.2125
94.7278
93.2972
91.918
90.587
89.3008
88.0568
86.8504
85.6782
84.5375
83.426
82.3416
81.2814
80.2415
79.2175
78.2032
77.194
76.1831
75.1662
74.1364
73.0895
72.0174
70.9169
69.7775
68.5963
67.3599
66.0635
64.9307
64.0209
63.1065
62.177
61.2352
60.2808
59.3097
58.3287
57.3246
56.3164
55.2741
54.2407
53.1501
52.0984
50.9378
49.8835
48.6078
47.5832
46.0856
45.1585
43.1947
42.4476
39.3893
38.5497
32.1403
231.58
220.908
214.13
206.565
199.747
193.468
187.536
181.95
176.672
171.676
166.934
162.426
158.134
154.046
150.148
146.428
142.875
139.48
136.234
133.128
130.155
127.309
124.583
121.97
119.465
117.064
114.76
112.551
110.43
108.393
106.439
104.561
102.757
101.024
99.3575
97.7548
96.2125
94.7278
93.2972
91.918
90.587
89.3008
88.0568
86.8504
85.6782
84.5375
83.426
82.3416
81.2814
80.2415
79.2174
78.2031
77.1939
76.183
75.1661
74.1363
73.0894
72.0172
70.9167
69.7773
68.5961
67.3597
66.0632
64.9305
64.0206
63.1062
62.1767
61.2348
60.2804
59.3092
58.3282
57.324
56.3158
55.2735
54.2401
53.1494
52.0976
50.9369
49.8825
48.6067
47.5821
46.0841
45.157
43.1934
42.4437
39.3905
38.5381
32.4646
231.588
220.91
214.131
206.565
199.747
193.468
187.536
181.95
176.672
171.676
166.934
162.426
158.135
154.046
150.148
146.428
142.875
139.48
136.234
133.128
130.155
127.309
124.583
121.97
119.465
117.064
114.76
112.551
110.43
108.394
106.439
104.561
102.757
101.024
99.3575
97.7548
96.2125
94.7278
93.2972
91.918
90.587
89.3008
88.0568
86.8504
85.6782
84.5375
83.4259
82.3415
81.2813
80.2414
79.2173
78.203
77.1937
76.1829
75.1659
74.1361
73.0891
72.017
70.9165
69.7771
68.5958
67.3593
66.0628
64.93
64.0201
63.1057
62.1761
61.2342
60.2797
59.3084
58.3274
57.3231
56.3148
55.2724
54.2389
53.148
52.0963
50.9352
49.881
48.6047
47.5802
46.082
45.1545
43.1918
42.4377
39.3956
38.5263
32.78
231.595
220.913
214.132
206.566
199.748
193.468
187.537
181.95
176.672
171.676
166.934
162.426
158.135
154.046
150.149
146.428
142.875
139.48
136.234
133.128
130.156
127.309
124.583
121.97
119.465
117.064
114.76
112.551
110.43
108.394
106.439
104.561
102.757
101.024
99.3575
97.7548
96.2126
94.7278
93.2972
91.918
90.587
89.3008
88.0568
86.8504
85.6782
84.5374
83.4259
82.3415
81.2812
80.2413
79.2172
78.2028
77.1935
76.1826
75.1657
74.1358
73.0888
72.0167
70.9161
69.7766
68.5953
67.3588
66.0623
64.9294
64.0194
63.1049
62.1752
61.2333
60.2788
59.3074
58.3263
57.3219
56.3135
55.2709
54.2374
53.1463
52.0945
50.9331
49.879
48.6022
47.5778
46.0794
45.1512
43.1904
42.4306
39.4058
38.5247
33.0713
231.6
220.916
214.133
206.567
199.748
193.469
187.537
181.951
176.673
171.676
166.934
162.426
158.135
154.047
150.149
146.429
142.876
139.481
136.234
133.128
130.156
127.309
124.583
121.97
119.466
117.064
114.76
112.551
110.43
108.394
106.439
104.561
102.757
101.024
99.3576
97.7548
96.2126
94.7279
93.2972
91.918
90.587
89.3008
88.0567
86.8504
85.6781
84.5374
83.4258
82.3413
81.2811
80.2411
79.2169
78.2025
77.1933
76.1823
75.1653
74.1354
73.0884
72.0162
70.9156
69.7761
68.5947
67.3582
66.0615
64.9286
64.0186
63.104
62.1742
61.2322
60.2776
59.3061
58.3249
57.3203
56.3119
55.2691
54.2355
53.1441
52.0923
50.9306
49.8765
48.5993
47.575
46.0765
45.1474
43.1896
42.4233
39.4221
38.5407
33.3253
231.605
220.921
214.135
206.568
199.749
193.469
187.537
181.951
176.673
171.676
166.935
162.427
158.135
154.047
150.149
146.429
142.876
139.481
136.234
133.128
130.156
127.309
124.583
121.97
119.466
117.064
114.76
112.551
110.43
108.394
106.439
104.561
102.757
101.024
99.3576
97.7549
96.2126
94.7279
93.2972
91.918
90.587
89.3008
88.0567
86.8503
85.6781
84.5373
83.4256
82.3412
81.2808
80.2408
79.2166
78.2022
77.1929
76.1819
75.1649
74.1349
73.0879
72.0156
70.915
69.7754
68.594
67.3574
66.0606
64.9276
64.0175
63.1028
62.173
61.2308
60.2761
59.3045
58.3232
57.3185
56.3099
55.2669
54.2332
53.1415
52.0897
50.9276
49.8736
48.5959
47.5716
46.0736
45.1433
43.1899
42.417
39.4457
38.5798
33.5778
231.609
220.926
214.137
206.569
199.75
193.47
187.538
181.952
176.674
171.677
166.935
162.427
158.135
154.047
150.149
146.429
142.876
139.481
136.234
133.128
130.156
127.31
124.583
121.97
119.466
117.064
114.761
112.551
110.43
108.394
106.439
104.561
102.757
101.024
99.3576
97.7549
96.2126
94.7279
93.2972
91.918
90.587
89.3008
88.0567
86.8503
85.678
84.5372
83.4255
82.3409
81.2806
80.2405
79.2163
78.2018
77.1924
76.1814
75.1643
74.1343
73.0872
72.0149
70.9142
69.7746
68.5931
67.3563
66.0595
64.9264
64.0162
63.1014
62.1715
61.2292
60.2744
59.3026
58.3212
57.3163
56.3077
55.2644
54.2306
53.1386
52.0868
50.9243
49.8704
48.5923
47.568
46.071
45.1392
43.192
42.4132
39.4794
38.6455
33.8734
231.611
220.932
214.14
206.571
199.751
193.471
187.539
181.952
176.674
171.677
166.936
162.427
158.136
154.047
150.149
146.429
142.876
139.481
136.234
133.128
130.156
127.31
124.583
121.97
119.466
117.064
114.761
112.551
110.43
108.394
106.439
104.561
102.758
101.024
99.3577
97.7549
96.2126
94.7279
93.2972
91.918
90.587
89.3007
88.0566
86.8502
85.6779
84.537
83.4253
82.3407
81.2802
80.2401
79.2158
78.2013
77.1918
76.1808
75.1636
74.1336
73.0864
72.014
70.9132
69.7735
68.5919
67.3551
66.0582
64.925
64.0147
63.0998
62.1698
61.2274
60.2724
59.3005
58.319
57.3139
56.3051
55.2616
54.2277
53.1355
52.0836
50.9208
49.867
48.5887
47.5644
46.0692
45.1356
43.1972
42.4139
39.5277
38.7392
34.2423
231.613
220.939
214.144
206.573
199.753
193.473
187.54
181.953
176.675
171.678
166.936
162.428
158.136
154.048
150.15
146.429
142.876
139.481
136.235
133.129
130.156
127.31
124.583
121.97
119.466
117.064
114.761
112.551
110.43
108.394
106.439
104.561
102.758
101.024
99.3577
97.755
96.2127
94.7279
93.2973
91.918
90.587
89.3007
88.0566
86.8501
85.6778
84.5368
83.425
82.3404
81.2798
80.2396
79.2152
78.2006
77.1912
76.18
75.1628
74.1327
73.0854
72.013
70.9121
69.7723
68.5906
67.3537
66.0567
64.9233
64.013
63.098
62.1679
61.2253
60.2703
59.2982
58.3166
57.3113
56.3025
55.2588
54.2248
53.1323
52.0805
50.9174
49.8637
48.5856
47.5611
46.0688
45.1334
43.2075
42.4213
39.5973
38.8642
34.7013
231.613
220.947
214.149
206.576
199.755
193.474
187.541
181.954
176.676
171.679
166.937
162.429
158.137
154.048
150.15
146.43
142.877
139.482
136.235
133.129
130.157
127.31
124.584
121.971
119.466
117.065
114.761
112.551
110.43
108.394
106.439
104.561
102.758
101.024
99.3578
97.755
96.2127
94.728
93.2973
91.918
90.587
89.3007
88.0565
86.8501
85.6777
84.5367
83.4248
82.34
81.2794
80.2391
79.2146
78.1999
77.1904
76.1792
75.1619
74.1317
73.0843
72.0118
70.9108
69.7709
68.5891
67.3521
66.055
64.9215
64.0111
63.096
62.1658
61.2231
60.268
59.2958
58.3141
57.3087
56.2998
55.2559
54.222
53.1293
52.0776
50.9146
49.861
48.5837
47.5589
46.071
45.1336
43.2258
42.4385
39.6961
39.0309
35.2573
231.612
220.956
214.154
206.58
199.758
193.476
187.543
181.956
176.677
171.68
166.938
162.429
158.138
154.049
150.151
146.43
142.877
139.482
136.236
133.129
130.157
127.31
124.584
121.971
119.466
117.065
114.761
112.551
110.43
108.394
106.439
104.562
102.758
101.024
99.3579
97.7551
96.2128
94.7281
93.2974
91.9181
90.587
89.3007
88.0565
86.85
85.6776
84.5365
83.4245
82.3397
81.2789
80.2385
79.214
78.1992
77.1895
76.1782
75.1608
74.1305
73.0831
72.0105
70.9094
69.7694
68.5874
67.3503
66.0531
64.9195
64.0091
63.0939
62.1637
61.2209
60.2658
59.2934
58.3117
57.3063
56.2974
55.2535
54.2197
53.1271
52.0756
50.9129
49.8594
48.5838
47.5587
46.0776
45.138
43.2561
42.4698
39.8334
39.2517
35.911
231.612
220.966
214.161
206.585
199.761
193.479
187.546
181.958
176.679
171.682
166.939
162.431
158.139
154.05
150.152
146.431
142.878
139.483
136.236
133.13
130.157
127.311
124.584
121.971
119.467
117.065
114.761
112.552
110.431
108.394
106.439
104.562
102.758
101.025
99.3581
97.7553
96.2129
94.7282
93.2975
91.9181
90.587
89.3007
88.0565
86.85
85.6775
84.5364
83.4243
82.3394
81.2785
80.238
79.2133
78.1984
77.1887
76.1773
75.1598
74.1294
73.0818
72.0091
70.9079
69.7678
68.5857
67.3485
66.0513
64.9176
64.0072
63.0919
62.1617
61.2188
60.2638
59.2915
58.3099
57.3045
56.2958
55.2521
54.2186
53.1263
52.0751
50.9134
49.8601
48.5875
47.5619
46.0908
45.1493
43.3032
42.5209
40.0193
39.5382
36.653
231.613
220.977
214.169
206.591
199.766
193.483
187.549
181.961
176.681
171.684
166.941
162.432
158.14
154.051
150.153
146.432
142.879
139.484
136.237
133.131
130.158
127.311
124.585
121.972
119.467
117.066
114.762
112.552
110.431
108.395
106.44
104.562
102.758
101.025
99.3583
97.7555
96.2131
94.7283
93.2976
91.9183
90.5872
89.3008
88.0566
86.85
85.6775
84.5363
83.4242
82.3392
81.2782
80.2375
79.2127
78.1977
77.1878
76.1763
75.1587
74.1282
73.0806
72.0077
70.9064
69.7662
68.5841
67.3469
66.0496
64.916
64.0056
63.0903
62.1602
61.2174
60.2626
59.2904
58.3091
57.304
56.2957
55.2524
54.2194
53.1279
52.0773
50.9175
49.8645
48.5968
47.5707
46.1143
45.1711
43.3731
42.5991
40.2621
39.8998
37.4604
231.617
220.99
214.179
206.598
199.772
193.488
187.553
181.964
176.684
171.686
166.943
162.434
158.142
154.053
150.154
146.434
142.88
139.485
136.238
133.131
130.159
127.312
124.586
121.972
119.468
117.066
114.762
112.553
110.431
108.395
106.44
104.563
102.759
101.025
99.3586
97.7558
96.2134
94.7286
93.2979
91.9185
90.5874
89.301
88.0567
86.8501
85.6776
84.5364
83.4243
82.3391
81.2781
80.2373
79.2123
78.1972
77.1872
76.1756
75.1579
74.1273
73.0796
72.0066
70.9052
69.765
68.5828
67.3456
66.0485
64.915
64.0048
63.0897
62.1598
61.2171
60.2627
59.2909
58.3101
57.3057
56.2981
55.2557
54.2237
53.1337
52.084
50.9274
49.8749
48.6149
47.5883
46.1529
45.2082
43.4733
42.7136
40.5664
40.3383
38.2971
231.627
221.005
214.189
206.607
199.779
193.493
187.557
181.968
176.688
171.689
166.946
162.437
158.144
154.055
150.156
146.435
142.882
139.486
136.239
133.133
130.16
127.313
124.587
121.973
119.469
117.067
114.763
112.553
110.432
108.396
106.441
104.563
102.759
101.026
99.3591
97.7562
96.2139
94.729
93.2983
91.9189
90.5877
89.3013
88.057
86.8504
85.6779
84.5367
83.4246
82.3394
81.2783
80.2374
79.2123
78.1971
77.1869
76.1752
75.1574
74.1268
73.079
72.006
70.9046
69.7645
68.5823
67.3453
66.0486
64.9153
64.0055
63.0907
62.1613
61.219
60.2653
59.2943
58.3143
57.311
56.3046
55.2639
54.2333
53.1461
52.0978
50.9463
49.8946
48.6461
47.619
46.2128
45.2675
43.612
42.8737
40.9313
40.8424
39.1136
231.645
221.022
214.201
206.618
199.787
193.501
187.564
181.973
176.693
171.693
166.95
162.44
158.147
154.058
150.159
146.438
142.884
139.488
136.241
133.134
130.161
127.315
124.588
121.975
119.47
117.068
114.764
112.554
110.433
108.397
106.442
104.564
102.76
101.026
99.3598
97.7569
96.2145
94.7296
93.2989
91.9195
90.5883
89.3019
88.0576
86.8509
85.6785
84.5374
83.4253
82.3401
81.2789
80.238
79.2129
78.1975
77.1873
76.1755
75.1577
74.1271
73.0792
72.0064
70.905
69.7651
68.5831
67.3466
66.0506
64.9178
64.0086
63.0945
62.166
61.2246
60.2721
59.3022
58.3238
57.3223
56.3179
55.2799
54.2515
53.1684
52.1224
50.9789
49.9286
48.6967
47.6697
46.3021
45.3581
43.7967
43.0866
41.3477
41.384
39.8488
231.674
221.044
214.215
206.63
199.798
193.51
187.571
181.98
176.699
171.699
166.955
162.444
158.151
154.061
150.162
146.441
142.887
139.491
136.243
133.137
130.164
127.317
124.59
121.976
119.472
117.07
114.766
112.556
110.434
108.398
106.443
104.565
102.761
101.027
99.3608
97.7579
96.2154
94.7305
93.2997
91.9203
90.5891
89.3028
88.0584
86.8518
85.6795
84.5384
83.4265
82.3414
81.2803
80.2394
79.2143
78.1989
77.1887
76.1769
75.1591
74.1286
73.0809
72.0083
70.9072
69.7677
68.5862
67.3506
66.0559
64.9241
64.0157
63.1028
62.1756
61.2359
60.2853
59.3176
58.3417
57.343
56.3417
55.3078
54.2829
53.2064
52.1639
51.0315
49.984
48.775
47.7496
46.4305
45.491
44.0338
43.3543
41.7971
41.917
40.4439
231.713
221.07
214.231
206.644
199.81
193.521
187.581
181.989
176.706
171.706
166.961
162.45
158.156
154.066
150.166
146.445
142.89
139.494
136.246
133.14
130.166
127.319
124.592
121.979
119.474
117.072
114.768
112.558
110.436
108.4
106.444
104.567
102.763
101.029
99.3622
97.7593
96.2168
94.7319
93.3011
91.9217
90.5905
89.3041
88.0598
86.8533
85.681
84.5402
83.4285
82.3436
81.2827
80.242
79.2169
78.2017
77.1915
76.1799
75.1623
74.1321
73.0847
72.0126
70.9121
69.7734
68.5929
67.3588
66.0663
64.9362
64.0293
63.1182
62.1933
61.2559
60.3083
59.3443
58.3723
57.3783
56.3815
55.3541
54.3348
53.2681
52.2311
51.1146
50.0722
48.8921
47.8712
46.6099
45.6786
44.3274
43.6716
42.2557
42.39
40.8597
231.759
221.104
214.249
206.66
199.824
193.533
187.593
181.999
176.716
171.714
166.969
162.457
158.163
154.072
150.172
146.45
142.895
139.499
136.251
133.144
130.17
127.323
124.596
121.982
119.477
117.075
114.77
112.56
110.439
108.402
106.447
104.569
102.765
101.031
99.3643
97.7613
96.2187
94.7338
93.303
91.9236
90.5924
89.3062
88.0619
86.8555
85.6834
84.5429
83.4315
82.347
81.2865
80.246
79.2212
78.2063
77.1964
76.1853
75.1682
74.1386
73.0919
72.0207
70.9212
69.784
68.6053
67.3735
66.0845
64.9573
64.0528
63.1445
62.2232
61.2897
60.3465
59.3879
58.4216
57.4353
56.4456
55.428
54.4169
53.3641
52.3365
51.2422
50.2091
49.065
48.0532
46.854
45.9333
44.6795
44.0309
42.7043
42.7686
41.0977
231.811
221.145
214.269
206.677
199.839
193.548
187.606
182.011
176.727
171.725
166.978
162.466
158.171
154.08
150.179
146.457
142.902
139.505
136.256
133.149
130.175
127.328
124.6
121.986
119.481
117.079
114.774
112.564
110.442
108.405
106.45
104.572
102.768
101.034
99.3672
97.7641
96.2215
94.7366
93.3058
91.9264
90.5953
89.3092
88.065
86.8588
85.6871
84.547
83.4361
82.3522
81.2922
80.2523
79.228
78.2136
77.2044
76.1941
75.1778
74.1494
73.1039
72.0344
70.9367
69.8019
68.6261
67.3981
66.1143
64.992
64.0911
63.1873
62.2715
61.3441
60.4078
59.4572
58.4995
57.5241
56.5454
55.5427
54.5444
53.5117
52.4985
51.4329
50.416
49.3162
48.3212
47.1857
46.2773
45.1018
44.4359
43.1499
43.0725
41.2392
231.866
221.196
214.298
206.696
199.853
193.563
187.622
182.026
176.741
171.738
166.99
162.477
158.181
154.09
150.188
146.465
142.91
139.513
136.264
133.156
130.182
127.334
124.606
121.992
119.487
117.084
114.779
112.569
110.447
108.41
106.455
104.576
102.772
101.038
99.3712
97.7681
96.2255
94.7406
93.3098
91.9305
90.5994
89.3135
88.0695
86.8636
85.6924
84.553
83.4429
82.3597
81.3006
80.2616
79.2382
78.2248
77.2167
76.2078
75.193
74.1664
73.1231
72.0562
70.9615
69.8306
68.6595
67.4373
66.1615
65.0467
64.1516
63.2547
62.347
61.4288
60.5029
59.5644
58.6197
57.6599
56.697
55.7154
54.7366
53.7316
52.741
51.713
50.7214
49.6718
48.7025
47.6304
46.7366
45.6219
44.9192
43.6438
43.3964
41.4474
231.94
221.242
214.32
206.723
199.879
193.583
187.635
182.038
176.755
171.753
167.005
162.491
158.195
154.102
150.2
146.476
142.92
139.522
136.273
133.165
130.19
127.342
124.614
122
119.494
117.091
114.786
112.576
110.454
108.416
106.461
104.582
102.778
101.044
99.3768
97.7736
96.231
94.746
93.3153
91.9361
90.6052
89.3195
88.0759
86.8704
85.6999
84.5614
83.4524
82.3704
81.3126
80.2749
79.2529
78.2412
77.2349
76.2282
75.2159
74.1922
73.1524
72.0897
70.9999
69.8749
68.7111
67.4981
66.2339
65.1306
64.2448
63.3585
62.4632
61.5591
60.6488
59.7286
58.8033
57.8667
56.928
55.9756
55.0258
54.0589
53.1032
52.1238
51.1712
50.1804
49.2505
48.2444
47.3754
46.3186
45.5898
44.3359
43.9551
41.9957
232.022
221.304
214.342
206.733
199.889
193.605
187.666
182.068
176.776
171.766
167.015
162.501
158.206
154.115
150.215
146.491
142.935
139.536
136.286
133.177
130.202
127.353
124.624
122.009
119.503
117.1
114.795
112.584
110.461
108.424
106.468
104.59
102.785
101.051
99.3844
97.7812
96.2387
94.7539
93.3234
91.9446
90.614
89.3288
88.0857
86.881
85.7116
84.5744
83.467
82.3869
81.3309
80.2952
79.2754
78.2662
77.2628
76.2594
75.251
74.2319
73.1973
72.141
71.0586
69.9427
68.7897
67.5903
66.3431
65.2564
64.3843
63.5135
62.6362
61.7524
60.8646
59.9704
59.0732
58.1692
57.265
56.3533
55.4453
54.5287
53.6223
52.7031
51.8063
50.8855
50.0128
49.0819
48.2586
47.2738
46.5607
45.381
44.9604
43.1261
232.118
221.372
214.372
206.754
199.898
193.606
187.666
182.076
176.798
171.799
167.051
162.534
158.231
154.132
150.225
146.498
142.941
139.543
136.295
133.188
130.214
127.367
124.639
122.025
119.519
117.115
114.81
112.598
110.475
108.437
106.48
104.601
102.796
101.061
99.3937
97.79
96.2471
94.7621
93.3315
91.9527
90.6223
89.3375
88.0951
86.8915
85.7234
84.5881
83.483
82.4055
81.3523
80.3198
79.3035
78.2983
77.2995
76.3015
75.2994
74.2876
73.2616
72.2153
71.1446
70.0427
68.9066
67.7279
66.5062
65.445
64.5945
63.7477
62.8977
62.0445
61.1906
60.3345
59.4792
58.6226
57.7695
56.916
56.0696
55.2229
54.3894
53.5533
52.7404
51.9148
51.1332
50.3082
49.5787
48.7154
48.0938
47.0715
46.7363
45.1624
232.223
221.45
214.405
206.774
199.911
193.62
187.678
182.081
176.796
171.792
167.048
162.54
158.25
154.162
150.263
146.539
142.98
139.578
136.323
133.209
130.229
127.376
124.645
122.028
119.52
117.116
114.811
112.601
110.479
108.443
106.489
104.612
102.808
101.076
99.4098
97.8077
96.2663
94.7825
93.3532
91.9756
90.6465
89.3629
88.1219
86.9199
85.7539
84.6211
83.5188
82.4445
81.395
80.3664
79.3547
78.3548
77.3621
76.3714
75.3776
74.3757
73.3614
72.3288
71.2743
70.1919
69.0792
67.929
66.7417
65.7138
64.8924
64.0784
63.2652
62.4535
61.6454
60.8406
60.0416
59.2477
58.4628
57.6848
56.9198
56.1628
55.4246
54.6929
53.9895
53.2841
52.6267
51.9404
51.3512
50.6544
50.191
49.3881
49.2243
47.9948
232.339
221.535
214.442
206.798
199.926
193.632
187.686
182.089
176.807
171.806
167.059
162.545
158.247
154.153
150.251
146.529
142.976
139.583
136.338
133.234
130.263
127.417
124.69
122.075
119.567
117.162
114.854
112.639
110.512
108.471
106.511
104.629
102.821
101.084
99.4138
97.8086
96.2645
94.7789
93.3484
91.9703
90.6414
89.3588
88.1195
86.9202
85.7578
84.6295
83.5328
82.465
81.4227
80.4024
79.3999
78.4105
77.4298
76.4527
75.4745
74.4904
73.4964
72.4873
71.46
70.4093
69.3336
68.2279
67.0946
66.1214
65.3465
64.5823
63.8247
63.0742
62.3335
61.603
60.8853
60.1807
59.493
58.8212
58.1716
57.5399
56.9369
56.3512
55.8047
55.2682
54.7916
54.3002
53.9171
53.4473
53.2124
52.6861
52.7493
51.911
232.461
221.626
214.482
206.824
199.942
193.645
187.698
182.1
176.815
171.81
167.062
162.549
158.255
154.166
150.267
146.545
142.988
139.588
136.337
133.226
130.248
127.399
124.67
122.056
119.551
117.151
114.849
112.641
110.522
108.489
106.537
104.662
102.86
101.129
99.4648
97.8641
96.3239
94.8415
93.4136
92.0377
90.7107
89.4299
88.1923
86.995
85.8352
84.7101
83.6172
82.5539
81.5172
80.5035
79.509
78.5295
77.5605
76.5976
75.6364
74.6723
73.7018
72.7206
71.7261
70.7147
69.6855
68.635
67.5659
66.6547
65.937
65.2364
64.5485
63.8745
63.2174
62.578
61.9592
61.3614
60.7888
60.2403
59.7223
59.2301
58.7755
58.3452
57.9635
57.5972
57.3008
56.9932
56.8026
56.5309
56.4902
56.1897
56.4079
55.898
232.583
221.718
214.524
206.851
199.958
193.659
187.709
182.109
176.823
171.819
167.072
162.559
158.263
154.17
150.267
146.542
142.986
139.589
136.342
133.236
130.265
127.419
124.693
122.079
119.573
117.169
114.863
112.649
110.524
108.484
106.526
104.645
102.838
101.103
99.435
97.832
96.2909
94.8085
93.3821
92.0089
90.6859
89.4103
88.1795
86.9905
85.8404
84.727
83.6475
82.5993
81.5795
80.5849
79.6118
78.6563
77.7144
76.7819
75.8552
74.9303
74.0037
73.0723
72.1342
71.1874
70.232
69.2684
68.3007
67.4917
66.8601
66.2492
65.6588
65.0903
64.5467
64.0291
63.5411
63.0827
62.6594
62.2687
61.9189
61.603
61.3353
61.0989
60.9212
60.7656
60.6859
60.6064
60.6353
60.618
60.7734
60.7876
61.1049
61.0884
232.695
221.805
214.563
206.877
199.974
193.672
187.72
182.119
176.832
171.827
167.077
162.563
158.267
154.175
150.274
146.553
142.998
139.6
136.351
133.241
130.265
127.414
124.684
122.068
119.561
117.158
114.854
112.645
110.525
108.491
106.538
104.663
102.863
101.132
99.4693
97.8704
96.3327
94.8533
93.4295
92.0584
90.7377
89.4645
88.2366
87.0512
85.9061
84.7989
83.7274
82.6892
81.6817
80.7022
79.7475
78.8142
77.899
76.9982
76.1083
75.2262
74.3493
73.4755
72.6037
71.7334
70.8652
70.001
69.1436
68.4422
67.9111
67.4071
66.9285
66.4783
66.0588
65.671
65.3174
64.9984
64.717
64.4722
64.2678
64.1007
63.9767
63.889
63.8468
63.8373
63.8769
63.9419
64.0617
64.1943
64.3922
64.5823
64.8569
65.0906
232.769
221.866
214.591
206.895
199.985
193.681
187.728
182.125
176.838
171.832
167.082
162.568
158.273
154.18
150.278
146.554
142.998
139.599
136.35
133.242
130.268
127.421
124.694
122.081
119.576
117.173
114.869
112.657
110.534
108.497
106.54
104.661
102.856
101.123
99.4567
97.8558
96.3169
94.8374
93.4146
92.046
90.729
89.4613
88.2404
87.0641
85.9301
84.8364
83.7809
82.7615
81.7759
80.8217
79.8963
78.9967
78.12
77.2632
76.4234
75.5978
74.7843
73.9815
73.1888
72.4073
71.6381
70.8857
70.1534
69.5702
69.1369
68.7329
68.3583
68.0154
67.706
67.4306
67.1908
66.9867
66.8195
66.6887
66.5952
66.5373
66.5162
66.5286
66.5762
66.6542
66.7649
66.9019
67.0685
67.2566
67.4709
67.7017
67.9547
68.22
232.8
221.897
214.605
206.905
199.991
193.686
187.731
182.128
176.841
171.834
167.085
162.57
158.274
154.182
150.28
146.557
143.001
139.603
136.354
133.246
130.271
127.422
124.693
122.078
119.572
117.169
114.864
112.654
110.532
108.496
106.542
104.665
102.863
101.132
99.4688
97.8704
96.3342
94.8575
93.4376
92.0722
90.759
89.4957
88.2802
87.1105
85.9847
84.901
83.8577
82.853
81.8852
80.9523
80.0523
79.183
78.3418
77.5262
76.7336
75.9617
75.2082
74.4727
73.7545
73.0557
72.3775
71.7255
71.1026
70.6201
70.2711
69.9525
69.6639
69.4074
69.1837
68.9927
68.8349
68.7101
68.618
68.558
68.5296
68.5313
68.5625
68.6214
68.7069
68.8168
68.9503
69.1044
69.2786
69.4697
69.6772
69.8978
70.1314
70.3745
232.789
221.898
214.607
206.906
199.992
193.686
187.732
182.129
176.841
171.834
167.085
162.57
158.274
154.182
150.28
146.557
143.001
139.603
136.354
133.246
130.271
127.423
124.694
122.079
119.573
117.17
114.865
112.655
110.533
108.497
106.543
104.666
102.864
101.134
99.4709
97.8734
96.3384
94.8633
93.4456
92.0831
90.7736
89.5151
88.3055
87.1433
86.0267
84.9542
83.9244
82.9359
81.9875
81.0777
80.2051
79.3681
78.5646
77.7925
77.0494
76.3329
75.6409
74.9726
74.3275
73.7079
73.1146
72.5526
72.0234
71.6221
71.34
71.0877
70.8639
70.6706
70.5075
70.3744
70.2708
70.1962
70.1497
70.1303
70.1369
70.1682
70.2227
70.299
70.3954
70.5105
70.6425
70.7898
70.951
71.1243
71.3085
71.502
71.7038
71.9121
232.737
221.87
214.595
206.898
199.988
193.682
187.728
182.126
176.838
171.831
167.082
162.568
158.272
154.18
150.279
146.555
142.998
139.6
136.351
133.243
130.269
127.422
124.695
122.081
119.576
117.174
114.87
112.659
110.537
108.499
106.544
104.666
102.862
101.13
99.4661
97.868
96.3329
94.8585
93.4423
92.0823
90.7763
89.5226
88.3194
87.1652
86.0585
84.9982
83.9831
83.0123
82.0848
81.1999
80.3568
79.5545
78.7916
78.0664
77.3763
76.719
76.0914
75.4928
74.9221
74.382
73.8734
73.4023
72.9709
72.6559
72.4378
72.2461
72.0814
71.9446
71.8348
71.7511
71.6927
71.6584
71.6469
71.657
71.6871
71.7359
71.8017
71.8834
71.9789
72.0874
72.2069
72.3369
72.4751
72.6216
72.7741
72.9328
73.096
73.2633
232.643
221.813
214.57
206.882
199.978
193.674
187.721
182.119
176.833
171.826
167.077
162.563
158.267
154.175
150.274
146.553
142.998
139.601
136.352
133.243
130.267
127.417
124.687
122.071
119.564
117.161
114.857
112.648
110.528
108.495
106.543
104.669
102.87
101.142
99.4822
97.8879
96.3565
94.8855
93.4725
92.1158
90.8133
89.5635
88.3648
87.216
86.116
85.0639
84.059
83.1008
82.1888
81.3231
80.5035
79.73
79.0019
78.3179
77.6756
77.0717
76.5023
75.9655
75.46
74.9874
74.5481
74.1459
73.7794
73.5138
73.3381
73.1877
73.0604
72.9577
72.8781
72.8207
72.784
72.7672
72.7684
72.7869
72.8204
72.8687
72.9291
73.0023
73.0843
73.1777
73.2766
73.3866
73.498
73.622
73.7418
73.8783
74.0022
74.1512
232.515
221.732
214.535
206.859
199.965
193.663
187.711
182.111
176.824
171.819
167.071
162.559
158.263
154.171
150.268
146.544
142.987
139.59
136.343
133.238
130.266
127.42
124.694
122.081
119.576
117.173
114.867
112.654
110.53
108.492
106.534
104.655
102.851
101.119
99.4559
97.8592
96.3264
94.8552
93.4434
92.0893
90.7907
89.5465
88.3549
87.2151
86.126
85.0869
84.0973
83.1569
82.2658
81.4243
80.6336
79.8939
79.2059
78.5686
77.9798
77.4349
76.9283
76.4568
76.0182
75.6143
75.2463
74.9205
74.6396
74.4473
74.3155
74.2039
74.1167
74.0522
74.0084
73.9843
73.9779
73.9883
74.0132
74.0521
74.1021
74.1638
74.233
74.3125
74.3952
74.4887
74.5797
74.685
74.7783
74.896
74.9837
75.119
75.188
75.3553
232.381
221.645
214.497
206.834
199.95
193.65
187.7
182.102
176.817
171.811
167.062
162.549
158.255
154.165
150.266
146.545
142.99
139.591
136.34
133.23
130.253
127.403
124.674
122.06
119.555
117.155
114.853
112.645
110.527
108.495
106.544
104.671
102.873
101.146
99.4867
97.8935
96.3636
94.8946
93.4846
92.1317
90.8343
89.5911
88.4008
87.2625
86.1756
85.1396
84.1542
83.2195
82.3357
81.5041
80.726
80.0032
79.3369
78.7273
78.1722
77.6657
77.2
76.77
76.3727
76.0095
75.6815
75.394
75.1476
74.9761
74.8609
74.7659
74.6934
74.6412
74.6075
74.5908
74.5896
74.6022
74.6268
74.6623
74.7066
74.7594
74.818
74.8834
74.9512
75.0261
75.0983
75.1814
75.2523
75.3462
75.4056
75.5221
75.5463
75.7232
232.249
221.56
214.46
206.81
199.936
193.638
187.689
182.092
176.808
171.805
167.059
162.545
158.248
154.154
150.252
146.53
142.977
139.584
136.339
133.236
130.265
127.42
124.693
122.079
119.572
117.167
114.86
112.646
110.521
108.481
106.523
104.643
102.838
101.106
99.4421
97.8452
96.3124
94.8416
93.4308
92.0782
90.7821
89.5413
88.3545
87.2209
86.1398
85.1109
84.1339
83.2089
82.3363
81.5177
80.7552
80.0508
79.4072
78.8254
78.3039
77.8351
77.4086
77.0173
76.6577
76.3305
76.0375
75.7848
75.5749
75.4359
75.3423
75.2662
75.2119
75.177
75.1594
75.1577
75.1702
75.1951
75.2307
75.2756
75.3279
75.3867
75.4498
75.5176
75.5866
75.6598
75.7299
75.8071
75.8732
75.9566
76.009
76.111
76.125
76.2894
232.124
221.478
214.426
206.788
199.922
193.626
187.681
182.084
176.798
171.793
167.047
162.539
158.249
154.162
150.263
146.541
142.984
139.582
136.329
133.215
130.236
127.383
124.651
122.034
119.527
117.123
114.819
112.608
110.488
108.453
106.5
104.626
102.826
101.098
99.4385
97.8454
96.3161
94.8484
93.4403
92.0901
90.7963
89.5576
88.3728
87.2415
86.1628
85.1367
84.163
83.2416
82.3734
81.5602
80.8043
80.1087
79.477
78.9115
78.4118
77.9684
77.5683
77.2024
76.8662
76.5602
76.2868
76.0521
75.8581
75.7285
75.6418
75.5722
75.5235
75.4932
75.4795
75.4806
75.4949
75.5206
75.5557
75.599
75.6483
75.703
75.7607
75.8218
75.883
75.9469
76.0072
76.0726
76.1275
76.197
76.2379
76.3241
76.327
76.4764
232.01
221.404
214.394
206.769
199.911
193.614
187.669
182.077
176.799
171.798
167.052
162.536
158.234
154.136
150.229
146.502
142.945
139.547
136.299
133.192
130.219
127.372
124.645
122.031
119.525
117.122
114.818
112.606
110.484
108.448
106.493
104.617
102.815
101.085
99.4244
97.8301
96.2998
94.8315
93.4231
92.0729
90.7795
89.5416
88.358
87.2283
86.1517
85.1283
84.1578
83.2402
82.3763
81.568
80.8182
80.1302
79.5087
78.9572
78.4768
78.0562
77.6796
77.3356
77.0193
76.7307
76.4729
76.2529
76.0735
75.9565
75.8782
75.8159
75.7744
75.7509
75.744
75.7514
75.7719
75.8033
75.8437
75.8919
75.9456
76.0041
76.0651
76.1286
76.1914
76.256
76.3162
76.3801
76.4327
76.4979
76.5345
76.613
76.6102
76.748
231.907
221.338
214.366
206.748
199.901
193.611
187.67
182.072
176.781
171.769
167.017
162.503
158.208
154.117
150.217
146.494
142.939
139.541
136.291
133.183
130.208
127.359
124.63
122.016
119.51
117.107
114.803
112.592
110.471
108.435
106.481
104.606
102.805
101.076
99.4157
97.8221
96.2926
94.8251
93.4174
92.0681
90.7756
89.5387
88.3563
87.2278
86.1528
85.1311
84.1627
83.2473
82.3859
81.5804
80.834
80.1503
79.535
78.993
78.527
78.1239
77.7652
77.4374
77.135
76.8578
76.6095
76.3982
76.2272
76.1159
76.0401
75.98
75.941
75.9196
75.9149
75.9242
75.9465
75.9793
76.0209
76.0698
76.1239
76.1824
76.2427
76.3052
76.3663
76.4286
76.4855
76.5455
76.5931
76.6526
76.6823
76.7528
76.7416
76.8682
231.819
221.278
214.344
206.739
199.894
193.593
187.641
182.043
176.758
171.754
167.007
162.493
158.197
154.105
150.203
146.48
142.924
139.527
136.279
133.171
130.196
127.349
124.62
122.007
119.501
117.099
114.794
112.584
110.463
108.428
106.474
104.598
102.797
101.068
99.4084
97.815
96.2856
94.8183
93.4108
92.0618
90.7697
89.5334
88.3516
87.2239
86.1499
85.1293
84.1624
83.2485
82.3888
81.5852
80.8409
80.16
79.5489
79.0139
78.5594
78.1709
77.8267
77.5119
77.2203
76.9513
76.7095
76.5043
76.3397
76.2332
76.1591
76.1005
76.0639
76.0446
76.0426
76.0541
76.0793
76.1145
76.1587
76.2101
76.2667
76.3277
76.3902
76.455
76.5176
76.5816
76.6391
76.6998
76.7464
76.805
76.831
76.898
76.8799
76.9981
231.738
221.232
214.326
206.715
199.868
193.572
187.627
182.031
176.745
171.74
166.992
162.479
158.184
154.092
150.191
146.469
142.914
139.517
136.269
133.162
130.188
127.34
124.612
121.999
119.493
117.091
114.787
112.577
110.456
108.421
106.467
104.592
102.791
101.063
99.4029
97.8097
96.2805
94.8134
93.4062
92.0575
90.7658
89.5298
88.3485
87.2214
86.1481
85.1284
84.1625
83.2497
82.3911
81.5885
80.8456
80.1663
79.5576
79.0276
78.5821
78.2051
77.8726
77.5677
77.284
77.0206
76.7827
76.5811
76.4208
76.3172
76.2429
76.1843
76.1483
76.1298
76.129
76.1411
76.1678
76.2038
76.2489
76.3012
76.3586
76.4204
76.4832
76.5485
76.6107
76.6748
76.7309
76.7909
76.8345
76.8911
76.9118
76.9746
76.9477
77.0571
231.678
221.184
214.295
206.695
199.854
193.558
187.612
182.017
176.732
171.727
166.98
162.468
158.174
154.082
150.182
146.46
142.906
139.509
136.262
133.155
130.181
127.334
124.606
121.993
119.488
117.086
114.782
112.572
110.451
108.416
106.463
104.587
102.787
101.058
99.3987
97.8057
96.2766
94.8097
93.4027
92.0542
90.7627
89.5271
88.3461
87.2194
86.1465
85.1274
84.1622
83.2501
82.3921
81.5901
80.8479
80.1693
79.5622
79.0354
78.5969
78.2292
77.9059
77.6086
77.3307
77.071
76.8353
76.6358
76.4786
76.3769
76.3014
76.242
76.206
76.1875
76.1872
76.1993
76.2268
76.2627
76.308
76.3605
76.4178
76.4798
76.5421
76.6075
76.6686
76.7324
76.7866
76.8458
76.8862
76.9412
76.9568
77.0164
76.9815
77.0827
231.621
221.141
214.275
206.679
199.84
193.544
187.599
182.004
176.72
171.716
166.97
162.459
158.165
154.075
150.174
146.453
142.899
139.503
136.256
133.149
130.176
127.329
124.601
121.988
119.483
117.081
114.778
112.568
110.447
108.413
106.459
104.584
102.784
101.055
99.3956
97.8027
96.2737
94.807
93.4
92.0518
90.7604
89.525
88.3442
87.2178
86.1452
85.1266
84.1617
83.2502
82.3926
81.5908
80.8489
80.1705
79.5642
79.0396
78.6065
78.2459
77.9299
77.6383
77.3645
77.1071
76.8723
76.6737
76.5183
76.4173
76.3396
76.2787
76.2416
76.2221
76.2212
76.2318
76.2589
76.2933
76.3374
76.3884
76.4443
76.5047
76.565
76.6288
76.6872
76.7493
76.7997
76.857
76.8925
76.9453
76.9547
77.0109
76.9684
77.0621
231.571
221.106
214.258
206.663
199.826
193.531
187.588
181.994
176.711
171.708
166.962
162.452
158.158
154.068
150.169
146.448
142.894
139.498
136.251
133.145
130.172
127.325
124.598
121.985
119.48
117.078
114.775
112.565
110.445
108.41
106.456
104.582
102.781
101.053
99.3934
97.8006
96.2716
94.805
93.3981
92.05
90.7587
89.5234
88.3428
87.2166
86.1442
85.1258
84.1613
83.2501
82.3926
81.5909
80.849
80.1706
79.5645
79.0414
78.6122
78.2572
77.9468
77.6592
77.3882
77.1319
76.8971
76.6981
76.5432
76.4416
76.3607
76.2976
76.2586
76.2372
76.2345
76.2428
76.2686
76.3005
76.3423
76.391
76.4446
76.5027
76.5603
76.6219
76.6769
76.7368
76.7829
76.8381
76.8685
76.9194
76.9228
76.9768
76.9282
77.0162
231.525
221.079
214.242
206.65
199.815
193.521
187.578
181.986
176.703
171.701
166.956
162.446
158.153
154.063
150.164
146.444
142.89
139.495
136.248
133.142
130.169
127.322
124.595
121.982
119.477
117.076
114.773
112.563
110.443
108.408
106.455
104.58
102.779
101.051
99.3918
97.799
96.2701
94.8035
93.3968
92.0487
90.7574
89.5223
88.3417
87.2157
86.1434
85.1252
84.1608
83.2498
82.3924
81.5906
80.8487
80.1701
79.5638
79.0415
78.6153
78.2644
77.9582
77.6731
77.4039
77.1477
76.9119
76.7114
76.5555
76.452
76.3674
76.3017
76.26
76.2362
76.2312
76.2366
76.2606
76.2898
76.3289
76.375
76.4261
76.4817
76.5366
76.5957
76.6473
76.7051
76.747
76.8004
76.8256
76.8753
76.8729
76.9259
76.8724
76.9566
231.489
221.057
214.229
206.638
199.805
193.512
187.57
181.979
176.697
171.695
166.951
162.442
158.149
154.06
150.161
146.441
142.887
139.492
136.245
133.139
130.167
127.32
124.593
121.98
119.476
117.074
114.771
112.561
110.441
108.407
106.453
104.578
102.778
101.05
99.3906
97.7979
96.269
94.8025
93.3958
92.0477
90.7565
89.5215
88.3409
87.2149
86.1427
85.1246
84.1604
83.2495
82.3919
81.5901
80.848
80.1691
79.5625
79.0407
78.6164
78.2686
77.9651
77.6814
77.4131
77.1561
76.9184
76.7154
76.5575
76.451
76.3626
76.2941
76.2497
76.2235
76.2161
76.2188
76.2411
76.2679
76.3041
76.3485
76.3971
76.4508
76.5031
76.5601
76.6089
76.6648
76.7032
76.755
76.7759
76.8249
76.8173
76.8706
76.813
76.8954
231.465
221.039
214.217
206.628
199.796
193.504
187.564
181.973
176.692
171.691
166.947
162.438
158.146
154.057
150.158
146.438
142.885
139.49
136.243
133.138
130.165
127.318
124.592
121.979
119.474
117.073
114.77
112.56
110.44
108.405
106.452
104.578
102.777
101.049
99.3898
97.7971
96.2683
94.8018
93.3951
92.047
90.7559
89.5208
88.3404
87.2144
86.1422
85.1242
84.16
83.249
82.3914
81.5895
80.8472
80.1678
79.561
79.0394
78.6163
78.2705
77.9686
77.6855
77.417
77.1581
76.918
76.7119
76.5514
76.4415
76.3498
76.2789
76.2322
76.2039
76.1945
76.195
76.216
76.2408
76.2747
76.318
76.3643
76.4171
76.4669
76.5222
76.5689
76.6233
76.6589
76.7096
76.727
76.7756
76.7639
76.8182
76.7571
76.8391
231.451
221.025
214.207
206.619
199.789
193.499
187.559
181.969
176.688
171.687
166.944
162.435
158.143
154.055
150.156
146.436
142.883
139.488
136.242
133.136
130.164
127.317
124.59
121.978
119.473
117.072
114.769
112.559
110.439
108.405
106.452
104.577
102.777
101.049
99.3892
97.7965
96.2677
94.8012
93.3945
92.0465
90.7554
89.5204
88.3399
87.214
86.1418
85.1238
84.1595
83.2486
82.3909
81.5888
80.8463
80.1666
79.5594
79.0378
78.6154
78.2707
77.9694
77.6861
77.4165
77.1553
76.9125
76.7034
76.5403
76.427
76.3326
76.2598
76.2115
76.1815
76.1707
76.1695
76.1898
76.2131
76.2453
76.2883
76.3325
76.3852
76.4325
76.487
76.532
76.5853
76.6187
76.6686
76.6835
76.7318
76.7172
76.7723
76.7087
76.7913
231.444
221.013
214.198
206.612
199.784
193.494
187.555
181.965
176.685
171.685
166.942
162.433
158.141
154.053
150.154
146.435
142.882
139.487
136.241
133.135
130.163
127.316
124.59
121.977
119.473
117.071
114.768
112.559
110.439
108.404
106.451
104.576
102.776
101.048
99.3887
97.7961
96.2673
94.8009
93.3942
92.0462
90.7551
89.52
88.3396
87.2136
86.1414
85.1234
84.1591
83.2481
82.3903
81.5881
80.8454
80.1653
79.5579
79.0362
78.6139
78.2696
77.9681
77.684
77.4127
77.1491
76.9038
76.692
76.5267
76.4103
76.314
76.24
76.1907
76.1595
76.1478
76.1456
76.1654
76.1877
76.2189
76.2619
76.3044
76.3575
76.4022
76.4568
76.5001
76.553
76.5848
76.6342
76.6472
76.6953
76.6786
76.7344
76.6695
76.753
231.441
221.003
214.19
206.606
199.779
193.49
187.552
181.963
176.683
171.683
166.94
162.432
158.14
154.052
150.153
146.434
142.881
139.486
136.24
133.135
130.162
127.316
124.589
121.977
119.472
117.071
114.768
112.558
110.438
108.404
106.451
104.576
102.776
101.048
99.3884
97.7958
96.2671
94.8006
93.3939
92.0459
90.7548
89.5198
88.3393
87.2133
86.1411
85.1231
84.1587
83.2477
82.3898
81.5874
80.8445
80.1642
79.5565
79.0347
78.6122
78.2677
77.9654
77.68
77.4068
77.141
76.8935
76.6797
76.5126
76.3938
76.2963
76.2215
76.1718
76.1398
76.1277
76.1247
76.1444
76.1662
76.1969
76.24
76.2811
76.3348
76.3769
76.4324
76.4744
76.527
76.5576
76.6068
76.6183
76.6664
76.6482
76.7043
76.6391
76.7232
231.441
220.994
214.183
206.602
199.775
193.487
187.549
181.961
176.681
171.681
166.938
162.43
158.139
154.051
150.152
146.433
142.88
139.486
136.239
133.134
130.161
127.315
124.589
121.976
119.472
117.071
114.767
112.558
110.438
108.404
106.45
104.576
102.776
101.048
99.3882
97.7956
96.2668
94.8004
93.3937
92.0457
90.7546
89.5196
88.3391
87.2131
86.1408
85.1228
84.1584
83.2473
82.3893
81.5868
80.8438
80.1632
79.5553
79.0333
78.6105
78.2653
77.9619
77.6751
77.4
77.1323
76.8831
76.6678
76.4995
76.3788
76.2808
76.2055
76.1558
76.1231
76.1111
76.1076
76.1273
76.149
76.1795
76.2227
76.2627
76.3169
76.3573
76.4134
76.4547
76.5072
76.5368
76.5859
76.5964
76.6445
76.6251
76.6816
76.6159
76.7008
231.443
220.986
214.178
206.598
199.772
193.485
187.547
181.959
176.679
171.68
166.937
162.429
158.138
154.05
150.152
146.432
142.88
139.485
136.239
133.134
130.161
127.315
124.588
121.976
119.471
117.07
114.767
112.558
110.438
108.403
106.45
104.576
102.775
101.047
99.3881
97.7954
96.2667
94.8002
93.3936
92.0456
90.7545
89.5194
88.3389
87.2129
86.1406
85.1226
84.1581
83.2469
82.3889
81.5863
80.8432
80.1624
79.5544
79.0322
78.6088
78.2628
77.9581
77.6699
77.3931
77.1239
76.8735
76.6574
76.4882
76.3662
76.2679
76.1924
76.1429
76.1097
76.0981
76.0942
76.1141
76.1358
76.1663
76.2095
76.2488
76.3034
76.3427
76.3993
76.4399
76.4926
76.5214
76.5705
76.5803
76.6285
76.6083
76.6651
76.5989
76.6849
231.444
220.978
214.173
206.595
199.77
193.483
187.546
181.958
176.678
171.679
166.936
162.429
158.137
154.049
150.151
146.432
142.879
139.485
136.239
133.133
130.161
127.315
124.588
121.976
119.471
117.07
114.767
112.558
110.438
108.403
106.45
104.575
102.775
101.047
99.388
97.7953
96.2666
94.8001
93.3935
92.0455
90.7543
89.5193
88.3388
87.2127
86.1404
85.1224
84.1578
83.2466
82.3885
81.5858
80.8427
80.1618
79.5537
79.0314
78.6074
78.2605
77.9545
77.665
77.3868
77.1166
76.8653
76.6488
76.4789
76.3561
76.2577
76.1822
76.1331
76.0994
76.0884
76.0842
76.1043
76.1262
76.1567
76.1999
76.2387
76.2935
76.332
76.3893
76.4294
76.4822
76.5103
76.5596
76.5688
76.6172
76.5964
76.6534
76.5869
76.6741
231.444
220.972
214.169
206.592
199.768
193.481
187.544
181.957
176.677
171.678
166.936
162.428
158.137
154.049
150.151
146.431
142.879
139.484
136.238
133.133
130.16
127.314
124.588
121.975
119.471
117.07
114.767
112.558
110.437
108.403
106.45
104.575
102.775
101.047
99.3879
97.7953
96.2665
94.8001
93.3934
92.0454
90.7543
89.5192
88.3386
87.2126
86.1403
85.1222
84.1575
83.2463
82.3882
81.5855
80.8423
80.1614
79.5532
79.0307
78.6062
78.2584
77.9514
77.6608
77.3815
77.1106
76.8588
76.642
76.4718
76.3484
76.2501
76.1747
76.1259
76.0919
76.0816
76.077
76.0974
76.1194
76.15
76.193
76.2317
76.2866
76.3246
76.3824
76.4221
76.4751
76.5027
76.5523
76.5611
76.6095
76.5884
76.6456
76.5789
76.6672
231.443
220.966
214.166
206.59
199.767
193.48
187.543
181.956
176.677
171.677
166.935
162.428
158.136
154.048
150.15
146.431
142.879
139.484
136.238
133.133
130.16
127.314
124.588
121.975
119.471
117.07
114.767
112.557
110.437
108.403
106.45
104.575
102.775
101.047
99.3878
97.7952
96.2665
94.8
93.3933
92.0453
90.7542
89.5191
88.3386
87.2125
86.1402
85.122
84.1574
83.2461
82.3879
81.5852
80.842
80.161
79.5528
79.0303
78.6054
78.2569
77.9489
77.6574
77.3773
77.106
76.8539
76.637
76.4665
76.3428
76.2447
76.1693
76.1208
76.0866
76.0769
76.0721
76.0926
76.1147
76.1454
76.1883
76.2271
76.282
76.3197
76.3778
76.4172
76.4705
76.4977
76.5475
76.5561
76.6047
76.5834
76.6406
76.5739
76.663
231.441
220.961
214.164
206.589
199.766
193.479
187.543
181.955
176.676
171.677
166.935
162.427
158.136
154.048
150.15
146.431
142.879
139.484
136.238
133.133
130.16
127.314
124.587
121.975
119.471
117.07
114.767
112.557
110.437
108.403
106.45
104.575
102.775
101.047
99.3878
97.7951
96.2664
94.8
93.3933
92.0453
90.7541
89.519
88.3385
87.2124
86.1401
85.1219
84.1572
83.2459
82.3877
81.585
80.8417
80.1608
79.5527
79.0301
78.6049
78.2558
77.9471
77.655
77.3744
77.1027
76.8503
76.6334
76.4627
76.3389
76.241
76.1657
76.1175
76.0831
76.0738
76.0688
76.0895
76.1117
76.1424
76.1853
76.2241
76.2791
76.3167
76.375
76.4142
76.4677
76.4946
76.5447
76.5531
76.6018
76.5805
76.6379
76.571
76.6608
231.438
220.956
214.162
206.588
199.765
193.478
187.542
181.955
176.676
171.677
166.935
162.427
158.136
154.048
150.15
146.431
142.878
139.484
136.238
133.132
130.16
127.314
124.587
121.975
119.471
117.07
114.767
112.557
110.437
108.403
106.45
104.575
102.775
101.047
99.3877
97.7951
96.2664
94.7999
93.3933
92.0452
90.7541
89.519
88.3384
87.2124
86.14
85.1218
84.1571
83.2458
82.3876
81.5848
80.8416
80.1607
79.5526
79.0301
78.6046
78.2552
77.946
77.6534
77.3724
77.1005
76.848
76.6311
76.4603
76.3364
76.2387
76.1634
76.1153
76.0809
76.0719
76.0668
76.0876
76.1099
76.1406
76.1835
76.2224
76.2774
76.315
76.3733
76.4124
76.4661
76.4928
76.5431
76.5516
76.6003
76.5791
76.6367
76.5696
76.66
231.434
220.952
214.16
206.587
199.764
193.478
187.542
181.954
176.675
171.676
166.934
162.427
158.136
154.048
150.15
146.431
142.878
139.484
136.238
133.132
130.16
127.314
124.587
121.975
119.471
117.07
114.766
112.557
110.437
108.403
106.45
104.575
102.775
101.047
99.3877
97.7951
96.2664
94.7999
93.3932
92.0452
90.7541
89.519
88.3384
87.2123
86.1399
85.1217
84.157
83.2456
82.3875
81.5847
80.8415
80.1607
79.5526
79.0301
78.6046
78.2549
77.9454
77.6525
77.3712
77.0991
76.8466
76.6296
76.4587
76.3349
76.2373
76.1621
76.1141
76.0797
76.0708
76.0656
76.0865
76.1088
76.1396
76.1824
76.2214
76.2764
76.3141
76.3724
76.4116
76.4654
76.492
76.5425
76.551
76.5998
76.5787
76.6363
76.5692
76.66
231.429
220.949
214.159
206.586
199.763
193.477
187.541
181.954
176.675
171.676
166.934
162.427
158.135
154.047
150.15
146.43
142.878
139.484
136.238
133.132
130.16
127.314
124.587
121.975
119.471
117.07
114.766
112.557
110.437
108.403
106.45
104.575
102.775
101.047
99.3877
97.7951
96.2663
94.7999
93.3932
92.0452
90.754
89.5189
88.3384
87.2123
86.1399
85.1217
84.1569
83.2456
82.3874
81.5846
80.8414
80.1606
79.5527
79.0303
78.6047
78.2549
77.9452
77.6522
77.3707
77.0984
76.8458
76.6288
76.4579
76.3341
76.2365
76.1614
76.1134
76.079
76.0702
76.065
76.0859
76.1082
76.1391
76.1819
76.221
76.276
76.3137
76.3721
76.4113
76.4651
76.4918
76.5424
76.5509
76.5997
76.5788
76.6365
76.5693
76.6605
231.423
220.947
214.158
206.586
199.763
193.477
187.541
181.954
176.675
171.676
166.934
162.426
158.135
154.047
150.149
146.43
142.878
139.484
136.238
133.132
130.16
127.314
124.587
121.975
119.471
117.07
114.766
112.557
110.437
108.403
106.45
104.575
102.775
101.047
99.3877
97.795
96.2663
94.7999
93.3932
92.0452
90.754
89.5189
88.3383
87.2122
86.1399
85.1216
84.1569
83.2455
82.3873
81.5846
80.8414
80.1606
79.5528
79.0304
78.6049
78.2551
77.9453
77.6521
77.3705
77.0982
76.8455
76.6284
76.4575
76.3338
76.2362
76.1611
76.1131
76.0788
76.0699
76.0648
76.0856
76.108
76.1389
76.1817
76.2209
76.2759
76.3137
76.372
76.4113
76.4652
76.4919
76.5425
76.5512
76.6
76.5792
76.637
76.5698
76.6612
231.416
220.945
214.158
206.585
199.763
193.477
187.541
181.954
176.675
171.676
166.934
162.426
158.135
154.047
150.149
146.43
142.878
139.484
136.238
133.132
130.16
127.314
124.587
121.975
119.471
117.069
114.766
112.557
110.437
108.403
106.45
104.575
102.775
101.047
99.3876
97.795
96.2663
94.7999
93.3932
92.0452
90.754
89.5189
88.3383
87.2122
86.1399
85.1216
84.1569
83.2455
82.3873
81.5845
80.8414
80.1606
79.5528
79.0306
78.6052
78.2553
77.9455
77.6523
77.3706
77.0982
76.8454
76.6283
76.4573
76.3337
76.2362
76.1611
76.1131
76.0787
76.0698
76.0648
76.0856
76.108
76.1389
76.1817
76.2209
76.2759
76.3137
76.3722
76.4115
76.4653
76.4921
76.5428
76.5515
76.6004
76.5797
76.6375
76.5704
76.6619
231.411
220.944
214.157
206.585
199.763
193.477
187.541
181.953
176.675
171.676
166.934
162.426
158.135
154.047
150.149
146.43
142.878
139.484
136.238
133.132
130.16
127.314
124.587
121.975
119.471
117.069
114.766
112.557
110.437
108.403
106.45
104.575
102.775
101.047
99.3876
97.795
96.2663
94.7998
93.3932
92.0452
90.754
89.5189
88.3383
87.2122
86.1398
85.1216
84.1568
83.2455
82.3873
81.5845
80.8413
80.1606
79.5529
79.0307
78.6053
78.2555
77.9457
77.6525
77.3708
77.0983
76.8455
76.6283
76.4573
76.3337
76.2362
76.1611
76.1131
76.0788
76.0698
76.0648
76.0856
76.108
76.139
76.1818
76.221
76.276
76.3138
76.3723
76.4117
76.4655
76.4924
76.543
76.5518
76.6008
76.5801
76.6379
76.5709
76.6624
231.402
220.943
214.157
206.585
199.762
193.477
187.541
181.953
176.675
171.676
166.934
162.426
158.135
154.047
150.149
146.43
142.878
139.483
136.238
133.132
130.16
127.314
124.587
121.975
119.471
117.069
114.766
112.557
110.437
108.403
106.45
104.575
102.775
101.047
99.3876
97.795
96.2663
94.7998
93.3932
92.0452
90.754
89.5189
88.3383
87.2122
86.1398
85.1216
84.1568
83.2455
82.3873
81.5845
80.8413
80.1606
79.5529
79.0307
78.6054
78.2556
77.9458
77.6526
77.3709
77.0984
76.8455
76.6284
76.4574
76.3338
76.2363
76.1612
76.1131
76.0788
76.0699
76.0649
76.0856
76.1081
76.139
76.1819
76.221
76.276
76.3139
76.3723
76.4118
76.4656
76.4925
76.5432
76.552
76.6009
76.5803
76.6381
76.5711
76.6626
20.6288
18.8534
17.4045
13.4426
10.5302
6.8539
4.29335
2.06736
1.22282
1.38433
3.11227
7.29705
12.1551
19.0788
27.7469
37.0127
45.7737
56.7229
67.2628
77.5181
87.0261
95.6896
103.8
110.882
116.95
121.941
126.442
129.633
132.404
134.171
135.301
135.605
135.81
135.15
134.263
133.168
131.336
129.859
127.991
126.316
124.581
122.669
120.657
118.675
116.584
114.535
112.241
109.9
106.968
104.288
101.12
97.83
94.5918
90.4573
86.4587
82.132
77.8557
73.2006
68.6066
63.9733
59.316
54.5429
49.7755
45.0596
40.6334
36.3646
32.0425
28.0406
24.188
20.9553
17.6641
14.6419
11.9906
9.64304
7.6371
5.92665
4.56379
3.46699
2.74327
2.15902
1.93985
2.12721
2.41994
3.00724
3.73377
4.74415
5.81927
7.21282
8.53549
10.344
11.8249
13.77
15.5131
17.9247
19.3549
22.1629
23.3526
20.5212
18.8596
17.414
13.4417
10.5329
6.85698
4.29568
2.06872
1.22287
1.3855
3.1303
7.27151
12.1519
19.0854
27.7323
37.0137
46.6676
56.3792
67.257
77.5144
87.0246
95.6893
103.799
110.88
116.95
121.942
126.442
129.633
132.402
134.159
135.302
135.618
135.811
135.15
134.264
133.159
131.338
129.861
127.992
126.317
124.582
122.67
120.659
118.678
116.586
114.536
112.242
109.903
106.97
104.289
101.115
97.8066
94.6645
90.4612
86.4609
82.1342
77.8535
73.2017
68.6125
63.9749
59.3112
54.5428
49.7761
45.0614
40.6336
36.3637
32.0429
28.0425
24.1974
20.9465
17.6628
14.6422
11.9907
9.64315
7.63717
5.92667
4.56377
3.46693
2.74315
2.16067
1.94951
2.12677
2.41946
3.00674
3.73326
4.74364
5.81876
7.21233
8.53503
10.3358
11.8246
13.7772
15.5057
17.9231
19.3548
22.1641
23.352
20.5796
18.8678
17.4236
13.4541
10.5424
6.8635
4.29985
2.06969
1.22008
1.37701
3.11499
7.26732
12.1466
19.0636
27.7196
37.0057
46.637
56.4909
67.2451
77.5071
87.018
95.6828
103.796
110.879
116.949
121.941
126.442
129.634
132.403
134.163
135.304
135.616
135.813
135.153
134.267
133.164
131.34
129.862
127.993
126.318
124.583
122.672
120.66
118.679
116.586
114.537
112.245
109.904
106.971
104.29
101.119
97.814
94.6201
90.4616
86.4634
82.1366
77.8575
73.2039
68.6128
63.9767
59.3149
54.5452
49.7776
45.0621
40.6349
36.3654
32.0437
28.0426
24.196
20.9492
17.6638
14.6426
11.9911
9.64337
7.63729
5.92671
4.56374
3.46682
2.74288
2.1601
1.94739
2.12652
2.41919
3.00647
3.73298
4.74337
5.8185
7.21209
8.53482
10.3369
11.8243
13.7757
15.5066
17.9229
19.3546
22.1639
23.3521
20.6041
18.8891
17.4476
13.4792
10.5627
6.8768
4.30759
2.06992
1.21193
1.35803
3.08999
7.24653
12.1286
19.0158
27.6853
36.97
46.5398
56.5211
67.2179
77.4876
87.0014
95.6668
103.786
110.874
116.946
121.938
126.443
129.635
132.406
134.169
135.311
135.621
135.82
135.16
134.273
133.172
131.346
129.867
127.997
126.321
124.587
122.675
120.663
118.681
116.588
114.542
112.251
109.908
106.974
104.291
101.123
97.8198
94.6037
90.4646
86.4695
82.1427
77.8646
73.2092
68.6166
63.9816
59.3208
54.5507
49.7813
45.0644
40.6381
36.3691
32.0458
28.0436
24.1972
20.952
17.666
14.6438
11.992
9.64397
7.63769
5.92691
4.56376
3.46665
2.74235
2.159
1.94643
2.12602
2.41865
3.00593
3.73245
4.7429
5.81803
7.21168
8.53454
10.3366
11.8236
13.7752
15.5064
17.9225
19.3542
22.1636
23.3521
20.6255
18.9194
17.4919
13.5249
10.599
6.90029
4.32066
2.06925
1.19642
1.32586
3.0467
7.19823
12.0778
18.9437
27.6253
36.8927
46.4679
56.4957
67.1694
77.4495
86.9696
95.6365
103.765
110.863
116.939
121.933
126.445
129.638
132.41
134.178
135.324
135.632
135.832
135.172
134.284
133.185
131.357
129.877
128.003
126.326
124.594
122.682
120.668
118.687
116.595
114.552
112.261
109.918
106.982
104.295
101.135
97.8154
94.6781
90.4718
86.4807
82.1539
77.877
73.2192
68.6245
63.9911
59.3315
54.5608
49.7886
45.0697
40.6445
36.3762
32.0502
28.0463
24.2002
20.957
17.67
14.6461
11.9937
9.64519
7.63846
5.92726
4.56376
3.46623
2.74121
2.15686
1.94482
2.12495
2.41749
3.0048
3.73135
4.74193
5.8171
7.21091
8.53403
10.3361
11.8224
13.7743
15.5058
17.9219
19.3533
22.1628
23.352
20.6499
18.9559
17.5585
13.5932
10.6521
6.93453
4.33884
2.06671
1.17207
1.27948
2.98268
7.1154
11.9795
18.8506
27.5348
36.7555
46.3408
56.4325
67.0957
77.3881
86.9182
95.5887
103.731
110.842
116.926
121.925
126.447
129.644
132.416
134.192
135.344
135.65
135.851
135.191
134.3
133.203
131.372
129.89
128.012
126.333
124.605
122.693
120.676
118.698
116.608
114.567
112.274
109.935
106.998
104.308
101.163
97.8244
94.6907
90.4836
86.4978
82.1713
77.896
73.2352
68.6379
64.0064
59.3484
54.5766
49.8007
45.0793
40.6552
36.3872
32.0576
28.0516
24.206
20.9649
17.6761
14.6498
11.9966
9.64707
7.63954
5.9276
4.56345
3.46517
2.73899
2.15339
1.94193
2.12273
2.41505
3.00239
3.72902
4.73984
5.81508
7.2092
8.53273
10.3349
11.8199
13.7724
15.5046
17.9206
19.3517
22.1614
23.3517
20.6797
18.9966
17.6469
13.684
10.7223
6.9798
4.3621
2.06194
1.13808
1.2178
2.8964
6.99387
11.8341
18.7351
27.4027
36.5459
46.1496
56.3412
66.9921
77.2982
86.8426
95.5193
103.679
110.807
116.906
121.914
126.449
129.65
132.424
134.21
135.371
135.675
135.877
135.215
134.322
133.228
131.393
129.908
128.026
126.343
124.618
122.709
120.688
118.713
116.628
114.585
112.291
109.962
107.025
104.334
101.207
97.8561
94.6888
90.5009
86.5219
82.1961
77.9224
73.2581
68.6581
64.0289
59.3723
54.599
49.8186
45.0945
40.6712
36.4029
32.0689
28.0605
24.2153
20.9759
17.6844
14.6553
12.0007
9.64963
7.64084
5.92773
4.56254
3.46307
2.73524
2.14835
1.93753
2.11871
2.41067
2.99802
3.72475
4.73592
5.81129
7.2059
8.52995
10.332
11.8154
13.769
15.502
17.9181
19.349
22.1593
23.3509
20.7159
19.0399
17.7566
13.7975
10.8101
7.03713
4.39115
2.05529
1.0943
1.14017
2.78667
6.83106
11.6498
18.5925
27.2164
36.2661
45.9364
56.2191
66.8531
77.1742
86.7372
95.4237
103.606
110.754
116.873
121.895
126.449
129.657
132.433
134.231
135.403
135.706
135.907
135.244
134.349
133.259
131.418
129.931
128.044
126.355
124.635
122.729
120.706
118.734
116.652
114.607
112.316
110.002
107.067
104.376
101.266
97.9045
94.6935
90.5253
86.5546
82.2298
77.9578
73.2897
68.6868
64.0601
59.4047
54.6293
49.8436
45.1167
40.6937
36.4243
32.0849
28.0741
24.2291
20.9905
17.6952
14.6628
12.0062
9.65294
7.64231
5.92747
4.56074
3.45956
2.72952
2.1414
1.93118
2.11226
2.40368
2.99103
3.71791
4.72954
5.80511
7.2004
8.52508
10.3268
11.8086
13.7638
15.4974
17.9139
19.3448
22.1562
23.3494
20.7594
19.0849
17.8862
13.9333
10.9163
7.10782
4.42716
2.0478
1.04146
1.04688
2.65335
6.62743
11.4327
18.4159
26.9658
35.9303
45.7034
56.0582
66.673
77.0098
86.5958
95.2962
103.504
110.677
116.823
121.866
126.442
129.661
132.441
134.253
135.438
135.743
135.942
135.277
134.381
133.297
131.449
129.959
128.067
126.371
124.657
122.755
120.729
118.762
116.682
114.634
112.351
110.057
107.125
104.432
101.335
97.9534
94.706
90.5589
86.5978
82.2743
78.004
73.3317
68.726
64.1018
59.4473
54.6692
49.8775
45.1474
40.7241
36.4524
32.1069
28.0933
24.2484
21.0095
17.7091
14.6728
12.0134
9.65709
7.6439
5.92667
4.55779
3.45428
2.72143
2.13214
1.92242
2.10277
2.39347
2.98078
3.70786
4.72009
5.79594
7.19215
8.51757
10.3185
11.7989
13.7564
15.4903
17.9076
19.339
22.1522
23.3471
20.8104
19.1312
18.033
14.0897
11.0408
7.19325
4.47164
2.04129
0.981357
0.939403
2.49778
6.38634
11.1845
18.1973
26.6482
35.552
45.4348
55.8509
66.4462
76.7989
86.4118
95.1308
103.368
110.57
116.75
121.821
126.423
129.657
132.444
134.272
135.475
135.781
135.979
135.314
134.418
133.34
131.486
129.994
128.095
126.392
124.684
122.787
120.76
118.796
116.719
114.669
112.399
110.129
107.201
104.5
101.411
98.0037
94.7273
90.6042
86.6534
82.3319
78.063
73.3863
68.778
64.1563
59.5021
54.7205
49.922
45.1886
40.7641
36.4886
32.1361
28.1196
24.2744
21.0335
17.7266
14.6858
12.0225
9.66228
7.64567
5.92526
4.5535
3.44697
2.71063
2.12026
1.91084
2.08974
2.37951
2.96675
3.69408
4.70703
5.7833
7.18065
8.50696
10.3068
11.786
13.7466
15.4802
17.8989
19.3313
22.1469
23.3437
20.8684
19.1794
18.192
14.2629
11.1825
7.2945
4.52631
2.03837
0.916874
0.820445
2.32292
6.11323
10.9052
17.9303
26.2683
35.1392
45.1212
55.5908
66.1671
76.535
86.1781
94.9209
103.189
110.423
116.645
121.75
126.384
129.64
132.437
134.283
135.507
135.819
136.017
135.353
134.46
133.388
131.529
130.035
128.129
126.419
124.717
122.825
120.8
118.841
116.765
114.714
112.461
110.216
107.291
104.577
101.492
98.0638
94.7601
90.6638
86.7238
82.4049
78.1369
73.4559
68.8454
64.2257
59.5711
54.7851
49.9791
45.2422
40.8152
36.5342
32.1739
28.1542
24.3083
21.063
17.748
14.7023
12.034
9.6687
7.64771
5.92323
4.54779
3.4375
2.69693
2.10558
1.89622
2.07281
2.36145
2.94857
3.67621
4.69001
5.76682
7.16555
8.49293
10.2914
11.7696
13.734
15.4671
17.8876
19.3215
22.1403
23.3388
20.9315
19.232
18.3553
14.4462
11.3384
7.41191
4.59267
2.04208
0.851639
0.693786
2.13295
5.81457
10.5955
17.6114
25.8353
34.696
44.7568
55.2718
65.8301
76.2116
85.8871
94.6589
102.959
110.227
116.498
121.645
126.316
129.601
132.412
134.279
135.53
135.85
136.051
135.394
134.505
133.438
131.58
130.083
128.17
126.455
124.758
122.872
120.852
118.896
116.821
114.772
112.54
110.316
107.395
104.661
101.581
98.1384
94.8078
90.7406
86.8114
82.4957
78.2282
73.5432
68.931
64.3125
59.6561
54.8647
50.0508
45.3102
40.8792
36.5903
32.2216
28.1984
24.3511
21.0988
17.7739
14.7226
12.0481
9.67663
7.65021
5.92071
4.54069
3.42587
2.6803
2.0881
1.87851
2.05187
2.33915
2.92608
3.65407
4.66884
5.74634
7.14661
8.47527
10.2719
11.7496
13.7185
15.4506
17.8732
19.3092
22.1321
23.3323
20.996
19.2937
18.5109
14.63
11.5029
7.54433
4.67125
2.05528
0.789283
0.56362
1.9325
5.49649
10.257
17.2406
25.359
34.2231
44.3372
54.8876
65.4293
75.8215
85.5302
94.3363
102.667
109.972
116.298
121.494
126.203
129.525
132.357
134.25
135.533
135.87
136.077
135.432
134.55
133.488
131.636
130.137
128.218
126.502
124.809
122.928
120.917
118.965
116.891
114.844
112.632
110.424
107.51
104.756
101.681
98.231
94.8741
90.8377
86.9188
82.607
78.339
73.6506
69.0373
64.4187
59.7591
54.961
50.1388
45.3944
40.9573
36.6578
32.2803
28.2533
24.4039
21.141
17.8046
14.7473
12.0652
9.68639
7.65341
5.9179
4.53238
3.41226
2.66089
2.06802
1.85786
2.02697
2.31268
2.89931
3.62764
4.64344
5.72177
7.12368
8.45384
10.2483
11.7261
13.7001
15.4306
17.8557
19.2943
22.1219
23.3237
21.0567
19.3698
18.6432
14.8008
11.6667
7.68781
4.76036
2.07934
0.732132
0.432994
1.72521
5.16311
9.89208
16.8193
24.8453
33.7183
43.8581
54.4315
64.9581
75.3572
85.0982
93.9432
102.304
109.646
116.03
121.281
126.03
129.399
132.257
134.182
135.503
135.866
136.085
135.46
134.59
133.533
131.698
130.197
128.275
126.561
124.87
122.995
120.997
119.048
116.975
114.931
112.739
110.537
107.636
104.865
101.797
98.3447
94.9628
90.9582
87.0483
82.741
78.4714
73.7809
69.1671
64.5464
59.8814
55.0756
50.245
45.4965
41.0506
36.7377
32.3512
28.32
24.4673
21.1898
17.8403
14.7766
12.0856
9.69829
7.65763
5.91511
4.52313
3.39697
2.63896
2.04564
1.83455
1.99831
2.28222
2.86839
3.597
4.61381
5.69308
7.09663
8.42849
10.2205
11.6987
13.6784
15.4068
17.8346
19.2764
22.1095
23.3125
21.1099
19.4596
18.7318
14.9416
11.815
7.83377
4.85401
2.11191
0.678939
0.301359
1.51121
4.81492
9.50002
16.3478
24.2946
33.176
43.3144
53.896
64.4091
74.81
84.5811
93.4686
101.857
109.236
115.681
120.993
125.781
129.203
132.093
134.057
135.422
135.823
136.06
135.468
134.616
133.567
131.759
130.26
128.341
126.633
124.943
123.076
121.093
119.149
117.076
115.034
112.857
110.655
107.774
104.992
101.931
98.4824
95.0775
91.1048
87.2023
82.9002
78.6275
73.9362
69.3223
64.697
60.0244
55.2095
50.3706
45.6177
41.16
36.8304
32.4353
28.3992
24.5419
21.2451
17.8812
14.811
12.1097
9.71273
7.66323
5.91271
4.51327
3.38034
2.61488
2.02137
1.80889
1.96612
2.24799
2.83344
3.5622
4.57989
5.66016
7.0652
8.39897
10.188
11.6675
13.6532
15.3791
17.8095
19.255
22.0944
23.2981
21.1565
19.5474
18.7481
15.0306
11.9255
7.96604
4.93872
2.14351
0.621195
0.16093
1.28306
4.44529
9.07355
15.8221
23.6998
32.5857
42.6991
53.2725
63.7736
74.1708
83.9679
92.901
101.314
108.729
115.236
120.613
125.437
128.921
131.848
133.855
135.269
135.722
135.981
135.438
134.612
133.576
131.812
130.319
128.414
126.714
125.028
123.173
121.208
119.268
117.197
115.155
112.988
110.78
107.927
105.139
102.088
98.6468
95.2214
91.2803
87.3826
83.0864
78.8087
74.1189
69.5048
64.8719
60.1887
55.3637
50.517
45.7592
41.286
36.9366
32.5334
28.4916
24.6279
21.3068
17.9276
14.8506
12.1377
9.7301
7.67058
5.91107
4.50312
3.36275
2.58899
1.99554
1.78113
1.93055
2.21014
2.79448
3.52318
4.54148
5.62277
7.029
8.36482
10.1505
11.6319
13.624
15.3469
17.7798
19.2295
22.0761
23.2797
21.2041
19.6039
18.6535
15.0396
11.9658
8.05692
4.98857
2.1515
0.536756
-0.00997348
1.01953
4.03464
8.59423
15.2293
23.044
31.9314
42.0015
52.5515
63.042
73.429
83.2475
92.2289
100.663
108.114
114.68
120.125
124.981
128.536
131.503
133.554
135.02
135.537
135.825
135.343
134.555
133.544
131.841
130.362
128.485
126.798
125.119
123.283
121.343
119.408
117.341
115.297
113.134
110.916
108.098
105.31
102.268
98.8403
95.3973
91.4866
87.5906
83.3011
79.0165
74.3307
69.7156
65.0716
60.3749
55.5389
50.6849
45.9217
41.4291
37.0569
32.6464
28.5976
24.7254
21.375
17.98
14.8961
12.1702
9.75084
7.68008
5.91057
4.493
3.34451
2.56158
1.96842
1.75137
1.89161
2.16863
2.75134
3.47969
4.49815
5.58041
6.98736
8.32539
10.1071
11.5914
13.5901
15.3096
17.745
19.1994
22.054
23.2564
21.2581
19.5868
18.4026
14.9296
11.8886
8.06101
4.95863
2.09236
0.381684
-0.255019
0.677316
3.54246
8.02666
14.5407
22.2994
31.1901
41.2063
51.7206
62.2013
72.5738
82.4094
91.4417
99.8958
107.383
114.002
119.517
124.401
128.031
131.042
133.141
134.653
135.244
135.564
135.156
134.415
133.442
131.821
130.369
128.539
126.875
125.208
123.402
121.494
119.571
117.513
115.465
113.3
111.067
108.291
105.507
102.476
99.0645
95.6071
91.725
87.8274
83.5452
79.2516
74.5727
69.9552
65.2964
60.5832
55.7357
50.8751
46.1057
41.5897
37.192
32.7753
28.7176
24.8347
21.4498
18.039
14.9478
12.2076
9.77548
7.69216
5.91158
4.48318
3.3259
2.53288
1.94013
1.71952
1.8491
2.12324
2.70361
3.43125
4.44923
5.53238
6.93942
8.27982
10.057
11.5453
13.5506
15.2666
17.7042
19.1638
22.0273
23.227
21.2954
19.4302
17.9425
14.6443
11.6282
7.90813
4.77657
1.89146
0.0797378
-0.651039
0.179318
2.89692
7.30811
13.7044
21.4221
30.3216
40.2854
50.7593
61.2353
71.5933
81.4438
90.5287
99.0015
106.525
113.192
118.778
123.686
127.396
130.45
132.6
134.155
134.824
135.173
134.845
134.159
133.235
131.715
130.307
128.549
126.919
125.278
123.516
121.655
119.756
117.717
115.666
113.494
111.242
108.509
105.731
102.711
99.32
95.8513
91.9957
88.0928
83.8189
79.5143
74.8451
70.2231
65.5463
60.8136
55.9545
51.0878
46.3111
41.7678
37.3428
32.9208
28.8517
24.9556
21.5316
18.1054
15.0063
12.2503
9.80444
7.70716
5.9144
4.47383
3.3071
2.503
1.91058
1.68525
1.80265
2.07355
2.6507
3.37718
4.39383
5.47776
6.88406
8.22705
9.99902
11.4927
13.5044
15.2169
17.6563
19.1219
21.9951
23.19
21.2318
19.0349
17.2116
14.103
11.0963
7.49567
4.33322
1.43056
-0.491524
-1.32339
-0.599616
1.98112
6.3319
12.6313
20.3351
29.2601
39.1935
49.6381
60.1204
70.4703
80.337
89.4763
97.9685
105.531
112.239
117.897
122.825
126.619
129.715
131.922
133.513
134.264
134.64
134.388
133.761
132.89
131.486
130.133
128.471
126.893
125.297
123.601
121.809
119.955
117.953
115.907
113.725
111.451
108.758
105.984
102.973
99.6058
96.1283
92.2966
88.3854
84.1207
79.8032
75.1466
70.5172
65.8196
61.0651
56.1946
51.3222
46.5368
41.9632
37.5095
33.0829
28.9993
25.0876
21.6204
18.1798
15.0717
12.2985
9.8379
7.72516
5.91908
4.46492
3.28808
2.47184
1.87942
1.64797
1.75169
2.01892
2.59176
3.31658
4.33086
5.41545
6.81998
8.16588
9.93194
11.4324
13.4502
15.1594
17.6002
19.0725
21.9567
23.1437
20.8969
18.2813
16.1412
13.2011
10.1824
6.68555
3.47625
0.538119
-1.51315
-2.46003
-1.84747
0.617653
4.93582
11.1861
18.9243
27.9134
37.8606
48.3072
58.8148
69.1726
79.0639
88.2607
96.7764
104.383
111.128
116.857
121.805
125.683
128.822
131.089
132.716
133.549
133.952
133.772
133.202
132.379
131.097
129.809
128.258
126.749
125.218
123.614
121.921
120.148
118.211
116.186
114.001
111.701
109.04
106.264
103.259
99.9176
96.4337
92.6229
88.7011
84.4467
80.1151
75.4732
70.8334
66.1132
61.3353
56.4542
51.5761
46.7804
42.174
37.6912
33.2603
29.1585
25.2292
21.7156
18.2617
15.1432
12.3517
9.87529
7.74561
5.92508
4.45586
3.26831
2.43882
1.84578
1.60664
1.69525
1.95836
2.52562
3.24826
4.25896
5.34411
6.74569
8.09498
9.85436
11.3633
13.3865
15.0931
17.5346
19.0145
21.9108
23.086
20.0071
17.0648
14.6625
11.8303
8.76718
5.31808
2.01895
-1.00463
-3.22163
-4.31113
-3.81589
-1.43224
2.90307
9.18504
17.0344
26.1514
36.1789
46.6812
57.2487
67.6422
77.5758
86.8375
95.3859
103.043
109.827
115.628
120.6
124.562
127.744
130.076
131.741
132.656
133.091
132.978
132.466
131.688
130.519
129.298
127.866
126.441
124.993
123.498
121.937
120.287
118.458
116.485
114.314
111.99
109.352
106.568
103.562
100.245
96.7571
92.9658
89.0322
84.7891
80.4429
75.8168
71.1639
66.4207
61.6188
56.728
51.8439
47.0367
42.3964
37.8845
33.4486
29.325
25.3765
21.8152
18.3493
15.2185
12.4077
9.91471
7.76674
5.93078
4.44515
3.24641
2.40262
1.80806
1.55961
1.63192
1.89045
2.45074
3.17072
4.17648
5.26219
6.65948
8.01286
9.76474
11.2841
13.3116
15.0168
17.4581
18.9468
21.8566
23.0146
18.3324
15.2995
12.7433
9.92995
6.76318
3.2556
-0.220368
-3.42519
-5.87683
-7.15639
-6.78546
-4.43367
-0.00315227
6.42682
14.4942
23.8308
34.0276
44.6566
55.3326
65.7999
75.8007
85.1377
93.7322
101.448
108.279
114.153
119.158
123.199
126.43
128.829
130.537
131.533
132.012
131.969
131.52
130.79
129.729
128.575
127.254
125.924
124.578
123.203
121.792
120.302
118.626
116.748
114.62
112.291
109.671
106.877
103.867
100.569
97.0799
93.3068
89.3635
85.1334
80.7736
76.163
71.4955
66.7306
61.9059
57.0065
52.1159
47.2961
42.6229
38.083
33.6417
29.4925
25.5241
21.9154
18.4389
15.2941
12.4638
9.95361
7.78638
5.93432
4.43119
3.22092
2.3619
1.76465
1.50535
1.56047
1.81394
2.36576
3.08262
4.08197
5.16829
6.55978
7.91819
9.66167
11.1934
13.2238
14.9293
17.3692
18.868
21.7926
22.9266
15.8836
13.0908
10.544
7.66132
4.28585
0.554486
-3.25589
-6.79474
-9.58921
-11.1238
-10.882
-8.49566
-3.86448
2.85483
11.2642
20.9233
31.3774
42.1966
53.0217
63.5955
73.6798
83.094
91.742
99.5199
106.404
112.346
117.392
121.506
124.787
127.253
129.011
130.085
130.619
130.651
130.278
129.612
128.657
127.58
126.372
125.144
123.914
122.678
121.424
120.113
118.62
116.874
114.831
112.532
109.943
107.147
104.134
100.856
97.3719
93.616
89.6682
85.4519
81.0827
76.4866
71.8062
67.0231
62.1787
57.272
52.3749
47.5427
42.84
38.2743
33.8259
29.6498
25.6613
22.0081
18.5215
15.3617
12.5125
9.9851
7.79839
5.93005
4.40898
3.18701
2.31235
1.71106
1.43971
1.4774
1.72528
2.26743
2.98074
3.97245
5.0594
6.44388
7.80825
9.54277
11.0889
13.1203
14.828
17.2654
18.7756
21.7167
22.8174
13.8514
11.4342
9.02098
6.00341
2.27837
-1.84187
-6.14316
-10.1498
-13.3759
-15.2021
-15.0711
-12.5859
-7.68712
-0.614964
8.16302
18.1463
28.8478
39.842
50.797
61.4649
71.6194
81.0961
89.7982
97.6344
104.573
110.577
115.675
119.855
123.195
125.726
127.543
128.693
129.291
129.401
129.111
128.524
127.67
126.683
125.583
124.457
123.336
122.217
121.092
119.918
118.554
116.913
114.948
112.691
110.134
107.346
104.332
101.062
97.5766
93.8237
89.8667
85.6514
81.2718
76.6786
71.9844
67.1831
62.3203
57.4046
52.5
47.6565
42.9309
38.3454
33.8901
29.6939
25.6895
22.0051
18.512
15.3424
12.4806
9.94186
7.74242
5.86367
4.33105
3.10213
2.21757
1.6149
1.3355
1.36115
1.60619
2.14209
2.85402
3.84095
4.93001
6.31
7.68132
9.40976
10.9706
13.0039
14.715
17.1515
18.6719
21.6342
22.6911
13.0741
10.925
8.62321
5.48155
1.31908
-3.24165
-8.07433
-12.5392
-16.1717
-18.2555
-18.2134
-15.6348
-10.5196
-3.18441
5.84189
16.0245
26.8661
37.9514
48.9711
59.6853
69.8811
79.3991
88.1434
96.0293
103.021
109.084
114.24
118.488
121.892
124.492
126.375
127.598
128.266
128.453
128.245
127.74
126.98
126.08
125.075
124.04
123.007
121.975
120.935
119.842
118.548
116.974
115.067
112.846
110.315
107.531
104.509
101.232
97.73
93.9644
89.9875
85.76
81.3604
76.7563
72.0416
67.2187
62.3348
57.4056
52.4896
47.6338
42.8895
38.2881
33.8262
29.6146
25.6001
21.8948
18.3995
15.225
12.3575
9.81409
7.6089
5.72635
4.18885
2.95904
2.07073
1.47052
1.18816
1.20765
1.45373
1.98703
2.70103
3.68598
4.77994
6.15736
7.53806
9.26185
10.839
12.8729
14.5907
17.0246
18.5569
21.5404
22.5498
13.2798
11.2781
9.00586
5.80098
1.10431
-3.90821
-9.28364
-14.1645
-18.1552
-20.4351
-20.4373
-17.7588
-12.4753
-4.96882
4.18859
14.4516
25.3327
36.4307
47.459
58.1798
68.3844
77.9222
86.696
94.6232
101.664
107.785
113.001
117.318
120.791
123.465
125.422
126.725
127.473
127.744
127.624
127.206
126.543
125.734
124.823
123.876
122.923
121.962
120.981
119.931
118.67
117.13
115.252
113.049
110.526
107.734
104.694
101.395
97.8644
94.0729
90.0647
85.8117
81.3818
76.7554
72.0131
67.1638
62.2554
57.3084
52.3775
47.5077
42.7467
38.1314
33.6635
29.4396
25.419
21.6998
18.2054
15.0299
12.1618
9.61867
7.41299
5.53182
3.99457
2.76854
1.88109
1.28646
1.00515
1.02291
1.27316
1.80674
2.52558
3.51072
4.61189
5.98824
7.38046
9.10067
10.6958
12.7291
14.4571
16.8863
18.433
21.4368
22.3957
14.1323
12.2554
9.919
6.76874
1.43224
-4.02908
-9.93792
-15.1721
-19.456
-21.8565
-21.8577
-19.0854
-13.6973
-6.1191
3.0589
13.3023
24.1407
35.1932
46.1914
56.8939
67.0882
76.6353
85.4335
93.3998
100.49
106.671
111.953
116.342
119.892
122.648
124.688
126.079
126.916
127.279
127.253
126.93
126.366
125.652
124.833
123.97
123.088
122.184
121.242
120.206
118.95
117.414
115.538
113.329
110.797
107.982
104.91
101.575
98.0023
94.1704
90.1183
85.827
81.3567
76.6976
71.9207
67.0398
62.1026
57.1337
52.1846
47.2993
42.5225
37.8943
33.421
29.1875
25.1639
21.4359
17.9454
14.7722
11.9077
9.36896
7.16716
5.29152
3.75865
2.54005
1.65719
1.07082
0.793817
0.813273
1.07015
1.60625
2.33205
3.31894
4.42911
5.80538
7.2108
8.92804
10.5424
12.5736
14.3151
16.737
18.301
21.323
22.2286
15.3296
13.6005
11.1362
8.1987
2.11397
-3.78051
-10.1999
-15.7174
-20.2216
-22.6711
-22.6422
-19.8018
-14.3827
-6.82696
2.28126
12.4332
23.1744
34.1499
45.099
55.7689
65.948
75.5044
84.3301
92.3401
99.4859
105.734
111.089
115.559
119.195
122.041
124.174
125.663
126.599
127.063
127.14
126.918
126.456
125.838
125.109
124.325
123.504
122.643
121.722
120.677
119.403
117.844
115.944
113.708
111.145
108.292
105.173
101.787
98.1581
94.2719
90.1636
85.822
81.3015
76.6001
71.7815
66.8635
61.8934
56.8985
51.9283
47.0258
42.2335
37.5931
33.1149
28.8741
24.8498
21.1173
17.6332
14.4653
11.6078
9.07699
6.88267
5.01597
3.49087
2.28256
1.40725
0.831163
0.560975
0.584681
0.849993
1.39018
2.12448
3.11414
4.23463
5.61133
7.03128
8.74554
10.3804
12.4074
14.1658
16.5769
18.1618
21.198
22.0495
16.6397
15.0914
12.4737
9.9437
3.02719
-3.28171
-10.1821
-15.9101
-20.5631
-23.0126
-22.9524
-20.0914
-14.7188
-7.26619
1.70533
11.7184
22.3322
33.2191
44.1146
54.7495
64.9204
74.4948
83.358
91.4221
98.6344
104.96
110.399
114.961
118.692
121.64
123.877
125.474
126.518
127.093
127.279
127.164
126.807
126.285
125.643
124.931
124.161
123.328
122.409
121.337
120.024
118.419
116.473
114.189
111.577
108.669
105.488
102.037
98.339
94.3858
90.2102
85.8078
81.2284
76.4765
71.6099
66.65
61.6431
56.6191
51.6253
46.7042
41.8966
37.2448
32.7623
28.5162
24.4933
20.7598
17.284
14.1239
11.2762
8.75614
6.57208
4.71696
3.20216
2.00617
1.14049
0.576008
0.314316
0.343962
0.618744
1.16392
1.90756
2.90041
4.03189
5.40905
6.84419
8.55507
10.2111
12.2315
14.0098
16.4061
18.0157
21.06
21.8598
17.9006
16.575
13.817
11.917
4.13319
-2.59264
-9.93583
-15.8088
-20.5616
-23.0006
-22.9405
-20.1243
-14.8735
-7.58808
1.20316
11.0512
21.5301
32.3326
43.1794
53.7885
63.9666
73.5743
82.4905
90.6234
97.9164
104.332
109.868
114.535
118.374
121.434
123.787
125.501
126.664
127.356
127.659
127.654
127.402
126.975
126.413
125.765
125.036
124.217
123.282
122.167
120.796
119.127
117.115
114.765
112.087
109.109
105.853
102.324
98.5463
94.5155
90.2636
85.7918
81.1465
76.3375
71.4182
66.4125
61.3661
56.3106
51.2919
46.3516
41.5291
36.8667
32.3807
28.1311
24.1113
20.3793
16.9137
13.7634
10.9274
8.42011
6.24825
4.40654
2.9037
1.72113
0.866222
0.313842
0.0614664
0.0978523
0.382339
0.932678
1.68574
2.68161
3.824
5.20119
6.65144
8.35819
10.0353
12.0468
13.8469
16.2243
17.8624
20.9068
21.6608
19.0202
17.9601
15.1229
14.0706
5.42563
-1.72885
-9.47358
-15.4505
-20.2912
-22.7476
-22.744
-20.0455
-14.9825
-7.90993
0.677699
10.3521
20.7052
31.4381
42.2479
52.8496
63.0557
72.7161
81.7039
89.923
97.3128
103.834
109.482
114.265
118.225
121.409
123.886
125.727
127.016
127.832
128.254
128.362
128.214
127.876
127.389
126.795
126.093
125.275
124.308
123.136
121.694
119.945
117.853
115.423
112.664
109.603
106.26
102.644
98.777
94.6606
90.3257
85.7784
81.0623
76.1918
71.2166
66.1631
61.0757
55.9877
50.9434
45.9839
41.1475
36.4755
31.987
27.7355
23.7204
19.992
16.5377
13.3986
10.5757
8.08215
5.92367
4.09634
2.60623
1.43728
0.593296
0.0526469
-0.190492
-0.147434
0.146152
0.701125
1.46286
2.46102
3.61346
4.98987
6.4542
8.15586
9.85277
11.8532
13.6761
16.031
17.7003
20.7359
21.4528
19.96
19.2106
16.3954
16.3452
6.8869
-0.69509
-8.80732
-14.8768
-19.8235
-22.351
-22.4715
-19.9599
-15.1363
-8.30409
0.0726315
9.57941
19.8261
30.5087
41.2985
51.9154
62.1716
71.9046
80.9823
89.3041
96.8056
103.445
109.217
114.128
118.218
121.534
124.145
126.119
127.539
128.482
129.024
129.242
129.193
128.939
128.516
127.965
127.279
126.447
125.436
124.198
122.676
120.839
118.656
116.135
113.286
110.132
106.694
102.984
99.022
94.8158
90.3947
85.7691
80.9805
76.047
71.0154
65.9139
60.786
55.6661
50.5971
45.6196
40.7706
36.0907
31.6009
27.3491
23.3398
19.6168
16.1744
13.0471
10.2377
7.75807
5.61327
3.80035
2.32278
1.16654
0.332519
-0.197789
-0.432812
-0.384144
-0.0830512
0.475186
1.24388
2.24291
3.40351
4.77782
6.25407
7.94944
9.66364
11.6512
13.4956
15.8258
17.5264
20.5456
21.2348
20.7167
20.3223
17.6812
18.625
8.46718
0.487205
-7.96346
-14.1417
-19.23
-21.8932
-22.2041
-19.9375
-15.389
-8.80904
-0.639017
8.71769
18.8828
29.5349
40.3257
50.9818
61.309
71.1334
80.3173
88.7561
96.3814
103.15
109.054
114.1
118.327
121.781
124.529
126.639
128.19
129.259
129.919
130.243
130.285
130.104
129.735
129.213
128.531
127.675
126.612
125.302
123.696
121.766
119.489
116.87
113.924
110.672
107.135
103.327
99.2695
94.973
90.4664
85.7634
80.9038
75.909
70.823
65.6759
60.51
55.3606
50.2693
45.2759
40.4166
35.7308
31.2411
26.9906
22.9882
19.2718
15.8412
12.7258
9.92946
7.46296
5.3312
3.53176
2.06548
0.919877
0.0938524
-0.428493
-0.657547
-0.605286
-0.29927
0.260061
1.03297
2.03083
3.19658
4.56709
6.05165
7.73963
9.46653
11.4408
13.3016
15.6093
17.333
20.3398
20.995
21.3101
21.3056
19.0168
20.7689
10.1026
1.79615
-6.97622
-13.3242
-18.6232
-21.5143
-22.0979
-20.1368
-15.8946
-9.57141
-1.59518
7.64148
17.7595
28.4122
39.2418
49.9766
60.4119
70.3627
79.6859
88.2724
96.0505
102.975
109.037
114.242
118.627
122.237
125.138
127.396
129.089
130.291
131.072
131.501
131.631
131.517
131.191
130.687
129.996
129.102
127.976
126.583
124.881
122.846
120.461
117.732
114.674
111.31
107.662
103.744
99.5801
95.1829
90.5814
85.7919
80.8532
75.7891
70.642
65.443
60.2337
55.0498
49.9319
44.9188
40.0462
35.352
30.8599
26.6095
22.6122
18.902
15.482
12.3777
9.5939
7.14038
5.02187
3.23593
1.78085
0.645532
-0.172015
-0.686289
-0.908958
-0.852289
-0.541265
0.0201962
0.797163
1.79523
2.96531
4.33414
5.82475
7.50883
9.24353
11.2114
13.0783
15.3813
17.0988
20.1408
20.7003
21.7717
22.2061
20.3464
22.7245
11.7505
3.20568
-5.88909
-12.5106
-18.1197
-21.3511
-22.296
-20.6952
-16.7799
-10.7081
-2.9019
6.25421
16.3667
27.0629
37.9812
48.8454
59.4369
69.5605
79.0671
87.8434
95.8145
102.934
109.189
114.587
119.161
122.957
126.036
128.466
130.318
131.666
132.577
133.116
133.335
133.284
132.993
132.496
131.783
130.835
129.629
128.134
126.317
124.158
121.645
118.786
115.598
112.104
108.325
104.279
99.9904
95.4746
90.761
85.8685
80.8353
75.6874
70.466
65.2031
59.9395
54.7113
49.5581
44.518
39.6259
34.9183
30.4196
26.1664
22.1721
18.4669
15.0564
11.9629
9.19202
6.75292
4.64937
2.87784
1.4352
0.312334
-0.494057
-0.997815
-1.21138
-1.14733
-0.82871
-0.262082
0.521367
1.5227
2.69905
4.0693
5.56701
7.25042
8.99289
10.9579
12.8306
15.1331
16.8447
19.9191
20.3995
22.1344
23.1045
21.513
24.5732
13.41
4.70442
-4.73468
-11.7486
-17.7764
-21.4551
-22.838
-21.6382
-18.0602
-12.2288
-4.56306
4.55272
14.701
25.486
36.5425
47.5849
58.3783
68.7182
78.4488
87.4532
95.6533
103.001
109.482
115.103
119.894
123.899
127.179
129.796
131.823
133.327
134.373
135.025
135.329
135.336
135.071
134.569
133.821
132.806
131.505
129.895
127.949
125.65
122.994
119.991
116.657
113.017
109.093
104.906
100.479
95.8321
90.9945
85.9877
80.8494
75.6079
70.3032
64.9682
59.6433
54.3643
49.1702
44.0982
39.1824
34.4583
29.9501
25.6921
21.6991
17.998
14.5956
11.5126
8.75541
6.33145
4.24246
2.48464
1.05507
-0.0542033
-0.84832
-1.34058
-1.54392
-1.47122
-1.144
-0.570896
0.21987
1.22575
2.40884
3.78185
5.28649
6.97076
8.72009
10.6843
12.5614
14.8658
16.5703
19.675
20.0867
22.4247
24.0774
22.3715
26.4438
15.1238
6.29929
-3.53987
-11.0743
-17.6407
-21.8701
-23.7595
-22.993
-19.7573
-14.1525
-6.59415
2.52078
12.7477
23.6698
34.9154
46.1853
57.2271
67.8268
77.8222
87.0929
95.558
103.168
109.907
115.779
120.814
125.053
128.552
131.375
133.587
135.256
136.442
137.206
137.593
137.65
137.403
136.882
136.087
134.991
133.584
131.846
129.757
127.307
124.494
121.331
117.838
114.039
109.958
105.617
101.041
96.2516
91.2796
86.1485
80.8963
75.5526
70.157
64.7429
59.3502
54.015
48.775
43.6668
38.7238
33.9801
29.4599
25.195
21.2009
17.5026
14.1083
11.0361
8.2921
5.88211
3.8066
2.06247
0.646877
-0.44823
-1.2294
-1.70953
-1.90188
-1.81964
-1.48315
-0.902623
-0.104011
0.907304
2.09733
3.47407
4.98533
6.67157
8.4268
10.3917
12.2717
14.58
16.2759
19.409
19.7603
22.6574
25.1594
22.9139
28.4256
16.972
8.01822
-2.32112
-10.516
-17.7501
-22.6306
-25.0895
-24.7832
-21.8918
-16.4975
-9.01244
0.140933
10.492
21.602
33.0891
44.6369
55.9746
66.8785
77.18
86.7559
95.5222
103.429
110.458
116.611
121.917
126.412
130.152
133.195
135.606
137.447
138.777
139.653
140.119
140.219
139.98
139.43
138.574
137.387
135.86
133.981
131.737
129.122
126.14
122.805
119.14
115.168
110.917
106.41
101.674
96.7314
91.6148
86.351
80.977
75.5229
70.0287
64.5285
59.0621
53.6652
48.3746
43.2259
38.252
33.4856
28.9511
24.6775
20.6805
16.984
13.5973
10.5352
7.80272
5.40537
3.34335
1.61356
0.212447
-0.868141
-1.63583
-2.10326
-2.28397
-2.19142
-1.84505
-1.25628
-0.449395
0.56809
1.76526
3.14648
4.66414
6.35315
8.11357
10.0802
11.962
14.2752
15.9619
19.1201
19.4202
22.8231
26.3066
23.2749
30.5646
19.0544
9.89685
-1.08375
-10.0947
-18.1286
-23.757
-26.8432
-27.0202
-24.4737
-19.2723
-11.8268
-2.59532
7.92758
19.2776
31.0594
42.936
54.6173
65.8698
76.5186
86.4379
95.5414
103.778
111.128
117.592
123.194
127.969
131.969
135.248
137.869
139.889
141.366
142.353
142.893
143.03
142.79
142.2
141.271
139.98
138.322
136.291
133.88
131.088
127.924
124.405
120.555
116.399
111.966
107.282
102.374
97.2688
91.9989
86.5942
81.0905
75.5187
69.9191
64.327
58.7811
53.317
47.9713
42.7786
37.7704
32.9785
28.4271
24.1431
20.142
16.4462
13.0651
10.0113
7.28979
4.90489
2.85642
1.14112
-0.245305
-1.31119
-2.06502
-2.51935
-2.68791
-2.58444
-2.22769
-1.63005
-0.814629
0.209601
1.41405
2.8003
4.32413
6.01646
7.78146
9.75033
11.6332
13.9513
15.629
18.8078
19.0661
22.892
27.4288
23.6425
32.8951
21.4758
11.9736
0.173775
-9.82374
-18.7901
-25.2582
-29.026
-29.7069
-27.5054
-22.4776
-15.0396
-5.68938
5.05444
16.6975
28.8271
41.0831
53.1553
64.8003
75.8366
86.1368
95.6125
104.212
111.914
118.716
124.64
129.716
133.994
137.523
140.364
142.57
144.195
145.292
145.903
146.069
145.818
145.178
144.164
142.758
140.959
138.765
136.175
133.196
129.838
126.123
122.076
117.725
113.1
108.228
103.139
97.8622
92.4309
86.8767
81.2354
75.5393
69.8287
64.1392
58.5088
52.973
47.568
42.3277
37.2822
32.4622
27.8912
23.5946
19.588
15.8916
12.5146
9.46819
6.75684
4.384
2.34893
0.648043
-0.723669
-1.77479
-2.51453
-2.95546
-3.1115
-2.99666
-2.62913
-2.02226
-1.19811
-0.1667
1.04509
2.43674
3.96652
5.66247
7.43153
9.40289
11.2862
13.6088
15.2779
18.4725
18.6976
22.8348
28.4591
24.1563
35.4529
24.3313
14.2886
1.45656
-9.70847
-19.7396
-27.1343
-31.6348
-32.8388
-30.9818
-26.1079
-18.6464
-9.13605
1.87837
13.8675
26.3975
39.0827
51.5923
63.6725
75.1354
85.8525
95.7338
104.727
112.81
119.977
126.246
131.645
136.216
140.009
143.078
145.475
147.251
148.456
149.132
149.32
149.05
148.349
147.239
145.709
143.758
141.391
138.613
135.434
131.872
127.95
123.696
119.14
114.312
109.243
103.966
98.5084
92.9079
87.1968
81.4113
75.585
69.7578
63.9657
58.2464
52.6351
47.1673
41.8758
36.7899
31.9391
27.3463
23.0352
19.0213
15.3229
11.9487
8.90874
6.20685
3.84559
1.82363
0.136952
-1.22014
-2.25653
-2.98207
-3.40941
-3.55268
-3.4261
-3.0476
-2.43131
-1.59827
-0.55937
0.659782
2.05704
3.59255
5.29224
7.06488
9.03869
10.922
13.2482
14.9092
18.115
18.314
22.6417
29.3711
24.8531
38.2858
27.6958
16.88
2.77162
-9.74831
-20.9732
-29.3783
-34.6597
-36.4045
-34.8908
-30.1516
-22.636
-12.9237
-1.58934
10.7983
23.7802
36.9431
49.9351
62.4913
74.418
85.5863
95.9048
105.321
113.812
121.369
128.005
133.744
138.625
142.693
145.999
148.59
150.517
151.828
152.564
152.768
152.47
151.701
150.484
148.82
146.708
144.157
141.181
137.794
134.018
129.879
125.408
120.636
115.598
110.324
104.849
99.2042
93.4275
87.5529
81.6174
75.6555
69.7069
63.8077
57.9953
52.3049
46.7707
41.4248
36.2957
31.4117
26.7949
22.4676
18.4447
14.7428
11.3703
8.33582
5.64264
3.2924
1.28316
-0.38961
-1.73226
-2.75404
-3.46536
-3.87903
-4.00935
-3.87084
-3.4814
-2.85556
-2.0135
-0.966909
0.259566
1.66254
3.20352
4.90692
6.6827
8.65868
10.5414
12.8704
14.5235
17.7364
17.915
22.3329
30.1658
25.6729
41.4502
31.6263
19.7783
4.12678
-9.93766
-22.4806
-31.9772
-38.084
-40.3864
-39.2137
-34.5905
-26.9906
-17.0346
-5.33213
7.50525
20.9886
34.6756
48.1928
61.2639
73.6894
85.3409
96.1259
105.993
114.915
122.884
129.908
136.004
141.209
145.561
149.11
151.9
153.978
155.393
156.184
156.397
156.063
155.217
153.885
152.078
149.795
147.053
143.87
140.265
136.265
131.9
127.203
122.208
116.95
111.464
105.785
99.946
93.9872
87.9435
81.8528
75.7504
69.6759
63.6656
57.7566
51.9834
46.3797
40.9766
35.8019
30.8824
26.2395
21.8942
17.8608
14.1541
10.7821
7.75217
5.06693
2.72711
0.730122
-0.929111
-2.25759
-3.26494
-3.9621
-4.36208
-4.47938
-4.32904
-3.92876
-3.29321
-2.44207
-1.3877
-0.153982
1.2547
2.80089
4.50783
6.28634
8.26405
10.1459
12.4763
14.1218
17.3382
17.5
21.9578
30.8557
26.5177
44.993
36.166
23.004
5.53001
-10.267
-24.2468
-34.9113
-41.8865
-44.7612
-43.9259
-39.4008
-31.6867
-21.4461
-9.32923
4.00699
18.039
32.294
46.377
59.9992
72.956
85.12
96.3982
106.74
116.117
124.519
131.947
138.416
143.955
148.601
152.399
155.39
157.619
159.134
159.976
160.191
159.815
158.884
157.429
155.469
153.008
150.067
146.668
142.838
138.605
134.006
129.075
123.849
118.364
112.658
106.769
100.731
94.5844
88.3667
82.1162
75.8691
69.6648
63.5398
57.5308
51.6718
45.9958
40.5329
35.3101
30.3531
25.6824
21.3175
17.2719
13.5593
10.1866
7.16035
4.48226
2.15223
0.166997
-1.47911
-2.79373
-3.78688
-4.47001
-4.85632
-4.96081
-4.79887
-4.38776
-3.74243
-2.88222
-1.82005
-0.579218
0.835081
2.3862
4.09642
5.87726
7.8561
9.73661
12.0672
13.7051
16.9224
17.069
21.5194
31.4516
27.3048
48.9414
41.3364
26.567
6.98883
-10.7226
-26.2508
-38.1542
-46.0387
-49.4969
-48.9942
-44.5499
-36.6923
-26.1279
-13.5533
0.327733
14.9523
29.8159
44.5016
58.7081
72.2254
84.9283
96.7235
107.561
117.414
126.265
134.114
140.967
146.851
151.798
155.849
159.043
161.422
163.035
163.924
164.135
163.71
162.688
161.102
158.981
156.335
153.187
149.565
145.501
141.029
136.188
131.016
125.552
119.834
113.903
107.798
101.555
95.2167
88.8206
82.4063
76.0108
69.6734
63.4304
57.3185
51.371
45.6201
40.0951
34.8222
29.8258
25.1255
20.7394
16.6804
12.9605
9.58623
6.56272
3.89101
1.57013
-0.403876
-2.03731
-3.3384
-4.31762
-4.98684
-5.3598
-5.45192
-5.27848
-4.85657
-4.20145
-3.33223
-2.2623
-1.01451
0.405241
1.96101
3.67416
5.45695
7.4362
9.31512
11.6444
13.2749
16.4906
16.6219
20.5927
31.9553
27.9818
53.2998
47.1327
30.4631
8.50948
-11.2846
-28.4602
-41.6632
-50.4905
-54.5384
-54.3583
-49.9766
-41.9467
-31.0221
-17.9513
-3.48572
11.7691
27.2751
42.5937
57.4109
71.5117
84.7734
97.1032
108.453
118.794
128.107
136.386
143.633
149.868
155.119
159.425
162.821
165.349
167.056
167.986
168.189
167.71
166.591
164.869
162.58
159.743
156.383
152.533
148.23
143.514
138.426
133.008
127.301
121.347
115.187
108.862
102.412
95.8784
89.3014
82.721
76.1749
69.7021
63.3393
57.1225
51.0847
45.2573
39.6687
34.3443
29.3071
24.5758
20.1675
16.0939
12.3658
8.98894
5.96734
3.30126
0.988852
-0.97455
-2.59586
-3.88392
-4.84961
-5.50546
-5.86582
-5.94601
-5.76131
-5.32885
-4.66419
-3.78627
-2.70889
-1.45454
-0.0297412
1.5302
3.24564
5.02988
7.00848
8.88548
11.2116
12.8347
16.0465
16.1613
21.6109
32.3235
28.5051
58.1762
53.6896
34.7484
10.097
-11.9676
-30.8964
-45.4622
-55.2659
-59.9098
-60.038
-55.6988
-47.4652
-36.1416
-22.5333
-7.44205
8.48292
24.6678
40.6512
56.1074
70.816
84.6581
97.5415
109.42
120.264
130.053
138.773
146.422
153.013
158.573
163.136
166.734
169.408
171.205
172.172
172.361
171.821
170.599
168.735
166.27
163.236
159.658
155.574
151.026
146.059
140.719
135.05
129.096
122.9
116.507
109.96
103.299
96.568
89.8077
83.0591
76.3603
69.7504
63.2661
56.9429
50.8135
44.9082
39.2548
33.8776
28.7986
24.0355
19.6039
15.5149
11.7779
8.3977
5.37737
2.71632
0.41185
-1.54143
-3.15106
-4.42643
-5.37909
-6.02235
-6.37059
-6.43907
-6.24334
-5.80058
-5.12662
-4.2403
-3.15578
-1.89525
-0.465857
1.09773
2.81484
4.59991
6.57692
8.45123
10.7731
12.3868
15.5968
15.6859
26.326
27.3415
30.3011
32.3044
35.6854
38.7315
42.9669
47.1375
51.6863
52.7958
40.4887
16.2793
-7.99057
-30.3524
-44.8205
-45.7726
-31.2052
-3.39394
33.5075
72.8949
104.171
127.497
139.122
146.155
140.643
136.814
114.592
107.958
83.1407
84.2684
53.3319
67.5268
-25.978
26.3243
27.3428
30.3019
32.3032
35.6853
38.7313
42.9666
47.1375
51.6879
52.8013
40.4969
16.2862
-7.9857
-30.3492
-44.8201
-45.7763
-31.2141
-3.41065
33.4854
72.8816
104.165
127.494
139.121
146.155
140.643
136.816
114.595
107.961
83.1442
84.2705
53.3339
67.5295
-25.9769
26.3239
27.3428
30.3017
32.3031
35.6851
38.7308
42.966
47.1371
51.6909
52.8142
40.5168
16.3033
-7.97377
-30.3421
-44.8201
-45.787
-31.2381
-3.45249
33.4223
72.8497
104.151
127.488
139.118
146.153
140.643
136.819
114.6
107.967
83.1513
84.2736
53.3374
67.5327
-25.977
26.3233
27.3425
30.3015
32.3027
35.6844
38.7296
42.9644
47.1358
51.6967
52.8403
40.5575
16.3383
-7.94947
-30.3277
-44.8204
-45.8088
-31.2861
-3.5317
33.318
72.7898
104.122
127.474
139.11
146.149
140.643
136.825
114.61
107.976
83.1632
84.2785
53.343
67.5382
-25.9777
26.3222
27.3416
30.301
32.3018
35.6828
38.7271
42.9612
47.1338
51.7072
52.8828
40.6227
16.3945
-7.91053
-30.3049
-44.8216
-45.8444
-31.3611
-3.64792
33.1788
72.7035
104.078
127.453
139.099
146.144
140.643
136.834
114.624
107.99
83.1797
84.2852
53.3511
67.5464
-25.9788
26.3201
27.3399
30.2999
32.3001
35.68
38.7227
42.9563
47.1312
51.7229
52.9407
40.7115
16.4721
-7.8562
-30.2733
-44.8242
-45.8953
-31.4646
-3.80081
33.0043
72.5915
104.018
127.423
139.084
146.138
140.645
136.847
114.643
108.007
83.2006
84.2938
53.3618
67.5575
-25.9802
26.3166
27.3375
30.2983
32.2973
35.6759
38.7165
42.9495
47.1285
51.7436
53.0131
40.8236
16.5724
-7.78493
-30.2319
-44.8286
-45.9633
-31.5989
-3.99272
32.7921
72.4525
103.941
127.383
139.063
146.13
140.647
136.863
114.665
108.028
83.2256
84.3044
53.3751
67.5715
-25.9819
26.3114
27.3345
30.2959
32.2933
35.6704
38.7084
42.9412
47.1261
51.7696
53.0996
40.96
16.6972
-7.69494
-30.1793
-44.8351
-46.0503
-31.7668
-4.22647
32.5399
72.2845
103.845
127.332
139.036
146.119
140.65
136.882
114.692
108.052
83.2547
84.3171
53.3911
67.5884
-25.9838
26.3044
27.3308
30.2927
32.2879
35.6635
38.6984
42.9314
47.1242
51.801
53.2003
41.1214
16.8483
-7.58462
-30.1148
-44.844
-46.1579
-31.9709
-4.50458
32.2456
72.0853
103.729
127.269
139.003
146.106
140.653
136.904
114.722
108.08
83.2876
84.3318
53.4099
67.6084
-25.9855
26.2954
27.3263
30.2885
32.2812
35.655
38.6866
42.9203
47.1233
51.8384
53.3154
41.3085
17.0267
-7.45271
-30.0374
-44.8556
-46.2874
-32.2128
-4.82888
31.9076
71.8529
103.59
127.191
138.961
146.089
140.656
136.928
114.755
108.11
83.324
84.3486
53.4313
67.6315
-25.9868
26.2842
27.3207
30.2831
32.2728
35.645
38.6729
42.908
47.1239
51.8822
53.4449
41.5214
17.2333
-7.29848
-29.9469
-44.8702
-46.4393
-32.4935
-5.20024
31.5252
71.5852
103.427
127.098
138.91
146.068
140.659
136.954
114.792
108.144
83.3637
84.3676
53.4554
67.6577
-25.9874
26.2709
27.314
30.2762
32.2627
35.6332
38.6574
42.8947
47.1264
51.9331
53.5891
41.7601
17.468
-7.12178
-29.8432
-44.8879
-46.6138
-32.8127
-5.61827
31.0988
71.2806
103.237
126.987
138.849
146.043
140.661
136.981
114.831
108.18
83.4062
84.3886
53.4821
67.6873
-25.9868
26.2551
27.3057
30.2676
32.2505
35.6196
38.64
42.8807
47.1313
51.9917
53.7479
42.0234
17.7299
-6.92316
-29.7268
-44.9088
-46.8099
-33.1691
-6.08123
30.6295
70.9382
103.019
126.857
138.776
146.012
140.662
137.01
114.872
108.218
83.4513
84.4118
53.5114
67.7204
-25.9844
26.2369
27.2955
30.257
32.2362
35.6041
38.6208
42.8659
47.1392
52.059
53.9212
42.3097
18.0172
-6.70374
-29.5983
-44.9329
-47.0263
-33.5599
-6.58609
30.1199
70.5574
102.771
126.706
138.689
145.974
140.66
137.038
114.915
108.258
83.4986
84.4373
53.5432
67.7574
-25.9799
26.216
27.283
30.2438
32.2194
35.5864
38.5999
42.8508
47.1506
52.1359
54.1088
42.6168
18.3275
-6.4652
-29.4587
-44.9599
-47.2608
-33.9816
-7.12861
29.5731
70.1384
102.491
126.531
138.588
145.927
140.656
137.067
114.959
108.301
83.5478
84.4651
53.5777
67.7988
-25.9725
26.1923
27.2678
30.2277
32.1998
35.5664
38.5774
42.8356
47.1661
52.2233
54.3102
42.9413
18.6576
-6.20957
-29.3093
-44.9897
-47.5109
-34.4295
-7.70359
28.9932
69.682
102.179
126.332
138.47
145.871
140.647
137.094
115.004
108.344
83.5988
84.4954
53.615
67.8449
-25.9616
26.1657
27.2491
30.2082
32.1771
35.544
38.5533
42.8203
47.186
52.3221
54.5249
43.2798
19.0037
-5.93916
-29.1512
-45.0216
-47.7734
-34.8984
-8.30514
28.385
69.1898
101.833
126.106
138.332
145.804
140.632
137.119
115.05
108.389
83.6512
84.5283
53.6551
67.8962
-25.9467
26.1363
27.2263
30.1848
32.151
35.519
38.5278
42.8053
47.2106
52.4327
54.7518
43.6279
19.3616
-5.65638
-28.9857
-45.0552
-48.0451
-35.3831
-8.92721
27.7532
68.6642
101.454
125.852
138.174
145.724
140.611
137.141
115.094
108.435
83.7048
84.5641
53.6982
67.9532
-25.9272
26.1039
27.1985
30.1569
32.1212
35.4912
38.5011
42.7907
47.2397
52.5553
54.9899
43.9812
19.7272
-5.36365
-28.8138
-45.0895
-48.3225
-35.8779
-9.56385
27.1026
68.108
101.041
125.569
137.992
145.629
140.579
137.159
115.137
108.481
83.7595
84.603
53.7443
68.0163
-25.9024
26.069
27.1649
30.1239
32.0873
35.4603
38.4733
42.7767
47.2727
52.689
55.2373
44.3349
20.0957
-5.06325
-28.6365
-45.1234
-48.6017
-36.3772
-10.2091
26.438
67.5247
100.595
125.255
137.785
145.515
140.536
137.171
115.178
108.528
83.8152
84.6453
53.7934
68.0858
-25.8717
26.032
27.1244
30.0852
32.049
35.4261
38.4445
42.7633
47.3086
52.8319
55.4914
44.684
20.463
-4.75714
-28.4543
-45.1553
-48.8787
-36.8754
-10.8573
25.7641
66.9179
100.119
124.911
137.552
145.382
140.478
137.176
115.215
108.574
83.8717
84.6911
53.8456
68.162
-25.8347
25.9937
27.0757
30.04
32.0058
35.3882
38.4149
42.7506
47.3458
52.9799
55.7485
45.0235
20.8253
-4.44686
-28.267
-45.183
-49.1489
-37.3668
-11.503
25.0851
66.2912
99.6123
124.536
137.29
145.225
140.402
137.172
115.248
108.62
83.9289
84.7407
53.9007
68.2448
-25.7906
25.9555
27.0176
29.9877
31.9573
35.3462
38.3846
42.7382
47.3818
53.1267
56.0034
45.3488
21.1796
-4.13337
-28.0741
-45.2035
-49.4073
-37.8454
-12.1405
24.4052
65.6485
99.079
124.13
136.999
145.042
140.305
137.154
115.276
108.664
83.9867
84.7942
53.9587
68.3344
-25.7389
25.9189
26.9488
29.9276
31.9032
35.2996
38.3533
42.7258
47.4139
53.2628
56.2487
45.6551
21.5237
-3.81679
-27.8737
-45.2124
-49.648
-38.3046
-12.7642
23.7283
64.9933
98.5208
123.695
136.677
144.829
140.185
137.121
115.296
108.707
84.0447
84.8518
54.0193
68.4306
-25.6791
25.88
26.8684
29.8586
31.8429
35.2478
38.3208
42.7124
47.4383
53.3751
56.4733
45.9374
21.8569
-3.49604
-27.6628
-45.204
-49.8638
-38.7373
-13.3679
23.0584
64.3291
97.9402
123.231
136.326
144.586
140.037
137.065
115.307
108.746
84.1027
84.9137
54.0821
68.5331
-25.6105
25.8345
26.7757
29.78
31.7761
35.1899
38.2866
42.6966
47.4511
53.4471
56.6614
46.1906
22.1798
-3.16853
-27.4365
-45.1702
-50.0465
-39.1354
-13.9448
22.3996
63.6587
97.3399
122.741
135.945
144.31
139.86
136.983
115.306
108.781
84.1603
84.9798
54.1468
68.6414
-25.5325
25.7821
26.6707
29.6906
31.7026
35.1249
38.2496
42.6758
47.4479
53.46
56.7906
46.4072
22.4948
-2.82956
-27.1877
-45.1008
-50.1857
-39.4892
-14.4869
21.7564
62.9848
96.7219
122.225
135.535
144.003
139.647
136.869
115.291
108.809
84.2168
85.0501
54.2127
68.7551
-25.4444
25.7221
26.5537
29.5891
31.6219
35.0513
38.2085
42.6467
47.4233
53.3958
56.8289
46.5759
22.8057
-2.47198
-26.906
-44.9819
-50.2691
-39.7879
-14.9849
21.1341
62.3099
96.0876
121.686
135.097
143.664
139.397
136.72
115.257
108.828
84.2714
85.1244
54.279
68.8733
-25.3456
25.6523
26.4255
29.4742
31.5338
34.9674
38.1609
42.6049
47.3707
53.2383
56.7352
46.6802
23.1161
-2.08625
-26.5779
-44.7963
-50.2811
-40.019
-15.4279
20.5386
61.6362
95.4382
121.123
134.632
143.293
139.108
136.531
115.198
108.835
84.3227
85.202
54.3446
68.9953
-25.2356
25.5692
26.2873
29.3443
31.4376
34.8712
38.1037
42.5445
47.282
52.9743
56.462
46.6948
23.4291
-1.66029
-26.1856
-44.5223
-50.2029
-40.1677
-15.8028
19.977
60.9663
94.7741
120.537
134.139
142.892
138.78
136.301
115.107
108.825
84.3688
85.2821
54.4082
69.1201
-25.1136
25.4683
26.14
29.1979
31.3322
34.7599
38.0325
42.4578
47.1473
52.595
55.9628
46.5834
23.7415
-1.17944
-25.7073
-44.134
-50.011
-40.216
-16.095
19.4576
60.3032
94.0955
119.928
133.618
142.459
138.415
136.025
114.976
108.792
84.4074
85.3631
54.468
69.247
-24.9791
25.345
25.9824
29.0325
31.2155
34.6304
37.9411
42.3355
46.9544
52.0959
55.2046
46.2964
24.0389
-0.630112
-25.118
-43.6006
-49.6779
-40.1422
-16.2865
18.9906
59.6509
93.4024
119.293
133.069
141.993
138.013
135.701
114.803
108.733
84.4348
85.4427
54.5223
69.3743
-24.8324
25.1957
25.8121
28.8453
31.0827
34.4782
37.8215
42.1655
46.6876
51.4726
54.1782
45.7692
24.2897
-0.00483526
-24.3884
-42.8853
-49.1702
-39.9199
-16.3511
18.5882
59.0159
92.6963
118.631
132.487
141.493
137.574
135.327
114.586
108.639
84.446
85.5185
54.569
69.5017
-24.6726
25.0264
25.6195
28.6372
30.9241
34.2972
37.6617
41.933
46.3264
50.7176
52.9062
44.947
24.4479
0.697661
-23.485
-41.9431
-48.4443
-39.5199
-16.2608
18.2642
58.3996
91.9736
117.935
131.867
140.951
137.092
134.904
114.326
108.509
84.4372
85.5915
54.6076
69.6417
-24.4877
24.8765
25.3827
28.4266
30.7338
34.0938
37.4615
41.65
45.8976
49.9152
51.5986
43.9683
24.4965
1.41405
-22.4762
-40.8436
-47.5532
-38.9866
-16.048
18.0291
57.8291
91.2726
117.247
131.243
140.4
136.598
134.46
114.033
108.344
84.3954
85.6434
54.6256
69.7452
-24.3223
24.698
25.1365
28.2018
30.5233
33.867
37.2284
41.3282
45.4279
49.1161
50.3562
42.9506
24.4475
2.10051
-21.4195
-39.6517
-46.5485
-38.361
-15.7594
17.8649
57.3013
90.5935
116.569
130.624
139.85
136.106
134.019
113.729
108.162
84.3329
85.6895
54.6338
69.8661
-24.1241
24.4892
24.8725
27.9551
30.2848
33.6076
36.9533
40.9583
44.9046
48.289
49.1387
41.9118
24.2994
2.7454
-20.3145
-38.3578
-45.4098
-37.622
-15.3864
17.7737
56.8139
89.9282
115.887
129.995
139.284
135.597
133.558
113.403
107.956
84.2421
85.7213
54.6207
69.9736
-23.918
24.2511
24.5889
27.6851
30.0158
33.3129
36.6342
40.5399
44.3286
47.4312
47.9413
40.8818
24.0684
3.33052
-19.1835
-36.9813
-44.1466
-36.7705
-14.9345
17.7563
56.3622
89.2787
115.201
129.35
138.697
135.066
133.076
113.056
107.727
84.1256
85.7389
54.584
70.0688
-23.707
23.9824
24.285
27.3896
29.7148
32.9811
36.2701
40.073
43.7021
46.5424
46.7581
39.8737
23.7822
3.84683
-18.0471
-35.5414
-42.7721
-35.8074
-14.4075
17.8133
55.9444
88.6396
114.512
128.691
138.085
134.507
132.565
112.685
107.473
83.9854
85.7423
54.5213
70.1481
-23.4968
23.6829
23.9595
27.0666
29.3814
32.6123
35.8613
39.5585
43.0277
45.6234
45.5828
38.8854
23.4702
4.29481
-16.9249
-34.0573
-41.3025
-34.7351
-13.8061
17.9413
55.565
88.0076
113.815
128.014
137.447
133.916
132.021
112.288
107.196
83.8227
85.7309
54.4313
70.2039
-23.2948
23.3532
23.6111
26.7149
29.0157
32.2073
35.4088
38.9978
42.309
44.6763
44.412
37.9097
23.1498
4.68559
-15.8324
-32.5464
-39.755
-33.5579
-13.1307
18.1346
55.2273
87.3845
113.105
127.315
136.778
133.29
131.437
111.858
106.893
83.6379
85.7043
54.3143
70.2284
-23.1053
22.9947
23.2395
26.3345
28.6181
31.7667
34.9137
38.3927
41.5498
43.7039
43.2433
36.9403
22.8254
5.03699
-14.777
-31.0252
-38.1473
-32.283
-12.3807
18.3863
54.9335
86.7708
112.384
126.588
136.071
132.622
130.809
111.389
106.561
83.4314
85.6631
54.1711
70.2147
-22.9315
22.6094
22.845
25.927
28.1901
31.2907
34.3777
37.7464
40.7542
42.7098
42.0773
35.9709
22.4916
5.36606
-13.7589
-29.507
-36.4951
-30.9207
-11.5557
18.6912
54.6834
86.1661
111.651
125.834
135.323
131.904
130.126
110.876
106.195
83.2023
85.6084
54.004
70.1573
-22.7759
22.2001
22.4279
25.4938
27.7335
30.7809
33.8042
37.0622
39.9255
41.6988
40.9171
35.0024
22.1389
5.68021
-12.7708
-28
-34.8108
-29.483
-10.6561
19.0465
54.4742
85.5703
110.904
125.051
134.529
131.132
129.383
110.311
105.788
82.948
85.5404
53.8164
70.0535
-22.6404
21.7697
21.9888
25.0355
27.2495
30.2409
33.1974
36.3442
39.0669
40.676
39.766
34.0402
21.766
5.97556
-11.8028
-26.5064
-33.1042
-27.982
-9.68275
19.4512
54.3022
84.9834
110.142
124.234
133.687
130.301
128.573
109.688
105.333
82.6646
85.4585
53.6108
69.9048
-22.5274
21.3213
21.5283
24.553
26.7407
29.6748
32.5609
35.5966
38.1827
39.6446
38.6285
33.0877
21.3787
6.24822
-10.8506
-25.0246
-31.3816
-26.4285
-8.63639
19.9059
54.1631
84.4051
109.362
123.38
132.788
129.403
127.686
108.998
104.824
82.3477
85.361
53.3876
69.7183
-22.4396
20.8595
21.0492
24.0497
26.211
29.0871
31.9001
34.8252
37.2791
38.6068
37.5072
32.1484
20.9814
6.49771
-9.9117
-23.5528
-29.6474
-24.8296
-7.517
20.4134
54.0546
83.8365
108.563
122.485
131.829
128.429
126.714
108.233
104.252
81.9917
85.2448
53.1444
69.5007
-22.3841
20.3953
20.5515
23.53
25.6615
28.4807
31.2202
34.0353
36.3612
37.5649
36.403
31.2267
20.5812
6.72782
-8.98253
-22.0798
-27.9024
-23.1872
-6.32617
20.9773
53.9746
83.2781
107.745
121.547
130.802
127.373
125.645
107.382
103.608
81.5901
85.1019
52.8746
69.2428
-22.3902
28.0574
32.721
28.9104
63.4464
60.9269
39.4304
11.7736
-12.7775
-33.6085
-49.6481
-60.5083
-65.7932
-66.2464
-61.9473
-53.4875
-41.7239
-27.5253
-11.7488
4.91044
21.8378
38.547
54.7005
70.0721
84.5476
98.0361
110.493
121.891
132.203
141.409
149.502
156.487
162.387
167.233
171.054
173.889
175.786
176.792
176.964
176.357
175.021
173.001
170.343
167.09
163.271
158.93
154.112
148.869
143.251
137.306
131.079
124.617
117.966
111.173
104.279
97.3285
90.3643
83.4281
76.5587
69.7948
63.1733
56.7296
50.4957
44.501
38.7727
33.3338
28.2053
23.4038
18.9437
14.8349
11.0856
7.69971
4.6791
2.0223
-0.274309
-2.21689
-3.81364
-5.07478
-6.01278
-6.6412
-6.97442
-7.02798
-6.81776
-6.36104
-5.67395
-4.7753
-3.67958
-2.40882
-0.970643
0.600629
2.32367
4.11334
6.0934
7.96762
10.2924
11.8927
15.1219
15.1556
30.3417
33.3887
29.5335
68.4314
67.7398
43.92
13.4508
-13.4893
-36.1741
-53.6671
-65.581
-71.512
-72.2981
-68.0509
-59.3788
-47.1923
-32.4193
-15.9709
1.41264
19.0756
36.5051
53.3527
69.387
84.4972
98.5935
111.634
123.589
134.431
144.131
152.674
160.061
166.309
171.445
175.495
178.496
180.496
181.544
181.701
181.027
179.577
177.4
174.546
171.068
167.005
162.4
157.307
151.781
145.878
139.648
133.14
126.403
119.487
112.439
105.303
98.1257
90.9501
83.8189
76.7717
69.8472
63.0822
56.5122
50.1682
44.0793
38.2715
32.767
27.5855
22.7425
18.2513
14.1205
10.3572
6.96421
3.94228
1.28902
-1.00013
-2.93208
-4.51595
-5.76302
-6.68616
-7.29901
-7.6163
-7.65391
-7.42805
-6.95614
-6.25461
-5.34225
-4.23398
-2.9515
-1.50333
0.0773948
1.80692
3.60415
5.58519
7.4673
9.78251
11.3973
14.5972
14.648
31.1376
34.2215
30.5698
72.7244
73.2777
47.6894
15.0226
-13.8922
-38.1507
-56.9011
-69.7388
-76.2445
-77.3314
-73.1427
-64.3003
-51.7617
-36.5063
-19.4874
-1.48317
16.8152
34.8707
52.3237
68.9375
84.6044
99.2337
112.785
125.229
136.534
146.666
155.604
163.342
169.893
175.283
179.533
182.679
184.769
185.854
185.998
185.264
183.711
181.394
178.365
174.684
170.402
165.562
160.221
154.441
148.281
141.796
135.035
128.052
120.898
113.622
106.27
98.8896
91.5252
84.2202
77.0149
69.9476
63.0554
56.3736
49.9326
43.7607
37.8831
32.3211
27.0934
22.2144
17.696
13.5463
9.77081
6.37153
3.34827
0.697714
-1.58547
-3.50912
-5.08339
-6.32006
-7.23204
-7.83333
-8.13906
-8.16536
-7.92874
-7.44672
-6.73602
-5.81536
-4.70008
-3.41147
-1.95913
-0.374586
1.35513
3.1547
5.12908
7.01602
9.30925
10.9437
14.0871
14.1821
31.8479
35.1331
31.9319
76.4583
77.7238
50.8126
16.4981
-14.007
-39.5686
-59.3814
-73.0093
-80.0131
-81.3627
-77.2314
-68.2572
-55.4329
-39.7807
-22.2892
-3.76766
15.0657
33.6524
51.6209
68.7289
84.8722
99.9583
113.947
126.811
138.513
149.016
158.289
166.325
173.134
178.741
183.161
186.43
188.596
189.711
189.841
189.054
187.411
184.969
181.786
177.926
173.447
168.4
162.841
156.836
150.45
143.739
136.756
129.555
122.192
114.716
107.175
99.6162
92.0868
84.6304
77.2875
70.0963
63.094
56.3158
49.7914
43.5484
37.6114
32.0007
26.7339
21.8247
17.2838
13.1182
9.33268
5.92821
2.90374
0.255247
-2.02361
-3.94166
-5.50955
-6.73915
-7.64368
-8.23754
-8.53615
-8.55589
-8.31352
-7.82663
-7.11216
-6.18874
-5.07214
-3.78317
-2.33258
-0.750127
0.973515
2.76966
4.73029
6.61737
8.87896
10.5324
13.6018
13.7542
32.4512
36.0656
33.5507
79.6398
81.2534
53.3748
17.9001
-13.8457
-40.4596
-61.1504
-75.4395
-82.8677
-84.4393
-80.3584
-71.2844
-58.2364
-42.2662
-24.3928
-5.44916
13.8221
32.8449
51.2395
68.7584
85.2994
100.769
115.126
128.34
140.376
151.187
160.742
169.028
176.053
181.841
186.405
189.776
192.004
193.143
193.259
192.424
190.702
188.151
184.832
180.814
176.162
170.933
165.183
158.982
152.398
145.491
138.313
130.922
123.376
115.727
108.021
100.308
92.6368
85.0503
77.5896
70.2926
63.1967
56.3371
49.7428
43.4406
37.4543
31.8037
26.5053
21.5718
17.013
12.8352
9.04209
5.63389
2.60883
-0.0381397
-2.31435
-4.22904
-5.793
-7.0184
-7.91884
-8.50903
-8.80468
-8.82232
-8.57895
-8.09218
-7.37911
-6.45831
-5.34589
-4.06221
-2.61921
-1.04474
0.666678
2.45348
4.39365
6.27553
8.49691
10.1672
13.1471
13.3678
32.9933
36.9826
35.3893
82.0468
83.9755
55.4283
19.2443
-13.4005
-40.8177
-62.1998
-77.0184
-84.7962
-86.546
-82.5029
-73.3572
-60.1447
-43.938
-25.7763
-6.5092
13.1001
32.462
51.1892
69.0312
85.888
101.663
116.311
129.806
142.108
153.168
162.949
171.433
178.631
184.564
189.242
192.696
194.974
196.129
196.232
195.356
193.566
190.922
187.487
183.334
178.532
173.146
167.234
160.865
154.113
147.038
139.695
132.143
124.443
116.647
108.804
100.962
93.1724
85.4783
77.9209
70.5374
63.3656
56.4408
49.7909
43.4422
37.418
31.7371
26.4152
21.4643
16.8931
12.7073
8.90961
5.49966
2.47463
-0.171471
-2.44629
-4.35924
-5.9214
-7.14535
-8.04498
-8.63526
-8.93209
-8.95215
-8.71263
-8.2311
-7.52476
-6.6121
-5.50955
-4.23708
-2.80779
-1.24759
0.445209
2.21622
4.12923
5.99957
8.17306
9.85561
12.7331
13.0301
33.5163
37.8643
37.3959
83.3637
85.9329
57.031
20.5526
-12.6559
-40.6287
-62.5115
-77.7261
-85.7794
-87.6625
-83.643
-74.4523
-61.1331
-44.771
-26.4181
-6.93141
12.913
32.5127
51.4747
69.5471
86.6318
102.628
117.49
131.191
143.692
154.938
164.887
173.518
180.844
186.885
191.651
195.167
197.481
198.648
198.737
197.825
195.979
193.259
189.729
185.465
180.541
175.024
168.976
162.469
155.579
148.368
140.891
133.208
125.383
117.47
109.517
101.573
93.6902
85.9127
78.281
70.8315
63.6028
56.63
49.9403
43.5591
37.5092
31.8087
26.4724
21.5116
16.9343
12.7454
8.94671
5.5371
2.51276
-0.132471
-2.40639
-4.3188
-5.88113
-7.10623
-8.00824
-8.6023
-8.90448
-8.93154
-8.70085
-8.22989
-7.53587
-6.63724
-5.5506
-4.29557
-2.88637
-1.34703
0.320584
2.06886
3.948
5.79949
7.91816
9.60624
12.3706
12.7483
34.0671
38.7363
39.3971
83.5265
86.9813
58.2319
21.8528
-11.5882
-39.8681
-62.0559
-77.5323
-85.7898
-87.7632
-83.7551
-74.5488
-61.1819
-44.7456
-26.3016
-6.70324
13.2676
32.998
52.0931
70.2974
87.5166
103.647
118.64
132.473
145.101
156.466
166.525
175.254
182.666
188.781
193.605
197.162
199.499
200.672
200.747
199.806
197.917
195.137
191.533
187.183
182.167
176.548
170.392
163.776
156.781
149.467
141.887
134.104
126.186
118.187
110.154
102.136
94.1867
86.3512
78.6692
71.1759
63.9103
56.9086
50.196
43.7972
37.7352
32.0268
26.6863
21.7243
17.1478
12.9611
9.16519
5.75826
2.73621
0.0927762
-2.18027
-4.09305
-5.65723
-6.88591
-7.79336
-8.39485
-8.70652
-8.74514
-8.52804
-8.07272
-7.39665
-6.5181
-5.45398
-4.22337
-2.84109
-1.32964
0.305862
2.02389
3.86229
5.68666
7.74395
9.42892
12.0711
12.5308
34.6904
39.6497
41.1663
82.7324
86.7367
59.0346
23.1699
-10.1658
-38.4989
-60.7874
-76.3899
-84.7852
-86.8106
-82.8081
-73.6252
-60.2768
-43.8485
-25.4194
-5.82467
14.1597
33.9091
53.0292
71.2623
88.5211
104.697
119.733
133.614
146.295
157.713
167.822
176.601
184.06
190.214
195.066
198.643
200.993
202.168
202.234
201.271
199.35
196.529
192.871
188.46
183.381
177.696
171.466
164.773
157.703
150.317
142.668
134.82
126.842
118.79
110.707
102.644
94.6576
86.7918
79.0851
71.5714
64.2908
57.2806
50.5635
44.1637
38.1043
32.4012
27.0678
22.1139
17.546
13.3673
9.57862
6.17788
3.16073
0.520554
-1.75122
-3.66491
-5.23238
-6.46684
-7.38265
-7.99515
-8.32044
-8.37528
-8.17671
-7.74247
-7.09032
-6.23814
-5.2033
-4.00418
-2.65585
-1.17974
0.416299
2.09604
3.88645
5.67467
7.66405
9.33583
11.8477
12.3891
35.4144
40.6166
42.6657
81.0028
84.8999
59.2836
24.499
-8.35829
-36.4751
-58.6452
-74.2323
-82.7059
-84.7472
-80.7613
-71.6612
-58.4086
-42.0773
-23.7739
-4.31135
15.5645
35.2187
54.251
72.4028
89.6031
105.742
120.74
134.582
147.235
158.633
168.731
177.51
184.976
191.134
195.987
199.565
201.916
203.092
203.159
202.185
200.243
197.398
193.713
189.268
184.155
178.435
172.169
165.438
158.33
150.91
143.224
135.339
127.335
119.266
111.167
103.092
95.0987
87.232
79.5283
72.0193
64.7473
57.7509
51.0494
44.6663
38.6259
32.9423
27.6283
22.693
18.1421
13.9787
10.2032
6.81329
3.80433
1.16944
-1.10015
-3.01489
-4.58673
-5.82892
-6.75584
-7.3828
-7.72585
-7.80167
-7.62722
-7.22017
-6.59825
-5.7791
-4.7802
-3.61946
-2.31242
-0.879485
0.669324
2.30223
4.03704
5.77949
7.69431
9.34185
11.716
12.3368
36.2498
41.6066
44.0093
78.2149
81.5449
58.5693
25.7279
-6.16616
-33.7558
-55.564
-70.9796
-79.4679
-81.4968
-77.5669
-68.63
-55.5691
-39.4472
-21.383
-2.19166
17.4339
36.877
55.696
73.6616
90.7211
106.728
121.599
135.325
147.878
159.188
169.21
177.928
185.349
191.475
196.311
199.877
202.222
203.4
203.472
202.498
200.547
197.698
194.016
189.576
184.459
178.737
172.471
165.739
158.635
151.223
143.541
135.659
127.665
119.608
111.524
103.471
95.5048
87.6699
79.9991
72.522
65.2837
58.3257
51.6614
45.3142
39.3104
33.6619
28.3807
23.4757
18.9521
14.8126
11.0573
7.68367
4.68696
2.06008
-0.205813
-2.12124
-3.69814
-4.94972
-5.89028
-6.53503
-6.89993
-7.00151
-6.85666
-6.48279
-5.89741
-5.1181
-4.16216
-3.04732
-1.78955
-0.408164
1.08514
2.6622
4.33326
6.01989
7.85303
9.46476
11.6941
12.3908
37.194
42.5653
45.215
74.5273
76.8949
56.4961
26.4864
-3.71778
-30.3547
-51.5084
-66.5589
-74.9766
-76.9804
-73.1666
-64.4863
-51.7451
-35.979
-18.2767
0.501974
19.7129
38.8014
57.2943
74.9945
91.8085
107.572
122.226
135.767
148.156
159.319
169.212
177.82
185.151
191.208
195.994
199.528
201.858
203.038
203.119
202.158
200.225
197.399
193.748
189.344
184.255
178.562
172.339
165.66
158.601
151.231
143.598
135.767
127.822
119.819
111.79
103.784
95.8696
88.1006
80.497
73.0815
65.9049
59.0117
52.4073
46.116
40.1679
34.5717
29.3382
24.477
19.992
15.886
12.1589
8.80795
5.82835
3.21294
0.952851
-0.962368
-2.54456
-3.80679
-4.76323
-5.42891
-5.8196
-5.95163
-5.84173
-5.50704
-4.96481
-4.2324
-3.32695
-2.26592
-1.0655
0.255787
1.68502
3.19698
4.79579
6.41641
8.16037
9.72477
11.8023
12.5714
38.2317
43.4191
46.1893
70.228
71.3103
53.1589
26.3122
-1.42795
-26.4743
-46.562
-60.9579
-69.1611
-71.1255
-67.4808
-59.1561
-46.8875
-31.6598
-14.4817
3.73066
22.339
40.8924
58.9604
76.2877
92.7065
108.127
122.508
135.82
147.987
158.939
168.648
177.107
184.322
190.286
195
198.483
200.783
201.955
202.045
201.107
199.211
196.434
192.844
188.504
183.485
177.867
171.734
165.152
158.181
150.893
143.357
135.634
127.789
119.885
111.954
104.038
96.2162
88.5431
81.0222
73.6918
66.613
59.8152
53.2955
47.0819
41.211
35.6858
30.5165
25.7137
21.28
17.2182
13.5281
10.2069
7.24998
4.65003
2.39831
0.484513
-1.10297
-2.37702
-3.35153
-4.0413
-4.46184
-4.62922
-4.55992
-4.27074
-3.77863
-3.10067
-2.25375
-1.25501
-0.120701
1.13135
2.48732
3.92446
5.44183
6.98612
8.63222
10.139
12.0543
12.896
39.3272
44.0856
46.8141
65.4493
65.1482
48.9869
25.2557
0.375256
-22.4481
-40.9353
-54.2503
-61.9308
-63.7517
-60.2803
-52.3786
-40.7292
-26.2523
-9.85088
7.574
25.3807
43.1767
60.6306
77.4457
93.3848
108.398
122.416
135.36
147.164
157.797
167.253
175.532
182.615
188.459
193.073
196.488
198.752
199.912
200.011
199.104
197.26
194.551
191.047
186.808
181.905
176.416
170.419
163.977
157.151
150.013
142.644
135.098
127.419
119.669
111.907
104.176
96.5313
89.0086
81.6248
74.4382
67.5026
60.8248
54.4197
48.3316
42.5842
37.169
32.0961
27.3801
23.0224
19.0267
15.3928
12.1174
9.19617
6.62187
4.38598
2.47862
0.888477
-0.396938
-1.39119
-2.10871
-2.56464
-2.77465
-2.75483
-2.52154
-2.09131
-1.48079
-0.706537
0.214757
1.26694
2.43292
3.69822
5.04241
6.45994
7.90905
9.43759
10.8703
12.5935
13.5223
40.4195
44.4694
46.948
60.3796
58.784
44.4742
23.8149
1.91817
-18.3347
-34.8492
-46.742
-53.5585
-55.0551
-51.7121
-44.2531
-33.3251
-19.7637
-4.37726
12.0317
28.8653
45.7258
62.3281
78.4217
93.7493
108.213
121.717
134.162
145.535
155.82
164.988
173.01
179.843
185.479
189.949
193.286
195.535
196.717
196.856
196.013
194.255
191.654
188.277
184.186
179.45
174.144
168.34
162.101
155.49
148.579
141.441
134.126
126.679
119.162
111.64
104.162
96.7509
89.445
82.2955
75.348
68.6201
62.1173
55.8795
49.9508
44.3382
39.0579
34.1279
29.5402
25.2909
21.3874
17.8315
14.6203
11.7501
9.21348
7.00228
5.10716
3.51735
2.22083
1.20456
0.454582
-0.0437
-0.305424
-0.346101
-0.181518
0.172375
0.699515
1.38387
2.2093
3.16004
4.21967
5.37365
6.6031
7.90015
9.22993
10.6245
11.9494
13.4855
14.439
41.4175
44.494
46.5134
55.2461
52.5575
40.0118
22.3428
3.48085
-14.0462
-28.4044
-38.6867
-44.4683
-45.5392
-42.2773
-35.2711
-25.1186
-12.5522
1.71335
16.9871
32.7305
48.5557
64.1813
79.3637
93.876
107.616
120.458
132.329
143.23
153.116
161.928
169.615
176.154
181.576
185.904
189.156
191.348
192.507
192.679
191.917
190.286
187.857
184.681
180.806
176.301
171.238
165.687
159.71
153.372
146.743
139.888
132.857
125.699
118.472
111.237
104.034
96.8914
89.8547
82.9818
76.3005
69.8142
63.5482
57.55
51.8344
46.3967
41.2764
36.4771
31.9998
27.8704
24.0841
20.6264
17.4921
14.6822
12.1898
10.0077
8.1276
6.53923
5.23114
4.1908
3.40489
2.85941
2.5399
2.43153
2.51922
2.78771
3.22166
3.80566
4.52426
5.36224
6.30394
7.33503
8.43811
9.60374
10.803
12.0551
13.2614
14.6127
15.5704
42.2078
44.1325
45.4821
50.2564
46.7518
35.9101
21.1031
5.28172
-9.45441
-21.5494
-30.1274
-34.7946
-35.3798
-32.1608
-25.6157
-16.2703
-4.75027
8.33001
22.3812
36.9348
51.6224
66.1691
80.3363
93.9323
106.841
118.927
130.13
140.42
149.745
158.066
165.347
171.578
176.771
180.927
184.052
186.157
187.285
187.495
186.832
185.349
183.095
180.124
176.492
172.26
167.495
162.261
156.624
150.643
144.374
137.875
131.199
124.397
117.523
110.632
103.764
96.9517
90.2404
83.6753
77.2789
71.0643
65.0767
59.3475
53.8713
48.657
43.7604
39.147
34.8171
30.8168
27.1225
23.751
20.7081
17.9769
15.5413
13.3972
11.5385
9.95564
8.63819
7.57445
6.75188
6.15725
5.77687
5.59673
5.60255
5.77987
6.11414
6.59072
7.19497
7.91231
8.728
9.62804
10.5967
11.6231
12.6847
13.7879
14.8689
16.0347
16.9752
42.6899
43.4078
43.9372
45.6603
41.6525
32.4407
20.3348
7.47034
-4.49515
-14.2878
-21.1308
-24.6519
-24.7173
-21.5233
-15.443
-6.91945
3.52933
15.3883
28.1658
41.4523
54.9208
68.3002
81.3652
93.9578
105.925
117.173
127.626
137.223
145.935
153.713
160.521
166.342
171.197
175.092
178.028
180.035
181.145
181.394
180.824
179.479
177.4
174.645
171.277
167.352
162.926
158.055
152.797
147.208
141.342
135.254
128.993
122.609
116.151
109.667
103.198
96.7811
90.4557
84.2574
78.212
72.3355
66.6715
61.2279
56.0083
51.0459
46.3661
41.9899
37.8787
34.0464
30.4987
27.2418
24.2884
21.6291
19.2533
17.1526
15.3213
13.7494
12.4264
11.3414
10.4828
9.83819
9.39492
9.13992
9.0599
9.14134
9.37059
9.7339
10.2175
10.8077
11.4908
12.2531
13.0811
13.962
14.8805
15.8298
16.7802
17.7622
18.6577
42.8146
42.4105
42.0993
41.7226
37.5366
29.8837
20.2805
10.1953
0.879807
-6.66587
-11.7963
-14.1844
-13.7196
-10.533
-4.9056
2.80512
12.1851
22.8121
34.2875
46.2578
58.4342
70.578
82.4757
93.9683
104.926
115.255
124.87
133.701
141.723
148.888
155.173
160.568
165.064
168.67
171.387
173.245
174.272
174.506
173.991
172.766
170.872
168.357
165.269
161.662
157.587
153.098
148.243
143.074
137.646
132.01
126.212
120.295
114.303
108.278
102.258
96.282
90.3825
84.594
78.9378
73.4438
68.1286
63.0224
58.1268
53.4718
49.0409
44.8763
40.9828
37.349
34.0072
30.9234
28.0879
25.5211
23.219
21.176
19.3852
17.833
16.5115
15.4113
14.5217
13.8314
13.3288
13.0017
12.8379
12.8248
12.9497
13.1999
13.5627
14.025
14.5747
15.1984
15.8848
16.6196
17.3943
18.1905
19.0076
19.8156
20.6366
42.6273
41.3215
40.2878
38.6906
34.665
28.503
21.1539
13.5907
6.71742
1.27411
-2.23977
-3.55364
-2.57516
0.612612
5.80599
12.7295
21.063
30.472
40.6377
51.2679
62.1119
72.9583
83.6288
93.9606
103.834
113.159
121.861
129.88
137.163
143.674
149.389
154.304
158.405
161.695
164.183
165.891
166.84
167.065
166.602
165.483
163.747
161.442
158.613
155.311
151.586
147.487
143.057
138.341
133.382
128.225
122.915
117.491
111.994
106.461
100.927
95.4258
89.9871
84.6451
79.4163
74.3389
69.4105
64.6755
60.135
55.8004
51.6807
47.7739
44.1289
40.7194
37.5561
34.6382
31.9649
29.5258
27.3255
25.3617
23.6251
22.107
20.7994
19.6937
18.7808
18.0511
17.4944
17.0999
16.8564
16.7525
16.7765
16.9167
17.1614
17.4988
17.9177
18.4055
18.9533
19.545
20.1787
20.8269
21.5105
22.1594
22.8822
42.2994
40.4037
38.8893
36.8019
33.2382
28.4816
23.1152
17.7666
13.0489
9.47689
7.41321
7.06525
8.50641
11.6863
16.4627
22.6329
29.9573
38.1809
47.0551
56.3445
65.8443
75.3684
84.7606
93.8904
102.639
110.924
118.665
125.803
132.302
138.127
143.243
147.637
151.308
154.257
156.497
158.042
158.914
159.124
158.707
157.7
156.139
154.067
151.522
148.543
145.177
141.467
137.451
133.171
128.67
123.987
119.166
114.24
109.251
104.226
99.2
94.2011
89.2558
84.3876
79.6204
74.9731
70.471
66.122
61.9539
57.9659
54.172
50.5744
47.1989
44.0368
41.0844
38.3547
35.8502
33.5559
31.4777
29.6079
27.9384
26.4669
25.186
24.0877
23.1644
22.4075
21.808
21.3564
21.0428
20.8568
20.7882
20.8263
20.9609
21.1808
21.4768
21.8365
22.2535
22.711
23.2122
23.7231
24.2814
24.7902
25.4116
42.1006
39.957
38.2794
36.2321
33.3448
29.8934
26.2358
22.7567
19.8508
17.8559
17.017
17.4796
19.2971
22.4392
26.8092
32.2639
38.6303
45.7208
53.3464
61.3269
69.4943
77.7009
85.8115
93.7128
101.31
108.518
115.269
121.507
127.193
132.296
136.79
140.657
143.882
146.475
148.449
149.81
150.579
150.769
150.406
149.518
148.139
146.302
144.043
141.401
138.415
135.109
131.525
127.703
123.679
119.488
115.168
110.754
106.271
101.753
97.2331
92.7344
88.2804
83.8878
79.5816
75.3753
71.2977
67.35
63.5586
59.9322
56.4741
53.1962
50.0994
47.1952
44.4787
41.9574
39.6265
37.4907
35.5439
33.7807
32.1969
30.789
29.5513
28.4772
27.5597
26.7915
26.1645
25.6706
25.301
25.0468
24.899
24.8483
24.8859
25.0017
25.188
25.4332
25.7332
26.0702
26.4529
26.8414
27.2871
27.6726
28.199
42.3931
40.3154
38.7741
37.1026
35.005
32.7273
30.4915
28.523
27.0619
26.3157
26.4371
27.5191
29.596
32.6477
36.6095
41.3836
46.8489
52.8713
59.3133
66.0393
72.9221
79.8426
86.6944
93.3836
99.8278
105.952
111.705
117.036
121.901
126.271
130.124
133.446
136.231
138.475
140.182
141.355
142.007
142.167
141.852
141.081
139.881
138.278
136.306
133.999
131.382
128.484
125.344
121.992
118.457
114.773
110.968
107.073
103.112
99.1193
95.1171
91.1225
87.1578
83.2425
79.3989
75.6442
71.9933
68.4634
65.0618
61.8011
58.684
55.7223
52.917
50.2752
47.7981
45.4886
43.346
41.371
39.5612
37.9134
36.4245
35.0905
33.9067
32.8676
31.9674
31.1998
30.5578
30.0344
29.6222
29.3133
29.1003
28.9749
28.9298
28.9559
29.0473
29.1927
29.3909
29.6224
29.9018
30.1829
30.5299
30.8085
31.2494
43.4487
41.6754
40.4867
39.3547
38.0504
36.7762
35.6711
34.8589
34.4768
34.6438
35.4472
36.9399
39.1396
42.0311
45.5709
49.6929
54.3151
59.3453
64.6864
70.241
75.9145
81.6175
87.2674
92.7897
98.1179
103.194
107.969
112.4
116.452
120.099
123.32
126.106
128.446
130.33
131.762
132.748
133.3
133.431
133.158
132.5
131.478
130.112
128.428
126.447
124.195
121.707
119.009
116.124
113.081
109.906
106.623
103.253
99.826
96.3598
92.8716
89.3821
85.9115
82.4808
79.1087
75.8099
72.5985
69.4848
66.4775
63.5842
60.8122
58.1687
55.6587
53.2864
51.0542
48.964
47.0165
45.2117
43.5484
42.0248
40.6383
39.3857
38.2638
37.2682
36.3939
35.6354
34.9869
34.4424
33.9957
33.6404
33.3704
33.1786
33.0595
33.005
33.0113
33.0671
33.1748
33.3133
33.503
33.6927
33.9572
34.1506
34.5171
45.5683
44.2348
43.507
42.943
42.3449
41.8717
41.6086
41.6173
41.9714
42.734
43.9501
45.6455
47.8263
50.4795
53.5752
57.0693
60.9072
65.0268
69.3619
73.8447
78.4081
82.9875
87.522
91.9553
96.2364
100.32
104.166
107.74
111.015
113.967
116.578
118.836
120.731
122.259
123.422
124.221
124.665
124.761
124.522
123.962
123.102
121.958
120.548
118.891
117.008
114.919
112.646
110.213
107.64
104.951
102.164
99.2998
96.3768
93.4144
90.431
87.4459
84.4764
81.5377
78.6434
75.8052
73.0326
70.3341
67.7179
65.1922
62.7643
60.4408
58.2267
56.1262
54.1422
52.2768
50.5312
48.9057
47.4
46.0131
44.7431
43.5875
42.5431
41.6065
40.7734
40.0395
39.4001
38.8504
38.3857
38.0008
37.6909
37.4504
37.2751
37.1581
37.0974
37.0821
37.1171
37.1807
37.2966
37.4126
37.6048
37.7351
38.0275
48.5578
47.6951
47.4203
47.35
47.3063
47.412
47.7168
48.2466
49.0378
50.1207
51.5152
53.231
55.2671
57.612
60.2446
63.1358
66.2497
69.5457
72.9802
76.5079
80.0829
83.6602
87.1968
90.6521
93.9889
97.1734
100.176
102.969
105.531
107.844
109.893
111.667
113.158
114.362
115.277
115.906
116.251
116.32
116.122
115.667
114.965
114.031
112.879
111.523
109.982
108.27
106.406
104.406
102.288
100.068
97.7636
95.3905
92.9643
90.5003
88.0138
85.5197
83.0318
80.5621
78.1214
75.7191
73.3639
71.0642
68.8279
66.6623
64.5739
62.5682
60.65
58.8228
57.0896
55.4525
53.9127
52.471
51.1272
49.8809
48.7309
47.6755
46.7126
45.8396
45.0536
44.3514
43.7298
43.1848
42.713
42.3103
41.9732
41.697
41.479
41.313
41.1989
41.1265
41.1024
41.1066
41.1616
41.2229
41.3522
41.4456
41.6607
52.6329
52.2015
52.299
52.5905
52.9207
53.3853
54.0119
54.8072
55.7877
56.9664
58.3494
59.9378
61.7275
63.7084
65.8656
68.1795
70.6268
73.1813
75.8146
78.4973
81.1999
83.893
86.5478
89.1368
91.6345
94.0173
96.2636
98.3547
100.274
102.008
103.545
104.876
105.995
106.897
107.582
108.049
108.301
108.341
108.175
107.81
107.253
106.515
105.605
104.535
103.315
101.959
100.479
98.8867
97.1962
95.4201
93.5711
91.6616
89.7039
87.71
85.6914
83.6592
81.624
79.5959
77.5842
75.5978
73.6445
71.7315
69.8653
68.0516
66.2955
64.6016
62.974
61.4158
59.9297
58.5179
57.1819
55.9227
54.7409
53.6364
52.609
51.6578
50.7818
49.9794
49.2488
48.588
47.9947
47.4663
47.0001
46.5934
46.2434
45.9469
45.7015
45.5034
45.3511
45.2397
45.17
45.1336
45.1369
45.1631
45.2319
45.3066
45.4413
56.6476
56.5909
56.9525
57.4595
57.9981
58.64
59.3976
60.269
61.2613
62.3788
63.6217
64.9879
66.4725
68.0679
69.7636
71.5472
73.4038
75.3171
77.2697
79.2428
81.2182
83.1775
85.1025
86.9757
88.7805
90.5013
92.1238
93.635
95.0236
96.2796
97.3947
98.3623
99.177
99.8355
100.335
100.676
100.858
100.884
100.756
100.48
100.059
99.5009
98.8119
97.9996
97.0719
96.0374
94.9048
93.6833
92.382
91.0103
89.5774
88.0927
86.5653
85.004
83.4177
81.8148
80.2032
78.5904
76.9835
75.3893
73.814
72.2635
70.7433
69.2584
67.8133
66.4122
65.0586
63.7556
62.5058
61.3115
60.1744
59.0958
58.0766
57.1174
56.2184
55.3794
54.5999
53.8793
53.2164
52.6103
52.0593
51.562
51.1166
50.7215
50.3744
50.0739
49.8171
49.6033
49.4286
49.2937
49.1927
49.1292
49.0937
49.095
49.1166
49.1782
49.2524
61.6616
61.8132
62.2184
62.7225
63.262
63.8776
64.5718
65.3404
66.1851
67.1058
68.1003
69.1657
70.2976
71.4902
72.7368
74.0293
75.3587
76.7155
78.089
79.4688
80.8435
82.2017
83.5324
84.8247
86.0682
87.2529
88.3697
89.4101
90.3665
91.2323
92.0015
92.6694
93.2321
93.6868
94.0314
94.2649
94.3873
94.3992
94.3021
94.0984
93.7909
93.3832
92.8795
92.2844
91.6029
90.8406
90.0033
89.0969
88.1277
87.1021
86.0265
84.9074
83.7513
82.5645
81.3533
80.1239
78.8823
77.6341
76.385
75.1401
73.9045
72.6828
71.4793
70.298
69.1427
68.0166
66.9228
65.8638
64.8422
63.8598
62.9185
62.0196
61.1643
60.3533
59.5873
58.8667
58.1915
57.5616
56.9767
56.4365
55.94
55.4868
55.0756
54.7059
54.3759
54.0853
53.8318
53.6158
53.4335
53.2872
53.1708
53.0899
53.0335
53.0149
53.012
53.055
53.1024
65.4564
65.8163
66.2408
66.711
67.2197
67.7723
68.3688
69.0078
69.6887
70.4102
71.1703
71.9664
72.7955
73.6538
74.537
75.4404
76.3587
77.2861
78.2169
79.1448
80.0633
80.9663
81.8472
82.6999
83.5183
84.2966
85.0294
85.7114
86.3381
86.9052
87.4089
87.8462
88.2142
88.5109
88.7346
88.8844
88.9597
88.9606
88.8876
88.7416
88.5242
88.2372
87.883
87.4641
86.9835
86.4446
85.8507
85.2056
84.5132
83.7775
83.0028
82.1931
81.3528
80.4861
79.5973
78.6906
77.7702
76.8399
75.9039
74.9658
74.0293
73.0978
72.1747
71.2631
70.3659
69.4857
68.6252
67.7867
66.9722
66.1836
65.4226
64.6906
63.989
63.3187
62.6807
62.0756
61.5039
60.9661
60.4622
59.9923
59.5564
59.1543
58.7856
58.45
58.1469
57.8761
57.6364
57.4281
57.2491
57.1007
56.9797
56.8889
56.8224
56.7874
56.7721
56.7925
56.8284
68.5119
68.8748
69.2475
69.6413
70.0619
70.5064
70.9745
71.466
71.98
72.5153
73.0706
73.6441
74.2338
74.8372
75.4519
76.0749
76.7031
77.3332
77.9618
78.5852
79.1998
79.8018
80.3876
80.9533
81.4954
82.0103
82.4949
82.9457
83.36
83.7351
84.0684
84.3579
84.6017
84.7982
84.9463
85.0449
85.0936
85.0922
85.0405
84.939
84.7884
84.5896
84.3437
84.0522
83.7169
83.3395
82.9222
82.4672
81.9769
81.4539
80.9008
80.3203
79.7152
79.0883
78.4425
77.7807
77.1057
76.4204
75.7275
75.0297
74.3297
73.6301
72.9334
72.2418
71.5577
70.8831
70.2201
69.5706
68.9362
68.3186
67.7192
67.1393
66.5801
66.0427
65.528
65.0367
64.5696
64.1271
63.7098
63.3178
62.9516
62.6111
62.2965
62.0079
61.7449
61.5076
61.2957
61.1091
60.9472
60.8104
60.6973
60.6092
60.5433
60.5029
60.4825
60.4896
60.5171
70.6335
70.9358
71.2446
71.5665
71.9046
72.2568
72.6225
73.0014
73.3927
73.7953
74.208
74.6298
75.059
75.4942
75.9336
76.3754
76.8176
77.2581
77.6949
78.1256
78.5481
78.9601
79.3593
79.7434
80.1104
80.458
80.7842
81.087
81.3646
81.6154
81.8377
82.0303
82.1918
82.3212
82.4178
82.4808
82.5098
82.5045
82.4649
82.391
82.2833
82.1421
81.9681
81.7622
81.5253
81.2586
80.9633
80.6409
80.2928
79.9205
79.5259
79.1106
78.6765
78.2255
77.7594
77.2801
76.7897
76.29
75.7829
75.2705
74.7544
74.2367
73.719
73.203
72.6906
72.1833
71.6825
71.1898
70.7066
70.2341
69.7735
69.326
68.8926
68.4743
68.0719
67.6862
67.3179
66.9675
66.6357
66.3229
66.0295
65.7558
65.5021
65.2686
65.0554
64.8627
64.6905
64.5388
64.4078
64.2973
64.2074
64.1381
64.089
64.0609
64.0525
64.0662
64.1026
72.1307
72.376
72.6251
72.8818
73.148
73.4222
73.7039
73.9928
74.2882
74.5894
74.8955
75.2059
75.5194
75.835
76.1517
76.4683
76.7836
77.0961
77.4048
77.708
78.0046
78.293
78.5719
78.8398
79.0955
79.3376
79.5648
79.7759
79.9698
80.1452
80.3014
80.4373
80.5521
80.6452
80.716
80.764
80.7888
80.7903
80.7683
80.7228
80.654
80.562
80.4474
80.3104
80.1518
79.9721
79.7721
79.5527
79.3149
79.0595
78.7878
78.5008
78.1997
77.8858
77.5602
77.2244
76.8796
76.527
76.1682
75.8043
75.4366
75.0666
74.6954
74.3244
73.9546
73.5874
73.2238
72.865
72.512
72.1658
71.8273
71.4975
71.1771
70.867
70.5679
70.2804
70.0052
69.7428
69.4938
69.2585
69.0374
68.8309
68.6393
68.4626
68.3016
68.1559
68.0263
67.9121
67.8147
67.7324
67.6677
67.6174
67.5861
67.5679
67.5709
67.5847
67.6277
73.4377
73.6396
73.84
74.0431
74.2519
74.4648
74.6812
74.9012
75.1242
75.3498
75.5774
75.8065
76.0365
76.2666
76.4961
76.7244
76.9506
77.1739
77.3934
77.6083
77.8178
78.0209
78.2168
78.4047
78.5836
78.7527
78.9113
79.0586
79.1938
79.3163
79.4255
79.5208
79.6017
79.6677
79.7184
79.7537
79.7732
79.7767
79.7643
79.7358
79.6914
79.6312
79.5554
79.4643
79.3583
79.2378
79.1032
78.9551
78.7941
78.6209
78.4361
78.2406
78.035
77.8201
77.597
77.3663
77.1289
76.8859
76.638
76.3862
76.1314
75.8745
75.6164
75.358
75.1001
74.8437
74.5896
74.3385
74.0912
73.8486
73.6113
73.38
73.1553
72.9379
72.7285
72.5274
72.3353
72.1525
71.9797
71.817
71.6651
71.524
71.3944
71.2761
71.17
71.0753
70.9938
70.9233
70.8674
70.8212
70.7922
70.7697
70.7695
70.7688
70.8014
70.8179
70.894
74.2747
74.4427
74.5976
74.7526
74.9131
75.0757
75.2403
75.4068
75.5751
75.7446
75.9152
76.0863
76.2576
76.4286
76.5989
76.768
76.9353
77.1005
77.2629
77.422
77.5772
77.7281
77.8741
78.0146
78.1491
78.2772
78.3982
78.5119
78.6176
78.715
78.8037
78.8833
78.9535
79.0141
79.0648
79.1054
79.1357
79.1557
79.1653
79.1645
79.1533
79.1317
79.1
79.0583
79.0067
78.9456
78.8753
78.796
78.7082
78.6122
78.5086
78.3977
78.28
78.1561
78.0265
77.8917
77.7524
77.609
77.4623
77.3127
77.1609
77.0075
76.853
76.6981
76.5434
76.3893
76.2365
76.0855
75.9369
75.7911
75.6487
75.51
75.3756
75.246
75.1214
75.0022
74.8889
74.7818
74.6811
74.5871
74.5002
74.4204
74.3481
74.2833
74.2265
74.1771
74.1364
74.1027
74.0791
74.0605
74.0553
74.0499
74.0667
74.0688
74.1169
74.111
74.2178
75.3799
75.5389
75.654
75.7611
75.8789
75.9981
76.118
76.2396
76.3624
76.4861
76.6103
76.7349
76.8594
76.9837
77.1073
77.2299
77.3512
77.4708
77.5883
77.7035
77.816
77.9253
78.0313
78.1334
78.2314
78.325
78.4138
78.4976
78.576
78.6489
78.7159
78.777
78.8317
78.8801
78.922
78.9572
78.9857
79.0074
79.0223
79.0304
79.0317
79.0263
79.0142
78.9957
78.9708
78.9398
78.9028
78.86
78.8118
78.7583
78.7
78.637
78.5697
78.4986
78.4239
78.346
78.2653
78.1822
78.0971
78.0104
77.9225
77.8338
77.7448
77.6558
77.5673
77.4796
77.3932
77.3083
77.2255
77.145
77.0672
76.9924
76.921
76.8533
76.7895
76.7299
76.6748
76.6245
76.579
76.5387
76.5038
76.4743
76.4505
76.4324
76.4203
76.414
76.414
76.4198
76.4323
76.4499
76.4758
76.504
76.5459
76.5798
76.6467
76.6691
76.796
75.6635
75.8347
75.9302
76.0076
76.1001
76.1942
76.2877
76.3828
76.479
76.5758
76.6733
76.7713
76.8694
76.9675
77.0654
77.1629
77.2597
77.3556
77.4503
77.5437
77.6354
77.7253
77.8131
77.8986
77.9815
78.0618
78.139
78.2131
78.2839
78.3511
78.4147
78.4745
78.5304
78.5823
78.6301
78.6737
78.713
78.7481
78.779
78.8056
78.828
78.8462
78.8603
78.8704
78.8766
78.8791
78.8779
78.8733
78.8654
78.8544
78.8406
78.8242
78.8053
78.7842
78.7612
78.7366
78.7106
78.6835
78.6555
78.6269
78.5981
78.5692
78.5407
78.5126
78.4854
78.4592
78.4344
78.4112
78.3897
78.3704
78.3533
78.3386
78.3267
78.3176
78.3115
78.3085
78.3089
78.3127
78.3199
78.3308
78.3453
78.3635
78.3854
78.411
78.4403
78.4731
78.5096
78.5495
78.5928
78.6389
78.6889
78.7399
78.7967
78.8492
78.9169
78.9591
79.0582
76.2116
76.3666
76.4467
76.5072
76.582
76.6585
76.7343
76.8113
76.8894
76.9683
77.0479
77.128
77.2086
77.2894
77.3703
77.4511
77.5317
77.6119
77.6914
77.7702
77.8481
77.9247
78.0001
78.074
78.1462
78.2166
78.285
78.3513
78.4154
78.477
78.5362
78.5927
78.6465
78.6975
78.7457
78.791
78.8333
78.8727
78.9091
78.9425
78.973
79.0006
79.0253
79.0472
79.0664
79.083
79.0971
79.1087
79.1182
79.1255
79.1308
79.1343
79.1362
79.1366
79.1357
79.1337
79.1309
79.1273
79.1233
79.119
79.1145
79.1103
79.1063
79.1028
79.1001
79.0983
79.0977
79.0983
79.1004
79.1041
79.1097
79.1172
79.1269
79.1387
79.1529
79.1696
79.1888
79.2107
79.2353
79.2626
79.2928
79.3257
79.3615
79.4002
79.4416
79.4857
79.5325
79.5818
79.6337
79.6877
79.7443
79.8017
79.8631
79.9212
79.9901
80.039
80.1325
76.3874
76.5261
76.5921
76.6389
76.6992
76.7614
76.8232
76.8863
76.9508
77.0163
77.0829
77.1503
77.2186
77.2876
77.3571
77.427
77.4972
77.5676
77.638
77.7082
77.7782
77.8477
77.9166
77.9847
78.0521
78.1183
78.1835
78.2474
78.3099
78.371
78.4304
78.4882
78.5442
78.5984
78.6507
78.7011
78.7495
78.7958
78.8402
78.8826
78.9229
78.9612
78.9976
79.032
79.0646
79.0954
79.1244
79.1518
79.1777
79.2021
79.2252
79.247
79.2678
79.2876
79.3065
79.3248
79.3426
79.3599
79.377
79.3941
79.4112
79.4285
79.4462
79.4645
79.4835
79.5033
79.5241
79.546
79.5693
79.5939
79.6202
79.648
79.6777
79.7093
79.7428
79.7784
79.8162
79.8561
79.8983
79.9427
79.9895
80.0386
80.0899
80.1436
80.1995
80.2575
80.3177
80.3798
80.4437
80.5093
80.5765
80.6444
80.7146
80.7824
80.8571
80.9171
81.0085
76.6531
76.7793
76.8348
76.8719
76.9224
76.9748
77.027
77.0808
77.1362
77.1929
77.2509
77.31
77.3703
77.4315
77.4936
77.5564
77.6198
77.6837
77.7479
77.8123
77.8768
77.9412
78.0053
78.0691
78.1324
78.1951
78.2571
78.3182
78.3783
78.4374
78.4953
78.552
78.6073
78.6612
78.7137
78.7647
78.8141
78.862
78.9082
78.9528
78.9958
79.0372
79.0771
79.1153
79.1521
79.1874
79.2213
79.2539
79.2853
79.3155
79.3446
79.3728
79.4001
79.4267
79.4527
79.4782
79.5033
79.5282
79.5531
79.578
79.603
79.6285
79.6544
79.681
79.7083
79.7366
79.7659
79.7964
79.8283
79.8616
79.8965
79.933
79.9714
80.0117
80.0539
80.0981
80.1445
80.193
80.2437
80.2966
80.3517
80.4091
80.4686
80.5304
80.5944
80.6604
80.7284
80.7984
80.8701
80.9434
81.0184
81.0942
81.1719
81.2485
81.3297
81.4016
81.4939
76.766
76.8807
76.9253
76.9532
76.9947
77.0382
77.082
77.1278
77.1755
77.2248
77.2756
77.328
77.3816
77.4365
77.4925
77.5495
77.6073
77.6658
77.7249
77.7844
77.8441
77.9041
77.964
78.0239
78.0835
78.1427
78.2015
78.2597
78.3172
78.3739
78.4297
78.4846
78.5384
78.5913
78.6429
78.6934
78.7428
78.7908
78.8377
78.8833
78.9277
78.9708
79.0128
79.0535
79.0932
79.1318
79.1694
79.2061
79.242
79.2771
79.3115
79.3454
79.3788
79.4118
79.4446
79.4773
79.5099
79.5426
79.5755
79.6088
79.6426
79.6769
79.7119
79.7478
79.7847
79.8226
79.8617
79.9022
79.944
79.9874
80.0325
80.0793
80.1279
80.1784
80.2309
80.2853
80.3418
80.4003
80.461
80.5237
80.5886
80.6556
80.7246
80.7958
80.8689
80.9441
81.0211
81.0999
81.1803
81.2623
81.3458
81.4303
81.5162
81.6018
81.6902
81.7737
81.8677
76.8876
76.9932
77.0278
77.048
77.0821
77.1183
77.1552
77.1944
77.2357
77.2788
77.3236
77.37
77.4179
77.4671
77.5175
77.569
77.6214
77.6745
77.7284
77.7828
77.8376
77.8927
77.9479
78.0032
78.0584
78.1135
78.1682
78.2225
78.2764
78.3297
78.3824
78.4344
78.4856
78.5361
78.5858
78.6346
78.6825
78.7295
78.7757
78.8209
78.8652
78.9087
78.9513
78.993
79.034
79.0743
79.1139
79.1529
79.1913
79.2293
79.267
79.3044
79.3416
79.3787
79.4158
79.453
79.4904
79.5281
79.5661
79.6047
79.6439
79.6838
79.7245
79.7662
79.809
79.8529
79.898
79.9446
79.9926
80.0422
80.0936
80.1468
80.2018
80.2587
80.3175
80.3783
80.4411
80.5059
80.5727
80.6417
80.7127
80.7858
80.8609
80.9381
81.0172
81.0983
81.1813
81.266
81.3525
81.4405
81.53
81.6208
81.7128
81.8055
81.8995
81.9924
82.0875
76.936
77.033
77.0569
77.069
77.0957
77.1244
77.1543
77.1868
77.2217
77.2585
77.2972
77.3378
77.3799
77.4235
77.4684
77.5145
77.5617
77.6099
77.6589
77.7088
77.7592
77.8102
77.8615
77.9131
77.9649
78.0167
78.0685
78.1201
78.1716
78.2227
78.2735
78.324
78.374
78.4235
78.4726
78.5211
78.569
78.6163
78.663
78.7092
78.7547
78.7996
78.8439
78.8877
78.931
78.9737
79.016
79.058
79.0996
79.1412
79.1826
79.2239
79.2653
79.3068
79.3483
79.3901
79.4322
79.4747
79.5178
79.5614
79.6058
79.651
79.6971
79.7442
79.7924
79.8419
79.8926
79.9447
79.9982
80.0533
80.1103
80.1691
80.2298
80.2923
80.3567
80.423
80.4913
80.5615
80.6337
80.7079
80.7841
80.8624
80.9426
81.0248
81.1089
81.1949
81.2827
81.3724
81.4637
81.5566
81.651
81.7469
81.8437
81.9423
82.0405
82.1413
82.2369
76.9521
77.0418
77.0554
77.061
77.0814
77.1037
77.1277
77.1547
77.1842
77.216
77.2498
77.2856
77.3232
77.3625
77.4033
77.4455
77.489
77.5336
77.5794
77.6261
77.6738
77.7221
77.771
77.8205
77.8703
77.9203
77.9705
78.0209
78.0712
78.1214
78.1715
78.2214
78.2712
78.3208
78.37
78.419
78.4675
78.5157
78.5634
78.6107
78.6575
78.704
78.75
78.7957
78.8409
78.8859
78.9305
78.9749
79.019
79.0632
79.1075
79.1519
79.1964
79.2411
79.2859
79.3311
79.3767
79.4227
79.4693
79.5165
79.5645
79.6133
79.6631
79.714
79.766
79.8192
79.8737
79.9296
79.9869
80.0459
80.1067
80.1695
80.2341
80.3003
80.3684
80.4383
80.51
80.5837
80.6592
80.7368
80.8163
80.8977
80.9811
81.0665
81.1537
81.2429
81.3337
81.4265
81.5208
81.617
81.7143
81.8138
81.9135
82.0163
82.1168
82.224
82.3189
76.9245
77.0087
77.0129
77.0139
77.0295
77.0468
77.0664
77.0894
77.115
77.1431
77.1736
77.2063
77.241
77.2776
77.3158
77.3557
77.397
77.4397
77.4838
77.5291
77.5754
77.6226
77.6705
77.7191
77.7682
77.8178
77.8676
77.9177
77.968
78.0183
78.0686
78.1189
78.1692
78.2195
78.2697
78.3196
78.3693
78.4187
78.4678
78.5166
78.5651
78.6133
78.6612
78.7087
78.756
78.8031
78.8499
78.8966
78.9432
78.99
79.037
79.0841
79.1313
79.1787
79.2262
79.2741
79.3223
79.3711
79.4204
79.4703
79.5211
79.5727
79.6253
79.6789
79.7337
79.7897
79.847
79.9058
79.9661
80.028
80.0916
80.1571
80.2242
80.2929
80.3634
80.4356
80.5097
80.5856
80.6634
80.7431
80.8248
80.9083
80.9938
81.0812
81.1703
81.2614
81.3541
81.4488
81.5448
81.6431
81.742
81.8438
81.9449
82.0508
82.152
82.2643
82.3575
76.8754
76.9566
76.9527
76.9518
76.9643
76.9784
76.9955
77.016
77.0394
77.0655
77.0942
77.1252
77.1584
77.1937
77.2308
77.2696
77.31
77.3519
77.3953
77.4401
77.4861
77.533
77.5808
77.6294
77.6786
77.7284
77.7785
77.829
77.8797
77.9307
77.9817
78.0329
78.0842
78.1357
78.187
78.2381
78.289
78.3396
78.39
78.4401
78.49
78.5397
78.589
78.6382
78.6871
78.7359
78.7845
78.833
78.8816
78.9304
78.9794
79.0284
79.0774
79.1266
79.176
79.2257
79.2758
79.3264
79.3775
79.4294
79.4819
79.5353
79.5897
79.6451
79.7017
79.7596
79.8187
79.8794
79.9416
80.0054
80.0707
80.1374
80.2058
80.2758
80.3475
80.4211
80.4964
80.5736
80.6526
80.7334
80.8162
80.9008
80.9872
81.0756
81.1656
81.2576
81.3511
81.4467
81.5434
81.6426
81.7419
81.845
81.9461
82.054
82.1545
82.2709
82.3614
76.8156
76.8958
76.8849
76.8845
76.895
76.9073
76.923
76.9423
76.9647
76.9899
77.0178
77.0482
77.0809
77.1157
77.1526
77.1912
77.2315
77.2735
77.3171
77.3622
77.4084
77.4556
77.5038
77.5528
77.6025
77.6527
77.7034
77.7546
77.8061
77.8579
77.9099
77.9622
78.0146
78.0672
78.1195
78.1717
78.2235
78.2753
78.3268
78.3781
78.4292
78.4801
78.5306
78.5811
78.6313
78.6814
78.7313
78.7814
78.8316
78.8818
78.9319
78.9821
79.0323
79.0827
79.1333
79.1843
79.2356
79.2874
79.3397
79.3927
79.4464
79.5009
79.5564
79.6129
79.6706
79.7295
79.7897
79.8514
79.9146
79.9794
80.0456
80.113
80.182
80.2526
80.3249
80.399
80.4748
80.5524
80.6319
80.7131
80.7961
80.881
80.9677
81.0562
81.1464
81.2385
81.332
81.4277
81.5241
81.6235
81.7224
81.8259
81.926
82.0351
82.1336
82.2531
82.3402
76.7558
76.8369
76.8198
76.8216
76.8308
76.8426
76.8579
76.8769
76.899
76.924
76.9518
76.9821
77.0149
77.0498
77.0868
77.1257
77.1664
77.2089
77.253
77.2985
77.3452
77.3929
77.4416
77.4913
77.5415
77.5925
77.6439
77.6958
77.748
77.8007
77.8537
77.907
77.9603
78.0136
78.0667
78.1197
78.1724
78.225
78.2773
78.3296
78.3815
78.4334
78.4848
78.5362
78.5873
78.6384
78.6893
78.7404
78.7915
78.8426
78.8935
78.9444
78.9954
79.0465
79.0979
79.1495
79.2015
79.254
79.3069
79.3605
79.4148
79.4699
79.5258
79.5829
79.641
79.7003
79.761
79.8231
79.8866
79.9516
80.018
80.0856
80.1546
80.2253
80.2977
80.3717
80.4475
80.525
80.6043
80.6853
80.7681
80.8527
80.939
81.0272
81.1168
81.2085
81.3013
81.3966
81.4922
81.5912
81.6889
81.7923
81.8907
82.0003
82.0962
82.2177
82.3011
76.7019
76.7849
76.7623
76.7675
76.7756
76.7877
76.803
76.8221
76.8442
76.8694
76.8974
76.9281
76.9612
76.9965
77.0339
77.0733
77.1146
77.1578
77.2022
77.2482
77.2953
77.3436
77.3929
77.4431
77.494
77.5456
77.5976
77.6503
77.7032
77.7566
77.8104
77.8645
77.9185
77.9725
78.0261
78.0798
78.1331
78.1863
78.2393
78.2922
78.3447
78.3972
78.4492
78.5012
78.5529
78.6045
78.656
78.7076
78.7593
78.8109
78.8622
78.9135
78.9648
79.0164
79.068
79.12
79.1723
79.225
79.2781
79.3319
79.3863
79.4415
79.4976
79.5547
79.6129
79.6722
79.7329
79.7949
79.8583
79.9231
79.9892
80.0566
80.1253
80.1957
80.2677
80.3413
80.4166
80.4936
80.5723
80.6528
80.7349
80.8189
80.9044
80.9918
81.0806
81.1715
81.2633
81.3576
81.452
81.5502
81.6464
81.7492
81.8456
81.9551
82.0481
82.1707
82.2502
76.6569
76.7421
76.7148
76.7237
76.7309
76.7435
76.7588
76.7782
76.8006
76.8262
76.8546
76.8857
76.9192
76.955
76.9929
77.0329
77.0747
77.1184
77.1633
77.2097
77.2573
77.3062
77.356
77.4068
77.4581
77.5103
77.5628
77.616
77.6695
77.7235
77.7777
77.8324
77.8869
77.9413
77.9954
78.0495
78.1031
78.1569
78.2102
78.2635
78.3163
78.3692
78.4216
78.4739
78.5258
78.5778
78.6295
78.6814
78.7332
78.785
78.8364
78.8879
78.9393
78.9909
79.0426
79.0946
79.1469
79.1996
79.2526
79.3063
79.3606
79.4156
79.4715
79.5284
79.5863
79.6454
79.7057
79.7673
79.8303
79.8946
79.9602
80.0271
80.0953
80.1651
80.2364
80.3094
80.384
80.4603
80.5382
80.6178
80.699
80.782
80.8666
80.953
81.0407
81.1305
81.221
81.3143
81.4073
81.5044
81.5989
81.7008
81.7951
81.9041
81.9942
82.1171
82.1928
76.6211
76.7085
76.6772
76.6896
76.6958
76.7092
76.7247
76.7445
76.7672
76.7932
76.822
76.8536
76.8875
76.9238
76.9621
77.0026
77.0448
77.0889
77.1343
77.1811
77.2291
77.2784
77.3285
77.3798
77.4315
77.4841
77.537
77.5906
77.6444
77.6989
77.7534
77.8084
77.8631
77.9179
77.9722
78.0266
78.0804
78.1344
78.1879
78.2414
78.2944
78.3475
78.4
78.4524
78.5044
78.5565
78.6082
78.6601
78.7118
78.7637
78.815
78.8665
78.9178
78.9693
79.0208
79.0727
79.1247
79.1772
79.23
79.2834
79.3373
79.392
79.4475
79.504
79.5614
79.62
79.6798
79.7409
79.8033
79.867
79.932
79.9982
80.0657
80.1347
80.2053
80.2774
80.3512
80.4266
80.5035
80.5821
80.6624
80.7443
80.8278
80.9131
80.9996
81.0882
81.1774
81.2694
81.3609
81.4568
81.5497
81.6505
81.7427
81.851
81.9383
82.0609
82.133
76.5939
76.683
76.6485
76.6639
76.6693
76.6835
76.6992
76.7194
76.7425
76.7689
76.798
76.83
76.8643
76.901
76.9396
76.9805
77.023
77.0675
77.1131
77.1602
77.2085
77.2582
77.3086
77.3601
77.4121
77.465
77.5181
77.572
77.626
77.6807
77.7354
77.7906
77.8454
77.9004
77.9548
78.0093
78.0632
78.1173
78.1708
78.2244
78.2774
78.3305
78.3829
78.4354
78.4873
78.5393
78.5909
78.6428
78.6943
78.746
78.7972
78.8485
78.8995
78.9508
79.002
79.0536
79.1053
79.1575
79.2099
79.2629
79.3164
79.3706
79.4256
79.4816
79.5385
79.5965
79.6557
79.7162
79.7779
79.8409
79.9051
79.9706
80.0374
80.1056
80.1753
80.2466
80.3194
80.3938
80.4698
80.5474
80.6266
80.7075
80.7898
80.8739
80.9592
81.0466
81.1345
81.2252
81.3153
81.41
81.5013
81.601
81.6913
81.7987
81.8834
82.0053
82.074
76.5739
76.6643
76.6273
76.6454
76.65
76.6649
76.6808
76.7014
76.7248
76.7515
76.7809
76.8132
76.8477
76.8847
76.9237
76.9648
77.0075
77.0522
77.098
77.1454
77.1938
77.2437
77.2943
77.3461
77.3982
77.4513
77.5045
77.5585
77.6126
77.6674
77.7221
77.7775
77.8323
77.8873
77.9417
77.9962
78.0501
78.1042
78.1576
78.2112
78.2641
78.3172
78.3695
78.4219
78.4736
78.5255
78.5769
78.6285
78.6798
78.7313
78.7822
78.8333
78.884
78.935
78.9859
79.0372
79.0885
79.1402
79.1922
79.2448
79.2978
79.3516
79.406
79.4614
79.5177
79.5752
79.6337
79.6936
79.7546
79.817
79.8804
79.9451
80.0111
80.0785
80.1473
80.2178
80.2897
80.3632
80.4382
80.5148
80.5929
80.6727
80.7539
80.837
80.9211
81.0073
81.0939
81.1835
81.2723
81.3657
81.4556
81.5541
81.6427
81.7492
81.8317
81.9526
82.0184
76.5598
76.6511
76.6124
76.6324
76.6365
76.652
76.6681
76.6889
76.7125
76.7395
76.7691
76.8016
76.8363
76.8735
76.9126
76.9539
76.9967
77.0415
77.0874
77.135
77.1835
77.2336
77.2842
77.3361
77.3883
77.4415
77.4947
77.5488
77.6028
77.6577
77.7124
77.7678
77.8225
77.8776
77.9319
77.9864
78.0402
78.0942
78.1475
78.201
78.2538
78.3067
78.3588
78.4111
78.4626
78.5143
78.5654
78.6169
78.6679
78.7192
78.7698
78.8206
78.8709
78.9217
78.9722
79.0231
79.074
79.1254
79.1769
79.229
79.2816
79.3348
79.3888
79.4436
79.4994
79.5563
79.6142
79.6734
79.7338
79.7955
79.8582
79.9222
79.9874
80.0541
80.1221
80.1917
80.2627
80.3354
80.4094
80.4851
80.5622
80.6411
80.7213
80.8033
80.8863
80.9715
81.057
81.1454
81.233
81.3253
81.4139
81.5113
81.5985
81.704
81.7847
81.9046
81.9676
76.5504
76.6421
76.6022
76.6237
76.6274
76.6434
76.6595
76.6806
76.7043
76.7315
76.7612
76.7938
76.8287
76.866
76.9051
76.9465
76.9894
77.0343
77.0803
77.1279
77.1764
77.2266
77.2772
77.3292
77.3814
77.4346
77.4878
77.5419
77.5959
77.6507
77.7053
77.7607
77.8154
77.8704
77.9246
77.979
78.0327
78.0866
78.1397
78.1932
78.2457
78.2985
78.3505
78.4025
78.4538
78.5053
78.5562
78.6075
78.6582
78.7092
78.7595
78.8101
78.8601
78.9106
78.9607
79.0113
79.0618
79.1128
79.1639
79.2156
79.2677
79.3205
79.3739
79.4283
79.4835
79.5399
79.5972
79.6559
79.7156
79.7767
79.8388
79.9021
79.9666
80.0326
80.0999
80.1688
80.239
80.3109
80.3841
80.459
80.5352
80.6132
80.6924
80.7736
80.8556
80.9398
81.0243
81.1118
81.1983
81.2896
81.3771
81.4735
81.5594
81.664
81.7431
81.8621
81.9227
76.5445
76.6365
76.5958
76.6183
76.6217
76.638
76.6541
76.6754
76.6991
76.7264
76.7562
76.7889
76.8238
76.8612
76.9003
76.9418
76.9847
77.0296
77.0755
77.1233
77.1717
77.222
77.2725
77.3246
77.3766
77.4299
77.483
77.5371
77.591
77.6458
77.7003
77.7557
77.8102
77.8652
77.9192
77.9736
78.0271
78.0809
78.1339
78.1872
78.2396
78.2923
78.344
78.3959
78.447
78.4983
78.5489
78.6
78.6504
78.7012
78.7512
78.8016
78.8513
78.9015
78.9513
79.0016
79.0517
79.1024
79.1531
79.2045
79.2561
79.3085
79.3615
79.4155
79.4702
79.5261
79.583
79.6411
79.7003
79.7608
79.8223
79.8851
79.949
80.0144
80.081
80.1493
80.2188
80.29
80.3625
80.4366
80.5121
80.5893
80.6677
80.7481
80.8293
80.9127
80.9963
81.0829
81.1686
81.259
81.3455
81.4411
81.526
81.6298
81.7076
81.8256
81.8842
76.5414
76.6332
76.592
76.6152
76.6183
76.6348
76.651
76.6722
76.696
76.7233
76.7532
76.7859
76.8208
76.8582
76.8974
76.9388
76.9817
77.0267
77.0725
77.1203
77.1687
77.219
77.2695
77.3215
77.3735
77.4267
77.4798
77.5338
77.5876
77.6424
77.6968
77.7521
77.8065
77.8615
77.9153
77.9697
78.023
78.0767
78.1295
78.1828
78.235
78.2875
78.3391
78.3908
78.4417
78.4928
78.5433
78.5942
78.6444
78.695
78.7448
78.7949
78.8443
78.8943
78.9438
78.9939
79.0437
79.0941
79.1444
79.1955
79.2468
79.2989
79.3515
79.4051
79.4594
79.5149
79.5713
79.6291
79.6878
79.7478
79.8088
79.8711
79.9344
79.9993
80.0654
80.1331
80.2021
80.2727
80.3445
80.4181
80.4929
80.5695
80.6473
80.727
80.8075
80.8901
80.9731
81.059
81.1439
81.2336
81.3193
81.4142
81.4982
81.6013
81.6781
81.7953
81.8522
76.5401
76.6315
76.59
76.6136
76.6165
76.6331
76.6493
76.6706
76.6944
76.7217
76.7515
76.7843
76.8192
76.8566
76.8957
76.9372
76.98
77.025
77.0708
77.1186
77.1669
77.2172
77.2676
77.3196
77.3716
77.4248
77.4777
77.5317
77.5854
77.6402
77.6945
77.7498
77.804
77.8589
77.9126
77.967
78.0201
78.0738
78.1265
78.1796
78.2317
78.2841
78.3355
78.3871
78.4378
78.4888
78.5391
78.5898
78.6399
78.6903
78.7398
78.7898
78.839
78.8888
78.938
78.9879
79.0374
79.0876
79.1377
79.1885
79.2395
79.2913
79.3436
79.3969
79.4509
79.506
79.5621
79.6195
79.6778
79.7375
79.7981
79.86
79.9229
79.9874
80.053
80.1203
80.1887
80.2589
80.3302
80.4033
80.4776
80.5537
80.6309
80.71
80.79
80.8721
80.9545
81.0398
81.1241
81.2132
81.2983
81.3925
81.4759
81.5783
81.6544
81.7709
81.8264
76.5399
76.6309
76.5892
76.613
76.6158
76.6325
76.6486
76.6699
76.6937
76.721
76.7508
76.7836
76.8184
76.8558
76.8949
76.9364
76.9792
77.0241
77.0699
77.1177
77.166
77.2162
77.2666
77.3186
77.3705
77.4236
77.4765
77.5305
77.5841
77.6389
77.693
77.7483
77.8024
77.8573
77.9109
77.9652
78.0182
78.0719
78.1244
78.1775
78.2294
78.2818
78.333
78.3846
78.4351
78.486
78.5361
78.5867
78.6366
78.6869
78.7363
78.7861
78.8351
78.8848
78.9338
78.9835
79.0329
79.0828
79.1327
79.1833
79.234
79.2856
79.3377
79.3907
79.4444
79.4994
79.5551
79.6123
79.6703
79.7297
79.79
79.8516
79.9141
79.9782
80.0435
80.1104
80.1785
80.2483
80.3193
80.3919
80.4658
80.5415
80.6183
80.697
80.7765
80.8582
80.9401
81.025
81.1088
81.1974
81.2821
81.3758
81.4586
81.5606
81.636
81.7521
81.8065
76.5404
76.631
76.5891
76.6131
76.6158
76.6324
76.6486
76.6698
76.6936
76.7209
76.7507
76.7834
76.8183
76.8557
76.8947
76.9362
76.979
77.0239
77.0696
77.1174
77.1656
77.2158
77.2662
77.3182
77.37
77.4231
77.4759
77.5299
77.5834
77.6382
77.6922
77.7475
77.8015
77.8564
77.9099
77.9641
78.0171
78.0707
78.1231
78.1761
78.228
78.2803
78.3314
78.3829
78.4333
78.4842
78.5342
78.5847
78.6344
78.6847
78.7339
78.7836
78.8325
78.882
78.9309
78.9805
79.0296
79.0795
79.1292
79.1796
79.2302
79.2816
79.3335
79.3863
79.4399
79.4946
79.5501
79.6071
79.6649
79.7241
79.7841
79.8454
79.9077
79.9716
80.0366
80.1033
80.1711
80.2406
80.3113
80.3836
80.4572
80.5326
80.6091
80.6875
80.7666
80.848
80.9296
81.0141
81.0976
81.1858
81.2701
81.3634
81.4459
81.5475
81.6225
81.7381
81.7918
76.5412
76.6313
76.5895
76.6134
76.6161
76.6327
76.6488
76.6701
76.6939
76.7212
76.751
76.7836
76.8185
76.8558
76.8949
76.9363
76.9791
77.024
77.0697
77.1174
77.1656
77.2158
77.2661
77.3181
77.3699
77.423
77.4757
77.5297
77.5832
77.638
77.6919
77.7472
77.8012
77.856
77.9095
77.9637
78.0165
78.0701
78.1225
78.1754
78.2272
78.2795
78.3305
78.382
78.4323
78.4831
78.533
78.5835
78.6331
78.6833
78.7324
78.782
78.8308
78.8802
78.929
78.9785
79.0276
79.0773
79.1269
79.1772
79.2277
79.279
79.3307
79.3834
79.4368
79.4914
79.5468
79.6036
79.6612
79.7203
79.7801
79.8413
79.9034
79.9671
80.0319
80.0984
80.166
80.2353
80.3058
80.3779
80.4513
80.5265
80.6027
80.6809
80.7598
80.841
80.9223
81.0065
81.0898
81.1778
81.2618
81.3549
81.4371
81.5383
81.6131
81.7283
81.7816
76.5421
76.6318
76.59
76.614
76.6166
76.6332
76.6493
76.6706
76.6943
76.7216
76.7514
76.784
76.8188
76.8562
76.8953
76.9366
76.9794
77.0243
77.07
77.1177
77.1659
77.2161
77.2664
77.3184
77.3701
77.4232
77.4759
77.5299
77.5833
77.638
77.692
77.7472
77.8011
77.856
77.9094
77.9636
78.0164
78.07
78.1223
78.1752
78.2269
78.2792
78.3302
78.3816
78.4319
78.4826
78.5324
78.5829
78.6324
78.6826
78.7316
78.7812
78.8299
78.8793
78.928
78.9774
79.0264
79.0761
79.1256
79.1758
79.2262
79.2774
79.3291
79.3817
79.435
79.4895
79.5448
79.6015
79.659
79.7179
79.7776
79.8387
79.9007
79.9643
80.029
80.0954
80.1629
80.232
80.3024
80.3744
80.4476
80.5226
80.5987
80.6768
80.7555
80.8365
80.9177
81.0018
81.0848
81.1727
81.2565
81.3494
81.4315
81.5325
81.6071
81.7221
81.7751
76.5428
76.6323
76.5906
76.6145
76.6171
76.6337
76.6498
76.671
76.6948
76.722
76.7518
76.7845
76.8193
76.8566
76.8957
76.937
76.9798
77.0247
77.0703
77.1181
77.1663
77.2164
77.2667
77.3187
77.3704
77.4235
77.4762
77.5301
77.5835
77.6383
77.6922
77.7474
77.8013
77.8562
77.9095
77.9637
78.0165
78.07
78.1223
78.1753
78.2269
78.2792
78.3301
78.3815
78.4318
78.4825
78.5323
78.5827
78.6322
78.6823
78.7314
78.7809
78.8296
78.8789
78.9276
78.977
79.0259
79.0755
79.125
79.1752
79.2255
79.2767
79.3283
79.3809
79.4341
79.4885
79.5438
79.6004
79.6579
79.7167
79.7764
79.8374
79.8993
79.9629
80.0275
80.0937
80.1612
80.2302
80.3005
80.3724
80.4456
80.5205
80.5965
80.6745
80.7532
80.8341
80.9151
80.9991
81.0821
81.1698
81.2536
81.3464
81.4284
81.5292
81.6037
81.7186
81.7716
76.5434
76.6328
76.5911
76.615
76.6176
76.6342
76.6503
76.6716
76.6953
76.7225
76.7523
76.785
76.8198
76.8571
76.8962
76.9375
76.9803
77.0252
77.0708
77.1185
77.1667
77.2169
77.2672
77.3191
77.3708
77.4239
77.4766
77.5306
77.584
77.6387
77.6926
77.7478
77.8017
77.8566
77.9099
77.9641
78.0169
78.0704
78.1227
78.1756
78.2273
78.2795
78.3304
78.3818
78.4321
78.4827
78.5325
78.5829
78.6324
78.6825
78.7315
78.7811
78.8297
78.879
78.9277
78.977
79.026
79.0756
79.125
79.1752
79.2255
79.2766
79.3282
79.3808
79.4339
79.4884
79.5436
79.6002
79.6576
79.7165
79.7761
79.8371
79.899
79.9625
80.027
80.0933
80.1607
80.2297
80.3
80.3719
80.445
80.5199
80.5958
80.6738
80.7524
80.8333
80.9143
80.9982
81.0812
81.1689
81.2526
81.3453
81.4273
81.5281
81.6025
81.7173
81.7704
76.544
76.6332
76.5916
76.6154
76.6181
76.6347
76.6508
76.672
76.6958
76.723
76.7527
76.7854
76.8202
76.8576
76.8966
76.938
76.9807
77.0256
77.0713
77.119
77.1671
77.2173
77.2676
77.3195
77.3712
77.4244
77.477
77.531
77.5844
77.6391
77.693
77.7482
77.8021
77.8569
77.9103
77.9645
78.0173
78.0708
78.123
78.176
78.2276
78.2799
78.3308
78.3822
78.4324
78.4831
78.5329
78.5833
78.6328
78.6829
78.7319
78.7814
78.83
78.8793
78.928
78.9773
79.0263
79.0759
79.1253
79.1754
79.2257
79.2769
79.3284
79.381
79.4342
79.4886
79.5438
79.6004
79.6578
79.7167
79.7763
79.8373
79.8991
79.9626
80.0272
80.0934
80.1608
80.2298
80.3001
80.372
80.4451
80.52
80.5959
80.6738
80.7525
80.8333
80.9143
80.9983
81.0812
81.1689
81.2526
81.3453
81.4272
81.528
81.6025
81.7173
81.7705
19.9267
20.0119
22.9874
25.0891
27.8612
30.5369
33.2559
35.4703
36.5698
35.369
30.3717
20.2085
6.94173
-8.10251
-20.6633
-26.2219
-21.5815
-5.13019
21.5618
53.9117
82.736
106.923
120.587
129.736
126.267
124.522
106.486
102.928
81.1735
84.9621
52.6076
69.0638
-22.416
19.3959
19.4831
22.4123
24.5059
27.227
29.848
32.4799
34.5956
35.6068
34.3844
29.565
19.8592
7.14758
-7.26059
-19.2953
-24.5909
-20.0105
-3.94276
22.1495
53.8544
82.2024
106.099
119.612
128.643
125.128
123.361
105.556
102.221
80.7427
84.8032
52.3393
68.8475
-22.5121
18.8585
18.9748
21.8293
23.919
26.5774
29.1394
31.6798
33.6946
34.6188
33.3799
28.7398
19.4943
7.34625
-6.41345
-17.9048
-22.9173
-18.3813
-2.68865
22.7913
53.8308
81.683
105.264
118.608
127.505
123.936
122.143
104.58
101.477
80.2964
84.6333
52.0785
68.645
-22.6357
18.3274
18.4841
21.2463
23.332
25.9188
28.4176
30.8634
32.7773
33.6177
32.3708
27.9123
19.1281
7.54954
-5.55439
-16.49
-21.2075
-16.7021
-1.37636
23.4813
53.8382
81.1765
104.418
117.575
126.319
122.687
120.862
103.552
100.693
79.8316
84.4456
51.8314
68.4444
-22.7938
17.8096
18.0142
20.6702
22.7494
25.2573
27.6895
30.0383
31.8528
32.6122
31.3674
27.0957
18.773
7.76902
-4.67366
-15.0433
-19.4554
-14.9708
-0.00555221
24.2216
53.8783
80.6832
103.563
116.51
125.084
121.379
119.516
102.471
99.8686
79.3482
84.2389
51.6057
68.2356
-22.9599
17.3151
17.5721
20.1114
22.1788
24.6017
26.9642
29.2121
30.9288
31.6135
30.3809
26.3022
18.4411
8.01647
-3.75979
-13.5564
-17.6541
-13.1835
1.4252
25.0138
53.9527
80.2035
102.695
115.413
123.796
120.009
118.102
101.334
99.0032
78.8449
84.0119
51.418
67.9766
-23.1028
16.8528
17.1651
19.58
21.6281
23.962
26.251
28.3953
30.0159
30.6337
29.4229
25.5431
18.1445
8.3045
-2.80041
-12.0189
-15.7954
-11.3347
2.91857
25.86
54.0626
79.7372
101.815
114.281
122.453
118.575
116.618
100.142
98.0969
78.3196
83.764
51.2671
67.6369
-23.2253
16.432
16.8014
19.087
21.1071
23.3493
25.5591
27.6004
29.1271
29.6829
28.5043
24.8304
17.8955
8.64493
-1.7842
-10.4201
-13.8697
-9.4171
4.47872
26.7627
54.2094
79.2839
100.921
113.113
121.052
117.073
115.061
98.8937
97.1494
77.7687
83.516
51.1067
67.2362
-23.3759
16.0649
16.4931
18.646
20.6285
22.7782
24.9003
26.8382
28.2735
28.7736
27.6373
24.1758
17.705
9.04836
-0.700392
-8.74965
-11.8672
-7.42257
6.11119
27.7257
54.3951
78.8437
100.011
111.905
119.591
115.502
113.428
97.5892
96.16
77.192
83.2816
50.9072
66.8375
-23.6009
15.7662
16.2546
18.2723
20.2072
22.2623
24.2882
26.122
27.4683
27.9191
26.8345
23.5917
17.5845
9.52548
0.461309
-6.99718
-9.77817
-5.34237
7.82237
28.7531
54.6224
78.4173
99.0858
110.657
118.068
113.86
111.721
96.2302
95.1285
76.5951
83.0411
50.6577
66.506
-23.8898
15.5536
16.1028
17.9847
19.8631
21.8152
23.7378
25.4667
26.7261
27.1341
26.1097
23.0913
17.5463
10.0873
1.71086
-5.15316
-7.59338
-3.16808
9.61886
29.8496
54.8942
78.0062
98.1443
109.368
116.482
112.147
109.939
94.8233
94.0495
75.9879
82.7867
50.3533
66.2678
-24.2192
15.4501
16.0585
17.8051
19.6136
21.4523
23.2653
24.888
26.0625
26.4338
25.4774
22.6883
17.6028
10.7445
3.05737
-3.20943
-5.30541
-0.892941
11.5061
31.0195
55.2137
77.6122
97.1878
108.038
114.835
110.363
108.081
93.3671
92.9281
75.3723
82.5229
50.0106
66.0982
-24.5647
15.4662
16.1412
17.7562
19.4717
21.1902
22.8881
24.4031
25.4946
25.8345
24.9523
22.3958
17.7651
11.5054
4.50653
-1.16197
-2.91111
1.48633
13.4876
32.2667
55.5856
77.2405
96.2206
106.672
113.128
108.51
106.159
91.8475
91.7787
74.7486
82.2374
49.6602
65.9448
-24.905
15.7069
16.4679
17.922
19.5063
21.0892
22.6533
24.0464
25.0462
25.3535
24.5525
22.243
18.0882
12.4588
6.18524
1.1475
-0.238118
4.1331
15.6942
33.6725
56.0373
76.8783
95.2007
105.216
111.298
106.528
104.116
90.233
90.588
74.1098
81.9265
49.3436
65.7949
-25.2112
16.2586
17.0648
18.3501
19.7764
21.2083
22.6214
23.8783
24.7771
25.0498
24.3346
22.2834
18.6183
13.6441
8.12566
3.74731
2.74155
7.07681
18.157
35.2677
56.5967
76.5453
94.1392
103.67
109.338
104.407
101.923
88.5281
89.3453
73.4458
81.58
49.0942
65.6079
-25.5065
17.0673
17.8759
19.0067
20.2713
21.5504
22.8099
23.9289
24.7271
24.9677
24.3393
22.5425
19.352
15.0177
10.238
6.50857
5.87686
10.1685
20.7517
36.9705
57.2294
76.2453
93.068
102.082
107.311
102.186
99.6494
86.7716
88.0743
72.7608
81.21
48.9155
65.4134
-25.77
18.1695
18.9507
19.9418
21.0442
22.1677
23.2708
24.2488
24.9444
25.1514
24.6054
23.0526
20.3138
16.5948
12.5279
9.42918
9.16149
13.4022
23.4752
38.7826
57.9417
75.9874
91.9953
100.46
105.204
99.8698
97.3004
84.9612
86.772
72.0446
80.8392
48.751
65.2209
-26.0061
19.5816
20.3218
21.1822
22.1249
23.0926
24.039
24.8745
25.4654
25.6356
25.164
23.8388
21.522
18.3841
14.9936
12.4982
12.5783
16.7593
26.3111
40.6947
58.7327
75.7748
90.9225
98.803
103.004
97.4745
94.8738
83.0935
85.4362
71.293
80.5067
48.572
65.0409
-26.2134
21.3387
22.0177
22.7513
23.5391
24.3517
25.1419
25.8345
26.3189
26.4473
26.039
24.9203
22.9898
20.391
17.6319
15.704
16.1095
20.2206
29.2448
42.7021
59.6064
75.6037
89.8578
97.098
100.736
94.999
92.3647
81.1633
84.0629
70.5037
80.2491
48.3727
64.8773
-26.395
23.4112
24.0123
24.6268
25.2703
25.9346
26.5755
27.131
27.5123
27.598
27.2439
26.3113
24.7309
22.6255
20.4466
19.043
19.7456
23.7747
32.2696
44.8029
60.5582
75.4776
88.8055
95.3636
98.4113
92.4383
89.764
79.1664
82.6552
69.6834
80.0669
48.1622
64.7293
-26.5596
25.8059
26.3234
26.8268
27.338
27.8635
28.364
28.7893
29.0704
29.1108
28.7992
28.0279
26.7543
25.0853
23.4193
22.4778
23.4326
27.3595
35.3192
46.9415
61.546
75.398
87.7979
93.6736
96.1174
89.9004
87.1961
77.2115
81.3094
68.8985
79.9399
47.9963
64.686
-26.6462
28.4798
28.9162
29.3175
29.7091
30.1086
30.4815
30.7885
30.9782
30.9762
30.6991
30.067
29.0582
27.7677
26.5446
25.9977
27.1498
30.9489
38.3812
49.0898
62.5707
75.3839
86.8628
92.0466
93.8832
87.4195
84.7033
75.3432
80.0589
68.1868
79.8329
47.8665
64.6698
-26.6993
31.4373
31.7995
32.1088
32.395
32.683
32.9431
33.1455
33.2533
33.2104
32.9575
32.4376
31.6483
30.6768
29.8313
29.6231
30.9358
34.5758
41.4602
51.2804
63.6733
75.4433
85.9782
90.4456
91.6437
84.912
82.2012
73.4976
78.8542
67.5243
79.7319
47.7676
64.7002
-26.7142
34.6418
34.9407
35.1729
35.3723
35.567
35.7315
35.8437
35.8802
35.8008
35.5679
35.1418
34.5363
33.8296
33.2894
33.3481
34.7705
38.2383
44.5862
53.5541
64.8609
75.5677
85.1445
88.8588
89.3754
82.3502
79.6748
71.6577
77.6862
66.9098
79.6143
47.6876
64.7596
-26.7022
38.1223
38.3646
38.5333
38.6619
38.7763
38.855
38.8843
38.8501
38.7285
38.4983
38.1406
37.6807
37.192
36.9089
37.1863
38.6792
41.963
47.7853
55.8911
66.1108
75.7591
84.359
87.2746
87.0566
79.7092
77.1133
69.8143
76.5544
66.3315
79.4785
47.6203
64.8414
-26.6687
41.767
41.9627
42.0895
42.1706
42.2254
42.2386
42.2032
42.1132
41.957
41.7287
41.4255
41.0825
40.7702
40.6935
41.1385
42.6569
45.7227
51.0023
58.2677
67.4306
76.0212
83.6208
85.6815
84.6668
76.9719
74.5007
67.9556
75.4636
65.7589
79.327
47.56
64.9428
-26.6184
45.5752
45.7312
45.834
45.8841
45.8946
45.8595
45.776
45.645
45.4639
45.238
44.9741
44.7146
44.5258
44.5878
45.1378
46.641
49.4793
54.2386
60.6966
68.8243
76.3575
82.9297
84.07
82.1891
74.1378
71.8196
66.0664
74.4222
65.1848
79.1544
47.5037
65.0599
-26.5538
49.4119
49.5444
49.6366
49.6672
49.6466
49.5766
49.4575
49.2952
49.0948
48.8701
48.6376
48.4453
48.3576
48.5326
49.1632
50.6335
53.2444
57.4983
63.1795
70.3016
76.7777
82.2917
82.4368
79.6079
71.2058
69.058
64.1327
73.4009
64.6242
78.9565
47.4496
65.1859
-26.4764
53.2546
53.3774
53.4576
53.4726
53.4334
53.344
53.2071
53.0323
52.8298
52.6195
52.4239
52.2935
52.2896
52.5502
53.2313
54.6493
57.034
60.806
65.7468
71.8854
77.2978
81.7158
80.7847
76.929
68.1574
66.2129
62.1556
72.3579
64.0795
78.7379
47.3987
65.3148
-26.387
56.9496
57.0784
57.1536
57.1652
57.128
57.0431
56.9145
56.7539
56.5741
56.3989
56.2547
56.1937
56.2733
56.6145
57.3419
58.7093
60.8802
64.1934
68.4182
73.5905
77.9324
81.215
79.1223
74.1559
64.9872
63.2865
60.1538
71.294
63.5342
78.5065
47.3563
65.4433
-26.287
60.6155
60.7547
60.8362
60.8561
60.8337
60.7679
60.6635
60.5343
60.3949
60.2718
60.1931
60.2114
60.3775
60.7974
61.562
62.8728
64.8289
67.6923
71.2175
75.4391
78.7026
80.8074
77.4562
71.2905
61.6937
60.2809
58.129
70.23
62.9723
78.2675
47.3306
65.5708
-26.1777
64.2038
64.3648
64.4649
64.5043
64.5064
64.4702
64.4018
64.3175
64.2339
64.1788
64.1816
64.2918
64.5548
65.0574
65.8621
67.1186
68.8664
71.2983
74.1399
77.4342
79.6087
80.5213
75.8003
68.3466
58.2693
57.206
56.0653
69.171
62.393
78.0267
47.3281
65.7012
-26.0593
67.7151
67.8831
67.9913
68.0455
68.0731
68.0732
68.0542
68.0332
68.0291
68.069
68.1827
68.4134
68.8
69.4067
70.2694
71.4845
73.0299
75.0441
77.2039
79.5757
80.667
80.3933
74.1833
65.3257
54.7157
54.0615
53.9873
68.1036
61.8082
77.8062
47.3465
65.8442
-25.9331
70.9479
71.1165
71.2294
71.3051
71.3747
71.4361
71.4987
71.5802
71.699
71.8809
72.1513
72.5478
73.0942
73.8349
74.7686
75.9411
77.2789
78.853
80.3472
81.8196
81.8938
80.454
72.6289
62.2361
51.056
50.8406
51.9239
67.0259
61.23
77.6352
47.3907
66.0085
-25.8124
74.1814
74.3146
74.3963
74.4668
74.5619
74.6774
74.8226
75.0148
75.2709
75.6127
76.0617
76.6429
77.3704
78.2537
79.2699
80.3908
81.5298
82.6662
83.5484
84.1754
83.3156
80.7492
71.1504
59.0863
47.3198
47.6114
49.8555
65.9643
60.7019
77.5143
47.4923
66.2051
-25.671
76.7614
76.8756
76.9608
77.0627
77.2137
77.4136
77.6746
78.0131
78.448
78.996
79.678
80.5017
81.4737
82.5573
83.7077
84.8046
85.7671
86.4725
86.7773
86.6108
84.9327
81.2866
69.7382
55.8781
43.5131
44.4155
47.813
64.9921
60.2667
77.4787
47.6944
66.4911
-25.2025
79.0455
79.1105
79.1762
79.287
79.4642
79.7141
80.0518
80.4953
81.0627
81.7706
82.6345
83.6536
84.818
86.0554
87.285
88.3161
89.0825
89.3992
89.2526
88.5151
86.375
81.9835
68.7722
53.3152
40.3279
41.7523
46.1496
64.3208
60.007
77.5804
47.9341
66.7109
-25.447
80.121
80.1618
80.2157
80.3393
80.5487
80.8517
81.2647
81.8065
82.4946
83.3457
84.3723
85.5684
86.9119
88.2989
89.6156
90.6169
91.2578
91.3202
90.8815
89.7981
87.3806
82.4501
68.0126
51.4423
38.129
40.0379
45.1565
63.9652
59.9621
77.7519
48.188
66.9412
-25.2419
81.0088
81.0351
81.0822
81.2175
81.4524
81.795
82.264
82.8783
83.6568
84.616
85.7695
87.1053
88.5961
90.0983
91.4741
92.4213
92.9388
92.7724
92.0954
90.7524
88.0848
82.7716
67.3423
49.911
36.3722
38.734
44.4908
63.7666
60.0387
77.9714
48.4497
67.1418
-25.1495
81.5139
81.5395
81.5941
81.7485
82.011
82.3916
82.9107
83.5881
84.4452
85.4983
86.7653
88.2276
89.8581
91.4657
92.896
93.7885
94.2019
93.8402
92.9691
91.3916
88.4833
82.9139
66.7296
48.6351
34.9759
37.7563
44.0477
63.7148
60.1919
78.2187
48.7026
67.3166
-25.0855
81.9067
81.9329
81.9943
82.1632
82.4451
82.8518
83.4063
84.1287
85.0436
86.1676
87.5244
89.0904
90.8408
92.5341
94.0029
94.8325
95.1494
94.6114
93.5492
91.718
88.6274
82.9111
66.1696
47.565
33.8719
37.0587
43.7749
63.7794
60.398
78.4794
48.9387
67.4673
-25.0316
82.1421
82.17
82.2408
82.4244
82.7239
83.1533
83.7373
84.4961
85.4582
86.6397
88.0715
89.727
91.5839
93.3497
94.8449
95.6121
95.8381
95.1285
93.8549
91.7823
88.5847
82.8097
65.6546
46.6677
33.0046
36.5802
43.6522
63.9236
60.638
78.7413
49.1528
67.5948
-24.9886
82.3033
82.3305
82.4086
82.6032
82.9151
83.3605
83.9657
84.7505
85.7477
86.9726
88.4634
90.1929
92.1394
93.9634
95.4734
96.1796
96.3081
95.4171
93.9245
91.662
88.422
82.6436
65.1771
45.9173
32.3379
36.2674
43.654
64.1206
60.8956
78.9952
49.3422
67.701
-24.9551
82.3938
82.4183
82.5036
82.7072
83.0289
83.4865
84.1075
84.9114
85.9348
87.1923
88.7288
90.5195
92.5407
94.4109
95.9264
96.5699
96.5839
95.5077
93.8204
91.4273
88.1947
82.4371
64.7298
45.2918
31.8414
36.0845
43.7492
64.3508
61.1582
79.2341
49.5064
67.7884
-24.9293
82.4385
82.4586
82.5507
82.7605
83.089
83.5548
84.1866
85.0034
86.0452
87.3257
88.8963
90.7351
92.8154
94.7229
96.2347
96.8073
96.6917
95.4455
93.6053
91.1321
87.9396
82.2094
64.3116
44.7725
31.4857
36.0061
43.9102
64.5983
61.416
79.4535
49.6462
67.8594
-24.9096
82.4472
82.4618
82.561
82.7747
83.1081
83.5793
84.2181
85.0433
86.0975
87.3936
88.9886
90.8634
92.9885
94.9245
96.4218
96.9128
96.6663
95.2794
93.3292
90.8147
87.6776
81.9694
63.9246
44.344
31.2434
36.0105
44.1141
64.8505
61.6617
79.6506
49.7636
67.9165
-24.8949
82.4299
82.4387
82.5454
82.7608
83.0975
83.5718
84.2146
85.0447
86.1063
87.4124
89.0235
90.9244
93.083
95.0371
96.5069
96.9108
96.5461
95.0514
93.0277
90.4993
87.421
81.721
63.5696
43.9937
31.0903
36.0777
44.3424
65.0978
61.8904
79.8244
49.8608
67.962
-24.8841
82.3938
82.3973
82.5115
82.7271
83.0659
83.5414
84.1861
85.0186
86.0839
87.3955
89.0159
90.9347
93.1176
95.0785
96.5087
96.8282
96.3663
94.7934
92.7247
90.1986
87.1763
81.4683
63.246
43.7105
31.006
36.19
44.5806
65.333
62.0989
79.975
49.9402
67.9978
-24.8763
82.3454
82.3445
82.4657
82.6802
83.0202
83.4957
84.1407
84.9736
86.0401
87.3538
88.978
90.9081
93.1072
95.0641
96.4471
96.6914
96.1545
94.5278
92.4349
89.9189
86.9455
81.2162
62.9527
43.4843
30.9735
36.3314
44.8176
65.5512
62.2856
80.1033
50.0044
68.0258
-24.8708
82.2896
82.2857
82.413
82.6258
82.9664
83.4409
84.0852
84.917
85.9826
87.2959
88.92
90.8564
93.0637
95.0074
96.3416
96.5229
95.9309
94.2694
92.1661
89.6627
86.7281
80.9697
62.6883
43.306
30.9786
36.489
45.0454
65.7496
62.45
80.2111
50.0556
68.0475
-24.8671
82.2308
82.2251
82.3574
82.5682
82.9087
83.3817
84.0245
84.8542
85.9177
87.2288
88.8502
90.7887
92.997
94.921
96.2091
96.3405
95.7097
94.0271
91.922
89.4309
86.5236
80.7327
62.4515
43.1671
31.0096
36.6522
45.2582
65.9266
62.5927
80.3002
50.0961
68.0641
-24.8646
82.1724
82.1659
82.302
82.5108
82.8508
83.3219
83.9626
84.7897
85.8503
87.1579
88.775
90.7123
92.9153
94.8158
96.0634
96.1566
95.4997
93.8055
91.7038
89.2234
86.3318
80.5082
62.2409
43.0602
31.0574
36.8131
45.4524
66.0818
62.7146
80.373
50.1277
68.0768
-24.863
82.1168
82.1103
82.2492
82.456
82.7952
83.2641
83.9026
84.7267
85.784
87.0874
88.6992
90.6327
92.8258
94.7015
95.9148
95.9798
95.3062
93.6068
91.5111
89.0392
86.1533
80.2984
62.0549
42.9789
31.1144
36.9658
45.6262
66.2159
62.8175
80.4316
50.1521
68.0865
-24.8621
82.0658
82.0598
82.2005
82.4056
82.7436
83.2104
83.8464
84.6675
85.7213
87.0203
88.6266
90.5542
92.7341
94.5856
95.7709
95.8155
95.132
93.4312
91.3429
88.8773
85.989
80.1049
61.8919
42.9176
31.1751
37.1067
45.7789
66.33
62.903
80.478
50.1707
68.0937
-24.8616
82.0206
82.0153
82.1572
82.3605
82.6973
83.1619
83.7956
84.6138
85.6642
86.9588
88.5594
90.4799
92.645
94.4741
95.6367
95.6671
94.9782
93.2783
91.1978
88.7365
85.8397
79.9288
61.7501
42.8718
31.2354
37.2334
45.9108
66.4257
62.9732
80.5144
50.1847
68.0991
-24.8614
81.9817
81.9772
82.1197
82.3215
82.6568
83.1194
83.7509
84.5665
85.6137
86.9042
88.4995
90.412
92.5619
94.3708
95.5154
95.5359
94.8446
93.147
91.0739
88.6156
85.7063
79.7707
61.6278
42.8377
31.2924
37.3451
46.0228
66.5048
63.0298
80.5425
50.1951
68.103
-24.8613
81.9494
81.9456
82.0881
82.2885
82.6225
83.0833
83.7129
84.5261
85.5705
86.8573
88.4477
90.3521
92.4874
94.2786
95.4089
95.4225
94.7306
93.0358
90.9696
88.5131
85.5893
79.6308
61.5232
42.8124
31.3443
37.4415
46.1165
66.5692
63.0749
80.5638
50.2027
68.1059
-24.8613
81.9234
81.9202
82.0625
82.2615
82.5943
83.0535
83.6814
84.4927
85.5346
86.8182
88.4043
90.301
92.4229
94.199
95.3178
95.3267
94.635
92.9433
90.883
88.4277
85.4889
79.509
61.4345
42.7937
31.3902
37.5233
46.1935
66.6209
63.1101
80.5797
50.2081
68.1081
-24.8613
81.9033
81.9005
82.0423
82.2402
82.5719
83.0298
83.6564
84.4661
85.5059
86.7869
88.3693
90.2592
92.3693
94.1327
95.2423
95.2476
94.5566
92.8676
90.8125
88.3579
85.4048
79.4049
61.3601
42.7798
31.4295
37.5912
46.2558
66.6615
63.1371
80.5913
50.2119
68.1096
-24.8612
81.8885
81.8859
82.0272
82.2241
82.5549
83.0118
83.6373
84.4457
85.484
86.7629
88.3422
90.2264
92.3267
94.0798
95.1819
95.1844
94.4939
92.8073
90.7564
88.3023
85.3362
79.318
61.298
42.7694
31.4623
37.6466
46.305
66.6927
63.1571
80.5995
50.2145
68.1108
-24.8611
81.8783
81.8758
82.0163
82.2125
82.5426
82.9987
83.6235
84.431
85.4681
86.7454
88.3225
90.2022
92.2948
94.0397
95.1359
95.136
94.4457
92.7609
90.7131
88.2592
85.2824
79.2476
61.2467
42.7615
31.489
37.6906
46.3429
66.7159
63.1713
80.6052
50.2162
68.1117
-24.8608
81.8719
81.8692
82.0091
82.2047
82.5343
82.99
83.6142
84.4212
85.4575
86.7337
88.3092
90.1857
92.2729
94.0118
95.1034
95.1013
94.4109
92.727
90.6813
88.2275
85.242
79.193
61.2047
42.7555
31.51
37.7243
46.3708
66.7321
63.1808
80.6088
50.2172
68.1123
-24.8607
81.8683
81.8654
82.0049
82.2002
82.5294
82.9849
83.6088
84.4155
85.4513
86.7268
88.3015
90.1761
92.2599
93.995
95.0834
95.0796
94.3886
92.7051
90.6605
88.2064
85.2146
79.1542
61.1734
42.751
31.5257
37.7485
46.3895
66.7422
63.1862
80.6109
50.2178
68.1125
-24.861
81.867
81.8639
82.0031
82.1982
82.5273
82.9826
83.6064
84.413
85.4486
86.7239
88.2981
90.1718
92.2541
93.9874
95.0742
95.0693
94.3779
92.6943
90.6501
88.1957
85.2003
79.1324
61.1569
42.7482
31.5355
37.7624
46.3994
66.7472
63.1887
80.6117
50.2178
68.1114
-24.8627
81.8668
81.8636
82.0027
82.1978
82.5268
82.9821
83.6059
84.4124
85.4479
86.7232
88.2973
90.1709
92.2529
93.9857
95.0719
95.0665
94.3747
92.6909
90.6466
88.1919
85.1951
79.1236
61.1523
42.7465
31.5395
37.7684
46.4038
66.7495
63.1899
80.6115
50.2167
68.106
-24.8693
)
;

boundaryField
{
    inlet
    {
        type            zeroGradient;
    }
    outlet
    {
        type            fixedValue;
        value           uniform 0;
    }
    lowerWallStartup
    {
        type            symmetryPlane;
    }
    upperWallStartup
    {
        type            symmetryPlane;
    }
    upperWall
    {
        type            zeroGradient;
    }
    lowerWall
    {
        type            zeroGradient;
    }
    front
    {
        type            empty;
    }
    back
    {
        type            empty;
    }
}


// ************************************************************************* //
