/*--------------------------------*- C++ -*----------------------------------*\
| =========                 |                                                 |
| \\      /  F ield         | OpenFOAM: The Open Source CFD Toolbox           |
|  \\    /   O peration     | Version:  2506                                  |
|   \\  /    A nd           | Website:  www.openfoam.com                      |
|    \\/     M anipulation  |                                                 |
\*---------------------------------------------------------------------------*/
FoamFile
{
    version     2.0;
    format      ascii;
    arch        "LSB;label=32;scalar=64";
    class       surfaceScalarField;
    location    "2000";
    object      phi;
}
// * * * * * * * * * * * * * * * * * * * * * * * * * * * * * * * * * * * * * //

dimensions      [0 3 -1 0 0 0 0];

oriented        oriented;

internalField   nonuniform List<scalar> 
40747
(
1.11443e-05
3.73616e-06
5.15817e-06
5.98616e-06
1.35012e-05
8.23627e-06
1.01881e-05
8.47126e-06
1.63732e-05
1.36398e-05
1.52127e-05
1.13487e-05
1.98796e-05
2.01041e-05
2.04002e-05
1.46921e-05
2.41696e-05
2.78034e-05
2.58542e-05
1.87156e-05
2.94307e-05
3.69255e-05
3.16502e-05
2.36347e-05
3.58986e-05
4.76653e-05
3.78549e-05
2.96939e-05
4.38711e-05
6.02138e-05
4.45369e-05
3.71891e-05
5.37248e-05
7.47415e-05
5.17751e-05
4.64866e-05
6.5937e-05
9.13713e-05
5.9666e-05
5.8046e-05
8.1114e-05
0.000110141
6.83326e-05
7.24474e-05
0.000100026
0.000130946
7.79328e-05
9.0426e-05
0.000123655
0.000153465
8.86691e-05
0.000112918
0.000153244
0.000177051
0.000100791
0.000141123
0.000190367
0.0002006
0.000114581
0.000176577
0.000236981
0.0002224
0.000130311
0.000221251
0.000295459
0.000239994
0.000148124
0.000277646
0.000368459
0.000250244
0.000167744
0.000348838
0.000457705
0.000250675
0.000187164
0.000438286
0.000563335
0.000241559
0.000201407
0.000549092
0.000684404
0.000227609
0.000204138
0.000681673
0.000820434
0.000218242
0.000195883
0.000828689
0.000990039
0.000209373
0.000187052
0.000998869
0.00119836
0.000197962
0.000177019
0.00120839
0.00144979
0.000184052
0.000164827
0.00146199
0.00175382
0.000167263
0.000150163
0.00176848
0.00212162
0.000146978
0.000132567
0.00213921
0.00256654
0.000122474
0.000111466
0.00258764
0.00310477
9.2875e-05
8.61752e-05
0.00313006
0.00375589
5.7112e-05
5.5853e-05
0.00378621
0.00359876
2.28597e-05
2.69877e-05
0.00362763
0.00359875
-1.13826e-05
-1.81052e-06
0.00362755
0.00359878
-4.56549e-05
-3.06078e-05
0.00362758
0.00359883
-7.99761e-05
-5.94904e-05
0.00362771
0.00364208
-0.000114793
-8.88969e-05
0.00367149
0.00302992
-0.00014384
-0.000113567
0.00305459
0.00252064
-0.000168072
-0.000134274
0.00254135
0.00209696
-0.00018828
-0.000151647
0.00211433
0.00174448
-0.000205125
-0.000166215
0.00175905
0.00145127
-0.000219179
-0.000178411
0.00146346
0.00120728
-0.000230848
-0.000188503
0.00121737
0.00100374
-0.00023996
-0.000197156
0.00101239
0.000835862
-0.000248398
-0.000206289
0.000844994
0.000702821
-0.000262889
-0.000206326
0.000702858
0.000584251
-0.000274523
-0.000193547
0.000571472
0.00047843
-0.000276595
-0.000174356
0.00045924
0.000387794
-0.000268108
-0.000154235
0.000367672
0.000312742
-0.000251186
-0.000135766
0.000294273
0.000252138
-0.000229079
-0.000119428
0.000235801
0.000203528
-0.000204464
-0.000105148
0.000189248
0.0001646
-0.000179272
-9.26739e-05
0.000152126
0.000133415
-0.000154801
-8.17134e-05
0.000122455
0.000108398
-0.000131853
-7.19933e-05
9.86777e-05
8.82867e-05
-0.000110875
-6.32839e-05
7.95774e-05
7.2081e-05
-9.2058e-05
-5.54019e-05
6.4199e-05
5.89883e-05
-7.54291e-05
-4.82048e-05
5.17911e-05
4.83827e-05
-6.09063e-05
-4.15819e-05
4.17598e-05
3.97689e-05
-4.83444e-05
-3.54459e-05
3.36329e-05
3.27542e-05
-3.75648e-05
-2.97252e-05
2.70335e-05
2.70265e-05
-2.83758e-05
-2.43571e-05
2.16585e-05
2.2338e-05
-2.05862e-05
-1.92803e-05
1.72611e-05
1.84906e-05
-1.40139e-05
-1.44243e-05
1.36346e-05
1.53264e-05
-8.49043e-06
-9.69134e-06
1.05934e-05
1.27184e-05
-3.86408e-06
-4.92113e-06
7.94822e-06
1.0565e-05
5.64387e-06
1.84453e-06
4.14163e-06
1.66115e-06
1.83376e-07
1.60177e-06
5.93813e-08
1.5654e-06
3.63729e-08
1.53918e-06
2.62249e-08
1.51926e-06
1.99131e-08
1.50346e-06
1.58015e-08
1.49057e-06
1.28896e-08
1.47994e-06
1.06296e-08
1.47104e-06
8.90658e-09
1.46346e-06
7.57381e-09
1.45693e-06
6.52739e-09
1.45127e-06
5.66123e-09
1.44631e-06
4.96024e-09
1.44194e-06
4.37111e-09
1.43809e-06
3.84923e-09
1.43469e-06
3.40198e-09
1.43166e-06
3.02642e-09
1.42897e-06
2.6971e-09
1.42655e-06
2.4197e-09
1.42437e-06
2.17409e-09
1.42241e-06
1.9586e-09
1.42066e-06
1.75626e-09
1.41908e-06
1.57706e-09
1.41767e-06
1.41329e-09
1.4164e-06
1.26668e-09
1.41526e-06
1.13651e-09
1.41425e-06
1.01982e-09
1.41333e-06
9.19129e-10
1.4125e-06
8.26494e-10
1.41176e-06
7.42086e-10
1.41109e-06
6.64435e-10
1.4105e-06
5.9469e-10
1.40997e-06
5.25263e-10
1.40951e-06
4.66165e-10
1.4091e-06
4.05145e-10
1.40875e-06
3.47116e-10
1.40847e-06
2.89163e-10
1.40823e-06
2.35889e-10
1.40805e-06
1.77757e-10
1.40794e-06
1.14346e-10
1.40789e-06
4.50134e-11
1.40791e-06
-2.22354e-11
1.40799e-06
-7.34813e-11
1.40809e-06
-1.0296e-10
1.40824e-06
-1.45046e-10
1.40846e-06
-2.24384e-10
1.40881e-06
-3.50108e-10
1.40933e-06
-5.2086e-10
1.41005e-06
-7.17889e-10
1.41096e-06
-9.13707e-10
1.41209e-06
-1.12248e-09
1.4134e-06
-1.31356e-09
1.4149e-06
-1.49774e-09
1.41657e-06
-1.66832e-09
1.41842e-06
-1.85573e-09
1.42045e-06
-2.0262e-09
1.42267e-06
-2.2233e-09
1.42508e-06
-2.40613e-09
1.42771e-06
-2.62775e-09
1.43056e-06
-2.85035e-09
1.43364e-06
-3.08679e-09
1.43708e-06
-3.43272e-09
1.43956e-06
-2.48633e-09
1.44222e-06
-2.65602e-09
1.44498e-06
-2.76034e-09
1.44788e-06
-2.89918e-09
1.45087e-06
-2.99131e-09
1.45397e-06
-3.10137e-09
1.45719e-06
-3.21887e-09
1.46052e-06
-3.33094e-09
1.46396e-06
-3.43479e-09
1.46754e-06
-3.58517e-09
1.47124e-06
-3.6905e-09
1.47507e-06
-3.82985e-09
1.47908e-06
-4.01224e-09
1.48318e-06
-4.09603e-09
1.48752e-06
-4.34551e-09
1.49196e-06
-4.44065e-09
1.49676e-06
-4.7976e-09
1.5016e-06
-4.83096e-09
1.50711e-06
-5.51205e-09
1.51342e-06
-6.31075e-09
1.5194e-06
-5.97284e-09
1.53205e-06
-1.26441e-08
1.53893e-06
-6.87992e-09
1.57925e-06
-4.03114e-08
-6.81597e-07
2.26085e-06
4.46569e-06
8.1472e-06
4.10002e-06
5.49047e-07
3.97869e-06
1.8071e-07
3.90423e-06
1.10838e-07
3.85025e-06
8.01993e-08
3.80914e-06
6.1025e-08
3.77645e-06
4.84901e-08
3.74974e-06
3.96003e-08
3.72768e-06
3.26913e-08
3.70917e-06
2.74118e-08
3.69343e-06
2.3321e-08
3.67985e-06
2.01043e-08
3.66807e-06
1.74427e-08
3.65774e-06
1.52847e-08
3.64865e-06
1.34682e-08
3.64064e-06
1.18598e-08
3.63356e-06
1.04804e-08
3.62726e-06
9.32158e-09
3.62165e-06
8.30656e-09
3.61662e-06
7.45065e-09
3.6121e-06
6.69292e-09
3.60803e-06
6.02783e-09
3.60439e-06
5.40403e-09
3.60111e-06
4.85099e-09
3.59818e-06
4.34587e-09
3.59555e-06
3.89374e-09
3.5932e-06
3.49193e-09
3.59109e-06
3.13237e-09
3.58918e-06
2.82126e-09
3.58747e-06
2.53542e-09
3.58594e-06
2.27507e-09
3.58457e-06
2.03546e-09
3.58335e-06
1.82004e-09
3.58226e-06
1.60626e-09
3.58131e-06
1.42296e-09
3.58048e-06
1.2338e-09
3.57977e-06
1.05401e-09
3.57919e-06
8.74302e-10
3.57872e-06
7.06832e-10
3.57837e-06
5.24327e-10
3.57816e-06
3.25471e-10
3.57809e-06
1.08767e-10
3.57817e-06
-1.01333e-10
3.57837e-06
-2.68147e-10
3.57864e-06
-3.76742e-10
3.57903e-06
-5.28978e-10
3.5796e-06
-7.97961e-10
3.58046e-06
-1.20615e-09
3.58168e-06
-1.74623e-09
3.58332e-06
-2.36079e-09
3.58538e-06
-2.96748e-09
3.58787e-06
-3.61063e-09
3.59075e-06
-4.1982e-09
3.59402e-06
-4.76482e-09
3.59764e-06
-5.29065e-09
3.60165e-06
-5.86609e-09
3.60602e-06
-6.39156e-09
3.61079e-06
-6.99758e-09
3.61595e-06
-7.56251e-09
3.62156e-06
-8.24478e-09
3.62765e-06
-8.93362e-09
3.63423e-06
-9.66615e-09
3.64153e-06
-1.07336e-08
3.6468e-06
-7.76065e-09
3.65242e-06
-8.27112e-09
3.65826e-06
-8.59985e-09
3.66439e-06
-9.02799e-09
3.67072e-06
-9.31978e-09
3.67727e-06
-9.65726e-09
3.68408e-06
-1.00264e-08
3.69112e-06
-1.03653e-08
3.69839e-06
-1.07074e-08
3.70595e-06
-1.11397e-08
3.71377e-06
-1.15155e-08
3.72182e-06
-1.18805e-08
3.73033e-06
-1.25225e-08
3.7389e-06
-1.26621e-08
3.74816e-06
-1.36026e-08
3.75733e-06
-1.36153e-08
3.76761e-06
-1.50704e-08
3.77744e-06
-1.46592e-08
3.78926e-06
-1.73262e-08
3.80177e-06
-1.88243e-08
3.81435e-06
-1.85483e-08
3.8396e-06
-3.78863e-08
3.85026e-06
-1.75299e-08
3.96193e-06
-1.51978e-07
-8.81056e-07
4.16139e-06
7.3987e-06
1.20972e-05
6.84921e-06
1.09854e-06
6.66463e-06
3.65289e-07
6.5521e-06
2.23367e-07
6.4703e-06
1.61996e-07
6.40793e-06
1.23402e-07
6.35832e-06
9.81001e-08
6.31777e-06
8.01505e-08
6.28426e-06
6.62e-08
6.25615e-06
5.55188e-08
6.23224e-06
4.72294e-08
6.21164e-06
4.07024e-08
6.19378e-06
3.53102e-08
6.17813e-06
3.09307e-08
6.16436e-06
2.72375e-08
6.15225e-06
2.39722e-08
6.14156e-06
2.11711e-08
6.13206e-06
1.88171e-08
6.12361e-06
1.67599e-08
6.11604e-06
1.50236e-08
6.10924e-06
1.34873e-08
6.10313e-06
1.21383e-08
6.09766e-06
1.08759e-08
6.09275e-06
9.75562e-09
6.08837e-06
8.73348e-09
6.08444e-06
7.81923e-09
6.08093e-06
7.00579e-09
6.07778e-06
6.27993e-09
6.07495e-06
5.64947e-09
6.07242e-06
5.0714e-09
6.07015e-06
4.54535e-09
6.06812e-06
4.06105e-09
6.06632e-06
3.62496e-09
6.06473e-06
3.19445e-09
6.06333e-06
2.8213e-09
6.06213e-06
2.43622e-09
6.06111e-06
2.07066e-09
6.06028e-06
1.70491e-09
6.05963e-06
1.357e-09
6.05918e-06
9.78052e-10
6.05894e-06
5.66115e-10
6.05893e-06
1.18844e-10
6.05914e-06
-3.14531e-10
6.05955e-06
-6.77188e-10
6.06012e-06
-9.52541e-10
6.06093e-06
-1.33292e-09
6.06208e-06
-1.95495e-09
6.06373e-06
-2.84696e-09
6.06596e-06
-3.98362e-09
6.06885e-06
-5.24902e-09
6.07237e-06
-6.48381e-09
6.07654e-06
-7.78129e-09
6.0813e-06
-8.96282e-09
6.08664e-06
-1.01032e-08
6.09252e-06
-1.11657e-08
6.09897e-06
-1.23219e-08
6.10597e-06
-1.33846e-08
6.11357e-06
-1.46053e-08
6.12176e-06
-1.57537e-08
6.13065e-06
-1.71313e-08
6.14025e-06
-1.85366e-08
6.15062e-06
-2.00297e-08
6.16207e-06
-2.21864e-08
6.17032e-06
-1.60044e-08
6.17905e-06
-1.70035e-08
6.18814e-06
-1.76946e-08
6.19768e-06
-1.85627e-08
6.20754e-06
-1.91799e-08
6.21775e-06
-1.98648e-08
6.22836e-06
-2.06348e-08
6.23931e-06
-2.13136e-08
6.25067e-06
-2.20672e-08
6.26241e-06
-2.28806e-08
6.27466e-06
-2.37633e-08
6.28716e-06
-2.43832e-08
6.30048e-06
-2.58431e-08
6.31374e-06
-2.59254e-08
6.32828e-06
-2.81364e-08
6.34237e-06
-2.77062e-08
6.35848e-06
-3.11802e-08
6.37356e-06
-2.97347e-08
6.39179e-06
-3.55475e-08
6.41087e-06
-3.78991e-08
6.42927e-06
-3.69507e-08
6.468e-06
-7.66057e-08
6.47787e-06
-2.73927e-08
6.65836e-06
-3.32467e-07
-7.90034e-07
6.56734e-06
1.06734e-05
1.61159e-05
9.925e-06
1.8469e-06
9.66686e-06
6.23433e-07
9.51106e-06
3.7917e-07
9.3977e-06
2.75354e-07
9.31121e-06
2.09887e-07
9.24246e-06
1.66856e-07
9.18626e-06
1.36343e-07
9.13982e-06
1.12639e-07
9.10089e-06
9.44562e-08
9.06779e-06
8.03268e-08
9.0393e-06
6.91893e-08
9.01461e-06
6.00047e-08
8.99301e-06
5.25314e-08
8.97402e-06
4.62213e-08
8.95734e-06
4.06527e-08
8.94264e-06
3.58747e-08
8.9296e-06
3.18592e-08
8.918e-06
2.83589e-08
8.90762e-06
2.54017e-08
8.89832e-06
2.27874e-08
8.88997e-06
2.04916e-08
8.88249e-06
1.83489e-08
8.8758e-06
1.64451e-08
8.86983e-06
1.47107e-08
8.86449e-06
1.31602e-08
8.85971e-06
1.17796e-08
8.85544e-06
1.0551e-08
8.85161e-06
9.47975e-09
8.84818e-06
8.49961e-09
8.84512e-06
7.60899e-09
8.84239e-06
6.78864e-09
8.83997e-06
6.04889e-09
8.83784e-06
5.32292e-09
8.83597e-06
4.68649e-09
8.83438e-06
4.02961e-09
8.83304e-06
3.40702e-09
8.83197e-06
2.78373e-09
8.83114e-06
2.17841e-09
8.8306e-06
1.51947e-09
8.83036e-06
8.05837e-10
8.83045e-06
3.33201e-11
8.83085e-06
-7.16461e-10
8.83155e-06
-1.37606e-09
8.83254e-06
-1.9449e-09
8.83393e-06
-2.72012e-09
8.83589e-06
-3.91064e-09
8.83857e-06
-5.53265e-09
8.84211e-06
-7.52771e-09
8.84657e-06
-9.70578e-09
8.85189e-06
-1.18021e-08
8.85809e-06
-1.3986e-08
8.8651e-06
-1.59705e-08
8.87289e-06
-1.78869e-08
8.8814e-06
-1.96817e-08
8.8907e-06
-2.16221e-08
8.90074e-06
-2.34194e-08
8.9116e-06
-2.54723e-08
8.92327e-06
-2.74234e-08
8.93589e-06
-2.97445e-08
8.94949e-06
-3.21371e-08
8.96414e-06
-3.46782e-08
8.98027e-06
-3.83171e-08
8.99185e-06
-2.75805e-08
9.00404e-06
-2.92021e-08
9.01675e-06
-3.0401e-08
9.03005e-06
-3.1863e-08
9.04382e-06
-3.29481e-08
9.05807e-06
-3.4109e-08
9.07287e-06
-3.54389e-08
9.08814e-06
-3.65774e-08
9.10401e-06
-3.79411e-08
9.12035e-06
-3.9218e-08
9.13748e-06
-4.08921e-08
9.15486e-06
-4.17654e-08
9.17346e-06
-4.44432e-08
9.19186e-06
-4.4326e-08
9.21216e-06
-4.84294e-08
9.23161e-06
-4.71537e-08
9.25399e-06
-5.35561e-08
9.27481e-06
-5.05573e-08
9.29965e-06
-6.038e-08
9.32584e-06
-6.40905e-08
9.35009e-06
-6.11904e-08
9.40128e-06
-1.27793e-07
9.41292e-06
-3.90231e-08
9.62778e-06
-5.47329e-07
-6.44569e-07
9.48232e-06
1.45635e-05
2.0268e-05
1.35886e-05
2.82177e-06
1.3239e-05
9.7305e-07
1.30302e-05
5.87997e-07
1.28783e-05
4.27257e-07
1.27623e-05
3.25803e-07
1.26703e-05
2.58946e-07
1.2595e-05
2.11589e-07
1.25328e-05
1.74821e-07
1.24807e-05
1.46565e-07
1.24365e-05
1.24584e-07
1.23984e-05
1.07241e-07
1.23655e-05
9.29666e-08
1.23367e-05
8.13279e-08
1.23114e-05
7.14948e-08
1.22892e-05
6.28355e-08
1.22697e-05
5.54029e-08
1.22524e-05
4.91589e-08
1.2237e-05
4.37292e-08
1.22233e-05
3.91371e-08
1.2211e-05
3.50824e-08
1.21999e-05
3.15225e-08
1.21901e-05
2.82091e-08
1.21813e-05
2.52611e-08
1.21734e-05
2.25806e-08
1.21664e-05
2.01842e-08
1.21601e-05
1.80502e-08
1.21545e-05
1.61556e-08
1.21495e-05
1.44977e-08
1.2145e-05
1.29838e-08
1.2141e-05
1.16109e-08
1.21374e-05
1.03455e-08
1.21343e-05
9.20302e-09
1.21315e-05
8.0889e-09
1.21291e-05
7.10116e-09
1.2127e-05
6.0816e-09
1.21253e-05
5.1167e-09
1.2124e-05
4.15066e-09
1.2123e-05
3.19395e-09
1.21223e-05
2.15315e-09
1.21221e-05
1.03161e-09
1.21223e-05
-1.79704e-10
1.2123e-05
-1.36085e-09
1.2124e-05
-2.4475e-09
1.21256e-05
-3.48457e-09
1.21277e-05
-4.8808e-09
1.21307e-05
-6.92041e-09
1.21348e-05
-9.57861e-09
1.214e-05
-1.27417e-08
1.21464e-05
-1.61396e-08
1.2154e-05
-1.93643e-08
1.21627e-05
-2.26985e-08
1.21725e-05
-2.57244e-08
1.21832e-05
-2.86477e-08
1.21949e-05
-3.14035e-08
1.22077e-05
-3.4361e-08
1.22214e-05
-3.71246e-08
1.22362e-05
-4.02593e-08
1.2252e-05
-4.3271e-08
1.22691e-05
-4.68182e-08
1.22875e-05
-5.05116e-08
1.23072e-05
-5.44358e-08
1.23289e-05
-6.00041e-08
1.23444e-05
-4.31044e-08
1.23607e-05
-4.54774e-08
1.23777e-05
-4.73396e-08
1.23953e-05
-4.95586e-08
1.24137e-05
-5.12759e-08
1.24326e-05
-5.30579e-08
1.24523e-05
-5.51221e-08
1.24726e-05
-5.68534e-08
1.24937e-05
-5.90581e-08
1.25154e-05
-6.08713e-08
1.25381e-05
-6.36707e-08
1.25612e-05
-6.47809e-08
1.25858e-05
-6.91124e-08
1.26102e-05
-6.86494e-08
1.2637e-05
-7.5289e-08
1.26626e-05
-7.2776e-08
1.26921e-05
-8.29755e-08
1.27195e-05
-7.80192e-08
1.27517e-05
-9.25178e-08
1.27858e-05
-9.81947e-08
1.28173e-05
-9.26753e-08
1.28794e-05
-1.89931e-07
1.29009e-05
-6.05224e-08
1.31139e-05
-7.60281e-07
-5.87264e-07
1.30566e-05
1.9316e-05
2.45866e-05
1.808e-05
4.05775e-06
1.76147e-05
1.43841e-06
1.73393e-05
8.63421e-07
1.71391e-05
6.27378e-07
1.69864e-05
4.78514e-07
1.68652e-05
3.80158e-07
1.67662e-05
3.10603e-07
1.66844e-05
2.56632e-07
1.66159e-05
2.15081e-07
1.65577e-05
1.82724e-07
1.65078e-05
1.57178e-07
1.64646e-05
1.36188e-07
1.64269e-05
1.19036e-07
1.63938e-05
1.04546e-07
1.63648e-05
9.18157e-08
1.63394e-05
8.08823e-08
1.63168e-05
7.17033e-08
1.62968e-05
6.3741e-08
1.62789e-05
5.69988e-08
1.6263e-05
5.10543e-08
1.62487e-05
4.5838e-08
1.62359e-05
4.09973e-08
1.62244e-05
3.66833e-08
1.62143e-05
3.27697e-08
1.62052e-05
2.92696e-08
1.61971e-05
2.61534e-08
1.61898e-05
2.33926e-08
1.61834e-05
2.09689e-08
1.61776e-05
1.87591e-08
1.61724e-05
1.67604e-08
1.61679e-05
1.49168e-08
1.61638e-05
1.32504e-08
1.61603e-05
1.16363e-08
1.61572e-05
1.01897e-08
1.61546e-05
8.69653e-09
1.61524e-05
7.28507e-09
1.61507e-05
5.87292e-09
1.61494e-05
4.44925e-09
1.61487e-05
2.9012e-09
1.61485e-05
1.24308e-09
1.61488e-05
-5.44511e-10
1.61498e-05
-2.3006e-09
1.61513e-05
-3.98015e-09
1.61535e-05
-5.71604e-09
1.61567e-05
-8.02941e-09
1.6161e-05
-1.12763e-08
1.61668e-05
-1.53515e-08
1.61741e-05
-2.00535e-08
1.6183e-05
-2.50337e-08
1.61933e-05
-2.96967e-08
1.62051e-05
-3.44906e-08
1.62183e-05
-3.88375e-08
1.62326e-05
-4.30385e-08
1.62483e-05
-4.70296e-08
1.62652e-05
-5.12795e-08
1.62834e-05
-5.52907e-08
1.63029e-05
-5.98015e-08
1.63238e-05
-6.41862e-08
1.63463e-05
-6.92908e-08
1.63704e-05
-7.46577e-08
1.63964e-05
-8.03659e-08
1.64247e-05
-8.83786e-08
1.6445e-05
-6.337e-08
1.64661e-05
-6.66219e-08
1.64881e-05
-6.93124e-08
1.6511e-05
-7.246e-08
1.65347e-05
-7.49958e-08
1.65593e-05
-7.75634e-08
1.65847e-05
-8.05547e-08
1.66109e-05
-8.30229e-08
1.66381e-05
-8.63381e-08
1.6666e-05
-8.87524e-08
1.66954e-05
-9.30512e-08
1.6725e-05
-9.43853e-08
1.67567e-05
-1.00825e-07
1.6788e-05
-9.98928e-08
1.68224e-05
-1.09708e-07
1.68552e-05
-1.05626e-07
1.68927e-05
-1.20438e-07
1.69279e-05
-1.13223e-07
1.69684e-05
-1.33045e-07
1.70112e-05
-1.40944e-07
1.70524e-05
-1.33885e-07
1.71233e-05
-2.60825e-07
1.71654e-05
-1.02585e-07
1.735e-05
-9.44885e-07
-6.69082e-07
1.74318e-05
2.51927e-05
2.90879e-05
2.36559e-05
5.59451e-06
2.30434e-05
2.05091e-06
2.26833e-05
1.22355e-06
2.24221e-05
8.88557e-07
2.22228e-05
6.77782e-07
2.20648e-05
5.38158e-07
2.19358e-05
4.39623e-07
2.18292e-05
3.63214e-07
2.174e-05
3.04282e-07
2.16644e-05
2.5835e-07
2.15995e-05
2.22063e-07
2.15434e-05
1.92301e-07
2.14945e-05
1.67924e-07
2.14517e-05
1.47342e-07
2.14142e-05
1.29305e-07
2.13813e-05
1.13802e-07
2.13522e-05
1.00799e-07
2.13264e-05
8.9546e-08
2.13034e-05
8.0005e-08
2.12829e-05
7.1607e-08
2.12645e-05
6.42434e-08
2.1248e-05
5.7432e-08
2.12334e-05
5.13504e-08
2.12203e-05
4.58475e-08
2.12086e-05
4.09223e-08
2.11982e-05
3.65398e-08
2.1189e-05
3.26638e-08
2.11807e-05
2.92515e-08
2.11733e-05
2.61445e-08
2.11667e-05
2.33423e-08
2.11609e-05
2.0756e-08
2.11557e-05
1.84155e-08
2.11512e-05
1.61643e-08
2.11472e-05
1.41265e-08
2.11439e-05
1.20238e-08
2.11412e-05
1.0037e-08
2.1139e-05
8.05247e-09
2.11374e-05
6.02024e-09
2.11365e-05
3.81092e-09
2.11363e-05
1.46e-09
2.11368e-05
-1.07076e-09
2.11381e-05
-3.57925e-09
2.11402e-05
-6.05863e-09
2.11432e-05
-8.78631e-09
2.11476e-05
-1.23909e-08
2.11536e-05
-1.72912e-08
2.11615e-05
-2.32509e-08
2.11714e-05
-2.994e-08
2.11833e-05
-3.6933e-08
2.1197e-05
-4.33999e-08
2.12125e-05
-5.0017e-08
2.12297e-05
-5.60153e-08
2.12485e-05
-6.18238e-08
2.12689e-05
-6.73799e-08
2.12908e-05
-7.32545e-08
2.13144e-05
-7.88588e-08
2.13397e-05
-8.50992e-08
2.13667e-05
-9.12409e-08
2.13958e-05
-9.82985e-08
2.14269e-05
-1.05788e-07
2.14603e-05
-1.13766e-07
2.14967e-05
-1.24815e-07
2.15227e-05
-8.93421e-08
2.15497e-05
-9.36045e-08
2.15777e-05
-9.72958e-08
2.16068e-05
-1.01549e-07
2.16369e-05
-1.05109e-07
2.1668e-05
-1.08647e-07
2.17002e-05
-1.12783e-07
2.17333e-05
-1.16138e-07
2.17678e-05
-1.20872e-07
2.1803e-05
-1.23954e-07
2.18401e-05
-1.30142e-07
2.18775e-05
-1.31722e-07
2.19174e-05
-1.40716e-07
2.19567e-05
-1.39248e-07
2.19999e-05
-1.52835e-07
2.20412e-05
-1.4696e-07
2.20879e-05
-1.6714e-07
2.21321e-05
-1.57422e-07
2.21825e-05
-1.83417e-07
2.22345e-05
-1.92969e-07
2.22886e-05
-1.87929e-07
2.23658e-05
-3.38082e-07
2.24381e-05
-1.74818e-07
2.25839e-05
-1.09069e-06
-8.63008e-07
2.27778e-05
3.2499e-05
3.3778e-05
3.06178e-05
7.47562e-06
2.98184e-05
2.85032e-06
2.93497e-05
1.69228e-06
2.90106e-05
1.22769e-06
2.87519e-05
9.36428e-07
2.85471e-05
7.43e-07
2.83799e-05
6.06824e-07
2.82418e-05
5.01301e-07
2.81263e-05
4.19774e-07
2.80285e-05
3.5618e-07
2.79446e-05
3.0591e-07
2.78722e-05
2.64751e-07
2.78092e-05
2.30958e-07
2.7754e-05
2.02454e-07
2.77058e-05
1.77545e-07
2.76635e-05
1.56116e-07
2.76261e-05
1.38157e-07
2.7593e-05
1.22655e-07
2.75635e-05
1.09492e-07
2.75372e-05
9.79273e-08
2.75137e-05
8.77966e-08
2.74926e-05
7.84593e-08
2.74739e-05
7.01049e-08
2.74572e-05
6.25667e-08
2.74423e-05
5.58131e-08
2.7429e-05
4.9808e-08
2.74172e-05
4.45046e-08
2.74066e-05
3.9825e-08
2.73972e-05
3.5568e-08
2.73888e-05
3.17404e-08
2.73813e-05
2.82065e-08
2.73747e-05
2.5004e-08
2.73689e-05
2.19464e-08
2.73639e-05
1.91533e-08
2.73597e-05
1.62741e-08
2.73562e-05
1.35523e-08
2.73534e-05
1.08405e-08
2.73514e-05
8.02728e-09
2.73502e-05
4.96857e-09
2.73499e-05
1.7354e-09
2.73506e-05
-1.74153e-09
2.73522e-05
-5.21897e-09
2.73549e-05
-8.74944e-09
2.7359e-05
-1.28262e-08
2.73648e-05
-1.81768e-08
2.73727e-05
-2.52708e-08
2.73832e-05
-3.36842e-08
2.73961e-05
-4.29028e-08
2.74116e-05
-5.24208e-08
2.74293e-05
-6.11332e-08
2.74493e-05
-7.00017e-08
2.74714e-05
-7.80431e-08
2.74954e-05
-8.58644e-08
2.75214e-05
-9.33821e-08
2.75494e-05
-1.01293e-07
2.75795e-05
-1.08915e-07
2.76117e-05
-1.17315e-07
2.76462e-05
-1.25689e-07
2.7683e-05
-1.35177e-07
2.77226e-05
-1.45338e-07
2.7765e-05
-1.56173e-07
2.78111e-05
-1.70942e-07
2.7844e-05
-1.22167e-07
2.78779e-05
-1.27587e-07
2.79131e-05
-1.32458e-07
2.79496e-05
-1.37994e-07
2.79872e-05
-1.42802e-07
2.80261e-05
-1.47513e-07
2.80664e-05
-1.53043e-07
2.81077e-05
-1.57438e-07
2.81507e-05
-1.6393e-07
2.81946e-05
-1.67766e-07
2.82406e-05
-1.76208e-07
2.8287e-05
-1.78129e-07
2.83364e-05
-1.90089e-07
2.83853e-05
-1.88094e-07
2.84384e-05
-2.05982e-07
2.84897e-05
-1.98211e-07
2.8547e-05
-2.24465e-07
2.86016e-05
-2.11991e-07
2.86636e-05
-2.454e-07
2.87255e-05
-2.54945e-07
2.87957e-05
-2.58028e-07
2.88779e-05
-4.20339e-07
2.89851e-05
-2.8194e-07
2.90992e-05
-1.20479e-06
-1.10944e-06
2.93456e-05
4.16057e-05
3.86588e-05
3.93337e-05
9.74764e-06
3.82979e-05
3.88616e-06
3.76892e-05
2.30098e-06
3.72499e-05
1.66696e-06
3.6915e-05
1.27129e-06
3.66502e-05
1.00787e-06
3.64341e-05
8.22919e-07
3.62557e-05
6.79714e-07
3.61065e-05
5.689e-07
3.59803e-05
4.82398e-07
3.58722e-05
4.13978e-07
3.57789e-05
3.58054e-07
3.56979e-05
3.12027e-07
3.56271e-05
2.73256e-07
3.55651e-05
2.39477e-07
3.55109e-05
2.10387e-07
3.5463e-05
1.86028e-07
3.54206e-05
1.65055e-07
3.53829e-05
1.47218e-07
3.53492e-05
1.31578e-07
3.53191e-05
1.17892e-07
3.52923e-05
1.05328e-07
3.52683e-05
9.40617e-08
3.52469e-05
8.39257e-08
3.52279e-05
7.48342e-08
3.5211e-05
6.67565e-08
3.51958e-05
5.9631e-08
3.51823e-05
5.33329e-08
3.51703e-05
4.76066e-08
3.51596e-05
4.24736e-08
3.515e-05
3.77351e-08
3.51416e-05
3.34339e-08
3.51342e-05
2.93581e-08
3.51277e-05
2.56056e-08
3.51223e-05
2.17448e-08
3.51177e-05
1.8089e-08
3.51141e-05
1.44591e-08
3.51115e-05
1.06562e-08
3.51099e-05
6.52e-09
3.51095e-05
2.17566e-09
3.51102e-05
-2.49453e-09
3.51122e-05
-7.20321e-09
3.51156e-05
-1.20823e-08
3.51207e-05
-1.79256e-08
3.5128e-05
-2.5553e-08
3.51382e-05
-3.54761e-08
3.51516e-05
-4.70258e-08
3.51681e-05
-5.94259e-08
3.51878e-05
-7.20823e-08
3.52102e-05
-8.35854e-08
3.52354e-05
-9.52121e-08
3.52632e-05
-1.05769e-07
3.52934e-05
-1.16098e-07
3.53261e-05
-1.26054e-07
3.53613e-05
-1.36517e-07
3.5399e-05
-1.46674e-07
3.54395e-05
-1.5777e-07
3.54828e-05
-1.68961e-07
3.55291e-05
-1.81463e-07
3.55787e-05
-1.94967e-07
3.56319e-05
-2.09374e-07
3.56896e-05
-2.28674e-07
3.57307e-05
-1.63195e-07
3.5773e-05
-1.69948e-07
3.58168e-05
-1.76187e-07
3.58619e-05
-1.83182e-07
3.59086e-05
-1.89474e-07
3.59567e-05
-1.95569e-07
3.60064e-05
-2.02777e-07
3.60573e-05
-2.08369e-07
3.61104e-05
-2.16959e-07
3.61643e-05
-2.21694e-07
3.62208e-05
-2.32704e-07
3.62778e-05
-2.35136e-07
3.63382e-05
-2.50442e-07
3.63981e-05
-2.47987e-07
3.64627e-05
-2.70645e-07
3.65255e-05
-2.60976e-07
3.6595e-05
-2.93967e-07
3.66615e-05
-2.78457e-07
3.67371e-05
-3.20944e-07
3.681e-05
-3.27927e-07
3.68989e-05
-3.46853e-07
3.69871e-05
-5.08555e-07
3.71271e-05
-4.21884e-07
3.72294e-05
-1.30708e-06
-1.35814e-06
3.74781e-05
5.29706e-05
4.37343e-05
5.02589e-05
1.24594e-05
4.8926e-05
5.21907e-06
4.81362e-05
3.09079e-06
4.75675e-05
2.2356e-06
4.71343e-05
1.70453e-06
4.6792e-05
1.35013e-06
4.65129e-05
1.102e-06
4.62826e-05
9.10056e-07
4.60902e-05
7.61322e-07
4.59274e-05
6.45143e-07
4.57882e-05
5.53191e-07
4.56681e-05
4.78159e-07
4.55639e-05
4.16259e-07
4.5473e-05
3.64195e-07
4.53934e-05
3.18986e-07
4.53238e-05
2.80005e-07
4.52625e-05
2.47388e-07
4.52081e-05
2.19378e-07
4.51598e-05
1.95513e-07
4.51168e-05
1.74633e-07
4.50783e-05
1.5638e-07
4.50439e-05
1.39699e-07
4.50133e-05
1.24707e-07
4.4986e-05
1.11258e-07
4.49616e-05
9.91811e-08
4.49399e-05
8.84579e-08
4.49205e-05
7.90076e-08
4.49032e-05
7.06452e-08
4.48878e-05
6.30438e-08
4.4874e-05
5.62488e-08
4.48618e-05
4.99809e-08
4.48509e-05
4.42799e-08
4.48414e-05
3.89186e-08
4.4833e-05
3.39504e-08
4.48259e-05
2.88558e-08
4.482e-05
2.40178e-08
4.48152e-05
1.92335e-08
4.48117e-05
1.41889e-08
4.48095e-05
8.70043e-09
4.48087e-05
2.96961e-09
4.48094e-05
-3.19473e-09
4.48116e-05
-9.45059e-09
4.48156e-05
-1.6024e-08
4.48218e-05
-2.41031e-08
4.48308e-05
-3.46033e-08
4.48434e-05
-4.80777e-08
4.48599e-05
-6.35595e-08
4.48804e-05
-7.9914e-08
4.49048e-05
-9.64502e-08
4.49326e-05
-1.11422e-07
4.49638e-05
-1.26417e-07
4.49981e-05
-1.40076e-07
4.50356e-05
-1.53507e-07
4.5076e-05
-1.66482e-07
4.51196e-05
-1.80137e-07
4.51664e-05
-1.93449e-07
4.52165e-05
-2.07925e-07
4.52702e-05
-2.22641e-07
4.53277e-05
-2.38891e-07
4.53892e-05
-2.56563e-07
4.54553e-05
-2.75411e-07
4.55268e-05
-3.0023e-07
4.55776e-05
-2.13991e-07
4.563e-05
-2.223e-07
4.56839e-05
-2.30113e-07
4.57395e-05
-2.38739e-07
4.57968e-05
-2.46768e-07
4.58557e-05
-2.54452e-07
4.59165e-05
-2.63651e-07
4.59788e-05
-2.70617e-07
4.60435e-05
-2.81612e-07
4.61092e-05
-2.87475e-07
4.61779e-05
-3.01325e-07
4.62472e-05
-3.04472e-07
4.63203e-05
-3.23487e-07
4.6393e-05
-3.20695e-07
4.64709e-05
-3.4853e-07
4.65469e-05
-3.37056e-07
4.66304e-05
-3.77383e-07
4.67105e-05
-3.58598e-07
4.68016e-05
-4.12011e-07
4.68874e-05
-4.1372e-07
4.69965e-05
-4.55911e-07
4.70945e-05
-6.06522e-07
4.72598e-05
-5.8716e-07
4.73716e-05
-1.41889e-06
-1.58256e-06
4.7596e-05
6.7163e-05
4.90187e-05
6.3961e-05
1.56614e-05
6.2258e-05
6.92205e-06
6.12333e-05
4.1155e-06
6.04967e-05
2.97222e-06
5.99357e-05
2.26547e-06
5.94931e-05
1.79273e-06
5.91324e-05
1.4627e-06
5.88348e-05
1.20767e-06
5.85863e-05
1.00983e-06
5.83762e-05
8.55201e-07
5.81967e-05
7.3273e-07
5.80419e-05
6.32954e-07
5.79077e-05
5.50461e-07
5.77907e-05
4.81181e-07
5.76885e-05
4.21238e-07
5.7599e-05
3.6949e-07
5.75202e-05
3.26206e-07
5.74504e-05
2.89135e-07
5.73884e-05
2.57493e-07
5.73332e-05
2.29867e-07
5.72838e-05
2.05739e-07
5.72397e-05
1.83801e-07
5.72004e-05
1.64038e-07
5.71653e-05
1.46361e-07
5.7134e-05
1.3047e-07
5.71061e-05
1.16366e-07
5.70812e-05
1.03946e-07
5.70589e-05
9.29488e-08
5.7039e-05
8.29529e-08
5.70212e-05
7.40373e-08
5.70053e-05
6.5826e-08
5.69913e-05
5.83398e-08
5.69788e-05
5.13515e-08
5.69679e-05
4.4842e-08
5.69586e-05
3.82018e-08
5.69507e-05
3.18714e-08
5.69443e-05
2.56381e-08
5.69395e-05
1.90467e-08
5.69363e-05
1.18765e-08
5.69348e-05
4.43009e-09
5.69352e-05
-3.59494e-09
5.69376e-05
-1.17776e-08
5.6942e-05
-2.04435e-08
5.69492e-05
-3.12701e-08
5.69598e-05
-4.52857e-08
5.69749e-05
-6.31004e-08
5.69947e-05
-8.34115e-08
5.70194e-05
-1.04623e-07
5.70489e-05
-1.25925e-07
5.70827e-05
-1.45203e-07
5.71206e-05
-1.64324e-07
5.71623e-05
-1.81815e-07
5.72079e-05
-1.99069e-07
5.72572e-05
-2.15787e-07
5.73105e-05
-2.3341e-07
5.73677e-05
-2.50642e-07
5.74291e-05
-2.69349e-07
5.74949e-05
-2.88434e-07
5.75654e-05
-3.09379e-07
5.7641e-05
-3.32211e-07
5.77222e-05
-3.56576e-07
5.78101e-05
-3.88139e-07
5.78724e-05
-2.76329e-07
5.79366e-05
-2.8649e-07
5.80026e-05
-2.96119e-07
5.80705e-05
-3.06552e-07
5.81403e-05
-3.16593e-07
5.82119e-05
-3.2607e-07
5.82858e-05
-3.37578e-07
5.83614e-05
-3.46148e-07
5.84396e-05
-3.59806e-07
5.85192e-05
-3.6709e-07
5.86019e-05
-3.84058e-07
5.86856e-05
-3.88124e-07
5.87733e-05
-4.1118e-07
5.88609e-05
-4.08257e-07
5.89539e-05
-4.41583e-07
5.90454e-05
-4.28528e-07
5.91447e-05
-4.76671e-07
5.92407e-05
-4.5454e-07
5.93491e-05
-5.20445e-07
5.94506e-05
-5.15152e-07
5.95799e-05
-5.85252e-07
5.96935e-05
-7.20053e-07
5.98755e-05
-7.69119e-07
6.00072e-05
-1.55066e-06
-1.77675e-06
6.02014e-05
8.48943e-05
5.45504e-05
8.11497e-05
1.94059e-05
7.89903e-05
9.08145e-06
7.76609e-05
5.44489e-06
7.67052e-05
3.9279e-06
7.59776e-05
2.99308e-06
7.54041e-05
2.36627e-06
7.4937e-05
1.92984e-06
7.45516e-05
1.59299e-06
7.423e-05
1.33147e-06
7.39582e-05
1.12697e-06
7.37261e-05
9.64856e-07
7.35261e-05
8.3299e-07
7.33528e-05
7.23747e-07
7.32018e-05
6.32137e-07
7.30699e-05
5.53164e-07
7.29545e-05
4.84918e-07
7.28529e-05
4.27827e-07
7.27629e-05
3.79067e-07
7.26831e-05
3.37365e-07
7.26119e-05
3.01034e-07
7.25483e-05
2.69325e-07
7.24915e-05
2.40652e-07
7.24407e-05
2.14769e-07
7.23954e-05
1.9168e-07
7.2355e-05
1.70908e-07
7.23189e-05
1.52473e-07
7.22866e-05
1.36246e-07
7.22576e-05
1.21878e-07
7.22318e-05
1.08818e-07
7.22086e-05
9.71863e-08
7.2188e-05
8.64985e-08
7.21696e-05
7.67286e-08
7.21532e-05
6.76725e-08
7.21389e-05
5.92024e-08
7.21265e-05
5.06285e-08
7.21159e-05
4.24168e-08
7.21072e-05
3.43639e-08
7.21004e-05
2.58531e-08
7.20957e-05
1.66064e-08
7.2093e-05
7.05332e-09
7.20927e-05
-3.27853e-09
7.20948e-05
-1.38442e-08
7.20994e-05
-2.50631e-08
7.21073e-05
-3.9185e-08
7.21194e-05
-5.73832e-08
7.21367e-05
-8.03631e-08
7.21597e-05
-1.06473e-07
7.21887e-05
-1.33567e-07
7.22234e-05
-1.60677e-07
7.22635e-05
-1.85288e-07
7.23087e-05
-2.09482e-07
7.23586e-05
-2.31714e-07
7.24132e-05
-2.53691e-07
7.24725e-05
-2.75048e-07
7.25366e-05
-2.97586e-07
7.26057e-05
-3.19687e-07
7.268e-05
-3.43664e-07
7.27597e-05
-3.68158e-07
7.28453e-05
-3.94979e-07
7.29373e-05
-4.24142e-07
7.30361e-05
-4.55388e-07
7.31431e-05
-4.95195e-07
7.3219e-05
-3.52179e-07
7.32971e-05
-3.64589e-07
7.33773e-05
-3.76336e-07
7.34596e-05
-3.88791e-07
7.35441e-05
-4.01144e-07
7.36307e-05
-4.12645e-07
7.37199e-05
-4.26768e-07
7.3811e-05
-4.37239e-07
7.3905e-05
-4.5381e-07
7.40007e-05
-4.62809e-07
7.40999e-05
-4.83194e-07
7.42002e-05
-4.88416e-07
7.43048e-05
-5.1578e-07
7.44096e-05
-5.13054e-07
7.45201e-05
-5.52049e-07
7.46294e-05
-5.37831e-07
7.47468e-05
-5.94034e-07
7.48611e-05
-5.68881e-07
7.49887e-05
-6.48002e-07
7.51095e-05
-6.35919e-07
7.52584e-05
-7.34139e-07
7.53931e-05
-8.54732e-07
7.55857e-05
-9.61669e-07
7.57347e-05
-1.69967e-06
-1.94416e-06
7.59021e-05
0.000107058
6.0411e-05
0.000102714
2.37492e-05
9.99979e-05
1.17979e-05
9.82746e-05
7.1682e-06
9.70323e-05
5.17018e-06
9.60861e-05
3.9393e-06
9.53407e-05
3.11166e-06
9.47339e-05
2.53666e-06
9.42335e-05
2.09341e-06
9.38158e-05
1.74911e-06
9.3463e-05
1.47979e-06
9.31618e-05
1.26608e-06
9.29023e-05
1.09248e-06
9.26776e-05
9.48427e-07
9.24819e-05
8.27773e-07
9.2311e-05
7.24152e-07
9.21613e-05
6.34535e-07
9.20296e-05
5.59522e-07
9.19131e-05
4.95625e-07
9.18096e-05
4.40867e-07
9.17174e-05
3.93263e-07
9.1635e-05
3.51724e-07
9.15612e-05
3.14384e-07
9.14954e-05
2.80624e-07
9.14365e-05
2.50577e-07
9.13838e-05
2.23534e-07
9.13368e-05
1.99528e-07
9.12946e-05
1.78404e-07
9.12568e-05
1.59702e-07
9.12229e-05
1.42708e-07
9.11925e-05
1.2758e-07
9.11653e-05
1.13721e-07
9.1141e-05
1.01019e-07
9.11194e-05
8.93196e-08
9.11002e-05
7.83417e-08
9.10835e-05
6.73435e-08
9.10692e-05
5.67605e-08
9.10571e-05
4.64172e-08
9.10475e-05
3.5526e-08
9.10403e-05
2.37272e-08
9.10358e-05
1.1603e-08
9.10341e-05
-1.57793e-09
9.10353e-05
-1.50758e-08
9.10396e-05
-2.93876e-08
9.10478e-05
-4.73925e-08
9.10609e-05
-7.04472e-08
9.108e-05
-9.9416e-08
9.11058e-05
-1.32321e-07
9.11387e-05
-1.66423e-07
9.11785e-05
-2.00528e-07
9.12249e-05
-2.31709e-07
9.12776e-05
-2.62156e-07
9.13362e-05
-2.90268e-07
9.14006e-05
-3.18092e-07
9.14707e-05
-3.45205e-07
9.1547e-05
-3.73823e-07
9.16293e-05
-4.01968e-07
9.17181e-05
-4.32489e-07
9.18136e-05
-4.63686e-07
9.19164e-05
-4.97811e-07
9.20271e-05
-5.34752e-07
9.21462e-05
-5.74529e-07
9.22754e-05
-6.24376e-07
9.23669e-05
-4.43692e-07
9.24612e-05
-4.58847e-07
9.2558e-05
-4.7311e-07
9.26571e-05
-4.87909e-07
9.27589e-05
-5.02911e-07
9.28629e-05
-5.16728e-07
9.297e-05
-5.33776e-07
9.30792e-05
-5.46494e-07
9.31917e-05
-5.66265e-07
9.33062e-05
-5.7728e-07
9.34243e-05
-6.0137e-07
9.3544e-05
-6.08084e-07
9.36682e-05
-6.39922e-07
9.3793e-05
-6.37886e-07
9.39235e-05
-6.82536e-07
9.40536e-05
-6.67871e-07
9.41915e-05
-7.31951e-07
9.43274e-05
-7.04785e-07
9.4476e-05
-7.96572e-07
9.46201e-05
-7.79944e-07
9.47882e-05
-9.0221e-07
9.49476e-05
-1.01411e-06
9.5148e-05
-1.16201e-06
9.53033e-05
-1.85499e-06
-2.08734e-06
9.54465e-05
0.000134781
6.67526e-05
0.000129772
2.87585e-05
0.000126382
1.51874e-05
0.000124153
9.39772e-06
0.000122535
6.78812e-06
0.000121301
5.17354e-06
0.000120328
4.08394e-06
0.000119537
3.32801e-06
0.000118884
2.74592e-06
0.00011834
2.29371e-06
0.00011788
1.93991e-06
0.000117487
1.65882e-06
0.000117149
1.43076e-06
0.000116856
1.24126e-06
0.000116601
1.0827e-06
0.000116378
9.47019e-07
0.000116183
8.29633e-07
0.000116011
7.31266e-07
0.000115859
6.47678e-07
0.000115724
5.75902e-07
0.000115604
5.13628e-07
0.000115496
4.59272e-07
0.0001154
4.1071e-07
0.000115314
3.66756e-07
0.000115237
3.27713e-07
0.000115168
2.9258e-07
0.000115106
2.61368e-07
0.00011505
2.33909e-07
0.000115
2.09607e-07
0.000114955
1.87534e-07
0.000114915
1.67877e-07
0.000114879
1.49934e-07
0.000114847
1.33446e-07
0.000114817
1.18345e-07
0.000114792
1.04136e-07
0.000114769
9.00822e-08
0.000114749
7.65041e-08
0.000114732
6.32662e-08
0.000114718
4.94136e-08
0.000114708
3.44812e-08
0.0001147
1.92292e-08
0.000114696
2.54113e-09
0.000114695
-1.45513e-08
0.000114699
-3.26029e-08
0.000114706
-5.51393e-08
0.00011472
-8.37295e-08
0.00011474
-1.19479e-07
0.000114768
-1.60146e-07
0.000114804
-2.02431e-07
0.000114848
-2.4484e-07
0.0001149
-2.84033e-07
0.00011496
-3.22174e-07
0.000115028
-3.57579e-07
0.000115102
-3.92667e-07
0.000115184
-4.26927e-07
0.000115273
-4.63065e-07
0.00011537
-4.98712e-07
0.000115475
-5.3733e-07
0.000115588
-5.76822e-07
0.00011571
-6.19988e-07
0.000115842
-6.66551e-07
0.000115984
-7.16798e-07
0.000116139
-7.7884e-07
0.000116248
-5.53161e-07
0.000116361
-5.71589e-07
0.000116477
-5.88958e-07
0.000116595
-6.06602e-07
0.000116717
-6.24647e-07
0.000116842
-6.41205e-07
0.000116969
-6.61518e-07
0.0001171
-6.76884e-07
0.000117234
-7.00183e-07
0.00011737
-7.13599e-07
0.00011751
-7.41637e-07
0.000117653
-7.50325e-07
0.000117799
-7.86685e-07
0.000117947
-7.86049e-07
0.000118101
-8.36098e-07
0.000118255
-8.22092e-07
0.000118417
-8.93278e-07
0.000118578
-8.6597e-07
0.00011875
-9.68284e-07
0.000118921
-9.50983e-07
0.000119109
-1.09017e-06
0.000119294
-1.19894e-06
0.000119501
-1.36972e-06
0.000119649
-2.00307e-06
-2.20564e-06
0.000119768
0.000169497
7.3832e-05
0.000163727
3.45292e-05
0.000159532
1.93824e-05
0.000156657
1.22721e-05
0.000154547
8.89839e-06
0.000152932
6.78853e-06
0.000151658
5.35739e-06
0.000150622
4.36462e-06
0.000149767
3.60075e-06
0.000149053
3.00737e-06
0.00014845
2.54308e-06
0.000147935
2.17371e-06
0.000147492
1.87429e-06
0.000147108
1.62526e-06
0.000146773
1.41703e-06
0.000146481
1.23942e-06
0.000146225
1.0858e-06
0.000145999
9.56869e-07
0.000145799
8.4753e-07
0.000145622
7.5345e-07
0.000145464
6.71982e-07
0.000145322
6.00809e-07
0.000145195
5.37599e-07
0.000145081
4.80371e-07
0.00014498
4.29616e-07
0.000144888
3.83982e-07
0.000144806
3.43397e-07
0.000144732
3.07694e-07
0.000144666
2.76101e-07
0.000144606
2.47429e-07
0.000144552
2.21868e-07
0.000144503
1.9862e-07
0.00014446
1.77217e-07
0.00014442
1.57701e-07
0.000144385
1.39292e-07
0.000144354
1.21353e-07
0.000144326
1.03972e-07
0.000144303
8.70534e-08
0.000144282
6.94914e-08
0.000144266
5.07e-08
0.000144254
3.16362e-08
0.000144246
1.06423e-08
0.000144242
-1.08436e-08
0.000144243
-3.34286e-08
0.000144249
-6.12474e-08
0.000144261
-9.60863e-08
0.000144281
-1.39372e-07
0.00014431
-1.88692e-07
0.000144348
-2.40324e-07
0.000144395
-2.92415e-07
0.000144452
-3.41224e-07
0.000144519
-3.88768e-07
0.000144595
-4.33187e-07
0.000144679
-4.77297e-07
0.000144773
-5.20438e-07
0.000144876
-5.65876e-07
0.000144988
-6.10838e-07
0.00014511
-6.59446e-07
0.000145242
-7.09202e-07
0.000145386
-7.6349e-07
0.000145541
-8.2197e-07
0.000145709
-8.8503e-07
0.000145892
-9.61894e-07
0.000146022
-6.83025e-07
0.000146156
-7.05222e-07
0.000146293
-7.26467e-07
0.000146435
-7.47653e-07
0.000146579
-7.69351e-07
0.000146727
-7.89278e-07
0.000146879
-8.13215e-07
0.000147034
-8.31787e-07
0.000147193
-8.58954e-07
0.000147354
-8.75324e-07
0.00014752
-9.07516e-07
0.000147689
-9.18817e-07
0.000147862
-9.59662e-07
0.000148037
-9.61357e-07
0.000148217
-1.01631e-06
0.0001484
-1.00449e-06
0.000148588
-1.08135e-06
0.000148779
-1.05661e-06
0.000148976
-1.16575e-06
0.000149178
-1.15238e-06
0.000149387
-1.29987e-06
0.000149596
-1.40734e-06
0.000149811
-1.58466e-06
0.000149941
-2.1336e-06
-2.29571e-06
0.000150031
0.000213034
8.20492e-05
0.000206351
4.12124e-05
0.000201199
2.45343e-05
0.000197511
1.59599e-05
0.000194757
1.16518e-05
0.000192638
8.90766e-06
0.000190963
7.03232e-06
0.000189599
5.72908e-06
0.000188473
4.72647e-06
0.000187533
3.94771e-06
0.000186737
3.33844e-06
0.000186058
2.85296e-06
0.000185473
2.45956e-06
0.000184966
2.13221e-06
0.000184524
1.8586e-06
0.000184138
1.62584e-06
0.000183799
1.42473e-06
0.0001835
1.2556e-06
0.000183236
1.11238e-06
0.000183
9.88898e-07
0.00018279
8.82161e-07
0.000182602
7.88777e-07
0.000182433
7.0628e-07
0.000182282
6.31635e-07
0.000182146
5.65512e-07
0.000182024
5.0615e-07
0.000181914
4.53284e-07
0.000181815
4.06779e-07
0.000181725
3.65621e-07
0.000181645
3.2831e-07
0.000181571
2.9499e-07
0.000181505
2.64786e-07
0.000181446
2.36951e-07
0.000181392
2.11649e-07
0.000181343
1.87739e-07
0.0001813
1.64798e-07
0.000181261
1.42545e-07
0.000181227
1.20906e-07
0.000181198
9.8653e-08
0.000181174
7.50761e-08
0.000181154
5.13256e-08
0.00018114
2.50527e-08
0.000181131
-1.79244e-09
0.000181127
-2.99012e-08
0.00018113
-6.39184e-08
0.000181139
-1.05824e-07
0.000181158
-1.57402e-07
0.000181185
-2.1618e-07
0.000181223
-2.78268e-07
0.000181272
-3.41428e-07
0.000181332
-4.01549e-07
0.000181404
-4.60417e-07
0.000181487
-5.15882e-07
0.00018158
-5.71147e-07
0.000181685
-6.25317e-07
0.000181802
-6.82236e-07
0.00018193
-7.38767e-07
0.00018207
-7.99661e-07
0.000182223
-8.6213e-07
0.000182389
-9.30024e-07
0.000182571
-1.00323e-06
0.000182768
-1.08195e-06
0.000182982
-1.17678e-06
0.000183135
-8.35835e-07
0.000183293
-8.62457e-07
0.000183454
-8.88266e-07
0.00018362
-9.13761e-07
0.000183791
-9.40067e-07
0.000183966
-9.64166e-07
0.000184145
-9.92352e-07
0.000184328
-1.01494e-06
0.000184516
-1.04641e-06
0.000184707
-1.06648e-06
0.000184903
-1.10302e-06
0.000185102
-1.11778e-06
0.000185305
-1.16297e-06
0.000185512
-1.1682e-06
0.000185723
-1.22729e-06
0.000185938
-1.2196e-06
0.000186157
-1.30007e-06
0.000186381
-1.2811e-06
0.000186608
-1.39239e-06
0.000186842
-1.38677e-06
0.000187076
-1.53369e-06
0.000187305
-1.63639e-06
0.000187526
-1.80563e-06
0.000187636
-2.24341e-06
-2.35597e-06
0.000187696
0.000267723
9.19731e-05
0.000259881
4.90539e-05
0.000253597
3.08183e-05
0.000248894
2.06628e-05
0.000245307
1.52386e-05
0.000242521
1.16937e-05
0.00024031
9.24393e-06
0.000238505
7.53354e-06
0.000237015
6.2168e-06
0.000235769
5.19393e-06
0.000234713
4.39372e-06
0.000233811
3.75495e-06
0.000233034
3.23722e-06
0.00023236
2.80634e-06
0.000231772
2.44624e-06
0.000231257
2.14051e-06
0.000230805
1.87678e-06
0.000230406
1.65453e-06
0.000230052
1.46648e-06
0.000229737
1.30397e-06
0.000229456
1.16374e-06
0.000229204
1.04083e-06
0.000228977
9.32694e-07
0.000228774
8.35e-07
0.000228591
7.48538e-07
0.000228426
6.71087e-07
0.000228277
6.01999e-07
0.000228143
5.41232e-07
0.000228021
4.8742e-07
0.000227911
4.38692e-07
0.00022781
3.95091e-07
0.00022772
3.55667e-07
0.000227637
3.19346e-07
0.000227562
2.86379e-07
0.000227495
2.55211e-07
0.000227434
2.25734e-07
0.000227379
1.97152e-07
0.000227331
1.694e-07
0.000227288
1.41146e-07
0.000227252
1.11569e-07
0.000227221
8.19582e-08
0.000227197
4.92125e-08
0.00022718
1.58279e-08
0.000227169
-1.90573e-08
0.000227165
-6.04326e-08
0.00022717
-1.10437e-07
0.000227184
-1.71157e-07
0.000227208
-2.40184e-07
0.000227243
-3.13782e-07
0.000227291
-3.89367e-07
0.000227352
-4.62509e-07
0.000227426
-5.34749e-07
0.000227514
-6.03561e-07
0.000227615
-6.72468e-07
0.00022773
-7.40278e-07
0.000227859
-8.11308e-07
0.000228003
-8.82183e-07
0.000228161
-9.58143e-07
0.000228336
-1.03635e-06
0.000228526
-1.12084e-06
0.000228735
-1.21214e-06
0.000228963
-1.31e-06
0.000229213
-1.4265e-06
0.000229391
-1.01401e-06
0.000229575
-1.0461e-06
0.000229764
-1.07731e-06
0.000229958
-1.10794e-06
0.000230158
-1.13972e-06
0.000230363
-1.16889e-06
0.000230573
-1.20247e-06
0.000230788
-1.23011e-06
0.000231008
-1.26654e-06
0.000231233
-1.2913e-06
0.000231462
-1.33253e-06
0.000231697
-1.35197e-06
0.000231935
-1.40138e-06
0.000232179
-1.41163e-06
0.000232425
-1.47371e-06
0.000232678
-1.4724e-06
0.000232932
-1.55399e-06
0.000233194
-1.54379e-06
0.000233454
-1.65237e-06
0.000233724
-1.65614e-06
0.000233984
-1.79421e-06
0.000234232
-1.88422e-06
0.000234459
-2.03195e-06
0.000234554
-2.33927e-06
-2.3948e-06
0.000234593
0.000336523
0.000104289
0.000327154
5.84223e-05
0.00031952
3.84521e-05
0.000313566
2.66176e-05
0.000308913
1.98917e-05
0.000305251
1.53554e-05
0.000302322
1.21727e-05
0.000299926
9.92938e-06
0.000297943
8.19967e-06
0.000296282
6.85505e-06
0.000294873
5.80257e-06
0.000293668
4.96079e-06
0.000292627
4.27785e-06
0.000291724
3.70939e-06
0.000290936
3.2343e-06
0.000290245
2.83145e-06
0.000289637
2.48475e-06
0.000289099
2.19195e-06
0.000288622
1.94417e-06
0.000288196
1.72952e-06
0.000287815
1.54455e-06
0.000287474
1.38215e-06
0.000287167
1.23961e-06
0.000286891
1.11114e-06
0.000286642
9.97522e-07
0.000286417
8.96018e-07
0.000286214
8.0532e-07
0.000286029
7.25563e-07
0.000285862
6.54871e-07
0.00028571
5.90907e-07
0.000285571
5.33564e-07
0.000285445
4.81783e-07
0.00028533
4.34153e-07
0.000285226
3.90918e-07
0.000285131
3.50123e-07
0.000285045
3.11945e-07
0.000284967
2.75009e-07
0.000284897
2.39244e-07
0.000284835
2.03221e-07
0.000284781
1.6601e-07
0.000284734
1.28901e-07
0.000284695
8.82137e-08
0.000284664
4.67941e-08
0.000284641
3.52768e-09
0.000284627
-4.66965e-08
0.000284623
-1.06189e-07
0.000284629
-1.7713e-07
0.000284646
-2.5735e-07
0.000284676
-3.43567e-07
0.00028472
-4.32931e-07
0.000284778
-5.20783e-07
0.000284852
-6.0847e-07
0.000284941
-6.93138e-07
0.000285047
-7.78468e-07
0.00028517
-8.62986e-07
0.00028531
-9.51217e-07
0.000285467
-1.03979e-06
0.000285643
-1.13416e-06
0.000285839
-1.23179e-06
0.000286055
-1.3365e-06
0.000286292
-1.44991e-06
0.000286554
-1.57115e-06
0.000286841
-1.71361e-06
0.000287046
-1.21964e-06
0.000287259
-1.25865e-06
0.000287478
-1.29658e-06
0.000287704
-1.33356e-06
0.000287936
-1.3717e-06
0.000288174
-1.40688e-06
0.000288418
-1.44688e-06
0.000288669
-1.48078e-06
0.000288926
-1.52323e-06
0.000289188
-1.55397e-06
0.000289456
-1.60049e-06
0.00028973
-1.62613e-06
0.000290009
-1.67969e-06
0.000290294
-1.69687e-06
0.000290581
-1.76108e-06
0.000290877
-1.7684e-06
0.000291172
-1.84841e-06
0.000291477
-1.84902e-06
0.000291775
-1.95036e-06
0.000292082
-1.96247e-06
0.000292372
-2.08426e-06
0.00029264
-2.15242e-06
0.000292875
-2.26711e-06
0.000292977
-2.44083e-06
-2.43569e-06
0.000293018
0.000423113
0.000119462
0.000411748
6.9787e-05
0.000402487
4.77132e-05
0.000395014
3.40906e-05
0.000389018
2.58875e-05
0.00038422
2.0154e-05
0.000380339
1.60532e-05
0.000377151
1.31179e-05
0.000374502
1.08487e-05
0.000372276
9.08038e-06
0.000370385
7.69421e-06
0.000368762
6.58317e-06
0.00036736
5.67992e-06
0.000366142
4.9278e-06
0.000365077
4.29904e-06
0.000364142
3.7663e-06
0.000363318
3.30913e-06
0.000362588
2.92218e-06
0.000361937
2.59434e-06
0.000361357
2.30957e-06
0.000360838
2.06437e-06
0.000360371
1.84875e-06
0.000359951
1.65967e-06
0.000359572
1.48978e-06
0.00035923
1.33958e-06
0.00035892
1.20581e-06
0.00035864
1.08607e-06
0.000358384
9.80809e-07
0.000358152
8.87403e-07
0.00035794
8.02888e-07
0.000357746
7.27014e-07
0.00035757
6.58494e-07
0.000357408
5.95627e-07
0.000357261
5.38503e-07
0.000357126
4.84874e-07
0.000357003
4.34835e-07
0.000356891
3.867e-07
0.00035679
3.40317e-07
0.000356699
2.94111e-07
0.000356618
2.46973e-07
0.000356547
2.00071e-07
0.000356486
1.49661e-07
0.000356435
9.81424e-08
0.000356394
4.44162e-08
0.000356364
-1.65645e-08
0.000356345
-8.74392e-08
0.000356338
-1.70094e-07
0.000356343
-2.62894e-07
0.000356363
-3.63101e-07
0.000356398
-4.67722e-07
0.000356449
-5.72034e-07
0.000356518
-6.77265e-07
0.000356605
-7.8048e-07
0.000356712
-8.85232e-07
0.000356839
-9.89912e-07
0.000356986
-1.09888e-06
0.000357156
-1.20908e-06
0.000357347
-1.32585e-06
0.000357563
-1.44725e-06
0.000357803
-1.5766e-06
0.00035807
-1.71682e-06
0.000358365
-1.86656e-06
0.000358692
-2.04001e-06
0.000358927
-1.45436e-06
0.00035917
-1.50221e-06
0.000359422
-1.54854e-06
0.000359682
-1.59352e-06
0.00035995
-1.63954e-06
0.000360225
-1.68214e-06
0.000360508
-1.72935e-06
0.000360798
-1.7706e-06
0.000361095
-1.82018e-06
0.000361399
-1.85856e-06
0.00036171
-1.91118e-06
0.000362028
-1.94464e-06
0.000362351
-2.00245e-06
0.000362683
-2.02854e-06
0.000363016
-2.0944e-06
0.00036336
-2.11239e-06
0.000363701
-2.18923e-06
0.000364053
-2.20144e-06
0.000364395
-2.29176e-06
0.000364741
-2.30904e-06
0.000365066
-2.40849e-06
0.000365362
-2.4486e-06
0.000365618
-2.52303e-06
0.000365757
-2.58043e-06
-2.52022e-06
0.000365842
0.000531816
0.000136737
0.000518085
8.35183e-05
0.000506892
5.89061e-05
0.000497623
4.33589e-05
0.000489983
3.35282e-05
0.000483737
2.64001e-05
0.000478611
2.11787e-05
0.000474369
1.73603e-05
0.000470823
1.43943e-05
0.000467831
1.20719e-05
0.00046528
1.02455e-05
0.000463085
8.77803e-06
0.000461185
7.58035e-06
0.000459531
6.58217e-06
0.000458082
5.74733e-06
0.000456808
5.04042e-06
0.000455682
4.43564e-06
0.000454681
3.92249e-06
0.000453789
3.48662e-06
0.000452992
3.10709e-06
0.000452276
2.7801e-06
0.000451632
2.49219e-06
0.000451052
2.23974e-06
0.000450528
2.01372e-06
0.000450054
1.81389e-06
0.000449623
1.63649e-06
0.000449232
1.4774e-06
0.000448875
1.33758e-06
0.000448549
1.21333e-06
0.000448251
1.10081e-06
0.000447979
9.99722e-07
0.000447729
9.08307e-07
0.0004475
8.24661e-07
0.00044729
7.48542e-07
0.000447097
6.77561e-07
0.000446921
6.11234e-07
0.00044676
5.47889e-07
0.000446613
4.87223e-07
0.000446479
4.27446e-07
0.000446359
3.67214e-07
0.000446252
3.07346e-07
0.000446157
2.44667e-07
0.000446075
1.80318e-07
0.000446006
1.13382e-07
0.00044595
3.91423e-08
0.000445908
-4.55517e-08
0.00044588
-1.4225e-07
0.000445867
-2.4975e-07
0.00044587
-3.65762e-07
0.00044589
-4.87541e-07
0.000445928
-6.10392e-07
0.000445986
-7.35474e-07
0.000446066
-8.60192e-07
0.000446168
-9.87587e-07
0.000446295
-1.11619e-06
0.000446446
-1.24982e-06
0.000446623
-1.38615e-06
0.000446827
-1.52999e-06
0.00044706
-1.68017e-06
0.000447323
-1.83951e-06
0.000447618
-2.01198e-06
0.000447948
-2.19631e-06
0.000448314
-2.4067e-06
0.000448579
-1.71912e-06
0.000448855
-1.7782e-06
0.000449142
-1.83511e-06
0.000449438
-1.89012e-06
0.000449745
-1.94591e-06
0.000450061
-1.99801e-06
0.000450385
-2.05389e-06
0.000450719
-2.10392e-06
0.00045106
-2.16135e-06
0.00045141
-2.20881e-06
0.000451767
-2.26848e-06
0.000452134
-2.31161e-06
0.000452506
-2.3742e-06
0.000452888
-2.41074e-06
0.000453272
-2.47791e-06
0.000453667
-2.50776e-06
0.000454059
-2.58091e-06
0.000454462
-2.60438e-06
0.000454852
-2.68228e-06
0.000455245
-2.70152e-06
0.000455612
-2.77585e-06
0.000455952
-2.78803e-06
0.000456252
-2.82284e-06
0.00045647
-2.79925e-06
-2.70262e-06
0.000456653
0.000666907
0.000151503
0.000651338
9.90875e-05
0.000638093
7.2151e-05
0.000626819
5.46328e-05
0.000617268
4.30796e-05
0.000609246
3.44216e-05
0.000602533
2.78921e-05
0.000596915
2.29781e-05
0.00059218
1.91291e-05
0.000588156
1.60964e-05
0.000584706
1.36956e-05
0.000581726
1.17574e-05
0.00057914
1.01667e-05
0.000576883
8.83908e-06
0.000574903
7.72796e-06
0.000573155
6.78795e-06
0.000571605
5.98563e-06
0.000570225
5.30246e-06
0.000568992
4.71995e-06
0.000567887
4.21167e-06
0.000566894
3.77288e-06
0.000566
3.38625e-06
0.000565193
3.04714e-06
0.000564462
2.74469e-06
0.000563799
2.47718e-06
0.000563195
2.24034e-06
0.000562645
2.0276e-06
0.000562142
1.84054e-06
0.000561681
1.67399e-06
0.000561259
1.52293e-06
0.000560872
1.38722e-06
0.000560516
1.26421e-06
0.000560188
1.15191e-06
0.000559887
1.04952e-06
0.00055961
9.54599e-07
0.000559356
8.65937e-07
0.000559122
7.8174e-07
0.000558907
7.01577e-07
0.000558712
6.23399e-07
0.000558533
5.4569e-07
0.000558372
4.68561e-07
0.000558227
3.89607e-07
0.000558098
3.08842e-07
0.000557987
2.2505e-07
0.000557892
1.34043e-07
0.000557814
3.23357e-08
0.000557753
-8.16689e-08
0.000557711
-2.07002e-07
0.000557686
-3.41514e-07
0.000557682
-4.83054e-07
0.000557699
-6.27359e-07
0.000557739
-7.75308e-07
0.000557803
-9.24879e-07
0.000557894
-1.07856e-06
0.000558013
-1.23519e-06
0.000558162
-1.39793e-06
0.000558341
-1.56552e-06
0.000558553
-1.74176e-06
0.000558799
-1.92639e-06
0.000559082
-2.12196e-06
0.000559403
-2.33299e-06
0.000559765
-2.55886e-06
0.000560172
-2.81333e-06
0.000560467
-2.01405e-06
0.000560776
-2.08702e-06
0.000561098
-2.15718e-06
0.000561432
-2.22473e-06
0.000561779
-2.29253e-06
0.000562137
-2.35646e-06
0.000562507
-2.42309e-06
0.000562887
-2.48416e-06
0.000563276
-2.55073e-06
0.000563676
-2.60871e-06
0.000564084
-2.67608e-06
0.000564502
-2.73024e-06
0.000564927
-2.79839e-06
0.000565363
-2.84661e-06
0.0005658
-2.91566e-06
0.00056625
-2.95732e-06
0.000566696
-3.02687e-06
0.000567152
-3.06008e-06
0.000567596
-3.12655e-06
0.000568041
-3.14663e-06
0.000568464
-3.19888e-06
0.000568868
-3.192e-06
0.000569244
-3.19836e-06
0.000569583
-3.13835e-06
-3.0339e-06
0.000569914
0.000827768
0.000152424
0.00081635
0.000110506
0.000802104
8.63974e-05
0.000789062
6.76746e-05
0.000777566
5.45758e-05
0.000767511
4.44768e-05
0.000758885
3.65179e-05
0.000751552
3.0311e-05
0.000745282
2.53985e-05
0.000739887
2.14916e-05
0.000735227
1.83556e-05
0.000731186
1.57982e-05
0.000727666
1.36873e-05
0.000724581
1.19239e-05
0.000721863
1.04464e-05
0.000719454
9.19621e-06
0.000717311
8.12921e-06
0.000715397
7.21587e-06
0.000713684
6.43335e-06
0.000712146
5.74952e-06
0.000710762
5.15725e-06
0.000709512
4.63579e-06
0.000708381
4.17824e-06
0.000707354
3.77155e-06
0.00070642
3.41151e-06
0.000705567
3.09319e-06
0.000704788
2.80696e-06
0.000704074
2.55472e-06
0.000703418
2.3295e-06
0.000702816
2.12501e-06
0.000702262
1.9413e-06
0.000701752
1.77437e-06
0.000701281
1.62218e-06
0.000700848
1.48317e-06
0.000700448
1.35482e-06
0.000700078
1.23524e-06
0.000699738
1.12228e-06
0.000699424
1.01526e-06
0.000699136
9.1184e-07
0.000698871
8.10388e-07
0.000698629
7.10165e-07
0.00069841
6.0918e-07
0.000698212
5.06833e-07
0.000698036
4.01251e-07
0.000697881
2.88559e-07
0.000697748
1.65336e-07
0.000697637
2.97768e-08
0.000697547
-1.17742e-07
0.000697481
-2.74961e-07
0.000697438
-4.40099e-07
0.000697421
-6.0988e-07
0.00069743
-7.84908e-07
0.000697469
-9.63543e-07
0.000697538
-1.14791e-06
0.000697641
-1.33753e-06
0.000697777
-1.53478e-06
0.000697951
-1.73928e-06
0.000698164
-1.9541e-06
0.000698417
-2.1797e-06
0.000698714
-2.41861e-06
0.000699056
-2.67548e-06
0.000699448
-2.9506e-06
0.000699892
-3.25745e-06
0.000700216
-2.33812e-06
0.000700557
-2.4279e-06
0.000700914
-2.51427e-06
0.000701287
-2.59729e-06
0.000701674
-2.67968e-06
0.000702075
-2.75797e-06
0.00070249
-2.83766e-06
0.000702918
-2.91219e-06
0.000703357
-2.98996e-06
0.000703809
-3.06046e-06
0.00070427
-3.13666e-06
0.000704742
-3.20281e-06
0.000705221
-3.27738e-06
0.000705712
-3.33762e-06
0.000706206
-3.40956e-06
0.000706711
-3.46225e-06
0.000707214
-3.5297e-06
0.000707725
-3.57115e-06
0.000708228
-3.62936e-06
0.000708733
-3.65213e-06
0.000709225
-3.69083e-06
0.000709714
-3.68017e-06
0.000710192
-3.67723e-06
0.000710676
-3.62164e-06
-3.53935e-06
0.000711181
0.00100588
0.000145411
0.00100781
0.00010858
0.00100246
9.17409e-05
0.000991428
7.87107e-05
0.000978559
6.74446e-05
0.000966533
5.65034e-05
0.000955988
4.70625e-05
0.000946724
3.95748e-05
0.000938557
3.35655e-05
0.000931405
2.86436e-05
0.00092518
2.45811e-05
0.000919752
2.12262e-05
0.000914989
1.84507e-05
0.00091078
1.61323e-05
0.000907045
1.4182e-05
0.000903719
1.25215e-05
0.000900751
1.10981e-05
0.000898095
9.87181e-06
0.000895712
8.81618e-06
0.000893568
7.89388e-06
0.000891632
7.09264e-06
0.000889879
6.38848e-06
0.000888288
5.77013e-06
0.000886838
5.22161e-06
0.000885514
4.73511e-06
0.000884303
4.30436e-06
0.000883193
3.91703e-06
0.000882174
3.57375e-06
0.000881237
3.26651e-06
0.000880374
2.98777e-06
0.000879579
2.73669e-06
0.000878845
2.50835e-06
0.000878167
2.30023e-06
0.00087754
2.11002e-06
0.00087696
1.93484e-06
0.000876423
1.77215e-06
0.000875926
1.61928e-06
0.000875466
1.47508e-06
0.000875041
1.33686e-06
0.000874649
1.20273e-06
0.000874288
1.07127e-06
0.000873957
9.40276e-07
0.000873655
8.08941e-07
0.000873381
6.74592e-07
0.000873136
5.33489e-07
0.000872919
3.82507e-07
0.00087273
2.19146e-07
0.000872569
4.34364e-08
0.000872436
-1.42331e-07
0.000872333
-3.36839e-07
0.00087226
-5.37659e-07
0.000872221
-7.45477e-07
0.000872217
-9.59046e-07
0.000872249
-1.18005e-06
0.00087232
-1.40891e-06
0.000872433
-1.64739e-06
0.000872589
-1.89557e-06
0.000872791
-2.15622e-06
0.000873042
-2.43051e-06
0.000873344
-2.72077e-06
0.000873701
-3.03193e-06
0.000874115
-3.36496e-06
0.000874591
-3.73344e-06
0.000874941
-2.68822e-06
0.000875312
-2.7981e-06
0.000875701
-2.90386e-06
0.000876109
-3.0055e-06
0.000876535
-3.10532e-06
0.000876978
-3.20069e-06
0.000877436
-3.2958e-06
0.00087791
-3.386e-06
0.000878397
-3.47705e-06
0.000878898
-3.56191e-06
0.00087941
-3.64879e-06
0.000879936
-3.72788e-06
0.000880468
-3.81004e-06
0.000881012
-3.88188e-06
0.000881561
-3.95809e-06
0.00088212
-4.02077e-06
0.000882679
-4.08863e-06
0.000883245
-4.13791e-06
0.000883809
-4.19289e-06
0.000884379
-4.22231e-06
0.000884947
-4.25852e-06
0.000885526
-4.25916e-06
0.000886114
-4.26537e-06
0.000886731
-4.23884e-06
-4.19757e-06
0.000887389
0.00121609
0.000137718
0.00122173
0.000102933
0.00122595
8.75215e-05
0.00122717
7.74992e-05
0.00122353
7.10773e-05
0.00121512
6.49118e-05
0.00120399
5.81988e-05
0.00119251
5.10497e-05
0.00118208
4.3994e-05
0.00117298
3.77462e-05
0.00116501
3.25575e-05
0.00115791
2.83241e-05
0.00115154
2.48211e-05
0.00114582
2.18492e-05
0.00114071
1.92959e-05
0.00113614
1.70857e-05
0.00113206
1.51771e-05
0.00112841
1.35292e-05
0.00112511
1.21095e-05
0.00112213
1.08733e-05
0.00111943
9.79699e-06
0.00111697
8.85075e-06
0.00111472
8.0166e-06
0.00111267
7.27536e-06
0.00111079
6.61527e-06
0.00110906
6.02794e-06
0.00110748
5.50005e-06
0.00110602
5.02887e-06
0.00110468
4.60623e-06
0.00110345
4.22389e-06
0.00110231
3.87828e-06
0.00110125
3.56426e-06
0.00110027
3.27807e-06
0.00109937
3.01658e-06
0.00109853
2.77617e-06
0.00109774
2.55349e-06
0.00109702
2.34526e-06
0.00109634
2.14954e-06
0.00109572
1.96322e-06
0.00109514
1.78389e-06
0.0010946
1.60964e-06
0.0010941
1.43762e-06
0.00109364
1.26675e-06
0.00109322
1.09377e-06
0.00109284
9.14813e-07
0.0010925
7.26811e-07
0.00109219
5.26957e-07
0.00109192
3.14973e-07
0.00109168
9.2491e-08
0.00109149
-1.39562e-07
0.00109133
-3.79435e-07
0.00109121
-6.28005e-07
0.00109114
-8.84536e-07
0.00109111
-1.15058e-06
0.00109112
-1.42676e-06
0.00109119
-1.7149e-06
0.00109131
-2.01565e-06
0.00109149
-2.33113e-06
0.00109172
-2.66334e-06
0.00109201
-3.01433e-06
0.00109237
-3.38961e-06
0.0010928
-3.7902e-06
0.00109329
-4.23033e-06
0.00109366
-3.0577e-06
0.00109406
-3.19144e-06
0.00109447
-3.32005e-06
0.00109491
-3.44357e-06
0.00109537
-3.56373e-06
0.00109585
-3.67885e-06
0.00109634
-3.79169e-06
0.00109686
-3.89943e-06
0.00109739
-4.00548e-06
0.00109793
-4.10579e-06
0.00109849
-4.20479e-06
0.00109905
-4.29713e-06
0.00109963
-4.38815e-06
0.00110022
-4.47105e-06
0.00110082
-4.5529e-06
0.00110142
-4.62452e-06
0.00110203
-4.69514e-06
0.00110264
-4.75243e-06
0.00110326
-4.80933e-06
0.00110388
-4.84877e-06
0.00110452
-4.88997e-06
0.00110517
-4.90872e-06
0.00110583
-4.93245e-06
0.00110653
-4.93722e-06
-4.93554e-06
0.00110727
0.00147119
0.000128512
0.00147787
9.62564e-05
0.00148358
8.18126e-05
0.00148866
7.24194e-05
0.00149306
6.66745e-05
0.001496
6.19758e-05
0.00149626
5.79317e-05
0.00149304
5.42708e-05
0.00148649
5.05421e-05
0.00147769
4.65465e-05
0.00146801
4.22378e-05
0.00145855
3.77855e-05
0.00144991
3.3467e-05
0.00144224
2.95108e-05
0.00143549
2.60492e-05
0.00142949
2.30877e-05
0.00142409
2.05796e-05
0.00141917
1.84439e-05
0.00141467
1.66061e-05
0.00141055
1.49971e-05
0.00140677
1.35769e-05
0.00140331
1.23123e-05
0.00140014
1.11835e-05
0.00139725
1.0173e-05
0.00139459
9.26882e-06
0.00139216
8.46081e-06
0.00138992
7.73596e-06
0.00138786
7.08774e-06
0.00138596
6.50581e-06
0.00138421
5.98115e-06
0.00138258
5.50681e-06
0.00138107
5.07624e-06
0.00137966
4.68394e-06
0.00137835
4.32528e-06
0.00137713
3.99556e-06
0.001376
3.69038e-06
0.00137494
3.40575e-06
0.00137395
3.13871e-06
0.00137302
2.8857e-06
0.00137216
2.64354e-06
0.00137136
2.40986e-06
0.00137062
2.18114e-06
0.00136993
1.95566e-06
0.0013693
1.72986e-06
0.00136871
1.49954e-06
0.00136818
1.26131e-06
0.00136769
1.01257e-06
0.00136725
7.52709e-07
0.00136686
4.82036e-07
0.00136652
2.01125e-07
0.00136623
-8.89303e-08
0.00136599
-3.89263e-07
0.00136581
-6.99672e-07
0.00136568
-1.02181e-06
0.00136561
-1.35642e-06
0.0013656
-1.70543e-06
0.00136565
-2.06974e-06
0.00136577
-2.45145e-06
0.00136596
-2.85287e-06
0.00136623
-3.27587e-06
0.00136656
-3.72672e-06
0.00136698
-4.20559e-06
0.00136748
-4.72794e-06
0.00136785
-3.43343e-06
0.00136826
-3.59529e-06
0.00136869
-3.75052e-06
0.00136914
-3.89921e-06
0.00136962
-4.04257e-06
0.00137012
-4.1797e-06
0.00137064
-4.31219e-06
0.00137118
-4.43863e-06
0.00137174
-4.56063e-06
0.00137231
-4.67633e-06
0.00137289
-4.78762e-06
0.00137349
-4.89209e-06
0.00137409
-4.99176e-06
0.0013747
-5.08381e-06
0.00137532
-5.17096e-06
0.00137594
-5.24937e-06
0.00137657
-5.3228e-06
0.00137721
-5.38601e-06
0.00137784
-5.44518e-06
0.00137849
-5.49218e-06
0.00137913
-5.53788e-06
0.00137979
-5.56878e-06
0.00138046
-5.60369e-06
0.00138115
-5.6234e-06
-5.64284e-06
0.00138186
0.00177958
0.000117411
0.00178769
8.81485e-05
0.00179458
7.49259e-05
0.00180071
6.62899e-05
0.00180639
6.0987e-05
0.0018117
5.66685e-05
0.00181662
5.30107e-05
0.00182102
4.98755e-05
0.00182451
4.70525e-05
0.00182656
4.44964e-05
0.00182666
4.2131e-05
0.00182459
3.98624e-05
0.00182046
3.75977e-05
0.0018147
3.52668e-05
0.0018079
3.28475e-05
0.00180064
3.03497e-05
0.00179339
2.78296e-05
0.00178647
2.53604e-05
0.00178007
2.30096e-05
0.00177424
2.08244e-05
0.00176898
1.88367e-05
0.00176424
1.70549e-05
0.00175995
1.54735e-05
0.00175605
1.4076e-05
0.00175247
1.28433e-05
0.00174918
1.17542e-05
0.00174613
1.07866e-05
0.00174329
9.92483e-06
0.00174065
9.15097e-06
0.00173818
8.45198e-06
0.00173587
7.81702e-06
0.00173371
7.23735e-06
0.00173168
6.70594e-06
0.00172979
6.21694e-06
0.00172802
5.76501e-06
0.00172637
5.34509e-06
0.00172482
4.9529e-06
0.00172338
4.58471e-06
0.00172202
4.23675e-06
0.00172076
3.90503e-06
0.00171959
3.58682e-06
0.00171849
3.27789e-06
0.00171747
2.97574e-06
0.00171652
2.67647e-06
0.00171565
2.3754e-06
0.00171484
2.06898e-06
0.0017141
1.75407e-06
0.00171342
1.42968e-06
0.00171281
1.09521e-06
0.00171226
7.50401e-07
0.00171177
3.95493e-07
0.00171136
2.90777e-08
0.001711
-3.49379e-07
0.00171072
-7.4159e-07
0.00171052
-1.14863e-06
0.00171038
-1.57254e-06
0.00171033
-2.01413e-06
0.00171035
-2.47571e-06
0.00171046
-2.95985e-06
0.00171065
-3.46805e-06
0.00171093
-4.00724e-06
0.0017113
-4.57671e-06
0.00171177
-5.19307e-06
0.00171213
-3.79315e-06
0.00171252
-3.98722e-06
0.00171294
-4.17275e-06
0.00171339
-4.34964e-06
0.00171387
-4.51862e-06
0.00171437
-4.67935e-06
0.00171489
-4.83257e-06
0.00171543
-4.97777e-06
0.00171598
-5.11548e-06
0.00171655
-5.24516e-06
0.00171713
-5.36723e-06
0.00171772
-5.48101e-06
0.00171832
-5.58677e-06
0.00171892
-5.68391e-06
0.00171952
-5.7729e-06
0.00172012
-5.85278e-06
0.00172072
-5.92447e-06
0.00172132
-5.98642e-06
0.00172192
-6.0412e-06
0.00172251
-6.08492e-06
0.0017231
-6.12429e-06
0.00172368
-6.14952e-06
0.00172425
-6.17668e-06
0.00172481
-6.18386e-06
-6.19614e-06
0.00172537
0.00215257
0.00010405
0.00216241
7.8312e-05
0.00217077
6.65682e-05
0.00217819
5.88698e-05
0.00218504
5.41295e-05
0.00219143
5.02839e-05
0.00219741
4.70278e-05
0.00220305
4.42357e-05
0.00220838
4.17243e-05
0.00221341
3.94645e-05
0.00221813
3.74125e-05
0.00222247
3.55261e-05
0.00222629
3.37733e-05
0.00222942
3.21354e-05
0.00223167
3.06014e-05
0.00223287
2.91503e-05
0.00223294
2.77617e-05
0.00223188
2.64203e-05
0.00222978
2.51085e-05
0.00222679
2.38107e-05
0.00222311
2.25225e-05
0.00221892
2.12409e-05
0.00221442
1.99709e-05
0.00220978
1.87175e-05
0.00220513
1.7493e-05
0.00220058
1.6307e-05
0.0021962
1.51685e-05
0.00219203
1.40875e-05
0.00218812
1.30677e-05
0.00218446
1.21123e-05
0.00218105
1.1222e-05
0.00217789
1.03961e-05
0.00217497
9.63228e-06
0.00217226
8.92713e-06
0.00216975
8.27622e-06
0.00216742
7.6743e-06
0.00216525
7.11621e-06
0.00216324
6.59675e-06
0.00216137
6.1108e-06
0.00215962
5.65265e-06
0.00215799
5.21801e-06
0.00215647
4.80119e-06
0.00215504
4.39806e-06
0.00215372
4.00363e-06
0.00215248
3.61228e-06
0.00215133
3.21971e-06
0.00215026
2.82206e-06
0.00214927
2.41718e-06
0.00214836
2.00356e-06
0.00214754
1.57992e-06
0.00214679
1.14542e-06
0.00214612
6.98212e-07
0.00214553
2.37021e-07
0.00214503
-2.40215e-07
0.00214461
-7.34658e-07
0.00214429
-1.24844e-06
0.00214406
-1.78246e-06
0.00214392
-2.33884e-06
0.00214388
-2.92022e-06
0.00214394
-3.52771e-06
0.0021441
-4.16818e-06
0.00214437
-4.83953e-06
0.00214473
-5.55841e-06
0.00214503
-4.09183e-06
0.00214537
-4.32303e-06
0.00214574
-4.54244e-06
0.00214614
-4.74998e-06
0.00214656
-4.94605e-06
0.00214701
-5.13067e-06
0.00214749
-5.304e-06
0.00214797
-5.46604e-06
0.00214848
-5.61677e-06
0.00214899
-5.75627e-06
0.0021495
-5.88425e-06
0.00215002
-6.00096e-06
0.00215054
-6.10599e-06
0.00215106
-6.19955e-06
0.00215157
-6.28152e-06
0.00215207
-6.35179e-06
0.00215255
-6.4109e-06
0.00215302
-6.45743e-06
0.00215348
-6.49471e-06
0.00215391
-6.5171e-06
0.00215432
-6.53479e-06
0.0021547
-6.53174e-06
0.00215506
-6.53336e-06
0.00215538
-6.50339e-06
-6.4878e-06
0.00215567
0.00260373
8.79614e-05
0.00261566
6.6381e-05
0.00262581
5.64255e-05
0.0026348
4.98754e-05
0.0026431
4.58285e-05
0.00265082
4.25617e-05
0.00265805
3.98002e-05
0.00266485
3.74341e-05
0.00267127
3.5306e-05
0.00267734
3.33921e-05
0.0026831
3.16542e-05
0.00268857
3.00558e-05
0.00269377
2.85705e-05
0.00269873
2.71842e-05
0.00270344
2.58908e-05
0.00270791
2.46788e-05
0.00271213
2.35371e-05
0.00271609
2.2463e-05
0.00271975
2.14487e-05
0.00272307
2.04883e-05
0.00272602
1.95795e-05
0.00272854
1.87177e-05
0.00273061
1.78996e-05
0.00273221
1.71191e-05
0.00273333
1.63742e-05
0.00273397
1.56606e-05
0.00273417
1.49745e-05
0.00273394
1.43149e-05
0.00273333
1.36778e-05
0.00273238
1.30613e-05
0.00273114
1.24634e-05
0.00272965
1.18834e-05
0.00272797
1.13195e-05
0.00272612
1.07719e-05
0.00272416
1.02383e-05
0.00272211
9.71902e-06
0.00272002
9.21128e-06
0.0027179
8.71569e-06
0.00271578
8.22931e-06
0.00271368
7.75173e-06
0.00271162
7.28043e-06
0.00270961
6.81367e-06
0.00270766
6.34927e-06
0.00270578
5.88408e-06
0.00270397
5.41538e-06
0.00270225
4.93963e-06
0.00270062
4.45482e-06
0.00269908
3.95895e-06
0.00269763
3.4513e-06
0.00269628
2.93029e-06
0.00269503
2.39541e-06
0.00269388
1.84452e-06
0.00269284
1.27674e-06
0.00269191
6.89764e-07
0.0026911
8.28027e-08
0.0026904
-5.46689e-07
0.00268981
-1.19869e-06
0.00268935
-1.87503e-06
0.00268901
-2.57749e-06
0.00268878
-3.30703e-06
0.00268869
-4.06933e-06
0.00268871
-4.86223e-06
0.00268885
-5.69946e-06
0.002689
-4.24554e-06
0.0026892
-4.51942e-06
0.00268944
-4.77803e-06
0.00268971
-5.02013e-06
0.00269001
-5.2459e-06
0.00269033
-5.45526e-06
0.00269067
-5.64845e-06
0.00269103
-5.82532e-06
0.0026914
-5.98622e-06
0.00269178
-6.13086e-06
0.00269215
-6.25981e-06
0.00269252
-6.37238e-06
0.00269289
-6.46993e-06
0.00269324
-6.55062e-06
0.00269358
-6.61766e-06
0.00269389
-6.66681e-06
0.00269419
-6.70479e-06
0.00269445
-6.72252e-06
0.00269469
-6.73402e-06
0.00269489
-6.72025e-06
0.00269507
-6.709e-06
0.0026952
-6.66294e-06
0.0026953
-6.63339e-06
0.00269535
-6.55514e-06
-6.50789e-06
0.00269537
0.00314945
6.8579e-05
0.00316392
5.19109e-05
0.00317623
4.4117e-05
0.00318713
3.89729e-05
0.00319718
3.57794e-05
0.00320652
3.32152e-05
0.00321527
3.10538e-05
0.0032235
2.92052e-05
0.00323126
2.75442e-05
0.0032386
2.60531e-05
0.00324555
2.46989e-05
0.00325216
2.34521e-05
0.00325844
2.22927e-05
0.00326441
2.121e-05
0.0032701
2.02002e-05
0.00327553
1.9254e-05
0.0032807
1.83623e-05
0.00328564
1.7523e-05
0.00329036
1.67299e-05
0.00329487
1.59784e-05
0.00329918
1.52672e-05
0.00330331
1.45933e-05
0.00330725
1.39549e-05
0.00331102
1.33478e-05
0.00331463
1.27716e-05
0.00331806
1.22234e-05
0.00332134
1.17012e-05
0.00332445
1.12044e-05
0.00332739
1.07306e-05
0.00333018
1.02776e-05
0.0033328
9.84447e-06
0.00333525
9.42912e-06
0.00333754
9.03051e-06
0.00333967
8.64655e-06
0.00334163
8.27565e-06
0.00334343
7.91535e-06
0.00334508
7.56368e-06
0.00334658
7.21836e-06
0.00334793
6.87713e-06
0.00334914
6.53725e-06
0.00335023
6.19647e-06
0.00335119
5.8517e-06
0.00335204
5.50025e-06
0.00335278
5.13909e-06
0.00335343
4.76459e-06
0.003354
4.37387e-06
0.00335449
3.96432e-06
0.00335492
3.53396e-06
0.00335529
3.08139e-06
0.00335561
2.60486e-06
0.0033559
2.10333e-06
0.00335617
1.57469e-06
0.00335643
1.01804e-06
0.00335669
4.31514e-07
0.00335696
-1.84927e-07
0.00335724
-8.32579e-07
0.00335756
-1.5116e-06
0.0033579
-2.22233e-06
0.00335829
-2.96573e-06
0.00335873
-3.74055e-06
0.00335921
-4.55113e-06
0.00335974
-5.39149e-06
0.00336031
-6.27471e-06
0.00336072
-4.6521e-06
0.00336113
-4.93389e-06
0.00336155
-5.19673e-06
0.00336197
-5.43919e-06
0.00336239
-5.66173e-06
0.00336279
-5.8635e-06
0.00336319
-6.04533e-06
0.00336357
-6.20598e-06
0.00336393
-6.34712e-06
0.00336427
-6.46678e-06
0.00336458
-6.56791e-06
0.00336485
-6.64716e-06
0.00336509
-6.70966e-06
0.00336529
-6.74958e-06
0.00336545
-6.77563e-06
0.00336556
-6.77773e-06
0.00336563
-6.77041e-06
0.00336564
-6.73654e-06
0.00336561
-6.69984e-06
0.00336552
-6.63208e-06
0.00336538
-6.57073e-06
0.00336519
-6.47151e-06
0.00336494
-6.39028e-06
0.00336465
-6.26347e-06
-6.16377e-06
0.00336431
0.00380957
4.52165e-05
0.00382712
3.43668e-05
0.00384205
2.91854e-05
0.00385526
2.57586e-05
0.00386743
2.36135e-05
0.00387874
2.19035e-05
0.00388932
2.04715e-05
0.00389928
1.92504e-05
0.00390867
1.81536e-05
0.00391755
1.71726e-05
0.00392596
1.62826e-05
0.00393395
1.54629e-05
0.00394154
1.47009e-05
0.00394877
1.39887e-05
0.00395564
1.33243e-05
0.0039622
1.27001e-05
0.00396845
1.21102e-05
0.00397442
1.15538e-05
0.00398012
1.10272e-05
0.00398557
1.05276e-05
0.00399078
1.00549e-05
0.00399577
9.60713e-06
0.00400054
9.18343e-06
0.00400511
8.78055e-06
0.00400948
8.39829e-06
0.00401367
8.03454e-06
0.00401768
7.68788e-06
0.00402153
7.35768e-06
0.00402522
7.04247e-06
0.00402876
6.74038e-06
0.00403215
6.45095e-06
0.00403541
6.1724e-06
0.00403853
5.90413e-06
0.00404153
5.64431e-06
0.00404442
5.39178e-06
0.00404719
5.14436e-06
0.00404985
4.90046e-06
0.00405241
4.65785e-06
0.00405488
4.4146e-06
0.00405725
4.16806e-06
0.00405953
3.91603e-06
0.00406172
3.65563e-06
0.00406384
3.38407e-06
0.00406588
3.0985e-06
0.00406785
2.79548e-06
0.00406975
2.47222e-06
0.00407159
2.12597e-06
0.00407337
1.75449e-06
0.00407509
1.35579e-06
0.00407677
9.27727e-07
0.00407841
4.68512e-07
0.00408
-2.40837e-08
0.00408157
-5.51457e-07
0.00408312
-1.11535e-06
0.00408465
-1.71621e-06
0.00408617
-2.35425e-06
0.00408769
-3.02884e-06
0.00408921
-3.73853e-06
0.00409072
-4.48337e-06
0.00409224
-5.25979e-06
0.00409376
-6.07112e-06
0.00409528
-6.9091e-06
0.00409679
-7.78396e-06
0.00409778
-5.63787e-06
0.00409873
-5.88251e-06
0.00409963
-6.10573e-06
0.0041005
-6.3056e-06
0.00410132
-6.4824e-06
0.00410209
-6.63531e-06
0.00410281
-6.76525e-06
0.00410348
-6.87124e-06
0.00410409
-6.95503e-06
0.00410463
-7.01517e-06
0.00410512
-7.05452e-06
0.00410554
-7.07079e-06
0.0041059
-7.06841e-06
0.0041062
-7.04364e-06
0.00410643
-7.00314e-06
0.00410659
-6.9409e-06
0.00410668
-6.8667e-06
0.00410672
-6.77116e-06
0.00410669
-6.66832e-06
0.0041066
-6.54406e-06
0.00410645
-6.41797e-06
0.00410625
-6.26992e-06
0.00410598
-6.1259e-06
0.00410568
-5.9594e-06
-5.80194e-06
0.00410532
0.00364995
2.2893e-05
0.00366678
1.7533e-05
0.00368112
1.48513e-05
0.0036938
1.30798e-05
0.00370546
1.19505e-05
0.0037163
1.10616e-05
0.00372644
1.03302e-05
0.00373598
9.71075e-06
0.00374498
9.15483e-06
0.00375349
8.66376e-06
0.00376155
8.21955e-06
0.00376921
7.80941e-06
0.00377648
7.42719e-06
0.0037834
7.06832e-06
0.00378999
6.73352e-06
0.00379627
6.41769e-06
0.00380227
6.11791e-06
0.00380799
5.83447e-06
0.00381345
5.56549e-06
0.00381867
5.30933e-06
0.00382365
5.06667e-06
0.00382843
4.83617e-06
0.00383299
4.61793e-06
0.00383736
4.40971e-06
0.00384155
4.2119e-06
0.00384556
4.02328e-06
0.0038494
3.84323e-06
0.00385309
3.67143e-06
0.00385663
3.50723e-06
0.00386002
3.34915e-06
0.00386327
3.1972e-06
0.00386639
3.04989e-06
0.00386939
2.90694e-06
0.00387227
2.76677e-06
0.00387503
2.62848e-06
0.00387769
2.49015e-06
0.00388024
2.35044e-06
0.00388269
2.20721e-06
0.00388504
2.05878e-06
0.00388731
1.90258e-06
0.00388949
1.73659e-06
0.00389159
1.55799e-06
0.00389361
1.3642e-06
0.00389555
1.15239e-06
0.00389743
9.19456e-07
0.00389924
6.62618e-07
0.00390098
3.79188e-07
0.00390267
6.67306e-08
0.0039043
-2.77037e-07
0.00390589
-6.54577e-07
0.00390742
-1.06816e-06
0.00390892
-1.52028e-06
0.00391038
-2.01277e-06
0.00391181
-2.54714e-06
0.00391322
-3.12374e-06
0.00391461
-3.74196e-06
0.00391598
-4.4004e-06
0.00391734
-5.09582e-06
0.00391868
-5.82677e-06
0.00392001
-6.58751e-06
0.00392132
-7.37927e-06
0.0039226
-8.19158e-06
0.00392385
-9.03222e-06
0.00392465
-6.44034e-06
0.00392541
-6.64327e-06
0.00392613
-6.82154e-06
0.00392679
-6.97405e-06
0.00392741
-7.10101e-06
0.00392798
-7.20223e-06
0.00392849
-7.27841e-06
0.00392895
-7.32961e-06
0.00392935
-7.35705e-06
0.0039297
-7.36092e-06
0.00392999
-7.34297e-06
0.00393022
-7.30339e-06
0.0039304
-7.2445e-06
0.00393052
-7.1663e-06
0.00393059
-7.07175e-06
0.00393061
-6.96043e-06
0.00393058
-6.83605e-06
0.0039305
-6.69748e-06
0.00393038
-6.54935e-06
0.00393023
-6.38944e-06
0.00393004
-6.2236e-06
0.00392981
-6.04803e-06
0.00392956
-5.87028e-06
0.00392928
-5.68422e-06
-5.49997e-06
0.00392898
0.00364983
6.16189e-07
0.00366667
6.89079e-07
0.00368102
5.04034e-07
0.0036937
3.93026e-07
0.00370537
2.84228e-07
0.00371621
2.17749e-07
0.00372636
1.87888e-07
0.0037359
1.70845e-07
0.0037449
1.56015e-07
0.0037534
1.54843e-07
0.00376147
1.56125e-07
0.00376912
1.55312e-07
0.0037764
1.53125e-07
0.00378332
1.48335e-07
0.00378991
1.44074e-07
0.00379619
1.37113e-07
0.00380218
1.27285e-07
0.0038079
1.16141e-07
0.00381336
1.03712e-07
0.00381858
8.98263e-08
0.00382357
7.6223e-08
0.00382834
6.25488e-08
0.00383291
4.9836e-08
0.00383728
3.67616e-08
0.00384147
2.42739e-08
0.00384548
1.18418e-08
0.00384933
-4.98876e-10
0.00385301
-1.28239e-08
0.00385654
-2.51029e-08
0.00385993
-3.84477e-08
0.00386318
-5.24025e-08
0.0038663
-6.81478e-08
0.00386929
-8.56015e-08
0.00387216
-1.06034e-07
0.00387492
-1.30033e-07
0.00387757
-1.59197e-07
0.00388012
-1.94584e-07
0.00388256
-2.38134e-07
0.00388491
-2.91272e-07
0.00388717
-3.56366e-07
0.00388934
-4.35245e-07
0.00389143
-5.30556e-07
0.00389344
-6.44673e-07
0.00389537
-7.80263e-07
0.00389723
-9.40209e-07
0.00389902
-1.12712e-06
0.00390074
-1.34371e-06
0.0039024
-1.59237e-06
0.003904
-1.87568e-06
0.00390554
-2.1962e-06
0.00390703
-2.55675e-06
0.00390847
-2.95998e-06
0.00390987
-3.40832e-06
0.00391122
-3.90329e-06
0.00391255
-4.44542e-06
0.00391384
-5.0333e-06
0.0039151
-5.66458e-06
0.00391634
-6.33421e-06
0.00391755
-7.03894e-06
0.00391874
-7.77105e-06
0.00391989
-8.52932e-06
0.003921
-9.30189e-06
0.00392206
-1.0093e-05
0.00392273
-7.11001e-06
0.00392335
-7.26877e-06
0.00392393
-7.40104e-06
0.00392446
-7.5062e-06
0.00392495
-7.58465e-06
0.00392538
-7.63669e-06
0.00392577
-7.66318e-06
0.0039261
-7.6648e-06
0.00392639
-7.64284e-06
0.00392662
-7.59826e-06
0.00392681
-7.53269e-06
0.00392696
-7.44728e-06
0.00392706
-7.34391e-06
0.00392712
-7.22384e-06
0.00392713
-7.08912e-06
0.00392711
-6.94095e-06
0.00392706
-6.78155e-06
0.00392697
-6.61192e-06
0.00392686
-6.4344e-06
0.00392672
-6.24965e-06
0.00392656
-6.0602e-06
0.00392637
-5.86608e-06
0.00392617
-5.67035e-06
0.00392596
-5.47182e-06
-5.2748e-06
0.00392574
0.00364984
-2.1646e-05
0.00366668
-1.615e-05
0.00368103
-1.38414e-05
0.00369371
-1.22939e-05
0.00370538
-1.13826e-05
0.00371622
-1.06266e-05
0.00372637
-9.95461e-06
0.00373591
-9.36925e-06
0.00374491
-8.84305e-06
0.00375341
-8.35412e-06
0.00376148
-7.90722e-06
0.00376913
-7.49863e-06
0.00377641
-7.12084e-06
0.00378333
-6.77166e-06
0.00378992
-6.4454e-06
0.0037962
-6.14352e-06
0.00380219
-5.86336e-06
0.0038079
-5.60209e-06
0.00381337
-5.35785e-06
0.00381859
-5.12938e-06
0.00382358
-4.91387e-06
0.00382835
-4.71071e-06
0.00383292
-4.51791e-06
0.00383729
-4.33593e-06
0.00384148
-4.16318e-06
0.00384549
-3.99953e-06
0.00384933
-3.84425e-06
0.00385302
-3.69713e-06
0.00385655
-3.55748e-06
0.00385994
-3.42606e-06
0.00386319
-3.30189e-06
0.0038663
-3.18594e-06
0.0038693
-3.07764e-06
0.00387217
-2.97802e-06
0.00387493
-2.88727e-06
0.00387757
-2.80674e-06
0.00388012
-2.73709e-06
0.00388256
-2.68012e-06
0.0038849
-2.63685e-06
0.00388716
-2.60956e-06
0.00388932
-2.59967e-06
0.0038914
-2.60979e-06
0.0038934
-2.64187e-06
0.00389532
-2.69849e-06
0.00389716
-2.7822e-06
0.00389893
-2.89544e-06
0.00390062
-3.04085e-06
0.00390225
-3.22066e-06
0.00390381
-3.43759e-06
0.00390531
-3.69422e-06
0.00390675
-3.99384e-06
0.00390813
-4.3394e-06
0.00390945
-4.73409e-06
0.00391073
-5.17975e-06
0.00391196
-5.67741e-06
0.00391315
-6.22519e-06
0.00391431
-6.81979e-06
0.00391543
-7.45436e-06
0.00391651
-8.12364e-06
0.00391756
-8.8183e-06
0.00391857
-9.53495e-06
0.00391953
-1.02618e-05
0.00392043
-1.0999e-05
0.003921
-7.67362e-06
0.00392152
-7.78896e-06
0.00392199
-7.87759e-06
0.00392243
-7.93879e-06
0.00392282
-7.97315e-06
0.00392316
-7.9813e-06
0.00392346
-7.96445e-06
0.00392372
-7.92363e-06
0.00392394
-7.86045e-06
0.00392412
-7.77617e-06
0.00392426
-7.67271e-06
0.00392436
-7.55144e-06
0.00392443
-7.41449e-06
0.00392447
-7.2632e-06
0.00392448
-7.09984e-06
0.00392447
-6.92559e-06
0.00392443
-6.7428e-06
0.00392437
-6.55235e-06
0.00392429
-6.35668e-06
0.0039242
-6.15622e-06
0.00392409
-5.95352e-06
0.00392397
-5.74848e-06
0.00392385
-5.54381e-06
0.00392371
-5.33873e-06
-5.13627e-06
0.00392357
0.00364999
-4.3927e-05
0.00366681
-3.29693e-05
0.00368114
-2.81702e-05
0.00369382
-2.49728e-05
0.00370549
-2.30473e-05
0.00371633
-2.14698e-05
0.00372647
-2.00966e-05
0.00373601
-1.89093e-05
0.00374501
-1.78424e-05
0.00375352
-1.68632e-05
0.00376158
-1.59703e-05
0.00376924
-1.5152e-05
0.00377651
-1.43943e-05
0.00378343
-1.36917e-05
0.00379002
-1.30356e-05
0.0037963
-1.24254e-05
0.00380229
-1.18553e-05
0.00380801
-1.13212e-05
0.00381347
-1.08194e-05
0.00381869
-1.03477e-05
0.00382368
-9.90223e-06
0.00382845
-9.48173e-06
0.00383302
-9.08331e-06
0.00383739
-8.7066e-06
0.00384157
-8.34922e-06
0.00384559
-8.0103e-06
0.00384943
-7.6883e-06
0.00385312
-7.38258e-06
0.00385665
-7.09169e-06
0.00386004
-6.81607e-06
0.00386329
-6.5541e-06
0.00386641
-6.30654e-06
0.00386941
-6.07232e-06
0.00387228
-5.85227e-06
0.00387504
-5.64616e-06
0.00387769
-5.45509e-06
0.00388023
-5.27935e-06
0.00388267
-5.12058e-06
0.00388501
-4.97944e-06
0.00388726
-4.85802e-06
0.00388942
-4.75738e-06
0.00389149
-4.67998e-06
0.00389348
-4.62736e-06
0.00389538
-4.60191e-06
0.0038972
-4.6059e-06
0.00389895
-4.64145e-06
0.00390062
-4.71115e-06
0.00390222
-4.8168e-06
0.00390374
-4.9612e-06
0.00390519
-5.14666e-06
0.00390658
-5.37705e-06
0.00390789
-5.65548e-06
0.00390914
-5.98637e-06
0.00391034
-6.37223e-06
0.00391147
-6.81538e-06
0.00391256
-7.3139e-06
0.00391361
-7.86368e-06
0.00391461
-8.45562e-06
0.00391557
-9.08227e-06
0.00391648
-9.73196e-06
0.00391734
-1.03989e-05
0.00391815
-1.10698e-05
0.0039189
-1.17445e-05
0.00391936
-8.13496e-06
0.00391978
-8.21253e-06
0.00392017
-8.26185e-06
0.00392051
-8.28379e-06
0.00392082
-8.27967e-06
0.00392109
-8.25043e-06
0.00392132
-8.19771e-06
0.00392152
-8.12267e-06
0.00392169
-8.02734e-06
0.00392182
-7.91293e-06
0.00392193
-7.78183e-06
0.00392202
-7.63507e-06
0.00392208
-7.47539e-06
0.00392212
-7.30343e-06
0.00392214
-7.12236e-06
0.00392215
-6.93211e-06
0.00392214
-6.73644e-06
0.00392212
-6.53427e-06
0.0039221
-6.33013e-06
0.00392206
-6.12165e-06
0.00392202
-5.91435e-06
0.00392198
-5.70437e-06
0.00392193
-5.49818e-06
0.00392188
-5.2908e-06
-5.08875e-06
0.00392184
0.00369407
-6.65075e-05
0.00371106
-4.99567e-05
0.00372553
-4.26401e-05
0.00373834
-3.7787e-05
0.00375014
-3.48471e-05
0.00376111
-3.24408e-05
0.00377138
-3.03591e-05
0.00378103
-2.8563e-05
0.00379014
-2.69491e-05
0.00379875
-2.54744e-05
0.00380691
-2.41311e-05
0.00381466
-2.28985e-05
0.00382202
-2.17558e-05
0.00382902
-2.06941e-05
0.00383569
-1.97026e-05
0.00384204
-1.87798e-05
0.0038481
-1.79169e-05
0.00385389
-1.71082e-05
0.00385942
-1.6348e-05
0.0038647
-1.56321e-05
0.00386976
-1.49556e-05
0.00387459
-1.4316e-05
0.00387922
-1.37094e-05
0.00388365
-1.31349e-05
0.00388789
-1.25894e-05
0.00389195
-1.20716e-05
0.00389584
-1.15794e-05
0.00389957
-1.11119e-05
0.00390314
-1.06669e-05
0.00390657
-1.02446e-05
0.00390986
-9.8427e-06
0.00391302
-9.46181e-06
0.00391604
-9.10016e-06
0.00391895
-8.75829e-06
0.00392174
-8.4355e-06
0.00392442
-8.13245e-06
0.00392699
-7.84906e-06
0.00392945
-7.5866e-06
0.00393182
-7.3453e-06
0.00393409
-7.12699e-06
0.00393626
-6.93226e-06
0.00393834
-6.76346e-06
0.00394034
-6.62146e-06
0.00394225
-6.50859e-06
0.00394407
-6.42655e-06
0.0039458
-6.37731e-06
0.00394745
-6.3631e-06
0.00394902
-6.38531e-06
0.00395051
-6.44645e-06
0.00395191
-6.54846e-06
0.00395323
-6.69552e-06
0.00395446
-6.89104e-06
0.00395562
-7.14092e-06
0.0039567
-7.449e-06
0.0039577
-7.82001e-06
0.00395864
-8.25294e-06
0.00395952
-8.74288e-06
0.00396034
-9.27828e-06
0.00396111
-9.84911e-06
0.00396182
-1.04417e-05
0.00396247
-1.10487e-05
0.00396306
-1.16588e-05
0.00396358
-1.22692e-05
0.00396389
-8.44059e-06
0.00396415
-8.47877e-06
0.00396438
-8.49077e-06
0.00396458
-8.47694e-06
0.00396473
-8.43872e-06
0.00396486
-8.37725e-06
0.00396496
-8.29448e-06
0.00396503
-8.1917e-06
0.00396507
-8.07109e-06
0.00396509
-7.93386e-06
0.00396509
-7.78247e-06
0.00396508
-7.61783e-06
0.00396504
-7.44275e-06
0.003965
-7.25756e-06
0.00396494
-7.06559e-06
0.00396487
-6.86622e-06
0.0039648
-6.66367e-06
0.00396472
-6.45574e-06
0.00396464
-6.24823e-06
0.00396456
-6.03652e-06
0.00396447
-5.82891e-06
0.00396438
-5.61727e-06
0.0039643
-5.4135e-06
0.00396421
-5.2052e-06
-5.00779e-06
0.00396413
0.00307342
-8.53356e-05
0.00308751
-6.40504e-05
0.00309951
-5.46422e-05
0.00311015
-4.84278e-05
0.00311996
-4.46571e-05
0.00312909
-4.15643e-05
0.00313762
-3.88954e-05
0.00314565
-3.6594e-05
0.00315323
-3.45248e-05
0.00316039
-3.26367e-05
0.00316718
-3.09181e-05
0.00317362
-2.93419e-05
0.00317975
-2.78809e-05
0.00318558
-2.6523e-05
0.00319113
-2.52544e-05
0.00319642
-2.40723e-05
0.00320147
-2.29656e-05
0.00320629
-2.19276e-05
0.00321089
-2.09516e-05
0.00321529
-2.00321e-05
0.0032195
-1.91629e-05
0.00322352
-1.83403e-05
0.00322737
-1.75589e-05
0.00323105
-1.68162e-05
0.00323457
-1.61078e-05
0.00323793
-1.54304e-05
0.00324113
-1.47808e-05
0.00324418
-1.41567e-05
0.00324707
-1.35552e-05
0.0032498
-1.29755e-05
0.00325237
-1.24156e-05
0.00325478
-1.18754e-05
0.00325704
-1.13543e-05
0.00325913
-1.08521e-05
0.00326107
-1.03704e-05
0.00326284
-9.90912e-06
0.00326447
-9.47044e-06
0.00326593
-9.05481e-06
0.00326725
-8.66472e-06
0.00326843
-8.30129e-06
0.00326946
-7.96678e-06
0.00327036
-7.66294e-06
0.00327113
-7.39132e-06
0.00327178
-7.15403e-06
0.0032723
-6.95253e-06
0.00327271
-6.78882e-06
0.00327302
-6.66446e-06
0.00327321
-6.58106e-06
0.0032733
-6.5396e-06
0.0032733
-6.54186e-06
0.00327319
-6.59112e-06
0.00327299
-6.69103e-06
0.0032727
-6.84811e-06
0.00327232
-7.06787e-06
0.00327186
-7.35782e-06
0.00327132
-7.719e-06
0.00327073
-8.14543e-06
0.00327007
-8.62313e-06
0.00326936
-9.13861e-06
0.00326859
-9.6757e-06
0.00326777
-1.02238e-05
0.00326688
-1.07699e-05
0.00326592
-1.13103e-05
0.00326525
-7.77275e-06
0.00326458
-7.8006e-06
0.00326389
-7.80286e-06
0.00326319
-7.78115e-06
0.00326249
-7.73698e-06
0.00326179
-7.67193e-06
0.00326108
-7.58761e-06
0.00326037
-7.4857e-06
0.00325967
-7.3679e-06
0.00325897
-7.23587e-06
0.00325828
-7.09133e-06
0.0032576
-6.93583e-06
0.00325693
-6.77109e-06
0.00325627
-6.59843e-06
0.00325562
-6.4196e-06
0.00325499
-6.23549e-06
0.00325438
-6.04811e-06
0.00325378
-5.8575e-06
0.0032532
-5.66648e-06
0.00325263
-5.47346e-06
0.00325209
-5.28311e-06
0.00325156
-5.09077e-06
0.00325105
-4.90483e-06
0.00325056
-4.71537e-06
-4.53684e-06
0.00325009
0.00255706
-0.000101046
0.00256875
-7.57405e-05
0.0025787
-6.45947e-05
0.00258753
-5.7263e-05
0.00259569
-5.28132e-05
0.00260328
-4.9151e-05
0.00261038
-4.59946e-05
0.00261706
-4.32741e-05
0.00262336
-4.08285e-05
0.00262932
-3.85994e-05
0.00263498
-3.65716e-05
0.00264035
-3.47118e-05
0.00264545
-3.29881e-05
0.00265032
-3.1384e-05
0.00265494
-2.98813e-05
0.00265934
-2.84702e-05
0.0026635
-2.71305e-05
0.00266742
-2.58449e-05
0.00267107
-2.45961e-05
0.0026744
-2.33693e-05
0.00267739
-2.21537e-05
0.00268
-2.09459e-05
0.00268219
-1.97456e-05
0.00268393
-1.85602e-05
0.00268522
-1.73972e-05
0.00268606
-1.62672e-05
0.00268646
-1.51788e-05
0.00268644
-1.41412e-05
0.00268604
-1.31594e-05
0.00268531
-1.22391e-05
0.00268427
-1.13804e-05
0.00268298
-1.0586e-05
0.00268148
-9.85272e-06
0.00267981
-9.18028e-06
0.002678
-8.56517e-06
0.0026761
-8.00549e-06
0.00267413
-7.49769e-06
0.00267211
-7.03996e-06
0.00267008
-6.62894e-06
0.00266804
-6.26349e-06
0.00266601
-5.94076e-06
0.00266401
-5.66071e-06
0.00266204
-5.42073e-06
0.00266011
-5.22116e-06
0.00265822
-5.06088e-06
0.00265637
-4.93988e-06
0.00265456
-4.85844e-06
0.0026528
-4.81567e-06
0.00265107
-4.81175e-06
0.00264937
-4.84637e-06
0.00264771
-4.92257e-06
0.00264606
-5.04276e-06
0.00264442
-5.21467e-06
0.0026428
-5.44485e-06
0.00264119
-5.74559e-06
0.00263959
-6.12074e-06
0.00263801
-6.56426e-06
0.00263645
-7.05971e-06
0.0026349
-7.5905e-06
0.00263336
-8.13869e-06
0.00263183
-8.69072e-06
0.00263029
-9.23556e-06
0.00262875
-9.76564e-06
0.00262772
-6.74135e-06
0.0026267
-6.78708e-06
0.00262571
-6.80835e-06
0.00262473
-6.8061e-06
0.00262378
-6.78169e-06
0.00262284
-6.73694e-06
0.00262193
-6.67347e-06
0.00262104
-6.59316e-06
0.00262017
-6.49757e-06
0.00261932
-6.38855e-06
0.0026185
-6.26751e-06
0.0026177
-6.13625e-06
0.00261692
-5.99597e-06
0.00261617
-5.84842e-06
0.00261545
-5.69453e-06
0.00261475
-5.53598e-06
0.00261407
-5.37348e-06
0.00261342
-5.20853e-06
0.0026128
-5.04174e-06
0.0026122
-4.87424e-06
0.00261162
-4.70694e-06
0.00261107
-4.53989e-06
0.00261054
-4.37538e-06
0.00261004
-4.21076e-06
-4.05247e-06
0.00260955
0.00212745
-0.000114162
0.00213714
-8.54366e-05
0.0021454
-7.28476e-05
0.00215273
-6.45989e-05
0.00215951
-5.9594e-05
0.00216583
-5.54626e-05
0.00217174
-5.19068e-05
0.00217731
-4.8845e-05
0.00218257
-4.60931e-05
0.00218755
-4.35759e-05
0.00219224
-4.12569e-05
0.00219658
-3.90572e-05
0.00220048
-3.68913e-05
0.00220379
-3.46891e-05
0.00220632
-3.24085e-05
0.0022079
-3.00573e-05
0.00220844
-2.76708e-05
0.00220791
-2.53146e-05
0.00220637
-2.30502e-05
0.00220393
-2.09312e-05
0.00220076
-1.89871e-05
0.00219705
-1.72346e-05
0.00219298
-1.56697e-05
0.0021887
-1.42841e-05
0.00218436
-1.30587e-05
0.00218007
-1.19754e-05
0.00217591
-1.10139e-05
0.00217192
-1.01575e-05
0.00216815
-9.38959e-06
0.00216461
-8.69904e-06
0.0021613
-8.07345e-06
0.00215823
-7.50663e-06
0.00215536
-6.98984e-06
0.0021527
-6.51954e-06
0.00215023
-6.09053e-06
0.00214792
-5.70053e-06
0.00214577
-5.34632e-06
0.00214376
-5.02693e-06
0.00214187
-4.74011e-06
0.00214009
-4.48567e-06
0.00213841
-4.26211e-06
0.00213682
-4.07019e-06
0.00213531
-3.9084e-06
0.00213387
-3.77765e-06
0.00213248
-3.67769e-06
0.00213115
-3.60887e-06
0.00212987
-3.57221e-06
0.00212862
-3.56672e-06
0.0021274
-3.59246e-06
0.0021262
-3.64866e-06
0.00212502
-3.73838e-06
0.00212384
-3.86372e-06
0.00212266
-4.03345e-06
0.00212147
-4.2558e-06
0.00212027
-4.54894e-06
0.00211907
-4.921e-06
0.00211787
-5.36598e-06
0.00211668
-5.86494e-06
0.00211549
-6.39814e-06
0.00211429
-6.94547e-06
0.00211309
-7.49054e-06
0.00211188
-8.0228e-06
0.00211065
-8.53334e-06
0.00210982
-5.91659e-06
0.00210901
-5.97496e-06
0.00210821
-6.00865e-06
0.00210742
-6.01926e-06
0.00210665
-6.00826e-06
0.00210589
-5.97778e-06
0.00210515
-5.92943e-06
0.00210442
-5.86519e-06
0.00210371
-5.78662e-06
0.00210302
-5.69547e-06
0.00210234
-5.59316e-06
0.00210169
-5.48134e-06
0.00210105
-5.36117e-06
0.00210044
-5.2342e-06
0.00209984
-5.1013e-06
0.00209927
-4.964e-06
0.00209872
-4.82283e-06
0.00209819
-4.67931e-06
0.00209768
-4.53366e-06
0.0020972
-4.38738e-06
0.00209673
-4.24048e-06
0.00209628
-4.0942e-06
0.00209586
-3.9489e-06
0.00209545
-3.80444e-06
-3.66391e-06
0.00209506
0.00177001
-0.000125121
0.00177805
-9.34783e-05
0.0017849
-7.9691e-05
0.00179099
-7.06949e-05
0.00179665
-6.52489e-05
0.00180193
-6.07412e-05
0.00180685
-5.68279e-05
0.00181132
-5.33182e-05
0.00181506
-4.98315e-05
0.00181759
-4.61047e-05
0.00181841
-4.20798e-05
0.00181722
-3.78625e-05
0.00181402
-3.36939e-05
0.00180914
-2.98155e-05
0.0018031
-2.6365e-05
0.00179644
-2.33957e-05
0.00178964
-2.08678e-05
0.00178304
-1.87198e-05
0.00177686
-1.68728e-05
0.0017712
-1.52665e-05
0.00176606
-1.38481e-05
0.00176141
-1.25884e-05
0.00175721
-1.14606e-05
0.00175337
-1.04522e-05
0.00174986
-9.54779e-06
0.00174663
-8.73869e-06
0.00174362
-8.013e-06
0.00174083
-7.36342e-06
0.00173822
-6.77958e-06
0.00173578
-6.25588e-06
0.00173349
-5.78323e-06
0.00173134
-5.35811e-06
0.00172932
-4.97305e-06
0.00172743
-4.6257e-06
0.00172565
-4.31128e-06
0.00172398
-4.02802e-06
0.0017224
-3.77284e-06
0.00172092
-3.54508e-06
0.00171952
-3.34273e-06
0.0017182
-3.16561e-06
0.00171695
-3.01278e-06
0.00171577
-2.88472e-06
0.00171464
-2.78058e-06
0.00171356
-2.70083e-06
0.00171253
-2.64592e-06
0.00171154
-2.61589e-06
0.00171058
-2.61238e-06
0.00170965
-2.63396e-06
0.00170874
-2.68039e-06
0.00170784
-2.75027e-06
0.00170695
-2.84636e-06
0.00170605
-2.97016e-06
0.00170515
-3.13088e-06
0.00170423
-3.33808e-06
0.0017033
-3.61654e-06
0.00170236
-3.97944e-06
0.00170141
-4.42085e-06
0.00170047
-4.91901e-06
0.00169952
-5.45102e-06
0.00169857
-5.9943e-06
0.00169761
-6.52991e-06
0.00169663
-7.04833e-06
0.00169564
-7.54096e-06
0.00169498
-5.25058e-06
0.00169432
-5.31729e-06
0.00169367
-5.35928e-06
0.00169303
-5.3788e-06
0.0016924
-5.37724e-06
0.00169178
-5.35718e-06
0.00169117
-5.32007e-06
0.00169057
-5.26808e-06
0.00168999
-5.20271e-06
0.00168942
-5.12565e-06
0.00168886
-5.03828e-06
0.00168832
-4.9421e-06
0.0016878
-4.83825e-06
0.00168729
-4.72807e-06
0.0016868
-4.61243e-06
0.00168633
-4.49257e-06
0.00168588
-4.36908e-06
0.00168544
-4.24313e-06
0.00168502
-4.11505e-06
0.00168462
-3.986e-06
0.00168424
-3.85606e-06
0.00168387
-3.72626e-06
0.00168352
-3.5969e-06
0.00168318
-3.46795e-06
-3.34194e-06
0.00168286
0.00147261
-0.000134266
0.00147927
-0.000100135
0.00148496
-8.53881e-05
0.00149006
-7.57922e-05
0.00149462
-6.98038e-05
0.00149803
-6.41499e-05
0.0014992
-5.80005e-05
0.0014972
-5.13153e-05
0.00149191
-4.45424e-05
0.00148416
-3.83577e-05
0.00147521
-3.31273e-05
0.00146618
-2.88404e-05
0.00145779
-2.5295e-05
0.00145027
-2.23035e-05
0.00144363
-1.97253e-05
0.00143773
-1.74965e-05
0.00143243
-1.55642e-05
0.00142761
-1.38971e-05
0.00142319
-1.2455e-05
0.00141913
-1.12069e-05
0.0014154
-1.0116e-05
0.00141197
-9.16102e-06
0.00140883
-8.31494e-06
0.00140594
-7.5663e-06
0.00140329
-6.89844e-06
0.00140086
-6.30361e-06
0.00139861
-5.77032e-06
0.00139654
-5.29375e-06
0.00139463
-4.86473e-06
0.00139285
-4.48046e-06
0.0013912
-4.13312e-06
0.00138967
-3.82152e-06
0.00138823
-3.53914e-06
0.00138689
-3.2854e-06
0.00138564
-3.05604e-06
0.00138446
-2.8507e-06
0.00138335
-2.66635e-06
0.00138231
-2.50351e-06
0.00138133
-2.36006e-06
0.0013804
-2.23653e-06
0.00137952
-2.13215e-06
0.00137868
-2.04745e-06
0.00137788
-1.98213e-06
0.00137712
-1.93606e-06
0.00137638
-1.91065e-06
0.00137567
-1.90512e-06
0.00137498
-1.92216e-06
0.00137431
-1.95941e-06
0.00137365
-2.01673e-06
0.00137299
-2.09161e-06
0.00137233
-2.18664e-06
0.00137166
-2.30227e-06
0.00137098
-2.44773e-06
0.00137027
-2.63337e-06
0.00136955
-2.89106e-06
0.00136881
-3.23951e-06
0.00136806
-3.6729e-06
0.00136731
-4.16637e-06
0.00136655
-4.69393e-06
0.00136578
-5.23027e-06
0.00136501
-5.75396e-06
0.00136422
-6.25607e-06
0.0013634
-6.72901e-06
0.00136286
-4.70389e-06
0.00136232
-4.77594e-06
0.00136178
-4.82276e-06
0.00136125
-4.84764e-06
0.00136072
-4.85183e-06
0.0013602
-4.83859e-06
0.00135969
-4.80899e-06
0.00135919
-4.76557e-06
0.0013587
-4.70965e-06
0.00135822
-4.64286e-06
0.00135774
-4.5666e-06
0.00135728
-4.4822e-06
0.00135684
-4.39087e-06
0.0013564
-4.29365e-06
0.00135598
-4.19155e-06
0.00135557
-4.08544e-06
0.00135518
-3.97609e-06
0.0013548
-3.86423e-06
0.00135444
-3.75045e-06
0.00135409
-3.63537e-06
0.00135375
-3.51947e-06
0.00135343
-3.40312e-06
0.00135312
-3.28708e-06
0.00135282
-3.17072e-06
-3.05693e-06
0.00135254
0.001225
-0.000141893
0.00123063
-0.000105768
0.00123517
-8.99258e-05
0.00123736
-7.79845e-05
0.00123523
-6.7673e-05
0.00122828
-5.72014e-05
0.00121814
-4.78523e-05
0.00120716
-4.03417e-05
0.00119695
-3.43289e-05
0.00118798
-2.93937e-05
0.00118014
-2.52834e-05
0.00117317
-2.18702e-05
0.0011669
-1.90292e-05
0.00116126
-1.66593e-05
0.00115619
-1.46551e-05
0.00115165
-1.2954e-05
0.00114758
-1.14952e-05
0.00114392
-1.02421e-05
0.00114063
-9.15875e-06
0.00113764
-8.22086e-06
0.00113493
-7.40058e-06
0.00113245
-6.68406e-06
0.00113018
-6.04927e-06
0.00112811
-5.49044e-06
0.0011262
-4.99304e-06
0.00112445
-4.55214e-06
0.00112284
-4.15755e-06
0.00112135
-3.80665e-06
0.00111998
-3.4909e-06
0.00111871
-3.20945e-06
0.00111753
-2.95489e-06
0.00111643
-2.72758e-06
0.00111542
-2.52141e-06
0.00111447
-2.33699e-06
0.00111358
-2.17029e-06
0.00111275
-2.02213e-06
0.00111198
-1.88917e-06
0.00111125
-1.7733e-06
0.00111056
-1.67173e-06
0.00110991
-1.58627e-06
0.00110929
-1.5155e-06
0.0011087
-1.4608e-06
0.00110814
-1.4216e-06
0.00110761
-1.39779e-06
0.00110709
-1.39129e-06
0.00110658
-1.40066e-06
0.00110609
-1.42964e-06
0.00110561
-1.47485e-06
0.00110512
-1.53664e-06
0.00110464
-1.61065e-06
0.00110416
-1.69994e-06
0.00110366
-1.80322e-06
0.00110314
-1.92984e-06
0.0011026
-2.09e-06
0.00110203
-2.32318e-06
0.00110144
-2.6537e-06
0.00110085
-3.07591e-06
0.00110024
-3.56172e-06
0.00109963
-4.08215e-06
0.00109901
-4.60901e-06
0.00109837
-5.11833e-06
0.00109772
-5.60183e-06
0.00109704
-6.05358e-06
0.00109659
-4.24687e-06
0.00109613
-4.32097e-06
0.00109568
-4.36909e-06
0.00109523
-4.39583e-06
0.00109478
-4.40209e-06
0.00109433
-4.39208e-06
0.00109389
-4.36609e-06
0.00109345
-4.32744e-06
0.00109302
-4.27697e-06
0.00109259
-4.2164e-06
0.00109217
-4.14711e-06
0.00109176
-4.07027e-06
0.00109136
-3.98726e-06
0.00109096
-3.89875e-06
0.00109057
-3.80603e-06
0.0010902
-3.70949e-06
0.00108983
-3.61024e-06
0.00108948
-3.50848e-06
0.00108913
-3.40521e-06
0.0010888
-3.30037e-06
0.00108847
-3.19504e-06
0.00108816
-3.08871e-06
0.00108785
-2.98294e-06
0.00108756
-2.87594e-06
-2.77175e-06
0.00108727
0.0010195
-0.000149006
0.00102272
-0.000108989
0.00101931
-8.65087e-05
0.00100962
-6.82955e-05
0.000997274
-5.5329e-05
0.000985417
-4.53446e-05
0.000975026
-3.74612e-05
0.000965925
-3.12412e-05
0.000957882
-2.62851e-05
0.000950797
-2.23087e-05
0.000944595
-1.90815e-05
0.000939172
-1.64473e-05
0.000934405
-1.42619e-05
0.000930186
-1.24403e-05
0.000926432
-1.09016e-05
0.000923082
-9.60395e-06
0.000920086
-8.49861e-06
0.000917398
-7.5546e-06
0.000914982
-6.74257e-06
0.000912803
-6.04174e-06
0.000910832
-5.42933e-06
0.000909042
-4.89486e-06
0.000907413
-4.42006e-06
0.000905926
-4.00317e-06
0.000904564
-3.63156e-06
0.000903315
-3.30306e-06
0.000902167
-3.0091e-06
0.000901109
-2.74892e-06
0.000900133
-2.51484e-06
0.000899231
-2.30748e-06
0.000898396
-2.11982e-06
0.000897622
-1.95334e-06
0.000896903
-1.80228e-06
0.000896234
-1.66789e-06
0.00089561
-1.54653e-06
0.000895027
-1.43946e-06
0.000894482
-1.34351e-06
0.00089397
-1.26115e-06
0.000893487
-1.18938e-06
0.000893032
-1.13078e-06
0.0008926
-1.08326e-06
0.000892188
-1.04936e-06
0.000891794
-1.02743e-06
0.000891415
-1.01839e-06
0.000891047
-1.02342e-06
0.000890688
-1.04162e-06
0.000890335
-1.07661e-06
0.000889985
-1.12512e-06
0.000889636
-1.18724e-06
0.000889282
-1.25676e-06
0.00088892
-1.3376e-06
0.000888543
-1.42635e-06
0.000888146
-1.53275e-06
0.000887721
-1.66559e-06
0.000887271
-1.8726e-06
0.0008868
-2.18305e-06
0.000886316
-2.59204e-06
0.000885823
-3.06785e-06
0.000885319
-3.57862e-06
0.000884803
-4.09333e-06
0.000884271
-4.58549e-06
0.000883716
-5.04724e-06
0.000883137
-5.4744e-06
0.000882741
-3.85147e-06
0.000882344
-3.9237e-06
0.000881944
-3.96907e-06
0.000881542
-3.99339e-06
0.000881137
-3.99725e-06
0.000880731
-3.98607e-06
0.000880324
-3.95892e-06
0.000879917
-3.9204e-06
0.00087951
-3.87057e-06
0.000879105
-3.81137e-06
0.000878702
-3.74419e-06
0.000878302
-3.67008e-06
0.000877906
-3.59066e-06
0.000877513
-3.50615e-06
0.000877125
-3.41833e-06
0.000876743
-3.32693e-06
0.000876366
-3.23368e-06
0.000875996
-3.13799e-06
0.000875632
-3.04157e-06
0.000875275
-2.94351e-06
0.000874926
-2.84568e-06
0.000874584
-2.74661e-06
0.00087425
-2.64874e-06
0.000873923
-2.5491e-06
-2.453e-06
0.000873604
0.000846699
-0.000150711
0.000837114
-9.94041e-05
0.000823107
-7.2502e-05
0.000810008
-5.5196e-05
0.000798624
-4.39455e-05
0.000788699
-3.54197e-05
0.000780145
-2.89069e-05
0.000772839
-2.39355e-05
0.000766577
-2.00226e-05
0.000761166
-1.68977e-05
0.00075647
-1.43853e-05
0.000752385
-1.23621e-05
0.000748816
-1.0693e-05
0.000745682
-9.30661e-06
0.000742915
-8.13473e-06
0.00074046
-7.14867e-06
0.000738272
-6.31031e-06
0.000736313
-5.59645e-06
0.000734556
-4.98539e-06
0.000732975
-4.46017e-06
0.000731547
-4.00202e-06
0.000730256
-3.60296e-06
0.000729083
-3.24746e-06
0.000728015
-2.93565e-06
0.000727041
-2.65708e-06
0.000726149
-2.41121e-06
0.000725331
-2.1909e-06
0.000724579
-1.99674e-06
0.000723886
-1.82191e-06
0.000723246
-1.66807e-06
0.000722655
-1.5287e-06
0.000722108
-1.40599e-06
0.0007216
-1.2946e-06
0.000721129
-1.19609e-06
0.000720689
-1.10733e-06
0.00072028
-1.02957e-06
0.000719896
-9.60126e-07
0.000719537
-9.0147e-07
0.000719198
-8.50818e-07
0.000718878
-8.10968e-07
0.000718574
-7.79481e-07
0.000718285
-7.59756e-07
0.000718006
-7.49059e-07
0.000717738
-7.49597e-07
0.000717475
-7.61159e-07
0.000717218
-7.84166e-07
0.000716963
-8.21103e-07
0.000716708
-8.70069e-07
0.00071645
-9.29857e-07
0.000716186
-9.92905e-07
0.000715912
-1.06357e-06
0.000715623
-1.13725e-06
0.000715314
-1.22323e-06
0.000714977
-1.32838e-06
0.000714613
-1.50903e-06
0.000714228
-1.79807e-06
0.000713829
-2.19264e-06
0.000713417
-2.65601e-06
0.000712992
-3.15416e-06
0.000712552
-3.6532e-06
0.000712091
-4.12418e-06
0.000711603
-4.55909e-06
0.000711084
-4.95524e-06
0.000710724
-3.49132e-06
0.000710356
-3.55622e-06
0.000709981
-3.59348e-06
0.000709597
-3.6099e-06
0.000709206
-3.60594e-06
0.000708808
-3.58829e-06
0.000708404
-3.55459e-06
0.000707995
-3.5112e-06
0.000707581
-3.45704e-06
0.000707164
-3.39453e-06
0.000706745
-3.32493e-06
0.000706324
-3.24935e-06
0.000705903
-3.16961e-06
0.000705482
-3.08541e-06
0.000705063
-2.99924e-06
0.000704646
-2.90986e-06
0.000704233
-2.82e-06
0.000703822
-2.72787e-06
0.000703417
-2.63629e-06
0.000703017
-2.54314e-06
0.000702623
-2.45138e-06
0.000702234
-2.35848e-06
0.000701853
-2.26774e-06
0.00070148
-2.17528e-06
-2.08727e-06
0.000701114
0.000689192
-0.000137044
0.000673154
-8.33664e-05
0.000659708
-5.9056e-05
0.000648449
-4.39368e-05
0.000638962
-3.44587e-05
0.000630987
-2.74452e-05
0.000624273
-2.21924e-05
0.000618617
-1.8279e-05
0.000613828
-1.52343e-05
0.00060974
-1.28093e-05
0.000606222
-1.08676e-05
0.000603177
-9.31662e-06
0.000600525
-8.04175e-06
0.000598207
-6.98801e-06
0.000596169
-6.09685e-06
0.000594368
-5.34783e-06
0.000592769
-4.711e-06
0.000591342
-4.16939e-06
0.000590064
-3.70747e-06
0.000588916
-3.31191e-06
0.000587881
-2.96745e-06
0.000586946
-2.66824e-06
0.0005861
-2.40101e-06
0.000585331
-2.16657e-06
0.00058463
-1.95677e-06
0.000583991
-1.77178e-06
0.000583406
-1.6057e-06
0.000582869
-1.45989e-06
0.000582376
-1.32842e-06
0.000581921
-1.21352e-06
0.000581502
-1.10924e-06
0.000581114
-1.01817e-06
0.000580755
-9.35466e-07
0.000580421
-8.62754e-07
0.000580111
-7.9746e-07
0.000579823
-7.40637e-07
0.000579553
-6.90116e-07
0.000579299
-6.48229e-07
0.000579061
-6.12489e-07
0.000578836
-5.85627e-07
0.000578621
-5.65111e-07
0.000578416
-5.54836e-07
0.000578219
-5.51299e-07
0.000578027
-5.57685e-07
0.000577838
-5.72527e-07
0.000577651
-5.97434e-07
0.000577464
-6.34031e-07
0.000577276
-6.815e-07
0.000577083
-7.36819e-07
0.000576882
-7.92419e-07
0.000576671
-8.52311e-07
0.000576445
-9.11512e-07
0.000576199
-9.7716e-07
0.000575927
-1.05564e-06
0.000575628
-1.21046e-06
0.000575308
-1.47751e-06
0.000574972
-1.85672e-06
0.00057462
-2.30424e-06
0.000574252
-2.78588e-06
0.000573862
-3.26392e-06
0.000573445
-3.70725e-06
0.000572993
-4.10681e-06
0.000572499
-4.46153e-06
0.000572149
-3.1408e-06
0.000571784
-3.19158e-06
0.000571406
-3.2148e-06
0.000571013
-3.21759e-06
0.000570608
-3.20074e-06
0.000570192
-3.17194e-06
0.000569765
-3.12751e-06
0.000569329
-3.07568e-06
0.000568886
-3.01416e-06
0.000568438
-2.9458e-06
0.000567984
-2.87166e-06
0.000567528
-2.79303e-06
0.00056707
-2.71179e-06
0.000566612
-2.62711e-06
0.000566155
-2.54222e-06
0.0005657
-2.45468e-06
0.000565248
-2.36845e-06
0.000564801
-2.28015e-06
0.000564358
-2.19412e-06
0.000563922
-2.10654e-06
0.000563492
-2.02192e-06
0.00056307
-1.93631e-06
0.000562657
-1.85404e-06
0.000562252
-1.77062e-06
-1.69241e-06
0.000561857
0.000553422
-0.000118995
0.000539239
-6.91828e-05
0.000527987
-4.78042e-05
0.000518797
-3.47462e-05
0.000511193
-2.68554e-05
0.000504933
-2.11851e-05
0.000499754
-1.70131e-05
0.000495437
-1.3962e-05
0.000491809
-1.16062e-05
0.000488733
-9.73389e-06
0.000486104
-8.23781e-06
0.000483836
-7.0486e-06
0.000481868
-6.07396e-06
0.000480151
-5.27174e-06
0.000478647
-4.59277e-06
0.000477322
-4.02255e-06
0.000476149
-3.53751e-06
0.000475104
-3.12518e-06
0.000474171
-2.77444e-06
0.000473334
-2.47497e-06
0.000472582
-2.21459e-06
0.000471902
-1.98895e-06
0.000471288
-1.787e-06
0.000470731
-1.6097e-06
0.000470225
-1.45078e-06
0.000469765
-1.31079e-06
0.000469344
-1.18485e-06
0.000468958
-1.07469e-06
0.000468605
-9.75192e-07
0.000468281
-8.88826e-07
0.000467982
-8.10276e-07
0.000467706
-7.42224e-07
0.000467451
-6.80411e-07
0.000467214
-6.26368e-07
0.000466995
-5.78012e-07
0.00046679
-5.36209e-07
0.0004666
-4.99242e-07
0.000466421
-4.69203e-07
0.000466252
-4.4402e-07
0.000466093
-4.26061e-07
0.00046594
-4.13012e-07
0.000465794
-4.08829e-07
0.000465653
-4.09712e-07
0.000465515
-4.19348e-07
0.000465377
-4.35279e-07
0.00046524
-4.60196e-07
0.000465101
-4.95246e-07
0.000464959
-5.39608e-07
0.000464811
-5.88838e-07
0.000464656
-6.36751e-07
0.00046449
-6.86115e-07
0.00046431
-7.31767e-07
0.00046411
-7.77573e-07
0.000463886
-8.31546e-07
0.000463637
-9.61426e-07
0.000463367
-1.20674e-06
0.000463079
-1.56872e-06
0.00046277
-1.99561e-06
0.000462439
-2.45532e-06
0.00046208
-2.90414e-06
0.000461683
-3.31027e-06
0.000461239
-3.6628e-06
0.000460741
-3.96374e-06
0.00046038
-2.77941e-06
0.000459998
-2.81003e-06
0.000459598
-2.81477e-06
0.000459181
-2.80036e-06
0.000458748
-2.76824e-06
0.000458303
-2.72663e-06
0.000457846
-2.67077e-06
0.000457381
-2.61041e-06
0.000456909
-2.54237e-06
0.000456433
-2.4692e-06
0.000455953
-2.39218e-06
0.000455473
-2.31251e-06
0.000454993
-2.23201e-06
0.000454515
-2.1494e-06
0.000454041
-2.06838e-06
0.000453572
-1.9853e-06
0.000453109
-1.90543e-06
0.000452652
-1.82349e-06
0.000452204
-1.7457e-06
0.000451763
-1.66602e-06
0.000451332
-1.59107e-06
0.000450911
-1.51493e-06
0.0004505
-1.4434e-06
0.000450101
-1.37128e-06
-1.30488e-06
0.000449714
0.000443149
-0.000102904
0.000431621
-5.76546e-05
0.000422446
-3.86295e-05
0.000415061
-2.73614e-05
0.000409065
-2.08592e-05
0.000404209
-1.63294e-05
0.000400245
-1.30484e-05
0.000396965
-1.06828e-05
0.000394223
-8.86399e-06
0.00039191
-7.42084e-06
0.000389941
-6.26835e-06
0.000388247
-5.35515e-06
0.000386782
-4.60921e-06
0.000385508
-3.9968e-06
0.000384393
-3.47785e-06
0.000383412
-3.0424e-06
0.000382547
-2.67168e-06
0.000381778
-2.35661e-06
0.000381093
-2.08918e-06
0.000380479
-1.86134e-06
0.000379928
-1.66352e-06
0.000379431
-1.49234e-06
0.000378983
-1.33884e-06
0.000378578
-1.20395e-06
0.00037821
-1.08288e-06
0.000377875
-9.76323e-07
0.000377571
-8.80287e-07
0.000377293
-7.96589e-07
0.000377038
-7.20849e-07
0.000376805
-6.5554e-07
0.000376591
-5.96003e-07
0.000376393
-5.44822e-07
0.000376211
-4.98325e-07
0.000376043
-4.57892e-07
0.000375887
-4.21836e-07
0.000375741
-3.90855e-07
0.000375606
-3.63647e-07
0.000375478
-3.4197e-07
0.000375359
-3.24299e-07
0.000375245
-3.12357e-07
0.000375136
-3.04346e-07
0.000375031
-3.03921e-07
0.000374929
-3.07361e-07
0.000374828
-3.18478e-07
0.000374727
-3.34042e-07
0.000374625
-3.57896e-07
0.00037452
-3.90441e-07
0.000374411
-4.30457e-07
0.000374295
-4.73078e-07
0.000374172
-5.13431e-07
0.000374038
-5.52691e-07
0.000373892
-5.85736e-07
0.000373728
-6.13066e-07
0.000373542
-6.45354e-07
0.000373332
-7.51659e-07
0.000373101
-9.75494e-07
0.000372849
-1.31649e-06
0.00037257
-1.71708e-06
0.000372262
-2.14711e-06
0.000371913
-2.55581e-06
0.000371517
-2.91359e-06
0.000371062
-3.20756e-06
0.000370543
-3.4454e-06
0.000370162
-2.39855e-06
0.000369759
-2.40636e-06
0.000369336
-2.39188e-06
0.000368896
-2.36094e-06
0.000368444
-2.3154e-06
0.000367981
-2.26357e-06
0.000367509
-2.19964e-06
0.000367033
-2.13445e-06
0.000366555
-2.06437e-06
0.000366077
-1.99035e-06
0.0003656
-1.91509e-06
0.000365126
-1.83865e-06
0.000364657
-1.76326e-06
0.000364194
-1.6869e-06
0.000363739
-1.61344e-06
0.000363293
-1.53836e-06
0.000362855
-1.46805e-06
0.000362427
-1.3954e-06
0.00036201
-1.32851e-06
0.000361603
-1.25896e-06
0.000361208
-1.19585e-06
0.000360823
-1.13074e-06
0.000360452
-1.07155e-06
0.000360092
-1.01186e-06
-9.58313e-07
0.000359746
0.000354757
-8.99892e-05
0.000345479
-4.83756e-05
0.000337998
-3.11492e-05
0.000332105
-2.14679e-05
0.000327414
-1.61688e-05
0.000323669
-1.2584e-05
0.000320642
-1.00219e-05
0.000318152
-8.19247e-06
0.000316077
-6.78892e-06
0.000314332
-5.67626e-06
0.000312852
-4.78779e-06
0.000311582
-4.08531e-06
0.000310486
-3.51344e-06
0.000309534
-3.04465e-06
0.000308703
-2.64667e-06
0.000307973
-2.31304e-06
0.00030733
-2.02869e-06
0.000306761
-1.7871e-06
0.000306254
-1.58241e-06
0.000305801
-1.40829e-06
0.000305395
-1.25731e-06
0.000305029
-1.12673e-06
0.0003047
-1.00941e-06
0.000304402
-9.06234e-07
0.000304133
-8.13513e-07
0.000303888
-7.3195e-07
0.000303667
-6.58358e-07
0.000303464
-5.94426e-07
0.00030328
-5.36479e-07
0.000303111
-4.86823e-07
0.000302957
-4.41442e-07
0.000302815
-4.02747e-07
0.000302684
-3.6752e-07
0.000302563
-3.37102e-07
0.000302451
-3.10025e-07
0.000302347
-2.86892e-07
0.00030225
-2.66748e-07
0.000302159
-2.50983e-07
0.000302074
-2.38658e-07
0.000301992
-2.30721e-07
0.000301914
-2.26068e-07
0.000301838
-2.27807e-07
0.000301763
-2.32536e-07
0.000301688
-2.43936e-07
0.000301613
-2.58277e-07
0.000301535
-2.80429e-07
0.000301454
-3.09626e-07
0.000301369
-3.44672e-07
0.000301276
-3.80862e-07
0.000301177
-4.13902e-07
0.000301068
-4.43722e-07
0.000300947
-4.6521e-07
0.000300811
-4.76241e-07
0.000300655
-4.90083e-07
0.000300478
-5.74332e-07
0.000300279
-7.75962e-07
0.000300053
-1.0907e-06
0.000299795
-1.45877e-06
0.000299497
-1.84923e-06
0.000299148
-2.2068e-06
0.000298741
-2.5071e-06
0.00029827
-2.73613e-06
0.000297734
-2.90929e-06
0.00029734
-2.00493e-06
0.000296926
-1.99199e-06
0.000296495
-1.96172e-06
0.000296054
-1.91911e-06
0.000295604
-1.86552e-06
0.000295149
-1.80919e-06
0.000294693
-1.743e-06
0.000294237
-1.67878e-06
0.000293785
-1.61239e-06
0.000293337
-1.5423e-06
0.000292896
-1.47417e-06
0.000292463
-1.40503e-06
0.000292038
-1.33909e-06
0.000291624
-1.27233e-06
0.00029122
-1.20915e-06
0.000290826
-1.14467e-06
0.000290444
-1.08586e-06
0.000290073
-1.02429e-06
0.000289714
-9.69487e-07
0.000289366
-9.11107e-07
0.00028903
-8.60456e-07
0.000288706
-8.06599e-07
0.000288395
-7.59926e-07
0.000288095
-7.12248e-07
-6.71163e-07
0.000287808
0.000284134
-7.98501e-05
0.000276546
-4.07881e-05
0.000270418
-2.50211e-05
0.000265737
-1.67869e-05
0.000262086
-1.25173e-05
0.000259203
-9.7013e-06
0.000256892
-7.71041e-06
0.000254996
-6.297e-06
0.000253421
-5.21335e-06
0.000252099
-4.35474e-06
0.00025098
-3.66919e-06
0.000250023
-3.128e-06
0.000249199
-2.68882e-06
0.000248483
-2.32911e-06
0.000247859
-2.02299e-06
0.000247313
-1.7666e-06
0.000246832
-1.54781e-06
0.000246407
-1.36202e-06
0.000246029
-1.20485e-06
0.000245692
-1.0713e-06
0.000245391
-9.55574e-07
0.000245119
-8.55501e-07
0.000244875
-7.65417e-07
0.000244655
-6.86123e-07
0.000244457
-6.14797e-07
0.000244277
-5.52074e-07
0.000244114
-4.9545e-07
0.000243966
-4.46389e-07
0.000243831
-4.01869e-07
0.000243708
-3.63928e-07
0.000243596
-3.29168e-07
0.000243493
-2.99781e-07
0.000243398
-2.72906e-07
0.000243311
-2.49918e-07
0.000243231
-2.29437e-07
0.000243156
-2.12041e-07
0.000243086
-1.9703e-07
0.000243021
-1.85485e-07
0.000242959
-1.76881e-07
0.0002429
-1.71614e-07
0.000242843
-1.69164e-07
0.000242787
-1.71972e-07
0.000242732
-1.7716e-07
0.000242676
-1.88036e-07
0.000242618
-2.00755e-07
0.000242559
-2.20743e-07
0.000242495
-2.46078e-07
0.000242426
-2.76046e-07
0.000242352
-3.06173e-07
0.00024227
-3.32355e-07
0.00024218
-3.53746e-07
0.00024208
-3.64994e-07
0.000241966
-3.62356e-07
0.000241837
-3.611e-07
0.000241687
-4.24549e-07
0.000241514
-6.02267e-07
0.000241308
-8.84812e-07
0.000241063
-1.21388e-06
0.000240769
-1.55513e-06
0.000240416
-1.85425e-06
0.000240003
-2.09356e-06
0.000239526
-2.25964e-06
0.000238992
-2.37528e-06
0.000238604
-1.61681e-06
0.000238201
-1.58893e-06
0.000237788
-1.54897e-06
0.000237371
-1.50175e-06
0.000236952
-1.44667e-06
0.000236535
-1.39217e-06
0.000236122
-1.32955e-06
0.000235715
-1.27169e-06
0.000235316
-1.21343e-06
0.000234925
-1.15119e-06
0.000234545
-1.09408e-06
0.000234174
-1.03462e-06
0.000233816
-9.8084e-07
0.000233468
-9.24768e-07
0.000233132
-8.73011e-07
0.000232807
-8.19932e-07
0.000232494
-7.72894e-07
0.000232193
-7.22583e-07
0.000231903
-6.79479e-07
0.000231624
-6.32007e-07
0.000231356
-5.92892e-07
0.000231099
-5.49505e-07
0.000230853
-5.14207e-07
0.000230618
-4.77046e-07
-4.47011e-07
0.000230394
0.000227691
-7.17401e-05
0.000221338
-3.44355e-05
0.000216307
-1.99905e-05
0.000212604
-1.30831e-05
0.000209769
-9.68257e-06
0.00020755
-7.48281e-06
0.00020578
-5.94047e-06
0.000204332
-4.84895e-06
0.000203131
-4.01177e-06
0.000202125
-3.34866e-06
0.000201275
-2.81941e-06
0.000200549
-2.40211e-06
0.000199924
-2.06431e-06
0.000199383
-1.78781e-06
0.000198912
-1.5518e-06
0.0001985
-1.35431e-06
0.000198137
-1.18557e-06
0.000197818
-1.04238e-06
0.000197534
-9.21415e-07
0.000197282
-8.18674e-07
0.000197056
-7.29668e-07
0.000196853
-6.52699e-07
0.000196671
-5.83269e-07
0.000196507
-5.2211e-07
0.000196359
-4.67057e-07
0.000196226
-4.18644e-07
0.000196105
-3.74941e-07
0.000195996
-3.37151e-07
0.000195897
-3.02834e-07
0.000195807
-2.73724e-07
0.000195725
-2.46994e-07
0.000195649
-2.24578e-07
0.00019558
-2.03966e-07
0.000195517
-1.86518e-07
0.000195459
-1.70918e-07
0.000195404
-1.57762e-07
0.000195354
-1.46483e-07
0.000195306
-1.37981e-07
0.000195261
-1.31925e-07
0.000195218
-1.28447e-07
0.000195176
-1.27384e-07
0.000195135
-1.30528e-07
0.000195093
-1.35636e-07
0.000195051
-1.45505e-07
0.000195007
-1.56482e-07
0.00019496
-1.73994e-07
0.000194909
-1.95322e-07
0.000194853
-2.20396e-07
0.000194792
-2.44932e-07
0.000194725
-2.64967e-07
0.00019465
-2.79179e-07
0.000194567
-2.81808e-07
0.000194473
-2.68225e-07
0.000194367
-2.54991e-07
0.000194241
-2.98622e-07
0.000194089
-4.50302e-07
0.000193899
-6.95234e-07
0.000193665
-9.79677e-07
0.000193376
-1.26543e-06
0.000193026
-1.50511e-06
0.00019262
-1.68686e-06
0.00019216
-1.79972e-06
0.000191655
-1.87087e-06
0.000191294
-1.25575e-06
0.000190926
-1.22014e-06
0.000190553
-1.17689e-06
0.000190184
-1.13189e-06
0.000189818
-1.08067e-06
0.000189458
-1.03292e-06
0.000189107
-9.7798e-07
0.000188765
-9.29762e-07
0.000188433
-8.81879e-07
0.000188112
-8.29813e-07
0.000187803
-7.85191e-07
0.000187504
-7.35914e-07
0.000187218
-6.94828e-07
0.000186942
-6.48665e-07
0.000186677
-6.08182e-07
0.000186423
-5.65757e-07
0.00018618
-5.29556e-07
0.000185947
-4.89523e-07
0.000185724
-4.56734e-07
0.000185511
-4.18953e-07
0.000185308
-3.896e-07
0.000185114
-3.55357e-07
0.000184929
-3.29438e-07
0.000184753
-3.0098e-07
-2.80085e-07
0.000184586
0.000182509
-6.5001e-05
0.000177074
-2.90008e-05
0.000172954
-1.58701e-05
0.000170033
-1.01625e-05
0.000167834
-7.48354e-06
0.000166124
-5.77279e-06
0.000164764
-4.5805e-06
0.000163653
-3.73789e-06
0.000162732
-3.09101e-06
0.000161962
-2.57874e-06
0.000161313
-2.17019e-06
0.000160759
-1.84841e-06
0.000160283
-1.58832e-06
0.000159871
-1.3756e-06
0.000159513
-1.19338e-06
0.000159199
-1.04105e-06
0.000158925
-9.10737e-07
0.000158683
-8.00256e-07
0.000158468
-7.06999e-07
0.000158277
-6.27816e-07
0.000158107
-5.59199e-07
0.000157954
-4.99855e-07
0.000157817
-4.46211e-07
0.000157694
-3.98929e-07
0.000157583
-3.56342e-07
0.000157483
-3.18883e-07
0.000157393
-2.85085e-07
0.000157312
-2.55897e-07
0.000157239
-2.29389e-07
0.000157172
-2.06981e-07
0.000157111
-1.86368e-07
0.000157056
-1.69202e-07
0.000157005
-1.53334e-07
0.000156959
-1.4004e-07
0.000156916
-1.2808e-07
0.000156876
-1.18088e-07
0.000156839
-1.09528e-07
0.000156805
-1.03234e-07
0.000156772
-9.89399e-08
0.00015674
-9.66351e-08
0.000156709
-9.63796e-08
0.000156678
-9.94347e-08
0.000156646
-1.04097e-07
0.000156613
-1.12713e-07
0.000156579
-1.21984e-07
0.000156542
-1.3689e-07
0.000156501
-1.54334e-07
0.000156455
-1.74862e-07
0.000156405
-1.94437e-07
0.000156349
-2.09222e-07
0.000156288
-2.17589e-07
0.000156219
-2.13403e-07
0.000156142
-1.91461e-07
0.000156056
-1.69039e-07
0.000155952
-1.93814e-07
0.000155819
-3.17545e-07
0.000155645
-5.21261e-07
0.000155423
-7.58002e-07
0.000155145
-9.87254e-07
0.000154813
-1.17277e-06
0.000154432
-1.30588e-06
0.000154012
-1.37949e-06
0.000153561
-1.42056e-06
0.000153244
-9.38891e-07
0.000152926
-9.01923e-07
0.00015261
-8.6047e-07
0.0001523
-8.22556e-07
0.000151998
-7.78213e-07
0.000151705
-7.40032e-07
0.000151422
-6.94652e-07
0.000151149
-6.57018e-07
0.000150887
-6.19949e-07
0.000150636
-5.78765e-07
0.000150397
-5.45857e-07
0.000150167
-5.06011e-07
0.000149948
-4.76355e-07
0.000149738
-4.38621e-07
0.000149538
-4.08357e-07
0.000149348
-3.75022e-07
0.000149166
-3.48206e-07
0.000148994
-3.16839e-07
0.00014883
-2.9258e-07
0.000148673
-2.62782e-07
0.000148525
-2.41299e-07
0.000148384
-2.14523e-07
0.000148251
-1.95824e-07
0.000148124
-1.74402e-07
-1.60542e-07
0.000148004
0.000146272
-5.9147e-05
0.000141557
-2.42853e-05
0.000138197
-1.251e-05
0.000135901
-7.86698e-06
0.000134194
-5.77664e-06
0.000132873
-4.45137e-06
0.000131824
-3.53151e-06
0.000130968
-2.88158e-06
0.000130259
-2.38205e-06
0.000129667
-1.98656e-06
0.000129168
-1.67149e-06
0.000128743
-1.42356e-06
0.000128378
-1.22332e-06
0.000128062
-1.05969e-06
0.000127788
-9.18963e-07
0.000127548
-8.01442e-07
0.000127338
-7.00787e-07
0.000127153
-6.15532e-07
0.00012699
-5.43599e-07
0.000126845
-4.82533e-07
0.000126715
-4.29579e-07
0.000126599
-3.83771e-07
0.000126495
-3.42278e-07
0.000126402
-3.05689e-07
0.000126318
-2.72717e-07
0.000126243
-2.43701e-07
0.000126176
-2.17544e-07
0.000126115
-1.94966e-07
0.00012606
-1.74471e-07
0.00012601
-1.57183e-07
0.000125965
-1.41263e-07
0.000125924
-1.28076e-07
0.000125886
-1.15835e-07
0.000125852
-1.05674e-07
0.00012582
-9.64549e-08
0.000125791
-8.88423e-08
0.000125764
-8.228e-08
0.000125738
-7.75968e-08
0.000125714
-7.45237e-08
0.00012569
-7.29654e-08
0.000125667
-7.31324e-08
0.000125643
-7.58813e-08
0.000125619
-7.98935e-08
0.000125593
-8.71602e-08
0.000125566
-9.48239e-08
0.000125537
-1.07177e-07
0.000125503
-1.21034e-07
0.000125466
-1.37486e-07
0.000125424
-1.52857e-07
0.000125378
-1.63353e-07
0.000125328
-1.67199e-07
0.000125273
-1.57997e-07
0.000125211
-1.30125e-07
0.000125143
-1.00931e-07
0.000125058
-1.08069e-07
0.000124943
-2.02986e-07
0.000124786
-3.64594e-07
0.000124582
-5.54132e-07
0.000124326
-7.31119e-07
0.000124025
-8.71863e-07
0.000123687
-9.67677e-07
0.000123324
-1.01609e-06
0.000122943
-1.03938e-06
0.000122679
-6.75296e-07
0.000122418
-6.41357e-07
0.000122163
-6.04883e-07
0.000121917
-5.76484e-07
0.000121678
-5.39826e-07
0.000121451
-5.12181e-07
0.000121232
-4.76304e-07
0.000121024
-4.48606e-07
0.000120826
-4.21662e-07
0.000120637
-3.90642e-07
0.000120459
-3.67358e-07
0.000120289
-3.35653e-07
0.000120127
-3.15246e-07
0.000119973
-2.84666e-07
0.000119828
-2.62918e-07
0.00011969
-2.3711e-07
0.00011956
-2.17928e-07
0.000119436
-1.93405e-07
0.00011932
-1.75834e-07
0.000119209
-1.52336e-07
0.000119105
-1.36982e-07
0.000119006
-1.15937e-07
0.000118913
-1.02741e-07
0.000118825
-8.6612e-08
-7.79004e-08
0.000118743
0.000117157
-5.38493e-05
0.000113042
-2.01708e-05
0.000110318
-9.78511e-06
0.000108518
-6.06738e-06
0.000107191
-4.44998e-06
0.000106167
-3.42723e-06
0.000105355
-2.7193e-06
0.000104692
-2.21882e-06
0.000104144
-1.83373e-06
0.000103686
-1.52896e-06
0.000103301
-1.28647e-06
0.000102974
-1.09582e-06
0.000102692
-9.41864e-07
0.000102449
-8.16142e-07
0.000102237
-7.0758e-07
0.000102053
-6.17024e-07
0.000101891
-5.39368e-07
0.000101749
-4.73659e-07
0.000101624
-4.18216e-07
0.000101513
-3.71153e-07
0.000101413
-3.30307e-07
0.000101325
-2.94959e-07
0.000101245
-2.62879e-07
0.000101174
-2.3458e-07
0.00010111
-2.09067e-07
0.000101053
-1.86602e-07
0.000101002
-1.6637e-07
0.000100956
-1.48904e-07
0.000100915
-1.33064e-07
0.000100877
-1.19716e-07
0.000100843
-1.07417e-07
0.000100813
-9.72704e-08
0.000100785
-8.78216e-08
0.000100759
-8.00363e-08
0.000100735
-7.29045e-08
0.000100714
-6.7091e-08
0.000100693
-6.20189e-08
0.000100674
-5.85175e-08
0.000100656
-5.6288e-08
0.000100638
-5.51941e-08
0.000100621
-5.55407e-08
0.000100603
-5.7879e-08
0.000100584
-6.11744e-08
0.000100564
-6.71104e-08
0.000100542
-7.32927e-08
0.000100519
-8.32745e-08
0.000100491
-9.39546e-08
0.000100461
-1.06896e-07
0.000100427
-1.18839e-07
0.000100389
-1.25977e-07
0.000100349
-1.26543e-07
0.000100305
-1.13997e-07
0.000100257
-8.2516e-08
0.000100205
-4.85794e-08
0.000100137
-3.98046e-08
0.00010004
-1.06768e-07
9.99041e-05
-2.28295e-07
9.97245e-05
-3.74537e-07
9.95004e-05
-5.0708e-07
9.92422e-05
-6.13632e-07
9.89576e-05
-6.83081e-07
9.86591e-05
-7.17591e-07
9.83515e-05
-7.31766e-07
9.81424e-05
-4.66182e-07
9.79386e-05
-4.37584e-07
9.77413e-05
-4.07545e-07
9.75538e-05
-3.88952e-07
9.73733e-05
-3.59394e-07
9.72031e-05
-3.41978e-07
9.70412e-05
-3.14333e-07
9.68877e-05
-2.95184e-07
9.6743e-05
-2.76932e-07
9.66068e-05
-2.54461e-07
9.64778e-05
-2.38346e-07
9.63556e-05
-2.13477e-07
9.62404e-05
-2.00017e-07
9.61315e-05
-1.75733e-07
9.60291e-05
-1.60543e-07
9.59326e-05
-1.40565e-07
9.5842e-05
-1.27356e-07
9.57566e-05
-1.0801e-07
9.56763e-05
-9.55449e-08
9.56009e-05
-7.69465e-08
9.55301e-05
-6.61778e-08
9.54637e-05
-4.9502e-08
9.54014e-05
-4.04705e-08
9.53428e-05
-2.80009e-08
-2.30633e-08
9.5288e-05
9.37291e-05
-4.89006e-05
9.01412e-05
-1.65829e-05
8.79454e-05
-7.58924e-06
8.6537e-05
-4.65901e-06
8.55041e-05
-3.41711e-06
8.47081e-05
-2.6312e-06
8.4077e-05
-2.08821e-06
8.35621e-05
-1.70394e-06
8.31364e-05
-1.40797e-06
8.27813e-05
-1.17389e-06
8.24827e-05
-9.87876e-07
8.22287e-05
-8.41756e-07
8.20105e-05
-7.23723e-07
8.18218e-05
-6.27398e-07
8.16581e-05
-5.43867e-07
8.15153e-05
-4.74286e-07
8.13905e-05
-4.1454e-07
8.12809e-05
-3.64033e-07
8.11841e-05
-3.21398e-07
8.10981e-05
-2.85211e-07
8.10216e-05
-2.53771e-07
8.09532e-05
-2.26551e-07
8.08921e-05
-2.01802e-07
8.08375e-05
-1.79965e-07
8.07887e-05
-1.6027e-07
8.0745e-05
-1.42914e-07
8.07059e-05
-1.27299e-07
8.06708e-05
-1.13809e-07
8.06394e-05
-1.01591e-07
8.06109e-05
-9.12917e-08
8.05853e-05
-8.1805e-08
8.0562e-05
-7.39975e-08
8.05409e-05
-6.67129e-08
8.05216e-05
-6.07402e-08
8.0504e-05
-5.52152e-08
8.04876e-05
-5.077e-08
8.04724e-05
-4.68275e-08
8.04581e-05
-4.41991e-08
8.04444e-05
-4.25507e-08
8.04309e-05
-4.1743e-08
8.04175e-05
-4.21251e-08
8.04037e-05
-4.40215e-08
8.03891e-05
-4.66212e-08
8.03733e-05
-5.13267e-08
8.03562e-05
-5.61808e-08
8.0337e-05
-6.40361e-08
8.03151e-05
-7.20212e-08
8.02902e-05
-8.20544e-08
8.02627e-05
-9.12783e-08
8.02326e-05
-9.59002e-08
8.02003e-05
-9.42644e-08
8.01662e-05
-7.9911e-08
8.01307e-05
-4.69742e-08
8.00921e-05
-1.00212e-08
8.00401e-05
1.22115e-08
7.99628e-05
-2.94607e-08
7.985e-05
-1.15438e-07
7.97e-05
-2.24597e-07
7.95147e-05
-3.21802e-07
7.93048e-05
-4.03686e-07
7.90773e-05
-4.55552e-07
7.88434e-05
-4.83706e-07
7.86055e-05
-4.93923e-07
7.84466e-05
-3.07237e-07
7.82937e-05
-2.84677e-07
7.81474e-05
-2.6127e-07
7.80098e-05
-2.51335e-07
7.78782e-05
-2.27745e-07
7.77556e-05
-2.1944e-07
7.76395e-05
-1.98259e-07
7.75304e-05
-1.86063e-07
7.74281e-05
-1.74612e-07
7.73325e-05
-1.58841e-07
7.72418e-05
-1.47662e-07
7.71569e-05
-1.28552e-07
7.7077e-05
-1.20104e-07
7.70023e-05
-1.01054e-07
7.69326e-05
-9.08349e-08
7.68671e-05
-7.50662e-08
7.68062e-05
-6.646e-08
7.67491e-05
-5.0956e-08
7.66959e-05
-4.23504e-08
7.66465e-05
-2.75424e-08
7.66004e-05
-2.00935e-08
7.65578e-05
-6.82198e-09
7.65181e-05
-7.72315e-10
7.6481e-05
9.04862e-09
1.12208e-08
7.64467e-05
7.48574e-05
-4.41806e-05
7.1744e-05
-1.34695e-05
6.9986e-05
-5.83128e-06
6.8885e-05
-3.55804e-06
6.80795e-05
-2.61158e-06
6.74592e-05
-2.01087e-06
6.69674e-05
-1.5964e-06
6.65661e-05
-1.3027e-06
6.62345e-05
-1.07633e-06
6.5958e-05
-8.97428e-07
6.57256e-05
-7.55448e-07
6.55278e-05
-6.44013e-07
6.53581e-05
-5.53937e-07
6.52111e-05
-4.80468e-07
6.50837e-05
-4.16488e-07
6.49727e-05
-3.63273e-07
6.48757e-05
-3.17518e-07
6.47905e-05
-2.78871e-07
6.47154e-05
-2.46224e-07
6.46487e-05
-2.18517e-07
6.45893e-05
-1.94416e-07
6.45363e-05
-1.73541e-07
6.4489e-05
-1.54528e-07
6.44468e-05
-1.37749e-07
6.44092e-05
-1.22609e-07
6.43755e-05
-1.09256e-07
6.43455e-05
-9.7253e-08
6.43185e-05
-8.68722e-08
6.42944e-05
-7.74825e-08
6.42727e-05
-6.95586e-08
6.42531e-05
-6.22656e-08
6.42354e-05
-5.62712e-08
6.42194e-05
-5.06727e-08
6.42047e-05
-4.60927e-08
6.41913e-05
-4.18174e-08
6.4179e-05
-3.84193e-08
6.41675e-05
-3.53481e-08
6.41567e-05
-3.33683e-08
6.41463e-05
-3.21222e-08
6.4136e-05
-3.14928e-08
6.41257e-05
-3.18326e-08
6.4115e-05
-3.33044e-08
6.41036e-05
-3.52768e-08
6.40912e-05
-3.89016e-08
6.40776e-05
-4.26021e-08
6.40622e-05
-4.86063e-08
6.40446e-05
-5.44017e-08
6.40246e-05
-6.20993e-08
6.40026e-05
-6.92061e-08
6.39787e-05
-7.20256e-08
6.39535e-05
-6.90876e-08
6.39279e-05
-5.42915e-08
6.39027e-05
-2.17648e-08
6.38761e-05
1.66229e-08
6.38391e-05
4.91278e-08
6.3781e-05
2.86712e-08
6.36935e-05
-2.78767e-08
6.35759e-05
-1.07053e-07
6.34316e-05
-1.7749e-07
6.327e-05
-2.4206e-07
6.30969e-05
-2.82472e-07
6.29216e-05
-3.08364e-07
6.27448e-05
-3.17175e-07
6.26288e-05
-1.91216e-07
6.25185e-05
-1.74367e-07
6.24142e-05
-1.57018e-07
6.23168e-05
-1.53872e-07
6.22242e-05
-1.35142e-07
6.21389e-05
-1.34216e-07
6.20585e-05
-1.17792e-07
6.19833e-05
-1.10925e-07
6.19132e-05
-1.04449e-07
6.18479e-05
-9.35994e-08
6.1786e-05
-8.57187e-08
6.17289e-05
-7.14826e-08
6.16753e-05
-6.64798e-08
6.16258e-05
-5.15723e-08
6.158e-05
-4.50534e-08
6.15373e-05
-3.23735e-08
6.14981e-05
-2.71838e-08
6.14616e-05
-1.45134e-08
6.14281e-05
-8.78298e-09
6.13974e-05
3.0752e-09
6.13692e-05
8.17628e-09
6.13436e-05
1.87533e-08
6.13201e-05
2.27273e-08
6.12986e-05
3.05148e-08
3.07751e-08
6.12791e-05
5.96445e-05
-3.96262e-05
5.69626e-05
-1.07876e-05
5.55645e-05
-4.43315e-06
5.47044e-05
-2.69795e-06
5.40752e-05
-1.98245e-06
5.35909e-05
-1.52651e-06
5.32068e-05
-1.21229e-06
5.28934e-05
-9.89312e-07
5.26344e-05
-8.17361e-07
5.24186e-05
-6.81607e-07
5.22372e-05
-5.74004e-07
5.20828e-05
-4.89621e-07
5.19502e-05
-4.21345e-07
5.18354e-05
-3.65687e-07
5.17359e-05
-3.17013e-07
5.16492e-05
-2.76597e-07
5.15735e-05
-2.41799e-07
5.15071e-05
-2.12425e-07
5.14484e-05
-1.87588e-07
5.13964e-05
-1.66512e-07
5.13502e-05
-1.48157e-07
5.13089e-05
-1.3225e-07
5.12721e-05
-1.1774e-07
5.12393e-05
-1.04933e-07
5.121e-05
-9.33719e-08
5.1184e-05
-8.31655e-08
5.11607e-05
-7.39976e-08
5.11399e-05
-6.60569e-08
5.11213e-05
-5.88851e-08
5.11045e-05
-5.28209e-08
5.10895e-05
-4.72468e-08
5.10759e-05
-4.26664e-08
5.10636e-05
-3.83871e-08
5.10524e-05
-3.48852e-08
5.10422e-05
-3.15908e-08
5.10328e-05
-2.89997e-08
5.10241e-05
-2.66108e-08
5.10158e-05
-2.51164e-08
5.10078e-05
-2.41537e-08
5.1e-05
-2.36412e-08
5.09921e-05
-2.39043e-08
5.09837e-05
-2.49974e-08
5.09749e-05
-2.64348e-08
5.09652e-05
-2.91498e-08
5.09544e-05
-3.18806e-08
5.09421e-05
-3.63224e-08
5.09282e-05
-4.04091e-08
5.09123e-05
-4.62656e-08
5.08949e-05
-5.17383e-08
5.08762e-05
-5.33399e-08
5.08569e-05
-4.98278e-08
5.08383e-05
-3.56989e-08
5.08217e-05
-5.09229e-09
5.08051e-05
3.31751e-08
5.07819e-05
7.23066e-08
5.07424e-05
6.81839e-08
5.06801e-05
3.44423e-08
5.05946e-05
-2.1575e-08
5.04895e-05
-7.23511e-08
5.0372e-05
-1.24608e-07
5.02469e-05
-1.57351e-07
5.01211e-05
-1.8255e-07
4.99948e-05
-1.909e-07
4.99136e-05
-1.09957e-07
4.98372e-05
-9.7963e-08
4.97659e-05
-8.57133e-08
4.96993e-05
-8.7329e-08
4.96368e-05
-7.26026e-08
4.95795e-05
-7.69001e-08
4.95256e-05
-6.39108e-08
4.94755e-05
-6.08786e-08
4.94289e-05
-5.78651e-08
4.93858e-05
-5.04682e-08
4.93449e-05
-4.48445e-08
4.93081e-05
-3.4591e-08
4.92734e-05
-3.18725e-08
4.92423e-05
-2.0423e-08
4.92135e-05
-1.63007e-08
4.91872e-05
-5.98532e-09
4.91632e-05
-3.24729e-09
4.91414e-05
7.27834e-09
4.91218e-05
1.08913e-08
4.91044e-05
2.04146e-08
4.90887e-05
2.38752e-08
4.90752e-05
3.22937e-08
4.90631e-05
3.4767e-08
4.90526e-05
4.10115e-08
4.01137e-08
4.90433e-05
4.73745e-05
-3.52095e-05
4.50845e-05
-8.49767e-06
4.39798e-05
-3.32837e-06
4.33082e-05
-2.0264e-06
4.28164e-05
-1.49067e-06
4.24378e-05
-1.14789e-06
4.21374e-05
-9.11915e-07
4.18923e-05
-7.44225e-07
4.16899e-05
-6.14869e-07
4.15211e-05
-5.12859e-07
4.13792e-05
-4.32105e-07
4.12584e-05
-3.68828e-07
4.11546e-05
-3.17568e-07
4.10648e-05
-2.75805e-07
4.09869e-05
-2.39132e-07
4.0919e-05
-2.08736e-07
4.08597e-05
-1.82526e-07
4.08077e-05
-1.60413e-07
4.07618e-05
-1.41697e-07
4.07211e-05
-1.25814e-07
4.06849e-05
-1.11966e-07
4.06527e-05
-9.99589e-08
4.06239e-05
-8.89907e-08
4.05983e-05
-7.93081e-08
4.05755e-05
-7.05641e-08
4.05551e-05
-6.28363e-08
4.0537e-05
-5.58984e-08
4.05209e-05
-4.98792e-08
4.05064e-05
-4.44503e-08
4.04935e-05
-3.98487e-08
4.04818e-05
-3.56255e-08
4.04713e-05
-3.21534e-08
4.04619e-05
-2.89099e-08
4.04532e-05
-2.62487e-08
4.04454e-05
-2.37299e-08
4.04381e-05
-2.17653e-08
4.04314e-05
-1.99182e-08
4.04251e-05
-1.87899e-08
4.0419e-05
-1.80338e-08
4.04129e-05
-1.76052e-08
4.04068e-05
-1.77844e-08
4.04004e-05
-1.85588e-08
4.03935e-05
-1.95616e-08
4.03859e-05
-2.15377e-08
4.03775e-05
-2.3481e-08
4.03678e-05
-2.66483e-08
4.03569e-05
-2.94484e-08
4.03445e-05
-3.38642e-08
4.03308e-05
-3.80761e-08
4.03164e-05
-3.89173e-08
4.03019e-05
-3.53864e-08
4.0289e-05
-2.27202e-08
4.02791e-05
4.82569e-09
4.02708e-05
4.14296e-08
4.02596e-05
8.34869e-08
4.02371e-05
9.06881e-08
4.01981e-05
7.3489e-08
4.01417e-05
3.47617e-08
4.00712e-05
-1.77413e-09
3.99913e-05
-4.47673e-08
3.99059e-05
-7.19185e-08
3.98198e-05
-9.6464e-08
3.97334e-05
-1.04487e-07
3.96791e-05
-5.56405e-08
3.96286e-05
-4.74629e-08
3.95821e-05
-3.92417e-08
3.95386e-05
-4.3794e-08
3.94984e-05
-3.2393e-08
3.94612e-05
-3.97553e-08
3.94266e-05
-2.93034e-08
3.93946e-05
-2.88783e-08
3.93648e-05
-2.80889e-08
3.93375e-05
-2.31012e-08
3.93117e-05
-1.90704e-08
3.9289e-05
-1.19413e-08
3.92678e-05
-1.06538e-08
3.92495e-05
-2.1507e-09
3.92327e-05
5.83222e-10
3.92177e-05
9.00455e-09
3.92043e-05
1.00843e-08
3.91927e-05
1.88761e-08
3.91827e-05
2.0968e-08
3.91745e-05
2.85965e-08
3.91674e-05
3.09239e-08
3.91621e-05
3.75878e-08
3.9158e-05
3.89315e-08
3.9155e-05
4.40281e-08
4.25501e-08
3.91525e-05
3.74724e-05
-3.09221e-05
3.55368e-05
-6.56209e-06
3.46694e-05
-2.46097e-06
3.41455e-05
-1.50249e-06
3.37611e-05
-1.10628e-06
3.34652e-05
-8.5191e-07
3.32302e-05
-6.7699e-07
3.30385e-05
-5.52529e-07
3.28802e-05
-4.56501e-07
3.27482e-05
-3.80867e-07
3.26371e-05
-3.21066e-07
3.25426e-05
-2.74247e-07
3.24613e-05
-2.36268e-07
3.23908e-05
-2.05346e-07
3.23297e-05
-1.78082e-07
3.22765e-05
-1.55528e-07
3.22301e-05
-1.36051e-07
3.21893e-05
-1.19623e-07
3.21533e-05
-1.05704e-07
3.21214e-05
-9.38914e-08
3.2093e-05
-8.35828e-08
3.20677e-05
-7.46378e-08
3.20451e-05
-6.64575e-08
3.2025e-05
-5.92341e-08
3.20072e-05
-5.27088e-08
3.19913e-05
-4.69348e-08
3.19771e-05
-4.17527e-08
3.19645e-05
-3.72488e-08
3.19533e-05
-3.31918e-08
3.19431e-05
-2.97435e-08
3.19341e-05
-2.6584e-08
3.19259e-05
-2.39838e-08
3.19186e-05
-2.15552e-08
3.19119e-05
-1.95541e-08
3.19058e-05
-1.76514e-08
3.19002e-05
-1.61767e-08
3.18951e-05
-1.47639e-08
3.18902e-05
-1.39149e-08
3.18855e-05
-1.33169e-08
3.18808e-05
-1.29558e-08
3.18761e-05
-1.30594e-08
3.18711e-05
-1.35793e-08
3.18658e-05
-1.42448e-08
3.18599e-05
-1.56395e-08
3.18534e-05
-1.6967e-08
3.18459e-05
-1.91323e-08
3.18374e-05
-2.09916e-08
3.18278e-05
-2.42827e-08
3.18173e-05
-2.75135e-08
3.18063e-05
-2.79271e-08
3.17957e-05
-2.47588e-08
3.1787e-05
-1.40332e-08
3.17821e-05
9.67721e-09
3.17804e-05
4.31771e-08
3.17791e-05
8.47832e-08
3.1771e-05
9.87263e-08
3.17519e-05
9.26798e-08
3.17201e-05
6.65568e-08
3.16779e-05
4.03561e-08
3.16282e-05
4.93035e-09
3.1574e-05
-1.76507e-08
3.15183e-05
-4.08358e-08
3.14622e-05
-4.8363e-08
3.1428e-05
-2.14121e-08
3.13966e-05
-1.6048e-08
3.13682e-05
-1.08501e-08
3.13412e-05
-1.68487e-08
3.1317e-05
-8.18021e-09
3.12941e-05
-1.68207e-08
3.12731e-05
-8.3521e-09
3.12538e-05
-9.52932e-09
3.12357e-05
-1.00273e-08
3.12193e-05
-6.70947e-09
3.12041e-05
-3.84553e-09
3.11913e-05
9.01146e-10
3.11792e-05
1.41615e-09
3.11696e-05
7.46609e-09
3.11608e-05
9.38661e-09
3.11536e-05
1.61951e-08
3.11474e-05
1.62763e-08
3.11427e-05
2.35606e-08
3.11391e-05
2.46134e-08
3.1137e-05
3.06572e-08
3.11357e-05
3.22162e-08
3.11359e-05
3.74288e-08
3.11369e-05
3.79397e-08
3.11387e-05
4.21849e-08
4.04768e-08
3.11408e-05
2.94748e-05
-2.6764e-05
2.78573e-05
-4.94461e-06
2.71807e-05
-1.78439e-06
2.67726e-05
-1.09439e-06
2.64726e-05
-8.06244e-07
2.62415e-05
-6.2084e-07
2.6058e-05
-4.93499e-07
2.59083e-05
-4.02789e-07
2.57846e-05
-3.32797e-07
2.56815e-05
-2.77738e-07
2.55947e-05
-2.34258e-07
2.55207e-05
-2.00249e-07
2.5457e-05
-1.7262e-07
2.54018e-05
-1.50141e-07
2.5354e-05
-1.30244e-07
2.53123e-05
-1.13816e-07
2.52758e-05
-9.96091e-08
2.52438e-05
-8.76267e-08
2.52156e-05
-7.74653e-08
2.51905e-05
-6.88389e-08
2.51683e-05
-6.13051e-08
2.51484e-05
-5.47632e-08
2.51307e-05
-4.87745e-08
2.51149e-05
-4.34847e-08
2.51009e-05
-3.87048e-08
2.50885e-05
-3.44696e-08
2.50774e-05
-3.06693e-08
2.50675e-05
-2.73603e-08
2.50587e-05
-2.43827e-08
2.50508e-05
-2.18447e-08
2.50437e-05
-1.95229e-08
2.50374e-05
-1.76096e-08
2.50316e-05
-1.58225e-08
2.50264e-05
-1.43423e-08
2.50217e-05
-1.29302e-08
2.50174e-05
-1.18407e-08
2.50134e-05
-1.07785e-08
2.50096e-05
-1.01452e-08
2.5006e-05
-9.67448e-09
2.50024e-05
-9.37335e-09
2.49987e-05
-9.41721e-09
2.49949e-05
-9.74373e-09
2.49908e-05
-1.01596e-08
2.49863e-05
-1.11103e-08
2.49813e-05
-1.19753e-08
2.49755e-05
-1.33841e-08
2.49691e-05
-1.45719e-08
2.49618e-05
-1.69851e-08
2.49538e-05
-1.94407e-08
2.49455e-05
-1.96484e-08
2.49378e-05
-1.70573e-08
2.49322e-05
-8.47138e-09
2.49309e-05
1.09866e-08
2.49339e-05
4.01914e-08
2.49401e-05
7.85598e-08
2.49434e-05
9.54318e-08
2.49399e-05
9.62264e-08
2.49273e-05
7.91417e-08
2.49071e-05
6.05495e-08
2.48802e-05
3.17917e-08
2.48493e-05
1.33112e-08
2.4816e-05
-7.58878e-09
2.47821e-05
-1.43992e-08
2.47622e-05
-1.60092e-09
2.47444e-05
1.78868e-09
2.47287e-05
4.81882e-09
2.47134e-05
-1.48207e-09
2.47002e-05
4.96913e-09
2.4687e-05
-3.63802e-09
2.46755e-05
3.16453e-09
2.46648e-05
1.19531e-09
2.46547e-05
6.41801e-11
2.46458e-05
2.22533e-09
2.46377e-05
4.21807e-09
2.46314e-05
7.22947e-09
2.46254e-05
7.37523e-09
2.46214e-05
1.1472e-08
2.46179e-05
1.29068e-08
2.46159e-05
1.82379e-08
2.46143e-05
1.78347e-08
2.46141e-05
2.3737e-08
2.46146e-05
2.41323e-08
2.46164e-05
2.88327e-08
2.46188e-05
2.98749e-08
2.46223e-05
3.38805e-08
2.46264e-05
3.38441e-08
2.46312e-05
3.73853e-08
3.56146e-08
2.46361e-05
2.30059e-05
-2.27364e-05
2.16718e-05
-3.61049e-06
2.11479e-05
-1.26044e-06
2.08309e-05
-7.77453e-07
2.05975e-05
-5.72789e-07
2.04177e-05
-4.41025e-07
2.02748e-05
-3.50641e-07
2.01582e-05
-2.862e-07
2.00619e-05
-2.36473e-07
1.99815e-05
-1.97406e-07
1.99139e-05
-1.66594e-07
1.98562e-05
-1.42516e-07
1.98065e-05
-1.22925e-07
1.97633e-05
-1.07e-07
1.97259e-05
-9.28517e-08
1.96933e-05
-8.11919e-08
1.96648e-05
-7.10945e-08
1.96397e-05
-6.2577e-08
1.96176e-05
-5.53486e-08
1.9598e-05
-4.92093e-08
1.95805e-05
-4.38448e-08
1.95649e-05
-3.91826e-08
1.95511e-05
-3.49113e-08
1.95387e-05
-3.11367e-08
1.95278e-05
-2.77256e-08
1.9518e-05
-2.46988e-08
1.95093e-05
-2.19828e-08
1.95016e-05
-1.96138e-08
1.94947e-05
-1.74836e-08
1.94885e-05
-1.56631e-08
1.9483e-05
-1.39997e-08
1.9478e-05
-1.26271e-08
1.94735e-05
-1.13446e-08
1.94694e-05
-1.02762e-08
1.94658e-05
-9.25471e-09
1.94624e-05
-8.46889e-09
1.94593e-05
-7.69026e-09
1.94564e-05
-7.22583e-09
1.94536e-05
-6.86223e-09
1.94508e-05
-6.61742e-09
1.9448e-05
-6.61995e-09
1.94451e-05
-6.80736e-09
1.9442e-05
-7.04759e-09
1.94385e-05
-7.66939e-09
1.94347e-05
-8.20137e-09
1.94304e-05
-9.06493e-09
1.94256e-05
-9.78453e-09
1.94202e-05
-1.15112e-08
1.94141e-05
-1.33436e-08
1.94079e-05
-1.34739e-08
1.94024e-05
-1.15343e-08
1.9399e-05
-5.06357e-09
1.93999e-05
1.00661e-08
1.94059e-05
3.41587e-08
1.94172e-05
6.72506e-08
1.94285e-05
8.4152e-08
1.94362e-05
8.85387e-08
1.94375e-05
7.78417e-08
1.94331e-05
6.49539e-08
1.94226e-05
4.23281e-08
1.94082e-05
2.76957e-08
1.93907e-05
9.89352e-09
1.93723e-05
4.00205e-09
1.93624e-05
8.29143e-09
1.93538e-05
1.0335e-08
1.93468e-05
1.18961e-08
1.93392e-05
6.08956e-09
1.93334e-05
1.07633e-08
1.93267e-05
3.06504e-09
1.93215e-05
8.38776e-09
1.93165e-05
6.22082e-09
1.93116e-05
4.89051e-09
1.93076e-05
6.25235e-09
1.93042e-05
7.59606e-09
1.9302e-05
9.41134e-09
1.93e-05
9.39282e-09
1.92995e-05
1.20273e-08
1.92992e-05
1.31297e-08
1.93004e-05
1.70799e-08
1.93017e-05
1.65594e-08
1.93042e-05
2.11659e-08
1.93072e-05
2.11965e-08
1.93113e-05
2.47625e-08
1.93157e-05
2.54595e-08
1.93211e-05
2.84418e-08
1.93268e-05
2.8123e-08
1.93332e-05
3.10047e-08
2.92396e-08
1.93396e-05
1.77585e-05
-1.88364e-05
1.66749e-05
-2.52694e-06
1.62726e-05
-8.58157e-07
1.60278e-05
-5.32604e-07
1.58472e-05
-3.92199e-07
1.57081e-05
-3.0192e-07
1.55975e-05
-2.40079e-07
1.55073e-05
-1.95959e-07
1.54327e-05
-1.61912e-07
1.53705e-05
-1.35197e-07
1.53181e-05
-1.14154e-07
1.52733e-05
-9.77276e-08
1.52347e-05
-8.43422e-08
1.52012e-05
-7.34715e-08
1.51721e-05
-6.37802e-08
1.51467e-05
-5.58081e-08
1.51245e-05
-4.88953e-08
1.5105e-05
-4.3062e-08
1.50878e-05
-3.81093e-08
1.50725e-05
-3.38999e-08
1.50588e-05
-3.02207e-08
1.50467e-05
-2.70202e-08
1.50358e-05
-2.40863e-08
1.50262e-05
-2.14921e-08
1.50176e-05
-1.91478e-08
1.501e-05
-1.70643e-08
1.50032e-05
-1.51945e-08
1.49972e-05
-1.35609e-08
1.49918e-05
-1.20927e-08
1.49869e-05
-1.08349e-08
1.49826e-05
-9.68647e-09
1.49787e-05
-8.73775e-09
1.49752e-05
-7.85041e-09
1.49721e-05
-7.10716e-09
1.49692e-05
-6.39521e-09
1.49666e-05
-5.84857e-09
1.49642e-05
-5.29886e-09
1.49619e-05
-4.96831e-09
1.49598e-05
-4.69721e-09
1.49577e-05
-4.50634e-09
1.49555e-05
-4.48499e-09
1.49533e-05
-4.57871e-09
1.4951e-05
-4.70282e-09
1.49484e-05
-5.08854e-09
1.49456e-05
-5.3921e-09
1.49424e-05
-5.88242e-09
1.49389e-05
-6.28541e-09
1.49348e-05
-7.4754e-09
1.49303e-05
-8.7993e-09
1.49257e-05
-8.9108e-09
1.49218e-05
-7.59242e-09
1.49198e-05
-3.04605e-09
1.49219e-05
7.98248e-09
1.49294e-05
2.65905e-08
1.49435e-05
5.31729e-08
1.49596e-05
6.81131e-08
1.49743e-05
7.37717e-08
1.49847e-05
6.74975e-08
1.49907e-05
5.89335e-08
1.4991e-05
4.19794e-08
1.49878e-05
3.09603e-08
1.49809e-05
1.67757e-08
1.49729e-05
1.1961e-08
1.49695e-05
1.16983e-08
1.4967e-05
1.28501e-08
1.49654e-05
1.34967e-08
1.49628e-05
8.66126e-09
1.49617e-05
1.19317e-08
1.49591e-05
5.63353e-09
1.49579e-05
9.61784e-09
1.49564e-05
7.64368e-09
1.4955e-05
6.38368e-09
1.4954e-05
7.20119e-09
1.49535e-05
8.06637e-09
1.49538e-05
9.10062e-09
1.49542e-05
9.0044e-09
1.49556e-05
1.06127e-08
1.49573e-05
1.1443e-08
1.49602e-05
1.41666e-08
1.49631e-05
1.37343e-08
1.49671e-05
1.71303e-08
1.49713e-05
1.70118e-08
1.49764e-05
1.96164e-08
1.49818e-05
2.00886e-08
1.49881e-05
2.21893e-08
1.49944e-05
2.18001e-08
1.50014e-05
2.40373e-08
2.23259e-08
1.50083e-05
1.34764e-05
-1.50517e-05
1.26132e-05
-1.66383e-06
1.2308e-05
-5.5287e-07
1.21206e-05
-3.452e-07
1.19823e-05
-2.53907e-07
1.18757e-05
-1.954e-07
1.1791e-05
-1.55384e-07
1.17219e-05
-1.26823e-07
1.16648e-05
-1.04782e-07
1.16171e-05
-8.75099e-08
1.15769e-05
-7.39231e-08
1.15425e-05
-6.33304e-08
1.15128e-05
-5.46854e-08
1.1487e-05
-4.76725e-08
1.14646e-05
-4.13999e-08
1.14451e-05
-3.62491e-08
1.1428e-05
-3.17777e-08
1.14129e-05
-2.80026e-08
1.13996e-05
-2.47967e-08
1.13878e-05
-2.20695e-08
1.13772e-05
-1.96858e-08
1.13678e-05
-1.76102e-08
1.13594e-05
-1.57066e-08
1.1352e-05
-1.40223e-08
1.13453e-05
-1.25005e-08
1.13394e-05
-1.11459e-08
1.13341e-05
-9.92986e-09
1.13294e-05
-8.86592e-09
1.13252e-05
-7.90967e-09
1.13215e-05
-7.08892e-09
1.13182e-05
-6.33965e-09
1.13151e-05
-5.72014e-09
1.13124e-05
-5.13981e-09
1.131e-05
-4.65128e-09
1.13078e-05
-4.18251e-09
1.13057e-05
-3.82304e-09
1.13039e-05
-3.45661e-09
1.13022e-05
-3.23303e-09
1.13005e-05
-3.04237e-09
1.12989e-05
-2.90272e-09
1.12973e-05
-2.87222e-09
1.12956e-05
-2.90841e-09
1.12939e-05
-2.96182e-09
1.1292e-05
-3.1843e-09
1.12899e-05
-3.34029e-09
1.12876e-05
-3.5904e-09
1.12851e-05
-3.78937e-09
1.12822e-05
-4.56304e-09
1.12789e-05
-5.46856e-09
1.12756e-05
-5.57507e-09
1.12727e-05
-4.77879e-09
1.12715e-05
-1.85485e-09
1.1274e-05
5.54038e-09
1.12818e-05
1.87506e-08
1.12966e-05
3.83636e-08
1.13146e-05
5.01605e-08
1.13328e-05
5.55377e-08
1.13481e-05
5.22156e-08
1.13601e-05
4.69076e-08
1.1367e-05
3.50809e-08
1.13706e-05
2.73595e-08
1.13705e-05
1.69583e-08
1.13691e-05
1.33074e-08
1.13697e-05
1.11546e-08
1.13708e-05
1.17453e-08
1.13724e-05
1.18926e-08
1.13728e-05
8.24965e-09
1.13743e-05
1.04293e-08
1.13742e-05
5.72198e-09
1.13753e-05
8.5105e-09
1.1376e-05
6.95084e-09
1.13765e-05
5.91186e-09
1.13773e-05
6.36527e-09
1.13785e-05
6.8834e-09
1.13801e-05
7.42953e-09
1.13818e-05
7.30477e-09
1.13842e-05
8.22465e-09
1.13869e-05
8.81583e-09
1.13905e-05
1.05415e-08
1.1394e-05
1.0258e-08
1.13985e-05
1.25597e-08
1.14031e-05
1.24297e-08
1.14085e-05
1.42154e-08
1.14141e-05
1.4544e-08
1.14204e-05
1.58945e-08
1.14266e-05
1.55782e-08
1.14334e-05
1.71825e-08
1.56115e-08
1.14402e-05
9.93632e-06
-1.13533e-05
9.26724e-06
-9.94742e-07
9.03969e-06
-3.25321e-07
8.89864e-06
-2.04152e-07
8.79461e-06
-1.49875e-07
8.71449e-06
-1.15281e-07
8.65077e-06
-9.16591e-08
8.59874e-06
-7.48e-08
8.55575e-06
-6.17904e-08
8.51985e-06
-5.16079e-08
8.48954e-06
-4.36105e-08
8.46359e-06
-3.73844e-08
8.4412e-06
-3.22958e-08
8.4217e-06
-2.81733e-08
8.40478e-06
-2.4475e-08
8.38997e-06
-2.14432e-08
8.377e-06
-1.88089e-08
8.36558e-06
-1.65833e-08
8.35548e-06
-1.46936e-08
8.3465e-06
-1.30842e-08
8.33849e-06
-1.16781e-08
8.33133e-06
-1.04523e-08
8.32495e-06
-9.3278e-09
8.31926e-06
-8.33218e-09
8.31419e-06
-7.43293e-09
8.30968e-06
-6.63108e-09
8.30566e-06
-5.91109e-09
8.30207e-06
-5.28035e-09
8.29888e-06
-4.71326e-09
8.29601e-06
-4.22585e-09
8.29346e-06
-3.78067e-09
8.29115e-06
-3.41242e-09
8.28908e-06
-3.06672e-09
8.2872e-06
-2.77447e-09
8.28551e-06
-2.49352e-09
8.28396e-06
-2.27827e-09
8.28256e-06
-2.05612e-09
8.28125e-06
-1.91788e-09
8.28e-06
-1.79631e-09
8.2788e-06
-1.70407e-09
8.27761e-06
-1.67556e-09
8.27638e-06
-1.68164e-09
8.27512e-06
-1.69729e-09
8.27374e-06
-1.81223e-09
8.27229e-06
-1.88047e-09
8.27068e-06
-1.98845e-09
8.26896e-06
-2.06698e-09
8.26692e-06
-2.52384e-09
8.26454e-06
-3.08703e-09
8.26214e-06
-3.1794e-09
8.26014e-06
-2.77051e-09
8.25939e-06
-1.1084e-09
8.26164e-06
3.28977e-09
8.26878e-06
1.16106e-08
8.28267e-06
2.44747e-08
8.30021e-06
3.26204e-08
8.31897e-06
3.67785e-08
8.33589e-06
3.52936e-08
8.35044e-06
3.23569e-08
8.36056e-06
2.49653e-08
8.3678e-06
2.01172e-08
8.37143e-06
1.33312e-08
8.37389e-06
1.08502e-08
8.37656e-06
8.48525e-09
8.37955e-06
8.7507e-09
8.38276e-06
8.68609e-09
8.38474e-06
6.26726e-09
8.38756e-06
7.60499e-09
8.38881e-06
4.47618e-09
8.39108e-06
6.23605e-09
8.39286e-06
5.17748e-09
8.39434e-06
4.42407e-09
8.39607e-06
4.64147e-09
8.39803e-06
4.92266e-09
8.40028e-06
5.17615e-09
8.40252e-06
5.06778e-09
8.4052e-06
5.53987e-09
8.4081e-06
5.91973e-09
8.41175e-06
6.89583e-09
8.41526e-06
6.74581e-09
8.41969e-06
8.12445e-09
8.42408e-06
8.04316e-09
8.42916e-06
9.14002e-09
8.43433e-06
9.37184e-09
8.44011e-06
1.01153e-08
8.44574e-06
9.94273e-09
8.45198e-06
1.09431e-08
9.6505e-09
8.45795e-06
6.9221e-06
-7.68205e-06
6.4262e-06
-4.98835e-07
6.26213e-06
-1.61252e-07
6.15946e-06
-1.01483e-07
6.08387e-06
-7.42869e-08
6.02567e-06
-5.7085e-08
5.97938e-06
-4.53641e-08
5.94158e-06
-3.70036e-08
5.91035e-06
-3.05548e-08
5.88425e-06
-2.55149e-08
5.86221e-06
-2.15635e-08
5.84331e-06
-1.84923e-08
5.827e-06
-1.59795e-08
5.81277e-06
-1.39467e-08
5.80042e-06
-1.21188e-08
5.78959e-06
-1.06227e-08
5.78011e-06
-9.32198e-09
5.77175e-06
-8.22238e-09
5.76434e-06
-7.28923e-09
5.75775e-06
-6.49354e-09
5.75187e-06
-5.79881e-09
5.74661e-06
-5.19251e-09
5.74192e-06
-4.63633e-09
5.73773e-06
-4.14354e-09
5.734e-06
-3.69871e-09
5.73067e-06
-3.30142e-09
5.7277e-06
-2.94461e-09
5.72505e-06
-2.63169e-09
5.72269e-06
-2.35023e-09
5.72057e-06
-2.10807e-09
5.71868e-06
-1.88672e-09
5.71697e-06
-1.70357e-09
5.71544e-06
-1.53125e-09
5.71405e-06
-1.38508e-09
5.7128e-06
-1.24429e-09
5.71166e-06
-1.13648e-09
5.71062e-06
-1.02401e-09
5.70966e-06
-9.52495e-10
5.70875e-06
-8.88182e-10
5.70788e-06
-8.37856e-10
5.70703e-06
-8.18666e-10
5.70616e-06
-8.14252e-10
5.70528e-06
-8.14676e-10
5.70433e-06
-8.63802e-10
5.70333e-06
-8.86567e-10
5.70227e-06
-9.21644e-10
5.70114e-06
-9.41349e-10
5.69979e-06
-1.16665e-09
5.69816e-06
-1.4583e-09
5.6965e-06
-1.52078e-09
5.69509e-06
-1.35679e-09
5.69456e-06
-5.83213e-10
5.69629e-06
1.55807e-09
5.70205e-06
5.84793e-09
5.71377e-06
1.2757e-08
5.72909e-06
1.73018e-08
5.74607e-06
1.98022e-08
5.76206e-06
1.93064e-08
5.77644e-06
1.79723e-08
5.78724e-06
1.41645e-08
5.7957e-06
1.16582e-08
5.801e-06
8.03136e-09
5.80521e-06
6.64347e-09
5.8087e-06
4.99809e-09
5.81235e-06
5.09797e-09
5.81604e-06
4.99893e-09
5.81861e-06
3.6932e-09
5.82183e-06
4.38567e-09
5.82362e-06
2.68029e-09
5.82625e-06
3.60533e-09
5.8284e-06
3.03057e-09
5.83025e-06
2.57785e-09
5.83223e-06
2.6587e-09
5.83436e-06
2.79221e-09
5.83665e-06
2.88497e-09
5.8389e-06
2.81764e-09
5.84143e-06
3.01458e-09
5.84413e-06
3.2199e-09
5.84735e-06
3.67128e-09
5.85048e-06
3.61789e-09
5.85432e-06
4.28849e-09
5.8581e-06
4.26196e-09
5.86243e-06
4.81002e-09
5.86684e-06
4.9633e-09
5.87168e-06
5.26794e-09
5.87639e-06
5.23562e-09
5.88163e-06
5.70627e-09
4.85883e-09
5.88642e-06
4.18758e-06
-3.92141e-06
3.85513e-06
-1.66387e-07
3.74672e-06
-5.28424e-08
3.67845e-06
-3.32116e-08
3.62838e-06
-2.42176e-08
3.58987e-06
-1.85732e-08
3.55925e-06
-1.4739e-08
3.53425e-06
-1.20086e-08
3.5136e-06
-9.9058e-09
3.49635e-06
-8.26596e-09
3.48177e-06
-6.98266e-09
3.46927e-06
-5.98696e-09
3.45846e-06
-5.17216e-09
3.44903e-06
-4.51408e-09
3.44083e-06
-3.92176e-09
3.43365e-06
-3.43769e-09
3.42734e-06
-3.01691e-09
3.42178e-06
-2.66116e-09
3.41685e-06
-2.35945e-09
3.41246e-06
-2.10205e-09
3.40854e-06
-1.87749e-09
3.40503e-06
-1.68139e-09
3.40189e-06
-1.50161e-09
3.39909e-06
-1.34223e-09
3.39659e-06
-1.1985e-09
3.39436e-06
-1.06995e-09
3.39237e-06
-9.54589e-10
3.39059e-06
-8.53286e-10
3.389e-06
-7.62237e-10
3.38758e-06
-6.83783e-10
3.3863e-06
-6.12129e-10
3.38515e-06
-5.52758e-10
3.38412e-06
-4.96904e-10
3.38318e-06
-4.49355e-10
3.38234e-06
-4.0359e-10
3.38157e-06
-3.68498e-10
3.38088e-06
-3.31711e-10
3.38024e-06
-3.07985e-10
3.37964e-06
-2.86438e-10
3.37907e-06
-2.69239e-10
3.37851e-06
-2.62083e-10
3.37796e-06
-2.59165e-10
3.3774e-06
-2.57918e-10
3.37681e-06
-2.72249e-10
3.3762e-06
-2.77401e-10
3.37556e-06
-2.85004e-10
3.37491e-06
-2.87804e-10
3.3741e-06
-3.60757e-10
3.3731e-06
-4.578e-10
3.37206e-06
-4.81699e-10
3.37114e-06
-4.36889e-10
3.37076e-06
-1.97524e-10
3.37183e-06
4.84883e-10
3.37577e-06
1.90763e-09
3.38428e-06
4.25332e-09
3.39576e-06
5.82077e-09
3.40885e-06
6.71439e-09
3.42155e-06
6.60076e-09
3.43333e-06
6.19308e-09
3.44257e-06
4.92903e-09
3.45013e-06
4.09943e-09
3.45528e-06
2.8732e-09
3.45954e-06
2.38649e-09
3.46277e-06
1.76607e-09
3.46608e-06
1.79501e-09
3.46933e-06
1.7463e-09
3.47172e-06
1.30664e-09
3.47456e-06
1.53699e-09
3.47629e-06
9.5413e-10
3.47863e-06
1.26724e-09
3.48059e-06
1.07205e-09
3.48226e-06
9.06315e-10
3.48399e-06
9.28141e-10
3.48581e-06
9.7105e-10
3.4877e-06
9.92328e-10
3.48955e-06
9.71165e-10
3.49154e-06
1.02261e-09
3.49366e-06
1.09886e-09
3.4961e-06
1.23172e-09
3.49849e-06
1.22713e-09
3.50135e-06
1.43189e-09
3.50417e-06
1.4372e-09
3.50738e-06
1.60639e-09
3.51066e-06
1.68007e-09
3.51419e-06
1.74173e-09
3.51765e-06
1.77651e-09
3.52148e-06
1.87531e-09
1.56663e-09
3.52478e-06
1.72246e-06
1.55607e-06
1.50323e-06
1.47002e-06
1.4458e-06
1.42723e-06
1.41249e-06
1.40048e-06
1.39057e-06
1.38231e-06
1.37532e-06
1.36934e-06
1.36416e-06
1.35965e-06
1.35573e-06
1.35229e-06
1.34927e-06
1.34661e-06
1.34425e-06
1.34215e-06
1.34027e-06
1.33859e-06
1.33709e-06
1.33575e-06
1.33455e-06
1.33348e-06
1.33253e-06
1.33167e-06
1.33091e-06
1.33023e-06
1.32961e-06
1.32906e-06
1.32856e-06
1.32812e-06
1.32771e-06
1.32734e-06
1.32701e-06
1.3267e-06
1.32642e-06
1.32615e-06
1.32589e-06
1.32563e-06
1.32537e-06
1.3251e-06
1.32482e-06
1.32453e-06
1.32425e-06
1.32389e-06
1.32343e-06
1.32295e-06
1.32251e-06
1.32231e-06
1.3228e-06
1.3247e-06
1.32896e-06
1.33478e-06
1.34149e-06
1.34809e-06
1.35429e-06
1.35922e-06
1.36331e-06
1.36619e-06
1.36857e-06
1.37034e-06
1.37214e-06
1.37388e-06
1.37519e-06
1.37673e-06
1.37768e-06
1.37895e-06
1.38002e-06
1.38093e-06
1.38185e-06
1.38282e-06
1.38382e-06
1.38479e-06
1.38581e-06
1.38691e-06
1.38814e-06
1.38937e-06
1.3908e-06
1.39224e-06
1.39384e-06
1.39552e-06
1.39727e-06
1.39904e-06
1.40092e-06
1.40248e-06
4.21811e-11
-4.21509e-11
-1.49317e-10
1.91592e-10
-2.58663e-10
1.09561e-10
-2.42129e-08
2.39543e-08
-5.43319e-08
3.01192e-08
-6.62397e-08
1.19079e-08
-7.55354e-08
9.2959e-09
-8.16468e-08
6.11135e-09
-8.39583e-08
2.31156e-09
-4.21393e-08
-4.1819e-08
-1.85891e-10
-4.19533e-08
-2.13922e-08
2.12064e-08
-2.15729e-08
1.8082e-10
-2.73693e-10
-2.12992e-08
-2.3338e-10
-4.02185e-11
5.87831e-10
-8.21174e-10
8.64818e-09
-8.06027e-09
1.94815e-08
-1.08332e-08
2.74869e-08
-8.0052e-09
1.60787e-08
1.14083e-08
2.1369e-08
-5.2902e-09
4.42388e-08
-2.28694e-08
4.73549e-08
-3.11599e-09
2.45362e-08
2.28192e-08
2.67181e-08
-2.18179e-09
5.40975e-08
-2.73787e-08
5.54705e-08
-1.37293e-09
5.59682e-08
-4.97062e-10
2.81754e-08
2.77928e-08
2.21064e-10
2.79547e-08
2.88546e-10
-6.75474e-11
2.47188e-08
-2.44299e-08
2.47601e-08
-4.15497e-11
2.18042e-08
2.95612e-09
2.1809e-08
-5.15507e-12
2.54248e-10
2.15548e-08
2.45209e-10
8.73089e-12
2.39222e-10
5.96764e-12
2.34695e-10
4.2404e-12
2.30084e-10
4.64689e-12
2.24782e-10
5.10388e-12
2.15978e-10
8.90058e-12
2.03299e-10
1.25377e-11
1.88936e-10
1.44812e-11
1.78588e-10
1.01937e-11
1.90817e-10
-1.21174e-11
1.6622e-10
2.43938e-11
1.81457e-10
-1.51695e-11
1.2634e-10
5.48381e-11
1.51733e-10
-2.53823e-11
-2.48077e-10
3.9944e-10
-3.38714e-09
3.13902e-09
-3.04312e-09
-3.44611e-10
-2.27228e-10
-2.81602e-09
-2.64105e-10
3.654e-11
-2.19439e-10
-4.47931e-11
-9.80393e-09
9.58419e-09
-9.81898e-09
1.48425e-11
-1.85314e-10
-9.63392e-09
-1.9535e-10
9.88168e-12
-1.46707e-08
1.44751e-08
-3.02008e-08
1.55297e-08
-3.23437e-08
2.1426e-09
-1.6842e-08
-1.55022e-08
-1.85937e-08
1.75151e-09
-3.77514e-08
1.91572e-08
-3.92942e-08
1.54253e-09
-2.01327e-08
-1.91621e-08
-2.54474e-10
-1.98784e-08
-2.19384e-08
2.16834e-08
-4.43042e-08
2.23657e-08
-4.54383e-08
1.13339e-09
-4.62193e-08
7.80931e-10
-4.67656e-08
5.45392e-10
-4.71039e-08
3.38328e-10
-4.72441e-08
1.39098e-10
-4.72047e-08
-3.94988e-11
-4.69809e-08
-2.25187e-10
-4.64608e-08
-5.20345e-10
-2.32177e-08
-2.32445e-08
-2.63336e-10
-2.29546e-08
-2.58834e-10
-5.47303e-12
-2.56114e-10
-2.86185e-12
-2.53127e-10
-3.84083e-12
-2.50102e-10
-3.03517e-12
-2.46864e-10
-3.77636e-12
-2.43793e-10
-2.84261e-12
-2.40528e-10
-3.5542e-12
-2.38964e-10
-1.23103e-12
-1.80346e-08
1.77954e-08
-1.80581e-08
2.41051e-11
-2.30669e-10
-1.78275e-08
-1.65889e-08
1.63588e-08
-3.2848e-08
1.62595e-08
-3.23335e-08
-5.13186e-10
-1.58304e-08
-1.65023e-08
1.53449e-09
-1.73639e-08
3.62372e-10
-4.04443e-10
-2.17443e-08
2.22986e-08
-6.35631e-08
4.19289e-08
-1.29233e-07
8.9625e-08
-1.93244e-07
9.413e-08
-2.3095e-07
4.96144e-08
-2.5872e-07
3.70659e-08
-2.74748e-07
2.21395e-08
-2.77895e-07
5.45908e-09
-2.31883e-07
-8.78318e-08
-1.79445e-07
-9.43908e-08
-1.5926e-07
1.02082e-09
-1.30574e-07
-2.8504e-08
-9.85439e-08
-5.33296e-08
-5.85445e-08
-4.00394e-08
-1.20069e-08
-4.73586e-08
3.1443e-08
-5.15098e-08
6.96317e-08
-4.90217e-08
1.0129e-07
-3.96636e-08
1.07548e-07
5.15087e-09
1.26489e-07
-2.42304e-08
1.60585e-07
-5.69648e-08
1.71218e-07
-1.37485e-08
1.53405e-07
4.06324e-08
1.59976e-07
-8.7521e-09
1.91192e-07
-5.85935e-08
1.94283e-07
-4.4641e-09
1.9498e-07
-1.1921e-09
1.64972e-07
5.78008e-08
1.34363e-07
5.85642e-08
1.30559e-07
3.73598e-09
1.47489e-07
-4.13586e-08
1.40897e-07
6.5504e-09
1.30558e-07
1.32953e-08
1.23739e-07
6.81306e-09
9.75056e-08
4.77881e-08
9.13269e-08
6.18661e-09
8.61422e-08
5.19063e-09
8.28113e-08
3.33442e-09
7.95146e-08
3.30144e-09
7.54178e-08
4.10143e-09
6.97425e-08
5.68438e-09
6.24449e-08
7.30978e-09
5.44892e-08
7.97056e-09
4.67672e-08
7.73174e-09
4.20208e-08
4.73453e-09
3.51101e-08
6.93461e-09
2.44218e-08
1.06732e-08
1.61314e-08
8.34443e-09
8.10966e-09
7.99635e-09
-1.42705e-09
9.9349e-09
-1.19307e-08
1.36425e-08
-1.95494e-08
7.27268e-09
-2.50657e-08
2.69994e-09
-3.2408e-08
7.37797e-09
-3.96128e-08
7.15974e-09
-5.6289e-08
2.62596e-08
-6.27751e-08
6.5006e-09
-5.91362e-08
-1.32735e-08
-6.49946e-08
5.86788e-09
-8.53228e-08
3.48027e-08
-1.06543e-07
3.67498e-08
-1.13644e-07
9.24263e-09
-1.02808e-07
-2.6339e-08
-1.08633e-07
7.57586e-09
-1.31365e-07
4.18879e-08
-1.36202e-07
6.37893e-09
-1.20006e-07
-3.53589e-08
-1.02946e-07
-3.69385e-08
-1.26862e-07
4.55982e-08
-1.51522e-07
4.70258e-08
-1.5475e-07
4.36004e-09
-1.56854e-07
2.88452e-09
-1.58185e-07
1.87443e-09
-1.58842e-07
9.95584e-10
-1.58851e-07
1.46285e-10
-1.58288e-07
-6.03273e-10
-1.57124e-07
-1.39156e-09
-1.55053e-07
-2.59117e-09
-1.30407e-07
-4.78943e-08
-1.05998e-07
-4.73634e-08
-1.03689e-07
-2.31761e-09
-1.01237e-07
-2.45488e-09
-9.87188e-08
-2.52477e-09
-9.61403e-08
-2.5815e-09
-9.35573e-08
-2.58822e-09
-9.10087e-08
-2.55074e-09
-8.85662e-08
-2.44689e-09
-8.62376e-08
-2.32888e-09
-1.01052e-07
3.2609e-08
-9.87454e-08
-2.28104e-09
-7.9304e-08
-3.72688e-08
-9.30047e-08
3.00612e-08
-1.06943e-07
3.01991e-08
-1.04899e-07
-2.55564e-09
-8.72108e-08
-3.41885e-08
2.88556e-09
-8.85588e-08
-4.48465e-10
4.41289e-11
-5.61502e-08
7.80006e-08
-1.6075e-07
1.4653e-07
-2.83998e-07
2.12873e-07
-3.90784e-07
2.00917e-07
-4.57928e-07
1.16758e-07
-5.02913e-07
8.2052e-08
-5.22898e-07
4.21244e-08
-5.18233e-07
7.94308e-10
-4.63691e-07
-1.42374e-07
-3.93913e-07
-1.64169e-07
-3.38652e-07
-5.42395e-08
-2.70142e-07
-9.70141e-08
-2.01582e-07
-1.2189e-07
-1.22072e-07
-1.19549e-07
-2.55232e-08
-1.43907e-07
6.41783e-08
-1.41211e-07
1.35827e-07
-1.20671e-07
1.96906e-07
-1.00742e-07
2.32256e-07
-3.01987e-08
2.74181e-07
-6.61549e-08
3.26493e-07
-1.09277e-07
3.51668e-07
-3.89228e-08
3.45694e-07
4.66074e-08
3.58406e-07
-2.14633e-08
3.91127e-07
-9.13133e-08
3.93625e-07
-6.96128e-09
3.92521e-07
-8.75904e-11
3.6201e-07
8.83119e-08
3.26837e-07
9.37385e-08
3.12149e-07
1.84242e-08
3.14868e-07
-4.40767e-08
2.96467e-07
2.49504e-08
2.74575e-07
3.51881e-08
2.57023e-07
2.43641e-08
2.22824e-07
8.19873e-08
2.06714e-07
2.22956e-08
1.93236e-07
1.86689e-08
1.84904e-07
1.1666e-08
1.77037e-07
1.11686e-08
1.66779e-07
1.43583e-08
1.5479e-07
1.76734e-08
1.40928e-07
2.11718e-08
1.25746e-07
2.31529e-08
1.10866e-07
2.26113e-08
9.69268e-08
1.86739e-08
8.00818e-08
2.3779e-08
5.68834e-08
3.38719e-08
3.7225e-08
2.80016e-08
1.80909e-08
2.71305e-08
-4.06386e-09
3.20876e-08
-2.57266e-08
3.53049e-08
-4.33853e-08
2.49295e-08
-5.73278e-08
1.6642e-08
-7.43895e-08
2.44388e-08
-9.16176e-08
2.43875e-08
-1.17726e-07
5.23668e-08
-1.33458e-07
2.22328e-08
-1.39353e-07
-7.37921e-09
-1.54187e-07
2.07014e-08
-1.82506e-07
6.31208e-08
-2.11109e-07
6.53522e-08
-2.25429e-07
2.35616e-08
-2.22565e-07
-2.92039e-08
-2.34586e-07
1.95964e-08
-2.6154e-07
6.88412e-08
-2.70992e-07
1.58301e-08
-2.60376e-07
-4.59761e-08
-2.488e-07
-4.85149e-08
-2.74768e-07
7.1564e-08
-3.01009e-07
7.32669e-08
-3.06771e-07
1.01204e-08
-3.10416e-07
6.52991e-09
-3.12506e-07
3.96153e-09
-3.13264e-07
1.7544e-09
-3.1274e-07
-3.80698e-10
-3.1109e-07
-2.25327e-09
-3.0823e-07
-4.25528e-09
-3.03624e-07
-7.19714e-09
-2.77865e-07
-7.36571e-08
-2.52177e-07
-7.3052e-08
-2.46302e-07
-8.19679e-09
-2.40141e-07
-8.61664e-09
-2.33856e-07
-8.81314e-09
-2.27428e-07
-9.00884e-09
-2.21075e-07
-8.94286e-09
-2.14755e-07
-8.86989e-09
-2.08779e-07
-8.42387e-09
-2.03023e-07
-8.08358e-09
-2.12874e-07
4.24592e-08
-2.06961e-07
-8.19256e-09
-1.85754e-07
-5.84757e-08
-1.94784e-07
3.90938e-08
-2.04693e-07
4.01089e-08
-2.00206e-07
-7.03949e-09
-1.81459e-07
-5.29329e-08
3.22213e-09
-1.81791e-07
-2.16556e-09
2.20984e-09
-1.01537e-07
1.77372e-07
-2.83213e-07
3.28207e-07
-4.72286e-07
4.01947e-07
-6.23991e-07
3.52622e-07
-7.18532e-07
2.11299e-07
-7.76409e-07
1.3993e-07
-7.94673e-07
6.03877e-08
-7.76869e-07
-1.70097e-08
-7.08018e-07
-2.11225e-07
-6.15639e-07
-2.56548e-07
-5.32258e-07
-1.3762e-07
-4.21881e-07
-2.07391e-07
-3.05917e-07
-2.37854e-07
-1.84751e-07
-2.40716e-07
-3.76328e-08
-2.91025e-07
9.57617e-08
-2.74605e-07
2.0235e-07
-2.27258e-07
2.9792e-07
-1.96312e-07
3.68584e-07
-1.00862e-07
4.40438e-07
-1.38008e-07
5.18215e-07
-1.87053e-07
5.66153e-07
-8.6861e-08
5.80178e-07
3.2584e-08
6.02373e-07
-4.36582e-08
6.35274e-07
-1.24212e-07
6.34237e-07
-5.92475e-09
6.2865e-07
5.50097e-09
5.98369e-07
1.18593e-07
5.55617e-07
1.36492e-07
5.23002e-07
5.1039e-08
5.06774e-07
-2.78474e-08
4.72738e-07
5.89854e-08
4.36463e-07
7.14643e-08
4.05673e-07
5.51532e-08
3.60849e-07
1.26811e-07
3.32823e-07
5.03204e-08
3.0928e-07
4.22117e-08
2.94507e-07
2.64385e-08
2.81404e-07
2.42712e-08
2.63962e-07
3.18001e-08
2.45794e-07
3.58416e-08
2.26932e-07
4.00338e-08
2.0561e-07
4.44747e-08
1.83482e-07
4.47388e-08
1.57786e-07
4.43702e-08
1.29754e-07
5.18109e-08
9.42731e-08
6.9353e-08
6.37819e-08
5.84916e-08
3.13575e-08
5.95548e-08
-6.51992e-09
6.99628e-08
-3.99344e-08
6.87189e-08
-6.7945e-08
5.29384e-08
-9.05371e-08
3.92338e-08
-1.18572e-07
5.24729e-08
-1.47311e-07
5.31258e-08
-1.84249e-07
8.93042e-08
-2.10954e-07
4.89377e-08
-2.2862e-07
1.02853e-08
-2.54777e-07
4.68585e-08
-2.92938e-07
1.01281e-07
-3.30431e-07
1.02845e-07
-3.53847e-07
4.69763e-08
-3.61671e-07
-2.13803e-08
-3.81991e-07
3.99159e-08
-4.14148e-07
1.00997e-07
-4.29537e-07
3.12179e-08
-4.27027e-07
-4.84875e-08
-4.23798e-07
-5.17442e-08
-4.52196e-07
9.99602e-08
-4.79499e-07
1.0057e-07
-4.88246e-07
1.88655e-08
-4.93844e-07
1.21277e-08
-4.96898e-07
7.01388e-09
-4.97824e-07
2.68052e-09
-4.96698e-07
-1.50976e-09
-4.93769e-07
-5.18239e-09
-4.8882e-07
-9.20812e-09
-4.81092e-07
-1.49251e-08
-4.54983e-07
-9.977e-08
-4.28774e-07
-9.92616e-08
-4.18707e-07
-1.82682e-08
-4.08273e-07
-1.90511e-08
-3.97653e-07
-1.94373e-08
-3.86842e-07
-1.98193e-08
-3.7627e-07
-1.95173e-08
-3.65706e-07
-1.94323e-08
-3.55788e-07
-1.83437e-08
-3.46304e-07
-1.75654e-08
-3.49634e-07
4.57878e-08
-3.39143e-07
-1.86815e-08
-3.16436e-07
-8.11823e-08
-3.19018e-07
4.16786e-08
-3.23114e-07
4.42068e-08
-3.15394e-07
-1.47557e-08
-2.95846e-07
-7.24778e-08
1.71793e-09
-2.94337e-07
-5.13992e-09
7.34997e-09
-1.57867e-07
3.30099e-07
-4.27904e-07
5.98246e-07
-6.89122e-07
6.63165e-07
-8.88981e-07
5.52481e-07
-1.01176e-06
3.34083e-07
-1.08235e-06
2.10515e-07
-1.09809e-06
7.61258e-08
-1.0661e-06
-4.89923e-08
-9.79008e-07
-2.98322e-07
-8.59974e-07
-3.75582e-07
-7.40561e-07
-2.57032e-07
-5.86631e-07
-3.61321e-07
-4.26799e-07
-3.97686e-07
-2.5831e-07
-4.09205e-07
-5.76309e-08
-4.91703e-07
1.20634e-07
-4.52869e-07
2.65959e-07
-3.72583e-07
4.00345e-07
-3.30698e-07
5.1028e-07
-2.10797e-07
6.16492e-07
-2.4422e-07
7.24647e-07
-2.95208e-07
8.00636e-07
-1.62849e-07
8.40168e-07
-6.94666e-09
8.75912e-07
-7.94021e-08
9.10764e-07
-1.59062e-07
9.06071e-07
-1.23139e-09
8.95033e-07
1.65407e-08
8.63397e-07
1.50229e-07
8.11043e-07
1.88848e-07
7.58302e-07
1.0378e-07
7.21611e-07
8.84396e-09
6.70146e-07
1.1045e-07
6.18227e-07
1.23384e-07
5.7271e-07
1.00669e-07
5.14897e-07
1.84624e-07
4.74117e-07
9.10989e-08
4.39403e-07
7.69261e-08
4.16719e-07
4.91218e-08
3.97802e-07
4.31884e-08
3.72546e-07
5.70556e-08
3.47232e-07
6.11554e-08
3.2278e-07
6.44851e-08
2.93847e-07
7.34085e-08
2.61988e-07
7.6597e-08
2.25225e-07
8.11343e-08
1.86326e-07
9.07085e-08
1.37068e-07
1.18612e-07
9.55249e-08
1.00034e-07
4.9081e-08
1.05999e-07
-5.22756e-09
1.24269e-07
-4.97032e-08
1.13194e-07
-8.84672e-08
9.17011e-08
-1.21869e-07
7.26354e-08
-1.619e-07
9.2503e-08
-2.031e-07
9.43254e-08
-2.51869e-07
1.38073e-07
-2.90499e-07
8.75664e-08
-3.20868e-07
4.06536e-08
-3.59391e-07
8.53818e-08
-4.08467e-07
1.50356e-07
-4.55826e-07
1.50203e-07
-4.89228e-07
8.03773e-08
-5.08596e-07
-2.01236e-09
-5.38103e-07
6.94215e-08
-5.76232e-07
1.39125e-07
-5.98194e-07
5.31794e-08
-6.04584e-07
-4.20987e-08
-6.10537e-07
-4.57924e-08
-6.41782e-07
1.31204e-07
-6.70073e-07
1.2886e-07
-6.8175e-07
3.05412e-08
-6.89266e-07
1.96436e-08
-6.93166e-07
1.09109e-08
-6.94075e-07
3.58948e-09
-6.92106e-07
-3.48069e-09
-6.87603e-07
-9.68569e-09
-6.80174e-07
-1.66408e-08
-6.68966e-07
-2.61338e-08
-6.42581e-07
-1.26159e-07
-6.15975e-07
-1.25868e-07
-6.0153e-07
-3.27173e-08
-5.86641e-07
-3.39415e-08
-5.71541e-07
-3.45404e-08
-5.56295e-07
-3.50652e-08
-5.41563e-07
-3.42515e-08
-5.26855e-07
-3.41392e-08
-5.13182e-07
-3.20173e-08
-5.00236e-07
-3.05098e-08
-4.96581e-07
4.21322e-08
-4.81221e-07
-3.40399e-08
-4.57477e-07
-1.04926e-07
-4.52836e-07
3.70401e-08
-4.50205e-07
4.15777e-08
-4.38887e-07
-2.60692e-08
-4.18968e-07
-9.23941e-08
-2.37752e-09
-4.14868e-07
-1.01191e-08
1.74693e-08
-2.28855e-07
5.48836e-07
-6.01743e-07
9.71135e-07
-9.44499e-07
1.00592e-06
-1.19912e-06
8.07103e-07
-1.35432e-06
4.89287e-07
-1.44017e-06
2.96365e-07
-1.45454e-06
9.04969e-08
-1.40833e-06
-9.52113e-08
-1.3002e-06
-4.06445e-07
-1.15061e-06
-5.25176e-07
-9.86702e-07
-4.20938e-07
-7.8528e-07
-5.62742e-07
-5.80629e-07
-6.02337e-07
-3.56848e-07
-6.32985e-07
-9.73568e-08
-7.51194e-07
1.30924e-07
-6.81149e-07
3.22381e-07
-5.6404e-07
5.02188e-07
-5.10505e-07
6.57379e-07
-3.65988e-07
8.03852e-07
-3.90691e-07
9.48131e-07
-4.39486e-07
1.05763e-06
-2.72348e-07
1.12809e-06
-7.74048e-08
1.18273e-06
-1.34047e-07
1.22393e-06
-2.00259e-07
1.21838e-06
4.32668e-09
1.20298e-06
3.19372e-08
1.16875e-06
1.84464e-07
1.10611e-06
2.5149e-07
1.0331e-06
1.76783e-07
9.75151e-07
6.6796e-08
9.04642e-07
1.8096e-07
8.3578e-07
1.92246e-07
7.73601e-07
1.62847e-07
6.99722e-07
2.58503e-07
6.44669e-07
1.46151e-07
5.97033e-07
1.24562e-07
5.64431e-07
8.17226e-08
5.38539e-07
6.90807e-08
5.04375e-07
9.12186e-08
4.69922e-07
9.56085e-08
4.37899e-07
9.65081e-08
3.99295e-07
1.12013e-07
3.55814e-07
1.20077e-07
3.08074e-07
1.28875e-07
2.57237e-07
1.41545e-07
1.9163e-07
1.84219e-07
1.35817e-07
1.55845e-07
7.44371e-08
1.67379e-07
4.58688e-09
1.94118e-07
-5.20167e-08
1.69797e-07
-1.03232e-07
1.42915e-07
-1.49414e-07
1.18817e-07
-2.03085e-07
1.46172e-07
-2.58274e-07
1.49514e-07
-3.20398e-07
2.00196e-07
-3.72326e-07
1.39494e-07
-4.16596e-07
8.49231e-08
-4.68612e-07
1.37398e-07
-5.29784e-07
2.11527e-07
-5.8812e-07
2.08539e-07
-6.32375e-07
1.24631e-07
-6.63713e-07
2.93252e-08
-7.02923e-07
1.08631e-07
-7.47744e-07
1.83945e-07
-7.76706e-07
8.21408e-08
-7.91958e-07
-2.68484e-08
-8.06726e-07
-3.10242e-08
-8.41034e-07
1.6551e-07
-8.70478e-07
1.58303e-07
-8.84739e-07
4.48005e-08
-8.93755e-07
2.86598e-08
-8.98021e-07
1.51749e-08
-8.98365e-07
3.93359e-09
-8.9495e-07
-6.89888e-09
-8.88212e-07
-1.64239e-08
-8.77612e-07
-2.72439e-08
-8.6238e-07
-4.13662e-08
-8.34719e-07
-1.53824e-07
-8.06651e-07
-1.53936e-07
-7.87262e-07
-5.21098e-08
-7.67289e-07
-5.39154e-08
-7.47108e-07
-5.47248e-08
-7.26876e-07
-5.52971e-08
-7.07466e-07
-5.36629e-08
-6.88164e-07
-5.34404e-08
-6.70329e-07
-4.98536e-08
-6.53432e-07
-4.74055e-08
-6.42704e-07
3.14037e-08
-6.22249e-07
-5.44926e-08
-5.96937e-07
-1.30239e-07
-5.85091e-07
2.51969e-08
-5.75771e-07
3.22594e-08
-5.60674e-07
-4.11623e-08
-5.40171e-07
-1.12894e-07
-9.55547e-09
-5.32989e-07
-1.83831e-08
3.58529e-08
-3.20264e-07
8.50718e-07
-8.14963e-07
1.46584e-06
-1.25196e-06
1.44292e-06
-1.57082e-06
1.12595e-06
-1.76511e-06
6.83583e-07
-1.87068e-06
4.01936e-07
-1.88613e-06
1.05944e-07
-1.82631e-06
-1.55032e-07
-1.6952e-06
-5.3755e-07
-1.51127e-06
-7.09105e-07
-1.29604e-06
-6.3617e-07
-1.04142e-06
-8.1736e-07
-7.85597e-07
-8.58162e-07
-4.96577e-07
-9.22006e-07
-1.70241e-07
-1.07753e-06
1.16147e-07
-9.67537e-07
3.6316e-07
-8.11053e-07
5.977e-07
-7.45045e-07
8.06951e-07
-5.75238e-07
1.00219e-06
-5.85932e-07
1.19062e-06
-6.27918e-07
1.34125e-06
-4.22971e-07
1.45007e-06
-1.86228e-07
1.53121e-06
-2.15182e-07
1.58585e-06
-2.54901e-07
1.58516e-06
5.01878e-09
1.5688e-06
4.82964e-08
1.53266e-06
2.20613e-07
1.46051e-06
3.23636e-07
1.36769e-06
2.69607e-07
1.2877e-06
1.46786e-07
1.19626e-06
2.72397e-07
1.10857e-06
2.79936e-07
1.02701e-06
2.44407e-07
9.33178e-07
3.52334e-07
8.61216e-07
2.18111e-07
7.97933e-07
1.87845e-07
7.52665e-07
1.2699e-07
7.1773e-07
1.04015e-07
6.7288e-07
1.36068e-07
6.26672e-07
1.41817e-07
5.84313e-07
1.38867e-07
5.33838e-07
1.62488e-07
4.77197e-07
1.76718e-07
4.17012e-07
1.8906e-07
3.51553e-07
2.07003e-07
2.66589e-07
2.69183e-07
1.9283e-07
2.29603e-07
1.14631e-07
2.45578e-07
2.82386e-08
2.80509e-07
-4.25832e-08
2.40619e-07
-1.08248e-07
2.08578e-07
-1.69775e-07
1.80344e-07
-2.39552e-07
2.15948e-07
-3.11097e-07
2.21058e-07
-3.88864e-07
2.77962e-07
-4.56257e-07
2.06887e-07
-5.16427e-07
1.45093e-07
-5.83752e-07
2.04722e-07
-6.58775e-07
2.86549e-07
-7.29728e-07
2.7949e-07
-7.8623e-07
1.81132e-07
-8.30469e-07
7.35639e-08
-8.8027e-07
1.58431e-07
-9.32778e-07
2.36452e-07
-9.69449e-07
1.18811e-07
-9.93732e-07
-2.56657e-09
-1.01706e-06
-7.69547e-09
-1.05472e-06
2.03169e-07
-1.08564e-06
1.89224e-07
-1.10227e-06
6.14273e-08
-1.11243e-06
3.88182e-08
-1.11661e-06
1.93554e-08
-1.11584e-06
3.1593e-09
-1.11033e-06
-1.24079e-08
-1.10063e-06
-2.61224e-08
-1.0861e-06
-4.17765e-08
-1.06619e-06
-6.12807e-08
-1.03595e-06
-1.84064e-07
-1.00498e-06
-1.84913e-07
-9.79782e-07
-7.73093e-08
-9.53808e-07
-7.98892e-08
-9.27625e-07
-8.0911e-08
-9.01485e-07
-8.14376e-08
-8.76442e-07
-7.8707e-08
-8.51626e-07
-7.82556e-08
-8.28687e-07
-7.27938e-08
-8.06767e-07
-6.93242e-08
-7.88706e-07
1.33422e-08
-7.62638e-07
-8.05588e-08
-7.34488e-07
-1.58388e-07
-7.15495e-07
6.20605e-09
-6.99671e-07
1.64375e-08
-6.80435e-07
-6.03959e-08
-6.58457e-07
-1.3487e-07
-2.02041e-08
-6.47804e-07
-3.20575e-08
6.79111e-08
-4.3968e-07
1.25834e-06
-1.07935e-06
2.10551e-06
-1.6262e-06
1.98977e-06
-2.02153e-06
1.52129e-06
-2.26418e-06
9.26228e-07
-2.39609e-06
5.33851e-07
-2.4168e-06
1.26655e-07
-2.34531e-06
-2.2653e-07
-2.19035e-06
-6.92502e-07
-1.96876e-06
-9.30696e-07
-1.6966e-06
-9.08328e-07
-1.38189e-06
-1.13208e-06
-1.06472e-06
-1.17533e-06
-6.98843e-07
-1.28788e-06
-2.96364e-07
-1.48001e-06
5.90577e-08
-1.32296e-06
3.74437e-07
-1.12643e-06
6.75977e-07
-1.04658e-06
9.51207e-07
-8.50467e-07
1.20677e-06
-8.4149e-07
1.45023e-06
-8.71377e-07
1.65245e-06
-6.2519e-07
1.80987e-06
-3.43653e-07
1.92795e-06
-3.33254e-07
2.00639e-06
-3.33345e-07
2.01999e-06
-8.57673e-09
2.00928e-06
5.90052e-08
1.97476e-06
2.55132e-07
1.89608e-06
4.02326e-07
1.78497e-06
3.80708e-07
1.68264e-06
2.4912e-07
1.56844e-06
3.86594e-07
1.45944e-06
3.8894e-07
1.35504e-06
3.48802e-07
1.23675e-06
4.70628e-07
1.14403e-06
3.10829e-07
1.06127e-06
2.70608e-07
9.99675e-07
1.88581e-07
9.52455e-07
1.51235e-07
8.94302e-07
1.94221e-07
8.3327e-07
2.02849e-07
7.77119e-07
1.95017e-07
7.12034e-07
2.27574e-07
6.40156e-07
2.48595e-07
5.6467e-07
2.64547e-07
4.80735e-07
2.90937e-07
3.72962e-07
3.76958e-07
2.77273e-07
3.2529e-07
1.79663e-07
3.43188e-07
7.40149e-08
3.86156e-07
-1.41407e-08
3.28774e-07
-9.68047e-08
2.91241e-07
-1.77285e-07
2.60824e-07
-2.66568e-07
3.0523e-07
-3.57763e-07
3.12252e-07
-4.54329e-07
3.74527e-07
-5.40254e-07
2.92811e-07
-6.19243e-07
2.24081e-07
-7.04528e-07
2.90006e-07
-7.95879e-07
3.779e-07
-8.81756e-07
3.65367e-07
-9.52583e-07
2.51959e-07
-1.01137e-06
1.32349e-07
-1.07322e-06
2.20283e-07
-1.13484e-06
2.98073e-07
-1.18038e-06
1.64342e-07
-1.21434e-06
3.13989e-08
-1.24645e-06
2.44098e-08
-1.288e-06
2.44715e-07
-1.32091e-06
2.22141e-07
-1.33996e-06
8.04667e-08
-1.35111e-06
4.99735e-08
-1.35493e-06
2.31697e-08
-1.35261e-06
8.43529e-10
-1.34447e-06
-2.05564e-08
-1.33115e-06
-3.94413e-08
-1.31196e-06
-6.09619e-08
-1.28667e-06
-8.65789e-08
-1.25259e-06
-2.18142e-07
-1.21729e-06
-2.20218e-07
-1.18531e-06
-1.0929e-07
-1.15233e-06
-1.12874e-07
-1.11911e-06
-1.14127e-07
-1.08602e-06
-1.14537e-07
-1.05425e-06
-1.10479e-07
-1.02284e-06
-1.09663e-07
-9.93686e-07
-1.01946e-07
-9.65553e-07
-9.74559e-08
-9.39658e-07
-1.25533e-08
-9.07226e-07
-1.12989e-07
-8.74856e-07
-1.90758e-07
-8.48495e-07
-2.01526e-08
-8.26056e-07
-6.00085e-09
-8.02084e-07
-8.43644e-08
-7.77513e-07
-1.59438e-07
-3.47977e-08
-7.62915e-07
-5.464e-08
1.22552e-07
-5.97201e-07
1.8009e-06
-1.40868e-06
2.917e-06
-2.08366e-06
2.66475e-06
-2.57083e-06
2.00846e-06
-2.87425e-06
1.22965e-06
-3.042e-06
7.01604e-07
-3.07474e-06
1.59391e-07
-2.99562e-06
-3.05647e-07
-2.81765e-06
-8.70472e-07
-2.55604e-06
-1.19231e-06
-2.22255e-06
-1.24182e-06
-1.84007e-06
-1.51455e-06
-1.44859e-06
-1.56681e-06
-9.9305e-07
-1.74342e-06
-5.03563e-07
-1.9695e-06
-6.48991e-08
-1.76162e-06
3.35196e-07
-1.52653e-06
7.1947e-07
-1.43086e-06
1.07624e-06
-1.20723e-06
1.40732e-06
-1.17257e-06
1.72019e-06
-1.18425e-06
1.98805e-06
-8.93048e-07
2.20782e-06
-5.63428e-07
2.37676e-06
-5.02186e-07
2.49324e-06
-4.49826e-07
2.53515e-06
-5.04884e-08
2.54119e-06
5.29682e-08
2.51589e-06
2.80441e-07
2.43703e-06
4.81188e-07
2.31162e-06
5.06116e-07
2.18801e-06
3.72735e-07
2.04992e-06
5.2468e-07
1.91676e-06
5.22097e-07
1.78553e-06
4.80039e-07
1.6379e-06
6.18257e-07
1.51925e-06
4.29474e-07
1.41189e-06
3.77971e-07
1.32916e-06
2.71305e-07
1.26492e-06
2.15477e-07
1.18974e-06
2.69397e-07
1.11027e-06
2.82325e-07
1.03604e-06
2.69242e-07
9.52633e-07
3.10981e-07
8.62284e-07
3.38944e-07
7.67363e-07
3.59468e-07
6.60199e-07
3.98101e-07
5.25705e-07
5.11451e-07
4.0348e-07
4.47514e-07
2.83126e-07
4.63541e-07
1.55318e-07
5.13963e-07
4.52243e-08
4.38867e-07
-5.90929e-08
3.95557e-07
-1.63269e-07
3.64999e-07
-2.76567e-07
4.18527e-07
-3.91805e-07
4.2749e-07
-5.11363e-07
4.94084e-07
-6.1994e-07
4.01387e-07
-7.21726e-07
3.25866e-07
-8.28595e-07
3.96874e-07
-9.39624e-07
4.88927e-07
-1.04355e-06
4.69294e-07
-1.1316e-06
3.40001e-07
-1.2074e-06
2.08148e-07
-1.28345e-06
2.9634e-07
-1.35617e-06
3.7079e-07
-1.41227e-06
2.20439e-07
-1.45715e-06
7.62762e-08
-1.49881e-06
6.60729e-08
-1.54512e-06
2.91024e-07
-1.58082e-06
2.57832e-07
-1.60262e-06
1.02269e-07
-1.61488e-06
6.22364e-08
-1.61825e-06
2.65386e-08
-1.61413e-06
-3.2769e-09
-1.60292e-06
-3.17747e-08
-1.5854e-06
-5.69592e-08
-1.56089e-06
-8.548e-08
-1.52947e-06
-1.17992e-07
-1.49037e-06
-2.57245e-07
-1.4494e-06
-2.61189e-07
-1.4096e-06
-1.49098e-07
-1.36852e-06
-1.53956e-07
-1.32717e-06
-1.55483e-07
-1.28596e-06
-1.5574e-07
-1.24628e-06
-1.50165e-07
-1.2071e-06
-1.48844e-07
-1.17053e-06
-1.38518e-07
-1.13494e-06
-1.33042e-07
-1.10045e-06
-4.70462e-08
-1.0607e-06
-1.52738e-07
-1.02274e-06
-2.28716e-07
-9.8845e-07
-5.44378e-08
-9.58904e-07
-3.55448e-08
-9.29377e-07
-1.13889e-07
-9.0103e-07
-1.87783e-07
-5.39856e-08
-8.81838e-07
-9.18122e-08
2.14366e-07
-8.06432e-07
2.51553e-06
-1.81937e-06
3.92994e-06
-2.64339e-06
3.48878e-06
-3.24147e-06
2.60654e-06
-3.62215e-06
1.61033e-06
-3.83913e-06
9.18584e-07
-3.89433e-06
2.14594e-07
-3.81488e-06
-3.85098e-07
-3.61732e-06
-1.06804e-06
-3.31507e-06
-1.49455e-06
-2.91721e-06
-1.63968e-06
-2.45904e-06
-1.97272e-06
-1.97834e-06
-2.04752e-06
-1.4196e-06
-2.30215e-06
-8.29958e-07
-2.55914e-06
-2.89964e-07
-2.30161e-06
2.1481e-07
-2.0313e-06
7.01757e-07
-1.9178e-06
1.16006e-06
-1.66554e-06
1.5864e-06
-1.59891e-06
1.9875e-06
-1.58534e-06
2.33957e-06
-1.24512e-06
2.63992e-06
-8.63771e-07
2.87796e-06
-7.40232e-07
3.0513e-06
-6.23162e-07
3.14102e-06
-1.40206e-07
3.18076e-06
1.32392e-08
3.17783e-06
2.83361e-07
3.11029e-06
5.48732e-07
2.97893e-06
6.37484e-07
2.8379e-06
5.13763e-07
2.67657e-06
6.86011e-07
2.51673e-06
6.81931e-07
2.35449e-06
6.42277e-07
2.17266e-06
8.00091e-07
2.02158e-06
5.80548e-07
1.883e-06
5.16555e-07
1.77281e-06
3.8149e-07
1.68493e-06
3.03362e-07
1.58748e-06
3.66844e-07
1.485e-06
3.84803e-07
1.38733e-06
3.66915e-07
1.28055e-06
4.17756e-07
1.16698e-06
4.52519e-07
1.04717e-06
4.79277e-07
9.11152e-07
5.34115e-07
7.45602e-07
6.77001e-07
5.91605e-07
6.01509e-07
4.4389e-07
6.11257e-07
2.9023e-07
6.6762e-07
1.51941e-07
5.77156e-07
1.90649e-08
5.2843e-07
-1.14951e-07
4.99015e-07
-2.58154e-07
5.61728e-07
-4.03187e-07
5.72522e-07
-5.5124e-07
6.42135e-07
-6.87908e-07
5.38054e-07
-8.17761e-07
4.55719e-07
-9.51032e-07
5.30144e-07
-1.08617e-06
6.24068e-07
-1.21231e-06
5.9543e-07
-1.32147e-06
4.4916e-07
-1.41774e-06
3.04418e-07
-1.51102e-06
3.89615e-07
-1.59754e-06
4.57311e-07
-1.66661e-06
2.89506e-07
-1.72432e-06
1.33989e-07
-1.77699e-06
1.18734e-07
-1.82939e-06
3.43421e-07
-1.86898e-06
2.97424e-07
-1.89426e-06
1.27551e-07
-1.90805e-06
7.60274e-08
-1.91115e-06
2.96302e-08
-1.90515e-06
-9.27281e-09
-1.89058e-06
-4.63518e-08
-1.86838e-06
-7.91593e-08
-1.8379e-06
-1.15962e-07
-1.79963e-06
-1.56268e-07
-1.75437e-06
-3.02504e-07
-1.70646e-06
-3.09103e-07
-1.65771e-06
-1.97851e-07
-1.60736e-06
-2.04309e-07
-1.55664e-06
-2.06198e-07
-1.50607e-06
-2.06312e-07
-1.45716e-06
-1.99076e-07
-1.40889e-06
-1.97116e-07
-1.36356e-06
-1.83849e-07
-1.31916e-06
-1.77438e-07
-1.27503e-06
-9.11793e-08
-1.2268e-06
-2.00971e-07
-1.18183e-06
-2.73682e-07
-1.13872e-06
-9.75424e-08
-1.10122e-06
-7.30416e-08
-1.06509e-06
-1.5002e-07
-1.0317e-06
-2.21169e-07
-7.86259e-08
-1.00706e-06
-1.52636e-07
3.67005e-07
-1.08566e-06
3.44855e-06
-2.33121e-06
5.1755e-06
-3.32792e-06
4.48549e-06
-4.0605e-06
3.33912e-06
-4.54022e-06
2.09005e-06
-4.82506e-06
1.20342e-06
-4.9183e-06
3.07833e-07
-4.8504e-06
-4.52988e-07
-4.64049e-06
-1.27796e-06
-4.29984e-06
-1.8352e-06
-3.83643e-06
-2.10308e-06
-3.29497e-06
-2.51419e-06
-2.70928e-06
-2.63321e-06
-2.03316e-06
-2.97828e-06
-1.32768e-06
-3.26461e-06
-6.63979e-07
-2.96531e-06
-3.00926e-08
-2.66519e-06
5.84587e-07
-2.53248e-06
1.16994e-06
-2.25089e-06
1.71696e-06
-2.14593e-06
2.23075e-06
-2.09913e-06
2.69141e-06
-1.70577e-06
3.09629e-06
-1.26865e-06
3.42723e-06
-1.07118e-06
3.68174e-06
-8.77669e-07
3.84498e-06
-3.03443e-07
3.94246e-06
-8.42338e-08
3.98245e-06
2.43372e-07
3.94491e-06
5.86272e-07
3.82284e-06
7.5956e-07
3.67329e-06
6.63316e-07
3.49292e-06
8.66374e-07
3.3056e-06
8.69253e-07
3.10889e-06
8.38987e-07
2.88856e-06
1.02042e-06
2.69745e-06
7.71651e-07
2.5194e-06
6.94611e-07
2.37345e-06
5.27434e-07
2.25295e-06
4.23862e-07
2.12589e-06
4.93904e-07
1.99426e-06
5.16436e-07
1.86626e-06
4.94907e-07
1.72942e-06
5.54603e-07
1.58609e-06
5.95845e-07
1.43447e-06
6.30898e-07
1.26301e-06
7.05571e-07
1.06152e-06
8.78491e-07
8.69869e-07
7.93162e-07
6.88194e-07
7.92932e-07
5.02511e-07
8.53301e-07
3.27962e-07
7.51704e-07
1.57919e-07
6.98471e-07
-1.38962e-08
6.70829e-07
-1.9465e-07
7.4248e-07
-3.76954e-07
7.54825e-07
-5.6067e-07
8.25849e-07
-7.32559e-07
7.09942e-07
-8.97405e-07
6.20563e-07
-1.06341e-06
6.96149e-07
-1.22849e-06
7.89149e-07
-1.38232e-06
7.49259e-07
-1.5178e-06
5.84633e-07
-1.63924e-06
4.2586e-07
-1.75384e-06
5.04217e-07
-1.85784e-06
5.61302e-07
-1.94319e-06
3.74861e-07
-2.01655e-06
2.07342e-07
-2.08246e-06
1.84642e-07
-2.14286e-06
4.03821e-07
-2.18797e-06
3.42534e-07
-2.21793e-06
1.57508e-07
-2.23407e-06
9.21705e-08
-2.23739e-06
3.29415e-08
-2.2297e-06
-1.6955e-08
-2.21168e-06
-6.43801e-08
-2.18445e-06
-1.06387e-07
-2.14746e-06
-1.52956e-07
-2.1016e-06
-2.02135e-07
-2.04912e-06
-3.54985e-07
-1.99303e-06
-3.65194e-07
-1.93415e-06
-2.56738e-07
-1.87325e-06
-2.65208e-07
-1.81184e-06
-2.67612e-07
-1.75049e-06
-2.67665e-07
-1.69089e-06
-2.58673e-07
-1.63204e-06
-2.55964e-07
-1.57643e-06
-2.39461e-07
-1.5217e-06
-2.32171e-07
-1.46659e-06
-1.46283e-07
-1.40848e-06
-2.59084e-07
-1.35496e-06
-3.27197e-07
-1.30182e-06
-1.50679e-07
-1.25519e-06
-1.19672e-07
-1.21116e-06
-1.94052e-07
-1.17133e-06
-2.60997e-07
-1.09802e-07
-1.14015e-06
-2.51215e-07
6.18224e-07
-1.45895e-06
4.6563e-06
-2.96796e-06
6.68452e-06
-4.16405e-06
5.68159e-06
-5.06035e-06
4.23542e-06
-5.66769e-06
2.69739e-06
-6.046e-06
1.58173e-06
-6.19981e-06
4.61641e-07
-6.16172e-06
-4.91076e-07
-5.95214e-06
-1.48753e-06
-5.57962e-06
-2.20772e-06
-5.05224e-06
-2.63047e-06
-4.42108e-06
-3.14534e-06
-3.71494e-06
-3.33935e-06
-2.90645e-06
-3.78676e-06
-2.06642e-06
-4.10465e-06
-1.2521e-06
-3.77963e-06
-4.59282e-07
-3.45801e-06
3.14327e-07
-3.30609e-06
1.05898e-06
-2.99555e-06
1.75933e-06
-2.84627e-06
2.41748e-06
-2.75728e-06
3.0184e-06
-2.30669e-06
3.55908e-06
-1.80933e-06
4.01386e-06
-1.52596e-06
4.38068e-06
-1.24448e-06
4.6502e-06
-5.72966e-07
4.83755e-06
-2.7158e-07
4.94992e-06
1.31009e-07
4.97038e-06
5.65814e-07
4.88267e-06
8.4727e-07
4.74171e-06
8.04277e-07
4.553e-06
1.05509e-06
4.34158e-06
1.08067e-06
4.10931e-06
1.07126e-06
3.84781e-06
1.28192e-06
3.60872e-06
1.01073e-06
3.38145e-06
9.21886e-07
3.18905e-06
7.1983e-07
3.0241e-06
5.88812e-07
2.85727e-06
6.6073e-07
2.68785e-06
6.85861e-07
2.5206e-06
6.62156e-07
2.34495e-06
7.30248e-07
2.16331e-06
7.77489e-07
1.97126e-06
8.2295e-07
1.75658e-06
9.20243e-07
1.51329e-06
1.12179e-06
1.27697e-06
1.02947e-06
1.05219e-06
1.01771e-06
8.25016e-07
1.08048e-06
6.03948e-07
9.72772e-07
3.86095e-07
9.16321e-07
1.66178e-07
8.90745e-07
-6.20327e-08
9.70688e-07
-2.91293e-07
9.84084e-07
-5.19994e-07
1.05455e-06
-7.364e-07
9.26347e-07
-9.45279e-07
8.2944e-07
-1.15233e-06
9.03201e-07
-1.355e-06
9.91817e-07
-1.54373e-06
9.37987e-07
-1.71239e-06
7.53292e-07
-1.86532e-06
5.78781e-07
-2.00679e-06
6.45685e-07
-2.13319e-06
6.87698e-07
-2.23936e-06
4.81038e-07
-2.33231e-06
3.00288e-07
-2.41474e-06
2.67073e-07
-2.48587e-06
4.74944e-07
-2.5388e-06
3.95467e-07
-2.57528e-06
1.93982e-07
-2.59516e-06
1.12047e-07
-2.59965e-06
3.7435e-08
-2.59085e-06
-2.57556e-08
-2.56958e-06
-8.56538e-08
-2.53721e-06
-1.38765e-07
-2.49331e-06
-1.96856e-07
-2.43922e-06
-2.56231e-07
-2.37855e-06
-4.15654e-07
-2.31312e-06
-4.30631e-07
-2.24287e-06
-3.26992e-07
-2.17007e-06
-3.38011e-07
-2.0965e-06
-3.41184e-07
-2.02281e-06
-3.41353e-07
-1.9509e-06
-3.30588e-07
-1.8798e-06
-3.27061e-07
-1.81218e-06
-3.0708e-07
-1.74536e-06
-2.98989e-07
-1.67767e-06
-2.13976e-07
-1.60804e-06
-3.28712e-07
-1.54426e-06
-3.90981e-07
-1.47957e-06
-2.15364e-07
-1.42231e-06
-1.7693e-07
-1.36883e-06
-2.4753e-07
-1.32097e-06
-3.08849e-07
-1.48835e-07
-1.28193e-06
-4.08883e-07
1.02711e-06
-1.95684e-06
6.20428e-06
-3.75784e-06
8.48554e-06
-5.18386e-06
7.10762e-06
-6.28002e-06
5.33159e-06
-7.05228e-06
3.46965e-06
-7.55879e-06
2.08824e-06
-7.80492e-06
7.07769e-07
-7.82334e-06
-4.72651e-07
-7.63423e-06
-1.67664e-06
-7.24254e-06
-2.59941e-06
-6.65673e-06
-3.21628e-06
-5.93176e-06
-3.87031e-06
-5.09127e-06
-4.17983e-06
-4.13442e-06
-4.74361e-06
-3.13735e-06
-5.10172e-06
-2.14071e-06
-4.77627e-06
-1.15284e-06
-4.44587e-06
-1.81788e-07
-4.27714e-06
7.62472e-07
-3.93981e-06
1.65761e-06
-3.74141e-06
2.50101e-06
-3.60067e-06
3.28307e-06
-3.08875e-06
3.99993e-06
-2.52618e-06
4.61861e-06
-2.14463e-06
5.1375e-06
-1.76337e-06
5.55433e-06
-9.89787e-07
5.87255e-06
-5.89795e-07
6.09682e-06
-9.32655e-08
6.21416e-06
4.4849e-07
6.1984e-06
8.63025e-07
6.0954e-06
9.07288e-07
5.91962e-06
1.23086e-06
5.69569e-06
1.30461e-06
5.43221e-06
1.33473e-06
5.13056e-06
1.58357e-06
4.83684e-06
1.30445e-06
4.54989e-06
1.20883e-06
4.29783e-06
9.71883e-07
4.07333e-06
8.1331e-07
3.853e-06
8.81063e-07
3.63362e-06
9.05245e-07
3.41531e-06
8.80459e-07
3.18958e-06
9.55976e-07
2.95858e-06
1.00849e-06
2.71542e-06
1.06611e-06
2.44815e-06
1.18751e-06
2.15535e-06
1.41459e-06
1.86527e-06
1.31954e-06
1.58524e-06
1.29774e-06
1.30353e-06
1.36218e-06
1.02285e-06
1.25345e-06
7.43713e-07
1.19545e-06
4.62379e-07
1.17208e-06
1.73887e-07
1.25918e-06
-1.14861e-07
1.27283e-06
-4.00651e-07
1.34034e-06
-6.73662e-07
1.19936e-06
-9.38323e-07
1.0941e-06
-1.19728e-06
1.16216e-06
-1.44757e-06
1.24211e-06
-1.6807e-06
1.17112e-06
-1.89165e-06
9.64234e-07
-2.08444e-06
7.71575e-07
-2.2602e-06
8.21437e-07
-2.41564e-06
8.43139e-07
-2.5488e-06
6.14191e-07
-2.6668e-06
4.1829e-07
-2.77038e-06
3.70652e-07
-2.85605e-06
5.60611e-07
-2.92009e-06
4.59506e-07
-2.96583e-06
2.39712e-07
-2.99161e-06
1.37826e-07
-2.99893e-06
4.47487e-08
-2.99014e-06
-3.45415e-08
-2.9663e-06
-1.09504e-07
-2.92902e-06
-1.76046e-07
-2.8781e-06
-2.47776e-07
-2.81534e-06
-3.18991e-07
-2.74571e-06
-4.8529e-07
-2.66988e-06
-5.06462e-07
-2.58705e-06
-4.0983e-07
-2.50095e-06
-4.2411e-07
-2.41369e-06
-4.28453e-07
-2.32598e-06
-4.29058e-07
-2.23997e-06
-4.16609e-07
-2.15475e-06
-4.12272e-07
-2.07318e-06
-3.88654e-07
-1.9923e-06
-3.79872e-07
-1.91012e-06
-2.96157e-07
-1.8271e-06
-4.11727e-07
-1.75112e-06
-4.66964e-07
-1.67307e-06
-2.93406e-07
-1.60339e-06
-2.46609e-07
-1.53866e-06
-3.12258e-07
-1.48099e-06
-3.66516e-07
-1.97284e-07
-1.43254e-06
-6.56862e-07
1.68399e-06
-2.61571e-06
8.16316e-06
-4.73374e-06
1.06036e-05
-6.42558e-06
8.79946e-06
-7.76627e-06
6.67229e-06
-8.75164e-06
4.45502e-06
-9.43275e-06
2.76936e-06
-9.81484e-06
1.08986e-06
-9.92748e-06
-3.60006e-07
-9.78868e-06
-1.81544e-06
-9.39873e-06
-2.98936e-06
-8.76567e-06
-3.84934e-06
-7.94621e-06
-4.68977e-06
-6.9602e-06
-5.16584e-06
-5.83773e-06
-5.86608e-06
-4.65665e-06
-6.2828e-06
-3.44077e-06
-5.99214e-06
-2.21456e-06
-5.67209e-06
-9.98978e-07
-5.49273e-06
1.94663e-07
-5.13344e-06
1.33645e-06
-4.88319e-06
2.41714e-06
-4.68136e-06
3.43285e-06
-4.10446e-06
4.37757e-06
-3.47088e-06
5.21144e-06
-2.97851e-06
5.93312e-06
-2.48504e-06
6.54825e-06
-1.60491e-06
7.0482e-06
-1.08974e-06
7.43467e-06
-4.79735e-07
7.69922e-06
1.83952e-07
7.80702e-06
7.55222e-07
7.78724e-06
9.27074e-07
7.66143e-06
1.35667e-06
7.45048e-06
1.51556e-06
7.17073e-06
1.61447e-06
6.83725e-06
1.91705e-06
6.48674e-06
1.65495e-06
6.13105e-06
1.56452e-06
5.80435e-06
1.29857e-06
5.502e-06
1.11566e-06
5.2102e-06
1.17287e-06
4.92408e-06
1.19136e-06
4.63902e-06
1.16552e-06
4.34851e-06
1.24648e-06
4.05393e-06
1.30308e-06
3.74627e-06
1.37377e-06
3.41466e-06
1.51911e-06
3.06167e-06
1.76759e-06
2.70538e-06
1.67583e-06
2.35439e-06
1.64873e-06
2.00126e-06
1.7153e-06
1.64421e-06
1.6105e-06
1.28655e-06
1.55311e-06
9.26635e-07
1.532e-06
5.61284e-07
1.62452e-06
1.96845e-07
1.63727e-06
-1.61731e-07
1.69891e-06
-5.07023e-07
1.54465e-06
-8.42686e-07
1.42976e-06
-1.16769e-06
1.48716e-06
-1.47874e-06
1.55315e-06
-1.76875e-06
1.46113e-06
-2.03397e-06
1.22946e-06
-2.27781e-06
1.0154e-06
-2.4978e-06
1.04143e-06
-2.69124e-06
1.03657e-06
-2.8597e-06
7.82649e-07
-3.01023e-06
5.68817e-07
-3.14136e-06
5.01784e-07
-3.24693e-06
6.66171e-07
-3.32674e-06
5.39315e-07
-3.38573e-06
2.98698e-07
-3.4207e-06
1.72799e-07
-3.43346e-06
5.75019e-08
-3.42666e-06
-4.13383e-08
-3.40162e-06
-1.34549e-07
-3.36027e-06
-2.17397e-07
-3.30271e-06
-3.05348e-07
-3.23124e-06
-3.90464e-07
-3.15219e-06
-5.64344e-07
-3.06516e-06
-5.93495e-07
-2.96866e-06
-5.0634e-07
-2.86793e-06
-5.24841e-07
-2.76541e-06
-5.30973e-07
-2.66194e-06
-5.32528e-07
-2.55991e-06
-5.18645e-07
-2.45856e-06
-5.13617e-07
-2.36089e-06
-4.8633e-07
-2.26374e-06
-4.77023e-07
-2.16492e-06
-3.94976e-07
-2.06642e-06
-5.10219e-07
-1.9761e-06
-5.57286e-07
-1.88264e-06
-3.86863e-07
-1.79848e-06
-3.30768e-07
-1.72045e-06
-3.90282e-07
-1.65096e-06
-4.36002e-07
-2.56937e-07
-1.5913e-06
-1.03913e-06
2.72315e-06
-3.47594e-06
1.06e-05
-5.93292e-06
1.30606e-05
-7.9343e-06
1.08009e-05
-9.57452e-06
8.31252e-06
-1.08345e-05
5.715e-06
-1.17511e-05
3.68595e-06
-1.23276e-05
1.66635e-06
-1.25859e-05
-1.01663e-07
-1.25394e-05
-1.86193e-06
-1.21824e-05
-3.3464e-06
-1.15205e-05
-4.51119e-06
-1.06106e-05
-5.5997e-06
-9.47126e-06
-6.30518e-06
-8.16444e-06
-7.1729e-06
-6.7672e-06
-7.68004e-06
-5.28938e-06
-7.46995e-06
-3.77356e-06
-7.18791e-06
-2.25659e-06
-7.00969e-06
-7.5283e-07
-6.6372e-06
6.99434e-07
-6.33546e-06
2.08247e-06
-6.0644e-06
3.39775e-06
-5.41974e-06
4.63592e-06
-4.70904e-06
5.7503e-06
-4.09289e-06
6.73871e-06
-3.47344e-06
7.61527e-06
-2.48146e-06
8.35921e-06
-1.83367e-06
8.96958e-06
-1.0901e-06
9.44311e-06
-2.89565e-07
9.73956e-06
4.58771e-07
9.86575e-06
8.00894e-07
9.84708e-06
1.37533e-06
9.69525e-06
1.6674e-06
9.43203e-06
1.87767e-06
9.08858e-06
2.2605e-06
8.6892e-06
2.05432e-06
8.26136e-06
1.99236e-06
7.8459e-06
1.71402e-06
7.44551e-06
1.51606e-06
7.0601e-06
1.55827e-06
6.68502e-06
1.56645e-06
6.31231e-06
1.53823e-06
5.93769e-06
1.6211e-06
5.561e-06
1.67977e-06
5.17163e-06
1.76314e-06
4.76034e-06
1.93041e-06
4.33206e-06
2.19587e-06
3.89241e-06
2.11547e-06
3.45051e-06
2.09063e-06
3.00462e-06
2.16119e-06
2.54976e-06
2.06536e-06
2.09153e-06
2.01133e-06
1.63096e-06
1.99255e-06
1.16737e-06
2.08811e-06
7.06315e-07
2.09832e-06
2.5461e-07
2.15061e-06
-1.83226e-07
1.98248e-06
-6.09536e-07
1.85606e-06
-1.01898e-06
1.89661e-06
-1.40795e-06
1.94211e-06
-1.77121e-06
1.82438e-06
-2.10648e-06
1.56472e-06
-2.41608e-06
1.32501e-06
-2.6936e-06
1.31894e-06
-2.93711e-06
1.28008e-06
-3.15216e-06
9.97698e-07
-3.3454e-06
7.62045e-07
-3.51291e-06
6.69291e-07
-3.64583e-06
7.99089e-07
-3.74801e-06
6.41493e-07
-3.82602e-06
3.76699e-07
-3.87506e-06
2.21841e-07
-3.89729e-06
7.97254e-08
-3.89569e-06
-4.29368e-08
-3.87191e-06
-1.58339e-07
-3.82823e-06
-2.61075e-07
-3.76516e-06
-3.68428e-07
-3.68558e-06
-4.70046e-07
-3.59722e-06
-6.52714e-07
-3.49861e-06
-6.92108e-07
-3.38765e-06
-6.17309e-07
-3.27116e-06
-6.41334e-07
-3.15196e-06
-6.50176e-07
-3.03102e-06
-6.53468e-07
-2.91104e-06
-6.38631e-07
-2.79146e-06
-6.33203e-07
-2.67539e-06
-6.02394e-07
-2.5596e-06
-5.92814e-07
-2.4418e-06
-5.12774e-07
-2.32557e-06
-6.26449e-07
-2.21859e-06
-6.64264e-07
-2.10746e-06
-4.97993e-07
-2.00654e-06
-4.31681e-07
-1.91297e-06
-4.83852e-07
-1.82947e-06
-5.19497e-07
-3.29782e-07
-1.75662e-06
-1.61333e-06
4.33653e-06
-4.57874e-06
1.35655e-05
-7.39619e-06
1.58781e-05
-9.76185e-06
1.31665e-05
-1.17687e-05
1.03194e-05
-1.33803e-05
7.32662e-06
-1.46105e-05
4.91608e-06
-1.54575e-05
2.51335e-06
-1.59294e-05
3.70302e-07
-1.60318e-05
-1.7596e-06
-1.57507e-05
-3.62741e-06
-1.50873e-05
-5.17462e-06
-1.40964e-05
-6.59059e-06
-1.27992e-05
-7.60241e-06
-1.12873e-05
-8.68474e-06
-9.63603e-06
-9.33136e-06
-7.84701e-06
-9.25897e-06
-5.98164e-06
-9.05328e-06
-4.09566e-06
-8.89567e-06
-2.20887e-06
-8.52399e-06
-3.68952e-07
-8.17537e-06
1.39603e-06
-7.82937e-06
3.09179e-06
-7.1155e-06
4.70421e-06
-6.32146e-06
6.18087e-06
-5.56954e-06
7.51647e-06
-4.80903e-06
8.732e-06
-3.69699e-06
9.7954e-06
-2.89705e-06
1.0704e-05
-1.99871e-06
1.14596e-05
-1.04518e-06
1.20214e-05
-1.02964e-07
1.23721e-05
4.50185e-07
1.25387e-05
1.20876e-06
1.25175e-05
1.68852e-06
1.23297e-05
2.06547e-06
1.20204e-05
2.56987e-06
1.15989e-05
2.47578e-06
1.1109e-05
2.48225e-06
1.05976e-05
2.22537e-06
1.0081e-05
2.03271e-06
9.57743e-06
2.06182e-06
9.08576e-06
2.05812e-06
8.59827e-06
2.02572e-06
8.11395e-06
2.10543e-06
7.63062e-06
2.1631e-06
7.13676e-06
2.257e-06
6.62498e-06
2.44218e-06
6.10025e-06
2.72061e-06
5.5541e-06
2.66161e-06
4.99603e-06
2.6487e-06
4.43056e-06
2.72665e-06
3.85054e-06
2.64537e-06
3.26364e-06
2.59823e-06
2.67423e-06
2.58196e-06
2.08489e-06
2.67745e-06
1.50027e-06
2.68293e-06
9.29129e-07
2.72174e-06
3.72628e-07
2.53898e-06
-1.69583e-07
2.39827e-06
-6.87304e-07
2.41432e-06
-1.1766e-06
2.4314e-06
-1.63452e-06
2.2823e-06
-2.06048e-06
1.99068e-06
-2.45523e-06
1.71975e-06
-2.80795e-06
1.67166e-06
-3.11778e-06
1.5899e-06
-3.39461e-06
1.27452e-06
-3.64427e-06
1.0117e-06
-3.86022e-06
8.8524e-07
-4.03095e-06
9.69808e-07
-4.16484e-06
7.75381e-07
-4.2701e-06
4.81952e-07
-4.34035e-06
2.92089e-07
-4.3781e-06
1.17474e-07
-4.3867e-06
-3.43432e-08
-4.36819e-06
-1.76853e-07
-4.3253e-06
-3.03966e-07
-4.25907e-06
-4.34674e-07
-4.17302e-06
-5.56093e-07
-4.07633e-06
-7.49414e-07
-3.96649e-06
-8.01957e-07
-3.84087e-06
-7.42944e-07
-3.70794e-06
-7.74264e-07
-3.57096e-06
-7.87168e-07
-3.43107e-06
-7.93353e-07
-3.29134e-06
-7.78372e-07
-3.15146e-06
-7.73073e-07
-3.01472e-06
-7.39144e-07
-2.87786e-06
-7.29666e-07
-2.73868e-06
-6.51959e-07
-2.60238e-06
-7.62739e-07
-2.47634e-06
-7.90307e-07
-2.34519e-06
-6.29141e-07
-2.22513e-06
-5.51736e-07
-2.11365e-06
-5.95325e-07
-2.01384e-06
-6.19303e-07
-4.17931e-07
-1.92569e-06
-2.44227e-06
6.77889e-06
-5.96052e-06
1.70838e-05
-9.16504e-06
1.90827e-05
-1.19637e-05
1.59652e-05
-1.44181e-05
1.27738e-05
-1.64756e-05
9.38412e-06
-1.81165e-05
6.55703e-06
-1.93297e-05
3.72658e-06
-2.01017e-05
1.14224e-06
-2.04255e-05
-1.43582e-06
-2.02765e-05
-3.77635e-06
-1.96479e-05
-5.80327e-06
-1.85912e-05
-7.64724e-06
-1.71337e-05
-9.05988e-06
-1.53931e-05
-1.04253e-05
-1.34434e-05
-1.12811e-05
-1.12864e-05
-1.14159e-05
-9.00247e-06
-1.13372e-05
-6.66853e-06
-1.12296e-05
-4.31291e-06
-1.08796e-05
-1.99411e-06
-1.04942e-05
2.47743e-07
-1.00712e-05
2.42056e-06
-9.28831e-06
4.50413e-06
-8.40503e-06
6.44181e-06
-7.50721e-06
8.22298e-06
-6.59019e-06
9.87269e-06
-5.3467e-06
1.13466e-05
-4.37099e-06
1.26417e-05
-3.29377e-06
1.37644e-05
-2.16783e-06
1.46778e-05
-1.01638e-06
1.53437e-05
-2.15744e-07
1.57896e-05
7.62876e-07
1.59947e-05
1.4834e-06
1.59719e-05
2.08827e-06
1.57716e-05
2.77018e-06
1.53849e-05
2.8624e-06
1.48687e-05
2.9985e-06
1.42726e-05
2.82148e-06
1.3632e-05
2.67326e-06
1.29887e-05
2.70511e-06
1.23501e-05
2.69672e-06
1.17145e-05
2.66131e-06
1.10872e-05
2.73281e-06
1.04645e-05
2.78578e-06
9.83532e-06
2.88615e-06
9.19426e-06
3.08324e-06
8.54383e-06
3.37104e-06
7.86057e-06
3.34487e-06
7.15432e-06
3.35495e-06
6.43559e-06
3.44538e-06
5.69574e-06
3.38522e-06
4.9446e-06
3.34936e-06
4.19048e-06
3.33607e-06
3.44022e-06
3.4277e-06
2.6975e-06
3.42565e-06
1.97304e-06
3.4462e-06
1.26435e-06
3.24766e-06
5.73901e-07
3.08872e-06
-8.28687e-08
3.07109e-06
-7.01633e-07
3.05015e-06
-1.28216e-06
2.86283e-06
-1.8257e-06
2.5342e-06
-2.33093e-06
2.22498e-06
-2.78228e-06
2.123e-06
-3.18016e-06
1.98778e-06
-3.53907e-06
1.63342e-06
-3.86356e-06
1.33618e-06
-4.14434e-06
1.16602e-06
-4.36735e-06
1.19281e-06
-4.54603e-06
9.5406e-07
-4.69017e-06
6.26084e-07
-4.79188e-06
3.93793e-07
-4.85406e-06
1.79646e-07
-4.8804e-06
-8.00171e-09
-4.87349e-06
-1.83777e-07
-4.83654e-06
-3.40925e-07
-4.77129e-06
-4.99932e-07
-4.68202e-06
-6.45363e-07
-4.57937e-06
-8.52085e-07
-4.4598e-06
-9.21533e-07
-4.3203e-06
-8.82458e-07
-4.17108e-06
-9.23486e-07
-4.01587e-06
-9.42392e-07
-3.85609e-06
-9.53127e-07
-3.6952e-06
-9.39268e-07
-3.5333e-06
-9.3497e-07
-3.37378e-06
-8.98666e-07
-3.21362e-06
-8.8983e-07
-3.05078e-06
-8.14802e-07
-2.89222e-06
-9.21293e-07
-2.74478e-06
-9.37744e-07
-2.59135e-06
-7.82561e-07
-2.44981e-06
-6.93271e-07
-2.31812e-06
-7.27014e-07
-2.19973e-06
-7.37685e-07
-5.23503e-07
-2.09415e-06
-3.56632e-06
1.03454e-05
-7.64263e-06
2.11603e-05
-1.12747e-05
2.27148e-05
-1.45897e-05
1.92802e-05
-1.75859e-05
1.57701e-05
-2.02002e-05
1.19984e-05
-2.23687e-05
8.72554e-06
-2.40639e-05
5.42181e-06
-2.52411e-05
2.31945e-06
-2.58754e-05
-8.01516e-07
-2.59269e-05
-3.72481e-06
-2.53773e-05
-6.35292e-06
-2.42746e-05
-8.74996e-06
-2.26545e-05
-1.068e-05
-2.06563e-05
-1.24235e-05
-1.83566e-05
-1.35808e-05
-1.57666e-05
-1.40059e-05
-1.29858e-05
-1.41181e-05
-1.01136e-05
-1.41018e-05
-7.191e-06
-1.38022e-05
-4.28868e-06
-1.33965e-05
-1.46015e-06
-1.28998e-05
1.30122e-06
-1.20497e-05
3.96809e-06
-1.10719e-05
6.48164e-06
-1.00207e-05
8.82341e-06
-8.93196e-06
1.10192e-05
-7.5425e-06
1.30128e-05
-6.36453e-06
1.4799e-05
-5.08004e-06
1.63861e-05
-3.75491e-06
1.77464e-05
-2.37664e-06
1.88265e-05
-1.29584e-06
1.96544e-05
-6.50409e-08
2.01957e-05
9.42072e-07
2.04522e-05
1.83176e-06
2.04686e-05
2.75384e-06
2.02126e-05
3.11838e-06
1.97451e-05
3.46597e-06
1.91104e-05
3.45624e-06
1.83643e-05
3.41932e-06
1.75748e-05
3.49463e-06
1.67641e-05
3.50742e-06
1.59444e-05
3.48097e-06
1.5133e-05
3.54422e-06
1.43283e-05
3.59052e-06
1.35221e-05
3.69235e-06
1.27116e-05
3.89368e-06
1.18957e-05
4.18701e-06
1.10354e-05
4.20516e-06
1.01403e-05
4.24998e-06
9.22599e-06
4.35972e-06
8.28269e-06
4.32852e-06
7.32269e-06
4.30934e-06
6.35869e-06
4.30007e-06
5.40284e-06
4.38354e-06
4.458e-06
4.37048e-06
3.53692e-06
4.36727e-06
2.63339e-06
4.15117e-06
1.75353e-06
3.96857e-06
9.18154e-07
3.90645e-06
1.32209e-07
3.83609e-06
-6.07117e-07
3.60215e-06
-1.303e-06
3.23008e-06
-1.9516e-06
2.87357e-06
-2.53241e-06
2.70381e-06
-3.04726e-06
2.50262e-06
-3.51517e-06
2.10132e-06
-3.93895e-06
1.75994e-06
-4.30663e-06
1.53369e-06
-4.60185e-06
1.48802e-06
-4.84345e-06
1.19566e-06
-5.04267e-06
8.25293e-07
-5.19033e-06
5.41448e-07
-5.28973e-06
2.79039e-07
-5.34493e-06
4.71917e-08
-5.35915e-06
-1.69575e-07
-5.33618e-06
-3.63899e-07
-5.27871e-06
-5.5742e-07
-5.19182e-06
-7.32258e-07
-5.08761e-06
-9.56317e-07
-4.96162e-06
-1.04753e-06
-4.81063e-06
-1.03347e-06
-4.64664e-06
-1.08748e-06
-4.47392e-06
-1.11512e-06
-4.29431e-06
-1.13274e-06
-4.1117e-06
-1.12189e-06
-3.92674e-06
-1.11992e-06
-3.74295e-06
-1.08246e-06
-3.55775e-06
-1.07503e-06
-3.36946e-06
-1.0031e-06
-3.18686e-06
-1.1039e-06
-3.01605e-06
-1.10855e-06
-2.83847e-06
-9.60134e-07
-2.67343e-06
-8.58308e-07
-2.5195e-06
-8.80928e-07
-2.38054e-06
-8.76637e-07
-6.48407e-07
-2.25563e-06
-4.96005e-06
1.53057e-05
-9.61833e-06
2.58187e-05
-1.37391e-05
2.68356e-05
-1.76627e-05
2.32039e-05
-2.13042e-05
1.94117e-05
-2.45976e-05
1.52918e-05
-2.74259e-05
1.15538e-05
-2.97355e-05
7.73137e-06
-3.14397e-05
4.02373e-06
-3.24875e-05
2.46266e-07
-3.28172e-05
-3.39509e-06
-3.23956e-05
-6.77453e-06
-3.12675e-05
-9.87806e-06
-2.94789e-05
-1.24685e-05
-2.71867e-05
-1.47157e-05
-2.44765e-05
-1.62911e-05
-2.13791e-05
-1.71033e-05
-1.8014e-05
-1.74831e-05
-1.45039e-05
-1.7612e-05
-1.09062e-05
-1.73998e-05
-7.30526e-06
-1.69975e-05
-3.76855e-06
-1.64365e-05
-2.95468e-07
-1.55228e-05
3.07864e-06
-1.4446e-05
6.29496e-06
-1.32371e-05
9.32486e-06
-1.19619e-05
1.21911e-05
-1.04088e-05
1.48267e-05
-9.00004e-06
1.72244e-05
-7.47774e-06
1.93884e-05
-5.91889e-06
2.12996e-05
-4.28785e-06
2.28975e-05
-2.89378e-06
2.42125e-05
-1.38002e-06
2.52025e-05
-4.79335e-08
2.58607e-05
1.17351e-06
2.62206e-05
2.39395e-06
2.62253e-05
3.11366e-06
2.59272e-05
3.76409e-06
2.53506e-05
4.03277e-06
2.45642e-05
4.20574e-06
2.36577e-05
4.40116e-06
2.2672e-05
4.49313e-06
2.16407e-05
4.51228e-06
2.06017e-05
4.58321e-06
1.9563e-05
4.62928e-06
1.85251e-05
4.73025e-06
1.74904e-05
4.92835e-06
1.64551e-05
5.22235e-06
1.53663e-05
5.29394e-06
1.42311e-05
5.38514e-06
1.3068e-05
5.52281e-06
1.1867e-05
5.52953e-06
1.06429e-05
5.53347e-06
9.41278e-06
5.53015e-06
8.19529e-06
5.60101e-06
6.9929e-06
5.57286e-06
5.82044e-06
5.53971e-06
4.66839e-06
5.30322e-06
3.54722e-06
5.08973e-06
2.48285e-06
4.97082e-06
1.48129e-06
4.83765e-06
5.36689e-07
4.54673e-06
-3.56012e-07
4.12277e-06
-1.1902e-06
3.70774e-06
-1.94063e-06
3.45424e-06
-2.61039e-06
3.17237e-06
-3.22261e-06
2.71353e-06
-3.77785e-06
2.31517e-06
-4.26186e-06
2.01769e-06
-4.65634e-06
1.88247e-06
-4.98562e-06
1.52493e-06
-5.26216e-06
1.10182e-06
-5.47591e-06
7.55194e-07
-5.63058e-06
4.33695e-07
-5.73056e-06
1.47164e-07
-5.77987e-06
-1.20281e-07
-5.783e-06
-3.6078e-07
-5.74381e-06
-5.9663e-07
-5.66828e-06
-8.078e-07
-5.56991e-06
-1.05471e-06
-5.44349e-06
-1.17395e-06
-5.28585e-06
-1.19114e-06
-5.11079e-06
-1.26255e-06
-4.92319e-06
-1.30274e-06
-4.7255e-06
-1.33043e-06
-4.52208e-06
-1.32532e-06
-4.31435e-06
-1.32765e-06
-4.10597e-06
-1.29084e-06
-3.89511e-06
-1.28588e-06
-3.68058e-06
-1.21763e-06
-3.47304e-06
-1.31142e-06
-3.27769e-06
-1.3039e-06
-3.0749e-06
-1.16292e-06
-2.88507e-06
-1.04813e-06
-2.70761e-06
-1.05837e-06
-2.54674e-06
-1.0375e-06
-7.94013e-07
-2.40113e-06
-6.53475e-06
2.18408e-05
-1.18289e-05
3.1113e-05
-1.65148e-05
3.15217e-05
-2.11305e-05
2.78196e-05
-2.55172e-05
2.37985e-05
-2.96098e-05
1.93844e-05
-3.32338e-05
1.51778e-05
-3.62964e-05
1.0794e-05
-3.86579e-05
6.38522e-06
-4.02288e-05
1.81707e-06
-4.09169e-05
-2.70695e-06
-4.06706e-05
-7.02083e-06
-3.95312e-05
-1.10175e-05
-3.7558e-05
-1.44417e-05
-3.49235e-05
-1.73503e-05
-3.17317e-05
-1.94829e-05
-2.80441e-05
-2.0791e-05
-2.40014e-05
-2.15258e-05
-1.97487e-05
-2.18647e-05
-1.53641e-05
-2.17844e-05
-1.09459e-05
-2.14157e-05
-6.57558e-06
-2.08068e-05
-2.2638e-06
-1.98346e-05
1.94483e-06
-1.86547e-05
5.99348e-06
-1.72857e-05
9.84201e-06
-1.58104e-05
1.35062e-05
-1.4073e-05
1.69104e-05
-1.24043e-05
2.00451e-05
-1.06124e-05
2.29061e-05
-8.7799e-06
2.54814e-05
-6.86311e-06
2.77051e-05
-5.1175e-06
2.96083e-05
-3.28322e-06
3.11512e-05
-1.59082e-06
3.23242e-05
5.48848e-10
3.31502e-05
1.56786e-06
3.3554e-05
2.70984e-06
3.35728e-05
3.74537e-06
3.32005e-05
4.40507e-06
3.24988e-05
4.90742e-06
3.1563e-05
5.33693e-06
3.04478e-05
5.60835e-06
2.92085e-05
5.7516e-06
2.79109e-05
5.8808e-06
2.65847e-05
5.95558e-06
2.52499e-05
6.065e-06
2.39207e-05
6.25758e-06
2.25953e-05
6.54777e-06
2.1212e-05
6.67725e-06
1.97729e-05
6.82422e-06
1.82955e-05
7.0002e-06
1.67701e-05
7.05488e-06
1.52146e-05
7.089e-06
1.36498e-05
7.09489e-06
1.21017e-05
7.14916e-06
1.05731e-05
7.10144e-06
9.08125e-06
7.03153e-06
7.61422e-06
6.77025e-06
6.18735e-06
6.51659e-06
4.83086e-06
6.32729e-06
3.55242e-06
6.11607e-06
2.34362e-06
5.75552e-06
1.19797e-06
5.26841e-06
1.248e-07
4.7809e-06
-8.46628e-07
4.42565e-06
-1.72022e-06
4.04595e-06
-2.52225e-06
3.51554e-06
-3.25067e-06
3.04357e-06
-3.88965e-06
2.65666e-06
-4.41946e-06
2.41227e-06
-4.8696e-06
1.97506e-06
-5.25345e-06
1.48565e-06
-5.56074e-06
1.06248e-06
-5.79557e-06
6.68504e-07
-5.96265e-06
3.14233e-07
-6.06698e-06
-1.59757e-08
-6.11385e-06
-3.13926e-07
-6.10858e-06
-6.01919e-07
-6.0581e-06
-8.58298e-07
-5.97722e-06
-1.13561e-06
-5.8603e-06
-1.29089e-06
-5.70446e-06
-1.347e-06
-5.52532e-06
-1.4417e-06
-5.32845e-06
-1.49963e-06
-5.11715e-06
-1.54174e-06
-4.8963e-06
-1.54618e-06
-4.66835e-06
-1.5556e-06
-4.4371e-06
-1.5221e-06
-4.20189e-06
-1.52109e-06
-3.96212e-06
-1.4574e-06
-3.73042e-06
-1.54312e-06
-3.51087e-06
-1.52345e-06
-3.28329e-06
-1.3905e-06
-3.06877e-06
-1.26263e-06
-2.86778e-06
-1.25935e-06
-2.68489e-06
-1.22038e-06
-9.60645e-07
-2.51824e-06
-8.13423e-06
2.99753e-05
-1.41126e-05
3.70915e-05
-1.94232e-05
3.68325e-05
-2.47688e-05
3.31653e-05
-2.99662e-05
2.89958e-05
-3.49461e-05
2.43643e-05
-3.94798e-05
1.97116e-05
-4.34188e-05
1.4733e-05
-4.6558e-05
9.52448e-06
-4.87521e-05
4.01112e-06
-4.98669e-05
-1.59219e-06
-4.98279e-05
-7.05978e-06
-4.86727e-05
-1.21728e-05
-4.64798e-05
-1.66345e-05
-4.3439e-05
-2.03911e-05
-3.9685e-05
-2.32369e-05
-3.53203e-05
-2.51557e-05
-3.0508e-05
-2.63381e-05
-2.54143e-05
-2.69585e-05
-2.01405e-05
-2.70583e-05
-1.4798e-05
-2.67582e-05
-9.48145e-06
-2.61234e-05
-4.21725e-06
-2.50988e-05
9.40019e-07
-2.3812e-05
5.93563e-06
-2.22814e-05
1.07181e-05
-2.05929e-05
1.52926e-05
-1.86475e-05
1.95788e-05
-1.66904e-05
2.35633e-05
-1.45969e-05
2.72312e-05
-1.24478e-05
3.05746e-05
-1.02065e-05
3.35274e-05
-8.07027e-06
3.61145e-05
-5.87032e-06
3.82987e-05
-3.77504e-06
4.00744e-05
-1.77516e-06
4.14619e-05
1.80322e-07
4.23791e-05
1.79262e-06
4.28486e-05
3.27589e-06
4.28362e-05
4.41752e-06
4.23829e-05
5.3607e-06
4.15655e-05
6.15437e-06
4.04333e-05
6.74049e-06
3.90495e-05
7.1355e-06
3.75028e-05
7.4275e-06
3.5855e-05
7.60336e-06
3.41607e-05
7.75933e-06
3.24579e-05
7.96046e-06
3.07571e-05
8.2485e-06
2.89974e-05
8.437e-06
2.71763e-05
8.64527e-06
2.53068e-05
8.86973e-06
2.33781e-05
8.98353e-06
2.14114e-05
9.05576e-06
1.94308e-05
9.07542e-06
1.74695e-05
9.11049e-06
1.55321e-05
9.03874e-06
1.36388e-05
8.92484e-06
1.17767e-05
8.63236e-06
9.96614e-06
8.32713e-06
8.24049e-06
8.05293e-06
6.60977e-06
7.74677e-06
5.06401e-06
7.30127e-06
3.59605e-06
6.73636e-06
2.21769e-06
6.15923e-06
9.61147e-07
5.68218e-06
-1.77654e-07
5.18473e-06
-1.22668e-06
4.56455e-06
-2.18112e-06
3.99799e-06
-3.02464e-06
3.50017e-06
-3.73673e-06
3.12433e-06
-4.35116e-06
2.58948e-06
-4.88184e-06
2.01631e-06
-5.31921e-06
1.49983e-06
-5.66772e-06
1.01699e-06
-5.93241e-06
5.78908e-07
-6.11942e-06
1.71006e-07
-6.23498e-06
-1.98384e-07
-6.28617e-06
-5.50756e-07
-6.28086e-06
-8.63629e-07
-6.23506e-06
-1.18145e-06
-6.14307e-06
-1.3829e-06
-6.00278e-06
-1.48732e-06
-5.83142e-06
-1.61307e-06
-5.63538e-06
-1.6957e-06
-5.41911e-06
-1.75801e-06
-5.18808e-06
-1.77722e-06
-4.94606e-06
-1.79761e-06
-4.69705e-06
-1.77111e-06
-4.44201e-06
-1.77613e-06
-4.18101e-06
-1.7184e-06
-3.92867e-06
-1.79545e-06
-3.6878e-06
-1.76431e-06
-3.43839e-06
-1.6399e-06
-3.20163e-06
-1.49938e-06
-2.97931e-06
-1.48165e-06
-2.77638e-06
-1.42331e-06
-1.14684e-06
-2.59017e-06
-9.44604e-06
3.94216e-05
-1.6098e-05
4.37436e-05
-2.19968e-05
4.27314e-05
-2.7996e-05
3.91646e-05
-3.39688e-05
3.49687e-05
-3.98348e-05
3.02304e-05
-4.53205e-05
2.51972e-05
-5.0202e-05
1.96146e-05
-5.41941e-05
1.35165e-05
-5.70717e-05
6.88871e-06
-5.86431e-05
-2.07637e-08
-5.88055e-05
-6.8974e-06
-5.75934e-05
-1.33849e-05
-5.51148e-05
-1.91131e-05
-5.1586e-05
-2.392e-05
-4.71855e-05
-2.76374e-05
-4.20661e-05
-3.02752e-05
-3.64138e-05
-3.19904e-05
-3.04117e-05
-3.29606e-05
-2.41837e-05
-3.32863e-05
-1.78522e-05
-3.30897e-05
-1.15218e-05
-3.24539e-05
-5.23707e-06
-3.13836e-05
9.3788e-07
-2.99869e-05
6.94813e-06
-2.82916e-05
1.27328e-05
-2.63776e-05
1.82838e-05
-2.41985e-05
2.35205e-05
-2.19271e-05
2.8424e-05
-1.95005e-05
3.29682e-05
-1.69919e-05
3.71453e-05
-1.43836e-05
4.08937e-05
-1.18187e-05
4.42295e-05
-9.20612e-06
4.71179e-05
-6.66348e-06
4.95503e-05
-4.2075e-06
5.15466e-05
-1.81595e-06
5.30367e-05
3.02505e-07
5.40342e-05
2.27834e-06
5.44901e-05
3.96161e-06
5.44206e-05
5.43029e-06
5.38724e-05
6.70253e-06
5.28754e-05
7.73756e-06
5.14721e-05
8.53889e-06
4.975e-05
9.14957e-06
4.77986e-05
9.55479e-06
4.57139e-05
9.8441e-06
4.35712e-05
1.01032e-05
4.14093e-05
1.04104e-05
3.9183e-05
1.06633e-05
3.68899e-05
1.09383e-05
3.4539e-05
1.12206e-05
3.21187e-05
1.14039e-05
2.96511e-05
1.15233e-05
2.71632e-05
1.15633e-05
2.46948e-05
1.15789e-05
2.22542e-05
1.14793e-05
1.98648e-05
1.13143e-05
1.75152e-05
1.09819e-05
1.52305e-05
1.06118e-05
1.30457e-05
1.02377e-05
1.09739e-05
9.8186e-06
9.00506e-06
9.27006e-06
7.1326e-06
8.60879e-06
5.37013e-06
7.92169e-06
3.75126e-06
7.30103e-06
2.27303e-06
6.66293e-06
9.07778e-07
5.92978e-06
-3.37239e-07
5.24298e-06
-1.44666e-06
4.60957e-06
-2.39986e-06
4.0775e-06
-3.23344e-06
3.42304e-06
-3.96145e-06
2.74429e-06
-4.57605e-06
2.11441e-06
-5.08208e-06
1.523e-06
-5.48491e-06
9.8171e-07
-5.79194e-06
4.78004e-07
-6.01047e-06
2.01188e-08
-6.1496e-06
-4.11666e-07
-6.2181e-06
-7.95156e-07
-6.23299e-06
-1.16659e-06
-6.18915e-06
-1.42678e-06
-6.08553e-06
-1.59098e-06
-5.94085e-06
-1.75778e-06
-5.76235e-06
-1.87423e-06
-5.55604e-06
-1.96432e-06
-5.328e-06
-2.00528e-06
-5.08368e-06
-2.04194e-06
-4.82731e-06
-2.02749e-06
-4.56202e-06
-2.04141e-06
-4.28854e-06
-1.99188e-06
-4.02351e-06
-2.06047e-06
-3.76839e-06
-2.01943e-06
-3.5041e-06
-1.90417e-06
-3.25132e-06
-1.75216e-06
-3.01345e-06
-1.71951e-06
-2.79583e-06
-1.64091e-06
-1.34822e-06
-2.59443e-06
-1.00126e-05
4.94346e-05
-1.70224e-05
5.07537e-05
-2.32091e-05
4.89182e-05
-2.95355e-05
4.54911e-05
-3.60244e-05
4.14576e-05
-4.25822e-05
3.67883e-05
-4.89007e-05
3.15157e-05
-5.46576e-05
2.53715e-05
-5.9466e-05
1.83249e-05
-6.29914e-05
1.04142e-05
-6.49631e-05
1.9509e-06
-6.52422e-05
-6.61836e-06
-6.38682e-05
-1.47589e-05
-6.09978e-05
-2.19836e-05
-5.6891e-05
-2.80268e-05
-5.1783e-05
-3.27454e-05
-4.58793e-05
-3.6179e-05
-3.93855e-05
-3.84842e-05
-3.24922e-05
-3.9854e-05
-2.5339e-05
-4.04395e-05
-1.80535e-05
-4.03754e-05
-1.07448e-05
-3.97626e-05
-3.4739e-06
-3.86546e-05
3.68672e-06
-3.71476e-05
1.06783e-05
-3.52833e-05
1.74337e-05
-3.3133e-05
2.39305e-05
-3.06954e-05
3.00913e-05
-2.80879e-05
3.58897e-05
-2.52989e-05
4.12899e-05
-2.23921e-05
4.62802e-05
-1.93739e-05
5.08062e-05
-1.63447e-05
5.48743e-05
-1.32742e-05
5.84536e-05
-1.02428e-05
6.15307e-05
-7.28455e-06
6.41188e-05
-4.40407e-06
6.61611e-05
-1.73977e-06
6.76687e-05
7.70716e-07
6.85971e-05
3.03328e-06
6.89442e-05
5.08316e-06
6.8728e-05
6.91882e-06
6.7957e-05
8.50854e-06
6.66472e-05
9.84879e-06
6.4858e-05
1.09388e-05
6.26794e-05
1.17334e-05
6.02337e-05
1.22899e-05
5.76317e-05
1.27052e-05
5.49503e-05
1.30918e-05
5.21787e-05
1.34348e-05
4.93251e-05
1.3792e-05
4.64e-05
1.41457e-05
4.33954e-05
1.44084e-05
4.03346e-05
1.45841e-05
3.72452e-05
1.46527e-05
3.4172e-05
1.46521e-05
3.11288e-05
1.45224e-05
2.81431e-05
1.42999e-05
2.5208e-05
1.3917e-05
2.23522e-05
1.34676e-05
1.96111e-05
1.29789e-05
1.70013e-05
1.24283e-05
1.45151e-05
1.17562e-05
1.21476e-05
1.09762e-05
9.91352e-06
1.01558e-05
7.84594e-06
9.36858e-06
5.94433e-06
8.56451e-06
4.18368e-06
7.6904e-06
2.57343e-06
6.8532e-06
1.12649e-06
6.05648e-06
-1.37419e-07
5.34138e-06
-1.25594e-06
4.54154e-06
-2.24277e-06
3.73108e-06
-3.09286e-06
2.96447e-06
-3.81146e-06
2.24157e-06
-4.40426e-06
1.57448e-06
-4.88001e-06
9.53711e-07
-5.24707e-06
3.87145e-07
-5.51672e-06
-1.42059e-07
-5.69858e-06
-6.1333e-07
-5.81044e-06
-1.05478e-06
-5.84836e-06
-1.38889e-06
-5.8128e-06
-1.62659e-06
-5.72359e-06
-1.84702e-06
-5.58891e-06
-2.00894e-06
-5.41669e-06
-2.13655e-06
-5.21363e-06
-2.20836e-06
-4.98725e-06
-2.26833e-06
-4.74203e-06
-2.27271e-06
-4.48385e-06
-2.29959e-06
-4.21397e-06
-2.26175e-06
-3.95114e-06
-2.3233e-06
-3.69533e-06
-2.27524e-06
-3.42943e-06
-2.17006e-06
-3.17273e-06
-2.00885e-06
-2.93062e-06
-1.96159e-06
-2.70892e-06
-1.8626e-06
-1.55595e-06
-2.50117e-06
-9.07501e-06
5.85099e-05
-1.54312e-05
5.71102e-05
-2.10223e-05
5.45094e-05
-2.68408e-05
5.13097e-05
-3.31473e-05
4.77642e-05
-3.98361e-05
4.34771e-05
-4.65635e-05
3.82432e-05
-5.28685e-05
3.16764e-05
-5.82294e-05
2.36858e-05
-6.21615e-05
1.43462e-05
-6.42943e-05
4.08367e-06
-6.44565e-05
-6.45618e-06
-6.27207e-05
-1.64947e-05
-5.93241e-05
-2.53802e-05
-5.45927e-05
-3.27582e-05
-4.88192e-05
-3.85189e-05
-4.22465e-05
-4.27518e-05
-3.50825e-05
-4.56483e-05
-2.75064e-05
-4.74303e-05
-1.96557e-05
-4.82903e-05
-1.1652e-05
-4.83791e-05
-3.60075e-06
-4.7814e-05
4.42554e-06
-4.6681e-05
1.23477e-05
-4.50698e-05
2.01009e-05
-4.30365e-05
2.76153e-05
-4.06475e-05
3.4853e-05
-3.79331e-05
4.17412e-05
-3.49761e-05
4.82434e-05
-3.18011e-05
5.43167e-05
-2.84654e-05
5.99413e-05
-2.49985e-05
6.50706e-05
-2.14739e-05
6.97002e-05
-1.79038e-05
7.3805e-05
-1.43476e-05
7.73681e-05
-1.08477e-05
8.03934e-05
-7.42935e-06
8.28363e-05
-4.18263e-06
8.47009e-05
-1.09391e-06
8.59501e-05
1.78419e-06
8.6574e-05
4.45928e-06
8.65744e-05
6.91843e-06
8.5948e-05
9.13496e-06
8.4701e-05
1.10959e-05
8.28711e-05
1.27687e-05
8.05278e-05
1.40768e-05
7.77831e-05
1.50346e-05
7.47552e-05
1.57332e-05
7.15448e-05
1.63022e-05
6.81829e-05
1.67967e-05
6.47004e-05
1.72745e-05
6.11209e-05
1.77252e-05
5.74483e-05
1.8081e-05
5.371e-05
1.83225e-05
4.99354e-05
1.84272e-05
4.61715e-05
1.84161e-05
4.24383e-05
1.82555e-05
3.87674e-05
1.79708e-05
3.51592e-05
1.75252e-05
3.16449e-05
1.69819e-05
2.82592e-05
1.63646e-05
2.50223e-05
1.56652e-05
2.19309e-05
1.48476e-05
1.89832e-05
1.3924e-05
1.61939e-05
1.29451e-05
1.3594e-05
1.19684e-05
1.11863e-05
1.09722e-05
8.95071e-06
9.92595e-06
6.89795e-06
8.90593e-06
5.03786e-06
7.91653e-06
3.38807e-06
6.99114e-06
1.91254e-06
6.01704e-06
5.97809e-07
5.04578e-06
-5.54743e-07
4.11699e-06
-1.55079e-06
3.23758e-06
-2.39635e-06
2.42001e-06
-3.10129e-06
1.65861e-06
-3.67496e-06
9.60785e-07
-4.13061e-06
3.13543e-07
-4.47866e-06
-2.65317e-07
-4.73725e-06
-7.9623e-07
-4.9043e-06
-1.22188e-06
-4.98197e-06
-1.54896e-06
-4.9907e-06
-1.83832e-06
-4.93967e-06
-2.06e-06
-4.83888e-06
-2.23735e-06
-4.69577e-06
-2.35149e-06
-4.52006e-06
-2.44404e-06
-4.31673e-06
-2.47605e-06
-4.09462e-06
-2.52169e-06
-3.85565e-06
-2.50072e-06
-3.62038e-06
-2.55856e-06
-3.38755e-06
-2.50806e-06
-3.14277e-06
-2.41482e-06
-2.90338e-06
-2.24823e-06
-2.67672e-06
-2.18823e-06
-2.46954e-06
-2.06977e-06
-1.75442e-06
-2.27105e-06
-4.14993e-06
6.26601e-05
-6.93065e-06
5.98911e-05
-9.3963e-06
5.69752e-05
-1.21236e-05
5.40371e-05
-1.55233e-05
5.1164e-05
-1.95094e-05
4.74633e-05
-2.38115e-05
4.25453e-05
-2.79853e-05
3.58503e-05
-3.15709e-05
2.72714e-05
-3.4138e-05
1.69134e-05
-3.53895e-05
5.33506e-06
-3.52161e-05
-6.62955e-06
-3.37172e-05
-1.79937e-05
-3.11158e-05
-2.79817e-05
-2.76656e-05
-3.62084e-05
-2.35727e-05
-4.26119e-05
-1.89891e-05
-4.73355e-05
-1.40302e-05
-5.06073e-05
-8.79036e-06
-5.26702e-05
-3.34645e-06
-5.37343e-05
2.23014e-06
-5.39558e-05
7.87367e-06
-5.34576e-05
1.35302e-05
-5.23376e-05
1.91449e-05
-5.06845e-05
2.46693e-05
-4.8561e-05
3.00535e-05
-4.60317e-05
3.526e-05
-4.31396e-05
4.02392e-05
-3.99554e-05
4.49571e-05
-3.6519e-05
4.93799e-05
-3.28883e-05
5.3486e-05
-2.91046e-05
5.72455e-05
-2.52334e-05
6.06475e-05
-2.13058e-05
6.36755e-05
-1.73755e-05
6.63162e-05
-1.34885e-05
6.85653e-05
-9.67838e-06
7.03972e-05
-6.01457e-06
7.18065e-05
-2.50321e-06
7.27716e-05
8.19178e-07
7.32813e-05
3.94956e-06
7.33327e-05
6.86708e-06
7.29253e-05
9.54241e-06
7.20684e-05
1.19529e-05
7.0789e-05
1.40481e-05
6.91253e-05
1.57405e-05
6.71317e-05
1.70282e-05
6.48719e-05
1.7993e-05
6.24106e-05
1.87635e-05
5.97851e-05
1.94222e-05
5.70304e-05
2.00291e-05
5.41752e-05
2.05804e-05
5.12344e-05
2.10218e-05
4.82309e-05
2.1326e-05
4.51883e-05
2.14698e-05
4.21386e-05
2.14657e-05
3.91003e-05
2.12939e-05
3.60961e-05
2.09749e-05
3.31325e-05
2.04889e-05
3.02316e-05
1.98827e-05
2.74185e-05
1.91777e-05
2.47094e-05
1.83742e-05
2.21056e-05
1.74513e-05
1.96084e-05
1.64211e-05
1.7229e-05
1.53245e-05
1.49884e-05
1.4209e-05
1.28914e-05
1.30691e-05
1.09286e-05
1.18887e-05
9.10812e-06
1.07264e-05
7.4375e-06
9.58713e-06
5.92812e-06
8.50049e-06
4.55773e-06
7.38741e-06
3.31689e-06
6.28658e-06
2.20576e-06
5.2281e-06
1.22089e-06
4.22242e-06
3.58616e-07
3.28226e-06
-3.87621e-07
2.40481e-06
-1.02436e-06
1.5975e-06
-1.56116e-06
8.50302e-07
-2.00559e-06
1.79076e-07
-2.37033e-06
-4.31529e-07
-2.65409e-06
-9.3815e-07
-2.85847e-06
-1.34461e-06
-2.9982e-06
-1.69862e-06
-3.08057e-06
-1.97765e-06
-3.1136e-06
-2.20434e-06
-3.10335e-06
-2.36174e-06
-3.05794e-06
-2.48945e-06
-2.98177e-06
-2.55222e-06
-2.88301e-06
-2.62045e-06
-2.76405e-06
-2.61969e-06
-2.6424e-06
-2.68019e-06
-2.51711e-06
-2.63335e-06
-2.37626e-06
-2.55565e-06
-2.23417e-06
-2.39031e-06
-2.09797e-06
-2.3244e-06
-1.97657e-06
-2.19115e-06
-1.87653e-06
-1.85443e-06
-9.84399e-07
6.36447e-05
-1.5517e-06
6.04586e-05
-2.04329e-06
5.74669e-05
-2.78176e-06
5.47756e-05
-4.36692e-06
5.27492e-05
-6.69649e-06
4.97929e-05
-9.50791e-06
4.53568e-05
-1.23404e-05
3.86828e-05
-1.4762e-05
2.9693e-05
-1.63866e-05
1.8538e-05
-1.69871e-05
5.93552e-06
-1.65246e-05
-7.09204e-06
-1.51375e-05
-1.93808e-05
-1.30349e-05
-3.00843e-05
-1.04071e-05
-3.88362e-05
-7.38136e-06
-4.56376e-05
-4.03491e-06
-5.0682e-05
-4.1978e-07
-5.42225e-05
3.42024e-06
-5.65102e-05
7.4404e-06
-5.77545e-05
1.15935e-05
-5.81089e-05
1.5834e-05
-5.76982e-05
2.01201e-05
-5.66238e-05
2.44081e-05
-5.49725e-05
2.86562e-05
-5.28092e-05
3.28215e-05
-5.0197e-05
3.68673e-05
-4.71855e-05
4.07523e-05
-4.38404e-05
4.44439e-05
-4.02107e-05
4.79119e-05
-3.63563e-05
5.11341e-05
-3.23268e-05
5.40866e-05
-2.81859e-05
5.67564e-05
-2.39756e-05
5.91298e-05
-1.97489e-05
6.11955e-05
-1.55541e-05
6.29468e-05
-1.14297e-05
6.43662e-05
-7.434e-06
6.54461e-05
-3.58307e-06
6.61723e-05
9.30131e-08
6.65372e-05
3.58462e-06
6.65402e-05
6.86413e-06
6.61858e-05
9.89687e-06
6.54874e-05
1.26513e-05
6.44698e-05
1.50657e-05
6.31556e-05
1.70547e-05
6.15692e-05
1.86147e-05
5.97426e-05
1.98195e-05
5.77165e-05
2.07897e-05
5.55237e-05
2.1615e-05
5.31987e-05
2.23541e-05
5.07719e-05
2.30072e-05
4.82631e-05
2.35305e-05
4.56937e-05
2.38953e-05
4.3084e-05
2.40796e-05
4.04583e-05
2.40914e-05
3.78329e-05
2.39192e-05
3.52261e-05
2.35817e-05
3.26458e-05
2.30691e-05
3.01097e-05
2.24188e-05
2.76374e-05
2.16501e-05
2.52427e-05
2.0769e-05
2.2929e-05
1.9765e-05
2.06989e-05
1.86512e-05
1.85615e-05
1.74618e-05
1.65329e-05
1.62376e-05
1.46187e-05
1.49833e-05
1.28147e-05
1.36927e-05
1.11276e-05
1.24134e-05
9.56387e-06
1.11508e-05
8.13203e-06
9.93231e-06
6.81713e-06
8.70229e-06
5.6123e-06
7.49139e-06
4.51728e-06
6.32311e-06
3.52989e-06
5.20978e-06
2.64794e-06
4.16419e-06
1.86686e-06
3.18586e-06
1.18189e-06
2.28244e-06
5.85693e-07
1.44646e-06
7.2572e-08
6.92168e-07
-3.67017e-07
8.02548e-09
-7.32125e-07
-5.73072e-07
-1.02386e-06
-1.0529e-06
-1.25351e-06
-1.469e-06
-1.42701e-06
-1.80418e-06
-1.55117e-06
-2.0802e-06
-1.63113e-06
-2.28179e-06
-1.6741e-06
-2.44648e-06
-1.68404e-06
-2.54229e-06
-1.66893e-06
-2.63556e-06
-1.63132e-06
-2.6573e-06
-1.58696e-06
-2.72454e-06
-1.53489e-06
-2.68542e-06
-1.46548e-06
-2.62503e-06
-1.39041e-06
-2.46536e-06
-1.31675e-06
-2.39804e-06
-1.25521e-06
-2.25267e-06
-1.94577e-06
-1.18593e-06
1.34832e-06
6.22965e-05
2.32478e-06
5.94823e-05
3.24321e-06
5.65486e-05
3.99623e-06
5.40226e-05
3.75025e-06
5.29952e-05
2.63874e-06
5.09044e-05
9.55454e-07
4.70401e-05
-8.1489e-07
4.04531e-05
-2.27167e-06
3.11498e-05
-3.09239e-06
1.93587e-05
-3.14174e-06
5.98487e-06
-2.46347e-06
-7.77032e-06
-1.22661e-06
-2.06176e-05
3.95537e-07
-3.17065e-05
2.29013e-06
-4.07308e-05
4.41128e-06
-4.77588e-05
6.74724e-06
-5.3018e-05
9.29413e-06
-5.67694e-05
1.20403e-05
-5.92564e-05
1.49599e-05
-6.06742e-05
1.8022e-05
-6.11711e-05
2.11933e-05
-6.08696e-05
2.44392e-05
-5.98698e-05
2.7722e-05
-5.82554e-05
3.10041e-05
-5.60913e-05
3.42464e-05
-5.34394e-05
3.74137e-05
-5.03528e-05
4.04691e-05
-4.68957e-05
4.33816e-05
-4.31233e-05
4.61234e-05
-3.90981e-05
4.86728e-05
-3.48761e-05
5.10087e-05
-3.05218e-05
5.31178e-05
-2.60847e-05
5.4988e-05
-2.16191e-05
5.66093e-05
-1.71754e-05
5.79751e-05
-1.27955e-05
5.90728e-05
-8.53166e-06
5.98956e-05
-4.40595e-06
6.04353e-05
-4.46655e-07
6.06887e-05
3.33126e-06
6.06583e-05
6.89452e-06
6.0352e-05
1.02033e-05
5.97843e-05
1.3219e-05
5.89755e-05
1.58745e-05
5.79359e-05
1.80943e-05
5.66722e-05
1.98784e-05
5.51978e-05
2.1294e-05
5.35371e-05
2.24504e-05
5.17169e-05
2.34352e-05
4.97686e-05
2.43024e-05
4.77214e-05
2.50545e-05
4.55963e-05
2.56556e-05
4.34128e-05
2.60788e-05
4.11881e-05
2.63043e-05
3.89414e-05
2.63381e-05
3.66862e-05
2.61743e-05
3.44374e-05
2.58305e-05
3.22031e-05
2.53035e-05
2.99974e-05
2.46244e-05
2.78359e-05
2.38115e-05
2.57304e-05
2.28744e-05
2.36852e-05
2.18102e-05
2.17035e-05
2.06329e-05
1.9793e-05
1.93723e-05
1.79662e-05
1.80643e-05
1.6229e-05
1.67205e-05
1.45804e-05
1.53414e-05
1.30264e-05
1.39674e-05
1.15725e-05
1.26047e-05
1.02258e-05
1.1279e-05
8.97633e-06
9.95178e-06
7.81925e-06
8.64844e-06
6.75437e-06
7.38797e-06
5.78059e-06
6.18354e-06
4.89686e-06
5.0479e-06
4.10022e-06
3.98247e-06
3.38745e-06
2.99519e-06
2.75309e-06
2.0808e-06
2.19307e-06
1.25216e-06
1.70028e-06
5.00788e-07
1.27555e-06
-1.48372e-07
9.18318e-07
-6.95703e-07
6.20037e-07
-1.17074e-06
3.76041e-07
-1.5602e-06
1.80559e-07
-1.88473e-06
2.93962e-08
-2.13064e-06
-8.39145e-08
-2.33318e-06
-1.62772e-07
-2.46343e-06
-2.15077e-07
-2.58325e-06
-2.43188e-07
-2.62919e-06
-2.61566e-07
-2.70615e-06
-2.68944e-07
-2.67803e-06
-2.58214e-07
-2.63575e-06
-2.38202e-07
-2.48536e-06
-2.16204e-07
-2.42001e-06
-2.04077e-07
-2.26478e-06
-1.97152e-06
-1.78306e-07
2.92525e-06
5.93714e-05
4.94516e-06
5.74625e-05
6.83577e-06
5.4658e-05
8.682e-06
5.21765e-05
9.40455e-06
5.22727e-05
9.16587e-06
5.11431e-05
8.32269e-06
4.78833e-05
7.38536e-06
4.13904e-05
6.71944e-06
3.18157e-05
6.56334e-06
1.95148e-05
6.94752e-06
5.60068e-06
7.75009e-06
-8.57288e-06
8.79404e-06
-2.16616e-05
9.96356e-06
-3.2876e-05
1.12285e-05
-4.19958e-05
1.26147e-05
-4.9145e-05
1.41598e-05
-5.4563e-05
1.58911e-05
-5.85008e-05
1.78133e-05
-6.11786e-05
1.99111e-05
-6.2772e-05
2.21628e-05
-6.34228e-05
2.45414e-05
-6.32482e-05
2.70166e-05
-6.2345e-05
2.95547e-05
-6.07935e-05
3.21207e-05
-5.86573e-05
3.46785e-05
-5.59973e-05
3.71946e-05
-5.28689e-05
3.9635e-05
-4.93362e-05
4.19705e-05
-4.54587e-05
4.41748e-05
-4.13025e-05
4.62272e-05
-3.69285e-05
4.81085e-05
-3.24032e-05
4.98057e-05
-2.77819e-05
5.13079e-05
-2.31213e-05
5.26065e-05
-1.8474e-05
5.36956e-05
-1.38845e-05
5.45662e-05
-9.40232e-06
5.52139e-05
-5.05365e-06
5.56346e-05
-8.67362e-07
5.58289e-05
3.13703e-06
5.58017e-05
6.9217e-06
5.55618e-05
1.04432e-05
5.51229e-05
1.3658e-05
5.44986e-05
1.64988e-05
5.36899e-05
1.8903e-05
5.26935e-05
2.08748e-05
5.15124e-05
2.24751e-05
5.01611e-05
2.38017e-05
4.86613e-05
2.4935e-05
4.70405e-05
2.59231e-05
4.53256e-05
2.67693e-05
4.35369e-05
2.74443e-05
4.16917e-05
2.7924e-05
3.98044e-05
2.81915e-05
3.78904e-05
2.82521e-05
3.59609e-05
2.81038e-05
3.40281e-05
2.77634e-05
3.20993e-05
2.72323e-05
3.01862e-05
2.65375e-05
2.83013e-05
2.56964e-05
2.64547e-05
2.47211e-05
2.46509e-05
2.3614e-05
2.28933e-05
2.23904e-05
2.11885e-05
2.10771e-05
1.95467e-05
1.97061e-05
1.79737e-05
1.82935e-05
1.64702e-05
1.68448e-05
1.50422e-05
1.53954e-05
1.36944e-05
1.39525e-05
1.2433e-05
1.25404e-05
1.12515e-05
1.11332e-05
1.01469e-05
9.75306e-06
9.11916e-06
8.41569e-06
8.16806e-06
7.13462e-06
7.29352e-06
5.92243e-06
6.49385e-06
4.78212e-06
5.76715e-06
3.72187e-06
5.10949e-06
2.73844e-06
4.51819e-06
1.84344e-06
3.98809e-06
1.03086e-06
3.52008e-06
3.19616e-07
3.1141e-06
-2.8975e-07
2.76377e-06
-8.20436e-07
2.46562e-06
-1.26208e-06
2.21479e-06
-1.63391e-06
2.00797e-06
-1.92383e-06
1.83931e-06
-2.16451e-06
1.70598e-06
-2.33011e-06
1.60014e-06
-2.47741e-06
1.51981e-06
-2.54885e-06
1.45151e-06
-2.63784e-06
1.39698e-06
-2.6235e-06
1.36064e-06
-2.59939e-06
1.3367e-06
-2.46139e-06
1.31718e-06
-2.40048e-06
1.29011e-06
-2.23768e-06
-1.96292e-06
1.28155e-06
3.871e-06
5.55005e-05
6.55562e-06
5.47779e-05
9.09624e-06
5.21175e-05
1.1739e-05
4.95338e-05
1.31706e-05
5.08411e-05
1.35597e-05
5.07541e-05
1.33506e-05
4.80923e-05
1.30758e-05
4.16653e-05
1.30549e-05
3.18366e-05
1.34246e-05
1.91451e-05
1.41129e-05
4.91242e-06
1.49435e-05
-9.40349e-06
1.57618e-05
-2.24799e-05
1.65239e-05
-3.36381e-05
1.72755e-05
-4.27474e-05
1.80958e-05
-4.99653e-05
1.90532e-05
-5.55205e-05
2.01896e-05
-5.96373e-05
2.15149e-05
-6.25039e-05
2.30195e-05
-6.42766e-05
2.46864e-05
-6.50896e-05
2.64919e-05
-6.50537e-05
2.84086e-05
-6.42618e-05
3.04058e-05
-6.27906e-05
3.2451e-05
-6.07024e-05
3.45107e-05
-5.80571e-05
3.65532e-05
-5.49113e-05
3.8547e-05
-5.133e-05
4.04645e-05
-4.73762e-05
4.2281e-05
-4.3119e-05
4.39767e-05
-3.86241e-05
4.5534e-05
-3.39605e-05
4.69404e-05
-2.91883e-05
4.81861e-05
-2.4367e-05
4.92637e-05
-1.95517e-05
5.01686e-05
-1.47893e-05
5.08946e-05
-1.01283e-05
5.14394e-05
-5.59845e-06
5.18021e-05
-1.23005e-06
5.19856e-05
2.95347e-06
5.19963e-05
6.91107e-06
5.18422e-05
1.05972e-05
5.15348e-05
1.39654e-05
5.1081e-05
1.69526e-05
5.04754e-05
1.95086e-05
4.97094e-05
2.16408e-05
4.87799e-05
2.34046e-05
4.76958e-05
2.48858e-05
4.64746e-05
2.61561e-05
4.51406e-05
2.72572e-05
4.37176e-05
2.81923e-05
4.22243e-05
2.89376e-05
4.06759e-05
2.94724e-05
3.90847e-05
2.97828e-05
3.74628e-05
2.9874e-05
3.58197e-05
2.97469e-05
3.41652e-05
2.94179e-05
3.2506e-05
2.88915e-05
3.08517e-05
2.81918e-05
2.92125e-05
2.73355e-05
2.7597e-05
2.63366e-05
2.60095e-05
2.52015e-05
2.44537e-05
2.39463e-05
2.29351e-05
2.25957e-05
2.14621e-05
2.11791e-05
2.00405e-05
1.97151e-05
1.86721e-05
1.82132e-05
1.73626e-05
1.67049e-05
1.61163e-05
1.51987e-05
1.4939e-05
1.37177e-05
1.38265e-05
1.22457e-05
1.27774e-05
1.08022e-05
1.17918e-05
9.40126e-06
1.08703e-05
8.05612e-06
1.00135e-05
6.77918e-06
9.22084e-06
5.57475e-06
8.49148e-06
4.45121e-06
7.82279e-06
3.40711e-06
7.21325e-06
2.45296e-06
6.65929e-06
1.5848e-06
6.16196e-06
8.16924e-07
5.72167e-06
1.50513e-07
5.33377e-06
-4.32552e-07
4.99586e-06
-9.24189e-07
4.7039e-06
-1.34195e-06
4.4554e-06
-1.67535e-06
4.245e-06
-1.95411e-06
4.07052e-06
-2.15563e-06
3.92409e-06
-2.33098e-06
3.80427e-06
-2.42903e-06
3.69831e-06
-2.53187e-06
3.60863e-06
-2.53381e-06
3.53673e-06
-2.52747e-06
3.48005e-06
-2.4047e-06
3.42937e-06
-2.34978e-06
3.37401e-06
-2.18229e-06
-1.92947e-06
3.34059e-06
4.32749e-06
5.11731e-05
7.38219e-06
5.17233e-05
1.03487e-05
4.9151e-05
1.35943e-05
4.62882e-05
1.55675e-05
4.88679e-05
1.64187e-05
4.99029e-05
1.67031e-05
4.7808e-05
1.6964e-05
4.14044e-05
1.74588e-05
3.13418e-05
1.82153e-05
1.83887e-05
1.90791e-05
4.04859e-06
1.98557e-05
-1.01801e-05
2.0439e-05
-2.30633e-05
2.08584e-05
-3.40575e-05
2.12186e-05
-4.31077e-05
2.16308e-05
-5.03774e-05
2.21769e-05
-5.60666e-05
2.29007e-05
-6.03611e-05
2.3812e-05
-6.34152e-05
2.49042e-05
-6.53688e-05
2.61621e-05
-6.63475e-05
2.75644e-05
-6.6456e-05
2.90863e-05
-6.57837e-05
3.06995e-05
-6.44039e-05
3.23742e-05
-6.23772e-05
3.40796e-05
-5.97625e-05
3.57856e-05
-5.66174e-05
3.74633e-05
-5.30076e-05
3.90865e-05
-4.89994e-05
4.0632e-05
-4.46646e-05
4.20809e-05
-4.0073e-05
4.34169e-05
-3.52965e-05
4.46282e-05
-3.03997e-05
4.57061e-05
-2.54449e-05
4.66444e-05
-2.04899e-05
4.74391e-05
-1.55841e-05
4.80868e-05
-1.0776e-05
4.85867e-05
-6.09832e-06
4.894e-05
-1.58339e-06
4.91513e-05
2.74219e-06
4.92269e-05
6.83552e-06
4.91739e-05
1.06502e-05
4.90004e-05
1.41389e-05
4.87081e-05
1.72449e-05
4.82875e-05
1.99292e-05
4.77269e-05
2.22015e-05
4.70202e-05
2.41113e-05
4.61726e-05
2.57334e-05
4.51989e-05
2.71298e-05
4.41199e-05
2.83362e-05
4.29569e-05
2.93553e-05
4.17267e-05
3.01678e-05
4.04424e-05
3.07567e-05
3.91143e-05
3.11108e-05
3.77525e-05
3.12358e-05
3.63647e-05
3.11347e-05
3.4959e-05
3.08236e-05
3.35412e-05
3.03092e-05
3.21194e-05
2.96136e-05
3.0702e-05
2.87529e-05
2.92962e-05
2.77424e-05
2.79061e-05
2.65916e-05
2.65352e-05
2.53171e-05
2.51884e-05
2.39425e-05
2.38728e-05
2.24947e-05
2.25937e-05
2.09942e-05
2.13539e-05
1.9453e-05
2.01586e-05
1.79001e-05
1.90122e-05
1.63452e-05
1.79197e-05
1.48101e-05
1.68791e-05
1.32863e-05
1.58898e-05
1.17915e-05
1.49525e-05
1.03385e-05
1.40683e-05
8.94033e-06
1.32384e-05
7.60905e-06
1.24631e-05
6.35003e-06
1.17425e-05
5.1718e-06
1.1075e-05
4.07456e-06
1.04602e-05
3.0678e-06
9.89566e-06
2.14928e-06
9.3828e-06
1.32976e-06
8.92245e-06
6.10847e-07
8.51131e-06
-2.14362e-08
8.14798e-06
-5.6087e-07
7.8291e-06
-1.02308e-06
7.55301e-06
-1.39926e-06
7.31474e-06
-1.71585e-06
7.11271e-06
-1.9536e-06
6.93913e-06
-2.15739e-06
6.79314e-06
-2.28304e-06
6.66256e-06
-2.40129e-06
6.55058e-06
-2.42182e-06
6.45569e-06
-2.43257e-06
6.37873e-06
-2.32772e-06
6.30852e-06
-2.27954e-06
6.23746e-06
-2.11121e-06
-1.88179e-06
6.18981e-06
4.42283e-06
4.67503e-05
7.63077e-06
4.85153e-05
1.08944e-05
4.58875e-05
1.46336e-05
4.25489e-05
1.70377e-05
4.64638e-05
1.82397e-05
4.8701e-05
1.89181e-05
4.71296e-05
1.96102e-05
4.07123e-05
2.0498e-05
3.0454e-05
2.15079e-05
1.73787e-05
2.24366e-05
3.1199e-06
2.31061e-05
-1.08496e-05
2.34727e-05
-2.34299e-05
2.36284e-05
-3.42132e-05
2.37153e-05
-4.31946e-05
2.38576e-05
-5.05196e-05
2.41374e-05
-5.63464e-05
2.45934e-05
-6.08172e-05
2.52336e-05
-6.40554e-05
2.60525e-05
-6.61878e-05
2.7036e-05
-6.7331e-05
2.8165e-05
-6.7585e-05
2.9417e-05
-6.70357e-05
3.07664e-05
-6.57533e-05
3.2186e-05
-6.37968e-05
3.36474e-05
-6.1224e-05
3.51229e-05
-5.80929e-05
3.65853e-05
-5.447e-05
3.80101e-05
-5.04242e-05
3.93754e-05
-4.603e-05
4.06632e-05
-4.13608e-05
4.18582e-05
-3.64916e-05
4.29495e-05
-3.14909e-05
4.39291e-05
-2.64244e-05
4.47917e-05
-2.13525e-05
4.55345e-05
-1.63269e-05
4.61554e-05
-1.13969e-05
4.66553e-05
-6.59818e-06
4.70366e-05
-1.96473e-06
4.73048e-05
2.47405e-06
4.74656e-05
6.67469e-06
4.7525e-05
1.05908e-05
4.7488e-05
1.4176e-05
4.73518e-05
1.7381e-05
4.71047e-05
2.01763e-05
4.67335e-05
2.25727e-05
4.62306e-05
2.46142e-05
4.55989e-05
2.63651e-05
4.48508e-05
2.78779e-05
4.40045e-05
2.91825e-05
4.30786e-05
3.02811e-05
4.20882e-05
3.11582e-05
4.10447e-05
3.18002e-05
3.99569e-05
3.21987e-05
3.88328e-05
3.23598e-05
3.76789e-05
3.22886e-05
3.65019e-05
3.20005e-05
3.53069e-05
3.15042e-05
3.41006e-05
3.08199e-05
3.28897e-05
2.99637e-05
3.16806e-05
2.89516e-05
3.04768e-05
2.77953e-05
2.92818e-05
2.65121e-05
2.80997e-05
2.51246e-05
2.69366e-05
2.36578e-05
2.57975e-05
2.21332e-05
2.46855e-05
2.0565e-05
2.36057e-05
1.89799e-05
2.25621e-05
1.73887e-05
2.15598e-05
1.58125e-05
2.05978e-05
1.42483e-05
1.96765e-05
1.27128e-05
1.8797e-05
1.1218e-05
1.79607e-05
9.77655e-06
1.71696e-05
8.40017e-06
1.64245e-05
7.09513e-06
1.57262e-05
5.87001e-06
1.50743e-05
4.72646e-06
1.4469e-05
3.67308e-06
1.39092e-05
2.70907e-06
1.33964e-05
1.84252e-06
1.2932e-05
1.07528e-06
1.25137e-05
3.96815e-07
1.2141e-05
-1.88206e-07
1.18113e-05
-6.93332e-07
1.15235e-05
-1.11147e-06
1.12731e-05
-1.46547e-06
1.10591e-05
-1.73962e-06
1.08739e-05
-1.97214e-06
1.07171e-05
-2.1263e-06
1.05772e-05
-2.26135e-06
1.04581e-05
-2.3027e-06
1.03553e-05
-2.32976e-06
1.02731e-05
-2.2455e-06
1.01976e-05
-2.20398e-06
1.01264e-05
-2.04004e-06
-1.83287e-06
1.00775e-05
4.26447e-06
4.24859e-05
7.48612e-06
4.52937e-05
1.10078e-05
4.23658e-05
1.51897e-05
3.8367e-05
1.7939e-05
4.37146e-05
1.94063e-05
4.72337e-05
2.0399e-05
4.61369e-05
2.14278e-05
3.96834e-05
2.25936e-05
2.92883e-05
2.37423e-05
1.623e-05
2.46569e-05
2.2053e-06
2.52008e-05
-1.13935e-05
2.53925e-05
-2.36216e-05
2.5369e-05
-3.41896e-05
2.52892e-05
-4.31148e-05
2.52764e-05
-5.05068e-05
2.54045e-05
-5.64745e-05
2.57046e-05
-6.11173e-05
2.6183e-05
-6.45338e-05
2.68345e-05
-6.68393e-05
2.7646e-05
-6.81425e-05
2.86006e-05
-6.85396e-05
2.96782e-05
-6.81133e-05
3.0856e-05
-6.69311e-05
3.21094e-05
-6.50502e-05
3.34124e-05
-6.2527e-05
3.47393e-05
-5.94198e-05
3.60649e-05
-5.57956e-05
3.7366e-05
-5.17254e-05
3.86221e-05
-4.72861e-05
3.98158e-05
-4.25545e-05
4.09329e-05
-3.76087e-05
4.19629e-05
-3.2521e-05
4.28987e-05
-2.73602e-05
4.37357e-05
-2.21895e-05
4.44719e-05
-1.70632e-05
4.51065e-05
-1.20316e-05
4.56413e-05
-7.13296e-06
4.60797e-05
-2.40309e-06
4.64273e-05
2.12642e-06
4.66895e-05
6.41246e-06
4.68709e-05
1.04094e-05
4.69734e-05
1.40734e-05
4.69916e-05
1.73629e-05
4.69123e-05
2.02556e-05
4.67218e-05
2.27631e-05
4.64118e-05
2.49242e-05
4.59839e-05
2.6793e-05
4.54484e-05
2.84134e-05
4.48213e-05
2.98096e-05
4.41191e-05
3.09834e-05
4.33549e-05
3.19224e-05
4.25389e-05
3.26162e-05
4.16782e-05
3.30593e-05
4.07798e-05
3.32583e-05
3.98488e-05
3.32196e-05
3.88907e-05
3.29585e-05
3.791e-05
3.24849e-05
3.6912e-05
3.18179e-05
3.59024e-05
3.09733e-05
3.48863e-05
2.99676e-05
3.38671e-05
2.88144e-05
3.28478e-05
2.75315e-05
3.18319e-05
2.61404e-05
3.08246e-05
2.46651e-05
2.98306e-05
2.31272e-05
2.88531e-05
2.15425e-05
2.7897e-05
1.9936e-05
2.69662e-05
1.83196e-05
2.60653e-05
1.67134e-05
2.51945e-05
1.5119e-05
2.43549e-05
1.35524e-05
2.35479e-05
1.20249e-05
2.27755e-05
1.0549e-05
2.20397e-05
9.13594e-06
2.13421e-05
7.79267e-06
2.06843e-05
6.52781e-06
2.00665e-05
5.34426e-06
1.94897e-05
4.24983e-06
1.89539e-05
3.24491e-06
1.84607e-05
2.33564e-06
1.8012e-05
1.52401e-06
1.76065e-05
8.02279e-07
1.72444e-05
1.73874e-07
1.69236e-05
-3.72566e-07
1.66439e-05
-8.31723e-07
1.6401e-05
-1.22262e-06
1.61946e-05
-1.5332e-06
1.60172e-05
-1.79471e-06
1.58691e-05
-1.97827e-06
1.57393e-05
-2.13149e-06
1.56324e-05
-2.19577e-06
1.55411e-05
-2.23845e-06
1.54731e-05
-2.17747e-06
1.54108e-05
-2.14171e-06
1.53598e-05
-1.98903e-06
-1.79962e-06
1.53266e-05
3.93817e-06
3.85478e-05
7.1095e-06
4.21224e-05
1.09289e-05
3.85465e-05
1.55294e-05
3.37664e-05
1.85336e-05
4.07105e-05
2.01907e-05
4.55766e-05
2.14297e-05
4.48979e-05
2.27109e-05
3.84023e-05
2.40565e-05
2.79427e-05
2.52596e-05
1.50269e-05
2.61184e-05
1.34645e-06
2.6549e-05
-1.1824e-05
2.66222e-05
-2.36948e-05
2.65011e-05
-3.40685e-05
2.63459e-05
-4.29596e-05
2.62698e-05
-5.04307e-05
2.63347e-05
-5.65394e-05
2.65645e-05
-6.13471e-05
2.69643e-05
-6.49335e-05
2.75289e-05
-6.74039e-05
2.82467e-05
-6.88603e-05
2.9103e-05
-6.93958e-05
3.00801e-05
-6.90904e-05
3.11579e-05
-6.80089e-05
3.23143e-05
-6.62066e-05
3.35258e-05
-6.37385e-05
3.47686e-05
-6.06627e-05
3.60192e-05
-5.70463e-05
3.72559e-05
-5.29621e-05
3.84589e-05
-4.84891e-05
3.96118e-05
-4.37074e-05
4.07009e-05
-3.86978e-05
4.17165e-05
-3.35366e-05
4.2652e-05
-2.82956e-05
4.35034e-05
-2.30409e-05
4.42694e-05
-1.78292e-05
4.49502e-05
-1.27124e-05
4.55483e-05
-7.731e-06
4.60675e-05
-2.92237e-06
4.65138e-05
1.68014e-06
4.68918e-05
6.03445e-06
4.72048e-05
1.00965e-05
4.74522e-05
1.3826e-05
4.76267e-05
1.71884e-05
4.77148e-05
2.01675e-05
4.77027e-05
2.27752e-05
4.7582e-05
2.50449e-05
4.73534e-05
2.70216e-05
4.70259e-05
2.87409e-05
4.66133e-05
3.02221e-05
4.61303e-05
3.14664e-05
4.55883e-05
3.24643e-05
4.49963e-05
3.32083e-05
4.43603e-05
3.36953e-05
4.36859e-05
3.39326e-05
4.29773e-05
3.39282e-05
4.2239e-05
3.36968e-05
4.14746e-05
3.32493e-05
4.06885e-05
3.26039e-05
3.98853e-05
3.17765e-05
3.90691e-05
3.07838e-05
3.82428e-05
2.96407e-05
3.74089e-05
2.83654e-05
3.65705e-05
2.69788e-05
3.57319e-05
2.55037e-05
3.48973e-05
2.39618e-05
3.40699e-05
2.23699e-05
3.32544e-05
2.07514e-05
3.24544e-05
1.91195e-05
3.16743e-05
1.74933e-05
3.09152e-05
1.58781e-05
3.01787e-05
1.42889e-05
2.94664e-05
1.27372e-05
2.87807e-05
1.12348e-05
2.81239e-05
9.79266e-06
2.74982e-05
8.41838e-06
2.69056e-05
7.12042e-06
2.63471e-05
5.90275e-06
2.58244e-05
4.77249e-06
2.53383e-05
3.73102e-06
2.48908e-05
2.78311e-06
2.4484e-05
1.93076e-06
2.41177e-05
1.16862e-06
2.37925e-05
4.99027e-07
2.3507e-05
-8.71012e-08
2.32615e-05
-5.86221e-07
2.30523e-05
-1.01345e-06
2.28795e-05
-1.36034e-06
2.2736e-05
-1.6512e-06
2.26227e-05
-1.86499e-06
2.2529e-05
-2.03777e-06
2.24603e-05
-2.12703e-06
2.24067e-05
-2.18482e-06
2.23791e-05
-2.14993e-06
2.23555e-05
-2.11806e-06
2.2352e-05
-1.98555e-06
-1.80511e-06
2.23576e-05
3.5118e-06
3.5036e-05
6.63555e-06
3.89987e-05
1.08516e-05
3.43304e-05
1.58387e-05
2.87793e-05
1.89919e-05
3.75573e-05
2.07728e-05
4.37957e-05
2.22037e-05
4.3467e-05
2.36702e-05
3.69357e-05
2.5124e-05
2.64889e-05
2.63326e-05
1.38183e-05
2.7128e-05
5.51017e-07
2.74792e-05
-1.21752e-05
2.74959e-05
-2.37115e-05
2.73511e-05
-3.39237e-05
2.71958e-05
-4.28043e-05
2.71282e-05
-5.03631e-05
2.71982e-05
-5.66094e-05
2.74237e-05
-6.15726e-05
2.78091e-05
-6.53189e-05
2.83495e-05
-6.79443e-05
2.90347e-05
-6.95455e-05
2.98524e-05
-7.02135e-05
3.07874e-05
-7.00254e-05
3.1822e-05
-6.90436e-05
3.29368e-05
-6.73213e-05
3.41103e-05
-6.4912e-05
3.53208e-05
-6.18731e-05
3.65462e-05
-5.82718e-05
3.77661e-05
-5.41819e-05
3.89616e-05
-4.96846e-05
4.01168e-05
-4.48626e-05
4.1219e-05
-3.98e-05
4.22586e-05
-3.45762e-05
4.32296e-05
-2.92666e-05
4.41287e-05
-2.394e-05
4.49552e-05
-1.86558e-05
4.571e-05
-1.34672e-05
4.63961e-05
-8.41708e-06
4.70179e-05
-3.54413e-06
4.7581e-05
1.11703e-06
4.80896e-05
5.52588e-06
4.85454e-05
9.64067e-06
4.89463e-05
1.34252e-05
4.92834e-05
1.68512e-05
4.95434e-05
1.99075e-05
4.97132e-05
2.26054e-05
4.97847e-05
2.49734e-05
4.97583e-05
2.7048e-05
4.96417e-05
2.88575e-05
4.94474e-05
3.04164e-05
4.9188e-05
3.17258e-05
4.88738e-05
3.27785e-05
4.85123e-05
3.35697e-05
4.81087e-05
3.40989e-05
4.76674e-05
3.4374e-05
4.71916e-05
3.4404e-05
4.66849e-05
3.42034e-05
4.61502e-05
3.3784e-05
4.55908e-05
3.31633e-05
4.50103e-05
3.2357e-05
4.44118e-05
3.13822e-05
4.37978e-05
3.02548e-05
4.31701e-05
2.8993e-05
4.25314e-05
2.76175e-05
4.18851e-05
2.615e-05
4.1235e-05
2.46119e-05
4.0584e-05
2.30209e-05
3.99365e-05
2.13989e-05
3.92959e-05
1.97601e-05
3.86664e-05
1.81228e-05
3.80496e-05
1.64949e-05
3.74475e-05
1.4891e-05
3.68622e-05
1.33225e-05
3.62961e-05
1.18009e-05
3.5752e-05
1.03368e-05
3.52322e-05
8.93813e-06
3.47393e-05
7.61326e-06
3.42751e-05
6.36693e-06
3.38419e-05
5.2057e-06
3.34412e-05
4.13177e-06
3.30752e-05
3.14903e-06
3.27465e-05
2.25947e-06
3.24555e-05
1.45964e-06
3.22034e-05
7.51049e-07
3.19895e-05
1.26822e-07
3.18144e-05
-4.11099e-07
3.1675e-05
-8.74118e-07
3.15718e-05
-1.25709e-06
3.14983e-05
-1.57777e-06
3.14559e-05
-1.82251e-06
3.14346e-05
-2.0165e-06
3.144e-05
-2.13241e-06
3.14607e-05
-2.20553e-06
3.15097e-05
-2.19886e-06
3.15611e-05
-2.16945e-06
3.1641e-05
-2.06544e-06
-1.8842e-06
3.17201e-05
3.0278e-06
3.20083e-05
6.11305e-06
3.59134e-05
1.07349e-05
2.97086e-05
1.58707e-05
2.36436e-05
1.89056e-05
3.45224e-05
2.06198e-05
4.20814e-05
2.20607e-05
4.20261e-05
2.35119e-05
3.54846e-05
2.48708e-05
2.51299e-05
2.59154e-05
1.27737e-05
2.65306e-05
-6.41623e-08
2.67359e-05
-1.23805e-05
2.66622e-05
-2.36378e-05
2.6473e-05
-3.37345e-05
2.62969e-05
-4.26282e-05
2.62104e-05
-5.02766e-05
2.62488e-05
-5.66478e-05
2.64243e-05
-6.17481e-05
2.67388e-05
-6.56335e-05
2.71874e-05
-6.83928e-05
2.77611e-05
-7.01193e-05
2.84497e-05
-7.09021e-05
2.92405e-05
-7.08162e-05
3.01188e-05
-6.9922e-05
3.10685e-05
-6.8271e-05
3.20716e-05
-6.59151e-05
3.31096e-05
-6.29111e-05
3.41637e-05
-5.93259e-05
3.52162e-05
-5.52345e-05
3.62511e-05
-5.07195e-05
3.72546e-05
-4.58662e-05
3.8216e-05
-4.07613e-05
3.91274e-05
-3.54877e-05
3.99841e-05
-3.01234e-05
4.0784e-05
-2.47399e-05
4.15273e-05
-1.9399e-05
4.22154e-05
-1.41553e-05
4.28519e-05
-9.05353e-06
4.3441e-05
-4.13321e-06
4.39877e-05
5.70333e-07
4.44952e-05
5.01833e-06
4.49642e-05
9.17163e-06
4.53915e-05
1.29979e-05
4.5769e-05
1.64738e-05
4.60853e-05
1.95912e-05
4.63301e-05
2.23606e-05
4.64975e-05
2.48061e-05
4.6588e-05
2.69574e-05
4.66084e-05
2.88371e-05
4.65685e-05
3.04564e-05
4.64783e-05
3.18159e-05
4.63458e-05
3.29109e-05
4.61767e-05
3.37388e-05
4.59747e-05
3.43009e-05
4.57428e-05
3.46058e-05
4.54833e-05
3.46635e-05
4.51985e-05
3.44882e-05
4.48902e-05
3.40923e-05
4.45608e-05
3.34927e-05
4.42124e-05
3.27054e-05
4.38471e-05
3.17475e-05
4.34663e-05
3.06355e-05
4.30715e-05
2.93878e-05
4.26643e-05
2.80246e-05
4.22471e-05
2.65671e-05
4.18227e-05
2.50364e-05
4.13933e-05
2.34503e-05
4.09625e-05
2.18298e-05
4.05328e-05
2.01897e-05
4.01079e-05
1.85477e-05
3.96891e-05
1.69137e-05
3.92785e-05
1.53016e-05
3.88781e-05
1.37229e-05
3.84901e-05
1.21888e-05
3.81169e-05
1.07099e-05
3.77608e-05
9.29424e-06
3.74242e-05
7.94987e-06
3.7109e-05
6.68204e-06
3.68177e-05
5.49704e-06
3.65518e-05
4.39762e-06
3.63136e-05
3.3872e-06
3.61053e-05
2.4678e-06
3.59277e-05
1.63722e-06
3.57822e-05
8.96572e-07
3.56684e-05
2.40542e-07
3.55872e-05
-3.29821e-07
3.55364e-05
-8.23384e-07
3.55163e-05
-1.23697e-06
3.55226e-05
-1.58402e-06
3.55555e-05
-1.85544e-06
3.56086e-05
-2.06962e-06
3.56847e-05
-2.20849e-06
3.57763e-05
-2.29713e-06
3.589e-05
-2.3125e-06
3.60114e-05
-2.29086e-06
3.61507e-05
-2.20465e-06
-2.03353e-06
3.63e-05
2.55995e-06
2.94484e-05
5.71538e-06
3.2758e-05
1.07873e-05
2.46367e-05
1.5928e-05
1.85029e-05
1.87645e-05
3.16859e-05
2.03972e-05
4.04487e-05
2.18333e-05
4.059e-05
2.32522e-05
3.40657e-05
2.45156e-05
2.38665e-05
2.54287e-05
1.18606e-05
2.59255e-05
-5.60937e-07
2.60609e-05
-1.25159e-05
2.5972e-05
-2.35488e-05
2.58055e-05
-3.3568e-05
2.56679e-05
-4.24906e-05
2.56174e-05
-5.0226e-05
2.5679e-05
-5.67094e-05
2.58619e-05
-6.19309e-05
2.61666e-05
-6.59382e-05
2.65886e-05
-6.88148e-05
2.71207e-05
-7.06514e-05
2.77544e-05
-7.15358e-05
2.84796e-05
-7.15413e-05
2.92841e-05
-7.07265e-05
3.01545e-05
-6.91414e-05
3.10758e-05
-6.68364e-05
3.20319e-05
-6.38672e-05
3.30066e-05
-6.03006e-05
3.39842e-05
-5.62122e-05
3.49506e-05
-5.16858e-05
3.58934e-05
-4.6809e-05
3.68031e-05
-4.1671e-05
3.76728e-05
-3.63574e-05
3.84985e-05
-3.09491e-05
3.92787e-05
-2.552e-05
4.00137e-05
-2.0134e-05
4.07055e-05
-1.48472e-05
4.13574e-05
-9.70542e-06
4.19734e-05
-4.74921e-06
4.25578e-05
-1.40525e-08
4.31129e-05
4.46317e-06
4.36385e-05
8.64607e-06
4.41306e-05
1.25058e-05
4.45817e-05
1.60227e-05
4.49821e-05
1.91908e-05
4.53234e-05
2.20193e-05
4.5601e-05
2.45285e-05
4.58159e-05
2.67425e-05
4.59738e-05
2.86791e-05
4.60831e-05
3.03472e-05
4.61517e-05
3.17473e-05
4.61862e-05
3.28765e-05
4.61908e-05
3.37342e-05
4.61682e-05
3.43234e-05
4.61206e-05
3.46534e-05
4.60494e-05
3.47347e-05
4.59561e-05
3.45814e-05
4.58419e-05
3.42065e-05
4.57081e-05
3.36265e-05
4.55562e-05
3.28573e-05
4.53875e-05
3.19162e-05
4.52028e-05
3.08201e-05
4.5003e-05
2.95875e-05
4.47893e-05
2.82384e-05
4.45633e-05
2.67931e-05
4.43272e-05
2.52725e-05
4.40829e-05
2.36945e-05
4.38332e-05
2.20795e-05
4.35805e-05
2.04424e-05
4.33276e-05
1.88006e-05
4.30764e-05
1.71649e-05
4.28286e-05
1.55493e-05
4.25864e-05
1.39651e-05
4.23518e-05
1.24235e-05
4.2127e-05
1.09347e-05
4.19145e-05
9.50677e-06
4.17167e-05
8.14767e-06
4.15357e-05
6.863e-06
4.13739e-05
5.65883e-06
4.12332e-05
4.53831e-06
4.11158e-05
3.50463e-06
4.10237e-05
2.55984e-06
4.09583e-05
1.70267e-06
4.09208e-05
9.34017e-07
4.09115e-05
2.49822e-07
4.09311e-05
-3.49412e-07
4.09783e-05
-8.70621e-07
4.10533e-05
-1.31192e-06
4.11529e-05
-1.68359e-06
4.12771e-05
-1.97964e-06
4.14212e-05
-2.2137e-06
4.15866e-05
-2.37393e-06
4.17679e-05
-2.47837e-06
4.19684e-05
-2.51304e-06
4.2179e-05
-2.50147e-06
4.24033e-05
-2.42886e-06
-2.27136e-06
4.26411e-05
2.15058e-06
2.72978e-05
5.48651e-06
2.94221e-05
1.09361e-05
1.91872e-05
1.58684e-05
1.35706e-05
1.84469e-05
2.91073e-05
1.9983e-05
3.89126e-05
2.13866e-05
3.91864e-05
2.2742e-05
3.27103e-05
2.38952e-05
2.27133e-05
2.46894e-05
1.10664e-05
2.51012e-05
-9.72721e-07
2.52077e-05
-1.26225e-05
2.51409e-05
-2.3482e-05
2.5027e-05
-3.34541e-05
2.49509e-05
-4.24145e-05
2.49554e-05
-5.02306e-05
2.50586e-05
-5.68126e-05
2.52671e-05
-6.21394e-05
2.5581e-05
-6.62521e-05
2.59964e-05
-6.92302e-05
2.65077e-05
-7.11627e-05
2.71081e-05
-7.21363e-05
2.77897e-05
-7.22229e-05
2.85429e-05
-7.14797e-05
2.93566e-05
-6.99552e-05
3.02186e-05
-6.76984e-05
3.11154e-05
-6.4764e-05
3.2033e-05
-6.12182e-05
3.29577e-05
-5.71369e-05
3.38769e-05
-5.2605e-05
3.47798e-05
-4.77119e-05
3.56576e-05
-4.25488e-05
3.65043e-05
-3.72042e-05
3.73164e-05
-3.17612e-05
3.80925e-05
-2.62961e-05
3.88333e-05
-2.08748e-05
3.95406e-05
-1.55544e-05
4.02174e-05
-1.03823e-05
4.08674e-05
-5.39919e-06
4.1494e-05
-6.40625e-07
4.20988e-05
3.85836e-06
4.26807e-05
8.06414e-06
4.32357e-05
1.19508e-05
4.37569e-05
1.55015e-05
4.42362e-05
1.87114e-05
4.46669e-05
2.15885e-05
4.50458e-05
2.41496e-05
4.53742e-05
2.64141e-05
4.5657e-05
2.83963e-05
4.5901e-05
3.01031e-05
4.61128e-05
3.15355e-05
4.62974e-05
3.26919e-05
4.6458e-05
3.35736e-05
4.65965e-05
3.41849e-05
4.67142e-05
3.45357e-05
4.68121e-05
3.46368e-05
4.6891e-05
3.45025e-05
4.69514e-05
3.4146e-05
4.69941e-05
3.35837e-05
4.70198e-05
3.28316e-05
4.70292e-05
3.19068e-05
4.70228e-05
3.08265e-05
4.70009e-05
2.96094e-05
4.69643e-05
2.8275e-05
4.69141e-05
2.68432e-05
4.6852e-05
2.53345e-05
4.67796e-05
2.37669e-05
4.66992e-05
2.21599e-05
4.66127e-05
2.05289e-05
4.65228e-05
1.88905e-05
4.64312e-05
1.72566e-05
4.63397e-05
1.56408e-05
4.62502e-05
1.40546e-05
4.61648e-05
1.25089e-05
4.60856e-05
1.10138e-05
4.60152e-05
9.57719e-06
4.59559e-05
8.20696e-06
4.59099e-05
6.90901e-06
4.58795e-05
5.68922e-06
4.58667e-05
4.55103e-06
4.58738e-05
3.49754e-06
4.59028e-05
2.53085e-06
4.5955e-05
1.65041e-06
4.6032e-05
8.57021e-07
4.61342e-05
1.47619e-07
4.62624e-05
-4.77599e-07
4.64159e-05
-1.02406e-06
4.65947e-05
-1.49073e-06
4.67966e-05
-1.88553e-06
4.70216e-05
-2.20461e-06
4.7266e-05
-2.45814e-06
4.75307e-05
-2.63856e-06
4.78112e-05
-2.7589e-06
4.81093e-05
-2.81112e-06
4.84186e-05
-2.81077e-06
4.87394e-05
-2.74968e-06
-2.60664e-06
4.90747e-05
1.85789e-06
2.54399e-05
5.4234e-06
2.58566e-05
1.10984e-05
1.35122e-05
1.56457e-05
9.02334e-06
1.79653e-05
2.67877e-05
1.94162e-05
3.74618e-05
2.07772e-05
3.78254e-05
2.20573e-05
3.14302e-05
2.31055e-05
2.16651e-05
2.38059e-05
1.03659e-05
2.41687e-05
-1.33548e-06
2.42817e-05
-1.27355e-05
2.42649e-05
-2.34652e-05
2.42232e-05
-3.34123e-05
2.42224e-05
-4.24137e-05
2.42935e-05
-5.03017e-05
2.44496e-05
-5.69686e-05
2.46957e-05
-6.23856e-05
2.50318e-05
-6.65882e-05
2.54548e-05
-6.96531e-05
2.59604e-05
-7.16683e-05
2.65436e-05
-7.27194e-05
2.71982e-05
-7.28775e-05
2.7917e-05
-7.21985e-05
2.86914e-05
-7.07296e-05
2.95116e-05
-6.85185e-05
3.03664e-05
-6.56189e-05
3.12442e-05
-6.2096e-05
3.2133e-05
-5.80257e-05
3.30217e-05
-5.34937e-05
3.39007e-05
-4.85908e-05
3.47621e-05
-4.34103e-05
3.56005e-05
-3.80425e-05
3.64124e-05
-3.25732e-05
3.71968e-05
-2.70805e-05
3.79541e-05
-2.16321e-05
3.8686e-05
-1.62863e-05
3.93951e-05
-1.10914e-05
4.00845e-05
-6.08856e-06
4.07568e-05
-1.31293e-06
4.1413e-05
3.20215e-06
4.20516e-05
7.42562e-06
4.26684e-05
1.1334e-05
4.32575e-05
1.49124e-05
4.38123e-05
1.81566e-05
4.43276e-05
2.10732e-05
4.48012e-05
2.3676e-05
4.52347e-05
2.59806e-05
4.56324e-05
2.79986e-05
4.59998e-05
2.97357e-05
4.63422e-05
3.11931e-05
4.66633e-05
3.23708e-05
4.69655e-05
3.32714e-05
4.725e-05
3.39004e-05
4.75176e-05
3.4268e-05
4.77688e-05
3.43857e-05
4.80038e-05
3.42675e-05
4.82227e-05
3.39271e-05
4.84258e-05
3.33806e-05
4.86132e-05
3.26441e-05
4.87852e-05
3.17348e-05
4.89418e-05
3.06699e-05
4.90832e-05
2.9468e-05
4.92096e-05
2.81485e-05
4.9322e-05
2.67309e-05
4.94214e-05
2.52351e-05
4.95093e-05
2.3679e-05
4.95875e-05
2.20817e-05
4.96577e-05
2.04586e-05
4.97223e-05
1.88259e-05
4.97828e-05
1.71961e-05
4.9841e-05
1.55825e-05
4.98987e-05
1.39968e-05
4.9958e-05
1.24496e-05
5.00212e-05
1.09506e-05
5.00906e-05
9.50781e-06
5.01684e-05
8.12909e-06
5.02569e-05
6.82051e-06
5.03584e-05
5.58776e-06
5.04749e-05
4.43452e-06
5.06085e-05
3.36388e-06
5.07614e-05
2.37799e-06
5.09349e-05
1.47686e-06
5.11306e-05
6.61296e-07
5.13492e-05
-7.09698e-08
5.15915e-05
-7.19885e-07
5.18571e-05
-1.28969e-06
5.21463e-05
-1.7799e-06
5.24574e-05
-2.19662e-06
5.27903e-05
-2.53749e-06
5.31423e-05
-2.81015e-06
5.35137e-05
-3.00993e-06
5.39011e-05
-3.14629e-06
5.43049e-05
-3.21497e-06
5.47208e-05
-3.22664e-06
5.51472e-05
-3.17603e-06
-3.04756e-06
5.55881e-05
1.7587e-06
2.36813e-05
5.48402e-06
2.21312e-05
1.11798e-05
7.81643e-06
1.52521e-05
4.95103e-06
1.73492e-05
2.46905e-05
1.87391e-05
3.60719e-05
2.00581e-05
3.65064e-05
2.12646e-05
3.02237e-05
2.22248e-05
2.07049e-05
2.28614e-05
9.72933e-06
2.32083e-05
-1.6824e-06
2.33556e-05
-1.28828e-05
2.34079e-05
-2.35175e-05
2.34501e-05
-3.34545e-05
2.35323e-05
-4.24959e-05
2.36764e-05
-5.04457e-05
2.38922e-05
-5.71844e-05
2.41838e-05
-6.26772e-05
2.45512e-05
-6.69556e-05
2.49919e-05
-7.00939e-05
2.5503e-05
-7.21795e-05
2.60809e-05
-7.32973e-05
2.67212e-05
-7.35177e-05
2.74186e-05
-7.28959e-05
2.8167e-05
-7.1478e-05
2.89588e-05
-6.93103e-05
2.97853e-05
-6.64453e-05
3.06366e-05
-6.29473e-05
3.15027e-05
-5.88919e-05
3.23739e-05
-5.43649e-05
3.32415e-05
-4.94585e-05
3.40986e-05
-4.42673e-05
3.49399e-05
-3.88839e-05
3.57624e-05
-3.33956e-05
3.65646e-05
-2.78827e-05
3.73469e-05
-2.24144e-05
3.81105e-05
-1.705e-05
3.88577e-05
-1.18385e-05
3.95907e-05
-6.82163e-06
4.03117e-05
-2.03388e-06
4.1021e-05
2.49289e-06
4.17166e-05
6.72995e-06
4.23949e-05
1.06557e-05
4.30508e-05
1.42566e-05
4.36789e-05
1.75286e-05
4.42753e-05
2.04768e-05
4.48388e-05
2.31125e-05
4.5371e-05
2.54484e-05
4.58757e-05
2.74939e-05
4.63574e-05
2.9254e-05
4.68202e-05
3.07303e-05
4.72668e-05
3.19242e-05
4.7699e-05
3.28393e-05
4.81173e-05
3.34821e-05
4.85221e-05
3.38632e-05
4.89133e-05
3.39944e-05
4.9291e-05
3.38898e-05
4.96549e-05
3.35632e-05
5.00048e-05
3.30307e-05
5.03405e-05
3.23084e-05
5.0662e-05
3.14134e-05
5.09687e-05
3.03631e-05
5.12608e-05
2.9176e-05
5.15382e-05
2.7871e-05
5.18015e-05
2.64676e-05
5.20515e-05
2.4985e-05
5.22893e-05
2.34412e-05
5.25166e-05
2.18544e-05
5.27348e-05
2.02403e-05
5.29459e-05
1.86148e-05
5.31513e-05
1.69906e-05
5.33529e-05
1.5381e-05
5.35525e-05
1.37973e-05
5.37521e-05
1.225e-05
5.39539e-05
1.07487e-05
5.41601e-05
9.30158e-06
5.43729e-05
7.91626e-06
5.45945e-05
6.59893e-06
5.48271e-05
5.35517e-06
5.50728e-05
4.18882e-06
5.53337e-05
3.10299e-06
5.56117e-05
2.09993e-06
5.59085e-05
1.18008e-06
5.62255e-05
3.44293e-07
5.65636e-05
-4.09032e-07
5.69236e-05
-1.07989e-06
5.73054e-05
-1.67156e-06
5.77094e-05
-2.18391e-06
5.81345e-05
-2.62165e-06
5.85804e-05
-2.98342e-06
5.90452e-05
-3.27499e-06
5.95289e-05
-3.4936e-06
6.00288e-05
-3.64619e-06
6.05447e-05
-3.73078e-06
6.10732e-05
-3.75513e-06
6.16119e-05
-3.7148e-06
-3.60071e-06
6.21651e-05
1.91219e-06
2.17691e-05
5.6354e-06
1.8408e-05
1.11214e-05
2.33047e-06
1.47119e-05
1.36046e-06
1.66386e-05
2.27639e-05
1.79935e-05
3.4717e-05
1.92767e-05
3.52231e-05
2.04198e-05
2.90807e-05
2.13144e-05
1.98103e-05
2.19166e-05
9.1271e-06
2.22755e-05
-2.04131e-06
2.24774e-05
-1.30847e-05
2.26109e-05
-2.3651e-05
2.27432e-05
-3.35868e-05
2.29116e-05
-4.26644e-05
2.31318e-05
-5.06659e-05
2.34114e-05
-5.7464e-05
2.37536e-05
-6.30194e-05
2.41586e-05
-6.73605e-05
2.46246e-05
-7.05599e-05
2.51497e-05
-7.27046e-05
2.57315e-05
-7.3879e-05
2.63671e-05
-7.41534e-05
2.70534e-05
-7.35822e-05
2.77862e-05
-7.22107e-05
2.85601e-05
-7.00842e-05
2.93686e-05
-6.72538e-05
3.02038e-05
-6.37826e-05
3.10575e-05
-5.97455e-05
3.19213e-05
-5.52287e-05
3.27874e-05
-5.03246e-05
3.36495e-05
-4.51294e-05
3.45027e-05
-3.97371e-05
3.53439e-05
-3.42368e-05
3.61714e-05
-2.87103e-05
3.69852e-05
-2.32282e-05
3.77863e-05
-1.7851e-05
3.8576e-05
-1.26283e-05
3.93563e-05
-7.60189e-06
4.01284e-05
-2.80596e-06
4.08923e-05
1.729e-06
4.1646e-05
5.97627e-06
4.2386e-05
9.91564e-06
4.31081e-05
1.35344e-05
4.38082e-05
1.68285e-05
4.44835e-05
1.98016e-05
4.51332e-05
2.24627e-05
4.57592e-05
2.48224e-05
4.63647e-05
2.68885e-05
4.69533e-05
2.86654e-05
4.75281e-05
3.01554e-05
4.80913e-05
3.1361e-05
4.86437e-05
3.22868e-05
4.91857e-05
3.29401e-05
4.97171e-05
3.33317e-05
5.02376e-05
3.34739e-05
5.07468e-05
3.33805e-05
5.12443e-05
3.30657e-05
5.17297e-05
3.25453e-05
5.22023e-05
3.18357e-05
5.26619e-05
3.09538e-05
5.31078e-05
2.99171e-05
5.35398e-05
2.8744e-05
5.39577e-05
2.74531e-05
5.43618e-05
2.60635e-05
5.47528e-05
2.45941e-05
5.51315e-05
2.30625e-05
5.54992e-05
2.14867e-05
5.58573e-05
1.98822e-05
5.62075e-05
1.82646e-05
5.65512e-05
1.66469e-05
5.68902e-05
1.50419e-05
5.72264e-05
1.34611e-05
5.75616e-05
1.19148e-05
5.7898e-05
1.04123e-05
5.82377e-05
8.96196e-06
5.85826e-05
7.57129e-06
5.8935e-05
6.2465e-06
5.92971e-05
4.99307e-06
5.9671e-05
3.81497e-06
6.00586e-05
2.71537e-06
6.04619e-05
1.69661e-06
6.08825e-05
7.59474e-07
6.13219e-05
-9.50771e-08
6.1781e-05
-8.68118e-07
6.22607e-05
-1.55961e-06
6.27612e-05
-2.17207e-06
6.32828e-05
-2.70554e-06
6.38248e-05
-3.16367e-06
6.43872e-05
-3.54574e-06
6.49683e-05
-3.85615e-06
6.55681e-05
-4.09335e-06
6.61844e-05
-4.2625e-06
6.68165e-05
-4.36289e-06
6.7462e-05
-4.4006e-06
6.81182e-05
-4.37098e-06
-4.27105e-06
6.87885e-05
2.29448e-06
1.94746e-05
5.85419e-06
1.48483e-05
1.09128e-05
-2.72815e-06
1.40665e-05
-1.79322e-06
1.58746e-05
2.09558e-05
1.72167e-05
3.33748e-05
1.84727e-05
3.39671e-05
1.9567e-05
2.79864e-05
2.04197e-05
1.89576e-05
2.10137e-05
8.53305e-06
2.14064e-05
-2.43397e-06
2.16769e-05
-1.33552e-05
2.18983e-05
-2.38724e-05
2.2123e-05
-3.38116e-05
2.23787e-05
-4.292e-05
2.26763e-05
-5.09636e-05
2.30219e-05
-5.78095e-05
2.34182e-05
-6.34158e-05
2.38655e-05
-6.78078e-05
2.43625e-05
-7.10569e-05
2.49081e-05
-7.32502e-05
2.55009e-05
-7.44719e-05
2.61397e-05
-7.47922e-05
2.68229e-05
-7.42654e-05
2.75482e-05
-7.29361e-05
2.83125e-05
-7.08485e-05
2.91113e-05
-6.80525e-05
2.99386e-05
-6.46099e-05
3.07878e-05
-6.05948e-05
3.16519e-05
-5.60927e-05
3.2524e-05
-5.11968e-05
3.33984e-05
-4.60038e-05
3.42704e-05
-4.0609e-05
3.51366e-05
-3.51031e-05
3.59953e-05
-2.9569e-05
3.6846e-05
-2.40788e-05
3.76888e-05
-1.86939e-05
3.85249e-05
-1.34644e-05
3.93553e-05
-8.43226e-06
4.01807e-05
-3.63138e-06
4.10008e-05
9.08916e-07
4.18135e-05
5.16351e-06
4.26159e-05
9.11326e-06
4.34044e-05
1.27459e-05
4.41759e-05
1.6057e-05
4.49284e-05
1.90491e-05
4.56618e-05
2.17293e-05
4.63778e-05
2.41064e-05
4.70791e-05
2.61872e-05
4.77686e-05
2.79758e-05
4.84488e-05
2.94752e-05
4.9121e-05
3.06888e-05
4.97857e-05
3.16221e-05
5.04429e-05
3.22829e-05
5.10922e-05
3.26825e-05
5.17328e-05
3.28333e-05
5.23643e-05
3.2749e-05
5.29859e-05
3.2444e-05
5.35971e-05
3.19342e-05
5.4197e-05
3.12357e-05
5.47851e-05
3.03657e-05
5.53606e-05
2.93416e-05
5.59232e-05
2.81814e-05
5.64724e-05
2.69038e-05
5.70085e-05
2.55274e-05
5.75319e-05
2.40707e-05
5.80432e-05
2.25512e-05
5.85436e-05
2.09862e-05
5.90344e-05
1.93914e-05
5.9517e-05
1.7782e-05
5.99928e-05
1.6171e-05
6.04636e-05
1.45711e-05
6.09312e-05
1.29935e-05
6.13973e-05
1.14486e-05
6.1864e-05
9.94562e-06
6.23332e-05
8.49274e-06
6.2807e-05
7.09748e-06
6.32874e-05
5.76603e-06
6.37767e-05
4.5038e-06
6.42768e-05
3.31486e-06
6.47897e-05
2.20244e-06
6.53173e-05
1.169e-06
6.58612e-05
2.15603e-07
6.64228e-05
-6.56689e-07
6.70032e-05
-1.44849e-06
6.76033e-05
-2.1597e-06
6.82234e-05
-2.79219e-06
6.8864e-05
-3.34609e-06
6.95245e-05
-3.82423e-06
7.02051e-05
-4.22628e-06
7.09045e-05
-4.55559e-06
7.16226e-05
-4.81139e-06
7.23576e-05
-4.99755e-06
7.31087e-05
-5.11398e-06
7.38739e-05
-5.1658e-06
7.46508e-05
-5.14787e-06
-5.06198e-06
7.54418e-05
2.79746e-06
1.66771e-05
6.09786e-06
1.15479e-05
1.05755e-05
-7.20576e-06
1.33596e-05
-4.57739e-06
1.50936e-05
1.92219e-05
1.64393e-05
3.20291e-05
1.76777e-05
3.27287e-05
1.87395e-05
2.69247e-05
1.95727e-05
1.81244e-05
2.01804e-05
7.92534e-06
2.0623e-05
-2.87654e-06
2.09708e-05
-1.3703e-05
2.12833e-05
-2.41849e-05
2.16007e-05
-3.41289e-05
2.19431e-05
-4.32625e-05
2.23185e-05
-5.1339e-05
2.27315e-05
-5.82225e-05
2.31844e-05
-6.38687e-05
2.36775e-05
-6.83009e-05
2.421e-05
-7.15894e-05
2.47814e-05
-7.38216e-05
2.53913e-05
-7.50818e-05
2.60395e-05
-7.54404e-05
2.67261e-05
-7.49519e-05
2.74506e-05
-7.36606e-05
2.82118e-05
-7.16098e-05
2.90073e-05
-6.8848e-05
2.9833e-05
-6.54356e-05
3.0684e-05
-6.14457e-05
3.15543e-05
-5.69631e-05
3.24383e-05
-5.20807e-05
3.33305e-05
-4.6896e-05
3.42264e-05
-4.1505e-05
3.51227e-05
-3.59994e-05
3.60172e-05
-3.04634e-05
3.69086e-05
-2.49703e-05
3.77969e-05
-1.95821e-05
3.86822e-05
-1.43497e-05
3.95651e-05
-9.31518e-06
4.04458e-05
-4.51211e-06
4.13237e-05
3.10588e-08
4.21968e-05
4.29046e-06
4.30624e-05
8.24766e-06
4.39177e-05
1.18906e-05
4.47603e-05
1.52144e-05
4.55891e-05
1.82203e-05
4.64042e-05
2.09142e-05
4.72073e-05
2.33033e-05
4.80005e-05
2.53939e-05
4.87863e-05
2.719e-05
4.95663e-05
2.86952e-05
5.03415e-05
2.99136e-05
5.11119e-05
3.08516e-05
5.18773e-05
3.15175e-05
5.26369e-05
3.19228e-05
5.33901e-05
3.20801e-05
5.4136e-05
3.20031e-05
5.48738e-05
3.17062e-05
5.56026e-05
3.12054e-05
5.63215e-05
3.05167e-05
5.70299e-05
2.96573e-05
5.77269e-05
2.86446e-05
5.84118e-05
2.74964e-05
5.90844e-05
2.62312e-05
5.97447e-05
2.48671e-05
6.03929e-05
2.34225e-05
6.10296e-05
2.19144e-05
6.16559e-05
2.036e-05
6.22726e-05
1.87746e-05
6.28814e-05
1.71732e-05
6.34835e-05
1.55689e-05
6.40807e-05
1.3974e-05
6.46744e-05
1.23997e-05
6.52667e-05
1.08564e-05
6.58593e-05
9.35304e-06
6.64541e-05
7.89794e-06
6.70531e-05
6.49845e-06
6.76583e-05
5.16076e-06
6.82719e-05
3.89023e-06
6.88958e-05
2.691e-06
6.95318e-05
1.56638e-06
7.01819e-05
5.18909e-07
7.08476e-05
-4.50077e-07
7.15303e-05
-1.33942e-06
7.22312e-05
-2.14936e-06
7.29511e-05
-2.87966e-06
7.36906e-05
-3.53171e-06
7.44502e-05
-4.10563e-06
7.52296e-05
-4.6036e-06
7.60288e-05
-5.02551e-06
7.68472e-05
-5.37396e-06
7.76843e-05
-5.64855e-06
7.85391e-05
-5.8523e-06
7.94104e-05
-5.98529e-06
8.02967e-05
-6.05208e-06
8.1196e-05
-6.04714e-06
-5.97539e-06
8.21094e-05
3.29256e-06
1.33846e-05
6.30389e-06
8.5366e-06
1.01441e-05
-1.1046e-05
1.26299e-05
-7.06319e-06
1.43242e-05
1.75276e-05
1.56846e-05
3.06687e-05
1.69154e-05
3.14979e-05
1.79611e-05
2.5879e-05
1.87944e-05
1.72911e-05
1.94331e-05
7.28667e-06
1.99369e-05
-3.38043e-06
2.03673e-05
-1.41334e-05
2.07718e-05
-2.45894e-05
2.11808e-05
-3.45378e-05
2.16089e-05
-4.36906e-05
2.2062e-05
-5.17921e-05
2.25432e-05
-5.87038e-05
2.30548e-05
-6.43802e-05
2.35968e-05
-6.88429e-05
2.41687e-05
-7.21613e-05
2.47704e-05
-7.44233e-05
2.54022e-05
-7.57136e-05
2.60651e-05
-7.61033e-05
2.67605e-05
-7.56473e-05
2.74896e-05
-7.43897e-05
2.82531e-05
-7.23733e-05
2.90505e-05
-6.96454e-05
2.98796e-05
-6.62648e-05
3.0737e-05
-6.23031e-05
3.16182e-05
-5.78443e-05
3.25183e-05
-5.29808e-05
3.34325e-05
-4.78102e-05
3.43564e-05
-4.24289e-05
3.52864e-05
-3.69294e-05
3.62199e-05
-3.13969e-05
3.71554e-05
-2.59057e-05
3.80917e-05
-2.05185e-05
3.90288e-05
-1.52867e-05
3.99663e-05
-1.02527e-05
4.09042e-05
-5.44993e-06
4.18413e-05
-9.06095e-07
4.2776e-05
3.3558e-06
4.37059e-05
7.31778e-06
4.46287e-05
1.09678e-05
4.55427e-05
1.43004e-05
4.64472e-05
1.73158e-05
4.73426e-05
2.00187e-05
4.82304e-05
2.24155e-05
4.91125e-05
2.45118e-05
4.99907e-05
2.63119e-05
5.0866e-05
2.78198e-05
5.17392e-05
2.90405e-05
5.26099e-05
2.99809e-05
5.34776e-05
3.06497e-05
5.43416e-05
3.10588e-05
5.52009e-05
3.12208e-05
5.60546e-05
3.11494e-05
5.69016e-05
3.08591e-05
5.77411e-05
3.03658e-05
5.85721e-05
2.96857e-05
5.93937e-05
2.88357e-05
6.0205e-05
2.78333e-05
6.10053e-05
2.6696e-05
6.17944e-05
2.54421e-05
6.2572e-05
2.40895e-05
6.33384e-05
2.2656e-05
6.4094e-05
2.11587e-05
6.48398e-05
1.96142e-05
6.55766e-05
1.80378e-05
6.63058e-05
1.6444e-05
6.70288e-05
1.48459e-05
6.7747e-05
1.32557e-05
6.84621e-05
1.16846e-05
6.91758e-05
1.01427e-05
6.98898e-05
8.63899e-06
7.06061e-05
7.18167e-06
7.13264e-05
5.77805e-06
7.20529e-05
4.43426e-06
7.27875e-05
3.15563e-06
7.35321e-05
1.9464e-06
7.42886e-05
8.09907e-07
7.50587e-05
-2.512e-07
7.5844e-05
-1.23538e-06
7.66459e-05
-2.14136e-06
7.74656e-05
-2.96904e-06
7.8304e-05
-3.71807e-06
7.91617e-05
-4.38942e-06
8.00393e-05
-4.98316e-06
8.09366e-05
-5.50097e-06
8.18539e-05
-5.9428e-06
8.27907e-05
-6.31072e-06
8.37466e-05
-6.60447e-06
8.47208e-05
-6.82649e-06
8.57123e-05
-6.97677e-06
8.67198e-05
-7.05949e-06
8.77417e-05
-7.06912e-06
-7.01178e-06
8.87781e-05
3.6848e-06
9.69977e-06
6.41925e-06
5.80215e-06
9.65596e-06
-1.42827e-05
1.19075e-05
-9.31471e-06
1.35864e-05
1.58487e-05
1.49691e-05
2.92861e-05
1.62022e-05
3.02648e-05
1.72471e-05
2.4834e-05
1.80972e-05
1.6441e-05
1.87802e-05
6.60372e-06
1.93531e-05
-3.95339e-06
1.98687e-05
-1.4649e-05
2.03647e-05
-2.50854e-05
2.08637e-05
-3.50369e-05
2.13764e-05
-4.42032e-05
2.19069e-05
-5.23226e-05
2.24574e-05
-5.92542e-05
2.30293e-05
-6.49522e-05
2.3623e-05
-6.94365e-05
2.42377e-05
-7.2776e-05
2.48737e-05
-7.50593e-05
2.55319e-05
-7.63718e-05
2.62141e-05
-7.67855e-05
2.6923e-05
-7.63561e-05
2.76613e-05
-7.5128e-05
2.84316e-05
-7.31436e-05
2.92351e-05
-7.04489e-05
3.00715e-05
-6.71012e-05
3.0939e-05
-6.31706e-05
3.18344e-05
-5.87397e-05
3.27538e-05
-5.39002e-05
3.36929e-05
-4.87493e-05
3.46475e-05
-4.33835e-05
3.56139e-05
-3.78958e-05
3.65891e-05
-3.23721e-05
3.75707e-05
-2.68874e-05
3.85573e-05
-2.15051e-05
3.9548e-05
-1.62774e-05
4.05419e-05
-1.12466e-05
4.15384e-05
-6.44643e-06
4.25363e-05
-1.904e-06
4.35339e-05
2.3582e-06
4.45292e-05
6.3225e-06
4.55203e-05
9.97671e-06
4.6506e-05
1.33146e-05
4.7486e-05
1.63358e-05
4.84608e-05
1.90439e-05
4.94316e-05
2.14446e-05
5.04001e-05
2.35433e-05
5.13675e-05
2.53445e-05
5.23346e-05
2.68527e-05
5.33016e-05
2.80735e-05
5.42682e-05
2.90143e-05
5.52335e-05
2.96844e-05
5.61967e-05
3.00956e-05
5.71567e-05
3.02607e-05
5.81126e-05
3.01935e-05
5.90633e-05
2.99085e-05
6.00076e-05
2.94215e-05
6.09446e-05
2.87487e-05
6.18733e-05
2.7907e-05
6.27928e-05
2.69137e-05
6.37025e-05
2.57863e-05
6.4602e-05
2.45427e-05
6.54909e-05
2.32005e-05
6.63696e-05
2.17773e-05
6.72384e-05
2.02899e-05
6.80981e-05
1.87546e-05
6.89495e-05
1.71863e-05
6.97939e-05
1.55996e-05
7.06326e-05
1.40072e-05
7.1467e-05
1.24213e-05
7.22987e-05
1.0853e-05
7.31292e-05
9.31211e-06
7.39604e-05
7.8078e-06
7.4794e-05
6.3481e-06
7.56318e-05
4.94021e-06
7.64758e-05
3.59027e-06
7.73279e-05
2.30357e-06
7.81899e-05
1.0844e-06
7.90636e-05
-6.38302e-08
7.99508e-05
-1.1384e-06
8.0853e-05
-2.13757e-06
8.17716e-05
-3.05996e-06
8.27077e-05
-3.90518e-06
8.36624e-05
-4.67275e-06
8.46363e-05
-5.36332e-06
8.563e-05
-5.97684e-06
8.66436e-05
-6.51461e-06
8.76774e-05
-6.97657e-06
8.87311e-05
-7.3644e-06
8.98044e-05
-7.67777e-06
9.08968e-05
-7.91884e-06
9.20073e-05
-8.08725e-06
9.31348e-05
-8.18698e-06
9.42785e-05
-8.21284e-06
-8.17044e-06
9.54372e-05
3.93419e-06
5.76558e-06
6.42492e-06
3.31142e-06
9.14403e-06
-1.70018e-05
1.12137e-05
-1.13844e-05
1.28934e-05
1.4169e-05
1.43038e-05
2.78756e-05
1.55487e-05
2.90199e-05
1.66067e-05
2.37761e-05
1.74874e-05
1.55603e-05
1.82246e-05
5.86648e-06
1.88717e-05
-4.60051e-06
1.94736e-05
-1.52509e-05
2.00599e-05
-2.56718e-05
2.06474e-05
-3.56244e-05
2.12437e-05
-4.47995e-05
2.18516e-05
-5.29304e-05
2.24722e-05
-5.98749e-05
2.31065e-05
-6.55864e-05
2.37545e-05
-7.00844e-05
2.44153e-05
-7.34369e-05
2.50894e-05
-7.57334e-05
2.5778e-05
-7.70604e-05
2.64838e-05
-7.74912e-05
2.72103e-05
-7.70827e-05
2.7962e-05
-7.58797e-05
2.87428e-05
-7.39244e-05
2.95559e-05
-7.12619e-05
3.04026e-05
-6.79479e-05
3.12829e-05
-6.40509e-05
3.2195e-05
-5.96517e-05
3.31359e-05
-5.48411e-05
3.41018e-05
-4.97153e-05
3.5089e-05
-4.43707e-05
3.60935e-05
-3.89003e-05
3.71118e-05
-3.33904e-05
3.81413e-05
-2.79168e-05
3.91796e-05
-2.25435e-05
4.02253e-05
-1.7323e-05
4.12769e-05
-1.22983e-05
4.23334e-05
-7.50293e-06
4.33934e-05
-2.96399e-06
4.44553e-05
1.29638e-06
4.55171e-05
5.26066e-06
4.65774e-05
8.91638e-06
4.76354e-05
1.22567e-05
4.86907e-05
1.52804e-05
4.97442e-05
1.79905e-05
5.07968e-05
2.0392e-05
5.18498e-05
2.24904e-05
5.2904e-05
2.42903e-05
5.39599e-05
2.57967e-05
5.50175e-05
2.70159e-05
5.60762e-05
2.79556e-05
5.71352e-05
2.86254e-05
5.81934e-05
2.90374e-05
5.92498e-05
2.92043e-05
6.03033e-05
2.914e-05
6.13526e-05
2.88591e-05
6.23968e-05
2.83773e-05
6.34347e-05
2.77108e-05
6.44654e-05
2.68763e-05
6.5488e-05
2.58911e-05
6.65019e-05
2.47724e-05
6.75065e-05
2.35381e-05
6.85016e-05
2.22053e-05
6.94874e-05
2.07915e-05
7.04643e-05
1.9313e-05
7.14329e-05
1.7786e-05
7.2394e-05
1.62252e-05
7.33488e-05
1.46447e-05
7.42985e-05
1.30574e-05
7.52445e-05
1.14753e-05
7.61883e-05
9.90921e-06
7.71314e-05
8.36902e-06
7.80754e-05
6.86372e-06
7.90222e-05
5.4013e-06
7.99735e-05
3.9889e-06
8.09312e-05
2.63262e-06
8.1897e-05
1.33774e-06
8.28728e-05
1.08563e-07
8.38604e-05
-1.05141e-06
8.48614e-05
-2.13939e-06
8.58773e-05
-3.1535e-06
8.69096e-05
-4.0922e-06
8.79593e-05
-4.95489e-06
8.90275e-05
-5.74096e-06
9.01149e-05
-6.45076e-06
9.12223e-05
-7.08415e-06
9.23498e-05
-7.64211e-06
9.34977e-05
-8.12449e-06
9.4666e-05
-8.5327e-06
9.58545e-05
-8.86627e-06
9.70629e-05
-9.1272e-06
9.82903e-05
-9.31466e-06
9.95359e-05
-9.43255e-06
0.000100799
-9.47631e-06
-9.44961e-06
0.000102079
4.04431e-06
1.72127e-06
6.33241e-06
1.02332e-06
8.63448e-06
-1.93039e-05
1.05623e-05
-1.33122e-05
1.22524e-05
1.24788e-05
1.3695e-05
2.64331e-05
1.49609e-05
2.7754e-05
1.6044e-05
2.2693e-05
1.69664e-05
1.46378e-05
1.77654e-05
5.0675e-06
1.84899e-05
-5.32508e-06
1.91782e-05
-1.59392e-05
1.98537e-05
-2.63472e-05
2.05284e-05
-3.62991e-05
2.12076e-05
-4.54787e-05
2.18931e-05
-5.36159e-05
2.25851e-05
-6.05669e-05
2.32838e-05
-6.62851e-05
2.39887e-05
-7.07893e-05
2.4699e-05
-7.41472e-05
2.54148e-05
-7.64492e-05
2.61377e-05
-7.77833e-05
2.6871e-05
-7.82245e-05
2.76192e-05
-7.78309e-05
2.83879e-05
-7.66483e-05
2.91826e-05
-7.47191e-05
3.00082e-05
-7.20875e-05
3.08679e-05
-6.88076e-05
3.17631e-05
-6.4946e-05
3.26934e-05
-6.0582e-05
3.3657e-05
-5.58047e-05
3.4651e-05
-5.07092e-05
3.56717e-05
-4.53913e-05
3.67151e-05
-3.99437e-05
3.77775e-05
-3.44528e-05
3.88555e-05
-2.89949e-05
3.99465e-05
-2.36344e-05
4.10481e-05
-1.84246e-05
4.21585e-05
-1.34087e-05
4.32761e-05
-8.62054e-06
4.43993e-05
-4.08723e-06
4.55265e-05
1.6921e-07
4.6656e-05
4.1312e-06
4.77864e-05
7.78595e-06
4.89171e-05
1.1126e-05
5.0048e-05
1.41495e-05
5.11798e-05
1.68587e-05
5.23132e-05
1.92586e-05
5.34491e-05
2.13544e-05
5.45882e-05
2.31511e-05
5.57307e-05
2.46542e-05
5.68763e-05
2.58703e-05
5.80243e-05
2.68076e-05
5.91737e-05
2.7476e-05
6.03235e-05
2.78876e-05
6.14726e-05
2.80552e-05
6.26198e-05
2.79928e-05
6.37639e-05
2.77149e-05
6.49038e-05
2.72374e-05
6.60384e-05
2.65761e-05
6.71668e-05
2.57479e-05
6.82881e-05
2.47697e-05
6.94016e-05
2.36589e-05
7.05069e-05
2.24327e-05
7.16038e-05
2.11084e-05
7.26923e-05
1.9703e-05
7.37727e-05
1.82325e-05
7.48458e-05
1.67129e-05
7.59122e-05
1.51587e-05
7.6973e-05
1.35839e-05
7.80295e-05
1.2001e-05
7.90828e-05
1.0422e-05
8.01345e-05
8.85752e-06
8.1186e-05
7.3175e-06
8.22389e-05
5.81077e-06
8.3295e-05
4.34526e-06
8.43558e-05
2.92802e-06
8.54233e-05
1.56514e-06
8.64992e-05
2.61872e-07
8.75852e-05
-9.77437e-07
8.8683e-05
-2.14925e-06
8.97943e-05
-3.2507e-06
9.09206e-05
-4.27974e-06
9.20631e-05
-5.23476e-06
9.32232e-05
-6.11493e-06
9.44017e-05
-6.91953e-06
9.55996e-05
-7.64866e-06
9.68175e-05
-8.30205e-06
9.80559e-05
-8.88047e-06
9.9315e-05
-9.3836e-06
0.000100595
-9.81273e-06
0.000101896
-1.01671e-05
0.000103217
-1.04487e-05
0.000104559
-1.06561e-05
0.00010592
-1.07934e-05
0.0001073
-1.08566e-05
-1.08466e-05
0.000108697
4.04024e-06
-2.31897e-06
6.1675e-06
-1.10394e-06
8.14642e-06
-2.12828e-05
9.96118e-06
-1.51269e-05
1.16668e-05
1.07732e-05
1.31453e-05
2.49546e-05
1.44408e-05
2.64585e-05
1.55596e-05
2.15742e-05
1.65328e-05
1.36646e-05
1.73992e-05
4.20112e-06
1.82034e-05
-6.12927e-06
1.8978e-05
-1.67137e-05
1.97414e-05
-2.71107e-05
2.05023e-05
-3.706e-05
2.12642e-05
-4.62405e-05
2.20279e-05
-5.43796e-05
2.27927e-05
-6.13318e-05
2.35579e-05
-6.70503e-05
2.43227e-05
-7.1554e-05
2.50858e-05
-7.49103e-05
2.5847e-05
-7.72105e-05
2.66082e-05
-7.85445e-05
2.73729e-05
-7.89892e-05
2.81466e-05
-7.86045e-05
2.89358e-05
-7.74375e-05
2.97475e-05
-7.55309e-05
3.05883e-05
-7.29283e-05
3.14629e-05
-6.96822e-05
3.23745e-05
-6.58576e-05
3.33242e-05
-6.15317e-05
3.43113e-05
-5.67918e-05
3.53336e-05
-5.17316e-05
3.63879e-05
-4.64456e-05
3.74703e-05
-4.10261e-05
3.85768e-05
-3.55593e-05
3.97036e-05
-3.01217e-05
4.08474e-05
-2.47783e-05
4.20054e-05
-1.95826e-05
4.31752e-05
-1.45784e-05
4.43546e-05
-9.8e-06
4.5542e-05
-5.27461e-06
4.67355e-05
-1.0243e-06
4.79336e-05
2.93318e-06
4.91349e-05
6.58459e-06
5.03389e-05
9.922e-06
5.15456e-05
1.29428e-05
5.27554e-05
1.5649e-05
5.39689e-05
1.80451e-05
5.51868e-05
2.01365e-05
5.64094e-05
2.19285e-05
5.76367e-05
2.34269e-05
5.88682e-05
2.46388e-05
6.01032e-05
2.55726e-05
6.13405e-05
2.62386e-05
6.25792e-05
2.66488e-05
6.38181e-05
2.68163e-05
6.5056e-05
2.67549e-05
6.62916e-05
2.64793e-05
6.75239e-05
2.60051e-05
6.87518e-05
2.53482e-05
6.99743e-05
2.45253e-05
7.11907e-05
2.35534e-05
7.24002e-05
2.24493e-05
7.36024e-05
2.12305e-05
7.47972e-05
1.99137e-05
7.59845e-05
1.85156e-05
7.71647e-05
1.70523e-05
7.83383e-05
1.55393e-05
7.95061e-05
1.39909e-05
8.06691e-05
1.24208e-05
8.18284e-05
1.08417e-05
8.29853e-05
9.26511e-06
8.4141e-05
7.70178e-06
8.52971e-05
6.1614e-06
8.64551e-05
4.65278e-06
8.76166e-05
3.18376e-06
8.87833e-05
1.76134e-06
8.99568e-05
3.91569e-07
9.1139e-05
-9.20315e-07
9.23315e-05
-2.16994e-06
9.3536e-05
-3.35371e-06
9.4754e-05
-4.46871e-06
9.5987e-05
-5.51275e-06
9.72363e-05
-6.48411e-06
9.85032e-05
-7.38181e-06
9.97887e-05
-8.20499e-06
0.000101094
-8.95357e-06
0.000102419
-9.62715e-06
0.000103765
-1.02263e-05
0.000105131
-1.07505e-05
0.00010652
-1.12011e-05
0.00010793
-1.15768e-05
0.000109361
-1.188e-05
0.000110813
-1.21082e-05
0.000112286
-1.22662e-05
0.000113779
-1.23501e-05
-1.23583e-05
0.000115291
3.95358e-06
-6.27255e-06
5.95794e-06
-3.1083e-06
7.69282e-06
-2.30177e-05
9.41415e-06
-1.68483e-05
1.11371e-05
9.05024e-06
1.2655e-05
2.34367e-05
1.39881e-05
2.51254e-05
1.51517e-05
2.04105e-05
1.61832e-05
1.26332e-05
1.71214e-05
3.26292e-06
1.80068e-05
-7.01466e-06
1.88674e-05
-1.75743e-05
1.9718e-05
-2.79612e-05
2.05645e-05
-3.79066e-05
2.14093e-05
-4.70853e-05
2.22521e-05
-5.52225e-05
2.30915e-05
-6.21712e-05
2.39258e-05
-6.78846e-05
2.47534e-05
-7.23816e-05
2.55727e-05
-7.57296e-05
2.63833e-05
-7.80211e-05
2.71867e-05
-7.93479e-05
2.79869e-05
-7.97894e-05
2.87898e-05
-7.94074e-05
2.96029e-05
-7.82507e-05
3.04347e-05
-7.63627e-05
3.12931e-05
-7.37866e-05
3.21845e-05
-7.05736e-05
3.31136e-05
-6.67868e-05
3.40832e-05
-6.25012e-05
3.50937e-05
-5.78023e-05
3.6144e-05
-5.27819e-05
3.72314e-05
-4.7533e-05
3.83522e-05
-4.21468e-05
3.95022e-05
-3.67093e-05
4.06772e-05
-3.12968e-05
4.18736e-05
-2.59746e-05
4.30878e-05
-2.07968e-05
4.4317e-05
-1.58076e-05
4.55587e-05
-1.10417e-05
4.68108e-05
-6.5267e-06
4.80713e-05
-2.28484e-06
4.93387e-05
1.66581e-06
5.06117e-05
5.31162e-06
5.18896e-05
8.64411e-06
5.31722e-05
1.16601e-05
5.446e-05
1.43612e-05
5.57532e-05
1.67518e-05
5.70523e-05
1.88374e-05
5.83574e-05
2.06235e-05
5.96682e-05
2.21161e-05
6.09841e-05
2.33228e-05
6.23044e-05
2.42523e-05
6.36279e-05
2.49152e-05
6.49534e-05
2.53233e-05
6.62798e-05
2.54898e-05
6.7606e-05
2.54287e-05
6.89307e-05
2.51546e-05
7.02527e-05
2.4683e-05
7.15711e-05
2.40298e-05
7.2885e-05
2.32115e-05
7.41935e-05
2.22448e-05
7.5496e-05
2.11468e-05
7.6792e-05
1.99344e-05
7.80815e-05
1.86242e-05
7.93644e-05
1.72327e-05
8.0641e-05
1.57757e-05
8.19119e-05
1.42684e-05
8.31778e-05
1.2725e-05
8.44395e-05
1.11591e-05
8.56983e-05
9.58296e-06
8.69551e-05
8.00824e-06
8.82114e-05
6.44546e-06
8.94686e-05
4.90423e-06
9.07281e-05
3.39327e-06
9.19915e-05
1.92036e-06
9.32604e-05
4.92418e-07
9.45365e-05
-8.84517e-07
9.58214e-05
-2.20524e-06
9.71168e-05
-3.46535e-06
9.84243e-05
-4.66121e-06
9.97454e-05
-5.78982e-06
0.000101082
-6.8489e-06
0.000102434
-7.83665e-06
0.000103804
-8.75192e-06
0.000105193
-9.59375e-06
0.000106601
-1.03619e-05
0.00010803
-1.10558e-05
0.00010948
-1.16759e-05
0.000110951
-1.22216e-05
0.000112444
-1.26941e-05
0.000113959
-1.30916e-05
0.000115496
-1.34174e-05
0.000117055
-1.36668e-05
0.000118636
-1.38476e-05
0.000120238
-1.39517e-05
0.000121861
-1.39817e-05
-3.11833e-08
1.38205e-08
-1.68573e-08
-1.43244e-08
-1.49997e-08
-1.85707e-09
-3.28236e-08
1.78246e-08
-3.31968e-08
3.73413e-10
-3.28037e-08
-3.92969e-10
-3.19769e-08
-8.26775e-10
-3.3588e-08
1.6112e-09
-5.25816e-08
1.89936e-08
-1.13832e-07
6.12504e-08
-2.13175e-07
9.93433e-08
-3.18081e-07
1.04906e-07
-4.17076e-07
9.89956e-08
-5.099e-07
9.28245e-08
-5.71613e-07
6.17132e-08
-5.66365e-07
-5.24818e-09
-4.68058e-07
-9.83067e-08
-2.09815e-07
-2.58243e-07
1.53718e-07
-3.63533e-07
4.58019e-07
-3.04301e-07
6.99479e-07
-2.4146e-07
9.3224e-07
-2.32761e-07
1.2083e-06
-2.76055e-07
1.56707e-06
-3.58774e-07
2.00652e-06
-4.39451e-07
2.40763e-06
-4.01108e-07
2.71018e-06
-3.02551e-07
2.92512e-06
-2.14943e-07
3.02874e-06
-1.0362e-07
3.21443e-06
-1.85693e-07
3.33134e-06
-1.16912e-07
3.56851e-06
-2.37162e-07
-5.65307e-07
-1.00971e-07
2.62346e-08
-8.81729e-08
-2.71195e-08
-8.72528e-08
-2.77584e-09
-1.0523e-07
3.58026e-08
-1.06017e-07
1.16113e-09
-1.04111e-07
-2.29888e-09
-1.00753e-07
-4.18424e-09
-1.04664e-07
5.52222e-09
-1.6126e-07
7.55895e-08
-3.3764e-07
2.3763e-07
-6.07998e-07
3.69702e-07
-8.75627e-07
3.72535e-07
-1.11287e-06
3.36235e-07
-1.31974e-06
2.99695e-07
-1.44027e-06
1.82248e-07
-1.3934e-06
-5.2121e-08
-1.11632e-06
-3.75387e-07
-5.10701e-07
-8.6386e-07
3.31195e-07
-1.20543e-06
1.10047e-06
-1.07357e-06
1.69995e-06
-8.40941e-07
2.22406e-06
-7.56876e-07
2.78194e-06
-8.33932e-07
3.43638e-06
-1.01321e-06
4.15284e-06
-1.15591e-06
4.70503e-06
-9.533e-07
5.05962e-06
-6.5714e-07
5.29814e-06
-4.53469e-07
5.35435e-06
-1.59828e-07
5.65257e-06
-4.8391e-07
5.85275e-06
-3.17099e-07
6.12259e-06
-5.07005e-07
-1.51181e-06
-1.91789e-07
3.6235e-08
-1.80949e-07
-3.79552e-08
-1.80954e-07
-2.76915e-09
-1.9754e-07
5.23898e-08
-1.97647e-07
1.2682e-09
-1.92117e-07
-7.82795e-09
-1.83207e-07
-1.30946e-08
-1.85863e-07
8.17864e-09
-2.78923e-07
1.68649e-07
-5.70784e-07
5.29492e-07
-1.00753e-06
8.06444e-07
-1.42631e-06
7.91316e-07
-1.78287e-06
6.92801e-07
-2.07394e-06
5.90761e-07
-2.21639e-06
3.24698e-07
-2.09306e-06
-1.75447e-07
-1.62391e-06
-8.44545e-07
-7.24982e-07
-1.76278e-06
4.7138e-07
-2.40179e-06
1.61959e-06
-2.22179e-06
2.57796e-06
-1.79931e-06
3.4014e-06
-1.58032e-06
4.2108e-06
-1.64333e-06
5.0723e-06
-1.8747e-06
5.91618e-06
-1.9998e-06
6.4593e-06
-1.49642e-06
6.75153e-06
-9.49367e-07
6.95357e-06
-6.55514e-07
6.93125e-06
-1.37509e-07
7.30755e-06
-8.60202e-07
7.55837e-06
-5.67923e-07
7.81296e-06
-7.61599e-07
-2.72145e-06
-3.00355e-07
4.22558e-08
-2.91333e-07
-4.69722e-08
-2.91327e-07
-2.77337e-09
-3.03709e-07
6.47733e-08
-3.00488e-07
-1.95255e-09
-2.87838e-07
-2.04776e-08
-2.69339e-07
-3.15937e-08
-2.66391e-07
5.23089e-09
-3.90261e-07
2.9252e-07
-7.84687e-07
9.23918e-07
-1.36682e-06
1.38858e-06
-1.91498e-06
1.33948e-06
-2.37028e-06
1.1481e-06
-2.72485e-06
9.45326e-07
-2.87324e-06
4.73094e-07
-2.67254e-06
-3.76151e-07
-2.03655e-06
-1.48053e-06
-8.95586e-07
-2.90375e-06
5.91505e-07
-3.88888e-06
2.05503e-06
-3.68531e-06
3.33011e-06
-3.07439e-06
4.43692e-06
-2.68712e-06
5.48228e-06
-2.68869e-06
6.51568e-06
-2.9081e-06
7.43711e-06
-2.92123e-06
7.94129e-06
-2.0006e-06
8.16524e-06
-1.17332e-06
8.33307e-06
-8.23349e-07
8.24348e-06
-4.79146e-08
8.68018e-06
-1.2969e-06
8.96209e-06
-8.49829e-07
9.19889e-06
-9.98407e-07
-4.14121e-06
-4.15639e-07
4.30305e-08
-4.07486e-07
-5.51208e-08
-4.06115e-07
-4.1432e-09
-4.11748e-07
7.04081e-08
-4.02906e-07
-1.07938e-08
-3.81067e-07
-4.23167e-08
-3.51798e-07
-6.08629e-08
-3.43197e-07
-3.36984e-09
-4.9721e-07
4.46532e-07
-9.89418e-07
1.41613e-06
-1.70846e-06
2.10762e-06
-2.37746e-06
2.00848e-06
-2.92385e-06
1.6945e-06
-3.33494e-06
1.35641e-06
-3.48502e-06
6.23176e-07
-3.20963e-06
-6.51537e-07
-2.41905e-06
-2.27111e-06
-1.05266e-06
-4.27014e-06
7.09362e-07
-5.65091e-06
2.46853e-06
-5.44447e-06
4.04278e-06
-4.64864e-06
5.42922e-06
-4.07356e-06
6.71279e-06
-3.97226e-06
7.91166e-06
-4.10698e-06
8.89764e-06
-3.90721e-06
9.36154e-06
-2.4645e-06
9.5239e-06
-1.33567e-06
9.66268e-06
-9.62131e-07
9.51293e-06
1.01832e-07
1.00027e-05
-1.78663e-06
1.03065e-05
-1.15367e-06
1.05258e-05
-1.21768e-06
-5.75135e-06
-5.28544e-07
3.85888e-08
-5.20432e-07
-6.32287e-08
-5.17031e-07
-7.54199e-09
-5.15686e-07
6.90641e-08
-5.00933e-07
-2.55464e-08
-4.70214e-07
-7.30353e-08
-4.31406e-07
-9.96713e-08
-4.19434e-07
-1.53416e-08
-6.06056e-07
6.33155e-07
-1.19778e-06
2.00785e-06
-2.05418e-06
2.96402e-06
-2.84332e-06
2.79762e-06
-3.47942e-06
2.33059e-06
-3.94517e-06
1.82216e-06
-4.09532e-06
7.7333e-07
-3.74501e-06
-1.00184e-06
-2.80092e-06
-3.2152e-06
-1.20804e-06
-5.86302e-06
8.33445e-07
-7.69239e-06
2.89066e-06
-7.50169e-06
4.7648e-06
-6.52278e-06
6.43709e-06
-5.74585e-06
7.96926e-06
-5.50444e-06
9.33907e-06
-5.47679e-06
1.03905e-05
-4.95867e-06
1.08193e-05
-2.89331e-06
1.09262e-05
-1.44251e-06
1.10393e-05
-1.07527e-06
1.08326e-05
3.08577e-07
1.13729e-05
-2.32693e-06
1.16942e-05
-1.47496e-06
1.18949e-05
-1.41843e-06
-7.54551e-06
-6.38845e-07
2.96325e-08
-6.30346e-07
-7.1724e-08
-6.24795e-07
-1.30912e-08
-6.17351e-07
6.16218e-08
-5.97169e-07
-4.57285e-08
-5.58436e-07
-1.11767e-07
-5.11541e-07
-1.46566e-07
-4.98601e-07
-2.8282e-08
-7.21411e-07
8.55966e-07
-1.41769e-06
2.70413e-06
-2.41653e-06
3.96286e-06
-3.32922e-06
3.71032e-06
-4.05686e-06
3.05823e-06
-4.57772e-06
2.34302e-06
-4.72688e-06
9.22489e-07
-4.29877e-06
-1.42996e-06
-3.19579e-06
-4.31817e-06
-1.36652e-06
-7.6923e-06
9.68681e-07
-1.00276e-05
3.33773e-06
-9.87074e-06
5.52331e-06
-8.70836e-06
7.49478e-06
-7.71732e-06
9.29146e-06
-7.30112e-06
1.08451e-05
-7.03046e-06
1.19707e-05
-6.08422e-06
1.23714e-05
-3.29405e-06
1.24271e-05
-1.4982e-06
1.25168e-05
-1.16496e-06
1.22541e-05
5.71257e-07
1.28452e-05
-2.91802e-06
1.31818e-05
-1.81156e-06
1.33617e-05
-1.59832e-06
-9.52315e-06
-7.49999e-07
1.67192e-08
-7.40785e-07
-8.09351e-08
-7.32991e-07
-2.08835e-08
-7.20169e-07
4.8801e-08
-6.94889e-07
-7.10081e-08
-6.4873e-07
-1.57926e-07
-5.94858e-07
-2.00438e-07
-5.83167e-07
-3.99727e-08
-8.46325e-07
1.11912e-06
-1.65403e-06
3.51183e-06
-2.80298e-06
5.11181e-06
-3.84512e-06
4.75246e-06
-4.66811e-06
3.88122e-06
-5.24578e-06
2.92069e-06
-5.39284e-06
1.06955e-06
-4.88201e-06
-1.94079e-06
-3.61077e-06
-5.58941e-06
-1.53005e-06
-9.77302e-06
1.11888e-06
-1.26765e-05
3.82043e-06
-1.25723e-05
6.33626e-06
-1.12242e-05
8.62581e-06
-1.00069e-05
1.07075e-05
-9.38278e-06
1.24638e-05
-8.78678e-06
1.36774e-05
-7.29784e-06
1.40582e-05
-3.67481e-06
1.40659e-05
-1.50593e-06
1.41338e-05
-1.23287e-06
1.38153e-05
8.89749e-07
1.44592e-05
-3.56189e-06
1.48104e-05
-2.16273e-06
1.49657e-05
-1.75368e-06
-1.16863e-05
-8.65185e-07
6.87261e-11
-8.54863e-07
-9.12534e-08
-8.44579e-07
-3.11655e-08
-8.26668e-07
3.08909e-08
-7.96324e-07
-1.01352e-07
-7.43006e-07
-2.11244e-07
-6.83027e-07
-2.60417e-07
-6.748e-07
-4.81994e-08
-9.82925e-07
1.42725e-06
-1.90997e-06
4.43888e-06
-3.21833e-06
6.42017e-06
-4.39749e-06
5.93161e-06
-5.32104e-06
4.80477e-06
-5.95801e-06
3.55766e-06
-6.10159e-06
1.21313e-06
-5.50152e-06
-2.54085e-06
-4.0498e-06
-7.04113e-06
-1.69905e-06
-1.21238e-05
1.28765e-06
-1.56632e-05
4.34734e-06
-1.5632e-05
7.21768e-06
-1.40945e-05
9.84896e-06
-1.26381e-05
1.22405e-05
-1.17743e-05
1.42235e-05
-1.07698e-05
1.55439e-05
-8.6183e-06
1.59141e-05
-4.04494e-06
1.58766e-05
-1.46844e-06
1.59244e-05
-1.28067e-06
1.55499e-05
1.26419e-06
1.62499e-05
-4.26187e-06
1.6616e-05
-2.52882e-06
1.67419e-05
-1.87963e-06
-1.40377e-05
-9.86587e-07
-2.03978e-08
-9.74652e-07
-1.03185e-07
-9.61445e-07
-4.43713e-08
-9.38351e-07
7.79842e-09
-9.02723e-07
-1.36979e-07
-8.42299e-07
-2.71668e-07
-7.7699e-07
-3.25725e-07
-7.74606e-07
-5.05833e-08
-1.13272e-06
1.78537e-06
-2.18766e-06
5.49382e-06
-3.66576e-06
7.89826e-06
-4.99078e-06
7.25664e-06
-6.02115e-06
5.83514e-06
-6.72039e-06
4.25691e-06
-6.85874e-06
1.35148e-06
-6.16155e-06
-3.23805e-06
-4.51492e-06
-8.68776e-06
-1.87282e-06
-1.47659e-05
1.47891e-06
-1.90149e-05
4.92638e-06
-1.90795e-05
8.18005e-06
-1.73482e-05
1.11811e-05
-1.56392e-05
1.39115e-05
-1.45047e-05
1.61505e-05
-1.30088e-05
1.76013e-05
-1.00692e-05
1.79721e-05
-4.41569e-06
1.78924e-05
-1.38871e-06
1.79221e-05
-1.31038e-06
1.74917e-05
1.69451e-06
1.82523e-05
-5.02247e-06
1.86347e-05
-2.91115e-06
1.87251e-05
-1.97002e-06
-1.65801e-05
-1.11554e-06
-4.49999e-08
-1.10135e-06
-1.17375e-07
-1.08459e-06
-6.11282e-08
-1.05591e-06
-2.08793e-08
-1.01458e-06
-1.78312e-07
-9.46961e-07
-3.39282e-07
-8.77108e-07
-3.95579e-07
-8.83215e-07
-4.44765e-08
-1.2967e-06
2.19885e-06
-2.48835e-06
6.68546e-06
-4.14714e-06
9.55705e-06
-5.62787e-06
8.73737e-06
-6.77216e-06
6.97944e-06
-7.53698e-06
5.02172e-06
-7.66789e-06
1.48239e-06
-6.86444e-06
-4.0415e-06
-5.00663e-06
-1.05456e-05
-2.04959e-06
-1.77229e-05
1.69714e-06
-2.27617e-05
5.56558e-06
-2.29479e-05
9.23557e-06
-2.10182e-05
1.26386e-05
-1.90422e-05
1.57413e-05
-1.76073e-05
1.82707e-05
-1.55382e-05
1.98809e-05
-1.16794e-05
2.02663e-05
-4.80107e-06
2.01481e-05
-1.27051e-06
2.01624e-05
-1.32472e-06
1.96769e-05
2.18005e-06
2.05038e-05
-5.84935e-06
2.09048e-05
-3.31215e-06
2.09522e-05
-2.01747e-06
-1.93149e-05
-1.25267e-06
-7.42598e-08
-1.23541e-06
-1.34628e-07
-1.21428e-06
-8.22635e-08
-1.17935e-06
-5.58092e-08
-1.13171e-06
-2.25949e-07
-1.05673e-06
-4.14261e-07
-9.83175e-07
-4.69133e-07
-1.00074e-06
-2.69149e-08
-1.47524e-06
2.67336e-06
-2.81239e-06
8.02261e-06
-4.66313e-06
1.14078e-05
-6.31016e-06
1.03844e-05
-7.57618e-06
8.24545e-06
-8.41001e-06
5.85555e-06
-8.53073e-06
1.60311e-06
-7.61078e-06
-4.96145e-06
-5.52395e-06
-1.26324e-05
-2.22643e-06
-2.10204e-05
1.94772e-06
-2.69358e-05
6.27354e-06
-2.72737e-05
1.03968e-05
-2.51415e-05
1.42383e-05
-2.28837e-05
1.7751e-05
-2.112e-05
2.06109e-05
-1.83981e-05
2.24154e-05
-1.34839e-05
2.28332e-05
-5.21887e-06
2.26818e-05
-1.11906e-06
2.26845e-05
-1.32742e-06
2.21453e-05
2.71921e-06
2.30453e-05
-6.74931e-06
2.34685e-05
-3.73535e-06
2.34643e-05
-2.01333e-06
-2.22423e-05
-1.39791e-06
-1.08882e-07
-1.3766e-06
-1.5593e-07
-1.35005e-06
-1.08817e-07
-1.30796e-06
-9.78987e-08
-1.25326e-06
-2.8065e-07
-1.17068e-06
-4.96841e-07
-1.09434e-06
-5.45471e-07
-1.12663e-06
5.37785e-09
-1.66797e-06
3.2147e-06
-3.15908e-06
9.51373e-06
-5.21296e-06
1.34617e-05
-7.03743e-06
1.22089e-05
-8.43345e-06
9.64147e-06
-9.33976e-06
6.76186e-06
-9.44694e-06
1.71029e-06
-8.39922e-06
-6.00917e-06
-6.06414e-06
-1.49675e-05
-2.39892e-06
-2.46857e-05
2.23716e-06
-3.15719e-05
7.05987e-06
-3.20964e-05
1.16773e-05
-2.97589e-05
1.59979e-05
-2.72044e-05
1.99628e-05
-2.50849e-05
2.31992e-05
-2.16345e-05
2.524e-05
-1.55248e-05
2.57131e-05
-5.69192e-06
2.55358e-05
-9.41746e-07
2.55319e-05
-1.32353e-06
2.49419e-05
3.30918e-06
2.59228e-05
-7.73025e-06
2.63731e-05
-4.18559e-06
2.63075e-05
-1.94777e-06
-2.53601e-05
-1.55043e-06
-1.49745e-07
-1.52388e-06
-1.82475e-07
-1.49064e-06
-1.42053e-07
-1.44025e-06
-1.48287e-07
-1.37756e-06
-3.43344e-07
-1.28708e-06
-5.87317e-07
-1.20895e-06
-6.23605e-07
-1.2595e-06
5.59323e-08
-1.87347e-06
3.82867e-06
-3.52634e-06
1.11666e-05
-5.79409e-06
1.57294e-05
-7.8074e-06
1.42222e-05
-9.34201e-06
1.11761e-05
-1.03241e-05
7.74398e-06
-1.04137e-05
1.79991e-06
-9.22605e-06
-7.19686e-06
-6.62236e-06
-1.75712e-05
-2.56083e-06
-2.87472e-05
2.57355e-06
-3.67063e-05
7.93551e-06
-3.74584e-05
1.30917e-05
-3.49151e-05
1.79367e-05
-3.20494e-05
2.24009e-05
-2.9549e-05
2.60657e-05
-2.52992e-05
2.83929e-05
-1.7852e-05
2.89505e-05
-6.24954e-06
2.87577e-05
-7.48922e-07
2.87539e-05
-1.31976e-06
2.81174e-05
3.94562e-06
2.91884e-05
-8.80119e-06
2.96718e-05
-4.66904e-06
2.95338e-05
-1.80978e-06
-2.8664e-05
-1.70846e-06
-1.97894e-07
-1.67524e-06
-2.15688e-07
-1.63381e-06
-1.83481e-07
-1.57375e-06
-2.08347e-07
-1.50196e-06
-4.15135e-07
-1.40323e-06
-6.86048e-07
-1.32432e-06
-7.02519e-07
-1.39679e-06
1.28411e-07
-2.08896e-06
4.52083e-06
-3.91027e-06
1.29879e-05
-6.40173e-06
1.82209e-05
-8.61522e-06
1.64357e-05
-1.02971e-05
1.2858e-05
-1.1358e-05
8.80489e-06
-1.14253e-05
1.86718e-06
-1.00847e-05
-8.53752e-06
-7.19107e-06
-2.04647e-05
-2.70357e-06
-3.32347e-05
2.96692e-06
-4.23768e-05
8.9132e-06
-4.34046e-05
1.46569e-05
-4.06588e-05
2.00759e-05
-3.74685e-05
2.50913e-05
-3.45644e-05
2.92429e-05
-2.94508e-05
3.19155e-05
-2.05246e-05
3.25953e-05
-6.92936e-06
3.24013e-05
-5.5493e-07
3.24064e-05
-1.32489e-06
3.17296e-05
4.62242e-06
3.29006e-05
-9.97212e-06
3.34249e-05
-5.19335e-06
3.32025e-05
-1.58737e-06
-3.21469e-05
-1.86904e-06
-2.5454e-07
-1.82747e-06
-2.57248e-07
-1.77608e-06
-2.34865e-07
-1.70473e-06
-2.79691e-07
-1.62255e-06
-4.97321e-07
-1.51512e-06
-7.93475e-07
-1.43641e-06
-7.81226e-07
-1.53442e-06
2.26415e-07
-2.30975e-06
5.29616e-06
-4.30465e-06
1.49828e-05
-7.02817e-06
2.09444e-05
-9.45272e-06
1.88602e-05
-1.12905e-05
1.46957e-05
-1.24327e-05
9.9471e-06
-1.2472e-05
1.90654e-06
-1.09648e-05
-1.00448e-05
-7.75941e-06
-2.36701e-05
-2.8156e-06
-3.81785e-05
3.42986e-06
-4.86223e-05
1.00079e-05
-4.99827e-05
1.63916e-05
-4.70425e-05
2.24391e-05
-4.35159e-05
2.80629e-05
-4.01882e-05
3.27663e-05
-3.41543e-05
3.58535e-05
-2.36117e-05
3.67035e-05
-7.77936e-06
3.65279e-05
-3.79343e-07
3.65533e-05
-1.35027e-06
3.58443e-05
5.33139e-06
3.71261e-05
-1.12539e-05
3.77003e-05
-5.76761e-06
3.73807e-05
-1.26773e-06
-3.57988e-05
-2.02763e-06
-3.21057e-07
-1.97575e-06
-3.09113e-07
-1.91237e-06
-2.98243e-07
-1.82787e-06
-3.64192e-07
-1.73376e-06
-5.91425e-07
-1.61708e-06
-9.10154e-07
-1.53946e-06
-8.58853e-07
-1.66624e-06
3.53204e-07
-2.52867e-06
6.15859e-06
-4.70014e-06
1.71543e-05
-7.66194e-06
2.39062e-05
-1.03075e-05
2.15058e-05
-1.23092e-05
1.66974e-05
-1.35345e-05
1.11724e-05
-1.35395e-05
1.9115e-06
-1.18514e-05
-1.17328e-05
-8.31221e-06
-2.72093e-05
-2.88158e-06
-4.36091e-05
3.97821e-06
-5.5482e-05
1.12376e-05
-5.72421e-05
1.83176e-05
-5.41225e-05
2.50529e-05
-5.02513e-05
3.13479e-05
-4.64831e-05
3.66749e-05
-3.94813e-05
4.02567e-05
-2.71935e-05
4.13376e-05
-8.86024e-06
4.12068e-05
-2.48571e-07
4.12669e-05
-1.41033e-06
4.05363e-05
6.06197e-06
4.19405e-05
-1.26582e-05
4.25753e-05
-6.40235e-06
4.2145e-05
-8.37495e-07
-3.96069e-05
-2.17769e-06
-3.98987e-07
-2.11325e-06
-3.73546e-07
-2.03556e-06
-3.75932e-07
-1.93575e-06
-4.63992e-07
-1.82795e-06
-6.9923e-07
-1.70129e-06
-1.03681e-06
-1.62539e-06
-9.34751e-07
-1.78352e-06
5.11328e-07
-2.73526e-06
7.11033e-06
-5.08335e-06
1.95024e-05
-8.28678e-06
2.71096e-05
-1.11618e-05
2.43808e-05
-1.33347e-05
1.88703e-05
-1.4644e-05
1.24817e-05
-1.46072e-05
1.87468e-06
-1.27241e-05
-1.3616e-05
-8.82897e-06
-3.11044e-05
-2.88136e-06
-4.95567e-05
4.63193e-06
-6.29953e-05
1.26238e-05
-6.5234e-05
2.04603e-05
-6.19589e-05
2.79479e-05
-5.77388e-05
3.49825e-05
-5.35177e-05
4.10114e-05
-4.55103e-05
4.51799e-05
-3.1362e-05
4.65676e-05
-1.02479e-05
4.6517e-05
-1.97929e-07
4.663e-05
-1.52339e-06
4.5891e-05
6.80094e-06
4.74298e-05
-1.41969e-05
4.81369e-05
-7.10951e-06
4.75824e-05
-2.8299e-07
-4.35551e-05
-2.31007e-06
-4.9003e-07
-2.23047e-06
-4.53139e-07
-2.13585e-06
-4.70552e-07
-2.01829e-06
-5.81539e-07
-1.8947e-06
-8.22819e-07
-1.75712e-06
-1.17439e-06
-1.68323e-06
-1.00864e-06
-1.87407e-06
7.02175e-07
-2.91481e-06
8.15107e-06
-5.4357e-06
2.20233e-05
-8.88028e-06
3.05542e-05
-1.1991e-05
2.74916e-05
-1.43413e-05
2.12206e-05
-1.57343e-05
1.38747e-05
-1.56474e-05
1.78774e-06
-1.35548e-05
-1.57085e-05
-9.2825e-06
-3.53768e-05
-2.78876e-06
-5.60505e-05
5.41632e-06
-7.12004e-05
1.41929e-05
-7.40106e-05
2.28494e-05
-7.06154e-05
3.1159e-05
-6.60484e-05
3.90079e-05
-6.13666e-05
4.58238e-05
-5.23262e-05
5.06834e-05
-3.62216e-05
5.24715e-05
-1.2036e-05
5.25479e-05
-2.74307e-07
5.27371e-05
-1.71259e-06
5.2006e-05
7.53202e-06
5.36915e-05
-1.58824e-05
5.44843e-05
-7.9023e-06
5.37918e-05
4.09443e-07
-4.76244e-05
-2.41222e-06
-5.96037e-07
-2.31451e-06
-5.50838e-07
-2.20002e-06
-5.85038e-07
-2.06194e-06
-7.19619e-07
-1.92011e-06
-9.64649e-07
-1.7703e-06
-1.32419e-06
-1.69816e-06
-1.08079e-06
-1.92142e-06
9.25439e-07
-3.0472e-06
9.27685e-06
-5.73192e-06
2.4708e-05
-9.41227e-06
3.42346e-05
-1.2762e-05
3.08413e-05
-1.52941e-05
2.37527e-05
-1.67692e-05
1.53499e-05
-1.66229e-05
1.64144e-06
-1.43071e-05
-1.80243e-05
-9.63732e-06
-4.00465e-05
-2.57003e-06
-6.31177e-05
6.36335e-06
-8.01338e-05
1.59771e-05
-8.36243e-05
2.55205e-05
-8.01589e-05
3.47269e-05
-7.52548e-05
4.34712e-05
-7.01109e-05
5.11658e-05
-6.00207e-05
5.68331e-05
-4.18889e-05
5.91355e-05
-1.43385e-05
5.94009e-05
-5.39635e-07
5.96956e-05
-2.00734e-06
5.89921e-05
8.23553e-06
6.08365e-05
-1.77268e-05
6.17294e-05
-8.79518e-06
6.08856e-05
1.25321e-06
-5.17928e-05
-2.46721e-06
-7.18985e-07
-2.34808e-06
-6.69959e-07
-2.21045e-06
-7.22658e-07
-2.04866e-06
-8.81403e-07
-1.88569e-06
-1.12762e-06
-1.72192e-06
-1.48796e-06
-1.6505e-06
-1.15221e-06
-1.9036e-06
1.17854e-06
-3.10545e-06
1.04787e-05
-5.9382e-06
2.75407e-05
-9.84282e-06
3.81392e-05
-1.34309e-05
3.44294e-05
-1.61472e-05
2.64689e-05
-1.77011e-05
1.69038e-05
-1.74854e-05
1.42567e-06
-1.49331e-05
-2.05766e-05
-9.84764e-06
-4.5132e-05
-2.18194e-06
-7.07834e-05
7.51356e-06
-8.98293e-05
1.80164e-05
-9.41272e-05
2.85163e-05
-9.06588e-05
3.86996e-05
-8.54381e-05
4.84269e-05
-7.98382e-05
5.70986e-05
-6.86925e-05
6.3702e-05
-4.84923e-05
6.66548e-05
-1.72914e-05
6.71905e-05
-1.07532e-06
6.76283e-05
-2.44508e-06
6.69759e-05
8.88794e-06
6.89911e-05
-1.9742e-05
6.99996e-05
-9.80373e-06
6.89916e-05
2.26125e-06
-5.60351e-05
-2.45246e-06
-8.60941e-07
-2.3082e-06
-8.14205e-07
-2.1438e-06
-8.87044e-07
-1.9547e-06
-1.0705e-06
-1.76714e-06
-1.31518e-06
-1.58704e-06
-1.66806e-06
-1.51428e-06
-1.22497e-06
-1.79178e-06
1.45605e-06
-3.05407e-06
1.1741e-05
-6.01011e-06
3.04968e-05
-1.01197e-05
4.22488e-05
-1.39405e-05
3.82502e-05
-1.68406e-05
2.9369e-05
-1.84685e-05
1.85317e-05
-1.81725e-05
1.12969e-06
-1.5372e-05
-2.33771e-05
-9.85499e-06
-5.0649e-05
-1.56943e-06
-7.9069e-05
8.91828e-06
-0.000100317
2.03605e-05
-0.000105569
3.18884e-05
-0.000102187
4.31336e-05
-9.66833e-05
5.39383e-05
-9.06429e-05
6.36925e-05
-7.84467e-05
7.13706e-05
-5.61703e-05
7.51336e-05
-2.10544e-05
7.60459e-05
-1.9876e-06
7.66746e-05
-3.07384e-06
7.61013e-05
9.46126e-06
7.82989e-05
-2.19396e-05
7.94397e-05
-1.09445e-05
7.8255e-05
3.44597e-06
-6.03222e-05
-2.33809e-06
-1.024e-06
-2.16461e-06
-9.87673e-07
-1.96942e-06
-1.08222e-06
-1.74889e-06
-1.29103e-06
-1.53263e-06
-1.53143e-06
-1.33298e-06
-1.8677e-06
-1.25549e-06
-1.30247e-06
-1.54854e-06
1.7491e-06
-2.84714e-06
1.30396e-05
-5.88997e-06
3.35396e-05
-1.01757e-05
4.65345e-05
-1.42175e-05
4.2292e-05
-1.72976e-05
3.24492e-05
-1.89924e-05
2.02264e-05
-1.8605e-05
7.42333e-07
-1.55462e-05
-2.64358e-05
-9.58525e-06
-5.661e-05
-6.62787e-07
-8.79915e-05
1.06425e-05
-0.000111622
2.30717e-05
-0.000117999
3.57001e-05
-0.000114815
4.80966e-05
-0.00010908
6.00798e-05
-0.000102626
7.10289e-05
-8.93958e-05
7.99286e-05
-6.507e-05
8.46855e-05
-2.58113e-05
8.61113e-05
-3.41339e-06
8.69931e-05
-3.95565e-06
8.65326e-05
9.92176e-06
8.89234e-05
-2.43304e-05
9.02138e-05
-1.22349e-05
8.88407e-05
4.8191e-06
-6.46211e-05
-2.08486e-06
-1.21017e-06
-1.87767e-06
-1.19484e-06
-1.64722e-06
-1.31266e-06
-1.39056e-06
-1.54768e-06
-1.1407e-06
-1.78128e-06
-9.1719e-07
-2.09122e-06
-8.2979e-07
-1.38987e-06
-1.12568e-06
2.045e-06
-2.42613e-06
1.434e-05
-5.50407e-06
3.66176e-05
-9.92446e-06
5.09549e-05
-1.41678e-05
4.65354e-05
-1.74201e-05
3.57014e-05
-1.91727e-05
2.1979e-05
-1.86828e-05
2.52431e-07
-1.53582e-05
-2.97604e-05
-8.94508e-06
-6.30232e-05
6.25943e-07
-9.75625e-05
1.27682e-05
-0.000123765
2.62281e-05
-0.000131459
4.00295e-05
-0.000128616
5.36703e-05
-0.000122721
6.69395e-05
-0.000115895
7.92029e-05
-0.000101659
8.94768e-05
-7.53438e-05
9.5435e-05
-3.17696e-05
9.75476e-05
-5.52597e-06
9.87634e-05
-5.17149e-06
9.84571e-05
1.02281e-05
0.000101051
-2.69239e-05
0.000102509
-1.3693e-05
0.000100936
6.39181e-06
-6.8893e-05
-1.64137e-06
-1.42322e-06
-1.39565e-06
-1.44055e-06
-1.12493e-06
-1.58337e-06
-8.26796e-07
-1.8458e-06
-5.37455e-07
-2.07062e-06
-2.84352e-07
-2.34432e-06
-1.79642e-07
-1.49458e-06
-4.61479e-07
2.32684e-06
-1.71739e-06
1.55959e-05
-4.75956e-06
3.96597e-05
-9.25718e-06
5.54525e-05
-1.36732e-05
5.09515e-05
-1.70845e-05
3.91127e-05
-1.88836e-05
2.37781e-05
-1.82805e-05
-3.50642e-07
-1.46857e-05
-3.33552e-05
-7.81744e-06
-6.98914e-05
2.4073e-06
-0.000107787
1.53994e-05
-0.000136757
2.99283e-05
-0.000145987
4.49736e-05
-0.000143662
5.99543e-05
-0.000137701
7.46225e-05
-0.000130563
8.83265e-05
-0.000115363
0.000100131
-8.71481e-05
0.000107518
-3.91572e-05
0.000110531
-8.53879e-06
0.000112188
-6.82831e-06
0.000112088
1.03282e-05
0.000114893
-2.97287e-05
0.000116537
-1.53372e-05
0.000114754
8.17489e-06
-7.30923e-05
-9.40518e-07
-1.66861e-06
-6.51182e-07
-1.72986e-06
-3.34585e-07
-1.89995e-06
1.1126e-08
-2.19151e-06
3.46994e-07
-2.40649e-06
6.37184e-07
-2.63451e-06
7.69432e-07
-1.62683e-06
5.22938e-07
2.57333e-06
-6.2945e-07
1.67483e-05
-3.5414e-06
4.25717e-05
-8.0373e-06
5.99484e-05
-1.2585e-05
5.54992e-05
-1.61357e-05
4.26634e-05
-1.79674e-05
2.56098e-05
-1.72417e-05
-1.0763e-06
-1.33762e-05
-3.72207e-05
-6.05609e-06
-7.72115e-05
4.81985e-06
-0.000118663
1.86668e-05
-0.000150604
3.42965e-05
-0.000161617
5.06535e-05
-0.000160019
6.70706e-05
-0.000154119
8.32554e-05
-0.000146748
9.85325e-05
-0.00013064
0.000112025
-0.000100641
0.000121086
-4.82184e-05
0.000125254
-1.27066e-05
0.000127494
-9.06792e-06
0.000127667
1.01549e-05
0.000130691
-3.27522e-05
0.000132539
-1.71856e-05
0.000130535
1.0179e-05
-7.71639e-05
1.05067e-07
-1.95196e-06
4.43297e-07
-2.06807e-06
8.12094e-07
-2.26873e-06
1.21233e-06
-2.59173e-06
1.60317e-06
-2.79732e-06
1.94011e-06
-2.97144e-06
2.11359e-06
-1.80031e-06
1.92832e-06
2.7586e-06
9.50291e-07
1.77264e-05
-1.70975e-06
4.52317e-05
-6.09589e-06
6.43346e-05
-1.07182e-05
6.01215e-05
-1.43804e-05
4.63255e-05
-1.62279e-05
2.74573e-05
-1.53722e-05
-1.93196e-06
-1.12402e-05
-4.13527e-05
-3.4788e-06
-8.49729e-05
8.03693e-06
-0.000130179
2.27354e-05
-0.000165302
3.94897e-05
-0.000178371
5.72212e-05
-0.00017775
7.51704e-05
-0.000172068
9.29921e-05
-0.00016457
0.00010998
-0.000147628
0.00012532
-0.000115981
0.000136307
-5.92061e-05
0.000141924
-1.83228e-05
0.000144933
-1.20775e-05
0.000145469
9.61906e-06
0.00014872
-3.60028e-05
0.00015079
-1.92561e-05
0.000148554
1.24153e-05
-8.10405e-05
1.60896e-06
-2.27935e-06
2.00156e-06
-2.46064e-06
2.42973e-06
-2.69689e-06
2.8924e-06
-3.05439e-06
3.34828e-06
-3.2532e-06
3.74425e-06
-3.36741e-06
3.97678e-06
-2.03284e-06
3.88345e-06
2.85193e-06
3.15952e-06
1.84503e-05
9.02413e-07
4.74889e-05
-3.22691e-06
6.84639e-05
-7.84424e-06
6.47388e-05
-1.1579e-05
5.00603e-05
-1.34222e-05
2.93005e-05
-1.24319e-05
-2.92226e-06
-8.04287e-06
-4.57417e-05
1.41214e-07
-9.3157e-05
1.22751e-05
-0.000142313
2.78123e-05
-0.000180839
4.57063e-05
-0.000196265
6.48681e-05
-0.000196912
8.44417e-05
-0.000191641
0.000104021
-0.00018415
0.000122859
-0.000166466
0.000140205
-0.000133326
0.000153371
-7.23726e-05
0.000160761
-2.57128e-05
0.000164784
-1.61005e-05
0.000165802
8.60118e-06
0.000169292
-3.94925e-05
0.000171602
-2.15658e-05
0.000169121
1.4896e-05
-8.46385e-05
3.7188e-06
-2.65753e-06
4.1715e-06
-2.91332e-06
4.66712e-06
-3.19249e-06
5.20132e-06
-3.58859e-06
5.7342e-06
-3.78608e-06
6.20455e-06
-3.83776e-06
6.51868e-06
-2.34697e-06
6.5531e-06
2.81751e-06
6.16702e-06
1.88364e-05
4.49204e-06
4.91638e-05
8.16433e-07
7.21395e-05
-3.68426e-06
6.92395e-05
-7.43645e-06
5.38125e-05
-9.24984e-06
3.11139e-05
-8.12373e-06
-4.04837e-06
-3.49338e-06
-5.0372e-05
5.08594e-06
-0.000101736
1.78045e-05
-0.000155031
3.41581e-05
-0.000197193
5.31968e-05
-0.000215304
7.38357e-05
-0.000217551
9.51201e-05
-0.000212926
0.000116576
-0.000205605
0.000137404
-0.000187294
0.000156912
-0.000152834
0.000172497
-8.79578e-05
0.000182006
-3.52219e-05
0.000187351
-2.14453e-05
0.000189012
6.94033e-06
0.000192762
-4.32425e-05
0.000195329
-2.4133e-05
0.000192589
1.76353e-05
-8.78535e-05
6.62639e-06
-3.09408e-06
7.14538e-06
-3.4323e-06
7.71758e-06
-3.76467e-06
8.33381e-06
-4.20481e-06
8.95786e-06
-4.41012e-06
9.52148e-06
-4.40138e-06
9.94507e-06
-2.77056e-06
1.01485e-05
2.61409e-06
1.01822e-05
1.88026e-05
9.28954e-06
5.00566e-05
6.3229e-06
7.51062e-05
2.09809e-06
7.34644e-05
-1.5922e-06
5.75028e-05
-3.34197e-06
3.28637e-05
-2.08198e-06
-5.30835e-06
2.76776e-06
-5.52218e-05
1.17056e-05
-0.000110674
2.49625e-05
-0.000168288
4.20995e-05
-0.00021433
6.22769e-05
-0.000235482
8.44287e-05
-0.000239703
0.000107501
-0.000235998
0.000130945
-0.000229049
0.000153898
-0.000210247
0.00017572
-0.000174656
0.00019394
-0.000106178
0.000205919
-4.72002e-05
0.00021296
-2.84868e-05
0.000215479
4.42195e-06
0.000219529
-4.72926e-05
0.000222375
-2.69791e-05
0.000219359
2.06515e-05
-9.05534e-05
1.0581e-05
-3.59757e-06
1.11734e-05
-4.02462e-06
1.18326e-05
-4.42391e-06
1.25431e-05
-4.91526e-06
1.3275e-05
-5.14206e-06
1.39549e-05
-5.08124e-06
1.45216e-05
-3.33724e-06
1.4941e-05
2.19469e-06
1.54691e-05
1.82745e-05
1.55648e-05
4.9961e-05
1.3622e-05
7.7049e-05
9.90133e-06
7.7185e-05
6.39025e-06
6.10139e-05
4.75223e-06
3.45017e-05
6.14297e-06
-6.69909e-06
1.11847e-05
-6.02635e-05
2.04356e-05
-0.000119925
3.41696e-05
-0.000182022
5.20464e-05
-0.000232207
7.33445e-05
-0.00025678
9.70319e-05
-0.00026339
0.000121958
-0.000260925
0.000147492
-0.000254583
0.000172695
-0.00023545
0.000196973
-0.000198934
0.000218013
-0.000127218
0.000232798
-6.19854e-05
0.000241965
-3.76537e-05
0.000245621
7.65707e-07
0.000250044
-5.17152e-05
0.000253197
-3.01328e-05
0.000249881
2.39676e-05
-9.25713e-05
1.59071e-05
-4.17798e-06
1.65812e-05
-4.69879e-06
1.73399e-05
-5.18259e-06
1.81591e-05
-5.73446e-06
1.90187e-05
-6.00166e-06
1.98423e-05
-5.9048e-06
2.05917e-05
-4.08668e-06
2.12801e-05
1.50638e-06
2.23657e-05
1.71888e-05
2.36373e-05
4.86894e-05
2.30808e-05
7.76055e-05
2.01866e-05
8.00792e-05
1.70322e-05
6.41683e-05
1.55801e-05
3.59538e-05
1.71023e-05
-8.22129e-06
2.23062e-05
-6.54674e-05
3.18162e-05
-0.000129435
4.59506e-05
-0.000196157
6.45122e-05
-0.000250768
8.68999e-05
-0.000279167
0.00011213
-0.00028862
0.00013896
-0.000287755
0.000166671
-0.000282294
0.000194234
-0.000263013
0.000221091
-0.000225791
0.000245099
-0.000151226
0.000262995
-7.98805e-05
0.000274739
-4.93979e-05
0.000279889
-4.385e-06
0.000284809
-5.6635e-05
0.000288312
-3.36352e-05
0.000284667
2.76123e-05
-9.36981e-05
2.30271e-05
-4.84754e-06
2.37939e-05
-5.46551e-06
2.46671e-05
-6.05582e-06
2.56129e-05
-6.68021e-06
2.66237e-05
-7.01242e-06
2.76236e-05
-6.90473e-06
2.86017e-05
-5.0648e-06
2.96183e-05
4.89807e-07
3.13124e-05
1.54947e-05
3.38993e-05
4.61025e-05
3.5107e-05
7.63978e-05
3.34753e-05
8.17109e-05
3.09472e-05
6.66964e-05
2.98002e-05
3.71009e-05
3.14689e-05
-9.88995e-06
3.68091e-05
-7.08076e-05
4.65184e-05
-0.000139144
6.09604e-05
-0.000210599
8.01404e-05
-0.000269948
0.000103572
-0.000302599
0.000130334
-0.000315382
0.000159098
-0.000316519
0.000189052
-0.000312248
0.000219065
-0.000293025
0.000248598
-0.000255325
0.000275685
-0.000178313
0.000296933
-0.000101129
0.000311683
-6.41481e-05
0.000318764
-1.1466e-05
0.00032438
-6.22515e-05
0.000328294
-3.75491e-05
0.000324291
3.1616e-05
-9.3676e-05
3.24927e-05
-5.62007e-06
3.33674e-05
-6.34019e-06
3.43729e-05
-7.06135e-06
3.54684e-05
-7.77573e-06
3.66585e-05
-8.2025e-06
3.78739e-05
-8.12014e-06
3.91331e-05
-6.32398e-06
4.05444e-05
-9.21559e-07
4.28907e-05
1.31485e-05
4.68583e-05
4.21349e-05
5.01668e-05
7.30894e-05
5.03431e-05
8.15346e-05
4.88411e-05
6.81985e-05
4.81954e-05
3.77465e-05
5.00595e-05
-1.1754e-05
5.55236e-05
-7.62716e-05
6.53751e-05
-0.000148996
8.00193e-05
-0.000225243
9.97356e-05
-0.000289664
0.000124148
-0.000327011
0.000152409
-0.000343643
0.000183113
-0.000347223
0.000215352
-0.000344487
0.000247873
-0.000325546
0.000280145
-0.000287596
0.000310375
-0.000208543
0.000335137
-0.00012589
0.000353246
-8.22572e-05
0.000362755
-2.09753e-05
0.00036936
-6.8857e-05
0.000373783
-4.19715e-05
0.000369396
3.60032e-05
-9.21931e-05
3.70524e-05
-6.37243e-06
3.79161e-05
-7.20389e-06
3.89035e-05
-8.04876e-06
3.99962e-05
-8.86845e-06
4.11971e-05
-9.40337e-06
4.24653e-05
-9.38832e-06
4.38367e-05
-7.69543e-06
4.54458e-05
-2.53061e-06
4.80359e-05
1.05584e-05
5.25387e-05
3.76321e-05
5.72496e-05
6.83786e-05
5.93791e-05
7.94051e-05
5.94534e-05
6.81242e-05
5.96899e-05
3.751e-05
6.17056e-05
-1.37697e-05
6.67169e-05
-8.12829e-05
7.55419e-05
-0.000157821
8.86104e-05
-0.000238311
0.000106497
-0.000307551
0.000129062
-0.000349575
0.000155721
-0.000370302
0.000185292
-0.000376794
0.000217
-0.000376195
0.000249723
-0.00035827
0.000283082
-0.000320955
0.000315708
-0.000241169
0.000344605
-0.000154787
0.000368333
-0.000105986
0.00038446
-3.7102e-05
0.000397407
-8.18039e-05
0.000408704
-5.32686e-05
0.000411682
3.30256e-05
-9.77771e-05
4.34245e-05
-7.15585e-06
4.43277e-05
-8.10705e-06
4.53593e-05
-9.08038e-06
4.65127e-05
-1.00219e-05
4.77936e-05
-1.06843e-05
4.91802e-05
-1.07749e-05
5.07242e-05
-9.23943e-06
5.25814e-05
-4.38775e-06
5.54682e-05
7.67151e-06
6.04773e-05
3.26231e-05
6.63939e-05
6.2462e-05
7.02881e-05
7.55109e-05
7.18971e-05
6.65153e-05
7.30908e-05
3.63163e-05
7.54838e-05
-1.61626e-05
8.04613e-05
-8.62605e-05
8.8931e-05
-0.000166291
0.000101349
-0.000250729
0.000118522
-0.000324725
0.000140495
-0.000371548
0.000166849
-0.000396657
0.000196529
-0.000406473
0.000228827
-0.000408494
0.000262676
-0.000392118
0.000297783
-0.000356062
0.000333065
-0.000276451
0.000365869
-0.000187591
0.000394644
-0.000134761
0.00041675
-5.9208e-05
0.000435433
-0.000100487
0.000452751
-7.05868e-05
0.000462003
2.37732e-05
-0.0001088
4.98966e-05
-7.97775e-06
5.08453e-05
-9.05571e-06
5.19297e-05
-1.01648e-05
5.31518e-05
-1.12439e-05
5.45219e-05
-1.20544e-05
5.60347e-05
-1.22877e-05
5.77551e-05
-1.09599e-05
5.98545e-05
-6.48713e-06
6.30065e-05
4.51954e-06
6.83746e-05
2.7255e-05
7.52118e-05
5.56248e-05
8.06941e-05
7.00286e-05
8.39036e-05
6.33059e-05
8.62199e-05
3.39999e-05
8.91736e-05
-1.91163e-05
9.42867e-05
-9.13736e-05
0.000102594
-0.000174598
0.000114584
-0.000262719
0.000131246
-0.000341386
0.000152825
-0.000393127
0.000179046
-0.000422878
0.000208985
-0.000436413
0.000242016
-0.000441524
0.000277126
-0.000427228
0.000314108
-0.000393044
0.000352122
-0.000314465
0.000388896
-0.000224365
0.000422865
-0.000168731
0.000451473
-8.7816e-05
0.000476851
-0.000125864
0.000501344
-9.50805e-05
0.000518311
6.80614e-06
-0.000126491
5.64549e-05
-8.84448e-06
5.74558e-05
-1.00566e-05
5.86014e-05
-1.13105e-05
5.99008e-05
-1.25432e-05
6.13698e-05
-1.35235e-05
6.30175e-05
-1.39353e-05
6.492e-05
-1.28625e-05
6.72605e-05
-8.82758e-06
7.06637e-05
1.11633e-06
7.62995e-05
2.16192e-05
8.38206e-05
4.81037e-05
9.06837e-05
6.31655e-05
9.55059e-05
5.84837e-05
9.90974e-05
3.04085e-05
0.000102809
-2.28282e-05
0.000108238
-9.68025e-05
0.000116577
-0.000182936
0.000128362
-0.000274505
0.000144711
-0.000357736
0.000166095
-0.000414511
0.000192361
-0.000449144
0.00022273
-0.000466782
0.00025666
-0.000475454
0.000293203
-0.000463771
0.000332233
-0.000432074
0.000373113
-0.000355345
0.000413977
-0.000265229
0.000453312
-0.000208066
0.000488893
-0.000123397
0.000521907
-0.000158879
0.000554837
-0.00012801
0.0005812
-1.95564e-05
-0.00015235
6.3083e-05
-9.7624e-06
6.41433e-05
-1.11169e-05
6.53589e-05
-1.25261e-05
6.67449e-05
-1.39292e-05
6.83232e-05
-1.51017e-05
7.01152e-05
-1.57274e-05
7.22074e-05
-1.49546e-05
7.47918e-05
-1.1412e-05
7.84446e-05
-2.53652e-06
8.42994e-05
1.57645e-05
9.23242e-05
4.00788e-05
0.000100355
5.5135e-05
0.000106746
5.2093e-05
0.000111736
2.54175e-05
0.000116408
-2.75001e-05
0.000122348
-0.000102742
0.000130916
-0.000191504
0.00014272
-0.000286308
0.00015896
-0.000373977
0.000180354
-0.000435904
0.000206859
-0.000475648
0.000237845
-0.000497768
0.000272869
-0.000510478
0.000311052
-0.000501954
0.000352349
-0.00047337
0.000396293
-0.00039929
0.000441423
-0.000310359
0.000486339
-0.000252982
0.000529329
-0.000166387
0.00057088
-0.00020043
0.000613557
-0.000170687
0.000651244
-5.7244e-05
-0.000188237
6.97643e-05
-1.07381e-05
7.08916e-05
-1.22442e-05
7.21864e-05
-1.38209e-05
7.36691e-05
-1.54118e-05
7.53674e-05
-1.68e-05
7.73144e-05
-1.76744e-05
7.96054e-05
-1.72457e-05
8.24402e-05
-1.42467e-05
8.63498e-05
-6.44614e-06
9.24066e-05
9.70771e-06
0.000100812
3.16737e-05
0.00010981
4.61372e-05
0.000117676
4.42261e-05
0.000124153
1.89411e-05
0.000129978
-3.33254e-05
0.000136639
-0.000109403
0.00014564
-0.000200505
0.000157689
-0.000298357
0.000174039
-0.000390327
0.000195651
-0.000457516
0.000222608
-0.000502605
0.000254427
-0.000529587
0.000290768
-0.00054682
0.000330835
-0.000542021
0.000374667
-0.000517202
0.000421937
-0.00044656
0.000471579
-0.00036
0.000522347
-0.00030375
0.000573163
-0.000217202
0.00062411
-0.000251377
0.000677818
-0.000224396
0.000728989
-0.000108415
-0.000236456
7.64824e-05
-1.17787e-05
7.76849e-05
-1.34468e-05
7.90688e-05
-1.52047e-05
8.06589e-05
-1.70019e-05
8.24889e-05
-1.863e-05
8.46026e-05
-1.97881e-05
8.71039e-05
-1.9747e-05
9.01985e-05
-1.73412e-05
9.43783e-05
-1.0626e-05
0.000100642
3.44363e-06
0.000109355
2.29609e-05
0.000119149
3.63436e-05
0.000128369
3.50063e-05
0.000136373
1.09363e-05
0.000143524
-4.04763e-05
0.000151125
-0.000117004
0.000160771
-0.000210151
0.000173299
-0.000310885
0.000189998
-0.000407026
0.000212046
-0.000479565
0.000239687
-0.000530245
0.000272582
-0.000562483
0.000310503
-0.000584741
0.000352739
-0.000584257
0.000399423
-0.000563886
0.000450347
-0.000497485
0.000504823
-0.000414476
0.00056178
-0.000360708
0.000620848
-0.000276269
0.000682034
-0.000312563
0.000747976
-0.000290339
0.000814962
-0.000175401
-0.00029976
8.32224e-05
-1.28917e-05
8.4509e-05
-1.47334e-05
8.59922e-05
-1.66879e-05
8.77012e-05
-1.8711e-05
8.96756e-05
-2.06044e-05
9.19695e-05
-2.2082e-05
9.46946e-05
-2.24722e-05
9.80616e-05
-2.07082e-05
0.00010253
-1.50945e-05
0.000109023
-3.04898e-06
0.000118011
1.39728e-05
0.000128468
2.58863e-05
0.000138907
2.45671e-05
0.000148439
1.40518e-06
0.000157057
-4.90946e-05
0.000165818
-0.000125765
0.000176328
-0.000220661
0.00018958
-0.000324138
0.000206886
-0.000424331
0.000229607
-0.000502286
0.000258187
-0.000558825
0.000292431
-0.000596727
0.000332231
-0.000624541
0.00037697
-0.000628996
0.00042688
-0.000613795
0.000481857
-0.000552463
0.000541572
-0.00047419
0.000605138
-0.000424274
0.000672926
-0.000344058
0.0007452
-0.000384837
0.000824468
-0.000369606
0.000909694
-0.000260628
-0.000381297
8.99716e-05
-1.40852e-05
9.13518e-05
-1.61135e-05
9.29452e-05
-1.82813e-05
9.47857e-05
-2.05514e-05
9.69187e-05
-2.27374e-05
9.94079e-05
-2.45713e-05
0.000102373
-2.54367e-05
0.000106027
-2.4363e-05
0.000110807
-1.98741e-05
0.00011756
-9.8017e-06
0.000126822
4.71019e-06
0.000137855
1.48537e-05
0.000149387
1.30356e-05
0.000160406
-9.61472e-06
0.0001706
-5.92878e-05
0.000180733
-0.000135898
0.000192335
-0.000232263
0.000206565
-0.000338368
0.000224757
-0.000442523
0.000248409
-0.000525939
0.000278213
-0.000588628
0.000314112
-0.000632627
0.000356128
-0.000666557
0.000403752
-0.00067662
0.000457323
-0.000667367
0.00051683
-0.00061197
0.000582281
-0.000539641
0.000652978
-0.000494971
0.000730037
-0.000421116
0.000814284
-0.000469084
0.000907844
-0.000463167
0.00101374
-0.000366528
-0.00048452
9.67201e-05
-1.53681e-05
9.8204e-05
-1.75974e-05
9.99195e-05
-1.99969e-05
0.000101905
-2.2537e-05
0.000104212
-2.50448e-05
0.000106914
-2.72728e-05
0.000110136
-2.86586e-05
0.000114098
-2.83249e-05
0.000119214
-2.49905e-05
0.000126265
-1.68526e-05
0.000135824
-4.84871e-06
0.000147386
3.29174e-06
0.000159905
5.16885e-07
0.000172355
-2.20656e-05
0.000184196
-7.11285e-05
0.000195891
-0.000147593
0.000208821
-0.000245193
0.000224292
-0.000353839
0.000243667
-0.000461898
0.000268543
-0.000550815
0.000299885
-0.00061997
0.000337784
-0.000670526
0.000382398
-0.000711171
0.00043334
-0.000727561
0.000491069
-0.000725096
0.000555663
-0.000676563
0.000627446
-0.000611424
0.00070592
-0.000573445
0.000792919
-0.000508116
0.000890095
-0.00056626
0.000998828
-0.0005719
0.00112776
-0.000495461
-0.00061301
0.000103461
-1.67502e-05
0.00010506
-1.91965e-05
0.00010691
-2.18476e-05
0.000109056
-2.46827e-05
0.000111555
-2.75437e-05
0.000114487
-3.02052e-05
0.000117987
-3.21582e-05
0.000122279
-3.26165e-05
0.000127761
-3.04723e-05
0.000135153
-2.4245e-05
0.000145047
-1.47423e-05
0.000157127
-8.78829e-06
0.000170561
-1.29172e-05
0.000184382
-3.58872e-05
0.000197912
-8.46582e-05
0.000211333
-0.000161014
0.000225829
-0.000259689
0.000242814
-0.000370824
0.000263685
-0.000482768
0.000290111
-0.000577241
0.000323343
-0.000653202
0.000363626
-0.000710809
0.00041127
-0.000758815
0.00046602
-0.000782311
0.000528472
-0.000787548
0.000598794
-0.000746885
0.000677611
-0.000690242
0.00076464
-0.000660474
0.00086241
-0.000605886
0.000973581
-0.000677431
0.00109836
-0.000696679
0.00125256
-0.000649667
-0.000770241
0.000110189
-1.82423e-05
0.000111916
-2.09234e-05
0.000113917
-2.3848e-05
0.000116239
-2.70054e-05
0.000118948
-3.02527e-05
0.000122133
-3.33894e-05
0.000125934
-3.59593e-05
0.000130582
-3.72646e-05
0.000136462
-3.63526e-05
0.000144244
-3.20272e-05
0.000154524
-2.50221e-05
0.000167139
-2.14029e-05
0.000181452
-2.72304e-05
0.000196597
-5.1032e-05
0.000211837
-9.98981e-05
0.000227122
-0.000176299
0.000243422
-0.000275988
0.000262201
-0.000389603
0.000284891
-0.000505458
0.000313234
-0.000605584
0.000348744
-0.000688712
0.000391843
-0.000753908
0.000443002
-0.000809973
0.000502113
-0.000841423
0.000569927
-0.000855362
0.000646709
-0.000823667
0.000733373
-0.000776906
0.000829878
-0.000756979
0.000939444
-0.000715452
0.0010658
-0.000803785
0.00120762
-0.000838502
0.00138928
-0.000831327
-0.000959305
0.000116905
-1.98564e-05
0.000118774
-2.2792e-05
0.00012094
-2.60143e-05
0.000123458
-2.95233e-05
0.000126398
-3.31929e-05
0.000129858
-3.68494e-05
0.000133988
-4.00888e-05
0.000139023
-4.22999e-05
0.000145339
-4.2669e-05
0.000153565
-4.02528e-05
0.000164292
-3.57491e-05
0.000177481
-3.45922e-05
0.000192672
-4.24211e-05
0.000209116
-6.74758e-05
0.000226081
-0.000116863
0.000243351
-0.000193569
0.000261688
-0.000294325
0.000282546
-0.000410461
0.000307393
-0.000530306
0.000338055
-0.000636245
0.000376275
-0.000726932
0.000422671
-0.000800304
0.000477886
-0.000865188
0.00054198
-0.000905517
0.000615871
-0.000929252
0.000699941
-0.000907737
0.000795376
-0.000872341
0.000902432
-0.000864035
0.00102504
-0.000838065
0.00116787
-0.000946606
0.00132804
-0.000998681
0.00153948
-0.00104277
-0.00118263
0.00012361
-2.16051e-05
0.000125636
-2.48184e-05
0.000127986
-2.83638e-05
0.00013072
-3.22576e-05
0.000133915
-3.63881e-05
0.000137678
-4.06121e-05
0.000142166
-4.45773e-05
0.000147624
-4.77575e-05
0.00015442
-4.94649e-05
0.000163148
-4.89805e-05
0.000174392
-4.6993e-05
0.000188216
-4.84171e-05
0.000204316
-5.85203e-05
0.000222063
-8.52231e-05
0.000240776
-0.000135576
0.000260142
-0.000212935
0.000280746
-0.000314929
0.000303972
-0.000433687
0.00033133
-0.000557664
0.00036475
-0.000669665
0.000406155
-0.000768337
0.00045638
-0.000850529
0.000516253
-0.000925062
0.000586018
-0.000975282
0.000666787
-0.00101002
0.000759069
-0.00100002
0.000864319
-0.000977592
0.00098315
-0.000982866
0.00112032
-0.000975231
0.00128088
-0.00110717
0.00146134
-0.00117914
0.00170515
-0.00128658
-0.0014419
4.1605e-06
-8.1722e-06
6.00357e-06
-4.95137e-06
7.47373e-06
-2.44878e-05
9.01239e-06
-1.83869e-05
1.06341e-05
7.42857e-06
1.20651e-05
2.20056e-05
1.33105e-05
2.388e-05
1.43962e-05
1.93248e-05
1.53649e-05
1.16644e-05
1.62553e-05
2.37254e-06
1.71033e-05
-7.86261e-06
1.79323e-05
-1.84033e-05
1.87538e-05
-2.87828e-05
1.95718e-05
-3.87245e-05
2.0387e-05
-4.79005e-05
2.11987e-05
-5.60341e-05
2.20044e-05
-6.29769e-05
2.28017e-05
-6.86819e-05
2.35885e-05
-7.31683e-05
2.43626e-05
-7.65038e-05
2.51232e-05
-7.87817e-05
2.58715e-05
-8.00962e-05
2.66112e-05
-8.05291e-05
2.73483e-05
-8.01445e-05
2.80904e-05
-7.89927e-05
2.88461e-05
-7.71184e-05
2.96239e-05
-7.45644e-05
3.04311e-05
-7.13808e-05
3.12734e-05
-6.7629e-05
3.21543e-05
-6.33822e-05
3.30757e-05
-5.87237e-05
3.40372e-05
-5.37434e-05
3.50369e-05
-4.85326e-05
3.60715e-05
-4.31814e-05
3.71372e-05
-3.7775e-05
3.82301e-05
-3.23896e-05
3.93462e-05
-2.70907e-05
4.04819e-05
-2.19325e-05
4.16341e-05
-1.69598e-05
4.28003e-05
-1.22079e-05
4.39781e-05
-7.70452e-06
4.51656e-05
-3.47235e-06
4.63612e-05
4.70197e-07
4.75637e-05
4.10911e-06
4.87723e-05
7.43547e-06
4.99868e-05
1.04457e-05
5.12072e-05
1.31408e-05
5.24338e-05
1.55253e-05
5.36665e-05
1.76046e-05
5.49054e-05
1.93846e-05
5.61501e-05
2.08714e-05
5.74e-05
2.20729e-05
5.86542e-05
2.29981e-05
5.99116e-05
2.36577e-05
6.11714e-05
2.40636e-05
6.24323e-05
2.42289e-05
6.36933e-05
2.41676e-05
6.49534e-05
2.38945e-05
6.62115e-05
2.34249e-05
6.74667e-05
2.27745e-05
6.87182e-05
2.19599e-05
6.99654e-05
2.09976e-05
7.12077e-05
1.99045e-05
7.24447e-05
1.86973e-05
7.36763e-05
1.73925e-05
7.49026e-05
1.60064e-05
7.61237e-05
1.45546e-05
7.73402e-05
1.30519e-05
7.85526e-05
1.15126e-05
7.97618e-05
9.94987e-06
8.09686e-05
8.37607e-06
8.21742e-05
6.80264e-06
8.33797e-05
5.23999e-06
8.45862e-05
3.69769e-06
8.57951e-05
2.18434e-06
8.70078e-05
7.07685e-07
8.82256e-05
-7.25417e-07
8.94501e-05
-2.10897e-06
9.06826e-05
-3.43778e-06
9.19247e-05
-4.70741e-06
9.31777e-05
-5.91419e-06
9.44429e-05
-7.05507e-06
9.57217e-05
-8.1277e-06
9.70152e-05
-9.13017e-06
9.83246e-05
-1.00613e-05
9.96507e-05
-1.09199e-05
0.000100994
-1.17057e-05
0.000102357
-1.2418e-05
0.000103738
-1.30572e-05
0.000105139
-1.36222e-05
0.000106559
-1.4115e-05
0.000108
-1.45322e-05
0.000109462
-1.48796e-05
0.000110943
-1.51472e-05
0.000112448
-1.53525e-05
0.000113965
-1.54696e-05
-1.55304e-05
0.000115514
5.62471e-06
-9.63552e-06
7.5181e-06
-6.84476e-06
8.96873e-06
-2.59385e-05
1.05789e-05
-1.99971e-05
1.2391e-05
5.61646e-06
1.39927e-05
2.0404e-05
1.53695e-05
2.25032e-05
1.65639e-05
1.81305e-05
1.76327e-05
1.05956e-05
1.86215e-05
1.38365e-06
1.95689e-05
-8.80996e-06
2.04986e-05
-1.9333e-05
2.14217e-05
-2.97059e-05
2.23409e-05
-3.96438e-05
2.32564e-05
-4.8816e-05
2.41664e-05
-5.69441e-05
2.50674e-05
-6.38779e-05
2.59555e-05
-6.95701e-05
2.68276e-05
-7.40404e-05
2.76808e-05
-7.7357e-05
2.85135e-05
-7.96144e-05
2.93266e-05
-8.09093e-05
3.01244e-05
-8.13268e-05
3.09134e-05
-8.09336e-05
3.17028e-05
-7.9782e-05
3.25027e-05
-7.79183e-05
3.33237e-05
-7.53854e-05
3.41751e-05
-7.22322e-05
3.50643e-05
-6.85183e-05
3.59967e-05
-6.43146e-05
3.69754e-05
-5.97024e-05
3.80012e-05
-5.47691e-05
3.90726e-05
-4.9604e-05
4.01864e-05
-4.42953e-05
4.13387e-05
-3.89273e-05
4.25248e-05
-3.35757e-05
4.37401e-05
-2.8306e-05
4.49804e-05
-2.31729e-05
4.6242e-05
-1.82214e-05
4.75214e-05
-1.34873e-05
4.8816e-05
-8.99908e-06
5.01233e-05
-4.77964e-06
5.14414e-05
-8.47908e-07
5.27688e-05
2.7817e-06
5.41045e-05
6.09981e-06
5.54478e-05
9.10231e-06
5.67986e-05
1.179e-05
5.8157e-05
1.41669e-05
5.95227e-05
1.62389e-05
6.08955e-05
1.80117e-05
6.22749e-05
1.9492e-05
6.36602e-05
2.06876e-05
6.50504e-05
2.16079e-05
6.64443e-05
2.22637e-05
6.78408e-05
2.2667e-05
6.92388e-05
2.28309e-05
7.06371e-05
2.27693e-05
7.20346e-05
2.2497e-05
7.34302e-05
2.20293e-05
7.48229e-05
2.13817e-05
7.62121e-05
2.05707e-05
7.75969e-05
1.96128e-05
7.89768e-05
1.85246e-05
8.03515e-05
1.73226e-05
8.17208e-05
1.60233e-05
8.30847e-05
1.46425e-05
8.44436e-05
1.31957e-05
8.57978e-05
1.16977e-05
8.7148e-05
1.01623e-05
8.84951e-05
8.60279e-06
8.98399e-05
7.03123e-06
9.11835e-05
5.45897e-06
9.25272e-05
3.89632e-06
9.38721e-05
2.35275e-06
9.52197e-05
8.36799e-07
9.65712e-05
-6.43876e-07
9.79283e-05
-2.08247e-06
9.92923e-05
-3.47302e-06
0.000100665
-4.81033e-06
0.000102047
-6.08996e-06
0.000103441
-7.30819e-06
0.000104848
-8.46193e-06
0.000106269
-9.54873e-06
0.000107706
-1.05666e-05
0.000109159
-1.15143e-05
0.00011063
-1.23906e-05
0.000112119
-1.3195e-05
0.000113628
-1.39267e-05
0.000115156
-1.45861e-05
0.000116706
-1.51718e-05
0.000118277
-1.56861e-05
0.000119869
-1.61245e-05
0.000121485
-1.64949e-05
0.000123121
-1.67829e-05
0.000124782
-1.7014e-05
0.00012646
-1.71474e-05
-1.72404e-05
0.00012817
7.72804e-06
-1.07962e-05
9.55427e-06
-8.67099e-06
1.09008e-05
-2.7285e-05
1.25194e-05
-2.16156e-05
1.45388e-05
3.597e-06
1.63453e-05
1.85975e-05
1.78831e-05
2.09654e-05
1.92119e-05
1.68016e-05
2.04043e-05
9.40325e-06
2.15138e-05
2.74229e-07
2.2581e-05
-9.87719e-06
2.36305e-05
-2.03825e-05
2.46731e-05
-3.07485e-05
2.57108e-05
-4.06815e-05
2.6743e-05
-4.98482e-05
2.7767e-05
-5.79681e-05
2.87781e-05
-6.48889e-05
2.97708e-05
-7.05628e-05
3.07408e-05
-7.50104e-05
3.16841e-05
-7.83002e-05
3.25983e-05
-8.05286e-05
3.3484e-05
-8.1795e-05
3.43456e-05
-8.21883e-05
3.51907e-05
-8.17787e-05
3.60297e-05
-8.0621e-05
3.68748e-05
-7.87634e-05
3.77388e-05
-7.62494e-05
3.86333e-05
-7.31267e-05
3.95679e-05
-6.94529e-05
4.05501e-05
-6.52968e-05
4.15848e-05
-6.0737e-05
4.2674e-05
-5.58584e-05
4.38173e-05
-5.07473e-05
4.50118e-05
-4.54898e-05
4.62534e-05
-4.01688e-05
4.75369e-05
-3.48593e-05
4.88573e-05
-2.96263e-05
5.02095e-05
-2.4525e-05
5.15888e-05
-1.96008e-05
5.29914e-05
-1.48899e-05
5.44136e-05
-1.04213e-05
5.58524e-05
-6.21853e-06
5.73057e-05
-2.30111e-06
5.87713e-05
1.3161e-06
6.02477e-05
4.62337e-06
6.17339e-05
7.61605e-06
6.32295e-05
1.02944e-05
6.47341e-05
1.26623e-05
6.62473e-05
1.47257e-05
6.77686e-05
1.64905e-05
6.92972e-05
1.79633e-05
7.08325e-05
1.91523e-05
7.23732e-05
2.00672e-05
7.3918e-05
2.07189e-05
7.54657e-05
2.11193e-05
7.70151e-05
2.12814e-05
7.8565e-05
2.12194e-05
8.01141e-05
2.09478e-05
8.16613e-05
2.0482e-05
8.32057e-05
1.98374e-05
8.47463e-05
1.90301e-05
8.62824e-05
1.80766e-05
8.78135e-05
1.69934e-05
8.93393e-05
1.57968e-05
9.08595e-05
1.4503e-05
9.23742e-05
1.31277e-05
9.38837e-05
1.16862e-05
9.53885e-05
1.01929e-05
9.68891e-05
8.66165e-06
9.83865e-05
7.10541e-06
9.98816e-05
5.53617e-06
0.000101375
3.96513e-06
0.000102869
2.40251e-06
0.000104364
8.57667e-07
0.000105862
-6.6095e-07
0.000107364
-2.14577e-06
0.000108871
-3.59003e-06
0.000110386
-4.98781e-06
0.00011191
-6.33391e-06
0.000113444
-7.62386e-06
0.000114989
-8.85393e-06
0.000116548
-1.0021e-05
0.000118122
-1.11225e-05
0.000119712
-1.21564e-05
0.000121319
-1.31213e-05
0.000122944
-1.4016e-05
0.000124589
-1.48399e-05
0.000126255
-1.55919e-05
0.000127941
-1.62726e-05
0.00012965
-1.68802e-05
0.000131381
-1.74173e-05
0.000133135
-1.78786e-05
0.000134913
-1.82732e-05
0.000136714
-1.85841e-05
0.000138542
-1.88416e-05
0.00014039
-1.89958e-05
-1.91207e-05
0.000142271
1.06033e-05
-1.19172e-05
1.23191e-05
-1.03867e-05
1.34495e-05
-2.84154e-05
1.49584e-05
-2.31246e-05
1.71853e-05
1.37008e-06
1.92348e-05
1.6548e-05
2.09705e-05
1.92297e-05
2.24663e-05
1.53059e-05
2.38114e-05
8.05816e-06
2.50679e-05
-9.82355e-07
2.62794e-05
-1.10886e-05
2.74708e-05
-2.15739e-05
2.86535e-05
-3.19312e-05
2.98287e-05
-4.18567e-05
3.09951e-05
-5.10146e-05
3.21496e-05
-5.91226e-05
3.3286e-05
-6.60253e-05
3.43973e-05
-7.16742e-05
3.54776e-05
-7.60906e-05
3.65217e-05
-7.93443e-05
3.75263e-05
-8.15331e-05
3.84915e-05
-8.27603e-05
3.94221e-05
-8.31189e-05
4.03267e-05
-8.26833e-05
4.12172e-05
-8.15115e-05
4.21079e-05
-7.96541e-05
4.30139e-05
-7.71553e-05
4.39495e-05
-7.40623e-05
4.4927e-05
-7.04304e-05
4.59561e-05
-6.6326e-05
4.7044e-05
-6.18249e-05
4.81945e-05
-5.70089e-05
4.94084e-05
-5.19612e-05
5.06835e-05
-4.67649e-05
5.20157e-05
-4.1501e-05
5.33998e-05
-3.62433e-05
5.48298e-05
-3.10564e-05
5.63e-05
-2.59952e-05
5.78051e-05
-2.11059e-05
5.93401e-05
-1.64248e-05
6.09006e-05
-1.19817e-05
6.24829e-05
-7.80087e-06
6.40841e-05
-3.90231e-06
6.57016e-05
-3.014e-07
6.73332e-05
2.99176e-06
6.89773e-05
5.97199e-06
7.06328e-05
8.63887e-06
7.22991e-05
1.0996e-05
7.39754e-05
1.30493e-05
7.56609e-05
1.4805e-05
7.73547e-05
1.62696e-05
7.90557e-05
1.74512e-05
8.07627e-05
1.83602e-05
8.24743e-05
1.90073e-05
8.41889e-05
1.94046e-05
8.59055e-05
1.95648e-05
8.76225e-05
1.95023e-05
8.93388e-05
1.92316e-05
9.10529e-05
1.87679e-05
9.2764e-05
1.81263e-05
9.44711e-05
1.73229e-05
9.61735e-05
1.63742e-05
9.78706e-05
1.52963e-05
9.95621e-05
1.41054e-05
0.000101248
1.28174e-05
0.000102927
1.14479e-05
0.000104602
1.00119e-05
0.000106271
8.52368e-06
0.000107936
6.99684e-06
0.000109597
5.44417e-06
0.000111256
3.87753e-06
0.000112913
2.30796e-06
0.00011457
7.45574e-07
0.000116228
-8.00383e-07
0.000117888
-2.32157e-06
0.000119553
-3.81049e-06
0.000121223
-5.26044e-06
0.000122901
-6.6655e-06
0.000124588
-8.0205e-06
0.000126285
-9.32097e-06
0.000127994
-1.05631e-05
0.000129717
-1.17438e-05
0.000131455
-1.28604e-05
0.000133209
-1.39108e-05
0.000134981
-1.48936e-05
0.000136773
-1.58073e-05
0.000138584
-1.66514e-05
0.000140417
-1.74247e-05
0.000142272
-1.81276e-05
0.00014415
-1.87583e-05
0.000146052
-1.93192e-05
0.000147978
-1.9805e-05
0.00014993
-2.0225e-05
0.000151907
-2.05613e-05
0.000153912
-2.08459e-05
0.000155941
-2.1025e-05
-2.1182e-05
0.000158002
1.43666e-05
-1.32273e-05
1.60474e-05
-1.20675e-05
1.68603e-05
-2.92283e-05
1.80776e-05
-2.43418e-05
2.04769e-05
-1.02929e-06
2.28069e-05
1.4218e-05
2.47851e-05
1.72515e-05
2.64883e-05
1.36027e-05
2.80219e-05
6.52448e-06
2.9458e-05
-2.41846e-06
3.08427e-05
-1.24733e-05
3.2202e-05
-2.29332e-05
3.35483e-05
-3.32774e-05
3.48821e-05
-4.31905e-05
3.62016e-05
-5.23341e-05
3.75033e-05
-6.04244e-05
3.87801e-05
-6.73021e-05
4.00231e-05
-7.29171e-05
4.12248e-05
-7.72923e-05
4.23789e-05
-8.04984e-05
4.34813e-05
-8.26355e-05
4.45318e-05
-8.38107e-05
4.55352e-05
-8.41223e-05
4.65016e-05
-8.36497e-05
4.74442e-05
-8.24541e-05
4.83794e-05
-8.05892e-05
4.93252e-05
-7.81012e-05
5.02989e-05
-7.50359e-05
5.13154e-05
-7.14469e-05
5.23873e-05
-6.73978e-05
5.35241e-05
-6.29617e-05
5.4732e-05
-5.82167e-05
5.60133e-05
-5.32425e-05
5.7367e-05
-4.81186e-05
5.87893e-05
-4.29232e-05
6.02749e-05
-3.77289e-05
6.18175e-05
-3.2599e-05
6.34106e-05
-2.75883e-05
6.5048e-05
-2.27433e-05
6.67238e-05
-1.81006e-05
6.84326e-05
-1.36905e-05
7.01699e-05
-9.5381e-06
7.19318e-05
-5.66421e-06
7.3715e-05
-2.08464e-06
7.55165e-05
1.19026e-06
7.73338e-05
4.15471e-06
7.91652e-05
6.80744e-06
8.10096e-05
9.15158e-06
8.28657e-05
1.11932e-05
8.47323e-05
1.29384e-05
8.66081e-05
1.43937e-05
8.8492e-05
1.55673e-05
9.03825e-05
1.64697e-05
9.22778e-05
1.7112e-05
9.41765e-05
1.75059e-05
9.60771e-05
1.76642e-05
9.79783e-05
1.76011e-05
9.98784e-05
1.73314e-05
0.000101776
1.687e-05
0.000103671
1.62319e-05
0.000105561
1.54329e-05
0.000107445
1.44893e-05
0.000109325
1.34171e-05
0.000111198
1.22324e-05
0.000113064
1.09507e-05
0.000114924
9.58755e-06
0.000116779
8.15756e-06
0.000118628
6.67493e-06
0.000120471
5.15299e-06
0.000122311
3.60437e-06
0.000124148
2.04078e-06
0.000125983
4.73115e-07
0.000127817
-1.08865e-06
0.000129652
-2.6354e-06
0.000131489
-4.15889e-06
0.00013333
-5.65169e-06
0.000135177
-7.10716e-06
0.000137031
-8.51941e-06
0.000138894
-9.88327e-06
0.000140767
-1.11943e-05
0.000142653
-1.24486e-05
0.000144552
-1.3643e-05
0.000146466
-1.4775e-05
0.000148398
-1.58423e-05
0.000150348
-1.68433e-05
0.000152317
-1.77766e-05
0.000154307
-1.86415e-05
0.000156319
-1.94368e-05
0.000158354
-2.01627e-05
0.000160414
-2.08175e-05
0.000162498
-2.14033e-05
0.000164608
-2.19151e-05
0.000166745
-2.23617e-05
0.000168909
-2.27257e-05
0.000171101
-2.30383e-05
0.000173322
-2.3246e-05
-2.34356e-05
0.000175576
1.90885e-05
-1.4884e-05
2.09223e-05
-1.39013e-05
2.14138e-05
-2.97198e-05
2.21406e-05
-2.50686e-05
2.46171e-05
-3.5058e-06
2.72539e-05
1.15812e-05
2.95254e-05
1.498e-05
3.14853e-05
1.16428e-05
3.32517e-05
4.75815e-06
3.49066e-05
-4.0734e-06
3.64994e-05
-1.40661e-05
3.80573e-05
-2.44912e-05
3.95944e-05
-3.48145e-05
4.11103e-05
-4.47065e-05
4.26027e-05
-5.38265e-05
4.40683e-05
-6.18899e-05
4.54995e-05
-6.87333e-05
4.68854e-05
-7.43031e-05
4.82172e-05
-7.86241e-05
4.9488e-05
-8.17692e-05
5.0693e-05
-8.38405e-05
5.18316e-05
-8.49493e-05
5.29092e-05
-8.51999e-05
5.39369e-05
-8.46774e-05
5.493e-05
-8.34472e-05
5.59069e-05
-8.15661e-05
5.68887e-05
-7.9083e-05
5.78955e-05
-7.60427e-05
5.89454e-05
-7.24968e-05
6.0054e-05
-6.85064e-05
6.12336e-05
-6.41413e-05
6.24929e-05
-5.94761e-05
6.38364e-05
-5.4586e-05
6.52644e-05
-4.95465e-05
6.67738e-05
-4.44327e-05
6.83597e-05
-3.93148e-05
7.00155e-05
-3.42548e-05
7.17341e-05
-2.9307e-05
7.35085e-05
-2.45177e-05
7.53319e-05
-1.9924e-05
7.71976e-05
-1.55563e-05
7.91001e-05
-1.14406e-05
8.10345e-05
-7.59869e-06
8.29969e-05
-4.04694e-06
8.49828e-05
-7.95717e-07
8.69888e-05
2.14867e-06
8.90125e-05
4.7838e-06
9.10519e-05
7.11213e-06
9.31053e-05
9.13975e-06
9.51707e-05
1.0873e-05
9.72465e-05
1.23179e-05
9.93314e-05
1.34824e-05
0.000101424
1.43774e-05
0.000103521
1.50145e-05
0.000105622
1.54049e-05
0.000107725
1.55612e-05
0.000109828
1.54976e-05
0.000111931
1.52291e-05
0.00011403
1.47706e-05
0.000116125
1.41365e-05
0.000118216
1.33423e-05
0.000120301
1.24044e-05
0.000122379
1.13387e-05
0.000124451
1.01607e-05
0.000126515
8.88612e-06
0.000128573
7.52993e-06
0.000130624
6.10668e-06
0.000132668
4.63032e-06
0.000134707
3.11399e-06
0.000136742
1.5701e-06
0.000138772
1.02118e-08
0.0001408
-1.55494e-06
0.000142827
-3.11553e-06
0.000144854
-4.66257e-06
0.000146883
-6.18792e-06
0.000148916
-7.68421e-06
0.000150953
-9.14487e-06
0.000152998
-1.0564e-05
0.000155051
-1.19365e-05
0.000157115
-1.32579e-05
0.000159191
-1.45243e-05
0.00016128
-1.57326e-05
0.000163385
-1.688e-05
0.000165507
-1.79643e-05
0.000167648
-1.89838e-05
0.000169808
-1.99371e-05
0.00017199
-2.08233e-05
0.000174194
-2.16411e-05
0.000176422
-2.23908e-05
0.000178675
-2.30705e-05
0.000180954
-2.36822e-05
0.00018326
-2.42212e-05
0.000185594
-2.46956e-05
0.000187958
-2.50892e-05
0.00019035
-2.54311e-05
0.000192775
-2.56702e-05
-2.58933e-05
0.000195232
2.48324e-05
-1.69386e-05
2.70083e-05
-1.60772e-05
2.73447e-05
-3.00562e-05
2.75103e-05
-2.52342e-05
2.98933e-05
-5.88878e-06
3.28335e-05
8.64096e-06
3.545e-05
1.23634e-05
3.77246e-05
9.36822e-06
3.97768e-05
2.70592e-06
4.1698e-05
-5.99463e-06
4.35408e-05
-1.59089e-05
4.53338e-05
-2.62842e-05
4.70935e-05
-3.65742e-05
4.88181e-05
-4.64311e-05
5.05043e-05
-5.55128e-05
5.21496e-05
-6.35352e-05
5.3747e-05
-7.03307e-05
5.52842e-05
-7.58403e-05
5.67506e-05
-8.00905e-05
5.81396e-05
-8.31582e-05
5.94467e-05
-8.51475e-05
6.06716e-05
-8.61742e-05
6.18203e-05
-8.63485e-05
6.29054e-05
-8.57625e-05
6.39442e-05
-8.44859e-05
6.49571e-05
-8.25791e-05
6.59683e-05
-8.0094e-05
6.70009e-05
-7.70754e-05
6.80763e-05
-7.35721e-05
6.9213e-05
-6.96431e-05
7.04269e-05
-6.53551e-05
7.17294e-05
-6.07786e-05
7.31273e-05
-5.59839e-05
7.46224e-05
-5.10416e-05
7.62131e-05
-4.60233e-05
7.7895e-05
-4.09966e-05
7.96617e-05
-3.60215e-05
8.15057e-05
-3.1151e-05
8.34192e-05
-2.64312e-05
8.53944e-05
-2.18991e-05
8.74235e-05
-1.75854e-05
8.94997e-05
-1.35167e-05
9.1617e-05
-9.71601e-06
9.37703e-05
-6.20022e-06
9.59542e-05
-2.97969e-06
9.8164e-05
-6.10891e-08
0.000100396
2.55189e-06
0.000102647
4.86069e-06
0.000104916
6.87141e-06
0.000107198
8.59054e-06
0.000109492
1.00234e-05
0.000111797
1.11775e-05
0.00011411
1.20643e-05
0.000116429
1.26955e-05
0.000118752
1.30823e-05
0.000121076
1.32365e-05
0.000123401
1.31725e-05
0.000125725
1.29056e-05
0.000128045
1.24505e-05
0.000130361
1.1821e-05
0.00013267
1.10323e-05
0.000134974
1.01009e-05
0.00013727
9.04247e-06
0.000139559
7.87221e-06
0.000141839
6.60549e-06
0.000144112
5.25719e-06
0.000146377
3.8416e-06
0.000148635
2.37242e-06
0.000150886
8.62586e-07
0.000153132
-6.7569e-07
0.000155373
-2.23103e-06
0.000157611
-3.79289e-06
0.000159847
-5.35157e-06
0.000162083
-6.89823e-06
0.00016432
-8.42479e-06
0.000166559
-9.924e-06
0.000168804
-1.13893e-05
0.000171055
-1.28149e-05
0.000173314
-1.41956e-05
0.000175583
-1.55271e-05
0.000177864
-1.68054e-05
0.000180159
-1.80273e-05
0.000182469
-1.919e-05
0.000184796
-2.02913e-05
0.000187141
-2.13295e-05
0.000189507
-2.23029e-05
0.000191895
-2.32106e-05
0.000194305
-2.40515e-05
0.000196739
-2.48254e-05
0.0001992
-2.55308e-05
0.000201687
-2.61692e-05
0.000204202
-2.67365e-05
0.000206746
-2.72398e-05
0.000209321
-2.76645e-05
0.000211927
-2.80368e-05
0.000214567
-2.83098e-05
-2.85676e-05
0.000217241
3.17612e-05
-1.93542e-05
3.43153e-05
-1.86313e-05
3.48046e-05
-3.05455e-05
3.46196e-05
-2.50492e-05
3.6709e-05
-7.97825e-06
3.98957e-05
5.45434e-06
4.28979e-05
9.36115e-06
4.55503e-05
6.71581e-06
4.79509e-05
3.05317e-07
5.01947e-05
-8.23849e-06
5.23371e-05
-1.80513e-05
5.44084e-05
-2.83555e-05
5.64276e-05
-3.85934e-05
5.83908e-05
-4.83943e-05
6.02931e-05
-5.74151e-05
6.21326e-05
-6.53747e-05
6.39045e-05
-7.21025e-05
6.55962e-05
-7.75319e-05
6.71955e-05
-8.16897e-05
6.86967e-05
-8.46595e-05
7.00974e-05
-8.65482e-05
7.13989e-05
-8.74757e-05
7.26086e-05
-8.75582e-05
7.37412e-05
-8.68951e-05
7.48157e-05
-8.55604e-05
7.58549e-05
-8.36182e-05
7.68852e-05
-8.11243e-05
7.79333e-05
-7.81235e-05
7.90237e-05
-7.46625e-05
8.01779e-05
-7.07973e-05
8.14149e-05
-6.6592e-05
8.27493e-05
-6.2113e-05
8.41906e-05
-5.74251e-05
8.57425e-05
-5.25935e-05
8.74052e-05
-4.7686e-05
8.91753e-05
-4.27667e-05
9.1047e-05
-3.78932e-05
9.30127e-05
-3.31167e-05
9.50639e-05
-2.84823e-05
9.71917e-05
-2.4027e-05
9.93876e-05
-1.97812e-05
0.000101643
-1.57723e-05
0.000103951
-1.2024e-05
0.000106305
-8.55406e-06
0.000108698
-5.37302e-06
0.000111125
-2.4878e-06
0.00011358
9.67977e-08
0.00011606
2.38104e-06
0.00011856
4.3709e-06
0.000121078
6.07294e-06
0.000123609
7.49164e-06
0.000126153
8.63362e-06
0.000128707
9.51069e-06
0.000131267
1.01354e-05
0.000133831
1.05182e-05
0.000136397
1.06702e-05
0.000138964
1.06058e-05
0.000141529
1.03408e-05
0.00014409
9.88964e-06
0.000146645
9.26552e-06
0.000149194
8.48318e-06
0.000151736
7.55924e-06
0.000154269
6.5091e-06
0.000156794
5.34757e-06
0.000159309
4.08984e-06
0.000161816
2.75055e-06
0.000164314
1.34372e-06
0.000166803
-1.17153e-07
0.000169285
-1.61938e-06
0.00017176
-3.15098e-06
0.00017423
-4.70077e-06
0.000176696
-6.25836e-06
0.000179158
-7.81422e-06
0.00018162
-9.35959e-06
0.000184081
-1.08865e-05
0.000186545
-1.23878e-05
0.000189013
-1.38571e-05
0.000191486
-1.52884e-05
0.000193968
-1.66768e-05
0.000196458
-1.80178e-05
0.000198961
-1.93075e-05
0.000201476
-2.05427e-05
0.000204006
-2.17205e-05
0.000206554
-2.28386e-05
0.00020912
-2.38952e-05
0.000211705
-2.48888e-05
0.000214313
-2.58182e-05
0.000216944
-2.66823e-05
0.000219599
-2.74808e-05
0.000222281
-2.82124e-05
0.00022499
-2.88782e-05
0.000227728
-2.94746e-05
0.000230496
-3.00076e-05
0.000233296
-3.04648e-05
0.000236128
-3.08689e-05
0.000238996
-3.11776e-05
-3.14713e-05
0.0002419
4.01912e-05
-2.20672e-05
4.30165e-05
-2.14566e-05
4.39227e-05
-3.14516e-05
4.38497e-05
-2.49763e-05
4.56023e-05
-9.73089e-06
4.89181e-05
2.13853e-06
5.23159e-05
5.96338e-06
5.54062e-05
3.62547e-06
5.82241e-05
-2.51259e-06
6.08549e-05
-1.08693e-05
6.33541e-05
-2.05505e-05
6.57534e-05
-3.07547e-05
6.80743e-05
-4.09143e-05
7.03089e-05
-5.06289e-05
7.24503e-05
-5.95564e-05
7.44969e-05
-6.74213e-05
7.6446e-05
-7.40517e-05
7.82878e-05
-7.93736e-05
8.00092e-05
-8.34111e-05
8.16061e-05
-8.62564e-05
8.30807e-05
-8.80227e-05
8.4438e-05
-8.88329e-05
8.56887e-05
-8.88089e-05
8.68497e-05
-8.80561e-05
8.79423e-05
-8.6653e-05
8.89919e-05
-8.46677e-05
9.00269e-05
-8.21592e-05
9.10766e-05
-7.91732e-05
9.21687e-05
-7.57545e-05
9.33271e-05
-7.19558e-05
9.45735e-05
-6.78383e-05
9.59258e-05
-6.34653e-05
9.73966e-05
-5.88959e-05
9.89923e-05
-5.41892e-05
0.000100714
-4.94082e-05
0.000102561
-4.46135e-05
0.000104528
-3.98597e-05
0.000106607
-3.51959e-05
0.00010879
-3.06651e-05
0.000111067
-2.63039e-05
0.000113428
-2.21427e-05
0.000115865
-1.82089e-05
0.000118368
-1.45269e-05
0.000120928
-1.11149e-05
0.00012354
-7.98405e-06
0.000126193
-5.14166e-06
0.000128884
-2.59349e-06
0.000131605
-3.40685e-07
0.000134354
1.62262e-06
0.000137123
3.30331e-06
0.00013991
4.70476e-06
0.000142711
5.83211e-06
0.000145525
6.69756e-06
0.000148345
7.31453e-06
0.000151171
7.69268e-06
0.000153999
7.84212e-06
0.000156827
7.7772e-06
0.000159654
7.51419e-06
0.000162476
7.06776e-06
0.000165291
6.44988e-06
0.0001681
5.67472e-06
0.0001709
4.7593e-06
0.00017369
3.7187e-06
0.00017647
2.56716e-06
0.00017924
1.3197e-06
0.000182
-9.26641e-09
0.00018475
-1.406e-06
0.00018749
-2.85724e-06
0.000190221
-4.35058e-06
0.000192944
-5.87426e-06
0.000195661
-7.41728e-06
0.000198372
-8.96942e-06
0.000201079
-1.05213e-05
0.000203784
-1.20643e-05
0.000206488
-1.35905e-05
0.000209193
-1.50929e-05
0.000211901
-1.65651e-05
0.000214614
-1.80014e-05
0.000217333
-1.93966e-05
0.000220062
-2.07464e-05
0.000222801
-2.20469e-05
0.000225553
-2.32947e-05
0.00022832
-2.4487e-05
0.000231103
-2.56215e-05
0.000233904
-2.66963e-05
0.000236725
-2.77097e-05
0.000239567
-2.86607e-05
0.000242433
-2.95481e-05
0.000245324
-3.03714e-05
0.000248241
-3.11294e-05
0.000251185
-3.1823e-05
0.00025416
-3.24491e-05
0.000257165
-3.30127e-05
0.000260204
-3.35034e-05
0.000263275
-3.39404e-05
0.000266384
-3.42862e-05
-3.4617e-05
0.000269529
5.05537e-05
-2.50249e-05
5.35482e-05
-2.44511e-05
5.48799e-05
-3.27833e-05
5.54124e-05
-2.55089e-05
5.71769e-05
-1.14954e-05
6.05277e-05
-1.21225e-06
6.42886e-05
2.20239e-06
6.78597e-05
5.4376e-08
7.1163e-05
-5.81587e-06
7.42492e-05
-1.39556e-05
7.71668e-05
-2.34681e-05
7.99484e-05
-3.35363e-05
8.26149e-05
-4.35809e-05
8.51536e-05
-5.31676e-05
8.7556e-05
-6.19588e-05
8.9819e-05
-6.96843e-05
9.19399e-05
-7.61725e-05
9.39155e-05
-8.13492e-05
9.57359e-05
-8.52315e-05
9.73987e-05
-8.79192e-05
9.89132e-05
-8.9537e-05
0.000100292
-9.02119e-05
0.000101552
-9.0069e-05
0.000102713
-8.92167e-05
0.000103797
-8.77368e-05
0.000104833
-8.57034e-05
0.000105852
-8.31782e-05
0.000106885
-8.02069e-05
0.000107963
-7.68321e-05
0.00010911
-7.31028e-05
0.00011035
-6.90787e-05
0.000111705
-6.48202e-05
0.00011319
-6.03807e-05
0.000114814
-5.5813e-05
0.000116581
-5.11748e-05
0.00011849
-4.65226e-05
0.000120537
-4.19072e-05
0.000122717
-3.73754e-05
0.00012502
-3.29684e-05
0.000127437
-2.87212e-05
0.000129958
-2.46637e-05
0.000132573
-2.08231e-05
0.000135269
-1.72238e-05
0.000138039
-1.38844e-05
0.000140872
-1.08168e-05
0.000143759
-8.02883e-06
0.000146693
-5.52716e-06
0.000149666
-3.3143e-06
0.000152674
-1.3849e-06
0.000155709
2.68145e-07
0.000158766
1.64733e-06
0.000161842
2.75634e-06
0.000164932
3.60746e-06
0.000168032
4.21464e-06
0.000171137
4.58702e-06
0.000174246
4.73322e-06
0.000177356
4.66721e-06
0.000180464
4.40627e-06
0.000183567
3.96509e-06
0.000186662
3.3542e-06
0.00018975
2.58705e-06
0.000192828
1.68132e-06
0.000195895
6.51697e-07
0.00019895
-4.8845e-07
0.000201994
-1.72418e-06
0.000205026
-3.04131e-06
0.000208047
-4.42641e-06
0.000211056
-5.8665e-06
0.000214055
-7.34943e-06
0.000217044
-8.86369e-06
0.000220025
-1.03985e-05
0.000222999
-1.19437e-05
0.000225968
-1.34902e-05
0.000228933
-1.50293e-05
0.000231896
-1.65536e-05
0.000234859
-1.80558e-05
0.000237824
-1.95298e-05
0.000240792
-2.09698e-05
0.000243767
-2.23708e-05
0.000246749
-2.37284e-05
0.00024974
-2.50387e-05
0.000252744
-2.62984e-05
0.000255762
-2.75045e-05
0.000258795
-2.86547e-05
0.000261846
-2.97471e-05
0.000264916
-3.078e-05
0.000268007
-3.17522e-05
0.000271122
-3.26626e-05
0.000274261
-3.35105e-05
0.000277427
-3.4295e-05
0.00028062
-3.50165e-05
0.000283844
-3.56728e-05
0.000287099
-3.62675e-05
0.000290387
-3.67922e-05
0.00029371
-3.72634e-05
0.000297071
-3.76473e-05
-3.80162e-05
0.000300471
6.33619e-05
-2.81853e-05
6.64983e-05
-2.75876e-05
6.8085e-05
-3.437e-05
6.9473e-05
-2.68969e-05
7.18712e-05
-1.38936e-05
7.54303e-05
-4.77133e-06
7.95374e-05
-1.90477e-06
8.36105e-05
-4.01881e-06
8.74566e-05
-9.66193e-06
9.10632e-05
-1.75623e-05
9.4458e-05
-2.6863e-05
9.76721e-05
-3.67505e-05
0.00010072
-4.66293e-05
0.000103587
-5.60342e-05
0.000106263
-6.4635e-05
0.000108741
-7.21625e-05
0.000111016
-7.84475e-05
0.000113093
-8.34254e-05
0.000114972
-8.7111e-05
0.000116657
-8.96036e-05
0.000118163
-9.10436e-05
0.000119519
-9.15673e-05
0.000120747
-9.12972e-05
0.000121869
-9.03388e-05
0.000122912
-8.87793e-05
0.000123906
-8.66979e-05
0.000124886
-8.41577e-05
0.000125883
-8.12036e-05
0.000126927
-7.78765e-05
0.000128047
-7.42222e-05
0.000129267
-7.02992e-05
0.000130611
-6.61642e-05
0.000132096
-6.1865e-05
0.000133732
-5.74492e-05
0.000135526
-5.29694e-05
0.000137481
-4.84773e-05
0.000139593
-4.40191e-05
0.000141857
-3.96392e-05
0.000144266
-3.53772e-05
0.00014681
-3.1266e-05
0.00014948
-2.73333e-05
0.000152262
-2.36055e-05
0.000155146
-2.01072e-05
0.000158119
-1.68578e-05
0.000161172
-1.38693e-05
0.000164293
-1.11501e-05
0.000167473
-8.7075e-06
0.000170704
-6.54482e-06
0.000173977
-4.65803e-06
0.000177286
-3.04071e-06
0.000180624
-1.69067e-06
0.000183985
-6.05419e-07
0.000187366
2.26702e-07
0.00019076
8.20507e-07
0.000194162
1.18508e-06
0.000197569
1.3267e-06
0.000200977
1.25856e-06
0.000204384
9.99429e-07
0.000207785
5.63799e-07
0.000211179
-3.96686e-08
0.000214564
-7.98083e-07
0.000217938
-1.69286e-06
0.0002213
-2.70998e-06
0.000224649
-3.83724e-06
0.000227984
-5.05966e-06
0.000231306
-6.36326e-06
0.000234615
-7.73502e-06
0.00023791
-9.16217e-06
0.000241194
-1.06329e-05
0.000244466
-1.2136e-05
0.000247728
-1.36608e-05
0.000250982
-1.51974e-05
0.000254228
-1.67367e-05
0.000257469
-1.82704e-05
0.000260707
-1.97909e-05
0.000263942
-2.12914e-05
0.000267178
-2.27656e-05
0.000270416
-2.4208e-05
0.000273659
-2.56135e-05
0.000276908
-2.69776e-05
0.000280166
-2.82965e-05
0.000283434
-2.95669e-05
0.000286716
-3.07857e-05
0.000290012
-3.19507e-05
0.000293324
-3.30598e-05
0.000296656
-3.41114e-05
0.000300008
-3.51041e-05
0.000303382
-3.6037e-05
0.000306781
-3.69092e-05
0.000310206
-3.77199e-05
0.000313658
-3.84693e-05
0.000317141
-3.91556e-05
0.000320655
-3.97818e-05
0.000324204
-4.03409e-05
0.000327788
-4.08472e-05
0.00033141
-4.12697e-05
-4.16777e-05
0.000335072
7.92301e-05
-3.15133e-05
8.25203e-05
-3.08778e-05
8.42639e-05
-3.61136e-05
8.63933e-05
-2.90264e-05
8.98303e-05
-1.73306e-05
9.41278e-05
-9.06886e-06
9.87746e-05
-6.55161e-06
0.000103415
-8.65917e-06
0.000107861
-1.4108e-05
0.000112046
-2.17472e-05
0.000115963
-3.07806e-05
0.00011964
-4.04269e-05
0.00012308
-5.00696e-05
0.00012627
-5.92237e-05
0.0001292
-6.75654e-05
0.000131862
-7.48248e-05
0.00013425
-8.08354e-05
0.000136372
-8.55472e-05
0.00013825
-8.89889e-05
0.000139902
-9.12555e-05
0.000141353
-9.24947e-05
0.000142641
-9.28554e-05
0.000143797
-9.24533e-05
0.000144848
-9.13896e-05
0.000145826
-8.97572e-05
0.000146763
-8.76346e-05
0.000147689
-8.50842e-05
0.000148638
-8.21517e-05
0.000149638
-7.88772e-05
0.000150721
-7.53049e-05
0.000151913
-7.14909e-05
0.000153237
-6.74882e-05
0.000154711
-6.33394e-05
0.000156349
-5.90871e-05
0.000158159
-5.4779e-05
0.000160144
-5.0462e-05
0.000162303
-4.61788e-05
0.000164635
-4.19708e-05
0.000167133
-3.7875e-05
0.000169788
-3.39213e-05
0.00017259
-3.01352e-05
0.000175526
-2.6541e-05
0.000178582
-2.31641e-05
0.000181749
-2.00246e-05
0.000185014
-1.7134e-05
0.000188364
-1.44999e-05
0.000191786
-1.21303e-05
0.000195272
-1.00302e-05
0.000198811
-8.1973e-06
0.000202396
-6.62555e-06
0.000206018
-5.31306e-06
0.000209671
-4.2583e-06
0.000213348
-3.45092e-06
0.000217045
-2.87557e-06
0.000220753
-2.52332e-06
0.000224469
-2.38979e-06
0.00022819
-2.46187e-06
0.000231909
-2.71969e-06
0.000235623
-3.15013e-06
0.000239329
-3.74644e-06
0.000243027
-4.49552e-06
0.000246712
-5.37797e-06
0.000250383
-6.3811e-06
0.00025404
-7.494e-06
0.000257681
-8.70143e-06
0.000261308
-9.98969e-06
0.000264919
-1.13462e-05
0.000268515
-1.27583e-05
0.000272097
-1.42148e-05
0.000275665
-1.57045e-05
0.000279222
-1.72172e-05
0.000282768
-1.87431e-05
0.000286304
-2.02732e-05
0.000289833
-2.17994e-05
0.000293356
-2.33142e-05
0.000296876
-2.4811e-05
0.000300394
-2.62836e-05
0.000303912
-2.77264e-05
0.000307433
-2.91346e-05
0.000310959
-3.05036e-05
0.000314492
-3.18295e-05
0.000318035
-3.3109e-05
0.000321588
-3.43392e-05
0.000325155
-3.55177e-05
0.000328737
-3.66423e-05
0.000332337
-3.77114e-05
0.000335957
-3.87237e-05
0.000339598
-3.9678e-05
0.000343263
-4.05738e-05
0.000346953
-4.141e-05
0.00035067
-4.21869e-05
0.000354418
-4.29029e-05
0.000358196
-4.35606e-05
0.00036201
-4.41541e-05
0.000365859
-4.46963e-05
0.000369746
-4.51573e-05
-4.56054e-05
0.000373674
9.8917e-05
-3.49839e-05
0.000102366
-3.4327e-05
0.000104308
-3.80552e-05
0.000106967
-3.16854e-05
0.000111333
-2.16966e-05
0.000116718
-1.44539e-05
0.000122323
-1.21569e-05
0.000127781
-1.41169e-05
0.000132959
-1.92862e-05
0.000137801
-2.65897e-05
0.000142275
-3.52546e-05
0.000146408
-4.45597e-05
0.000150202
-5.38636e-05
0.000153648
-6.26703e-05
0.000156747
-7.0664e-05
0.0001595
-7.75777e-05
0.000161913
-8.3249e-05
0.000164001
-8.76348e-05
0.000165806
-9.07941e-05
0.000167378
-9.28268e-05
0.000168752
-9.38685e-05
0.00016996
-9.40638e-05
0.000171041
-9.35339e-05
0.000172032
-9.23809e-05
0.000172965
-9.06906e-05
0.000173867
-8.85358e-05
0.000174761
-8.59788e-05
0.000175681
-8.30714e-05
0.000176658
-7.98545e-05
0.000177723
-7.63698e-05
0.000178903
-7.267e-05
0.000180218
-6.8804e-05
0.000181689
-6.48104e-05
0.00018333
-6.07281e-05
0.000185152
-5.66008e-05
0.000187161
-5.24713e-05
0.000189361
-4.83785e-05
0.00019175
-4.43595e-05
0.000194323
-4.04476e-05
0.000197071
-3.667e-05
0.000199986
-3.30501e-05
0.000203056
-2.9611e-05
0.000206269
-2.63774e-05
0.000209613
-2.33687e-05
0.000213075
-2.05956e-05
0.00021664
-1.80646e-05
0.000220293
-1.57841e-05
0.000224025
-1.37617e-05
0.000227824
-1.19965e-05
0.00023168
-1.04821e-05
0.000235584
-9.21645e-06
0.000239525
-8.19978e-06
0.000243498
-7.42345e-06
0.000247495
-6.87281e-06
0.000251511
-6.53919e-06
0.000255539
-6.41834e-06
0.000259575
-6.49745e-06
0.000263612
-6.75699e-06
0.000267647
-7.18473e-06
0.000271675
-7.77474e-06
0.000275693
-8.51385e-06
0.000279698
-9.38285e-06
0.000283688
-1.03709e-05
0.000287662
-1.1468e-05
0.000291619
-1.26586e-05
0.000295559
-1.39295e-05
0.000299481
-1.52686e-05
0.000303386
-1.66633e-05
0.000307274
-1.8103e-05
0.000311147
-1.9577e-05
0.000315005
-2.10751e-05
0.000318849
-2.25878e-05
0.000322682
-2.41061e-05
0.000326505
-2.56222e-05
0.00033032
-2.71288e-05
0.000334128
-2.86194e-05
0.000337932
-3.00879e-05
0.000341735
-3.15289e-05
0.000345538
-3.29375e-05
0.000349343
-3.43091e-05
0.000353154
-3.564e-05
0.000356972
-3.69267e-05
0.000360799
-3.81663e-05
0.000364637
-3.93564e-05
0.00036849
-4.04947e-05
0.000372358
-4.15798e-05
0.000376245
-4.26101e-05
0.000380151
-4.35847e-05
0.00038408
-4.45027e-05
0.000388034
-4.53634e-05
0.000392013
-4.61669e-05
0.000396022
-4.69119e-05
0.000400062
-4.76005e-05
0.000404136
-4.8228e-05
0.000408246
-4.88062e-05
0.000412395
-4.9306e-05
-4.97946e-05
0.000416584
0.00012401
-3.92266e-05
0.000128265
-3.85816e-05
0.000131141
-4.09315e-05
0.000134909
-3.54526e-05
0.000140583
-2.73707e-05
0.000147598
-2.14694e-05
0.000155045
-1.96037e-05
0.000162361
-2.14325e-05
0.000169291
-2.62165e-05
0.000175744
-3.30425e-05
0.000181651
-4.11615e-05
0.000187028
-4.99369e-05
0.000191886
-5.8722e-05
0.000196236
-6.70201e-05
0.000200096
-7.45243e-05
0.000203499
-8.09806e-05
0.00020649
-8.62401e-05
0.000209114
-9.02579e-05
0.000211429
-9.31099e-05
0.000213512
-9.49096e-05
0.000215418
-9.57745e-05
0.000217171
-9.58166e-05
0.000218798
-9.51609e-05
0.000220338
-9.39204e-05
0.000221819
-9.21718e-05
0.000223269
-8.99861e-05
0.000224718
-8.74273e-05
0.000226199
-8.45519e-05
0.000227743
-8.13991e-05
0.000229379
-7.80057e-05
0.000231129
-7.44194e-05
0.000233013
-7.06881e-05
0.000235054
-6.68516e-05
0.000237273
-6.29476e-05
0.000239687
-5.90149e-05
0.000242308
-5.5092e-05
0.000245143
-5.1213e-05
0.000248193
-4.74096e-05
0.000251456
-4.37111e-05
0.000254928
-4.01421e-05
0.000258603
-3.67245e-05
0.000262471
-3.34791e-05
0.000266521
-3.04275e-05
0.000270739
-2.7587e-05
0.000275111
-2.49671e-05
0.00027962
-2.2574e-05
0.000284252
-2.04162e-05
0.000288993
-1.85024e-05
0.000293829
-1.68326e-05
0.000298747
-1.54002e-05
0.000303734
-1.42031e-05
0.000308778
-1.32435e-05
0.000313869
-1.25151e-05
0.000319
-1.20036e-05
0.00032416
-1.16996e-05
0.000329342
-1.15997e-05
0.000334538
-1.16939e-05
0.000339745
-1.19634e-05
0.000344955
-1.23953e-05
0.000350164
-1.29838e-05
0.000355366
-1.37161e-05
0.000360557
-1.45734e-05
0.000365732
-1.55463e-05
0.00037089
-1.66258e-05
0.000376029
-1.77972e-05
0.000381147
-1.90482e-05
0.000386245
-2.03665e-05
0.000391322
-2.17402e-05
0.000396378
-2.31592e-05
0.000401415
-2.46135e-05
0.000406433
-2.60932e-05
0.000411434
-2.75888e-05
0.000416419
-2.90916e-05
0.000421391
-3.05939e-05
0.000426351
-3.20888e-05
0.000431301
-3.35699e-05
0.000436245
-3.50314e-05
0.000441184
-3.64679e-05
0.000446121
-3.78745e-05
0.000451059
-3.92469e-05
0.000456
-4.05812e-05
0.000460947
-4.1874e-05
0.000465903
-4.31223e-05
0.00047087
-4.43236e-05
0.000475851
-4.54759e-05
0.000480849
-4.65775e-05
0.000485866
-4.76269e-05
0.000490904
-4.86232e-05
0.000495967
-4.95656e-05
0.000501057
-5.04534e-05
0.000506177
-5.12865e-05
0.000511329
-5.20643e-05
0.000516517
-5.27881e-05
0.000521744
-5.3455e-05
0.000527011
-5.40737e-05
0.000532328
-5.46222e-05
-5.51532e-05
0.000537686
0.000154562
-4.37575e-05
0.000159134
-4.31532e-05
0.000162571
-4.43688e-05
0.000166983
-3.98648e-05
0.000173246
-3.36339e-05
0.000180943
-2.91664e-05
0.000189254
-2.79143e-05
0.000197567
-2.97454e-05
0.000205504
-3.41542e-05
0.000212876
-4.04143e-05
0.000219563
-4.78483e-05
0.000225524
-5.58984e-05
0.000230769
-6.39671e-05
0.000235342
-7.15934e-05
0.000239297
-7.84793e-05
0.00024271
-8.43934e-05
0.000245676
-8.92056e-05
0.000248291
-9.28728e-05
0.000250638
-9.54574e-05
0.000252796
-9.70673e-05
0.00025483
-9.78084e-05
0.000256781
-9.77672e-05
0.000258667
-9.70472e-05
0.000260505
-9.57585e-05
0.000262315
-9.39819e-05
0.000264121
-9.17913e-05
0.000265947
-8.92534e-05
0.000267818
-8.64236e-05
0.000269759
-8.33392e-05
0.000271789
-8.00358e-05
0.00027393
-7.65608e-05
0.000276203
-7.29612e-05
0.000278628
-6.92761e-05
0.000281221
-6.55408e-05
0.000283996
-6.17903e-05
0.000286964
-5.80592e-05
0.000290131
-5.438e-05
0.000293504
-5.07828e-05
0.000297086
-4.72935e-05
0.000300878
-4.39341e-05
0.000304878
-4.07244e-05
0.000309081
-3.7682e-05
0.000313478
-3.48241e-05
0.000318056
-3.2165e-05
0.000322802
-2.97134e-05
0.000327703
-2.74755e-05
0.000332746
-2.54592e-05
0.000337916
-2.3672e-05
0.000343198
-2.21145e-05
0.000348579
-2.07809e-05
0.000354045
-1.96694e-05
0.000359583
-1.87819e-05
0.000365182
-1.81136e-05
0.00037083
-1.76512e-05
0.000376515
-1.73852e-05
0.000382229
-1.73134e-05
0.000387963
-1.74283e-05
0.000393711
-1.77112e-05
0.000399466
-1.81498e-05
0.000405222
-1.87396e-05
0.000410974
-1.94683e-05
0.000416718
-2.03176e-05
0.00042245
-2.12785e-05
0.000428166
-2.23416e-05
0.000433863
-2.34941e-05
0.000439539
-2.4724e-05
0.000445191
-2.60191e-05
0.00045082
-2.73687e-05
0.000456424
-2.87637e-05
0.000462006
-3.01948e-05
0.000467565
-3.16522e-05
0.000473103
-3.31271e-05
0.000478622
-3.46104e-05
0.000484123
-3.60949e-05
0.000489608
-3.75739e-05
0.000495079
-3.90414e-05
0.00050054
-4.04917e-05
0.000505992
-4.19196e-05
0.000511437
-4.33203e-05
0.00051688
-4.46893e-05
0.000522321
-4.6023e-05
0.000527765
-4.73179e-05
0.000533214
-4.8571e-05
0.00053867
-4.97799e-05
0.000544137
-5.09426e-05
0.000549617
-5.20574e-05
0.000555113
-5.31228e-05
0.000560628
-5.41379e-05
0.000566164
-5.51019e-05
0.000571725
-5.60142e-05
0.000577313
-5.68749e-05
0.000582932
-5.76834e-05
0.000588585
-5.8441e-05
0.000594275
-5.91453e-05
0.000600006
-5.98046e-05
0.000605784
-6.03995e-05
-6.09766e-05
0.000611607
0.000192544
-4.86056e-05
0.000197466
-4.80748e-05
0.00020156
-4.8463e-05
0.000206657
-4.49614e-05
0.000213448
-4.04256e-05
0.000221602
-3.73203e-05
0.000230416
-3.67279e-05
0.000239312
-3.86416e-05
0.00024787
-4.2712e-05
0.000255831
-4.83757e-05
0.000263041
-5.5058e-05
0.000269413
-6.22706e-05
0.000274946
-6.95003e-05
0.000279697
-7.63443e-05
0.000283745
-8.25268e-05
0.000287195
-8.78433e-05
0.000290169
-9.21799e-05
0.000292794
-9.54982e-05
0.000295176
-9.78396e-05
0.000297398
-9.92887e-05
0.000299528
-9.9938e-05
0.000301623
-9.98626e-05
0.000303723
-9.91472e-05
0.000305846
-9.7882e-05
0.000308011
-9.61465e-05
0.000310233
-9.40131e-05
0.000312524
-9.15447e-05
0.000314894
-8.87936e-05
0.000317354
-8.5799e-05
0.000319919
-8.26007e-05
0.000322607
-7.92493e-05
0.000325437
-7.57904e-05
0.00032842
-7.22597e-05
0.00033157
-6.86903e-05
0.000334894
-6.51146e-05
0.000338401
-6.15662e-05
0.000342097
-5.80763e-05
0.000345987
-5.46728e-05
0.000350074
-5.13796e-05
0.000354356
-4.82164e-05
0.000358833
-4.52012e-05
0.000363501
-4.23501e-05
0.000368354
-3.96779e-05
0.000373386
-3.71965e-05
0.000378586
-3.49139e-05
0.000383947
-3.28356e-05
0.000389455
-3.09678e-05
0.000395099
-2.9316e-05
0.000400865
-2.78799e-05
0.000406739
-2.66554e-05
0.00041271
-2.56402e-05
0.000418763
-2.4835e-05
0.000424885
-2.42353e-05
0.000431064
-2.38304e-05
0.000437291
-2.36117e-05
0.000443554
-2.35762e-05
0.000449842
-2.37167e-05
0.000456147
-2.40163e-05
0.000462462
-2.44646e-05
0.000468779
-2.50567e-05
0.000475092
-2.57811e-05
0.000481395
-2.66213e-05
0.000487686
-2.75687e-05
0.000493958
-2.86141e-05
0.000500212
-2.97482e-05
0.000506446
-3.09578e-05
0.000512656
-3.2229e-05
0.00051884
-3.35527e-05
0.000524997
-3.49205e-05
0.000531126
-3.63242e-05
0.000537229
-3.77552e-05
0.000543307
-3.92047e-05
0.00054936
-4.06637e-05
0.000555391
-4.21253e-05
0.0005614
-4.35833e-05
0.000567391
-4.50321e-05
0.000573365
-4.64659e-05
0.000579325
-4.78798e-05
0.000585274
-4.9269e-05
0.000591214
-5.06293e-05
0.000597148
-5.19569e-05
0.000603078
-5.32485e-05
0.000609008
-5.45012e-05
0.000614941
-5.57126e-05
0.000620879
-5.68806e-05
0.000626825
-5.80037e-05
0.000632783
-5.90804e-05
0.000638755
-6.01098e-05
0.000644744
-6.10912e-05
0.000650754
-6.20241e-05
0.000656787
-6.29085e-05
0.000662848
-6.37439e-05
0.000668939
-6.45321e-05
0.000675064
-6.52702e-05
0.000681227
-6.59676e-05
0.000687432
-6.66047e-05
-6.72253e-05
0.000693681
0.000239795
-5.38069e-05
0.000245103
-5.33834e-05
0.000249917
-5.32768e-05
0.000255707
-5.07518e-05
0.000262986
-4.77038e-05
0.00027147
-4.58046e-05
0.000280573
-4.58308e-05
0.000289767
-4.78364e-05
0.000298634
-5.15789e-05
0.000306892
-5.66333e-05
0.00031437
-6.25365e-05
0.00032097
-6.88706e-05
0.000326684
-7.52143e-05
0.000331569
-8.12283e-05
0.000335711
-8.66694e-05
0.000339229
-9.13612e-05
0.000342253
-9.52036e-05
0.000344915
-9.81609e-05
0.000347334
-0.000100258
0.000349598
-0.000101553
0.000351783
-0.000102123
0.000353953
-0.000102032
0.000356158
-0.000101353
0.000358435
-0.000100159
0.000360811
-9.85224e-05
0.000363304
-9.6506e-05
0.000365927
-9.41674e-05
0.00036869
-9.15568e-05
0.000371604
-8.87132e-05
0.00037468
-8.56766e-05
0.000377926
-8.24957e-05
0.000381348
-7.92119e-05
0.000384948
-7.58606e-05
0.000388733
-7.24754e-05
0.000392707
-6.90885e-05
0.000396875
-6.57335e-05
0.000401238
-6.24393e-05
0.000405796
-5.9231e-05
0.000410546
-5.613e-05
0.000415485
-5.31553e-05
0.000420609
-5.03246e-05
0.000425912
-4.76531e-05
0.000431388
-4.51542e-05
0.00043703
-4.28388e-05
0.00044283
-4.0714e-05
0.000448779
-3.87847e-05
0.000454868
-3.7056e-05
0.000461083
-3.55313e-05
0.000467414
-3.42107e-05
0.000473849
-3.30911e-05
0.000480379
-3.21701e-05
0.000486991
-3.14465e-05
0.000493671
-3.09158e-05
0.000500411
-3.05695e-05
0.000507199
-3.03999e-05
0.000514025
-3.04023e-05
0.000520877
-3.05691e-05
0.000527748
-3.08867e-05
0.000534629
-3.13461e-05
0.000541512
-3.19398e-05
0.000548389
-3.26578e-05
0.000555254
-3.34862e-05
0.000562101
-3.44159e-05
0.000568924
-3.54364e-05
0.000575721
-3.65457e-05
0.000582493
-3.77298e-05
0.000589236
-3.89724e-05
0.000595951
-4.02672e-05
0.000602634
-4.16041e-05
0.000609286
-4.29762e-05
0.000615907
-4.43759e-05
0.000622497
-4.57945e-05
0.000629056
-4.72228e-05
0.000635585
-4.86547e-05
0.000642087
-5.00848e-05
0.000648562
-5.15076e-05
0.000655014
-5.29176e-05
0.000661444
-5.431e-05
0.000667855
-5.56801e-05
0.00067425
-5.7024e-05
0.000680631
-5.83378e-05
0.000687001
-5.96184e-05
0.000693362
-6.0863e-05
0.000699719
-6.20693e-05
0.000706074
-6.32353e-05
0.00071243
-6.43595e-05
0.00071879
-6.54405e-05
0.000725157
-6.64774e-05
0.000731536
-6.74696e-05
0.000737928
-6.84166e-05
0.000744338
-6.93187e-05
0.00075077
-7.01751e-05
0.000757226
-7.09881e-05
0.00076371
-7.17542e-05
0.000770226
-7.24837e-05
0.000776778
-7.31573e-05
-7.38146e-05
0.000783368
0.000298603
-5.93927e-05
0.00030433
-5.91103e-05
0.000309876
-5.88221e-05
0.000316319
-5.71955e-05
0.000324012
-5.53967e-05
0.000332718
-5.45102e-05
0.000341952
-5.50647e-05
0.000351244
-5.71281e-05
0.000360201
-6.05367e-05
0.000368549
-6.49811e-05
0.000376115
-7.0102e-05
0.000382801
-7.55571e-05
0.000388598
-8.10113e-05
0.000393557
-8.61874e-05
0.000397767
-9.08794e-05
0.000401345
-9.49388e-05
0.00040442
-9.82784e-05
0.000407122
-0.000100864
0.00040957
-0.000102705
0.000411861
-0.000103845
0.000414074
-0.000104335
0.000416276
-0.000104235
0.000418526
-0.000103602
0.000420866
-0.000102499
0.000423332
-0.000100988
0.000425948
-9.91224e-05
0.000428735
-9.69543e-05
0.000431708
-9.45303e-05
0.000434884
-9.18885e-05
0.000438275
-8.90681e-05
0.000441892
-8.61127e-05
0.000445739
-8.30585e-05
0.000449818
-7.99394e-05
0.00045413
-7.67881e-05
0.000458675
-7.36339e-05
0.00046345
-7.05084e-05
0.000468449
-6.74383e-05
0.000473666
-6.44474e-05
0.000479092
-6.15565e-05
0.000484722
-5.87844e-05
0.000490545
-5.6148e-05
0.000496554
-5.36617e-05
0.000502737
-5.13374e-05
0.000509083
-4.91854e-05
0.000515582
-4.72124e-05
0.000522221
-4.54238e-05
0.000528989
-4.38243e-05
0.000535875
-4.24171e-05
0.000542867
-4.1202e-05
0.000549953
-4.01772e-05
0.000557123
-3.93401e-05
0.000564365
-3.86884e-05
0.000571667
-3.82175e-05
0.000579018
-3.79204e-05
0.000586408
-3.77902e-05
0.000593826
-3.78209e-05
0.000601262
-3.80051e-05
0.000608708
-3.83322e-05
0.000616156
-3.87937e-05
0.000623596
-3.93804e-05
0.000631023
-4.00846e-05
0.000638432
-4.08949e-05
0.000645816
-4.17999e-05
0.000653168
-4.27885e-05
0.000660484
-4.38621e-05
0.000667765
-4.50104e-05
0.000675006
-4.62132e-05
0.000682206
-4.74674e-05
0.000689364
-4.87628e-05
0.000696481
-5.0093e-05
0.000703557
-5.14519e-05
0.000710593
-5.28301e-05
0.000717588
-5.42182e-05
0.000724545
-5.56112e-05
0.000731464
-5.7004e-05
0.000738347
-5.83908e-05
0.000745196
-5.97665e-05
0.000752012
-6.11265e-05
0.000758799
-6.24666e-05
0.000765558
-6.37829e-05
0.000772292
-6.50719e-05
0.000779004
-6.63306e-05
0.000785697
-6.75563e-05
0.000792375
-6.87469e-05
0.00079904
-6.99005e-05
0.000805696
-7.10156e-05
0.000812347
-7.2091e-05
0.000818995
-7.31258e-05
0.000825645
-7.41194e-05
0.0008323
-7.50714e-05
0.000838963
-7.59822e-05
0.000845639
-7.68509e-05
0.000852331
-7.76801e-05
0.000859043
-7.8466e-05
0.000865778
-7.92188e-05
0.000872542
-7.99215e-05
-8.06063e-05
0.000879334
0.000371821
-6.53718e-05
0.000377974
-6.52629e-05
0.000384191
-6.50393e-05
0.000391186
-6.41904e-05
0.000399179
-6.33903e-05
0.000407972
-6.33025e-05
0.000417169
-6.42624e-05
0.000426371
-6.63292e-05
0.000435229
-6.93951e-05
0.000443489
-7.32408e-05
0.000450985
-7.75983e-05
0.000457628
-8.22004e-05
0.000463406
-8.67891e-05
0.000468365
-9.11458e-05
0.000472588
-9.51026e-05
0.000476187
-9.85374e-05
0.000479284
-0.000101375
0.000482004
-0.000103584
0.00048446
-0.000105162
0.000486753
-0.000106138
0.000488966
-0.000106548
0.000491167
-0.000106436
0.000493417
-0.000105853
0.000495767
-0.000104849
0.000498254
-0.000103476
0.00050091
-0.000101778
0.000503758
-9.98025e-05
0.00050682
-9.7592e-05
0.000510115
-9.51832e-05
0.000513658
-9.2611e-05
0.000517459
-8.99142e-05
0.000521526
-8.7126e-05
0.000525866
-8.42789e-05
0.000530481
-8.1403e-05
0.00053537
-7.85235e-05
0.000540531
-7.56691e-05
0.000545956
-7.28633e-05
0.000551637
-7.0128e-05
0.000557563
-6.74825e-05
0.000563723
-6.49445e-05
0.000570104
-6.25292e-05
0.000576692
-6.02501e-05
0.000583474
-5.81186e-05
0.000590433
-5.61443e-05
0.000597555
-5.43347e-05
0.000604827
-5.26956e-05
0.000612233
-5.12308e-05
0.000619759
-4.99434e-05
0.000627391
-4.88333e-05
0.000635113
-4.78994e-05
0.000642912
-4.71393e-05
0.000650775
-4.65507e-05
0.000658687
-4.61296e-05
0.000666637
-4.58704e-05
0.000674613
-4.57669e-05
0.000682606
-4.58135e-05
0.000690604
-4.6003e-05
0.000698599
-4.63274e-05
0.000706583
-4.67776e-05
0.000714547
-4.73453e-05
0.000722484
-4.80212e-05
0.000730389
-4.88004e-05
0.000738255
-4.9666e-05
0.00074608
-5.0613e-05
0.000753854
-5.16362e-05
0.000761577
-5.27335e-05
0.000769246
-5.38825e-05
0.000776858
-5.50793e-05
0.000784414
-5.63189e-05
0.000791913
-5.75925e-05
0.000799355
-5.88932e-05
0.000806738
-6.02137e-05
0.000814066
-6.15455e-05
0.000821339
-6.28841e-05
0.000828559
-6.42246e-05
0.000835728
-6.556e-05
0.000842848
-6.68861e-05
0.00084992
-6.81988e-05
0.000856947
-6.9494e-05
0.000863933
-7.07681e-05
0.000870879
-7.20179e-05
0.000877788
-7.32405e-05
0.000884666
-7.44336e-05
0.000891514
-7.5595e-05
0.000898337
-7.67232e-05
0.000905138
-7.78166e-05
0.000911921
-7.88741e-05
0.00091869
-7.98949e-05
0.000925449
-8.08785e-05
0.000932202
-8.18243e-05
0.000938953
-8.2733e-05
0.000945705
-8.36036e-05
0.000952464
-8.44388e-05
0.000959233
-8.52348e-05
0.000966015
-8.6001e-05
0.000972817
-8.67234e-05
-8.74274e-05
0.000979638
0.000462988
-7.17074e-05
0.000469521
-7.17953e-05
0.000476268
-7.17866e-05
0.000483647
-7.15691e-05
0.000491773
-7.15169e-05
0.000500477
-7.20058e-05
0.000509448
-7.3234e-05
0.000518361
-7.52417e-05
0.000526922
-7.79563e-05
0.000534907
-8.12257e-05
0.000542167
-8.4858e-05
0.000548621
-8.86552e-05
0.000554258
-9.24256e-05
0.000559115
-9.60034e-05
0.00056327
-9.92571e-05
0.000566822
-0.00010209
0.000569885
-0.000104438
0.000572573
-0.000106272
0.000574995
-0.000107585
0.000577248
-0.000108391
0.000579416
-0.000108716
0.000581572
-0.000108592
0.000583776
-0.000108057
0.000586083
-0.000107155
0.000588532
-0.000105925
0.000591159
-0.000104406
0.000593994
-0.000102637
0.000597058
-0.000100656
0.000600372
-9.84973e-05
0.000603953
-9.61917e-05
0.000607813
-9.37741e-05
0.00061196
-9.12732e-05
0.0006164
-8.87184e-05
0.000621134
-8.61378e-05
0.000626165
-8.35535e-05
0.000631488
-8.09925e-05
0.000637099
-7.84747e-05
0.000642991
-7.60197e-05
0.000649154
-7.36452e-05
0.000655576
-7.13672e-05
0.000662245
-6.91984e-05
0.000669146
-6.71512e-05
0.000676263
-6.52356e-05
0.00068358
-6.34609e-05
0.000691079
-6.1834e-05
0.000698745
-6.03611e-05
0.000706559
-5.90448e-05
0.000714503
-5.78879e-05
0.00072256
-5.68904e-05
0.000730713
-5.60521e-05
0.000738945
-5.53713e-05
0.000747241
-5.48463e-05
0.000755586
-5.44746e-05
0.000763966
-5.42507e-05
0.000772369
-5.41701e-05
0.000780783
-5.42273e-05
0.000789196
-5.44159e-05
0.000797597
-5.47289e-05
0.000805977
-5.51572e-05
0.000814326
-5.56951e-05
0.000822635
-5.63296e-05
0.000830896
-5.70617e-05
0.000839104
-5.78739e-05
0.000847254
-5.87632e-05
0.000855341
-5.97231e-05
0.000863357
-6.07503e-05
0.000871306
-6.18306e-05
0.000879181
-6.29552e-05
0.000886984
-6.41217e-05
0.000894713
-6.53216e-05
0.000902368
-6.65477e-05
0.000909947
-6.77931e-05
0.000917452
-6.90507e-05
0.000924884
-7.03162e-05
0.000932245
-7.15856e-05
0.000939537
-7.2852e-05
0.000946762
-7.41114e-05
0.000953924
-7.53601e-05
0.000961024
-7.65943e-05
0.000968067
-7.78107e-05
0.000975055
-7.90064e-05
0.000981993
-8.01786e-05
0.000988885
-8.13253e-05
0.000995734
-8.24444e-05
0.00100255
-8.35344e-05
0.00100932
-8.45938e-05
0.00101607
-8.56217e-05
0.00102279
-8.66171e-05
0.00102949
-8.75798e-05
0.00103618
-8.8509e-05
0.00104285
-8.94056e-05
0.00104952
-9.02683e-05
0.00105618
-9.11001e-05
0.00106284
-9.18974e-05
0.00106951
-9.26684e-05
0.00107619
-9.34015e-05
-9.41182e-05
0.00108288
0.000576497
-7.82906e-05
0.000583282
-7.85802e-05
0.000590332
-7.88362e-05
0.000597854
-7.90917e-05
0.000605888
-7.95502e-05
0.000614288
-8.04057e-05
0.000622819
-8.17652e-05
0.000631225
-8.36484e-05
0.000639273
-8.6004e-05
0.000646776
-8.87287e-05
0.000653608
-9.16904e-05
0.000659702
-9.47492e-05
0.000665045
-9.77685e-05
0.00066967
-0.000100628
0.000673641
-0.000103228
0.000677047
-0.000105496
0.000679988
-0.00010738
0.000682568
-0.000108852
0.000684886
-0.000109903
0.000687035
-0.000110539
0.000689095
-0.000110776
0.000691141
-0.000110637
0.000693234
-0.000110151
0.000695427
-0.000109349
0.000697763
-0.000108261
0.000700282
-0.000106924
0.000703015
-0.00010537
0.000705985
-0.000103627
0.000709214
-0.000101726
0.000712719
-9.96963e-05
0.000716512
-9.75677e-05
0.000720604
-9.53654e-05
0.000725001
-9.31146e-05
0.000729702
-9.08397e-05
0.000734709
-8.85602e-05
0.000740017
-8.63009e-05
0.000745623
-8.40804e-05
0.000751518
-8.19148e-05
0.000757693
-7.982e-05
0.000764136
-7.78105e-05
0.000770835
-7.58971e-05
0.000777775
-7.40915e-05
0.000784942
-7.24024e-05
0.000792319
-7.08375e-05
0.000799888
-6.94032e-05
0.000807632
-6.81053e-05
0.000815533
-6.6946e-05
0.000823573
-6.59278e-05
0.000831734
-6.50513e-05
0.000839998
-6.43158e-05
0.000848348
-6.37213e-05
0.000856767
-6.32654e-05
0.000865239
-6.29472e-05
0.00087375
-6.27615e-05
0.000882285
-6.27051e-05
0.00089083
-6.27731e-05
0.000899373
-6.29589e-05
0.0009079
-6.32561e-05
0.0009164
-6.36567e-05
0.00092486
-6.41558e-05
0.000933274
-6.47432e-05
0.000941628
-6.54158e-05
0.000949921
-6.6167e-05
0.000958145
-6.69878e-05
0.000966298
-6.78762e-05
0.00097437
-6.88224e-05
0.000982362
-6.98222e-05
0.000990271
-7.08639e-05
0.000998093
-7.19446e-05
0.00100583
-7.30567e-05
0.00101348
-7.41955e-05
0.00102104
-7.53525e-05
0.00102851
-7.65228e-05
0.00103589
-7.77021e-05
0.00104319
-7.88864e-05
0.00105041
-8.00704e-05
0.00105755
-8.12502e-05
0.00106461
-8.24221e-05
0.0010716
-8.35827e-05
0.00107852
-8.47291e-05
0.00108537
-8.58587e-05
0.00109216
-8.69691e-05
0.0010989
-8.80582e-05
0.00110558
-8.91243e-05
0.00111221
-9.01659e-05
0.00111879
-9.11815e-05
0.00112534
-9.21702e-05
0.00113186
-9.31312e-05
0.00113834
-9.40641e-05
0.0011448
-9.49683e-05
0.00115124
-9.58446e-05
0.00115766
-9.66916e-05
0.00116408
-9.75124e-05
0.00117048
-9.83031e-05
0.00117688
-9.90719e-05
0.00118329
-9.98071e-05
-0.000100531
0.0011897
0.000717807
-8.49167e-05
0.000724613
-8.53862e-05
0.000731653
-8.58762e-05
0.000739008
-8.64466e-05
0.000746664
-8.72056e-05
0.000754501
-8.82432e-05
0.000762345
-8.96095e-05
0.000770005
-9.13082e-05
0.000777303
-9.33015e-05
0.000784094
-9.55205e-05
0.000790281
-9.78775e-05
0.00079581
-0.000100278
0.00080067
-0.000102629
0.000804889
-0.000104846
0.000808519
-0.000106859
0.000811637
-0.000108613
0.000814327
-0.00011007
0.00081668
-0.000111205
0.000818785
-0.000112008
0.000820726
-0.00011248
0.000822581
-0.000112631
0.000824418
-0.000112474
0.000826299
-0.000112032
0.000828277
-0.000111326
0.000830397
-0.000110381
0.000832698
-0.000109225
0.000835211
-0.000107882
0.000837961
-0.000106377
0.000840971
-0.000104736
0.000844258
-0.000102984
0.000847837
-0.000101147
0.000851718
-9.92455e-05
0.000855903
-9.72996e-05
0.000860394
-9.53312e-05
0.000865193
-9.33588e-05
0.000870295
-9.14032e-05
0.000875696
-8.94812e-05
0.000881387
-8.76054e-05
0.000887357
-8.57904e-05
0.000893595
-8.4049e-05
0.000900089
-8.23904e-05
0.000906821
-8.08243e-05
0.000913777
-7.93583e-05
0.00092094
-7.80004e-05
0.000928295
-7.67577e-05
0.000935822
-7.56331e-05
0.000943506
-7.46302e-05
0.000951329
-7.37503e-05
0.000959273
-7.29957e-05
0.000967321
-7.23638e-05
0.000975456
-7.18561e-05
0.000983661
-7.14707e-05
0.000991919
-7.12052e-05
0.00100021
-7.10564e-05
0.00100853
-7.10214e-05
0.00101685
-7.10971e-05
0.00102517
-7.12772e-05
0.00103347
-7.15556e-05
0.00104174
-7.19261e-05
0.00104997
-7.23831e-05
0.00105815
-7.29217e-05
0.00106626
-7.35345e-05
0.00107432
-7.42199e-05
0.0010823
-7.49694e-05
0.0010902
-7.57813e-05
0.00109803
-7.66456e-05
0.00110576
-7.75588e-05
0.00111341
-7.85118e-05
0.00112097
-7.95006e-05
0.00112843
-8.05188e-05
0.0011358
-8.15619e-05
0.00114307
-8.26238e-05
0.00115024
-8.37e-05
0.00115733
-8.47862e-05
0.00116432
-8.58784e-05
0.00117122
-8.69726e-05
0.00117804
-8.80652e-05
0.00118477
-8.91529e-05
0.00119142
-9.02328e-05
0.00119799
-9.13021e-05
0.00120449
-9.23585e-05
0.00121092
-9.33998e-05
0.00121729
-9.44243e-05
0.00122359
-9.54302e-05
0.00122984
-9.64162e-05
0.00123604
-9.73811e-05
0.0012422
-9.83239e-05
0.00124831
-9.92436e-05
0.00125439
-0.00010014
0.00126043
-0.000101013
0.00126645
-0.000101862
0.00127244
-0.000102687
0.00127842
-0.00010349
0.00128438
-0.000104267
0.00129034
-0.000105028
0.00129629
-0.000105758
-0.000106482
0.00130224
0.000893741
-9.12684e-05
0.000900222
-9.18676e-05
0.000906859
-9.25132e-05
0.000913664
-9.32513e-05
0.000920597
-9.41381e-05
0.000927562
-9.52087e-05
0.000934433
-9.64807e-05
0.000941074
-9.79489e-05
0.000947358
-9.95852e-05
0.000953181
-0.000101344
0.000958473
-0.000103169
0.000963194
-0.000104999
0.000967338
-0.000106773
0.000970928
-0.000108436
0.000974008
-0.000109939
0.000976638
-0.000111243
0.00097889
-0.000112321
0.00098084
-0.000113154
0.000982564
-0.000113733
0.000984138
-0.000114054
0.000985631
-0.000114124
0.000987108
-0.000113951
0.000988625
-0.000113549
0.000990234
-0.000112935
0.000991979
-0.000112127
0.000993898
-0.000111144
0.000996021
-0.000110006
0.000998378
-0.000108733
0.00100099
-0.000107346
0.00100387
-0.000105867
0.00100704
-0.000104314
0.0010105
-0.000102705
0.00101426
-0.000101057
0.00101831
-9.93899e-05
0.00102268
-9.77197e-05
0.00102733
-9.60621e-05
0.00103228
-9.443e-05
0.00103751
-9.2836e-05
0.00104302
-9.12931e-05
0.00104878
-8.98129e-05
0.00105479
-8.84025e-05
0.00106104
-8.70691e-05
0.0010675
-8.58192e-05
0.00107416
-8.46613e-05
0.001081
-8.36026e-05
0.00108802
-8.26446e-05
0.00109518
-8.17909e-05
0.00110247
-8.10439e-05
0.00110988
-8.04047e-05
0.00111739
-7.98712e-05
0.00112497
-7.94432e-05
0.00113262
-7.91212e-05
0.00114032
-7.89017e-05
0.00114805
-7.87832e-05
0.00115579
-7.8764e-05
0.00116353
-7.88416e-05
0.00117127
-7.90114e-05
0.00117898
-7.92682e-05
0.00118666
-7.96065e-05
0.0011943
-8.00223e-05
0.00120189
-8.05099e-05
0.00120942
-8.10648e-05
0.00121688
-8.16827e-05
0.00122427
-8.23596e-05
0.00123158
-8.3091e-05
0.0012388
-8.3871e-05
0.00124594
-8.46942e-05
0.00125298
-8.5555e-05
0.00125993
-8.64484e-05
0.00126678
-8.73695e-05
0.00127353
-8.83141e-05
0.00128019
-8.92777e-05
0.00128674
-9.02562e-05
0.0012932
-9.12461e-05
0.00129957
-9.22436e-05
0.00130584
-9.32455e-05
0.00131202
-9.42484e-05
0.00131812
-9.52494e-05
0.00132413
-9.62457e-05
0.00133007
-9.7235e-05
0.00133592
-9.82151e-05
0.00134171
-9.91841e-05
0.00134742
-0.00010014
0.00135308
-0.000101082
0.00135867
-0.000102009
0.00136421
-0.000102919
0.00136969
-0.000103811
0.00137513
-0.000104684
0.00138053
-0.000105539
0.0013859
-0.000106375
0.00139123
-0.000107192
0.00139653
-0.000107989
0.00140181
-0.000108768
0.00140706
-0.000109526
0.00141231
-0.000110271
0.00141754
-0.000110989
-0.000111707
0.00142276
0.00111291
-9.69078e-05
0.00111861
-9.75676e-05
0.00112437
-9.82745e-05
0.00113017
-9.90559e-05
0.00113598
-9.99393e-05
0.0011417
-0.000100934
0.00114726
-0.000102042
0.00115257
-0.000103254
0.00115753
-0.00010455
0.00116209
-0.0001059
0.00116619
-0.000107269
0.00116981
-0.000108619
0.00117294
-0.000109911
0.00117562
-0.000111111
0.00117787
-0.000112187
0.00117974
-0.000113113
0.00118128
-0.00011387
0.00118257
-0.000114445
0.00118367
-0.000114829
0.00118464
-0.00011502
0.00118553
-0.000115019
0.00118641
-0.000114834
0.00118734
-0.000114471
0.00118834
-0.000113943
0.00118948
-0.000113261
0.00119078
-0.000112441
0.00119227
-0.000111497
0.00119398
-0.000110445
0.00119593
-0.000109299
0.00119814
-0.000108077
0.00120062
-0.000106794
0.00120338
-0.000105464
0.00120643
-0.000104101
0.00120976
-0.000102722
0.00121338
-0.000101337
0.00121727
-9.99615e-05
0.00122145
-9.86053e-05
0.00122589
-9.72792e-05
0.00123059
-9.59944e-05
0.00123554
-9.47606e-05
0.00124072
-9.35839e-05
0.00124613
-9.24707e-05
0.00125173
-9.14271e-05
0.00125753
-9.04594e-05
0.0012635
-8.95725e-05
0.00126963
-8.877e-05
0.00127589
-8.80547e-05
0.00128228
-8.74292e-05
0.00128876
-8.68937e-05
0.00129534
-8.64481e-05
0.00130199
-8.60914e-05
0.00130869
-8.58231e-05
0.00131543
-8.56427e-05
0.0013222
-8.55494e-05
0.00132898
-8.55423e-05
0.00133575
-8.56187e-05
0.00134252
-8.57751e-05
0.00134926
-8.60075e-05
0.00135596
-8.63114e-05
0.00136262
-8.66826e-05
0.00136923
-8.71168e-05
0.00137577
-8.76099e-05
0.00138225
-8.81583e-05
0.00138865
-8.87583e-05
0.00139496
-8.94061e-05
0.00140119
-9.00975e-05
0.00140732
-9.08282e-05
0.00141336
-9.15937e-05
0.0014193
-9.23898e-05
0.00142515
-9.32124e-05
0.00143089
-9.40579e-05
0.00143653
-9.49225e-05
0.00144208
-9.58028e-05
0.00144753
-9.66957e-05
0.00145288
-9.75978e-05
0.00145815
-9.85062e-05
0.00146331
-9.94181e-05
0.0014684
-0.000100331
0.00147339
-0.000101242
0.00147831
-0.000102148
0.00148314
-0.00010305
0.0014879
-0.000103943
0.00149259
-0.000104827
0.0014972
-0.000105701
0.00150176
-0.000106563
0.00150625
-0.000107412
0.00151069
-0.000108248
0.00151508
-0.00010907
0.00151941
-0.000109877
0.00152371
-0.000110668
0.00152796
-0.000111445
0.00153218
-0.000112205
0.00153636
-0.000112952
0.00154052
-0.000113681
0.00154465
-0.000114401
0.00154875
-0.000115098
-0.000115797
0.00155284
0.00138623
-0.000101279
0.00139059
-0.000101928
0.00139492
-0.00010261
0.00139921
-0.00010334
0.0014034
-0.000104131
0.00140745
-0.000104982
0.00141129
-0.000105888
0.00141488
-0.00010684
0.00141815
-0.000107824
0.00142107
-0.000108821
0.00142361
-0.000109809
0.00142576
-0.000110767
0.00142752
-0.00011167
0.00142891
-0.000112498
0.00142995
-0.000113231
0.00143069
-0.000113852
0.00143117
-0.00011435
0.00143144
-0.000114715
0.00143156
-0.000114942
0.00143156
-0.000115027
0.00143152
-0.000114972
0.00143146
-0.000114779
0.00143145
-0.000114455
0.00143151
-0.000114005
0.00143169
-0.00011344
0.00143201
-0.000112768
0.00143252
-0.000112
0.00143322
-0.000111148
0.00143414
-0.000110222
0.0014353
-0.000109236
0.00143671
-0.0001082
0.00143837
-0.000107126
0.00144029
-0.000106025
0.00144248
-0.000104908
0.00144493
-0.000103787
0.00144764
-0.000102671
0.0014506
-0.000101569
0.00145381
-0.000100491
0.00145726
-9.94437e-05
0.00146094
-9.84352e-05
0.00146483
-9.74719e-05
0.00146892
-9.65596e-05
0.00147319
-9.57038e-05
0.00147764
-9.49092e-05
0.00148225
-9.41801e-05
0.001487
-9.35191e-05
0.00149187
-9.29289e-05
0.00149685
-9.24113e-05
0.00150193
-9.19674e-05
0.00150708
-9.15981e-05
0.00151229
-9.13035e-05
0.00151755
-9.10832e-05
0.00152284
-9.09365e-05
0.00152816
-9.08629e-05
0.00153348
-9.08617e-05
0.00153879
-9.09315e-05
0.00154408
-9.10694e-05
0.00154935
-9.12723e-05
0.00155457
-9.15364e-05
0.00155975
-9.18582e-05
0.00156487
-9.22342e-05
0.00156992
-9.26612e-05
0.00157489
-9.31362e-05
0.00157979
-9.36564e-05
0.00158461
-9.42186e-05
0.00158933
-9.48198e-05
0.00159396
-9.54566e-05
0.00159849
-9.61256e-05
0.00160292
-9.68235e-05
0.00160726
-9.75468e-05
0.00161149
-9.82924e-05
0.00161562
-9.90571e-05
0.00161966
-9.98379e-05
0.0016236
-0.000100632
0.00162743
-0.000101436
0.00163118
-0.000102248
0.00163482
-0.000103066
0.00163838
-0.000103886
0.00164184
-0.000104707
0.00164522
-0.000105526
0.00164852
-0.000106342
0.00165173
-0.000107154
0.00165486
-0.00010796
0.00165792
-0.000108758
0.0016609
-0.000109549
0.00166382
-0.00011033
0.00166667
-0.000111101
0.00166946
-0.000111861
0.0016722
-0.00011261
0.00167488
-0.000113348
0.00167751
-0.000114075
0.00168009
-0.000114789
0.00168263
-0.000115492
0.00168513
-0.000116182
0.00168759
-0.000116862
0.00169002
-0.000117527
-0.000118192
0.00169242
0.00172778
-0.000103695
0.00173013
-0.000104272
0.00173238
-0.000104866
0.00173453
-0.000105485
0.00173653
-0.000106134
0.00173836
-0.000106809
0.00173998
-0.000107505
0.00174135
-0.000108213
0.00174245
-0.000108924
0.00174325
-0.000109627
0.00174375
-0.000110309
0.00174394
-0.000110956
0.00174383
-0.000111556
0.00174343
-0.000112096
0.00174276
-0.000112565
0.00174186
-0.000112952
0.00174076
-0.000113251
0.0017395
-0.000113454
0.00173812
-0.000113559
0.00173666
-0.000113564
0.00173515
-0.000113469
0.00173365
-0.000113275
0.00173218
-0.000112986
0.00173078
-0.000112606
0.00172948
-0.00011214
0.00172831
-0.000111596
0.00172729
-0.000110981
0.00172645
-0.000110302
0.00172579
-0.000109567
0.00172534
-0.000108786
0.00172511
-0.000107965
0.0017251
-0.000107115
0.00172532
-0.000106243
0.00172577
-0.000105358
0.00172645
-0.000104468
0.00172736
-0.000103581
0.00172849
-0.000102703
0.00172984
-0.000101842
0.0017314
-0.000101005
0.00173317
-0.000100196
0.00173512
-9.94228e-05
0.00173725
-9.86886e-05
0.00173954
-9.7998e-05
0.00174199
-9.7355e-05
0.00174457
-9.67632e-05
0.00174727
-9.62252e-05
0.00175009
-9.57437e-05
0.001753
-9.53204e-05
0.00175599
-9.49567e-05
0.00175904
-9.46533e-05
0.00176215
-9.44107e-05
0.0017653
-9.42289e-05
0.00176847
-9.41079e-05
0.00177165
-9.4047e-05
0.00177483
-9.40455e-05
0.001778
-9.41019e-05
0.00178115
-9.42144e-05
0.00178426
-9.43812e-05
0.00178732
-9.45997e-05
0.00179033
-9.48675e-05
0.00179328
-9.51819e-05
0.00179616
-9.55405e-05
0.00179896
-9.59409e-05
0.00180169
-9.63808e-05
0.00180433
-9.68576e-05
0.00180688
-9.73691e-05
0.00180933
-9.79124e-05
0.00181169
-9.8485e-05
0.00181395
-9.9084e-05
0.00181611
-9.97068e-05
0.00181817
-0.00010035
0.00182012
-0.000101012
0.00182198
-0.00010169
0.00182373
-0.000102381
0.00182537
-0.000103083
0.00182692
-0.000103793
0.00182836
-0.00010451
0.00182971
-0.000105232
0.00183096
-0.000105956
0.00183211
-0.000106681
0.00183317
-0.000107405
0.00183415
-0.000108128
0.00183503
-0.000108847
0.00183584
-0.000109562
0.00183656
-0.000110271
0.00183721
-0.000110975
0.00183778
-0.000111671
0.00183828
-0.000112361
0.00183871
-0.000113041
0.00183907
-0.000113715
0.00183938
-0.000114378
0.00183962
-0.000115034
0.00183981
-0.000115679
0.00183994
-0.000116317
0.00184002
-0.000116944
0.00184006
-0.000117562
-0.000118175
0.00184004
0.00215529
-0.000103313
0.0021548
-0.000103783
0.00215419
-0.000104257
0.00215344
-0.000104738
0.00215254
-0.000105229
0.00215146
-0.000105726
0.00215017
-0.000106222
0.00214868
-0.000106715
0.00214695
-0.000107196
0.00214498
-0.00010766
0.00214277
-0.0001081
0.00214032
-0.000108507
0.00213764
-0.000108874
0.00213474
-0.000109195
0.00213164
-0.000109463
0.00212836
-0.000109673
0.00212493
-0.000109821
0.00212138
-0.000109902
0.00211773
-0.000109915
0.00211403
-0.000109858
0.00211029
-0.000109732
0.00210655
-0.000109537
0.00210284
-0.000109276
0.00209919
-0.000108951
0.00209561
-0.000108566
0.00209214
-0.000108125
0.00208879
-0.000107633
0.00208559
-0.000107094
0.00208254
-0.000106516
0.00207965
-0.000105902
0.00207695
-0.00010526
0.00207443
-0.000104596
0.0020721
-0.000103914
0.00206996
-0.000103223
0.00206802
-0.000102526
0.00206627
-0.000101831
0.00206471
-0.000101143
0.00206333
-0.000100466
0.00206214
-9.98061e-05
0.00206111
-9.91676e-05
0.00206024
-9.85548e-05
0.00205952
-9.79716e-05
0.00205895
-9.74216e-05
0.0020585
-9.6908e-05
0.00205817
-9.64336e-05
0.00205794
-9.60008e-05
0.00205781
-9.56116e-05
0.00205776
-9.52676e-05
0.00205777
-9.49702e-05
0.00205784
-9.47202e-05
0.00205795
-9.45184e-05
0.00205808
-9.43651e-05
0.00205824
-9.42601e-05
0.00205839
-9.42034e-05
0.00205854
-9.41942e-05
0.00205867
-9.42318e-05
0.00205877
-9.43148e-05
0.00205883
-9.44421e-05
0.00205884
-9.46119e-05
0.0020588
-9.48227e-05
0.00205869
-9.50728e-05
0.00205851
-9.53605e-05
0.00205825
-9.56842e-05
0.00205791
-9.60419e-05
0.00205749
-9.64317e-05
0.00205697
-9.68514e-05
0.00205636
-9.72991e-05
0.00205564
-9.77723e-05
0.00205483
-9.82689e-05
0.00205391
-9.87868e-05
0.00205288
-9.93237e-05
0.00205175
-9.98775e-05
0.0020505
-0.000100446
0.00204915
-0.000101028
0.00204769
-0.00010162
0.00204612
-0.000102222
0.00204444
-0.000102831
0.00204265
-0.000103447
0.00204076
-0.000104066
0.00203877
-0.000104688
0.00203668
-0.000105312
0.00203449
-0.000105937
0.0020322
-0.00010656
0.00202982
-0.000107182
0.00202735
-0.000107801
0.00202479
-0.000108417
0.00202215
-0.000109029
0.00201943
-0.000109637
0.00201662
-0.000110238
0.00201374
-0.000110835
0.00201079
-0.000111425
0.00200777
-0.00011201
0.00200467
-0.000112586
0.00200152
-0.000113159
0.00199829
-0.000113722
0.00199501
-0.000114281
-0.000114832
0.00199167
0.00269109
-9.90322e-05
0.00268667
-9.93685e-05
0.00268212
-9.9701e-05
0.00267741
-0.000100029
0.00267254
-0.000100355
0.00266749
-0.000100676
0.00266225
-0.000100988
0.00265683
-0.000101288
0.0026512
-0.000101574
0.00264538
-0.00010184
0.00263937
-0.000102083
0.00263316
-0.000102299
0.00262677
-0.000102485
0.00262021
-0.000102636
0.0026135
-0.000102749
0.00260664
-0.000102822
0.00259968
-0.000102852
0.00259261
-0.000102837
0.00258547
-0.000102777
0.00257829
-0.00010267
0.00257107
-0.000102517
0.00256385
-0.000102318
0.00255665
-0.000102075
0.00254949
-0.000101789
0.00254239
-0.000101463
0.00253536
-0.000101099
0.00252843
-0.000100701
0.0025216
-0.000100271
0.0025149
-9.98139e-05
0.00250833
-9.9333e-05
0.0025019
-9.88323e-05
0.00249563
-9.83161e-05
0.0024895
-9.77883e-05
0.00248353
-9.72533e-05
0.00247772
-9.6715e-05
0.00247206
-9.61775e-05
0.00246657
-9.56447e-05
0.00246122
-9.51204e-05
0.00245602
-9.46081e-05
0.00245097
-9.41114e-05
0.00244605
-9.36332e-05
0.00244125
-9.31767e-05
0.00243657
-9.27445e-05
0.002432
-9.23391e-05
0.00242753
-9.19627e-05
0.00242315
-9.16172e-05
0.00241884
-9.13043e-05
0.0024146
-9.10255e-05
0.00241041
-9.07819e-05
0.00240627
-9.05745e-05
0.00240215
-9.04038e-05
0.00239806
-9.02704e-05
0.00239397
-9.01744e-05
0.00238988
-9.01158e-05
0.00238578
-9.00944e-05
0.00238166
-9.01097e-05
0.00237751
-9.01613e-05
0.00237331
-9.02482e-05
0.00236907
-9.03697e-05
0.00236477
-9.05247e-05
0.00236041
-9.0712e-05
0.00235598
-9.09305e-05
0.00235148
-9.11787e-05
0.00234689
-9.14553e-05
0.00234222
-9.17587e-05
0.00233745
-9.20875e-05
0.0023326
-9.244e-05
0.00232764
-9.28147e-05
0.00232258
-9.321e-05
0.00231742
-9.36243e-05
0.00231215
-9.4056e-05
0.00230677
-9.45035e-05
0.00230129
-9.49653e-05
0.00229571
-9.54398e-05
0.00229001
-9.59258e-05
0.00228421
-9.64216e-05
0.0022783
-9.69259e-05
0.0022723
-9.74376e-05
0.00226618
-9.79553e-05
0.00225997
-9.84778e-05
0.00225367
-9.90042e-05
0.00224726
-9.95334e-05
0.00224077
-0.000100064
0.00223418
-0.000100596
0.00222751
-0.000101129
0.00222075
-0.00010166
0.00221391
-0.000102191
0.002207
-0.00010272
0.00220001
-0.000103246
0.00219294
-0.00010377
0.00218581
-0.000104291
0.0021786
-0.000104809
0.00217134
-0.000105322
0.00216401
-0.000105833
0.00215663
-0.000106338
0.00214919
-0.000106841
-0.000107338
0.0021417
0.00335386
-8.85869e-05
0.00334328
-8.87867e-05
0.00333256
-8.89818e-05
0.0033217
-8.91699e-05
0.0033107
-8.93521e-05
0.00329955
-8.95264e-05
0.00328825
-8.96908e-05
0.00327681
-8.98437e-05
0.00326522
-8.99829e-05
0.00325348
-9.01065e-05
0.00324161
-9.02125e-05
0.00322961
-9.02987e-05
0.00321749
-9.03632e-05
0.00320526
-9.04043e-05
0.00319293
-9.04204e-05
0.00318052
-9.04099e-05
0.00316804
-9.03719e-05
0.00315551
-9.03054e-05
0.00314294
-9.02099e-05
0.00313036
-9.00854e-05
0.00311777
-8.99318e-05
0.0031052
-8.97497e-05
0.00309267
-8.95399e-05
0.00308018
-8.93035e-05
0.00306776
-8.90418e-05
0.00305542
-8.87565e-05
0.00304317
-8.84494e-05
0.00303102
-8.81227e-05
0.00301898
-8.77786e-05
0.00300707
-8.74194e-05
0.00299528
-8.70476e-05
0.00298363
-8.6666e-05
0.00297212
-8.6277e-05
0.00296075
-8.58834e-05
0.00294953
-8.54879e-05
0.00293844
-8.50931e-05
0.0029275
-8.47017e-05
0.0029167
-8.43162e-05
0.00290603
-8.39391e-05
0.00289549
-8.35727e-05
0.00288507
-8.32193e-05
0.00287478
-8.2881e-05
0.00286459
-8.25598e-05
0.00285451
-8.22575e-05
0.00284452
-8.19759e-05
0.00283462
-8.17163e-05
0.0028248
-8.14801e-05
0.00281504
-8.12685e-05
0.00280534
-8.10825e-05
0.00279569
-8.09229e-05
0.00278608
-8.07905e-05
0.00277649
-8.06856e-05
0.00276693
-8.06086e-05
0.00275737
-8.05597e-05
0.00274782
-8.0539e-05
0.00273825
-8.05464e-05
0.00272867
-8.05815e-05
0.00271907
-8.06441e-05
0.00270943
-8.07336e-05
0.00269976
-8.08495e-05
0.00269004
-8.09912e-05
0.00268026
-8.11578e-05
0.00267043
-8.13487e-05
0.00266054
-8.15628e-05
0.00265058
-8.17993e-05
0.00264055
-8.20571e-05
0.00263045
-8.23353e-05
0.00262026
-8.26327e-05
0.00261
-8.29483e-05
0.00259966
-8.32809e-05
0.00258923
-8.36295e-05
0.00257872
-8.39929e-05
0.00256813
-8.43699e-05
0.00255745
-8.47595e-05
0.00254668
-8.51606e-05
0.00253583
-8.55721e-05
0.0025249
-8.5993e-05
0.00251388
-8.64224e-05
0.00250279
-8.68591e-05
0.00249161
-8.73024e-05
0.00248036
-8.77514e-05
0.00246903
-8.82052e-05
0.00245763
-8.8663e-05
0.00244616
-8.91242e-05
0.00243462
-8.9588e-05
0.00242301
-9.00538e-05
0.00241134
-9.05211e-05
0.00239961
-9.09892e-05
0.00238782
-9.14579e-05
0.00237598
-9.19264e-05
0.00236408
-9.23946e-05
0.00235214
-9.2862e-05
0.00234014
-9.33283e-05
0.0023281
-9.37933e-05
0.00231602
-9.42567e-05
0.0023039
-9.47186e-05
-9.5178e-05
0.00229174
0.00408763
-7.08995e-05
0.00406985
-7.10094e-05
0.00405199
-7.11164e-05
0.00403403
-7.12182e-05
0.004016
-7.13143e-05
0.00399787
-7.14039e-05
0.00397967
-7.14857e-05
0.00396138
-7.15588e-05
0.00394302
-7.16222e-05
0.00392459
-7.16746e-05
0.00390609
-7.17152e-05
0.00388754
-7.17429e-05
0.00386893
-7.17568e-05
0.00385028
-7.1756e-05
0.0038316
-7.17398e-05
0.0038129
-7.17075e-05
0.00379419
-7.16586e-05
0.00377547
-7.15928e-05
0.00375677
-7.15098e-05
0.0037381
-7.14095e-05
0.00371946
-7.12922e-05
0.00370087
-7.11581e-05
0.00368234
-7.10077e-05
0.00366387
-7.08415e-05
0.00364549
-7.06603e-05
0.0036272
-7.04651e-05
0.00360901
-7.02569e-05
0.00359092
-7.00369e-05
0.00357295
-6.98064e-05
0.0035551
-6.95667e-05
0.00353737
-6.93193e-05
0.00351977
-6.90658e-05
0.0035023
-6.88077e-05
0.00348496
-6.85467e-05
0.00346776
-6.82845e-05
0.00345069
-6.80226e-05
0.00343375
-6.77627e-05
0.00341694
-6.75064e-05
0.00340026
-6.72555e-05
0.0033837
-6.70114e-05
0.00336725
-6.67755e-05
0.00335092
-6.65495e-05
0.0033347
-6.63346e-05
0.00331857
-6.61321e-05
0.00330254
-6.59433e-05
0.00328659
-6.57693e-05
0.00327072
-6.56111e-05
0.00325492
-6.54696e-05
0.00323919
-6.53457e-05
0.0032235
-6.524e-05
0.00320787
-6.51533e-05
0.00319227
-6.5086e-05
0.0031767
-6.50385e-05
0.00316115
-6.50113e-05
0.00314561
-6.50044e-05
0.00313008
-6.5018e-05
0.00311456
-6.50521e-05
0.00309902
-6.51067e-05
0.00308347
-6.51817e-05
0.00306789
-6.52767e-05
0.00305229
-6.53917e-05
0.00303666
-6.55261e-05
0.00302099
-6.56795e-05
0.00300528
-6.58515e-05
0.00298952
-6.60415e-05
0.00297372
-6.6249e-05
0.00295785
-6.64733e-05
0.00294193
-6.67138e-05
0.00292596
-6.69697e-05
0.00290992
-6.72405e-05
0.00289381
-6.75252e-05
0.00287764
-6.78233e-05
0.00286141
-6.81339e-05
0.0028451
-6.84563e-05
0.00282873
-6.87898e-05
0.00281229
-6.91336e-05
0.00279579
-6.94869e-05
0.00277921
-6.98491e-05
0.00276257
-7.02194e-05
0.00274587
-7.05971e-05
0.0027291
-7.09816e-05
0.00271227
-7.13722e-05
0.00269537
-7.17683e-05
0.00267842
-7.21693e-05
0.0026614
-7.25747e-05
0.00264433
-7.29838e-05
0.00262721
-7.33963e-05
0.00261003
-7.38115e-05
0.0025928
-7.42292e-05
0.00257552
-7.46487e-05
0.0025582
-7.50699e-05
0.00254083
-7.54922e-05
0.00252342
-7.59154e-05
0.00250596
-7.63393e-05
0.00248847
-7.6763e-05
0.00247094
-7.71878e-05
-7.76104e-05
0.00245337
0.00391464
-5.65616e-05
0.00390027
-5.66373e-05
0.00388586
-5.67096e-05
0.00387142
-5.67775e-05
0.00385695
-5.68404e-05
0.00384244
-5.68979e-05
0.00382791
-5.69493e-05
0.00381334
-5.69941e-05
0.00379875
-5.70317e-05
0.00378414
-5.70615e-05
0.00376951
-5.70831e-05
0.00375486
-5.70959e-05
0.0037402
-5.70994e-05
0.00372554
-5.70933e-05
0.00371088
-5.70771e-05
0.00369622
-5.70507e-05
0.00368158
-5.70137e-05
0.00366695
-5.6966e-05
0.00365235
-5.69076e-05
0.00363778
-5.68385e-05
0.00362324
-5.67589e-05
0.00360875
-5.66688e-05
0.00359432
-5.65687e-05
0.00357993
-5.64589e-05
0.00356561
-5.63399e-05
0.00355136
-5.62122e-05
0.00353718
-5.60766e-05
0.00352308
-5.59338e-05
0.00350905
-5.57845e-05
0.00349512
-5.56296e-05
0.00348127
-5.54699e-05
0.00346751
-5.53066e-05
0.00345384
-5.51405e-05
0.00344027
-5.49726e-05
0.00342679
-5.48042e-05
0.0034134
-5.46361e-05
0.00340011
-5.44695e-05
0.00338691
-5.43054e-05
0.0033738
-5.4145e-05
0.00336077
-5.39892e-05
0.00334784
-5.38391e-05
0.00333498
-5.36956e-05
0.00332221
-5.35598e-05
0.00330951
-5.34326e-05
0.00329688
-5.33148e-05
0.00328432
-5.32073e-05
0.00327182
-5.31108e-05
0.00325937
-5.30261e-05
0.00324698
-5.29537e-05
0.00323464
-5.28943e-05
0.00322233
-5.28485e-05
0.00321006
-5.28166e-05
0.00319782
-5.27991e-05
0.00318561
-5.27963e-05
0.00317341
-5.28085e-05
0.00316123
-5.28358e-05
0.00314906
-5.28785e-05
0.00313689
-5.29365e-05
0.00312471
-5.301e-05
0.00311254
-5.30988e-05
0.00310035
-5.32029e-05
0.00308814
-5.33222e-05
0.00307592
-5.34563e-05
0.00306367
-5.36052e-05
0.0030514
-5.37685e-05
0.0030391
-5.39459e-05
0.00302676
-5.41371e-05
0.00301439
-5.43416e-05
0.00300198
-5.4559e-05
0.00298953
-5.4789e-05
0.00297703
-5.5031e-05
0.00296449
-5.52845e-05
0.00295191
-5.55492e-05
0.00293928
-5.58244e-05
0.0029266
-5.61096e-05
0.00291387
-5.64044e-05
0.00290109
-5.67082e-05
0.00288826
-5.70204e-05
0.00287538
-5.73406e-05
0.00286245
-5.76683e-05
0.00284947
-5.8003e-05
0.00283645
-5.8344e-05
0.00282337
-5.86911e-05
0.00281024
-5.90436e-05
0.00279707
-5.94012e-05
0.00278385
-5.97634e-05
0.00277058
-6.01298e-05
0.00275727
-6.04999e-05
0.00274392
-6.08734e-05
0.00273052
-6.12499e-05
0.00271708
-6.16289e-05
0.00270359
-6.20105e-05
0.00269007
-6.23935e-05
0.00267651
-6.27791e-05
0.00266291
-6.31645e-05
0.00264928
-6.35537e-05
-6.39392e-05
0.00263561
0.00391354
-4.43653e-05
0.00390133
-4.4424e-05
0.0038891
-4.44795e-05
0.00387685
-4.45314e-05
0.00386459
-4.45793e-05
0.00385231
-4.4623e-05
0.00384003
-4.46622e-05
0.00382773
-4.46964e-05
0.00381542
-4.47255e-05
0.00380311
-4.47491e-05
0.0037908
-4.47669e-05
0.00377848
-4.47787e-05
0.00376616
-4.47842e-05
0.00375385
-4.47833e-05
0.00374155
-4.47758e-05
0.00372926
-4.47615e-05
0.00371699
-4.47404e-05
0.00370474
-4.47124e-05
0.00369251
-4.46776e-05
0.0036803
-4.4636e-05
0.00366813
-4.45876e-05
0.003656
-4.45328e-05
0.0036439
-4.44717e-05
0.00363185
-4.44045e-05
0.00361984
-4.43316e-05
0.00360788
-4.42534e-05
0.00359597
-4.41703e-05
0.00358412
-4.40827e-05
0.00357233
-4.39912e-05
0.00356059
-4.38963e-05
0.00354892
-4.37987e-05
0.00353732
-4.36989e-05
0.00352577
-4.35976e-05
0.0035143
-4.34954e-05
0.00350288
-4.33931e-05
0.00349154
-4.32914e-05
0.00348026
-4.31909e-05
0.00346905
-4.30925e-05
0.0034579
-4.29968e-05
0.00344682
-4.29045e-05
0.00343579
-4.28163e-05
0.00342483
-4.2733e-05
0.00341393
-4.26552e-05
0.00340308
-4.25835e-05
0.00339228
-4.25187e-05
0.00338153
-4.24612e-05
0.00337083
-4.24117e-05
0.00336018
-4.23708e-05
0.00334956
-4.23388e-05
0.00333899
-4.23163e-05
0.00332844
-4.23037e-05
0.00331793
-4.23014e-05
0.00330744
-4.23098e-05
0.00329697
-4.23291e-05
0.00328652
-4.23595e-05
0.00327609
-4.24014e-05
0.00326566
-4.24548e-05
0.00325525
-4.252e-05
0.00324483
-4.2597e-05
0.00323442
-4.26858e-05
0.003224
-4.27864e-05
0.00321358
-4.28989e-05
0.00320315
-4.30232e-05
0.0031927
-4.31591e-05
0.00318224
-4.33066e-05
0.00317176
-4.34654e-05
0.00316126
-4.36354e-05
0.00315073
-4.38163e-05
0.00314018
-4.4008e-05
0.0031296
-4.42101e-05
0.00311899
-4.44223e-05
0.00310835
-4.46444e-05
0.00309768
-4.4876e-05
0.00308697
-4.51168e-05
0.00307623
-4.53665e-05
0.00306545
-4.56246e-05
0.00305463
-4.58909e-05
0.00304378
-4.61648e-05
0.00303288
-4.64462e-05
0.00302195
-4.67346e-05
0.00301097
-4.70296e-05
0.00299996
-4.73308e-05
0.00298891
-4.7638e-05
0.00297781
-4.79505e-05
0.00296668
-4.82683e-05
0.00295551
-4.85908e-05
0.0029443
-4.89178e-05
0.00293305
-4.92488e-05
0.00292176
-4.95836e-05
0.00291043
-4.99216e-05
0.00289906
-5.02628e-05
0.00288766
-5.06068e-05
0.00287622
-5.0953e-05
0.00286474
-5.13019e-05
0.00285323
-5.16513e-05
0.00284168
-5.20048e-05
-5.23547e-05
0.00283009
0.00391366
-3.44522e-05
0.00390374
-3.45031e-05
0.00389381
-3.45515e-05
0.00388388
-3.4597e-05
0.00387394
-3.46395e-05
0.00386399
-3.46787e-05
0.00385405
-3.47146e-05
0.0038441
-3.47468e-05
0.00383415
-3.47753e-05
0.0038242
-3.47999e-05
0.00381425
-3.48204e-05
0.00380431
-3.48368e-05
0.00379437
-3.48488e-05
0.00378445
-3.48564e-05
0.00377453
-3.48596e-05
0.00376463
-3.48584e-05
0.00375474
-3.48526e-05
0.00374487
-3.48423e-05
0.00373502
-3.48276e-05
0.00372519
-3.48085e-05
0.00371539
-3.47851e-05
0.00370561
-3.47577e-05
0.00369587
-3.47262e-05
0.00368616
-3.46911e-05
0.00367648
-3.46524e-05
0.00366683
-3.46104e-05
0.00365723
-3.45655e-05
0.00364766
-3.4518e-05
0.00363814
-3.44682e-05
0.00362866
-3.44165e-05
0.00361923
-3.43633e-05
0.00360984
-3.4309e-05
0.00360049
-3.42541e-05
0.0035912
-3.4199e-05
0.00358195
-3.41443e-05
0.00357275
-3.40902e-05
0.00356359
-3.40375e-05
0.00355449
-3.39865e-05
0.00354543
-3.39378e-05
0.00353642
-3.38918e-05
0.00352745
-3.3849e-05
0.00351852
-3.381e-05
0.00350964
-3.37753e-05
0.00350081
-3.37451e-05
0.00349201
-3.37202e-05
0.00348325
-3.37008e-05
0.00347452
-3.36874e-05
0.00346583
-3.36804e-05
0.00345717
-3.36801e-05
0.00344854
-3.3687e-05
0.00343994
-3.37014e-05
0.00343136
-3.37235e-05
0.00342281
-3.37537e-05
0.00341427
-3.37922e-05
0.00340575
-3.38392e-05
0.00339724
-3.38949e-05
0.00338875
-3.39595e-05
0.00338026
-3.40332e-05
0.00337178
-3.41159e-05
0.0033633
-3.42079e-05
0.00335483
-3.43092e-05
0.00334635
-3.44197e-05
0.00333786
-3.45396e-05
0.00332937
-3.46687e-05
0.00332087
-3.4807e-05
0.00331236
-3.49544e-05
0.00330384
-3.51109e-05
0.0032953
-3.52763e-05
0.00328674
-3.54505e-05
0.00327816
-3.56333e-05
0.00326957
-3.58245e-05
0.00326094
-3.60239e-05
0.0032523
-3.62314e-05
0.00324363
-3.64466e-05
0.00323493
-3.66694e-05
0.00322621
-3.68995e-05
0.00321745
-3.71367e-05
0.00320867
-3.73807e-05
0.00319985
-3.76312e-05
0.00319101
-3.78878e-05
0.00318213
-3.81505e-05
0.00317322
-3.84187e-05
0.00316427
-3.86923e-05
0.00315529
-3.89709e-05
0.00314628
-3.92544e-05
0.00313723
-3.95422e-05
0.00312814
-3.98343e-05
0.00311903
-4.01299e-05
0.00310987
-4.04294e-05
0.00310068
-4.07317e-05
0.00309146
-4.10375e-05
0.00308219
-4.13451e-05
0.0030729
-4.1656e-05
0.00306356
-4.19677e-05
0.00305419
-4.22822e-05
0.00304479
-4.25974e-05
-4.29129e-05
0.00303535
0.00391435
-2.69688e-05
0.00390687
-2.70179e-05
0.00389938
-2.70651e-05
0.0038919
-2.71098e-05
0.00388441
-2.71519e-05
0.00387692
-2.71916e-05
0.00386943
-2.72285e-05
0.00386195
-2.72627e-05
0.00385447
-2.7294e-05
0.00384699
-2.73224e-05
0.00383952
-2.73479e-05
0.00383205
-2.73703e-05
0.00382459
-2.73897e-05
0.00381714
-2.7406e-05
0.0038097
-2.74193e-05
0.00380227
-2.74294e-05
0.00379486
-2.74365e-05
0.00378746
-2.74406e-05
0.00378007
-2.74418e-05
0.0037727
-2.744e-05
0.00376535
-2.74355e-05
0.00375802
-2.74284e-05
0.00375072
-2.74187e-05
0.00374343
-2.74067e-05
0.00373617
-2.73925e-05
0.00372894
-2.73764e-05
0.00372173
-2.73584e-05
0.00371455
-2.7339e-05
0.0037074
-2.73183e-05
0.00370028
-2.72965e-05
0.00369319
-2.72741e-05
0.00368613
-2.72512e-05
0.00367911
-2.72282e-05
0.00367212
-2.72054e-05
0.00366515
-2.71832e-05
0.00365823
-2.71618e-05
0.00365133
-2.71417e-05
0.00364447
-2.71231e-05
0.00363764
-2.71064e-05
0.00363084
-2.7092e-05
0.00362407
-2.70802e-05
0.00361733
-2.70713e-05
0.00361062
-2.70657e-05
0.00360394
-2.70638e-05
0.00359728
-2.70658e-05
0.00359065
-2.70721e-05
0.00358405
-2.7083e-05
0.00357747
-2.70987e-05
0.00357091
-2.71196e-05
0.00356437
-2.71459e-05
0.00355784
-2.71779e-05
0.00355134
-2.72158e-05
0.00354484
-2.72599e-05
0.00353836
-2.73102e-05
0.00353189
-2.7367e-05
0.00352542
-2.74305e-05
0.00351896
-2.75008e-05
0.00351251
-2.7578e-05
0.00350605
-2.76622e-05
0.0034996
-2.77535e-05
0.00349314
-2.78519e-05
0.00348668
-2.79576e-05
0.00348021
-2.80704e-05
0.00347373
-2.81904e-05
0.00346724
-2.83177e-05
0.00346074
-2.84521e-05
0.00345422
-2.85935e-05
0.00344769
-2.8742e-05
0.00344114
-2.88975e-05
0.00343456
-2.90597e-05
0.00342797
-2.92287e-05
0.00342135
-2.94042e-05
0.0034147
-2.95862e-05
0.00340803
-2.97744e-05
0.00340133
-2.99688e-05
0.0033946
-3.0169e-05
0.00338784
-3.0375e-05
0.00338104
-3.05864e-05
0.00337421
-3.08032e-05
0.00336735
-3.10251e-05
0.00336045
-3.12518e-05
0.00335352
-3.14832e-05
0.00334654
-3.17189e-05
0.00333953
-3.19588e-05
0.00333248
-3.22027e-05
0.00332539
-3.24501e-05
0.00331826
-3.2701e-05
0.00331108
-3.29549e-05
0.00330386
-3.32119e-05
0.0032966
-3.34711e-05
0.0032893
-3.37332e-05
0.00328195
-3.39965e-05
0.00327456
-3.4263e-05
0.00326712
-3.45288e-05
0.00325963
-3.47989e-05
0.0032521
-3.50658e-05
-3.53384e-05
0.00324453
0.00395852
-2.13533e-05
0.0039529
-2.13974e-05
0.00394727
-2.144e-05
0.00394164
-2.14802e-05
0.00393601
-2.15183e-05
0.00393037
-2.15543e-05
0.00392473
-2.15882e-05
0.00391909
-2.16197e-05
0.00391344
-2.16491e-05
0.0039078
-2.16761e-05
0.00390215
-2.17009e-05
0.0038965
-2.17234e-05
0.00389086
-2.17437e-05
0.00388521
-2.17616e-05
0.00387957
-2.17774e-05
0.00387393
-2.17909e-05
0.0038683
-2.18022e-05
0.00386267
-2.18114e-05
0.00385705
-2.18186e-05
0.00385143
-2.18238e-05
0.00384582
-2.18272e-05
0.00384022
-2.18288e-05
0.00383463
-2.18287e-05
0.00382905
-2.18271e-05
0.00382348
-2.18241e-05
0.00381793
-2.18198e-05
0.00381238
-2.18146e-05
0.00380685
-2.18084e-05
0.00380134
-2.18015e-05
0.00379583
-2.17941e-05
0.00379035
-2.17864e-05
0.00378487
-2.17787e-05
0.00377942
-2.1771e-05
0.00377397
-2.17638e-05
0.00376855
-2.17571e-05
0.00376314
-2.17513e-05
0.00375774
-2.17466e-05
0.00375236
-2.17432e-05
0.003747
-2.17414e-05
0.00374165
-2.17414e-05
0.00373631
-2.17435e-05
0.00373099
-2.17479e-05
0.00372568
-2.17549e-05
0.00372038
-2.17647e-05
0.00371509
-2.17776e-05
0.00370981
-2.17937e-05
0.00370454
-2.18133e-05
0.00369928
-2.18366e-05
0.00369402
-2.18639e-05
0.00368877
-2.18952e-05
0.00368352
-2.19309e-05
0.00367828
-2.1971e-05
0.00367304
-2.20157e-05
0.00366779
-2.20653e-05
0.00366254
-2.21197e-05
0.00365729
-2.21792e-05
0.00365204
-2.22439e-05
0.00364677
-2.23139e-05
0.0036415
-2.23891e-05
0.00363621
-2.24699e-05
0.00363092
-2.2556e-05
0.00362561
-2.26477e-05
0.00362028
-2.2745e-05
0.00361494
-2.28478e-05
0.00360958
-2.29561e-05
0.0036042
-2.30701e-05
0.00359879
-2.31895e-05
0.00359337
-2.33145e-05
0.00358791
-2.34449e-05
0.00358243
-2.35806e-05
0.00357693
-2.37217e-05
0.00357139
-2.3868e-05
0.00356582
-2.40194e-05
0.00356022
-2.41758e-05
0.00355459
-2.43372e-05
0.00354893
-2.45033e-05
0.00354323
-2.46741e-05
0.00353749
-2.48494e-05
0.00353172
-2.5029e-05
0.0035259
-2.52129e-05
0.00352005
-2.54008e-05
0.00351416
-2.55926e-05
0.00350823
-2.5788e-05
0.00350226
-2.5987e-05
0.00349625
-2.61893e-05
0.00349019
-2.63947e-05
0.00348409
-2.66031e-05
0.00347795
-2.68142e-05
0.00347177
-2.70279e-05
0.00346554
-2.72438e-05
0.00345927
-2.74619e-05
0.00345295
-2.76818e-05
0.00344659
-2.79035e-05
0.00344019
-2.81261e-05
0.00343374
-2.83512e-05
0.00342725
-2.85744e-05
-2.88039e-05
0.00342072
0.00325323
-2.44943e-05
0.00325636
-2.45265e-05
0.00325948
-2.45579e-05
0.00326259
-2.45874e-05
0.00326568
-2.46151e-05
0.00326877
-2.46412e-05
0.00327185
-2.46655e-05
0.00327492
-2.46881e-05
0.00327798
-2.4709e-05
0.00328103
-2.47281e-05
0.00328407
-2.47455e-05
0.00328711
-2.47612e-05
0.00329014
-2.47752e-05
0.00329317
-2.47875e-05
0.00329619
-2.47983e-05
0.0032992
-2.48074e-05
0.00330222
-2.4815e-05
0.00330523
-2.48212e-05
0.00330823
-2.4826e-05
0.00331124
-2.48295e-05
0.00331425
-2.48318e-05
0.00331725
-2.48329e-05
0.00332025
-2.4833e-05
0.00332326
-2.48322e-05
0.00332627
-2.48306e-05
0.00332927
-2.48284e-05
0.00333228
-2.48256e-05
0.0033353
-2.48224e-05
0.00333832
-2.4819e-05
0.00334134
-2.48155e-05
0.00334436
-2.48121e-05
0.00334739
-2.48089e-05
0.00335043
-2.48062e-05
0.00335347
-2.4804e-05
0.00335651
-2.48026e-05
0.00335957
-2.48021e-05
0.00336262
-2.48028e-05
0.00336568
-2.48047e-05
0.00336875
-2.48081e-05
0.00337182
-2.48132e-05
0.0033749
-2.48201e-05
0.00337798
-2.48291e-05
0.00338107
-2.48402e-05
0.00338415
-2.48538e-05
0.00338725
-2.48698e-05
0.00339034
-2.48886e-05
0.00339344
-2.49102e-05
0.00339654
-2.49348e-05
0.00339964
-2.49626e-05
0.00340273
-2.49937e-05
0.00340583
-2.50282e-05
0.00340893
-2.50663e-05
0.00341202
-2.5108e-05
0.00341511
-2.51535e-05
0.00341819
-2.52028e-05
0.00342127
-2.52561e-05
0.00342434
-2.53134e-05
0.0034274
-2.53748e-05
0.00343045
-2.54404e-05
0.00343349
-2.55101e-05
0.00343652
-2.55841e-05
0.00343953
-2.56623e-05
0.00344253
-2.57448e-05
0.00344551
-2.58315e-05
0.00344848
-2.59225e-05
0.00345143
-2.60178e-05
0.00345436
-2.61172e-05
0.00345726
-2.62209e-05
0.00346015
-2.63286e-05
0.00346301
-2.64405e-05
0.00346584
-2.65563e-05
0.00346865
-2.66762e-05
0.00347143
-2.67998e-05
0.00347418
-2.69272e-05
0.0034769
-2.70583e-05
0.00347959
-2.71929e-05
0.00348225
-2.7331e-05
0.00348487
-2.74724e-05
0.00348746
-2.7617e-05
0.00349001
-2.77647e-05
0.00349253
-2.79153e-05
0.003495
-2.80686e-05
0.00349744
-2.82246e-05
0.00349983
-2.83831e-05
0.00350219
-2.85438e-05
0.0035045
-2.87067e-05
0.00350677
-2.88716e-05
0.00350899
-2.90383e-05
0.00351117
-2.92065e-05
0.0035133
-2.93763e-05
0.00351539
-2.95472e-05
0.00351743
-2.97193e-05
0.00351942
-2.98921e-05
0.00352136
-3.00658e-05
0.00352324
-3.02396e-05
0.00352508
-3.04133e-05
-3.05896e-05
0.00352687
0.0026057
-2.06449e-05
0.00260185
-2.06765e-05
0.002598
-2.07074e-05
0.00259415
-2.07371e-05
0.0025903
-2.07652e-05
0.00258645
-2.0792e-05
0.00258261
-2.08174e-05
0.00257876
-2.08414e-05
0.00257491
-2.08639e-05
0.00257107
-2.08851e-05
0.00256723
-2.09049e-05
0.00256339
-2.09233e-05
0.00255956
-2.09404e-05
0.00255573
-2.09562e-05
0.0025519
-2.09707e-05
0.00254808
-2.0984e-05
0.00254426
-2.09961e-05
0.00254044
-2.10072e-05
0.00253663
-2.10172e-05
0.00253283
-2.10262e-05
0.00252903
-2.10343e-05
0.00252524
-2.10416e-05
0.00252146
-2.10482e-05
0.00251768
-2.10541e-05
0.00251391
-2.10595e-05
0.00251014
-2.10645e-05
0.00250639
-2.10691e-05
0.00250264
-2.10735e-05
0.0024989
-2.10778e-05
0.00249516
-2.10822e-05
0.00249144
-2.10867e-05
0.00248772
-2.10914e-05
0.00248401
-2.10966e-05
0.00248031
-2.11022e-05
0.00247662
-2.11086e-05
0.00247293
-2.11157e-05
0.00246925
-2.11238e-05
0.00246558
-2.1133e-05
0.00246191
-2.11434e-05
0.00245826
-2.11551e-05
0.0024546
-2.11683e-05
0.00245096
-2.11832e-05
0.00244732
-2.11997e-05
0.00244368
-2.12182e-05
0.00244005
-2.12386e-05
0.00243642
-2.12611e-05
0.0024328
-2.12859e-05
0.00242918
-2.1313e-05
0.00242556
-2.13425e-05
0.00242194
-2.13746e-05
0.00241832
-2.14093e-05
0.0024147
-2.14467e-05
0.00241108
-2.14869e-05
0.00240745
-2.153e-05
0.00240383
-2.1576e-05
0.0024002
-2.1625e-05
0.00239656
-2.16771e-05
0.00239292
-2.17322e-05
0.00238927
-2.17905e-05
0.00238561
-2.18518e-05
0.00238194
-2.19164e-05
0.00237826
-2.19841e-05
0.00237457
-2.2055e-05
0.00237087
-2.21291e-05
0.00236716
-2.22063e-05
0.00236342
-2.22867e-05
0.00235968
-2.23702e-05
0.00235591
-2.24568e-05
0.00235213
-2.25463e-05
0.00234833
-2.26389e-05
0.00234451
-2.27344e-05
0.00234066
-2.28328e-05
0.0023368
-2.2934e-05
0.00233291
-2.3038e-05
0.002329
-2.31445e-05
0.00232506
-2.32537e-05
0.00232109
-2.33654e-05
0.0023171
-2.34794e-05
0.00231308
-2.35958e-05
0.00230903
-2.37143e-05
0.00230495
-2.3835e-05
0.00230084
-2.39577e-05
0.00229669
-2.40823e-05
0.00229252
-2.42087e-05
0.00228831
-2.43368e-05
0.00228407
-2.44664e-05
0.0022798
-2.45976e-05
0.00227549
-2.47301e-05
0.00227115
-2.48638e-05
0.00226677
-2.49987e-05
0.00226236
-2.51345e-05
0.00225791
-2.52714e-05
0.00225342
-2.54089e-05
0.00224891
-2.55473e-05
0.00224435
-2.5686e-05
0.00223976
-2.5825e-05
-2.59666e-05
0.00223514
0.00209186
-1.74398e-05
0.00208865
-1.74719e-05
0.00208545
-1.75031e-05
0.00208225
-1.75331e-05
0.00207904
-1.75618e-05
0.00207584
-1.75892e-05
0.00207264
-1.76153e-05
0.00206944
-1.76401e-05
0.00206624
-1.76637e-05
0.00206304
-1.76859e-05
0.00205984
-1.77069e-05
0.00205664
-1.77268e-05
0.00205345
-1.77454e-05
0.00205025
-1.77629e-05
0.00204706
-1.77793e-05
0.00204387
-1.77946e-05
0.00204069
-1.78089e-05
0.0020375
-1.78222e-05
0.00203432
-1.78346e-05
0.00203114
-1.78461e-05
0.00202796
-1.78569e-05
0.00202479
-1.78669e-05
0.00202161
-1.78763e-05
0.00201845
-1.78851e-05
0.00201528
-1.78934e-05
0.00201212
-1.79012e-05
0.00200896
-1.79087e-05
0.0020058
-1.79159e-05
0.00200264
-1.79229e-05
0.00199949
-1.79299e-05
0.00199634
-1.79368e-05
0.00199319
-1.79439e-05
0.00199005
-1.79511e-05
0.0019869
-1.79586e-05
0.00198376
-1.79665e-05
0.00198062
-1.79749e-05
0.00197748
-1.79838e-05
0.00197434
-1.79935e-05
0.0019712
-1.80039e-05
0.00196806
-1.80152e-05
0.00196492
-1.80275e-05
0.00196178
-1.80408e-05
0.00195863
-1.80553e-05
0.00195549
-1.8071e-05
0.00195234
-1.80881e-05
0.00194918
-1.81066e-05
0.00194602
-1.81266e-05
0.00194286
-1.81482e-05
0.00193969
-1.81714e-05
0.00193651
-1.81964e-05
0.00193332
-1.82232e-05
0.00193013
-1.82519e-05
0.00192692
-1.82825e-05
0.00192371
-1.8315e-05
0.00192048
-1.83497e-05
0.00191724
-1.83863e-05
0.00191399
-1.84252e-05
0.00191073
-1.84661e-05
0.00190745
-1.85093e-05
0.00190415
-1.85547e-05
0.00190083
-1.86023e-05
0.0018975
-1.86522e-05
0.00189415
-1.87043e-05
0.00189078
-1.87588e-05
0.00188739
-1.88155e-05
0.00188398
-1.88745e-05
0.00188054
-1.89359e-05
0.00187709
-1.89995e-05
0.00187361
-1.90653e-05
0.0018701
-1.91334e-05
0.00186657
-1.92038e-05
0.00186301
-1.92764e-05
0.00185943
-1.93511e-05
0.00185582
-1.94281e-05
0.00185218
-1.95071e-05
0.00184852
-1.95883e-05
0.00184482
-1.96716e-05
0.0018411
-1.97568e-05
0.00183735
-1.98441e-05
0.00183357
-1.99333e-05
0.00182976
-2.00244e-05
0.00182592
-2.01174e-05
0.00182205
-2.02122e-05
0.00181815
-2.03087e-05
0.00181422
-2.0407e-05
0.00181026
-2.0507e-05
0.00180627
-2.06086e-05
0.00180225
-2.07118e-05
0.0017982
-2.08165e-05
0.00179413
-2.09227e-05
0.00179002
-2.10303e-05
0.00178589
-2.11394e-05
0.00178173
-2.12497e-05
0.00177755
-2.13616e-05
0.00177333
-2.14744e-05
0.0017691
-2.15887e-05
-2.17056e-05
0.00176484
0.00168019
-1.47671e-05
0.00167751
-1.47988e-05
0.00167484
-1.48294e-05
0.00167217
-1.48586e-05
0.00166949
-1.48865e-05
0.00166681
-1.4913e-05
0.00166414
-1.49382e-05
0.00166146
-1.4962e-05
0.00165878
-1.49846e-05
0.0016561
-1.50058e-05
0.00165342
-1.50258e-05
0.00165074
-1.50446e-05
0.00164805
-1.50621e-05
0.00164537
-1.50785e-05
0.00164268
-1.50937e-05
0.00164
-1.51078e-05
0.00163731
-1.51208e-05
0.00163462
-1.51328e-05
0.00163193
-1.51438e-05
0.00162924
-1.51538e-05
0.00162654
-1.51629e-05
0.00162385
-1.51711e-05
0.00162115
-1.51785e-05
0.00161845
-1.51851e-05
0.00161575
-1.5191e-05
0.00161304
-1.51963e-05
0.00161033
-1.52009e-05
0.00160762
-1.5205e-05
0.00160491
-1.52087e-05
0.00160219
-1.52119e-05
0.00159947
-1.52148e-05
0.00159674
-1.52174e-05
0.00159401
-1.52198e-05
0.00159127
-1.5222e-05
0.00158853
-1.52243e-05
0.00158578
-1.52265e-05
0.00158303
-1.52289e-05
0.00158027
-1.52314e-05
0.0015775
-1.52343e-05
0.00157472
-1.52374e-05
0.00157193
-1.5241e-05
0.00156914
-1.52451e-05
0.00156633
-1.52499e-05
0.00156352
-1.52553e-05
0.00156069
-1.52614e-05
0.00155785
-1.52685e-05
0.001555
-1.52764e-05
0.00155214
-1.52854e-05
0.00154926
-1.52955e-05
0.00154637
-1.53067e-05
0.00154347
-1.53191e-05
0.00154055
-1.5333e-05
0.00153762
-1.53482e-05
0.00153466
-1.53648e-05
0.0015317
-1.5383e-05
0.00152871
-1.54028e-05
0.00152571
-1.54243e-05
0.0015227
-1.54475e-05
0.00151966
-1.54725e-05
0.0015166
-1.54992e-05
0.00151353
-1.5528e-05
0.00151044
-1.55586e-05
0.00150732
-1.55912e-05
0.00150419
-1.56259e-05
0.00150104
-1.56626e-05
0.00149786
-1.57014e-05
0.00149467
-1.57424e-05
0.00149146
-1.57854e-05
0.00148822
-1.58307e-05
0.00148497
-1.58782e-05
0.00148169
-1.59279e-05
0.00147839
-1.59798e-05
0.00147508
-1.60339e-05
0.00147174
-1.60904e-05
0.00146838
-1.6149e-05
0.001465
-1.62099e-05
0.0014616
-1.62731e-05
0.00145819
-1.63385e-05
0.00145475
-1.64061e-05
0.00145129
-1.6476e-05
0.00144781
-1.6548e-05
0.00144432
-1.66222e-05
0.0014408
-1.66987e-05
0.00143727
-1.67772e-05
0.00143372
-1.68578e-05
0.00143016
-1.69406e-05
0.00142657
-1.70254e-05
0.00142297
-1.71122e-05
0.00141936
-1.72012e-05
0.00141573
-1.7292e-05
0.00141208
-1.73849e-05
0.00140842
-1.74798e-05
0.00140475
-1.75765e-05
0.00140106
-1.76754e-05
0.00139737
-1.77758e-05
0.00139366
-1.78788e-05
-1.79842e-05
0.00138993
0.00135029
-1.25201e-05
0.00134804
-1.25493e-05
0.00134579
-1.25769e-05
0.00134353
-1.26028e-05
0.00134127
-1.26271e-05
0.00133901
-1.26499e-05
0.00133674
-1.26711e-05
0.00133447
-1.26906e-05
0.00133219
-1.27087e-05
0.00132991
-1.27253e-05
0.00132763
-1.27404e-05
0.00132534
-1.27542e-05
0.00132304
-1.27664e-05
0.00132074
-1.27772e-05
0.00131843
-1.27867e-05
0.00131612
-1.27949e-05
0.0013138
-1.28016e-05
0.00131148
-1.28071e-05
0.00130914
-1.28114e-05
0.0013068
-1.28144e-05
0.00130446
-1.28162e-05
0.0013021
-1.28169e-05
0.00129974
-1.28164e-05
0.00129737
-1.2815e-05
0.00129499
-1.28126e-05
0.0012926
-1.28091e-05
0.00129021
-1.28048e-05
0.0012878
-1.27997e-05
0.00128539
-1.27938e-05
0.00128296
-1.27872e-05
0.00128053
-1.278e-05
0.00127808
-1.27722e-05
0.00127563
-1.2764e-05
0.00127316
-1.27554e-05
0.00127068
-1.27465e-05
0.00126819
-1.27374e-05
0.00126569
-1.27281e-05
0.00126318
-1.27189e-05
0.00126066
-1.27097e-05
0.00125812
-1.27007e-05
0.00125557
-1.26919e-05
0.00125301
-1.26835e-05
0.00125044
-1.26757e-05
0.00124785
-1.26683e-05
0.00124525
-1.26616e-05
0.00124264
-1.26557e-05
0.00124001
-1.26507e-05
0.00123737
-1.26467e-05
0.00123472
-1.26437e-05
0.00123205
-1.26418e-05
0.00122938
-1.26413e-05
0.00122669
-1.26421e-05
0.00122398
-1.26443e-05
0.00122127
-1.26481e-05
0.00121854
-1.26535e-05
0.00121579
-1.26606e-05
0.00121304
-1.26695e-05
0.00121027
-1.26802e-05
0.00120749
-1.26928e-05
0.0012047
-1.27075e-05
0.0012019
-1.27242e-05
0.00119908
-1.27429e-05
0.00119625
-1.27639e-05
0.00119341
-1.27871e-05
0.00119056
-1.28125e-05
0.0011877
-1.28402e-05
0.00118483
-1.28702e-05
0.00118195
-1.29026e-05
0.00117905
-1.29373e-05
0.00117615
-1.29746e-05
0.00117324
-1.30141e-05
0.00117031
-1.30561e-05
0.00116738
-1.31006e-05
0.00116444
-1.31476e-05
0.00116149
-1.31969e-05
0.00115852
-1.32488e-05
0.00115555
-1.33031e-05
0.00115258
-1.33598e-05
0.00114959
-1.34191e-05
0.00114659
-1.34806e-05
0.00114359
-1.35445e-05
0.00114058
-1.36109e-05
0.00113756
-1.36796e-05
0.00113453
-1.37505e-05
0.0011315
-1.38238e-05
0.00112846
-1.38994e-05
0.00112541
-1.39772e-05
0.00112235
-1.40573e-05
0.00111929
-1.41395e-05
0.00111622
-1.42239e-05
0.00111315
-1.43105e-05
0.00111007
-1.43994e-05
0.00110698
-1.44902e-05
0.00110389
-1.45835e-05
0.00110079
-1.46784e-05
0.00109769
-1.47765e-05
-1.48766e-05
0.00109458
0.00108535
-1.0593e-05
0.00108341
-1.06161e-05
0.00108147
-1.06369e-05
0.00107953
-1.06556e-05
0.00107757
-1.06724e-05
0.00107561
-1.06873e-05
0.00107364
-1.07002e-05
0.00107166
-1.07113e-05
0.00106967
-1.07206e-05
0.00106767
-1.07282e-05
0.00106567
-1.0734e-05
0.00106365
-1.07381e-05
0.00106163
-1.07406e-05
0.00105959
-1.07414e-05
0.00105754
-1.07407e-05
0.00105549
-1.07384e-05
0.00105342
-1.07346e-05
0.00105134
-1.07293e-05
0.00104925
-1.07226e-05
0.00104715
-1.07146e-05
0.00104504
-1.07053e-05
0.00104292
-1.06947e-05
0.00104079
-1.0683e-05
0.00103864
-1.06702e-05
0.00103649
-1.06564e-05
0.00103432
-1.06417e-05
0.00103214
-1.06261e-05
0.00102995
-1.06097e-05
0.00102775
-1.05927e-05
0.00102554
-1.05751e-05
0.00102331
-1.05569e-05
0.00102108
-1.05384e-05
0.00101884
-1.05196e-05
0.00101658
-1.05005e-05
0.00101432
-1.04813e-05
0.00101204
-1.04623e-05
0.00100976
-1.04433e-05
0.00100746
-1.04245e-05
0.00100516
-1.04061e-05
0.00100285
-1.03882e-05
0.00100052
-1.03709e-05
0.000998195
-1.03542e-05
0.000995857
-1.03383e-05
0.000993512
-1.03233e-05
0.00099116
-1.03092e-05
0.000988801
-1.02964e-05
0.000986435
-1.02846e-05
0.000984062
-1.02742e-05
0.000981684
-1.02651e-05
0.000979299
-1.02575e-05
0.00097691
-1.02515e-05
0.000974514
-1.02471e-05
0.000972115
-1.02444e-05
0.00096971
-1.02435e-05
0.000967301
-1.02446e-05
0.000964888
-1.02475e-05
0.000962471
-1.02525e-05
0.00096005
-1.02595e-05
0.000957626
-1.02687e-05
0.000955199
-1.028e-05
0.000952768
-1.02935e-05
0.000950334
-1.03093e-05
0.000947898
-1.03274e-05
0.000945459
-1.03478e-05
0.000943017
-1.03705e-05
0.000940572
-1.03956e-05
0.000938125
-1.04232e-05
0.000935676
-1.04531e-05
0.000933224
-1.04854e-05
0.000930769
-1.05201e-05
0.000928312
-1.05573e-05
0.000925853
-1.05969e-05
0.000923392
-1.06389e-05
0.000920927
-1.06835e-05
0.000918461
-1.07304e-05
0.000915992
-1.07797e-05
0.000913521
-1.08316e-05
0.000911046
-1.08857e-05
0.00090857
-1.09422e-05
0.00090609
-1.10011e-05
0.000903608
-1.10622e-05
0.000901122
-1.11256e-05
0.000898634
-1.11912e-05
0.000896143
-1.12591e-05
0.000893648
-1.13292e-05
0.00089115
-1.14014e-05
0.000888649
-1.14758e-05
0.000886144
-1.15524e-05
0.000883636
-1.1631e-05
0.000881123
-1.17118e-05
0.000878608
-1.17947e-05
0.000876088
-1.18797e-05
0.000873564
-1.19666e-05
0.000871037
-1.2056e-05
0.000868506
-1.2147e-05
0.00086597
-1.22411e-05
-1.23369e-05
0.00086343
0.000871908
-8.89661e-06
0.000870202
-8.91005e-06
0.000868485
-8.9205e-06
0.000866758
-8.92854e-06
0.00086502
-8.93454e-06
0.000863271
-8.93825e-06
0.000861511
-8.94001e-06
0.00085974
-8.93976e-06
0.000857957
-8.93758e-06
0.000856162
-8.93367e-06
0.000854356
-8.92797e-06
0.000852538
-8.92053e-06
0.00085071
-8.91157e-06
0.000848869
-8.90097e-06
0.000847017
-8.88897e-06
0.000845155
-8.87551e-06
0.000843281
-8.86065e-06
0.000841396
-8.84461e-06
0.000839501
-8.82735e-06
0.000837595
-8.80895e-06
0.00083568
-8.78964e-06
0.000833754
-8.76934e-06
0.00083182
-8.74831e-06
0.000829876
-8.72652e-06
0.000827924
-8.70406e-06
0.000825963
-8.68117e-06
0.000823995
-8.65775e-06
0.000822019
-8.63409e-06
0.000820036
-8.61014e-06
0.000818047
-8.58601e-06
0.000816052
-8.56192e-06
0.000814052
-8.53783e-06
0.000812046
-8.51385e-06
0.000810036
-8.49023e-06
0.000808021
-8.4669e-06
0.000806003
-8.44414e-06
0.000803982
-8.42193e-06
0.000801958
-8.40035e-06
0.000799931
-8.37965e-06
0.000797903
-8.35977e-06
0.000795873
-8.34082e-06
0.000793842
-8.32303e-06
0.00079181
-8.30629e-06
0.000789777
-8.29088e-06
0.000787745
-8.27674e-06
0.000785713
-8.26395e-06
0.000783681
-8.2527e-06
0.000781649
-8.24292e-06
0.000779619
-8.23467e-06
0.00077759
-8.22817e-06
0.000775561
-8.22331e-06
0.000773535
-8.22037e-06
0.00077151
-8.21924e-06
0.000769486
-8.21999e-06
0.000767464
-8.22278e-06
0.000765444
-8.22748e-06
0.000763426
-8.2343e-06
0.00076141
-8.24315e-06
0.000759395
-8.25405e-06
0.000757382
-8.26717e-06
0.000755371
-8.2824e-06
0.000753362
-8.29977e-06
0.000751354
-8.31944e-06
0.000749347
-8.34124e-06
0.000747342
-8.36537e-06
0.000745338
-8.39169e-06
0.000743335
-8.42021e-06
0.000741333
-8.45104e-06
0.000739332
-8.48404e-06
0.000737331
-8.51921e-06
0.000735331
-8.55673e-06
0.00073333
-8.59645e-06
0.00073133
-8.63854e-06
0.000729329
-8.68283e-06
0.000727328
-8.7293e-06
0.000725326
-8.77803e-06
0.000723324
-8.82883e-06
0.00072132
-8.88185e-06
0.000719315
-8.93692e-06
0.000717308
-8.99404e-06
0.000715299
-9.05329e-06
0.000713288
-9.11453e-06
0.000711274
-9.17774e-06
0.000709258
-9.24302e-06
0.000707239
-9.31017e-06
0.000705217
-9.37936e-06
0.000703192
-9.45042e-06
0.000701163
-9.52336e-06
0.00069913
-9.59826e-06
0.000697093
-9.67504e-06
0.000695052
-9.7536e-06
0.000693007
-9.83425e-06
0.000690957
-9.9165e-06
0.000688902
-1.00012e-05
0.000686842
-1.0087e-05
0.000684777
-1.01762e-05
-1.02664e-05
0.000682706
0.000699593
-7.37593e-06
0.000698062
-7.37837e-06
0.000696519
-7.37746e-06
0.000694964
-7.37434e-06
0.000693399
-7.36924e-06
0.000691823
-7.36215e-06
0.000690236
-7.35311e-06
0.000688639
-7.34241e-06
0.000687031
-7.3301e-06
0.000685414
-7.31633e-06
0.000683787
-7.30105e-06
0.000682151
-7.28451e-06
0.000680506
-7.26675e-06
0.000678853
-7.24785e-06
0.000677192
-7.22796e-06
0.000675524
-7.20702e-06
0.000673848
-7.18526e-06
0.000672166
-7.16271e-06
0.000670478
-7.13949e-06
0.000668785
-7.11577e-06
0.000667087
-7.09149e-06
0.000665385
-7.06689e-06
0.000663678
-7.04202e-06
0.000661969
-7.01701e-06
0.000660257
-6.99181e-06
0.000658542
-6.96664e-06
0.000656826
-6.94156e-06
0.000655108
-6.91663e-06
0.00065339
-6.89201e-06
0.000651672
-6.86762e-06
0.000649954
-6.84366e-06
0.000648236
-6.82016e-06
0.000646519
-6.79728e-06
0.000644804
-6.77498e-06
0.000643091
-6.7535e-06
0.00064138
-6.73285e-06
0.000639671
-6.71312e-06
0.000637965
-6.69442e-06
0.000636262
-6.67667e-06
0.000634562
-6.6601e-06
0.000632866
-6.6447e-06
0.000631174
-6.6306e-06
0.000629485
-6.61772e-06
0.0006278
-6.60626e-06
0.00062612
-6.59622e-06
0.000624444
-6.58766e-06
0.000622772
-6.58066e-06
0.000621104
-6.5751e-06
0.00061944
-6.57115e-06
0.000617781
-6.56885e-06
0.000616126
-6.56829e-06
0.000614475
-6.56955e-06
0.000612829
-6.57252e-06
0.000611186
-6.57734e-06
0.000609547
-6.58398e-06
0.000607912
-6.59252e-06
0.000606281
-6.60283e-06
0.000604653
-6.61507e-06
0.000603028
-6.62922e-06
0.000601406
-6.6453e-06
0.000599787
-6.66336e-06
0.00059817
-6.6833e-06
0.000596556
-6.70525e-06
0.000594944
-6.72918e-06
0.000593334
-6.75515e-06
0.000591725
-6.78304e-06
0.000590118
-6.81295e-06
0.000588512
-6.84483e-06
0.000586907
-6.87864e-06
0.000585302
-6.91442e-06
0.000583697
-6.9521e-06
0.000582093
-6.99186e-06
0.000580488
-7.03361e-06
0.000578882
-7.07734e-06
0.000577276
-7.12287e-06
0.000575668
-7.1703e-06
0.000574059
-7.21957e-06
0.000572448
-7.27066e-06
0.000570834
-7.32359e-06
0.000569219
-7.37822e-06
0.0005676
-7.43466e-06
0.000565978
-7.49285e-06
0.000564353
-7.55276e-06
0.000562725
-7.61443e-06
0.000561092
-7.67768e-06
0.000559456
-7.74266e-06
0.000557814
-7.80927e-06
0.000556169
-7.87759e-06
0.000554518
-7.9474e-06
0.000552862
-8.01895e-06
0.0005512
-8.09198e-06
0.000549533
-8.16686e-06
0.000547859
-8.24306e-06
0.00054618
-8.3215e-06
0.000544493
-8.40064e-06
0.0005428
-8.48327e-06
-8.56629e-06
0.0005411
0.000560499
-6.01765e-06
0.000559132
-6.01137e-06
0.000557756
-6.00138e-06
0.000556371
-5.98989e-06
0.000554979
-5.97692e-06
0.000553579
-5.96235e-06
0.000552172
-5.94647e-06
0.000550759
-5.92933e-06
0.00054934
-5.91114e-06
0.000547916
-5.89198e-06
0.000546487
-5.87195e-06
0.000545054
-5.85115e-06
0.000543617
-5.82967e-06
0.000542176
-5.80761e-06
0.000540733
-5.78506e-06
0.000539289
-5.76209e-06
0.000537842
-5.73876e-06
0.000536394
-5.71516e-06
0.000534946
-5.69141e-06
0.000533498
-5.66761e-06
0.000532051
-5.64384e-06
0.000530604
-5.62017e-06
0.000529159
-5.59666e-06
0.000527715
-5.57339e-06
0.000526274
-5.55041e-06
0.000524835
-5.52779e-06
0.000523399
-5.5056e-06
0.000521966
-5.48391e-06
0.000520537
-5.46278e-06
0.000519112
-5.44231e-06
0.00051769
-5.42239e-06
0.000516273
-5.4032e-06
0.000514861
-5.38481e-06
0.000513453
-5.36731e-06
0.00051205
-5.35075e-06
0.000510653
-5.33518e-06
0.00050926
-5.32062e-06
0.000507873
-5.30713e-06
0.000506491
-5.29474e-06
0.000505115
-5.2835e-06
0.000503743
-5.27345e-06
0.000502377
-5.26464e-06
0.000501017
-5.25711e-06
0.000499661
-5.2509e-06
0.000498311
-5.24606e-06
0.000496966
-5.24262e-06
0.000495626
-5.24061e-06
0.000494291
-5.24001e-06
0.000492961
-5.24082e-06
0.000491635
-5.24315e-06
0.000490314
-5.24707e-06
0.000488997
-5.25263e-06
0.000487684
-5.25967e-06
0.000486375
-5.26833e-06
0.00048507
-5.27856e-06
0.000483768
-5.29038e-06
0.000482469
-5.30381e-06
0.000481172
-5.31887e-06
0.000479879
-5.33557e-06
0.000478587
-5.35393e-06
0.000477298
-5.37395e-06
0.00047601
-5.39566e-06
0.000474724
-5.41906e-06
0.000473439
-5.44417e-06
0.000472155
-5.47098e-06
0.000470872
-5.49951e-06
0.000469588
-5.52976e-06
0.000468305
-5.56168e-06
0.000467022
-5.59523e-06
0.000465738
-5.63038e-06
0.000464453
-5.66722e-06
0.000463167
-5.7058e-06
0.000461879
-5.74603e-06
0.00046059
-5.78786e-06
0.000459298
-5.8313e-06
0.000458004
-5.8762e-06
0.000456708
-5.92269e-06
0.000455408
-5.97071e-06
0.000454104
-6.02025e-06
0.000452797
-6.07129e-06
0.000451487
-6.12382e-06
0.000450171
-6.17782e-06
0.000448852
-6.23326e-06
0.000447528
-6.29015e-06
0.000446199
-6.34843e-06
0.000444864
-6.40812e-06
0.000443524
-6.46915e-06
0.000442178
-6.5316e-06
0.000440826
-6.59529e-06
0.000439467
-6.66049e-06
0.000438102
-6.72676e-06
0.00043673
-6.79478e-06
0.000435351
-6.86354e-06
0.000433964
-6.93469e-06
0.000432569
-7.00576e-06
0.000431166
-7.08066e-06
-7.15508e-06
0.000429755
0.000448528
-4.83257e-06
0.000447339
-4.82165e-06
0.000446144
-4.80649e-06
0.000444945
-4.791e-06
0.000443743
-4.77461e-06
0.000442537
-4.75706e-06
0.00044133
-4.73886e-06
0.00044012
-4.71993e-06
0.00043891
-4.70049e-06
0.000437698
-4.68063e-06
0.000436487
-4.66032e-06
0.000435275
-4.63976e-06
0.000434065
-4.61904e-06
0.000432855
-4.59809e-06
0.000431647
-4.57716e-06
0.000430441
-4.55613e-06
0.000429238
-4.53514e-06
0.000428037
-4.5143e-06
0.000426839
-4.49358e-06
0.000425645
-4.47319e-06
0.000424454
-4.45316e-06
0.000423267
-4.43341e-06
0.000422085
-4.41413e-06
0.000420907
-4.39522e-06
0.000419733
-4.37684e-06
0.000418564
-4.35905e-06
0.0004174
-4.34175e-06
0.000416242
-4.32519e-06
0.000415088
-4.30923e-06
0.00041394
-4.29404e-06
0.000412797
-4.27962e-06
0.00041166
-4.26587e-06
0.000410528
-4.25302e-06
0.000409402
-4.24115e-06
0.000408281
-4.23013e-06
0.000407166
-4.22014e-06
0.000406057
-4.211e-06
0.000404952
-4.20291e-06
0.000403854
-4.19586e-06
0.00040276
-4.18979e-06
0.000401671
-4.18484e-06
0.000400588
-4.18105e-06
0.000399509
-4.17832e-06
0.000398435
-4.17687e-06
0.000397365
-4.17653e-06
0.0003963
-4.17749e-06
0.000395239
-4.17973e-06
0.000394183
-4.18312e-06
0.000393129
-4.18776e-06
0.00039208
-4.19375e-06
0.000391034
-4.201e-06
0.000389991
-4.20968e-06
0.000388951
-4.21957e-06
0.000387914
-4.23081e-06
0.000386878
-4.2434e-06
0.000385845
-4.25725e-06
0.000384814
-4.27248e-06
0.000383784
-4.28912e-06
0.000382756
-4.30705e-06
0.000381728
-4.32645e-06
0.000380702
-4.34717e-06
0.000379675
-4.36935e-06
0.000378649
-4.39298e-06
0.000377623
-4.41796e-06
0.000376596
-4.44441e-06
0.000375569
-4.47234e-06
0.000374541
-4.50162e-06
0.000373512
-4.53237e-06
0.000372481
-4.56437e-06
0.000371448
-4.59772e-06
0.000370414
-4.63251e-06
0.000369377
-4.66867e-06
0.000368337
-4.70622e-06
0.000367294
-4.74513e-06
0.000366248
-4.78524e-06
0.000365199
-4.82672e-06
0.000364145
-4.8694e-06
0.000363088
-4.91339e-06
0.000362026
-4.95867e-06
0.00036096
-5.00514e-06
0.000359889
-5.05286e-06
0.000358813
-5.10186e-06
0.000357732
-5.15195e-06
0.000356645
-5.20331e-06
0.000355553
-5.25572e-06
0.000354454
-5.30935e-06
0.000353349
-5.36405e-06
0.000352237
-5.41989e-06
0.000351118
-5.47666e-06
0.000349993
-5.53481e-06
0.00034886
-5.59353e-06
0.000347719
-5.65403e-06
0.00034657
-5.71458e-06
0.000345413
-5.77775e-06
0.000344247
-5.84e-06
0.000343073
-5.90648e-06
-5.97148e-06
0.000341889
0.000358743
-3.8302e-06
0.00035774
-3.81846e-06
0.000356735
-3.80174e-06
0.00035573
-3.78606e-06
0.000354726
-3.76973e-06
0.000353721
-3.75282e-06
0.000352718
-3.73572e-06
0.000351717
-3.71836e-06
0.000350717
-3.70083e-06
0.00034972
-3.68321e-06
0.000348725
-3.66555e-06
0.000347733
-3.6479e-06
0.000346744
-3.63034e-06
0.000345759
-3.61291e-06
0.000344777
-3.59562e-06
0.0003438
-3.57863e-06
0.000342827
-3.56182e-06
0.000341858
-3.5453e-06
0.000340893
-3.52918e-06
0.000339934
-3.51349e-06
0.000338979
-3.49821e-06
0.000338029
-3.48338e-06
0.000337083
-3.46901e-06
0.000336143
-3.45515e-06
0.000335208
-3.44178e-06
0.000334278
-3.42909e-06
0.000333354
-3.41696e-06
0.000332434
-3.4055e-06
0.000331519
-3.39473e-06
0.00033061
-3.3847e-06
0.000329706
-3.37536e-06
0.000328807
-3.36674e-06
0.000327913
-3.35891e-06
0.000327023
-3.35189e-06
0.000326139
-3.34575e-06
0.000325259
-3.3404e-06
0.000324384
-3.33585e-06
0.000323513
-3.33219e-06
0.000322647
-3.32938e-06
0.000321785
-3.3275e-06
0.000320926
-3.32654e-06
0.000320072
-3.32655e-06
0.000319221
-3.32748e-06
0.000318374
-3.32952e-06
0.00031753
-3.33252e-06
0.000316689
-3.3366e-06
0.000315851
-3.34171e-06
0.000315016
-3.34783e-06
0.000314183
-3.35494e-06
0.000313352
-3.36311e-06
0.000312524
-3.37239e-06
0.000311697
-3.38272e-06
0.000310871
-3.39419e-06
0.000310047
-3.40668e-06
0.000309224
-3.42026e-06
0.000308402
-3.43493e-06
0.00030758
-3.4507e-06
0.000306759
-3.46761e-06
0.000305937
-3.48564e-06
0.000305116
-3.50482e-06
0.000304294
-3.52516e-06
0.000303471
-3.54662e-06
0.000302647
-3.56933e-06
0.000301822
-3.59318e-06
0.000300996
-3.6182e-06
0.000300168
-3.64441e-06
0.000299339
-3.67178e-06
0.000298506
-3.70027e-06
0.000297672
-3.72981e-06
0.000296835
-3.76042e-06
0.000295994
-3.79217e-06
0.000295151
-3.82521e-06
0.000294304
-3.85934e-06
0.000293453
-3.89453e-06
0.000292599
-3.93077e-06
0.00029174
-3.96805e-06
0.000290877
-4.00637e-06
0.00029001
-4.04574e-06
0.000289137
-4.08613e-06
0.00028826
-4.12752e-06
0.000287377
-4.16997e-06
0.000286488
-4.21339e-06
0.000285594
-4.25775e-06
0.000284694
-4.30309e-06
0.000283787
-4.34929e-06
0.000282875
-4.39647e-06
0.000281955
-4.4444e-06
0.000281028
-4.49337e-06
0.000280095
-4.54285e-06
0.000279154
-4.59365e-06
0.000278205
-4.6446e-06
0.000277248
-4.6973e-06
0.000276283
-4.74946e-06
0.00027531
-4.80448e-06
0.000274327
-4.8576e-06
0.000273336
-4.91558e-06
-4.97086e-06
0.000272336
0.000286984
-3.00599e-06
0.000286161
-2.99618e-06
0.00028534
-2.98008e-06
0.00028452
-2.9666e-06
0.000283703
-2.95248e-06
0.000282888
-2.9382e-06
0.000282077
-2.92395e-06
0.000281268
-2.90975e-06
0.000280463
-2.89562e-06
0.000279661
-2.88151e-06
0.000278863
-2.86758e-06
0.000278069
-2.85386e-06
0.000277279
-2.84028e-06
0.000276493
-2.82701e-06
0.000275712
-2.81403e-06
0.000274934
-2.8014e-06
0.000274161
-2.78899e-06
0.000273393
-2.777e-06
0.000272629
-2.76546e-06
0.00027187
-2.75427e-06
0.000271116
-2.74352e-06
0.000270365
-2.73322e-06
0.00026962
-2.72341e-06
0.000268879
-2.71403e-06
0.000268142
-2.70519e-06
0.00026741
-2.69695e-06
0.000266682
-2.68919e-06
0.000265959
-2.68209e-06
0.00026524
-2.67562e-06
0.000264525
-2.66985e-06
0.000263814
-2.66459e-06
0.000263107
-2.66001e-06
0.000262405
-2.6561e-06
0.000261706
-2.65283e-06
0.00026101
-2.65025e-06
0.000260318
-2.64837e-06
0.000259629
-2.6472e-06
0.000258944
-2.64669e-06
0.000258261
-2.64692e-06
0.000257582
-2.64798e-06
0.000256905
-2.64971e-06
0.000256231
-2.65229e-06
0.000255559
-2.65566e-06
0.000254889
-2.65992e-06
0.000254222
-2.66492e-06
0.000253556
-2.67084e-06
0.000252892
-2.67762e-06
0.000252229
-2.68512e-06
0.000251568
-2.69342e-06
0.000250907
-2.70261e-06
0.000250248
-2.71274e-06
0.000249589
-2.7237e-06
0.00024893
-2.73552e-06
0.000248272
-2.74825e-06
0.000247613
-2.76177e-06
0.000246955
-2.77621e-06
0.000246295
-2.79155e-06
0.000245636
-2.80784e-06
0.000244975
-2.82498e-06
0.000244313
-2.84309e-06
0.00024365
-2.86219e-06
0.000242986
-2.88215e-06
0.00024232
-2.90311e-06
0.000241652
-2.92502e-06
0.000240981
-2.94793e-06
0.000240309
-2.97171e-06
0.000239633
-2.99645e-06
0.000238955
-3.02211e-06
0.000238274
-3.04852e-06
0.000237589
-3.07585e-06
0.000236901
-3.10418e-06
0.00023621
-3.13358e-06
0.000235514
-3.16382e-06
0.000234815
-3.19496e-06
0.000234111
-3.22698e-06
0.000233403
-3.25976e-06
0.00023269
-3.29342e-06
0.000231972
-3.32792e-06
0.000231249
-3.36328e-06
0.000230521
-3.3994e-06
0.000229787
-3.43635e-06
0.000229048
-3.47414e-06
0.000228303
-3.51258e-06
0.000227552
-3.55185e-06
0.000226794
-3.59175e-06
0.00022603
-3.6325e-06
0.00022526
-3.67366e-06
0.000224482
-3.71576e-06
0.000223697
-3.75813e-06
0.000222905
-3.80162e-06
0.000222106
-3.8449e-06
0.000221298
-3.89001e-06
0.000220483
-3.93401e-06
0.00021966
-3.9811e-06
0.000218827
-4.02542e-06
0.000217987
-4.07513e-06
-4.12085e-06
0.000217137
0.000229731
-2.34296e-06
0.000229071
-2.33635e-06
0.000228413
-2.32196e-06
0.000227758
-2.31173e-06
0.000227106
-2.30046e-06
0.000226457
-2.28948e-06
0.000225812
-2.27858e-06
0.00022517
-2.26785e-06
0.000224532
-2.25727e-06
0.000223897
-2.24691e-06
0.000223266
-2.2367e-06
0.000222639
-2.22675e-06
0.000222016
-2.21707e-06
0.000221397
-2.2077e-06
0.000220781
-2.19863e-06
0.00022017
-2.18989e-06
0.000219562
-2.18145e-06
0.000218959
-2.17335e-06
0.000218359
-2.16564e-06
0.000217763
-2.15824e-06
0.000217171
-2.15123e-06
0.000216582
-2.14464e-06
0.000215997
-2.13844e-06
0.000215416
-2.1327e-06
0.000214838
-2.1274e-06
0.000214264
-2.1226e-06
0.000213693
-2.11831e-06
0.000213125
-2.1145e-06
0.000212561
-2.11123e-06
0.000211999
-2.10853e-06
0.000211441
-2.10626e-06
0.000210886
-2.10452e-06
0.000210333
-2.10329e-06
0.000209783
-2.10268e-06
0.000209235
-2.10261e-06
0.00020869
-2.10304e-06
0.000208147
-2.10402e-06
0.000207605
-2.10562e-06
0.000207066
-2.10776e-06
0.000206529
-2.11057e-06
0.000205993
-2.11395e-06
0.000205459
-2.11803e-06
0.000204926
-2.12271e-06
0.000204394
-2.12813e-06
0.000203863
-2.13412e-06
0.000203333
-2.14085e-06
0.000202804
-2.1482e-06
0.000202275
-2.15616e-06
0.000201746
-2.1647e-06
0.000201218
-2.174e-06
0.000200689
-2.18405e-06
0.00020016
-2.19487e-06
0.000199631
-2.20627e-06
0.000199101
-2.2184e-06
0.000198571
-2.2312e-06
0.000198039
-2.24472e-06
0.000197507
-2.25896e-06
0.000196973
-2.27394e-06
0.000196437
-2.28966e-06
0.000195901
-2.30614e-06
0.000195362
-2.32342e-06
0.000194821
-2.34138e-06
0.000194278
-2.36015e-06
0.000193733
-2.37969e-06
0.000193185
-2.39999e-06
0.000192634
-2.42104e-06
0.000192081
-2.44281e-06
0.000191524
-2.46527e-06
0.000190964
-2.48843e-06
0.0001904
-2.51227e-06
0.000189833
-2.53698e-06
0.000189262
-2.56253e-06
0.000188687
-2.58884e-06
0.000188108
-2.61582e-06
0.000187524
-2.64348e-06
0.000186936
-2.6718e-06
0.000186344
-2.70079e-06
0.000185746
-2.73049e-06
0.000185144
-2.76077e-06
0.000184536
-2.79175e-06
0.000183923
-2.82334e-06
0.000183305
-2.85557e-06
0.000182681
-2.88834e-06
0.00018205
-2.92173e-06
0.000181414
-2.95557e-06
0.000180772
-2.9901e-06
0.000180123
-3.02483e-06
0.000179468
-3.06038e-06
0.000178806
-3.09591e-06
0.000178137
-3.13258e-06
0.00017746
-3.16866e-06
0.000176777
-3.20667e-06
0.000176086
-3.24299e-06
0.000175388
-3.28274e-06
0.000174681
-3.31899e-06
0.000173967
-3.36085e-06
-3.39766e-06
0.000173244
0.00018406
-1.8174e-06
0.000183538
-1.81421e-06
0.000183018
-1.80184e-06
0.000182501
-1.79494e-06
0.000181987
-1.78648e-06
0.000181476
-1.77863e-06
0.000180969
-1.77083e-06
0.000180464
-1.76328e-06
0.000179963
-1.75591e-06
0.000179465
-1.74876e-06
0.00017897
-1.74184e-06
0.000178478
-1.73516e-06
0.00017799
-1.72873e-06
0.000177505
-1.72258e-06
0.000177023
-1.71671e-06
0.000176544
-1.71111e-06
0.000176068
-1.70574e-06
0.000175596
-1.70066e-06
0.000175126
-1.69589e-06
0.000174659
-1.69146e-06
0.000174195
-1.6873e-06
0.000173734
-1.6835e-06
0.000173276
-1.68001e-06
0.00017282
-1.67693e-06
0.000172367
-1.67415e-06
0.000171916
-1.67188e-06
0.000171468
-1.66995e-06
0.000171022
-1.66849e-06
0.000170578
-1.66741e-06
0.000170136
-1.66678e-06
0.000169696
-1.66643e-06
0.000169258
-1.66652e-06
0.000168822
-1.66702e-06
0.000168387
-1.66806e-06
0.000167954
-1.66947e-06
0.000167523
-1.67136e-06
0.000167092
-1.67361e-06
0.000166663
-1.67637e-06
0.000166235
-1.67955e-06
0.000165807
-1.68327e-06
0.000165381
-1.68743e-06
0.000164955
-1.69216e-06
0.00016453
-1.69735e-06
0.000164105
-1.70312e-06
0.00016368
-1.70936e-06
0.000163255
-1.71616e-06
0.00016283
-1.7234e-06
0.000162405
-1.73113e-06
0.00016198
-1.73927e-06
0.000161554
-1.74813e-06
0.000161128
-1.75756e-06
0.0001607
-1.76758e-06
0.000160272
-1.77811e-06
0.000159843
-1.78919e-06
0.000159413
-1.8008e-06
0.000158981
-1.81299e-06
0.000158548
-1.82574e-06
0.000158113
-1.8391e-06
0.000157676
-1.85304e-06
0.000157238
-1.86759e-06
0.000156797
-1.88274e-06
0.000156354
-1.8985e-06
0.000155909
-1.91487e-06
0.000155461
-1.93185e-06
0.000155011
-1.94942e-06
0.000154557
-1.96759e-06
0.000154101
-1.98631e-06
0.000153641
-2.00559e-06
0.000153178
-2.02542e-06
0.000152712
-2.04586e-06
0.000152242
-2.067e-06
0.000151768
-2.08882e-06
0.000151291
-2.11119e-06
0.000150809
-2.13417e-06
0.000150323
-2.15765e-06
0.000149833
-2.18165e-06
0.000149338
-2.20618e-06
0.000148839
-2.23123e-06
0.000148335
-2.2568e-06
0.000147826
-2.28288e-06
0.000147312
-2.30942e-06
0.000146793
-2.33646e-06
0.000146269
-2.36389e-06
0.000145739
-2.3918e-06
0.000145203
-2.42e-06
0.000144662
-2.44873e-06
0.000144115
-2.47757e-06
0.000143562
-2.50709e-06
0.000143002
-2.5364e-06
0.000142436
-2.56681e-06
0.000141864
-2.59636e-06
0.000141285
-2.62791e-06
0.0001407
-2.65738e-06
0.000140107
-2.69047e-06
0.000139508
-2.71949e-06
0.000138901
-2.75428e-06
-2.78301e-06
0.000138287
0.000147592
-1.40463e-06
0.000147182
-1.4044e-06
0.000146774
-1.39394e-06
0.000146369
-1.38994e-06
0.000145966
-1.3839e-06
0.000145567
-1.37876e-06
0.000145169
-1.37359e-06
0.000144775
-1.36869e-06
0.000144383
-1.36396e-06
0.000143993
-1.35939e-06
0.000143607
-1.35508e-06
0.000143222
-1.35095e-06
0.000142841
-1.34702e-06
0.000142461
-1.34334e-06
0.000142085
-1.33982e-06
0.00014171
-1.33657e-06
0.000141338
-1.33343e-06
0.000140968
-1.33054e-06
0.0001406
-1.32792e-06
0.000140234
-1.32558e-06
0.00013987
-1.32341e-06
0.000139508
-1.3216e-06
0.000139148
-1.31999e-06
0.00013879
-1.31872e-06
0.000138433
-1.3177e-06
0.000138079
-1.31702e-06
0.000137725
-1.31668e-06
0.000137373
-1.31669e-06
0.000137023
-1.31697e-06
0.000136674
-1.31758e-06
0.000136326
-1.31838e-06
0.000135979
-1.31951e-06
0.000135633
-1.32103e-06
0.000135288
-1.32298e-06
0.000134943
-1.32518e-06
0.0001346
-1.32778e-06
0.000134257
-1.3306e-06
0.000133914
-1.33391e-06
0.000133572
-1.33748e-06
0.000133231
-1.34151e-06
0.000132889
-1.34585e-06
0.000132548
-1.35066e-06
0.000132206
-1.35577e-06
0.000131864
-1.36142e-06
0.000131522
-1.36737e-06
0.00013118
-1.37377e-06
0.000130837
-1.38047e-06
0.000130493
-1.38753e-06
0.000130149
-1.39502e-06
0.000129804
-1.40302e-06
0.000129458
-1.4115e-06
0.000129111
-1.42045e-06
0.000128763
-1.42978e-06
0.000128413
-1.43953e-06
0.000128062
-1.44975e-06
0.000127709
-1.46041e-06
0.000127355
-1.47152e-06
0.000126999
-1.4831e-06
0.000126641
-1.4951e-06
0.000126281
-1.50766e-06
0.000125919
-1.52065e-06
0.000125555
-1.53412e-06
0.000125188
-1.54808e-06
0.000124819
-1.5625e-06
0.000124447
-1.57736e-06
0.000124072
-1.59275e-06
0.000123694
-1.60854e-06
0.000123313
-1.62478e-06
0.00012293
-1.64147e-06
0.000122542
-1.65864e-06
0.000122152
-1.67643e-06
0.000121758
-1.69472e-06
0.00012136
-1.71347e-06
0.000120958
-1.73264e-06
0.000120553
-1.75222e-06
0.000120144
-1.77217e-06
0.00011973
-1.79261e-06
0.000119312
-1.81342e-06
0.00011889
-1.83462e-06
0.000118463
-1.8562e-06
0.000118032
-1.8781e-06
0.000117596
-1.90044e-06
0.000117155
-1.92302e-06
0.000116709
-1.94597e-06
0.000116259
-1.96909e-06
0.000115802
-1.99263e-06
0.000115341
-2.01613e-06
0.000114874
-2.0403e-06
0.000114402
-2.06409e-06
0.000113924
-2.08892e-06
0.00011344
-2.11274e-06
0.000112951
-2.13854e-06
0.000112456
-2.16207e-06
0.000111955
-2.18928e-06
0.000111447
-2.2121e-06
0.000110934
-2.24061e-06
-2.26226e-06
0.000110413
0.00011842
-1.08195e-06
0.0001181
-1.0841e-06
0.000117781
-1.07538e-06
0.000117465
-1.07379e-06
0.000117151
-1.06965e-06
0.000116839
-1.06667e-06
0.000116529
-1.06353e-06
0.000116221
-1.06073e-06
0.000115915
-1.05799e-06
0.000115611
-1.05541e-06
0.000115309
-1.05298e-06
0.000115009
-1.0507e-06
0.00011471
-1.04859e-06
0.000114413
-1.04664e-06
0.000114118
-1.04482e-06
0.000113825
-1.04313e-06
0.000113533
-1.04152e-06
0.000113243
-1.04011e-06
0.000112954
-1.03896e-06
0.000112666
-1.03803e-06
0.00011238
-1.03722e-06
0.000112095
-1.03666e-06
0.000111811
-1.03624e-06
0.000111529
-1.03612e-06
0.000111247
-1.03617e-06
0.000110967
-1.03653e-06
0.000110687
-1.03706e-06
0.000110408
-1.03792e-06
0.00011013
-1.03889e-06
0.000109853
-1.04021e-06
0.000109576
-1.04158e-06
0.0001093
-1.0433e-06
0.000109024
-1.04523e-06
0.000108749
-1.04758e-06
0.000108474
-1.05007e-06
0.000108199
-1.0529e-06
0.000107924
-1.05588e-06
0.000107649
-1.05923e-06
0.000107375
-1.06274e-06
0.0001071
-1.0667e-06
0.000106825
-1.07084e-06
0.000106549
-1.07537e-06
0.000106274
-1.08013e-06
0.000105998
-1.08526e-06
0.000105721
-1.09064e-06
0.000105444
-1.09635e-06
0.000105165
-1.10229e-06
0.000104886
-1.10855e-06
0.000104607
-1.1151e-06
0.000104326
-1.12208e-06
0.000104044
-1.12947e-06
0.00010376
-1.13722e-06
0.000103476
-1.14525e-06
0.00010319
-1.15364e-06
0.000102903
-1.16235e-06
0.000102614
-1.17143e-06
0.000102323
-1.18086e-06
0.000102031
-1.19066e-06
0.000101736
-1.20082e-06
0.00010144
-1.21133e-06
0.000101142
-1.22226e-06
0.000100841
-1.23353e-06
0.000100538
-1.24518e-06
0.000100233
-1.25719e-06
9.99251e-05
-1.26957e-06
9.96147e-05
-1.2823e-06
9.93015e-05
-1.29538e-06
9.89856e-05
-1.30882e-06
9.86668e-05
-1.32263e-06
9.8345e-05
-1.33686e-06
9.80201e-05
-1.35148e-06
9.7692e-05
-1.36658e-06
9.73605e-05
-1.382e-06
9.70256e-05
-1.39774e-06
9.66872e-05
-1.4138e-06
9.63452e-05
-1.43017e-06
9.59995e-05
-1.44686e-06
9.56499e-05
-1.46385e-06
9.52965e-05
-1.48113e-06
9.4939e-05
-1.49871e-06
9.45774e-05
-1.5165e-06
9.42116e-05
-1.53464e-06
9.38415e-05
-1.55292e-06
9.34671e-05
-1.57149e-06
9.30881e-05
-1.59014e-06
9.27047e-05
-1.60913e-06
9.23166e-05
-1.62804e-06
9.19238e-05
-1.64746e-06
9.15262e-05
-1.66648e-06
9.11237e-05
-1.68647e-06
9.07164e-05
-1.70537e-06
9.03041e-05
-1.72621e-06
8.98867e-05
-1.74469e-06
8.94642e-05
-1.7668e-06
8.90366e-05
-1.78441e-06
8.86035e-05
-1.8075e-06
-1.82311e-06
8.81643e-05
9.50365e-05
-8.30488e-07
9.47868e-05
-8.34338e-07
9.45385e-05
-8.27134e-07
9.42921e-05
-8.27364e-07
9.40472e-05
-8.24725e-07
9.38039e-05
-8.23349e-07
9.3562e-05
-8.21729e-07
9.33217e-05
-8.2039e-07
9.30828e-05
-8.19081e-07
9.28452e-05
-8.17824e-07
9.2609e-05
-8.1675e-07
9.2374e-05
-8.1573e-07
9.21402e-05
-8.1479e-07
9.19076e-05
-8.1402e-07
9.16761e-05
-8.13281e-07
9.14455e-05
-8.12586e-07
9.1216e-05
-8.12004e-07
9.09875e-05
-8.11592e-07
9.07599e-05
-8.11318e-07
9.05331e-05
-8.11216e-07
9.03071e-05
-8.11242e-07
9.00819e-05
-8.11447e-07
8.98573e-05
-8.11699e-07
8.96335e-05
-8.12268e-07
8.94102e-05
-8.12896e-07
8.91875e-05
-8.13759e-07
8.89652e-05
-8.1478e-07
8.87433e-05
-8.16036e-07
8.85217e-05
-8.17317e-07
8.83005e-05
-8.18907e-07
8.80794e-05
-8.20489e-07
8.78585e-05
-8.22396e-07
8.76376e-05
-8.24396e-07
8.74169e-05
-8.26822e-07
8.71961e-05
-8.29272e-07
8.69752e-05
-8.31996e-07
8.67542e-05
-8.34852e-07
8.6533e-05
-8.38001e-07
8.63114e-05
-8.41221e-07
8.60896e-05
-8.44843e-07
8.58673e-05
-8.48556e-07
8.56445e-05
-8.5257e-07
8.54212e-05
-8.56785e-07
8.51972e-05
-8.61281e-07
8.49725e-05
-8.65928e-07
8.4747e-05
-8.70816e-07
8.45207e-05
-8.75926e-07
8.42934e-05
-8.81283e-07
8.40651e-05
-8.8684e-07
8.38359e-05
-8.9283e-07
8.36055e-05
-8.99049e-07
8.33738e-05
-9.05546e-07
8.31409e-05
-9.12303e-07
8.29066e-05
-9.19333e-07
8.26708e-05
-9.26562e-07
8.24336e-05
-9.3416e-07
8.21947e-05
-9.41987e-07
8.19542e-05
-9.50111e-07
8.17118e-05
-9.58469e-07
8.14677e-05
-9.67179e-07
8.12216e-05
-9.76137e-07
8.09734e-05
-9.8535e-07
8.07232e-05
-9.94914e-07
8.04707e-05
-1.00473e-06
8.0216e-05
-1.01479e-06
7.99589e-05
-1.0252e-06
7.96994e-05
-1.03584e-06
7.94373e-05
-1.04674e-06
7.91727e-05
-1.058e-06
7.89054e-05
-1.06956e-06
7.86354e-05
-1.08145e-06
7.83624e-05
-1.09362e-06
7.80866e-05
-1.10611e-06
7.78077e-05
-1.11882e-06
7.75256e-05
-1.13173e-06
7.72404e-05
-1.14495e-06
7.69519e-05
-1.15837e-06
7.66601e-05
-1.17198e-06
7.63648e-05
-1.18587e-06
7.60661e-05
-1.19995e-06
7.57637e-05
-1.21416e-06
7.54578e-05
-1.22865e-06
7.51481e-05
-1.24321e-06
7.48346e-05
-1.25799e-06
7.45172e-05
-1.27277e-06
7.4196e-05
-1.28788e-06
7.38708e-05
-1.30283e-06
7.35415e-05
-1.3182e-06
7.32083e-05
-1.3332e-06
7.28709e-05
-1.34907e-06
7.25293e-05
-1.36381e-06
7.21836e-05
-1.3805e-06
7.18337e-05
-1.39473e-06
7.14794e-05
-1.41249e-06
7.11208e-05
-1.42582e-06
7.07577e-05
-1.44435e-06
-1.45491e-06
7.03895e-05
7.62512e-05
-6.34928e-07
7.60566e-05
-6.39784e-07
7.58635e-05
-6.33965e-07
7.56715e-05
-6.3541e-07
7.54806e-05
-6.33839e-07
7.52908e-05
-6.3356e-07
7.51021e-05
-6.32997e-07
7.49143e-05
-6.32621e-07
7.47275e-05
-6.32215e-07
7.45415e-05
-6.31863e-07
7.43564e-05
-6.31602e-07
7.4172e-05
-6.31399e-07
7.39885e-05
-6.3121e-07
7.38055e-05
-6.31095e-07
7.36233e-05
-6.31037e-07
7.34417e-05
-6.3096e-07
7.32606e-05
-6.3094e-07
7.30801e-05
-6.31097e-07
7.29002e-05
-6.31366e-07
7.27207e-05
-6.31744e-07
7.25416e-05
-6.32163e-07
7.2363e-05
-6.32774e-07
7.21847e-05
-6.33431e-07
7.20067e-05
-6.34255e-07
7.18289e-05
-6.3513e-07
7.16515e-05
-6.3628e-07
7.14741e-05
-6.37377e-07
7.12968e-05
-6.38749e-07
7.11196e-05
-6.40099e-07
7.09424e-05
-6.4172e-07
7.07651e-05
-6.43239e-07
7.05879e-05
-6.45114e-07
7.04105e-05
-6.47019e-07
7.0233e-05
-6.49293e-07
7.00552e-05
-6.51475e-07
6.98772e-05
-6.53984e-07
6.96988e-05
-6.56512e-07
6.95201e-05
-6.59284e-07
6.9341e-05
-6.62107e-07
6.91614e-05
-6.65242e-07
6.89813e-05
-6.68447e-07
6.88007e-05
-6.71889e-07
6.86193e-05
-6.75418e-07
6.84372e-05
-6.79218e-07
6.82544e-05
-6.83129e-07
6.80709e-05
-6.87211e-07
6.78864e-05
-6.91429e-07
6.7701e-05
-6.95925e-07
6.75147e-05
-7.00528e-07
6.73273e-05
-7.05464e-07
6.71389e-05
-7.10583e-07
6.69493e-05
-7.15983e-07
6.67585e-05
-7.21455e-07
6.65664e-05
-7.27209e-07
6.6373e-05
-7.3313e-07
6.61782e-05
-7.39329e-07
6.59818e-05
-7.45659e-07
6.5784e-05
-7.5225e-07
6.55846e-05
-7.59067e-07
6.53835e-05
-7.6604e-07
6.51806e-05
-7.73254e-07
6.4976e-05
-7.80688e-07
6.47694e-05
-7.88372e-07
6.45609e-05
-7.9621e-07
6.43504e-05
-8.0429e-07
6.41378e-05
-8.12593e-07
6.39232e-05
-8.21134e-07
6.37063e-05
-8.29842e-07
6.34871e-05
-8.3881e-07
6.32656e-05
-8.48062e-07
6.30416e-05
-8.57497e-07
6.28152e-05
-8.67198e-07
6.25862e-05
-8.77092e-07
6.23546e-05
-8.87198e-07
6.21203e-05
-8.97423e-07
6.18833e-05
-9.07851e-07
6.16434e-05
-9.18454e-07
6.14006e-05
-9.29249e-07
6.11549e-05
-9.40142e-07
6.09062e-05
-9.51218e-07
6.06545e-05
-9.6244e-07
6.03996e-05
-9.73755e-07
6.01416e-05
-9.85165e-07
5.98803e-05
-9.96735e-07
5.96159e-05
-1.00833e-06
5.93481e-05
-1.02008e-06
5.9077e-05
-1.03172e-06
5.88026e-05
-1.04375e-06
5.85248e-05
-1.05538e-06
5.82435e-05
-1.06777e-06
5.79588e-05
-1.07913e-06
5.76706e-05
-1.09227e-06
5.73789e-05
-1.10303e-06
5.70836e-05
-1.1172e-06
5.67848e-05
-1.12701e-06
5.64822e-05
-1.14179e-06
-1.14817e-06
5.61755e-05
6.11272e-05
-4.83003e-07
6.09758e-05
-4.88372e-07
6.08255e-05
-4.83692e-07
6.06759e-05
-4.85815e-07
6.05271e-05
-4.85023e-07
6.03789e-05
-4.85403e-07
6.02314e-05
-4.8547e-07
6.00844e-05
-4.85623e-07
5.9938e-05
-4.8584e-07
5.97921e-05
-4.85955e-07
5.96467e-05
-4.86186e-07
5.95017e-05
-4.86385e-07
5.93571e-05
-4.86645e-07
5.92129e-05
-4.86894e-07
5.9069e-05
-4.87153e-07
5.89255e-05
-4.87437e-07
5.87823e-05
-4.87732e-07
5.86394e-05
-4.88178e-07
5.84967e-05
-4.88655e-07
5.83542e-05
-4.89285e-07
5.82119e-05
-4.89878e-07
5.80698e-05
-4.90652e-07
5.79278e-05
-4.91387e-07
5.77859e-05
-4.9234e-07
5.7644e-05
-4.93247e-07
5.75021e-05
-4.94389e-07
5.73602e-05
-4.95469e-07
5.72182e-05
-4.96787e-07
5.70762e-05
-4.98014e-07
5.69339e-05
-4.99496e-07
5.67916e-05
-5.00878e-07
5.66491e-05
-5.0259e-07
5.65063e-05
-5.04243e-07
5.63632e-05
-5.06228e-07
5.62199e-05
-5.08106e-07
5.60762e-05
-5.10285e-07
5.59321e-05
-5.12375e-07
5.57876e-05
-5.14772e-07
5.56426e-05
-5.17109e-07
5.54971e-05
-5.1975e-07
5.5351e-05
-5.22351e-07
5.52043e-05
-5.25239e-07
5.5057e-05
-5.28107e-07
5.49091e-05
-5.31229e-07
5.47603e-05
-5.34366e-07
5.46108e-05
-5.37719e-07
5.44605e-05
-5.41127e-07
5.43094e-05
-5.44757e-07
5.41573e-05
-5.48499e-07
5.40044e-05
-5.52489e-07
5.38504e-05
-5.56601e-07
5.36953e-05
-5.60916e-07
5.35392e-05
-5.65312e-07
5.33819e-05
-5.69918e-07
5.32234e-05
-5.74642e-07
5.30637e-05
-5.79563e-07
5.29027e-05
-5.84624e-07
5.27403e-05
-5.89859e-07
5.25765e-05
-5.95233e-07
5.24112e-05
-6.00769e-07
5.22444e-05
-6.0646e-07
5.20761e-05
-6.12318e-07
5.1906e-05
-6.18343e-07
5.17344e-05
-6.2453e-07
5.1561e-05
-6.30875e-07
5.13858e-05
-6.37392e-07
5.12087e-05
-6.44068e-07
5.10298e-05
-6.50919e-07
5.0849e-05
-6.57943e-07
5.06661e-05
-6.65159e-07
5.04811e-05
-6.72551e-07
5.02941e-05
-6.80121e-07
5.01048e-05
-6.87827e-07
4.99133e-05
-6.95666e-07
4.97195e-05
-7.03635e-07
4.95234e-05
-7.11728e-07
4.93249e-05
-7.19949e-07
4.91239e-05
-7.28283e-07
4.89205e-05
-7.3673e-07
4.87146e-05
-7.45285e-07
4.85061e-05
-7.53917e-07
4.8295e-05
-7.6266e-07
4.80813e-05
-7.71437e-07
4.78649e-05
-7.80334e-07
4.76458e-05
-7.89208e-07
4.7424e-05
-7.98256e-07
4.71994e-05
-8.07168e-07
4.69721e-05
-8.16398e-07
4.6742e-05
-8.25248e-07
4.6509e-05
-8.34805e-07
4.62733e-05
-8.434e-07
4.60346e-05
-8.53579e-07
4.57932e-05
-8.61604e-07
4.55488e-05
-8.7276e-07
4.53016e-05
-8.79789e-07
4.50512e-05
-8.91455e-07
-8.94521e-07
4.47976e-05
4.89254e-05
-3.65126e-07
4.88076e-05
-3.70525e-07
4.86907e-05
-3.66794e-07
4.85741e-05
-3.69179e-07
4.84579e-05
-3.68873e-07
4.8342e-05
-3.69541e-07
4.82265e-05
-3.69972e-07
4.81113e-05
-3.70362e-07
4.79963e-05
-3.70868e-07
4.78816e-05
-3.71218e-07
4.77671e-05
-3.71694e-07
4.76528e-05
-3.72113e-07
4.75387e-05
-3.72536e-07
4.74248e-05
-3.72964e-07
4.7311e-05
-3.73348e-07
4.71973e-05
-3.73797e-07
4.70838e-05
-3.74192e-07
4.69704e-05
-3.74771e-07
4.6857e-05
-3.75287e-07
4.67437e-05
-3.75969e-07
4.66304e-05
-3.7661e-07
4.65172e-05
-3.77367e-07
4.64039e-05
-3.78098e-07
4.62905e-05
-3.78986e-07
4.61771e-05
-3.79831e-07
4.60636e-05
-3.80853e-07
4.59499e-05
-3.81781e-07
4.58361e-05
-3.82986e-07
4.57221e-05
-3.83981e-07
4.56079e-05
-3.85315e-07
4.54935e-05
-3.86428e-07
4.53788e-05
-3.87945e-07
4.52638e-05
-3.89259e-07
4.51486e-05
-3.90977e-07
4.50329e-05
-3.92452e-07
4.49169e-05
-3.9428e-07
4.48005e-05
-3.95973e-07
4.46837e-05
-3.97928e-07
4.45664e-05
-3.99806e-07
4.44486e-05
-4.01939e-07
4.43303e-05
-4.04013e-07
4.42114e-05
-4.06323e-07
4.40919e-05
-4.08598e-07
4.39717e-05
-4.11071e-07
4.38509e-05
-4.13526e-07
4.37294e-05
-4.16225e-07
4.36071e-05
-4.18871e-07
4.34842e-05
-4.21783e-07
4.33604e-05
-4.24693e-07
4.32357e-05
-4.27871e-07
4.31102e-05
-4.31062e-07
4.29838e-05
-4.34479e-07
4.28564e-05
-4.3788e-07
4.27279e-05
-4.41483e-07
4.25985e-05
-4.45195e-07
4.24679e-05
-4.49004e-07
4.23363e-05
-4.5297e-07
4.22035e-05
-4.57007e-07
4.20694e-05
-4.61196e-07
4.19341e-05
-4.65446e-07
4.17975e-05
-4.69869e-07
4.16596e-05
-4.74358e-07
4.15203e-05
-4.79001e-07
4.13795e-05
-4.83792e-07
4.12373e-05
-4.8864e-07
4.10936e-05
-4.93678e-07
4.09483e-05
-4.98775e-07
4.08015e-05
-5.04063e-07
4.06529e-05
-5.09418e-07
4.05028e-05
-5.14973e-07
4.03508e-05
-5.20596e-07
4.01971e-05
-5.26378e-07
4.00415e-05
-5.32282e-07
3.98841e-05
-5.38224e-07
3.97248e-05
-5.44315e-07
3.95635e-05
-5.50436e-07
3.94003e-05
-5.56705e-07
3.9235e-05
-5.62993e-07
3.90677e-05
-5.69419e-07
3.88983e-05
-5.75863e-07
3.87268e-05
-5.82384e-07
3.85531e-05
-5.89015e-07
3.83773e-05
-5.95604e-07
3.81993e-05
-6.02339e-07
3.80191e-05
-6.08988e-07
3.78367e-05
-6.15833e-07
3.7652e-05
-6.22497e-07
3.74651e-05
-6.29452e-07
3.72759e-05
-6.36102e-07
3.70844e-05
-6.43302e-07
3.68908e-05
-6.49708e-07
3.66946e-05
-6.57455e-07
3.64964e-05
-6.63319e-07
3.62956e-05
-6.71958e-07
3.60926e-05
-6.76841e-07
3.58872e-05
-6.85984e-07
-6.86426e-07
3.56791e-05
3.90612e-05
-2.73748e-07
3.89695e-05
-2.78837e-07
3.88784e-05
-2.75762e-07
3.87874e-05
-2.78157e-07
3.86966e-05
-2.78089e-07
3.86059e-05
-2.78835e-07
3.85154e-05
-2.79396e-07
3.84249e-05
-2.7986e-07
3.83345e-05
-2.80475e-07
3.82441e-05
-2.80887e-07
3.81539e-05
-2.81445e-07
3.80637e-05
-2.81901e-07
3.79735e-05
-2.82375e-07
3.78834e-05
-2.82822e-07
3.77933e-05
-2.83239e-07
3.77032e-05
-2.83705e-07
3.76131e-05
-2.84116e-07
3.7523e-05
-2.84656e-07
3.74329e-05
-2.85198e-07
3.73427e-05
-2.85804e-07
3.72525e-05
-2.86377e-07
3.71622e-05
-2.87061e-07
3.70718e-05
-2.87686e-07
3.69813e-05
-2.88465e-07
3.68906e-05
-2.8913e-07
3.67998e-05
-2.90062e-07
3.67088e-05
-2.90767e-07
3.66176e-05
-2.91791e-07
3.65262e-05
-2.92557e-07
3.64345e-05
-2.93687e-07
3.63427e-05
-2.94538e-07
3.62505e-05
-2.95782e-07
3.61581e-05
-2.96837e-07
3.60653e-05
-2.98198e-07
3.59722e-05
-2.99366e-07
3.58788e-05
-3.00827e-07
3.57849e-05
-3.02112e-07
3.56907e-05
-3.03683e-07
3.55959e-05
-3.05077e-07
3.55008e-05
-3.06831e-07
3.54052e-05
-3.08342e-07
3.53091e-05
-3.10218e-07
3.52124e-05
-3.1188e-07
3.51152e-05
-3.13868e-07
3.50173e-05
-3.15695e-07
3.49189e-05
-3.17774e-07
3.48199e-05
-3.19834e-07
3.47201e-05
-3.22042e-07
3.46197e-05
-3.24309e-07
3.45186e-05
-3.26707e-07
3.44167e-05
-3.29187e-07
3.4314e-05
-3.31755e-07
3.42105e-05
-3.34359e-07
3.41061e-05
-3.37137e-07
3.40009e-05
-3.39909e-07
3.38947e-05
-3.42857e-07
3.37876e-05
-3.45818e-07
3.36795e-05
-3.48925e-07
3.35704e-05
-3.5204e-07
3.34602e-05
-3.55294e-07
3.33489e-05
-3.58578e-07
3.32366e-05
-3.61979e-07
3.31231e-05
-3.655e-07
3.30083e-05
-3.6905e-07
3.28924e-05
-3.72735e-07
3.27752e-05
-3.76465e-07
3.26568e-05
-3.80332e-07
3.2537e-05
-3.84245e-07
3.24158e-05
-3.88271e-07
3.22933e-05
-3.92429e-07
3.21693e-05
-3.96617e-07
3.20439e-05
-4.00955e-07
3.19169e-05
-4.053e-07
3.17885e-05
-4.09763e-07
3.16584e-05
-4.14238e-07
3.15268e-05
-4.18796e-07
3.13935e-05
-4.23447e-07
3.12586e-05
-4.28091e-07
3.11221e-05
-4.32849e-07
3.09838e-05
-4.37601e-07
3.08439e-05
-4.42438e-07
3.07022e-05
-4.47281e-07
3.05587e-05
-4.52154e-07
3.04135e-05
-4.57121e-07
3.02665e-05
-4.62004e-07
3.01177e-05
-4.67052e-07
2.99672e-05
-4.71939e-07
2.98148e-05
-4.7709e-07
2.96607e-05
-4.81912e-07
2.95046e-05
-4.87262e-07
2.93468e-05
-4.91914e-07
2.91871e-05
-4.9771e-07
2.90256e-05
-5.01867e-07
2.88622e-05
-5.08464e-07
2.8697e-05
-5.11685e-07
2.85298e-05
-5.18804e-07
-5.17273e-07
2.83607e-05
3.107e-05
-2.02949e-07
3.09986e-05
-2.07402e-07
3.09277e-05
-2.04881e-07
3.08566e-05
-2.07081e-07
3.07856e-05
-2.07048e-07
3.07145e-05
-2.07783e-07
3.06434e-05
-2.08318e-07
3.05723e-05
-2.08743e-07
3.05012e-05
-2.09354e-07
3.043e-05
-2.09729e-07
3.03589e-05
-2.10297e-07
3.02876e-05
-2.1065e-07
3.02164e-05
-2.11149e-07
3.01451e-05
-2.11489e-07
3.00738e-05
-2.11926e-07
3.00024e-05
-2.12287e-07
2.99309e-05
-2.12707e-07
2.98594e-05
-2.13147e-07
2.97878e-05
-2.13609e-07
2.97162e-05
-2.14117e-07
2.96444e-05
-2.14585e-07
2.95725e-05
-2.15152e-07
2.95004e-05
-2.15644e-07
2.94282e-05
-2.16282e-07
2.93559e-05
-2.16809e-07
2.92834e-05
-2.17518e-07
2.92107e-05
-2.18081e-07
2.91378e-05
-2.18889e-07
2.90647e-05
-2.19434e-07
2.89914e-05
-2.20356e-07
2.89178e-05
-2.20959e-07
2.8844e-05
-2.21991e-07
2.87699e-05
-2.22697e-07
2.86955e-05
-2.23835e-07
2.86208e-05
-2.24619e-07
2.85458e-05
-2.25827e-07
2.84703e-05
-2.26696e-07
2.83946e-05
-2.2798e-07
2.83185e-05
-2.28947e-07
2.8242e-05
-2.30319e-07
2.81651e-05
-2.31391e-07
2.80877e-05
-2.32847e-07
2.80098e-05
-2.34032e-07
2.79315e-05
-2.35561e-07
2.78527e-05
-2.36877e-07
2.77734e-05
-2.38486e-07
2.76936e-05
-2.39944e-07
2.76132e-05
-2.41662e-07
2.75322e-05
-2.4331e-07
2.74506e-05
-2.45101e-07
2.73683e-05
-2.46938e-07
2.72854e-05
-2.48845e-07
2.72019e-05
-2.5079e-07
2.71175e-05
-2.52804e-07
2.70325e-05
-2.54899e-07
2.69467e-05
-2.57032e-07
2.68602e-05
-2.59262e-07
2.67728e-05
-2.61502e-07
2.66846e-05
-2.63835e-07
2.65954e-05
-2.66174e-07
2.65055e-05
-2.68627e-07
2.64146e-05
-2.7109e-07
2.63228e-05
-2.73672e-07
2.623e-05
-2.76256e-07
2.61362e-05
-2.78947e-07
2.60414e-05
-2.81659e-07
2.59456e-05
-2.8448e-07
2.58487e-05
-2.8732e-07
2.57507e-05
-2.90271e-07
2.56515e-05
-2.93271e-07
2.55512e-05
-2.96297e-07
2.54497e-05
-2.99446e-07
2.5347e-05
-3.02579e-07
2.5243e-05
-3.05807e-07
2.51378e-05
-3.09027e-07
2.50314e-05
-3.12333e-07
2.49236e-05
-3.15636e-07
2.48145e-05
-3.19015e-07
2.4704e-05
-3.22388e-07
2.45923e-05
-3.25841e-07
2.44791e-05
-3.29262e-07
2.43646e-05
-3.32778e-07
2.42487e-05
-3.36239e-07
2.41314e-05
-3.39803e-07
2.40127e-05
-3.43288e-07
2.38925e-05
-3.4691e-07
2.3771e-05
-3.50394e-07
2.3648e-05
-3.54092e-07
2.35236e-05
-3.5752e-07
2.33978e-05
-3.61401e-07
2.32705e-05
-3.6466e-07
2.31417e-05
-3.68889e-07
2.30116e-05
-3.71737e-07
2.28798e-05
-3.76666e-07
2.27468e-05
-3.78651e-07
2.26121e-05
-3.8412e-07
-3.81236e-07
2.2476e-05
2.45813e-05
-1.48142e-07
2.45256e-05
-1.51698e-07
2.44704e-05
-1.49692e-07
2.44148e-05
-1.51531e-07
2.43593e-05
-1.51505e-07
2.43036e-05
-1.52101e-07
2.42478e-05
-1.5254e-07
2.4192e-05
-1.52927e-07
2.41361e-05
-1.53417e-07
2.40801e-05
-1.53764e-07
2.4024e-05
-1.54205e-07
2.39679e-05
-1.5453e-07
2.39117e-05
-1.54902e-07
2.38554e-05
-1.55215e-07
2.3799e-05
-1.5553e-07
2.37426e-05
-1.55865e-07
2.3686e-05
-1.56158e-07
2.36294e-05
-1.56553e-07
2.35727e-05
-1.56893e-07
2.35159e-05
-1.57284e-07
2.34589e-05
-1.57642e-07
2.34019e-05
-1.58076e-07
2.33447e-05
-1.58441e-07
2.32873e-05
-1.58927e-07
2.32298e-05
-1.59304e-07
2.31721e-05
-1.59845e-07
2.31143e-05
-1.60236e-07
2.30562e-05
-1.60834e-07
2.2998e-05
-1.61241e-07
2.29396e-05
-1.61914e-07
2.2881e-05
-1.62354e-07
2.28221e-05
-1.63113e-07
2.27631e-05
-1.63621e-07
2.27037e-05
-1.64484e-07
2.26441e-05
-1.64991e-07
2.25842e-05
-1.65929e-07
2.2524e-05
-1.66497e-07
2.24635e-05
-1.67484e-07
2.24027e-05
-1.68122e-07
2.23415e-05
-1.69169e-07
2.228e-05
-1.6988e-07
2.22182e-05
-1.70983e-07
2.21559e-05
-1.71778e-07
2.20933e-05
-1.72925e-07
2.20302e-05
-1.73822e-07
2.19668e-05
-1.7502e-07
2.19028e-05
-1.7603e-07
2.18385e-05
-1.77299e-07
2.17736e-05
-1.78459e-07
2.17083e-05
-1.79755e-07
2.16424e-05
-1.81067e-07
2.1576e-05
-1.82436e-07
2.15091e-05
-1.83824e-07
2.14415e-05
-1.85263e-07
2.13734e-05
-1.86765e-07
2.13047e-05
-1.88281e-07
2.12353e-05
-1.89877e-07
2.11652e-05
-1.91463e-07
2.10945e-05
-1.93125e-07
2.10231e-05
-1.94775e-07
2.0951e-05
-1.9652e-07
2.08782e-05
-1.98253e-07
2.08046e-05
-2.00086e-07
2.07303e-05
-2.01924e-07
2.06551e-05
-2.03771e-07
2.05792e-05
-2.05722e-07
2.05024e-05
-2.0766e-07
2.04248e-05
-2.09697e-07
2.03462e-05
-2.11722e-07
2.02668e-05
-2.13849e-07
2.01865e-05
-2.15956e-07
2.01052e-05
-2.18164e-07
2.0023e-05
-2.20341e-07
1.99397e-05
-2.22594e-07
1.98556e-05
-2.24826e-07
1.97704e-05
-2.27128e-07
1.96841e-05
-2.29412e-07
1.95969e-05
-2.31758e-07
1.95086e-05
-2.34087e-07
1.94192e-05
-2.36483e-07
1.93288e-05
-2.38863e-07
1.92373e-05
-2.41252e-07
1.91448e-05
-2.43682e-07
1.90511e-05
-2.46102e-07
1.89563e-05
-2.48546e-07
1.88604e-05
-2.51008e-07
1.87635e-05
-2.53451e-07
1.86654e-05
-2.55968e-07
1.85662e-05
-2.58364e-07
1.84658e-05
-2.61025e-07
1.83644e-05
-2.63258e-07
1.82618e-05
-2.66245e-07
1.81582e-05
-2.68107e-07
1.80532e-05
-2.71685e-07
1.79473e-05
-2.72782e-07
1.78401e-05
-2.76916e-07
-2.73159e-07
1.77321e-05
1.92971e-05
-1.0566e-07
1.92537e-05
-1.08305e-07
1.92107e-05
-1.06706e-07
1.91674e-05
-1.08191e-07
1.9124e-05
-1.08136e-07
1.90805e-05
-1.0855e-07
1.90369e-05
-1.08938e-07
1.89931e-05
-1.09175e-07
1.89493e-05
-1.09587e-07
1.89053e-05
-1.09821e-07
1.88614e-05
-1.10212e-07
1.88172e-05
-1.10403e-07
1.8773e-05
-1.10709e-07
1.87287e-05
-1.10916e-07
1.86844e-05
-1.11199e-07
1.86399e-05
-1.11402e-07
1.85954e-05
-1.11639e-07
1.85508e-05
-1.11908e-07
1.85061e-05
-1.12181e-07
1.84612e-05
-1.12456e-07
1.84163e-05
-1.12692e-07
1.83712e-05
-1.13023e-07
1.83261e-05
-1.1328e-07
1.82808e-05
-1.13622e-07
1.82353e-05
-1.13854e-07
1.81898e-05
-1.14286e-07
1.8144e-05
-1.14494e-07
1.80982e-05
-1.14948e-07
1.80521e-05
-1.15181e-07
1.80059e-05
-1.15724e-07
1.79595e-05
-1.15945e-07
1.79129e-05
-1.16532e-07
1.78661e-05
-1.16817e-07
1.78191e-05
-1.17489e-07
1.77719e-05
-1.1778e-07
1.77245e-05
-1.18461e-07
1.76768e-05
-1.18819e-07
1.76288e-05
-1.19554e-07
1.75807e-05
-1.19936e-07
1.75322e-05
-1.20685e-07
1.74835e-05
-1.21166e-07
1.74344e-05
-1.21927e-07
1.73851e-05
-1.22443e-07
1.73354e-05
-1.23254e-07
1.72855e-05
-1.23871e-07
1.72351e-05
-1.24688e-07
1.71845e-05
-1.25366e-07
1.71334e-05
-1.2625e-07
1.7082e-05
-1.27046e-07
1.70302e-05
-1.27948e-07
1.6978e-05
-1.28818e-07
1.69253e-05
-1.29785e-07
1.68722e-05
-1.30733e-07
1.68187e-05
-1.31717e-07
1.67647e-05
-1.32726e-07
1.67102e-05
-1.33779e-07
1.66552e-05
-1.34876e-07
1.65997e-05
-1.35948e-07
1.65436e-05
-1.3706e-07
1.6487e-05
-1.3822e-07
1.64299e-05
-1.39364e-07
1.63722e-05
-1.40553e-07
1.63139e-05
-1.41776e-07
1.6255e-05
-1.43038e-07
1.61955e-05
-1.4427e-07
1.61354e-05
-1.45565e-07
1.60746e-05
-1.4688e-07
1.60131e-05
-1.48255e-07
1.5951e-05
-1.49603e-07
1.58882e-05
-1.51011e-07
1.58247e-05
-1.52431e-07
1.57604e-05
-1.53914e-07
1.56954e-05
-1.55354e-07
1.56297e-05
-1.56834e-07
1.55632e-05
-1.58355e-07
1.54959e-05
-1.59838e-07
1.54279e-05
-1.61366e-07
1.5359e-05
-1.62897e-07
1.52894e-05
-1.64475e-07
1.5219e-05
-1.66015e-07
1.51477e-05
-1.67582e-07
1.50756e-05
-1.69172e-07
1.50027e-05
-1.70778e-07
1.4929e-05
-1.72363e-07
1.48544e-05
-1.73955e-07
1.4779e-05
-1.75592e-07
1.47027e-05
-1.77204e-07
1.46256e-05
-1.78855e-07
1.45477e-05
-1.8041e-07
1.44689e-05
-1.82214e-07
1.43892e-05
-1.83614e-07
1.43086e-05
-1.85651e-07
1.42273e-05
-1.8677e-07
1.41449e-05
-1.89307e-07
1.40619e-05
-1.89753e-07
1.39777e-05
-1.92763e-07
-1.88714e-07
1.38933e-05
1.49754e-05
-7.28264e-08
1.49417e-05
-7.45462e-08
1.49084e-05
-7.33878e-08
1.48747e-05
-7.44901e-08
1.48409e-05
-7.44013e-08
1.48071e-05
-7.46966e-08
1.47731e-05
-7.49299e-08
1.4739e-05
-7.51262e-08
1.47048e-05
-7.54045e-08
1.46706e-05
-7.55613e-08
1.46362e-05
-7.58485e-08
1.46018e-05
-7.59684e-08
1.45673e-05
-7.62052e-08
1.45327e-05
-7.63201e-08
1.4498e-05
-7.65229e-08
1.44633e-05
-7.66545e-08
1.44285e-05
-7.6837e-08
1.43935e-05
-7.69966e-08
1.43585e-05
-7.71646e-08
1.43235e-05
-7.73867e-08
1.42883e-05
-7.75189e-08
1.4253e-05
-7.77613e-08
1.42176e-05
-7.78875e-08
1.41822e-05
-7.81525e-08
1.41466e-05
-7.82727e-08
1.41108e-05
-7.85439e-08
1.40751e-05
-7.87033e-08
1.40391e-05
-7.89868e-08
1.40031e-05
-7.91393e-08
1.39668e-05
-7.9476e-08
1.39305e-05
-7.96257e-08
1.3894e-05
-8.00147e-08
1.38573e-05
-8.01851e-08
1.38205e-05
-8.06221e-08
1.37835e-05
-8.07838e-08
1.37463e-05
-8.12893e-08
1.3709e-05
-8.14573e-08
1.36714e-05
-8.19795e-08
1.36336e-05
-8.21785e-08
1.35957e-05
-8.27237e-08
1.35575e-05
-8.29557e-08
1.3519e-05
-8.35009e-08
1.34804e-05
-8.38168e-08
1.34415e-05
-8.43537e-08
1.34024e-05
-8.47252e-08
1.3363e-05
-8.52775e-08
1.33233e-05
-8.57096e-08
1.32833e-05
-8.62859e-08
1.32431e-05
-8.67869e-08
1.32025e-05
-8.73821e-08
1.31616e-05
-8.79327e-08
1.31204e-05
-8.85928e-08
1.30789e-05
-8.91586e-08
1.3037e-05
-8.98384e-08
1.29947e-05
-9.04662e-08
1.29521e-05
-9.11675e-08
1.29091e-05
-9.18382e-08
1.28657e-05
-9.25404e-08
1.28219e-05
-9.32763e-08
1.27777e-05
-9.3982e-08
1.27331e-05
-9.47533e-08
1.2688e-05
-9.54883e-08
1.26425e-05
-9.62908e-08
1.25966e-05
-9.7054e-08
1.25502e-05
-9.78675e-08
1.25033e-05
-9.86659e-08
1.24559e-05
-9.94942e-08
1.2408e-05
-1.00372e-07
1.23596e-05
-1.01211e-07
1.23107e-05
-1.02121e-07
1.22613e-05
-1.02987e-07
1.22113e-05
-1.03926e-07
1.21608e-05
-1.04818e-07
1.21097e-05
-1.05739e-07
1.2058e-05
-1.06695e-07
1.20058e-05
-1.07606e-07
1.1953e-05
-1.08577e-07
1.18996e-05
-1.095e-07
1.18456e-05
-1.10486e-07
1.1791e-05
-1.11428e-07
1.17359e-05
-1.12413e-07
1.16801e-05
-1.13374e-07
1.16236e-05
-1.14347e-07
1.15666e-05
-1.15359e-07
1.1509e-05
-1.16315e-07
1.14508e-05
-1.17344e-07
1.13919e-05
-1.183e-07
1.13324e-05
-1.1935e-07
1.12722e-05
-1.20281e-07
1.12114e-05
-1.21385e-07
1.115e-05
-1.22257e-07
1.10879e-05
-1.23528e-07
1.10253e-05
-1.24163e-07
1.09618e-05
-1.25798e-07
1.0898e-05
-1.25908e-07
1.08332e-05
-1.27965e-07
-1.24092e-07
1.07686e-05
1.14148e-05
-4.74783e-08
1.13888e-05
-4.84918e-08
1.13631e-05
-4.7777e-08
1.13371e-05
-4.84984e-08
1.13111e-05
-4.8394e-08
1.1285e-05
-4.85756e-08
1.12588e-05
-4.87339e-08
1.12325e-05
-4.88215e-08
1.12062e-05
-4.90384e-08
1.11797e-05
-4.91363e-08
1.11532e-05
-4.93075e-08
1.11266e-05
-4.93743e-08
1.10999e-05
-4.95291e-08
1.10732e-05
-4.96134e-08
1.10464e-05
-4.97039e-08
1.10196e-05
-4.98216e-08
1.09926e-05
-4.99169e-08
1.09657e-05
-5.003e-08
1.09386e-05
-5.01112e-08
1.09115e-05
-5.02537e-08
1.08843e-05
-5.03448e-08
1.0857e-05
-5.04576e-08
1.08297e-05
-5.05638e-08
1.08023e-05
-5.07095e-08
1.07748e-05
-5.07892e-08
1.07472e-05
-5.09304e-08
1.07195e-05
-5.1026e-08
1.06917e-05
-5.12108e-08
1.06638e-05
-5.12556e-08
1.06358e-05
-5.1501e-08
1.06078e-05
-5.15576e-08
1.05796e-05
-5.18193e-08
1.05513e-05
-5.1864e-08
1.05228e-05
-5.21817e-08
1.04943e-05
-5.22499e-08
1.04656e-05
-5.25441e-08
1.04367e-05
-5.26496e-08
1.04077e-05
-5.29735e-08
1.03786e-05
-5.30752e-08
1.03493e-05
-5.33933e-08
1.03199e-05
-5.35339e-08
1.02903e-05
-5.38865e-08
1.02605e-05
-5.40095e-08
1.02305e-05
-5.4389e-08
1.02004e-05
-5.45686e-08
1.017e-05
-5.49358e-08
1.01394e-05
-5.51344e-08
1.01087e-05
-5.55343e-08
1.00777e-05
-5.58006e-08
1.00465e-05
-5.61643e-08
1.00151e-05
-5.65018e-08
9.98337e-06
-5.68942e-08
9.95144e-06
-5.7235e-08
9.91922e-06
-5.76141e-08
9.88678e-06
-5.80185e-08
9.85404e-06
-5.84232e-08
9.82101e-06
-5.88142e-08
9.78773e-06
-5.92493e-08
9.75413e-06
-5.96728e-08
9.72025e-06
-6.0101e-08
9.68602e-06
-6.05246e-08
9.65152e-06
-6.09856e-08
9.61668e-06
-6.14445e-08
9.58151e-06
-6.18799e-08
9.546e-06
-6.23595e-08
9.51018e-06
-6.28371e-08
9.474e-06
-6.33142e-08
9.43742e-06
-6.3792e-08
9.40052e-06
-6.4306e-08
9.36322e-06
-6.48211e-08
9.32556e-06
-6.53259e-08
9.28748e-06
-6.58364e-08
9.24904e-06
-6.63764e-08
9.2102e-06
-6.68993e-08
9.17092e-06
-6.7413e-08
9.13127e-06
-6.79569e-08
9.0912e-06
-6.84956e-08
9.05072e-06
-6.90229e-08
9.00979e-06
-6.95484e-08
8.96847e-06
-7.01065e-08
8.9267e-06
-7.06453e-08
8.88451e-06
-7.1176e-08
8.8419e-06
-7.17362e-08
8.79883e-06
-7.2291e-08
8.75535e-06
-7.28312e-08
8.71139e-06
-7.33758e-08
8.66702e-06
-7.39363e-08
8.62218e-06
-7.4508e-08
8.57692e-06
-7.50145e-08
8.53119e-06
-7.56511e-08
8.48504e-06
-7.61079e-08
8.43836e-06
-7.6848e-08
8.39132e-06
-7.71149e-08
8.34364e-06
-7.81243e-08
8.29575e-06
-7.80157e-08
8.2471e-06
-7.93122e-08
-7.60071e-08
8.19902e-06
8.43868e-06
-2.82155e-08
8.41888e-06
-2.8688e-08
8.39947e-06
-2.83709e-08
8.37975e-06
-2.87775e-08
8.36006e-06
-2.87026e-08
8.34027e-06
-2.87832e-08
8.32038e-06
-2.88489e-08
8.30049e-06
-2.89271e-08
8.28049e-06
-2.90389e-08
8.26045e-06
-2.9094e-08
8.24033e-06
-2.91891e-08
8.22019e-06
-2.92379e-08
8.19997e-06
-2.93087e-08
8.17972e-06
-2.93565e-08
8.15943e-06
-2.94121e-08
8.13906e-06
-2.94511e-08
8.11865e-06
-2.95143e-08
8.0982e-06
-2.95778e-08
8.07772e-06
-2.96292e-08
8.05716e-06
-2.96948e-08
8.03656e-06
-2.97409e-08
8.01591e-06
-2.98099e-08
7.9952e-06
-2.98541e-08
7.97441e-06
-2.99101e-08
7.95359e-06
-2.99676e-08
7.93271e-06
-3.00487e-08
7.91177e-06
-3.00852e-08
7.89074e-06
-3.01812e-08
7.86969e-06
-3.02067e-08
7.84852e-06
-3.03313e-08
7.82731e-06
-3.03482e-08
7.80599e-06
-3.04946e-08
7.78462e-06
-3.0496e-08
7.76313e-06
-3.06834e-08
7.74158e-06
-3.07028e-08
7.71992e-06
-3.08802e-08
7.69818e-06
-3.09105e-08
7.6763e-06
-3.10931e-08
7.65436e-06
-3.11297e-08
7.63229e-06
-3.13207e-08
7.61012e-06
-3.13662e-08
7.58778e-06
-3.15493e-08
7.5654e-06
-3.16196e-08
7.54284e-06
-3.1826e-08
7.52017e-06
-3.18983e-08
7.49734e-06
-3.21098e-08
7.47441e-06
-3.22028e-08
7.4513e-06
-3.24215e-08
7.42804e-06
-3.25449e-08
7.40464e-06
-3.27589e-08
7.38104e-06
-3.28991e-08
7.35728e-06
-3.3133e-08
7.33335e-06
-3.33044e-08
7.30926e-06
-3.35193e-08
7.28496e-06
-3.37198e-08
7.26048e-06
-3.39316e-08
7.23581e-06
-3.41462e-08
7.21093e-06
-3.43624e-08
7.18584e-06
-3.45843e-08
7.16053e-06
-3.47877e-08
7.13504e-06
-3.5036e-08
7.10932e-06
-3.52596e-08
7.08337e-06
-3.54942e-08
7.05722e-06
-3.57235e-08
7.03082e-06
-3.59596e-08
7.0042e-06
-3.62068e-08
6.97733e-06
-3.64461e-08
6.95024e-06
-3.66994e-08
6.92286e-06
-3.69287e-08
6.89525e-06
-3.72078e-08
6.86739e-06
-3.74558e-08
6.83927e-06
-3.77234e-08
6.81088e-06
-3.79815e-08
6.78222e-06
-3.82378e-08
6.75331e-06
-3.85017e-08
6.72412e-06
-3.87557e-08
6.69464e-06
-3.90208e-08
6.66488e-06
-3.92548e-08
6.63487e-06
-3.95378e-08
6.60456e-06
-3.97969e-08
6.57397e-06
-4.00533e-08
6.54312e-06
-4.0318e-08
6.51196e-06
-4.05738e-08
6.48051e-06
-4.084e-08
6.44877e-06
-4.10924e-08
6.41676e-06
-4.13615e-08
6.38442e-06
-4.15989e-08
6.3518e-06
-4.18849e-08
6.31892e-06
-4.21305e-08
6.28569e-06
-4.24218e-08
6.25221e-06
-4.26272e-08
6.21835e-06
-4.29844e-08
6.18432e-06
-4.3081e-08
6.14978e-06
-4.35832e-08
6.11516e-06
-4.33977e-08
6.07999e-06
-4.41367e-08
-4.16915e-08
6.04568e-06
5.87222e-06
-1.40094e-08
5.85772e-06
-1.41932e-08
5.8435e-06
-1.41534e-08
5.82905e-06
-1.43162e-08
5.81462e-06
-1.42737e-08
5.80013e-06
-1.42999e-08
5.78563e-06
-1.43513e-08
5.77107e-06
-1.43623e-08
5.75644e-06
-1.4415e-08
5.74179e-06
-1.44372e-08
5.72708e-06
-1.44805e-08
5.71235e-06
-1.45016e-08
5.69756e-06
-1.45291e-08
5.68278e-06
-1.45659e-08
5.66793e-06
-1.45714e-08
5.65308e-06
-1.45977e-08
5.63818e-06
-1.46123e-08
5.62325e-06
-1.46406e-08
5.60828e-06
-1.46607e-08
5.59327e-06
-1.46859e-08
5.57825e-06
-1.47199e-08
5.56317e-06
-1.47309e-08
5.54807e-06
-1.475e-08
5.53294e-06
-1.47754e-08
5.51776e-06
-1.47927e-08
5.50254e-06
-1.48214e-08
5.48729e-06
-1.48353e-08
5.472e-06
-1.4888e-08
5.45667e-06
-1.4878e-08
5.44128e-06
-1.49339e-08
5.42586e-06
-1.49318e-08
5.41037e-06
-1.49985e-08
5.39486e-06
-1.4996e-08
5.37926e-06
-1.50751e-08
5.36363e-06
-1.50724e-08
5.34792e-06
-1.51677e-08
5.33217e-06
-1.51589e-08
5.31632e-06
-1.52391e-08
5.30044e-06
-1.52484e-08
5.28445e-06
-1.53319e-08
5.26843e-06
-1.53442e-08
5.25232e-06
-1.54323e-08
5.23616e-06
-1.54589e-08
5.21987e-06
-1.55377e-08
5.20353e-06
-1.55557e-08
5.18708e-06
-1.56546e-08
5.17056e-06
-1.56794e-08
5.15392e-06
-1.57833e-08
5.1372e-06
-1.58234e-08
5.12038e-06
-1.59363e-08
5.10347e-06
-1.59802e-08
5.08642e-06
-1.6079e-08
5.06926e-06
-1.61446e-08
5.05198e-06
-1.62387e-08
5.03459e-06
-1.63221e-08
5.01707e-06
-1.64085e-08
4.99944e-06
-1.65144e-08
4.98167e-06
-1.65875e-08
4.96377e-06
-1.66829e-08
4.94576e-06
-1.67699e-08
4.92759e-06
-1.68682e-08
4.90929e-06
-1.69527e-08
4.89084e-06
-1.70445e-08
4.87227e-06
-1.71464e-08
4.85354e-06
-1.72305e-08
4.83468e-06
-1.73392e-08
4.81567e-06
-1.74334e-08
4.79651e-06
-1.75374e-08
4.77722e-06
-1.76306e-08
4.75775e-06
-1.77382e-08
4.73814e-06
-1.78445e-08
4.71836e-06
-1.79384e-08
4.69842e-06
-1.80381e-08
4.67832e-06
-1.81337e-08
4.65806e-06
-1.82376e-08
4.63764e-06
-1.83296e-08
4.61705e-06
-1.84329e-08
4.59633e-06
-1.85341e-08
4.57542e-06
-1.86227e-08
4.55434e-06
-1.87169e-08
4.5331e-06
-1.88078e-08
4.51169e-06
-1.89065e-08
4.49012e-06
-1.89952e-08
4.46837e-06
-1.90935e-08
4.44648e-06
-1.91924e-08
4.4244e-06
-1.92776e-08
4.40216e-06
-1.93634e-08
4.37974e-06
-1.94586e-08
4.35716e-06
-1.95441e-08
4.33438e-06
-1.96426e-08
4.31147e-06
-1.97118e-08
4.28833e-06
-1.98479e-08
4.2651e-06
-1.98498e-08
4.24156e-06
-2.00331e-08
4.21807e-06
-1.99036e-08
4.19414e-06
-2.02055e-08
-1.87897e-08
4.17124e-06
3.51532e-06
-4.55844e-09
3.50572e-06
-4.59109e-09
3.49621e-06
-4.64316e-09
3.48658e-06
-4.67936e-09
3.47696e-06
-4.66062e-09
3.46733e-06
-4.66904e-09
3.45765e-06
-4.67418e-09
3.44798e-06
-4.68476e-09
3.43825e-06
-4.69413e-09
3.42852e-06
-4.70439e-09
3.41875e-06
-4.70957e-09
3.40896e-06
-4.71191e-09
3.39916e-06
-4.72775e-09
3.38932e-06
-4.72406e-09
3.37949e-06
-4.73621e-09
3.36963e-06
-4.73351e-09
3.35976e-06
-4.74454e-09
3.34986e-06
-4.7413e-09
3.33995e-06
-4.74705e-09
3.33002e-06
-4.75811e-09
3.32006e-06
-4.75717e-09
3.3101e-06
-4.76659e-09
3.30011e-06
-4.76485e-09
3.29011e-06
-4.77496e-09
3.28009e-06
-4.77222e-09
3.27006e-06
-4.78368e-09
3.26e-06
-4.77866e-09
3.24991e-06
-4.78692e-09
3.23982e-06
-4.7941e-09
3.22969e-06
-4.79992e-09
3.21956e-06
-4.80499e-09
3.20938e-06
-4.81359e-09
3.1992e-06
-4.81833e-09
3.18897e-06
-4.83119e-09
3.17873e-06
-4.83524e-09
3.16841e-06
-4.8492e-09
3.1581e-06
-4.84789e-09
3.14775e-06
-4.87693e-09
3.13737e-06
-4.87013e-09
3.12694e-06
-4.89908e-09
3.11649e-06
-4.89277e-09
3.10598e-06
-4.92291e-09
3.09544e-06
-4.91701e-09
3.08486e-06
-4.94855e-09
3.07424e-06
-4.94209e-09
3.06356e-06
-4.96968e-09
3.05286e-06
-4.98054e-09
3.04209e-06
-5.00206e-09
3.03128e-06
-5.01717e-09
3.02039e-06
-5.03699e-09
3.00947e-06
-5.05774e-09
2.99847e-06
-5.07653e-09
2.98743e-06
-5.1006e-09
2.97631e-06
-5.11651e-09
2.96513e-06
-5.13914e-09
2.95389e-06
-5.16714e-09
2.94257e-06
-5.18589e-09
2.9312e-06
-5.21295e-09
2.91975e-06
-5.23176e-09
2.90825e-06
-5.25952e-09
2.89666e-06
-5.27791e-09
2.88501e-06
-5.30305e-09
2.87329e-06
-5.31479e-09
2.86148e-06
-5.33401e-09
2.84962e-06
-5.36839e-09
2.83768e-06
-5.3934e-09
2.82567e-06
-5.42526e-09
2.81359e-06
-5.4435e-09
2.80143e-06
-5.47276e-09
2.78919e-06
-5.49167e-09
2.77687e-06
-5.52127e-09
2.76447e-06
-5.53865e-09
2.752e-06
-5.5626e-09
2.73946e-06
-5.59113e-09
2.72684e-06
-5.60912e-09
2.71415e-06
-5.63542e-09
2.70137e-06
-5.6525e-09
2.68852e-06
-5.67787e-09
2.67559e-06
-5.69303e-09
2.66259e-06
-5.71313e-09
2.64953e-06
-5.7396e-09
2.63638e-06
-5.75386e-09
2.62316e-06
-5.77875e-09
2.60987e-06
-5.79215e-09
2.59649e-06
-5.81652e-09
2.58305e-06
-5.82907e-09
2.56954e-06
-5.85293e-09
2.55595e-06
-5.8637e-09
2.54229e-06
-5.88123e-09
2.52855e-06
-5.90573e-09
2.51476e-06
-5.91235e-09
2.50085e-06
-5.9417e-09
2.48694e-06
-5.93237e-09
2.47288e-06
-5.97477e-09
2.45891e-06
-5.92261e-09
2.4447e-06
-5.99395e-09
-5.49334e-09
2.4314e-06
1.39793e-06
1.39333e-06
1.38869e-06
1.38401e-06
1.37935e-06
1.37468e-06
1.37001e-06
1.36532e-06
1.36063e-06
1.35592e-06
1.35122e-06
1.3465e-06
1.34178e-06
1.33705e-06
1.33232e-06
1.32758e-06
1.32284e-06
1.3181e-06
1.31335e-06
1.30859e-06
1.30383e-06
1.29907e-06
1.2943e-06
1.28953e-06
1.28476e-06
1.27997e-06
1.27519e-06
1.27041e-06
1.26561e-06
1.26081e-06
1.25601e-06
1.25119e-06
1.24637e-06
1.24154e-06
1.23671e-06
1.23186e-06
1.22701e-06
1.22213e-06
1.21726e-06
1.21237e-06
1.20747e-06
1.20255e-06
1.19763e-06
1.19268e-06
1.18774e-06
1.18277e-06
1.17779e-06
1.17279e-06
1.16777e-06
1.16274e-06
1.15768e-06
1.1526e-06
1.1475e-06
1.14238e-06
1.13725e-06
1.13208e-06
1.12689e-06
1.12168e-06
1.11645e-06
1.11119e-06
1.10591e-06
1.10061e-06
1.09529e-06
1.08996e-06
1.08459e-06
1.0792e-06
1.07377e-06
1.06833e-06
1.06285e-06
1.05736e-06
1.05184e-06
1.0463e-06
1.04074e-06
1.03515e-06
1.02954e-06
1.0239e-06
1.01825e-06
1.01257e-06
1.00688e-06
1.00117e-06
9.95429e-07
9.89675e-07
9.83896e-07
9.78104e-07
9.72287e-07
9.66458e-07
9.60605e-07
9.54742e-07
9.48861e-07
9.42955e-07
9.37042e-07
9.31101e-07
9.25168e-07
9.19194e-07
9.13271e-07
9.07277e-07
9.01784e-07
0.000117334
-2.34249e-05
0.000119452
-2.69365e-05
0.000121904
-3.08152e-05
0.00012476
-3.51141e-05
0.000128097
-3.97251e-05
0.000132025
-4.45401e-05
0.000136701
-4.92531e-05
0.000142359
-5.34157e-05
0.000149343
-5.6449e-05
0.000158182
-5.78192e-05
0.000169418
-5.82293e-05
0.000183205
-6.22041e-05
0.000199392
-7.47067e-05
0.000217517
-0.000103348
0.00023701
-0.00015507
0.000257543
-0.000233468
0.000279505
-0.000336892
0.000304045
-0.000458227
0.000332562
-0.00058618
0.000366877
-0.00070398
0.000408783
-0.000810244
0.000459069
-0.000900814
0.000518395
-0.000984389
0.000586736
-0.00104362
0.000664755
-0.00108804
0.000752233
-0.0010875
0.000849786
-0.00107515
0.000956919
-0.00109
0.00107713
-0.00109544
0.00121181
-0.00124185
0.0013569
-0.00132423
0.00154965
-0.00147932
-0.00163006
0.000130094
-2.53492e-05
0.000132332
-2.9174e-05
0.000134923
-3.34066e-05
0.000137942
-3.81332e-05
0.00014147
-4.32528e-05
0.000145622
-4.86923e-05
0.000150562
-5.4193e-05
0.00015653
-5.93836e-05
0.000163869
-6.3788e-05
0.000173089
-6.7039e-05
0.000184719
-6.98595e-05
0.000198944
-7.64293e-05
0.000215673
-9.14352e-05
0.000234497
-0.000122172
0.000254872
-0.000175446
0.000276447
-0.000255042
0.000299498
-0.000359944
0.000325038
-0.000483767
0.000354456
-0.000615598
0.000389568
-0.000739092
0.000432134
-0.00085281
0.000482988
-0.000951668
0.000542799
-0.0010442
0.000611549
-0.00111237
0.000689914
-0.00116641
0.000777589
-0.00117517
0.000875226
-0.00117278
0.000982499
-0.00119727
0.00110317
-0.00121612
0.0012371
-0.00137577
0.0013835
-0.00147064
0.00157904
-0.00167486
-0.00181633
0.0001443
-2.73789e-05
0.000146657
-3.15304e-05
0.000149389
-3.61388e-05
0.000152571
-4.13149e-05
0.00015629
-4.69718e-05
0.000160666
-5.30686e-05
0.000165869
-5.93963e-05
0.000172144
-6.56578e-05
0.000179831
-7.14752e-05
0.000189423
-7.66314e-05
0.000201437
-8.18736e-05
0.000216081
-9.10731e-05
0.000233314
-0.000108668
0.00025278
-0.000141638
0.000273965
-0.00019663
0.000296508
-0.000277585
0.000320596
-0.000384032
0.000347113
-0.000510283
0.000377422
-0.000645908
0.00041332
-0.000774989
0.000456527
-0.000896017
0.000507911
-0.00100305
0.000568142
-0.00110443
0.000637213
-0.00118144
0.000715809
-0.001245
0.000803533
-0.00126289
0.000901072
-0.00127032
0.00100835
-0.00130455
0.0011291
-0.00133687
0.00126149
-0.00150817
0.00140981
-0.00161896
0.00160645
-0.00187149
-0.00199605
0.000160136
-2.95132e-05
0.000162612
-3.40057e-05
0.000165484
-3.90111e-05
0.000168828
-4.46588e-05
0.000172737
-5.08812e-05
0.000177337
-5.76682e-05
0.000182801
-6.48604e-05
0.000189376
-7.2233e-05
0.000197403
-7.95019e-05
0.000207357
-8.65859e-05
0.000219743
-9.42588e-05
0.000234784
-0.000106115
0.000252486
-0.00012637
0.000272538
-0.000161691
0.000294461
-0.000218553
0.000317897
-0.000301022
0.000342964
-0.000409099
0.000370424
-0.000537743
0.000401602
-0.000677086
0.00043826
-0.000811647
0.000482072
-0.000939829
0.000533928
-0.00105491
0.000594488
-0.00116499
0.000663762
-0.00125072
0.000742441
-0.00132368
0.000830025
-0.00135048
0.000927263
-0.00136756
0.00103438
-0.00141167
0.00115463
-0.00145712
0.00128496
-0.00163849
0.0014359
-0.00176991
0.00163074
-0.00206633
-0.00216401
0.000177813
-3.17506e-05
0.000180407
-3.65988e-05
0.000183418
-4.20221e-05
0.000186922
-4.81634e-05
0.00019102
-5.49792e-05
0.00019584
-6.24883e-05
0.000201561
-7.05813e-05
0.00020843
-7.91022e-05
0.000216787
-8.78584e-05
0.000227091
-9.68898e-05
0.000239831
-0.000106999
0.000255247
-0.000121531
0.000273379
-0.000144502
0.000293965
-0.000182276
0.000316556
-0.000241145
0.00034081
-0.000325276
0.000366788
-0.000435077
0.000395148
-0.000566103
0.000427158
-0.000709096
0.000464533
-0.000849022
0.000508891
-0.000984188
0.000561135
-0.00110715
0.000621903
-0.00122576
0.000691232
-0.00132005
0.00076981
-0.00140226
0.000857027
-0.0014377
0.000953745
-0.00146428
0.00106052
-0.00151844
0.00117946
-0.00157606
0.00130762
-0.00176665
0.00146175
-0.00192404
0.00165047
-0.00225505
-0.00231472
0.000197571
-3.40891e-05
0.00020028
-3.93079e-05
0.000203427
-4.51692e-05
0.00020709
-5.18258e-05
0.000211373
-5.92625e-05
0.00021641
-6.75249e-05
0.000222381
-7.65531e-05
0.000229537
-8.62573e-05
0.00023821
-9.6532e-05
0.000248847
-0.000107526
0.000261921
-0.000120073
0.000277684
-0.000137294
0.000296209
-0.000163027
0.000317274
-0.000203341
0.000340468
-0.000264339
0.000365461
-0.000350268
0.000392277
-0.000461893
0.000421479
-0.000595304
0.000454265
-0.000741883
0.000492291
-0.000887047
0.000537112
-0.00102901
0.000589626
-0.00115967
0.000650445
-0.00128658
0.000719648
-0.00138925
0.000797903
-0.00148051
0.00088449
-0.00152428
0.000980469
-0.00156026
0.0010866
-0.00162458
0.00120324
-0.00169269
0.00132989
-0.0018933
0.0014868
-0.00208096
0.00166353
-0.00243177
-0.002444
0.000219678
-3.6526e-05
0.0002225
-4.21302e-05
0.00022578
-4.84487e-05
0.000229597
-5.56423e-05
0.00023406
-6.37262e-05
0.000239307
-7.2772e-05
0.000245522
-8.27677e-05
0.000252951
-9.36865e-05
0.000261925
-0.000105506
0.000272874
-0.000118475
0.000286257
-0.000133456
0.000302338
-0.000153376
0.000321216
-0.000181905
0.000342706
-0.000224831
0.000366434
-0.000288067
0.000392084
-0.000375919
0.000419653
-0.000489462
0.000449621
-0.000625271
0.000483105
-0.000775367
0.000521687
-0.000925629
0.000566852
-0.00107417
0.000619484
-0.0012123
0.000680159
-0.00134725
0.00074902
-0.00145811
0.00082669
-0.00155818
0.000912358
-0.00160995
0.00100738
-0.00165528
0.0011124
-0.0017296
0.00122568
-0.00180597
0.00135247
-0.00202009
0.00150931
-0.0022378
0.00166672
-0.00258919
-0.00255148
0.000244432
-3.90577e-05
0.000247363
-4.50618e-05
0.00025077
-5.18557e-05
0.000254735
-5.96072e-05
0.000259372
-6.83633e-05
0.000264821
-7.82205e-05
0.000271266
-8.92129e-05
0.000278953
-0.000101374
0.000288208
-0.000114761
0.000299444
-0.000129711
0.00031311
-0.000147121
0.000329475
-0.000169741
0.00034866
-0.000201089
0.000370516
-0.000246688
0.000394705
-0.000312255
0.000420925
-0.000402138
0.000449148
-0.000517685
0.000479782
-0.000655905
0.000513857
-0.000809442
0.000552865
-0.000964637
0.000598216
-0.00111952
0.000650768
-0.00126485
0.00071106
-0.00140755
0.000779329
-0.00152638
0.000856116
-0.00163497
0.000940568
-0.0016944
0.00103441
-0.00174913
0.00113755
-0.00183273
0.00124681
-0.00191523
0.00137524
-0.00214852
0.00152645
-0.00238901
0.00165813
-0.00272087
-0.00264089
0.000272151
-4.16796e-05
0.000275186
-4.80969e-05
0.000278714
-5.53831e-05
0.000282819
-6.37123e-05
0.00028762
-7.31641e-05
0.000293257
-8.3858e-05
0.000299917
-9.5873e-05
0.000307844
-0.0001093
0.000317355
-0.000124273
0.000328852
-0.000141208
0.000342766
-0.000161036
0.000359376
-0.00018635
0.000378818
-0.000220531
0.000400976
-0.000268846
0.000425544
-0.000336823
0.000452232
-0.000428827
0.000480994
-0.000546447
0.000512167
-0.000687079
0.000546685
-0.000843959
0.000585945
-0.0010039
0.000631275
-0.00116485
0.000683501
-0.00131708
0.00074313
-0.00146717
0.000810528
-0.00159378
0.000886101
-0.00171054
0.000969058
-0.00177736
0.00106142
-0.00184149
0.0011616
-0.00193291
0.00126707
-0.0020207
0.00139622
-0.00227768
0.00153512
-0.00252791
0.00163924
-0.00282499
-0.00271728
0.000303176
-4.43851e-05
0.000306307
-5.1228e-05
0.000309946
-5.90217e-05
0.00031418
-6.79469e-05
0.000319132
-7.81153e-05
0.000324942
-8.9668e-05
0.000331797
-0.000102728
0.000339938
-0.000117441
0.000349678
-0.000134013
0.000361401
-0.000152931
0.000375525
-0.00017516
0.000392331
-0.000203156
0.000411972
-0.000240172
0.000434357
-0.000291232
0.00045921
-0.000361676
0.00048625
-0.000455867
0.000515408
-0.000575605
0.000546958
-0.000718628
0.000581727
-0.000878729
0.000621013
-0.00104318
0.000666062
-0.0012099
0.000717663
-0.00136868
0.000776312
-0.00152582
0.000842542
-0.00166001
0.000916559
-0.00178456
0.000997775
-0.00185858
0.00108814
-0.00193186
0.00118423
-0.00202899
0.00128657
-0.00212304
0.00141347
-0.00240458
0.001535
-0.00264944
0.00161441
-0.0029044
-0.00278365
0.000337853
-4.71658e-05
0.00034107
-5.44451e-05
0.000344807
-6.27593e-05
0.000349157
-7.22969e-05
0.000354241
-8.31991e-05
0.000360203
-9.56293e-05
0.000367227
-0.000109752
0.000375553
-0.000125767
0.000385485
-0.000143945
0.000397392
-0.000164838
0.000411678
-0.000189446
0.000428625
-0.000220102
0.000448394
-0.000259942
0.000470919
-0.000313756
0.000495945
-0.000386702
0.000523198
-0.00048312
0.000552579
-0.000604987
0.000584298
-0.000750347
0.000619075
-0.000913505
0.000658103
-0.00108221
0.000702553
-0.00125435
0.000753182
-0.00141931
0.000810518
-0.00158316
0.000875287
-0.00172478
0.000947417
-0.00185669
0.00102667
-0.00193784
0.00111425
-0.00201944
0.00120507
-0.00211981
0.00130452
-0.0022225
0.00142614
-0.0025262
0.00152784
-0.00275114
0.00158635
-0.00296291
-0.00284143
0.000376519
-5.00107e-05
0.000379809
-5.7735e-05
0.000383629
-6.658e-05
0.000388076
-7.67437e-05
0.00039327
-8.83927e-05
0.000399355
-0.000101715
0.000406516
-0.000116914
0.000414989
-0.000134239
0.000425068
-0.000154024
0.000437109
-0.000176879
0.000451497
-0.000203835
0.000468514
-0.000237119
0.000488327
-0.000279755
0.000510883
-0.000336312
0.000535948
-0.000411767
0.000563243
-0.000510415
0.000592637
-0.000634381
0.000624269
-0.000781979
0.000658749
-0.000947985
0.000697179
-0.00112064
0.000740664
-0.00129784
0.000789948
-0.00146859
0.000845654
-0.00163886
0.000908697
-0.00178782
0.000978653
-0.00192665
0.00105571
-0.00201489
0.00113916
-0.00210289
0.00122389
-0.00220454
0.00132141
-0.00232001
0.00143484
-0.00263962
0.00151513
-0.00283144
0.0015563
-0.00300407
-0.00289141
0.000419478
-5.2905e-05
0.000422823
-6.10798e-05
0.000426707
-7.04641e-05
0.000431226
-8.12624e-05
0.0004365
-9.36666e-05
0.000442674
-0.000107889
0.000449932
-0.000124171
0.000458503
-0.00014281
0.000468673
-0.000164195
0.000480783
-0.000188988
0.000495199
-0.000218251
0.000512197
-0.000254117
0.000531948
-0.000299505
0.000554405
-0.000358769
0.000579343
-0.000436705
0.000606473
-0.000537545
0.000635621
-0.000663529
0.000666856
-0.000813214
0.000700679
-0.000981807
0.000738126
-0.00115809
0.000780255
-0.00133997
0.000827831
-0.00151617
0.000881652
-0.00169269
0.000942765
-0.00184893
0.0010103
-0.00199418
0.00108444
-0.00208903
0.00116228
-0.00218073
0.00124175
-0.00228401
0.00133806
-0.00241632
0.00143944
-0.002741
0.00149781
-0.00288982
0.00152479
-0.00303105
-0.00293413
0.000540702
-5.59206e-05
0.000544182
-6.456e-05
0.000548225
-7.45076e-05
0.00055293
-8.59669e-05
0.00055842
-9.91568e-05
0.000564848
-0.000114317
0.000572402
-0.000131726
0.000581318
-0.000151725
0.000591885
-0.000174762
0.000604439
-0.000201543
0.000619342
-0.000233154
0.00063685
-0.000271625
0.000657099
-0.000319755
0.000679982
-0.000381652
0.000705184
-0.000461907
0.000732288
-0.000564649
0.000760979
-0.00069222
0.000791183
-0.000843418
0.00082328
-0.0010139
0.000858309
-0.00119312
0.000897293
-0.00137895
0.000941062
-0.00155994
0.0009906
-0.00174222
0.00104689
-0.00190522
0.00110809
-0.00205539
0.00117347
-0.00215441
0.00123952
-0.00224678
0.00130922
-0.00235372
0.00139579
-0.00250289
0.00147214
-0.00281736
0.00149888
-0.00291655
0.00150302
-0.00303519
-0.00295917
0.000614598
-5.89112e-05
0.000618049
-6.80112e-05
0.000622053
-7.85119e-05
0.000626709
-9.06226e-05
0.000632137
-0.000104585
0.000638486
-0.000120666
0.00064594
-0.000139179
0.000654722
-0.000160508
0.000665109
-0.000185149
0.000677414
-0.000213847
0.00069197
-0.00024771
0.000709016
-0.000288672
0.000728676
-0.000339414
0.000750827
-0.000403803
0.000775138
-0.000486217
0.000801149
-0.000590661
0.00082848
-0.000719552
0.000856984
-0.000871922
0.000886986
-0.00104391
0.000919575
-0.00122571
0.000955774
-0.00141515
0.000996603
-0.00160076
0.00104332
-0.00178894
0.00109648
-0.00195838
0.00115284
-0.00211174
0.00121158
-0.00221314
0.00127108
-0.00230629
0.00133785
-0.00242049
0.00141764
-0.00258268
0.00147272
-0.00287244
0.00147832
-0.00292215
0.00147092
-0.00302779
-0.00297621
0.000696599
-6.18291e-05
0.000699966
-7.13789e-05
0.000703868
-8.24135e-05
0.000708399
-9.51538e-05
0.000713676
-0.000109862
0.000719841
-0.000126831
0.000727067
-0.000146406
0.000735569
-0.000169009
0.000745601
-0.000195181
0.000757454
-0.000225699
0.000771429
-0.000261685
0.000787744
-0.000304986
0.000806495
-0.000358166
0.000827543
-0.000424851
0.000850529
-0.000509203
0.000874957
-0.000615088
0.000900398
-0.000744993
0.000926671
-0.000898195
0.000954126
-0.00107136
0.000983944
-0.00125552
0.00101713
-0.00144834
0.00105499
-0.00163862
0.00109887
-0.00183282
0.001148
-0.00200752
0.00119804
-0.00216178
0.0012501
-0.00226521
0.00130463
-0.00236081
0.00136839
-0.00248425
0.00143736
-0.00265164
0.0014692
-0.00290428
0.00145588
-0.00290884
0.00143808
-0.00300998
-0.00298552
0.000786152
-6.46131e-05
0.000789364
-7.45912e-05
0.000793081
-8.61303e-05
0.000797392
-9.94655e-05
0.000802407
-0.000114876
0.000808258
-0.000132682
0.000815108
-0.000153255
0.000823152
-0.000177054
0.000832627
-0.000204656
0.000843794
-0.000236866
0.000856921
-0.000274812
0.000872198
-0.000320263
0.000889696
-0.000375664
0.000909254
-0.000444408
0.000930497
-0.000530447
0.000952912
-0.000637503
0.00097606
-0.000768141
0.000999784
-0.000921919
0.00102452
-0.00109609
0.00105149
-0.0012825
0.00108166
-0.00147851
0.00111667
-0.00167364
0.00115734
-0.00187348
0.00120082
-0.002051
0.00124379
-0.00220475
0.00129038
-0.0023118
0.00134091
-0.00241133
0.00140004
-0.00254339
0.00145404
-0.00270564
0.0014619
-0.00291215
0.0014318
-0.00287874
0.00140456
-0.00298274
-0.00298743
0.000881921
-6.71999e-05
0.000884904
-7.75739e-05
0.000888351
-8.95776e-05
0.000892346
-0.00010346
0.000896987
-0.000119517
0.000902395
-0.00013809
0.000908719
-0.000159579
0.000916138
-0.000184473
0.000924863
-0.000213382
0.000935128
-0.000247131
0.000947169
-0.000286853
0.000961149
-0.000334243
0.000977116
-0.000391632
0.000994905
-0.000462197
0.00101415
-0.000549688
0.00103434
-0.000657699
0.00105508
-0.000788882
0.00107627
-0.000943105
0.0010984
-0.00111822
0.00112262
-0.00130672
0.00114988
-0.00150576
0.00118203
-0.00170579
0.00121816
-0.00190962
0.00125444
-0.00208728
0.00129103
-0.00224133
0.00133347
-0.00235425
0.00137995
-0.00245781
0.00143173
-0.00259517
0.00146715
-0.00274106
0.00145109
-0.00289609
0.0014062
-0.00283385
0.00137045
-0.00294698
-0.00298223
0.000981992
-6.95535e-05
0.000984703
-8.02853e-05
0.000987833
-9.27074e-05
0.000991455
-0.000107082
0.000995659
-0.000123721
0.00100055
-0.000142985
0.00100627
-0.000165299
0.00101298
-0.000191178
0.00102086
-0.000221262
0.00103012
-0.000256393
0.00104097
-0.000297706
0.00105356
-0.000346832
0.00106793
-0.000405995
0.00108391
-0.00047818
0.00110117
-0.000566946
0.00111925
-0.000675778
0.00113776
-0.0008074
0.00115666
-0.000962002
0.00117639
-0.00113795
0.00119792
-0.00132825
0.00122229
-0.00153013
0.00125081
-0.00173431
0.00128045
-0.00193925
0.00130915
-0.00211598
0.00134105
-0.00227324
0.00138008
-0.00239327
0.00142129
-0.00249902
0.00146232
-0.00263621
0.00147642
-0.00275516
0.00143733
-0.002857
0.00137927
-0.00277579
0.00133579
-0.0029035
-0.00297024
0.00108502
-7.1693e-05
0.00108748
-8.27467e-05
0.00109031
-9.55442e-05
0.00109359
-0.000110361
0.00109739
-0.000127521
0.00110181
-0.000147403
0.00110697
-0.000170456
0.00111301
-0.000197218
0.0011201
-0.000228354
0.00112843
-0.000264724
0.00113819
-0.000307461
0.0011495
-0.000358143
0.0011624
-0.000418899
0.00117676
-0.00049254
0.00119226
-0.000582448
0.00120848
-0.000691993
0.00122502
-0.000823946
0.00124183
-0.000978811
0.00125917
-0.00115529
0.00127787
-0.00134695
0.00129894
-0.0015512
0.00132203
-0.00175739
0.00134369
-0.00196092
0.00136617
-0.00213846
0.0013951
-0.00230217
0.00143026
-0.00242843
0.00146401
-0.00253276
0.00149079
-0.00266298
0.0014818
-0.00274618
0.00142103
-0.00279623
0.00135105
-0.0027058
0.00130057
-0.00285302
-0.00295187
0.00119104
-7.30263e-05
0.00119257
-8.42775e-05
0.00119433
-9.73058e-05
0.00119636
-0.000112395
0.00119872
-0.000129879
0.00120147
-0.000150151
0.00120469
-0.000173675
0.00120848
-0.000201006
0.00121295
-0.000232828
0.00121823
-0.000270008
0.00122444
-0.000313672
0.00123164
-0.000365343
0.0012398
-0.000427055
0.00124871
-0.000501454
0.00125801
-0.000591745
0.00126718
-0.000701163
0.00127574
-0.000832508
0.00128343
-0.0009865
0.00129017
-0.00116203
0.00129667
-0.00135346
0.00130287
-0.00155739
0.00130707
-0.0017616
0.00130842
-0.00196226
0.00131234
-0.00214238
0.00132185
-0.00231167
0.001332
-0.00243859
0.00133475
-0.00253551
0.00132321
-0.00265144
0.00127388
-0.00269685
0.00118336
-0.00270571
0.00109406
-0.0026165
0.00102469
-0.00278365
-0.00290948
0.00130314
-7.39231e-05
0.00130416
-8.53026e-05
0.00130534
-9.84804e-05
0.00130669
-0.000113747
0.00130825
-0.000131443
0.00131008
-0.000151972
0.00131221
-0.000175808
0.00131472
-0.000203521
0.0013177
-0.000235807
0.00132123
-0.000273532
0.00132537
-0.000317813
0.00133014
-0.000370118
0.00133548
-0.000432387
0.00134113
-0.000507103
0.00134667
-0.000597293
0.00135156
-0.000706048
0.0013552
-0.00083615
0.0013571
-0.000988399
0.00135712
-0.00116205
0.00135542
-0.00135175
0.00135067
-0.00155264
0.00134239
-0.00175332
0.00133297
-0.00195284
0.00132824
-0.00213765
0.00132698
-0.00231042
0.00132126
-0.00243287
0.00130387
-0.00251812
0.00126705
-0.00261462
0.00119138
-0.00262119
0.00108206
-0.00259639
0.000980934
-0.00251537
0.000900644
-0.00270336
-0.00285336
0.00142325
-7.44102e-05
0.0014238
-8.58526e-05
0.00142442
-9.91032e-05
0.00142513
-0.000114456
0.00142594
-0.000132257
0.00142689
-0.000152913
0.00142799
-0.000176908
0.00142928
-0.000204819
0.00143082
-0.000237344
0.00143264
-0.000275349
0.00143475
-0.000319927
0.00143713
-0.000372494
0.00143963
-0.00043489
0.00144197
-0.000509444
0.00144368
-0.000599001
0.00144412
-0.000706491
0.00144261
-0.000834637
0.00143848
-0.000984275
0.00143123
-0.0011548
0.00142003
-0.00134055
0.00140414
-0.00153675
0.00138564
-0.00173482
0.00136832
-0.00193552
0.00135608
-0.00212541
0.00134322
-0.00229756
0.00132093
-0.00241057
0.00128356
-0.00248076
0.00122261
-0.00255366
0.00112345
-0.00252203
0.00099835
-0.00247129
0.00088697
-0.00240399
0.000796637
-0.00261303
-0.00278424
0.0015529
-7.4462e-05
0.00155294
-8.58982e-05
0.00155298
-9.91401e-05
0.00155301
-0.000114483
0.00155302
-0.000132274
0.00155303
-0.000152922
0.00155304
-0.000176912
0.00155304
-0.000204821
0.00155304
-0.000237345
0.00155303
-0.00027534
0.00155297
-0.000319871
0.00155278
-0.000372298
0.00155225
-0.000434364
0.00155106
-0.000508248
0.00154866
-0.000596606
0.00154434
-0.000702169
0.00153717
-0.00082747
0.00152621
-0.000973317
0.00151044
-0.00113902
0.00148936
-0.00131947
0.00146421
-0.0015116
0.0014384
-0.00170901
0.00141514
-0.00191227
0.00139515
-0.00210542
0.00136925
-0.00227166
0.00132986
-0.00237118
0.00127272
-0.00242363
0.0011886
-0.00246954
0.00106836
-0.00240179
0.000929746
-0.00233267
0.000809271
-0.00228352
0.00070944
-0.00251319
-0.00270262
0.00169198
-7.40221e-05
0.00169145
-8.53745e-05
0.00169083
-9.85169e-05
0.00169009
-0.000113743
0.00168921
-0.000131396
0.00168817
-0.000151884
0.00168695
-0.000175686
0.0016855
-0.000203375
0.0016838
-0.000235639
0.00168177
-0.000273311
0.00167932
-0.000317428
0.00167631
-0.000369279
0.00167245
-0.000430505
0.00166731
-0.000503116
0.00166025
-0.000589545
0.00165037
-0.000692282
0.00163656
-0.000813668
0.00161782
-0.00095457
0.0015935
-0.00111471
0.00156447
-0.00129044
0.00153304
-0.00148016
0.00150221
-0.00167818
0.00147349
-0.00188355
0.00144427
-0.0020762
0.00140374
-0.00223114
0.00134701
-0.00231445
0.00127022
-0.00234683
0.0011638
-0.00236313
0.00102449
-0.00226248
0.000874106
-0.00218228
0.000745419
-0.00215483
0.000636411
-0.00240419
-0.00260883
0.00183904
-7.30156e-05
0.00183785
-8.41941e-05
0.00183647
-9.71312e-05
0.00183484
-0.000112115
0.00183293
-0.000129483
0.00183068
-0.000149633
0.00182803
-0.000173037
0.00182491
-0.000200252
0.00182121
-0.000231948
0.00181683
-0.00026893
0.00181159
-0.000312188
0.00180525
-0.000362935
0.00179744
-0.000422698
0.00178765
-0.000493321
0.00177515
-0.000577045
0.00175905
-0.00067619
0.00173847
-0.000793084
0.00171282
-0.000928917
0.00168226
-0.00108415
0.00164832
-0.0012565
0.00161293
-0.00144477
0.0015778
-0.00164306
0.00154252
-0.00184828
0.00150181
-0.00203549
0.00144541
-0.00217473
0.00137137
-0.00224041
0.00127489
-0.00225035
0.00114688
-0.00223511
0.000990227
-0.00210583
0.000829585
-0.00202164
0.000693393
-0.00201864
0.000575387
-0.00228618
-0.00250302
0.00198997
-7.13176e-05
0.00198799
-8.22141e-05
0.00198568
-9.48195e-05
0.00198298
-0.000109413
0.00197982
-0.00012632
0.00197611
-0.000145928
0.00197176
-0.00016869
0.00196666
-0.000195146
0.00196065
-0.000225938
0.00195356
-0.000261839
0.00194516
-0.000303793
0.00193517
-0.000352946
0.00192321
-0.000410738
0.00190879
-0.0004789
0.00189131
-0.000559561
0.00187011
-0.000654991
0.00184464
-0.000767615
0.00181473
-0.000899004
0.00178078
-0.0010502
0.00174394
-0.00121966
0.00170507
-0.0014059
0.00166464
-0.00160262
0.00162055
-0.00180418
0.00156605
-0.00198099
0.00149311
-0.00210179
0.00140182
-0.00214912
0.00128545
-0.00213398
0.00113639
-0.00208606
0.000964017
-0.00193345
0.000794583
-0.00185221
0.000651508
-0.00187556
0.000524586
-0.00215926
-0.00238521
0.00213929
-6.89107e-05
0.0021365
-7.94211e-05
0.00213325
-9.15753e-05
0.00212948
-0.000105641
0.00212509
-0.000121932
0.00211998
-0.000140819
0.00211403
-0.000162739
0.0021071
-0.000188213
0.00209902
-0.000217859
0.0020896
-0.000252423
0.00207862
-0.000292811
0.00206581
-0.00034013
0.00205083
-0.000395758
0.00203329
-0.000461362
0.00201273
-0.000539004
0.00198867
-0.000630933
0.00196069
-0.000739634
0.00192859
-0.000866898
0.00189242
-0.00101403
0.00185253
-0.00117978
0.00180883
-0.0013622
0.00176087
-0.00155466
0.00170523
-0.00174854
0.00163524
-0.001911
0.00154571
-0.00201226
0.00143697
-0.00204038
0.00130027
-0.00199728
0.00113084
-0.00191663
0.000944432
-0.00174704
0.00076769
-0.00167547
0.00061834
-0.00172622
0.000482526
-0.00202345
-0.00225533
0.00228886
-6.6032e-05
0.00228553
-7.60929e-05
0.00228168
-8.77255e-05
0.00227723
-0.000101186
0.00227207
-0.000116775
0.0022661
-0.000134848
0.00225919
-0.000155828
0.00225119
-0.000180215
0.00224194
-0.000208608
0.00223124
-0.000241727
0.00221888
-0.000280451
0.0022046
-0.000325848
0.00218809
-0.000379245
0.00216898
-0.000442251
0.00214682
-0.000516844
0.00212111
-0.000605223
0.00209129
-0.000709815
0.00205688
-0.000832496
0.00201744
-0.000974577
0.00197264
-0.00113498
0.00192178
-0.00131134
0.00186358
-0.00149646
0.00179396
-0.00167893
0.00170771
-0.00182474
0.0016018
-0.00190636
0.00147501
-0.00191359
0.00131734
-0.00183961
0.00112847
-0.00172776
0.000930121
-0.00154869
0.000747649
-0.00149299
0.000592675
-0.00157124
0.000447975
-0.00187875
-0.00211326
0.00245025
-6.29148e-05
0.00244665
-7.24944e-05
0.0024425
-8.35701e-05
0.0024377
-9.63854e-05
0.00243215
-0.000111228
0.00242574
-0.000128437
0.00241833
-0.000148416
0.00240976
-0.000171644
0.00239985
-0.000198696
0.00238838
-0.000230263
0.00237512
-0.000267186
0.00235976
-0.000310492
0.00234196
-0.00036144
0.00232128
-0.000421573
0.00229718
-0.000492751
0.00226906
-0.000577098
0.00223613
-0.00067689
0.00219768
-0.000794042
0.00215279
-0.000929689
0.00210078
-0.00108297
0.00204023
-0.00125079
0.0019692
-0.00142543
0.00188414
-0.00159386
0.00178164
-0.00172224
0.0016594
-0.00178412
0.0015136
-0.00176779
0.00133423
-0.00166024
0.00112739
-0.00152092
0.000919768
-0.00134107
0.000733321
-0.00130655
0.000573466
-0.00141139
0.000419895
-0.00172517
-0.00195879
0.00263215
-5.94586e-05
0.00262816
-6.8507e-05
0.00262356
-7.89675e-05
0.00261825
-9.10696e-05
0.0026121
-0.000105084
0.002605
-0.000121332
0.00259678
-0.000140194
0.00258725
-0.000162122
0.00257622
-0.00018766
0.00256342
-0.000217464
0.00254856
-0.000252327
0.00253129
-0.000293222
0.00251119
-0.000341339
0.00248775
-0.000398132
0.00246034
-0.000465339
0.00242822
-0.000544978
0.00239045
-0.000639125
0.00234608
-0.000749666
0.00229376
-0.000877374
0.00223235
-0.00102156
0.00215956
-0.001178
0.00207381
-0.00133968
0.00197293
-0.00149298
0.00185457
-0.00160389
0.00171582
-0.00164537
0.00154964
-0.0016016
0.00134811
-0.00145872
0.0011256
-0.00129841
0.000912005
-0.00112748
0.000723644
-0.00111819
0.0005598
-0.00124754
0.000397404
-0.00156278
-0.00179172
0.00282619
-5.55525e-05
0.00282168
-6.40009e-05
0.00281648
-7.37653e-05
0.00281047
-8.50589e-05
0.00280352
-9.81331e-05
0.00279547
-0.000113286
0.00278615
-0.00013087
0.00277533
-0.000151308
0.00276278
-0.000175106
0.00274819
-0.000202872
0.00273121
-0.00023535
0.00271143
-0.000273442
0.00268835
-0.000318259
0.00266136
-0.000371143
0.00262972
-0.000433702
0.00259251
-0.000507767
0.00254857
-0.000595186
0.00249655
-0.000697647
0.00243466
-0.000815483
0.00236127
-0.000948172
0.00227404
-0.00109077
0.00217296
-0.00123861
0.00205671
-0.00137673
0.00192319
-0.00147037
0.00176723
-0.00148941
0.00157862
-0.00141299
0.00135522
-0.00123532
0.00112083
-0.00106401
0.000905406
-0.000912054
0.00071761
-0.000930391
0.00055087
-0.0010808
0.000379739
-0.00139165
-0.00161182
0.00303087
-5.10755e-05
0.0030257
-5.88324e-05
0.00301973
-6.77922e-05
0.00301282
-7.81483e-05
0.00300481
-9.01284e-05
0.00299553
-0.000104002
0.00298475
-0.00012009
0.00297221
-0.000138772
0.00295761
-0.000160509
0.00294059
-0.000185851
0.00292072
-0.000215473
0.00289746
-0.000250189
0.00287021
-0.00029101
0.0028382
-0.000339129
0.00280051
-0.000396008
0.00275597
-0.000463228
0.00270321
-0.000542433
0.00264059
-0.000635018
0.00256627
-0.000741164
0.0024788
-0.000860707
0.00237671
-0.000988676
0.0022613
-0.00112319
0.00213103
-0.00124646
0.00198288
-0.00132221
0.0018075
-0.00131404
0.00159394
-0.00119942
0.00135089
-0.000992279
0.00111069
-0.000823812
0.000898458
-0.000699823
0.000714217
-0.000746149
0.000545933
-0.000912518
0.000366216
-0.00121193
-0.00141886
0.003239
-4.5548e-05
0.00323261
-5.24452e-05
0.00322523
-6.04048e-05
0.00321667
-6.9595e-05
0.00320676
-8.02144e-05
0.00319525
-9.24976e-05
0.00318189
-0.000106723
0.00316634
-0.000123223
0.00314823
-0.000142399
0.00312711
-0.000164731
0.00310245
-0.000190816
0.00307363
-0.000221368
0.00303992
-0.000257295
0.00300043
-0.000299643
0.00295418
-0.000349756
0.00289994
-0.000408988
0.0028364
-0.000478897
0.002762
-0.00056061
0.00267529
-0.000654454
0.00257505
-0.000760474
0.00246036
-0.000873986
0.00233287
-0.000995698
0.00218983
-0.00110342
0.00202568
-0.00115806
0.00182644
-0.00111481
0.00158654
-0.000959525
0.00132994
-0.000735676
0.00109249
-0.000586361
0.000889561
-0.000496895
0.000712481
-0.000569069
0.000544239
-0.000744276
0.000356207
-0.0010239
-0.00121272
0.00341364
-3.847e-05
0.00340548
-4.42851e-05
0.00339607
-5.09924e-05
0.00338521
-5.87331e-05
0.00337266
-6.76727e-05
0.00335817
-7.80079e-05
0.00334142
-8.99727e-05
0.00332205
-0.000103847
0.00329962
-0.000119973
0.00327365
-0.000138761
0.00324357
-0.000160734
0.00320871
-0.000186512
0.00316834
-0.00021692
0.00312157
-0.000252881
0.00306747
-0.000295653
0.00300487
-0.000346389
0.00293256
-0.00040658
0.00284897
-0.00047703
0.00275278
-0.000558258
0.00264247
-0.000650164
0.00251752
-0.000749042
0.00237903
-0.000857201
0.00222207
-0.000946463
0.00203695
-0.000972948
0.00180789
-0.000885737
0.00154484
-0.000696478
0.00128675
-0.000477588
0.00106314
-0.000362755
0.000876985
-0.000310738
0.000711438
-0.000403522
0.00054495
-0.000577788
0.000349087
-0.000828037
-0.000993379
0.0035187
-3.03052e-05
0.00350931
-3.48877e-05
0.00349849
-4.01735e-05
0.00348603
-4.62736e-05
0.00347167
-5.3319e-05
0.00345513
-6.14656e-05
0.00343606
-7.09007e-05
0.00341406
-8.18502e-05
0.00338868
-9.45936e-05
0.0033594
-0.000109473
0.00332559
-0.000126931
0.00328659
-0.000147505
0.0032416
-0.000171932
0.00318975
-0.000201034
0.00313008
-0.000235978
0.00306142
-0.000277729
0.00298248
-0.000327641
0.0028917
-0.000386256
0.00278758
-0.000454136
0.00266862
-0.000531204
0.0025342
-0.000614623
0.00238247
-0.000705466
0.00220538
-0.000769373
0.00198955
-0.00075712
0.00172826
-0.000624449
0.00145568
-0.000423893
0.00121501
-0.000236923
0.00101917
-0.000166912
0.000859027
-0.000150597
0.000709829
-0.000254324
0.000547057
-0.000415016
0.000344154
-0.000625133
-0.000761089
0.00222962
-2.47887e-05
0.00222327
-2.85347e-05
0.00221595
-3.28537e-05
0.00220752
-3.78372e-05
0.00219779
-4.35932e-05
0.00218658
-5.02508e-05
0.00217364
-5.79665e-05
0.00215872
-6.69319e-05
0.00214152
-7.73873e-05
0.00212168
-8.96324e-05
0.00209881
-0.000104065
0.00207248
-0.000121176
0.00204222
-0.000141668
0.0020075
-0.00016632
0.00196779
-0.000196268
0.00192242
-0.000232354
0.00187061
-0.000275831
0.00181144
-0.000327094
0.00174375
-0.000386442
0.00166643
-0.000453883
0.00157654
-0.000524737
0.00147002
-0.00059894
0.00134237
-0.000641729
0.00118714
-0.00060189
0.00101375
-0.00045105
0.000852644
-0.000262791
0.000724266
-0.000108546
0.000625138
-6.77841e-05
0.000545615
-7.10733e-05
0.000465926
-0.000174635
0.000371015
-0.000320105
0.000244743
-0.000498861
-0.000612634
0.0017601
-2.00534e-05
0.00175466
-2.30886e-05
0.00174839
-2.65907e-05
0.00174119
-3.06351e-05
0.00173291
-3.53119e-05
0.00172339
-4.07299e-05
0.00171244
-4.70224e-05
0.00169987
-5.4355e-05
0.00168542
-6.29398e-05
0.00166883
-7.30442e-05
0.00164981
-8.50388e-05
0.00162801
-9.93782e-05
0.0016031
-0.000116763
0.00157471
-0.00013793
0.00154247
-0.000164023
0.00150581
-0.000195698
0.00146412
-0.00023414
0.00141646
-0.000279438
0.00136152
-0.000331495
0.00129713
-0.000389496
0.00121798
-0.000445586
0.00112191
-0.000502868
0.00100838
-0.000528197
0.000875492
-0.000469006
0.000739452
-0.00031501
0.00062448
-0.000147819
0.000540708
-2.4774e-05
0.000478974
-6.04988e-06
0.000429219
-2.13183e-05
0.000374298
-0.000119714
0.000302698
-0.000248504
0.000202601
-0.000398764
-0.000493055
0.00138601
-1.61315e-05
0.00138151
-1.85863e-05
0.00137634
-2.14232e-05
0.00137041
-2.47056e-05
0.00136361
-2.85099e-05
0.00135581
-3.29289e-05
0.00134687
-3.80782e-05
0.00133661
-4.41026e-05
0.00132487
-5.11923e-05
0.00131141
-5.9589e-05
0.00129601
-6.96427e-05
0.00127842
-8.1779e-05
0.00125836
-9.67113e-05
0.00123557
-0.000115133
0.00120974
-0.000138196
0.00118037
-0.000166325
0.00114686
-0.000200639
0.00110813
-0.000240701
0.00106236
-0.000285725
0.0010058
-0.00033294
0.000933445
-0.000373229
0.000847382
-0.000416805
0.000749228
-0.000430043
0.000639953
-0.000359731
0.000537525
-0.000212582
0.000458463
-6.87575e-05
0.000406465
2.72239e-05
0.000370081
3.03343e-05
0.000340012
8.75044e-06
0.000302096
-8.17974e-05
0.000247579
-0.000193988
0.000167944
-0.000319129
-0.000396683
0.00109144
-1.29829e-05
0.00108782
-1.49745e-05
0.00108368
-1.72811e-05
0.00107893
-1.99568e-05
0.00107349
-2.30663e-05
0.00106725
-2.66899e-05
0.0010601
-3.09287e-05
0.00105191
-3.591e-05
0.00104252
-4.18056e-05
0.00103177
-4.88342e-05
0.00101945
-5.73286e-05
0.00100536
-6.76891e-05
0.000989298
-8.06464e-05
0.000971018
-9.68535e-05
0.000950266
-0.000117443
0.000926544
-0.000142603
0.000899199
-0.000173294
0.000866788
-0.00020829
0.000826776
-0.000245713
0.0007748
-0.000280964
0.000708985
-0.000307414
0.000634373
-0.000342193
0.000552001
-0.000347671
0.000464908
-0.000272638
0.000390103
-0.000137777
0.000337803
-1.64571e-05
0.000307863
5.71637e-05
0.000288135
5.00619e-05
0.000270991
2.58944e-05
0.000244783
-5.5589e-05
0.00020293
-0.000152135
0.000139386
-0.000255585
-0.000318985
0.000860941
-1.04936e-05
0.000858084
-1.21178e-05
0.000854806
-1.40031e-05
0.000851045
-1.61957e-05
0.00084673
-1.87512e-05
0.000841779
-2.1739e-05
0.000836098
-2.52477e-05
0.000829578
-2.93895e-05
0.000822092
-3.43197e-05
0.000813494
-4.02363e-05
0.000803619
-4.7454e-05
0.000792283
-5.63526e-05
0.000779313
-6.76767e-05
0.000764502
-8.20423e-05
0.000747592
-0.000100534
0.000728084
-0.000123094
0.000705114
-0.000150324
0.000676804
-0.00017998
0.000640234
-0.000209143
0.000592219
-0.000232949
0.000534414
-0.000249609
0.000471835
-0.000279615
0.000404113
-0.000279949
0.000336226
-0.000204751
0.000282962
-8.45134e-05
0.000249974
1.65312e-05
0.000234917
7.22205e-05
0.000225878
5.91012e-05
0.000217118
3.46549e-05
0.000199001
-3.7472e-05
0.000166638
-0.000119772
0.000115813
-0.00020476
-0.000256329
0.000680738
-8.52494e-06
0.000678476
-9.85601e-06
0.000675877
-1.14045e-05
0.000672891
-1.32097e-05
0.00066946
-1.53195e-05
0.000665514
-1.77938e-05
0.000660977
-2.07106e-05
0.000655756
-2.41677e-05
0.000649742
-2.83058e-05
0.000642808
-3.33031e-05
0.000634809
-3.94548e-05
0.000625581
-4.71243e-05
0.000614965
-5.70604e-05
0.000602773
-6.98511e-05
0.000588738
-8.64985e-05
0.000572296
-0.000106652
0.000552272
-0.0001303
0.000526538
-0.000154246
0.000492651
-0.000175256
0.000449535
-0.000189833
0.000400767
-0.00020084
0.000349384
-0.000228232
0.000294354
-0.000224919
0.000242256
-0.000152653
0.000205269
-4.75265e-05
0.000185859
3.59403e-05
0.000180496
7.75841e-05
0.000178156
6.14411e-05
0.000174737
3.80734e-05
0.000162232
-2.49663e-05
0.000137051
-9.45912e-05
9.63248e-05
-0.000164034
-0.000205795
0.000539531
-6.9557e-06
0.000537725
-8.05031e-06
0.000535647
-9.32625e-06
0.000533255
-1.08173e-05
0.000530499
-1.25642e-05
0.000527324
-1.46186e-05
0.000523662
-1.70488e-05
0.000519435
-1.99401e-05
0.000514548
-2.34187e-05
0.000508889
-2.76442e-05
0.000502325
-3.28905e-05
0.000494707
-3.95064e-05
0.000485882
-4.82353e-05
0.00047568
-5.96499e-05
0.000463797
-7.46155e-05
0.000449535
-9.23899e-05
0.000431464
-0.000112229
0.000407666
-0.000130448
0.000376824
-0.000144414
0.000339605
-0.000152614
0.000299705
-0.00016094
0.000257907
-0.000186434
0.000213466
-0.000180478
0.000173937
-0.000113123
0.000148957
-2.2547e-05
0.000138864
4.60338e-05
0.000139557
7.68907e-05
0.000141272
5.97259e-05
0.000141169
3.81767e-05
0.000132566
-1.63632e-05
0.000112869
-7.48945e-05
8.019e-05
-0.000131355
-0.000165039
0.00042849
-5.69043e-06
0.000427031
-6.59167e-06
0.00042535
-7.64498e-06
0.000423411
-8.87799e-06
0.000421173
-1.03261e-05
0.000418587
-1.20335e-05
0.000415598
-1.40594e-05
0.000412135
-1.64775e-05
0.000408117
-1.94007e-05
0.000403444
-2.29705e-05
0.000397992
-2.74384e-05
0.000391621
-3.3136e-05
0.000384184
-4.07979e-05
0.000375522
-5.09878e-05
0.000365255
-6.4349e-05
0.000352537
-7.9672e-05
0.000335921
-9.56125e-05
0.00031412
-0.000108647
0.000286965
-0.00011726
0.000255939
-0.000121588
0.000223873
-0.000128875
0.000189923
-0.000152483
0.000154159
-0.000144714
0.000124431
-8.33958e-05
0.000108126
-6.24171e-06
0.000104249
4.99109e-05
0.000108524
7.26153e-05
0.000112553
5.56974e-05
0.000114422
3.63079e-05
0.000108538
-1.04799e-05
9.30619e-05
-5.94182e-05
6.68136e-05
-0.000105107
-0.00013217
0.000340857
-4.65845e-06
0.000339666
-5.39991e-06
0.00033829
-6.26944e-06
0.000336701
-7.28877e-06
0.000334864
-8.48866e-06
0.000332737
-9.90651e-06
0.000330271
-1.15934e-05
0.000327406
-1.36128e-05
0.000324069
-1.6064e-05
0.000320171
-1.90722e-05
0.000315597
-2.28644e-05
0.000310214
-2.77533e-05
0.000303883
-3.44668e-05
0.000296436
-4.35407e-05
0.000287396
-5.53087e-05
0.000275847
-6.81237e-05
0.000260603
-8.03684e-05
0.000241136
-8.91788e-05
0.000218016
-9.41404e-05
0.000192787
-9.63583e-05
0.00016722
-0.000103308
0.000139578
-0.000124842
0.00011085
-0.000115985
8.86573e-05
-6.12036e-05
7.84962e-05
3.91936e-06
7.86223e-05
4.97848e-05
8.48324e-05
6.64052e-05
9.0041e-05
5.04888e-05
9.29991e-05
3.33498e-05
8.90127e-05
-6.49352e-06
7.68062e-05
-4.72117e-05
5.57096e-05
-8.40099e-05
-0.000105669
0.000271486
-3.80858e-06
0.000270503
-4.41704e-06
0.000269367
-5.13387e-06
0.000268054
-5.97492e-06
0.000266532
-6.96734e-06
0.000264768
-8.14218e-06
0.000262718
-9.54316e-06
0.000260329
-1.12245e-05
0.000257538
-1.3272e-05
0.000254263
-1.57973e-05
0.000250397
-1.89986e-05
0.000245817
-2.3173e-05
0.000240392
-2.90421e-05
0.000233922
-3.70705e-05
0.000225847
-4.72341e-05
0.000215322
-5.75992e-05
0.000201582
-6.6628e-05
0.000184706
-7.23031e-05
0.000165544
-7.4978e-05
0.000145341
-7.61555e-05
0.00012499
-8.29564e-05
0.000102402
-0.000102254
7.93357e-05
-9.29193e-05
6.28746e-05
-4.47424e-05
5.69787e-05
9.81518e-06
5.95532e-05
4.72103e-05
6.66257e-05
5.93328e-05
7.22906e-05
4.48239e-05
7.57647e-05
2.98757e-05
7.31007e-05
-3.82957e-06
6.34423e-05
-3.75533e-05
4.64808e-05
-6.70485e-05
-8.43093e-05
0.000216433
-3.10405e-06
0.000215617
-3.60108e-06
0.000214673
-4.19074e-06
0.000213581
-4.8824e-06
0.000212314
-5.70078e-06
0.000210843
-6.67089e-06
0.00020913
-7.83003e-06
0.000207129
-9.22369e-06
0.000204783
-1.09254e-05
0.000202019
-1.30339e-05
0.000198738
-1.57176e-05
0.000194827
-1.92617e-05
0.00019016
-2.43751e-05
0.000184492
-3.14022e-05
0.000177236
-3.99784e-05
0.000167734
-4.80973e-05
0.000155645
-5.45388e-05
0.000141396
-5.80542e-05
0.000125813
-5.93952e-05
0.000109771
-6.01134e-05
9.35383e-05
-6.67236e-05
7.50082e-05
-8.37235e-05
5.64847e-05
-7.43957e-05
4.43436e-05
-3.26013e-05
4.13425e-05
1.28162e-05
4.52944e-05
4.32584e-05
5.25495e-05
5.20777e-05
5.82209e-05
3.91524e-05
6.1846e-05
2.62506e-05
6.01017e-05
-2.08519e-06
5.24386e-05
-2.98902e-05
3.88011e-05
-5.3411e-05
-6.71013e-05
0.000172657
-2.51767e-06
0.000171978
-2.92151e-06
0.000171192
-3.40489e-06
0.000170281
-3.97134e-06
0.000169224
-4.64353e-06
0.000167994
-5.44104e-06
0.000166559
-6.39522e-06
0.000164879
-7.54388e-06
0.000162903
-8.94912e-06
0.000160567
-1.06981e-05
0.000157779
-1.2929e-05
0.000154438
-1.59205e-05
0.000150413
-2.03504e-05
0.000145423
-2.64121e-05
0.000138923
-3.3478e-05
0.00013049
-3.96646e-05
0.000120105
-4.41538e-05
0.000108318
-4.62673e-05
9.58036e-05
-4.6881e-05
8.31132e-05
-4.74229e-05
7.01123e-05
-5.37227e-05
5.4859e-05
-6.84702e-05
3.9976e-05
-5.95127e-05
3.1066e-05
-2.36913e-05
2.99753e-05
1.39069e-05
3.45833e-05
3.86504e-05
4.16067e-05
4.50543e-05
4.7017e-05
3.37422e-05
5.05673e-05
2.27002e-05
4.94593e-05
-9.77207e-07
4.33652e-05
-2.3796e-05
3.24029e-05
-4.24487e-05
-5.32473e-05
0.000137798
-2.02915e-06
0.000137232
-2.35529e-06
0.000136577
-2.74975e-06
0.000135817
-3.21143e-06
0.000134934
-3.76088e-06
0.000133906
-4.41281e-06
0.000132705
-5.19352e-06
0.000131294
-6.13357e-06
0.00012963
-7.2853e-06
0.000127657
-8.72475e-06
0.00012529
-1.05622e-05
0.000122441
-1.30715e-05
0.000118968
-1.6877e-05
0.000114573
-2.20171e-05
0.000108806
-2.77112e-05
0.000101468
-3.23261e-05
9.27279e-05
-3.54141e-05
8.31214e-05
-3.66607e-05
7.31468e-05
-3.69064e-05
6.31162e-05
-3.73923e-05
5.2653e-05
-4.32594e-05
4.00625e-05
-5.58797e-05
2.80978e-05
-4.7548e-05
2.15873e-05
-1.71809e-05
2.17109e-05
1.37832e-05
2.65029e-05
3.38584e-05
3.30569e-05
3.85003e-05
3.80581e-05
2.8741e-05
4.14008e-05
1.93576e-05
4.07297e-05
-3.06135e-07
3.58735e-05
-1.89399e-05
2.70657e-05
-3.36409e-05
-4.21031e-05
0.000110007
-1.6228e-06
0.000109536
-1.88427e-06
0.00010899
-2.20464e-06
0.000108358
-2.57878e-06
0.000107622
-3.02529e-06
0.000106764
-3.5547e-06
0.000105759
-4.18874e-06
0.000104577
-4.95163e-06
0.00010318
-5.8876e-06
0.000101517
-7.06153e-06
9.95144e-05
-8.56011e-06
9.70929e-05
-1.065e-05
9.40982e-05
-1.38823e-05
9.02436e-05
-1.81626e-05
8.51968e-05
-2.26644e-05
7.89294e-05
-2.60588e-05
7.16932e-05
-2.81778e-05
6.39424e-05
-2.89099e-05
5.60235e-05
-2.89875e-05
4.80886e-05
-2.94574e-05
3.96273e-05
-3.47981e-05
2.9215e-05
-4.54674e-05
1.95906e-05
-3.79235e-05
1.48506e-05
-1.24409e-05
1.5704e-05
1.29298e-05
2.03825e-05
2.918e-05
2.63458e-05
3.2537e-05
3.08678e-05
2.42189e-05
3.39312e-05
1.62942e-05
3.35563e-05
6.87008e-08
2.96797e-05
-1.50632e-05
2.26083e-05
-2.65695e-05
-3.31483e-05
8.78275e-05
-1.28592e-06
8.74371e-05
-1.49393e-06
8.69852e-05
-1.75266e-06
8.64604e-05
-2.05399e-06
8.58494e-05
-2.4143e-06
8.51355e-05
-2.84078e-06
8.42979e-05
-3.35114e-06
8.33107e-05
-3.96439e-06
8.21408e-05
-4.71767e-06
8.07446e-05
-5.66533e-06
7.90592e-05
-6.87474e-06
7.70097e-05
-8.60039e-06
7.44356e-05
-1.13082e-05
7.10815e-05
-1.48085e-05
6.67306e-05
-1.83134e-05
6.14645e-05
-2.07928e-05
5.55456e-05
-2.22588e-05
4.93322e-05
-2.26965e-05
4.30553e-05
-2.27106e-05
3.67672e-05
-2.31694e-05
2.98965e-05
-2.79274e-05
2.12769e-05
-3.68478e-05
1.35298e-05
-3.01764e-05
1.00887e-05
-8.9998e-06
1.13409e-05
1.16776e-05
1.57293e-05
2.47916e-05
2.10555e-05
2.72108e-05
2.50778e-05
2.01966e-05
2.78301e-05
1.35419e-05
2.76522e-05
2.46509e-07
2.45526e-05
-1.19636e-05
1.88806e-05
-2.08975e-05
-2.59626e-05
7.01116e-05
-1.00804e-06
6.97898e-05
-1.17216e-06
6.9417e-05
-1.37979e-06
6.89836e-05
-1.62064e-06
6.84784e-05
-1.90906e-06
6.78869e-05
-2.24924e-06
6.71917e-05
-2.6559e-06
6.63707e-05
-3.14346e-06
6.53962e-05
-3.74312e-06
6.42303e-05
-4.49947e-06
6.28201e-05
-5.46452e-06
6.10939e-05
-6.87421e-06
5.88927e-05
-9.10688e-06
5.60042e-05
-1.19201e-05
5.23076e-05
-1.46168e-05
4.7942e-05
-1.64271e-05
4.31428e-05
-1.74596e-05
3.8181e-05
-1.77348e-05
3.32065e-05
-1.7736e-05
2.8213e-05
-1.81759e-05
2.26159e-05
-2.23303e-05
1.5479e-05
-2.97109e-05
9.2386e-06
-2.39361e-05
6.74537e-06
-6.50657e-06
8.17542e-06
1.02476e-05
1.21788e-05
2.07882e-05
1.68688e-05
2.25208e-05
2.04009e-05
1.66645e-05
2.28358e-05
1.1107e-05
2.27852e-05
2.97137e-07
2.0303e-05
-9.48137e-06
1.5759e-05
-1.63535e-05
-2.02064e-05
5.59478e-05
-7.80281e-07
5.56843e-05
-9.08694e-07
5.53786e-05
-1.07403e-06
5.50228e-05
-1.26491e-06
5.46072e-05
-1.49338e-06
5.41196e-05
-1.76167e-06
5.35455e-05
-2.0818e-06
5.28667e-05
-2.46465e-06
5.20597e-05
-2.93611e-06
5.10923e-05
-3.5321e-06
4.99203e-05
-4.29245e-06
4.84749e-05
-5.42887e-06
4.66056e-05
-7.23757e-06
4.41469e-05
-9.46133e-06
4.1048e-05
-1.15179e-05
3.74675e-05
-1.28466e-05
3.36004e-05
-1.35925e-05
2.96467e-05
-1.3781e-05
2.57019e-05
-1.37912e-05
2.17282e-05
-1.42022e-05
1.71586e-05
-1.77606e-05
1.12527e-05
-2.3805e-05
6.22227e-06
-1.89057e-05
4.4177e-06
-4.70199e-06
5.88248e-06
8.78282e-06
9.46038e-06
1.72103e-05
1.35431e-05
1.84381e-05
1.66126e-05
1.35949e-05
1.87392e-05
8.98039e-06
1.87667e-05
2.69624e-07
1.6776e-05
-7.4906e-06
1.3141e-05
-1.27185e-05
-1.56054e-05
4.46124e-05
-5.95125e-07
4.43983e-05
-6.94556e-07
4.41494e-05
-8.25141e-07
4.38593e-05
-9.74723e-07
4.35194e-05
-1.15352e-06
4.31199e-05
-1.36213e-06
4.26488e-05
-1.61073e-06
4.20912e-05
-1.90701e-06
4.14275e-05
-2.27245e-06
4.06307e-05
-2.7353e-06
3.96639e-05
-3.32562e-06
3.84619e-05
-4.22693e-06
3.68883e-05
-5.66391e-06
3.48203e-05
-7.39339e-06
3.22536e-05
-8.95121e-06
2.93423e-05
-9.93529e-06
2.62402e-05
-1.04905e-05
2.30934e-05
-1.06342e-05
1.99625e-05
-1.06604e-05
1.67946e-05
-1.10342e-05
1.30596e-05
-1.40257e-05
8.1782e-06
-1.89236e-05
4.12048e-06
-1.48479e-05
2.81431e-06
-3.39583e-06
4.22503e-06
7.3721e-06
7.37192e-06
1.40635e-05
1.0892e-05
1.49181e-05
1.35357e-05
1.09512e-05
1.53722e-05
7.14393e-06
1.54435e-05
1.9834e-07
1.38443e-05
-5.89146e-06
1.09417e-05
-9.8158e-06
-1.19375e-05
3.55299e-05
-4.45941e-07
3.53575e-05
-5.22161e-07
3.51565e-05
-6.24118e-07
3.49215e-05
-7.39735e-07
3.46455e-05
-8.77549e-07
3.43206e-05
-1.03715e-06
3.39369e-05
-1.22702e-06
3.34823e-05
-1.45249e-06
3.29409e-05
-1.731e-06
3.229e-05
-2.08443e-06
3.14991e-05
-2.53472e-06
3.05076e-05
-3.23545e-06
2.91962e-05
-4.3525e-06
2.74781e-05
-5.67529e-06
2.5375e-05
-6.84808e-06
2.30246e-05
-7.58492e-06
2.05448e-05
-8.01068e-06
1.80423e-05
-8.13166e-06
1.55554e-05
-8.17352e-06
1.30263e-05
-8.5051e-06
9.9734e-06
-1.09728e-05
5.94614e-06
-1.48964e-05
2.67137e-06
-1.15732e-05
1.72476e-06
-2.44921e-06
3.02997e-06
6.06688e-06
5.76186e-06
1.13316e-05
8.77126e-06
1.19087e-05
1.103e-05
8.69245e-06
1.2599e-05
5.57495e-06
1.26901e-05
1.07243e-07
1.14034e-05
-4.60483e-06
9.09036e-06
-7.50274e-06
-9.02343e-06
2.82418e-05
-3.27091e-07
2.81045e-05
-3.84788e-07
2.79437e-05
-4.63298e-07
2.7755e-05
-5.51075e-07
2.75328e-05
-6.55324e-07
2.72706e-05
-7.74939e-07
2.69608e-05
-9.17201e-07
2.65936e-05
-1.08536e-06
2.6156e-05
-1.29335e-06
2.56294e-05
-1.5578e-06
2.49885e-05
-1.89389e-06
2.41786e-05
-2.42548e-06
2.30983e-05
-3.27227e-06
2.16885e-05
-4.26542e-06
1.99826e-05
-5.14219e-06
1.80972e-05
-5.69954e-06
1.61209e-05
-6.03439e-06
1.41325e-05
-6.1432e-06
1.21565e-05
-6.19754e-06
1.01359e-05
-6.48456e-06
7.64309e-06
-8.47996e-06
4.32864e-06
-1.15819e-05
1.68528e-06
-8.92982e-06
9.97421e-07
-1.76135e-06
2.1708e-06
4.8935e-06
4.51606e-06
8.98631e-06
7.06887e-06
9.35586e-06
8.98368e-06
6.77763e-06
1.03095e-05
4.24914e-06
1.04039e-05
1.28703e-08
9.36675e-06
-3.56771e-06
7.52829e-06
-5.66428e-06
-6.7184e-06
2.23826e-05
-2.33668e-07
2.22745e-05
-2.76662e-07
2.21472e-05
-3.36008e-07
2.19973e-05
-4.01163e-07
2.18201e-05
-4.78128e-07
2.16108e-05
-5.65655e-07
2.13633e-05
-6.69675e-07
2.10699e-05
-7.91995e-07
2.07201e-05
-9.43466e-07
2.02987e-05
-1.13644e-06
1.97853e-05
-1.38046e-06
1.91314e-05
-1.77156e-06
1.82535e-05
-2.39437e-06
1.71116e-05
-3.12359e-06
1.57419e-05
-3.77248e-06
1.42392e-05
-4.19683e-06
1.26695e-05
-4.46472e-06
1.1092e-05
-4.56562e-06
9.52255e-06
-4.62813e-06
7.9086e-06
-4.87061e-06
5.87738e-06
-6.44874e-06
3.15823e-06
-8.86276e-06
1.02528e-06
-6.79687e-06
5.23333e-07
-1.25941e-06
1.55506e-06
3.86177e-06
3.54822e-06
6.99315e-06
5.69716e-06
7.20691e-06
7.30737e-06
5.16742e-06
8.41412e-06
3.14239e-06
8.50032e-06
-7.333e-08
7.66277e-06
-2.73016e-06
6.20607e-06
-4.20758e-06
-4.90537e-06
1.76599e-05
-1.61512e-07
1.75761e-05
-1.92868e-07
1.74767e-05
-2.3656e-07
1.7359e-05
-2.83478e-07
1.72195e-05
-3.38648e-07
1.70546e-05
-4.00716e-07
1.68594e-05
-4.74489e-07
1.66281e-05
-5.60728e-07
1.63522e-05
-6.67532e-07
1.60196e-05
-8.03877e-07
1.5614e-05
-9.74794e-07
1.50938e-05
-1.25137e-06
1.43916e-05
-1.6922e-06
1.34804e-05
-2.21238e-06
1.23929e-05
-2.68499e-06
1.12041e-05
-3.00798e-06
9.96297e-06
-3.22365e-06
8.71478e-06
-3.31744e-06
7.47028e-06
-3.38363e-06
6.18296e-06
-3.58329e-06
4.53355e-06
-4.79932e-06
2.31198e-06
-6.6412e-06
5.92885e-07
-5.07777e-06
2.24466e-07
-8.9099e-07
1.11515e-06
2.97109e-06
2.79277e-06
5.31554e-06
4.58709e-06
5.41259e-06
5.92882e-06
3.82569e-06
6.83908e-06
2.23214e-06
6.90919e-06
-1.43438e-07
6.2315e-06
-2.05247e-06
5.08199e-06
-3.05808e-06
-3.48993e-06
1.38387e-05
-1.0693e-07
1.3775e-05
-1.29122e-07
1.36986e-05
-1.60161e-07
1.36077e-05
-1.92639e-07
1.34997e-05
-2.30643e-07
1.33719e-05
-2.72891e-07
1.32206e-05
-3.232e-07
1.30414e-05
-3.81484e-07
1.28275e-05
-4.53666e-07
1.25696e-05
-5.45972e-07
1.22548e-05
-6.59935e-07
1.18489e-05
-8.45467e-07
1.12984e-05
-1.14177e-06
1.05842e-05
-1.49819e-06
9.73281e-06
-1.83356e-06
8.80149e-06
-2.07666e-06
7.82686e-06
-2.24902e-06
6.84401e-06
-2.33459e-06
5.86071e-06
-2.40033e-06
4.83731e-06
-2.55988e-06
3.50478e-06
-3.46679e-06
1.69973e-06
-4.83616e-06
3.17603e-07
-3.69564e-06
4.52159e-08
-6.18603e-07
8.01644e-07
2.21466e-06
2.19959e-06
3.91759e-06
3.68379e-06
3.92839e-06
4.78906e-06
2.72041e-06
5.52299e-06
1.49821e-06
5.5715e-06
-1.91951e-07
5.02235e-06
-1.50332e-06
4.12015e-06
-2.15588e-06
-2.3962e-06
1.07284e-05
-6.67852e-08
1.06811e-05
-8.18323e-08
1.06238e-05
-1.02783e-07
1.05552e-05
-1.24059e-07
1.04734e-05
-1.48834e-07
1.03766e-05
-1.76091e-07
1.02619e-05
-2.08523e-07
1.01262e-05
-2.45788e-07
9.96431e-06
-2.91777e-07
9.76895e-06
-3.50612e-07
9.53054e-06
-4.21527e-07
9.22204e-06
-5.36962e-07
8.80215e-06
-7.21879e-07
8.25584e-06
-9.51886e-07
7.60206e-06
-1.17978e-06
6.88308e-06
-1.35767e-06
6.12605e-06
-1.49199e-06
5.3588e-06
-1.56734e-06
4.58715e-06
-1.62869e-06
3.77872e-06
-1.75145e-06
2.71059e-06
-2.39866e-06
1.25535e-06
-3.38091e-06
1.49183e-07
-2.58948e-06
-5.37935e-08
-4.15626e-07
5.784e-07
1.58247e-06
1.72999e-06
2.766e-06
2.9428e-06
2.71558e-06
3.83876e-06
1.82445e-06
4.41345e-06
9.23525e-07
4.43632e-06
-2.14825e-07
3.99117e-06
-1.05817e-06
3.2887e-06
-1.4534e-06
-1.5634e-06
8.17071e-06
-3.8471e-08
8.1368e-06
-4.79237e-08
8.09505e-06
-6.1034e-08
8.0449e-06
-7.39103e-08
7.98491e-06
-8.88394e-08
7.9139e-06
-1.05083e-07
7.82984e-06
-1.24462e-07
7.73039e-06
-1.46337e-07
7.61189e-06
-1.73276e-07
7.46886e-06
-2.07573e-07
7.29466e-06
-2.4733e-07
7.06907e-06
-3.11373e-07
6.76137e-06
-4.14173e-07
6.35856e-06
-5.49074e-07
5.87164e-06
-6.92864e-07
5.32987e-06
-8.15904e-07
4.75307e-06
-9.15184e-07
4.16341e-06
-9.77676e-07
3.56574e-06
-1.03102e-06
2.9347e-06
-1.1204e-06
2.08934e-06
-1.5533e-06
9.29974e-07
-2.22155e-06
5.19901e-08
-1.71149e-06
-1.00183e-07
-2.63453e-07
4.18885e-07
1.0634e-06
1.35339e-06
1.8315e-06
2.32671e-06
1.74226e-06
3.03455e-06
1.11661e-06
3.4633e-06
4.94781e-07
3.45745e-06
-2.0898e-07
3.09765e-06
-6.98369e-07
2.55754e-06
-9.13297e-07
-9.43541e-07
6.02682e-06
-1.96104e-08
6.00373e-06
-2.48347e-08
5.9748e-06
-3.20972e-08
5.93988e-06
-3.89949e-08
5.89801e-06
-4.69712e-08
5.84846e-06
-5.5525e-08
5.78977e-06
-6.57696e-08
5.72053e-06
-7.71001e-08
5.63811e-06
-9.08544e-08
5.53878e-06
-1.08248e-07
5.41849e-06
-1.27036e-07
5.26345e-06
-1.56329e-07
5.0524e-06
-2.03127e-07
4.77345e-06
-2.70122e-07
4.42999e-06
-3.49402e-07
4.03966e-06
-4.25573e-07
3.61621e-06
-4.91737e-07
3.17697e-06
-5.38433e-07
2.72608e-06
-5.80136e-07
2.24518e-06
-6.39502e-07
1.59154e-06
-8.99663e-07
6.8671e-07
-1.31672e-06
8.5255e-10
-1.02563e-06
-1.13007e-07
-1.49593e-07
3.03312e-07
6.47081e-07
1.04417e-06
1.09064e-06
1.80089e-06
9.85543e-07
2.33385e-06
5.83645e-07
2.62527e-06
2.03362e-07
2.58859e-06
-1.72301e-07
2.30109e-06
-4.10869e-07
1.89571e-06
-5.07916e-07
-5.00075e-07
4.15978e-06
-8.14552e-09
4.14538e-06
-1.04357e-08
4.12694e-06
-1.36544e-08
4.1046e-06
-1.66549e-08
4.07773e-06
-2.00959e-08
4.04597e-06
-2.37655e-08
4.00833e-06
-2.81352e-08
3.96405e-06
-3.28193e-08
3.9116e-06
-3.84042e-08
3.84867e-06
-4.53132e-08
3.77351e-06
-5.18743e-08
3.67839e-06
-6.12081e-08
3.55083e-06
-7.55623e-08
3.38039e-06
-9.96896e-08
3.16407e-06
-1.33078e-07
2.90891e-06
-1.70415e-07
2.62281e-06
-2.05635e-07
2.31814e-06
-2.33764e-07
1.99824e-06
-2.60233e-07
1.65155e-06
-2.92812e-07
1.17158e-06
-4.19698e-07
4.95032e-07
-6.40166e-07
-2.22225e-08
-5.0838e-07
-1.04815e-07
-6.70012e-08
2.16032e-07
3.26235e-07
7.76978e-07
5.29692e-07
1.32591e-06
4.36611e-07
1.68552e-06
2.24036e-07
1.84428e-06
4.46036e-08
1.77843e-06
-1.06453e-07
1.55859e-06
-1.91031e-07
1.27271e-06
-2.22036e-07
-2.08172e-07
2.42551e-06
-2.24733e-09
2.41797e-06
-2.8904e-09
2.4081e-06
-3.78917e-09
2.39609e-06
-4.64079e-09
2.3816e-06
-5.60288e-09
2.36446e-06
-6.62046e-09
2.34415e-06
-7.83015e-09
2.32041e-06
-9.07799e-09
2.29254e-06
-1.05353e-08
2.25953e-06
-1.22985e-08
2.22133e-06
-1.36774e-08
2.17544e-06
-1.53129e-08
2.11734e-06
-1.74582e-08
2.0399e-06
-2.22539e-08
1.93704e-06
-3.02135e-08
1.80722e-06
-4.0597e-08
1.65256e-06
-5.09734e-08
1.4791e-06
-6.03118e-08
1.28847e-06
-6.95941e-08
1.07556e-06
-7.9902e-08
7.71684e-07
-1.15826e-07
3.2215e-07
-1.90632e-07
-3.04484e-08
-1.55781e-07
-8.20759e-08
-1.53738e-08
1.41762e-07
1.02397e-07
5.16683e-07
1.54771e-07
8.44697e-07
1.08597e-07
1.02397e-06
4.4759e-08
1.06795e-06
6.28993e-10
9.95402e-07
-3.3907e-08
8.56045e-07
-5.16735e-08
6.91151e-07
-5.7141e-08
-5.15153e-08
8.99536e-07
8.96646e-07
8.92857e-07
8.88216e-07
8.82613e-07
8.75993e-07
8.68163e-07
8.59085e-07
8.48549e-07
8.36251e-07
8.22573e-07
8.07261e-07
7.89802e-07
7.67549e-07
7.37335e-07
6.96738e-07
6.45765e-07
5.85453e-07
5.15859e-07
4.35957e-07
3.2013e-07
1.29498e-07
-2.62825e-08
-4.16564e-08
6.07401e-08
2.15511e-07
3.24109e-07
3.68867e-07
3.69496e-07
3.35589e-07
2.83916e-07
2.26775e-07
)
;

boundaryField
{
    inlet
    {
        type            calculated;
        value           nonuniform List<scalar> 
65
(
-1.48805e-05
-1.80013e-05
-2.17767e-05
-2.63439e-05
-3.18689e-05
-3.85527e-05
-4.66383e-05
-5.64197e-05
-6.82524e-05
-8.25668e-05
-9.98834e-05
-0.000120832
-0.000146173
-0.00017683
-0.000213916
-0.00025878
-0.000313054
-0.00037871
-0.000458135
-0.000554219
-0.000670454
-0.000811067
-0.00098117
-0.00118695
-0.00143588
-0.00173703
-0.00210133
-0.00254204
-0.00307517
-0.00372012
-0.00356451
-0.00356451
-0.00356451
-0.00356451
-0.00360727
-0.00300087
-0.00249641
-0.00207675
-0.00172764
-0.00143721
-0.00119561
-0.000994624
-0.000827423
-0.00068833
-0.000572618
-0.000476358
-0.00039628
-0.000329664
-0.000274246
-0.000228144
-0.000189792
-0.000157887
-0.000131345
-0.000109266
-9.08975e-05
-7.56172e-05
-6.29056e-05
-5.23308e-05
-4.35338e-05
-3.62155e-05
-3.01276e-05
-2.50629e-05
-2.08498e-05
-1.73448e-05
-1.44291e-05
)
;
    }
    outlet
    {
        type            calculated;
        value           nonuniform List<scalar> 
113
(
4.13381e-06
7.06909e-06
9.0226e-06
1.06187e-05
1.21359e-05
1.36891e-05
1.53393e-05
1.71289e-05
1.90934e-05
2.12674e-05
2.36871e-05
2.63917e-05
2.94254e-05
3.28377e-05
3.66854e-05
4.10327e-05
4.59531e-05
5.15306e-05
5.78612e-05
6.5054e-05
7.32338e-05
8.25421e-05
9.31395e-05
0.000105208
0.000118953
0.000134607
0.00015243
0.000172719
0.000195804
0.000222059
0.000251899
0.000285794
0.000324268
0.000367913
0.000417266
0.000473026
0.000536002
0.000607059
0.000687131
0.000777208
0.000878266
0.000991232
0.00111697
0.00125625
0.0014098
0.00157834
0.00176281
0.00196442
0.00173781
0.00176531
0.00178616
0.0017987
0.00180119
0.00179281
0.0017742
0.00174754
0.00171564
0.00168077
0.00164414
0.00160627
0.00156751
0.00152806
0.00148795
0.00144739
0.00140647
0.00136525
0.0013238
0.00128219
0.000982304
0.00084452
0.000727517
0.000627828
0.000542619
0.000469571
0.000406775
0.000352652
0.000305901
0.000265433
0.000230334
0.000199831
0.000173263
0.000150065
0.000129744
0.000111863
9.62882e-05
8.30214e-05
7.15715e-05
6.16883e-05
5.31566e-05
4.57913e-05
3.94333e-05
3.39453e-05
2.92086e-05
2.51208e-05
2.15931e-05
1.85489e-05
1.59215e-05
1.36534e-05
1.16949e-05
1.00028e-05
8.5399e-06
7.27376e-06
6.17634e-06
5.22326e-06
4.39304e-06
3.66656e-06
3.02642e-06
2.4559e-06
1.93768e-06
1.45224e-06
9.80806e-07
5.34494e-07
1.7526e-07
)
;
    }
    lowerWallStartup
    {
        type            symmetryPlane;
        value           uniform 0;
    }
    upperWallStartup
    {
        type            symmetryPlane;
        value           uniform 0;
    }
    upperWall
    {
        type            calculated;
        value           uniform 0;
    }
    lowerWall
    {
        type            calculated;
        value           uniform 0;
    }
    front
    {
        type            empty;
    }
    back
    {
        type            empty;
    }
}


// ************************************************************************* //
