/*--------------------------------*- C++ -*----------------------------------*\
| =========                 |                                                 |
| \\      /  F ield         | OpenFOAM: The Open Source CFD Toolbox           |
|  \\    /   O peration     | Version:  2506                                  |
|   \\  /    A nd           | Website:  www.openfoam.com                      |
|    \\/     M anipulation  |                                                 |
\*---------------------------------------------------------------------------*/
FoamFile
{
    version     2.0;
    format      ascii;
    arch        "LSB;label=32;scalar=64";
    class       volVectorField;
    location    "2000";
    object      U;
}
// * * * * * * * * * * * * * * * * * * * * * * * * * * * * * * * * * * * * * //

dimensions      [0 1 -1 0 0 0 0];

internalField   nonuniform List<vector> 
20540
(
(41.521 0.000753962 0)
(30.5768 0.00357463 0)
(41.5606 0.00241529 0)
(30.6275 0.0106834 0)
(41.6274 0.00441305 0)
(30.7141 0.017384 0)
(41.7259 0.00680808 0)
(30.8426 0.0241897 0)
(41.8606 0.00966746 0)
(31.0199 0.0313195 0)
(42.0364 0.0130649 0)
(31.2533 0.0388737 0)
(42.2585 0.0170784 0)
(31.5508 0.0469372 0)
(42.5316 0.0217872 0)
(31.9206 0.0555985 0)
(42.8603 0.0272658 0)
(32.3714 0.0649546 0)
(43.2484 0.0335755 0)
(32.9125 0.0751219 0)
(43.6981 0.0407517 0)
(33.5531 0.0862459 0)
(44.2092 0.048785 0)
(34.3035 0.0985142 0)
(44.7778 0.0575948 0)
(35.1745 0.112171 0)
(45.3943 0.0669928 0)
(36.1774 0.127522 0)
(46.0399 0.076638 0)
(37.3219 0.144938 0)
(46.6806 0.0860012 0)
(38.6137 0.164812 0)
(47.2546 0.0944336 0)
(40.0494 0.187466 0)
(47.6267 0.101044 0)
(41.6034 0.212947 0)
(47.3319 0.102599 0)
(43.1866 0.239887 0)
(46.0173 0.0983119 0)
(44.5827 0.264506 0)
(44.4002 0.0907103 0)
(45.3286 0.278848 0)
(44.0729 0.0901418 0)
(44.8994 0.269062 0)
(44.2165 0.0863565 0)
(44.7132 0.256538 0)
(44.2454 0.0819417 0)
(44.7367 0.244498 0)
(44.2433 0.0768675 0)
(44.7403 0.229712 0)
(44.2435 0.0707885 0)
(44.7378 0.211452 0)
(44.2441 0.0632085 0)
(44.7356 0.189871 0)
(44.2448 0.0542411 0)
(44.7334 0.163841 0)
(44.2454 0.0433238 0)
(44.7312 0.132656 0)
(44.246 0.0301646 0)
(44.7292 0.0953103 0)
(44.2465 0.0160828 0)
(44.728 0.0555962 0)
(44.2467 0.00230602 0)
(44.7276 0.0169014 0)
(44.2468 -0.0114573 0)
(44.728 -0.0217593 0)
(44.2467 -0.0252594 0)
(44.7293 -0.0604631 0)
(44.2465 -0.0391784 0)
(44.7314 -0.0995918 0)
(44.246 -0.0520435 0)
(44.7341 -0.135895 0)
(44.2455 -0.0627825 0)
(44.7369 -0.16641 0)
(44.245 -0.0716953 0)
(44.7396 -0.192002 0)
(44.2445 -0.0792818 0)
(44.7422 -0.213391 0)
(44.2439 -0.0853179 0)
(44.7452 -0.2316 0)
(44.2456 -0.090723 0)
(44.7449 -0.24631 0)
(44.2302 -0.0946713 0)
(44.7162 -0.258822 0)
(44.0939 -0.0993296 0)
(44.8162 -0.270059 0)
(44.1855 -0.0994303 0)
(45.4091 -0.283243 0)
(45.6868 -0.106863 0)
(44.9069 -0.272942 0)
(47.1393 -0.112303 0)
(43.5491 -0.248834 0)
(47.6169 -0.112156 0)
(41.9295 -0.221549 0)
(47.3112 -0.106095 0)
(40.3112 -0.195237 0)
(46.7475 -0.0976451 0)
(38.8017 -0.171701 0)
(46.0917 -0.0879739 0)
(37.4321 -0.151078 0)
(45.4144 -0.0777756 0)
(36.2086 -0.133089 0)
(44.7552 -0.0676495 0)
(35.1274 -0.117352 0)
(44.137 -0.0580053 0)
(34.18 -0.103469 0)
(43.5722 -0.0490873 0)
(33.3561 -0.0910965 0)
(43.067 -0.0410187 0)
(32.6452 -0.0799561 0)
(42.6235 -0.0338396 0)
(32.037 -0.0698278 0)
(42.2408 -0.0275355 0)
(31.5221 -0.0605427 0)
(41.9164 -0.0220582 0)
(31.092 -0.0519693 0)
(41.6464 -0.0173407 0)
(30.7381 -0.0440024 0)
(41.4265 -0.013307 0)
(30.4527 -0.0365538 0)
(41.2519 -0.00987876 0)
(30.228 -0.0295426 0)
(41.1177 -0.00697995 0)
(30.0567 -0.0228902 0)
(41.0193 -0.00453932 0)
(29.9322 -0.0165021 0)
(40.9523 -0.00249209 0)
(29.8481 -0.0101705 0)
(40.9125 -0.000779663 0)
(29.7986 -0.00341136 0)
(5.92405 0.00447332 0)
(5.05015 8.34342e-05 0)
(4.82259 2.80657e-05 0)
(4.69532 1.77607e-05 0)
(4.60586 1.31517e-05 0)
(4.53911 1.0302e-05 0)
(4.48728 8.44876e-06 0)
(4.44506 7.12892e-06 0)
(4.41056 6.08253e-06 0)
(4.38181 5.27761e-06 0)
(4.35757 4.65111e-06 0)
(4.33675 4.15738e-06 0)
(4.31874 3.73861e-06 0)
(4.30307 3.39786e-06 0)
(4.28924 3.10889e-06 0)
(4.27708 2.84238e-06 0)
(4.26635 2.60844e-06 0)
(4.25684 2.41056e-06 0)
(4.24835 2.23072e-06 0)
(4.2408 2.0786e-06 0)
(4.23396 1.94001e-06 0)
(4.22787 1.81612e-06 0)
(4.22232 1.69183e-06 0)
(4.21743 1.57873e-06 0)
(4.21294 1.47046e-06 0)
(4.20902 1.36956e-06 0)
(4.20541 1.27782e-06 0)
(4.20226 1.19167e-06 0)
(4.19935 1.11738e-06 0)
(4.19679 1.04521e-06 0)
(4.19443 9.76522e-07 0)
(4.19238 9.10121e-07 0)
(4.19048 8.48666e-07 0)
(4.18884 7.80714e-07 0)
(4.18736 7.23735e-07 0)
(4.18607 6.58517e-07 0)
(4.18495 5.91903e-07 0)
(4.184 5.19564e-07 0)
(4.18323 4.52882e-07 0)
(4.1826 3.7238e-07 0)
(4.18217 2.75689e-07 0)
(4.18192 1.59591e-07 0)
(4.1819 3.66357e-08 0)
(4.18205 -5.28773e-08 0)
(4.18233 -8.28835e-08 0)
(4.18266 -1.28391e-07 0)
(4.18319 -2.55038e-07 0)
(4.18399 -5.08429e-07 0)
(4.18526 -9.07991e-07 0)
(4.18707 -1.42586e-06 0)
(4.18951 -1.99094e-06 0)
(4.19249 -2.64424e-06 0)
(4.19617 -3.30191e-06 0)
(4.20028 -3.98296e-06 0)
(4.20506 -4.66779e-06 0)
(4.21019 -5.45719e-06 0)
(4.21607 -6.24e-06 0)
(4.22222 -7.16773e-06 0)
(4.22926 -8.09854e-06 0)
(4.23651 -9.23737e-06 0)
(4.24486 -1.04412e-05 0)
(4.25344 -1.17827e-05 0)
(4.26317 -1.3702e-05 0)
(4.27206 -1.56091e-05 0)
(4.2797 -1.76434e-05 0)
(4.28784 -1.92399e-05 0)
(4.29609 -2.12759e-05 0)
(4.30505 -2.30506e-05 0)
(4.31387 -2.51894e-05 0)
(4.32345 -2.74288e-05 0)
(4.33301 -2.99888e-05 0)
(4.3432 -3.22724e-05 0)
(4.35346 -3.58386e-05 0)
(4.36442 -3.82151e-05 0)
(4.37548 -4.25679e-05 0)
(4.38702 -4.57434e-05 0)
(4.39952 -5.1034e-05 0)
(4.41103 -5.39735e-05 0)
(4.42582 -6.29995e-05 0)
(4.43665 -6.43758e-05 0)
(4.4555 -7.86981e-05 0)
(4.46352 -7.99977e-05 0)
(4.49111 -0.000120849 0)
(4.49649 -9.48841e-05 0)
(4.53389 -0.000258389 0)
(4.56019 -0.000170998 0)
(4.59406 -0.000582316 0)
(4.76953 -0.0318614 0)
(11.6938 0.00878133 0)
(10.2629 0.000513661 0)
(9.87855 0.000173151 0)
(9.66372 0.000110334 0)
(9.51177 8.26667e-05 0)
(9.39796 6.51962e-05 0)
(9.3094 5.37246e-05 0)
(9.23714 4.55057e-05 0)
(9.17799 3.89629e-05 0)
(9.12861 3.38947e-05 0)
(9.08697 2.9923e-05 0)
(9.05118 2.67725e-05 0)
(9.02021 2.4105e-05 0)
(8.99325 2.19245e-05 0)
(8.96945 2.00561e-05 0)
(8.94852 1.83338e-05 0)
(8.93006 1.68198e-05 0)
(8.91372 1.55321e-05 0)
(8.89912 1.43682e-05 0)
(8.88614 1.33801e-05 0)
(8.87439 1.24787e-05 0)
(8.86393 1.16688e-05 0)
(8.85439 1.08607e-05 0)
(8.84599 1.01228e-05 0)
(8.8383 9.41602e-06 0)
(8.83157 8.75959e-06 0)
(8.82539 8.1577e-06 0)
(8.81999 7.59796e-06 0)
(8.81501 7.10775e-06 0)
(8.81064 6.63407e-06 0)
(8.80661 6.18267e-06 0)
(8.8031 5.74588e-06 0)
(8.79987 5.33809e-06 0)
(8.79708 4.89391e-06 0)
(8.79456 4.50832e-06 0)
(8.79237 4.06757e-06 0)
(8.79048 3.61787e-06 0)
(8.7889 3.12903e-06 0)
(8.7876 2.65083e-06 0)
(8.78658 2.07591e-06 0)
(8.78589 1.38958e-06 0)
(8.78554 5.74578e-07 0)
(8.78557 -2.76458e-07 0)
(8.78592 -9.78251e-07 0)
(8.78653 -1.42316e-06 0)
(8.78726 -2.08027e-06 0)
(8.7884 -3.34721e-06 0)
(8.79007 -5.43363e-06 0)
(8.79259 -8.40617e-06 0)
(8.79607 -1.20425e-05 0)
(8.80064 -1.59259e-05 0)
(8.80614 -2.03224e-05 0)
(8.81284 -2.46963e-05 0)
(8.82029 -2.92379e-05 0)
(8.82886 -3.38106e-05 0)
(8.83806 -3.90428e-05 0)
(8.84853 -4.42512e-05 0)
(8.85949 -5.04047e-05 0)
(8.87195 -5.66213e-05 0)
(8.88481 -6.41902e-05 0)
(8.89951 -7.22686e-05 0)
(8.91467 -8.12395e-05 0)
(8.93178 -9.37853e-05 0)
(8.94741 -0.000106083 0)
(8.96078 -0.000119167 0)
(8.97497 -0.000130232 0)
(8.98944 -0.000143837 0)
(9.00505 -0.000156044 0)
(9.02053 -0.0001701 0)
(9.03721 -0.000185653 0)
(9.05397 -0.000201951 0)
(9.0717 -0.000219054 0)
(9.08972 -0.000240232 0)
(9.10872 -0.000260298 0)
(9.12824 -0.00028354 0)
(9.1481 -0.000313048 0)
(9.17021 -0.000334804 0)
(9.18986 -0.000375541 0)
(9.21609 -0.000400017 0)
(9.23424 -0.000460197 0)
(9.26757 -0.000478036 0)
(9.28086 -0.00058928 0)
(9.32815 -0.000683041 0)
(9.33811 -0.000716784 0)
(9.39683 -0.00151838 0)
(9.45047 -0.000916611 0)
(9.46903 -0.0059208 0)
(9.95827 -0.061952 0)
(15.9181 0.0150678 0)
(14.1491 0.00122159 0)
(13.6636 0.00041788 0)
(13.3956 0.000265958 0)
(13.2054 0.000199969 0)
(13.0627 0.000158009 0)
(12.9516 0.000130347 0)
(12.8609 0.000110509 0)
(12.7867 9.47067e-05 0)
(12.7247 8.243e-05 0)
(12.6724 7.27857e-05 0)
(12.6275 6.51178e-05 0)
(12.5887 5.86363e-05 0)
(12.5549 5.33234e-05 0)
(12.5251 4.87552e-05 0)
(12.4989 4.45507e-05 0)
(12.4758 4.08514e-05 0)
(12.4555 3.77009e-05 0)
(12.4373 3.48618e-05 0)
(12.4211 3.24466e-05 0)
(12.4065 3.02434e-05 0)
(12.3935 2.82616e-05 0)
(12.3817 2.62903e-05 0)
(12.3713 2.44864e-05 0)
(12.3617 2.27607e-05 0)
(12.3534 2.11591e-05 0)
(12.3458 1.96867e-05 0)
(12.3391 1.8323e-05 0)
(12.333 1.71201e-05 0)
(12.3276 1.59611e-05 0)
(12.3227 1.48573e-05 0)
(12.3184 1.37882e-05 0)
(12.3145 1.27869e-05 0)
(12.3111 1.17049e-05 0)
(12.308 1.07488e-05 0)
(12.3054 9.65735e-06 0)
(12.3031 8.54538e-06 0)
(12.3013 7.3354e-06 0)
(12.2998 6.11863e-06 0)
(12.2986 4.66029e-06 0)
(12.2979 2.92637e-06 0)
(12.2976 8.7968e-07 0)
(12.2979 -1.2551e-06 0)
(12.2985 -3.12401e-06 0)
(12.2995 -4.54727e-06 0)
(12.3008 -6.61031e-06 0)
(12.3028 -1.02277e-05 0)
(12.3055 -1.58104e-05 0)
(12.3094 -2.34418e-05 0)
(12.3146 -3.2558e-05 0)
(12.3211 -4.21918e-05 0)
(12.3288 -5.29997e-05 0)
(12.338 -6.37238e-05 0)
(12.3481 -7.48651e-05 0)
(12.3596 -8.6115e-05 0)
(12.372 -9.89161e-05 0)
(12.3858 -0.000111721 0)
(12.4003 -0.000126784 0)
(12.4167 -0.000142099 0)
(12.4336 -0.000160632 0)
(12.4527 -0.00018055 0)
(12.4726 -0.000202648 0)
(12.4947 -0.000233316 0)
(12.515 -0.000263184 0)
(12.5322 -0.0002946 0)
(12.5504 -0.000322229 0)
(12.5691 -0.000355607 0)
(12.5891 -0.000386128 0)
(12.6092 -0.000420606 0)
(12.6305 -0.000459286 0)
(12.6522 -0.000499031 0)
(12.6749 -0.000542569 0)
(12.6984 -0.000592681 0)
(12.7225 -0.000645489 0)
(12.7481 -0.000698546 0)
(12.7731 -0.000776213 0)
(12.8023 -0.000822119 0)
(12.8268 -0.000933416 0)
(12.8616 -0.000974424 0)
(12.8835 -0.0011444 0)
(12.9276 -0.00115745 0)
(12.9435 -0.00145158 0)
(13.0035 -0.00163656 0)
(13.0176 -0.00169747 0)
(13.084 -0.00366886 0)
(13.1642 -0.0015716 0)
(13.1427 -0.0172624 0)
(13.8541 -0.0660071 0)
(18.9127 0.0206696 0)
(16.9399 0.00219384 0)
(16.3752 0.000760536 0)
(16.0687 0.000481752 0)
(15.8508 0.000362903 0)
(15.6873 0.000287009 0)
(15.5599 0.000236819 0)
(15.4561 0.000200831 0)
(15.371 0.000172179 0)
(15.3 0.000149864 0)
(15.2402 0.0001323 0)
(15.1888 0.000118308 0)
(15.1444 0.000106509 0)
(15.1058 9.68098e-05 0)
(15.0719 8.84477e-05 0)
(15.0421 8.07683e-05 0)
(15.0158 7.40072e-05 0)
(14.9927 6.82441e-05 0)
(14.972 6.30678e-05 0)
(14.9537 5.86553e-05 0)
(14.9372 5.46332e-05 0)
(14.9225 5.10116e-05 0)
(14.9091 4.74229e-05 0)
(14.8973 4.41318e-05 0)
(14.8866 4.09887e-05 0)
(14.8773 3.80733e-05 0)
(14.8687 3.53879e-05 0)
(14.8612 3.29105e-05 0)
(14.8544 3.07096e-05 0)
(14.8484 2.85954e-05 0)
(14.8428 2.65847e-05 0)
(14.8381 2.46351e-05 0)
(14.8337 2.28033e-05 0)
(14.8299 2.08412e-05 0)
(14.8265 1.90762e-05 0)
(14.8236 1.70628e-05 0)
(14.8212 1.50155e-05 0)
(14.8192 1.27863e-05 0)
(14.8176 1.04833e-05 0)
(14.8164 7.73032e-06 0)
(14.8157 4.47361e-06 0)
(14.8156 6.49119e-07 0)
(14.816 -3.34113e-06 0)
(14.8169 -7.03191e-06 0)
(14.8183 -1.02732e-05 0)
(14.8202 -1.49051e-05 0)
(14.823 -2.24712e-05 0)
(14.8268 -3.35093e-05 0)
(14.832 -4.80496e-05 0)
(14.8386 -6.50624e-05 0)
(14.8469 -8.2821e-05 0)
(14.8565 -0.000102571 0)
(14.8677 -0.000122135 0)
(14.88 -0.000142472 0)
(14.8938 -0.000163086 0)
(14.9085 -0.000186406 0)
(14.925 -0.000209866 0)
(14.9422 -0.000237327 0)
(14.9614 -0.000265445 0)
(14.9813 -0.000299243 0)
(15.0037 -0.000335829 0)
(15.0269 -0.000376383 0)
(15.0528 -0.000432218 0)
(15.0764 -0.000486417 0)
(15.0963 -0.000542598 0)
(15.1173 -0.000593885 0)
(15.1389 -0.000654859 0)
(15.1619 -0.000711711 0)
(15.1851 -0.000774889 0)
(15.2097 -0.000846489 0)
(15.2348 -0.000918993 0)
(15.2608 -0.00100134 0)
(15.2881 -0.00109014 0)
(15.3156 -0.00119271 0)
(15.3456 -0.00128395 0)
(15.3738 -0.00143386 0)
(15.408 -0.00150785 0)
(15.4355 -0.00172708 0)
(15.4763 -0.00177732 0)
(15.5004 -0.00211489 0)
(15.5518 -0.00210711 0)
(15.5694 -0.00265311 0)
(15.6366 -0.00296289 0)
(15.6544 -0.00300452 0)
(15.7232 -0.00661393 0)
(15.8163 -0.00219174 0)
(15.7796 -0.0320895 0)
(16.497 -0.052794 0)
(21.2659 0.0265909 0)
(19.1702 0.00349253 0)
(18.5346 0.00123295 0)
(18.1948 0.000776129 0)
(17.9536 0.000585211 0)
(17.7723 0.000463056 0)
(17.6313 0.000382029 0)
(17.5164 0.000323986 0)
(17.4222 0.000277806 0)
(17.3436 0.000241757 0)
(17.2774 0.000213334 0)
(17.2207 0.000190658 0)
(17.1717 0.000171577 0)
(17.1291 0.000155846 0)
(17.0917 0.000142259 0)
(17.0589 0.000129813 0)
(17.0301 0.000118847 0)
(17.0047 0.000109496 0)
(16.9821 0.000101124 0)
(16.962 9.39731e-05 0)
(16.9439 8.74618e-05 0)
(16.9279 8.15962e-05 0)
(16.9133 7.58068e-05 0)
(16.9005 7.04852e-05 0)
(16.8888 6.54144e-05 0)
(16.8786 6.07112e-05 0)
(16.8693 5.63737e-05 0)
(16.8612 5.23863e-05 0)
(16.8538 4.88205e-05 0)
(16.8473 4.54045e-05 0)
(16.8413 4.21627e-05 0)
(16.8362 3.90155e-05 0)
(16.8315 3.60508e-05 0)
(16.8274 3.2904e-05 0)
(16.8238 3.00238e-05 0)
(16.8207 2.67407e-05 0)
(16.8181 2.34088e-05 0)
(16.816 1.97804e-05 0)
(16.8143 1.59374e-05 0)
(16.8131 1.13547e-05 0)
(16.8125 5.96685e-06 0)
(16.8125 -3.35956e-07 0)
(16.8131 -6.93261e-06 0)
(16.8143 -1.33329e-05 0)
(16.8161 -1.96043e-05 0)
(16.8185 -2.846e-05 0)
(16.822 -4.21677e-05 0)
(16.8268 -6.12574e-05 0)
(16.8332 -8.55708e-05 0)
(16.8413 -0.00011354 0)
(16.851 -0.000142384 0)
(16.8622 -0.000174208 0)
(16.8752 -0.000205711 0)
(16.8893 -0.000238468 0)
(16.905 -0.000271829 0)
(16.9218 -0.000309334 0)
(16.9403 -0.0003473 0)
(16.9598 -0.00039149 0)
(16.9813 -0.00043707 0)
(17.0037 -0.000491441 0)
(17.0286 -0.000550699 0)
(17.0546 -0.000616358 0)
(17.0834 -0.000706047 0)
(17.1096 -0.000792909 0)
(17.1316 -0.000881347 0)
(17.1547 -0.000964811 0)
(17.1786 -0.00106276 0)
(17.2038 -0.00115585 0)
(17.2294 -0.00125789 0)
(17.2563 -0.00137422 0)
(17.284 -0.00149088 0)
(17.3125 -0.00162723 0)
(17.3426 -0.00176618 0)
(17.3725 -0.00193947 0)
(17.4058 -0.00207879 0)
(17.4363 -0.00232941 0)
(17.4742 -0.00243727 0)
(17.5037 -0.00280657 0)
(17.5488 -0.00286116 0)
(17.5745 -0.00342661 0)
(17.6308 -0.00339105 0)
(17.6499 -0.00424816 0)
(17.7213 -0.00474154 0)
(17.7418 -0.00471413 0)
(17.8137 -0.0103534 0)
(17.9046 -0.00318618 0)
(17.8894 -0.047967 0)
(18.4603 -0.044423 0)
(23.2449 0.0327404 0)
(21.0863 0.00516002 0)
(20.3838 0.00186698 0)
(20.0129 0.00116723 0)
(19.7503 0.000880366 0)
(19.5528 0.000696819 0)
(19.3993 0.000574694 0)
(19.2744 0.000487348 0)
(19.1718 0.000417905 0)
(19.0864 0.000363568 0)
(19.0145 0.000320661 0)
(18.9529 0.00028638 0)
(18.8998 0.0002576 0)
(18.8537 0.000233792 0)
(18.8133 0.000213212 0)
(18.7778 0.000194412 0)
(18.7467 0.00017783 0)
(18.7193 0.000163692 0)
(18.695 0.000151075 0)
(18.6734 0.000140273 0)
(18.654 0.000130451 0)
(18.6367 0.000121605 0)
(18.6211 0.000112909 0)
(18.6074 0.000104895 0)
(18.5949 9.72804e-05 0)
(18.584 9.02134e-05 0)
(18.5741 8.36934e-05 0)
(18.5654 7.77173e-05 0)
(18.5574 7.23412e-05 0)
(18.5505 6.7203e-05 0)
(18.5442 6.23417e-05 0)
(18.5387 5.76156e-05 0)
(18.5337 5.31533e-05 0)
(18.5294 4.8462e-05 0)
(18.5256 4.40969e-05 0)
(18.5223 3.91246e-05 0)
(18.5196 3.40869e-05 0)
(18.5173 2.86045e-05 0)
(18.5156 2.26655e-05 0)
(18.5144 1.5598e-05 0)
(18.5139 7.34777e-06 0)
(18.5139 -2.27422e-06 0)
(18.5147 -1.24083e-05 0)
(18.5161 -2.2655e-05 0)
(18.5182 -3.35859e-05 0)
(18.5212 -4.88662e-05 0)
(18.5254 -7.15444e-05 0)
(18.5311 -0.000101914 0)
(18.5386 -0.000139436 0)
(18.5479 -0.000181988 0)
(18.559 -0.00022535 0)
(18.5715 -0.000272913 0)
(18.586 -0.000319981 0)
(18.6016 -0.000368915 0)
(18.6189 -0.000419042 0)
(18.6374 -0.000475033 0)
(18.6577 -0.000532098 0)
(18.679 -0.000598088 0)
(18.7025 -0.000666676 0)
(18.727 -0.000747803 0)
(18.754 -0.000836784 0)
(18.7823 -0.000935389 0)
(18.8134 -0.00106894 0)
(18.8417 -0.00119811 0)
(18.8655 -0.00132693 0)
(18.8902 -0.00145212 0)
(18.9158 -0.00159748 0)
(18.9427 -0.00173825 0)
(18.9702 -0.00189078 0)
(18.9988 -0.00206519 0)
(19.0285 -0.00223893 0)
(19.0588 -0.00244685 0)
(19.091 -0.00264833 0)
(19.1227 -0.00291645 0)
(19.1584 -0.00311487 0)
(19.1905 -0.00349736 0)
(19.2311 -0.00364694 0)
(19.2621 -0.00421054 0)
(19.3101 -0.00426835 0)
(19.3372 -0.00512113 0)
(19.3964 -0.00505907 0)
(19.4171 -0.00628152 0)
(19.4908 -0.00701224 0)
(19.5123 -0.00694281 0)
(19.5904 -0.0147369 0)
(19.6656 -0.00524604 0)
(19.7014 -0.0624566 0)
(20.0604 -0.0457684 0)
(24.9821 0.0391445 0)
(22.8096 0.00725153 0)
(22.0431 0.00270565 0)
(21.6416 0.0016803 0)
(21.3584 0.00126698 0)
(21.1453 0.00100299 0)
(20.9798 0.000826788 0)
(20.8452 0.000701033 0)
(20.7348 0.000601129 0)
(20.6429 0.000522771 0)
(20.5654 0.000460806 0)
(20.4993 0.000411239 0)
(20.4423 0.000369712 0)
(20.3928 0.000335238 0)
(20.3495 0.000305435 0)
(20.3116 0.000278295 0)
(20.2784 0.000254323 0)
(20.2491 0.000233895 0)
(20.2232 0.000215722 0)
(20.2002 0.000200122 0)
(20.1795 0.000185967 0)
(20.1612 0.000173222 0)
(20.1446 0.000160751 0)
(20.13 0.000149223 0)
(20.1168 0.000138308 0)
(20.1052 0.000128165 0)
(20.0947 0.000118809 0)
(20.0854 0.000110255 0)
(20.0771 0.00010252 0)
(20.0697 9.51411e-05 0)
(20.0631 8.81859e-05 0)
(20.0572 8.1415e-05 0)
(20.052 7.50086e-05 0)
(20.0474 6.83401e-05 0)
(20.0434 6.204e-05 0)
(20.04 5.4869e-05 0)
(20.0371 4.76113e-05 0)
(20.0347 3.97255e-05 0)
(20.0329 3.10121e-05 0)
(20.0317 2.06584e-05 0)
(20.0312 8.66428e-06 0)
(20.0313 -5.29118e-06 0)
(20.0322 -2.01119e-05 0)
(20.0337 -3.56297e-05 0)
(20.0361 -5.33198e-05 0)
(20.0395 -7.78473e-05 0)
(20.0443 -0.000113057 0)
(20.0509 -0.000158692 0)
(20.0593 -0.000213555 0)
(20.0696 -0.000275011 0)
(20.0818 -0.000336956 0)
(20.0955 -0.000404569 0)
(20.1112 -0.000471495 0)
(20.1281 -0.000541135 0)
(20.1468 -0.000612859 0)
(20.1666 -0.000692471 0)
(20.1884 -0.000774225 0)
(20.2113 -0.00086807 0)
(20.2363 -0.000966405 0)
(20.2625 -0.00108164 0)
(20.2912 -0.0012088 0)
(20.3215 -0.00134978 0)
(20.3545 -0.00153884 0)
(20.3846 -0.00172167 0)
(20.4097 -0.0019 0)
(20.4357 -0.00207773 0)
(20.4627 -0.00228222 0)
(20.4908 -0.00248386 0)
(20.5198 -0.00270042 0)
(20.5497 -0.00294827 0)
(20.5809 -0.00319375 0)
(20.6125 -0.00349376 0)
(20.6463 -0.00377165 0)
(20.6792 -0.00416164 0)
(20.7166 -0.0044329 0)
(20.7499 -0.00498062 0)
(20.7922 -0.00518391 0)
(20.8244 -0.00598709 0)
(20.874 -0.00605377 0)
(20.9025 -0.00725293 0)
(20.963 -0.00717322 0)
(20.9853 -0.00882333 0)
(21.0602 -0.00981164 0)
(21.0808 -0.00987108 0)
(21.1679 -0.0195983 0)
(21.2184 -0.00912324 0)
(21.3177 -0.0741712 0)
(21.472 -0.0572745 0)
(26.5525 0.0458195 0)
(24.4079 0.00983029 0)
(23.5806 0.00380462 0)
(23.1478 0.00234923 0)
(22.8438 0.00176992 0)
(22.6151 0.00140117 0)
(22.4376 0.00115428 0)
(22.2935 0.000978523 0)
(22.1752 0.000839005 0)
(22.0768 0.000729321 0)
(21.9939 0.000642469 0)
(21.9233 0.000572914 0)
(21.8624 0.000514759 0)
(21.8096 0.0004663 0)
(21.7635 0.000424434 0)
(21.7231 0.000386436 0)
(21.6878 0.000352821 0)
(21.6568 0.000324196 0)
(21.6292 0.000298808 0)
(21.6048 0.000276958 0)
(21.5829 0.000257175 0)
(21.5635 0.000239377 0)
(21.546 0.000222049 0)
(21.5306 0.000205978 0)
(21.5166 0.000190819 0)
(21.5043 0.00017671 0)
(21.4932 0.000163705 0)
(21.4835 0.000151839 0)
(21.4747 0.000141062 0)
(21.4669 0.000130795 0)
(21.4599 0.000121159 0)
(21.4538 0.000111769 0)
(21.4482 0.000102866 0)
(21.4434 9.36936e-05 0)
(21.4391 8.49081e-05 0)
(21.4355 7.49198e-05 0)
(21.4325 6.48103e-05 0)
(21.43 5.38561e-05 0)
(21.4281 4.15475e-05 0)
(21.4269 2.69331e-05 0)
(21.4263 1.01334e-05 0)
(21.4264 -9.37839e-06 0)
(21.4273 -3.02892e-05 0)
(21.429 -5.28222e-05 0)
(21.4315 -7.987e-05 0)
(21.4353 -0.000117127 0)
(21.4405 -0.000169232 0)
(21.4477 -0.000235016 0)
(21.4569 -0.00031224 0)
(21.468 -0.00039773 0)
(21.4811 -0.000483099 0)
(21.4958 -0.000575908 0)
(21.5124 -0.000667795 0)
(21.5303 -0.000763626 0)
(21.55 -0.000862771 0)
(21.571 -0.000972273 0)
(21.5939 -0.00108555 0)
(21.618 -0.00121455 0)
(21.6443 -0.0013509 0)
(21.672 -0.0015091 0)
(21.7021 -0.00168467 0)
(21.7339 -0.00187946 0)
(21.7685 -0.0021376 0)
(21.7999 -0.0023876 0)
(21.8262 -0.00262603 0)
(21.8532 -0.00286855 0)
(21.8812 -0.00314539 0)
(21.9103 -0.00342306 0)
(21.9403 -0.00371931 0)
(21.9711 -0.00405851 0)
(22.0033 -0.00439231 0)
(22.0358 -0.0048081 0)
(22.0708 -0.00517868 0)
(22.1044 -0.00571949 0)
(22.1429 -0.00608193 0)
(22.1771 -0.00682964 0)
(22.2203 -0.00710428 0)
(22.2535 -0.00819255 0)
(22.3037 -0.00828256 0)
(22.3334 -0.00988768 0)
(22.3942 -0.00980346 0)
(22.4178 -0.0119656 0)
(22.4933 -0.013175 0)
(22.5115 -0.0137044 0)
(22.6086 -0.0247952 0)
(22.6317 -0.0153438 0)
(22.788 -0.0831056 0)
(22.7917 -0.0749896 0)
(28.0035 0.05277 0)
(25.9228 0.0129646 0)
(25.0385 0.00523379 0)
(24.5731 0.00321855 0)
(24.2476 0.00242186 0)
(24.0027 0.0019171 0)
(23.8129 0.00157809 0)
(23.659 0.00133747 0)
(23.5325 0.00114662 0)
(23.4275 0.00099625 0)
(23.3391 0.000877035 0)
(23.2638 0.000781454 0)
(23.1989 0.000701695 0)
(23.1428 0.000634981 0)
(23.0938 0.000577409 0)
(23.0509 0.000525352 0)
(23.0134 0.000479215 0)
(22.9806 0.000439955 0)
(22.9514 0.000405247 0)
(22.9256 0.000375291 0)
(22.9025 0.000348233 0)
(22.882 0.000323919 0)
(22.8634 0.000300376 0)
(22.8471 0.000278465 0)
(22.8324 0.000257883 0)
(22.8194 0.000238691 0)
(22.8077 0.000221017 0)
(22.7974 0.000204917 0)
(22.7881 0.000190248 0)
(22.7799 0.000176284 0)
(22.7725 0.000163236 0)
(22.766 0.000150516 0)
(22.7602 0.000138427 0)
(22.7551 0.000126106 0)
(22.7505 0.000114162 0)
(22.7467 0.00010061 0)
(22.7434 8.68738e-05 0)
(22.7408 7.2047e-05 0)
(22.7388 5.51625e-05 0)
(22.7374 3.51176e-05 0)
(22.7367 1.22432e-05 0)
(22.7368 -1.4296e-05 0)
(22.7377 -4.29823e-05 0)
(22.7394 -7.46025e-05 0)
(22.742 -0.000114093 0)
(22.7459 -0.000168214 0)
(22.7515 -0.000242411 0)
(22.7591 -0.00033421 0)
(22.7688 -0.000439815 0)
(22.7805 -0.000555478 0)
(22.7942 -0.000670172 0)
(22.8095 -0.000794191 0)
(22.8268 -0.00091712 0)
(22.8454 -0.00104585 0)
(22.8659 -0.00117936 0)
(22.8877 -0.00132644 0)
(22.9115 -0.00147953 0)
(22.9366 -0.00165262 0)
(22.9639 -0.00183707 0)
(22.9926 -0.00204891 0)
(23.0238 -0.00228536 0)
(23.0569 -0.00254777 0)
(23.0926 -0.00289102 0)
(23.1252 -0.00322427 0)
(23.1522 -0.00353536 0)
(23.18 -0.00385669 0)
(23.2088 -0.00422068 0)
(23.2385 -0.00459167 0)
(23.2693 -0.0049855 0)
(23.3007 -0.00543701 0)
(23.3337 -0.00587784 0)
(23.3667 -0.00643592 0)
(23.4023 -0.0069193 0)
(23.4365 -0.00764075 0)
(23.4755 -0.00811858 0)
(23.5103 -0.00910253 0)
(23.5537 -0.00947212 0)
(23.5877 -0.0108913 0)
(23.6377 -0.0110277 0)
(23.6685 -0.0130998 0)
(23.7286 -0.0130267 0)
(23.7531 -0.0158147 0)
(23.8287 -0.0171484 0)
(23.8439 -0.0186337 0)
(23.9496 -0.0303042 0)
(23.9494 -0.0239802 0)
(24.1419 -0.0904557 0)
(24.0647 -0.0942654 0)
(29.3688 0.0599973 0)
(27.3813 0.0167267 0)
(26.4459 0.00707942 0)
(25.9458 0.00434675 0)
(25.5975 0.00326578 0)
(25.3354 0.00258458 0)
(25.1326 0.00212569 0)
(24.9683 0.00180102 0)
(24.8332 0.00154376 0)
(24.7212 0.00134065 0)
(24.6269 0.00117944 0)
(24.5467 0.00105005 0)
(24.4776 0.000942274 0)
(24.4179 0.00085179 0)
(24.3659 0.00077382 0)
(24.3205 0.00070361 0)
(24.2807 0.00064126 0)
(24.2458 0.000588236 0)
(24.2149 0.000541514 0)
(24.1876 0.000501069 0)
(24.1631 0.000464633 0)
(24.1415 0.000431932 0)
(24.1219 0.000400465 0)
(24.1046 0.000371074 0)
(24.0891 0.000343583 0)
(24.0753 0.0003179 0)
(24.063 0.000294271 0)
(24.0521 0.000272778 0)
(24.0422 0.000253148 0)
(24.0335 0.00023447 0)
(24.0257 0.000217091 0)
(24.0187 0.000200161 0)
(24.0125 0.000184026 0)
(24.0071 0.000167758 0)
(24.0023 0.000151831 0)
(23.9982 0.000133818 0)
(23.9947 0.000115509 0)
(23.9918 9.58388e-05 0)
(23.9895 7.32206e-05 0)
(23.988 4.63593e-05 0)
(23.9872 1.59084e-05 0)
(23.9871 -1.94199e-05 0)
(23.9879 -5.78861e-05 0)
(23.9895 -0.000100991 0)
(23.9921 -0.000156426 0)
(23.9961 -0.000232115 0)
(24.0018 -0.000334381 0)
(24.0096 -0.000459105 0)
(24.0194 -0.00060024 0)
(24.0315 -0.000753374 0)
(24.0455 -0.000904566 0)
(24.0612 -0.00106697 0)
(24.0789 -0.00122827 0)
(24.0979 -0.00139786 0)
(24.1189 -0.00157407 0)
(24.1412 -0.00176817 0)
(24.1656 -0.00197095 0)
(24.1913 -0.00219915 0)
(24.2192 -0.00244392 0)
(24.2487 -0.00272246 0)
(24.2807 -0.00303493 0)
(24.3146 -0.00338161 0)
(24.3513 -0.00382923 0)
(24.3846 -0.00426489 0)
(24.4123 -0.00466378 0)
(24.4406 -0.00508006 0)
(24.47 -0.00554786 0)
(24.5001 -0.00603192 0)
(24.5313 -0.00654339 0)
(24.5631 -0.00713149 0)
(24.5965 -0.00770081 0)
(24.6298 -0.00842964 0)
(24.6657 -0.00905145 0)
(24.7001 -0.00998432 0)
(24.7392 -0.0106069 0)
(24.7743 -0.0118657 0)
(24.8175 -0.0123596 0)
(24.8519 -0.0141564 0)
(24.9012 -0.0143708 0)
(24.9327 -0.0169728 0)
(24.9916 -0.0169297 0)
(25.0168 -0.0204821 0)
(25.0918 -0.0218123 0)
(25.1044 -0.0247927 0)
(25.2148 -0.0362912 0)
(25.2001 -0.0346287 0)
(25.4032 -0.0978814 0)
(25.3022 -0.112257 0)
(30.6741 0.0675122 0)
(28.8024 0.0211915 0)
(27.8236 0.00944635 0)
(27.2867 0.0058105 0)
(26.9137 0.00435833 0)
(26.633 0.00344822 0)
(26.4161 0.00283334 0)
(26.2405 0.0023997 0)
(26.0963 0.00205651 0)
(25.9767 0.00178508 0)
(25.876 0.00156943 0)
(25.7905 0.00139611 0)
(25.7169 0.00125203 0)
(25.6533 0.00113063 0)
(25.5979 0.00102618 0)
(25.5496 0.000932558 0)
(25.5073 0.000849244 0)
(25.4703 0.000778413 0)
(25.4375 0.000716217 0)
(25.4085 0.000662208 0)
(25.3826 0.000613688 0)
(25.3596 0.000570192 0)
(25.3388 0.000528632 0)
(25.3205 0.000489676 0)
(25.304 0.000453395 0)
(25.2894 0.000419439 0)
(25.2763 0.000388225 0)
(25.2647 0.000359865 0)
(25.2542 0.000333931 0)
(25.2449 0.000309256 0)
(25.2366 0.000286387 0)
(25.2292 0.000264145 0)
(25.2225 0.000242883 0)
(25.2167 0.000221677 0)
(25.2115 0.000200749 0)
(25.207 0.000177206 0)
(25.2032 0.000153171 0)
(25.2001 0.000127483 0)
(25.1975 9.77743e-05 0)
(25.1958 6.24758e-05 0)
(25.1947 2.26932e-05 0)
(25.1945 -2.35239e-05 0)
(25.1951 -7.41316e-05 0)
(25.1965 -0.00013144 0)
(25.1989 -0.000206648 0)
(25.2028 -0.000309033 0)
(25.2084 -0.000445983 0)
(25.2161 -0.000611488 0)
(25.2259 -0.000796461 0)
(25.2379 -0.000995737 0)
(25.252 -0.00119216 0)
(25.2678 -0.00140149 0)
(25.2855 -0.00161005 0)
(25.3047 -0.00183002 0)
(25.3258 -0.00205894 0)
(25.3483 -0.00231139 0)
(25.3729 -0.00257575 0)
(25.3989 -0.00287257 0)
(25.4272 -0.00319211 0)
(25.4571 -0.00355363 0)
(25.4895 -0.00396038 0)
(25.524 -0.00441152 0)
(25.5613 -0.0049869 0)
(25.5951 -0.00554751 0)
(25.6232 -0.00605277 0)
(25.6519 -0.00658292 0)
(25.6816 -0.00717338 0)
(25.7119 -0.00779312 0)
(25.7434 -0.00844461 0)
(25.7753 -0.00919675 0)
(25.8088 -0.00992015 0)
(25.8421 -0.0108495 0)
(25.878 -0.0116412 0)
(25.9125 -0.0128192 0)
(25.9512 -0.0136199 0)
(25.9864 -0.0151951 0)
(26.029 -0.0158494 0)
(26.0636 -0.0180714 0)
(26.1118 -0.0184044 0)
(26.1437 -0.0216 0)
(26.201 -0.021615 0)
(26.2266 -0.0260753 0)
(26.3001 -0.0273046 0)
(26.3116 -0.0322183 0)
(26.4215 -0.0431073 0)
(26.4021 -0.0466591 0)
(26.595 -0.10662 0)
(26.4997 -0.127894 0)
(31.9408 0.0753491 0)
(30.2003 0.0264359 0)
(29.1877 0.0124596 0)
(28.6119 0.00770977 0)
(28.212 0.00577447 0)
(27.9109 0.00456717 0)
(27.6784 0.00374912 0)
(27.4905 0.00317403 0)
(27.336 0.00271947 0)
(27.2081 0.00235949 0)
(27.1003 0.0020732 0)
(27.0089 0.00184282 0)
(26.9303 0.00165163 0)
(26.8624 0.00149001 0)
(26.8033 0.0013512 0)
(26.7518 0.00122735 0)
(26.7067 0.00111694 0)
(26.6673 0.00102305 0)
(26.6323 0.000940904 0)
(26.6014 0.000869343 0)
(26.5738 0.000805238 0)
(26.5493 0.000747822 0)
(26.5272 0.000693392 0)
(26.5076 0.000642206 0)
(26.4901 0.000594731 0)
(26.4744 0.000550239 0)
(26.4604 0.000509357 0)
(26.448 0.000472252 0)
(26.4368 0.000438309 0)
(26.4268 0.000406015 0)
(26.4178 0.000376175 0)
(26.4099 0.000347241 0)
(26.4027 0.000319484 0)
(26.3964 0.000292092 0)
(26.3908 0.000264892 0)
(26.3859 0.000234543 0)
(26.3817 0.000203386 0)
(26.3781 0.000170259 0)
(26.3753 0.000131874 0)
(26.3732 8.62659e-05 0)
(26.3718 3.51322e-05 0)
(26.3712 -2.44609e-05 0)
(26.3715 -8.99729e-05 0)
(26.3727 -0.000164541 0)
(26.3749 -0.000263573 0)
(26.3785 -0.000398005 0)
(26.3837 -0.000576636 0)
(26.3911 -0.000791499 0)
(26.4006 -0.00102975 0)
(26.4122 -0.00128526 0)
(26.4259 -0.00153737 0)
(26.4415 -0.00180401 0)
(26.4589 -0.0020706 0)
(26.478 -0.00235226 0)
(26.4989 -0.00264602 0)
(26.5213 -0.00297032 0)
(26.5458 -0.00331051 0)
(26.5718 -0.00369232 0)
(26.6001 -0.00410398 0)
(26.6301 -0.00456839 0)
(26.6627 -0.00509079 0)
(26.6973 -0.00567134 0)
(26.7349 -0.00640308 0)
(26.7689 -0.00711485 0)
(26.7972 -0.0077494 0)
(26.826 -0.0084159 0)
(26.8558 -0.00915089 0)
(26.8862 -0.00993235 0)
(26.9177 -0.0107495 0)
(26.9495 -0.011696 0)
(26.9829 -0.0126043 0)
(27.0161 -0.0137664 0)
(27.0517 -0.0147643 0)
(27.0861 -0.0162255 0)
(27.1243 -0.0172422 0)
(27.1593 -0.0191776 0)
(27.201 -0.0200373 0)
(27.2355 -0.022732 0)
(27.2825 -0.0232369 0)
(27.3145 -0.027087 0)
(27.3698 -0.0272084 0)
(27.3958 -0.0326919 0)
(27.4667 -0.0338247 0)
(27.4788 -0.0408755 0)
(27.5833 -0.0511476 0)
(27.5663 -0.0595327 0)
(27.7379 -0.1169 0)
(27.6549 -0.141353 0)
(33.1883 0.0835887 0)
(31.5862 0.0325401 0)
(30.5511 0.016266 0)
(29.9351 0.0101735 0)
(29.5056 0.00761339 0)
(29.1818 0.00602017 0)
(28.932 0.00493726 0)
(28.7302 0.0041781 0)
(28.5643 0.00357889 0)
(28.427 0.00310391 0)
(28.3113 0.0027259 0)
(28.2133 0.00242125 0)
(28.1289 0.00216884 0)
(28.0561 0.00195486 0)
(27.9928 0.00177135 0)
(27.9377 0.00160842 0)
(27.8893 0.00146295 0)
(27.8471 0.00133915 0)
(27.8096 0.00123122 0)
(27.7765 0.0011369 0)
(27.7469 0.00105265 0)
(27.7207 0.000977225 0)
(27.697 0.000906338 0)
(27.676 0.00083949 0)
(27.6572 0.000777727 0)
(27.6404 0.0007198 0)
(27.6253 0.000666575 0)
(27.6119 0.00061831 0)
(27.5998 0.000574176 0)
(27.589 0.0005322 0)
(27.5793 0.000493486 0)
(27.5706 0.000456111 0)
(27.5628 0.000420124 0)
(27.5559 0.000384967 0)
(27.5497 0.000349891 0)
(27.5443 0.000311204 0)
(27.5396 0.000271241 0)
(27.5356 0.000228944 0)
(27.5323 0.000180019 0)
(27.5297 0.000121955 0)
(27.528 5.71812e-05 0)
(27.527 -1.87102e-05 0)
(27.5269 -0.000102341 0)
(27.5277 -0.000197603 0)
(27.5295 -0.000324668 0)
(27.5326 -0.000496497 0)
(27.5374 -0.00072383 0)
(27.5441 -0.000996956 0)
(27.553 -0.00129884 0)
(27.564 -0.001622 0)
(27.577 -0.00194219 0)
(27.592 -0.00227865 0)
(27.6089 -0.00261623 0)
(27.6274 -0.00297328 0)
(27.6478 -0.00334644 0)
(27.6698 -0.00375863 0)
(27.6938 -0.00419187 0)
(27.7195 -0.00467814 0)
(27.7475 -0.00520263 0)
(27.7772 -0.00579415 0)
(27.8097 -0.00645786 0)
(27.8441 -0.00719766 0)
(27.8817 -0.00811971 0)
(27.9155 -0.0090139 0)
(27.9437 -0.00980573 0)
(27.9725 -0.0106356 0)
(28.0022 -0.0115417 0)
(28.0324 -0.0125149 0)
(28.0637 -0.0135277 0)
(28.0954 -0.0147022 0)
(28.1285 -0.0158319 0)
(28.1614 -0.0172636 0)
(28.1965 -0.018508 0)
(28.2305 -0.0202957 0)
(28.2681 -0.0215732 0)
(28.3027 -0.0239144 0)
(28.3434 -0.0250361 0)
(28.3777 -0.028249 0)
(28.4231 -0.0289967 0)
(28.4552 -0.0335513 0)
(28.5082 -0.0338637 0)
(28.5347 -0.0404322 0)
(28.6021 -0.0416051 0)
(28.6159 -0.0507122 0)
(28.7121 -0.0607358 0)
(28.7003 -0.0729666 0)
(28.8481 -0.128062 0)
(28.7728 -0.152998 0)
(34.4364 0.0923944 0)
(32.9706 0.0395932 0)
(31.9242 0.0210354 0)
(31.2682 0.0133653 0)
(30.8063 0.0100062 0)
(30.4572 0.00791239 0)
(30.1877 0.00648393 0)
(29.9702 0.00548462 0)
(29.7914 0.00469696 0)
(29.6434 0.00407232 0)
(29.5187 0.00357493 0)
(29.4131 0.00317339 0)
(29.3221 0.00284122 0)
(29.2437 0.00255895 0)
(29.1755 0.00231715 0)
(29.1161 0.00210355 0)
(29.064 0.00191264 0)
(29.0185 0.00174993 0)
(28.978 0.00160858 0)
(28.9424 0.00148466 0)
(28.9105 0.00137428 0)
(28.8821 0.00127545 0)
(28.8566 0.00118341 0)
(28.8339 0.00109644 0)
(28.8135 0.00101637 0)
(28.7953 0.000941274 0)
(28.779 0.000872243 0)
(28.7644 0.000809695 0)
(28.7512 0.000752553 0)
(28.7394 0.000698252 0)
(28.7288 0.000648204 0)
(28.7192 0.000600147 0)
(28.7107 0.000553718 0)
(28.703 0.000508778 0)
(28.6961 0.000463768 0)
(28.6901 0.000414879 0)
(28.6848 0.000364079 0)
(28.6802 0.000310501 0)
(28.6763 0.000248828 0)
(28.6732 0.000175844 0)
(28.6709 9.48632e-05 0)
(28.6694 -7.24735e-07 0)
(28.6689 -0.000106189 0)
(28.6691 -0.000226051 0)
(28.6704 -0.000385529 0)
(28.673 -0.000599937 0)
(28.6771 -0.00088265 0)
(28.683 -0.00122273 0)
(28.6909 -0.00159906 0)
(28.701 -0.00200237 0)
(28.713 -0.00240485 0)
(28.7271 -0.00282605 0)
(28.743 -0.00325016 0)
(28.7607 -0.00369912 0)
(28.7803 -0.00416912 0)
(28.8015 -0.00468836 0)
(28.8248 -0.00523527 0)
(28.8498 -0.00584912 0)
(28.8772 -0.00651157 0)
(28.9064 -0.00725862 0)
(28.9383 -0.00809454 0)
(28.9722 -0.00902921 0)
(29.0093 -0.0101819 0)
(29.0428 -0.0112951 0)
(29.0707 -0.0122764 0)
(29.0991 -0.0133036 0)
(29.1286 -0.0144144 0)
(29.1585 -0.0156136 0)
(29.1894 -0.0168588 0)
(29.2207 -0.0182998 0)
(29.2533 -0.0196932 0)
(29.2858 -0.0214375 0)
(29.3203 -0.0229748 0)
(29.3539 -0.0251361 0)
(29.3905 -0.0267302 0)
(29.4247 -0.0295236 0)
(29.4643 -0.0309786 0)
(29.4982 -0.0347519 0)
(29.5419 -0.0358365 0)
(29.574 -0.041128 0)
(29.6245 -0.0417653 0)
(29.6516 -0.0494026 0)
(29.7147 -0.0508802 0)
(29.7307 -0.0617377 0)
(29.8176 -0.0719959 0)
(29.8105 -0.0869011 0)
(29.9371 -0.139134 0)
(29.8625 -0.162871 0)
(35.7067 0.102057 0)
(34.3632 0.0477117 0)
(33.3163 0.0269624 0)
(32.6221 0.017489 0)
(32.1251 0.0131256 0)
(31.7478 0.0103844 0)
(31.4561 0.00850526 0)
(31.2206 0.00719193 0)
(31.0269 0.00615795 0)
(30.8667 0.0053379 0)
(30.7315 0.00468473 0)
(30.617 0.00415648 0)
(30.5185 0.00371999 0)
(30.4335 0.00334844 0)
(30.3596 0.00303043 0)
(30.2952 0.0027508 0)
(30.2386 0.00250085 0)
(30.1892 0.00228738 0)
(30.1453 0.00210252 0)
(30.1065 0.00193996 0)
(30.0718 0.00179556 0)
(30.041 0.00166614 0)
(30.0133 0.00154674 0)
(29.9885 0.00143382 0)
(29.9663 0.00133015 0)
(29.9463 0.00123304 0)
(29.9285 0.00114369 0)
(29.9124 0.00106279 0)
(29.8979 0.000988966 0)
(29.8849 0.000918921 0)
(29.8732 0.000854337 0)
(29.8626 0.000792705 0)
(29.853 0.000732994 0)
(29.8445 0.00067567 0)
(29.8368 0.000618062 0)
(29.8299 0.00055666 0)
(29.8238 0.000492552 0)
(29.8186 0.00042509 0)
(29.814 0.000348002 0)
(29.8102 0.000257246 0)
(29.8073 0.000157163 0)
(29.8051 3.79723e-05 0)
(29.8039 -9.3582e-05 0)
(29.8036 -0.000242548 0)
(29.8042 -0.000439125 0)
(29.8061 -0.000701122 0)
(29.8093 -0.00104527 0)
(29.8142 -0.00146019 0)
(29.8211 -0.00192162 0)
(29.8299 -0.00241809 0)
(29.8407 -0.00291855 0)
(29.8535 -0.00344177 0)
(29.8682 -0.00397077 0)
(29.8847 -0.00453145 0)
(29.9031 -0.00511914 0)
(29.9233 -0.00576827 0)
(29.9456 -0.00645346 0)
(29.9696 -0.00722229 0)
(29.996 -0.0080525 0)
(30.0243 -0.00898871 0)
(30.0553 -0.010035 0)
(30.0884 -0.0112056 0)
(30.1247 -0.0126364 0)
(30.1576 -0.0140125 0)
(30.1849 -0.0152176 0)
(30.2128 -0.0164838 0)
(30.2417 -0.0178425 0)
(30.2711 -0.0193101 0)
(30.3015 -0.0208335 0)
(30.3322 -0.0225833 0)
(30.3642 -0.0242907 0)
(30.3962 -0.0263962 0)
(30.4299 -0.0282832 0)
(30.4629 -0.0308702 0)
(30.4986 -0.0328488 0)
(30.5322 -0.0361441 0)
(30.5705 -0.0380195 0)
(30.604 -0.0423928 0)
(30.6459 -0.0439371 0)
(30.6779 -0.0499721 0)
(30.7258 -0.0511269 0)
(30.7535 -0.0597371 0)
(30.812 -0.0618564 0)
(30.83 -0.0740343 0)
(30.9079 -0.0848697 0)
(30.9032 -0.101358 0)
(31.0128 -0.149186 0)
(30.9349 -0.170766 0)
(37.0231 0.113047 0)
(35.7741 0.0570749 0)
(34.7359 0.0342675 0)
(34.0073 0.0227951 0)
(33.4729 0.0171965 0)
(33.0644 0.013624 0)
(32.7473 0.0111582 0)
(32.4911 0.00943359 0)
(32.2803 0.00807662 0)
(32.1059 0.00700055 0)
(31.9586 0.00614355 0)
(31.8337 0.00544903 0)
(31.7262 0.00487559 0)
(31.6335 0.00438693 0)
(31.5528 0.00396891 0)
(31.4825 0.00360284 0)
(31.4207 0.00327591 0)
(31.3666 0.00299598 0)
(31.3185 0.00275419 0)
(31.276 0.00254095 0)
(31.238 0.00235206 0)
(31.2041 0.00218246 0)
(31.1737 0.00202736 0)
(31.1464 0.00188075 0)
(31.122 0.00174649 0)
(31.1 0.001621 0)
(31.0802 0.00150541 0)
(31.0624 0.00140084 0)
(31.0463 0.0013055 0)
(31.0318 0.00121524 0)
(31.0187 0.00113192 0)
(31.0068 0.00105291 0)
(30.9961 0.000976249 0)
(30.9864 0.000903143 0)
(30.9776 0.000829467 0)
(30.9698 0.000752606 0)
(30.9628 0.000672123 0)
(30.9566 0.000587536 0)
(30.9512 0.000491754 0)
(30.9466 0.000379864 0)
(30.9428 0.000257322 0)
(30.9399 0.000110084 0)
(30.9379 -5.23736e-05 0)
(30.9368 -0.000235714 0)
(30.9367 -0.000474628 0)
(30.9377 -0.000789298 0)
(30.94 -0.00120031 0)
(30.9438 -0.00169673 0)
(30.9493 -0.00225306 0)
(30.9567 -0.0028555 0)
(30.9661 -0.00347031 0)
(30.9773 -0.00411475 0)
(30.9905 -0.00476976 0)
(31.0055 -0.00546549 0)
(31.0225 -0.00619569 0)
(31.0413 -0.00700169 0)
(31.0622 -0.00785457 0)
(31.085 -0.00881051 0)
(31.1101 -0.00984422 0)
(31.1372 -0.0110087 0)
(31.167 -0.0123106 0)
(31.1991 -0.0137662 0)
(31.2342 -0.0155318 0)
(31.2661 -0.0172234 0)
(31.2927 -0.0186907 0)
(31.3198 -0.0202408 0)
(31.348 -0.0218966 0)
(31.3766 -0.0236878 0)
(31.4063 -0.0255459 0)
(31.4363 -0.0276572 0)
(31.4675 -0.0297407 0)
(31.4988 -0.0322653 0)
(31.5316 -0.0345713 0)
(31.5639 -0.0376396 0)
(31.5986 -0.0400844 0)
(31.6316 -0.0439342 0)
(31.6685 -0.0463381 0)
(31.7015 -0.0513476 0)
(31.7416 -0.0535051 0)
(31.7734 -0.0602677 0)
(31.8186 -0.0621799 0)
(31.8468 -0.0716014 0)
(31.9007 -0.074709 0)
(31.9201 -0.0877515 0)
(31.9898 -0.0991651 0)
(31.9855 -0.116288 0)
(32.0815 -0.157723 0)
(32.0005 -0.17637 0)
(38.4095 0.126091 0)
(37.2138 0.0679692 0)
(36.1914 0.0432034 0)
(35.4329 0.0295845 0)
(34.8604 0.0225071 0)
(34.4177 0.0178807 0)
(34.0719 0.0146546 0)
(33.7919 0.0123912 0)
(33.5614 0.0106098 0)
(33.3704 0.0091974 0)
(33.2089 0.00807282 0)
(33.0719 0.00715947 0)
(32.9539 0.00640545 0)
(32.852 0.00576259 0)
(32.7633 0.00521284 0)
(32.6859 0.00473297 0)
(32.6178 0.00430524 0)
(32.5581 0.00393801 0)
(32.505 0.00362138 0)
(32.458 0.00334134 0)
(32.4159 0.00309392 0)
(32.3784 0.00287126 0)
(32.3447 0.00266917 0)
(32.3144 0.0024785 0)
(32.2872 0.00230429 0)
(32.2627 0.00214201 0)
(32.2406 0.0019923 0)
(32.2206 0.00185703 0)
(32.2026 0.00173377 0)
(32.1862 0.0016174 0)
(32.1714 0.00150979 0)
(32.1579 0.00140834 0)
(32.1457 0.00130993 0)
(32.1346 0.00121654 0)
(32.1246 0.00112228 0)
(32.1156 0.00102611 0)
(32.1074 0.000925318 0)
(32.1001 0.000819498 0)
(32.0937 0.00070091 0)
(32.0881 0.000563842 0)
(32.0833 0.00041472 0)
(32.0794 0.000234408 0)
(32.0765 3.56801e-05 0)
(32.0744 -0.00018825 0)
(32.0734 -0.000475613 0)
(32.0734 -0.000848619 0)
(32.0747 -0.00133162 0)
(32.0773 -0.00191504 0)
(32.0814 -0.00257474 0)
(32.0873 -0.00329508 0)
(32.095 -0.00404026 0)
(32.1045 -0.00482602 0)
(32.1159 -0.00563045 0)
(32.1292 -0.00648783 0)
(32.1445 -0.00738968 0)
(32.1616 -0.00838404 0)
(32.1809 -0.0094395 0)
(32.2021 -0.0106201 0)
(32.2256 -0.0119 0)
(32.2512 -0.013338 0)
(32.2795 -0.0149492 0)
(32.3102 -0.0167477 0)
(32.3438 -0.0189138 0)
(32.3746 -0.0209845 0)
(32.4002 -0.0227613 0)
(32.4264 -0.0246468 0)
(32.4536 -0.0266534 0)
(32.4813 -0.0288272 0)
(32.51 -0.0310864 0)
(32.539 -0.0336309 0)
(32.5693 -0.0361662 0)
(32.5997 -0.0391757 0)
(32.6316 -0.0419858 0)
(32.663 -0.0456041 0)
(32.6966 -0.0486184 0)
(32.7288 -0.0530853 0)
(32.7644 -0.0561433 0)
(32.7968 -0.061815 0)
(32.8351 -0.0647676 0)
(32.8666 -0.0722274 0)
(32.9091 -0.0751583 0)
(32.9375 -0.0852135 0)
(32.9871 -0.0895652 0)
(33.007 -0.103049 0)
(33.0695 -0.114702 0)
(33.0646 -0.13158 0)
(33.1497 -0.164865 0)
(33.0685 -0.17984 0)
(39.8813 0.142171 0)
(38.6957 0.0808569 0)
(37.6903 0.0540757 0)
(36.9076 0.0382152 0)
(36.2976 0.0294154 0)
(35.819 0.0234789 0)
(35.441 0.0192807 0)
(35.134 0.0163114 0)
(34.8807 0.013972 0)
(34.6704 0.0121172 0)
(34.4924 0.0106404 0)
(34.341 0.0094382 0)
(34.2105 0.00844511 0)
(34.0978 0.00759839 0)
(33.9995 0.00687438 0)
(33.9136 0.00624387 0)
(33.838 0.00568358 0)
(33.7715 0.00520126 0)
(33.7124 0.00478577 0)
(33.6599 0.00441709 0)
(33.613 0.00409228 0)
(33.5709 0.00379926 0)
(33.5332 0.0035347 0)
(33.4992 0.00328597 0)
(33.4687 0.00305912 0)
(33.441 0.00284878 0)
(33.4161 0.00265445 0)
(33.3935 0.00247912 0)
(33.3731 0.00231938 0)
(33.3544 0.002169 0)
(33.3375 0.0020297 0)
(33.3221 0.00189896 0)
(33.308 0.00177248 0)
(33.2952 0.00165275 0)
(33.2836 0.00153204 0)
(33.2731 0.00141137 0)
(33.2635 0.00128504 0)
(33.2549 0.0011527 0)
(33.2472 0.00100608 0)
(33.2404 0.000838829 0)
(33.2344 0.00065772 0)
(33.2294 0.000438686 0)
(33.2253 0.00019769 0)
(33.2222 -7.41925e-05 0)
(33.22 -0.000417311 0)
(33.2189 -0.000855577 0)
(33.219 -0.00141609 0)
(33.2203 -0.00209153 0)
(33.223 -0.00286203 0)
(33.2272 -0.0037109 0)
(33.2331 -0.00460128 0)
(33.2408 -0.00554806 0)
(33.2503 -0.00652658 0)
(33.2617 -0.00757463 0)
(33.275 -0.00868151 0)
(33.2903 -0.00990015 0)
(33.3076 -0.011199 0)
(33.327 -0.0126479 0)
(33.3487 -0.0142243 0)
(33.3726 -0.015989 0)
(33.399 -0.0179714 0)
(33.428 -0.0201812 0)
(33.4599 -0.022823 0)
(33.4892 -0.0253485 0)
(33.5137 -0.0274963 0)
(33.5388 -0.0297747 0)
(33.5649 -0.0321946 0)
(33.5915 -0.0348197 0)
(33.619 -0.0375471 0)
(33.647 -0.0406043 0)
(33.6761 -0.0436847 0)
(33.7054 -0.0472674 0)
(33.7361 -0.0506814 0)
(33.7666 -0.0549316 0)
(33.7989 -0.0586391 0)
(33.8302 -0.0637902 0)
(33.8644 -0.0676624 0)
(33.896 -0.0740442 0)
(33.9325 -0.0779915 0)
(33.9636 -0.0861002 0)
(34.0034 -0.0902844 0)
(34.0317 -0.100825 0)
(34.0773 -0.106535 0)
(34.0972 -0.120086 0)
(34.1532 -0.131454 0)
(34.148 -0.147287 0)
(34.2245 -0.171574 0)
(34.1479 -0.182313 0)
(41.4363 0.162303 0)
(40.232 0.0964231 0)
(39.2379 0.0672705 0)
(38.4385 0.0491009 0)
(37.7939 0.0383551 0)
(37.2791 0.0308338 0)
(36.866 0.0254115 0)
(36.529 0.0215245 0)
(36.2497 0.0184563 0)
(36.017 0.0160198 0)
(35.8196 0.0140784 0)
(35.6514 0.0124944 0)
(35.5062 0.0111838 0)
(35.3805 0.0100664 0)
(35.2708 0.00911083 0)
(35.1748 0.00828001 0)
(35.0902 0.00754469 0)
(35.0156 0.00691014 0)
(34.9491 0.00636336 0)
(34.89 0.00587655 0)
(34.8371 0.00544862 0)
(34.7896 0.00506174 0)
(34.747 0.00471346 0)
(34.7084 0.00438757 0)
(34.6738 0.00409086 0)
(34.6424 0.00381725 0)
(34.614 0.00356407 0)
(34.5882 0.00333611 0)
(34.5647 0.00312842 0)
(34.5433 0.00293329 0)
(34.5238 0.00275236 0)
(34.5059 0.00258301 0)
(34.4896 0.00241993 0)
(34.4747 0.00226575 0)
(34.4611 0.00211128 0)
(34.4487 0.00195836 0)
(34.4374 0.0017994 0)
(34.4271 0.00163371 0)
(34.4179 0.00145241 0)
(34.4096 0.00124826 0)
(34.4022 0.00102784 0)
(34.3958 0.000764644 0)
(34.3904 0.000473522 0)
(34.3859 0.00014497 0)
(34.3825 -0.000262395 0)
(34.3801 -0.000775073 0)
(34.3788 -0.0014195 0)
(34.3787 -0.00219316 0)
(34.3799 -0.00308208 0)
(34.3824 -0.00406914 0)
(34.3866 -0.00511811 0)
(34.3923 -0.00624417 0)
(34.3998 -0.00742186 0)
(34.4091 -0.00869076 0)
(34.4204 -0.0100393 0)
(34.4336 -0.0115221 0)
(34.4488 -0.013111 0)
(34.4662 -0.0148783 0)
(34.4858 -0.0168095 0)
(34.5077 -0.0189629 0)
(34.5321 -0.0213877 0)
(34.5592 -0.0240893 0)
(34.589 -0.0272922 0)
(34.6166 -0.0303572 0)
(34.6398 -0.0329499 0)
(34.6636 -0.0356974 0)
(34.6884 -0.0386101 0)
(34.7138 -0.0417589 0)
(34.7401 -0.0450369 0)
(34.7669 -0.0486907 0)
(34.7946 -0.0524043 0)
(34.8227 -0.0566589 0)
(34.852 -0.0608035 0)
(34.8813 -0.0657875 0)
(34.9122 -0.07033 0)
(34.9424 -0.076254 0)
(34.975 -0.081115 0)
(35.0057 -0.0882626 0)
(35.0403 -0.0934166 0)
(35.0706 -0.102195 0)
(35.108 -0.10782 0)
(35.1359 -0.11871 0)
(35.1777 -0.125742 0)
(35.1973 -0.139056 0)
(35.2477 -0.149703 0)
(35.2435 -0.163864 0)
(35.3135 -0.17977 0)
(35.246 -0.186288 0)
(43.0338 0.186428 0)
(41.8215 0.115387 0)
(40.8364 0.0832777 0)
(40.0287 0.0627068 0)
(39.3566 0.049834 0)
(38.8077 0.0404513 0)
(38.3584 0.0335309 0)
(37.9887 0.0284676 0)
(37.6806 0.0244567 0)
(37.4223 0.021259 0)
(37.2027 0.018706 0)
(37.0147 0.0166189 0)
(36.8521 0.0148858 0)
(36.7112 0.0134074 0)
(36.5879 0.0121431 0)
(36.4799 0.0110451 0)
(36.3845 0.010078 0)
(36.3 0.00924159 0)
(36.2247 0.00851952 0)
(36.1575 0.00787451 0)
(36.0974 0.00730808 0)
(36.0433 0.00679517 0)
(35.9947 0.00633395 0)
(35.9507 0.00590488 0)
(35.911 0.00551475 0)
(35.8749 0.00515722 0)
(35.8423 0.00482587 0)
(35.8125 0.00452825 0)
(35.7853 0.00425707 0)
(35.7604 0.0040025 0)
(35.7377 0.00376648 0)
(35.7169 0.00354571 0)
(35.6979 0.00333441 0)
(35.6804 0.00313459 0)
(35.6643 0.00293657 0)
(35.6496 0.00274099 0)
(35.6362 0.00253953 0)
(35.6239 0.00233129 0)
(35.6127 0.00210657 0)
(35.6026 0.0018569 0)
(35.5935 0.00158719 0)
(35.5855 0.00127271 0)
(35.5784 0.000922505 0)
(35.5723 0.000526566 0)
(35.5673 4.50363e-05 0)
(35.5634 -0.000552662 0)
(35.5606 -0.00129149 0)
(35.559 -0.00217241 0)
(35.5585 -0.00318793 0)
(35.5594 -0.00432385 0)
(35.5617 -0.00554449 0)
(35.5655 -0.00686677 0)
(35.5709 -0.00826903 0)
(35.5781 -0.00978902 0)
(35.5872 -0.0114177 0)
(35.5982 -0.0132074 0)
(35.6113 -0.015138 0)
(35.6264 -0.0172803 0)
(35.6438 -0.0196318 0)
(35.6636 -0.0222467 0)
(35.6857 -0.025194 0)
(35.7106 -0.0284811 0)
(35.7382 -0.0323427 0)
(35.7639 -0.0360402 0)
(35.7856 -0.0391649 0)
(35.808 -0.0424691 0)
(35.8313 -0.0459675 0)
(35.8552 -0.0497395 0)
(35.8801 -0.0536723 0)
(35.9056 -0.0580095 0)
(35.9319 -0.0624624 0)
(35.9587 -0.067489 0)
(35.9864 -0.0724885 0)
(36.0143 -0.0783211 0)
(36.0436 -0.0838607 0)
(36.0725 -0.0906658 0)
(36.1034 -0.0966981 0)
(36.1329 -0.104712 0)
(36.1654 -0.111269 0)
(36.1947 -0.120763 0)
(36.2295 -0.127967 0)
(36.2566 -0.139232 0)
(36.295 -0.147514 0)
(36.3146 -0.160409 0)
(36.3604 -0.170207 0)
(36.3587 -0.182547 0)
(36.4241 -0.192211 0)
(36.369 -0.195694 0)
(44.536 0.212867 0)
(43.428 0.138107 0)
(42.4742 0.102266 0)
(41.6724 0.0794226 0)
(40.9872 0.0644062 0)
(40.411 0.0529437 0)
(39.9276 0.0442407 0)
(39.5244 0.0376989 0)
(39.1857 0.0324865 0)
(38.8992 0.0283086 0)
(38.6543 0.0249586 0)
(38.4436 0.022211 0)
(38.261 0.0199168 0)
(38.1022 0.0179567 0)
(37.963 0.0162798 0)
(37.8407 0.0148265 0)
(37.7323 0.0135526 0)
(37.6361 0.0124474 0)
(37.5502 0.0114899 0)
(37.4733 0.0106323 0)
(37.4044 0.00987845 0)
(37.3423 0.00919502 0)
(37.2864 0.00858081 0)
(37.2357 0.00801319 0)
(37.1899 0.00749757 0)
(37.1482 0.00702802 0)
(37.1103 0.00659228 0)
(37.0756 0.00620175 0)
(37.0439 0.00584575 0)
(37.0148 0.00551141 0)
(36.9882 0.00520195 0)
(36.9637 0.00491213 0)
(36.9412 0.00463645 0)
(36.9205 0.00437556 0)
(36.9015 0.00412023 0)
(36.884 0.00386777 0)
(36.8679 0.00361053 0)
(36.8531 0.0033472 0)
(36.8396 0.003067 0)
(36.8273 0.0027603 0)
(36.8161 0.00242868 0)
(36.806 0.00205268 0)
(36.7969 0.0016318 0)
(36.789 0.00115572 0)
(36.7822 0.000587187 0)
(36.7765 -0.000108283 0)
(36.7719 -0.000954444 0)
(36.7685 -0.001957 0)
(36.7662 -0.00311111 0)
(36.7653 -0.00440783 0)
(36.7656 -0.00581687 0)
(36.7675 -0.00735448 0)
(36.7709 -0.0090066 0)
(36.776 -0.0108091 0)
(36.7828 -0.0127565 0)
(36.7916 -0.0148978 0)
(36.8023 -0.0172268 0)
(36.8152 -0.0198069 0)
(36.8302 -0.02265 0)
(36.8476 -0.0258093 0)
(36.8674 -0.0293688 0)
(36.8899 -0.0333473 0)
(36.9152 -0.0379808 0)
(36.9388 -0.0424103 0)
(36.9588 -0.0461629 0)
(36.9795 -0.0501258 0)
(37.0012 -0.0543139 0)
(37.0236 -0.0588162 0)
(37.0469 -0.0635288 0)
(37.0708 -0.0686678 0)
(37.0956 -0.0739821 0)
(37.1209 -0.0798864 0)
(37.147 -0.0858747 0)
(37.1735 -0.0926697 0)
(37.201 -0.0993561 0)
(37.2284 -0.107167 0)
(37.2573 -0.114538 0)
(37.2853 -0.123538 0)
(37.3157 -0.131645 0)
(37.3436 -0.142005 0)
(37.3758 -0.150859 0)
(37.4018 -0.162583 0)
(37.437 -0.172093 0)
(37.4566 -0.184745 0)
(37.4987 -0.194189 0)
(37.5007 -0.205261 0)
(37.5632 -0.211962 0)
(37.5216 -0.214649 0)
(45.342 0.226742 0)
(44.9042 0.163374 0)
(44.0947 0.126145 0)
(43.3402 0.0992676 0)
(42.6741 0.0817247 0)
(42.0857 0.0686212 0)
(41.5765 0.0582612 0)
(41.1442 0.0499944 0)
(40.776 0.0432533 0)
(40.4599 0.0378084 0)
(40.1872 0.0334142 0)
(39.9513 0.029796 0)
(39.7462 0.02676 0)
(39.5671 0.024166 0)
(39.4096 0.021947 0)
(39.2704 0.0200269 0)
(39.1468 0.0183494 0)
(39.0366 0.0168861 0)
(38.938 0.0156111 0)
(38.8496 0.0144663 0)
(38.7703 0.0134562 0)
(38.6986 0.0125414 0)
(38.6339 0.0117194 0)
(38.5752 0.010965 0)
(38.5219 0.0102801 0)
(38.4733 0.00965993 0)
(38.4289 0.00908402 0)
(38.3883 0.00856862 0)
(38.351 0.00809778 0)
(38.3168 0.00765531 0)
(38.2853 0.00724728 0)
(38.2563 0.00686422 0)
(38.2297 0.00650186 0)
(38.205 0.0061586 0)
(38.1824 0.00582604 0)
(38.1614 0.00549873 0)
(38.1421 0.00516825 0)
(38.1242 0.00483303 0)
(38.1079 0.00448115 0)
(38.0928 0.00410275 0)
(38.079 0.00369425 0)
(38.0664 0.00324046 0)
(38.055 0.0027353 0)
(38.0448 0.00216409 0)
(38.0358 0.00149231 0)
(38.028 0.000683914 0)
(38.0213 -0.00028678 0)
(38.0158 -0.00142887 0)
(38.0116 -0.00273896 0)
(38.0085 -0.00421407 0)
(38.0068 -0.00583181 0)
(38.0066 -0.00760948 0)
(38.0079 -0.00954017 0)
(38.0108 -0.0116576 0)
(38.0154 -0.0139668 0)
(38.0219 -0.0165097 0)
(38.0303 -0.0192951 0)
(38.0408 -0.0223829 0)
(38.0534 -0.0257962 0)
(38.0684 -0.0295925 0)
(38.0857 -0.033865 0)
(38.1056 -0.0386505 0)
(38.1284 -0.0441864 0)
(38.1497 -0.0494593 0)
(38.1679 -0.0539423 0)
(38.1869 -0.0586783 0)
(38.2068 -0.0636792 0)
(38.2275 -0.0690347 0)
(38.249 -0.0746566 0)
(38.2712 -0.0807385 0)
(38.2942 -0.0870766 0)
(38.3178 -0.0939958 0)
(38.3422 -0.101119 0)
(38.3669 -0.109009 0)
(38.3925 -0.116998 0)
(38.4182 -0.125973 0)
(38.445 -0.134837 0)
(38.4713 -0.144982 0)
(38.4993 -0.154744 0)
(38.5256 -0.166138 0)
(38.5551 -0.17671 0)
(38.5799 -0.189236 0)
(38.612 -0.200208 0)
(38.6317 -0.213125 0)
(38.6707 -0.22327 0)
(38.6768 -0.234545 0)
(38.7367 -0.24189 0)
(38.7071 -0.246834 0)
(45.1922 0.215072 0)
(45.4489 0.168109 0)
(45.3641 0.14499 0)
(44.9586 0.1238 0)
(44.3768 0.105362 0)
(43.799 0.0886161 0)
(43.2916 0.075 0)
(42.8479 0.0648179 0)
(42.456 0.0569649 0)
(42.1112 0.0505331 0)
(41.8108 0.0450433 0)
(41.5496 0.0402976 0)
(41.3211 0.036218 0)
(41.1199 0.0327207 0)
(40.9416 0.0297387 0)
(40.783 0.027174 0)
(40.6416 0.024948 0)
(40.5152 0.0230038 0)
(40.4021 0.0213061 0)
(40.3003 0.019785 0)
(40.2087 0.018439 0)
(40.1258 0.0172236 0)
(40.0507 0.0161317 0)
(39.9822 0.0151345 0)
(39.9199 0.0142276 0)
(39.8629 0.0134071 0)
(39.8107 0.0126448 0)
(39.7628 0.0119582 0)
(39.7188 0.0113297 0)
(39.6783 0.0107388 0)
(39.641 0.0101927 0)
(39.6066 0.00967958 0)
(39.5748 0.00919519 0)
(39.5455 0.00873645 0)
(39.5183 0.0082951 0)
(39.4932 0.00786383 0)
(39.4699 0.00743284 0)
(39.4484 0.00699952 0)
(39.4285 0.00655093 0)
(39.41 0.00607702 0)
(39.3931 0.00556971 0)
(39.3775 0.00501438 0)
(39.3632 0.0044031 0)
(39.3502 0.00371524 0)
(39.3386 0.00291752 0)
(39.3282 0.00197549 0)
(39.319 0.000858018 0)
(39.3111 -0.000448385 0)
(39.3044 -0.00193958 0)
(39.2991 -0.00361774 0)
(39.2951 -0.00547218 0)
(39.2926 -0.00752136 0)
(39.2915 -0.00976544 0)
(39.2921 -0.0122369 0)
(39.2944 -0.0149527 0)
(39.2985 -0.0179534 0)
(39.3045 -0.0212591 0)
(39.3126 -0.0249254 0)
(39.3227 -0.0289927 0)
(39.3351 -0.0335232 0)
(39.3499 -0.0386162 0)
(39.3672 -0.0443295 0)
(39.3872 -0.0509073 0)
(39.4062 -0.0571406 0)
(39.4225 -0.0624532 0)
(39.4396 -0.0680682 0)
(39.4576 -0.0739977 0)
(39.4764 -0.0803239 0)
(39.4959 -0.0869823 0)
(39.5162 -0.0941299 0)
(39.5372 -0.101626 0)
(39.5588 -0.10971 0)
(39.5812 -0.118123 0)
(39.6039 -0.127246 0)
(39.6274 -0.136657 0)
(39.6511 -0.14692 0)
(39.6756 -0.157371 0)
(39.6998 -0.168846 0)
(39.7254 -0.180336 0)
(39.7496 -0.193 0)
(39.7764 -0.205346 0)
(39.7996 -0.218971 0)
(39.8289 -0.231711 0)
(39.8483 -0.245803 0)
(39.8844 -0.25795 0)
(39.8933 -0.2711 0)
(39.9496 -0.281957 0)
(39.9285 -0.291699 0)
(45.1699 0.205446 0)
(45.4154 0.158727 0)
(45.5851 0.140635 0)
(45.7134 0.130023 0)
(45.6829 0.122165 0)
(45.4467 0.11192 0)
(45.059 0.0998832 0)
(44.6183 0.0875911 0)
(44.2038 0.0761168 0)
(43.8407 0.066401 0)
(43.525 0.0587145 0)
(43.2459 0.0527764 0)
(42.9958 0.0480676 0)
(42.771 0.0441065 0)
(42.5696 0.0406126 0)
(42.3897 0.0374326 0)
(42.2294 0.0345273 0)
(42.0856 0.0318851 0)
(41.9567 0.0295183 0)
(41.8401 0.0273856 0)
(41.7346 0.0254915 0)
(41.6385 0.0237966 0)
(41.551 0.0222856 0)
(41.4711 0.0209238 0)
(41.398 0.0196956 0)
(41.331 0.0185923 0)
(41.2695 0.0175795 0)
(41.213 0.0166668 0)
(41.161 0.0158345 0)
(41.1131 0.0150608 0)
(41.0689 0.0143466 0)
(41.028 0.0136784 0)
(40.9902 0.0130503 0)
(40.9552 0.012457 0)
(40.9227 0.0118893 0)
(40.8925 0.0113379 0)
(40.8644 0.0107915 0)
(40.8384 0.010245 0)
(40.8142 0.0096845 0)
(40.7917 0.0090986 0)
(40.7708 0.00847654 0)
(40.7516 0.007801 0)
(40.7338 0.00706294 0)
(40.7174 0.00623756 0)
(40.7025 0.00528981 0)
(40.689 0.00418685 0)
(40.6769 0.00289618 0)
(40.6661 0.00139752 0)
(40.6566 -0.000309708 0)
(40.6486 -0.0022303 0)
(40.6419 -0.0043624 0)
(40.6367 -0.00672935 0)
(40.6331 -0.00933897 0)
(40.6312 -0.0122247 0)
(40.6309 -0.0154132 0)
(40.6325 -0.0189474 0)
(40.6359 -0.0228576 0)
(40.6414 -0.0272003 0)
(40.6489 -0.0320295 0)
(40.6587 -0.0374119 0)
(40.6708 -0.0434604 0)
(40.6852 -0.0502456 0)
(40.7024 -0.0580266 0)
(40.7189 -0.0653752 0)
(40.7332 -0.0716527 0)
(40.7482 -0.0782865 0)
(40.7641 -0.0852912 0)
(40.7808 -0.0927373 0)
(40.7983 -0.100586 0)
(40.8164 -0.108957 0)
(40.8352 -0.117765 0)
(40.8546 -0.127173 0)
(40.8746 -0.137035 0)
(40.895 -0.147578 0)
(40.9161 -0.158574 0)
(40.9373 -0.170328 0)
(40.9592 -0.182494 0)
(40.981 -0.195505 0)
(41.0038 -0.208826 0)
(41.0256 -0.223069 0)
(41.0495 -0.237412 0)
(41.0705 -0.252741 0)
(41.0968 -0.26779 0)
(41.1149 -0.283924 0)
(41.1475 -0.299209 0)
(41.1571 -0.315656 0)
(41.208 -0.331332 0)
(41.1908 -0.3471 0)
(45.1746 0.192862 0)
(45.4144 0.149914 0)
(45.5805 0.132266 0)
(45.7483 0.121167 0)
(45.8983 0.116084 0)
(46.02 0.112925 0)
(46.0796 0.109713 0)
(46.0384 0.105102 0)
(45.8834 0.0985818 0)
(45.637 0.0908304 0)
(45.3425 0.0825689 0)
(45.0411 0.0743719 0)
(44.7596 0.0666959 0)
(44.5083 0.0598481 0)
(44.2874 0.054017 0)
(44.092 0.0491931 0)
(43.9175 0.0452778 0)
(43.7591 0.0420862 0)
(43.6146 0.0394385 0)
(43.4821 0.0371474 0)
(43.3606 0.0351077 0)
(43.2492 0.033231 0)
(43.1473 0.0314779 0)
(43.0541 0.029819 0)
(42.9687 0.0282475 0)
(42.8906 0.0267681 0)
(42.8188 0.0253681 0)
(42.7528 0.0240613 0)
(42.692 0.0228419 0)
(42.6358 0.0217006 0)
(42.5837 0.020635 0)
(42.5354 0.0196381 0)
(42.4906 0.0187037 0)
(42.4488 0.0178262 0)
(42.41 0.0169959 0)
(42.3737 0.0162014 0)
(42.3399 0.0154302 0)
(42.3084 0.0146735 0)
(42.279 0.013916 0)
(42.2516 0.0131428 0)
(42.226 0.0123413 0)
(42.2023 0.0114892 0)
(42.1802 0.0105748 0)
(42.1598 0.0095689 0)
(42.141 0.00843551 0)
(42.1238 0.00713954 0)
(42.1081 0.00564361 0)
(42.0939 0.00392833 0)
(42.0811 0.00198411 0)
(42.0699 -0.000202395 0)
(42.0601 -0.00263727 0)
(42.052 -0.00534911 0)
(42.0454 -0.00835458 0)
(42.0405 -0.011692 0)
(42.0374 -0.0153952 0)
(42.0362 -0.0195105 0)
(42.0368 -0.0240789 0)
(42.0395 -0.0291633 0)
(42.0442 -0.0348282 0)
(42.0511 -0.0411458 0)
(42.0603 -0.0482464 0)
(42.0718 -0.0562031 0)
(42.0858 -0.0653007 0)
(42.0996 -0.0738428 0)
(42.1117 -0.081141 0)
(42.1245 -0.088854 0)
(42.1381 -0.0969999 0)
(42.1525 -0.105631 0)
(42.1676 -0.114737 0)
(42.1833 -0.124396 0)
(42.1997 -0.134573 0)
(42.2165 -0.145364 0)
(42.2339 -0.156703 0)
(42.2516 -0.168713 0)
(42.2698 -0.18129 0)
(42.2881 -0.194578 0)
(42.307 -0.208425 0)
(42.3257 -0.223026 0)
(42.3453 -0.238146 0)
(42.3639 -0.254052 0)
(42.3843 -0.270369 0)
(42.4022 -0.287539 0)
(42.4246 -0.304953 0)
(42.4399 -0.323394 0)
(42.4677 -0.341847 0)
(42.4752 -0.36168 0)
(42.5185 -0.381602 0)
(42.5012 -0.40239 0)
(45.17 0.178266 0)
(45.4108 0.13876 0)
(45.5776 0.122307 0)
(45.7438 0.112469 0)
(45.8946 0.107515 0)
(46.0336 0.103382 0)
(46.1642 0.100078 0)
(46.2843 0.0980114 0)
(46.3881 0.0967961 0)
(46.4625 0.095717 0)
(46.4933 0.0939353 0)
(46.4689 0.0910369 0)
(46.3886 0.0870908 0)
(46.2596 0.0823883 0)
(46.0963 0.0772787 0)
(45.914 0.0720005 0)
(45.7268 0.0667627 0)
(45.5449 0.0617123 0)
(45.3746 0.056964 0)
(45.2188 0.0525835 0)
(45.0778 0.0486309 0)
(44.9508 0.0451224 0)
(44.8362 0.0420549 0)
(44.7323 0.0393976 0)
(44.6374 0.0371134 0)
(44.5502 0.0351551 0)
(44.4697 0.0334651 0)
(44.3949 0.0320039 0)
(44.3252 0.0307194 0)
(44.2602 0.029572 0)
(44.1994 0.0285287 0)
(44.1425 0.0275632 0)
(44.0893 0.0266542 0)
(44.0396 0.0257864 0)
(43.993 0.0249439 0)
(43.9495 0.0241127 0)
(43.9088 0.0232793 0)
(43.8707 0.0224343 0)
(43.8351 0.0215632 0)
(43.8019 0.0206515 0)
(43.7709 0.0196874 0)
(43.742 0.0186488 0)
(43.715 0.017522 0)
(43.69 0.0162795 0)
(43.6668 0.0148844 0)
(43.6454 0.0133013 0)
(43.6257 0.0114962 0)
(43.6076 0.00944765 0)
(43.5912 0.00713541 0)
(43.5764 0.00454195 0)
(43.5632 0.00165343 0)
(43.5517 -0.00156332 0)
(43.5419 -0.00513411 0)
(43.5339 -0.00910199 0)
(43.5276 -0.0135052 0)
(43.5233 -0.0184004 0)
(43.5208 -0.0238367 0)
(43.5204 -0.0298787 0)
(43.522 -0.0366058 0)
(43.5258 -0.0440916 0)
(43.5318 -0.052487 0)
(43.54 -0.0618616 0)
(43.5506 -0.0725292 0)
(43.5614 -0.0825237 0)
(43.5711 -0.0910576 0)
(43.5814 -0.100052 0)
(43.5925 -0.109526 0)
(43.6043 -0.119524 0)
(43.6168 -0.130048 0)
(43.6297 -0.141149 0)
(43.6432 -0.152825 0)
(43.6571 -0.165124 0)
(43.6715 -0.178037 0)
(43.6861 -0.191616 0)
(43.701 -0.205831 0)
(43.716 -0.220733 0)
(43.7314 -0.236287 0)
(43.7464 -0.252557 0)
(43.7621 -0.269464 0)
(43.7769 -0.287107 0)
(43.7931 -0.305362 0)
(43.8068 -0.324422 0)
(43.8245 -0.344014 0)
(43.8353 -0.364592 0)
(43.8571 -0.385526 0)
(43.8601 -0.407856 0)
(43.8946 -0.430275 0)
(43.8746 -0.454182 0)
(45.1647 0.160519 0)
(45.4059 0.125212 0)
(45.5736 0.110522 0)
(45.7401 0.101447 0)
(45.8908 0.0967178 0)
(46.029 0.0932964 0)
(46.1588 0.090775 0)
(46.2809 0.0887064 0)
(46.3962 0.0865859 0)
(46.5052 0.0845552 0)
(46.608 0.0829399 0)
(46.7038 0.0819505 0)
(46.7906 0.0814972 0)
(46.8649 0.0812776 0)
(46.9226 0.0809398 0)
(46.9598 0.080197 0)
(46.9735 0.0789127 0)
(46.9631 0.0770969 0)
(46.9294 0.07483 0)
(46.8752 0.0722212 0)
(46.8041 0.0693918 0)
(46.7204 0.0664368 0)
(46.6281 0.0634325 0)
(46.5313 0.0604289 0)
(46.4329 0.0574739 0)
(46.3356 0.0545967 0)
(46.2413 0.0518173 0)
(46.1512 0.0491625 0)
(46.0661 0.0466373 0)
(45.9863 0.0442495 0)
(45.912 0.042004 0)
(45.843 0.0398999 0)
(45.779 0.0379374 0)
(45.7198 0.0361085 0)
(45.6649 0.0344063 0)
(45.6141 0.0328129 0)
(45.5669 0.0313168 0)
(45.523 0.0298967 0)
(45.4822 0.0285368 0)
(45.4441 0.0272076 0)
(45.4086 0.0258919 0)
(45.3755 0.0245546 0)
(45.3445 0.0231705 0)
(45.3156 0.0217039 0)
(45.2886 0.0201068 0)
(45.2635 0.0183381 0)
(45.2402 0.0163541 0)
(45.2186 0.0141219 0)
(45.1986 0.0116116 0)
(45.1803 0.00879253 0)
(45.1637 0.00563638 0)
(45.1488 0.00210082 0)
(45.1355 -0.00185341 0)
(45.1241 -0.00627835 0)
(45.1144 -0.0112227 0)
(45.1066 -0.0167482 0)
(45.1007 -0.0229076 0)
(45.0968 -0.0297792 0)
(45.0949 -0.0374515 0)
(45.0951 -0.0460037 0)
(45.0974 -0.0555981 0)
(45.1018 -0.066295 0)
(45.1085 -0.0784218 0)
(45.1157 -0.089707 0)
(45.1224 -0.0993412 0)
(45.1298 -0.109494 0)
(45.138 -0.120175 0)
(45.1467 -0.131408 0)
(45.1559 -0.143206 0)
(45.1656 -0.155591 0)
(45.1758 -0.168572 0)
(45.1862 -0.182166 0)
(45.1969 -0.196378 0)
(45.2076 -0.211215 0)
(45.2186 -0.226684 0)
(45.2295 -0.242778 0)
(45.2405 -0.259503 0)
(45.2511 -0.276848 0)
(45.2621 -0.294814 0)
(45.2718 -0.313388 0)
(45.2829 -0.332537 0)
(45.2911 -0.352322 0)
(45.303 -0.372575 0)
(45.3077 -0.393603 0)
(45.3228 -0.414802 0)
(45.3196 -0.437208 0)
(45.3449 -0.459081 0)
(45.3212 -0.482626 0)
(45.1592 0.139141 0)
(45.4009 0.108874 0)
(45.5695 0.0960419 0)
(45.7363 0.0880985 0)
(45.8872 0.0840878 0)
(46.0254 0.0810995 0)
(46.1551 0.0786375 0)
(46.277 0.0766417 0)
(46.3918 0.0750274 0)
(46.5003 0.0738407 0)
(46.6031 0.0729016 0)
(46.7006 0.0719416 0)
(46.7934 0.0708062 0)
(46.8816 0.0695257 0)
(46.9656 0.0682668 0)
(47.0455 0.0671976 0)
(47.1212 0.0664264 0)
(47.1925 0.0659888 0)
(47.2589 0.0658301 0)
(47.3199 0.065844 0)
(47.3746 0.0659239 0)
(47.4224 0.0659618 0)
(47.4625 0.0658827 0)
(47.4945 0.0656281 0)
(47.5182 0.0651831 0)
(47.5336 0.0645447 0)
(47.5408 0.0637241 0)
(47.5405 0.0627541 0)
(47.5331 0.0616525 0)
(47.5194 0.0604477 0)
(47.5002 0.05916 0)
(47.4763 0.0578132 0)
(47.4485 0.0564185 0)
(47.4177 0.0549937 0)
(47.3844 0.0535379 0)
(47.3495 0.0520606 0)
(47.3133 0.050551 0)
(47.2767 0.0490154 0)
(47.2397 0.0474353 0)
(47.203 0.0458074 0)
(47.1666 0.0441104 0)
(47.1313 0.0423291 0)
(47.0967 0.040439 0)
(47.0634 0.0384107 0)
(47.0312 0.0362076 0)
(47.0006 0.0337903 0)
(46.9714 0.03112 0)
(46.9438 0.0281629 0)
(46.9178 0.0248868 0)
(46.8935 0.0212562 0)
(46.8708 0.0172359 0)
(46.85 0.0127786 0)
(46.8309 0.00783824 0)
(46.8138 0.00235569 0)
(46.7985 -0.00372412 0)
(46.7853 -0.0104749 0)
(46.7741 -0.0179556 0)
(46.765 -0.0262439 0)
(46.7579 -0.0354321 0)
(46.753 -0.0456032 0)
(46.7502 -0.0569208 0)
(46.7495 -0.0694481 0)
(46.751 -0.0835135 0)
(46.7538 -0.0965026 0)
(46.7569 -0.107535 0)
(46.7606 -0.119088 0)
(46.765 -0.131165 0)
(46.77 -0.143777 0)
(46.7754 -0.156934 0)
(46.7813 -0.170638 0)
(46.7874 -0.184899 0)
(46.7937 -0.199708 0)
(46.8003 -0.215075 0)
(46.8067 -0.230977 0)
(46.8134 -0.247424 0)
(46.8196 -0.264381 0)
(46.8261 -0.281843 0)
(46.8317 -0.299792 0)
(46.838 -0.318176 0)
(46.8424 -0.337035 0)
(46.8486 -0.356182 0)
(46.8511 -0.375895 0)
(46.8578 -0.395572 0)
(46.8567 -0.416132 0)
(46.8662 -0.435955 0)
(46.8576 -0.457418 0)
(46.8755 -0.476931 0)
(46.8501 -0.499087 0)
(45.1537 0.113442 0)
(45.3957 0.0890027 0)
(45.5652 0.078515 0)
(45.7324 0.0720229 0)
(45.8835 0.0686444 0)
(46.0218 0.0661128 0)
(46.1516 0.0641552 0)
(46.2735 0.0626851 0)
(46.3882 0.0614151 0)
(46.4967 0.0602485 0)
(46.5993 0.0591363 0)
(46.6967 0.0581282 0)
(46.7892 0.0573067 0)
(46.8773 0.056712 0)
(46.9611 0.0563091 0)
(47.0409 0.0559888 0)
(47.1171 0.0556298 0)
(47.1897 0.0551625 0)
(47.2591 0.054552 0)
(47.3254 0.0538143 0)
(47.3888 0.053005 0)
(47.4495 0.052185 0)
(47.5074 0.0514167 0)
(47.5629 0.0507387 0)
(47.6159 0.0501859 0)
(47.6665 0.0497667 0)
(47.7147 0.049478 0)
(47.7606 0.0493114 0)
(47.8042 0.0492438 0)
(47.8454 0.0492503 0)
(47.8843 0.049308 0)
(47.9207 0.0493926 0)
(47.9549 0.0494835 0)
(47.9866 0.0495606 0)
(48.016 0.0496048 0)
(48.043 0.0495974 0)
(48.0679 0.0495213 0)
(48.0905 0.0493596 0)
(48.111 0.049096 0)
(48.1294 0.0487079 0)
(48.1459 0.0481807 0)
(48.1606 0.0474826 0)
(48.1736 0.0465955 0)
(48.185 0.0454802 0)
(48.1951 0.0441034 0)
(48.2037 0.0424207 0)
(48.2113 0.0403966 0)
(48.2179 0.0379867 0)
(48.2236 0.0351581 0)
(48.2285 0.031862 0)
(48.2329 0.0280605 0)
(48.2369 0.0236929 0)
(48.2407 0.0187113 0)
(48.2444 0.0130452 0)
(48.2481 0.00664335 0)
(48.252 -0.000575592 0)
(48.2563 -0.00867116 0)
(48.261 -0.0177274 0)
(48.2663 -0.0278292 0)
(48.2722 -0.0390591 0)
(48.2788 -0.0515629 0)
(48.286 -0.0653857 0)
(48.294 -0.0808167 0)
(48.3011 -0.0949936 0)
(48.3071 -0.107013 0)
(48.313 -0.119567 0)
(48.3191 -0.132623 0)
(48.3251 -0.14618 0)
(48.3311 -0.160214 0)
(48.3368 -0.174725 0)
(48.3425 -0.189671 0)
(48.3478 -0.205063 0)
(48.3529 -0.220827 0)
(48.3574 -0.237002 0)
(48.3618 -0.253456 0)
(48.3652 -0.270298 0)
(48.3688 -0.287279 0)
(48.3709 -0.30466 0)
(48.3735 -0.321963 0)
(48.3738 -0.33976 0)
(48.3758 -0.357128 0)
(48.3738 -0.375248 0)
(48.3755 -0.392362 0)
(48.3702 -0.410759 0)
(48.373 -0.427239 0)
(48.3627 -0.445898 0)
(48.369 -0.461407 0)
(48.3501 -0.479999 0)
(45.1486 0.0824444 0)
(45.391 0.0649104 0)
(45.5613 0.0572511 0)
(45.7288 0.0524606 0)
(45.8801 0.0499417 0)
(46.0184 0.0481134 0)
(46.1482 0.046696 0)
(46.2701 0.0455601 0)
(46.3849 0.0445486 0)
(46.4934 0.0437097 0)
(46.5961 0.0430502 0)
(46.6935 0.042521 0)
(46.786 0.0420377 0)
(46.8739 0.0415238 0)
(46.9577 0.0409554 0)
(47.0374 0.0403443 0)
(47.1135 0.0397373 0)
(47.186 0.0392008 0)
(47.2554 0.0387763 0)
(47.3216 0.0384806 0)
(47.3849 0.038311 0)
(47.4455 0.0382388 0)
(47.5035 0.0382279 0)
(47.559 0.0382324 0)
(47.6121 0.038221 0)
(47.6629 0.0381636 0)
(47.7116 0.0380411 0)
(47.7583 0.0378475 0)
(47.8031 0.0375796 0)
(47.846 0.0372382 0)
(47.8872 0.0368336 0)
(47.9267 0.0363724 0)
(47.9646 0.0358661 0)
(48.001 0.0353211 0)
(48.036 0.0347431 0)
(48.0695 0.0341336 0)
(48.1018 0.0334893 0)
(48.1329 0.0328074 0)
(48.1627 0.0320746 0)
(48.1914 0.0312802 0)
(48.219 0.0304005 0)
(48.2456 0.0294169 0)
(48.2712 0.0282931 0)
(48.2959 0.0270007 0)
(48.3197 0.0254913 0)
(48.3427 0.023724 0)
(48.3649 0.0216477 0)
(48.3864 0.0192167 0)
(48.4072 0.0163777 0)
(48.4274 0.0130764 0)
(48.4471 0.00925247 0)
(48.4663 0.0048387 0)
(48.4851 -0.000232404 0)
(48.5036 -0.00603608 0)
(48.5219 -0.0126423 0)
(48.54 -0.0201228 0)
(48.558 -0.0285531 0)
(48.576 -0.038003 0)
(48.594 -0.0485673 0)
(48.6121 -0.0602994 0)
(48.6301 -0.0733482 0)
(48.6482 -0.0877077 0)
(48.6662 -0.103647 0)
(48.6811 -0.118163 0)
(48.6926 -0.130371 0)
(48.7037 -0.14304 0)
(48.7142 -0.156109 0)
(48.7243 -0.169568 0)
(48.7338 -0.183354 0)
(48.7426 -0.197471 0)
(48.7509 -0.211825 0)
(48.7584 -0.226442 0)
(48.7654 -0.241182 0)
(48.7715 -0.25612 0)
(48.777 -0.271036 0)
(48.7815 -0.286098 0)
(48.7855 -0.300956 0)
(48.7885 -0.315939 0)
(48.791 -0.330485 0)
(48.7923 -0.345196 0)
(48.7934 -0.359166 0)
(48.793 -0.373434 0)
(48.7929 -0.386566 0)
(48.7907 -0.400248 0)
(48.7896 -0.412299 0)
(48.7855 -0.425267 0)
(48.784 -0.436071 0)
(48.7775 -0.448133 0)
(45.1451 0.0493483 0)
(45.3876 0.0390519 0)
(45.5585 0.0343926 0)
(45.7263 0.0314779 0)
(45.8777 0.0299163 0)
(46.0161 0.0287777 0)
(46.1459 0.0278957 0)
(46.2678 0.0272159 0)
(46.3826 0.0266468 0)
(46.4911 0.0261864 0)
(46.5938 0.0257788 0)
(46.6912 0.0253824 0)
(46.7837 0.0249946 0)
(46.8716 0.0246389 0)
(46.9554 0.0243515 0)
(47.0352 0.0241376 0)
(47.1112 0.0239812 0)
(47.1838 0.0238579 0)
(47.2531 0.0237298 0)
(47.3193 0.0235633 0)
(47.3826 0.0233437 0)
(47.4431 0.0230642 0)
(47.501 0.0227353 0)
(47.5564 0.0223684 0)
(47.6094 0.0219892 0)
(47.6602 0.0216177 0)
(47.7089 0.0212738 0)
(47.7556 0.0209747 0)
(47.8004 0.0207303 0)
(47.8433 0.0205418 0)
(47.8845 0.0204113 0)
(47.9241 0.0203304 0)
(47.962 0.0202928 0)
(47.9984 0.0202825 0)
(48.0334 0.0202865 0)
(48.067 0.0202826 0)
(48.0992 0.0202538 0)
(48.1302 0.0201738 0)
(48.16 0.0200223 0)
(48.1887 0.0197677 0)
(48.2162 0.0193861 0)
(48.2428 0.0188405 0)
(48.2683 0.0180988 0)
(48.2929 0.0171201 0)
(48.3166 0.0158608 0)
(48.3394 0.0142738 0)
(48.3615 0.0123115 0)
(48.3827 0.00992141 0)
(48.4033 0.00705087 0)
(48.4233 0.0036383 0)
(48.4426 -0.000378497 0)
(48.4614 -0.00507258 0)
(48.4797 -0.0105142 0)
(48.4976 -0.0167819 0)
(48.5152 -0.0239461 0)
(48.5325 -0.0320796 0)
(48.5496 -0.0412466 0)
(48.5666 -0.0515011 0)
(48.5833 -0.0629166 0)
(48.5999 -0.0755224 0)
(48.6162 -0.0894367 0)
(48.6323 -0.104628 0)
(48.648 -0.121328 0)
(48.6608 -0.136444 0)
(48.6705 -0.149041 0)
(48.6796 -0.161962 0)
(48.6883 -0.175146 0)
(48.6962 -0.188559 0)
(48.7036 -0.20214 0)
(48.7103 -0.215857 0)
(48.7164 -0.229636 0)
(48.7217 -0.243453 0)
(48.7264 -0.25722 0)
(48.7303 -0.270927 0)
(48.7335 -0.284465 0)
(48.7361 -0.297851 0)
(48.7379 -0.310947 0)
(48.7391 -0.323816 0)
(48.7397 -0.33627 0)
(48.7396 -0.348445 0)
(48.7389 -0.360078 0)
(48.7378 -0.371415 0)
(48.736 -0.382073 0)
(48.7339 -0.392464 0)
(48.7313 -0.402022 0)
(48.7283 -0.411402 0)
(48.725 -0.419764 0)
(48.7215 -0.428113 0)
(45.1435 0.0170321 0)
(45.3861 0.0137074 0)
(45.5572 0.0119908 0)
(45.7251 0.0109204 0)
(45.8766 0.0102898 0)
(46.015 0.00984149 0)
(46.1449 0.0095266 0)
(46.2668 0.00929694 0)
(46.3816 0.00909396 0)
(46.49 0.00892732 0)
(46.5927 0.00878248 0)
(46.6901 0.00866458 0)
(46.7826 0.00858263 0)
(46.8706 0.0085241 0)
(46.9543 0.00847054 0)
(47.0341 0.00838649 0)
(47.1101 0.0082542 0)
(47.1827 0.00808124 0)
(47.252 0.00788685 0)
(47.3182 0.00769872 0)
(47.3815 0.00754923 0)
(47.442 0.00745668 0)
(47.4999 0.00743137 0)
(47.5554 0.00746426 0)
(47.6084 0.00754424 0)
(47.6593 0.00764945 0)
(47.708 0.00775767 0)
(47.7546 0.00784802 0)
(47.7994 0.00790257 0)
(47.8423 0.0079038 0)
(47.8834 0.00784489 0)
(47.9229 0.00771715 0)
(47.9608 0.0075206 0)
(47.9971 0.00725247 0)
(48.032 0.00691402 0)
(48.0656 0.00650277 0)
(48.0978 0.00601748 0)
(48.1287 0.0054523 0)
(48.1584 0.00480033 0)
(48.187 0.00404822 0)
(48.2145 0.00318049 0)
(48.2409 0.00217455 0)
(48.2663 0.00100339 0)
(48.2907 -0.000365424 0)
(48.3142 -0.00197199 0)
(48.3369 -0.00385932 0)
(48.3587 -0.00607683 0)
(48.3796 -0.00867706 0)
(48.3998 -0.0117191 0)
(48.4193 -0.0152687 0)
(48.4381 -0.0193989 0)
(48.4562 -0.0241897 0)
(48.4738 -0.0297251 0)
(48.4908 -0.0360885 0)
(48.5074 -0.04336 0)
(48.5236 -0.0516069 0)
(48.5394 -0.0608929 0)
(48.555 -0.0712551 0)
(48.5702 -0.0827545 0)
(48.585 -0.0953913 0)
(48.5995 -0.109253 0)
(48.6136 -0.124268 0)
(48.627 -0.140591 0)
(48.6378 -0.155192 0)
(48.6458 -0.167248 0)
(48.6533 -0.179513 0)
(48.6602 -0.191916 0)
(48.6665 -0.204409 0)
(48.6722 -0.216932 0)
(48.6773 -0.229437 0)
(48.6818 -0.241863 0)
(48.6856 -0.254166 0)
(48.6889 -0.266284 0)
(48.6915 -0.278179 0)
(48.6936 -0.28979 0)
(48.6951 -0.301092 0)
(48.6961 -0.312025 0)
(48.6966 -0.322578 0)
(48.6965 -0.332691 0)
(48.6961 -0.342376 0)
(48.6952 -0.351568 0)
(48.694 -0.360304 0)
(48.6924 -0.368507 0)
(48.6905 -0.376256 0)
(48.6883 -0.383436 0)
(48.686 -0.390202 0)
(48.6834 -0.396347 0)
(48.6807 -0.402182 0)
(45.1439 -0.0152451 0)
(45.3862 -0.0116369 0)
(45.5573 -0.0104178 0)
(45.7252 -0.00964753 0)
(45.8767 -0.0093351 0)
(46.0151 -0.00908209 0)
(46.145 -0.00884588 0)
(46.2669 -0.00865572 0)
(46.3817 -0.00848857 0)
(46.4902 -0.00830453 0)
(46.5928 -0.00812832 0)
(46.6902 -0.00798491 0)
(46.7827 -0.00788439 0)
(46.8707 -0.00782317 0)
(46.9544 -0.00776908 0)
(47.0342 -0.00770054 0)
(47.1102 -0.00759912 0)
(47.1828 -0.00746344 0)
(47.2521 -0.00731274 0)
(47.3183 -0.00717748 0)
(47.3816 -0.00708228 0)
(47.4421 -0.00704983 0)
(47.5 -0.00708564 0)
(47.5555 -0.00719053 0)
(47.6085 -0.00734764 0)
(47.6594 -0.00753891 0)
(47.7081 -0.00774161 0)
(47.7547 -0.00793506 0)
(47.7995 -0.00810074 0)
(47.8424 -0.00823023 0)
(47.8835 -0.00831361 0)
(47.923 -0.00835352 0)
(47.9609 -0.00835165 0)
(47.9972 -0.00831975 0)
(48.0321 -0.00826966 0)
(48.0656 -0.00822032 0)
(48.0978 -0.00819056 0)
(48.1287 -0.00820502 0)
(48.1584 -0.00828757 0)
(48.1869 -0.00846808 0)
(48.2143 -0.00877569 0)
(48.2406 -0.00924536 0)
(48.2659 -0.00991371 0)
(48.2901 -0.0108207 0)
(48.3135 -0.0120121 0)
(48.3358 -0.0135343 0)
(48.3573 -0.0154401 0)
(48.3779 -0.0177832 0)
(48.3977 -0.0206255 0)
(48.4167 -0.0240339 0)
(48.4349 -0.0280856 0)
(48.4524 -0.0328629 0)
(48.4691 -0.0384552 0)
(48.4852 -0.0449487 0)
(48.5008 -0.0524263 0)
(48.5158 -0.0609514 0)
(48.5303 -0.0705765 0)
(48.5445 -0.0813191 0)
(48.5581 -0.0932113 0)
(48.5714 -0.10623 0)
(48.5841 -0.120423 0)
(48.5963 -0.135709 0)
(48.6079 -0.152195 0)
(48.617 -0.166902 0)
(48.6237 -0.178973 0)
(48.6299 -0.191145 0)
(48.6356 -0.203352 0)
(48.6407 -0.215541 0)
(48.6452 -0.227654 0)
(48.6492 -0.239643 0)
(48.6527 -0.251453 0)
(48.6557 -0.263042 0)
(48.6581 -0.274358 0)
(48.6601 -0.285367 0)
(48.6616 -0.296024 0)
(48.6627 -0.306305 0)
(48.6634 -0.31617 0)
(48.6637 -0.325609 0)
(48.6636 -0.334588 0)
(48.6633 -0.34311 0)
(48.6627 -0.351145 0)
(48.6618 -0.358713 0)
(48.6608 -0.365782 0)
(48.6595 -0.372394 0)
(48.6581 -0.378502 0)
(48.6566 -0.384192 0)
(48.655 -0.389365 0)
(48.6533 -0.394197 0)
(45.146 -0.0475138 0)
(45.388 -0.0369618 0)
(45.5588 -0.0328117 0)
(45.7266 -0.0302016 0)
(45.878 -0.028958 0)
(46.0164 -0.0280172 0)
(46.1463 -0.0272149 0)
(46.2682 -0.0265682 0)
(46.383 -0.0260268 0)
(46.4915 -0.0255477 0)
(46.5941 -0.02512 0)
(46.6915 -0.0247143 0)
(46.784 -0.0243157 0)
(46.872 -0.0239489 0)
(46.9557 -0.0236379 0)
(47.0355 -0.0234129 0)
(47.1116 -0.0232687 0)
(47.1842 -0.0231799 0)
(47.2535 -0.0231102 0)
(47.3197 -0.023025 0)
(47.3829 -0.0228947 0)
(47.4434 -0.0227092 0)
(47.5013 -0.0224681 0)
(47.5567 -0.0221892 0)
(47.6097 -0.0218908 0)
(47.6606 -0.0215977 0)
(47.7093 -0.0213314 0)
(47.7559 -0.021112 0)
(47.8007 -0.0209516 0)
(47.8436 -0.0208636 0)
(47.8848 -0.0208485 0)
(47.9243 -0.0209118 0)
(47.9622 -0.0210475 0)
(47.9986 -0.0212567 0)
(48.0335 -0.0215338 0)
(48.067 -0.0218815 0)
(48.0992 -0.0222966 0)
(48.1301 -0.0227881 0)
(48.1598 -0.0233582 0)
(48.1882 -0.0240249 0)
(48.2156 -0.0247985 0)
(48.2418 -0.0257072 0)
(48.2669 -0.0267716 0)
(48.291 -0.0280288 0)
(48.3141 -0.0295135 0)
(48.3363 -0.0312707 0)
(48.3575 -0.0333482 0)
(48.3777 -0.0357995 0)
(48.3971 -0.0386862 0)
(48.4155 -0.0420772 0)
(48.4331 -0.0460557 0)
(48.4498 -0.0507104 0)
(48.4658 -0.0561438 0)
(48.4809 -0.0624528 0)
(48.4953 -0.0697352 0)
(48.5092 -0.0780575 0)
(48.5224 -0.0874695 0)
(48.535 -0.0979701 0)
(48.5472 -0.109572 0)
(48.5588 -0.122225 0)
(48.5698 -0.135945 0)
(48.5803 -0.150625 0)
(48.5899 -0.166309 0)
(48.5974 -0.18018 0)
(48.6028 -0.191492 0)
(48.6078 -0.202831 0)
(48.6124 -0.214127 0)
(48.6164 -0.225333 0)
(48.62 -0.236393 0)
(48.6231 -0.247266 0)
(48.6258 -0.2579 0)
(48.6281 -0.268265 0)
(48.6299 -0.278314 0)
(48.6315 -0.288028 0)
(48.6326 -0.297363 0)
(48.6335 -0.306317 0)
(48.6342 -0.314847 0)
(48.6345 -0.322973 0)
(48.6347 -0.330646 0)
(48.6347 -0.337911 0)
(48.6346 -0.344708 0)
(48.6343 -0.351113 0)
(48.6339 -0.357047 0)
(48.6334 -0.36262 0)
(48.6329 -0.367726 0)
(48.6323 -0.372514 0)
(48.6318 -0.376852 0)
(48.6312 -0.380909 0)
(45.1501 -0.0800279 0)
(45.3915 -0.0623977 0)
(45.5617 -0.0553093 0)
(45.7293 -0.0508692 0)
(45.8805 -0.0486871 0)
(46.0189 -0.0470596 0)
(46.1488 -0.0457313 0)
(46.2707 -0.0446528 0)
(46.3855 -0.0436873 0)
(46.4939 -0.0428231 0)
(46.5966 -0.042115 0)
(46.694 -0.0415509 0)
(46.7865 -0.0410596 0)
(46.8745 -0.0405718 0)
(46.9582 -0.0400374 0)
(47.038 -0.039469 0)
(47.114 -0.0389023 0)
(47.1866 -0.0383917 0)
(47.2559 -0.0379831 0)
(47.3221 -0.037704 0)
(47.3854 -0.0375514 0)
(47.446 -0.0375082 0)
(47.504 -0.0375374 0)
(47.5594 -0.0376063 0)
(47.6125 -0.0376755 0)
(47.6634 -0.0377184 0)
(47.7121 -0.0377121 0)
(47.7588 -0.0376471 0)
(47.8035 -0.0375173 0)
(47.8464 -0.0373314 0)
(47.8876 -0.0370929 0)
(47.927 -0.0368197 0)
(47.9649 -0.0365227 0)
(48.0013 -0.0362221 0)
(48.0362 -0.0359342 0)
(48.0697 -0.0356788 0)
(48.1018 -0.0354756 0)
(48.1327 -0.035346 0)
(48.1623 -0.0353125 0)
(48.1907 -0.0353978 0)
(48.2179 -0.035629 0)
(48.244 -0.0360323 0)
(48.269 -0.036642 0)
(48.2929 -0.0374872 0)
(48.3157 -0.0386131 0)
(48.3375 -0.0400535 0)
(48.3583 -0.0418627 0)
(48.378 -0.0440812 0)
(48.3967 -0.0467731 0)
(48.4144 -0.0499955 0)
(48.4311 -0.0538368 0)
(48.4468 -0.0583805 0)
(48.4614 -0.0637425 0)
(48.4751 -0.0700247 0)
(48.4878 -0.0773449 0)
(48.4997 -0.0857727 0)
(48.5108 -0.0953511 0)
(48.5213 -0.106053 0)
(48.531 -0.117858 0)
(48.5401 -0.130689 0)
(48.5484 -0.144527 0)
(48.556 -0.159265 0)
(48.5628 -0.174936 0)
(48.5679 -0.188841 0)
(48.5714 -0.200143 0)
(48.5744 -0.211391 0)
(48.577 -0.222537 0)
(48.5792 -0.233546 0)
(48.5809 -0.244368 0)
(48.5823 -0.254978 0)
(48.5833 -0.265327 0)
(48.584 -0.275403 0)
(48.5844 -0.285155 0)
(48.5845 -0.294592 0)
(48.5844 -0.303654 0)
(48.5841 -0.312379 0)
(48.5836 -0.320688 0)
(48.583 -0.328665 0)
(48.5822 -0.336186 0)
(48.5814 -0.343408 0)
(48.5804 -0.350132 0)
(48.5795 -0.356619 0)
(48.5783 -0.362556 0)
(48.5775 -0.368351 0)
(48.5761 -0.373527 0)
(48.5755 -0.378676 0)
(48.5738 -0.383152 0)
(48.5737 -0.387663 0)
(45.1556 -0.110042 0)
(45.3963 -0.0857827 0)
(45.5657 -0.0759643 0)
(45.7329 -0.0698774 0)
(45.884 -0.066871 0)
(46.0224 -0.064565 0)
(46.1522 -0.062688 0)
(46.2741 -0.0612576 0)
(46.3889 -0.06005 0)
(46.4973 -0.0589081 0)
(46.6 -0.0578072 0)
(46.6974 -0.0567847 0)
(46.7899 -0.0559192 0)
(46.8779 -0.0552754 0)
(46.9617 -0.0548276 0)
(47.0415 -0.0545079 0)
(47.1176 -0.0542014 0)
(47.1903 -0.0538237 0)
(47.2597 -0.0533289 0)
(47.326 -0.0527195 0)
(47.3893 -0.0520295 0)
(47.45 -0.0513143 0)
(47.5079 -0.0506278 0)
(47.5634 -0.0500205 0)
(47.6164 -0.0495236 0)
(47.6671 -0.0491545 0)
(47.7154 -0.0489164 0)
(47.7615 -0.048803 0)
(47.8052 -0.0487973 0)
(47.8466 -0.0488852 0)
(47.8857 -0.0490434 0)
(47.9224 -0.0492584 0)
(47.9568 -0.0495104 0)
(47.9889 -0.0497906 0)
(48.0185 -0.0500903 0)
(48.0459 -0.0504084 0)
(48.0709 -0.0507441 0)
(48.0937 -0.0511073 0)
(48.1142 -0.051504 0)
(48.1326 -0.0519561 0)
(48.1488 -0.0524752 0)
(48.1631 -0.0530959 0)
(48.1754 -0.0538342 0)
(48.1858 -0.0547339 0)
(48.1944 -0.0558217 0)
(48.2014 -0.057147 0)
(48.2066 -0.0587492 0)
(48.2103 -0.0606804 0)
(48.2124 -0.0629915 0)
(48.213 -0.0657466 0)
(48.2122 -0.0690265 0)
(48.21 -0.0729247 0)
(48.2063 -0.0775646 0)
(48.2014 -0.0830719 0)
(48.1951 -0.0895923 0)
(48.1878 -0.0972218 0)
(48.1794 -0.106001 0)
(48.1702 -0.115881 0)
(48.1601 -0.126815 0)
(48.1493 -0.138692 0)
(48.1376 -0.15147 0)
(48.125 -0.165034 0)
(48.1114 -0.179407 0)
(48.0992 -0.192156 0)
(48.0893 -0.202477 0)
(48.0793 -0.212697 0)
(48.0691 -0.222782 0)
(48.0588 -0.232705 0)
(48.0484 -0.242427 0)
(48.038 -0.251928 0)
(48.0276 -0.261171 0)
(48.0172 -0.270146 0)
(48.0068 -0.278818 0)
(47.9966 -0.287186 0)
(47.9865 -0.295216 0)
(47.9766 -0.302926 0)
(47.9667 -0.310271 0)
(47.9572 -0.317298 0)
(47.9476 -0.323933 0)
(47.9386 -0.33028 0)
(47.9294 -0.336198 0)
(47.9211 -0.341899 0)
(47.9121 -0.347098 0)
(47.9048 -0.352213 0)
(47.8956 -0.356689 0)
(47.8898 -0.361304 0)
(47.8799 -0.365059 0)
(47.8765 -0.369228 0)
(45.1615 -0.135065 0)
(45.4014 -0.105186 0)
(45.5699 -0.0931231 0)
(45.7368 -0.0856349 0)
(45.8877 -0.0819917 0)
(46.026 -0.0792516 0)
(46.1558 -0.0769292 0)
(46.2777 -0.0749919 0)
(46.3925 -0.073383 0)
(46.501 -0.0721374 0)
(46.6037 -0.0711726 0)
(46.7013 -0.0702625 0)
(46.794 -0.0692141 0)
(46.8822 -0.0680172 0)
(46.9662 -0.0667842 0)
(47.0461 -0.0656951 0)
(47.122 -0.064876 0)
(47.1937 -0.0643791 0)
(47.2608 -0.0641789 0)
(47.3228 -0.064191 0)
(47.3791 -0.0643059 0)
(47.4289 -0.0644211 0)
(47.4715 -0.0644479 0)
(47.5064 -0.064334 0)
(47.5334 -0.0640463 0)
(47.5523 -0.063579 0)
(47.5632 -0.0629399 0)
(47.5665 -0.0621509 0)
(47.5628 -0.0612336 0)
(47.5526 -0.0602184 0)
(47.5368 -0.0591277 0)
(47.516 -0.0579885 0)
(47.4912 -0.0568192 0)
(47.4629 -0.0556388 0)
(47.432 -0.0544694 0)
(47.399 -0.0533228 0)
(47.3647 -0.0522218 0)
(47.3292 -0.0511776 0)
(47.2933 -0.0502149 0)
(47.2571 -0.0493484 0)
(47.2212 -0.048605 0)
(47.1854 -0.048006 0)
(47.1503 -0.0475784 0)
(47.1156 -0.0473504 0)
(47.0818 -0.0473551 0)
(47.0486 -0.047626 0)
(47.0163 -0.0482047 0)
(46.9846 -0.0491285 0)
(46.9538 -0.0504407 0)
(46.9234 -0.052188 0)
(46.8937 -0.0544452 0)
(46.8643 -0.0572918 0)
(46.8354 -0.0608581 0)
(46.8065 -0.0652753 0)
(46.7779 -0.0707278 0)
(46.7494 -0.0773367 0)
(46.7213 -0.08514 0)
(46.6934 -0.094064 0)
(46.6659 -0.104019 0)
(46.6386 -0.114865 0)
(46.6115 -0.126502 0)
(46.5843 -0.138803 0)
(46.5571 -0.151703 0)
(46.5342 -0.163067 0)
(46.516 -0.172271 0)
(46.4982 -0.181385 0)
(46.4808 -0.190371 0)
(46.4637 -0.199194 0)
(46.447 -0.207831 0)
(46.4306 -0.216255 0)
(46.4146 -0.22445 0)
(46.399 -0.232391 0)
(46.3838 -0.240072 0)
(46.369 -0.247471 0)
(46.3546 -0.254588 0)
(46.3407 -0.261403 0)
(46.3271 -0.267928 0)
(46.3141 -0.274141 0)
(46.3014 -0.280061 0)
(46.2894 -0.285674 0)
(46.2774 -0.290991 0)
(46.2665 -0.296023 0)
(46.2551 -0.300746 0)
(46.2455 -0.305242 0)
(46.2343 -0.309372 0)
(46.2267 -0.31341 0)
(46.2144 -0.316922 0)
(46.2107 -0.320631 0)
(45.1672 -0.156004 0)
(45.4064 -0.121231 0)
(45.5741 -0.10733 0)
(45.7406 -0.0987734 0)
(45.8914 -0.0944443 0)
(46.0296 -0.0912042 0)
(46.1595 -0.0887593 0)
(46.2816 -0.0868285 0)
(46.3967 -0.0848735 0)
(46.5058 -0.0828739 0)
(46.6087 -0.0811668 0)
(46.7053 -0.0800086 0)
(46.7938 -0.0794167 0)
(46.8716 -0.079156 0)
(46.9348 -0.0788868 0)
(46.9796 -0.0783282 0)
(47.0027 -0.0773015 0)
(47.003 -0.0757738 0)
(46.9806 -0.0737967 0)
(46.9376 -0.0714718 0)
(46.8771 -0.0688998 0)
(46.803 -0.066181 0)
(46.7193 -0.0633843 0)
(46.6297 -0.0605763 0)
(46.5374 -0.0577953 0)
(46.445 -0.0550795 0)
(46.3546 -0.0524496 0)
(46.2676 -0.0499305 0)
(46.185 -0.0475314 0)
(46.1071 -0.0452718 0)
(46.0342 -0.04315 0)
(45.9662 -0.0411833 0)
(45.903 -0.0393635 0)
(45.8443 -0.0377029 0)
(45.7897 -0.036194 0)
(45.7389 -0.0348455 0)
(45.6915 -0.0336511 0)
(45.6472 -0.0326218 0)
(45.6058 -0.0317517 0)
(45.5668 -0.0310559 0)
(45.5301 -0.0305316 0)
(45.4953 -0.0302017 0)
(45.4623 -0.0300666 0)
(45.4309 -0.0301522 0)
(45.4009 -0.0304732 0)
(45.372 -0.0310547 0)
(45.3442 -0.0319268 0)
(45.3172 -0.0331097 0)
(45.291 -0.0346356 0)
(45.2653 -0.0365332 0)
(45.24 -0.0388675 0)
(45.2149 -0.0417028 0)
(45.1898 -0.0451706 0)
(45.1646 -0.049409 0)
(45.1392 -0.054652 0)
(45.1137 -0.0610603 0)
(45.0882 -0.0686757 0)
(45.0627 -0.0774009 0)
(45.0373 -0.0871074 0)
(45.012 -0.0976313 0)
(44.9865 -0.108827 0)
(44.9609 -0.120585 0)
(44.9349 -0.132808 0)
(44.9128 -0.143578 0)
(44.8954 -0.152291 0)
(44.8782 -0.160892 0)
(44.8613 -0.169347 0)
(44.8447 -0.177631 0)
(44.8284 -0.185728 0)
(44.8124 -0.193619 0)
(44.7967 -0.201294 0)
(44.7814 -0.208737 0)
(44.7665 -0.215943 0)
(44.7519 -0.222895 0)
(44.7377 -0.229596 0)
(44.724 -0.23603 0)
(44.7107 -0.242206 0)
(44.6979 -0.248105 0)
(44.6854 -0.253747 0)
(44.6735 -0.259107 0)
(44.6619 -0.264218 0)
(44.6511 -0.269047 0)
(44.6401 -0.273641 0)
(44.6306 -0.277964 0)
(44.6199 -0.282056 0)
(44.6123 -0.285923 0)
(44.6006 -0.289506 0)
(44.5969 -0.29305 0)
(45.1727 -0.17343 0)
(45.4113 -0.134674 0)
(45.578 -0.119059 0)
(45.7444 -0.109681 0)
(45.895 -0.105182 0)
(46.034 -0.101385 0)
(46.1646 -0.0981168 0)
(46.2861 -0.0959005 0)
(46.3937 -0.0946257 0)
(46.4778 -0.0936344 0)
(46.5238 -0.0921748 0)
(46.5208 -0.0897297 0)
(46.4637 -0.0862427 0)
(46.3581 -0.0819646 0)
(46.215 -0.0771909 0)
(46.0493 -0.0722105 0)
(45.8743 -0.0672089 0)
(45.7012 -0.0623537 0)
(45.5367 -0.0577464 0)
(45.3848 -0.0534785 0)
(45.2466 -0.0495921 0)
(45.1216 -0.0461243 0)
(45.0087 -0.0430679 0)
(44.9061 -0.0404166 0)
(44.8124 -0.0381301 0)
(44.7263 -0.0361717 0)
(44.6467 -0.0344898 0)
(44.5726 -0.0330426 0)
(44.5036 -0.0317816 0)
(44.439 -0.030676 0)
(44.3785 -0.0296872 0)
(44.3218 -0.0287997 0)
(44.2685 -0.0279862 0)
(44.2185 -0.0272417 0)
(44.1716 -0.0265543 0)
(44.1274 -0.0259246 0)
(44.086 -0.0253505 0)
(44.0469 -0.0248402 0)
(44.0101 -0.0243981 0)
(43.9753 -0.0240377 0)
(43.9425 -0.0237694 0)
(43.9114 -0.0236141 0)
(43.8818 -0.0235835 0)
(43.8536 -0.0237024 0)
(43.8267 -0.023993 0)
(43.8008 -0.0244803 0)
(43.7759 -0.0251994 0)
(43.7517 -0.0261688 0)
(43.7281 -0.0274156 0)
(43.705 -0.0289612 0)
(43.6822 -0.0308638 0)
(43.6594 -0.0331778 0)
(43.6364 -0.0360353 0)
(43.6132 -0.0395833 0)
(43.5895 -0.0441169 0)
(43.5655 -0.0498495 0)
(43.5413 -0.0568302 0)
(43.5171 -0.0649356 0)
(43.4929 -0.0740016 0)
(43.4687 -0.0838303 0)
(43.4443 -0.0942369 0)
(43.4195 -0.105106 0)
(43.3944 -0.116317 0)
(43.373 -0.126146 0)
(43.356 -0.134083 0)
(43.3393 -0.141897 0)
(43.3228 -0.149568 0)
(43.3066 -0.157068 0)
(43.2905 -0.164394 0)
(43.2748 -0.171529 0)
(43.2594 -0.178471 0)
(43.2442 -0.185207 0)
(43.2295 -0.191735 0)
(43.2151 -0.198045 0)
(43.2011 -0.204139 0)
(43.1875 -0.210007 0)
(43.1743 -0.215656 0)
(43.1616 -0.221072 0)
(43.1493 -0.22627 0)
(43.1375 -0.23123 0)
(43.126 -0.235978 0)
(43.1152 -0.240485 0)
(43.1044 -0.244789 0)
(43.0949 -0.248854 0)
(43.0844 -0.252721 0)
(43.0767 -0.256376 0)
(43.0652 -0.259792 0)
(43.0614 -0.263139 0)
(45.1777 -0.18791 0)
(45.4154 -0.145616 0)
(45.5808 -0.12897 0)
(45.7488 -0.118404 0)
(45.8995 -0.1135 0)
(46.0293 -0.110499 0)
(46.1094 -0.107799 0)
(46.1032 -0.103944 0)
(45.9883 -0.0982401 0)
(45.7796 -0.0911177 0)
(45.5128 -0.0833194 0)
(45.2292 -0.0754377 0)
(44.9577 -0.0679207 0)
(44.7122 -0.0611189 0)
(44.4951 -0.0552127 0)
(44.3033 -0.0502854 0)
(44.1319 -0.0462505 0)
(43.9768 -0.0429743 0)
(43.835 -0.0402656 0)
(43.7048 -0.0379684 0)
(43.5851 -0.0359369 0)
(43.4751 -0.0340951 0)
(43.3741 -0.0323737 0)
(43.2815 -0.0307588 0)
(43.1965 -0.0292276 0)
(43.1184 -0.0277858 0)
(43.0466 -0.0264252 0)
(42.9803 -0.025155 0)
(42.9192 -0.0239666 0)
(42.8625 -0.0228687 0)
(42.8099 -0.0218486 0)
(42.7609 -0.0209152 0)
(42.7153 -0.0200541 0)
(42.6727 -0.0192726 0)
(42.6328 -0.0185618 0)
(42.5954 -0.017928 0)
(42.5604 -0.0173664 0)
(42.5273 -0.0168868 0)
(42.4963 -0.0164887 0)
(42.4669 -0.0161835 0)
(42.4391 -0.0159779 0)
(42.4127 -0.0158871 0)
(42.3876 -0.0159207 0)
(42.3635 -0.0160946 0)
(42.3405 -0.0164306 0)
(42.3183 -0.0169445 0)
(42.2968 -0.0176711 0)
(42.2758 -0.0186181 0)
(42.2553 -0.0198048 0)
(42.235 -0.021239 0)
(42.2148 -0.0229687 0)
(42.1944 -0.0250326 0)
(42.1737 -0.027555 0)
(42.1524 -0.0306849 0)
(42.1304 -0.0347823 0)
(42.1078 -0.0401193 0)
(42.0849 -0.046752 0)
(42.0618 -0.0545282 0)
(42.0386 -0.063247 0)
(42.0153 -0.0726767 0)
(41.9916 -0.0825928 0)
(41.9675 -0.0928862 0)
(41.9429 -0.103441 0)
(41.9218 -0.11273 0)
(41.905 -0.120222 0)
(41.8885 -0.127559 0)
(41.8721 -0.134745 0)
(41.8558 -0.141752 0)
(41.8397 -0.148595 0)
(41.8239 -0.155255 0)
(41.8083 -0.161742 0)
(41.793 -0.168044 0)
(41.778 -0.174163 0)
(41.7633 -0.180095 0)
(41.749 -0.18584 0)
(41.735 -0.191395 0)
(41.7214 -0.196761 0)
(41.7083 -0.201932 0)
(41.6955 -0.206915 0)
(41.6833 -0.211696 0)
(41.6713 -0.216288 0)
(41.66 -0.220673 0)
(41.6487 -0.224867 0)
(41.6386 -0.22885 0)
(41.6276 -0.232636 0)
(41.6194 -0.236223 0)
(41.6075 -0.239571 0)
(41.603 -0.242833 0)
(45.1738 -0.200546 0)
(45.415 -0.154693 0)
(45.5837 -0.137106 0)
(45.7341 -0.127275 0)
(45.753 -0.120774 0)
(45.5801 -0.11185 0)
(45.2418 -0.10076 0)
(44.8312 -0.0890528 0)
(44.4302 -0.0778514 0)
(44.0752 -0.0680869 0)
(43.7666 -0.060186 0)
(43.4945 -0.0540403 0)
(43.2507 -0.0491869 0)
(43.0308 -0.0451738 0)
(42.833 -0.0416504 0)
(42.6556 -0.0384725 0)
(42.4968 -0.0355621 0)
(42.3544 -0.0329198 0)
(42.2263 -0.0305322 0)
(42.1105 -0.0283998 0)
(42.0053 -0.0264888 0)
(41.9095 -0.0247914 0)
(41.822 -0.0232634 0)
(41.7419 -0.0219006 0)
(41.6684 -0.02067 0)
(41.6009 -0.0195654 0)
(41.5388 -0.0185615 0)
(41.4816 -0.0176571 0)
(41.4288 -0.0168294 0)
(41.3799 -0.0160822 0)
(41.3347 -0.015394 0)
(41.2927 -0.0147728 0)
(41.2538 -0.0141996 0)
(41.2174 -0.0136831 0)
(41.1836 -0.0132118 0)
(41.1519 -0.0127954 0)
(41.1223 -0.0124252 0)
(41.0944 -0.0121163 0)
(41.0683 -0.0118636 0)
(41.0435 -0.011683 0)
(41.0202 -0.011578 0)
(40.9979 -0.0115644 0)
(40.9768 -0.0116524 0)
(40.9564 -0.0118518 0)
(40.937 -0.0121901 0)
(40.918 -0.0126728 0)
(40.8997 -0.0133426 0)
(40.8816 -0.014195 0)
(40.8638 -0.0152496 0)
(40.8461 -0.0164975 0)
(40.8283 -0.0179817 0)
(40.8101 -0.0197226 0)
(40.7914 -0.0218364 0)
(40.7719 -0.0244682 0)
(40.7513 -0.0280486 0)
(40.7299 -0.0329133 0)
(40.708 -0.0391268 0)
(40.6858 -0.0465062 0)
(40.6633 -0.0548171 0)
(40.6405 -0.0637905 0)
(40.6173 -0.073165 0)
(40.5935 -0.0828297 0)
(40.569 -0.0926811 0)
(40.5478 -0.10135 0)
(40.5309 -0.108307 0)
(40.5142 -0.115074 0)
(40.4974 -0.121683 0)
(40.4808 -0.1281 0)
(40.4642 -0.134364 0)
(40.4477 -0.140441 0)
(40.4314 -0.146362 0)
(40.4153 -0.152109 0)
(40.3994 -0.157688 0)
(40.3838 -0.163099 0)
(40.3684 -0.168342 0)
(40.3533 -0.17342 0)
(40.3386 -0.17833 0)
(40.3241 -0.183075 0)
(40.31 -0.18765 0)
(40.2964 -0.192058 0)
(40.2829 -0.19629 0)
(40.2701 -0.200351 0)
(40.2573 -0.204227 0)
(40.2456 -0.207926 0)
(40.2329 -0.21142 0)
(40.2229 -0.214747 0)
(40.2093 -0.217804 0)
(40.203 -0.220802 0)
(45.1741 -0.20949 0)
(45.4522 -0.163614 0)
(45.4565 -0.143216 0)
(45.1396 -0.124074 0)
(44.6034 -0.106775 0)
(44.0429 -0.0904072 0)
(43.548 -0.0767303 0)
(43.1182 -0.0663817 0)
(42.7382 -0.0584774 0)
(42.4024 -0.0520525 0)
(42.1077 -0.0465333 0)
(41.8505 -0.041737 0)
(41.6252 -0.0375667 0)
(41.4263 -0.0339863 0)
(41.2498 -0.0308996 0)
(41.0924 -0.0282548 0)
(40.9517 -0.0259639 0)
(40.8258 -0.0239749 0)
(40.7126 -0.0222305 0)
(40.6108 -0.0206962 0)
(40.5188 -0.0193248 0)
(40.4355 -0.0181032 0)
(40.3596 -0.0169893 0)
(40.2905 -0.0159899 0)
(40.2273 -0.0150759 0)
(40.1694 -0.0142498 0)
(40.1162 -0.0134911 0)
(40.0673 -0.0128057 0)
(40.0222 -0.0121727 0)
(39.9805 -0.0116019 0)
(39.9419 -0.0110719 0)
(39.9062 -0.0105953 0)
(39.8731 -0.0101526 0)
(39.8422 -0.00975564 0)
(39.8136 -0.00939209 0)
(39.7868 -0.00907414 0)
(39.7617 -0.00879087 0)
(39.7382 -0.00856084 0)
(39.7162 -0.00837473 0)
(39.6954 -0.00825236 0)
(39.6757 -0.00819152 0)
(39.6569 -0.00821243 0)
(39.6391 -0.00831862 0)
(39.6219 -0.00852163 0)
(39.6054 -0.00884546 0)
(39.5892 -0.00929299 0)
(39.5735 -0.00990837 0)
(39.5578 -0.0106797 0)
(39.5424 -0.0116248 0)
(39.5268 -0.0127153 0)
(39.5109 -0.0139963 0)
(39.4946 -0.0154622 0)
(39.4774 -0.0172247 0)
(39.4593 -0.0194138 0)
(39.4398 -0.0225355 0)
(39.4193 -0.0269869 0)
(39.398 -0.0328428 0)
(39.3763 -0.0398884 0)
(39.3541 -0.0478559 0)
(39.3315 -0.0564392 0)
(39.3082 -0.0653378 0)
(39.2842 -0.0744411 0)
(39.259 -0.0836632 0)
(39.2371 -0.0918095 0)
(39.2194 -0.0983073 0)
(39.2018 -0.104572 0)
(39.1839 -0.110663 0)
(39.166 -0.116538 0)
(39.148 -0.122267 0)
(39.1299 -0.127791 0)
(39.1118 -0.13317 0)
(39.0937 -0.138372 0)
(39.0757 -0.143409 0)
(39.0577 -0.148284 0)
(39.0399 -0.152995 0)
(39.0222 -0.157556 0)
(39.0046 -0.16195 0)
(38.9873 -0.166202 0)
(38.9701 -0.170282 0)
(38.9533 -0.17422 0)
(38.9366 -0.177978 0)
(38.9205 -0.181591 0)
(38.9041 -0.185007 0)
(38.889 -0.188277 0)
(38.8727 -0.191314 0)
(38.8592 -0.194216 0)
(38.8418 -0.196794 0)
(38.8321 -0.199351 0)
(45.3755 -0.222791 0)
(45.1077 -0.163207 0)
(44.35 -0.127313 0)
(43.6005 -0.100508 0)
(42.9512 -0.0830233 0)
(42.3828 -0.0701343 0)
(41.8892 -0.0599967 0)
(41.4676 -0.0517932 0)
(41.1075 -0.0450278 0)
(40.7975 -0.0394753 0)
(40.5287 -0.0349168 0)
(40.2952 -0.0311708 0)
(40.0917 -0.0280116 0)
(39.9134 -0.0253268 0)
(39.7565 -0.0230017 0)
(39.6175 -0.0210024 0)
(39.4939 -0.0192635 0)
(39.3834 -0.0177505 0)
(39.2845 -0.0164254 0)
(39.1955 -0.0152617 0)
(39.1153 -0.0142211 0)
(39.0429 -0.0132949 0)
(38.9772 -0.0124457 0)
(38.9175 -0.0116853 0)
(38.863 -0.0109875 0)
(38.8133 -0.0103584 0)
(38.7677 -0.00977975 0)
(38.7258 -0.00926042 0)
(38.6872 -0.00878031 0)
(38.6517 -0.00835173 0)
(38.6189 -0.00795295 0)
(38.5885 -0.00759838 0)
(38.5604 -0.00726848 0)
(38.5342 -0.00697528 0)
(38.5099 -0.00670721 0)
(38.4873 -0.00647585 0)
(38.4661 -0.00627018 0)
(38.4463 -0.00610942 0)
(38.4277 -0.00598199 0)
(38.4101 -0.00591014 0)
(38.3935 -0.00588597 0)
(38.3777 -0.00593562 0)
(38.3625 -0.00605291 0)
(38.3479 -0.00625635 0)
(38.3338 -0.00656016 0)
(38.3199 -0.0069722 0)
(38.3063 -0.00752925 0)
(38.2926 -0.00822345 0)
(38.279 -0.0090665 0)
(38.2651 -0.0100085 0)
(38.2509 -0.0110969 0)
(38.2358 -0.0123059 0)
(38.22 -0.0137426 0)
(38.2028 -0.0155094 0)
(38.184 -0.0181956 0)
(38.164 -0.0222473 0)
(38.1429 -0.0277597 0)
(38.1213 -0.0344777 0)
(38.0989 -0.0421025 0)
(38.076 -0.050291 0)
(38.0519 -0.0587042 0)
(38.0267 -0.0672263 0)
(37.9998 -0.0757871 0)
(37.976 -0.0833603 0)
(37.9565 -0.0893241 0)
(37.9367 -0.0949974 0)
(37.9165 -0.100467 0)
(37.8958 -0.105681 0)
(37.8747 -0.110744 0)
(37.8533 -0.115558 0)
(37.8315 -0.120229 0)
(37.8095 -0.124698 0)
(37.7873 -0.128989 0)
(37.765 -0.133105 0)
(37.7426 -0.137044 0)
(37.7201 -0.140834 0)
(37.6976 -0.144438 0)
(37.6751 -0.147913 0)
(37.6527 -0.151196 0)
(37.6306 -0.154357 0)
(37.6085 -0.157316 0)
(37.5869 -0.160156 0)
(37.565 -0.162777 0)
(37.5444 -0.165284 0)
(37.5225 -0.167535 0)
(37.5036 -0.16969 0)
(37.4806 -0.171486 0)
(37.4656 -0.173317 0)
(44.8308 -0.213783 0)
(43.7135 -0.138622 0)
(42.7603 -0.102539 0)
(41.977 -0.0802182 0)
(41.3137 -0.0658937 0)
(40.7566 -0.0547415 0)
(40.2878 -0.0460918 0)
(39.893 -0.0394719 0)
(39.5602 -0.0341874 0)
(39.2771 -0.029875 0)
(39.0344 -0.0263418 0)
(38.8247 -0.0234614 0)
(38.6427 -0.0210367 0)
(38.4838 -0.018984 0)
(38.3446 -0.0172024 0)
(38.2218 -0.0156717 0)
(38.1131 -0.0143402 0)
(38.0162 -0.0131838 0)
(37.9296 -0.0121766 0)
(37.8519 -0.0112966 0)
(37.782 -0.0105115 0)
(37.7189 -0.00981455 0)
(37.6618 -0.00917248 0)
(37.6101 -0.00859721 0)
(37.563 -0.00806642 0)
(37.5201 -0.00758794 0)
(37.4808 -0.0071456 0)
(37.4449 -0.00675015 0)
(37.4118 -0.00638297 0)
(37.3814 -0.00605795 0)
(37.3534 -0.00575404 0)
(37.3275 -0.00548669 0)
(37.3035 -0.00523718 0)
(37.2814 -0.00501708 0)
(37.2607 -0.00481646 0)
(37.2415 -0.00464494 0)
(37.2236 -0.0044935 0)
(37.2068 -0.00437938 0)
(37.191 -0.00429185 0)
(37.1762 -0.00425213 0)
(37.1621 -0.00424995 0)
(37.1487 -0.00431472 0)
(37.1358 -0.00443234 0)
(37.1233 -0.00462841 0)
(37.1111 -0.00490542 0)
(37.099 -0.00527962 0)
(37.0871 -0.00577719 0)
(37.075 -0.0064002 0)
(37.0629 -0.00714409 0)
(37.0502 -0.00794978 0)
(37.0372 -0.00886204 0)
(37.0231 -0.00984193 0)
(37.0082 -0.010981 0)
(36.9916 -0.0123582 0)
(36.9733 -0.0146425 0)
(36.9533 -0.0183155 0)
(36.9321 -0.0235078 0)
(36.9101 -0.0299007 0)
(36.8869 -0.037177 0)
(36.8628 -0.0449525 0)
(36.837 -0.0528495 0)
(36.8093 -0.0607349 0)
(36.779 -0.0685452 0)
(36.7514 -0.0754409 0)
(36.7284 -0.0807561 0)
(36.7046 -0.0857204 0)
(36.6798 -0.0904343 0)
(36.6542 -0.0948457 0)
(36.6278 -0.0990919 0)
(36.6008 -0.103033 0)
(36.573 -0.106835 0)
(36.5448 -0.1104 0)
(36.5162 -0.113773 0)
(36.4872 -0.116953 0)
(36.458 -0.119945 0)
(36.4286 -0.122789 0)
(36.3992 -0.125429 0)
(36.3698 -0.127959 0)
(36.3404 -0.130275 0)
(36.3114 -0.132501 0)
(36.2823 -0.134497 0)
(36.254 -0.136418 0)
(36.2254 -0.13809 0)
(36.1982 -0.1397 0)
(36.1698 -0.14104 0)
(36.1447 -0.142332 0)
(36.1154 -0.143271 0)
(36.0947 -0.144297 0)
(43.3475 -0.186408 0)
(42.1189 -0.114708 0)
(41.1492 -0.0833745 0)
(40.3741 -0.0636641 0)
(39.7291 -0.0514222 0)
(39.1981 -0.0422697 0)
(38.7609 -0.0353264 0)
(38.3972 -0.0301298 0)
(38.0933 -0.0260202 0)
(37.8362 -0.022671 0)
(37.6178 -0.0199322 0)
(37.4297 -0.0177142 0)
(37.2672 -0.0158534 0)
(37.1255 -0.0142868 0)
(37.0019 -0.0129255 0)
(36.893 -0.0117564 0)
(36.7971 -0.0107377 0)
(36.7117 -0.00985274 0)
(36.6357 -0.00908442 0)
(36.5675 -0.00841575 0)
(36.5064 -0.00781998 0)
(36.4512 -0.00729287 0)
(36.4014 -0.00680507 0)
(36.3563 -0.00636698 0)
(36.3153 -0.00596131 0)
(36.2781 -0.00559551 0)
(36.2441 -0.00525559 0)
(36.2131 -0.00495284 0)
(36.1846 -0.00467042 0)
(36.1585 -0.00442254 0)
(36.1344 -0.00418953 0)
(36.1123 -0.00398673 0)
(36.0918 -0.00379699 0)
(36.0729 -0.00363082 0)
(36.0553 -0.00347999 0)
(36.039 -0.00335229 0)
(36.0237 -0.00324042 0)
(36.0095 -0.00315978 0)
(35.9961 -0.00310074 0)
(35.9835 -0.00308252 0)
(35.9714 -0.00309415 0)
(35.96 -0.00316595 0)
(35.9489 -0.00327911 0)
(35.9382 -0.00346325 0)
(35.9275 -0.00371164 0)
(35.917 -0.00404694 0)
(35.9063 -0.00448947 0)
(35.8956 -0.00504466 0)
(35.8845 -0.00569084 0)
(35.8727 -0.00637278 0)
(35.8604 -0.00712488 0)
(35.8471 -0.00790341 0)
(35.8327 -0.00876671 0)
(35.8163 -0.00979114 0)
(35.7982 -0.0117032 0)
(35.7779 -0.0150192 0)
(35.7564 -0.0199025 0)
(35.7335 -0.0259455 0)
(35.7088 -0.0328413 0)
(35.6825 -0.0401415 0)
(35.6533 -0.0474352 0)
(35.6212 -0.0545549 0)
(35.5849 -0.0614492 0)
(35.5511 -0.0674823 0)
(35.5223 -0.0719749 0)
(35.4923 -0.0760684 0)
(35.4606 -0.0798621 0)
(35.4279 -0.0833166 0)
(35.3939 -0.0865941 0)
(35.3591 -0.0895219 0)
(35.3235 -0.0923216 0)
(35.2873 -0.0948675 0)
(35.2507 -0.0972152 0)
(35.2137 -0.0993651 0)
(35.1766 -0.101333 0)
(35.1395 -0.103165 0)
(35.1025 -0.104792 0)
(35.0658 -0.106343 0)
(35.0293 -0.107662 0)
(34.9934 -0.108948 0)
(34.9577 -0.109973 0)
(34.9231 -0.110991 0)
(34.8883 -0.111729 0)
(34.8553 -0.112481 0)
(34.8213 -0.112952 0)
(34.791 -0.113442 0)
(34.7567 -0.113623 0)
(34.7313 -0.113938 0)
(41.7282 -0.16093 0)
(40.5353 -0.0952636 0)
(39.5824 -0.0674094 0)
(38.8262 -0.0502139 0)
(38.2102 -0.0399827 0)
(37.7112 -0.0325896 0)
(37.3072 -0.0270794 0)
(36.9742 -0.023029 0)
(36.6976 -0.0198454 0)
(36.4645 -0.0172549 0)
(36.2677 -0.0151384 0)
(36.0985 -0.0134309 0)
(35.953 -0.0120027 0)
(35.8263 -0.0108057 0)
(35.7161 -0.00976338 0)
(35.6192 -0.00886855 0)
(35.534 -0.00808763 0)
(35.4583 -0.00740876 0)
(35.3912 -0.00682069 0)
(35.331 -0.00631026 0)
(35.2772 -0.00585611 0)
(35.2287 -0.0054551 0)
(35.185 -0.0050826 0)
(35.1454 -0.00474722 0)
(35.1096 -0.00443558 0)
(35.0771 -0.00415451 0)
(35.0475 -0.00389213 0)
(35.0205 -0.00365928 0)
(34.9958 -0.00344104 0)
(34.9733 -0.00325105 0)
(34.9525 -0.00307147 0)
(34.9335 -0.00291672 0)
(34.9159 -0.00277169 0)
(34.8997 -0.00264544 0)
(34.8846 -0.00253134 0)
(34.8707 -0.00243559 0)
(34.8576 -0.00235253 0)
(34.8455 -0.00229538 0)
(34.834 -0.00225657 0)
(34.8233 -0.0022517 0)
(34.8129 -0.00227122 0)
(34.8031 -0.00234388 0)
(34.7934 -0.00244934 0)
(34.7841 -0.00261844 0)
(34.7747 -0.00283673 0)
(34.7653 -0.0031341 0)
(34.7557 -0.00352578 0)
(34.7459 -0.00401318 0)
(34.7355 -0.00456408 0)
(34.7244 -0.00513422 0)
(34.7126 -0.00574292 0)
(34.6997 -0.00634284 0)
(34.6855 -0.00695293 0)
(34.6692 -0.00766592 0)
(34.651 -0.0092351 0)
(34.6303 -0.0122172 0)
(34.6082 -0.01678 0)
(34.5835 -0.0224283 0)
(34.5565 -0.0288801 0)
(34.5264 -0.0355931 0)
(34.4919 -0.0421464 0)
(34.4529 -0.0483278 0)
(34.4076 -0.0541259 0)
(34.3652 -0.0591089 0)
(34.3285 -0.0626369 0)
(34.2903 -0.0657524 0)
(34.2501 -0.068541 0)
(34.2088 -0.0709845 0)
(34.1661 -0.0732596 0)
(34.1228 -0.0751707 0)
(34.0787 -0.0769856 0)
(34.0345 -0.0785674 0)
(33.99 -0.0799516 0)
(33.9456 -0.0811658 0)
(33.9015 -0.0822216 0)
(33.8577 -0.0831723 0)
(33.8145 -0.0839381 0)
(33.7719 -0.0846706 0)
(33.7299 -0.0851692 0)
(33.689 -0.0856994 0)
(33.6486 -0.0859461 0)
(33.6097 -0.0862694 0)
(33.571 -0.0862729 0)
(33.5345 -0.0863916 0)
(33.4971 -0.0862024 0)
(33.4639 -0.0861211 0)
(33.4269 -0.0857732 0)
(33.3991 -0.08561 0)
(40.1476 -0.139622 0)
(39.0135 -0.0796621 0)
(38.073 -0.0544312 0)
(37.3389 -0.0394642 0)
(36.7561 -0.0310149 0)
(36.2904 -0.025111 0)
(35.9188 -0.0207813 0)
(35.614 -0.0176399 0)
(35.3622 -0.0151783 0)
(35.1504 -0.0131775 0)
(34.9724 -0.0115422 0)
(34.8197 -0.0102265 0)
(34.6888 -0.0091303 0)
(34.5749 -0.00821341 0)
(34.4761 -0.00741311 0)
(34.3893 -0.0067265 0)
(34.3132 -0.00612607 0)
(34.2457 -0.00560389 0)
(34.186 -0.00515238 0)
(34.1325 -0.0047612 0)
(34.0848 -0.0044136 0)
(34.0418 -0.00410686 0)
(34.0032 -0.00382092 0)
(33.9682 -0.00356285 0)
(33.9367 -0.00332231 0)
(33.9081 -0.00310528 0)
(33.8821 -0.00290195 0)
(33.8586 -0.0027221 0)
(33.837 -0.00255281 0)
(33.8174 -0.00240655 0)
(33.7993 -0.00226755 0)
(33.7829 -0.00214897 0)
(33.7676 -0.00203743 0)
(33.7537 -0.00194108 0)
(33.7407 -0.00185422 0)
(33.7287 -0.00178186 0)
(33.7175 -0.00171994 0)
(33.7071 -0.0016791 0)
(33.6972 -0.00165483 0)
(33.688 -0.00165748 0)
(33.6789 -0.00168087 0)
(33.6705 -0.0017504 0)
(33.662 -0.00184614 0)
(33.6538 -0.00199829 0)
(33.6453 -0.00218656 0)
(33.6369 -0.00244829 0)
(33.6281 -0.00279049 0)
(33.6189 -0.00321053 0)
(33.609 -0.00367375 0)
(33.5983 -0.00414321 0)
(33.5868 -0.0046228 0)
(33.574 -0.00506291 0)
(33.5599 -0.00544813 0)
(33.5436 -0.00589376 0)
(33.5254 -0.00714949 0)
(33.5041 -0.00981157 0)
(33.4809 -0.0140161 0)
(33.4538 -0.019211 0)
(33.4233 -0.0251171 0)
(33.3874 -0.0310978 0)
(33.3456 -0.036762 0)
(33.2969 -0.0418573 0)
(33.2406 -0.0464541 0)
(33.1878 -0.0502831 0)
(33.1422 -0.0528088 0)
(33.0954 -0.0549531 0)
(33.0464 -0.0567862 0)
(32.9969 -0.0583029 0)
(32.9461 -0.0596887 0)
(32.8955 -0.0607254 0)
(32.8443 -0.0617191 0)
(32.7938 -0.0625347 0)
(32.7435 -0.0631428 0)
(32.6938 -0.063653 0)
(32.6451 -0.064018 0)
(32.5971 -0.0643347 0)
(32.5504 -0.0644879 0)
(32.5046 -0.0646395 0)
(32.4601 -0.0645672 0)
(32.4169 -0.0645862 0)
(32.3747 -0.0643034 0)
(32.3342 -0.0641762 0)
(32.2943 -0.063686 0)
(32.257 -0.0634165 0)
(32.2189 -0.0627892 0)
(32.1854 -0.0623752 0)
(32.1482 -0.0617095 0)
(32.1203 -0.0612884 0)
(38.656 -0.122929 0)
(37.5574 -0.0670573 0)
(36.6177 -0.0438223 0)
(35.9083 -0.0309097 0)
(35.36 -0.0240219 0)
(34.927 -0.0193534 0)
(34.5852 -0.0159746 0)
(34.306 -0.0135443 0)
(34.076 -0.0116419 0)
(33.8828 -0.0100964 0)
(33.7211 -0.00883251 0)
(33.5824 -0.00781738 0)
(33.464 -0.00697518 0)
(33.361 -0.00627147 0)
(33.2719 -0.00565527 0)
(33.1936 -0.00512704 0)
(33.1252 -0.00466411 0)
(33.0645 -0.00426148 0)
(33.011 -0.00391394 0)
(32.9632 -0.00361316 0)
(32.9206 -0.00334612 0)
(32.8822 -0.0031104 0)
(32.8478 -0.0028899 0)
(32.8167 -0.00269042 0)
(32.7887 -0.00250403 0)
(32.7633 -0.00233574 0)
(32.7404 -0.0021777 0)
(32.7196 -0.00203827 0)
(32.7007 -0.00190657 0)
(32.6835 -0.00179357 0)
(32.6677 -0.00168559 0)
(32.6534 -0.00159445 0)
(32.6401 -0.00150815 0)
(32.628 -0.00143438 0)
(32.6167 -0.00136782 0)
(32.6063 -0.00131274 0)
(32.5966 -0.00126635 0)
(32.5876 -0.00123696 0)
(32.579 -0.0012225 0)
(32.5711 -0.00122899 0)
(32.5632 -0.00125366 0)
(32.5558 -0.00131736 0)
(32.5482 -0.00140246 0)
(32.5409 -0.00153655 0)
(32.5332 -0.00169624 0)
(32.5255 -0.00192436 0)
(32.5172 -0.00221747 0)
(32.5085 -0.00257325 0)
(32.4989 -0.00295796 0)
(32.4885 -0.00333632 0)
(32.477 -0.00370136 0)
(32.4644 -0.00400028 0)
(32.4502 -0.00419346 0)
(32.4339 -0.00441613 0)
(32.4157 -0.00538542 0)
(32.3938 -0.00772627 0)
(32.3691 -0.0115163 0)
(32.3387 -0.0161892 0)
(32.3035 -0.0214269 0)
(32.2599 -0.0265456 0)
(32.2091 -0.0312206 0)
(32.1492 -0.0351825 0)
(32.0815 -0.0386081 0)
(32.0186 -0.0413118 0)
(31.9649 -0.042928 0)
(31.9106 -0.0442282 0)
(31.8543 -0.04528 0)
(31.7986 -0.0460645 0)
(31.742 -0.0467772 0)
(31.6867 -0.0471688 0)
(31.6312 -0.0475863 0)
(31.5775 -0.0478848 0)
(31.5243 -0.0479549 0)
(31.4726 -0.0480355 0)
(31.4223 -0.0479464 0)
(31.3732 -0.047899 0)
(31.3261 -0.0476703 0)
(31.2801 -0.0474689 0)
(31.2359 -0.0470609 0)
(31.1931 -0.0467862 0)
(31.1518 -0.0462001 0)
(31.1123 -0.0458263 0)
(31.0737 -0.0450581 0)
(31.0378 -0.0445938 0)
(31.0014 -0.0437187 0)
(30.9696 -0.0431607 0)
(30.9343 -0.0423334 0)
(30.9082 -0.0418223 0)
(37.2608 -0.109813 0)
(36.1546 -0.0566334 0)
(35.2096 -0.035117 0)
(34.527 -0.0241275 0)
(34.013 -0.0185877 0)
(33.6111 -0.0149242 0)
(33.2962 -0.0123005 0)
(33.0395 -0.0104219 0)
(32.8286 -0.00895121 0)
(32.6516 -0.00775653 0)
(32.5038 -0.00677957 0)
(32.3773 -0.00599595 0)
(32.2694 -0.00534806 0)
(32.1757 -0.00480715 0)
(32.0947 -0.00433161 0)
(32.0236 -0.00392433 0)
(31.9617 -0.00356664 0)
(31.9067 -0.00325565 0)
(31.8585 -0.0029876 0)
(31.8153 -0.00275575 0)
(31.777 -0.00254994 0)
(31.7424 -0.00236814 0)
(31.7115 -0.00219749 0)
(31.6836 -0.00204279 0)
(31.6586 -0.00189794 0)
(31.636 -0.00176703 0)
(31.6156 -0.00164394 0)
(31.5971 -0.00153554 0)
(31.5803 -0.00143289 0)
(31.5651 -0.00134531 0)
(31.5512 -0.00126122 0)
(31.5386 -0.00119101 0)
(31.527 -0.00112385 0)
(31.5164 -0.00106726 0)
(31.5065 -0.00101591 0)
(31.4975 -0.000973743 0)
(31.489 -0.000938714 0)
(31.4812 -0.000917428 0)
(31.4737 -0.000909303 0)
(31.4667 -0.000917363 0)
(31.4598 -0.000941514 0)
(31.4532 -0.000997734 0)
(31.4464 -0.00107179 0)
(31.4398 -0.00118761 0)
(31.4327 -0.00132125 0)
(31.4256 -0.00151708 0)
(31.4177 -0.00176272 0)
(31.4092 -0.00205934 0)
(31.3998 -0.00237386 0)
(31.3895 -0.00267119 0)
(31.3781 -0.00293771 0)
(31.3655 -0.00311554 0)
(31.3513 -0.00315091 0)
(31.3352 -0.00319291 0)
(31.3171 -0.00389723 0)
(31.2947 -0.00590446 0)
(31.2682 -0.00922057 0)
(31.2337 -0.013301 0)
(31.1929 -0.0177656 0)
(31.1405 -0.021961 0)
(31.0805 -0.0256408 0)
(31.0096 -0.028552 0)
(30.9324 -0.0309649 0)
(30.8612 -0.0326911 0)
(30.8018 -0.0335843 0)
(30.7424 -0.0342374 0)
(30.6819 -0.0347433 0)
(30.6231 -0.035025 0)
(30.564 -0.0353021 0)
(30.5072 -0.0352858 0)
(30.4507 -0.0353636 0)
(30.3969 -0.0353613 0)
(30.3438 -0.0351183 0)
(30.2932 -0.0349981 0)
(30.2442 -0.0346448 0)
(30.1969 -0.0344468 0)
(30.1519 -0.0339908 0)
(30.108 -0.0336163 0)
(30.0664 -0.0330423 0)
(30.0261 -0.0326306 0)
(29.9878 -0.0319022 0)
(29.9511 -0.0314202 0)
(29.9156 -0.0305292 0)
(29.8828 -0.0299871 0)
(29.8495 -0.0290076 0)
(29.821 -0.0284167 0)
(29.7889 -0.0275271 0)
(29.7657 -0.0270272 0)
(35.9504 -0.0991642 0)
(34.7897 -0.0477945 0)
(33.8404 -0.0279728 0)
(33.1867 -0.0187718 0)
(32.7058 -0.0143724 0)
(32.3327 -0.0115138 0)
(32.0417 -0.00948254 0)
(31.8047 -0.00803149 0)
(31.6104 -0.00689418 0)
(31.4474 -0.00597043 0)
(31.3115 -0.0052154 0)
(31.1954 -0.00461052 0)
(31.0967 -0.00411168 0)
(31.0108 -0.00369553 0)
(30.9367 -0.003328 0)
(30.8717 -0.00301353 0)
(30.8152 -0.0027368 0)
(30.7651 -0.00249637 0)
(30.7213 -0.00228939 0)
(30.6819 -0.00211037 0)
(30.6472 -0.00195137 0)
(30.6158 -0.00181083 0)
(30.5879 -0.00167843 0)
(30.5627 -0.00155821 0)
(30.5402 -0.00144546 0)
(30.5197 -0.00134343 0)
(30.5015 -0.00124746 0)
(30.4849 -0.00116303 0)
(30.4699 -0.00108295 0)
(30.4564 -0.00101492 0)
(30.4441 -0.000949333 0)
(30.4329 -0.000895102 0)
(30.4226 -0.000842692 0)
(30.4133 -0.000799196 0)
(30.4046 -0.000759308 0)
(30.3966 -0.000726924 0)
(30.3892 -0.000700156 0)
(30.3823 -0.000684701 0)
(30.3757 -0.000680329 0)
(30.3695 -0.000688686 0)
(30.3634 -0.000711047 0)
(30.3575 -0.000759118 0)
(30.3514 -0.000822139 0)
(30.3453 -0.000920128 0)
(30.3387 -0.00103065 0)
(30.3319 -0.00119561 0)
(30.3243 -0.00139701 0)
(30.3161 -0.00164014 0)
(30.3067 -0.0018928 0)
(30.2965 -0.0021203 0)
(30.2851 -0.00230481 0)
(30.2727 -0.00238335 0)
(30.2586 -0.00229352 0)
(30.2429 -0.00219302 0)
(30.2254 -0.00265075 0)
(30.2024 -0.00430837 0)
(30.174 -0.00710249 0)
(30.1352 -0.0105394 0)
(30.0883 -0.0141837 0)
(30.0277 -0.0174863 0)
(29.9597 -0.0202627 0)
(29.8803 -0.0223077 0)
(29.7969 -0.023936 0)
(29.7209 -0.0248968 0)
(29.659 -0.0252826 0)
(29.5976 -0.0254949 0)
(29.5364 -0.0256825 0)
(29.4777 -0.0256596 0)
(29.4192 -0.0257036 0)
(29.3641 -0.0254712 0)
(29.3095 -0.0253845 0)
(29.2583 -0.025239 0)
(29.208 -0.0248619 0)
(29.161 -0.0246849 0)
(29.1152 -0.024197 0)
(29.0719 -0.0239761 0)
(29.0304 -0.0233854 0)
(28.9905 -0.0229675 0)
(28.9529 -0.0223261 0)
(28.9166 -0.0218825 0)
(28.8824 -0.0211141 0)
(28.8499 -0.0206112 0)
(28.8185 -0.019691 0)
(28.7897 -0.0191407 0)
(28.7605 -0.01815 0)
(28.7358 -0.0175708 0)
(28.7077 -0.0166953 0)
(28.6882 -0.0162538 0)
(34.7033 -0.0901233 0)
(33.4506 -0.040167 0)
(32.5011 -0.02213 0)
(31.8788 -0.0145562 0)
(31.4289 -0.0111026 0)
(31.0818 -0.00888212 0)
(30.812 -0.00731312 0)
(30.5923 -0.00619309 0)
(30.4124 -0.00531392 0)
(30.2615 -0.00459991 0)
(30.1361 -0.00401696 0)
(30.0289 -0.00355045 0)
(29.9379 -0.00316627 0)
(29.8587 -0.00284613 0)
(29.7906 -0.00256194 0)
(29.7307 -0.00231904 0)
(29.6788 -0.00210489 0)
(29.6328 -0.00191903 0)
(29.5927 -0.00175912 0)
(29.5567 -0.00162081 0)
(29.5249 -0.00149784 0)
(29.4962 -0.00138908 0)
(29.4708 -0.00128626 0)
(29.4478 -0.00119276 0)
(29.4273 -0.00110496 0)
(29.4088 -0.00102539 0)
(29.3923 -0.000950579 0)
(29.3773 -0.000884765 0)
(29.3639 -0.000822318 0)
(29.3517 -0.0007694 0)
(29.3407 -0.000718229 0)
(29.3307 -0.000676236 0)
(29.3215 -0.000635304 0)
(29.3132 -0.000601805 0)
(29.3055 -0.00057064 0)
(29.2984 -0.000545729 0)
(29.2918 -0.000524966 0)
(29.2857 -0.000513687 0)
(29.2799 -0.000511562 0)
(29.2744 -0.000519326 0)
(29.2689 -0.000539064 0)
(29.2635 -0.000579111 0)
(29.2579 -0.000631378 0)
(29.2523 -0.00071262 0)
(29.246 -0.000802839 0)
(29.2396 -0.000939008 0)
(29.2322 -0.00110041 0)
(29.2241 -0.00129609 0)
(29.2148 -0.00149579 0)
(29.2048 -0.00166514 0)
(29.1935 -0.00178387 0)
(29.1813 -0.00178503 0)
(29.1677 -0.0016003 0)
(29.1528 -0.00139065 0)
(29.136 -0.00162002 0)
(29.113 -0.00291815 0)
(29.0828 -0.00516881 0)
(29.0402 -0.00795033 0)
(28.988 -0.0108006 0)
(28.9212 -0.0133192 0)
(28.848 -0.015349 0)
(28.7638 -0.0167537 0)
(28.6788 -0.0178279 0)
(28.6016 -0.0182428 0)
(28.5406 -0.0183139 0)
(28.4803 -0.0182605 0)
(28.4215 -0.018307 0)
(28.3656 -0.0181179 0)
(28.3104 -0.0180764 0)
(28.2593 -0.0177554 0)
(28.2088 -0.0176121 0)
(28.1621 -0.0174293 0)
(28.1164 -0.0170361 0)
(28.0744 -0.0168671 0)
(28.0332 -0.0163273 0)
(27.9951 -0.0161383 0)
(27.9581 -0.0154811 0)
(27.9234 -0.0150919 0)
(27.8902 -0.0144538 0)
(27.8592 -0.0140372 0)
(27.8294 -0.0132815 0)
(27.8018 -0.0128029 0)
(27.7747 -0.0119028 0)
(27.7506 -0.0113849 0)
(27.7256 -0.0104263 0)
(27.7053 -0.00988316 0)
(27.6813 -0.00905363 0)
(27.6657 -0.00868243 0)
(33.4951 -0.0820973 0)
(32.1265 -0.0335185 0)
(31.1833 -0.017378 0)
(30.5937 -0.0112478 0)
(30.1728 -0.00856313 0)
(29.8491 -0.00684554 0)
(29.598 -0.00563643 0)
(29.3935 -0.00477299 0)
(29.2263 -0.00409423 0)
(29.086 -0.00354314 0)
(28.9696 -0.00309383 0)
(28.8701 -0.0027347 0)
(28.7858 -0.00243911 0)
(28.7123 -0.00219308 0)
(28.6493 -0.00197348 0)
(28.5938 -0.00178604 0)
(28.5459 -0.00162049 0)
(28.5033 -0.00147698 0)
(28.4663 -0.00135352 0)
(28.4331 -0.00124673 0)
(28.4039 -0.00115166 0)
(28.3774 -0.0010675 0)
(28.3541 -0.000987686 0)
(28.3329 -0.000915027 0)
(28.3143 -0.000846719 0)
(28.2973 -0.000784724 0)
(28.2823 -0.000726483 0)
(28.2686 -0.000675208 0)
(28.2564 -0.00062658 0)
(28.2454 -0.000585406 0)
(28.2354 -0.000545519 0)
(28.2264 -0.00051296 0)
(28.2182 -0.000481016 0)
(28.2107 -0.000455172 0)
(28.2038 -0.000430721 0)
(28.1975 -0.000411537 0)
(28.1916 -0.00039521 0)
(28.1862 -0.000386929 0)
(28.1809 -0.000386046 0)
(28.176 -0.00039269 0)
(28.171 -0.000409445 0)
(28.1661 -0.00044208 0)
(28.1609 -0.000484281 0)
(28.1556 -0.000550191 0)
(28.1497 -0.00062269 0)
(28.1436 -0.000732809 0)
(28.1363 -0.000859008 0)
(28.1284 -0.00101371 0)
(28.1192 -0.00116956 0)
(28.1094 -0.00129212 0)
(28.0983 -0.00136028 0)
(28.0867 -0.00130464 0)
(28.0737 -0.00105337 0)
(28.06 -0.000763223 0)
(28.0445 -0.000785702 0)
(28.0219 -0.00172992 0)
(27.9908 -0.00344974 0)
(27.9459 -0.00561052 0)
(27.8904 -0.00775603 0)
(27.8207 -0.00964073 0)
(27.7459 -0.0111008 0)
(27.6615 -0.012076 0)
(27.5788 -0.0127858 0)
(27.5041 -0.0128452 0)
(27.4467 -0.0127468 0)
(27.39 -0.0125577 0)
(27.3362 -0.0125765 0)
(27.285 -0.0123046 0)
(27.2351 -0.0122738 0)
(27.1895 -0.011934 0)
(27.1445 -0.0117938 0)
(27.1035 -0.0116372 0)
(27.0634 -0.0112862 0)
(27.0272 -0.0111402 0)
(26.9911 -0.0106008 0)
(26.9587 -0.0104539 0)
(26.9265 -0.0098011 0)
(26.8977 -0.00946484 0)
(26.8691 -0.00885729 0)
(26.8437 -0.00850136 0)
(26.8183 -0.00778054 0)
(26.796 -0.00734918 0)
(26.7731 -0.00649578 0)
(26.754 -0.00603225 0)
(26.7331 -0.00512429 0)
(26.7174 -0.00463722 0)
(26.6974 -0.00385947 0)
(26.6857 -0.00355279 0)
(32.3039 -0.0747046 0)
(30.8073 -0.027711 0)
(29.8785 -0.0135362 0)
(29.322 -0.00865688 0)
(28.9278 -0.00658778 0)
(28.6252 -0.00526472 0)
(28.3907 -0.00433571 0)
(28.1996 -0.0036716 0)
(28.0436 -0.00314884 0)
(27.9126 -0.00272465 0)
(27.8042 -0.00237937 0)
(27.7113 -0.00210371 0)
(27.6329 -0.00187682 0)
(27.5644 -0.00168817 0)
(27.5057 -0.00151883 0)
(27.454 -0.00137454 0)
(27.4095 -0.00124687 0)
(27.3699 -0.00113634 0)
(27.3356 -0.00104121 0)
(27.3047 -0.000958933 0)
(27.2777 -0.000885561 0)
(27.2531 -0.000820564 0)
(27.2316 -0.000758737 0)
(27.212 -0.000702408 0)
(27.1948 -0.0006494 0)
(27.1791 -0.000601216 0)
(27.1654 -0.000555997 0)
(27.1528 -0.000516128 0)
(27.1417 -0.000478361 0)
(27.1316 -0.00044636 0)
(27.1226 -0.000415341 0)
(27.1144 -0.000390101 0)
(27.1069 -0.000365229 0)
(27.1001 -0.000345267 0)
(27.0939 -0.00032605 0)
(27.0882 -0.000311265 0)
(27.0829 -0.000298296 0)
(27.078 -0.000292172 0)
(27.0733 -0.000291865 0)
(27.0687 -0.000297178 0)
(27.0642 -0.00031092 0)
(27.0597 -0.000336905 0)
(27.0549 -0.00037013 0)
(27.0499 -0.000422408 0)
(27.0443 -0.00047954 0)
(27.0384 -0.000566717 0)
(27.0314 -0.000662869 0)
(27.0237 -0.000783257 0)
(27.0147 -0.000903797 0)
(27.0051 -0.000989922 0)
(26.9944 -0.0010211 0)
(26.9834 -0.000927516 0)
(26.9715 -0.000636258 0)
(26.9595 -0.000289791 0)
(26.9456 -0.000133071 0)
(26.9246 -0.000749176 0)
(26.8938 -0.00198492 0)
(26.8489 -0.00359813 0)
(26.7931 -0.0051626 0)
(26.7244 -0.00656718 0)
(26.6518 -0.00761793 0)
(26.5715 -0.00832778 0)
(26.4944 -0.00880874 0)
(26.4251 -0.0086602 0)
(26.3735 -0.00848906 0)
(26.3222 -0.00825048 0)
(26.2749 -0.00829908 0)
(26.2295 -0.00799101 0)
(26.1863 -0.00802645 0)
(26.147 -0.00769664 0)
(26.1082 -0.00759148 0)
(26.0734 -0.00748396 0)
(26.0393 -0.00719506 0)
(26.009 -0.00706394 0)
(25.9782 -0.00656234 0)
(25.9518 -0.00645579 0)
(25.9244 -0.00584569 0)
(25.9015 -0.00557296 0)
(25.8774 -0.00500796 0)
(25.8574 -0.00471981 0)
(25.8364 -0.0040431 0)
(25.819 -0.00366821 0)
(25.8004 -0.00287955 0)
(25.786 -0.00247326 0)
(25.769 -0.00163085 0)
(25.7577 -0.00120765 0)
(25.7416 -0.000477435 0)
(25.7338 -0.000240922 0)
(31.1097 -0.0677132 0)
(29.4834 -0.0226546 0)
(28.5774 -0.0104505 0)
(28.0536 -0.00663072 0)
(27.6839 -0.00504848 0)
(27.4003 -0.00403423 0)
(27.1808 -0.00332335 0)
(27.0017 -0.00281444 0)
(26.8556 -0.00241342 0)
(26.7329 -0.0020883 0)
(26.6315 -0.00182411 0)
(26.5446 -0.00161345 0)
(26.4713 -0.00143997 0)
(26.4071 -0.00129587 0)
(26.3522 -0.0011658 0)
(26.3039 -0.00105518 0)
(26.2623 -0.000957126 0)
(26.2253 -0.000872342 0)
(26.1933 -0.000799312 0)
(26.1644 -0.000736157 0)
(26.1393 -0.000679742 0)
(26.1164 -0.000629727 0)
(26.0964 -0.000582021 0)
(26.0781 -0.000538533 0)
(26.0622 -0.000497573 0)
(26.0476 -0.000460282 0)
(26.0349 -0.000425324 0)
(26.0233 -0.000394439 0)
(26.0131 -0.000365231 0)
(26.0038 -0.00034043 0)
(25.9955 -0.000316401 0)
(25.9879 -0.000296876 0)
(25.9811 -0.000277588 0)
(25.975 -0.000262168 0)
(25.9693 -0.000247077 0)
(25.9641 -0.00023568 0)
(25.9593 -0.000225324 0)
(25.9548 -0.000220753 0)
(25.9505 -0.00022061 0)
(25.9464 -0.000224602 0)
(25.9422 -0.000235513 0)
(25.938 -0.000255697 0)
(25.9335 -0.000281202 0)
(25.9289 -0.000321734 0)
(25.9235 -0.00036575 0)
(25.9179 -0.000433144 0)
(25.911 -0.00050451 0)
(25.9036 -0.000597027 0)
(25.8949 -0.000689683 0)
(25.8858 -0.000748365 0)
(25.8756 -0.000754149 0)
(25.8654 -0.000639531 0)
(25.8549 -0.000332091 0)
(25.845 4.95363e-05 0)
(25.8334 0.000350027 0)
(25.8153 1.73094e-05 0)
(25.7866 -0.000806273 0)
(25.7447 -0.00196637 0)
(25.6917 -0.00307926 0)
(25.6281 -0.00413584 0)
(25.561 -0.00490388 0)
(25.4882 -0.00545866 0)
(25.4191 -0.00579802 0)
(25.3574 -0.00554675 0)
(25.3128 -0.00536022 0)
(25.2682 -0.00512372 0)
(25.2283 -0.00521975 0)
(25.1893 -0.00490337 0)
(25.1533 -0.00502569 0)
(25.1203 -0.00471386 0)
(25.0883 -0.00465411 0)
(25.0594 -0.00459708 0)
(25.0315 -0.00436575 0)
(25.0065 -0.00424121 0)
(24.9813 -0.00380411 0)
(24.9603 -0.00372832 0)
(24.9379 -0.0031835 0)
(24.9202 -0.00297222 0)
(24.9008 -0.00244603 0)
(24.8857 -0.0022285 0)
(24.869 -0.00159887 0)
(24.8562 -0.00128533 0)
(24.8417 -0.000571222 0)
(24.8316 -0.000218937 0)
(24.8185 0.000541691 0)
(24.8113 0.000905436 0)
(24.7988 0.00158193 0)
(24.7948 0.00174707 0)
(29.8939 -0.0609949 0)
(28.1446 -0.0182803 0)
(27.2694 -0.00798841 0)
(26.7774 -0.00504748 0)
(26.4303 -0.00384698 0)
(26.1641 -0.00307421 0)
(25.9581 -0.00253335 0)
(25.7898 -0.00214554 0)
(25.6528 -0.00183971 0)
(25.5376 -0.00159205 0)
(25.4425 -0.00139114 0)
(25.3609 -0.00123116 0)
(25.2921 -0.00109928 0)
(25.2318 -0.00098986 0)
(25.1803 -0.000890523 0)
(25.1349 -0.000806238 0)
(25.0959 -0.00073139 0)
(25.0612 -0.000666746 0)
(25.0312 -0.000610999 0)
(25.0041 -0.000562802 0)
(24.9806 -0.000519676 0)
(24.9591 -0.000481413 0)
(24.9404 -0.000444827 0)
(24.9233 -0.000411462 0)
(24.9084 -0.000380013 0)
(24.8948 -0.000351335 0)
(24.883 -0.000324478 0)
(24.8722 -0.000300691 0)
(24.8627 -0.00027824 0)
(24.8541 -0.000259114 0)
(24.8464 -0.00024061 0)
(24.8395 -0.000225575 0)
(24.8332 -0.000210705 0)
(24.8275 -0.000198815 0)
(24.8223 -0.00018701 0)
(24.8176 -0.000178237 0)
(24.8131 -0.000169963 0)
(24.8091 -0.000166515 0)
(24.8051 -0.000166315 0)
(24.8013 -0.000169125 0)
(24.7975 -0.00017751 0)
(24.7936 -0.00019278 0)
(24.7894 -0.000211841 0)
(24.785 -0.000242548 0)
(24.7799 -0.000275611 0)
(24.7746 -0.000326319 0)
(24.768 -0.000377948 0)
(24.761 -0.000448316 0)
(24.7526 -0.000519232 0)
(24.744 -0.000558009 0)
(24.7345 -0.000547949 0)
(24.7253 -0.000426791 0)
(24.7164 -0.00012316 0)
(24.709 0.000273925 0)
(24.7003 0.000676403 0)
(24.6866 0.000569693 0)
(24.6621 7.36953e-05 0)
(24.6262 -0.000731349 0)
(24.5792 -0.00150828 0)
(24.5241 -0.00231731 0)
(24.465 -0.00289229 0)
(24.4025 -0.0033563 0)
(24.3426 -0.0036062 0)
(24.2901 -0.00332239 0)
(24.253 -0.00315019 0)
(24.2158 -0.00294224 0)
(24.1835 -0.0030802 0)
(24.1511 -0.00277613 0)
(24.1226 -0.00297615 0)
(24.0953 -0.00268317 0)
(24.0702 -0.00266692 0)
(24.0465 -0.00264983 0)
(24.0248 -0.00246732 0)
(24.0046 -0.00234562 0)
(23.985 -0.00198581 0)
(23.9687 -0.00193537 0)
(23.9513 -0.00146181 0)
(23.9383 -0.00130015 0)
(23.9234 -0.000816988 0)
(23.9126 -0.000664164 0)
(23.9 -8.42538e-05 0)
(23.8915 0.000168534 0)
(23.8808 0.000803503 0)
(23.8747 0.00110464 0)
(23.8652 0.00177718 0)
(23.8619 0.00208539 0)
(23.853 0.00269363 0)
(23.8525 0.00280003 0)
(28.6382 -0.0544889 0)
(26.7796 -0.0145273 0)
(25.9421 -0.00603685 0)
(25.4808 -0.00381098 0)
(25.1546 -0.00290802 0)
(24.9044 -0.002324 0)
(24.7109 -0.0019158 0)
(24.5526 -0.00162262 0)
(24.4239 -0.0013913 0)
(24.3155 -0.00120424 0)
(24.2263 -0.00105275 0)
(24.1494 -0.000932269 0)
(24.0848 -0.000832846 0)
(24.0279 -0.000750435 0)
(23.9796 -0.000675205 0)
(23.9368 -0.000611535 0)
(23.9001 -0.00055489 0)
(23.8674 -0.000506014 0)
(23.8392 -0.000463812 0)
(23.8137 -0.000427333 0)
(23.7916 -0.000394641 0)
(23.7714 -0.000365614 0)
(23.7538 -0.000337799 0)
(23.7377 -0.000312425 0)
(23.7238 -0.000288493 0)
(23.7111 -0.000266633 0)
(23.7 -0.000246177 0)
(23.6899 -0.000228012 0)
(23.6811 -0.000210901 0)
(23.673 -0.000196267 0)
(23.6659 -0.000182137 0)
(23.6594 -0.000170644 0)
(23.6536 -0.000159274 0)
(23.6483 -0.000150148 0)
(23.6435 -0.000140982 0)
(23.6391 -0.000134256 0)
(23.635 -0.000127677 0)
(23.6313 -0.000125045 0)
(23.6276 -0.000124703 0)
(23.6241 -0.000126532 0)
(23.6206 -0.00013276 0)
(23.617 -0.000143986 0)
(23.613 -0.00015782 0)
(23.6089 -0.000180537 0)
(23.6042 -0.000204677 0)
(23.5991 -0.000241677 0)
(23.5929 -0.000278096 0)
(23.5863 -0.000331088 0)
(23.5784 -0.000385159 0)
(23.5704 -0.0004101 0)
(23.5616 -0.000391855 0)
(23.5535 -0.000275431 0)
(23.5464 8.64428e-06 0)
(23.5418 0.000402048 0)
(23.5367 0.000862313 0)
(23.5288 0.000919397 0)
(23.5106 0.000666418 0)
(23.4833 0.000127299 0)
(23.445 -0.000407232 0)
(23.4009 -0.00103821 0)
(23.3517 -0.00147889 0)
(23.3011 -0.0018839 0)
(23.2511 -0.00207417 0)
(23.2085 -0.0018007 0)
(23.179 -0.001655 0)
(23.1494 -0.00148568 0)
(23.1245 -0.00165052 0)
(23.0986 -0.00137405 0)
(23.0774 -0.00162405 0)
(23.0551 -0.00135114 0)
(23.0369 -0.00137007 0)
(23.0177 -0.00138178 0)
(23.002 -0.00123658 0)
(22.9858 -0.00112193 0)
(22.9718 -0.000840129 0)
(22.9593 -0.000805317 0)
(22.9469 -0.000412705 0)
(22.9379 -0.000283539 0)
(22.9271 0.00015195 0)
(22.9204 0.000251176 0)
(22.9115 0.000777025 0)
(22.9068 0.000972963 0)
(22.8996 0.00152635 0)
(22.8974 0.00178027 0)
(22.8912 0.0023607 0)
(22.8915 0.00261042 0)
(22.8858 0.00314975 0)
(22.8886 0.00321564 0)
(27.3217 -0.0481723 0)
(25.374 -0.0113378 0)
(24.5802 -0.00449984 0)
(24.1481 -0.00284584 0)
(23.8417 -0.00217389 0)
(23.6066 -0.00173738 0)
(23.4248 -0.00143269 0)
(23.2758 -0.00121351 0)
(23.1549 -0.00104052 0)
(23.0529 -0.000900848 0)
(22.969 -0.000787929 0)
(22.8967 -0.00069825 0)
(22.8359 -0.000624138 0)
(22.7823 -0.000562777 0)
(22.7367 -0.00050646 0)
(22.6964 -0.000458927 0)
(22.6619 -0.000416559 0)
(22.631 -0.000380029 0)
(22.6045 -0.000348448 0)
(22.5804 -0.000321153 0)
(22.5595 -0.000296659 0)
(22.5405 -0.000274894 0)
(22.5239 -0.000254 0)
(22.5088 -0.000234934 0)
(22.4957 -0.000216942 0)
(22.4837 -0.000200479 0)
(22.4733 -0.000185082 0)
(22.4638 -0.000171373 0)
(22.4555 -0.000158483 0)
(22.4479 -0.000147413 0)
(22.4413 -0.000136749 0)
(22.4352 -0.000128059 0)
(22.4298 -0.000119463 0)
(22.4249 -0.000112518 0)
(22.4204 -0.000105481 0)
(22.4163 -0.000100364 0)
(22.4125 -9.51851e-05 0)
(22.4091 -9.31562e-05 0)
(22.4057 -9.2671e-05 0)
(22.4024 -9.37409e-05 0)
(22.3991 -9.81968e-05 0)
(22.3958 -0.000106189 0)
(22.3922 -0.000115912 0)
(22.3883 -0.000132294 0)
(22.3839 -0.000149365 0)
(22.3792 -0.000175439 0)
(22.3733 -0.000200463 0)
(22.3673 -0.000239904 0)
(22.3599 -0.000280928 0)
(22.3525 -0.000296732 0)
(22.3445 -0.000276017 0)
(22.3375 -0.000172093 0)
(22.3322 8.08882e-05 0)
(22.3306 0.000452528 0)
(22.3298 0.000928508 0)
(22.3288 0.00108977 0)
(22.3186 0.00100393 0)
(22.302 0.000656692 0)
(22.2742 0.000293792 0)
(22.2428 -0.00020396 0)
(22.2045 -0.000546708 0)
(22.1665 -0.000904449 0)
(22.1263 -0.00105244 0)
(22.094 -0.000812398 0)
(22.0717 -0.000695217 0)
(22.0499 -0.00056527 0)
(22.0317 -0.000739895 0)
(22.012 -0.000500622 0)
(21.9976 -0.000768419 0)
(21.9799 -0.000519105 0)
(21.968 -0.000562664 0)
(21.9527 -0.000591286 0)
(21.9425 -0.000476723 0)
(21.9298 -0.000373695 0)
(21.921 -0.000161888 0)
(21.9118 -0.000136834 0)
(21.9039 0.000171846 0)
(21.8983 0.000283649 0)
(21.8915 0.000665423 0)
(21.8882 0.000724072 0)
(21.8828 0.00118947 0)
(21.8816 0.00133539 0)
(21.8776 0.00180565 0)
(21.8788 0.00201613 0)
(21.8756 0.00250534 0)
(21.8792 0.00269524 0)
(21.8766 0.00316826 0)
(21.8824 0.00320715 0)
(25.9192 -0.0420409 0)
(23.9087 -0.00865631 0)
(23.1633 -0.00329705 0)
(22.7593 -0.00209332 0)
(22.4719 -0.00160028 0)
(22.2512 -0.00127894 0)
(22.0806 -0.00105495 0)
(21.9406 -0.000893606 0)
(21.8271 -0.000766246 0)
(21.7313 -0.00066358 0)
(21.6526 -0.000580721 0)
(21.5845 -0.00051501 0)
(21.5274 -0.00046062 0)
(21.4769 -0.000415645 0)
(21.434 -0.000374151 0)
(21.396 -0.000339228 0)
(21.3635 -0.000308044 0)
(21.3343 -0.000281169 0)
(21.3093 -0.00025791 0)
(21.2866 -0.000237808 0)
(21.2669 -0.000219748 0)
(21.2489 -0.000203688 0)
(21.2333 -0.000188247 0)
(21.219 -0.000174153 0)
(21.2067 -0.000160847 0)
(21.1954 -0.000148651 0)
(21.1856 -0.000137249 0)
(21.1766 -0.000127068 0)
(21.1689 -0.000117513 0)
(21.1617 -0.000109271 0)
(21.1555 -0.00010135 0)
(21.1498 -9.48812e-05 0)
(21.1447 -8.8484e-05 0)
(21.1401 -8.32698e-05 0)
(21.1359 -7.79542e-05 0)
(21.1321 -7.41129e-05 0)
(21.1286 -7.01003e-05 0)
(21.1254 -6.85283e-05 0)
(21.1222 -6.79472e-05 0)
(21.1192 -6.84673e-05 0)
(21.1162 -7.1521e-05 0)
(21.1131 -7.70053e-05 0)
(21.1097 -8.35912e-05 0)
(21.1062 -9.50737e-05 0)
(21.1021 -0.000106716 0)
(21.0978 -0.00012437 0)
(21.0924 -0.000141052 0)
(21.0869 -0.000169963 0)
(21.0801 -0.000200823 0)
(21.0733 -0.000210899 0)
(21.0661 -0.000191553 0)
(21.0602 -0.000104591 0)
(21.0567 0.000109847 0)
(21.0579 0.00044398 0)
(21.0617 0.000899361 0)
(21.0684 0.0011132 0)
(21.0674 0.00113187 0)
(21.0625 0.000918712 0)
(21.0463 0.000676315 0)
(21.0284 0.000284041 0)
(21.0011 1.71349e-05 0)
(20.9761 -0.000294531 0)
(20.9451 -0.000410872 0)
(20.923 -0.000213911 0)
(20.9071 -0.000122775 0)
(20.8928 -2.84416e-05 0)
(20.8806 -0.000197494 0)
(20.8669 1.06206e-06 0)
(20.8583 -0.000257524 0)
(20.8447 -3.68036e-05 0)
(20.8387 -9.36188e-05 0)
(20.8267 -0.000129517 0)
(20.8215 -4.06593e-05 0)
(20.8118 4.7161e-05 0)
(20.8077 0.000199551 0)
(20.8012 0.000221059 0)
(20.7975 0.000451431 0)
(20.7944 0.00054971 0)
(20.7915 0.000871512 0)
(20.791 0.000903958 0)
(20.7888 0.00130256 0)
(20.7907 0.00140719 0)
(20.7896 0.00179543 0)
(20.7938 0.00196635 0)
(20.7934 0.00236706 0)
(20.8 0.0025022 0)
(20.7999 0.00291049 0)
(20.8087 0.00292739 0)
(24.3975 -0.036098 0)
(22.3566 -0.00642909 0)
(21.6633 -0.00236217 0)
(21.2866 -0.00150781 0)
(21.0178 -0.00115304 0)
(20.8114 -0.000921446 0)
(20.6518 -0.000760258 0)
(20.5207 -0.000644007 0)
(20.4146 -0.00055224 0)
(20.3248 -0.000478388 0)
(20.2512 -0.000418888 0)
(20.1873 -0.000371773 0)
(20.1337 -0.00033271 0)
(20.0862 -0.000300456 0)
(20.046 -0.000270548 0)
(20.0102 -0.000245449 0)
(19.9797 -0.000222998 0)
(19.9523 -0.000203654 0)
(19.9287 -0.000186898 0)
(19.9073 -0.000172413 0)
(19.8888 -0.000159391 0)
(19.8718 -0.0001478 0)
(19.8571 -0.000136642 0)
(19.8437 -0.000126454 0)
(19.832 -0.000116834 0)
(19.8213 -0.000107999 0)
(19.8121 -9.9741e-05 0)
(19.8037 -9.23492e-05 0)
(19.7964 -8.5421e-05 0)
(19.7897 -7.94196e-05 0)
(19.7838 -7.36645e-05 0)
(19.7784 -6.89546e-05 0)
(19.7737 -6.42951e-05 0)
(19.7693 -6.04612e-05 0)
(19.7654 -5.65357e-05 0)
(19.7619 -5.37093e-05 0)
(19.7586 -5.06719e-05 0)
(19.7556 -4.94585e-05 0)
(19.7527 -4.88464e-05 0)
(19.7499 -4.89994e-05 0)
(19.7471 -5.09866e-05 0)
(19.7442 -5.45855e-05 0)
(19.7411 -5.88568e-05 0)
(19.7379 -6.66387e-05 0)
(19.7341 -7.42502e-05 0)
(19.7302 -8.56535e-05 0)
(19.7254 -9.63518e-05 0)
(19.7205 -0.000117102 0)
(19.7143 -0.000139973 0)
(19.7081 -0.000146601 0)
(19.7018 -0.000130774 0)
(19.6969 -6.2482e-05 0)
(19.6948 0.000109907 0)
(19.6986 0.000394584 0)
(19.707 0.0008012 0)
(19.7215 0.00102684 0)
(19.73 0.00110165 0)
(19.7371 0.000979306 0)
(19.7328 0.000821399 0)
(19.7282 0.000517235 0)
(19.7116 0.000312436 0)
(19.6989 4.97605e-05 0)
(19.6763 -4.16881e-05 0)
(19.6639 0.000110671 0)
(19.6538 0.000179375 0)
(19.6464 0.000243889 0)
(19.6394 9.2513e-05 0)
(19.6311 0.000250644 0)
(19.6275 2.03951e-05 0)
(19.6176 0.000207727 0)
(19.6167 0.000148288 0)
(19.6076 0.00011175 0)
(19.6067 0.000178799 0)
(19.5996 0.00024967 0)
(19.5996 0.000354993 0)
(19.5953 0.000374741 0)
(19.5954 0.000538338 0)
(19.5943 0.0006233 0)
(19.5948 0.000879762 0)
(19.5966 0.000898635 0)
(19.5974 0.00122604 0)
(19.6019 0.00129851 0)
(19.6033 0.00160837 0)
(19.6102 0.00174353 0)
(19.6121 0.00206053 0)
(19.6214 0.00215136 0)
(19.6234 0.00249391 0)
(19.6348 0.00248807 0)
(22.7091 -0.0303436 0)
(20.6762 -0.00460504 0)
(20.0383 -0.00164108 0)
(19.6887 -0.00105401 0)
(19.4388 -0.000805836 0)
(19.2468 -0.000643886 0)
(19.0985 -0.000531351 0)
(18.9765 -0.000450112 0)
(18.8778 -0.000385981 0)
(18.7942 -0.000334456 0)
(18.7256 -0.000293017 0)
(18.666 -0.000260258 0)
(18.6161 -0.00023305 0)
(18.5717 -0.000210621 0)
(18.5342 -0.000189724 0)
(18.5007 -0.000172238 0)
(18.4721 -0.000156571 0)
(18.4465 -0.000143071 0)
(18.4244 -0.000131371 0)
(18.4043 -0.000121252 0)
(18.387 -0.000112153 0)
(18.3711 -0.000104045 0)
(18.3573 -9.62333e-05 0)
(18.3446 -8.90965e-05 0)
(18.3337 -8.23588e-05 0)
(18.3237 -7.61579e-05 0)
(18.315 -7.03625e-05 0)
(18.3071 -6.51627e-05 0)
(18.3002 -6.02939e-05 0)
(18.2939 -5.60607e-05 0)
(18.2884 -5.20077e-05 0)
(18.2834 -4.86845e-05 0)
(18.2789 -4.53936e-05 0)
(18.2748 -4.266e-05 0)
(18.2712 -3.98524e-05 0)
(18.2679 -3.78345e-05 0)
(18.2648 -3.56101e-05 0)
(18.262 -3.46892e-05 0)
(18.2593 -3.41095e-05 0)
(18.2567 -3.40451e-05 0)
(18.2541 -3.52555e-05 0)
(18.2515 -3.74867e-05 0)
(18.2487 -4.01105e-05 0)
(18.2458 -4.51674e-05 0)
(18.2424 -4.98904e-05 0)
(18.2389 -5.68442e-05 0)
(18.2346 -6.33472e-05 0)
(18.2304 -7.77853e-05 0)
(18.2248 -9.43117e-05 0)
(18.2193 -9.88832e-05 0)
(18.2137 -8.73682e-05 0)
(18.2096 -3.73042e-05 0)
(18.2087 9.31431e-05 0)
(18.2146 0.000321234 0)
(18.2271 0.000660134 0)
(18.2488 0.000868321 0)
(18.2663 0.000964167 0)
(18.2848 0.000901034 0)
(18.2917 0.000802321 0)
(18.2995 0.000574254 0)
(18.2929 0.00042206 0)
(18.2914 0.0002112 0)
(18.2763 0.000140446 0)
(18.2726 0.000251454 0)
(18.2673 0.000301151 0)
(18.2663 0.00034235 0)
(18.2635 0.000216555 0)
(18.26 0.000337047 0)
(18.2605 0.000146492 0)
(18.2539 0.000297215 0)
(18.2573 0.000243215 0)
(18.2507 0.000210125 0)
(18.2534 0.00025873 0)
(18.2486 0.000312754 0)
(18.252 0.000382908 0)
(18.2495 0.000399556 0)
(18.2528 0.000510351 0)
(18.2531 0.000580798 0)
(18.2568 0.000771438 0)
(18.2603 0.000785219 0)
(18.2636 0.00103977 0)
(18.2701 0.00108888 0)
(18.2738 0.00132641 0)
(18.2827 0.00142986 0)
(18.2868 0.0016689 0)
(18.2982 0.00172787 0)
(18.3019 0.00200219 0)
(18.3156 0.00197292 0)
(20.7793 -0.0247665 0)
(18.7999 -0.00313637 0)
(18.2207 -0.00109028 0)
(17.8992 -0.000704712 0)
(17.6691 -0.000538329 0)
(17.4924 -0.000430034 0)
(17.3558 -0.00035491 0)
(17.2434 -0.000300645 0)
(17.1526 -0.000257805 0)
(17.0755 -0.000223441 0)
(17.0124 -0.000195855 0)
(16.9573 -0.000174087 0)
(16.9113 -0.000155976 0)
(16.8702 -0.000141073 0)
(16.8355 -0.000127125 0)
(16.8045 -0.000115487 0)
(16.778 -0.000105044 0)
(16.7542 -9.6043e-05 0)
(16.7338 -8.82413e-05 0)
(16.7151 -8.14884e-05 0)
(16.699 -7.54167e-05 0)
(16.6842 -7.00006e-05 0)
(16.6714 -6.47792e-05 0)
(16.6596 -6.00058e-05 0)
(16.6494 -5.55009e-05 0)
(16.6401 -5.13461e-05 0)
(16.632 -4.74627e-05 0)
(16.6246 -4.39712e-05 0)
(16.6182 -4.07035e-05 0)
(16.6123 -3.78539e-05 0)
(16.6072 -3.51277e-05 0)
(16.6025 -3.28893e-05 0)
(16.5983 -3.06685e-05 0)
(16.5945 -2.88077e-05 0)
(16.5911 -2.68913e-05 0)
(16.588 -2.55151e-05 0)
(16.5852 -2.39628e-05 0)
(16.5826 -2.32886e-05 0)
(16.5801 -2.27924e-05 0)
(16.5778 -2.26261e-05 0)
(16.5754 -2.32994e-05 0)
(16.573 -2.45796e-05 0)
(16.5705 -2.60791e-05 0)
(16.5679 -2.91851e-05 0)
(16.5649 -3.19205e-05 0)
(16.5619 -3.58526e-05 0)
(16.5582 -3.95049e-05 0)
(16.5546 -4.90916e-05 0)
(16.5497 -6.05442e-05 0)
(16.5448 -6.37993e-05 0)
(16.5399 -5.64223e-05 0)
(16.5365 -2.2599e-05 0)
(16.5363 6.90372e-05 0)
(16.5436 0.000238608 0)
(16.5592 0.000500124 0)
(16.5868 0.000672314 0)
(16.6119 0.000765347 0)
(16.6402 0.000738633 0)
(16.657 0.000680968 0)
(16.6755 0.000519004 0)
(16.6775 0.000411711 0)
(16.6859 0.000253206 0)
(16.6773 0.000200492 0)
(16.681 0.000275893 0)
(16.6797 0.000309827 0)
(16.6841 0.000334121 0)
(16.6845 0.000237537 0)
(16.6853 0.000324648 0)
(16.6889 0.000178531 0)
(16.6852 0.000291805 0)
(16.6919 0.000248131 0)
(16.6875 0.000220929 0)
(16.693 0.000254167 0)
(16.6902 0.000292504 0)
(16.6963 0.000337132 0)
(16.6953 0.000349609 0)
(16.701 0.000420864 0)
(16.7025 0.000475109 0)
(16.7086 0.000605973 0)
(16.7132 0.000618259 0)
(16.7187 0.000802181 0)
(16.7266 0.000835231 0)
(16.7321 0.00100737 0)
(16.7425 0.00108335 0)
(16.7482 0.00125123 0)
(16.7612 0.00128949 0)
(16.7662 0.00149534 0)
(16.7817 0.00144632 0)
(18.4753 -0.0193468 0)
(16.6062 -0.00198131 0)
(16.0902 -0.000675888 0)
(15.7992 -0.000439426 0)
(15.5912 -0.000335163 0)
(15.4314 -0.000267635 0)
(15.3079 -0.000220876 0)
(15.2062 -0.000187091 0)
(15.1241 -0.000160417 0)
(15.0544 -0.000139055 0)
(14.9972 -0.000121939 0)
(14.9473 -0.000108461 0)
(14.9056 -9.72273e-05 0)
(14.8683 -8.80025e-05 0)
(14.8367 -7.93321e-05 0)
(14.8085 -7.21171e-05 0)
(14.7844 -6.56356e-05 0)
(14.7627 -6.00459e-05 0)
(14.7441 -5.52027e-05 0)
(14.7271 -5.10056e-05 0)
(14.7123 -4.72345e-05 0)
(14.6988 -4.38661e-05 0)
(14.687 -4.06178e-05 0)
(14.6763 -3.7646e-05 0)
(14.6669 -3.48433e-05 0)
(14.6584 -3.22525e-05 0)
(14.651 -2.98305e-05 0)
(14.6442 -2.76492e-05 0)
(14.6383 -2.56076e-05 0)
(14.6329 -2.38233e-05 0)
(14.6282 -2.2116e-05 0)
(14.6239 -2.07133e-05 0)
(14.6201 -1.93177e-05 0)
(14.6166 -1.81393e-05 0)
(14.6134 -1.69225e-05 0)
(14.6106 -1.6049e-05 0)
(14.608 -1.5043e-05 0)
(14.6057 -1.45806e-05 0)
(14.6034 -1.42014e-05 0)
(14.6013 -1.40167e-05 0)
(14.5991 -1.43438e-05 0)
(14.597 -1.49995e-05 0)
(14.5948 -1.57719e-05 0)
(14.5926 -1.75295e-05 0)
(14.59 -1.89659e-05 0)
(14.5874 -2.09618e-05 0)
(14.5843 -2.2774e-05 0)
(14.5814 -2.86873e-05 0)
(14.5772 -3.60884e-05 0)
(14.573 -3.837e-05 0)
(14.5687 -3.435e-05 0)
(14.5658 -1.37972e-05 0)
(14.566 4.44766e-05 0)
(14.5736 0.000158666 0)
(14.591 0.000341735 0)
(14.6224 0.000468656 0)
(14.6529 0.000544247 0)
(14.6884 0.000537645 0)
(14.7128 0.000507504 0)
(14.7397 0.000401723 0)
(14.7488 0.000332028 0)
(14.7651 0.000223201 0)
(14.762 0.000186522 0)
(14.7716 0.000233287 0)
(14.7734 0.000254711 0)
(14.782 0.000267676 0)
(14.7849 0.000200415 0)
(14.789 0.000258964 0)
(14.7948 0.000156711 0)
(14.7935 0.00023457 0)
(14.8026 0.000203465 0)
(14.8001 0.000182798 0)
(14.8076 0.000203569 0)
(14.8064 0.000228554 0)
(14.8143 0.000255016 0)
(14.8146 0.000262952 0)
(14.8219 0.000305488 0)
(14.8242 0.000343503 0)
(14.832 0.000425065 0)
(14.8372 0.000435937 0)
(14.8442 0.000556029 0)
(14.8529 0.000578094 0)
(14.8596 0.000692502 0)
(14.8709 0.000745194 0)
(14.8777 0.000851026 0)
(14.8914 0.000877002 0)
(14.8973 0.00101676 0)
(14.9139 0.00095741 0)
(15.5306 -0.0141702 0)
(13.8495 -0.00110783 0)
(13.405 -0.00037245 0)
(13.1501 -0.00024323 0)
(12.9684 -0.000185054 0)
(12.8289 -0.000147659 0)
(12.7211 -0.000121821 0)
(12.6322 -0.000103157 0)
(12.5605 -8.84239e-05 0)
(12.4996 -7.66445e-05 0)
(12.4497 -6.7228e-05 0)
(12.406 -5.98298e-05 0)
(12.3694 -5.36539e-05 0)
(12.3368 -4.85941e-05 0)
(12.309 -4.38204e-05 0)
(12.2843 -3.98586e-05 0)
(12.2631 -3.62965e-05 0)
(12.244 -3.32224e-05 0)
(12.2276 -3.05611e-05 0)
(12.2126 -2.82516e-05 0)
(12.1996 -2.61788e-05 0)
(12.1877 -2.43248e-05 0)
(12.1773 -2.25369e-05 0)
(12.1678 -2.08999e-05 0)
(12.1595 -1.93575e-05 0)
(12.1519 -1.79286e-05 0)
(12.1454 -1.65925e-05 0)
(12.1393 -1.53874e-05 0)
(12.1341 -1.4259e-05 0)
(12.1293 -1.32713e-05 0)
(12.1251 -1.23254e-05 0)
(12.1213 -1.15483e-05 0)
(12.1179 -1.07722e-05 0)
(12.1148 -1.01129e-05 0)
(12.112 -9.42983e-06 0)
(12.1095 -8.93968e-06 0)
(12.1071 -8.36423e-06 0)
(12.1051 -8.08343e-06 0)
(12.103 -7.83523e-06 0)
(12.1012 -7.68702e-06 0)
(12.0994 -7.81368e-06 0)
(12.0976 -8.09326e-06 0)
(12.0957 -8.4303e-06 0)
(12.0938 -9.30061e-06 0)
(12.0917 -9.946e-06 0)
(12.0896 -1.07977e-05 0)
(12.0872 -1.1527e-05 0)
(12.0849 -1.47465e-05 0)
(12.0814 -1.89753e-05 0)
(12.078 -2.04271e-05 0)
(12.0744 -1.86989e-05 0)
(12.0719 -7.99533e-06 0)
(12.0721 2.39438e-05 0)
(12.0792 9.03883e-05 0)
(12.0964 0.000201434 0)
(12.1286 0.000281579 0)
(12.1613 0.00033262 0)
(12.2004 0.000334698 0)
(12.2293 0.000321636 0)
(12.2613 0.000261281 0)
(12.2754 0.000221686 0)
(12.2971 0.000156684 0)
(12.2983 0.000134065 0)
(12.3119 0.000159357 0)
(12.3159 0.00017136 0)
(12.3272 0.000177301 0)
(12.3318 0.000136761 0)
(12.3381 0.000171619 0)
(12.3454 0.000109204 0)
(12.3459 0.0001559 0)
(12.3563 0.000137126 0)
(12.3552 0.000123229 0)
(12.3639 0.000134409 0)
(12.3639 0.000148683 0)
(12.3727 0.000162424 0)
(12.3738 0.000166888 0)
(12.382 0.000189092 0)
(12.3847 0.000212238 0)
(12.3932 0.000256421 0)
(12.3985 0.000264684 0)
(12.4064 0.000332021 0)
(12.4149 0.000345987 0)
(12.4223 0.000411858 0)
(12.4334 0.000445053 0)
(12.4408 0.000500893 0)
(12.4542 0.000519511 0)
(12.4603 0.000599451 0)
(12.4769 0.000545227 0)
(11.3651 -0.00830138 0)
(10.003 -0.000465939 0)
(9.65183 -0.00015413 0)
(9.44758 -0.00010077 0)
(9.30283 -7.63517e-05 0)
(9.19177 -6.08173e-05 0)
(9.10607 -5.01187e-05 0)
(9.03541 -4.2401e-05 0)
(8.97843 -3.63151e-05 0)
(8.93001 -3.1461e-05 0)
(8.89035 -2.75912e-05 0)
(8.8556 -2.45594e-05 0)
(8.82651 -2.20257e-05 0)
(8.80047 -1.99555e-05 0)
(8.77837 -1.79968e-05 0)
(8.75865 -1.63757e-05 0)
(8.7417 -1.49177e-05 0)
(8.72648 -1.36588e-05 0)
(8.71331 -1.25704e-05 0)
(8.70133 -1.16245e-05 0)
(8.6909 -1.0777e-05 0)
(8.68133 -1.00179e-05 0)
(8.67299 -9.28626e-06 0)
(8.66534 -8.61583e-06 0)
(8.65869 -7.98507e-06 0)
(8.65259 -7.39936e-06 0)
(8.6473 -6.85184e-06 0)
(8.64244 -6.3573e-06 0)
(8.63823 -5.89414e-06 0)
(8.63434 -5.48825e-06 0)
(8.63096 -5.09919e-06 0)
(8.62784 -4.77947e-06 0)
(8.62509 -4.45915e-06 0)
(8.62256 -4.18547e-06 0)
(8.62031 -3.90133e-06 0)
(8.61827 -3.69725e-06 0)
(8.6164 -3.45387e-06 0)
(8.61474 -3.3281e-06 0)
(8.61311 -3.21142e-06 0)
(8.61167 -3.13227e-06 0)
(8.61022 -3.16301e-06 0)
(8.60883 -3.24473e-06 0)
(8.60739 -3.34901e-06 0)
(8.606 -3.66717e-06 0)
(8.60438 -3.87539e-06 0)
(8.60289 -4.1283e-06 0)
(8.60114 -4.31959e-06 0)
(8.59956 -5.62204e-06 0)
(8.59705 -7.41244e-06 0)
(8.59446 -8.09578e-06 0)
(8.59176 -7.62267e-06 0)
(8.58976 -3.5672e-06 0)
(8.58975 9.20468e-06 0)
(8.59513 3.74452e-05 0)
(8.60968 8.66e-05 0)
(8.63821 0.000123155 0)
(8.66816 0.000147584 0)
(8.70479 0.000150698 0)
(8.73307 0.000146846 0)
(8.76476 0.000121496 0)
(8.78044 0.000104963 0)
(8.80315 7.65311e-05 0)
(8.80709 6.62476e-05 0)
(8.82172 7.63644e-05 0)
(8.82663 8.14009e-05 0)
(8.83839 8.33037e-05 0)
(8.84339 6.55143e-05 0)
(8.85048 8.0898e-05 0)
(8.85792 5.29426e-05 0)
(8.8594 7.36811e-05 0)
(8.86964 6.54595e-05 0)
(8.86963 5.84543e-05 0)
(8.87795 6.28622e-05 0)
(8.87866 6.90228e-05 0)
(8.887 7.42466e-05 0)
(8.88852 7.6193e-05 0)
(8.8962 8.46429e-05 0)
(8.89887 9.5158e-05 0)
(8.90681 0.00011258 0)
(8.91145 0.000117266 0)
(8.91884 0.000144664 0)
(8.92614 0.000151622 0)
(8.93307 0.000179183 0)
(8.94264 0.000195286 0)
(8.94954 0.000215478 0)
(8.96098 0.000227099 0)
(8.96663 0.000257854 0)
(8.98125 0.000228115 0)
(5.69674 -0.0042041 0)
(4.87149 -7.43361e-05 0)
(4.66576 -2.44421e-05 0)
(4.54597 -1.58765e-05 0)
(4.46169 -1.18722e-05 0)
(4.39723 -9.39518e-06 0)
(4.34762 -7.7068e-06 0)
(4.30677 -6.4954e-06 0)
(4.2739 -5.54494e-06 0)
(4.24599 -4.79142e-06 0)
(4.22316 -4.19543e-06 0)
(4.20316 -3.73163e-06 0)
(4.18642 -3.34416e-06 0)
(4.17144 -3.02939e-06 0)
(4.15872 -2.73097e-06 0)
(4.14738 -2.48516e-06 0)
(4.13763 -2.26454e-06 0)
(4.12888 -2.07375e-06 0)
(4.12131 -1.90969e-06 0)
(4.11442 -1.76656e-06 0)
(4.10841 -1.63904e-06 0)
(4.1029 -1.52448e-06 0)
(4.0981 -1.41438e-06 0)
(4.0937 -1.31327e-06 0)
(4.08986 -1.21861e-06 0)
(4.08635 -1.1303e-06 0)
(4.0833 -1.04783e-06 0)
(4.0805 -9.73196e-07 0)
(4.07807 -9.0322e-07 0)
(4.07582 -8.41846e-07 0)
(4.07387 -7.8285e-07 0)
(4.07207 -7.34362e-07 0)
(4.07048 -6.85515e-07 0)
(4.06902 -6.43357e-07 0)
(4.06772 -5.99445e-07 0)
(4.06655 -5.67731e-07 0)
(4.06546 -5.29127e-07 0)
(4.06451 -5.06492e-07 0)
(4.06358 -4.84722e-07 0)
(4.06276 -4.67073e-07 0)
(4.06193 -4.65293e-07 0)
(4.06115 -4.67356e-07 0)
(4.06034 -4.73576e-07 0)
(4.05957 -5.10112e-07 0)
(4.05867 -5.26267e-07 0)
(4.05787 -5.37516e-07 0)
(4.05693 -5.30859e-07 0)
(4.0561 -7.17591e-07 0)
(4.05473 -1.00139e-06 0)
(4.0533 -1.13532e-06 0)
(4.05178 -1.1546e-06 0)
(4.05061 -6.91621e-07 0)
(4.05055 9.77248e-07 0)
(4.05353 5.23709e-06 0)
(4.06214 1.34584e-05 0)
(4.07943 1.99374e-05 0)
(4.09778 2.46107e-05 0)
(4.12048 2.58313e-05 0)
(4.13831 2.58169e-05 0)
(4.15838 2.20171e-05 0)
(4.16869 1.95165e-05 0)
(4.18341 1.48175e-05 0)
(4.18651 1.29748e-05 0)
(4.19601 1.44198e-05 0)
(4.19932 1.51853e-05 0)
(4.2069 1.53941e-05 0)
(4.21013 1.24112e-05 0)
(4.21486 1.50875e-05 0)
(4.21957 1.02033e-05 0)
(4.22077 1.3684e-05 0)
(4.22723 1.24947e-05 0)
(4.22747 1.08196e-05 0)
(4.23266 1.1365e-05 0)
(4.23329 1.25218e-05 0)
(4.23847 1.31143e-05 0)
(4.23951 1.3562e-05 0)
(4.24426 1.44471e-05 0)
(4.24593 1.64952e-05 0)
(4.25084 1.86367e-05 0)
(4.2536 2.00909e-05 0)
(4.25822 2.36446e-05 0)
(4.26251 2.5704e-05 0)
(4.26685 2.8952e-05 0)
(4.27256 3.35139e-05 0)
(4.27684 3.34686e-05 0)
(4.28365 3.97466e-05 0)
(4.2871 3.90866e-05 0)
(4.29599 2.49726e-05 0)
(0.000536045 -0.00042954 0)
(2.70344e-05 -7.16165e-06 -2.41715e-26)
(-0.00202103 -2.36988e-05 0)
(-0.00151908 -0.000440243 -1.85427e-26)
(-0.326448 0.000543373 0)
(-0.410986 9.04388e-05 0)
(-0.486876 8.55613e-05 0)
(-0.537809 8.47936e-05 0)
(-0.569235 7.71196e-05 0)
(-0.569577 -0.00118723 -1.61894e-25)
(-0.00131656 0.000775479 0)
(-0.0012023 -0.000371352 0)
(-0.289787 0.000249547 0)
(-0.00199728 0.000368966 0)
(-0.00171211 9.5605e-06 0)
(-0.00144923 0.000552303 0)
(0.00942093 0.000106063 0)
(0.107779 -0.0344051 0)
(0.15681 -8.5595e-05 0)
(0.216277 0.000565691 0)
(0.00159676 9.73463e-05 1.09445e-25)
(0.288582 -0.000505266 0)
(0.311927 1.67749e-05 1.43168e-23)
(0.330703 0.000722794 0)
(0.00188032 4.03091e-05 1.25187e-25)
(0.360927 -0.000729193 0)
(0.373645 -1.1773e-05 1.74824e-23)
(0.378908 -2.2464e-06 0)
(0.381031 0.000787837 0)
(0.00103549 -0.000518126 0)
(0.00196695 6.1124e-07 1.38852e-25)
(0.00194813 0.000439818 1.44109e-25)
(0.333991 -6.81731e-05 1.86841e-23)
(0.00183605 -5.61303e-05 1.48809e-25)
(0.294298 -7.1282e-05 1.84635e-23)
(0.00175487 -0.000385421 0)
(0.00169381 -1.38764e-06 0)
(0.00163869 -1.19933e-06 1.6017e-25)
(0.00160793 -7.69211e-07 1.60866e-25)
(0.0015804 -8.02668e-07 1.61519e-25)
(0.00154497 -1.04324e-06 1.63029e-25)
(0.00150781 -1.50577e-06 1.64457e-25)
(0.00142531 -1.89116e-06 1.71444e-25)
(0.00133684 -1.94994e-06 0)
(0.00122903 -1.3379e-06 1.92159e-25)
(0.00119843 -8.0481e-07 1.82317e-25)
(0.00139297 -3.4875e-06 1.367e-25)
(0.000870417 -2.40517e-06 3.33311e-25)
(0.00158608 -6.20559e-06 5.4015e-25)
(0.000135103 -1.36017e-06 5.88646e-26)
(0.00193275 -0.000776546 0)
(-0.00531068 0.000147378 1.71236e-27)
(-0.0403378 -0.0146978 1.28967e-23)
(-0.00140243 7.05558e-05 5.17522e-25)
(-0.00167905 -6.67374e-06 4.03085e-25)
(-0.00191559 -4.53562e-06 3.37942e-25)
(-0.00106436 -0.000175005 1.47907e-25)
(-0.132224 -8.30266e-05 0)
(-0.00122666 0.00017323 1.13166e-25)
(-0.00129261 -1.74673e-06 0)
(-0.00136274 -0.000263363 0)
(-0.198093 0.000362857 0)
(-0.212539 -5.67376e-06 -6.88321e-24)
(-0.227327 -0.000497527 0)
(-0.00156628 -3.23608e-05 0)
(-0.251248 0.000487134 0)
(-0.262274 -3.20225e-06 0)
(-0.272035 -0.000581098 0)
(-0.0017156 0.000360735 0)
(-0.00174306 -0.000394586 -2.48353e-26)
(-0.296755 0.00059528 0)
(-0.305912 1.18915e-06 0)
(-0.312144 -1.00971e-06 0)
(-0.316608 -1.51451e-06 -1.33444e-24)
(-0.319572 -2.0546e-06 0)
(-0.321281 -2.3437e-06 0)
(-0.321457 -2.84672e-06 0)
(-0.320852 -3.00589e-06 0)
(-0.318305 -4.6555e-06 0)
(-0.31399 -0.000641565 0)
(-0.00181155 0.000416429 -2.22106e-27)
(-0.00177109 3.47217e-07 0)
(-0.00175208 3.50878e-07 0)
(-0.00173309 3.71651e-07 -3.49881e-27)
(-0.00171262 3.95396e-07 0)
(-0.00169083 4.05108e-07 -5.65741e-27)
(-0.00167035 4.13928e-07 0)
(-0.00164692 4.03066e-07 0)
(-0.00162943 3.68364e-07 1.05608e-26)
(-0.00162083 -0.00032094 0)
(-0.244098 2.68143e-05 -1.6318e-24)
(-0.00157864 0.000321378 0)
(-0.00156542 -0.000293771 0)
(-0.223914 0.000473562 0)
(-0.224338 8.80739e-06 0)
(-0.214757 -0.000439861 0)
(-0.00149553 -2.53444e-05 -3.14676e-26)
(0.00714851 0.000264452 0)
(-0.00326573 1.27285e-05 2.83319e-24)
(-0.236418 0.000133337 0)
(-0.473269 0.00385901 -3.93867e-23)
(-0.964219 0.00413078 0)
(-1.19044 0.00183083 0)
(-1.38477 0.00144842 0)
(-1.50383 0.000978443 4.30197e-24)
(-1.56542 0.000406192 0)
(-1.54224 -0.00507078 1.28464e-25)
(-1.05341 -0.00641424 0)
(-0.955569 0.00297907 0)
(-0.830972 -0.000247824 0)
(-0.633498 -0.00287344 0)
(-0.472721 -0.000167371 0)
(-0.185001 -0.000473224 0)
(0.0502839 0.00158971 0)
(0.30262 0.0175537 0)
(0.483317 -0.00118158 0)
(0.659052 0.00130281 -2.13286e-22)
(0.555095 -0.000716481 -1.59042e-23)
(0.87378 -0.00280947 0)
(0.942448 -0.000358591 -2.02797e-23)
(0.995372 0.00281542 0)
(0.742463 -0.000311903 -2.38217e-23)
(1.07082 -0.00337719 0)
(1.09931 -0.000194619 -2.55487e-23)
(1.10662 -6.70147e-05 0)
(1.11019 0.00344208 0)
(0.766515 0.00431618 0)
(0.763646 -6.39193e-05 -2.66801e-23)
(0.723889 -0.00377216 3.95735e-22)
(0.959 3.8224e-05 -2.61121e-23)
(0.649272 0.000447534 -2.57825e-23)
(0.84261 5.3301e-05 -2.54343e-23)
(0.57299 0.00327735 0)
(0.542509 -1.84585e-05 0)
(0.504336 -1.70935e-05 -2.37538e-23)
(0.483139 -1.0457e-05 -2.32179e-23)
(0.4675 -7.35981e-06 -2.2896e-23)
(0.446022 -1.40045e-05 -2.25166e-23)
(0.421083 1.25751e-05 -2.18517e-23)
(0.381447 4.51616e-05 -3.77098e-22)
(0.33791 5.82306e-05 3.58247e-22)
(0.290171 6.2102e-05 -2.34151e-23)
(0.249676 -4.28383e-05 -2.38647e-23)
(0.235478 -1.72262e-05 -2.07769e-23)
(0.170763 4.65629e-05 -2.25901e-23)
(0.111193 2.74612e-05 -2.23241e-23)
(0.0762001 4.78698e-05 3.67989e-22)
(0.0174744 0.000639315 0)
(-0.0341652 -0.000134742 -1.62667e-23)
(-0.103576 0.0125904 -2.00548e-23)
(-0.124409 -0.000403579 -1.57121e-23)
(-0.166853 -5.83953e-06 -1.53434e-23)
(-0.210656 -2.38055e-05 -1.48873e-23)
(-0.250661 0.00143748 -1.44267e-23)
(-0.406079 3.82938e-05 0)
(-0.326656 -0.00149734 -1.30842e-23)
(-0.364289 -3.06793e-05 0)
(-0.395722 0.00217602 -1.86117e-22)
(-0.603007 0.00190787 0)
(-0.645216 0.000276376 -1.47866e-22)
(-0.687518 -0.00186595 0)
(-0.51903 0.000237717 -1.3123e-22)
(-0.756917 0.00232466 0)
(-0.787881 0.000192765 -1.04002e-22)
(-0.814872 -0.00231888 0)
(-0.599013 -0.00305188 0)
(-0.614257 0.00328057 4.32511e-24)
(-0.882927 0.00271191 -5.82101e-23)
(-0.906789 0.000143639 0)
(-0.922598 9.28252e-05 -3.95323e-23)
(-0.933417 6.04673e-05 1.98567e-24)
(-0.939989 3.22013e-05 -2.51101e-23)
(-0.942985 4.96647e-06 0)
(-0.941724 -1.91045e-05 -1.4826e-23)
(-0.938144 -4.41376e-05 0)
(-0.929373 -8.48189e-05 -8.63224e-24)
(-0.91554 -0.0028257 0)
(-0.637447 -0.0034915 3.64083e-25)
(-0.625791 -1.13668e-05 0)
(-0.611369 -1.05639e-05 -7.27894e-24)
(-0.597419 -9.88474e-06 5.74813e-25)
(-0.582587 -8.51352e-06 -1.15972e-23)
(-0.567404 -8.19429e-06 9.36468e-25)
(-0.553047 -5.94082e-06 -1.86102e-23)
(-0.537439 -5.2572e-06 0)
(-0.525412 -2.95177e-06 -1.74213e-24)
(-0.509515 0.00268645 0)
(-0.705484 -1.15931e-05 -3.67226e-23)
(-0.481924 -0.00269135 0)
(-0.473597 0.00247297 -5.18948e-23)
(-0.646065 0.0019484 0)
(-0.645667 -6.22608e-05 0)
(-0.618778 -0.00198876 7.4805e-23)
(-0.43784 0.000251542 4.93119e-24)
(0.0109274 -7.46292e-05 5.95611e-24)
(-0.0151687 0.00340308 0)
(-0.494163 0.00614069 0)
(-0.975588 0.0105676 3.73175e-23)
(-1.61881 0.0106538 0)
(-1.96027 0.00598967 0)
(-2.2384 0.00440745 0)
(-2.38145 0.00252802 -3.37486e-24)
(-2.42886 0.000469964 0)
(-2.3468 -0.00862305 0)
(-1.93348 -0.00945582 0)
(-1.70725 -0.00170112 0)
(-1.42994 -0.00387756 0)
(-1.07473 -0.00606977 0)
(-0.797651 -0.00563149 0)
(-0.338056 -0.00666863 0)
(0.100128 -0.0153225 7.60147e-22)
(0.498274 -0.00867033 0)
(0.772677 -0.00490177 4.8459e-22)
(1.07162 -0.000440029 1.58147e-22)
(1.10742 -0.00301196 0)
(1.46884 -0.00599491 0)
(1.60467 -0.00167464 1.1171e-21)
(1.71096 0.003645 0)
(1.55388 -0.00100562 0)
(1.83595 -0.00574109 0)
(1.87074 -0.000497768 0)
(1.86449 -0.000133812 0)
(1.86764 0.00557048 0)
(1.57954 0.005591 0)
(1.53823 0.000561766 0)
(1.4438 -0.00349992 -3.66357e-22)
(1.57022 0.000934422 -1.40979e-21)
(1.27166 0.00160505 0)
(1.36508 0.000960674 -1.32995e-21)
(1.10771 0.00472039 0)
(1.03869 0.00089132 0)
(0.956978 0.000744447 1.20474e-21)
(0.91096 0.000456387 0)
(0.879944 0.000454817 1.13795e-21)
(0.837614 0.00058066 0)
(0.783086 0.000784904 1.0598e-21)
(0.723654 0.000994045 2.78457e-22)
(0.650657 0.00106627 8.6867e-22)
(0.577525 0.000998743 0)
(0.507491 0.000665481 1.36855e-21)
(0.442392 0.00101089 0)
(0.34432 0.00145296 1.30963e-21)
(0.21454 0.00117323 0)
(0.152983 0.00105965 1.38524e-21)
(0.0251494 0.00115528 0)
(-0.065547 0.0030324 1.594e-21)
(-0.188162 -0.00523853 0)
(-0.243247 0.000606953 0)
(-0.326196 0.00104604 -7.51733e-22)
(-0.414573 0.00102415 0)
(-0.498862 0.00280151 7.37839e-22)
(-0.677484 0.000914315 0)
(-0.658117 -0.000953965 6.93611e-22)
(-0.738984 0.000825478 0)
(-0.809501 0.0035234 1.60329e-22)
(-1.02672 0.00374149 0)
(-1.10104 0.00109289 1.38246e-22)
(-1.17521 -0.00230172 0)
(-1.07592 0.000887107 1.19313e-22)
(-1.30086 0.00412835 0)
(-1.35423 0.000743071 9.55566e-23)
(-1.40133 -0.00323324 0)
(-1.25153 -0.0033256 0)
(-1.28707 0.00434538 2.65282e-22)
(-1.52222 0.00456151 5.54939e-23)
(-1.5608 0.000506336 1.84829e-22)
(-1.58677 0.00033457 3.80811e-23)
(-1.60403 0.000217717 0)
(-1.61399 0.000116526 2.44249e-23)
(-1.61777 1.87788e-05 0)
(-1.61433 -6.69507e-05 1.4552e-23)
(-1.60671 -0.000156872 0)
(-1.59026 -0.000294288 8.53815e-24)
(-1.56505 -0.00458257 0)
(-1.32777 -0.00446426 0)
(-1.30212 -0.000304319 0)
(-1.27157 -0.00032183 7.38211e-24)
(-1.24209 -0.0003294 0)
(-1.21053 -0.000336491 1.18723e-23)
(-1.17879 -0.000335691 0)
(-1.14846 -0.000329769 1.92604e-23)
(-1.11592 -0.000313357 0)
(-1.09031 -0.000298062 -1.16672e-22)
(-1.05796 0.00293066 1.43675e-22)
(-1.20004 -0.000280908 -1.23334e-22)
(-0.998225 -0.00351191 1.94269e-22)
(-0.979713 0.0027107 -1.65657e-22)
(-1.09599 0.00279765 2.54604e-22)
(-1.09293 -0.000268931 -2.75977e-22)
(-1.04755 -0.00324729 2.37732e-22)
(-0.901621 0.000292891 0)
(0.0154192 3.83708e-05 -7.18556e-24)
(-0.0317218 0.00914374 0)
(-0.724288 0.0171391 -3.10855e-22)
(-1.39815 0.0227302 0)
(-2.14376 0.0207336 0)
(-2.54976 0.012379 0)
(-2.86553 0.00852745 5.16349e-23)
(-3.00064 0.00414159 0)
(-3.01674 -0.000271984 0)
(-2.87999 -0.0131261 7.55633e-24)
(-2.50693 -0.0156131 0)
(-2.18703 -0.00687627 0)
(-1.88231 -0.0110486 -1.74772e-22)
(-1.34942 -0.0131492 0)
(-0.99967 -0.0131842 0)
(-0.422385 -0.0159644 -4.64133e-22)
(0.131438 -0.00861128 -7.14346e-22)
(0.608971 -0.0135886 0)
(0.960162 -0.0109356 -9.63013e-22)
(1.35489 -0.00460199 0)
(1.51617 -0.00744511 -1.103e-21)
(1.92247 -0.0110337 0)
(2.13369 -0.00454614 -8.08217e-22)
(2.30806 0.00325161 0)
(2.25483 -0.00241746 -2.20125e-21)
(2.4934 -0.00833865 2.30462e-21)
(2.52745 -0.000674925 -2.37173e-21)
(2.49612 3.1522e-06 0)
(2.49637 0.00775521 0)
(2.26669 0.00853464 0)
(2.16716 0.00227364 2.28229e-21)
(2.01611 -0.00310388 0)
(2.04813 0.00287385 3.05227e-21)
(1.75186 0.00378267 -1.98997e-21)
(1.76541 0.00275997 9.39957e-22)
(1.51222 0.00771189 1.86146e-21)
(1.40963 0.00253664 -1.77073e-21)
(1.2929 0.002114 -8.43823e-22)
(1.22408 0.00128606 -1.60996e-21)
(1.17905 0.00121618 -2.33967e-21)
(1.12286 0.00160248 -1.537e-21)
(1.04172 0.00190071 -7.16668e-22)
(0.978929 0.00221799 -1.53633e-21)
(0.891505 0.00243707 -2.42945e-21)
(0.807332 0.00239775 -1.79581e-21)
(0.712786 0.00223445 -2.76748e-21)
(0.59751 0.00272019 0)
(0.483195 0.00374365 -2.73298e-21)
(0.303264 0.00310622 -1.93375e-21)
(0.23132 0.0029526 -1.75952e-21)
(0.0313437 0.00349144 -2.4176e-21)
(-0.0864528 0.00240657 -6.05439e-21)
(-0.249366 0.00663311 -1.70644e-21)
(-0.325863 0.00200317 -1.04792e-21)
(-0.441372 0.00279338 5.24258e-22)
(-0.566528 0.00281353 -1.04623e-21)
(-0.688531 0.0052667 -1.56432e-21)
(-0.885797 0.00258982 0)
(-0.921232 -2.06615e-05 -1.49473e-21)
(-1.0423 0.00244728 -9.70536e-22)
(-1.15162 0.00615395 0)
(-1.37766 0.0063301 -8.75801e-22)
(-1.48294 0.00260917 0)
(-1.58863 -0.00202396 0)
(-1.55907 0.00219912 -7.29058e-22)
(-1.77421 0.00646014 0)
(-1.84982 0.00177647 -5.89033e-22)
(-1.91862 -0.00364386 0)
(-1.83838 -0.00386258 0)
(-1.89947 0.00656148 -6.37836e-22)
(-2.10028 0.00669944 0)
(-2.15242 0.00115993 -1.48119e-22)
(-2.18954 0.00078586 -2.45635e-22)
(-2.21428 0.000512666 0)
(-2.22887 0.000279505 -1.59203e-22)
(-2.23487 5.3812e-05 0)
(-2.23094 -0.000143965 0)
(-2.22094 -0.000357403 -7.25074e-23)
(-2.19828 -0.000670694 0)
(-2.16352 -0.00647351 -4.36521e-23)
(-1.97299 -0.00642214 0)
(-1.93582 -0.000827482 0)
(-1.89227 -0.000872208 -5.07332e-23)
(-1.85065 -0.000893615 0)
(-1.80541 -0.000915994 0)
(-1.76101 -0.000906367 -1.08513e-22)
(-1.71815 -0.000900329 0)
(-1.67241 -0.000849032 -1.74136e-22)
(-1.63638 -0.000809915 1.05664e-22)
(-1.59228 0.00355572 -1.31724e-22)
(-1.67808 -0.000829413 -1.50096e-22)
(-1.50213 -0.0051657 -1.80181e-22)
(-1.47502 0.00327344 -2.06936e-22)
(-1.53273 0.00341071 -2.36737e-22)
(-1.52612 -0.000661971 2.58009e-22)
(-1.46361 -0.0046463 -2.97145e-22)
(-1.35488 0.000323037 0)
(0.0205393 0.000301519 0)
(-0.0520916 0.0185758 0)
(-0.91185 0.0342855 2.3873e-22)
(-1.71715 0.0398969 0)
(-2.52427 0.0341789 0)
(-2.96625 0.0207779 0)
(-3.29951 0.0135741 -3.73057e-23)
(-3.42431 0.00561552 0)
(-3.41699 -0.00196381 0)
(-3.24534 -0.0187578 4.808e-24)
(-2.89126 -0.0233742 0)
(-2.51457 -0.0142893 0)
(-2.15584 -0.0210684 1.02006e-22)
(-1.55427 -0.0235136 0)
(-1.15315 -0.0239606 0)
(-0.490578 -0.0291646 2.94575e-22)
(0.122228 -0.027227 0)
(0.649717 -0.0226409 0)
(1.05841 -0.019661 4.53379e-22)
(1.52024 -0.0115325 0)
(1.77674 -0.0142852 7.69217e-22)
(2.21854 -0.0181767 0)
(2.49281 -0.00938818 0)
(2.72858 0.00102949 0)
(2.76789 -0.0047611 1.61487e-21)
(2.97981 -0.0110265 -1.71417e-21)
(3.01645 -0.00062381 1.77991e-21)
(2.96662 0.000452243 0)
(2.96321 0.00984961 0)
(2.77472 0.0119378 0)
(2.63272 0.00536071 -1.67967e-21)
(2.43877 -0.00122238 0)
(2.40351 0.00596167 -1.47099e-21)
(2.10736 0.00698613 1.4349e-21)
(2.06762 0.00550709 0)
(1.81286 0.0114422 -1.33393e-21)
(1.68647 0.00502751 1.26936e-21)
(1.547 0.00420724 0)
(1.45895 0.00259106 1.15025e-21)
(1.40149 0.00232672 1.10596e-21)
(1.33805 0.00312335 1.10181e-21)
(1.23597 0.00344271 0)
(1.17106 0.00375554 1.08193e-21)
(1.07404 0.00425025 1.13617e-21)
(0.976504 0.0043771 1.20681e-21)
(0.858058 0.00457839 1.17762e-21)
(0.724168 0.00518747 0)
(0.589562 0.00689454 1.22774e-21)
(0.379568 0.00581764 1.29959e-21)
(0.298992 0.00608656 0)
(0.0502572 0.00729931 1.42525e-21)
(-0.087934 0.00687468 3.43208e-21)
(-0.267504 0.00416053 9.49684e-22)
(-0.369468 0.00413488 7.55255e-22)
(-0.510023 0.00539621 0)
(-0.662844 0.0055024 7.47972e-22)
(-0.813273 0.00855913 7.42333e-22)
(-1.02406 0.00513325 0)
(-1.10232 0.00188448 7.07566e-22)
(-1.25461 0.00499049 6.88966e-22)
(-1.39457 0.00955363 0)
(-1.62706 0.00964551 6.21031e-22)
(-1.75691 0.00488916 0)
(-1.88806 -0.000831512 0)
(-1.91463 0.00423331 5.2168e-22)
(-2.12294 0.0092572 0)
(-2.2167 0.00335316 4.22118e-22)
(-2.30432 -0.00330194 0)
(-2.28197 -0.0035707 0)
(-2.36562 0.00898977 3.09288e-22)
(-2.53818 0.0089681 0)
(-2.60049 0.00212592 0)
(-2.64687 0.00147616 1.78793e-22)
(-2.678 0.000969738 0)
(-2.69679 0.000542682 1.16313e-22)
(-2.70513 0.000129 0)
(-2.70151 -0.000234581 0)
(-2.69021 -0.000638493 5.32465e-23)
(-2.66311 -0.00120694 0)
(-2.62217 -0.00826129 3.21796e-23)
(-2.47383 -0.00824476 0)
(-2.42949 -0.00159207 0)
(-2.37744 -0.00167113 3.80471e-23)
(-2.32825 -0.0017121 0)
(-2.27417 -0.00175208 0)
(-2.22253 -0.00171811 8.24492e-23)
(-2.1724 -0.00171517 0)
(-2.11935 -0.00160376 1.33975e-22)
(-2.07805 -0.00152183 0)
(-2.0285 0.00367942 0)
(-2.06525 -0.00167886 2.33844e-22)
(-1.91656 -0.00680425 0)
(-1.88499 0.0033242 3.30407e-22)
(-1.89089 0.00358148 0)
(-1.88132 -0.00126125 0)
(-1.80661 -0.00602002 0)
(-1.73352 0.000237566 0)
(0.0262223 0.000846349 0)
(-0.0770278 0.0325008 0)
(-1.0684 0.058582 0)
(-1.96263 0.0628364 0)
(-2.80712 0.0515491 0)
(-3.27274 0.0315414 0)
(-3.61703 0.0197845 -1.16747e-22)
(-3.7367 0.00707083 0)
(-3.71652 -0.00459175 -1.43166e-23)
(-3.52632 -0.0257752 6.67446e-24)
(-3.18484 -0.0331771 0)
(-2.77498 -0.0246651 -1.27045e-22)
(-2.35547 -0.0342022 0)
(-1.74217 -0.0370973 0)
(-1.29858 -0.0385997 0)
(-0.57737 -0.0465126 0)
(0.0632282 -0.0431016 0)
(0.629593 -0.0351317 0)
(1.08396 -0.0315699 -1.38265e-21)
(1.59492 -0.0216575 0)
(1.92509 -0.0239675 -2.28808e-21)
(2.39519 -0.0278843 0)
(2.72031 -0.0166173 0)
(3.00743 -0.0033948 0)
(3.12531 -0.00842196 0)
(3.32857 -0.0141286 0)
(3.37674 -0.000497054 0)
(3.32279 0.00116657 0)
(3.31852 0.0119905 0)
(3.1584 0.015961 0)
(2.99557 0.00984356 0)
(2.77428 0.00210518 0)
(2.69395 0.0102968 0)
(2.39842 0.0112978 0)
(2.32506 0.00932129 -4.25364e-21)
(2.06474 0.0161611 0)
(1.92097 0.00843488 3.92943e-21)
(1.76658 0.00711762 0)
(1.66169 0.00448682 0)
(1.59276 0.00383871 0)
(1.52495 0.00519971 0)
(1.40682 0.00552972 -3.13405e-21)
(1.3358 0.00572092 0)
(1.23054 0.00665348 -3.40338e-21)
(1.1191 0.00709449 -3.48474e-21)
(0.983544 0.00763975 0)
(0.844384 0.00847004 0)
(0.688603 0.0111217 0)
(0.457729 0.00941885 -3.58578e-21)
(0.358787 0.0101701 0)
(0.0902873 0.0119685 -3.38314e-21)
(-0.0626387 0.0108662 -6.64136e-21)
(-0.253205 0.00856596 0)
(-0.378005 0.00715186 0)
(-0.538705 0.00897001 0)
(-0.713083 0.00919783 -2.27052e-21)
(-0.885501 0.0128145 -2.23692e-21)
(-1.10658 0.00864889 0)
(-1.21837 0.00482268 -2.11163e-21)
(-1.39446 0.00854393 0)
(-1.55756 0.0138578 1.97465e-21)
(-1.79464 0.0137991 0)
(-1.94331 0.00801139 0)
(-2.09397 0.00130838 0)
(-2.16232 0.0070513 1.52494e-21)
(-2.36562 0.0126123 -1.37082e-21)
(-2.47323 0.00552611 1.22978e-21)
(-2.57567 -0.0021995 0)
(-2.59627 -0.00248781 1.00689e-21)
(-2.69572 0.0117284 0)
(-2.84724 0.0114192 7.44771e-22)
(-2.91634 0.00340754 0)
(-2.96888 0.00240851 0)
(-3.00421 0.00158898 0)
(-3.02558 0.000903078 3.35555e-22)
(-3.03508 0.000239206 0)
(-3.03114 -0.000346126 0)
(-3.01823 -0.00100935 0)
(-2.98743 -0.00190147 1.19381e-22)
(-2.94266 -0.00997376 9.20823e-23)
(-2.82495 -0.00998555 -8.5284e-23)
(-2.7756 -0.0025836 -9.41404e-23)
(-2.71731 -0.0027068 0)
(-2.66234 -0.00276996 0)
(-2.60183 -0.00282384 0)
(-2.54498 -0.00274492 0)
(-2.48964 -0.00274362 0)
(-2.43177 -0.00254309 3.8406e-22)
(-2.38678 -0.00240116 0)
(-2.33325 0.00334805 5.89905e-22)
(-2.33383 -0.00280435 6.69302e-22)
(-2.207 -0.00841028 8.21728e-22)
(-2.17244 0.00289244 0)
(-2.14057 0.00331603 0)
(-2.12839 -0.00205147 0)
(-2.04687 -0.00732508 0)
(-2.00123 1.30705e-05 0)
(0.0323955 0.00186655 0)
(-0.107959 0.052022 -6.8486e-22)
(-1.20557 0.0914016 0)
(-2.15984 0.0925171 0)
(-3.02668 0.0735504 0)
(-3.5103 0.0451574 0)
(-3.86406 0.027484 9.63634e-23)
(-3.98477 0.00868892 0)
(-3.96124 -0.00809673 2.28723e-23)
(-3.76535 -0.0342977 -2.27688e-23)
(-3.43683 -0.045281 0)
(-3.01027 -0.0385559 1.04069e-22)
(-2.54298 -0.0509815 0)
(-1.9379 -0.0541402 0)
(-1.45652 -0.0577099 0)
(-0.698648 -0.0685014 0)
(-0.0438156 -0.0618579 0)
(0.551672 -0.0515985 0)
(1.04466 -0.0472619 1.12556e-21)
(1.59383 -0.0355545 0)
(1.98411 -0.0370595 1.87533e-24)
(2.47883 -0.0406988 0)
(2.84719 -0.0267556 -2.656e-21)
(3.17905 -0.0105402 0)
(3.36533 -0.0139265 0)
(3.57569 -0.0181196 0)
(3.64633 -0.000656506 -4.51768e-21)
(3.60411 0.00194096 0)
(3.60489 0.0141683 -4.4969e-21)
(3.46967 0.0205873 0)
(3.30305 0.0156746 0)
(3.06793 0.00690152 -4.05722e-21)
(2.9588 0.0159864 -3.83179e-21)
(2.66548 0.016809 0)
(2.57094 0.0143537 -6.43434e-25)
(2.30331 0.0221139 -3.43349e-21)
(2.14573 0.0128866 -6.54394e-21)
(1.98037 0.0109845 -3.17822e-21)
(1.86016 0.00712252 -2.972e-21)
(1.78006 0.00584326 0)
(1.70781 0.0079123 -2.85922e-21)
(1.57783 0.00831516 -3.72853e-25)
(1.49694 0.0082734 0)
(1.38408 0.0097893 -4.14421e-25)
(1.26084 0.0106731 -5.05961e-25)
(1.11525 0.0115169 0)
(0.971255 0.0126827 -2.66567e-21)
(0.796793 0.0166662 0)
(0.550226 0.014191 -8.36353e-25)
(0.4295 0.015342 -3.44767e-21)
(0.155672 0.017768 2.3153e-21)
(-0.0108221 0.0155779 -1.24891e-24)
(-0.208178 0.0132618 -1.94013e-21)
(-0.353064 0.0112313 0)
(-0.530993 0.0136719 -1.86144e-21)
(-0.723273 0.0140533 -6.39199e-25)
(-0.913789 0.0181914 1.78051e-21)
(-1.14353 0.0132846 -1.69456e-21)
(-1.28291 0.00892624 -5.82609e-25)
(-1.47802 0.0132378 0)
(-1.6594 0.019209 -1.53417e-21)
(-1.90016 0.018921 0)
(-2.06398 0.012088 0)
(-2.2302 0.0044725 0)
(-2.3301 0.0107347 -2.32804e-21)
(-2.52988 0.0166236 2.08695e-21)
(-2.64855 0.00836879 -1.86792e-21)
(-2.76289 -0.000307679 0)
(-2.81514 -0.000630362 -7.59418e-22)
(-2.9251 0.0148504 0)
(-3.06144 0.0141143 -1.11657e-21)
(-3.13529 0.0050169 4.66364e-22)
(-3.19193 0.00358511 -3.85877e-22)
(-3.23004 0.00236621 0)
(-3.25299 0.00134917 -2.49311e-22)
(-3.26293 0.000366423 0)
(-3.25837 -0.000502626 -1.49418e-22)
(-3.24375 -0.00149686 1.12705e-22)
(-3.21002 -0.00277284 -1.75641e-22)
(-3.16301 -0.0116891 -6.77985e-23)
(-3.06599 -0.01175 1.90711e-25)
(-3.01263 -0.00383151 6.89089e-23)
(-2.9494 -0.00401439 -7.94209e-23)
(-2.88949 -0.00410201 1.01604e-22)
(-2.82378 -0.00416492 0)
(-2.76226 -0.00402143 0)
(-2.70224 -0.00401625 0)
(-2.6401 -0.00369755 -2.76346e-22)
(-2.59117 -0.00348741 0)
(-2.53298 0.00260753 -4.20488e-22)
(-2.50882 -0.00420652 -4.77708e-22)
(-2.39663 -0.0100625 -5.86551e-22)
(-2.35869 0.00204447 0)
(-2.3021 0.00267109 0)
(-2.2872 -0.00302592 0)
(-2.20221 -0.0085978 0)
(-2.17423 -0.000353664 1.11245e-21)
(0.0388733 0.00367709 0)
(-0.14681 0.0786345 7.02335e-22)
(-1.3306 0.134372 0)
(-2.3233 0.130041 -7.94312e-22)
(-3.20221 0.101035 5.58805e-22)
(-3.70127 0.0622678 0)
(-4.06518 0.0371367 0)
(-4.19324 0.010771 0)
(-4.17505 -0.0123264 -9.59025e-24)
(-3.98441 -0.044365 9.3523e-24)
(-3.67219 -0.0598853 0)
(-3.24186 -0.0563451 1.71007e-22)
(-2.74585 -0.0718675 0)
(-2.1542 -0.075235 0)
(-1.63929 -0.082051 0)
(-0.863152 -0.0957217 9.59281e-22)
(-0.203608 -0.0857482 0)
(0.416586 -0.0727505 0)
(0.943553 -0.0675277 1.91647e-21)
(1.52396 -0.0539927 -2.3957e-21)
(1.96565 -0.0543128 4.51352e-21)
(2.48342 -0.0573337 3.59639e-21)
(2.89062 -0.0404976 2.18342e-21)
(3.26348 -0.0210998 0)
(3.51124 -0.0219855 0)
(3.74177 -0.0236908 7.02049e-21)
(3.84601 -0.00171536 1.14803e-20)
(3.83146 0.0023549 0)
(3.84567 0.0161691 1.17032e-20)
(3.73835 0.0256198 0)
(3.58188 0.0227292 7.61181e-21)
(3.34514 0.0131566 1.0703e-20)
(3.21993 0.0231135 1.02186e-20)
(2.93155 0.0236229 6.53495e-21)
(2.82309 0.0207762 3.21195e-21)
(2.54898 0.0295591 9.09684e-21)
(2.37978 0.0185707 -2.88906e-21)
(2.20498 0.0159997 2.80675e-21)
(2.07073 0.0106867 7.87465e-21)
(1.9792 0.00848914 5.02542e-21)
(1.90067 0.0113767 7.53436e-21)
(1.76247 0.0119681 6.91994e-21)
(1.66964 0.0116043 4.59091e-21)
(1.54928 0.0137972 6.94804e-21)
(1.41658 0.0152034 6.88199e-21)
(1.26519 0.0163353 4.48619e-21)
(1.11368 0.018043 6.8108e-21)
(0.92355 0.0237243 0)
(0.665683 0.0204005 2.08401e-21)
(0.523127 0.0218352 7.28916e-21)
(0.251567 0.0249074 0)
(0.0694405 0.0212981 5.88492e-21)
(-0.130584 0.0188008 1.63937e-21)
(-0.294366 0.0165885 3.21292e-21)
(-0.487816 0.0197128 4.71349e-21)
(-0.695819 0.0202762 1.52655e-21)
(-0.902102 0.0248917 2.9667e-21)
(-1.13983 0.0192392 4.21678e-21)
(-1.30305 0.0143879 4.10698e-21)
(-1.51425 0.0192503 2.61972e-21)
(-1.71093 0.0257774 0)
(-1.9552 0.0251737 2.29503e-21)
(-2.13207 0.017269 -2.12911e-21)
(-2.31146 0.00878331 0)
(-2.43619 0.0153971 9.26721e-22)
(-2.63393 0.0214064 8.29736e-22)
(-2.76212 0.0119809 7.3953e-22)
(-2.88657 0.00243962 1.32046e-21)
(-2.96285 0.00203734 0)
(-3.08013 0.0184174 1.05052e-21)
(-3.20591 0.0171177 4.35242e-22)
(-3.28362 0.006985 3.63172e-22)
(-3.34346 0.00502485 2.99314e-22)
(-3.38388 0.00331208 0)
(-3.40821 0.00188256 0)
(-3.41864 0.000504029 2.99158e-22)
(-3.41373 -0.000718291 -1.14745e-22)
(-3.39788 -0.00211932 -8.64364e-23)
(-3.36228 -0.0038357 6.71712e-23)
(-3.31428 -0.0134658 1.03039e-22)
(-3.23139 -0.0136093 -4.70665e-23)
(-3.17494 -0.00537258 1.03878e-22)
(-3.10805 -0.00563506 6.01359e-23)
(-3.04409 -0.00575151 7.61996e-23)
(-2.97434 -0.00582111 1.95269e-22)
(-2.90875 -0.00559798 2.55691e-22)
(-2.84461 -0.0055829 0)
(-2.77862 -0.00512035 0)
(-2.72567 -0.00484328 -4.99643e-22)
(-2.66262 0.00145366 6.19008e-22)
(-2.62172 -0.00591087 -7.05298e-22)
(-2.5188 -0.0118435 0)
(-2.47723 0.0007992 0)
(-2.4049 0.00167534 1.15326e-21)
(-2.38714 -0.00419922 0)
(-2.30035 -0.00989905 0)
(-2.28272 -0.000869391 8.25048e-22)
(0.0452219 0.00679714 0)
(-0.195968 0.114298 2.97472e-21)
(-1.44781 0.189424 0)
(-2.4612 0.176727 -7.34413e-22)
(-3.34466 0.135093 -5.02497e-22)
(-3.85839 0.0837465 -5.76174e-22)
(-4.23435 0.0494139 0)
(-4.37609 0.0137992 -1.054e-22)
(-4.37146 -0.0169807 0)
(-4.1959 -0.0558978 2.31745e-23)
(-3.9048 -0.0771206 0)
(-3.48174 -0.0783142 -4.51201e-22)
(-2.97608 -0.097337 0)
(-2.39841 -0.101197 -8.30515e-22)
(-1.85516 -0.112475 0)
(-1.07703 -0.12893 -2.48281e-21)
(-0.418112 -0.115471 0)
(0.223884 -0.0995853 -2.66758e-21)
(0.781587 -0.0933834 -1.70256e-21)
(1.38853 -0.0779787 2.1052e-21)
(1.87584 -0.0767166 -2.60635e-21)
(2.41629 -0.0787316 -3.09742e-21)
(2.85997 -0.0587687 0)
(3.27194 -0.035991 0)
(3.57649 -0.0335448 0)
(3.83741 -0.0318099 -6.00389e-21)
(3.98531 -0.00460915 -6.6577e-21)
(4.01349 0.0016863 0)
(4.05159 0.0175117 -7.00521e-21)
(3.97909 0.0306399 0)
(3.84574 0.0307332 -6.94586e-21)
(3.61953 0.0207671 -6.55437e-21)
(3.4891 0.0317095 -6.32812e-21)
(3.20991 0.0318567 -6.03954e-21)
(3.09159 0.0287844 0)
(2.81424 0.0387677 -5.60262e-21)
(2.63522 0.0257452 5.33179e-21)
(2.45116 0.0224203 0)
(2.30412 0.01542 4.84458e-21)
(2.20045 0.0120024 -4.63889e-21)
(2.11297 0.0157594 4.59025e-21)
(1.96938 0.0166699 -4.24087e-21)
(1.86413 0.0159404 -4.14228e-21)
(1.73588 0.0188561 -4.11178e-21)
(1.59527 0.020822 -4.03546e-21)
(1.43944 0.0222944 -3.96396e-21)
(1.27846 0.024829 -3.97364e-21)
(1.07542 0.0325214 0)
(0.810763 0.0283251 0)
(0.646861 0.0298027 -3.76179e-21)
(0.382653 0.0335307 0)
(0.185851 0.0285625 -3.07546e-21)
(-0.0186801 0.0257069 5.78528e-21)
(-0.200639 0.0235108 -2.82172e-21)
(-0.40864 0.0273698 -2.7437e-21)
(-0.631085 0.02814 0)
(-0.851773 0.0331799 2.56107e-21)
(-1.0974 0.0267765 -2.41637e-21)
(-1.28206 0.0214665 -2.33622e-21)
(-1.50758 0.0268207 -2.22096e-21)
(-1.71785 0.0337889 -4.20725e-21)
(-1.96593 0.0327725 -1.92734e-21)
(-2.15478 0.0237571 -1.78259e-21)
(-2.34601 0.0144165 0)
(-2.4912 0.0211984 -3.06456e-21)
(-2.6884 0.027115 -1.36597e-21)
(-2.82547 0.0165001 -2.43269e-21)
(-2.95908 0.00614754 -3.24407e-21)
(-3.05439 0.00559077 0)
(-3.17737 0.0225189 -2.54753e-21)
(-3.2963 0.0205173 0)
(-3.37775 0.00936893 -1.7582e-21)
(-3.44069 0.00677014 0)
(-3.4836 0.00445787 -7.78694e-22)
(-3.5097 0.00252325 0)
(-3.52113 0.000661648 -7.18005e-22)
(-3.5166 -0.000992894 -1.83078e-22)
(-3.50036 -0.00288258 0)
(-3.46409 -0.0050974 -2.12573e-22)
(-3.41624 -0.0153477 -8.19841e-23)
(-3.34349 -0.015619 7.47577e-23)
(-3.285 -0.00723801 -8.19464e-23)
(-3.21573 -0.00760348 -1.87616e-22)
(-3.14882 -0.00775571 -1.20058e-22)
(-3.07621 -0.0078329 -1.5306e-22)
(-3.00735 -0.00751953 -5.98352e-22)
(-2.93984 -0.00748899 0)
(-2.87059 -0.00686024 -6.37261e-22)
(-2.81392 -0.00652274 3.86638e-22)
(-2.74641 -0.000128222 -1.42881e-21)
(-2.694 -0.00794779 5.45112e-22)
(-2.59701 -0.0138211 -1.32787e-21)
(-2.55192 -0.000843998 -1.53596e-21)
(-2.46946 0.000334366 -8.92523e-22)
(-2.44875 -0.00559501 -1.97224e-21)
(-2.36092 -0.0112853 0)
(-2.34892 -0.00154723 -1.27635e-21)
(0.0505821 0.0120805 -8.737e-22)
(-0.258202 0.16153 -6.38053e-21)
(-1.55972 0.258753 -2.19835e-21)
(-2.57847 0.234114 2.71858e-21)
(-3.46074 0.177084 0)
(-3.98943 0.110756 -7.45844e-24)
(-4.38013 0.0652597 -2.87613e-22)
(-4.5419 0.0185118 9.75851e-23)
(-4.55871 -0.0215338 0)
(-4.40734 -0.0686297 -3.71371e-23)
(-4.14298 -0.0969889 -9.06869e-23)
(-3.73712 -0.104624 2.76575e-22)
(-3.23835 -0.127849 4.68367e-22)
(-2.6751 -0.132982 7.7703e-22)
(-2.11012 -0.149868 -1.18099e-21)
(-1.34439 -0.168945 1.76699e-23)
(-0.687265 -0.151873 0)
(-0.0271623 -0.133384 9.68319e-24)
(0.558787 -0.126105 -3.1006e-21)
(1.18905 -0.108797 0)
(1.71802 -0.105547 -4.65419e-21)
(2.28149 -0.106116 -5.49803e-21)
(2.7606 -0.0827845 -6.55668e-21)
(3.211 -0.0564192 0)
(3.56915 -0.0498341 -9.16371e-21)
(3.86803 -0.0437615 -1.04835e-20)
(4.06766 -0.0106597 0)
(4.15172 -0.00118953 -1.25539e-20)
(4.22548 0.0173401 0)
(4.19699 0.0348927 -1.3121e-20)
(4.09997 0.0391364 -1.30541e-20)
(3.89736 0.0294504 0)
(3.77192 0.0416873 -1.21399e-20)
(3.50808 0.0416019 0)
(3.38258 0.0385702 0)
(3.10723 0.04999 -1.072e-20)
(2.92042 0.0347346 1.01946e-20)
(2.72687 0.0305738 -9.82759e-21)
(2.56822 0.0216277 -9.23939e-21)
(2.45139 0.0167027 -8.85355e-21)
(2.35214 0.021293 -1.73025e-20)
(2.20483 0.0226236 0)
(2.08759 0.0215491 -7.74486e-21)
(1.95082 0.0252046 0)
(1.80301 0.0277424 -7.3573e-21)
(1.64241 0.0296737 -7.21028e-21)
(1.47128 0.0333554 0)
(1.25795 0.0432935 -6.89188e-21)
(0.991179 0.0382674 0)
(0.806975 0.0394784 0)
(0.55207 0.0438025 -5.60717e-21)
(0.343062 0.0376696 0)
(0.129605 0.0344199 -1.05018e-20)
(-0.0700222 0.0323634 0)
(-0.292085 0.0369957 0)
(-0.528258 0.0379945 -4.73572e-21)
(-0.762631 0.0433951 -4.54151e-21)
(-1.01648 0.0362364 -4.28085e-21)
(-1.22104 0.030497 -4.11161e-21)
(-1.4599 0.0362602 0)
(-1.68283 0.0435357 7.31343e-21)
(-1.93539 0.0419963 0)
(-2.1358 0.0318185 -3.09024e-24)
(-2.33826 0.0216112 0)
(-2.50116 0.0283543 2.61157e-21)
(-2.69939 0.0339512 0)
(-2.84526 0.0221108 -2.12657e-24)
(-2.9877 0.0109692 1.82876e-21)
(-3.09887 0.0101521 0)
(-3.22698 0.027279 1.41871e-21)
(-3.34216 0.0244283 0)
(-3.42771 0.0122557 -9.74843e-25)
(-3.49414 0.00889001 0)
(-3.54012 0.0058578 6.47441e-22)
(-3.56871 0.00331107 0)
(-3.58199 0.000865766 7.93283e-22)
(-3.57876 -0.00131201 3.03257e-22)
(-3.56318 -0.00378108 0)
(-3.5275 -0.00655873 1.75548e-22)
(-3.48085 -0.0173664 -1.33678e-22)
(-3.41595 -0.0178218 1.20993e-22)
(-3.35656 -0.00945505 0)
(-3.2862 -0.00995109 1.53404e-22)
(-3.21748 -0.0101495 1.93937e-22)
(-3.14315 -0.0102392 -2.47478e-22)
(-3.07191 -0.00982924 3.24069e-22)
(-3.00189 -0.00977896 0)
(-2.93008 -0.00896467 1.03054e-21)
(-2.87019 -0.00857603 0)
(-2.79891 -0.00216196 1.03981e-24)
(-2.73841 -0.0103536 0)
(-2.64533 -0.0160565 8.91904e-25)
(-2.59701 -0.00290038 1.23322e-21)
(-2.50786 -0.00136459 1.44144e-21)
(-2.48415 -0.0072457 1.595e-21)
(-2.39559 -0.0128107 0)
(-2.38624 -0.0024081 -2.05865e-21)
(0.0534077 0.0209229 1.14079e-21)
(-0.336398 0.223517 1.03413e-20)
(-1.66767 0.344736 -2.17293e-21)
(-2.67824 0.303948 1.3327e-21)
(-3.55492 0.228696 0)
(-4.09958 0.144828 5.09436e-22)
(-4.50821 0.0859838 2.71761e-22)
(-4.69629 0.0260053 0)
(-4.74208 -0.0251335 -3.53207e-23)
(-4.62339 -0.0820188 3.19791e-23)
(-4.39184 -0.11928 -6.89518e-23)
(-4.01237 -0.135274 0)
(-3.53386 -0.163821 -4.47319e-22)
(-2.9871 -0.171598 0)
(-2.4086 -0.19512 -1.072e-21)
(-1.66682 -0.216695 1.41735e-21)
(-1.01135 -0.196366 0)
(-0.336975 -0.175695 2.33348e-21)
(0.275062 -0.167282 -2.8925e-21)
(0.926385 -0.148071 0)
(1.49425 -0.14243 4.2945e-21)
(2.08147 -0.141059 5.04066e-21)
(2.59584 -0.114126 -5.92581e-21)
(3.08472 -0.0839558 0)
(3.49446 -0.0724382 8.14206e-21)
(3.83669 -0.0611984 9.33145e-21)
(4.09365 -0.021628 0)
(4.24369 -0.00789816 1.14869e-20)
(4.36505 0.0142938 0)
(4.39078 0.0371375 1.23344e-20)
(4.34369 0.0469392 1.2487e-20)
(4.1793 0.0386035 0)
(4.06942 0.0527269 1.18946e-20)
(3.82939 0.052838 0)
(3.69984 0.050268 0)
(3.4332 0.0634083 1.05231e-20)
(3.24144 0.0459091 -1.0008e-20)
(3.0386 0.0408589 9.59335e-21)
(2.86946 0.0296978 0)
(2.73826 0.0230218 8.6641e-21)
(2.62473 0.0283004 8.36798e-21)
(2.47401 0.0300816 0)
(2.34541 0.0287501 7.4332e-21)
(2.19956 0.0331526 0)
(2.04463 0.0362633 6.89024e-21)
(1.8784 0.0388201 6.70872e-21)
(1.69736 0.0439657 0)
(1.47643 0.0562731 6.25844e-21)
(1.21183 0.0505359 0)
(1.00936 0.0511903 0)
(0.762091 0.0559851 5.22354e-21)
(0.54189 0.0489683 0)
(0.316746 0.0454321 4.87464e-21)
(0.0997648 0.0436034 0)
(-0.136197 0.0490348 0)
(-0.385767 0.0502809 4.32801e-21)
(-0.633524 0.0559658 0)
(-0.896187 0.0480515 3.88112e-21)
(-1.11976 0.0419071 3.70317e-21)
(-1.37152 0.0479653 0)
(-1.60677 0.0553889 -9.80055e-21)
(-1.86465 0.0532004 -5.96563e-21)
(-2.0767 0.0417953 2.72838e-21)
(-2.29029 0.0306822 -4.98541e-21)
(-2.46925 0.0371472 4.59165e-21)
(-2.6701 0.042175 -4.08478e-21)
(-2.82513 0.0290545 1.80467e-21)
(-2.97651 0.0171146 -3.19216e-21)
(-3.10167 0.0158982 2.82094e-21)
(-3.23502 0.0328614 -2.45072e-21)
(-3.3491 0.0289995 0)
(-3.43939 0.015767 -8.45882e-22)
(-3.51005 0.0114842 1.38463e-21)
(-3.55995 0.00759259 -1.11322e-21)
(-3.59195 0.00430849 0)
(-3.60807 0.00116192 -1.01859e-21)
(-3.60724 -0.00164547 5.17495e-22)
(-3.59345 -0.00479684 -3.85815e-22)
(-3.55963 -0.00821239 0)
(-3.5152 -0.0195407 -1.12205e-22)
(-3.45698 -0.0202481 -1.02673e-22)
(-3.39786 -0.0120473 -2.22081e-22)
(-3.32762 -0.0127073 0)
(-3.25824 -0.0129671 -4.8965e-22)
(-3.18329 -0.0130796 -2.06674e-22)
(-3.1106 -0.0125714 -5.42639e-22)
(-3.03893 -0.0124994 0)
(-2.96527 -0.0114838 -1.29675e-21)
(-2.90275 -0.0110554 0)
(-2.82842 -0.00468352 -6.39162e-22)
(-2.76216 -0.0131726 0)
(-2.67181 -0.0186092 -8.90993e-22)
(-2.62058 -0.00540113 2.0591e-21)
(-2.52692 -0.00345196 -3.63312e-21)
(-2.50013 -0.00919407 0)
(-2.41094 -0.014531 0)
(-2.40231 -0.00348266 -1.72395e-21)
(0.0510742 0.0355786 -3.05351e-21)
(-0.433005 0.304216 -1.48036e-20)
(-1.77201 0.449812 -3.81356e-23)
(-2.76268 0.388207 -5.11988e-21)
(-3.63046 0.292013 -1.77903e-21)
(-4.19245 0.187972 0)
(-4.62247 0.113384 5.40864e-22)
(-4.84295 0.0378653 0)
(-4.92488 -0.0264743 3.42715e-23)
(-4.8467 -0.0951258 -1.66946e-23)
(-4.65433 -0.143467 1.82149e-23)
(-4.30982 -0.170035 0)
(-3.86208 -0.205559 -8.23525e-22)
(-3.33573 -0.218012 0)
(-2.75333 -0.249115 3.73207e-23)
(-2.04337 -0.273244 0)
(-1.38993 -0.250633 0)
(-0.705028 -0.228382 0)
(-0.0690134 -0.218868 5.59642e-21)
(0.601545 -0.197834 0)
(1.20629 -0.189432 0)
(1.81831 -0.185577 0)
(2.36821 -0.15483 1.10508e-20)
(2.89603 -0.120635 0)
(3.35613 -0.103396 0)
(3.74556 -0.0862157 0)
(4.06304 -0.0397654 0)
(4.28546 -0.020642 0)
(4.46494 0.00637958 0)
(4.55486 0.0354846 0)
(4.57096 0.052478 0)
(4.46078 0.047092 0)
(4.3785 0.0640973 0)
(4.17317 0.0652817 0)
(4.04498 0.0638485 0)
(3.79491 0.0790628 0)
(3.60243 0.0596339 0)
(3.39176 0.0537286 0)
(3.21331 0.0401166 0)
(3.06665 0.0315221 0)
(2.93686 0.0372242 0)
(2.78179 0.039387 0)
(2.6421 0.0379354 0)
(2.48689 0.0430888 0)
(2.3246 0.0467689 0)
(2.15199 0.050142 0)
(1.96187 0.0570282 0)
(1.73607 0.0716927 0)
(1.47672 0.0654442 0)
(1.25873 0.0653768 0)
(1.01502 0.0705243 0)
(0.783576 0.0630152 0)
(0.545543 0.0593314 0)
(0.311375 0.0578023 0)
(0.0614431 0.0640426 0)
(-0.20145 0.065551 0)
(-0.462583 0.0714294 0)
(-0.734828 0.062768 0)
(-0.976949 0.0562374 0)
(-1.24158 0.0624377 -6.40754e-21)
(-1.48922 0.0698163 5.96678e-21)
(-1.75345 0.0668331 1.08881e-20)
(-1.97753 0.0541231 0)
(-2.20251 0.0420349 9.04065e-21)
(-2.39668 0.0479408 -4.13369e-21)
(-2.60175 0.0521187 7.35509e-21)
(-2.76658 0.0376435 0)
(-2.92738 0.0248632 5.71712e-21)
(-3.06555 0.0230696 -2.5081e-21)
(-3.20471 0.0394792 4.34979e-21)
(-3.32001 0.0344225 0)
(-3.41593 0.0200665 2.99952e-21)
(-3.49176 0.0146898 -1.22633e-21)
(-3.54659 0.00977516 1.97035e-21)
(-3.58308 0.00560552 0)
(-3.60317 0.00161886 1.1984e-21)
(-3.60589 -0.001944 -4.56388e-22)
(-3.59509 -0.00589664 6.78729e-22)
(-3.56439 -0.0100399 0)
(-3.52321 -0.0218756 3.96392e-22)
(-3.47123 -0.022916 0)
(-3.41356 -0.0150338 3.86326e-22)
(-3.34463 -0.0158995 0)
(-3.27571 -0.0162425 5.66575e-22)
(-3.20116 -0.0163951 3.63157e-22)
(-3.12795 -0.0157929 9.44484e-22)
(-3.05549 -0.015701 0)
(-2.98068 -0.0144732 1.5021e-21)
(-2.91613 -0.0140192 -9.05314e-22)
(-2.83949 -0.00774163 2.22417e-21)
(-2.76909 -0.0164582 0)
(-2.68082 -0.0215427 3.09403e-21)
(-2.62698 -0.00839278 -1.78495e-21)
(-2.53026 -0.00597478 4.20975e-21)
(-2.50032 -0.0114945 0)
(-2.41055 -0.0165079 0)
(-2.40131 -0.00481263 5.96969e-21)
(0.0393454 0.0596226 4.14737e-21)
(-0.549132 0.408418 -2.8425e-23)
(-1.87208 0.576321 -3.43016e-23)
(-2.83335 0.489137 2.52609e-21)
(-3.68985 0.369615 1.73729e-21)
(-4.27068 0.242811 0)
(-4.72563 0.149899 1.08502e-23)
(-4.98424 0.0563314 0)
(-5.10892 -0.0236402 2.062e-23)
(-5.07831 -0.106466 -9.02457e-24)
(-4.93145 -0.168556 1.88821e-23)
(-4.62988 -0.208355 0)
(-4.22105 -0.253158 8.20975e-22)
(-3.72051 -0.273035 0)
(-3.14473 -0.312713 4.01031e-23)
(-2.47074 -0.339836 0)
(-1.82081 -0.31661 -3.46818e-21)
(-1.12908 -0.293665 0)
(-0.471421 -0.283252 -5.42539e-21)
(0.216756 -0.260606 0)
(0.856426 -0.249163 -7.75098e-21)
(1.49445 -0.242244 -8.99473e-21)
(2.08052 -0.207505 0)
(2.64769 -0.169065 0)
(3.15734 -0.145325 0)
(3.59671 -0.121461 -1.55606e-20)
(3.976 -0.0678773 -1.76955e-20)
(4.27357 -0.0422521 0)
(4.51884 -0.00912528 0)
(4.6812 0.0272567 -2.22832e-20)
(4.77181 0.0532006 -2.32915e-20)
(4.73228 0.052969 0)
(4.69163 0.0743833 0)
(4.53436 0.0781344 -2.29115e-20)
(4.41663 0.0789308 0)
(4.19235 0.096726 -2.14454e-20)
(4.0053 0.0761624 0)
(3.79043 0.0696367 -1.9481e-20)
(3.60434 0.0534699 0)
(3.44173 0.0429085 -1.76009e-20)
(3.29445 0.0486591 0)
(3.13316 0.0510227 -1.55707e-20)
(2.98211 0.0495953 0)
(2.81744 0.0554882 0)
(2.64748 0.05973 -1.29478e-20)
(2.46804 0.0641074 -1.23875e-20)
(2.27003 0.0729344 0)
(2.04187 0.0898097 0)
(1.7891 0.0833472 -1.05116e-20)
(1.55832 0.0826074 -1.01288e-20)
(1.31355 0.0880588 0)
(1.07054 0.0804923 0)
(0.819058 0.0768294 0)
(0.567793 0.0756716 0)
(0.30366 0.0827114 0)
(0.0273425 0.0844922 0)
(-0.247351 0.0904578 -7.29745e-21)
(-0.530056 0.0810706 0)
(-0.790533 0.0741659 0)
(-1.06825 0.0803088 5.99865e-21)
(-1.32867 0.0874071 5.58391e-21)
(-1.6004 0.0834597 -5.07628e-21)
(-1.83716 0.0693527 0)
(-2.07407 0.056186 -4.19149e-21)
(-2.28315 0.0611987 -3.82575e-21)
(-2.49408 0.064205 -6.79435e-21)
(-2.66955 0.0482788 0)
(-2.8405 0.0345788 -5.25677e-21)
(-2.99136 0.0319835 0)
(-3.13717 0.0474064 -1.9831e-21)
(-3.25584 0.0409427 0)
(-3.35842 0.0253694 -2.73825e-21)
(-3.44051 0.0186899 0)
(-3.50142 0.0125589 -8.96265e-22)
(-3.54359 0.0073269 0)
(-3.56884 0.00233472 -5.4377e-22)
(-3.57636 -0.00213391 0)
(-3.56979 -0.00702751 -3.07056e-22)
(-3.54346 -0.0120071 0)
(-3.50663 -0.0243599 -1.78552e-22)
(-3.46092 -0.0258303 0)
(-3.4059 -0.0184278 -3.43401e-22)
(-3.33943 -0.0195516 0)
(-3.27208 -0.0200094 -5.04966e-22)
(-3.19895 -0.0202289 0)
(-3.12613 -0.0195446 -4.2352e-22)
(-3.05371 -0.0194404 0)
(-2.97847 -0.0179961 -1.34434e-21)
(-2.91249 -0.0175342 8.12228e-22)
(-2.83423 -0.0113983 -9.96858e-22)
(-2.76095 -0.0202739 0)
(-2.67443 -0.0249275 -1.384e-21)
(-2.61831 -0.0119369 0)
(-2.51958 -0.0089962 -3.76486e-21)
(-2.48646 -0.0142142 0)
(-2.39611 -0.0188122 0)
(-2.38539 -0.00645222 -1.14546e-24)
(0.0118303 0.0985987 0)
(-0.683409 0.541553 8.0146e-21)
(-1.96618 0.726409 4.2305e-21)
(-2.89137 0.609345 5.13254e-21)
(-3.73504 0.46469 -3.53838e-21)
(-4.33608 0.312743 0)
(-4.81934 0.198797 -5.35598e-22)
(-5.12122 0.084494 -3.61574e-22)
(-5.2945 -0.0139148 -2.05716e-23)
(-5.3176 -0.113832 9.1424e-24)
(-5.22212 -0.192925 1.13935e-22)
(-4.97068 -0.249225 0)
(-4.60705 -0.306403 0)
(-4.13841 -0.337205 -2.6421e-21)
(-3.57981 -0.386753 1.99415e-21)
(-2.94297 -0.417928 0)
(-2.29906 -0.396498 -3.41281e-21)
(-1.60424 -0.374176 0)
(-0.927687 -0.363325 5.40767e-21)
(-0.22351 -0.339482 0)
(0.448796 -0.324876 2.27832e-20)
(1.11367 -0.314339 8.78528e-21)
(1.73646 -0.275485 0)
(2.34344 -0.232569 0)
(2.90174 -0.201568 2.59871e-20)
(3.39283 -0.170288 -1.4582e-20)
(3.83392 -0.109416 4.95017e-20)
(4.20627 -0.0762381 0)
(4.52154 -0.0357226 0)
(4.76148 0.00891239 2.12138e-20)
(4.93433 0.0455107 6.7276e-20)
(4.98001 0.0531628 -4.60754e-20)
(4.99651 0.0811174 4.70388e-20)
(4.90271 0.0897081 6.95735e-20)
(4.80915 0.094468 4.58111e-20)
(4.62176 0.115679 2.19883e-20)
(4.4489 0.0954376 -4.21547e-20)
(4.23654 0.0889109 6.02281e-20)
(4.04582 0.0703966 0)
(3.86805 0.058014 5.44066e-20)
(3.70311 0.0633733 3.42441e-20)
(3.53333 0.0656578 -1.59447e-20)
(3.37021 0.0643536 2.96398e-20)
(3.19598 0.0709295 2.75932e-20)
(3.01802 0.0757118 1.29055e-20)
(2.83159 0.0812459 3.67252e-20)
(2.62696 0.0921102 2.33258e-20)
(2.39833 0.110952 0)
(2.15168 0.104702 3.11554e-20)
(1.91029 0.103597 2.98639e-20)
(1.66065 0.109405 -1.9037e-20)
(1.4058 0.102223 1.81703e-20)
(1.14054 0.0987966 1.73853e-20)
(0.872268 0.0980929 0)
(0.593618 0.1059 1.57742e-20)
(0.303666 0.107957 1.49111e-20)
(0.0151092 0.113887 7.02736e-21)
(-0.278988 0.103813 1.31388e-20)
(-0.557775 0.0965366 1.23421e-20)
(-0.848968 0.102367 0)
(-1.12272 0.108899 -5.31016e-21)
(-1.40315 0.103791 0)
(-1.65342 0.0881794 0)
(-1.903 0.0737901 0)
(-2.12713 0.0775099 3.60274e-21)
(-2.34558 0.0789704 3.20215e-21)
(-2.53274 0.0614704 0)
(-2.71475 0.0467285 2.47018e-21)
(-2.87841 0.0430493 4.3114e-21)
(-3.03192 0.0569938 0)
(-3.15597 0.0488755 0)
(-3.26636 0.0319566 1.28043e-21)
(-3.35594 0.0237264 0)
(-3.42418 0.0161488 0)
(-3.4733 0.00964193 1.31804e-21)
(-3.50502 0.00344569 0)
(-3.51862 -0.00210979 0)
(-3.51759 -0.0081102 0)
(-3.49693 -0.0140585 0)
(-3.46557 -0.0269624 0)
(-3.42655 -0.0289803 0)
(-3.37538 -0.0222339 1.57624e-22)
(-3.31254 -0.0236831 0)
(-3.24786 -0.0243001 2.32071e-22)
(-3.17715 -0.0246259 0)
(-3.10564 -0.0238821 0)
(-3.0341 -0.0237809 0)
(-2.95916 -0.0221255 6.18728e-22)
(-2.89237 -0.0216789 -1.48748e-21)
(-2.81318 -0.0157295 0)
(-2.73808 -0.0246948 0)
(-2.65321 -0.0288447 0)
(-2.59516 -0.01611 0)
(-2.49526 -0.0125957 1.72567e-21)
(-2.45903 -0.0174351 0)
(-2.36817 -0.021527 0)
(-2.35538 -0.00846987 -2.41714e-21)
(-0.0399957 0.160899 1.64487e-20)
(-0.831279 0.709065 0)
(-2.05155 0.901932 0)
(-2.9374 0.751945 -1.03175e-20)
(-3.76741 0.58117 7.11842e-21)
(-4.3896 0.402124 0)
(-4.90408 0.264387 0)
(-5.25348 0.12652 7.36251e-22)
(-5.48015 0.00643378 0)
(-5.56192 -0.114097 0)
(-5.52275 -0.214143 1.50114e-22)
(-5.32741 -0.291027 0)
(-5.01379 -0.364653 0)
(-4.58296 -0.410698 5.31055e-21)
(-4.05115 -0.472045 3.8793e-21)
(-3.45074 -0.509219 5.27977e-21)
(-2.81599 -0.492786 7.04041e-21)
(-2.12179 -0.473001 0)
(-1.42975 -0.462564 1.07346e-20)
(-0.711352 -0.438218 0)
(-0.00934622 -0.420574 -1.51313e-20)
(0.682495 -0.405965 1.7255e-20)
(1.34187 -0.362978 1.96953e-20)
(1.98855 -0.315359 2.22296e-20)
(2.59469 -0.276352 -2.50614e-20)
(3.13818 -0.236911 2.79821e-20)
(3.63995 -0.168639 -3.13002e-20)
(4.08447 -0.126877 0)
(4.47066 -0.0777148 0)
(4.78947 -0.0239542 0)
(5.04763 0.0247534 -3.64129e-23)
(5.18807 0.0432676 4.48853e-20)
(5.27675 0.0803848 -4.6459e-20)
(5.26228 0.0969308 -3.54312e-24)
(5.21109 0.108265 -4.6485e-20)
(5.07417 0.134335 4.52095e-20)
(4.92764 0.116754 4.36102e-20)
(4.72832 0.111496 -4.17198e-20)
(4.53858 0.091441 0)
(4.34877 0.0777166 2.24139e-23)
(4.16767 0.0822946 -3.55692e-20)
(3.98754 0.0841817 6.6116e-20)
(3.81149 0.0830114 -3.05477e-20)
(3.62742 0.0901277 2.57211e-23)
(3.44108 0.0953952 2.6194e-20)
(3.24751 0.10217 -2.45937e-20)
(3.03734 0.115046 -2.32773e-20)
(2.8092 0.135574 2.20548e-20)
(2.56687 0.130128 -2.07875e-20)
(2.31641 0.129212 -1.98515e-20)
(2.05936 0.135549 3.79168e-20)
(1.79252 0.129209 -1.80294e-20)
(1.5133 0.126298 -1.71959e-20)
(1.22818 0.126152 1.63573e-20)
(0.934685 0.134671 -1.54995e-20)
(0.630845 0.136999 -1.46118e-20)
(0.328063 0.142753 0)
(0.0216437 0.132053 -1.28256e-20)
(-0.27544 0.124394 -1.20032e-20)
(-0.580559 0.129592 0)
(-0.868315 0.135211 0)
(-1.15868 0.128714 -9.39871e-21)
(-1.42333 0.111474 -8.52662e-21)
(-1.68642 0.0956717 7.69879e-21)
(-1.92599 0.0976204 0)
(-2.15369 0.0970972 0)
(-2.35373 0.0778682 -5.43483e-21)
(-2.54787 0.0619077 0)
(-2.72481 0.0567895 -8.24069e-21)
(-2.88719 0.0686887 -3.55892e-21)
(-3.01858 0.0586249 -2.97341e-21)
(-3.13802 0.0401901 0)
(-3.2364 0.0301148 -2.00231e-21)
(-3.31332 0.0208157 0)
(-3.37075 0.0127773 -1.25611e-21)
(-3.4103 0.00513728 9.63037e-22)
(-3.43135 -0.00172472 -7.27194e-22)
(-3.43721 -0.00903048 -5.35426e-22)
(-3.42356 -0.0161093 0)
(-3.3989 -0.0296264 0)
(-3.36721 -0.032336 -2.65853e-22)
(-3.32113 -0.0264446 0)
(-3.26311 -0.028306 -3.31623e-22)
(-3.20223 -0.0291443 -4.27147e-22)
(-3.13496 -0.0296323 0)
(-3.06573 -0.0288661 -7.22363e-22)
(-2.99593 -0.0287946 0)
(-2.92204 -0.026946 0)
(-2.85513 -0.026545 1.40169e-21)
(-2.77571 -0.0208266 1.71617e-21)
(-2.69976 -0.0298091 1.98855e-21)
(-2.61664 -0.0333886 0)
(-2.55708 -0.0210046 0)
(-2.4568 -0.0168698 0)
(-2.41762 -0.0212553 3.54462e-21)
(-2.32642 -0.0247503 4.16834e-21)
(-2.31123 -0.0109504 -4.4802e-21)
(-0.124854 0.258957 -2.34896e-20)
(-0.985089 0.915487 -3.12203e-20)
(-2.12466 1.10454 0)
(-2.97148 0.920802 -5.24261e-21)
(-3.78747 0.72387 -3.59989e-21)
(-4.43102 0.516449 0)
(-4.97875 0.352245 -2.31113e-21)
(-5.37859 0.187888 3.88956e-22)
(-5.662 0.0423784 0)
(-5.80583 -0.103011 0)
(-5.82651 -0.228826 -3.66895e-22)
(-5.69145 -0.331419 0)
(-5.43128 -0.426743 0)
(-5.04306 -0.493285 -2.69176e-21)
(-4.54577 -0.569386 -3.9932e-21)
(-3.98017 -0.615694 -1.61149e-20)
(-3.35783 -0.608305 0)
(-2.66797 -0.593735 -1.77506e-20)
(-1.96453 -0.585095 -1.09466e-20)
(-1.2341 -0.561343 -2.5796e-20)
(-0.506184 -0.541112 0)
(0.211719 -0.522174 -5.17832e-20)
(0.90637 -0.47518 -1.96429e-20)
(1.59147 -0.422682 -2.19935e-20)
(2.24366 -0.375016 -4.87419e-20)
(2.83955 -0.326612 0)
(3.39995 -0.250751 -5.98768e-20)
(3.91227 -0.199349 0)
(4.36761 -0.140288 0)
(4.76305 -0.0765624 0)
(5.10478 -0.0146815 -4.11201e-20)
(5.34254 0.0175902 -8.65278e-20)
(5.51449 0.0666188 0)
(5.5925 0.0948529 -1.39064e-19)
(5.60428 0.116353 0)
(5.53378 0.149659 -4.61923e-20)
(5.42954 0.138205 0)
(5.25819 0.136485 0)
(5.07925 0.116709 -8.30205e-20)
(4.88427 0.102723 -3.95923e-20)
(4.69114 0.10641 0)
(4.50031 0.107685 -3.46685e-20)
(4.31093 0.106583 0)
(4.11658 0.113984 -8.78604e-20)
(3.92133 0.119625 -2.6917e-20)
(3.72026 0.127627 0)
(3.50504 0.142358 0)
(3.27731 0.164321 -2.22876e-20)
(3.0368 0.16045 0)
(2.7783 0.160485 0)
(2.51245 0.167658 -1.90727e-20)
(2.23365 0.162666 0)
(1.94045 0.160629 0)
(1.63878 0.161177 -1.63071e-20)
(1.3302 0.170328 0)
(1.01225 0.172914 0)
(0.69489 0.178338 0)
(0.375258 0.167095 0)
(0.0599604 0.159017 0)
(-0.259524 0.163195 0)
(-0.561957 0.167484 0)
(-0.863485 0.159333 9.2367e-21)
(-1.14338 0.14032 8.36893e-21)
(-1.42083 0.122858 -7.54459e-21)
(-1.67637 0.122466 0)
(-1.91505 0.11945 0)
(-2.12924 0.0982953 5.30665e-21)
(-2.33666 0.0808696 0)
(-2.52752 0.0738677 4.01267e-21)
(-2.70009 0.0830629 3.45878e-21)
(-2.84078 0.0707096 2.89219e-21)
(-2.97064 0.0505355 0)
(-3.07922 0.0382642 1.94507e-21)
(-3.16627 0.0269131 0)
(-3.23344 0.0170313 0)
(-3.28224 0.00765695 -9.33753e-22)
(-3.31217 -0.000779204 7.04767e-22)
(-3.32633 -0.00962923 5.18709e-22)
(-3.32109 -0.0180368 0)
(-3.30442 -0.0322635 0)
(-3.28089 -0.0358436 2.56458e-22)
(-3.24119 -0.0310366 0)
(-3.18924 -0.0334222 3.1962e-22)
(-3.13332 -0.0345679 4.11553e-22)
(-3.07057 -0.0352954 0)
(-3.00463 -0.0345635 6.9499e-22)
(-2.93748 -0.0345631 0)
(-2.86548 -0.0325562 0)
(-2.79919 -0.0322405 0)
(-2.72034 -0.0267978 -1.64629e-21)
(-2.64449 -0.0357201 -1.90614e-21)
(-2.56338 -0.0386702 0)
(-2.50286 -0.02673 0)
(-2.40302 -0.0219334 0)
(-2.3612 -0.0257905 -3.36171e-21)
(-2.26996 -0.0285979 -3.9391e-21)
(-2.25228 -0.0139971 -4.21364e-21)
(-0.246086 0.410519 0)
(-1.13435 1.16413 -3.71943e-23)
(-2.18136 1.33607 0)
(-2.99242 1.12076 3.16667e-23)
(-3.79406 0.89863 0)
(-4.45821 0.662506 0)
(-5.0398 0.469376 2.34785e-21)
(-5.49117 0.275554 -7.83548e-22)
(-5.83268 0.100286 0)
(-6.03998 -0.0750874 0)
(-6.1221 -0.232536 2.19839e-22)
(-6.04926 -0.367241 0)
(-5.84413 -0.490958 0)
(-5.50177 -0.584408 0)
(-5.04398 -0.679653 0)
(-4.51132 -0.739689 1.1064e-20)
(-3.90435 -0.7463 0)
(-3.22243 -0.740519 1.83065e-20)
(-2.51237 -0.735788 0)
(-1.77274 -0.714244 2.64013e-20)
(-1.02369 -0.692303 0)
(-0.28198 -0.669074 3.49376e-20)
(0.445017 -0.618389 0)
(1.16571 -0.560917 0)
(1.86065 -0.504126 4.84166e-20)
(2.507 -0.445979 0)
(3.12307 -0.362157 5.82992e-20)
(3.69809 -0.299859 0)
(4.21845 -0.229617 0)
(4.68555 -0.154987 0)
(5.10503 -0.079171 0)
(5.43582 -0.0306203 8.31273e-20)
(5.69541 0.0328173 0)
(5.87207 0.0765143 9.06099e-20)
(5.96528 0.112417 0)
(5.97746 0.156454 0)
(5.93435 0.155896 0)
(5.81031 0.161363 0)
(5.65747 0.145206 8.65832e-20)
(5.46961 0.133086 0)
(5.27263 0.136468 0)
(5.07383 0.137319 0)
(4.87225 0.136281 0)
(4.66748 0.143641 6.14061e-20)
(4.46264 0.149487 0)
(4.25334 0.158576 0)
(4.0328 0.17488 0)
(3.80433 0.198095 0)
(3.56302 0.196735 0)
(3.29715 0.198636 0)
(3.02199 0.207103 0)
(2.73144 0.204058 0)
(2.4245 0.203349 0)
(2.10682 0.204778 0)
(1.78308 0.214467 0)
(1.45089 0.217292 0)
(1.11872 0.222219 0)
(0.785106 0.210536 2.55694e-20)
(0.451832 0.201969 0)
(0.117629 0.204662 0)
(-0.200078 0.207131 0)
(-0.513926 0.197016 0)
(-0.809836 0.176058 -1.67644e-20)
(-1.10243 0.15662 1.51022e-20)
(-1.37449 0.15322 -1.35814e-20)
(-1.62588 0.147118 1.20685e-20)
(-1.85549 0.123785 -1.05916e-20)
(-2.07732 0.104556 0)
(-2.28284 0.0951186 0)
(-2.46698 0.100847 0)
(-2.61893 0.0857952 0)
(-2.7606 0.0635896 0)
(-2.88084 0.0487034 -3.86003e-21)
(-2.9795 0.0349015 3.07808e-21)
(-3.0579 0.0227956 -2.40999e-21)
(-3.11746 0.0113326 0)
(-3.15776 0.000994444 0)
(-3.1817 -0.00968891 0)
(-3.18633 -0.019669 -7.53322e-22)
(-3.17902 -0.0347462 5.59285e-22)
(-3.16465 -0.0394202 -4.83815e-22)
(-3.13267 -0.0359653 0)
(-3.08808 -0.0390207 -5.9927e-22)
(-3.03834 -0.0405915 0)
(-2.98124 -0.0416635 0)
(-2.91969 -0.0410484 0)
(-2.8562 -0.04118 -1.67752e-21)
(-2.78701 -0.0390709 0)
(-2.72221 -0.0388909 -2.58048e-21)
(-2.64483 -0.0337699 3.17199e-21)
(-2.57011 -0.0425496 -3.67436e-21)
(-2.49146 -0.0448205 0)
(-2.43065 -0.0334139 0)
(-2.33216 -0.0279218 0)
(-2.28821 -0.0311768 -6.43127e-21)
(-2.19742 -0.0332056 0)
(-2.17743 -0.017735 1.60662e-20)
(-0.393391 0.638447 0)
(-1.26604 1.45567 2.77218e-20)
(-2.21665 1.5991 0)
(-2.99693 1.35782 1.05637e-20)
(-3.78321 1.11236 0)
(-4.46557 0.848425 0)
(-5.07958 0.624322 0)
(-5.58111 0.39805 7.29749e-22)
(-5.97958 0.18802 0)
(-6.24923 -0.0235025 0)
(-6.39199 -0.219793 7.10202e-23)
(-6.38052 -0.394628 0)
(-6.2297 -0.555113 0)
(-5.93458 -0.683373 0)
(-5.51793 -0.803922 0)
(-5.01637 -0.883956 0)
(-4.42716 -0.910549 0)
(-3.75667 -0.918187 0)
(-3.04522 -0.920359 0)
(-2.30007 -0.903247 0)
(-1.53584 -0.880987 0)
(-0.774177 -0.853918 0)
(-0.0195918 -0.800058 -3.94331e-20)
(0.731877 -0.737633 0)
(1.46434 -0.671511 -4.80324e-20)
(2.15671 -0.602931 0)
(2.82331 -0.510635 -5.69608e-20)
(3.45452 -0.435983 0)
(4.03483 -0.353006 6.60913e-20)
(4.56654 -0.266234 -7.07509e-20)
(5.05513 -0.175779 -7.55122e-20)
(5.46939 -0.108868 7.95901e-20)
(5.81364 -0.0289915 -8.37755e-20)
(6.0862 0.0334801 -8.72542e-20)
(6.27097 0.0878679 0)
(6.37774 0.146849 9.18198e-20)
(6.41393 0.163077 -9.21101e-20)
(6.35883 0.180957 -9.14198e-20)
(6.2528 0.173752 8.92717e-20)
(6.0909 0.167303 0)
(5.90411 0.172333 -8.258e-20)
(5.7052 0.173887 7.7447e-20)
(5.49576 0.173347 -7.13474e-20)
(5.28182 0.180478 -6.49362e-20)
(5.06711 0.186384 0)
(4.8486 0.196327 5.38345e-20)
(4.62164 0.213804 -4.9909e-20)
(4.39032 0.238138 -4.68176e-20)
(4.14586 0.240331 0)
(3.87307 0.24512 -4.1757e-20)
(3.58861 0.255506 -3.95952e-20)
(3.28679 0.255134 3.74664e-20)
(2.96672 0.256322 -3.54784e-20)
(2.63389 0.258893 0)
(2.29521 0.269023 3.16126e-20)
(1.94886 0.272065 -2.96738e-20)
(1.60185 0.276327 -2.78137e-20)
(1.25372 0.26432 -5.16611e-20)
(0.902979 0.25514 0)
(0.553849 0.255812 -2.22927e-20)
(0.220433 0.255887 0)
(-0.106747 0.243448 0)
(-0.419232 0.220329 1.68653e-20)
(-0.727571 0.198519 -1.51804e-20)
(-1.01659 0.19134 1.3632e-20)
(-1.28232 0.181473 -1.21144e-20)
(-1.52851 0.155626 1.06244e-20)
(-1.76579 0.134134 0)
(-1.9867 0.121584 -8.03291e-21)
(-2.18382 0.122968 0)
(-2.34892 0.104728 0)
(-2.50378 0.0801071 0)
(-2.63713 0.0621047 3.8584e-21)
(-2.74889 0.0453709 -3.07467e-21)
(-2.84002 0.0305756 2.40568e-21)
(-2.91184 0.0165915 0)
(-2.96403 0.00394897 0)
(-2.99927 -0.00891864 0)
(-3.01528 -0.0207724 7.49817e-22)
(-3.01876 -0.0368991 -5.55989e-22)
(-3.01464 -0.0429473 4.80064e-22)
(-2.99179 -0.0411596 0)
(-2.95593 -0.0450738 5.93674e-22)
(-2.91367 -0.0472288 0)
(-2.86345 -0.0487849 0)
(-2.80748 -0.0484029 0)
(-2.74876 -0.0487519 1.6548e-21)
(-2.68345 -0.0466235 0)
(-2.62117 -0.046642 2.53802e-21)
(-2.54633 -0.0418903 -3.11609e-21)
(-2.47386 -0.0504404 3.60379e-21)
(-2.3983 -0.0519938 0)
(-2.33808 -0.0412048 0)
(-2.24198 -0.0349927 0)
(-2.19664 -0.0375718 6.23189e-21)
(-2.10699 -0.0387318 -7.24215e-21)
(-2.08515 -0.022314 -7.723e-21)
(-0.538536 0.965165 0)
(-1.36607 1.79028 0)
(-2.22464 1.8975 0)
(-2.97807 1.63895 2.03195e-20)
(-3.74634 1.37282 0)
(-4.4421 1.0834 0)
(-5.08409 0.826932 0)
(-5.63116 0.565268 -1.91077e-21)
(-6.08229 0.314743 -7.25002e-22)
(-6.41013 0.0596501 -1.425e-21)
(-6.60974 -0.184362 -7.36323e-23)
(-6.6557 -0.409291 0)
(-6.55588 -0.616873 0)
(-6.30674 -0.789656 0)
(-5.93 -0.943901 0)
(-5.45736 -1.05209 0)
(-4.88748 -1.10571 0)
(-4.23159 -1.13241 0)
(-3.52431 -1.14544 0)
(-2.77843 -1.13568 0)
(-2.00616 -1.11507 0)
(-1.23037 -1.08513 0)
(-0.455024 -1.02881 4.02781e-20)
(0.320202 -0.961585 0)
(1.08258 -0.886231 4.85747e-20)
(1.81355 -0.806643 1.04414e-19)
(2.52276 -0.705207 5.67175e-20)
(3.20134 -0.616662 0)
(3.83394 -0.519253 -6.47394e-20)
(4.42226 -0.418489 2.05608e-19)
(4.9701 -0.312289 7.29542e-20)
(5.45477 -0.225213 -7.70522e-20)
(5.87456 -0.127169 8.06923e-20)
(6.23265 -0.0433959 2.51275e-19)
(6.5077 0.0328249 0)
(6.71105 0.110856 -8.90329e-20)
(6.83769 0.149887 9.0227e-20)
(6.87002 0.18649 2.72323e-19)
(6.83339 0.19563 -8.99773e-20)
(6.72177 0.20088 0)
(6.56602 0.211732 2.56139e-19)
(6.38201 0.216922 -8.09483e-20)
(6.1746 0.218518 7.51018e-20)
(5.95609 0.225907 6.84346e-20)
(5.73289 0.232047 0)
(5.5047 0.242647 -5.60217e-20)
(5.2698 0.260863 5.1535e-20)
(5.03289 0.286172 4.80863e-20)
(4.78316 0.292917 9.0491e-20)
(4.50395 0.301697 4.26807e-20)
(4.21052 0.314795 4.04094e-20)
(3.89821 0.317964 -3.81896e-20)
(3.56608 0.321742 1.08565e-19)
(3.2194 0.325822 0)
(2.86644 0.336324 -3.21147e-20)
(2.50636 0.339567 3.01227e-20)
(2.14482 0.343 8.48395e-20)
(1.78208 0.330784 2.62405e-20)
(1.41477 0.320801 0)
(1.05081 0.318857 2.25771e-20)
(0.701511 0.315879 4.17326e-20)
(0.360227 0.300687 3.80623e-20)
(0.0309656 0.275126 0)
(-0.293381 0.250451 0)
(-0.599564 0.238625 0)
(-0.881039 0.224215 2.47361e-20)
(-1.14471 0.195406 0)
(-1.39826 0.171035 0)
(-1.63513 0.154554 8.11673e-21)
(-1.84654 0.150595 1.40025e-20)
(-2.02656 0.128573 0)
(-2.19588 0.101033 0)
(-2.34368 0.0793146 0)
(-2.46994 0.0590665 6.23938e-21)
(-2.57525 0.0410127 0)
(-2.6608 0.0239791 0)
(-2.72636 0.00853851 0)
(-2.77441 -0.00694025 0)
(-2.80331 -0.0210407 0)
(-2.81902 -0.0384925 0)
(-2.82631 -0.046266 0)
(-2.81406 -0.0465169 9.72137e-22)
(-2.78836 -0.0515344 0)
(-2.75496 -0.0544857 0)
(-2.71294 -0.056709 1.91661e-21)
(-2.66389 -0.0567186 2.5465e-21)
(-2.61117 -0.0574012 0)
(-2.55099 -0.0553689 4.11234e-21)
(-2.49244 -0.0556621 0)
(-2.42142 -0.0513301 6.0975e-21)
(-2.35247 -0.0595608 0)
(-2.28086 -0.0603727 0)
(-2.22231 -0.0502747 0)
(-2.12981 -0.0433292 1.11174e-20)
(-2.0841 -0.0451573 0)
(-1.9965 -0.0453593 -7.01898e-21)
(-1.97364 -0.0279116 -1.49193e-20)
(-0.648865 1.40383 1.80913e-19)
(-1.42041 2.17118 0)
(-2.1969 2.23677 0)
(-2.92295 1.9711 -2.02046e-20)
(-3.66756 1.68798 1.3181e-20)
(-4.36821 1.37688 0)
(-5.02964 1.08762 0)
(-5.61342 0.787748 1.18377e-21)
(-6.10895 0.490298 2.2469e-21)
(-6.48713 0.182763 1.46583e-21)
(-6.73631 -0.119873 0)
(-6.83241 -0.407176 0)
(-6.77734 -0.674536 0)
(-6.56961 -0.903757 9.21376e-21)
(-6.22886 -1.10257 0)
(-5.78225 -1.24883 0)
(-5.23266 -1.33756 0)
(-4.5943 -1.3899 0)
(-3.8971 -1.41878 4.60719e-20)
(-3.15668 -1.41994 0)
(-2.38476 -1.40354 -6.33323e-20)
(-1.60294 -1.37225 0)
(-0.815962 -1.31436 0)
(-0.0264512 -1.24259 0)
(0.755442 -1.15837 -9.69283e-20)
(1.51422 -1.06732 -1.05296e-19)
(2.25481 -0.955903 -1.11993e-19)
(2.969 -0.851881 1.19169e-19)
(3.64293 -0.738303 -1.26308e-19)
(4.27686 -0.62131 -1.34006e-19)
(4.87262 -0.497659 -1.40312e-19)
(5.41415 -0.388231 0)
(5.89605 -0.270169 -1.54383e-19)
(6.32389 -0.163115 -1.61427e-19)
(6.67804 -0.0626152 -1.65499e-19)
(6.96858 0.0377902 -1.69875e-19)
(7.18473 0.104726 0)
(7.31144 0.166115 -3.5157e-19)
(7.36093 0.199746 -1.76195e-19)
(7.32366 0.224798 -1.75227e-19)
(7.22398 0.248491 -1.72032e-19)
(7.07704 0.263016 0)
(6.88916 0.270785 -1.55882e-19)
(6.67668 0.28068 -1.43089e-19)
(6.45022 0.288249 -1.29233e-19)
(6.21397 0.299773 0)
(5.97046 0.318464 0)
(5.72544 0.344594 -9.87702e-20)
(5.4685 0.356653 -1.84823e-19)
(5.18343 0.370474 -8.73522e-20)
(4.88199 0.387291 0)
(4.56031 0.394992 -7.81727e-20)
(4.21779 0.402168 -1.47604e-19)
(3.85918 0.408266 -6.97193e-20)
(3.49329 0.419139 -6.57161e-20)
(3.12044 0.422592 -6.16641e-20)
(2.74525 0.425047 -1.15295e-19)
(2.36842 0.412707 -5.37636e-20)
(1.98601 0.401648 -4.99794e-20)
(1.60782 0.396459 -4.62585e-20)
(1.24299 0.389697 -4.24064e-20)
(0.887251 0.371231 -3.87043e-20)
(0.541484 0.342839 0)
(0.201375 0.314689 -3.17827e-20)
(-0.121718 0.297263 0)
(-0.419852 0.277434 -2.51994e-20)
(-0.701453 0.245053 0)
(-0.971678 0.216993 -1.93722e-20)
(-1.2248 0.195602 0)
(-1.45154 0.185181 -1.42397e-20)
(-1.64791 0.158651 0)
(-1.83273 0.127531 0)
(-1.99611 0.101377 0)
(-2.13805 0.0769107 -6.33611e-21)
(-2.25878 0.0549036 0)
(-2.35938 0.034176 0)
(-2.4397 0.0153332 0)
(-2.502 -0.00327618 0)
(-2.54522 -0.0200868 0)
(-2.57456 -0.0392382 0)
(-2.59446 -0.0491739 9.03329e-22)
(-2.5943 -0.0519008 -1.92686e-21)
(-2.58024 -0.0583354 0)
(-2.55716 -0.0623619 0)
(-2.52477 -0.0654882 -1.92543e-21)
(-2.4841 -0.0661002 -5.06695e-21)
(-2.4388 -0.0672698 0)
(-2.38517 -0.0654873 -4.11175e-21)
(-2.33178 -0.0661446 4.91556e-21)
(-2.26608 -0.0622875 -6.07381e-21)
(-2.20213 -0.0701098 0)
(-2.13556 -0.0701741 0)
(-2.08003 -0.0608234 0)
(-1.99257 -0.0531436 -2.18667e-20)
(-1.94781 -0.0541428 -1.18608e-20)
(-1.86345 -0.0532988 2.74803e-20)
(-1.84079 -0.034738 1.45414e-20)
(-0.700554 1.96383 -1.35609e-19)
(-1.41495 2.60272 -4.17804e-20)
(-2.1191 2.62249 0)
(-2.80931 2.35899 0)
(-3.51972 2.06409 -1.30282e-20)
(-4.21126 1.73658 -6.55047e-21)
(-4.87805 1.41559 0)
(-5.48433 1.07504 0)
(-6.01112 0.723733 1.33447e-21)
(-6.42726 0.3533 -3.75325e-21)
(-6.71455 -0.0212274 0)
(-6.84957 -0.385849 0)
(-6.82961 -0.728355 0)
(-6.65521 -1.02831 -1.76228e-20)
(-6.34413 -1.28498 0)
(-5.92008 -1.48086 -2.15119e-20)
(-5.39124 -1.61365 0)
(-4.77359 -1.69895 -3.77423e-20)
(-4.09289 -1.74936 -4.74548e-20)
(-3.36586 -1.76548 -5.50445e-20)
(-2.60436 -1.7563 1.1246e-21)
(-1.8273 -1.72571 7.24619e-20)
(-1.04071 -1.66724 -8.10781e-20)
(-0.249296 -1.59119 -8.94148e-20)
(0.538672 -1.49859 1.05813e-21)
(1.31074 -1.3957 0)
(2.06778 -1.27323 1.01637e-21)
(2.8023 -1.15217 -2.36215e-19)
(3.50264 -1.02064 9.47511e-22)
(4.16736 -0.884881 -1.29953e-19)
(4.79644 -0.741666 1.36799e-19)
(5.37869 -0.607525 0)
(5.90768 -0.466769 8.48454e-22)
(6.38743 -0.334081 0)
(6.80265 -0.207348 7.66571e-22)
(7.1622 -0.0819821 1.62802e-19)
(7.45468 0.0163488 0)
(7.66797 0.107234 1.67406e-19)
(7.80549 0.172532 3.8977e-22)
(7.8553 0.225629 1.68906e-19)
(7.83262 0.271146 0)
(7.74648 0.303852 0)
(7.60162 0.32537 -8.40478e-23)
(7.41316 0.343331 1.45472e-19)
(7.19513 0.355887 -2.80042e-22)
(6.95713 0.369973 0)
(6.70729 0.389589 -1.08322e-19)
(6.45371 0.416565 9.99284e-20)
(6.18872 0.43437 -2.53361e-22)
(5.89835 0.454075 8.81532e-20)
(5.5906 0.475698 0)
(5.26161 0.489087 7.90077e-20)
(4.91105 0.500567 -2.42619e-22)
(4.54329 0.509332 7.0552e-20)
(4.16676 0.52071 -2.42043e-22)
(3.78303 0.524428 6.2465e-20)
(3.39594 0.525784 -2.3326e-22)
(3.00651 0.513339 5.45338e-20)
(2.61123 0.500842 -2.31084e-22)
(2.22026 0.491769 4.69679e-20)
(1.84106 0.480434 0)
(1.47135 0.458069 0)
(1.11012 0.426296 0)
(0.755179 0.393916 3.23658e-20)
(0.416121 0.369858 0)
(0.101255 0.343622 0)
(-0.197937 0.306851 0)
(-0.484565 0.274057 -1.10382e-22)
(-0.753669 0.246612 0)
(-0.996285 0.228484 -1.46606e-20)
(-1.20985 0.196556 0)
(-1.41074 0.160993 0)
(-1.59038 0.129543 0)
(-1.7488 0.10001 0)
(-1.88588 0.0732053 0)
(-2.00255 0.0480015 0)
(-2.09876 0.0250218 0)
(-2.17655 0.00265099 0)
(-2.23538 -0.0174447 0)
(-2.27964 -0.038794 -1.06461e-21)
(-2.3133 -0.0514293 -9.16193e-22)
(-2.32671 -0.0571452 3.80067e-23)
(-2.32577 -0.0653956 0)
(-2.31453 -0.0708575 -1.41274e-21)
(-2.29329 -0.0751854 0)
(-2.26262 -0.0766726 2.53209e-21)
(-2.22631 -0.0785263 0)
(-2.18089 -0.0771907 0)
(-2.13434 -0.078315 -4.83552e-23)
(-2.07573 -0.0749947 -5.97802e-21)
(-2.01847 -0.0823246 0)
(-1.95833 -0.0816556 -8.1769e-21)
(-1.90747 -0.0730839 0)
(-1.82672 -0.0646822 4.46223e-23)
(-1.78461 -0.0647694 1.16991e-20)
(-1.70496 -0.0627915 -1.34893e-20)
(-1.68417 -0.0430406 1.41637e-20)
(-0.687213 2.63772 1.89823e-19)
(-1.33443 3.0871 4.0123e-20)
(-1.96615 3.05594 0)
(-2.60145 2.80099 0)
(-3.2592 2.50181 1.83936e-20)
(-3.9197 2.16479 6.42821e-21)
(-4.57042 1.81535 0)
(-5.17816 1.43257 0)
(-5.71689 1.0205 -2.86568e-21)
(-6.15296 0.575115 -8.27024e-21)
(-6.46187 0.112824 1.09366e-20)
(-6.6201 -0.347002 6.27357e-21)
(-6.62164 -0.782998 -1.64176e-21)
(-6.46906 -1.17041 8.30366e-21)
(-6.17921 -1.50026 -2.57514e-20)
(-5.77399 -1.75835 2.20707e-20)
(-5.26644 -1.94421 -5.71221e-20)
(-4.67367 -2.06975 3.86442e-20)
(-4.01749 -2.14749 9.18398e-20)
(-3.31424 -2.18265 5.61531e-20)
(-2.57581 -2.18382 -6.22394e-20)
(-1.81778 -2.15619 -7.35883e-20)
(-1.04719 -2.09809 -7.95318e-20)
(-0.269874 -2.01797 -8.77732e-20)
(0.507088 -1.91731 9.77725e-20)
(1.27384 -1.80212 -2.06293e-19)
(2.02839 -1.66722 -1.08266e-19)
(2.76404 -1.52756 -1.14186e-19)
(3.4714 -1.37622 -1.19789e-19)
(4.14767 -1.21895 -1.25051e-19)
(4.79126 -1.0536 0)
(5.3944 -0.892377 -2.71656e-19)
(5.95113 -0.725924 -1.39334e-19)
(6.46312 -0.564671 -2.8925e-19)
(6.91927 -0.408807 -1.47857e-19)
(7.32461 -0.255847 -3.05967e-19)
(7.6713 -0.12389 3.12528e-19)
(7.9509 -0.000350443 -3.14618e-19)
(8.16195 0.101358 -1.5737e-19)
(8.29355 0.189311 -3.16896e-19)
(8.35133 0.265397 -3.15297e-19)
(8.33955 0.326048 -3.11206e-19)
(8.25771 0.372078 -1.51109e-19)
(8.11443 0.40796 -2.8576e-19)
(7.92288 0.432971 -1.30698e-19)
(7.69646 0.454172 -2.35955e-19)
(7.44833 0.476993 -1.07857e-19)
(7.19019 0.505673 -1.99032e-19)
(6.91932 0.529561 -9.34592e-20)
(6.62551 0.555755 -1.76104e-19)
(6.31383 0.583254 -1.67116e-19)
(5.9808 0.603488 -1.58603e-19)
(5.62593 0.620292 -7.54655e-20)
(5.2529 0.632571 -1.42323e-19)
(4.86938 0.644745 -6.74711e-20)
(4.47798 0.648859 -1.26492e-19)
(4.08209 0.649039 -5.96064e-20)
(3.683 0.6364 -1.10871e-19)
(3.27826 0.622003 -5.187e-20)
(2.87724 0.608421 -9.57491e-20)
(2.48617 0.59169 0)
(2.10428 0.564667 0)
(1.72988 0.528758 -7.3526e-20)
(1.36224 0.491216 6.64284e-20)
(1.00925 0.459428 -5.96525e-20)
(0.678808 0.425652 0)
(0.36354 0.383404 -4.67437e-20)
(0.0618796 0.344561 6.11308e-20)
(-0.222018 0.309746 -3.51822e-20)
(-0.480086 0.282551 4.50476e-20)
(-0.710748 0.244123 -2.51706e-20)
(-0.9275 0.203015 0)
(-1.12336 0.165241 1.68199e-20)
(-1.29838 0.129624 1.33448e-20)
(-1.45213 0.0970092 1.03624e-20)
(-1.58541 0.0663887 7.82434e-21)
(-1.6982 0.0383877 5.77166e-21)
(-1.79237 0.0114948 0)
(-1.86778 -0.0125937 2.94429e-21)
(-1.92799 -0.0367872 1.08377e-21)
(-1.97647 -0.0527725 1.74113e-21)
(-2.00482 -0.0620737 2.72065e-21)
(-2.01844 -0.0726372 2.07886e-21)
(-2.02063 -0.0799895 1.43217e-21)
(-2.01213 -0.0858888 0)
(-1.9932 -0.0885946 4.90745e-21)
(-1.96766 -0.0913778 6.26468e-21)
(-1.93232 -0.0907341 8.01275e-21)
(-1.89458 -0.0924394 4.79396e-21)
(-1.8451 -0.0897283 5.99924e-21)
(-1.7965 -0.0964908 1.3743e-20)
(-1.74451 -0.0951258 2.44008e-20)
(-1.7003 -0.0873299 0)
(-1.62825 -0.0782314 3.19378e-20)
(-1.59091 -0.077315 2.29906e-20)
(-1.51778 -0.0741123 0)
(-1.50108 -0.0531096 -1.39146e-20)
(-0.609062 3.39107 -1.51378e-19)
(-1.15828 3.61402 0)
(-1.69878 3.52443 -3.52747e-20)
(-2.24545 3.28027 0)
(-2.81987 2.98727 -3.01287e-20)
(-3.41655 2.65043 0)
(-4.0202 2.27954 0)
(-4.59968 1.85513 -1.1228e-20)
(-5.12315 1.37616 -1.61371e-20)
(-5.55392 0.842717 1.2022e-20)
(-5.86162 0.274445 -1.10057e-20)
(-6.02166 -0.301353 -6.34473e-21)
(-6.02643 -0.85182 6.00994e-21)
(-5.88098 -1.34497 0)
(-5.60286 -1.76373 2.61306e-20)
(-5.21371 -2.09585 -3.69625e-20)
(-4.73002 -2.34249 5.78785e-20)
(-4.16917 -2.51425 0)
(-3.54894 -2.62421 -9.28592e-20)
(-2.88391 -2.68169 0)
(-2.18526 -2.69583 3.25297e-21)
(-1.46507 -2.6732 0)
(-0.73063 -2.61616 1.62139e-19)
(0.0120183 -2.53202 3.05241e-21)
(0.756509 -2.42318 0)
(1.49494 -2.29499 2.03843e-19)
(2.22377 -2.1459 2.86523e-21)
(2.93709 -1.98606 2.25841e-19)
(3.6275 -1.81283 2.35643e-19)
(4.29133 -1.6312 2.44616e-19)
(4.92593 -1.4407 0)
(5.52572 -1.24989 2.51261e-21)
(6.0857 -1.05455 2.67771e-19)
(6.60576 -0.861734 2.7414e-19)
(7.07821 -0.673337 5.57414e-19)
(7.5047 -0.488946 2.85259e-19)
(7.87966 -0.320788 -2.05157e-21)
(8.19717 -0.161939 2.93702e-19)
(8.45517 -0.0210422 2.96086e-19)
(8.64547 0.105995 5.88441e-19)
(8.76752 0.219573 2.92278e-19)
(8.82191 0.316903 2.8797e-19)
(8.80503 0.39794 2.81396e-19)
(8.71887 0.464077 2.66117e-19)
(8.57053 0.512909 4.88768e-19)
(8.37311 0.549718 2.23356e-19)
(8.14113 0.581284 2.05432e-19)
(7.88876 0.614646 3.83026e-19)
(7.61884 0.645725 3.60556e-19)
(7.32648 0.679259 1.70871e-19)
(7.01515 0.713677 3.26044e-19)
(6.68258 0.741857 1.55094e-19)
(6.32851 0.765063 2.95718e-19)
(5.95578 0.781797 1.40118e-19)
(5.57084 0.795357 2.66008e-19)
(5.1769 0.800105 2.50987e-19)
(4.77728 0.79907 1.17867e-19)
(4.37354 0.786001 1.10342e-19)
(3.96453 0.769144 2.06468e-19)
(3.55817 0.750449 9.57109e-20)
(3.15974 0.727478 0)
(2.76963 0.694878 0)
(2.3863 0.653815 7.39474e-20)
(2.00996 0.609982 3.5937e-22)
(1.64689 0.569305 6.01907e-20)
(1.30407 0.526704 0)
(0.975975 0.477555 4.72945e-20)
(0.662217 0.431043 -4.13707e-20)
(0.366205 0.387361 7.1638e-20)
(0.0946684 0.349628 -3.06026e-20)
(-0.151429 0.303369 2.56396e-20)
(-0.382567 0.255339 2.12547e-20)
(-0.593441 0.210026 -1.71433e-20)
(-0.784107 0.167122 4.92326e-23)
(-0.953916 0.127502 2.25668e-23)
(-1.10352 0.0903525 -7.97653e-21)
(-1.2329 0.0562803 -2.35122e-23)
(-1.34371 0.0239588 0)
(-1.43614 -0.0049817 -3.00005e-21)
(-1.51295 -0.0328327 2.09029e-21)
(-1.57706 -0.0529393 -1.77185e-21)
(-1.62152 -0.0665121 -1.01262e-22)
(-1.65103 -0.079996 -2.11205e-21)
(-1.66817 -0.0898007 0)
(-1.67406 -0.0977196 0)
(-1.66875 -0.102067 -4.9685e-21)
(-1.65595 -0.106076 -6.33342e-21)
(-1.6328 -0.106422 -8.0875e-21)
(-1.60614 -0.108831 -9.77351e-21)
(-1.56812 -0.106817 1.18016e-20)
(-1.53047 -0.112949 -2.74612e-20)
(-1.48876 -0.110952 -1.62527e-20)
(-1.45359 -0.10388 0)
(-1.39259 -0.0941252 -2.11633e-20)
(-1.36262 -0.0920965 -2.28172e-20)
(-1.29824 -0.0875738 -2.60977e-20)
(-1.28845 -0.0652892 0)
(-0.464859 4.1345 0)
(-0.858944 4.13684 0)
(-1.26058 3.98498 3.31918e-20)
(-1.66442 3.75243 0)
(-2.10717 3.4815 1.15215e-20)
(-2.59357 3.15987 0)
(-3.10759 2.78061 0)
(-3.61871 2.31972 1.05049e-20)
(-4.08986 1.77075 1.51709e-20)
(-4.48051 1.13647 0)
(-4.75491 0.442227 0)
(-4.88767 -0.27272 0)
(-4.87205 -0.959854 -4.1291e-21)
(-4.71726 -1.57617 0)
(-4.44313 -2.09679 0)
(-4.07158 -2.51094 3.48944e-20)
(-3.62026 -2.8223 0)
(-3.10476 -3.04283 0)
(-2.53836 -3.18747 0)
(-1.9326 -3.26887 0)
(-1.29646 -3.29756 1.16458e-19)
(-0.638823 -3.28148 0)
(0.0338609 -3.22598 0)
(0.715851 -3.13773 1.60045e-19)
(1.40129 -3.02019 0)
(2.08389 -2.87823 0)
(2.75946 -2.71305 1.92289e-19)
(3.42277 -2.53155 0)
(4.06788 -2.33429 -2.06345e-19)
(4.69074 -2.12557 0)
(5.2881 -1.90671 -2.20459e-19)
(5.85565 -1.68372 2.743e-21)
(6.3893 -1.45614 0)
(6.88785 -1.22886 -2.36468e-19)
(7.34615 -1.00464 -2.42708e-19)
(7.76376 -0.78482 -2.43271e-19)
(8.13642 -0.577316 -4.93257e-19)
(8.45979 -0.379535 0)
(8.73155 -0.196525 0)
(8.94539 -0.026703 -4.92262e-19)
(9.09945 0.129382 -2.42501e-19)
(9.19152 0.269844 0)
(9.21821 0.394263 -2.30693e-19)
(9.17908 0.501093 0)
(9.07626 0.585293 -4.08587e-19)
(8.91848 0.64879 -1.90166e-19)
(8.71682 0.698331 0)
(8.48384 0.742949 -3.34946e-19)
(8.2257 0.784666 -1.5898e-19)
(7.94263 0.827715 0)
(7.63834 0.870785 -2.91734e-19)
(7.31253 0.908112 0)
(6.96573 0.938824 -1.3349e-19)
(6.60043 0.961116 0)
(6.22178 0.976854 -2.42607e-19)
(5.83304 0.982588 -1.14747e-19)
(5.43751 0.980414 0)
(5.03699 0.966532 0)
(4.63163 0.946595 -1.91098e-19)
(4.22761 0.92221 0)
(3.82942 0.892141 0)
(3.43827 0.852857 7.60743e-20)
(3.05326 0.80533 0)
(2.67517 0.753853 2.59247e-22)
(2.30879 0.703047 0)
(1.95991 0.650159 5.07778e-20)
(1.62506 0.592329 0)
(1.30469 0.536215 3.93055e-20)
(1.0015 0.481959 -3.38717e-20)
(0.720782 0.432093 0)
(0.463208 0.376395 0)
(0.221175 0.319776 -2.01972e-20)
(-0.00165005 0.265508 0)
(-0.205343 0.213923 -6.91503e-24)
(-0.389111 0.165915 -1.0113e-20)
(-0.553431 0.120943 0)
(-0.698279 0.0795749 -5.61192e-21)
(-0.825043 0.0407531 3.90756e-21)
(-0.934107 0.00593706 0)
(-1.02753 -0.0265676 -2.00918e-21)
(-1.10763 -0.051693 0)
(-1.16899 -0.070318 -1.33399e-22)
(-1.21546 -0.0874502 0)
(-1.24898 -0.100385 0)
(-1.27092 -0.11086 0)
(-1.28117 -0.117357 4.52003e-21)
(-1.28325 -0.122948 0)
(-1.27467 -0.124633 0)
(-1.26167 -0.12788 0)
(-1.23778 -0.126674 -1.62171e-22)
(-1.21374 -0.13213 2.64742e-20)
(-1.18492 -0.129595 0)
(-1.16167 -0.123143 1.7588e-20)
(-1.11453 -0.112784 0)
(-1.09507 -0.109518 0)
(-1.04217 -0.103573 9.61606e-23)
(-1.04281 -0.0800387 0)
(-0.28741 4.62187 1.79256e-19)
(-0.484918 4.46391 0)
(-0.711962 4.26455 5.21453e-20)
(-0.933476 4.04413 0)
(-1.21018 3.81213 0)
(-1.55536 3.52462 -1.34885e-20)
(-1.95097 3.15867 0)
(-2.36428 2.6781 0)
(-2.75144 2.07266 -6.09808e-20)
(-3.06909 1.34659 0)
(-3.27883 0.534135 -6.66984e-20)
(-3.35791 -0.310774 0)
(-3.3038 -1.12209 0)
(-3.13101 -1.84501 -9.41589e-21)
(-2.86149 -2.44979 2.099e-20)
(-2.51572 -2.92843 5.3881e-20)
(-2.10879 -3.2887 8.78703e-20)
(-1.65178 -3.54578 1.22117e-19)
(-1.15332 -3.71683 1.55852e-19)
(-0.621011 -3.81688 1.88577e-19)
(-0.0612271 -3.85733 0)
(0.519649 -3.84697 0)
(1.11609 -3.79258 0)
(1.72287 -3.70058 2.98771e-19)
(2.33488 -3.57526 0)
(2.94671 -3.42126 3.40912e-19)
(3.55393 -3.24122 0)
(4.15157 -3.04053 3.75193e-19)
(4.73438 -2.82144 1.97045e-19)
(5.29816 -2.58802 4.02249e-19)
(5.83938 -2.34282 2.08748e-19)
(6.35426 -2.09073 2.13375e-19)
(6.83918 -1.83332 4.30679e-19)
(7.29244 -1.57467 2.20284e-19)
(7.71021 -1.31789 0)
(8.09124 -1.06523 2.23369e-19)
(8.43205 -0.822307 2.23343e-19)
(8.72901 -0.588863 0)
(8.97968 -0.367909 0)
(9.17927 -0.159109 6.44446e-19)
(9.32559 0.036351 2.09876e-19)
(9.41632 0.21656 0)
(9.44982 0.380335 5.85439e-19)
(9.42612 0.524471 0)
(9.34725 0.642396 1.7333e-19)
(9.2178 0.734027 1.63173e-19)
(9.04375 0.805525 0)
(8.83337 0.866337 1.46711e-19)
(8.59255 0.921737 0)
(8.32402 0.976086 2.69851e-19)
(8.03224 1.02864 1.29442e-19)
(7.71878 1.07479 0)
(7.38531 1.11254 0)
(7.03426 1.14 0)
(6.66986 1.15815 1.08276e-19)
(6.29515 1.16491 0)
(5.91315 1.16179 1.9445e-19)
(5.52586 1.14669 0)
(5.13413 1.12357 -8.57644e-20)
(4.74286 1.09385 0)
(4.35582 1.05709 1.47839e-19)
(3.97461 1.01116 6.81023e-20)
(3.59892 0.95695 0)
(3.22981 0.897795 5.64563e-20)
(2.87092 0.837399 1.0158e-19)
(2.52698 0.774591 4.53504e-20)
(2.19602 0.707808 8.01196e-20)
(1.87896 0.641948 -3.50962e-20)
(1.57794 0.577243 0)
(1.29704 0.515815 5.18566e-20)
(1.03685 0.450613 0)
(0.791934 0.385218 0)
(0.564825 0.322066 0)
(0.355414 0.261849 1.14733e-20)
(0.164493 0.205474 1.79013e-20)
(-0.00828294 0.15265 0)
(-0.162852 0.103927 0)
(-0.300332 0.0585069 -3.52848e-21)
(-0.42116 0.0176705 4.65394e-21)
(-0.526839 -0.0198211 3.18302e-21)
(-0.61923 -0.0501555 0)
(-0.694118 -0.0739326 -1.38055e-21)
(-0.754604 -0.0950095 0)
(-0.80208 -0.111384 4.14472e-21)
(-0.838012 -0.124708 0)
(-0.862194 -0.133653 -4.15739e-21)
(-0.877871 -0.141097 0)
(-0.882898 -0.144378 1.36503e-20)
(-0.882932 -0.148632 0)
(-0.872631 -0.148338 1.02485e-20)
(-0.861757 -0.153291 -1.23707e-20)
(-0.845467 -0.150422 2.91797e-20)
(-0.834045 -0.144592 -1.67235e-20)
(-0.800509 -0.133799 3.88734e-20)
(-0.791888 -0.129443 0)
(-0.750257 -0.122087 -2.46323e-20)
(-0.76195 -0.0976939 -5.19358e-20)
(-0.11744 4.80344 -1.79862e-19)
(-0.121915 4.56393 -9.99505e-20)
(-0.186087 4.34338 -5.08297e-20)
(-0.229823 4.13445 0)
(-0.345576 3.95206 -3.23126e-21)
(-0.557598 3.70966 2.99553e-20)
(-0.840383 3.37087 0)
(-1.15714 2.88473 0)
(-1.45644 2.24036 1.26312e-19)
(-1.69327 1.44413 7.52198e-20)
(-1.82981 0.540928 1.39055e-19)
(-1.84944 -0.400879 0)
(-1.75716 -1.29992 -4.27366e-20)
(-1.57288 -2.09315 2.5439e-20)
(-1.31821 -2.75014 -3.40128e-20)
(-1.00923 -3.2673 -9.76538e-20)
(-0.655404 -3.65676 -8.41087e-20)
(-0.262231 -3.93655 -2.27725e-19)
(0.166205 -4.12523 -2.90224e-19)
(0.625781 -4.23866 -3.4873e-19)
(1.11162 -4.28821 0)
(1.61904 -4.28302 0)
(2.14341 -4.23041 0)
(2.68002 -4.13675 -5.46571e-19)
(3.22408 -4.00659 0)
(3.7704 -3.84445 -6.2157e-19)
(4.31428 -3.65358 -3.24656e-19)
(4.85073 -3.43874 -6.80772e-19)
(5.37471 -3.20305 0)
(5.8819 -2.95064 -7.25156e-19)
(6.36855 -2.68475 0)
(6.83108 -2.40995 -3.76403e-19)
(7.2661 -2.12885 -3.84325e-19)
(7.67161 -1.84532 0)
(8.04445 -1.56269 0)
(8.3831 -1.28362 0)
(8.68462 -1.01265 0)
(8.9459 -0.750505 0)
(9.16463 -0.499462 0)
(9.33726 -0.259802 -3.62816e-19)
(9.4621 -0.0332453 0)
(9.5376 0.177912 -3.36475e-19)
(9.56366 0.371604 -3.22366e-19)
(9.54117 0.543485 0)
(9.4727 0.68672 0)
(9.35988 0.800861 0)
(9.20517 0.891583 -2.60977e-19)
(9.01329 0.968061 0)
(8.78889 1.03673 0)
(8.53558 1.1019 -2.31269e-19)
(8.25821 1.1632 0)
(7.95958 1.21681 -2.14703e-19)
(7.64215 1.26041 0)
(7.30839 1.29213 0)
(6.96192 1.31248 0)
(6.60547 1.32016 0)
(6.24179 1.31648 -3.37619e-19)
(5.87287 1.30026 0)
(5.49989 1.27453 1.48981e-19)
(5.12686 1.24059 0)
(4.75698 1.19851 -1.28867e-19)
(4.39195 1.14707 -9.88032e-23)
(4.03188 1.08719 1.08475e-19)
(3.67789 1.0216 -1.5333e-22)
(3.33285 0.953399 -1.89859e-22)
(3.00064 0.882416 -2.20885e-22)
(2.68025 0.807916 -1.40275e-19)
(2.37281 0.733754 6.13185e-20)
(2.08004 0.660206 -5.30149e-20)
(1.80516 0.589213 -3.15753e-22)
(1.54873 0.515808 0)
(1.30682 0.442765 0)
(1.08123 0.371956 0)
(0.87182 0.304264 -3.35087e-22)
(0.679353 0.240607 -3.14455e-20)
(0.503596 0.180885 1.15938e-20)
(0.344654 0.125653 -8.34571e-21)
(0.20162 0.0743161 5.73591e-21)
(0.0740804 0.0280241 -4.18095e-21)
(-0.0390641 -0.0141515 -2.86908e-21)
(-0.139323 -0.0493085 -1.88149e-21)
(-0.223391 -0.0778368 0)
(-0.293743 -0.102748 0)
(-0.351353 -0.122525 -3.53388e-22)
(-0.397677 -0.138752 4.91549e-21)
(-0.432451 -0.150238 6.99274e-21)
(-0.458633 -0.159708 -9.33629e-21)
(-0.474361 -0.164752 -3.45664e-22)
(-0.484763 -0.170212 -1.53511e-20)
(-0.485376 -0.170964 -1.95017e-20)
(-0.485065 -0.17574 0)
(-0.478816 -0.172831 -2.76488e-20)
(-0.476904 -0.167769 0)
(-0.45446 -0.156814 -2.96878e-22)
(-0.45463 -0.15174 -4.07995e-20)
(-0.421896 -0.143122 2.25022e-22)
(-0.44277 -0.11846 5.10726e-20)
(0.0499954 4.77261 0)
(0.230874 4.5211 -6.53141e-21)
(0.318611 4.29113 5.38128e-20)
(0.449908 4.08808 -2.81334e-20)
(0.493369 3.96548 6.49392e-21)
(0.40512 3.77704 -1.61879e-20)
(0.227213 3.47366 -3.83587e-20)
(0.00323716 2.98852 0)
(-0.205851 2.31377 -1.35263e-19)
(-0.355551 1.45988 6.38915e-21)
(-0.412447 0.484779 -1.49464e-19)
(-0.371023 -0.52853 0)
(-0.246265 -1.48611 4.09824e-20)
(-0.0618425 -2.32143 4.66684e-21)
(0.164676 -3.0073 1.31503e-20)
(0.424889 -3.54564 4.06819e-21)
(0.716997 -3.95241 7.02346e-20)
(1.04118 -4.24727 3.93136e-21)
(1.39795 -4.44913 1.33177e-19)
(1.78497 -4.57327 3.8311e-21)
(2.19895 -4.63091 0)
(2.63626 -4.63116 0)
(3.09277 -4.5814 -2.27928e-19)
(3.56394 -4.48778 3.47844e-21)
(4.04495 -4.3549 -2.66052e-19)
(4.53054 -4.18713 3.17727e-21)
(5.01572 -3.98802 3.01201e-21)
(5.49533 -3.76212 3.11353e-19)
(5.96429 -3.51302 0)
(6.41813 -3.24504 3.29905e-19)
(6.85297 -2.96191 0)
(7.26526 -2.66819 2.02725e-21)
(7.65172 -2.36714 0)
(8.01023 -2.06263 0)
(8.33804 -1.75819 0)
(8.63359 -1.45675 -3.41574e-19)
(8.89443 -1.16226 0)
(9.11802 -0.876006 -3.31494e-19)
(9.30247 -0.600024 0)
(9.44544 -0.335084 -3.13293e-19)
(9.546 -0.0834396 0)
(9.60365 0.152141 -2.5497e-22)
(9.61916 0.368943 0)
(9.59426 0.561893 -2.61924e-19)
(9.53106 0.72473 -2.49648e-19)
(9.42915 0.857293 0)
(9.28877 0.964858 -4.7007e-22)
(9.11224 1.05597 0)
(8.90312 1.13718 -2.13012e-19)
(8.66523 1.21253 0)
(8.40357 1.28184 0)
(8.12161 1.3419 1.91028e-19)
(7.82227 1.39041 -1.83882e-19)
(7.50797 1.42562 0)
(7.18191 1.44783 -1.68156e-19)
(6.84651 1.45626 0)
(6.50422 1.4521 -2.45141e-25)
(6.15691 1.4348 0)
(5.80591 1.4068 -1.33879e-19)
(5.45453 1.36929 -1.24917e-19)
(5.10549 1.32272 -1.15884e-19)
(4.76045 1.26651 -1.07043e-19)
(4.41979 1.20165 -2.81538e-22)
(4.08459 1.13046 -8.90738e-20)
(3.75716 1.05563 -3.4061e-22)
(3.44069 0.97764 -7.18281e-20)
(3.13478 0.896328 1.26757e-19)
(2.84063 0.814879 -5.57417e-20)
(2.55968 0.73363 9.61141e-20)
(2.29444 0.65441 -4.13224e-20)
(2.04553 0.573735 3.43371e-20)
(1.81007 0.493853 0)
(1.58936 0.416248 -2.29278e-20)
(1.38329 0.3419 -1.85169e-20)
(1.19256 0.271727 4.20895e-22)
(1.01702 0.205779 -1.06825e-20)
(0.856837 0.144632 7.70549e-21)
(0.711282 0.0878596 -5.30728e-21)
(0.580008 0.0364995 0)
(0.462243 -0.0101387 0)
(0.356764 -0.049846 1.75496e-21)
(0.266139 -0.0828553 0)
(0.188431 -0.111527 -1.82075e-21)
(0.122988 -0.134696 -3.22611e-21)
(0.0684389 -0.153874 -4.6377e-21)
(0.0250701 -0.167992 -3.69369e-22)
(-0.00976827 -0.17962 8.86194e-21)
(-0.0344811 -0.186572 -2.30886e-20)
(-0.0536763 -0.193381 1.46639e-20)
(-0.0636305 -0.195303 -1.80222e-20)
(-0.0723216 -0.200146 2.15551e-20)
(-0.0746878 -0.197436 -2.60884e-20)
(-0.0809064 -0.193215 0)
(-0.0680803 -0.182332 -3.60461e-20)
(-0.0758786 -0.176815 3.98918e-20)
(-0.0507503 -0.167047 4.71698e-20)
(-0.0797751 -0.142598 4.96834e-20)
(0.206935 4.59272 0)
(0.560029 4.38135 1.0789e-19)
(0.789131 4.14876 -5.21751e-20)
(1.09159 3.94246 5.88812e-20)
(1.29211 3.88921 -3.20462e-21)
(1.31687 3.76231 1.61095e-20)
(1.23429 3.49822 3.55695e-20)
(1.09804 3.0157 0)
(0.980555 2.31425 6.56873e-20)
(0.922363 1.4118 -7.32992e-20)
(0.947203 0.381781 7.27339e-20)
(1.04501 -0.678865 0)
(1.19067 -1.66823 0)
(1.36069 -2.52179 -1.88441e-20)
(1.54586 -3.21861 -5.49913e-21)
(1.74798 -3.7662 3.66141e-20)
(1.97334 -4.18294 -6.51585e-20)
(2.22754 -4.48881 9.31354e-20)
(2.51437 -4.70177 0)
(2.83221 -4.83573 1.44938e-19)
(3.17912 -4.90152 0)
(3.55173 -4.90797 0)
(3.9461 -4.86224 2.10643e-19)
(4.35761 -4.77019 4.55036e-19)
(4.78124 -4.63633 2.45282e-19)
(5.21157 -4.46493 5.1695e-19)
(5.64326 -4.25969 2.72263e-19)
(6.07095 -4.02509 2.80781e-19)
(6.48946 -3.76509 0)
(6.89419 -3.4842 2.96996e-19)
(7.2811 -3.18657 0)
(7.64666 -2.87684 3.07422e-19)
(7.9877 -2.55877 3.0811e-19)
(8.30206 -2.23636 0)
(8.58735 -1.91331 3.06837e-19)
(8.84214 -1.59278 3.03961e-19)
(9.06446 -1.27843 2.98746e-19)
(9.2524 -0.971948 2.92275e-19)
(9.40468 -0.67537 2.8475e-19)
(9.52005 -0.389915 2.74498e-19)
(9.59834 -0.118263 2.64391e-19)
(9.63998 0.136394 2.53087e-19)
(9.64609 0.370879 0)
(9.61885 0.579884 4.61795e-19)
(9.55923 0.758133 2.21104e-19)
(9.46556 0.905894 2.13285e-19)
(9.33673 1.02805 2.05065e-19)
(9.17362 1.13237 1.98844e-19)
(8.97903 1.22502 1.91931e-19)
(8.75676 1.30961 1.86299e-19)
(8.51177 1.38604 0)
(8.24783 1.45163 1.73736e-19)
(7.96802 1.50423 1.66894e-19)
(7.67472 1.5423 0)
(7.37069 1.56605 3.06297e-19)
(7.05809 1.57507 0)
(6.73908 1.5705 2.76541e-19)
(6.41537 1.55218 0)
(6.08831 1.52219 2.45089e-19)
(5.76063 1.48167 1.14588e-19)
(5.43465 1.43129 1.06444e-19)
(5.11193 1.37097 0)
(4.79296 1.30177 -9.00072e-20)
(4.47878 1.22573 0)
(4.17123 1.14526 -7.38681e-20)
(3.87296 1.06126 0)
(3.58396 0.97398 -4.73347e-22)
(3.3054 0.886157 0)
(3.03853 0.798213 -4.44469e-20)
(2.78531 0.711885 0)
(2.54639 0.624783 -3.19953e-20)
(2.31968 0.538799 0)
(2.10616 0.455155 4.23851e-20)
(1.90573 0.374868 1.64668e-20)
(1.71903 0.298848 2.55767e-20)
(1.54601 0.227272 0)
(1.38685 0.160733 0)
(1.24102 0.098953 0)
(1.10824 0.0428677 0)
(0.98799 -0.00802291 0)
(0.879312 -0.0520393 0)
(0.78418 -0.0893005 0)
(0.701103 -0.121657 1.73673e-21)
(0.629679 -0.148209 0)
(0.568669 -0.170377 -3.70564e-21)
(0.518357 -0.187212 -5.99825e-21)
(0.476411 -0.201111 0)
(0.444164 -0.210109 1.0961e-20)
(0.417534 -0.218394 0)
(0.399593 -0.221624 1.74676e-20)
(0.383256 -0.226753 -2.09449e-20)
(0.373481 -0.224481 3.33749e-22)
(0.360356 -0.221148 0)
(0.36482 -0.210577 0)
(0.35047 -0.204851 0)
(0.368994 -0.194068 -4.59389e-20)
(0.332844 -0.170282 -4.90249e-20)
(0.34524 4.31968 0)
(0.855985 4.1782 1.33652e-19)
(1.21595 3.9474 0)
(1.68667 3.72733 -3.04056e-20)
(2.04624 3.75071 0)
(2.17573 3.69187 -1.49343e-20)
(2.18072 3.46779 3.46144e-20)
(2.12919 2.98631 -5.16145e-20)
(2.10546 2.25908 -6.55529e-20)
(2.14057 1.31611 -7.28141e-20)
(2.24295 0.247929 0)
(2.38502 -0.837102 6.13353e-20)
(2.53495 -1.83508 -4.36055e-20)
(2.67497 -2.68858 0)
(2.80794 -3.38446 1.78446e-21)
(2.94673 -3.93459 0)
(3.10474 -4.35791 0)
(3.29197 -4.67332 0)
(3.51328 -4.89666 -1.05158e-19)
(3.76764 -5.04036 0)
(4.05365 -5.11473 0)
(4.36784 -5.12811 -1.703e-19)
(4.70624 -5.08736 0)
(5.06401 -4.99807 -2.08101e-19)
(5.43592 -4.8646 -2.21025e-19)
(5.8163 -4.6911 -2.36263e-19)
(6.19958 -4.4814 0)
(6.58019 -4.23996 -5.12719e-19)
(6.95283 -3.97104 0)
(7.31278 -3.67936 -5.40577e-19)
(7.65592 -3.36941 0)
(7.97875 -3.04603 -2.77e-19)
(8.2782 -2.71334 -2.78564e-19)
(8.5522 -2.37555 -2.77635e-19)
(8.79869 -2.03658 -2.7552e-19)
(9.01646 -1.69975 -2.71984e-19)
(9.20407 -1.36864 -2.66563e-19)
(9.36024 -1.04527 0)
(9.48436 -0.73179 -5.06821e-19)
(9.57606 -0.429814 0)
(9.63583 -0.142357 -4.7117e-19)
(9.66467 0.127141 0)
(9.66387 0.375175 0)
(9.63548 0.59663 -4.16671e-19)
(9.57926 0.787297 0)
(9.49284 0.947797 -3.88184e-19)
(9.37435 1.08263 0)
(9.22384 1.1987 -1.81924e-19)
(9.04363 1.30159 0)
(8.83745 1.39443 -1.71219e-19)
(8.61006 1.47714 0)
(8.36528 1.54745 -3.20781e-19)
(8.10618 1.60349 0)
(7.83501 1.64391 0)
(7.55419 1.66895 -1.41945e-19)
(7.26559 1.67845 0)
(6.97109 1.67351 -2.56893e-19)
(6.67228 1.65428 0)
(6.37038 1.62256 -2.28077e-19)
(6.0677 1.57948 0)
(5.76619 1.52588 -9.8872e-20)
(5.46723 1.46204 0)
(5.1714 1.38909 0)
(4.87964 1.30888 0)
(4.59343 1.22361 0)
(4.31496 1.13444 0)
(4.04444 1.04197 -1.08921e-19)
(3.78303 0.948586 -4.74519e-20)
(3.53176 0.854818 -4.10109e-20)
(3.29224 0.762327 -3.49876e-20)
(3.06506 0.669543 -2.93228e-20)
(2.84879 0.578114 -2.41285e-20)
(2.64416 0.489088 -3.9335e-20)
(2.4511 0.403483 -3.08714e-20)
(2.2702 0.322198 -2.34576e-20)
(2.10148 0.245511 0)
(1.94515 0.174031 0)
(1.80085 0.107614 0)
(1.66838 0.0470992 0)
(1.54741 -0.00785521 0)
(1.43722 -0.055978 -4.29558e-22)
(1.33932 -0.097304 0)
(1.25258 -0.133283 -8.84164e-22)
(1.17679 -0.163217 -1.84859e-21)
(1.11087 -0.188418 3.59603e-21)
(1.05508 -0.208056 -5.06352e-21)
(1.00741 -0.224338 -7.22975e-21)
(0.968948 -0.235521 0)
(0.936125 -0.245412 0)
(0.911446 -0.2501 0)
(0.888708 -0.25573 1.98587e-20)
(0.872626 -0.254136 2.45934e-20)
(0.85373 -0.251729 2.8246e-20)
(0.851001 -0.241717 0)
(0.83112 -0.235983 3.77021e-20)
(0.843938 -0.224378 4.52991e-20)
(0.801695 -0.201643 0)
(0.460421 3.99625 0)
(1.11277 3.93932 -1.3434e-19)
(1.59035 3.70991 0)
(2.23372 3.464 0)
(2.76145 3.56853 0)
(2.99084 3.58374 0)
(3.07846 3.39803 -3.19965e-20)
(3.11134 2.91424 4.76722e-20)
(3.18291 2.16176 -4.48735e-22)
(3.30806 1.18729 6.68902e-20)
(3.47583 0.0980663 0)
(3.64342 -0.990625 -5.60181e-20)
(3.77858 -1.97909 3.98567e-20)
(3.87478 -2.82034 0)
(3.9488 -3.50881 3.00511e-21)
(4.02347 -4.05864 0)
(4.11742 -4.48763 0)
(4.24329 -4.81234 0)
(4.40526 -5.04596 9.66097e-20)
(4.60293 -5.19961 0)
(4.83469 -5.28294 1.35894e-19)
(5.09685 -5.3038 1.56699e-19)
(5.38525 -5.26874 1.71944e-19)
(5.69488 -5.18305 0)
(6.02027 -5.05097 1.61688e-21)
(6.35561 -4.87655 0)
(6.69511 -4.66369 2.24511e-19)
(7.03306 -4.41688 2.34405e-19)
(7.36408 -4.14063 2.40519e-19)
(7.68339 -3.83987 2.46611e-19)
(7.98684 -3.51941 2.49844e-19)
(8.27096 -3.1843 5.04328e-19)
(8.53286 -2.83901 2.52774e-19)
(8.77059 -2.48799 5.03662e-19)
(8.98242 -2.13534 0)
(9.16746 -1.78463 4.91868e-19)
(9.32474 -1.4394 -2.41671e-19)
(9.45362 -1.10198 0)
(9.55406 -0.774697 4.58601e-19)
(9.6264 -0.459479 0)
(9.67166 -0.159571 4.28398e-19)
(9.69103 0.121471 2.0715e-19)
(9.6859 0.37998 0)
(9.65774 0.611314 3.83898e-19)
(9.60542 0.81223 0)
(9.52617 0.983588 3.60755e-19)
(9.41774 1.12949 1.75691e-19)
(9.27978 1.25599 1.70802e-19)
(9.11432 1.36799 0)
(8.92491 1.46813 1.61187e-19)
(8.71607 1.55633 0)
(8.4915 1.6307 3.0162e-19)
(8.25412 1.68964 1.45573e-19)
(8.00603 1.73204 0)
(7.74933 1.75816 1.33916e-19)
(7.48564 1.76805 0)
(7.21659 1.76281 2.42619e-19)
(6.94357 1.74277 0)
(6.66771 1.70959 1.07986e-19)
(6.39093 1.66435 0)
(6.11483 1.60804 9.39779e-20)
(5.84065 1.5412 0)
(5.56896 1.46502 0)
(5.30058 1.38124 -7.20087e-20)
(5.03673 1.29188 0)
(4.7792 1.19831 0)
(4.52834 1.10133 5.19229e-20)
(4.28521 1.00311 4.55253e-20)
(4.05074 0.904276 3.93982e-20)
(3.82621 0.806425 3.36573e-20)
(3.61219 0.708618 2.82464e-20)
(3.40772 0.612329 2.3274e-20)
(3.21337 0.518492 1.874e-20)
(3.02913 0.428111 1.46782e-20)
(2.85553 0.342065 1.11132e-20)
(2.69264 0.260718 0)
(2.54072 0.184688 0)
(2.39954 0.11395 0)
(2.26898 0.049261 0)
(2.14888 -0.00959314 -4.75888e-22)
(2.0387 -0.0616557 4.19051e-22)
(1.93963 -0.1069 0)
(1.85081 -0.146452 8.64675e-22)
(1.77216 -0.179779 1.80956e-21)
(1.70279 -0.208064 0)
(1.64293 -0.2306 3.9895e-22)
(1.59087 -0.249379 7.09511e-21)
(1.54747 -0.262889 -9.37367e-21)
(1.50969 -0.274521 0)
(1.4795 -0.280836 -1.57098e-20)
(1.45158 -0.287181 -1.95438e-20)
(1.43029 -0.28652 -2.35141e-20)
(1.40674 -0.285075 -5.5336e-20)
(1.39799 -0.275889 -3.28897e-20)
(1.37361 -0.270308 -7.40449e-20)
(1.38162 -0.258158 -4.4093e-20)
(1.33437 -0.236767 0)
(0.550352 3.65516 0)
(1.32599 3.68537 0)
(1.9089 3.45186 0)
(2.74376 3.16471 4.96304e-20)
(3.45365 3.35394 0)
(3.78062 3.44929 0)
(3.94794 3.29924 0)
(4.06526 2.80976 0)
(4.22984 2.034 1.11568e-19)
(4.43424 1.03896 -6.12016e-20)
(4.6476 -0.0544477 6.00654e-20)
(4.81814 -1.12962 5.12679e-20)
(4.92046 -2.0961 3.719e-20)
(4.96301 -2.91857 1.94948e-20)
(4.97598 -3.59736 -4.06252e-22)
(4.98963 -4.14666 -2.14923e-20)
(5.02565 -4.58174 -4.29898e-20)
(5.09705 -4.91598 -6.43689e-20)
(5.20674 -5.15999 -8.49345e-20)
(5.35471 -5.32378 -1.04644e-19)
(5.5387 -5.4163 -1.25186e-19)
(5.75482 -5.44495 -1.40854e-19)
(5.99871 -5.41601 -1.58596e-19)
(6.2652 -5.33451 -1.7167e-19)
(6.5487 -5.20455 1.86042e-19)
(6.8433 -5.0301 -1.96279e-19)
(7.14309 -4.8151 -2.07011e-19)
(7.44232 -4.5641 -2.14368e-19)
(7.73556 -4.28181 -2.21419e-19)
(8.01801 -3.97338 -2.25997e-19)
(8.28556 -3.64392 -2.29467e-19)
(8.53483 -3.29869 -2.31215e-19)
(8.76308 -2.94252 -2.31539e-19)
(8.96858 -2.58007 -2.30526e-19)
(9.14991 -2.21568 0)
(9.30649 -1.85313 -2.24978e-19)
(9.43782 -1.49602 2.20754e-19)
(9.54378 -1.14694 0)
(9.62485 -0.808404 -2.10423e-19)
(9.68186 -0.48259 0)
(9.71621 -0.172863 -1.97784e-19)
(9.72909 0.117189 1.49803e-21)
(9.72185 0.383911 0)
(9.69525 0.623264 -1.79732e-19)
(9.64756 0.832816 0)
(9.57586 1.01357 1.09161e-21)
(9.47775 1.1692 -1.65909e-19)
(9.35275 1.30496 -1.61715e-19)
(9.20267 1.42504 0)
(9.03088 1.53164 -1.53199e-19)
(8.84155 1.62466 0)
(8.63816 1.70254 -1.43971e-19)
(8.42343 1.76395 -1.38993e-19)
(8.19928 1.80804 0)
(7.9675 1.83509 -1.2823e-19)
(7.72949 1.84533 1.22429e-19)
(7.48665 1.83984 -1.16422e-19)
(7.24016 1.81913 0)
(6.99106 1.7847 0)
(6.74088 1.73765 9.6708e-20)
(6.49096 1.67907 -8.98905e-20)
(6.24236 1.6097 0)
(5.9956 1.53078 7.60752e-20)
(5.75141 1.44396 6.97241e-20)
(5.51076 1.35116 0)
(5.27511 1.25383 0)
(5.04488 1.15296 4.93017e-20)
(4.82105 1.05054 0)
(4.6044 0.947313 -3.71963e-20)
(4.39601 0.844801 0)
(4.19641 0.74256 2.64132e-20)
(4.00499 0.641933 0)
(3.82223 0.543793 -1.72226e-20)
(3.64815 0.449112 0)
(3.48325 0.358749 0)
(3.32765 0.273137 0)
(3.18164 0.1929 -4.41804e-21)
(3.0451 0.11812 0)
(2.91801 0.049476 0)
(2.80032 -0.0131363 4.68031e-22)
(2.69168 -0.0690014 4.50469e-22)
(2.59299 -0.11805 0)
(2.50366 -0.161144 0)
(2.42369 -0.197884 0)
(2.35235 -0.229313 0)
(2.28986 -0.254849 4.50462e-21)
(2.23481 -0.276245 -6.23642e-21)
(2.18783 -0.292236 9.25006e-21)
(2.14637 -0.305758 0)
(2.11199 -0.313887 1.55042e-20)
(2.08017 -0.32117 -1.86022e-20)
(2.05483 -0.32171 2.3204e-20)
(2.02781 -0.321271 2.71388e-20)
(2.01428 -0.313203 3.24427e-20)
(1.98654 -0.307898 3.63522e-20)
(1.9907 -0.295597 4.34612e-20)
(1.93967 -0.275699 -4.53185e-20)
(0.614788 3.31989 0)
(1.49171 3.43093 0)
(2.1779 3.18002 -7.54832e-20)
(3.24175 2.83516 -4.87215e-20)
(4.1491 3.11394 -1.83941e-20)
(4.56921 3.29629 0)
(4.81237 3.17885 0)
(5.01102 2.68162 0)
(5.25977 1.88706 -1.00982e-19)
(5.52466 0.883753 5.57855e-20)
(5.75877 -0.198665 -5.45869e-20)
(5.90967 -1.24776 -4.65849e-20)
(5.9649 -2.18529 -3.38734e-20)
(5.94898 -2.98695 -1.78019e-20)
(5.90308 -3.65658 3.71869e-22)
(5.86164 -4.20652 1.97195e-20)
(5.84738 -4.64858 3.95418e-20)
(5.87157 -4.99264 5.92554e-20)
(5.93622 -5.24713 7.83245e-20)
(6.04111 -5.42111 9.67034e-20)
(6.1833 -5.52284 1.12532e-19)
(6.35875 -5.5594 1.30528e-19)
(6.56295 -5.5368 1.44284e-19)
(6.79065 -5.45985 1.5936e-19)
(7.03623 -5.33254 -1.70628e-19)
(7.29377 -5.15873 1.82328e-19)
(7.55738 -4.94241 1.9091e-19)
(7.82127 -4.68818 1.99075e-19)
(8.08009 -4.40093 2.04983e-19)
(8.32905 -4.08602 2.0966e-19)
(8.56412 -3.74882 -2.13044e-19)
(8.78205 -3.39485 2.1495e-19)
(8.98031 -3.02922 2.15545e-19)
(9.15734 -2.65689 2.14931e-19)
(9.31206 -2.2824 2.13228e-19)
(9.44416 -1.90974 2.10592e-19)
(9.55358 -1.54262 2.07178e-19)
(9.64062 -1.18386 2.03181e-19)
(9.70616 -0.836147 1.98776e-19)
(9.75137 -0.501855 1.93709e-19)
(9.77785 -0.184371 1.88398e-19)
(9.78675 0.112753 1.61327e-21)
(9.7792 0.386017 -1.7809e-19)
(9.75529 0.63201 1.73435e-19)
(9.71299 0.848955 1.69175e-19)
(9.64938 1.03792 -1.63971e-19)
(9.56212 1.20216 1.61231e-19)
(9.4507 1.34616 1.57343e-19)
(9.31677 1.47342 0)
(9.16346 1.58573 1.49224e-19)
(8.99456 1.68299 1.4486e-19)
(8.81326 1.76393 0)
(8.62204 1.82748 1.35355e-19)
(8.42262 1.873 1.30194e-19)
(8.21652 1.90087 0)
(8.00492 1.91143 -9.66293e-24)
(7.78898 1.90575 1.13154e-19)
(7.56973 1.88448 0)
(7.34803 1.84902 1.00633e-19)
(7.12512 1.80049 -3.48483e-22)
(6.90209 1.74002 4.09564e-22)
(6.6798 1.66853 0)
(6.45873 1.58731 -7.45118e-20)
(6.23949 1.49795 0)
(6.02285 1.40225 0)
(5.80998 1.30175 -5.41801e-20)
(5.60134 1.19755 -4.84509e-20)
(5.39779 1.09153 -4.18151e-20)
(5.20002 0.984506 7.26347e-20)
(5.00892 0.877952 0)
(4.82499 0.771809 -2.60335e-20)
(4.64789 0.667325 -2.07502e-20)
(4.47805 0.565339 1.69969e-20)
(4.31553 0.466788 0)
(4.16077 0.372508 -9.21948e-21)
(4.01398 0.282986 -6.30908e-21)
(3.87542 0.198849 4.36898e-21)
(3.74513 0.120273 0)
(3.62312 0.0478691 0)
(3.50948 -0.0183774 0)
(3.40399 -0.0779316 -4.45922e-22)
(3.30735 -0.130696 8.43065e-22)
(3.21918 -0.177317 0)
(3.13954 -0.2175 0)
(3.06787 -0.25214 0)
(3.00434 -0.280786 -3.66747e-21)
(2.94782 -0.304929 6.17111e-21)
(2.89878 -0.323563 -8.37091e-21)
(2.85511 -0.339142 -1.1204e-20)
(2.81802 -0.349295 0)
(2.78372 -0.357753 1.83721e-20)
(2.75569 -0.359781 -2.21473e-20)
(2.72652 -0.360413 0)
(2.70963 -0.353778 -3.11953e-20)
(2.67981 -0.348833 0)
(2.68125 -0.336912 0)
(2.62781 -0.318448 4.48547e-22)
(0.654241 3.00628 -4.95782e-19)
(1.60692 3.18468 0)
(2.41563 2.89366 1.55558e-19)
(3.76779 2.47608 -6.58051e-20)
(4.87888 2.8545 4.02386e-20)
(5.37987 3.13126 0)
(5.69126 3.04353 0)
(5.96317 2.53844 -3.43129e-20)
(6.27992 1.73175 4.5726e-20)
(6.58073 0.732569 4.9126e-20)
(6.80959 -0.326688 -4.85482e-20)
(6.92156 -1.34194 0)
(6.92076 -2.24814 -3.1604e-20)
(6.84639 -3.03003 0)
(6.74699 -3.69256 -1.95475e-21)
(6.65814 -4.24487 0)
(6.6016 -4.69478 3.3386e-20)
(6.58584 -5.04884 0)
(6.61226 -5.31379 0)
(6.68008 -5.49786 0)
(6.78577 -5.6087 -2.08441e-19)
(6.92524 -5.65315 0)
(7.09387 -5.63699 -1.34999e-19)
(7.28647 -5.56485 0)
(7.49747 -5.44058 7.77169e-22)
(7.72106 -5.26797 0)
(7.95141 -5.05102 -3.57911e-19)
(8.18284 -4.79437 0)
(8.41009 -4.50308 -3.84768e-19)
(8.62848 -4.18269 0)
(8.83408 -3.83884 -5.08006e-22)
(9.0238 -3.47729 -2.01593e-19)
(9.19531 -3.10346 -4.05227e-19)
(9.34726 -2.72255 -4.04372e-19)
(9.47887 -2.33935 -4.01604e-19)
(9.59008 -1.95805 -3.97242e-19)
(9.68117 -1.58248 -1.95014e-19)
(9.7528 -1.21568 -3.84993e-19)
(9.80611 -0.860462 -3.77775e-19)
(9.84251 -0.519377 -3.69568e-19)
(9.86365 -0.195751 -3.60795e-19)
(9.87057 0.106962 -1.75219e-19)
(9.86412 0.385522 -1.57273e-21)
(9.84385 0.637116 -3.36384e-19)
(9.80761 0.860478 -3.29172e-19)
(9.75264 1.05668 -1.61702e-19)
(9.67677 1.22859 -1.57079e-19)
(9.57955 1.37993 -1.53594e-19)
(9.46249 1.51358 -1.50788e-19)
(9.32843 1.63096 -2.92903e-19)
(9.18078 1.73196 -1.41991e-19)
(9.02239 1.81557 -1.38071e-19)
(8.85548 1.88097 -2.66244e-19)
(8.68152 1.92774 -1.28008e-19)
(8.50181 1.95632 -1.2289e-19)
(8.31732 1.96718 -1.17287e-19)
(8.12898 1.96139 -2.22967e-19)
(7.93763 1.93968 -1.05346e-19)
(7.74399 1.90339 -9.93359e-20)
(7.54904 1.85365 -1.85583e-19)
(7.35361 1.79165 3.95055e-22)
(7.1584 1.71843 7.94208e-20)
(6.9638 1.63531 7.27548e-20)
(6.77032 1.54386 6.61176e-20)
(6.57856 1.44577 0)
(6.38945 1.34264 1.0684e-19)
(6.20342 1.23565 0)
(6.02123 1.12656 8.23937e-20)
(5.8435 1.01629 -3.57451e-20)
(5.67095 0.906262 2.98008e-20)
(5.50407 0.796716 0)
(5.34271 0.688823 4.06944e-20)
(5.18727 0.583411 0)
(5.03784 0.481386 1.20327e-20)
(4.89486 0.383555 9.16145e-21)
(4.75855 0.29045 1.20843e-20)
(4.6292 0.202695 0)
(4.50693 0.120546 1.52616e-21)
(4.39185 0.0445557 1.18116e-22)
(4.28409 -0.0252171 -8.0902e-22)
(4.18359 -0.0883676 -1.2563e-21)
(4.0909 -0.144782 -2.0656e-21)
(4.00579 -0.194926 -7.61486e-22)
(3.92838 -0.238595 1.64109e-22)
(3.85825 -0.276526 0)
(3.79553 -0.3084 6.88385e-21)
(3.73936 -0.335432 0)
(3.69004 -0.356883 1.6177e-20)
(3.64591 -0.37471 1.10751e-20)
(3.60785 -0.387117 1.3983e-20)
(3.57277 -0.397008 1.74065e-20)
(3.54365 -0.400828 4.32576e-20)
(3.51389 -0.402623 2.53185e-20)
(3.49533 -0.397778 6.09278e-20)
(3.46494 -0.393213 3.4128e-20)
(3.46502 -0.382394 4.08184e-20)
(3.41077 -0.364999 4.3053e-20)
(0.670899 2.7239 -1.85089e-20)
(1.66886 2.94876 0)
(2.65461 2.58609 -8.18902e-20)
(4.37172 2.08681 6.51447e-20)
(5.66958 2.58336 4.78337e-21)
(6.22928 2.96098 -1.84679e-21)
(6.59665 2.89986 0)
(6.92891 2.38855 3.12252e-20)
(7.29192 1.57773 3.90808e-20)
(7.6019 0.593801 -4.43548e-20)
(7.80188 -0.433662 4.3823e-20)
(7.86083 -1.41152 3.82731e-20)
(7.80045 -2.28726 5.80446e-20)
(7.67154 -3.05217 0)
(7.52606 -3.71027 5.02214e-21)
(7.39824 -4.26666 0)
(7.30704 -4.72508 -5.94913e-20)
(7.25824 -5.08921 0)
(7.25263 -5.36453 0)
(7.28867 -5.5585 0)
(7.36249 -5.6783 1.41224e-21)
(7.46999 -5.73058 -1.09142e-19)
(7.60655 -5.72093 0)
(7.76711 -5.65381 -1.35735e-19)
(7.94629 -5.53295 5.99484e-22)
(8.13844 -5.36205 0)
(8.33794 -5.14511 1.66015e-19)
(8.53927 -4.8868 -1.73099e-19)
(8.73733 -4.59232 -3.09578e-22)
(8.92759 -4.26738 0)
(9.10627 -3.91787 3.72512e-19)
(9.27047 -3.5498 -1.8864e-19)
(9.41806 -3.16888 -1.16471e-21)
(9.54789 -2.78056 1.88144e-19)
(9.65943 -2.38987 1.87078e-19)
(9.75287 -2.00121 -1.64909e-21)
(9.82875 -1.61854 0)
(9.88798 -1.24508 1.80453e-19)
(9.93188 -0.883753 -1.88431e-21)
(9.96198 -0.537241 -1.89278e-21)
(9.97985 -0.208751 1.70858e-19)
(9.98642 0.0984182 0)
(9.98216 0.38135 -1.70104e-21)
(9.96627 0.637763 1.61053e-19)
(9.93661 0.866784 -1.45721e-21)
(9.89067 1.06946 1.55009e-19)
(9.82657 1.24822 0)
(9.74396 1.40613 -1.49717e-19)
(9.64428 1.5455 -9.19217e-22)
(9.53006 1.6674 1.41498e-19)
(9.40429 1.77173 0)
(9.26947 1.85771 -5.1257e-22)
(9.12752 1.92475 -3.80008e-22)
(8.97968 1.97263 1.24129e-19)
(8.827 2.00188 -1.32979e-22)
(8.67025 2.01307 0)
(8.51016 2.00725 8.13579e-23)
(8.34738 1.98524 1.01891e-19)
(8.18247 1.94834 -9.55788e-20)
(8.01617 1.89768 8.96096e-20)
(7.84909 1.83451 8.32666e-20)
(7.68178 1.75994 -7.6844e-20)
(7.51452 1.67534 -1.40313e-19)
(7.34772 1.58223 -6.39703e-20)
(7.18183 1.48225 0)
(7.01757 1.37699 -5.14127e-20)
(6.85534 1.26772 0)
(6.69578 1.15609 -3.95712e-20)
(6.53944 1.04311 0)
(6.38693 0.930134 -2.88064e-20)
(6.2387 0.817656 -2.33792e-20)
(6.09475 0.70678 -1.94045e-20)
(5.95544 0.598338 -1.47901e-20)
(5.82095 0.493204 -1.16157e-20)
(5.69167 0.392158 -7.91016e-21)
(5.56783 0.295771 -5.60763e-21)
(5.44976 0.204656 -2.86399e-21)
(5.33763 0.119133 -1.47015e-21)
(5.23163 0.0397024 1.91392e-22)
(5.13198 -0.0335098 7.78258e-22)
(5.03868 -0.100189 1.20759e-21)
(4.95219 -0.160213 1.18e-21)
(4.87243 -0.213898 1.85684e-21)
(4.79952 -0.261113 -1.57317e-22)
(4.73318 -0.302431 -1.03078e-21)
(4.67353 -0.337664 -3.1092e-21)
(4.6199 -0.36775 0)
(4.57251 -0.392209 -7.53548e-21)
(4.53004 -0.412508 0)
(4.49316 -0.427423 -1.33106e-20)
(4.45934 -0.43904 -3.26976e-20)
(4.43116 -0.444976 -2.03424e-20)
(4.40271 -0.448073 -4.75912e-20)
(4.38453 -0.445404 -2.86305e-20)
(4.35536 -0.441189 -3.22414e-20)
(4.35589 -0.432386 -7.6577e-20)
(4.30267 -0.415347 -3.94969e-20)
(0.670674 2.47812 5.61602e-19)
(1.67709 2.72118 -2.03483e-19)
(2.94356 2.24809 0)
(5.09091 1.67387 7.82288e-20)
(6.52581 2.31429 -2.44653e-20)
(7.11288 2.79505 6.43596e-21)
(7.51856 2.75657 0)
(7.89304 2.2418 -2.49606e-20)
(8.27587 1.43491 -3.48898e-20)
(8.56795 0.474631 0)
(8.7193 -0.516817 0)
(8.7167 -1.45802 -6.90838e-20)
(8.59788 -2.30703 -2.63394e-20)
(8.42106 -3.059 1.71424e-20)
(8.23786 -3.71546 -2.91919e-21)
(8.07932 -4.27717 9.31699e-21)
(7.96037 -4.74412 2.61303e-20)
(7.8848 -5.1178 -3.95529e-20)
(7.85265 -5.40275 0)
(7.86167 -5.60577 6.99614e-20)
(7.90784 -5.73373 1.70488e-19)
(7.98711 -5.79316 9.95963e-20)
(8.09498 -5.78949 -1.11472e-19)
(8.22659 -5.72702 1.24049e-19)
(8.37682 -5.6094 2.68679e-19)
(8.54031 -5.44024 0)
(8.71169 -5.22351 1.5174e-19)
(8.88569 -4.96393 1.58228e-19)
(9.0574 -4.66681 3.27595e-19)
(9.22249 -4.33804 0)
(9.37735 -3.9837 -3.41889e-19)
(9.51925 -3.61006 3.45706e-19)
(9.64626 -3.2231 1.73083e-19)
(9.7574 -2.82852 -1.74681e-19)
(9.85233 -2.43158 -1.74131e-19)
(9.93142 -2.03685 3.44121e-19)
(9.99538 -1.64845 1.71387e-19)
(10.0453 -1.26971 1.6945e-19)
(10.0825 -0.903685 -2.04487e-21)
(10.1087 -0.553098 -2.03819e-21)
(10.1251 -0.221023 0)
(10.1325 0.0894476 1.59253e-19)
(10.1311 0.37573 -1.81854e-21)
(10.1198 0.635976 -1.53863e-19)
(10.0965 0.869594 3.00752e-19)
(10.0592 1.07755 -1.48369e-19)
(10.0062 1.26192 1.45434e-19)
(9.93732 1.42518 -1.14649e-21)
(9.85401 1.56913 1.37903e-19)
(9.75852 1.6946 -1.35253e-19)
(9.65345 1.80148 1.3131e-19)
(9.54093 1.8892 -5.82314e-22)
(9.42256 1.95738 -4.44862e-22)
(9.29938 2.00599 3.13422e-22)
(9.17218 2.03562 -1.88018e-22)
(9.04157 2.04694 1.07491e-19)
(8.90807 2.04099 1.02017e-19)
(8.77219 2.01866 9.62628e-20)
(8.63433 1.98122 2.20094e-22)
(8.49501 1.92981 8.43469e-20)
(8.35469 1.86571 0)
(8.21374 1.7901 0)
(8.07238 1.70437 6.63084e-20)
(7.93092 1.61001 0)
(7.78969 1.50863 0)
(7.64924 1.40178 0)
(7.50993 1.29078 0)
(7.3723 1.17722 0)
(7.23683 1.06215 0)
(7.10406 0.946893 0)
(6.97439 0.832105 2.2173e-20)
(6.84794 0.718848 1.73718e-20)
(6.72506 0.607955 1.40243e-20)
(6.60596 0.500277 0)
(6.491 0.396577 7.49775e-21)
(6.38046 0.297449 0)
(6.27463 0.203487 2.7134e-21)
(6.17379 0.115053 0)
(6.07815 0.0326167 -2.88896e-22)
(5.98798 -0.0436504 -1.55306e-21)
(5.90336 -0.113484 0)
(5.82469 -0.176757 0)
(5.75195 -0.233675 -1.06457e-21)
(5.6853 -0.284153 0)
(5.62457 -0.328632 1.54316e-21)
(5.56985 -0.367014 0)
(5.52065 -0.400016 0)
(5.47711 -0.427351 6.31743e-21)
(5.4382 -0.450103 8.83823e-21)
(5.40444 -0.467479 0)
(5.3737 -0.480945 1.51861e-20)
(5.34832 -0.489002 0)
(5.32281 -0.493514 2.21457e-20)
(5.307 -0.492934 0)
(5.28048 -0.489337 0)
(5.28333 -0.482465 3.56342e-20)
(5.23249 -0.466008 3.69338e-20)
(0.660285 2.27035 0)
(1.64444 2.49641 1.98342e-19)
(3.34824 1.87196 -1.0441e-19)
(5.92788 1.25256 -7.19981e-20)
(7.42806 2.06194 0)
(8.01086 2.64155 -1.14526e-20)
(8.43635 2.62112 0)
(8.83275 2.10652 2.21547e-20)
(9.20907 1.31084 0)
(9.46081 0.379461 3.39991e-20)
(9.55111 -0.575544 3.51022e-20)
(9.48546 -1.48372 3.10811e-20)
(9.31402 -2.31105 2.6134e-20)
(9.09786 -3.05415 1.88617e-21)
(8.88551 -3.71126 0)
(8.70357 -4.27891 -1.46724e-20)
(8.56284 -4.754 0)
(8.46575 -5.13645 6.95898e-20)
(8.4116 -5.43009 -4.79498e-20)
(8.39755 -5.64122 -6.35301e-20)
(8.41967 -5.77651 -1.52479e-19)
(8.47397 -5.84238 -8.85728e-20)
(8.55615 -5.84415 1.01569e-19)
(8.66166 -5.78602 -1.1197e-19)
(8.78571 -5.67153 -2.44414e-19)
(8.92331 -5.50424 0)
(9.0694 -5.28808 -1.38403e-19)
(9.219 -5.02781 0)
(9.36746 -4.72881 -1.49585e-19)
(9.51063 -4.39711 0)
(9.64508 -4.039 -1.26396e-21)
(9.76823 -3.66096 1.47696e-21)
(9.87829 -3.26921 1.60658e-19)
(9.97439 -2.86968 3.20252e-19)
(10.0563 -2.46783 3.19605e-19)
(10.1246 -2.0684 2.09821e-21)
(10.1799 -1.67561 2.1822e-21)
(10.2235 -1.29293 2.23341e-21)
(10.2566 -0.923444 3.09246e-19)
(10.2809 -0.569916 3.05592e-19)
(10.2974 -0.235257 1.5166e-19)
(10.3067 0.0776584 2.09798e-21)
(10.3086 0.366545 2.92279e-19)
(10.302 0.629879 2.87806e-19)
(10.2851 0.86724 1.72041e-21)
(10.2559 1.07949 2.78245e-19)
(10.2133 1.26837 1.42409e-21)
(10.1572 1.43587 2.67188e-19)
(10.089 1.58342 1.31022e-19)
(10.0107 1.71165 2.54092e-19)
(9.92446 1.82047 8.20214e-22)
(9.83221 1.90949 2.38712e-19)
(9.73522 1.97852 2.30199e-19)
(9.63429 2.02768 3.81962e-22)
(9.53005 2.0576 2.11646e-19)
(9.42291 2.06904 1.21076e-22)
(9.31328 2.06303 9.56126e-20)
(9.20148 2.04051 -1.01955e-22)
(9.08781 2.00273 1.69289e-19)
(8.97263 1.95085 -2.81681e-22)
(8.85624 1.88616 0)
(8.7389 1.80989 0)
(8.62076 1.72343 0)
(8.50204 1.62828 0)
(8.38298 1.52598 4.97588e-20)
(8.26402 1.41807 0)
(8.14547 1.30591 0)
(8.0278 1.19099 0)
(7.91143 1.07444 -2.86578e-20)
(7.79682 0.957522 0)
(7.68439 0.841017 0)
(7.57429 0.725951 -3.19912e-20)
(7.46688 0.613164 0)
(7.3624 0.503493 0)
(7.26118 0.39769 0)
(7.16351 0.29635 0)
(7.06973 0.200051 0)
(6.98014 0.10919 -1.18912e-23)
(6.895 0.0242121 0)
(6.81457 -0.0546733 1.45302e-21)
(6.73901 -0.127229 0)
(6.66866 -0.193323 0)
(6.60358 -0.253084 0)
(6.54394 -0.306449 0)
(6.48963 -0.35376 -4.3073e-22)
(6.44076 -0.394968 0)
(6.39693 -0.430638 0)
(6.35828 -0.460595 -1.13493e-20)
(6.32394 -0.485665 -8.22959e-21)
(6.2944 -0.505329 0)
(6.26778 -0.520654 -1.33374e-20)
(6.24627 -0.530685 0)
(6.22465 -0.536699 0)
(6.21236 -0.537913 -2.37184e-20)
(6.18943 -0.53532 0)
(6.19563 -0.529765 -3.22493e-20)
(6.14817 -0.514649 0)
(0.647369 2.09685 0)
(1.59924 2.26344 -1.05645e-19)
(3.93205 1.45576 1.01134e-19)
(6.85287 0.841671 -3.779e-20)
(8.35122 1.83532 0)
(8.90886 2.50399 1.80405e-21)
(9.34074 2.49706 -3.52112e-21)
(9.74086 1.98611 0)
(10.0892 1.20707 0)
(10.2855 0.306779 -1.49712e-20)
(10.3099 -0.613895 -3.1352e-20)
(10.1851 -1.49388 0)
(9.96955 -2.30452 -2.35046e-20)
(9.72322 -3.04222 -1.55693e-20)
(9.48982 -3.70162 0)
(9.29082 -4.27543 5.69111e-21)
(9.13354 -4.75813 -7.89156e-21)
(9.01936 -5.14857 -1.64376e-20)
(8.94695 -5.45001 2.28246e-20)
(8.91313 -5.66836 0)
(8.9141 -5.81019 6.92759e-20)
(8.94603 -5.88184 8.13094e-20)
(9.00491 -5.88853 0)
(9.08656 -5.8344 1.03008e-19)
(9.18659 -5.72291 1.12385e-19)
(9.30045 -5.55755 0)
(9.42348 -5.34222 0)
(9.55105 -5.08168 0)
(9.67876 -4.78138 -6.97836e-20)
(9.80269 -4.44747 0)
(9.91957 -4.08641 1.45223e-19)
(10.0269 -3.70487 -1.47145e-19)
(10.1231 -3.3093 -1.48286e-19)
(10.2073 -2.90582 -1.48761e-19)
(10.2793 -2.50007 -1.48685e-19)
(10.3396 -2.09696 -1.48177e-19)
(10.3891 -1.70078 -2.22168e-19)
(10.4288 -1.31511 -7.19439e-20)
(10.4601 -0.943075 -2.18725e-19)
(10.4842 -0.587413 -7.06598e-20)
(10.5021 -0.250884 -6.98226e-20)
(10.5142 0.0638604 -6.89804e-20)
(10.5201 0.354791 -1.3836e-19)
(10.5187 0.620621 -6.72521e-20)
(10.5082 0.861032 -6.63118e-20)
(10.4872 1.07677 -6.52867e-20)
(10.4547 1.26926 -1.95486e-19)
(10.411 1.44012 -6.2894e-20)
(10.3572 1.59047 -6.15016e-20)
(10.2951 1.7208 -5.99682e-20)
(10.2267 1.83106 -1.17475e-19)
(10.1534 1.92101 -5.64756e-20)
(10.0763 1.99061 -5.45197e-20)
(9.99596 2.04012 -5.24315e-20)
(9.91291 2.07023 -1.51257e-19)
(9.8274 2.08173 -4.7895e-20)
(9.73972 2.07566 -4.54588e-20)
(9.65006 2.05302 -8.57814e-20)
(9.5586 2.01501 -1.20602e-19)
(9.46557 1.96284 -3.76377e-20)
(9.37115 1.89777 0)
(9.2755 1.8211 -3.17613e-20)
(9.17873 1.7342 0)
(9.08097 1.63856 0)
(8.98241 1.53569 -4.73869e-20)
(8.88338 1.42711 -2.07556e-20)
(8.78417 1.31417 0)
(8.68517 1.19833 -1.56989e-20)
(8.58675 1.08072 2.72947e-20)
(8.48933 0.962601 -1.11377e-20)
(8.39332 0.844807 0)
(8.29892 0.728358 7.77365e-21)
(8.20647 0.614099 0)
(8.1162 0.502851 -3.9366e-21)
(8.02847 0.395345 0)
(7.94359 0.292177 -1.44989e-21)
(7.86193 0.193917 5.01954e-22)
(7.78378 0.100983 2.59472e-22)
(7.70941 0.0138086 0)
(7.63913 -0.0673715 0)
(7.57311 -0.142333 -1.31838e-21)
(7.51167 -0.210938 1.29438e-21)
(7.45493 -0.273257 0)
(7.40304 -0.329238 0)
(7.35597 -0.379141 -9.60327e-23)
(7.31382 -0.422949 -5.30113e-22)
(7.27629 -0.461106 -1.37517e-21)
(7.2435 -0.493512 2.80594e-21)
(7.21473 -0.520804 3.48813e-21)
(7.19042 -0.542648 -4.75624e-21)
(7.1689 -0.559829 6.5225e-21)
(7.15227 -0.571761 -7.63058e-21)
(7.1355 -0.579313 0)
(7.12777 -0.58219 1.14123e-20)
(7.10941 -0.580746 -1.24163e-20)
(7.11992 -0.576315 1.54027e-20)
(7.077 -0.562712 0)
(0.661765 1.95027 0)
(1.58847 2.01187 1.05356e-19)
(4.71104 1.01032 -5.0455e-20)
(7.81547 0.461115 3.30742e-20)
(9.26464 1.63873 -1.5179e-20)
(9.78972 2.38358 -1.30433e-21)
(10.2198 2.38648 8.35941e-22)
(10.6077 1.88254 0)
(10.9122 1.12368 0)
(11.0449 0.254289 3.61421e-22)
(11.0045 -0.635736 1.5171e-20)
(10.8282 -1.49272 0)
(10.578 -2.29118 1.26005e-20)
(10.3104 -3.02621 9.27662e-21)
(10.0631 -3.68891 0)
(9.85233 -4.26873 -2.83349e-22)
(9.68293 -4.75838 1.18027e-21)
(9.55535 -5.15598 -1.3143e-20)
(9.46784 -5.4643 9.56709e-22)
(9.417 -5.68904 0)
(9.39926 -5.83665 0)
(9.41101 -5.91343 -3.64769e-20)
(9.44859 -5.92456 0)
(9.50824 -5.87412 0)
(9.58607 -5.76549 0)
(9.67802 -5.60211 -5.59875e-20)
(9.77989 -5.38785 0)
(9.88744 -5.12744 -6.2661e-20)
(9.99658 -4.82639 6.46565e-20)
(10.1036 -4.49092 0)
(10.2054 -4.12766 0)
(10.2997 -3.74344 0)
(10.3847 -3.34489 0)
(10.4597 -2.93833 0)
(10.5245 -2.52955 0)
(10.5795 -2.1236 0)
(10.6255 -1.72486 -1.22284e-21)
(10.6635 -1.33697 -6.94932e-20)
(10.6946 -0.96307 6.90542e-20)
(10.72 -0.605883 -6.85587e-20)
(10.7406 -0.268012 -6.78867e-20)
(10.7564 0.048105 -6.71533e-20)
(10.7668 0.340647 -6.74641e-20)
(10.7709 0.608493 -6.55293e-20)
(10.7672 0.851375 -6.45979e-20)
(10.7544 1.06991 -6.35615e-20)
(10.732 1.26526 6.2403e-20)
(10.7002 1.43874 -6.1112e-20)
(10.6602 1.59122 -5.96808e-20)
(10.6135 1.72311 -5.81079e-20)
(10.5618 1.8344 0)
(10.5062 1.92498 3.92133e-22)
(10.4475 1.99496 -5.25634e-20)
(10.3863 2.04468 -5.04515e-20)
(10.3228 2.07488 4.82283e-20)
(10.2572 2.08641 -4.58946e-20)
(10.1897 2.08031 -4.34603e-20)
(10.1203 2.05759 0)
(10.0492 2.01946 3.83581e-20)
(9.97643 1.96713 -3.57215e-20)
(9.90213 1.90189 -3.28918e-20)
(9.82638 1.82502 3.03626e-20)
(9.74921 1.73792 2.74557e-20)
(9.67073 1.64205 -2.4771e-20)
(9.59106 1.5389 0)
(9.51046 1.42994 2.7965e-22)
(9.42919 1.31655 1.70905e-20)
(9.34758 1.20012 1.50147e-20)
(9.26599 1.08182 1.24648e-20)
(9.18479 0.962865 1.06528e-20)
(9.10433 0.844147 8.3826e-21)
(9.02488 0.726673 6.87195e-21)
(8.94675 0.611287 -4.93776e-21)
(8.87021 0.498797 3.76394e-21)
(8.79562 0.389916 0)
(8.72333 0.285237 1.38618e-21)
(8.65368 0.185327 -4.7985e-22)
(8.58696 0.0906249 -2.37195e-22)
(8.52347 0.00154991 0)
(8.46352 -0.0816442 0)
(8.40732 -0.158737 2.76067e-21)
(8.35516 -0.229583 -1.23613e-21)
(8.30718 -0.294208 1.27574e-21)
(8.26356 -0.352562 0)
(8.22431 -0.40484 3.91655e-22)
(8.18951 -0.451043 5.05509e-22)
(8.15895 -0.491516 1.31079e-21)
(8.13274 -0.526214 2.26109e-21)
(8.11028 -0.555623 -3.3217e-21)
(8.09199 -0.579544 8.83636e-21)
(8.07634 -0.598554 5.80237e-21)
(8.06538 -0.612317 1.42926e-20)
(8.05422 -0.621414 0)
(8.05186 -0.62586 2.06492e-20)
(8.0389 -0.625635 1.17814e-20)
(8.05447 -0.622226 2.8241e-20)
(8.0171 -0.610171 0)
(0.778969 1.81614 0)
(1.68578 1.73872 0)
(5.63964 0.555195 4.47477e-20)
(8.76781 0.124283 0)
(10.1437 1.47174 1.32015e-20)
(10.6407 2.27935 1.05787e-20)
(11.0646 2.28999 2.01663e-21)
(11.4274 1.7961 0)
(11.6777 1.05924 0)
(11.745 0.218898 -1.26044e-20)
(11.6454 -0.644882 -1.36471e-20)
(11.4269 -1.48382 0)
(11.1519 -2.27384 -1.14162e-20)
(10.8709 -3.00818 -8.43202e-21)
(10.6158 -3.67468 0)
(10.3978 -4.26011 2.58878e-22)
(10.22 -4.756 5.51265e-21)
(10.0821 -5.15991 0)
(9.98215 -5.47427 1.68169e-20)
(9.91664 -5.70457 0)
(9.88226 -5.85726 0)
(9.87568 -5.93858 3.37612e-20)
(9.89364 -5.9537 0)
(9.93286 -5.90664 0)
(9.99 -5.80075 0)
(10.0616 -5.63941 5.20487e-20)
(10.1439 -5.42643 0)
(10.2331 -5.16653 5.83306e-20)
(10.3255 -4.86522 -6.1317e-20)
(10.4177 -4.52881 0)
(10.5066 -4.16403 -6.49938e-20)
(10.59 -3.77786 -6.62131e-20)
(10.6661 -3.3771 -6.70818e-20)
(10.7343 -2.96822 -6.76491e-20)
(10.7941 -2.55715 -6.79637e-20)
(10.846 -2.14907 0)
(10.8906 -1.74843 -1.27081e-21)
(10.9286 -1.35893 0)
(10.9612 -0.983713 -6.75316e-20)
(10.9893 -0.625458 0)
(11.0134 -0.286637 -6.66046e-20)
(11.0335 0.0305091 -6.59375e-20)
(11.0491 0.324321 -1.12607e-21)
(11.0591 0.593788 0)
(11.0624 0.838656 -6.33973e-20)
(11.058 1.05941 -6.23254e-20)
(11.0455 1.25701 -6.11212e-20)
(11.0253 1.43248 -5.97777e-20)
(10.9985 1.58655 0)
(10.9665 1.71956 -5.66593e-20)
(10.9304 1.83155 -5.48896e-20)
(10.8914 1.92255 -1.05559e-19)
(10.8499 1.99274 -5.09583e-20)
(10.8063 2.04257 0)
(10.7608 2.07282 -4.65555e-20)
(10.7135 2.08437 0)
(10.6644 2.07825 -4.17532e-20)
(10.6136 2.05552 -3.92324e-20)
(10.561 2.01737 -3.66577e-20)
(10.5068 1.96501 0)
(10.4509 1.89974 3.15534e-20)
(10.3934 1.82286 0)
(10.3341 1.73575 -2.63458e-20)
(10.2733 1.63986 2.37722e-20)
(10.211 1.53665 0)
(10.1474 1.42758 1.87839e-20)
(10.0827 1.31398 -1.64052e-20)
(10.0173 1.19725 0)
(9.95138 1.07855 -1.19655e-20)
(9.88537 0.959054 0)
(9.81958 0.839706 -8.04606e-21)
(9.75427 0.721494 0)
(9.68979 0.605266 4.73903e-21)
(9.62643 0.491807 0)
(9.56456 0.381814 0)
(9.50451 0.275888 0)
(9.44661 0.174594 0)
(9.39117 0.0783803 0)
(9.33849 -0.0123442 0)
(9.28889 -0.0973101 0)
(9.24258 -0.176296 -3.12564e-21)
(9.19987 -0.249149 0)
(9.16089 -0.315858 -1.22276e-21)
(9.12585 -0.37637 0)
(9.09476 -0.430829 -9.80165e-22)
(9.06774 -0.479239 0)
(9.04461 -0.521873 0)
(9.02549 -0.558714 0)
(9.00987 -0.59014 2.74778e-21)
(8.99816 -0.616037 -4.11898e-21)
(8.98894 -0.636834 0)
(8.98423 -0.652359 -6.7203e-21)
(8.97925 -0.662996 0)
(8.98288 -0.668933 -9.74458e-21)
(8.97595 -0.669967 0)
(8.99717 -0.667518 -2.64902e-20)
(8.9662 -0.657002 0)
(1.09785 1.67352 0)
(1.99384 1.44974 0)
(6.64513 0.112672 0)
(9.67463 -0.163786 0)
(10.9733 1.33106 0)
(11.4541 2.18934 -5.19413e-21)
(11.8693 2.20724 0)
(12.1978 1.72591 0)
(12.3892 1.0114 0)
(12.3938 0.197273 0)
(12.2434 -0.644769 0)
(11.993 -1.47 -1.41403e-20)
(11.7022 -2.25454 0)
(11.4149 -2.9895 -1.03626e-20)
(11.1568 -3.65991 0)
(10.9354 -4.25045 0)
(10.7523 -4.75184 0)
(10.6068 -5.16125 8.03251e-21)
(10.4967 -5.48083 0)
(10.4185 -5.71595 0)
(10.3693 -5.87304 0)
(10.346 -5.95834 0)
(10.3458 -5.97701 0)
(10.3659 -5.93304 0)
(10.4036 -5.82977 0)
(10.456 -5.67051 0)
(10.5201 -5.45902 0)
(10.5924 -5.19997 0)
(10.6696 -4.89888 5.74166e-20)
(10.7485 -4.56209 0)
(10.8263 -4.19642 6.09513e-20)
(10.9007 -3.80897 1.25295e-19)
(10.97 -3.40667 6.30256e-20)
(11.0333 -2.99613 1.2843e-19)
(11.0901 -2.58342 6.40055e-20)
(11.1407 -2.1738 6.54773e-20)
(11.1855 -1.77181 1.29787e-19)
(11.2252 -1.38117 6.54841e-20)
(11.2605 -1.00505 6.39881e-20)
(11.2921 -0.646077 0)
(11.3206 -0.306595 1.27944e-19)
(11.3457 0.0113176 6.28032e-20)
(11.3669 0.306124 1.25511e-19)
(11.3833 0.576883 0)
(11.3938 0.823328 1.22227e-19)
(11.3979 1.04583 5.96379e-20)
(11.3953 1.24514 5.85331e-20)
(11.3864 1.4221 5.72867e-20)
(11.3723 1.57733 5.65816e-20)
(11.3541 1.7111 5.43602e-20)
(11.3328 1.82355 1.05892e-19)
(11.3091 1.91477 5.0882e-20)
(11.2835 1.98507 9.82593e-20)
(11.2562 2.03494 0)
(11.2273 2.06521 8.97093e-20)
(11.1967 2.07678 0)
(11.1645 2.07068 4.01587e-20)
(11.1306 2.04798 3.77434e-20)
(11.095 2.00989 4.77253e-23)
(11.0576 1.95761 0)
(11.0185 1.89244 0)
(10.9775 1.81568 0)
(10.9347 1.72873 0)
(10.8901 1.63299 -2.2423e-20)
(10.8437 1.52991 0)
(10.7957 1.42091 1.75498e-20)
(10.7464 1.30734 0)
(10.6958 1.19052 -1.30278e-20)
(10.6445 1.07164 0)
(10.5926 0.95185 0)
(10.5406 0.832116 0)
(10.4886 0.713404 -5.49072e-21)
(10.4371 0.596554 0)
(10.3863 0.482341 2.64442e-21)
(10.3366 0.371458 0)
(10.2884 0.264508 -4.81363e-22)
(10.2418 0.162053 0)
(10.1974 0.0645442 0)
(10.1553 -0.0276155 0)
(10.1159 -0.114145 0)
(10.0794 -0.194818 1.62214e-21)
(10.0462 -0.269474 -1.83603e-21)
(10.0163 -0.338072 0)
(9.9899 -0.400552 1.3001e-21)
(9.96715 -0.457016 -2.32793e-22)
(9.94812 -0.507468 0)
(9.93269 -0.552117 0)
(9.92097 -0.590966 0)
(9.91252 -0.624308 -2.63687e-21)
(9.90775 -0.652087 0)
(9.90534 -0.674621 0)
(9.90728 -0.691844 -6.00811e-21)
(9.90888 -0.704003 0)
(9.91892 -0.711375 8.89782e-21)
(9.91849 -0.713685 0)
(9.94577 -0.712172 2.49079e-20)
(9.92185 -0.703153 0)
(1.65997 1.50369 1.13634e-19)
(2.61118 1.1584 0)
(7.66334 -0.29601 3.55797e-20)
(10.5154 -0.404679 2.8927e-20)
(11.7471 1.21226 -1.43784e-20)
(12.2265 2.11142 6.82623e-21)
(12.6314 2.1373 -2.26247e-22)
(12.9198 1.67038 0)
(13.0523 0.9775 9.00468e-21)
(13.0005 0.186277 0)
(12.8092 -0.638239 1.38581e-20)
(12.537 -1.45339 2.70961e-20)
(12.2384 -2.23462 -1.32348e-20)
(11.9505 -2.97102 9.51662e-21)
(11.6936 -3.6452 -7.73362e-21)
(11.4721 -4.24026 3.60625e-21)
(11.2865 -4.74641 1.13112e-21)
(11.1357 -5.16055 -1.3718e-20)
(11.0174 -5.4846 0)
(10.9284 -5.72384 1.71474e-20)
(10.8659 -5.88471 -2.26127e-20)
(10.8273 -5.97346 2.79386e-20)
(10.8101 -5.99526 -3.30276e-20)
(10.8122 -5.95412 0)
(10.8315 -5.85334 4.21899e-20)
(10.8658 -5.69619 -4.61532e-20)
(10.9126 -5.48638 4.96645e-20)
(10.9691 -5.2285 -5.27149e-20)
(11.0323 -4.92807 5.53125e-20)
(11.0993 -4.59142 0)
(11.1673 -4.22544 -5.9238e-20)
(11.2342 -3.8373 1.03628e-21)
(11.2982 -3.43407 -6.1707e-20)
(11.3583 -3.02246 1.20828e-21)
(11.4137 -2.60865 -6.30506e-20)
(11.4645 -2.19801 -1.25489e-19)
(11.5109 -1.79511 1.34133e-21)
(11.5533 -1.40372 -1.25892e-19)
(11.5924 -1.02702 6.35387e-20)
(11.6285 -0.667586 -6.33464e-20)
(11.6621 -0.327662 1.2891e-21)
(11.6928 -0.00918628 -6.248e-20)
(11.72 0.28639 -1.22492e-19)
(11.743 0.558165 6.10673e-20)
(11.7611 0.805842 -1.19297e-19)
(11.7737 1.02968 5.91292e-20)
(11.7809 1.23027 -5.79484e-20)
(11.7831 1.40833 -5.66219e-20)
(11.7811 1.56435 7.06444e-22)
(11.7759 1.69863 -5.35313e-20)
(11.7683 1.81133 5.36097e-22)
(11.759 1.90265 -4.98945e-20)
(11.7481 1.97296 3.70315e-22)
(11.7358 2.02284 -4.57779e-20)
(11.7221 2.05311 -8.69187e-20)
(11.7068 2.0647 4.12665e-20)
(11.69 2.05866 -3.88883e-20)
(11.6715 2.03605 3.64481e-20)
(11.6513 1.99808 3.66542e-23)
(11.6293 1.94597 3.14472e-20)
(11.6054 1.881 -2.89184e-20)
(11.5796 1.80449 -2.63938e-20)
(11.5517 1.71781 2.38907e-20)
(11.5219 1.62237 2.16534e-20)
(11.49 1.51956 1.90175e-20)
(11.4563 1.4108 -1.69491e-20)
(11.421 1.29741 1.44354e-20)
(11.3843 1.18069 1.25824e-20)
(11.3464 1.06181 0)
(11.3077 0.941923 0)
(11.2685 0.821987 0)
(11.2291 0.702955 5.3027e-21)
(11.1897 0.585664 0)
(11.1508 0.47088 -2.55369e-21)
(11.1127 0.359291 0)
(11.0757 0.251504 4.64788e-22)
(11.0401 0.148072 0)
(11.0063 0.0494509 0)
(10.9745 -0.0439624 1.66028e-21)
(10.945 -0.131876 0)
(10.9182 -0.214059 -2.05767e-21)
(10.8942 -0.290341 1.77134e-21)
(10.8733 -0.360657 0)
(10.8556 -0.424939 -2.74537e-21)
(10.8412 -0.483253 7.84768e-22)
(10.8302 -0.535596 0)
(10.8225 -0.582129 3.08933e-22)
(10.8184 -0.622865 0)
(10.8172 -0.658029 -2.09755e-21)
(10.8196 -0.687601 0)
(10.8242 -0.71182 0)
(10.833 -0.730679 5.77652e-21)
(10.8414 -0.744342 6.78515e-21)
(10.8581 -0.753104 -8.54685e-21)
(10.8645 -0.756696 -9.45796e-21)
(10.8981 -0.756128 -2.2534e-22)
(10.8817 -0.748549 0)
(2.42176 1.29736 -8.66253e-20)
(3.56842 0.879231 0)
(8.6498 -0.654175 -3.07745e-20)
(11.2813 -0.603493 -2.51514e-20)
(12.4651 1.11092 1.26092e-20)
(12.9571 2.04367 -1.33101e-20)
(13.3505 2.07895 2.0332e-22)
(13.5968 1.62757 4.25417e-21)
(13.6739 0.954882 -8.17428e-21)
(13.5744 0.183195 -1.1842e-20)
(13.3527 -0.627498 -1.26767e-20)
(13.0678 -1.43544 -1.303e-20)
(12.7684 -2.21493 1.21883e-20)
(12.485 -2.95316 0)
(12.2326 -3.6308 7.15908e-21)
(12.0138 -4.2298 -3.34656e-21)
(11.828 -4.74002 -1.05219e-21)
(11.6739 -5.15815 5.84439e-21)
(11.5494 -5.48597 0)
(11.4512 -5.72868 -1.60471e-20)
(11.3768 -5.89275 4.17254e-20)
(11.3241 -5.98445 -2.62284e-20)
(11.291 -6.00899 3.1049e-20)
(11.2761 -5.97041 0)
(11.278 -5.87199 -3.97601e-20)
(11.2949 -5.71698 -2.26138e-22)
(11.3253 -5.50901 3.91507e-22)
(11.3667 -5.25261 4.98303e-20)
(11.4167 -4.95323 -1.05365e-19)
(11.4727 -4.6172 0)
(11.5321 -4.25144 1.13258e-19)
(11.5926 -3.86319 1.06762e-21)
(11.6525 -3.45958 -1.16124e-21)
(11.7105 -3.04743 1.23831e-21)
(11.7658 -2.63301 1.21337e-19)
(11.8179 -2.22176 6.04275e-20)
(11.867 -1.81832 -6.06771e-20)
(11.9131 -1.4265 1.22962e-19)
(11.9567 -1.04947 -6.07909e-20)
(11.998 -0.689771 1.2271e-19)
(12.0372 -0.34957 1.30968e-21)
(12.0739 -0.0306935 -1.26012e-21)
(12.1076 0.265468 1.20099e-19)
(12.1377 0.538027 1.13097e-21)
(12.1635 0.786648 1.16938e-19)
(12.1847 1.01149 -1.14938e-19)
(12.2015 1.21302 1.12648e-19)
(12.2144 1.39184 1.10065e-19)
(12.224 1.54839 -1.07188e-19)
(12.2311 1.68295 1.04026e-19)
(12.2365 1.79576 5.51223e-22)
(12.2404 1.88708 4.82186e-20)
(12.2431 1.95736 3.84288e-22)
(12.2446 2.00721 4.42653e-20)
(12.2447 2.03748 4.21373e-20)
(12.2435 2.04912 1.57502e-22)
(12.2407 2.04316 7.53468e-20)
(12.2363 2.02069 2.95822e-23)
(12.2301 1.98291 2.6207e-23)
(12.222 1.93104 -7.62838e-23)
(12.212 1.86636 2.7997e-20)
(12.1998 1.79019 2.55547e-20)
(12.1856 1.70389 -2.31323e-20)
(12.1691 1.60884 0)
(12.1505 1.50643 -1.84153e-20)
(12.1299 1.39803 0)
(12.1075 1.28495 -1.39789e-20)
(12.0834 1.16847 0)
(12.058 1.04974 0)
(12.0315 0.929897 0)
(12.0042 0.809904 6.10562e-21)
(11.9764 0.6907 0)
(11.9485 0.573115 0)
(11.9209 0.457909 0)
(11.8937 0.345766 0)
(11.8673 0.237293 0)
(11.8421 0.133038 0)
(11.8184 0.0334569 0)
(11.7965 -0.0610566 -3.47719e-21)
(11.7766 -0.150202 0)
(11.759 -0.233742 1.9908e-21)
(11.7441 -0.311498 0)
(11.7319 -0.383383 0)
(11.7227 -0.449322 1.44207e-21)
(11.7165 -0.509347 0)
(11.7135 -0.56345 6.34178e-22)
(11.7136 -0.611751 -2.98391e-22)
(11.7169 -0.654264 0)
(11.7231 -0.691162 3.82236e-21)
(11.7327 -0.722446 0)
(11.7443 -0.748298 3.90514e-21)
(11.7601 -0.768741 0)
(11.7754 -0.783885 -6.5396e-21)
(11.7989 -0.794009 0)
(11.8122 -0.798885 9.10724e-21)
(11.8522 -0.79929 -1.11821e-20)
(11.8435 -0.79309 0)
(3.30648 1.05536 0)
(4.79694 0.623691 5.1834e-20)
(9.57833 -0.953049 0)
(11.9712 -0.766607 1.28575e-20)
(13.1306 1.02318 0)
(13.6463 1.98449 6.48822e-21)
(14.0283 2.03083 0)
(14.2337 1.59545 -3.8709e-21)
(14.2619 0.941136 0)
(14.1245 0.185807 1.67521e-20)
(13.8825 -0.614165 0)
(13.5932 -1.41709 0)
(13.2988 -2.1959 0)
(13.0239 -2.93609 0)
(12.779 -3.6168 0)
(12.5653 -4.21915 0)
(12.3815 -4.73277 0)
(12.2261 -5.15424 0)
(12.097 -5.48517 0)
(11.9912 -5.73074 0)
(11.9063 -5.89746 -2.86773e-20)
(11.8407 -5.99164 0)
(11.7927 -6.01854 -1.43782e-20)
(11.7617 -5.98225 0)
(11.7467 -5.88606 -1.88864e-20)
(11.7469 -5.73319 4.1491e-20)
(11.7613 -5.52721 -6.75258e-20)
(11.7883 -5.27255 0)
(11.8257 -4.9746 5.04228e-20)
(11.8713 -4.63965 0)
(11.9226 -4.27462 -5.44028e-20)
(11.9776 -3.88677 -8.43597e-20)
(12.0342 -3.48329 8.61694e-20)
(12.091 -3.07108 -8.75793e-20)
(12.1468 -2.65647 -8.86432e-20)
(12.2012 -2.245 3.02578e-20)
(12.2537 -1.84135 0)
(12.3042 -1.44935 -2.91379e-20)
(12.353 -1.07219 -3.05579e-20)
(12.4 -0.712376 -5.96646e-20)
(12.4453 -0.372025 -8.98785e-20)
(12.4884 -0.052878 2.88959e-20)
(12.5289 0.243714 -5.85183e-20)
(12.5662 0.516864 -8.73202e-20)
(12.5999 0.766189 -5.70032e-20)
(12.6298 0.991759 2.75202e-20)
(12.6562 1.19396 -5.49138e-20)
(12.6794 1.37327 -8.08847e-20)
(12.7 1.53014 2.57504e-20)
(12.7188 1.66484 -5.06843e-20)
(12.7362 1.77765 -7.37776e-20)
(12.7525 1.86892 0)
(12.7677 1.93913 -6.80775e-20)
(12.7818 1.98893 0)
(12.7947 2.01921 -2.06641e-20)
(12.8062 2.03091 -5.83981e-20)
(12.8162 2.02507 -3.65937e-20)
(12.8246 2.00278 -5.1402e-20)
(12.8311 1.96525 4.78047e-20)
(12.8356 1.91368 -4.41721e-20)
(12.8381 1.84937 0)
(12.8384 1.77362 0)
(12.8364 1.68777 0)
(12.8321 1.59321 9.85656e-21)
(12.8256 1.49127 0)
(12.8169 1.38333 7.58687e-21)
(12.8063 1.27066 0)
(12.7938 1.15452 5.49934e-21)
(12.7798 1.03605 0)
(12.7645 0.916367 3.64398e-21)
(12.7483 0.796432 -5.92665e-21)
(12.7314 0.677172 0)
(12.7142 0.55941 0)
(12.6969 0.443903 0)
(12.68 0.331331 0)
(12.6637 0.222297 0)
(12.6483 0.117345 0)
(12.6342 0.0169308 0)
(12.6216 -0.078554 1.81451e-21)
(12.6108 -0.168802 0)
(12.6022 -0.253568 -1.2144e-21)
(12.5959 -0.332666 0)
(12.5921 -0.405993 0)
(12.5911 -0.473461 -9.34805e-22)
(12.5929 -0.535078 0)
(12.5976 -0.590825 -6.14217e-22)
(12.6053 -0.640789 0)
(12.616 -0.684981 0)
(12.6294 -0.723536 -1.73963e-21)
(12.646 -0.756461 0)
(12.6647 -0.783897 -3.77661e-21)
(12.6873 -0.805877 0)
(12.7095 -0.822482 0)
(12.7397 -0.833948 3.64726e-21)
(12.76 -0.84011 0)
(12.8064 -0.841535 0)
(12.8055 -0.836657 0)
(4.24416 0.786091 0)
(6.16582 0.399339 1.14133e-21)
(10.4379 -1.1926 0)
(12.5898 -0.90044 -1.13462e-20)
(13.7477 0.945998 0)
(14.2957 1.93259 0)
(14.6676 1.99153 -8.11428e-22)
(14.836 1.5721 1.83304e-21)
(14.8239 0.934194 0)
(14.6591 0.192402 -5.43981e-21)
(14.4062 -0.599356 0)
(14.1196 -1.39889 0)
(13.8352 -2.17769 0)
(13.5721 -2.91976 0)
(13.3372 -3.60312 0)
(13.1308 -4.20827 0)
(12.9511 -4.72467 0)
(12.7962 -5.14884 0)
(12.6642 -5.48229 0)
(12.5521 -5.73014 0)
(12.4581 -5.89899 8.84108e-21)
(12.3806 -5.99519 0)
(12.3188 -6.02408 1.36472e-20)
(12.2723 -5.98982 0)
(12.2411 -5.89572 1.79676e-20)
(12.2251 -5.74499 0)
(12.224 -5.54111 2.15906e-20)
(12.2367 -5.28844 0)
(12.2617 -4.99227 0)
(12.2972 -4.65882 0)
(12.3408 -4.29498 0)
(12.3905 -3.90802 2.72902e-20)
(12.4442 -3.50515 -2.79253e-20)
(12.5003 -3.09333 2.84286e-20)
(12.5573 -2.67894 2.88169e-20)
(12.6143 -2.26758 -2.91052e-20)
(12.6708 -1.86398 0)
(12.7262 -1.47203 -2.94285e-20)
(12.7806 -1.0949 2.94804e-20)
(12.8337 -0.73511 0)
(12.8853 -0.394713 2.93799e-20)
(12.9351 -0.0754059 2.91898e-20)
(12.9827 0.221486 0)
(13.0275 0.495067 2.85658e-20)
(13.0692 0.7449 0)
(13.1079 0.970983 2.76478e-20)
(13.1436 1.17362 0)
(13.1767 1.35325 2.64332e-20)
(13.208 1.51026 2.57157e-20)
(13.2377 1.64499 0)
(13.2664 1.75774 2.40735e-20)
(13.2941 1.84891 0)
(13.3209 1.91903 2.21843e-20)
(13.3466 1.9688 0)
(13.3711 1.99909 2.00918e-20)
(13.3943 2.01087 1.89843e-20)
(13.4159 2.00519 0)
(13.4358 1.98312 1.66788e-20)
(13.4539 1.94588 -1.54956e-20)
(13.4698 1.89467 1.43023e-20)
(13.4836 1.83078 0)
(13.4952 1.75551 0)
(13.5043 1.67019 0)
(13.5111 1.57617 -9.59002e-21)
(13.5155 1.47478 0)
(13.5177 1.36736 -7.38181e-21)
(13.5178 1.25518 0)
(13.5159 1.13946 -5.35062e-21)
(13.5124 1.02133 0)
(13.5075 0.901896 -3.54526e-21)
(13.5014 0.782108 0)
(13.4946 0.662883 0)
(13.4872 0.54504 0)
(13.4797 0.42933 0)
(13.4723 0.316428 0)
(13.4654 0.206935 0)
(13.4592 0.101389 0)
(13.4541 0.000246956 0)
(13.4503 -0.096101 0)
(13.4482 -0.187341 0)
(13.4479 -0.273222 1.18042e-21)
(13.4499 -0.353552 0)
(13.4541 -0.428208 0)
(13.4609 -0.497096 9.07836e-22)
(13.4703 -0.560199 0)
(13.4825 -0.617489 0)
(13.4974 -0.669024 0)
(13.5153 -0.714811 0)
(13.5357 -0.754951 0)
(13.5591 -0.789454 0)
(13.5845 -0.818431 0)
(13.6138 -0.841909 0)
(13.6427 -0.859958 0)
(13.6795 -0.872756 -3.53199e-21)
(13.7066 -0.88021 0)
(13.7594 -0.882709 -4.88068e-21)
(13.7661 -0.879108 0)
(5.18276 0.502138 0)
(7.5531 0.208505 -4.01736e-20)
(11.2289 -1.37886 0)
(13.1447 -1.01063 0)
(14.3201 0.877108 7.65993e-21)
(14.9068 1.88687 0)
(15.2719 1.95966 7.45445e-22)
(15.4098 1.55578 -1.69287e-21)
(15.3671 0.932356 0)
(15.1852 0.2017 0)
(14.9302 -0.583801 -7.27296e-21)
(14.6524 -1.38109 -7.84569e-21)
(14.382 -2.16025 0)
(14.1335 -2.90404 0)
(13.911 -3.58961 0)
(13.7139 -4.19703 -4.13679e-21)
(13.5402 -4.71565 0)
(13.3875 -5.14193 2.12537e-22)
(13.2542 -5.47732 2.6693e-21)
(13.1374 -5.72692 0)
(13.0355 -5.89739 0)
(12.9473 -5.99515 0)
(12.8725 -6.02567 0)
(12.8112 -5.99317 0)
(12.7643 -5.90101 1.72635e-20)
(12.7324 -5.75238 1.92777e-20)
(12.7159 -5.5507 0)
(12.7145 -5.30023 0)
(12.7272 -5.00616 0)
(12.7525 -4.6746 2.54225e-20)
(12.7884 -4.3124 0)
(12.8328 -3.92679 2.73656e-20)
(12.8837 -3.52499 0)
(12.9391 -3.11397 0)
(12.9974 -2.70018 0)
(13.0573 -2.28925 0)
(13.1179 -1.88597 -2.9718e-20)
(13.1785 -1.49426 0)
(13.2387 -1.11732 2.99313e-20)
(13.298 -0.757655 0)
(13.3563 -0.417306 0)
(13.4131 -0.0979343 0)
(13.4679 0.199147 0)
(13.5203 0.473022 0)
(13.5702 0.723204 0)
(13.6174 0.949627 2.7881e-20)
(13.6623 1.15253 0)
(13.7051 1.33232 2.65513e-20)
(13.7465 1.48938 0)
(13.7866 1.62406 0)
(13.8257 1.7367 0)
(13.8641 1.82775 0)
(13.9015 1.89779 0)
(13.9379 1.94753 0)
(13.9731 1.97786 1.9833e-20)
(14.0069 1.98975 0)
(14.0391 1.98424 0)
(14.0696 1.96244 0)
(14.098 1.92554 0)
(14.1243 1.87474 0)
(14.1484 1.81132 0)
(14.1701 1.73657 0)
(14.1893 1.65181 0)
(14.2061 1.55838 -9.15199e-21)
(14.2205 1.45759 0)
(14.2325 1.35075 -6.95569e-21)
(14.2424 1.2391 0)
(14.2502 1.12386 -4.94834e-21)
(14.2563 1.00614 0)
(14.2608 0.887016 0)
(14.2641 0.767443 0)
(14.2665 0.648324 -1.66888e-21)
(14.2683 0.530475 0)
(14.2698 0.414639 0)
(14.2712 0.301487 0)
(14.273 0.191617 0)
(14.2753 0.0855635 0)
(14.2786 -0.0162192 1.0556e-21)
(14.2831 -0.113339 0)
(14.289 -0.205478 1.35643e-21)
(14.2967 -0.292381 0)
(14.3063 -0.373844 1.37031e-21)
(14.3182 -0.449735 0)
(14.3323 -0.519948 0)
(14.349 -0.584445 0)
(14.3682 -0.643189 6.3073e-22)
(14.39 -0.696216 0)
(14.4146 -0.743523 0)
(14.4416 -0.785188 0)
(14.4716 -0.821213 0)
(14.5035 -0.851693 0)
(14.5392 -0.876636 0)
(14.5745 -0.896117 0)
(14.6176 -0.910244 -3.19976e-21)
(14.6512 -0.919 0)
(14.7101 -0.922632 9.34773e-21)
(14.7242 -0.920274 0)
(6.08799 0.216493 -7.86305e-21)
(8.88175 0.0496651 1.82181e-20)
(11.9589 -1.52039 -5.63056e-21)
(13.6443 -1.10175 0)
(14.8507 0.814826 -6.98119e-21)
(15.4815 1.84636 0)
(15.8448 1.93392 0)
(15.9609 1.54496 8.52117e-22)
(15.8982 0.93428 0)
(15.709 0.212797 -3.07281e-21)
(15.4596 -0.567919 6.84029e-21)
(15.1959 -1.36375 1.14822e-20)
(14.943 -2.14344 0)
(14.7115 -2.88871 3.7825e-21)
(14.5033 -3.57605 3.1807e-21)
(14.3175 -4.18527 3.93449e-21)
(14.1515 -4.70556 0)
(14.0029 -5.1334 4.56013e-25)
(13.8698 -5.4702 -2.54826e-21)
(13.7499 -5.72102 -2.2821e-21)
(13.6414 -5.89261 0)
(13.5436 -5.99151 0)
(13.4566 -6.02328 0)
(13.3814 -5.99225 -7.21474e-21)
(13.3193 -5.90184 -8.25718e-21)
(13.2717 -5.75525 -2.78585e-20)
(13.2399 -5.55585 -1.0266e-20)
(13.2242 -5.30776 0)
(13.2243 -5.01606 0)
(13.2391 -4.68677 -3.70129e-20)
(13.2668 -4.32662 -1.30427e-20)
(13.3057 -3.9428 -2.64458e-20)
(13.3534 -3.54251 -1.38951e-20)
(13.4079 -3.13271 0)
(13.4673 -2.71987 0)
(13.5299 -2.30968 1.46414e-20)
(13.5946 -1.90697 1.40625e-20)
(13.6603 -1.5157 -1.48582e-20)
(13.7263 -1.13908 -1.41873e-20)
(13.7921 -0.779657 0)
(13.8571 -0.439445 0)
(13.9209 -0.120098 -1.47382e-20)
(13.9831 0.177074 0)
(14.0433 0.451126 -1.4375e-20)
(14.1013 0.701527 0)
(14.1571 0.928153 -2.71864e-20)
(14.2109 1.1312 1.35249e-20)
(14.2631 1.31104 -3.90685e-20)
(14.314 1.46807 0)
(14.3639 1.60264 0)
(14.413 1.71516 -1.18705e-20)
(14.4612 1.80609 0)
(14.5085 1.87605 -1.08574e-20)
(14.5548 1.92577 0)
(14.5998 1.95616 -1.93727e-20)
(14.6433 1.96819 9.17489e-21)
(14.6851 1.9629 -8.58454e-21)
(14.7251 1.94139 -7.98538e-21)
(14.763 1.90486 7.38136e-21)
(14.7987 1.8545 0)
(14.8321 1.79159 -6.17419e-21)
(14.863 1.7174 5.57885e-21)
(14.8914 1.63325 4.99412e-21)
(14.9173 1.54044 1.33658e-20)
(14.9407 1.44028 3.87102e-21)
(14.9617 1.33405 1.01355e-20)
(14.9804 1.22297 0)
(14.9971 1.10825 7.18627e-21)
(15.0119 0.990981 0)
(15.0251 0.872217 0)
(15.037 0.75291 1.09564e-21)
(15.0479 0.633954 2.37506e-21)
(15.058 0.516156 0)
(15.0678 0.400255 1.52579e-22)
(15.0774 0.286918 -8.74179e-23)
(15.0871 0.176739 -2.89593e-22)
(15.0974 0.0702471 -4.53993e-22)
(15.1084 -0.0321026 -1.03074e-21)
(15.1205 -0.129918 0)
(15.134 -0.222877 -2.04901e-21)
(15.149 -0.310719 -7.44068e-22)
(15.1658 -0.393234 -2.06619e-21)
(15.1847 -0.470277 -6.82662e-22)
(15.2057 -0.54173 -6.05224e-22)
(15.2291 -0.607542 4.98983e-22)
(15.2549 -0.667664 -9.80112e-22)
(15.2832 -0.722112 0)
(15.3141 -0.770874 -2.28059e-23)
(15.3474 -0.81401 0)
(15.3835 -0.85151 4.08446e-22)
(15.4215 -0.883461 6.47955e-22)
(15.4632 -0.909841 9.16827e-22)
(15.5045 -0.930749 0)
(15.5536 -0.946201 4.61158e-21)
(15.5934 -0.95628 0)
(15.6581 -0.961097 -4.48568e-21)
(15.6791 -0.959972 2.2e-21)
(6.9403 -0.0833124 6.45984e-21)
(10.1162 -0.0806403 -1.60749e-20)
(12.6402 -1.62569 7.88837e-21)
(14.0971 -1.17752 0)
(15.3417 0.757711 -2.09583e-21)
(16.0215 1.81006 1.2103e-21)
(16.3901 1.91311 -3.22784e-22)
(16.4944 1.53842 -7.99283e-22)
(16.4227 0.939022 0)
(16.2358 0.225203 2.90329e-21)
(15.9989 -0.551763 1.94359e-21)
(15.7537 -1.34661 -1.74694e-21)
(15.5212 -2.12684 0)
(15.3088 -2.87329 -1.59593e-21)
(15.1169 -3.56201 -1.31648e-21)
(14.9441 -4.17256 0)
(14.7876 -4.69405 8.15098e-22)
(14.6448 -5.12295 5.40152e-23)
(14.5136 -5.46066 3.6056e-22)
(14.392 -5.71222 2.19245e-21)
(14.2783 -5.88447 0)
(14.1721 -5.98407 -2.26548e-21)
(14.0739 -6.01674 -2.88012e-21)
(13.9854 -5.9869 3.48163e-21)
(13.9085 -5.89807 -8.01708e-21)
(13.8455 -5.75346 9.00806e-21)
(13.7984 -5.55637 9.91562e-21)
(13.7682 -5.31082 -5.44656e-21)
(13.7552 -5.02177 0)
(13.7588 -4.6951 1.20967e-20)
(13.7778 -4.33742 1.26435e-20)
(13.8103 -3.95584 0)
(13.8542 -3.55749 6.59065e-21)
(13.9072 -3.14931 0)
(13.9671 -2.7378 0)
(14.0321 -2.32867 -2.15478e-20)
(14.1005 -1.92678 1.43863e-20)
(14.171 -1.53614 7.05936e-21)
(14.2427 -1.16 -1.45209e-20)
(14.3147 -0.800925 0)
(14.3864 -0.46094 0)
(14.4574 -0.141698 1.43886e-20)
(14.527 0.15548 0)
(14.5949 0.429618 1.40452e-20)
(14.661 0.68014 -7.04272e-21)
(14.7252 0.906874 0)
(14.7878 1.10998 -1.32245e-20)
(14.849 1.28981 6.33094e-21)
(14.9091 1.44676 0)
(14.9683 1.58122 0)
(15.0267 1.6936 1.16148e-20)
(15.0842 1.78443 0)
(15.1407 1.85434 1.0626e-20)
(15.1961 1.90409 0)
(15.2501 1.93457 0)
(15.3025 1.94677 -8.98134e-21)
(15.3532 1.94173 8.4038e-21)
(15.4019 1.92056 7.8175e-21)
(15.4484 1.88444 -7.22631e-21)
(15.4927 1.83456 0)
(15.5345 1.77219 6.04455e-21)
(15.5737 1.69859 -5.46168e-21)
(15.6105 1.61507 -4.88918e-21)
(15.6446 1.52291 -4.33067e-21)
(15.6762 1.4234 -3.78956e-21)
(15.7053 1.31781 -3.26916e-21)
(15.7322 1.20734 0)
(15.7569 1.09317 -2.3021e-21)
(15.7797 0.976379 -8.97517e-22)
(15.8008 0.858013 0)
(15.8206 0.739011 -1.07238e-21)
(15.8392 0.62026 -7.28977e-22)
(15.8571 0.50256 0)
(15.8744 0.386643 -1.49318e-22)
(15.8915 0.273173 8.55447e-23)
(15.9086 0.162738 2.8337e-22)
(15.9261 0.0558658 4.44207e-22)
(15.9443 -0.0469896 -3.1625e-22)
(15.9634 -0.145437 0)
(15.9838 -0.23915 7.08934e-22)
(16.0056 -0.327863 7.27378e-22)
(16.029 -0.411359 7.12967e-22)
(16.0544 -0.489482 6.67204e-22)
(16.0818 -0.562106 5.91444e-22)
(16.1113 -0.629164 -4.87553e-22)
(16.1432 -0.690597 3.5677e-22)
(16.1775 -0.746407 0)
(16.2142 -0.796569 -1.68103e-23)
(16.2532 -0.84113 0)
(16.2951 -0.880066 -3.98716e-22)
(16.3387 -0.913462 -6.32371e-22)
(16.3859 -0.941259 -8.94548e-22)
(16.4328 -0.963592 0)
(16.4874 -0.980376 -1.46114e-21)
(16.533 -0.9918 0)
(16.6031 -0.99786 0)
(16.6305 -0.997962 -1.10309e-21)
(7.73303 -0.343588 0)
(11.2485 -0.189225 0)
(13.2876 -1.70247 -2.53897e-21)
(14.5115 -1.23946 0)
(15.7945 0.705806 1.95301e-21)
(16.5282 1.77745 -1.13175e-21)
(16.9112 1.89608 3.02601e-22)
(17.015 1.53496 0)
(16.9454 0.945658 0)
(16.7698 0.238409 0)
(16.5516 -0.535455 -1.83603e-21)
(16.3287 -1.32952 -2.01484e-21)
(16.1192 -2.11014 0)
(15.9277 -2.85745 -1.91102e-21)
(15.7538 -3.54712 -1.63681e-21)
(15.5958 -4.15857 0)
(15.4505 -4.6808 -7.74092e-22)
(15.3152 -5.11028 -2.36403e-22)
(15.1876 -5.44842 -3.4245e-22)
(15.0659 -5.70027 0)
(14.9484 -5.87273 0)
(14.835 -5.97263 2.15122e-21)
(14.7267 -6.00583 2.73512e-21)
(14.6257 -5.9769 3.29501e-21)
(14.5345 -5.88946 0)
(14.4562 -5.74675 0)
(14.3936 -5.55201 0)
(14.3485 -5.30917 5.18345e-21)
(14.3218 -5.02304 0)
(14.3136 -4.69933 0)
(14.3228 -4.34454 0)
(14.348 -3.96565 0)
(14.387 -3.56971 6.58994e-21)
(14.4375 -3.16361 0)
(14.4971 -2.75383 0)
(14.5636 -2.34611 6.9816e-21)
(14.6351 -1.94533 0)
(14.7099 -1.55555 7.09974e-21)
(14.7869 -1.18007 0)
(14.8649 -0.821466 0)
(14.9432 -0.481809 0)
(15.021 -0.162755 0)
(15.098 0.134351 0)
(15.1736 0.408502 0)
(15.2477 0.659078 6.75625e-21)
(15.3203 0.885864 0)
(15.3915 1.08899 0)
(15.4614 1.26878 6.28038e-21)
(15.5303 1.42567 0)
(15.5983 1.56004 0)
(15.6654 1.67234 0)
(15.7316 1.76312 0)
(15.7968 1.83304 0)
(15.8607 1.88287 0)
(15.923 1.91351 0)
(15.9837 1.92595 0)
(16.0425 1.92124 0)
(16.0993 1.90047 0)
(16.1537 1.86481 0)
(16.2058 1.81547 0)
(16.2553 1.75369 0)
(16.3022 1.68073 0)
(16.3465 1.59788 0)
(16.3882 1.50641 0)
(16.4273 1.4076 0)
(16.4639 1.30267 0)
(16.4981 1.19284 0)
(16.5301 1.07925 0)
(16.5602 0.962971 8.61883e-22)
(16.5886 0.845036 0)
(16.6155 0.726377 0)
(16.6413 0.607868 0)
(16.6661 0.490305 0)
(16.6904 0.374414 0)
(16.7143 0.260853 0)
(16.7382 0.150209 0)
(16.7624 0.0430042 0)
(16.7871 -0.0603074 3.03521e-22)
(16.8126 -0.159335 0)
(16.8392 -0.253747 0)
(16.8672 -0.343275 0)
(16.8967 -0.427694 0)
(16.928 -0.506839 0)
(16.9612 -0.580576 0)
(16.9964 -0.648825 0)
(17.0338 -0.711518 0)
(17.0735 -0.768642 0)
(17.1156 -0.820162 3.74713e-23)
(17.1599 -0.866116 0)
(17.2068 -0.90646 0)
(17.2556 -0.941287 0)
(17.3079 -0.970491 0)
(17.3599 -0.994262 0)
(17.4195 -1.01238 0)
(17.4703 -1.02521 0)
(17.5454 -1.03253 0)
(17.5785 -1.03392 -9.95893e-22)
(-0.213627 0.000469487 0)
(-0.209639 -0.000431696 0)
(-0.0014847 3.3762e-05 -4.86171e-24)
(-0.213424 0.000394458 -9.48056e-22)
(-0.219398 5.55335e-06 0)
(-0.213818 5.44814e-06 0)
(-0.208242 6.31726e-06 0)
(-0.197542 2.21699e-05 0)
(-0.223891 6.77879e-05 0)
(-0.436238 0.00012234 2.82785e-21)
(-0.974451 0.000162962 0)
(-1.58148 0.000155989 1.30784e-21)
(-2.10852 0.00013744 5.78932e-22)
(-2.58048 0.000137728 0)
(-2.96015 0.000110429 0)
(-3.00895 6.95382e-05 0)
(-2.64799 5.77949e-05 5.53492e-21)
(-1.78567 -0.000151815 -5.51065e-22)
(-0.000773052 0.000701061 0)
(1.45192 9.55103e-05 -1.90398e-20)
(2.38707 0.000154054 0)
(3.0742 4.01779e-05 -5.95328e-20)
(3.71619 -0.000104488 0)
(4.47294 -0.000284841 0)
(5.35293 -0.000425119 0)
(6.21726 -0.000454901 0)
(6.42884 -0.000332886 0)
(6.52884 -0.000186758 -2.15767e-19)
(6.08737 -5.38158e-05 1.54268e-19)
(5.68931 -8.2046e-05 0)
(5.5207 3.56882e-05 -1.8627e-19)
(4.8057 -0.000611023 0)
(5.05372 -0.000354328 0)
(-0.613539 0.00193135 -1.7346e-21)
(-0.602252 -0.0018662 -1.57675e-21)
(-0.436458 -0.000287342 7.67648e-22)
(-0.610179 0.00167425 1.43286e-21)
(-0.624194 -1.75464e-05 0)
(-0.605924 -8.8214e-05 0)
(-0.58636 -0.000106729 -5.05523e-21)
(-0.551632 8.61034e-05 4.72973e-21)
(-0.618748 0.00111444 -8.43576e-21)
(-1.18689 0.00305234 3.39848e-21)
(-2.53934 0.00408198 8.34461e-21)
(-3.95656 0.00345495 -1.36643e-21)
(-5.10848 0.00255025 -6.13191e-22)
(-6.06718 0.00182266 0)
(-6.75502 0.000650694 0)
(-6.71109 -0.000942881 0)
(-5.76392 -0.00256213 -4.61464e-21)
(-3.72001 -0.00472886 1.29475e-21)
(-0.223241 -0.00564855 0)
(3.07404 -0.00341599 4.14976e-20)
(5.25632 -0.00172035 0)
(6.72743 -0.0010923 5.35478e-20)
(7.90984 -0.00106758 0)
(9.14149 -0.00126919 0)
(10.3662 -0.00127647 1.49752e-19)
(11.3396 -0.000592721 0)
(11.1055 0.000147153 0)
(10.9145 0.000657715 3.64274e-19)
(9.9319 0.00107066 8.18562e-20)
(9.08586 0.000680174 0)
(8.99068 0.000967699 2.98671e-19)
(7.62006 0.000209978 0)
(7.93804 -0.000146768 0)
(-1.03519 0.00272385 1.8371e-21)
(-1.01499 -0.0028668 1.65574e-21)
(-0.893276 -0.000383298 0)
(-1.02185 0.00252037 -5.92477e-21)
(-1.0387 -0.000122944 -5.63043e-21)
(-1.00036 -0.000375256 5.19612e-21)
(-0.957148 -0.000463573 -4.84778e-21)
(-0.883961 9.63621e-05 -4.26065e-21)
(-0.966471 0.00333565 6.85002e-21)
(-1.81664 0.00931609 -1.50589e-20)
(-3.79656 0.0122 -5.85836e-21)
(-5.80344 0.00997961 0)
(-7.37972 0.00705661 1.65059e-21)
(-8.6179 0.00467612 0)
(-9.40153 0.00120697 0)
(-9.14951 -0.00330063 0)
(-7.64046 -0.00773808 0)
(-4.73074 -0.0125385 4.85261e-22)
(-0.306365 -0.0138207 0)
(3.96118 -0.00986236 -1.51858e-20)
(7.11106 -0.00566123 0)
(9.31103 -0.00341551 -1.41944e-19)
(10.9294 -0.00268292 0)
(12.4281 -0.00253522 0)
(13.6565 -0.00205167 -9.76011e-20)
(14.3921 -0.000176547 0)
(13.607 0.00125831 -1.68824e-19)
(13.1539 0.00205925 9.43938e-24)
(11.8093 0.00274958 -8.64584e-20)
(10.6889 0.00166366 0)
(10.7272 0.00223624 -1.0541e-19)
(8.92998 0.00143739 0)
(9.31795 0.000151851 0)
(-1.44189 0.003239 0)
(-1.40911 -0.00389413 0)
(-1.32862 -0.00061125 6.00289e-21)
(-1.40377 0.0031995 5.33516e-21)
(-1.4126 -0.000420949 4.94173e-21)
(-1.34339 -0.00100772 -4.40117e-21)
(-1.26527 -0.00122667 7.89713e-21)
(-1.14246 -9.41915e-05 0)
(-1.21824 0.00654073 -9.86903e-21)
(-2.25094 0.0183145 6.85429e-21)
(-4.6266 0.0235706 0)
(-6.9905 0.018912 0)
(-8.81329 0.0130509 -1.07031e-21)
(-10.1921 0.00823918 0)
(-10.9816 0.00160099 0)
(-10.5483 -0.00673853 0)
(-8.66348 -0.0146748 0)
(-5.2553 -0.0223929 -5.74909e-22)
(-0.338525 -0.024292 0)
(4.46363 -0.0181601 0)
(8.20873 -0.0111817 0)
(10.9515 -0.00681587 1.89189e-19)
(12.9192 -0.0049137 0)
(14.6055 -0.00402863 0)
(15.7549 -0.00269637 1.33846e-19)
(16.2388 0.000678803 0)
(15.0507 0.00278391 1.06621e-19)
(14.4285 0.00373919 -8.22806e-20)
(12.8677 0.00473107 1.06083e-19)
(11.5875 0.0026656 0)
(11.7137 0.00360562 -1.27708e-19)
(9.65249 0.00266343 0)
(10.0886 0.000264986 0)
(-1.77557 0.00322076 -2.78624e-21)
(-1.72778 -0.00487542 4.89181e-21)
(-1.67949 -0.000966809 -4.79542e-21)
(-1.70056 0.0034445 4.15551e-21)
(-1.69359 -0.00103821 -7.55826e-21)
(-1.59166 -0.00209337 6.58497e-21)
(-1.48027 -0.00246274 0)
(-1.31792 -0.000534159 -9.5235e-21)
(-1.39008 0.0105711 7.13285e-21)
(-2.54791 0.0297506 -9.81928e-21)
(-5.1818 0.0379218 5.48495e-21)
(-7.7716 0.0300978 0)
(-9.74631 0.020464 1.46866e-21)
(-11.2023 0.0124901 0)
(-11.9735 0.00185157 0)
(-11.4039 -0.0111934 8.29541e-21)
(-9.27232 -0.0233028 -8.73314e-21)
(-5.56063 -0.0343489 0)
(-0.34714 -0.0369876 0)
(4.79398 -0.02841 0)
(8.92649 -0.0183077 0)
(12.072 -0.011403 -6.79942e-20)
(14.3292 -0.00789697 0)
(16.171 -0.00583941 0)
(17.2302 -0.00326122 -9.99606e-20)
(17.5025 0.001928 -1.32577e-19)
(16.0266 0.00470505 -1.51857e-19)
(15.2894 0.00570325 1.16036e-19)
(13.5878 0.00703122 1.65912e-23)
(12.2031 0.00373971 0)
(12.384 0.00511702 8.73798e-20)
(10.143 0.00400904 0)
(10.6084 0.000277062 0)
(-2.00806 0.00265621 2.04542e-21)
(-1.94842 -0.00585752 -3.588e-21)
(-1.92119 -0.00148894 0)
(-1.90007 0.00321282 -3.0287e-21)
(-1.87889 -0.0020014 5.49663e-21)
(-1.75289 -0.00362366 4.78196e-21)
(-1.61919 -0.00412555 0)
(-1.43473 -0.00115457 7.08488e-21)
(-1.5128 0.0155132 0)
(-2.764 0.0437462 7.55054e-21)
(-5.57664 0.0553588 4.18235e-21)
(-8.31586 0.0435921 2.59106e-21)
(-10.3874 0.0293182 -1.08881e-21)
(-11.8855 0.0174303 0)
(-12.6308 0.00195187 0)
(-11.9586 -0.0166614 -6.04223e-21)
(-9.65828 -0.0336055 -2.37497e-23)
(-5.74826 -0.0483802 0)
(-0.340972 -0.0518263 0)
(5.035 -0.0405931 0)
(9.43946 -0.0270461 0)
(12.8923 -0.0172197 0)
(15.3914 -0.0116855 0)
(17.3692 -0.00797525 2.24147e-19)
(18.3481 -0.00372111 0)
(18.4532 0.00358646 1.03959e-19)
(16.7678 0.00703613 2.35541e-19)
(15.9474 0.0079722 -8.92593e-20)
(14.1475 0.0096671 -5.66329e-20)
(12.6885 0.00492358 0)
(12.9033 0.00680395 0)
(10.5306 0.00552896 0)
(11.01 0.000238699 0)
(-2.15711 0.00163193 -2.96432e-21)
(-2.09046 -0.00687968 0)
(-2.07577 -0.00217874 -5.13531e-21)
(-2.02638 0.00256949 4.45278e-21)
(-1.99543 -0.00327916 0)
(-1.85451 -0.00555339 -7.15771e-21)
(-1.70834 -0.006152 6.42971e-21)
(-1.51494 -0.00186575 1.10862e-20)
(-1.60595 0.0214821 -8.86004e-21)
(-2.92962 0.0604148 0)
(-5.86893 0.0759571 2.05928e-23)
(-8.70756 0.059429 -4.1118e-21)
(-10.8404 0.039625 0)
(-12.3587 0.0230584 0)
(-13.0755 0.00189355 0)
(-12.3244 -0.0231539 0)
(-9.90528 -0.0455984 4.98814e-21)
(-5.86069 -0.0645203 0)
(-0.32332 -0.0688726 -6.03802e-21)
(5.22256 -0.0547532 0)
(9.82796 -0.0374332 0)
(13.5212 -0.024319 0)
(16.2241 -0.0163417 0)
(18.3245 -0.010473 -1.86721e-19)
(19.2419 -0.00408519 0)
(19.2199 0.00565433 -1.72457e-19)
(17.3795 0.0097874 2.06717e-23)
(16.4961 0.010564 -1.46079e-19)
(14.625 0.0126583 0)
(13.1103 0.006244 0)
(13.3453 0.00869344 -1.03532e-19)
(10.8715 0.00725628 0)
(11.3517 0.000176676 -8.00189e-20)
(-2.24997 0.000215854 2.21624e-21)
(-2.17958 -0.00796517 0)
(-2.17192 -0.00303462 7.74993e-21)
(-2.10414 0.00157221 -4.9783e-25)
(-2.06674 -0.00484585 -6.28927e-21)
(-1.91713 -0.00784946 -5.59951e-21)
(-1.76512 -0.00849334 -5.11707e-21)
(-1.5714 -0.00258845 -4.22685e-25)
(-1.6799 0.0285942 1.50615e-20)
(-3.06017 0.0799102 0)
(-6.08795 0.099863 -5.65405e-21)
(-8.99028 0.0777065 3.41524e-21)
(-11.1597 0.0514411 1.345e-21)
(-12.6836 0.0293991 0)
(-13.3714 0.0016695 0)
(-12.5582 -0.0307112 0)
(-10.0545 -0.0593529 0)
(-5.91832 -0.0828768 0)
(-0.295447 -0.0882606 5.14011e-21)
(5.37479 -0.0710052 0)
(10.1331 -0.0495569 -4.68757e-20)
(14.0179 -0.0327824 -6.92505e-20)
(16.8938 -0.0219455 0)
(19.1078 -0.0133896 0)
(19.9862 -0.00437646 0)
(19.8717 0.00813448 1.49195e-19)
(17.9159 0.012978 -8.36117e-20)
(16.9838 0.0135033 -2.98561e-23)
(15.0602 0.0160327 7.85027e-20)
(13.5027 0.00772789 1.32456e-19)
(13.7485 0.0108147 8.61521e-20)
(11.195 0.00922536 0)
(11.6634 0.00011343 6.56537e-20)
(-2.30585 -0.00156091 0)
(-2.23334 -0.00914019 3.10866e-21)
(-2.22915 -0.00406785 -3.77931e-25)
(-2.14905 0.000249282 2.71414e-21)
(-2.10714 -0.00669256 1.01367e-20)
(-1.95274 -0.0104933 1.29954e-24)
(-1.79926 -0.0111111 8.47973e-21)
(-1.61095 -0.00324656 -1.5506e-20)
(-1.73998 0.0369813 -1.32685e-20)
(-3.16362 0.10243 -9.37716e-21)
(-6.24938 0.127279 4.94516e-21)
(-9.18825 0.0985684 -1.45974e-21)
(-11.3763 0.064854 -1.13076e-21)
(-12.8954 0.036493 0)
(-13.5543 0.00127037 0)
(-12.6917 -0.0393945 0)
(-10.1283 -0.0749752 -6.9653e-21)
(-5.93196 -0.103596 0)
(-0.257654 -0.110159 0)
(5.5021 -0.0895039 0)
(10.378 -0.0635407 4.01009e-20)
(14.4177 -0.0427147 5.90565e-20)
(17.4414 -0.028593 0)
(19.7628 -0.0167984 0)
(20.6256 -0.00462899 0)
(20.4486 0.0110315 1.33434e-19)
(18.4081 0.0166334 0)
(17.4379 0.0168198 1.10735e-19)
(15.4762 0.0198238 -6.9233e-20)
(13.8854 0.00940371 2.1722e-23)
(14.1348 0.0131994 0)
(11.518 0.0114749 0)
(11.9627 7.18791e-05 0)
(-2.33607 -0.00369521 2.80921e-21)
(-2.26207 -0.0104396 -2.5454e-21)
(-2.25892 -0.00530205 -2.49593e-21)
(-2.17009 -0.00139449 -8.99879e-21)
(-2.12468 -0.00882386 -4.23666e-21)
(-1.96794 -0.0134769 3.8608e-21)
(-1.81598 -0.0139716 -7.26451e-21)
(-1.63713 -0.00375982 2.60907e-26)
(-1.78882 0.0467901 1.80156e-20)
(-3.24404 0.128196 8.50297e-21)
(-6.362 0.158439 -4.40171e-21)
(-9.31573 0.12219 2.60652e-21)
(-11.5088 0.0799745 0)
(-13.0156 0.0443914 0)
(-13.6457 0.000683841 0)
(-12.7432 -0.04928 0)
(-10.1394 -0.0925942 -4.84527e-23)
(-5.90765 -0.126849 8.07965e-22)
(-0.209688 -0.134763 7.83996e-21)
(5.61119 -0.110432 -2.02163e-20)
(10.5773 -0.0795356 -3.50459e-20)
(14.7428 -0.0542419 1.0278e-19)
(17.8938 -0.0363961 0)
(20.318 -0.0207894 2.50295e-19)
(21.1885 -0.00488905 0)
(20.9759 0.0143495 -1.22477e-19)
(18.8755 0.0207838 0)
(17.8758 0.0205467 0)
(15.8874 0.0240695 0)
(14.2713 0.0113023 2.22478e-23)
(14.5185 0.0158821 0)
(11.8518 0.014049 0)
(12.2605 7.76646e-05 4.88564e-20)
(-2.347 -0.00620621 -2.36866e-21)
(-2.27159 -0.0119079 2.15636e-21)
(-2.2677 -0.00677281 -4.22737e-21)
(-2.17226 -0.00337324 7.69945e-21)
(-2.12381 -0.0112547 3.6487e-21)
(-1.96636 -0.0167991 -6.70874e-21)
(-1.81805 -0.0170416 -6.38501e-21)
(-1.65159 -0.00403876 6.11447e-21)
(-1.82742 0.0581804 -2.21908e-20)
(-3.30328 0.157443 0)
(-6.43074 0.193601 0)
(-9.38142 0.148771 -4.6864e-21)
(-11.5688 0.0969317 0)
(-13.0574 0.053154 0)
(-13.659 -0.00010537 0)
(-12.7242 -0.0604565 9.66837e-21)
(-10.0957 -0.112357 5.40329e-21)
(-5.84878 -0.152827 -7.26042e-22)
(-0.1509 -0.162287 -7.16329e-21)
(5.70683 -0.133996 1.82914e-20)
(10.7406 -0.097717 9.38241e-20)
(15.0085 -0.06751 -9.11378e-20)
(18.2695 -0.0454838 0)
(20.7931 -0.0254709 -2.26613e-19)
(21.6936 -0.00521719 0)
(21.4699 0.0180894 2.29785e-19)
(19.3309 0.0254624 -1.27823e-19)
(18.309 0.0247208 -1.87785e-19)
(16.3036 0.0288117 0)
(14.6689 0.0134574 -9.72102e-20)
(14.9093 0.0189004 0)
(12.2044 0.0169983 0)
(12.5648 0.000160778 -4.37829e-20)
(-2.34211 -0.00913128 0)
(-2.26508 -0.0135998 -1.88157e-21)
(-2.25907 -0.00852777 7.37179e-21)
(-2.15826 -0.00571657 -3.38296e-21)
(-2.10694 -0.0140084 3.22102e-21)
(-1.94987 -0.0204617 1.19356e-20)
(-1.80678 -0.0202847 1.84744e-24)
(-1.65486 -0.00398181 0)
(-1.85573 0.0713235 -1.10533e-23)
(-3.34184 0.190413 0)
(-6.45827 0.233033 7.51752e-21)
(-9.39062 0.178533 4.32474e-21)
(-11.5635 0.115872 0)
(-13.0292 0.0628477 -4.46618e-21)
(-13.6025 -0.00111548 0)
(-12.6415 -0.0730224 -8.70367e-21)
(-10.0016 -0.134423 0)
(-5.75707 -0.181737 0)
(-0.080318 -0.192964 -6.47158e-21)
(5.79273 -0.160424 -1.66743e-20)
(10.8749 -0.118283 -1.13394e-19)
(15.2256 -0.0826855 8.188e-20)
(18.582 -0.0560029 0)
(21.2019 -0.0309708 -2.07581e-19)
(22.1535 -0.00569111 -1.64725e-19)
(21.9419 0.0222465 -2.19322e-19)
(19.7832 0.030704 -4.26852e-23)
(18.7457 0.0293818 3.56145e-19)
(16.732 0.0340962 0)
(15.0848 0.0159063 -1.83507e-19)
(15.314 0.0222952 0)
(12.5818 0.0203804 1.11672e-19)
(12.8814 0.000356824 0)
(-2.32308 -0.0125233 0)
(-2.24412 -0.0155823 -3.36256e-21)
(-2.23486 -0.0106271 -3.29239e-21)
(-2.12943 -0.00846735 -3.037e-21)
(-2.07521 -0.0171153 -5.81106e-21)
(-1.91931 -0.0244687 -5.41e-21)
(-1.78259 -0.0236596 5.23621e-21)
(-1.64668 -0.00347412 0)
(-1.8729 0.0863995 9.89299e-21)
(-3.35929 0.227344 -1.42425e-20)
(-6.44577 0.277012 -7.05352e-21)
(-9.34643 0.211714 3.2209e-23)
(-11.4973 0.136956 -1.28283e-21)
(-12.9363 0.0735453 4.08047e-21)
(-13.4812 -0.00236742 0)
(-12.4993 -0.0870838 0)
(-9.85975 -0.158965 4.65179e-21)
(-5.63313 -0.213798 1.54086e-21)
(0.00332893 -0.227042 6.09499e-21)
(5.87201 -0.189964 1.55433e-20)
(10.9855 -0.141453 5.2129e-20)
(15.4023 -0.0999553 -7.46375e-20)
(18.8415 -0.0681183 0)
(21.5547 -0.0374377 1.92144e-19)
(22.5768 -0.00640916 1.57266e-19)
(22.3997 0.0268067 2.12556e-19)
(20.239 0.0365444 -4.33879e-23)
(19.1919 0.0345722 6.25269e-23)
(17.1779 0.0399718 0)
(15.5237 0.0186898 1.75956e-19)
(15.7379 0.0261109 0)
(12.9886 0.0242602 -1.05843e-19)
(13.215 0.000708053 0)
(-2.29053 -0.0164492 1.67249e-21)
(-2.20923 -0.0179358 3.0681e-21)
(-2.19581 -0.013144 -2.9988e-21)
(-2.08623 -0.0116805 2.77872e-21)
(-2.029 -0.0206121 -5.32517e-21)
(-1.87484 -0.0288243 0)
(-1.74529 -0.0271202 9.69326e-21)
(-1.62629 -0.0023882 0)
(-1.87748 0.103594 0)
(-3.3545 0.268465 -4.63135e-23)
(-6.39341 0.325812 6.79733e-21)
(-9.25035 0.248567 -1.92412e-21)
(-11.3726 0.160358 1.19714e-21)
(-12.7814 0.0853245 0)
(-13.2976 -0.00388447 0)
(-12.2996 -0.102752 -7.54458e-21)
(-9.67112 -0.18616 4.46257e-21)
(-5.4767 -0.249239 -3.02293e-21)
(0.101608 -0.264782 -5.61981e-21)
(5.94753 -0.222879 0)
(11.0768 -0.167468 0)
(15.545 -0.119527 0)
(19.0559 -0.0820144 0)
(21.859 -0.0450424 1.79295e-19)
(22.9692 -0.00749414 0)
(22.8486 0.0317423 -2.08514e-19)
(20.7032 0.0430175 1.15813e-19)
(19.6523 0.0403366 -3.35109e-19)
(17.6452 0.046491 0)
(15.9893 0.0218529 1.71125e-19)
(16.1848 0.0303948 1.02839e-19)
(13.4286 0.02871 0)
(13.5697 0.00126423 7.01804e-20)
(-2.24427 -0.0209888 -1.55229e-21)
(-2.16028 -0.0207553 0)
(-2.14192 -0.0161653 2.77922e-21)
(-2.02851 -0.0154224 0)
(-1.9681 -0.0245422 9.90572e-21)
(-1.81612 -0.0335332 4.64258e-21)
(-1.69427 -0.0306154 -9.08262e-21)
(-1.5925 -0.000586441 9.19394e-21)
(-1.8675 0.123093 1.83716e-20)
(-3.3258 0.313986 -4.85432e-23)
(-6.3006 0.379699 -1.31235e-20)
(-9.10275 0.289351 0)
(-11.1903 0.186262 0)
(-12.5657 0.0982668 0)
(-13.0528 -0.00569191 0)
(-12.043 -0.120143 7.14355e-21)
(-9.43575 -0.216193 -8.38147e-21)
(-5.28689 -0.288292 1.49992e-21)
(0.216389 -0.306451 5.42111e-21)
(6.02206 -0.259452 2.75038e-20)
(11.1529 -0.196589 0)
(15.6591 -0.141629 0)
(19.2317 -0.0978957 0)
(22.1211 -0.0539792 -5.05776e-19)
(23.3344 -0.0090975 0)
(23.2925 0.0370073 0)
(21.1794 0.0501545 0)
(20.1303 0.0467216 1.65537e-19)
(18.1372 0.053709 0)
(16.4845 0.0254449 -1.68232e-19)
(16.6578 0.0351978 6.70851e-23)
(13.9047 0.0338096 -1.97988e-19)
(13.949 0.00208333 -1.33996e-19)
(-2.18364 -0.026234 0)
(-2.0966 -0.0241525 2.67335e-21)
(-2.07268 -0.0197924 0)
(-1.95569 -0.0197706 0)
(-1.89194 -0.0289555 -2.80899e-24)
(-1.74243 -0.0385999 -4.38071e-21)
(-1.62855 -0.0340907 0)
(-1.54382 0.00207404 -8.75432e-21)
(-1.84055 0.145075 -3.56742e-20)
(-3.27104 0.364088 1.31575e-20)
(-6.16611 0.438915 6.40152e-21)
(-8.90306 0.334329 3.72746e-21)
(-10.9501 0.21486 -9.77345e-22)
(-12.2892 0.112456 0)
(-12.7467 -0.00781639 0)
(-11.7294 -0.139369 0)
(-9.15281 -0.249245 8.27858e-21)
(-5.06222 -0.331193 0)
(0.349861 -0.352324 -1.01535e-20)
(6.0984 -0.299977 -5.28065e-20)
(11.2171 -0.229097 8.59336e-20)
(15.7493 -0.166512 -1.19718e-19)
(19.3743 -0.115987 0)
(22.3458 -0.0644664 3.19109e-19)
(23.6745 -0.0114034 -2.85851e-19)
(23.7339 0.0425312 0)
(21.6705 0.0579801 0)
(20.6287 0.0537747 0)
(18.6564 0.0616838 0)
(17.0116 0.02952 1.6711e-19)
(17.1592 0.0405737 -2.95088e-19)
(14.4192 0.039646 3.88402e-19)
(14.356 0.00323217 1.29232e-19)
(-2.1075 -0.0322876 0)
(-2.01712 -0.0282565 -1.96234e-24)
(-1.98718 -0.0241409 0)
(-1.86684 -0.0248142 0)
(-1.79956 -0.0339093 -4.43157e-21)
(-1.65275 -0.0440297 8.33523e-21)
(-1.54687 -0.0374906 0)
(-1.47845 0.00573391 0)
(-1.79382 0.1697 1.73834e-20)
(-3.1876 0.418909 0)
(-5.9882 0.503672 0)
(-8.65 0.383761 -3.63484e-21)
(-10.6509 0.24635 9.49466e-22)
(-11.9507 0.127978 0)
(-12.3781 -0.0102852 0)
(-11.3574 -0.160542 0)
(-8.82085 -0.285494 1.09713e-22)
(-4.80075 -0.378173 0)
(0.504545 -0.402672 9.9892e-21)
(6.17949 -0.344759 2.55768e-20)
(11.273 -0.265296 -8.24028e-20)
(15.8198 -0.194448 1.13444e-19)
(19.4886 -0.136536 0)
(22.5374 -0.0767464 -3.03398e-19)
(23.9907 -0.0146324 2.78954e-19)
(24.174 0.0482118 0)
(22.1786 0.0665098 0)
(21.1499 0.0615438 -3.33182e-19)
(19.2048 0.0704758 0)
(17.5724 0.0341374 6.80395e-23)
(17.6905 0.0465798 1.94957e-19)
(14.9736 0.046313 -3.84003e-19)
(14.7935 0.00478678 -6.28917e-20)
(-2.01443 -0.0392632 0)
(-1.92044 -0.0332146 -2.43499e-21)
(-1.88416 -0.0293415 0)
(-1.7607 -0.0306533 0)
(-1.68975 -0.0394688 0)
(-1.54576 -0.0498298 -5.487e-24)
(-1.44769 -0.0407611 -7.86561e-21)
(-1.39438 0.0105212 0)
(-1.72417 0.197093 0)
(-3.07245 0.478528 0)
(-5.76465 0.574131 0)
(-8.34166 0.437892 3.72036e-21)
(-10.2908 0.280931 0)
(-11.5486 0.144918 0)
(-11.9452 -0.0131253 0)
(-10.9253 -0.183765 0)
(-8.43788 -0.325109 -8.04106e-21)
(-4.5001 -0.429453 0)
(0.683319 -0.457762 0)
(6.26851 -0.394111 0)
(11.324 -0.305502 0)
(15.8747 -0.225732 -1.07916e-19)
(19.579 -0.159812 0)
(22.6998 -0.0910856 2.90067e-19)
(24.2837 -0.0190449 -2.72445e-19)
(24.6131 0.0539067 -4.22418e-19)
(22.7051 0.0757444 0)
(21.6955 0.0700758 3.38291e-19)
(19.784 0.0801475 2.07722e-19)
(18.168 0.0393621 -1.68625e-19)
(18.2531 0.0532764 -1.9491e-19)
(15.5693 0.0539107 1.90969e-19)
(15.2642 0.0068327 1.23228e-19)
(-1.90269 -0.0472835 2.56297e-21)
(-1.80487 -0.0391941 -2.34719e-21)
(-1.76207 -0.0355389 -4.57051e-21)
(-1.63577 -0.0374003 0)
(-1.561 -0.0457085 0)
(-1.41987 -0.0560105 -5.53998e-24)
(-1.32919 -0.0438545 7.60111e-21)
(-1.28936 0.0165377 0)
(-1.62825 0.227326 0)
(-2.92214 0.542947 2.61413e-20)
(-5.49281 0.65039 0)
(-7.97564 0.496942 -7.47222e-21)
(-9.86741 0.318798 0)
(-11.0807 0.16336 0)
(-11.4458 -0.0163615 0)
(-10.431 -0.209128 -1.33208e-20)
(-8.00151 -0.36824 -8.20949e-21)
(-4.15755 -0.485235 0)
(0.889422 -0.517847 9.24104e-21)
(6.36895 -0.448345 0)
(11.374 -0.350052 -7.67263e-20)
(15.918 -0.260682 1.03847e-19)
(19.6499 -0.186106 0)
(22.8369 -0.107773 0)
(24.5537 -0.0249425 2.66236e-19)
(25.0506 0.0594249 4.29325e-19)
(23.2509 0.0856646 0)
(22.2669 0.0794148 0)
(20.3951 0.0907629 -2.1192e-19)
(18.7994 0.0452651 3.42292e-19)
(18.8479 0.0607275 -1.73722e-22)
(16.2069 0.0625449 0)
(15.7706 0.00946511 -1.21735e-19)
(-1.77026 -0.0564786 -4.97852e-21)
(-1.66843 -0.0463824 2.28032e-21)
(-1.61911 -0.0428928 4.43848e-21)
(-1.49022 -0.0451796 4.12531e-21)
(-1.41153 -0.0527135 0)
(-1.27322 -0.0625879 -5.58582e-24)
(-1.18928 -0.0467334 -1.47598e-20)
(-1.16094 0.0238432 0)
(-1.50253 0.260386 0)
(-2.73283 0.612057 -2.61888e-20)
(-5.16965 0.732456 1.30009e-20)
(-7.54909 0.561095 3.78458e-21)
(-9.37791 0.360138 -1.52069e-21)
(-10.5441 0.183385 0)
(-10.8773 -0.0200148 0)
(-9.87212 -0.236703 1.33193e-20)
(-7.50905 -0.415015 8.22381e-21)
(-3.77004 -0.545698 -4.2376e-21)
(1.12646 -0.583157 -1.83741e-20)
(6.48467 -0.507771 -4.77075e-20)
(11.4268 -0.399292 7.5313e-20)
(15.9538 -0.299634 2.00293e-19)
(19.7055 -0.215734 0)
(22.9522 -0.127121 0)
(24.8013 -0.0326685 0)
(25.4848 0.0645171 0)
(23.8161 0.0962215 5.08684e-19)
(22.8649 0.0895992 0)
(21.0392 0.102388 2.17856e-19)
(19.4672 0.0519239 -3.48954e-19)
(19.4756 0.0690005 1.98129e-19)
(16.8869 0.0723263 0)
(16.3151 0.0127887 0)
(-1.61488 -0.066983 2.42811e-21)
(-1.50889 -0.0549876 0)
(-1.45316 -0.0515768 0)
(-1.32198 -0.0541295 4.01629e-21)
(-1.23926 -0.0605823 7.75001e-21)
(-1.10363 -0.0695876 -5.62843e-24)
(-1.02559 -0.0493779 4.45645e-24)
(-1.00641 0.0324369 0)
(-1.34344 0.296139 0)
(-2.50034 0.685611 0)
(-4.79172 0.820227 -1.31688e-20)
(-7.05878 0.630486 -7.94532e-21)
(-8.81911 0.405123 1.53472e-21)
(-9.93592 0.205071 0)
(-10.237 -0.0240989 1.54079e-20)
(-9.24585 -0.266535 0)
(-6.95754 -0.465527 0)
(-3.33424 -0.610984 -2.55301e-22)
(1.39845 -0.653893 9.18889e-21)
(6.61999 -0.572686 4.40213e-22)
(11.4867 -0.45358 -7.37413e-20)
(15.9865 -0.342946 -5.62459e-22)
(19.7503 -0.249033 0)
(23.0498 -0.149462 -2.58265e-19)
(25.0275 -0.0426051 5.07722e-19)
(25.9131 0.0688673 4.44256e-19)
(24.4004 0.107326 -5.29031e-19)
(23.4903 0.100659 0)
(21.7168 0.115087 -2.24932e-19)
(20.1717 0.0594226 3.57862e-19)
(20.1368 0.0781668 2.0177e-19)
(17.6096 0.0833699 0)
(16.8998 0.0169174 0)
(-1.43396 -0.078932 0)
(-1.32373 -0.0652377 -4.3377e-21)
(-1.26185 -0.0617789 0)
(-1.12865 -0.0644029 -7.88383e-21)
(-1.04184 -0.0694289 -1.51931e-20)
(-0.90864 -0.0770498 -7.18609e-21)
(-0.835427 -0.0517929 1.41177e-20)
(-0.822861 0.042239 -1.44046e-20)
(-1.14742 0.334288 0)
(-2.22022 0.76317 0)
(-4.35525 0.913464 0)
(-6.50117 0.705177 -1.43866e-22)
(-8.18756 0.453907 -1.3795e-21)
(-9.25286 0.228492 0)
(-9.5218 -0.028616 -1.56417e-20)
(-8.54941 -0.29864 0)
(-6.34381 -0.519829 0)
(-2.84656 -0.681192 -2.57686e-22)
(1.7098 -0.730212 0)
(6.77973 -0.643365 4.77349e-20)
(11.5584 -0.513272 7.33846e-20)
(16.0208 -0.390992 -1.91511e-19)
(19.7887 -0.286365 0)
(23.1336 -0.175148 2.50192e-19)
(25.2339 -0.0551681 -4.96184e-19)
(26.3321 0.072085 -9.00239e-19)
(25.0024 0.118834 0)
(24.1435 0.112611 0)
(22.4282 0.128925 0)
(20.913 0.0678524 -3.68252e-19)
(20.8319 0.0883012 2.1663e-22)
(18.375 0.0957944 -3.94759e-19)
(17.5266 0.0219737 0)
(-1.22462 -0.0924483 0)
(-1.1101 -0.0773796 4.26093e-21)
(-1.04244 -0.0737001 -4.14623e-21)
(-0.907501 -0.0761689 7.73159e-21)
(-0.816531 -0.0793868 9.46553e-24)
(-0.685428 -0.0850351 -1.41352e-20)
(-0.615769 -0.0540175 0)
(-0.607061 0.0530724 2.82022e-20)
(-0.911047 0.374315 -3.09217e-20)
(-1.88794 0.84404 -2.72484e-20)
(-3.85612 1.01174 0)
(-5.87247 0.785147 -1.43955e-22)
(-7.47961 0.506612 1.41274e-21)
(-8.49146 0.253719 0)
(-8.72871 -0.0335514 0)
(-7.77986 -0.33299 -2.84202e-20)
(-5.66452 -0.577922 0)
(-2.30314 -0.756365 1.02408e-20)
(2.06532 -0.81222 0)
(6.96929 -0.720049 0)
(11.6475 -0.578722 1.45431e-19)
(16.0616 -0.444157 0)
(19.8256 -0.328109 0)
(23.2081 -0.204552 0)
(25.4228 -0.0707988 0)
(26.7379 0.0737007 1.36078e-18)
(25.6204 0.130529 5.79087e-19)
(24.8242 0.125448 0)
(23.1738 0.143963 0)
(21.6912 0.0773118 -3.81032e-19)
(21.5614 0.0994818 -2.11842e-19)
(19.1831 0.109721 4.02087e-19)
(18.1975 0.0280885 0)
(-0.98361 -0.107627 0)
(-0.864808 -0.0916761 4.17316e-21)
(-0.791827 -0.0875558 -4.06895e-21)
(-0.655421 -0.0896143 -7.62863e-21)
(-0.560246 -0.0906128 1.47348e-20)
(-0.430793 -0.0936335 2.7931e-20)
(-0.363214 -0.056137 0)
(-0.355471 0.064648 -1.38452e-20)
(-0.631013 0.41543 3.0231e-20)
(-1.4991 0.927193 2.74789e-20)
(-3.29002 1.11442 0)
(-5.16865 0.870261 8.89043e-21)
(-6.69141 0.563327 2.52195e-21)
(-7.64807 0.28082 0)
(-7.85461 -0.0388648 0)
(-6.93417 -0.369503 2.91926e-20)
(-4.91611 -0.639742 0)
(-1.6999 -0.836479 -5.40018e-21)
(2.47025 -0.899956 0)
(7.19466 -0.802937 0)
(11.7597 -0.650267 -2.9226e-19)
(16.1148 -0.502832 0)
(19.8663 -0.374664 0)
(23.2781 -0.23806 4.72033e-19)
(25.5975 -0.0899543 0)
(27.1265 0.0731678 -9.08684e-19)
(26.2512 0.142107 -6.0711e-19)
(25.5317 0.139133 0)
(23.9535 0.160257 0)
(22.5061 0.0879059 3.95367e-19)
(22.3256 0.111789 -4.37947e-19)
(20.0338 0.125274 0)
(18.9139 0.0354005 0)
(-0.707197 -0.124619 0)
(-0.584272 -0.108401 -4.11547e-21)
(-0.50646 -0.103576 8.05652e-21)
(-0.368846 -0.104944 0)
(-0.269427 -0.103291 -7.29192e-21)
(-0.141087 -0.102973 -1.3839e-20)
(-0.0739278 -0.0582963 -1.35635e-20)
(-0.0641532 0.0765531 -2.72876e-20)
(-0.304129 0.456518 0)
(-1.04982 1.01116 0)
(-2.65257 1.22055 0)
(-4.38557 0.960245 9.541e-21)
(-5.819 0.624088 -2.61671e-21)
(-6.7189 0.309865 0)
(-6.89627 -0.0444811 0)
(-6.00918 -0.408039 0)
(-4.09485 -0.705144 -1.97617e-20)
(-1.03248 -0.921426 0)
(2.93028 -0.993386 0)
(7.46253 -0.892171 -4.85566e-20)
(11.9018 -0.728213 1.47686e-19)
(16.1866 -0.567407 -1.86305e-19)
(19.9166 -0.426438 0)
(23.3488 -0.276077 -8.27732e-22)
(25.762 -0.113096 0)
(27.4953 0.0698724 9.04418e-19)
(26.8904 0.153149 6.3573e-19)
(26.2645 0.153576 -8.93377e-19)
(24.7672 0.177851 0)
(23.3577 0.099747 4.12529e-19)
(23.1248 0.125307 4.53672e-19)
(20.9272 0.142576 4.24808e-19)
(19.6771 0.0440557 -2.48227e-19)
(-0.391081 -0.143739 0)
(-0.264395 -0.12783 0)
(-0.182244 -0.122007 7.92986e-21)
(-0.0436842 -0.122385 0)
(0.0600143 -0.11764 1.44301e-20)
(0.187858 -0.113234 0)
(0.256422 -0.0607204 1.34656e-20)
(0.271297 0.0882532 -2.99853e-24)
(0.07281 0.496093 2.90644e-20)
(-0.53714 1.09394 0)
(-1.93953 1.3288 0)
(-3.51901 1.05464 -2.0107e-20)
(-4.85828 0.688869 0)
(-5.69999 0.340924 0)
(-5.85036 -0.0502765 0)
(-5.0016 -0.448375 0)
(-3.19672 -0.773893 -1.97166e-22)
(-0.296191 -1.01101 1.31843e-20)
(3.45156 -1.09238 0)
(7.78026 -0.987817 4.9973e-20)
(12.0814 -0.812828 0)
(16.2841 -0.638254 1.87821e-19)
(19.9831 -0.483839 0)
(23.4259 -0.319014 -9.07199e-19)
(25.9212 -0.140681 0)
(27.8434 0.0631499 -6.38153e-22)
(27.5323 0.163119 -6.6286e-19)
(27.0202 0.168618 9.43455e-19)
(25.6143 0.196766 5.70039e-19)
(24.2458 0.112954 -8.63581e-19)
(23.9591 0.140118 0)
(21.8632 0.161752 -4.38863e-19)
(20.4884 0.0542068 5.05332e-19)
(-0.0303624 -0.16536 0)
(0.0995317 -0.150226 -7.93756e-21)
(0.185557 -0.143113 -7.85248e-21)
(0.324784 -0.142179 -7.36014e-21)
(0.432803 -0.133917 -2.85731e-23)
(0.560841 -0.124654 0)
(0.632734 -0.0637286 0)
(0.655844 0.0990827 2.66669e-20)
(0.503276 0.532323 -2.84639e-20)
(0.0405137 1.17284 0)
(-1.14735 1.43727 0)
(-2.56482 1.15277 1.06443e-20)
(-3.80514 0.757558 0)
(-4.58726 0.374069 0)
(-4.71336 -0.056064 0)
(-3.90795 -0.490204 0)
(-2.21735 -0.845643 2.16502e-20)
(0.514037 -1.1049 -1.37401e-20)
(4.04074 -1.19672 0)
(8.15597 -1.08986 0)
(12.3069 -0.904318 0)
(16.4154 -0.715711 1.88889e-19)
(20.073 -0.547273 0)
(23.516 -0.367286 8.96416e-19)
(26.0807 -0.173155 0)
(28.172 0.0523104 -8.50036e-22)
(28.1697 0.171352 0)
(27.7952 0.184002 0)
(26.4934 0.216987 -6.04376e-19)
(25.1703 0.12765 4.53843e-19)
(24.8286 0.156307 -4.94869e-19)
(22.8419 0.182922 4.57203e-19)
(21.3486 0.0660133 -5.15275e-19)
(0.380567 -0.18982 0)
(0.512966 -0.175833 1.56232e-20)
(0.602441 -0.167177 7.7212e-21)
(0.742078 -0.164591 1.97216e-23)
(0.854424 -0.152423 -1.42524e-20)
(0.983425 -0.137549 0)
(1.0606 -0.0677588 0)
(1.09508 0.108247 -2.64457e-20)
(0.991286 0.563078 0)
(0.683024 1.2444 0)
(-0.273686 1.54333 0)
(-1.51925 1.2536 0)
(-2.65542 0.829928 -2.00914e-21)
(-3.37651 0.409377 0)
(-3.4815 -0.0615754 0)
(-2.7245 -0.533109 0)
(-1.15194 -0.919921 0)
(1.40378 -1.20267 0)
(4.70502 -1.30606 0)
(8.59851 -1.19817 0)
(12.5877 -1.00281 0)
(16.5897 -0.800074 1.90937e-19)
(20.1947 -0.617116 0)
(23.6265 -0.421292 -4.46327e-19)
(26.2468 -0.210937 0)
(28.4849 0.0366738 -8.7847e-19)
(28.795 0.177068 1.40744e-18)
(28.5847 0.19934 -1.05382e-18)
(27.4026 0.238442 0)
(26.1309 0.143953 0)
(25.7336 0.173956 5.19221e-19)
(23.8634 0.206202 8.33024e-22)
(22.2584 0.0796418 2.64097e-19)
(0.848158 -0.217478 0)
(0.982339 -0.204862 -7.67969e-21)
(1.07482 -0.194498 -7.64425e-21)
(1.21465 -0.189906 -7.20157e-21)
(1.3313 -0.173508 1.41369e-20)
(1.46209 -0.152321 0)
(1.54646 -0.0733833 2.66361e-20)
(1.59535 0.114826 3.90913e-23)
(1.54168 0.586055 0)
(1.389 1.30443 0)
(0.681831 1.64334 0)
(-0.379524 1.3556 0)
(-1.40516 0.90557 2.13246e-21)
(-2.06344 0.446917 0)
(-2.15065 -0.0664428 0)
(-1.44713 -0.576554 0)
(0.00494314 -0.996117 4.88006e-20)
(2.3792 -1.30372 0)
(5.45226 -1.41992 3.71996e-20)
(9.11753 -1.31252 1.06918e-19)
(12.9343 -1.10833 0)
(16.8171 -0.891562 -1.86371e-21)
(20.3576 -0.693694 0)
(23.7658 -0.48141 4.45788e-19)
(26.4268 -0.254424 0)
(28.788 0.0156037 8.69414e-19)
(29.4005 0.179396 -1.42853e-18)
(29.3824 0.214079 1.11022e-18)
(28.3386 0.260976 -6.85366e-19)
(27.1268 0.161966 0)
(26.6742 0.193141 5.48447e-19)
(24.9282 0.231703 -5.0191e-19)
(23.2185 0.0952648 0)
(1.37991 -0.2487 -8.14586e-21)
(1.51516 -0.237498 7.47396e-21)
(1.61023 -0.225388 7.4948e-21)
(1.75008 -0.218428 1.4357e-20)
(1.87098 -0.197575 -1.41016e-20)
(2.00441 -0.169469 0)
(2.0978 -0.0813222 -2.66744e-20)
(2.16393 0.117767 2.62572e-20)
(2.16041 0.598985 -5.35842e-20)
(2.15699 1.348 0)
(1.7164 1.73233 0)
(0.85553 1.45654 0)
(-0.0509671 0.983786 0)
(-0.643868 0.48672 0)
(-0.716266 -0.0701871 0)
(-0.0712331 -0.619867 -3.86827e-20)
(1.25937 -1.07346 -5.16603e-20)
(3.44726 -1.40728 -1.7835e-20)
(6.29104 -1.53771 -3.91118e-20)
(9.72347 -1.43252 -1.2217e-21)
(13.358 -1.22079 0)
(17.1091 -0.990303 -4.03757e-19)
(20.5726 -0.777272 0)
(23.9435 -0.547958 4.48077e-19)
(26.6293 -0.303957 0)
(29.0894 -0.0114616 -8.64791e-19)
(29.9809 0.177429 0)
(30.1813 0.227488 0)
(29.2964 0.284315 2.19067e-18)
(28.1569 0.181757 0)
(27.6503 0.213925 -1.16158e-18)
(26.0365 0.259525 0)
(24.229 0.113061 -2.77865e-19)
(1.98458 -0.283865 7.94935e-21)
(2.12025 -0.273909 -4.3329e-23)
(2.21758 -0.260165 -7.40353e-21)
(2.35731 -0.250486 -1.41649e-20)
(2.48241 -0.225084 0)
(2.61933 -0.189597 0)
(2.72339 -0.0924507 0)
(2.80922 0.115891 0)
(2.85485 0.599811 5.31168e-20)
(2.98697 1.36989 0)
(2.82351 1.80397 -7.66759e-20)
(2.18434 1.55298 0)
(1.4095 1.06343 0)
(0.88598 0.528721 0)
(0.826444 -0.0722211 0)
(1.40838 -0.662226 4.11614e-20)
(2.61828 -1.151 0)
(4.61583 -1.51238 1.88862e-20)
(7.23082 -1.65865 -3.91267e-20)
(10.4277 -1.55765 -1.26504e-21)
(13.8714 -1.33996 -3.39419e-19)
(17.4785 -1.0963 -4.14081e-19)
(20.8517 -0.86801 0)
(24.171 -0.621172 -2.88016e-21)
(26.8642 -0.359823 8.67977e-19)
(29.3982 -0.0449512 8.58715e-19)
(30.5354 0.170295 -1.43212e-18)
(30.9735 0.238663 0)
(30.2695 0.308031 -1.55346e-18)
(29.2191 0.203335 0)
(28.6618 0.236347 -6.50008e-22)
(27.1886 0.289752 0)
(25.2902 0.133217 5.75912e-19)
(2.67245 -0.323368 7.64606e-21)
(2.808 -0.314265 -7.12221e-21)
(2.90742 -0.299182 -1.44241e-20)
(3.04699 -0.286438 5.66416e-23)
(3.17627 -0.256549 -1.38911e-20)
(3.31748 -0.213421 0)
(3.43363 -0.107794 0)
(3.54114 0.107902 0)
(3.63408 0.586884 0)
(3.8819 1.36507 0)
(3.99319 1.85049 7.80372e-20)
(3.60137 1.63989 0)
(2.97638 1.14253 -1.46276e-21)
(2.52922 0.572627 -3.61048e-20)
(2.48234 -0.0718895 0)
(2.99774 -0.702683 0)
(4.0896 -1.22762 0)
(5.89373 -1.61783 -2.05502e-20)
(8.28208 -1.7818 4.14476e-20)
(11.2424 -1.68722 -1.20796e-19)
(14.4878 -1.46541 3.55399e-19)
(17.9393 -1.2094 8.59621e-19)
(21.2086 -0.965938 0)
(24.4608 -0.70118 -3.17287e-21)
(27.1431 -0.422206 -8.78843e-19)
(29.7251 -0.0851471 8.54763e-19)
(31.0687 0.157236 1.43228e-18)
(31.7515 0.246565 0)
(31.2487 0.331497 0)
(30.3103 0.226604 0)
(29.7081 0.260405 6.59986e-19)
(28.3846 0.322433 0)
(26.4021 0.155917 -2.99802e-19)
(3.45564 -0.367687 -7.38694e-21)
(3.59076 -0.358743 0)
(3.6922 -0.342833 1.41663e-20)
(3.83179 -0.326689 2.76604e-20)
(3.9653 -0.292551 1.38491e-20)
(4.11157 -0.241761 2.70102e-20)
(4.24097 -0.128517 2.6709e-20)
(4.37151 0.0923862 0)
(4.50944 0.559028 0)
(4.84952 1.32949 0)
(5.21463 1.86324 0)
(5.09633 1.70996 0)
(4.64677 1.21783 1.57508e-21)
(4.28756 0.617701 3.90938e-20)
(4.25606 -0.0685529 0)
(4.70362 -0.740188 0)
(5.68217 -1.30202 0)
(7.29118 -1.72217 2.19646e-20)
(9.45651 -1.90602 0)
(12.1808 -1.82029 -1.24987e-19)
(15.222 -1.59653 0)
(18.5067 -1.32924 -8.93653e-19)
(21.6584 -1.0709 0)
(24.8273 -0.787944 -3.53157e-21)
(27.4796 -0.491126 -8.91192e-19)
(30.0825 -0.132175 -1.72427e-18)
(31.5911 0.137683 1.43342e-18)
(32.509 0.250123 -1.2767e-18)
(32.2231 0.353853 1.7344e-18)
(31.4262 0.251302 0)
(30.7876 0.286031 0)
(29.624 0.357564 0)
(27.5645 0.181336 -3.10545e-19)
(4.34859 -0.417338 -6.776e-21)
(4.48329 -0.407578 0)
(4.58675 -0.391549 1.31707e-20)
(4.72685 -0.371741 -2.61671e-20)
(4.86475 -0.33374 2.6237e-20)
(5.0169 -0.275561 -1.30795e-22)
(5.16043 -0.155921 -2.58182e-20)
(5.31473 0.0677854 0)
(5.49499 0.515457 0)
(5.90358 1.26086 0)
(6.48154 1.83366 0)
(6.65454 1.75324 0)
(6.41315 1.28411 -1.38077e-21)
(6.16025 0.662437 0)
(6.15151 -0.0616541 0)
(6.53337 -0.773547 0)
(7.4052 -1.37264 0)
(8.82054 -1.82359 0)
(10.7668 -2.02989 0)
(13.2576 -1.95574 1.2791e-19)
(16.0894 -1.7325 3.71937e-19)
(19.1971 -1.45531 9.01531e-19)
(22.2174 -1.1826 0)
(25.2867 -0.881304 -9.62932e-19)
(27.8887 -0.566488 8.90323e-19)
(30.4848 -0.185992 0)
(32.1168 0.11132 -1.41314e-18)
(33.2439 0.248479 1.26864e-18)
(33.1808 0.374128 -5.35665e-22)
(32.5606 0.277118 0)
(31.8971 0.31313 0)
(30.9054 0.395497 -1.40457e-18)
(28.7775 0.209945 3.26959e-19)
(5.28048 -0.46762 6.34724e-21)
(5.41554 -0.457212 0)
(5.52102 -0.441075 -2.44682e-20)
(5.66265 -0.418147 2.42083e-20)
(5.80515 -0.376849 -4.86436e-20)
(5.96379 -0.312518 -2.40375e-20)
(6.12122 -0.188278 4.72825e-20)
(6.29785 0.035673 4.61125e-20)
(6.51468 0.461187 0)
(6.96735 1.16897 0)
(7.69079 1.76346 0)
(8.12987 1.75834 -3.13154e-20)
(8.11265 1.32954 -1.43704e-21)
(7.98452 0.700282 0)
(8.01214 -0.0524154 0)
(8.34316 -0.799929 0)
(9.1257 -1.43339 6.17806e-20)
(10.3716 -1.91334 0)
(12.1215 -2.14316 0)
(14.4014 -2.0827 0)
(17.0375 -1.86267 -2.70047e-21)
(19.9734 -1.57806 -4.36573e-19)
(22.8601 -1.29291 0)
(25.8223 -0.974643 -9.26268e-19)
(28.3596 -0.643081 1.71038e-18)
(30.9248 -0.242863 1.61958e-18)
(32.6354 0.0798707 0)
(33.9303 0.241398 2.44225e-18)
(34.0756 0.390403 -1.76418e-18)
(33.6684 0.302344 1.4598e-18)
(33.0027 0.340658 0)
(32.2036 0.435046 3.00084e-18)
(30.0318 0.241314 0)
(6.19884 -0.51535 -5.78301e-21)
(6.33481 -0.505058 0)
(6.44264 -0.48847 2.2423e-20)
(6.58645 -0.463273 -2.22123e-20)
(6.73368 -0.419242 4.46623e-20)
(6.89911 -0.350241 2.19531e-20)
(7.06969 -0.223062 -3.68871e-22)
(7.2665 -0.000830442 -8.48524e-20)
(7.51429 0.40226 0)
(7.99467 1.06721 0)
(8.80634 1.66676 0)
(9.46261 1.72895 2.906e-20)
(9.66639 1.35092 -1.3225e-21)
(9.67685 0.72776 0)
(9.75627 -0.0427939 0)
(10.0562 -0.819451 0)
(10.7676 -1.48295 -6.03424e-20)
(11.8758 -1.98879 4.18255e-20)
(13.4565 -2.24197 0)
(15.5529 -2.19642 0)
(18.0133 -1.98191 -3.49122e-19)
(20.7899 -1.6925 0)
(23.548 -1.39735 0)
(26.4028 -1.06426 3.58603e-21)
(28.8681 -0.717928 -3.31433e-18)
(31.3874 -0.300374 -3.1264e-18)
(33.1406 0.0450466 1.29679e-18)
(34.5661 0.229562 -4.72676e-18)
(34.8926 0.401839 0)
(34.7262 0.325762 6.85872e-22)
(34.086 0.367599 1.63596e-18)
(33.507 0.475312 -1.60819e-18)
(31.3268 0.275499 7.16402e-19)
(7.1309 -0.562542 5.44182e-21)
(7.26807 -0.552499 0)
(7.37859 -0.535433 -1.05073e-20)
(7.52502 -0.508464 3.10836e-20)
(7.67714 -0.462219 -2.09711e-20)
(7.84964 -0.38966 -2.07124e-20)
(8.03288 -0.26086 -4.09584e-20)
(8.24843 -0.0418376 4.90202e-22)
(8.52343 0.339016 0)
(9.02208 0.958424 0)
(9.88287 1.54938 0)
(10.7084 1.66903 -5.40804e-20)
(11.1259 1.34856 3.86193e-21)
(11.2898 0.744002 0)
(11.4385 -0.0341684 0)
(11.7267 -0.834024 8.48992e-20)
(12.3795 -1.52424 0)
(13.3756 -2.0536 -4.1816e-20)
(14.805 -2.3301 -3.97884e-20)
(16.7363 -2.30073 -2.32092e-19)
(19.0333 -2.09361 0)
(21.6581 -1.8015 0)
(24.2898 -1.49818 0)
(27.0354 -1.15173 8.84944e-19)
(29.4225 -0.791927 1.63378e-18)
(31.8837 -0.358636 1.53725e-18)
(33.6503 0.00732741 1.26456e-18)
(35.1756 0.213664 2.32323e-18)
(35.6502 0.4086 -1.72336e-18)
(35.7399 0.347103 -1.54904e-18)
(35.1498 0.393794 -7.69837e-22)
(34.8156 0.516648 0)
(32.6636 0.313094 -1.52878e-18)
(8.0747 -0.609273 -1.00977e-20)
(8.21324 -0.599515 0)
(8.32675 -0.582018 0)
(8.47615 -0.553688 -1.95697e-20)
(8.63334 -0.505741 0)
(8.81311 -0.430608 0)
(9.00854 -0.301309 0)
(9.24156 -0.0866669 7.43172e-20)
(9.54074 0.272676 -6.97269e-20)
(10.0522 0.846324 0)
(10.9351 1.41814 0)
(11.8826 1.58322 1.01639e-19)
(12.4965 1.32221 0)
(12.8236 0.747029 0)
(13.0594 -0.0284628 0)
(13.3564 -0.844895 -1.68115e-19)
(13.9621 -1.5584 0)
(14.8705 -2.10886 3.9644e-20)
(16.1641 -2.40822 -3.9935e-20)
(17.9474 -2.39611 4.6142e-19)
(20.0922 -2.19796 -3.36663e-19)
(22.5723 -1.905 8.14473e-19)
(25.0804 -1.59523 0)
(27.7169 -1.23682 -1.74475e-18)
(30.0215 -0.864743 0)
(32.4163 -0.417107 1.51633e-18)
(34.1728 -0.0326374 -2.51323e-18)
(35.7708 0.194281 -2.29296e-18)
(36.3599 0.410639 3.44275e-18)
(36.705 0.365631 0)
(36.1877 0.418457 -1.78928e-18)
(36.1193 0.558177 1.88061e-18)
(34.0405 0.354132 8.22613e-19)
(9.02784 -0.655533 9.60279e-21)
(9.1679 -0.646084 0)
(9.28464 -0.628233 0)
(9.43732 -0.598904 0)
(9.59975 -0.549741 0)
(9.7869 -0.472907 0)
(9.99403 -0.344066 0)
(10.2434 -0.134741 -3.52415e-20)
(10.5643 0.204065 6.66407e-20)
(11.0855 0.733348 0)
(11.9732 1.27868 0)
(13.0012 1.47661 -9.53749e-20)
(13.7855 1.27273 0)
(14.2783 0.735195 0)
(14.6173 -0.0277412 0)
(14.9442 -0.853473 8.34862e-20)
(15.5153 -1.58658 0)
(16.3574 -2.15566 -3.99866e-20)
(17.5309 -2.47695 8.03461e-20)
(19.1808 -2.48295 -1.64463e-21)
(21.1849 -2.29511 -3.32277e-19)
(23.5273 -2.00298 -4.92567e-21)
(25.9152 -1.68834 0)
(28.4438 -1.31927 1.74471e-18)
(30.6641 -0.93604 0)
(32.9872 -0.475232 -1.51769e-18)
(34.7155 -0.0741464 -2.49612e-18)
(36.3617 0.172109 5.64754e-21)
(37.0353 0.408203 -1.73096e-18)
(37.6196 0.380815 0)
(37.1943 0.440826 0)
(37.4023 0.598891 -6.08414e-18)
(35.455 0.39857 0)
(9.98782 -0.701288 -8.93708e-21)
(10.1295 -0.692165 0)
(10.2497 -0.674069 1.72891e-20)
(10.4059 -0.644063 -1.72195e-20)
(10.5737 -0.59413 0)
(10.7683 -0.516365 3.44159e-20)
(10.9867 -0.388807 -3.39105e-20)
(11.2514 -0.185555 6.54918e-20)
(11.592 0.133761 0)
(12.1215 0.621031 0)
(13.0035 1.13529 0)
(14.079 1.35431 8.99086e-20)
(15.002 1.20205 -1.41299e-20)
(15.655 0.707463 -4.94178e-20)
(16.1097 -0.0340327 8.08234e-20)
(16.4869 -0.861332 0)
(17.0376 -1.60991 0)
(17.8313 -2.19506 0)
(18.902 -2.5369 0)
(20.4313 -2.56166 -2.30527e-19)
(22.3053 -2.38522 4.79771e-21)
(24.5183 -2.09543 -5.02645e-21)
(26.7905 -1.77738 0)
(29.2133 -1.39886 1.73844e-18)
(31.349 -1.00551 -1.61072e-18)
(33.5978 -0.532512 -3.03279e-18)
(35.2849 -0.116516 9.25855e-21)
(36.958 0.147856 6.21641e-21)
(37.6892 0.401721 0)
(38.4858 0.392337 3.3419e-18)
(38.166 0.460224 0)
(38.6452 0.637423 4.35937e-18)
(36.9022 0.446097 0)
(10.9522 -0.746476 8.5631e-21)
(11.0956 -0.737703 0)
(11.2195 -0.719493 -2.29247e-22)
(11.3795 -0.689091 1.6508e-20)
(11.5527 -0.638793 0)
(11.7546 -0.56078 -3.3038e-20)
(11.9839 -0.435224 3.25918e-20)
(12.263 -0.238657 -1.24932e-19)
(12.6216 0.0621855 0)
(13.1587 0.510255 0)
(14.0298 0.991079 0)
(15.1285 1.22103 -4.28958e-20)
(16.1563 1.11297 1.36443e-20)
(16.9573 0.663507 4.85958e-20)
(17.5341 -0.0491293 -1.57785e-19)
(17.9802 -0.870193 0)
(18.5264 -1.62955 -1.05143e-19)
(19.2862 -2.22815 7.14746e-20)
(20.2734 -2.58876 8.49506e-20)
(21.6935 -2.63258 0)
(23.4481 -2.46847 6.75512e-19)
(25.54 -2.18236 -8.16952e-19)
(27.7022 -1.86226 0)
(30.0229 -1.4754 -1.75778e-18)
(32.075 -1.07286 1.63095e-18)
(34.2489 -0.588489 3.07435e-18)
(35.886 -0.159096 1.01962e-20)
(37.5688 0.122259 2.3272e-18)
(38.3331 0.391806 3.54416e-18)
(39.3104 0.400122 -3.42992e-18)
(39.1027 0.476205 0)
(39.8304 0.672165 0)
(38.3728 0.496006 0)
(11.9187 -0.791008 0)
(12.064 -0.782615 7.34221e-21)
(12.1916 -0.76444 -3.11757e-20)
(12.3555 -0.733897 0)
(12.5343 -0.68359 3.11801e-20)
(12.7434 -0.605941 0)
(12.9833 -0.483021 0)
(13.276 -0.293624 5.97628e-20)
(13.6511 -0.0103363 0)
(14.1957 0.401471 0)
(15.0536 0.848108 0)
(16.1587 1.08091 0)
(17.2601 1.00877 0)
(18.1904 0.603829 0)
(18.8895 -0.0744197 7.68152e-20)
(19.4196 -0.881823 0)
(19.9781 -1.64673 1.06688e-19)
(20.7161 -2.25602 -7.25205e-20)
(21.6403 -2.63329 -8.66604e-20)
(22.9619 -2.69604 0)
(24.608 -2.54508 0)
(26.5876 -2.26382 0)
(28.6463 -1.94288 0)
(30.8699 -1.54872 0)
(32.8412 -1.13788 0)
(34.9415 -0.642767 3.10475e-18)
(36.5232 -0.201274 5.1626e-18)
(38.2022 0.0960922 4.73064e-18)
(38.979 0.37922 -3.6318e-18)
(40.1035 0.404321 -3.53169e-18)
(40.0083 0.488686 0)
(40.9449 0.701385 0)
(39.8531 0.547177 0)
(12.8854 -0.834765 0)
(13.0326 -0.82679 -7.07606e-21)
(13.1641 -0.808801 1.49129e-20)
(13.332 -0.778353 -1.46495e-20)
(13.5164 -0.728378 -5.96901e-20)
(13.7328 -0.651647 2.9372e-20)
(13.9828 -0.531904 -5.78208e-20)
(14.2883 -0.350055 5.56355e-20)
(14.6786 -0.0835284 0)
(15.2309 0.294883 0)
(16.0754 0.707686 0)
(17.1761 0.937232 7.68251e-20)
(18.3248 0.89289 -1.60794e-20)
(19.3614 0.52969 0)
(20.1769 -0.110729 0)
(20.8011 -0.897897 0)
(21.3884 -1.6627 0)
(22.1155 -2.27982 0)
(22.9966 -2.67137 0)
(24.2313 -2.75242 0)
(25.7802 -2.61527 6.8358e-19)
(27.6567 -2.3399 -8.27667e-19)
(29.6191 -2.01922 0)
(31.7512 -1.61868 0)
(33.6459 -1.20031 3.34295e-18)
(35.6757 -0.69497 -3.18267e-18)
(37.1998 -0.242472 -2.64582e-18)
(38.8651 0.0701214 -4.87253e-18)
(39.6384 0.36485 3.72851e-18)
(40.8777 0.405324 3.66178e-18)
(40.8895 0.498011 0)
(41.982 0.723392 0)
(41.3262 0.59815 0)
(13.8507 -0.877601 0)
(13.9999 -0.870087 0)
(14.1354 -0.852432 0)
(14.3073 -0.822304 2.80879e-20)
(14.4974 -0.772997 5.67938e-20)
(14.721 -0.697674 -5.63774e-20)
(14.9808 -0.581571 1.11026e-19)
(15.2985 -0.407569 -5.4002e-20)
(15.7026 -0.157122 -4.87552e-20)
(16.2627 0.190562 0)
(17.0946 0.570623 0)
(18.1844 0.792475 -7.47307e-20)
(19.3605 0.768629 1.56788e-20)
(20.4786 0.442997 0)
(21.4002 -0.158284 0)
(22.1223 -0.919827 0)
(22.7532 -1.67876 -1.92632e-19)
(23.4803 -2.30065 0)
(24.336 -2.70397 -9.56805e-20)
(25.4968 -2.80219 -4.81438e-19)
(26.9602 -2.67934 -6.98933e-19)
(28.7436 -2.41071 8.46587e-19)
(30.6174 -2.09126 0)
(32.6646 -1.68518 -1.82832e-18)
(34.4877 -1.25998 -3.43689e-18)
(36.4512 -0.744758 3.24268e-18)
(37.9181 -0.282142 0)
(39.563 0.0450869 5.01353e-18)
(40.3217 0.349651 -7.7426e-18)
(41.6471 0.403743 0)
(41.7558 0.504991 -4.5852e-18)
(42.9441 0.73681 0)
(42.773 0.647204 0)
(14.8134 -0.919347 0)
(14.9648 -0.912338 0)
(15.1043 -0.895161 0)
(15.2804 -0.865583 -3.99999e-20)
(15.4761 -0.817263 -5.41096e-20)
(15.7068 -0.743772 2.71199e-20)
(15.9761 -0.631711 -1.05779e-19)
(16.3053 -0.465801 0)
(16.7225 -0.230832 1.39941e-19)
(17.2899 0.0885492 0)
(18.1107 0.437346 0)
(19.1859 0.64846 0)
(20.375 0.638884 0)
(21.5517 0.34597 0)
(22.5651 -0.216657 0)
(23.3834 -0.948622 0)
(24.0692 -1.69618 1.02715e-20)
(24.8075 -2.31962 -5.5501e-20)
(25.6527 -2.73209 -1.02454e-19)
(26.7539 -2.84592 4.9387e-19)
(28.1438 -2.73763 -7.07402e-19)
(29.8447 -2.4764 1.71521e-18)
(31.6388 -2.15902 0)
(33.6081 -1.74813 3.75781e-18)
(35.3655 -1.31671 0)
(37.2676 -0.791832 -3.36151e-18)
(38.6797 -0.319773 0)
(40.3002 0.0216887 -2.3876e-20)
(41.0378 0.33459 1.46786e-20)
(42.4263 0.400396 -8.02702e-18)
(42.6171 0.510842 1.9394e-20)
(43.8443 0.740871 -1.22041e-17)
(44.1744 0.692593 0)
(15.7728 -0.95981 0)
(15.9266 -0.953354 0)
(16.07 -0.936798 0)
(16.2503 -0.907986 2.57592e-20)
(16.4517 -0.860941 2.60649e-20)
(16.6894 -0.789665 0)
(16.9678 -0.682011 1.08991e-21)
(17.308 -0.5244 0)
(17.7375 -0.304355 -1.78154e-19)
(18.312 -0.0111075 0)
(19.1235 0.30809 1.16263e-19)
(20.1821 0.506432 -6.74507e-20)
(21.3742 0.506086 0)
(22.5905 0.24093 5.66608e-20)
(23.6793 -0.28489 0)
(24.587 -0.984783 0)
(25.3351 -1.71613 1.07722e-20)
(26.0958 -2.33775 5.66882e-20)
(26.9419 -2.75674 2.05435e-19)
(27.9988 -2.8843 -5.05507e-19)
(29.3279 -2.79055 7.28552e-19)
(30.9571 -2.53719 -1.76914e-18)
(32.6807 -2.22254 0)
(34.58 -1.80745 -1.94117e-18)
(36.2782 -1.37032 0)
(38.1244 -0.835891 0)
(39.4856 -0.354869 0)
(41.0796 0.000586233 -5.47404e-18)
(41.7936 0.320583 -4.22e-18)
(43.2292 0.396308 8.51665e-18)
(43.4806 0.516954 5.17326e-18)
(44.7074 0.735752 1.31992e-17)
(45.5148 0.73298 0)
(16.7285 -0.998772 1.22888e-20)
(16.8849 -0.992896 0)
(17.0323 -0.977106 0)
(17.2169 -0.949265 -2.41e-20)
(17.424 -0.903757 2.44023e-20)
(17.6685 -0.835044 -4.84794e-20)
(17.9559 -0.732131 1.0941e-21)
(18.3067 -0.583 0)
(18.7478 -0.377371 8.59906e-20)
(19.3292 -0.108361 0)
(20.1331 0.182987 -1.13885e-19)
(21.1745 0.367302 6.60641e-20)
(22.3628 0.372112 0)
(23.6037 0.130111 -5.58465e-20)
(24.7515 -0.361626 0)
(25.7385 -1.02834 0)
(26.552 -1.73953 1.8064e-19)
(27.3456 -2.35594 0)
(28.2006 -2.77884 -2.21729e-19)
(29.2292 -2.91811 5.21643e-19)
(30.5102 -2.83852 1.48597e-18)
(32.079 -2.5933 -1.806e-18)
(33.7417 -2.28188 0)
(35.5789 -1.86308 0)
(37.2247 -1.42064 0)
(39.0209 -0.876665 0)
(40.3358 -0.386964 0)
(41.9025 -0.017627 0)
(42.5934 0.308429 9.00411e-18)
(44.0679 0.392714 9.08719e-18)
(44.3478 0.524527 0)
(45.5695 0.722631 1.43605e-17)
(46.7854 0.767935 -4.25286e-18)
(17.6807 -1.03587 -1.17712e-20)
(17.8398 -1.03063 0)
(17.9913 -1.01574 0)
(18.1803 -0.989095 2.30607e-20)
(18.3931 -0.945373 -2.33552e-20)
(18.6446 -0.879559 9.18071e-20)
(18.9407 -0.781702 4.5684e-20)
(19.3016 -0.641222 0)
(19.7537 -0.44958 -7.81402e-20)
(20.342 -0.20313 0)
(21.1397 0.0621175 0)
(22.1644 0.231718 0)
(23.3447 0.238474 3.57332e-20)
(24.5993 0.0155541 0)
(25.7906 -0.44515 0)
(26.8451 -1.07879 -2.19056e-19)
(27.724 -1.76697 0)
(28.559 -2.37487 -7.43535e-20)
(29.4284 -2.79916 -6.4173e-21)
(30.4441 -2.94812 0)
(31.6897 -2.88198 -1.51601e-18)
(33.2091 -2.64493 1.84729e-18)
(34.8207 -2.33705 0)
(36.6036 -1.9149 -4.07145e-18)
(38.204 -1.46746 0)
(39.9559 -0.913851 -7.39351e-18)
(41.2294 -0.415603 0)
(42.7688 -0.0324872 0)
(43.4398 0.298675 0)
(44.9502 0.390745 -1.63656e-20)
(45.2125 0.533892 -1.15758e-17)
(46.4754 0.701833 -3.07129e-17)
(47.9826 0.796521 4.6113e-18)
(8.72553 -0.537962 6.07894e-21)
(12.3056 -0.276919 0)
(13.926 -1.75726 2.7277e-21)
(14.8976 -1.29004 -3.21852e-21)
(16.2098 0.65877 0)
(17.0004 1.74845 1.42321e-21)
(17.4064 1.88229 0)
(17.5204 1.53352 -4.33613e-22)
(17.4625 0.95279 0)
(17.3051 0.250749 0)
(17.1096 -0.52089 -2.12566e-21)
(16.9109 -1.31458 0)
(16.7249 -2.09565 -2.39914e-21)
(16.5546 -2.8436 0)
(16.399 -3.53386 0)
(16.2561 -4.14573 -1.59221e-21)
(16.1226 -4.66812 0)
(15.9956 -5.09754 -5.26326e-22)
(15.8725 -5.43541 0)
(15.7516 -5.68684 0)
(15.6314 -5.8588 1.34721e-21)
(15.5119 -5.9583 0)
(15.3944 -5.99139 2.58142e-21)
(15.2817 -5.96277 0)
(15.1769 -5.87616 0)
(15.0837 -5.73487 4.2341e-21)
(15.0057 -5.54211 0)
(14.9455 -5.30168 5.14793e-21)
(14.9046 -5.01826 0)
(14.8835 -4.69743 0)
(14.882 -4.34554 6.18555e-21)
(14.8985 -3.96942 0)
(14.9313 -3.57603 6.65718e-21)
(14.9779 -3.17217 0)
(15.0358 -2.76431 0)
(15.1024 -2.35818 7.07755e-21)
(15.1758 -1.95869 0)
(15.2538 -1.56995 7.19776e-21)
(15.335 -1.19527 0)
(15.4181 -0.837302 0)
(15.5021 -0.498125 7.17612e-21)
(15.5863 -0.179422 0)
(15.6699 0.117437 7.03434e-21)
(15.7527 0.391413 0)
(15.8342 0.641851 0)
(15.9144 0.868499 6.63295e-21)
(15.9934 1.07146 0)
(16.0713 1.25106 6.2677e-21)
(16.1481 1.40772 0)
(16.2241 1.54187 0)
(16.2991 1.65396 5.59393e-21)
(16.3731 1.74457 0)
(16.4459 1.81439 5.07745e-21)
(16.5173 1.86419 0)
(16.587 1.89488 0)
(16.655 1.90744 4.23561e-21)
(16.7209 1.90293 0)
(16.7846 1.88245 3.6507e-21)
(16.846 1.84716 0)
(16.9048 1.79825 0)
(16.9611 1.73695 -2.77429e-21)
(17.0146 1.66453 2.48966e-21)
(17.0655 1.58226 2.21165e-21)
(17.1137 1.49139 0)
(17.1592 1.39318 0)
(17.2022 1.28885 1.43292e-21)
(17.2428 1.17959 1.1964e-21)
(17.2811 1.06652 9.73428e-22)
(17.3175 0.95072 0)
(17.3521 0.833192 5.71914e-22)
(17.3851 0.714863 0)
(17.4169 0.596599 2.34648e-22)
(17.4478 0.479188 0)
(17.478 0.363353 0)
(17.5077 0.249744 -1.42763e-22)
(17.5374 0.138945 -2.33582e-22)
(17.5672 0.0314751 -3.06949e-22)
(17.5974 -0.072214 -3.63027e-22)
(17.6284 -0.17173 0)
(17.6604 -0.266741 -4.25062e-22)
(17.6936 -0.356971 0)
(17.7282 -0.442192 -4.23802e-22)
(17.7644 -0.522231 0)
(17.8025 -0.596947 0)
(17.8425 -0.666249 3.14729e-22)
(17.8845 -0.730063 -2.52708e-22)
(17.9287 -0.788363 -1.79409e-22)
(17.9753 -0.841104 -9.51312e-23)
(18.0239 -0.88832 1.73939e-24)
(18.0752 -0.92994 1.01962e-22)
(18.1282 -0.966089 0)
(18.1848 -0.996566 3.32939e-22)
(18.241 -1.02172 0)
(18.3048 -1.041 0)
(18.3599 -1.05535 6.9872e-22)
(18.4392 -1.06349 -9.0396e-22)
(18.4769 -1.06672 0)
(10.4903 -0.626337 -9.23123e-21)
(13.4571 -0.355015 -1.76297e-20)
(14.6606 -1.79721 3.41188e-21)
(15.3098 -1.33832 -4.15091e-21)
(16.6306 0.606505 5.95617e-21)
(17.4823 1.7166 -1.55046e-21)
(17.9205 1.86883 0)
(18.0546 1.53415 -5.02688e-22)
(18.0168 0.962798 0)
(17.8836 0.266422 0)
(17.7146 -0.502597 2.253e-21)
(17.5417 -1.29555 0)
(17.3798 -2.07674 2.53059e-21)
(17.2309 -2.82506 0)
(17.0936 -3.51574 0)
(16.966 -4.12793 1.66688e-21)
(16.8446 -4.65044 -2.61575e-21)
(16.7261 -5.07975 5.47987e-22)
(16.608 -5.41734 0)
(16.4883 -5.66832 0)
(16.3658 -5.83976 -4.0336e-21)
(16.2403 -5.93885 0)
(16.1137 -5.97181 -7.91993e-21)
(15.989 -5.94356 6.49876e-21)
(15.8701 -5.8579 0)
(15.7612 -5.71823 -4.33437e-21)
(15.6666 -5.52773 -9.76702e-21)
(15.5897 -5.29009 -5.25902e-21)
(15.5328 -5.00986 -1.15163e-20)
(15.4969 -4.69243 0)
(15.4823 -4.344 -6.30528e-21)
(15.4879 -3.97124 -1.3425e-20)
(15.5121 -3.58096 -6.77747e-21)
(15.5524 -3.17989 0)
(15.6064 -2.77442 -1.45313e-20)
(15.6712 -2.37029 -7.19101e-21)
(15.7445 -1.97243 1.48904e-20)
(15.8241 -1.58497 -7.30236e-21)
(15.9081 -1.21128 0)
(15.9951 -0.854056 0)
(16.0838 -0.515411 -7.26324e-21)
(16.1734 -0.197065 0)
(16.263 0.0995741 -7.11074e-21)
(16.3522 0.373437 0)
(16.4405 0.623829 0)
(16.5277 0.85046 -6.69028e-21)
(16.6139 1.0534 0)
(16.6991 1.23298 -1.91583e-20)
(16.7833 1.38961 0)
(16.8665 1.52373 0)
(16.9487 1.63583 -1.70228e-20)
(17.0297 1.72649 0)
(17.1095 1.79641 -5.09737e-21)
(17.1877 1.84639 -9.73186e-21)
(17.2641 1.87734 0)
(17.3386 1.89022 -1.2789e-20)
(17.411 1.88611 0)
(17.481 1.86609 -3.65455e-21)
(17.5486 1.83132 0)
(17.6135 1.78299 -6.12219e-21)
(17.6757 1.72232 2.77285e-21)
(17.7351 1.65055 -7.43382e-21)
(17.7918 1.56896 2.17169e-21)
(17.8457 1.47878 -3.8316e-21)
(17.8969 1.38125 3.30435e-21)
(17.9455 1.27759 -1.42876e-21)
(17.9916 1.16895 1.13133e-21)
(18.0354 1.05647 -2.84462e-21)
(18.0772 0.941191 1.4562e-21)
(18.1171 0.82411 -1.63856e-21)
(18.1554 0.706149 7.15403e-22)
(18.1924 0.588164 -2.33368e-22)
(18.2283 0.470939 0)
(18.2635 0.355189 1.3966e-22)
(18.2982 0.241563 -2.12564e-22)
(18.3326 0.130639 7.65723e-22)
(18.3671 0.0229334 -3.73655e-22)
(18.4019 -0.0811017 3.59986e-22)
(18.4374 -0.181074 -8.64456e-22)
(18.4737 -0.276649 4.21172e-22)
(18.5111 -0.367546 0)
(18.5499 -0.453532 1.3224e-21)
(18.5901 -0.534428 -8.56289e-22)
(18.6321 -0.610084 0)
(18.6758 -0.680404 -3.11227e-22)
(18.7216 -0.745302 2.49792e-22)
(18.7694 -0.804747 5.90823e-22)
(18.8194 -0.858678 9.39525e-23)
(18.8715 -0.907133 -1.71707e-24)
(18.9261 -0.950008 -1.00608e-22)
(18.9825 -0.987471 3.58676e-22)
(19.0423 -1.01921 -9.26383e-22)
(19.1019 -1.04577 -8.28896e-22)
(19.1689 -1.06617 0)
(19.2275 -1.08218 -6.8773e-22)
(19.31 -1.09097 8.89249e-22)
(19.3514 -1.09648 0)
(12.7965 -0.623106 0)
(14.8632 -0.413592 -2.21716e-20)
(15.6225 -1.82046 -8.53214e-21)
(15.817 -1.37996 9.45867e-21)
(17.1059 0.549585 -7.00848e-21)
(18.0239 1.68112 0)
(18.5059 1.85468 2.51906e-21)
(18.6717 1.53578 1.09799e-21)
(18.664 0.974449 0)
(18.5624 0.283914 9.24389e-21)
(18.4251 -0.482429 0)
(18.2815 -1.27458 0)
(18.1457 -2.05577 1.28767e-20)
(18.0196 -2.80424 0)
(17.9016 -3.49503 0)
(17.7899 -4.10717 -8.83266e-21)
(17.6811 -4.62933 2.86987e-21)
(17.5715 -5.05798 0)
(17.4585 -5.39466 0)
(17.34 -5.64452 0)
(17.2147 -5.81477 2.85941e-21)
(17.0828 -5.91277 0)
(16.9461 -5.94502 -5.60742e-21)
(16.8082 -5.91662 -6.97626e-21)
(16.6734 -5.83156 0)
(16.5468 -5.69329 0)
(16.4332 -5.50501 1.04276e-20)
(16.3369 -5.27031 0)
(16.2609 -4.99353 1.22664e-20)
(16.2071 -4.67993 0)
(16.1761 -4.33549 0)
(16.1675 -3.9667 1.42635e-20)
(16.1798 -3.58019 0)
(16.2109 -3.18255 0)
(16.2582 -2.78009 1.54039e-20)
(16.3187 -2.37853 0)
(16.3898 -1.9828 -1.57585e-20)
(16.4692 -1.59706 0)
(16.5546 -1.22474 0)
(16.6443 -0.868578 0)
(16.7369 -0.530737 0)
(16.8312 -0.212981 0)
(16.9264 0.0832378 0)
(17.0216 0.356812 -3.06299e-20)
(17.1165 0.607013 0)
(17.2107 0.83351 0)
(17.304 1.03634 0)
(17.3964 1.21581 1.34611e-20)
(17.4878 1.37234 0)
(17.5782 1.5064 0)
(17.6675 1.61847 -1.22112e-20)
(17.7556 1.70915 0)
(17.8422 1.77917 0)
(17.9271 1.82932 1.01472e-20)
(18.0102 1.86052 0)
(18.0911 1.87374 8.89514e-21)
(18.1698 1.87003 0)
(18.246 1.85049 0)
(18.3196 1.81628 0)
(18.3904 1.76855 6.35488e-21)
(18.4584 1.70853 0)
(18.5235 1.63746 -5.08919e-21)
(18.5858 1.55658 -1.35564e-20)
(18.6452 1.46713 -3.89782e-21)
(18.7018 1.37033 -3.41816e-21)
(18.7557 1.26738 -5.70127e-21)
(18.807 1.15942 -7.10437e-21)
(18.856 1.04757 -1.8321e-21)
(18.9028 0.932852 -4.39932e-21)
(18.9477 0.816267 1.10261e-21)
(18.9908 0.698721 -2.09822e-21)
(19.0326 0.581062 7.00116e-22)
(19.0731 0.464067 -1.12302e-22)
(19.1128 0.348445 2.58202e-22)
(19.1519 0.23484 1.20651e-21)
(19.1906 0.123826 -5.48196e-22)
(19.2293 0.0159175 2.19907e-21)
(19.2682 -0.0884361 1.72628e-21)
(19.3076 -0.188841 8.86016e-22)
(19.3477 -0.284959 1.96733e-21)
(19.3888 -0.376507 0)
(19.4311 -0.463247 -9.23672e-22)
(19.4748 -0.544993 2.72922e-21)
(19.52 -0.62159 1.7007e-21)
(19.5669 -0.692932 0)
(19.6158 -0.758926 -1.24199e-21)
(19.6665 -0.819534 5.21707e-22)
(19.7194 -0.874684 0)
(19.7743 -0.924409 0)
(19.8317 -0.968585 -1.90401e-22)
(19.8908 -1.0074 -9.92896e-22)
(19.9532 -1.04048 -5.03346e-22)
(20.0156 -1.0685 8.42311e-22)
(20.085 -1.09016 -2.14965e-21)
(20.1467 -1.10781 -2.56619e-21)
(20.2315 -1.11755 0)
(20.2761 -1.12525 0)
(15.3121 -0.595806 0)
(16.5445 -0.440993 1.0332e-19)
(16.8892 -1.81312 0)
(16.4665 -1.40713 2.60844e-20)
(17.6531 0.4869 0)
(18.6344 1.63983 0)
(19.171 1.83884 2.72223e-22)
(19.3805 1.53838 0)
(19.4127 0.988424 0)
(19.3502 0.304417 -1.04609e-20)
(19.2498 -0.45878 1.33541e-20)
(19.1385 -1.24975 0)
(19.0308 -2.03061 -1.44236e-20)
(18.9285 -2.7789 0)
(18.83 -3.46946 1.27205e-20)
(18.7341 -4.08117 9.79836e-21)
(18.6377 -4.60251 7.53648e-21)
(18.5366 -5.02995 0)
(18.428 -5.36513 9.96422e-22)
(18.31 -5.61324 0)
(18.1812 -5.78162 0)
(18.0418 -5.87789 0)
(17.8939 -5.90884 1.21999e-20)
(17.7415 -5.87982 0)
(17.5894 -5.795 0)
(17.4432 -5.65797 0)
(17.3085 -5.47193 0)
(17.1905 -5.24036 0)
(17.0928 -4.96744 0)
(17.018 -4.65821 0)
(16.9675 -4.31844 0)
(16.9414 -3.9544 3.15634e-20)
(16.9387 -3.5725 0)
(16.9575 -3.17911 0)
(16.9951 -2.78047 0)
(17.0486 -2.38222 0)
(17.1152 -1.98929 0)
(17.1922 -1.60586 0)
(17.2773 -1.23542 0)
(17.3683 -0.88074 0)
(17.4637 -0.544051 0)
(17.5619 -0.227175 0)
(17.6618 0.0683862 0)
(17.7628 0.34148 3.22534e-20)
(17.8639 0.59135 0)
(17.9648 0.817615 0)
(18.065 1.02027 0)
(18.1645 1.19959 0)
(18.2631 1.35602 2.79387e-20)
(18.3607 1.49001 0)
(18.457 1.60207 5.07293e-20)
(18.552 1.6928 0)
(18.6455 1.76295 2.28842e-20)
(18.7371 1.81333 0)
(18.8267 1.84484 2.01422e-20)
(18.9141 1.85844 0)
(18.999 1.8552 1.73482e-20)
(19.0813 1.83622 0)
(19.1608 1.80263 1.45686e-20)
(19.2374 1.75559 0)
(19.3111 1.6963 0)
(19.3818 1.626 2.11498e-20)
(19.4495 1.54592 9.33766e-21)
(19.5142 1.45728 1.62251e-20)
(19.576 1.36128 0)
(19.635 1.25912 1.17154e-20)
(19.6914 1.15191 4.85596e-21)
(19.7452 1.04076 7.69854e-21)
(19.7968 0.926683 2.98655e-21)
(19.8463 0.810664 -2.07544e-21)
(19.894 0.693599 1.40131e-21)
(19.9402 0.57633 -1.35668e-21)
(19.985 0.459625 1.15483e-22)
(20.0289 0.344187 8.39506e-23)
(20.0719 0.230652 -8.64545e-22)
(20.1146 0.119593 1.32264e-21)
(20.157 0.0115191 -1.54074e-21)
(20.1995 -0.0931195 8.07628e-23)
(20.2424 -0.193928 0)
(20.2859 -0.290567 7.90155e-23)
(20.3302 -0.38275 0)
(20.3756 -0.470233 2.07168e-21)
(20.4222 -0.552825 -1.89307e-21)
(20.4702 -0.630365 7.76737e-23)
(20.5198 -0.70274 0)
(20.5712 -0.769849 2.61083e-21)
(20.6245 -0.831645 -9.6129e-22)
(20.6797 -0.888048 6.94343e-22)
(20.7369 -0.939086 0)
(20.7965 -0.98462 8.50979e-23)
(20.8577 -1.02485 6.38146e-22)
(20.9221 -1.05935 1.12895e-21)
(20.9867 -1.08887 0)
(21.0581 -1.11197 2.18034e-21)
(21.1222 -1.13126 2.60106e-21)
(21.2087 -1.14227 0)
(21.2561 -1.15208 3.31824e-21)
(17.7521 -0.545666 6.39789e-20)
(18.4304 -0.433905 -1.20229e-19)
(18.5103 -1.75905 0)
(17.3227 -1.40421 1.21553e-21)
(18.2986 0.421306 0)
(19.3261 1.59141 1.30756e-20)
(19.9251 1.82015 -3.71792e-21)
(20.19 1.54146 0)
(20.272 1.00479 0)
(20.2556 0.328425 0)
(20.1975 -0.430794 -3.07496e-20)
(20.1215 -1.21992 0)
(20.0437 -1.99992 1.75615e-20)
(19.9659 -2.7475 0)
(19.8869 -3.43733 -1.42917e-20)
(19.806 -4.04814 -1.21091e-20)
(19.7207 -4.56816 -8.40717e-21)
(19.6269 -4.9938 0)
(19.5213 -5.32678 -1.10379e-21)
(19.4023 -5.57243 0)
(19.2684 -5.73821 0)
(19.1201 -5.83201 9.86274e-21)
(18.9596 -5.86098 0)
(18.7912 -5.83079 0)
(18.6203 -5.74579 -1.95814e-20)
(18.4529 -5.60978 0)
(18.2953 -5.42598 0)
(18.1535 -5.19776 0)
(18.0318 -4.92911 -2.94443e-20)
(17.9335 -4.62485 0)
(17.8607 -4.29051 0)
(17.8141 -3.93211 -3.37324e-20)
(17.7933 -3.55576 -3.53785e-20)
(17.7965 -3.16764 0)
(17.8213 -2.7738 0)
(17.865 -2.37979 -3.737e-20)
(17.9244 -1.99051 3.76303e-20)
(17.9967 -1.61016 0)
(18.0794 -1.24226 0)
(18.17 -0.889638 -3.73946e-20)
(18.2667 -0.554577 0)
(18.3676 -0.238976 0)
(18.4716 0.0555992 0)
(18.5775 0.327954 -3.50707e-20)
(18.6844 0.5773 0)
(18.7916 0.803203 0)
(18.8985 1.00559 -3.20474e-20)
(19.0049 1.18472 -3.08689e-20)
(19.1106 1.34103 -5.89069e-20)
(19.2152 1.47498 0)
(19.3186 1.58706 -5.36234e-20)
(19.4205 1.67788 0)
(19.5208 1.74822 -2.38898e-20)
(19.6191 1.79889 0)
(19.7153 1.83079 -2.09877e-20)
(19.809 1.84486 -1.96312e-20)
(19.9002 1.84218 -1.80439e-20)
(19.9886 1.82385 0)
(20.0741 1.79099 -1.51267e-20)
(20.1565 1.74474 -1.37278e-20)
(20.2358 1.68628 0)
(20.312 1.61686 -3.46853e-25)
(20.385 1.53767 -9.61648e-21)
(20.455 1.44994 -8.36566e-21)
(20.5219 1.35485 0)
(20.5858 1.25357 -3.62677e-23)
(20.647 1.14721 -4.89641e-21)
(20.7056 1.03685 -3.92998e-21)
(20.7618 0.923506 0)
(20.8158 0.808139 4.22477e-21)
(20.8678 0.691639 -1.30597e-21)
(20.9181 0.574838 1.25805e-21)
(20.967 0.458495 -1.83818e-23)
(21.0147 0.343308 -5.09905e-22)
(21.0616 0.229905 1.02184e-21)
(21.1078 0.118855 -1.35537e-21)
(21.1537 0.0106639 0)
(21.1996 -0.0942168 -1.89246e-21)
(21.2456 -0.195393 0)
(21.2921 -0.292522 -2.13819e-21)
(21.3393 -0.385316 0)
(21.3873 -0.473526 -2.11499e-21)
(21.4365 -0.556954 0)
(21.487 -0.635436 -3.74914e-21)
(21.5389 -0.708849 0)
(21.5925 -0.777088 -1.36952e-21)
(21.6478 -0.840095 1.11578e-21)
(21.705 -0.897784 -1.4718e-21)
(21.764 -0.950174 0)
(21.8253 -0.997121 1.10252e-22)
(21.8883 -1.03882 -4.89998e-22)
(21.9543 -1.07483 9.76794e-22)
(22.0206 -1.10593 0)
(22.0933 -1.1306 0)
(22.1595 -1.15158 0)
(22.2472 -1.16411 0)
(22.2969 -1.17604 -6.61814e-21)
(19.9105 -0.494364 -6.49104e-20)
(20.3338 -0.404201 1.97817e-19)
(20.4133 -1.64694 0)
(18.4617 -1.34935 -4.53239e-20)
(19.0815 0.360762 6.10651e-20)
(20.1159 1.53561 -1.57377e-20)
(20.7795 1.7973 0)
(21.1097 1.54414 0)
(21.251 1.02322 1.95325e-20)
(21.2877 0.35605 2.94959e-20)
(21.2769 -0.397962 -1.83962e-20)
(21.2395 -1.18423 -3.98749e-20)
(21.1936 -1.96256 2.07944e-20)
(21.141 -2.70867 0)
(21.0811 -3.39705 -3.43631e-20)
(21.0138 -4.00631 4.17703e-20)
(20.9376 -4.52437 0)
(20.8487 -4.94746 1.21235e-20)
(20.7437 -5.27747 -3.42077e-21)
(20.6211 -5.51982 0)
(20.4799 -5.68214 1.37612e-20)
(20.3206 -5.77265 1.09404e-20)
(20.1457 -5.79888 0)
(19.9596 -5.76687 0)
(19.7684 -5.68122 2.13642e-20)
(19.5783 -5.54591 4.91918e-20)
(19.3963 -5.36429 5.47573e-20)
(19.2289 -5.13959 5.98001e-20)
(19.0812 -4.87561 3.17627e-20)
(18.9573 -4.57692 -6.82586e-20)
(18.8597 -4.24882 7.16595e-20)
(18.7899 -3.89702 7.4516e-20)
(18.7479 -3.52732 1.14752e-19)
(18.7325 -3.1456 7.86733e-20)
(18.7416 -2.75769 0)
(18.7723 -2.36904 1.20761e-19)
(18.8216 -1.98446 -4.01004e-20)
(18.8867 -1.60814 8.13965e-20)
(18.9646 -1.24364 8.10967e-20)
(19.0528 -0.893829 1.20147e-19)
(19.149 -0.561041 0)
(19.2512 -0.247255 7.82518e-20)
(19.3579 0.0458765 7.67213e-20)
(19.4678 0.317117 3.70145e-20)
(19.5798 0.565651 7.29196e-20)
(19.6927 0.790997 7.06311e-20)
(19.8059 0.992989 3.37119e-20)
(19.919 1.17183 9.79658e-20)
(20.0315 1.32798 9.3854e-20)
(20.1431 1.46188 5.98896e-20)
(20.2534 1.574 8.5109e-20)
(20.3623 1.66496 5.38345e-20)
(20.4694 1.73553 0)
(20.5745 1.78657 4.75281e-20)
(20.6772 1.81894 4.4326e-20)
(20.7774 1.83358 2.04434e-20)
(20.8749 1.83155 3.79218e-20)
(20.9695 1.81398 0)
(21.061 1.78197 3.16339e-20)
(21.1492 1.73662 4.28179e-20)
(21.2342 1.67911 -2.5596e-20)
(21.316 1.61068 -3.40422e-20)
(21.3944 1.53252 -9.97712e-21)
(21.4695 1.44582 0)
(21.5415 1.35175 1.47318e-20)
(21.6104 1.25146 -1.85085e-20)
(21.6764 1.14606 5.05084e-21)
(21.7397 1.0366 0)
(21.8003 0.924096 0)
(21.8587 0.809484 -2.14886e-21)
(21.9149 0.693649 1.3432e-21)
(21.9693 0.57741 -6.20326e-22)
(22.0221 0.461518 1.88655e-23)
(22.0736 0.346663 0)
(22.124 0.233467 1.07002e-21)
(22.1737 0.122495 0)
(22.2229 0.0142516 3.52323e-21)
(22.2719 -0.090814 0)
(22.3209 -0.192307 0)
(22.3702 -0.289883 4.4917e-21)
(22.42 -0.383251 -4.53339e-21)
(22.4706 -0.472159 0)
(22.5221 -0.556403 4.23594e-21)
(22.5747 -0.635814 1.93599e-21)
(22.6287 -0.710261 0)
(22.6842 -0.779632 0)
(22.7412 -0.843863 1.1937e-21)
(22.8001 -0.902861 7.78167e-22)
(22.8607 -0.956634 0)
(22.9234 -1.00504 0)
(22.9877 -1.04826 -3.99332e-22)
(23.055 -1.08587 -9.90581e-22)
(23.1227 -1.11859 -2.82561e-21)
(23.1964 -1.14499 0)
(23.2642 -1.16769 -4.81415e-21)
(23.3525 -1.18199 -6.28744e-21)
(23.4042 -1.19606 3.29811e-21)
(21.7051 -0.455961 1.28858e-19)
(22.062 -0.374552 -1.32477e-19)
(22.3352 -1.48525 1.08587e-19)
(19.9417 -1.2223 0)
(20.0552 0.320344 -1.55685e-19)
(21.0286 1.47427 4.0816e-20)
(21.7481 1.76904 1.30391e-20)
(22.1497 1.54518 7.08696e-21)
(22.3585 1.04305 -4.54861e-20)
(22.455 0.387187 -6.85763e-20)
(22.4967 -0.359888 8.40029e-20)
(22.5012 -1.14184 -2.7912e-22)
(22.4894 -1.91731 -9.43912e-20)
(22.463 -2.66081 4.49677e-20)
(22.4217 -3.34667 -3.27841e-22)
(22.3661 -3.95346 -6.45021e-20)
(22.2962 -4.46872 0)
(22.2092 -4.88835 -1.37584e-20)
(22.1012 -5.21442 3.8619e-21)
(21.9713 -5.45257 5.98321e-21)
(21.8193 -5.61055 -3.09234e-20)
(21.646 -5.69688 -2.43407e-20)
(21.4541 -5.71953 3.29971e-20)
(21.2484 -5.68502 -4.0793e-20)
(21.0352 -5.59819 4.79406e-20)
(20.8211 -5.46323 5.37698e-22)
(20.6133 -5.28368 -5.98214e-20)
(20.419 -5.06265 6.82889e-22)
(20.2439 -4.80371 7.05693e-20)
(20.0925 -4.51122 -8.07813e-22)
(19.968 -4.1902 8.59322e-22)
(19.8727 -3.84602 9.03556e-22)
(19.807 -3.48413 -8.27051e-20)
(19.7702 -3.11007 9.70068e-22)
(19.7604 -2.72941 8.67957e-20)
(19.7751 -2.34742 -8.66085e-20)
(19.8115 -1.96879 0)
(19.8664 -1.59768 9.95186e-22)
(19.9369 -1.23766 9.80158e-22)
(20.0203 -0.891617 -1.72192e-19)
(20.114 -0.561938 8.54021e-20)
(20.2157 -0.250683 8.91857e-22)
(20.3236 0.0403968 -1.63377e-19)
(20.4362 0.310005 8.00622e-20)
(20.5521 0.557313 7.53536e-22)
(20.67 0.78179 -7.45327e-20)
(20.7889 0.983174 7.24639e-20)
(20.9082 1.16159 5.94322e-22)
(21.0273 1.31747 -6.59564e-20)
(21.1456 1.45129 4.90878e-22)
(21.2628 1.56346 4.40445e-22)
(21.3785 1.65456 -5.63484e-20)
(21.4925 1.72542 5.3357e-20)
(21.6044 1.7769 3.05907e-22)
(21.7138 1.80984 -4.6237e-20)
(21.8206 1.82513 4.30757e-20)
(21.9245 1.82387 1.99487e-22)
(22.0254 1.80718 3.63115e-20)
(22.123 1.77615 -6.58704e-20)
(22.2172 1.73184 1.25219e-22)
(22.308 1.67543 2.65389e-20)
(22.3954 1.60813 4.71421e-20)
(22.4793 1.53113 2.06253e-20)
(22.5597 1.44559 0)
(22.6369 1.35268 6.69519e-23)
(22.7108 1.25352 1.27348e-20)
(22.7817 1.14922 -1.04642e-20)
(22.8496 1.0408 8.2937e-21)
(22.9148 0.929257 0)
(22.9775 0.815524 0)
(23.038 0.700472 0)
(23.0964 0.584907 0)
(23.1531 0.469573 0)
(23.2083 0.35515 -1.13732e-21)
(23.2624 0.242255 -2.1687e-21)
(23.3154 0.131449 0)
(23.3679 0.0232333 -3.60417e-21)
(23.4199 -0.0819431 0)
(23.4718 -0.183686 0)
(23.5238 -0.28165 -4.58607e-21)
(23.5762 -0.375541 4.62578e-21)
(23.6292 -0.465105 0)
(23.6829 -0.550131 -4.31701e-21)
(23.7376 -0.630444 -3.95113e-21)
(23.7935 -0.705907 -3.51826e-21)
(23.8508 -0.776401 0)
(23.9094 -0.841853 -2.36757e-21)
(23.9697 -0.902169 0)
(24.0317 -0.957346 8.81065e-22)
(24.0956 -1.00725 -3.38969e-23)
(24.1612 -1.05203 9.09492e-22)
(24.2294 -1.0913 0)
(24.2983 -1.12571 2.86317e-21)
(24.3727 -1.15394 0)
(24.4418 -1.17845 4.87252e-21)
(24.5304 -1.19468 6.35983e-21)
(24.5838 -1.21095 -6.37747e-21)
(23.1919 -0.43252 -1.19683e-19)
(23.5456 -0.35907 0)
(23.9642 -1.30783 -1.12472e-19)
(21.7304 -1.01972 0)
(21.2808 0.322262 2.02512e-19)
(22.099 1.41355 -5.07532e-20)
(22.8487 1.73496 -1.58547e-20)
(23.321 1.54313 -1.60925e-20)
(23.6032 1.06321 2.67701e-20)
(23.765 0.42135 5.4014e-22)
(23.8637 -0.316477 -4.91078e-20)
(23.9138 -1.09211 5.38416e-20)
(23.9384 -1.86305 2.47506e-22)
(23.9395 -2.60227 -5.21997e-20)
(23.9164 -3.28403 4.60545e-20)
(23.8707 -3.88697 3.74687e-20)
(23.8038 -4.3983 0)
(23.7145 -4.81333 0)
(23.5992 -5.13428 0)
(23.4571 -5.36717 -6.81267e-21)
(23.2896 -5.51985 3.55214e-20)
(23.098 -5.60115 2.80536e-20)
(22.8858 -5.61945 4.55051e-22)
(22.6579 -5.58176 4.55058e-20)
(22.4209 -5.49324 5.36834e-22)
(22.1814 -5.3583 -6.03481e-20)
(21.9469 -5.18067 6.72543e-20)
(21.7248 -4.96342 -7.22603e-20)
(21.5213 -4.7099 6.90697e-22)
(21.3413 -4.42421 1.63764e-19)
(21.1886 -4.11112 7.55344e-22)
(21.0659 -3.77566 7.82581e-22)
(20.9744 -3.42283 9.13214e-20)
(20.9137 -3.05778 8.20927e-22)
(20.8823 -2.68581 8.3136e-22)
(20.8781 -2.31196 9.50576e-20)
(20.8985 -1.94075 0)
(20.9403 -1.57625 -9.41501e-20)
(21.0007 -1.222 -9.34712e-20)
(21.0767 -0.880927 1.85627e-19)
(21.1654 -0.555429 7.68032e-22)
(21.2645 -0.247638 7.3737e-22)
(21.3718 0.040591 1.75107e-19)
(21.4855 0.307885 6.65703e-22)
(21.6039 0.553398 6.2652e-22)
(21.7256 0.77655 8.01186e-20)
(21.8492 0.976975 5.40663e-22)
(21.974 1.15471 -7.3315e-20)
(22.0992 1.31017 7.04499e-20)
(22.2239 1.44383 4.17864e-22)
(22.3477 1.55601 3.79369e-22)
(22.4702 1.64726 5.9814e-20)
(22.591 1.71842 3.11269e-22)
(22.7097 1.77041 -5.22068e-20)
(22.8259 1.804 0)
(22.9393 1.82006 2.29205e-22)
(23.0498 1.81968 2.08555e-22)
(23.1571 1.80399 1.91046e-22)
(23.261 1.77409 6.88024e-20)
(23.3614 1.73099 1.63964e-22)
(23.4582 1.67581 0)
(23.5514 1.60981 -2.44772e-20)
(23.641 1.53413 0)
(23.727 1.44993 0)
(23.8094 1.35834 -1.58003e-20)
(23.8885 1.26048 0)
(23.9644 1.15742 1.07965e-20)
(24.0372 1.05019 -8.54954e-21)
(24.1071 0.939769 0)
(24.1743 0.827062 0)
(24.2391 0.712932 0)
(24.3018 0.598177 0)
(24.3625 0.483527 0)
(24.4215 0.369657 1.16571e-21)
(24.4792 0.257179 0)
(24.5358 0.146647 0)
(24.5915 0.0385614 0)
(24.6467 -0.0666318 0)
(24.7016 -0.168538 0)
(24.7564 -0.266812 0)
(24.8113 -0.361155 4.5234e-21)
(24.8667 -0.451311 0)
(24.9227 -0.537064 0)
(24.9795 -0.618233 4.02386e-21)
(25.0372 -0.694674 3.5809e-21)
(25.0962 -0.766265 0)
(25.1564 -0.832923 0)
(25.2181 -0.894553 0)
(25.2814 -0.951139 -8.94755e-22)
(25.3465 -1.00256 3.44051e-23)
(25.4131 -1.04892 0)
(25.4823 -1.0899 0)
(25.5521 -1.12607 0)
(25.6271 -1.15622 0)
(25.6974 -1.18258 0)
(25.786 -1.2009 0)
(25.8411 -1.21943 6.44902e-21)
(24.4806 -0.419028 0)
(24.8416 -0.353607 1.25159e-19)
(25.2199 -1.14883 -1.18243e-19)
(23.6125 -0.772212 1.87597e-19)
(22.7993 0.386135 -1.31072e-19)
(23.3701 1.36622 -6.57243e-20)
(24.104 1.69692 0)
(24.6357 1.53675 9.22031e-21)
(24.9922 1.08219 0)
(25.2228 0.457528 4.70859e-20)
(25.382 -0.268142 0)
(25.4807 -1.03481 0)
(25.5442 -1.79898 1.27445e-19)
(25.5743 -2.5316 0)
(25.569 -3.20698 0)
(25.5317 -3.80405 4.25292e-20)
(25.4641 -4.30977 0)
(25.3678 -4.71875 0)
(25.2399 -5.03307 4.02282e-21)
(25.08 -5.25938 0)
(24.8911 -5.40576 -2.05545e-20)
(24.6761 -5.48121 -3.19303e-20)
(24.4393 -5.49448 -4.23126e-20)
(24.186 -5.45311 0)
(23.9228 -5.36252 -6.02802e-20)
(23.6566 -5.22734 6.8544e-20)
(23.3948 -5.05157 -7.48513e-20)
(23.1446 -4.83825 0)
(22.9126 -4.5905 -1.72717e-19)
(22.7039 -4.3122 -9.04865e-20)
(22.5225 -4.00785 -9.41884e-20)
(22.3714 -3.68216 -1.94952e-19)
(22.2526 -3.33968 -9.94766e-20)
(22.1662 -2.98511 -1.01167e-19)
(22.1112 -2.62337 -1.02251e-19)
(22.0856 -2.25928 -1.02771e-19)
(22.0872 -1.89715 1.03374e-19)
(22.1132 -1.5409 0)
(22.1605 -1.19397 0)
(22.2262 -0.859286 -9.98871e-20)
(22.3074 -0.539283 -9.81546e-20)
(22.4014 -0.236139 -9.60656e-20)
(22.5058 0.0482139 -9.36535e-20)
(22.6186 0.312316 -9.09715e-20)
(22.7378 0.555273 -8.80436e-20)
(22.8617 0.776475 -8.48936e-20)
(22.9888 0.975446 -8.15413e-20)
(23.118 1.1521 0)
(23.2484 1.30683 -7.43201e-20)
(23.3791 1.44014 -7.05436e-20)
(23.5091 1.55225 -6.66928e-20)
(23.638 1.64359 -6.2801e-20)
(23.7655 1.71504 -5.8882e-20)
(23.891 1.76757 0)
(24.0139 1.80191 0)
(24.134 1.81883 -4.71554e-20)
(24.2512 1.81943 -4.33256e-20)
(24.3652 1.80488 -7.93428e-20)
(24.4756 1.77628 -3.58896e-20)
(24.5824 1.73455 -3.23166e-20)
(24.6854 1.68079 0)
(24.7847 1.61627 0)
(24.8802 1.54211 0)
(24.9719 1.45942 0)
(25.06 1.36934 0)
(25.1446 1.27296 0)
(25.2257 1.17134 0)
(25.3036 1.06549 9.21777e-21)
(25.3784 0.956352 0)
(25.4504 0.844841 0)
(25.5198 0.731799 0)
(25.5868 0.618009 0)
(25.6517 0.504197 0)
(25.7149 0.391027 0)
(25.7764 0.279105 0)
(25.8367 0.168981 0)
(25.8959 0.0611497 0)
(25.9544 -0.0439431 -3.76751e-21)
(26.0124 -0.145904 0)
(26.0701 -0.244386 0)
(26.1278 -0.339089 -8.98337e-21)
(26.1857 -0.429752 0)
(26.244 -0.516155 0)
(26.3029 -0.598114 -3.76923e-21)
(26.3627 -0.675477 0)
(26.4234 -0.748117 0)
(26.4853 -0.815945 0)
(26.5485 -0.878864 -1.50879e-21)
(26.6131 -0.936846 -7.4253e-22)
(26.6793 -0.989777 0)
(26.747 -1.03774 0)
(26.8171 -1.08046 0)
(26.8879 -1.11841 0)
(26.9634 -1.15054 3.89935e-21)
(27.0347 -1.17884 0)
(27.1233 -1.19934 0)
(27.18 -1.22019 0)
(25.6597 -0.409505 2.12746e-19)
(26.0249 -0.347113 -1.15528e-19)
(26.2622 -1.01492 1.10396e-19)
(25.2689 -0.540155 -1.99187e-19)
(24.5565 0.506981 -3.12321e-19)
(24.8745 1.34923 2.48157e-19)
(25.538 1.66088 0)
(26.105 1.52584 -1.51996e-20)
(26.5293 1.0982 0)
(26.8286 0.494082 -1.04682e-19)
(27.0488 -0.216013 -1.28182e-19)
(27.198 -0.970533 0)
(27.3022 -1.72496 -7.44242e-20)
(27.3611 -2.44789 0)
(27.3734 -3.11384 0)
(27.3432 -3.7021 -1.46129e-19)
(27.2717 -4.19965 0)
(27.1625 -4.6006 -3.74456e-20)
(27.0166 -4.90643 1.8761e-21)
(26.8328 -5.1245 2.33645e-20)
(26.6164 -5.26343 5.13128e-20)
(26.3722 -5.33227 0)
(26.1063 -5.34012 0)
(25.8248 -5.29475 0)
(25.5334 -5.20183 1.38813e-19)
(25.2391 -5.06638 -7.69346e-20)
(24.9497 -4.89255 0)
(24.672 -4.68341 0)
(24.4124 -4.44191 9.63681e-20)
(24.1759 -4.17158 2.03271e-19)
(23.9665 -3.87671 0)
(23.7876 -3.5618 1.07737e-19)
(23.6414 -3.23093 2.20523e-19)
(23.5286 -2.88828 0)
(23.4487 -2.5384 0)
(23.4002 -2.18578 0)
(23.3811 -1.83448 -1.12147e-19)
(23.3886 -1.48823 2.23246e-19)
(23.4202 -1.15037 0)
(23.4729 -0.823771 2.16998e-19)
(23.5437 -0.510841 0)
(23.63 -0.2138 0)
(23.7292 0.0653728 2.02054e-19)
(23.8388 0.325172 0)
(23.9567 0.564619 0)
(24.0809 0.783028 0)
(24.2099 0.979842 0)
(24.3421 1.15486 1.66594e-19)
(24.4765 1.30843 0)
(24.6119 1.44103 1.5016e-19)
(24.7475 1.55281 0)
(24.8824 1.6441 0)
(25.0162 1.7158 1.24705e-19)
(25.1482 1.76887 0)
(25.2779 1.80399 1.07848e-19)
(25.4047 1.82185 0)
(25.5287 1.82352 0)
(25.6494 1.81025 1.24981e-19)
(25.7665 1.7831 0)
(25.8799 1.74293 6.82167e-20)
(25.9894 1.69077 -6.0991e-20)
(26.0951 1.62792 5.40626e-20)
(26.1968 1.5555 0)
(26.2946 1.47454 0)
(26.3886 1.38618 3.52571e-20)
(26.4788 1.29149 0)
(26.5655 1.19152 2.45271e-20)
(26.6488 1.08724 -9.50235e-21)
(26.7289 0.979604 0)
(26.8059 0.869486 1.13529e-20)
(26.8802 0.757721 7.75341e-21)
(26.952 0.645085 4.54606e-21)
(27.0215 0.532291 0)
(27.0889 0.419996 0)
(27.1546 0.308798 -2.79047e-21)
(27.2188 0.199241 0)
(27.2818 0.0918168 -5.87465e-21)
(27.3438 -0.0130324 3.85416e-21)
(27.4051 -0.114913 0)
(27.466 -0.213476 -8.04945e-21)
(27.5266 -0.30842 4.45986e-21)
(27.5872 -0.39948 -8.04628e-21)
(27.6481 -0.486432 0)
(27.7094 -0.569087 3.84232e-21)
(27.7713 -0.647289 6.20645e-21)
(27.834 -0.720909 0)
(27.8977 -0.789849 -3.96772e-21)
(27.9625 -0.854011 1.53495e-21)
(28.0285 -0.913354 7.55046e-22)
(28.096 -0.967776 0)
(28.1649 -1.01734 2.28076e-21)
(28.2359 -1.0618 4.12392e-21)
(28.3077 -1.10154 0)
(28.3837 -1.1357 -3.95633e-21)
(28.4562 -1.166 9.78937e-21)
(28.5446 -1.18875 0)
(28.6032 -1.21196 0)
(26.7834 -0.399291 -1.94371e-19)
(27.1347 -0.334618 0)
(27.2579 -0.889994 -2.18416e-19)
(26.6036 -0.364151 0)
(26.3221 0.633102 1.6708e-20)
(26.5754 1.36604 -2.01018e-19)
(27.1553 1.63546 0)
(27.7298 1.51204 1.85066e-20)
(28.2074 1.10944 -7.40127e-20)
(28.5707 0.528592 7.6783e-21)
(28.8484 -0.162278 2.95568e-19)
(29.0469 -0.900992 0)
(29.1903 -1.64195 1.61812e-19)
(29.275 -2.35141 0)
(29.3033 -3.00412 0)
(29.2776 -3.57972 2.19049e-19)
(29.1992 -4.06533 0)
(29.0715 -4.45538 8.2551e-20)
(28.901 -4.75049 -7.55808e-21)
(28.6883 -4.95822 -5.81677e-20)
(28.4394 -5.0882 -5.95556e-20)
(28.1617 -5.14992 0)
(27.8645 -5.15213 -1.16681e-19)
(27.5528 -5.10255 0)
(27.2327 -5.00731 -1.57528e-19)
(26.9113 -4.87181 -1.7614e-19)
(26.5959 -4.70025 0)
(26.2928 -4.49569 0)
(26.008 -4.26088 -2.15892e-19)
(25.7461 -3.99908 -2.25218e-19)
(25.5113 -3.7145 0)
(25.307 -3.41134 0)
(25.1354 -3.09322 -2.44292e-19)
(24.9974 -2.76382 0)
(24.8929 -2.42731 0)
(24.8212 -2.0878 0)
(24.7802 -1.7491 0)
(24.7679 -1.41472 -2.42976e-19)
(24.7817 -1.08787 0)
(24.8192 -0.771235 -4.69757e-19)
(24.8775 -0.467189 0)
(24.9536 -0.177905 0)
(25.0449 0.0945951 -2.17077e-19)
(25.1488 0.348716 0)
(25.2631 0.583419 0)
(25.3856 0.797966 0)
(25.5145 0.991697 0)
(25.6481 1.16431 -1.77009e-19)
(25.7848 1.31609 0)
(25.9237 1.44747 -1.59067e-19)
(26.0636 1.55856 0)
(26.2036 1.64951 0)
(26.3429 1.72118 -1.31399e-19)
(26.481 1.77465 0)
(26.6171 1.81057 -1.13251e-19)
(26.7505 1.82944 0)
(26.8811 1.83225 -9.61948e-20)
(27.0086 1.82035 -8.72827e-20)
(27.1325 1.79482 0)
(27.2526 1.75637 -7.11411e-20)
(27.3688 1.70599 6.35128e-20)
(27.4811 1.64503 -1.13165e-19)
(27.5893 1.57457 5.00534e-20)
(27.6935 1.49557 -4.35299e-20)
(27.7937 1.40916 -3.65088e-20)
(27.8901 1.31641 -3.16405e-20)
(27.9827 1.21832 -2.53389e-20)
(28.0718 1.11586 0)
(28.1574 1.00994 0)
(28.2399 0.901445 -2.44526e-20)
(28.3194 0.79118 -7.98159e-21)
(28.3962 0.679914 -1.04507e-20)
(28.4706 0.568351 2.88351e-21)
(28.5427 0.457137 3.80376e-22)
(28.6128 0.346862 2.86381e-21)
(28.6813 0.238063 3.50662e-21)
(28.7483 0.131227 6.02081e-21)
(28.8142 0.0267943 5.98934e-21)
(28.8791 -0.074842 -6.74141e-21)
(28.9434 -0.173333 1.54233e-20)
(29.0072 -0.268373 0)
(29.0708 -0.359694 1.54619e-20)
(29.1345 -0.447069 0)
(29.1983 -0.530305 0)
(29.2626 -0.609242 -6.33211e-21)
(29.3275 -0.683745 4.47509e-21)
(29.3931 -0.753711 4.04429e-21)
(29.4597 -0.819042 1.95631e-21)
(29.5274 -0.879686 -4.79199e-22)
(29.5963 -0.93555 -1.1225e-21)
(29.6665 -0.986671 -2.32089e-21)
(29.7385 -1.03285 -8.81302e-21)
(29.8114 -1.07441 0)
(29.8881 -1.11059 -8.41265e-21)
(29.9617 -1.14294 2.16018e-22)
(30.05 -1.16799 1.25423e-20)
(30.1105 -1.19359 0)
(27.8776 -0.384907 0)
(28.1933 -0.317061 0)
(28.2668 -0.758797 4.09149e-19)
(27.7717 -0.239074 0)
(27.8448 0.697318 2.16507e-20)
(28.2832 1.37686 2.08424e-19)
(28.878 1.61518 0)
(29.467 1.49499 8.10345e-21)
(29.9866 1.11295 9.74911e-21)
(30.4075 0.556917 1.14162e-20)
(30.7354 -0.111032 -1.67958e-19)
(30.9776 -0.829933 -1.71925e-19)
(31.1523 -1.55296 -1.87025e-19)
(31.2553 -2.24457 0)
(31.2923 -2.87975 -1.42542e-19)
(31.264 -3.43819 -1.22321e-19)
(31.1735 -3.90709 0)
(31.0229 -4.282 -4.45317e-20)
(30.8218 -4.56368 0)
(30.5776 -4.75883 3.55947e-20)
(30.2962 -4.87818 0)
(29.987 -4.93195 0)
(29.6608 -4.92818 -2.39302e-21)
(29.322 -4.87451 1.59868e-19)
(28.9781 -4.77728 -1.81054e-19)
(28.6357 -4.64203 -7.68589e-22)
(28.3007 -4.47308 2.15143e-19)
(27.9785 -4.27338 -2.28701e-19)
(27.6744 -4.04561 2.40424e-19)
(27.3931 -3.79286 0)
(27.1384 -3.51917 0)
(26.9137 -3.22845 0)
(26.7209 -2.92394 2.67787e-19)
(26.5613 -2.60894 0)
(26.4351 -2.28719 -2.71783e-19)
(26.3418 -1.96238 0)
(26.2798 -1.6379 0)
(26.2477 -1.31713 -2.65376e-19)
(26.2434 -1.00312 0)
(26.2646 -0.698386 8.41514e-22)
(26.3085 -0.405104 0)
(26.3726 -0.125405 2.41504e-19)
(26.4538 0.138655 0)
(26.5497 0.385442 0)
(26.6583 0.613901 2.16797e-19)
(26.777 0.823272 0)
(26.9038 1.01285 0)
(27.0366 1.18214 1.88703e-19)
(27.1741 1.33131 0)
(27.3147 1.46072 0)
(27.4575 1.57045 1.59168e-19)
(27.6012 1.66059 0)
(27.745 1.73194 -1.39341e-19)
(27.8881 1.78556 0)
(28.0297 1.82202 0)
(28.1693 1.84173 -1.10543e-19)
(28.3063 1.84567 1.00927e-19)
(28.4404 1.83528 -9.2545e-20)
(28.571 1.81149 0)
(28.6978 1.77489 0)
(28.8209 1.72646 0)
(28.94 1.66761 1.19491e-19)
(29.0549 1.59934 -5.20342e-20)
(29.1656 1.52254 9.14477e-20)
(29.2724 1.43833 3.99028e-20)
(29.3751 1.34776 3.27788e-20)
(29.474 1.2518 2.84712e-20)
(29.5692 1.15141 2.34001e-20)
(29.6608 1.04749 0)
(29.749 0.940863 2.77115e-20)
(29.8341 0.832351 0)
(29.9163 0.722703 5.95003e-21)
(29.9958 0.612615 1.44974e-21)
(30.073 0.502721 -3.91335e-22)
(30.1479 0.393601 3.34575e-22)
(30.2209 0.285784 -3.60263e-21)
(30.2923 0.179751 -3.60446e-21)
(30.3622 0.0759401 -6.14547e-21)
(30.4311 -0.0252565 6.91301e-21)
(30.499 -0.123489 -7.36781e-21)
(30.5663 -0.218449 0)
(30.6332 -0.309866 -1.35317e-20)
(30.6998 -0.397508 5.79354e-21)
(30.7665 -0.48118 0)
(30.8333 -0.560715 -4.46251e-21)
(30.9005 -0.635977 -4.57307e-21)
(30.9683 -0.706855 -2.35315e-21)
(31.0368 -0.773254 -3.05125e-21)
(31.1062 -0.835112 1.06767e-22)
(31.1767 -0.892344 3.08516e-21)
(31.2483 -0.94497 3.59135e-21)
(31.3215 -0.992824 4.70909e-21)
(31.3955 -1.03617 7.11394e-21)
(31.4729 -1.07436 1.75905e-20)
(31.5477 -1.1088 -1.03544e-20)
(31.6358 -1.13615 -1.27748e-20)
(31.6986 -1.16416 1.3829e-20)
(28.9529 -0.364528 0)
(29.2226 -0.295576 0)
(29.2864 -0.621055 3.45281e-21)
(28.9156 -0.141792 0)
(29.1352 0.688526 5.73525e-19)
(29.7605 1.31946 -2.0931e-19)
(30.4863 1.55533 0)
(31.1612 1.45238 -8.92929e-21)
(31.7427 1.09532 1.61912e-19)
(32.2259 0.568259 1.42907e-19)
(32.5999 -0.0709415 -1.59669e-19)
(32.8763 -0.764746 3.70269e-19)
(33.0696 -1.46433 0)
(33.1766 -2.13291 0)
(33.2067 -2.74586 1.58991e-19)
(33.1617 -3.2827 0)
(33.0485 -3.73043 0)
(32.8712 -4.08544 -3.14153e-20)
(32.6384 -4.35053 -1.1128e-20)
(32.3657 -4.53175 5.1882e-20)
(32.0617 -4.63918 -9.00466e-20)
(31.7347 -4.68363 0)
(31.3914 -4.67368 3.08872e-19)
(31.0409 -4.61608 -1.80711e-19)
(30.6892 -4.51695 -8.08184e-22)
(30.3418 -4.38161 2.24884e-19)
(30.0019 -4.2145 -3.10803e-22)
(29.6743 -4.01909 2.57032e-19)
(29.364 -3.79808 0)
(29.0755 -3.55435 0)
(28.8122 -3.29171 2.86311e-19)
(28.577 -3.01371 -2.92121e-19)
(28.3717 -2.72316 -5.94214e-19)
(28.1977 -2.42302 -2.98337e-19)
(28.0557 -2.11669 6.00156e-19)
(27.9454 -1.80751 -2.98094e-19)
(27.8664 -1.49864 2.95791e-19)
(27.8174 -1.19313 2.15923e-21)
(27.7966 -0.893723 2.87458e-19)
(27.8021 -0.60272 2.01419e-21)
(27.8315 -0.322095 -2.74866e-19)
(27.8824 -0.0537815 -2.68008e-19)
(27.9523 0.200082 0)
(28.039 0.437809 0)
(28.14 0.658396 -4.75713e-19)
(28.2531 0.861119 -2.26792e-19)
(28.3758 1.04517 2.16082e-19)
(28.5061 1.20995 -4.11234e-19)
(28.6425 1.35545 -1.94255e-19)
(28.7835 1.48203 -1.83346e-19)
(28.9277 1.58975 -4.11007e-22)
(29.0737 1.67851 -1.61293e-19)
(29.2204 1.74895 9.47967e-23)
(29.3672 1.80219 -1.39887e-19)
(29.5132 1.83883 1.29426e-19)
(29.6579 1.85914 -3.81184e-22)
(29.8005 1.86404 0)
(29.9405 1.85493 -6.51114e-22)
(30.0774 1.8328 9.05047e-20)
(30.2109 1.79813 -8.16452e-20)
(30.3408 1.75184 0)
(30.4665 1.69532 -6.40324e-20)
(30.5882 1.62945 0)
(30.7057 1.55503 -4.90756e-20)
(30.8191 1.47324 -4.22884e-20)
(30.9285 1.3851 0)
(31.0338 1.29153 -3.01096e-20)
(31.1353 1.19349 -2.47224e-20)
(31.2331 1.09182 0)
(31.3274 0.987346 1.83298e-21)
(31.4183 0.880856 -1.32086e-20)
(31.5062 0.773094 9.67989e-21)
(31.5912 0.664747 -4.64822e-21)
(31.6735 0.556437 0)
(31.7535 0.448729 -3.5145e-22)
(31.8313 0.342144 0)
(31.9073 0.237157 3.78117e-21)
(31.9816 0.134201 0)
(32.0545 0.0336679 0)
(32.1263 -0.0640917 0)
(32.1972 -0.158767 0)
(32.2674 -0.250086 6.40108e-21)
(32.3372 -0.337814 -6.05713e-21)
(32.4068 -0.421748 0)
(32.4763 -0.501721 7.77062e-21)
(32.546 -0.577592 2.17178e-21)
(32.616 -0.649246 1.39895e-21)
(32.6865 -0.716586 1.09926e-21)
(32.7577 -0.779547 3.98746e-22)
(32.8297 -0.838051 -2.02225e-21)
(32.9027 -0.892103 -3.74271e-21)
(32.9771 -0.941563 0)
(33.0522 -0.986661 -7.40916e-21)
(33.1303 -1.02681 -9.38869e-21)
(33.2062 -1.06336 0)
(33.294 -1.093 0)
(33.3593 -1.12344 -2.93439e-20)
(30.016 -0.338049 0)
(30.2461 -0.269965 0)
(30.3184 -0.484293 -1.75765e-19)
(30.0826 -0.0590363 2.35201e-19)
(30.3486 0.635993 -2.49065e-19)
(31.0184 1.18355 0)
(31.826 1.40916 8.26173e-20)
(32.6069 1.33402 0)
(33.2809 1.01672 -7.58763e-20)
(33.8431 0.531567 0)
(34.2743 -0.0651459 1.64683e-19)
(34.5854 -0.721372 -1.8225e-19)
(34.7895 -1.38695 0)
(34.8896 -2.02355 1.49781e-19)
(34.8993 -2.60663 0)
(34.8254 -3.11595 9.6281e-20)
(34.6809 -3.53859 0)
(34.4776 -3.87032 5.10476e-20)
(34.2249 -4.11595 1.16061e-20)
(33.9396 -4.28222 -1.14893e-19)
(33.6334 -4.37784 1.92345e-19)
(33.3144 -4.41171 -1.34368e-19)
(32.9836 -4.3932 -3.29963e-19)
(32.6492 -4.32985 0)
(32.3157 -4.22741 4.36796e-19)
(31.987 -4.09098 0)
(31.6665 -3.92509 -5.15236e-19)
(31.3583 -3.7334 0)
(31.0668 -3.51833 2.85e-19)
(30.7949 -3.28252 0)
(30.5454 -3.02947 -6.10867e-19)
(30.3193 -2.76279 6.23005e-19)
(30.1188 -2.48544 4.04493e-21)
(29.9457 -2.20007 4.18112e-21)
(29.801 -1.90962 -6.36641e-19)
(29.6853 -1.61709 6.34096e-19)
(29.5986 -1.32514 -6.28328e-19)
(29.5401 -1.03637 4.05841e-21)
(29.5086 -0.753232 -6.08604e-19)
(29.5027 -0.477805 5.95283e-19)
(29.5206 -0.21193 3.60494e-21)
(29.5605 0.0425532 -2.79745e-19)
(29.6205 0.283733 -2.70535e-19)
(29.6984 0.510039 2.60705e-19)
(29.7919 0.720524 2.69604e-21)
(29.8987 0.914541 2.43586e-21)
(30.0167 1.09126 -4.5926e-19)
(30.144 1.24988 4.36291e-19)
(30.2787 1.39028 1.62555e-21)
(30.4195 1.51284 1.33538e-21)
(30.5644 1.61752 -1.04188e-21)
(30.7122 1.70415 7.62612e-22)
(30.8619 1.77316 4.97903e-22)
(31.0123 1.82561 2.23568e-22)
(31.1628 1.86213 6.73266e-23)
(31.3123 1.88285 -3.37391e-22)
(31.4601 1.88857 -1.14492e-19)
(31.6058 1.88077 -8.07403e-22)
(31.7492 1.86033 1.04617e-21)
(31.8896 1.8276 -1.26363e-21)
(32.0266 1.78352 0)
(32.16 1.72958 0)
(32.2894 1.6666 0)
(32.4147 1.59519 0)
(32.5357 1.5164 0)
(32.6528 1.43119 0)
(32.7657 1.34053 0)
(32.8747 1.24537 0)
(32.9797 1.1465 2.4389e-20)
(33.0811 1.04471 -3.7315e-20)
(33.179 0.940765 2.93171e-20)
(33.2735 0.8354 -2.22133e-20)
(33.365 0.72929 9.36935e-21)
(33.4536 0.623044 -6.67799e-21)
(33.5396 0.517211 4.38241e-21)
(33.6232 0.412299 -2.46597e-21)
(33.7046 0.308772 9.11092e-22)
(33.7842 0.20706 3.00589e-22)
(33.8621 0.107552 -1.18805e-21)
(33.9385 0.0105981 0)
(34.0138 -0.0834882 0)
(34.0882 -0.174432 0)
(34.1618 -0.261996 0)
(34.2349 -0.345975 0)
(34.3077 -0.426196 -3.06708e-21)
(34.3804 -0.502515 -2.13942e-21)
(34.4531 -0.574815 1.03984e-21)
(34.5261 -0.642998 0)
(34.5996 -0.706994 3.42501e-21)
(34.6736 -0.766732 -4.8024e-21)
(34.7484 -0.822205 6.266e-21)
(34.8243 -0.873307 -7.80765e-21)
(34.9008 -0.920212 9.38259e-21)
(34.9798 -0.962462 -1.10365e-20)
(35.0572 -1.00119 1.25906e-20)
(35.1445 -1.0335 -1.44277e-20)
(35.2132 -1.06625 3.00255e-20)
(31.072 -0.306343 0)
(31.2748 -0.240909 0)
(31.3658 -0.357644 0)
(31.2617 0.00646381 -2.10899e-19)
(31.5494 0.562377 0)
(32.1785 1.00393 0)
(32.9563 1.19168 -7.55411e-20)
(33.7448 1.12803 7.56796e-21)
(34.4551 0.849583 -4.76451e-20)
(35.0572 0.413836 -9.01706e-20)
(35.5262 -0.127298 0)
(35.8634 -0.729329 0)
(36.0718 -1.34468 0)
(36.1633 -1.93567 -1.4426e-19)
(36.1535 -2.47778 0)
(36.0562 -2.95149 -9.25536e-20)
(35.8891 -3.34474 0)
(35.6708 -3.65244 -1.84942e-20)
(35.4159 -3.87863 0)
(35.1383 -4.03088 6.00874e-20)
(34.8486 -4.11649 -2.01129e-19)
(34.5559 -4.14188 -3.90506e-21)
(34.2627 -4.11552 -2.09089e-21)
(33.971 -4.04594 0)
(33.6837 -3.9389 -4.43538e-19)
(33.4026 -3.79945 0)
(33.1309 -3.63208 2.93189e-21)
(32.8715 -3.44075 0)
(32.6265 -3.22833 -5.89674e-19)
(32.3981 -2.99746 0)
(32.188 -2.75158 5.34507e-21)
(31.9977 -2.49414 -6.43054e-19)
(31.8291 -2.22759 6.01288e-21)
(31.6831 -1.95446 6.16849e-21)
(31.5608 -1.67749 6.21505e-21)
(31.4625 -1.39934 -3.31308e-19)
(31.3879 -1.12261 6.09139e-21)
(31.3372 -0.849716 5.94834e-21)
(31.3099 -0.582681 5.75397e-21)
(31.3052 -0.323292 -6.16861e-19)
(31.3223 -0.0731858 5.22654e-21)
(31.3601 0.16611 4.9109e-21)
(31.4171 0.39304 4.57594e-21)
(31.4915 0.606256 -5.42148e-19)
(31.5813 0.804884 3.86086e-21)
(31.6849 0.988293 3.49218e-21)
(31.8003 1.15569 3.11817e-21)
(31.9259 1.30626 -4.49542e-19)
(32.0599 1.43982 2.13823e-19)
(32.2008 1.55667 1.96317e-21)
(32.347 1.65686 -3.7671e-19)
(32.4972 1.74005 1.21197e-21)
(32.6501 1.80656 8.43522e-22)
(32.8047 1.85729 4.78404e-22)
(32.9598 1.89287 -2.82892e-19)
(33.1145 1.91342 -2.20887e-22)
(33.2681 1.91954 -5.41061e-22)
(33.42 1.91263 -8.73405e-22)
(33.5697 1.89362 -1.9881e-19)
(33.7167 1.86279 -1.48482e-21)
(33.8606 1.82105 0)
(34.0014 1.76975 -7.33034e-20)
(34.1385 1.70947 0)
(34.2718 1.64088 -5.78728e-20)
(34.4012 1.56522 0)
(34.5266 1.48349 -4.45244e-20)
(34.6479 1.39639 0)
(34.765 1.30469 -3.31665e-20)
(34.8782 1.20913 -2.51033e-20)
(34.9875 1.11052 -3.20775e-21)
(35.0931 1.00965 -1.64205e-20)
(35.1952 0.907207 -3.33564e-21)
(35.294 0.803872 -9.58553e-21)
(35.3897 0.700225 -3.39206e-21)
(35.4825 0.596794 -4.47012e-21)
(35.5726 0.494067 -3.38449e-21)
(35.6603 0.392496 -9.29451e-22)
(35.7458 0.292505 -3.31954e-21)
(35.8294 0.194478 1.19631e-21)
(35.9112 0.0987645 -1.42209e-21)
(35.9916 0.00567755 0)
(36.0707 -0.0845075 -9.39023e-22)
(36.1487 -0.17155 -1.06327e-21)
(36.2259 -0.255245 -1.40367e-21)
(36.3025 -0.335415 0)
(36.3787 -0.411915 -2.65088e-21)
(36.4546 -0.484625 -3.51724e-21)
(36.5304 -0.553447 -4.51915e-21)
(36.6064 -0.61831 -3.41792e-21)
(36.6828 -0.679148 -2.07761e-21)
(36.7595 -0.735946 -1.43524e-20)
(36.8372 -0.788627 -1.78406e-21)
(36.9152 -0.83732 -2.01283e-20)
(36.9954 -0.881692 -1.47549e-21)
(37.0742 -0.92266 -2.60292e-20)
(37.1611 -0.957875 1.41089e-20)
(37.2337 -0.993006 1.13913e-21)
(32.1273 -0.271913 -1.31761e-19)
(32.314 -0.210526 1.37071e-19)
(32.4292 -0.250572 -1.38976e-19)
(32.4374 0.0487791 0)
(32.7394 0.474988 1.44389e-19)
(33.3045 0.809164 1.07363e-19)
(33.999 0.945433 0)
(34.7165 0.877072 4.42993e-21)
(35.3829 0.626743 4.29553e-20)
(35.9552 0.237545 8.14853e-20)
(36.409 -0.245776 0)
(36.7368 -0.78514 -9.76712e-20)
(36.9368 -1.33888 9.77726e-20)
(37.0207 -1.87325 0)
(37.004 -2.36511 0)
(36.903 -2.79637 -4.82984e-20)
(36.7363 -3.15609 -2.07957e-20)
(36.5235 -3.43929 9.45374e-21)
(36.2813 -3.64806 0)
(36.0224 -3.78838 0)
(35.7562 -3.86683 9.73579e-20)
(35.4909 -3.8885 2.62776e-19)
(35.2319 -3.85976 1.5962e-19)
(34.9821 -3.7878 1.87866e-19)
(34.743 -3.6784 2.13039e-19)
(34.5156 -3.53744 0)
(34.3017 -3.3698 2.55866e-19)
(34.1015 -3.17949 2.68706e-19)
(33.9154 -2.96936 2.88558e-19)
(33.7444 -2.74198 0)
(33.5894 -2.5008 3.1058e-19)
(33.4523 -2.24897 3.18145e-19)
(33.3337 -1.98948 3.23505e-19)
(33.2341 -1.72503 3.26674e-19)
(33.154 -1.45809 3.277e-19)
(33.0933 -1.19132 0)
(33.0522 -0.926907 3.24271e-19)
(33.0305 -0.666781 3.20309e-19)
(33.0279 -0.412891 3.14935e-19)
(33.0438 -0.166883 3.08244e-19)
(33.0775 0.0698311 3.0039e-19)
(33.1281 0.295842 2.91524e-19)
(33.1948 0.509794 2.81772e-19)
(33.2764 0.710623 2.71293e-19)
(33.3716 0.897613 2.60233e-19)
(33.4793 1.07021 2.48714e-19)
(33.598 1.22773 2.36845e-19)
(33.7266 1.36955 2.24727e-19)
(33.8634 1.49551 0)
(34.0071 1.60587 2.00212e-19)
(34.1564 1.70063 1.87973e-19)
(34.3101 1.77957 1.75836e-19)
(34.4669 1.84287 1.63903e-19)
(34.6257 1.89133 1.52241e-19)
(34.7856 1.92558 1.40866e-19)
(34.9457 1.94567 1.298e-19)
(35.1051 1.95207 1.19134e-19)
(35.2632 1.94602 1.08906e-19)
(35.4193 1.92824 9.90719e-20)
(35.5729 1.89909 8.96686e-20)
(35.7236 1.85945 -8.26379e-20)
(35.8711 1.8107 7.23523e-20)
(36.015 1.75347 0)
(36.1551 1.68836 5.69886e-20)
(36.2915 1.61609 -5.2985e-20)
(36.424 1.53739 4.3695e-20)
(36.5527 1.45354 -4.10261e-20)
(36.6774 1.36548 3.24469e-20)
(36.798 1.27381 0)
(36.9146 1.17898 2.31616e-20)
(37.0274 1.08163 -2.28319e-20)
(37.1366 0.982537 1.56942e-20)
(37.2422 0.882402 -1.6337e-20)
(37.3445 0.781795 9.92814e-21)
(37.4437 0.681211 1.13946e-20)
(37.5399 0.581117 1.5191e-20)
(37.6334 0.481952 -7.87374e-21)
(37.7244 0.384127 2.93326e-21)
(37.8132 0.288021 5.62377e-21)
(37.8999 0.193979 1.38883e-21)
(37.9848 0.102313 0)
(38.0681 0.0132946 9.24757e-22)
(38.15 -0.0728356 5.3479e-21)
(38.2307 -0.155871 1.37423e-21)
(38.3104 -0.235638 -4.9131e-21)
(38.3894 -0.311987 2.57374e-21)
(38.4678 -0.3848 9.56995e-21)
(38.5458 -0.453979 1.13494e-20)
(38.6236 -0.519454 0)
(38.7015 -0.581161 6.59486e-21)
(38.7794 -0.639088 -2.17425e-21)
(38.8579 -0.693166 9.11872e-21)
(38.9366 -0.743528 1.04356e-20)
(39.0169 -0.789858 -1.70065e-21)
(39.0962 -0.833064 1.30988e-20)
(39.1815 -0.870992 0)
(39.2567 -0.908669 -1.54186e-20)
(33.1897 -0.238367 3.48412e-19)
(33.371 -0.182598 -1.19751e-19)
(33.5112 -0.170284 3.5891e-19)
(33.6077 0.0638153 0)
(33.9163 0.373883 9.89234e-20)
(34.4153 0.609052 7.55378e-20)
(35.0151 0.692393 0)
(35.637 0.612471 -9.94123e-21)
(36.2215 0.383897 3.38843e-20)
(36.7274 0.0384029 0)
(37.1326 -0.38807 -1.15932e-19)
(37.4264 -0.862557 8.7314e-20)
(37.6068 -1.35059 -8.76425e-20)
(37.6824 -1.82352 0)
(37.6666 -2.26033 -8.78393e-20)
(37.5746 -2.64509 -6.59717e-21)
(37.4234 -2.96795 1.88241e-20)
(37.2301 -3.22425 3.58009e-20)
(37.0101 -3.41473 0)
(36.7757 -3.54319 1.50074e-19)
(36.5352 -3.6151 2.02977e-19)
(36.2965 -3.63485 -1.23189e-19)
(36.0649 -3.60765 3.03436e-19)
(35.8449 -3.53895 1.74997e-19)
(35.6389 -3.43451 3.92415e-19)
(35.4485 -3.29906 4.31638e-19)
(35.2749 -3.13677 0)
(35.1182 -2.95163 -2.54165e-19)
(34.9789 -2.7466 5.24713e-19)
(34.8574 -2.52468 0)
(34.754 -2.28972 5.65816e-19)
(34.669 -2.04519 5.8034e-19)
(34.6017 -1.79375 5.90929e-19)
(34.5521 -1.53774 5.97664e-19)
(34.5201 -1.27954 6.00655e-19)
(34.5055 -1.02155 6.00376e-19)
(34.5081 -0.766113 0)
(34.5275 -0.515533 5.91071e-19)
(34.5629 -0.271567 5.82344e-19)
(34.6135 -0.0357248 5.71101e-19)
(34.6785 0.190465 5.57534e-19)
(34.7573 0.405851 5.42173e-19)
(34.8488 0.6095 5.25309e-19)
(34.9522 0.800444 5.07098e-19)
(35.0665 0.977973 4.87731e-19)
(35.1906 1.14157 4.67408e-19)
(35.3238 1.29078 4.46364e-19)
(35.4647 1.42515 4.24811e-19)
(35.6122 1.5445 4.02924e-19)
(35.7653 1.64898 3.80882e-19)
(35.9231 1.73865 3.5884e-19)
(36.0847 1.81348 3.36947e-19)
(36.2488 1.87366 3.15366e-19)
(36.4146 1.9198 2.94215e-19)
(36.5814 1.95243 2.73574e-19)
(36.7483 1.97174 2.53515e-19)
(36.9147 1.97819 2.34153e-19)
(37.0796 1.97287 0)
(37.2428 1.95648 1.97688e-19)
(37.4035 1.9294 1.80634e-19)
(37.5615 1.89242 2.44843e-19)
(37.7161 1.84651 0)
(37.867 1.7922 0)
(38.0141 1.73027 0)
(38.1572 1.66152 1.59953e-19)
(38.2959 1.58683 -9.70826e-20)
(38.4311 1.50719 -4.66037e-20)
(38.5619 1.42299 0)
(38.6888 1.33478 0)
(38.8118 1.24358 0)
(38.9308 1.15014 7.37162e-20)
(39.0459 1.05492 -4.51982e-20)
(39.1574 0.958513 5.50994e-20)
(39.2653 0.86144 -3.43196e-20)
(39.3698 0.764172 1.89922e-20)
(39.4711 0.667169 -9.07847e-21)
(39.5693 0.570861 7.54863e-21)
(39.6647 0.475651 0)
(39.7575 0.381912 -5.38964e-21)
(39.8479 0.289982 0)
(39.9361 0.200165 0)
(40.0223 0.11273 -1.54494e-20)
(40.1067 0.0279115 1.11413e-20)
(40.1896 -0.0540873 0)
(40.2711 -0.133093 4.7006e-21)
(40.3514 -0.208961 0)
(40.4307 -0.281572 -2.36518e-20)
(40.5093 -0.350829 -6.6632e-21)
(40.5873 -0.416665 2.04798e-20)
(40.665 -0.479016 0)
(40.7424 -0.537879 3.33334e-20)
(40.82 -0.593176 -2.5648e-20)
(40.8975 -0.645068 2.7533e-20)
(40.976 -0.693211 1.28168e-20)
(41.0538 -0.738536 0)
(41.1353 -0.77907 0)
(41.2111 -0.819033 0)
(34.2666 -0.210583 1.55129e-21)
(34.4502 -0.162138 0)
(34.6126 -0.122296 -7.72362e-21)
(34.7719 0.049133 0)
(35.0763 0.259042 -1.96543e-19)
(35.5122 0.408099 -1.33143e-20)
(36.0207 0.442618 0)
(36.545 0.350739 0)
(37.0389 0.141499 -2.97802e-20)
(37.4686 -0.162394 0)
(37.8145 -0.532956 3.57519e-20)
(38.0668 -0.943051 -7.72277e-20)
(38.2233 -1.3649 0)
(38.2902 -1.77485 -6.2626e-20)
(38.278 -2.15483 7.84614e-20)
(38.1997 -2.49118 3.47926e-20)
(38.0692 -2.77523 2.58488e-20)
(37.9012 -3.00263 -4.00597e-20)
(37.7083 -3.17306 1.08659e-19)
(37.5015 -3.2889 -1.35937e-19)
(37.2892 -3.35379 -1.84365e-19)
(37.0775 -3.37178 2.39271e-19)
(36.8726 -3.34684 3.73861e-21)
(36.6782 -3.28371 1.24199e-22)
(36.4974 -3.187 -3.59901e-19)
(36.3327 -3.06046 -3.96928e-19)
(36.1847 -2.90863 0)
(36.0551 -2.73482 0)
(35.9441 -2.5417 -4.85961e-19)
(35.8525 -2.33226 4.9327e-19)
(35.7809 -2.10999 -1.63669e-20)
(35.729 -1.87769 -5.41384e-19)
(35.6967 -1.63789 -5.52434e-19)
(35.6833 -1.39329 -1.9202e-20)
(35.6885 -1.14639 -5.63962e-19)
(35.7115 -0.899823 -1.98406e-20)
(35.7516 -0.655817 0)
(35.8077 -0.416182 -5.57622e-19)
(35.8789 -0.182557 -1.91384e-20)
(35.9642 0.0435259 -5.4017e-19)
(36.0626 0.260752 -1.78411e-20)
(36.1732 0.467827 -5.14342e-19)
(36.2949 0.663523 -4.98905e-19)
(36.4267 0.846905 -1.49977e-20)
(36.5674 1.01736 -4.64062e-19)
(36.716 1.17442 -4.45063e-19)
(36.8716 1.31753 -1.14895e-20)
(37.033 1.44636 -4.04858e-19)
(37.1995 1.56091 -9.03057e-21)
(37.37 1.66128 -3.63329e-19)
(37.5437 1.74752 -3.42443e-19)
(37.7198 1.8197 -3.21653e-19)
(37.8974 1.87803 -3.01105e-19)
(38.0758 1.92298 -2.80925e-19)
(38.2541 1.95503 -1.92309e-21)
(38.4319 1.97455 -2.42047e-19)
(38.6083 1.98202 -2.23518e-19)
(38.7827 1.97824 0)
(38.9549 1.9638 1.97443e-21)
(39.1241 1.93926 -1.72321e-19)
(39.2903 1.90526 3.59147e-21)
(39.4526 1.86268 0)
(39.6115 1.81245 0)
(39.766 1.75534 0)
(39.9163 1.69072 6.01252e-21)
(40.0622 1.62003 9.23592e-20)
(40.2035 1.54461 8.20426e-20)
(40.3406 1.46477 0)
(40.4731 1.38165 0)
(40.6014 1.29524 0)
(40.7253 1.20594 -4.91258e-20)
(40.8453 1.11466 4.28762e-20)
(40.9611 1.0223 -3.73592e-20)
(41.0732 0.929197 3.25259e-20)
(41.1815 0.835748 -2.83504e-20)
(41.2862 0.742383 0)
(41.3876 0.649498 0)
(41.4857 0.55747 0)
(41.5808 0.466657 0)
(41.6731 0.377386 -2.4029e-20)
(41.7627 0.289952 0)
(41.8499 0.204615 1.46096e-20)
(41.9348 0.121603 7.32345e-21)
(42.0177 0.0411124 0)
(42.0988 -0.0366874 0)
(42.1782 -0.111654 0)
(42.2563 -0.183671 1.67682e-20)
(42.3332 -0.252643 0)
(42.4091 -0.318506 -1.93114e-20)
(42.4842 -0.381194 0)
(42.5587 -0.440713 -2.24375e-20)
(42.6328 -0.496974 2.41481e-20)
(42.7067 -0.550158 -2.59105e-20)
(42.7807 -0.599917 0)
(42.8546 -0.647109 0)
(42.9297 -0.69013 -3.49327e-20)
(43.0032 -0.732087 0)
(35.3648 -0.193865 -1.7373e-19)
(35.5535 -0.154918 0)
(35.7327 -0.109299 -1.69966e-19)
(35.9284 0.00486315 0)
(36.2187 0.131973 1.38024e-19)
(36.595 0.209792 -1.16954e-19)
(37.0188 0.203003 0)
(37.4508 0.101685 -4.18939e-20)
(37.8571 -0.0888231 -1.19963e-20)
(38.212 -0.352782 0)
(38.4989 -0.66933 5.85234e-20)
(38.7096 -1.01699 6.79324e-20)
(38.842 -1.37411 -2.96058e-20)
(38.9003 -1.72182 5.53556e-20)
(38.8926 -2.04518 0)
(38.829 -2.33281 3.18521e-20)
(38.7208 -2.57721 -2.30303e-20)
(38.5796 -2.77438 0)
(38.4159 -2.92321 -9.71073e-20)
(38.2387 -3.02506 0)
(38.0558 -3.08224 0)
(37.8729 -3.09768 -2.14995e-19)
(37.6949 -3.07484 -2.52719e-19)
(37.5262 -3.01753 6.48576e-23)
(37.3695 -2.9294 0)
(37.2272 -2.81408 0)
(37.1008 -2.67478 0)
(36.9914 -2.51467 3.96336e-19)
(36.9005 -2.3367 0)
(36.8282 -2.14357 -4.49231e-19)
(36.7756 -1.93805 -4.65548e-19)
(36.7422 -1.72276 -4.613e-19)
(36.7285 -1.50047 0)
(36.7339 -1.27351 -4.95739e-19)
(36.7584 -1.04384 0)
(36.8012 -0.81372 -5.01053e-19)
(36.8615 -0.585136 4.79652e-19)
(36.9383 -0.359992 0)
(37.0307 -0.139953 -4.89897e-19)
(37.1375 0.0734197 0)
(37.2576 0.278672 -4.71876e-19)
(37.3898 0.474599 0)
(37.5329 0.66026 0)
(37.6857 0.834816 -4.32966e-19)
(37.847 0.997558 0)
(38.0158 1.14792 0)
(38.1909 1.2855 -3.84594e-19)
(38.3714 1.4099 0)
(38.5562 1.52088 -3.49367e-19)
(38.7442 1.61843 -3.22642e-19)
(38.9346 1.70262 0)
(39.1265 1.77356 0)
(39.319 1.83146 0)
(39.5113 1.87669 0)
(39.7028 1.90968 -2.42321e-19)
(39.8929 1.93078 0)
(40.0809 1.94044 0)
(40.2663 1.93936 0)
(40.4488 1.92808 -1.78276e-19)
(40.628 1.90739 0)
(40.8032 1.87758 -1.50083e-19)
(40.9745 1.83954 0)
(41.1414 1.79401 0)
(41.3041 1.74174 1.18469e-19)
(41.4617 1.68298 -1.02458e-19)
(41.6148 1.6178 0)
(41.7627 1.54807 0)
(41.9059 1.47402 8.17216e-20)
(42.0441 1.39603 0)
(42.1774 1.31496 6.75341e-20)
(42.3061 1.23119 0)
(42.4301 1.14541 5.57717e-20)
(42.5495 1.05817 -5.08073e-20)
(42.6645 0.969917 4.64096e-20)
(42.7753 0.881063 0)
(42.8821 0.792091 3.92096e-20)
(42.985 0.703398 -3.63459e-20)
(43.0842 0.615341 0)
(43.1798 0.52825 0)
(43.2721 0.44243 5.28361e-20)
(43.3612 0.358157 0)
(43.4474 0.275673 2.82739e-20)
(43.5309 0.195194 -2.03372e-20)
(43.6119 0.116909 2.74214e-20)
(43.6906 0.0409776 2.73903e-20)
(43.7672 -0.0324589 2.75859e-20)
(43.842 -0.103289 0)
(43.9152 -0.171414 0)
(43.987 -0.236776 2.92701e-20)
(44.0575 -0.299302 3.01119e-20)
(44.1271 -0.359005 0)
(44.1959 -0.415793 0)
(44.2642 -0.469834 0)
(44.3319 -0.520837 3.42548e-20)
(44.3997 -0.569461 0)
(44.4669 -0.614641 3.26098e-20)
(44.5355 -0.658261 -3.7061e-20)
(36.4891 -0.193055 1.46317e-19)
(36.6809 -0.16609 -1.39081e-19)
(36.8689 -0.130544 1.32991e-19)
(37.0779 -0.0658629 0)
(37.3458 -0.00390084 -2.28734e-19)
(37.6653 0.0185999 9.12282e-20)
(38.0122 -0.0199874 0)
(38.3608 -0.126709 3.61459e-20)
(38.6874 -0.298468 -1.85717e-20)
(38.973 -0.524525 0)
(39.205 -0.789896 0)
(39.3768 -1.07844 -3.19087e-21)
(39.4865 -1.37394 1.9298e-20)
(39.5368 -1.66186 -1.57057e-20)
(39.5336 -1.93033 2.99069e-20)
(39.4845 -2.17018 -6.85341e-20)
(39.3983 -2.37509 -7.03962e-20)
(39.2837 -2.54144 9.49636e-20)
(39.1492 -2.66769 0)
(39.0023 -2.75437 1.4867e-19)
(38.8494 -2.80273 0)
(38.6957 -2.81495 2.03993e-19)
(38.5459 -2.79367 0)
(38.4032 -2.74182 -5.1366e-19)
(38.271 -2.66247 0)
(38.151 -2.55833 -3.04066e-19)
(38.0456 -2.43239 0)
(37.9554 -2.28764 -3.54528e-19)
(37.8819 -2.12645 0)
(37.8256 -1.95118 3.75482e-19)
(37.7874 -1.76467 0)
(37.7672 -1.56932 4.14679e-19)
(37.7652 -1.36705 0)
(37.7811 -1.16019 0)
(37.8149 -0.950587 -4.14248e-19)
(37.8659 -0.740502 0)
(37.9336 -0.531627 -4.3417e-19)
(38.0174 -0.325537 0)
(38.1162 -0.12378 0)
(38.2294 0.0722815 0)
(38.3558 0.261541 0)
(38.4943 0.442918 0)
(38.644 0.615391 -3.75257e-19)
(38.8035 0.778033 0)
(38.9718 0.930142 0)
(39.1478 1.07112 0)
(39.3303 1.2005 0)
(39.5183 1.31794 0)
(39.7105 1.42331 0)
(39.9061 1.51656 2.95224e-19)
(40.104 1.5977 0)
(40.3033 1.66676 0)
(40.5031 1.72386 0)
(40.7028 1.76931 0)
(40.9016 1.80341 0)
(41.0988 1.82649 0)
(41.2939 1.83896 0)
(41.4864 1.8413 0)
(41.6755 1.83407 0)
(41.8614 1.8178 -1.54638e-19)
(42.0428 1.79325 1.43614e-19)
(42.2204 1.76045 0)
(42.3926 1.72085 0)
(42.5608 1.67461 -1.09379e-19)
(42.7233 1.62215 0)
(42.8813 1.56367 0)
(43.0335 1.50055 0)
(43.1808 1.43329 -7.55886e-20)
(43.3227 1.36202 0)
(43.4595 1.28747 -6.24596e-20)
(43.5912 1.21039 0)
(43.7177 1.131 -5.1638e-20)
(43.8394 1.05009 4.70597e-20)
(43.9562 0.967938 -4.29947e-20)
(44.0682 0.884918 0)
(44.1758 0.801633 -3.63332e-20)
(44.279 0.718369 3.36873e-20)
(44.378 0.635433 0)
(44.4731 0.553147 0)
(44.5644 0.471812 -2.8164e-20)
(44.6522 0.391697 0)
(44.7367 0.313036 -2.62315e-20)
(44.8182 0.236036 0)
(44.8967 0.160875 -5.79028e-20)
(44.9727 0.0877088 6.79574e-21)
(45.0462 0.0166742 -2.56124e-20)
(45.1176 -0.0521201 0)
(45.187 -0.118576 0)
(45.2547 -0.182636 -6.02366e-20)
(45.3209 -0.244228 -2.79769e-20)
(45.3859 -0.303362 -3.42062e-20)
(45.4496 -0.359954 0)
(45.5127 -0.414141 -3.56532e-20)
(45.5747 -0.465714 -3.18488e-20)
(45.6371 -0.515116 -3.72498e-20)
(45.6975 -0.561749 -3.80013e-20)
(45.7611 -0.606602 3.44174e-20)
(37.642 -0.21129 -1.22933e-19)
(37.8316 -0.198456 2.02528e-21)
(38.0187 -0.181247 -1.12215e-19)
(38.2231 -0.156888 1.02146e-19)
(38.4618 -0.143153 9.38974e-20)
(38.7281 -0.160038 -7.75802e-20)
(39.0073 -0.219903 0)
(39.283 -0.327161 0)
(39.5396 -0.479639 2.48684e-20)
(39.7639 -0.670065 0)
(39.9471 -0.888091 0)
(40.084 -1.12218 2.76641e-21)
(40.1731 -1.36062 5.7215e-21)
(40.2163 -1.59271 1.36544e-20)
(40.2174 -1.80941 -2.60404e-20)
(40.1819 -2.0036 1.08785e-19)
(40.1164 -2.17015 6.14682e-20)
(40.0274 -2.30585 -8.30276e-20)
(39.9213 -2.40912 0)
(39.8042 -2.47974 -1.30294e-19)
(39.6813 -2.5185 0)
(39.557 -2.52666 -1.79167e-19)
(39.4354 -2.50616 0)
(39.3195 -2.45935 2.25975e-19)
(39.2119 -2.38825 0)
(39.1149 -2.29543 2.68178e-19)
(39.03 -2.18347 0)
(38.9589 -2.05447 0)
(38.9021 -1.91081 0)
(38.8607 -1.75459 -3.32418e-19)
(38.8351 -1.58809 0)
(38.8259 -1.41313 0)
(38.8328 -1.23215 0)
(38.8562 -1.04704 0)
(38.8954 -0.859347 3.68755e-19)
(38.9503 -0.670932 0)
(39.0203 -0.483223 3.51647e-19)
(39.1049 -0.297882 0)
(39.2034 -0.116187 0)
(39.315 0.0606388 0)
(39.4389 0.231541 0)
(39.5741 0.395467 0)
(39.7198 0.551591 3.3725e-19)
(39.875 0.699154 0)
(40.0386 0.837487 -3.03443e-19)
(40.2098 0.966015 0)
(40.3873 1.08447 0)
(40.5704 1.19252 0)
(40.7578 1.28999 0)
(40.9489 1.37674 0)
(41.1425 1.45271 0)
(41.338 1.51785 0)
(41.5344 1.57223 0)
(41.7309 1.61612 -2.04201e-19)
(41.927 1.64967 0)
(42.1219 1.67322 0)
(42.3151 1.68713 0)
(42.5058 1.69179 0)
(42.6937 1.68789 0)
(42.8781 1.67554 1.40882e-19)
(43.0588 1.65594 -1.31043e-19)
(43.2351 1.62873 0)
(43.407 1.59491 0)
(43.5742 1.55494 0)
(43.7367 1.50909 0)
(43.8942 1.45792 -9.34448e-20)
(44.0465 1.40178 0)
(44.1936 1.34173 -8.09325e-20)
(44.3356 1.2779 0)
(44.4725 1.2109 -7.02248e-20)
(44.6042 1.14099 0)
(44.7308 1.06907 -6.12651e-20)
(44.8523 0.995465 0)
(44.969 0.920477 -5.39143e-20)
(45.0808 0.84444 0)
(45.188 0.767812 0)
(45.2908 0.690958 0)
(45.3893 0.614194 -4.35445e-20)
(45.4836 0.537807 4.17576e-20)
(45.5741 0.462056 4.02547e-20)
(45.6609 0.38718 3.90165e-20)
(45.7442 0.313394 -3.80237e-20)
(45.8243 0.240892 0)
(45.9014 0.169849 3.00115e-20)
(45.9758 0.100417 -2.98114e-20)
(46.0475 0.0327334 -3.61211e-20)
(46.1169 -0.0330941 0)
(46.1842 -0.0969665 3.61464e-20)
(46.2497 -0.158827 6.69665e-20)
(46.3134 -0.218603 -3.66298e-20)
(46.3758 -0.276302 3.17271e-20)
(46.4367 -0.331847 -3.74364e-20)
(46.4969 -0.385348 3.30967e-20)
(46.5556 -0.436648 -3.84391e-20)
(46.6149 -0.486054 3.46087e-20)
(46.6713 -0.533208 -4.18953e-21)
(46.7319 -0.578693 3.94432e-20)
(38.8246 -0.249272 0)
(39.0053 -0.251214 9.61664e-20)
(39.1821 -0.253963 0)
(39.3694 -0.259905 -8.57474e-20)
(39.5749 -0.278662 0)
(39.7925 -0.320368 0)
(40.0133 -0.391444 0)
(40.2273 -0.494015 5.70975e-20)
(40.4248 -0.626335 0)
(40.5972 -0.78353 0)
(40.7386 -0.958671 0)
(40.8456 -1.14386 0)
(40.917 -1.33102 0)
(40.9539 -1.51257 0)
(40.9588 -1.68197 0)
(40.9358 -1.8339 -5.75035e-20)
(40.8891 -1.96437 0)
(40.8238 -2.0707 0)
(40.7445 -2.15136 0)
(40.6558 -2.20588 0)
(40.5618 -2.23444 -1.49851e-19)
(40.4663 -2.23789 0)
(40.3723 -2.21756 -1.81086e-19)
(40.2828 -2.17486 0)
(40.1999 -2.1116 -2.10496e-19)
(40.1257 -2.0299 0)
(40.0616 -1.93152 -2.36524e-19)
(40.0089 -1.81814 0)
(39.9686 -1.6919 -2.5823e-19)
(39.9414 -1.55466 0)
(39.9279 -1.40848 -2.74851e-19)
(39.9285 -1.25516 -2.81242e-19)
(39.9433 -1.09612 -2.8625e-19)
(39.9723 -0.93301 -2.89975e-19)
(40.0153 -0.767341 -2.92391e-19)
(40.0721 -0.601009 -2.93403e-19)
(40.1422 -0.435558 -3.10133e-19)
(40.2252 -0.271786 -2.92028e-19)
(40.3206 -0.111042 -2.89654e-19)
(40.4275 0.0454852 -2.86316e-19)
(40.5455 0.19702 -2.82018e-19)
(40.6736 0.342585 -2.76811e-19)
(40.811 0.48146 -2.70918e-19)
(40.9568 0.613035 -2.64324e-19)
(41.1103 0.736721 1.31301e-20)
(41.2706 0.851879 -2.49405e-19)
(41.4369 0.958182 -2.4131e-19)
(41.6083 1.05536 2.32832e-19)
(41.784 1.14317 -2.24143e-19)
(41.9632 1.22164 -2.15245e-19)
(42.145 1.29053 -2.06237e-19)
(42.3288 1.35005 -1.97175e-19)
(42.5138 1.39998 -1.88045e-19)
(42.6992 1.44062 4.57217e-21)
(42.8844 1.47214 -1.70203e-19)
(43.0686 1.49473 -1.61473e-19)
(43.2516 1.50885 -1.52921e-19)
(43.4324 1.51486 -1.44619e-19)
(43.611 1.51317 -1.36614e-19)
(43.7864 1.50419 -1.28833e-19)
(43.9589 1.48818 -1.21386e-19)
(44.1274 1.46582 0)
(44.2923 1.43706 -1.0749e-19)
(44.4528 1.40268 0)
(44.6094 1.36271 0)
(44.7612 1.31799 1.74118e-19)
(44.9087 1.26871 0)
(45.0513 1.2156 7.37055e-20)
(45.1894 1.15897 0)
(45.3225 1.09932 1.33801e-19)
(45.4509 1.03702 0)
(45.5745 0.972549 5.59669e-20)
(45.6934 0.906322 5.88118e-20)
(45.8077 0.83869 4.93309e-20)
(45.9175 0.769978 0)
(46.0229 0.70053 5.06951e-20)
(46.124 0.630646 0)
(46.2211 0.560605 3.99773e-20)
(46.3142 0.490668 6.69439e-21)
(46.4036 0.421076 -3.70124e-20)
(46.4895 0.352047 -3.58994e-20)
(46.5719 0.28378 7.65259e-20)
(46.6513 0.216452 0)
(46.7276 0.150225 0)
(46.8012 0.0852399 3.96584e-20)
(46.8723 0.0216268 3.33455e-20)
(46.941 -0.0405124 0)
(47.0076 -0.10108 5.6738e-21)
(47.0724 -0.160021 -3.36131e-20)
(47.1353 -0.217262 3.39028e-20)
(47.1968 -0.272806 0)
(47.2567 -0.326577 7.43481e-20)
(47.3159 -0.378665 0)
(47.3733 -0.428934 3.56714e-20)
(47.4315 -0.477627 4.06612e-20)
(47.4861 -0.524492 3.67139e-20)
(47.5457 -0.569959 4.01828e-21)
(40.0388 -0.302906 0)
(40.2038 -0.318223 0)
(40.3627 -0.337669 0)
(40.5258 -0.363781 0)
(40.6969 -0.401551 0)
(40.871 -0.455648 0)
(41.0427 -0.528926 0)
(41.2062 -0.622041 -1.07733e-19)
(41.3556 -0.733502 0)
(41.4859 -0.86003 0)
(41.5934 -0.997095 0)
(41.6759 -1.13951 0)
(41.7328 -1.28191 0)
(41.7646 -1.41919 0)
(41.7731 -1.5468 0)
(41.7609 -1.66097 0)
(41.731 -1.75873 0)
(41.6868 -1.83799 0)
(41.6317 -1.89743 0)
(41.569 -1.93641 0)
(41.5019 -1.95492 1.28686e-19)
(41.4333 -1.95338 0)
(41.3656 -1.93257 3.13222e-19)
(41.3012 -1.89358 0)
(41.2421 -1.83766 3.60512e-19)
(41.1897 -1.76621 0)
(41.1457 -1.68071 2.04516e-19)
(41.1108 -1.58267 0)
(41.0864 -1.4737 4.37697e-19)
(41.0729 -1.35537 0)
(41.0709 -1.22936 4.6499e-19)
(41.0807 -1.09683 2.44337e-19)
(41.1024 -0.959145 4.84313e-19)
(41.1362 -0.818087 4.90651e-19)
(41.1819 -0.674959 4.94874e-19)
(41.2395 -0.531024 4.97037e-19)
(41.3086 -0.387358 0)
(41.3887 -0.245167 4.95704e-19)
(41.4794 -0.105436 4.92317e-19)
(41.5801 0.0308907 4.87396e-19)
(41.6904 0.163049 4.80934e-19)
(41.8096 0.290306 4.72985e-19)
(41.9369 0.412037 2.38538e-19)
(42.0716 0.527347 4.53307e-19)
(42.2131 0.635512 4.41729e-19)
(42.3605 0.736567 4.29517e-19)
(42.5133 0.830083 4.16604e-19)
(42.6706 0.915785 -2.06289e-19)
(42.8319 0.993411 3.88958e-19)
(42.9964 1.06303 3.74659e-19)
(43.1633 1.12448 3.60011e-19)
(43.332 1.17749 3.45082e-19)
(43.5019 1.22257 1.6777e-19)
(43.6722 1.25963 1.59954e-19)
(43.8424 1.28869 1.52173e-19)
(44.012 1.30985 1.4453e-19)
(44.1804 1.32339 1.37005e-19)
(44.3473 1.32978 1.29721e-19)
(44.5122 1.32942 1.22666e-19)
(44.6749 1.32253 1.1584e-19)
(44.8348 1.30955 2.19524e-19)
(44.9919 1.29076 0)
(45.1457 1.26644 -2.17837e-21)
(45.2961 1.23685 9.39428e-20)
(45.4428 1.20232 -8.9009e-20)
(45.5856 1.16331 -8.06823e-20)
(45.7244 1.12027 -7.99599e-20)
(45.8592 1.07365 0)
(45.9897 1.02381 0)
(46.116 0.971162 -6.33606e-20)
(46.2381 0.916034 0)
(46.3559 0.858804 0)
(46.4695 0.799812 -1.12865e-19)
(46.579 0.739355 0)
(46.6845 0.67773 0)
(46.786 0.615236 -4.63109e-20)
(46.8837 0.552152 -5.0517e-20)
(46.9778 0.488736 0)
(47.0683 0.425225 -8.87025e-20)
(47.1554 0.36183 4.61678e-20)
(47.2393 0.298744 0)
(47.3202 0.236139 -3.81261e-20)
(47.3981 0.17417 -4.33957e-20)
(47.4733 0.112982 0)
(47.5459 0.0527024 -3.65092e-20)
(47.6161 -0.00654908 0)
(47.6842 -0.0646784 0)
(47.7501 -0.121591 -3.60701e-20)
(47.8143 -0.177238 0)
(47.8767 -0.231545 0)
(47.9377 -0.284515 0)
(47.9971 -0.336076 -3.67169e-20)
(48.0558 -0.386297 -4.16978e-20)
(48.1124 -0.435079 0)
(48.1702 -0.482589 -7.98542e-20)
(48.2235 -0.528671 0)
(48.2828 -0.57364 -7.93471e-20)
(41.2895 -0.366604 0)
(41.4338 -0.391706 0)
(41.5702 -0.421981 0)
(41.7063 -0.458866 0)
(41.8445 -0.504717 0)
(41.981 -0.561399 0)
(42.1124 -0.629862 6.12042e-20)
(42.2357 -0.70996 4.97717e-20)
(42.3476 -0.800439 0)
(42.4451 -0.899093 6.01664e-20)
(42.5263 -1.00302 0)
(42.59 -1.10894 0)
(42.6356 -1.21342 6.68177e-20)
(42.6638 -1.31317 0)
(42.6756 -1.40518 0)
(42.6727 -1.48689 0)
(42.6571 -1.55621 0)
(42.631 -1.6116 0)
(42.5969 -1.65202 0)
(42.5571 -1.6769 0)
(42.5139 -1.68605 1.17892e-19)
(42.4694 -1.67967 0)
(42.4255 -1.65821 -1.32954e-19)
(42.3841 -1.62237 0)
(42.3467 -1.57301 -1.51432e-19)
(42.3146 -1.51116 0)
(42.289 -1.43793 0)
(42.2709 -1.35441 0)
(42.261 -1.26187 -1.82476e-19)
(42.26 -1.16151 0)
(42.2683 -1.05456 -1.93908e-19)
(42.2863 -0.942214 0)
(42.3141 -0.825714 -2.02201e-19)
(42.352 -0.706165 -1.23501e-20)
(42.3997 -0.58465 -2.07264e-19)
(42.4573 -0.462303 -2.08425e-19)
(42.5243 -0.34005 0)
(42.6007 -0.218724 -2.08335e-19)
(42.6859 -0.0994517 -4.01313e-19)
(42.7796 0.0168695 -2.05365e-19)
(42.8813 0.129763 -1.2533e-20)
(42.9905 0.238715 -1.99998e-19)
(43.1067 0.343176 -1.84821e-19)
(43.2293 0.442539 -1.92523e-19)
(43.3577 0.536255 -1.88122e-19)
(43.4914 0.623866 -1.83362e-19)
(43.6296 0.705024 -1.78271e-19)
(43.7718 0.7794 0)
(43.9173 0.846918 -1.67362e-19)
(44.0656 0.907582 -3.16235e-19)
(44.2161 0.961441 -1.5581e-19)
(44.3682 1.00842 -1.49887e-19)
(44.5214 1.04837 0)
(44.6752 1.08135 0)
(44.829 1.10743 0)
(44.9825 1.12678 0)
(45.1353 1.13961 -1.18431e-19)
(45.2869 1.14615 0)
(45.4369 1.14665 0)
(45.5852 1.14141 0)
(45.7313 1.13072 6.92907e-22)
(45.875 1.1149 0)
(46.016 1.09419 8.89467e-20)
(46.1541 1.06891 -8.43847e-20)
(46.2891 1.0393 -2.72135e-21)
(46.4208 1.0057 0)
(46.549 0.968458 7.20789e-20)
(46.6737 0.927929 -7.23124e-20)
(46.7947 0.884452 0)
(46.9122 0.838349 0)
(47.026 0.789922 0)
(47.1361 0.739467 0)
(47.2427 0.687262 5.38226e-20)
(47.3457 0.633571 -5.68086e-20)
(47.4452 0.578656 -5.48952e-20)
(47.5413 0.522771 0)
(47.6341 0.466151 4.60166e-20)
(47.7237 0.409022 0)
(47.8102 0.351597 -5.58975e-21)
(47.8936 0.294068 -4.20995e-20)
(47.9742 0.23661 0)
(48.052 0.179381 0)
(48.1271 0.122522 -5.48338e-21)
(48.1998 0.0661649 0)
(48.2701 0.0104231 0)
(48.3381 -0.0445931 0)
(48.4041 -0.098799 -4.32035e-20)
(48.4681 -0.15211 -4.29531e-20)
(48.5304 -0.204478 -4.27784e-20)
(48.5908 -0.255842 0)
(48.65 -0.306183 0)
(48.7073 -0.355463 0)
(48.7642 -0.403684 3.81867e-20)
(48.8185 -0.450841 -4.2721e-20)
(48.8742 -0.496948 3.8615e-20)
(48.9247 -0.542029 -4.29425e-20)
(48.9817 -0.586199 -3.9572e-21)
(42.5852 -0.42734 0)
(42.7065 -0.457487 -6.10628e-20)
(42.8191 -0.492222 0)
(42.9287 -0.532017 0)
(43.0375 -0.577806 -5.88489e-20)
(43.1426 -0.630139 0)
(43.2422 -0.689081 -1.08442e-19)
(43.3346 -0.754172 5.83153e-20)
(43.4181 -0.824414 -5.88627e-20)
(43.4913 -0.898337 -1.0963e-19)
(43.553 -0.974123 -6.14159e-20)
(43.6027 -1.04974 0)
(43.6404 -1.12309 -5.55783e-20)
(43.6662 -1.19214 -6.924e-20)
(43.681 -1.25498 0)
(43.6858 -1.30997 0)
(43.682 -1.35575 0)
(43.671 -1.39123 0)
(43.6544 -1.41567 0)
(43.6338 -1.4286 0)
(43.6108 -1.42983 2.7489e-21)
(43.5869 -1.4194 0)
(43.5636 -1.39756 0)
(43.542 -1.36475 -1.17534e-19)
(43.5235 -1.32155 0)
(43.509 -1.26863 -1.27332e-19)
(43.4995 -1.20678 0)
(43.4958 -1.13682 -1.36036e-19)
(43.4985 -1.05967 0)
(43.508 -0.97625 -1.43325e-19)
(43.525 -0.887495 0)
(43.5495 -0.79431 0)
(43.582 -0.697597 0)
(43.6223 -0.598299 -1.63147e-19)
(43.6706 -0.497326 0)
(43.7267 -0.395525 0)
(43.7906 -0.293705 0)
(43.862 -0.192648 -1.55209e-19)
(43.9407 -0.0930223 1.65664e-19)
(44.0263 0.004532 0)
(44.1184 0.0993895 -1.63143e-19)
(44.2167 0.19098 0)
(44.3208 0.278791 1.58917e-19)
(44.4302 0.362342 0)
(44.5445 0.441241 0)
(44.6631 0.515221 0)
(44.7857 0.584007 0)
(44.9116 0.647407 0)
(45.0404 0.705242 0)
(45.1716 0.757338 1.34599e-19)
(45.3048 0.803625 0)
(45.4394 0.8441 0)
(45.5752 0.878797 0)
(45.7116 0.907645 0)
(45.8482 0.930589 0)
(45.9847 0.947691 0)
(46.1207 0.959137 2.06672e-19)
(46.2558 0.965186 0)
(46.3898 0.966115 0)
(46.5222 0.962178 0)
(46.653 0.953609 -1.76207e-19)
(46.7817 0.940619 8.5013e-20)
(46.9083 0.923403 -8.18039e-20)
(47.0324 0.902163 7.87113e-20)
(47.1539 0.87712 1.49262e-19)
(47.2727 0.848525 7.29121e-20)
(47.3886 0.81664 7.02179e-20)
(47.5015 0.781741 -3.25406e-21)
(47.6115 0.7441 6.52578e-20)
(47.7184 0.703986 6.29947e-20)
(47.8222 0.661658 6.08764e-20)
(47.923 0.617368 5.8902e-20)
(48.0207 0.571359 -5.70696e-20)
(48.1153 0.523862 1.06212e-19)
(48.207 0.47511 1.02978e-19)
(48.2956 0.425323 5.24012e-20)
(48.3814 0.374715 5.1108e-20)
(48.4643 0.323487 0)
(48.5444 0.271825 9.28251e-20)
(48.6218 0.219898 4.79461e-20)
(48.6966 0.167861 4.71127e-20)
(48.7689 0.11585 4.63796e-20)
(48.8387 0.063991 -4.93521e-21)
(48.9062 0.0123927 4.51918e-20)
(48.9714 -0.0388413 -4.47262e-20)
(49.0345 -0.089621 4.43378e-20)
(49.0956 -0.139863 8.33192e-20)
(49.1547 -0.189507 -4.65398e-21)
(49.2122 -0.238488 8.25936e-20)
(49.2677 -0.286786 4.34496e-20)
(49.322 -0.334322 4.33732e-20)
(49.3743 -0.381147 4.33289e-20)
(49.4261 -0.427114 -4.33477e-20)
(49.4751 -0.472432 8.2558e-20)
(49.5255 -0.516838 4.34683e-20)
(49.5705 -0.560702 3.94876e-20)
(49.6215 -0.603707 -3.83005e-21)
(43.9426 -0.480733 0)
(44.0408 -0.511174 1.03399e-19)
(44.1303 -0.544879 0)
(44.2159 -0.581777 5.36563e-20)
(44.2996 -0.622114 4.80293e-20)
(44.3795 -0.665898 0)
(44.4543 -0.712877 4.76639e-20)
(44.5234 -0.762559 -1.02842e-19)
(44.586 -0.814209 4.84101e-20)
(44.6414 -0.866875 4.93391e-20)
(44.6891 -0.919443 5.06923e-20)
(44.7289 -0.970702 0)
(44.7608 -1.01941 -6.22417e-20)
(44.7852 -1.06434 5.7417e-20)
(44.8024 -1.10436 0)
(44.8132 -1.13846 0)
(44.8183 -1.16578 7.30226e-20)
(44.8189 -1.18563 0)
(44.8157 -1.19749 0)
(44.81 -1.20103 0)
(44.8027 -1.19609 1.54146e-21)
(44.7948 -1.18266 0)
(44.7874 -1.16088 0)
(44.7814 -1.13101 9.83756e-20)
(44.7776 -1.09341 1.00173e-19)
(44.7767 -1.04855 1.06718e-19)
(44.7795 -0.99695 0)
(44.7866 -0.939198 1.14167e-19)
(44.7984 -0.875927 1.11652e-19)
(44.8153 -0.807802 1.20457e-19)
(44.8378 -0.735507 0)
(44.8661 -0.659736 0)
(44.9003 -0.581192 1.19311e-19)
(44.9405 -0.50057 0)
(44.9869 -0.418539 0)
(45.0394 -0.335768 0)
(45.0978 -0.252883 0)
(45.1621 -0.170459 2.53865e-19)
(45.2321 -0.0890971 0)
(45.3076 -0.00934663 0)
(45.3882 0.0683276 0)
(45.4738 0.1435 1.20016e-19)
(45.5641 0.215772 0)
(45.6586 0.28477 0)
(45.757 0.350146 0)
(45.859 0.411599 1.13965e-19)
(45.9642 0.468874 0)
(46.0722 0.521746 0)
(46.1827 0.570056 0)
(46.2953 0.613706 1.05385e-19)
(46.4095 0.65262 0)
(46.5251 0.686726 0)
(46.6418 0.71598 0)
(46.759 0.74038 9.54213e-20)
(46.8767 0.759948 0)
(46.9943 0.774727 0)
(47.1116 0.784811 -8.91957e-20)
(47.2282 0.790325 8.50977e-20)
(47.3438 0.791434 0)
(47.4584 0.788332 0)
(47.5715 0.781225 7.73326e-20)
(47.6831 0.770316 7.25094e-22)
(47.7929 0.755784 7.18496e-20)
(47.9008 0.737804 -6.92488e-20)
(48.0067 0.716544 -6.67504e-20)
(48.1104 0.692182 -6.43606e-20)
(48.2118 0.664909 2.47317e-21)
(48.3108 0.634929 5.99245e-20)
(48.4073 0.60245 -5.78843e-20)
(48.5013 0.567684 -5.59649e-20)
(48.5927 0.530845 3.44938e-21)
(48.6816 0.492146 -5.24907e-20)
(48.7677 0.451794 5.09347e-20)
(48.8513 0.409987 -4.9497e-20)
(48.9322 0.366922 4.06057e-21)
(49.0105 0.322787 -4.6969e-20)
(49.0862 0.277767 -4.58732e-20)
(49.1593 0.232026 0)
(49.2299 0.185728 4.35633e-21)
(49.298 0.139015 -4.32123e-20)
(49.3637 0.0920295 -4.25202e-20)
(49.427 0.0448846 -4.19167e-20)
(49.4881 -0.0023014 8.72072e-20)
(49.547 -0.0494472 -4.09572e-20)
(49.6037 -0.0964442 4.05921e-20)
(49.6584 -0.143235 -4.02952e-20)
(49.7111 -0.189715 4.30149e-21)
(49.7618 -0.235879 3.98898e-20)
(49.8109 -0.281606 -3.9773e-20)
(49.858 -0.326974 -3.97009e-20)
(49.9038 -0.371767 4.09963e-21)
(49.9475 -0.416206 -3.96963e-20)
(49.9906 -0.459917 3.97673e-20)
(50.0307 -0.50336 -3.98417e-20)
(50.0718 -0.545921 -3.99938e-20)
(50.108 -0.588353 -4.39397e-20)
(50.1485 -0.629922 3.91311e-20)
(45.3735 -0.506885 0)
(45.4501 -0.533765 -4.3636e-20)
(45.5189 -0.562669 0)
(45.584 -0.593235 -4.36313e-20)
(45.6472 -0.62543 4.84776e-20)
(45.707 -0.659089 0)
(45.7629 -0.693899 4.95866e-20)
(45.8146 -0.729451 9.53323e-20)
(45.8617 -0.765229 0)
(45.9039 -0.800625 0)
(45.9411 -0.834975 0)
(45.9732 -0.867575 5.48441e-20)
(46.0003 -0.897713 5.13326e-20)
(46.0226 -0.924689 5.802e-20)
(46.0404 -0.947855 -5.98177e-20)
(46.0542 -0.966614 0)
(46.0645 -0.980469 3.24838e-21)
(46.0718 -0.988995 0)
(46.0768 -0.991877 6.80578e-20)
(46.0801 -0.988932 -7.02763e-20)
(46.0825 -0.980043 5.59153e-22)
(46.0845 -0.965187 -7.4759e-20)
(46.0869 -0.944432 -7.69784e-20)
(46.0901 -0.91793 7.91542e-20)
(46.0949 -0.885907 -1.64849e-19)
(46.1018 -0.848653 0)
(46.1111 -0.806516 -8.52187e-20)
(46.1234 -0.75989 8.7026e-20)
(46.1391 -0.709204 -1.8216e-19)
(46.1584 -0.65492 -9.02293e-20)
(46.1817 -0.597519 9.16016e-20)
(46.2091 -0.537495 -9.28086e-20)
(46.2408 -0.475351 -6.38951e-21)
(46.277 -0.411588 -9.47009e-20)
(46.3176 -0.346714 9.53775e-20)
(46.3627 -0.281209 -9.58733e-20)
(46.4123 -0.215555 0)
(46.4662 -0.150229 -7.10692e-21)
(46.5245 -0.0856607 -9.62712e-20)
(46.5869 -0.0222555 9.60559e-20)
(46.6533 0.0395997 -9.5676e-20)
(46.7235 0.0995402 -1.96991e-19)
(46.7973 0.157231 9.44515e-20)
(46.8744 0.212366 -9.36239e-20)
(46.9547 0.264674 9.26651e-20)
(47.0378 0.31392 -1.88836e-19)
(47.1235 0.359896 9.03949e-20)
(47.2114 0.402427 -8.91048e-20)
(47.3014 0.441373 -8.77262e-20)
(47.3931 0.476609 -4.19983e-21)
(47.4863 0.508041 -8.47466e-20)
(47.5806 0.535605 8.31675e-20)
(47.6758 0.559265 -8.15431e-20)
(47.7716 0.579003 -2.55086e-21)
(47.8677 0.594832 -7.82022e-20)
(47.9639 0.606798 -7.65055e-20)
(48.0598 0.614975 7.4803e-20)
(48.1554 0.619453 -1.47124e-19)
(48.2503 0.620337 7.14127e-20)
(48.3443 0.617738 -6.97406e-20)
(48.4372 0.611764 6.80931e-20)
(48.5289 0.602526 -1.32405e-19)
(48.6193 0.590138 0)
(48.7081 0.574726 -6.33612e-20)
(48.7952 0.556427 0)
(48.8806 0.535395 0)
(48.964 0.511793 -5.70174e-20)
(49.0455 0.485795 0)
(49.1249 0.457578 0)
(49.2021 0.427317 0)
(49.2771 0.395188 2.89226e-21)
(49.3497 0.361364 -5.30426e-20)
(49.4201 0.326013 5.20335e-20)
(49.4881 0.289297 -5.10899e-20)
(49.5537 0.251373 3.46301e-21)
(49.617 0.212392 0)
(49.6779 0.172498 0)
(49.7364 0.131825 0)
(49.7926 0.0905046 -4.35601e-20)
(49.8464 0.0486539 0)
(49.8981 0.00639159 0)
(49.9474 -0.0361856 -4.58292e-20)
(49.9946 -0.0789714 3.90329e-21)
(50.0397 -0.121896 -4.50975e-20)
(50.0827 -0.164855 4.48083e-20)
(50.1236 -0.207813 0)
(50.1627 -0.250651 -4.04863e-20)
(50.1997 -0.293397 0)
(50.235 -0.335882 0)
(50.2684 -0.378239 0)
(50.3002 -0.420189 -4.02162e-20)
(50.3301 -0.462033 -4.39993e-20)
(50.3588 -0.503307 0)
(50.3853 -0.544556 0)
(50.4112 -0.585086 0)
(50.4342 -0.625645 4.0672e-20)
(50.4579 -0.665548 0)
(46.8885 -0.519711 0)
(46.9441 -0.541736 4.18764e-20)
(46.9934 -0.564588 4.22113e-20)
(47.0394 -0.587831 4.26383e-20)
(47.0838 -0.611423 -3.93997e-20)
(47.1253 -0.635212 4.36165e-20)
(47.1637 -0.658952 -4.04187e-20)
(47.199 -0.682365 -4.10889e-20)
(47.2311 -0.70514 -4.56397e-20)
(47.2598 -0.726933 0)
(47.2851 -0.747365 0)
(47.3071 -0.766046 -4.49969e-20)
(47.3258 -0.78258 -4.94385e-20)
(47.3414 -0.796596 -4.77139e-20)
(47.3542 -0.80773 4.92476e-20)
(47.3644 -0.815673 -5.30544e-20)
(47.3723 -0.820141 -5.2609e-20)
(47.3783 -0.820909 0)
(47.3828 -0.817813 8.63235e-22)
(47.3862 -0.810704 5.81663e-20)
(47.3889 -0.799522 -6.0088e-20)
(47.3913 -0.784264 1.2341e-19)
(47.3939 -0.764978 6.39207e-20)
(47.397 -0.741767 -6.57958e-20)
(47.401 -0.714777 6.76206e-20)
(47.4064 -0.684198 -6.68346e-20)
(47.4134 -0.650258 7.10564e-20)
(47.4223 -0.613215 -7.2639e-20)
(47.4335 -0.573357 3.76773e-21)
(47.4472 -0.530994 7.54731e-20)
(47.4635 -0.486455 -7.67046e-20)
(47.4827 -0.440078 4.68453e-21)
(47.5049 -0.392215 -7.87591e-20)
(47.5302 -0.343218 7.95715e-20)
(47.5586 -0.293441 -1.55229e-19)
(47.5903 -0.243232 8.07518e-20)
(47.6252 -0.192936 0)
(47.6633 -0.142884 -1.57238e-19)
(47.7046 -0.0933959 8.14083e-20)
(47.7489 -0.0447814 -8.1338e-20)
(47.7962 0.00267022 8.11299e-20)
(47.8463 0.0486868 1.56414e-19)
(47.8992 0.0930153 -8.03225e-20)
(47.9546 0.135422 7.97364e-20)
(48.0124 0.175695 -4.63414e-21)
(48.0723 0.213641 7.82367e-20)
(48.1343 0.24909 -7.73396e-20)
(48.1981 0.281894 1.48816e-19)
(48.2634 0.311927 7.52939e-20)
(48.3302 0.339085 -7.41632e-20)
(48.3981 0.363286 1.42927e-19)
(48.4669 0.384469 -7.17309e-20)
(48.5364 0.402589 7.0447e-20)
(48.6065 0.417622 -6.91294e-20)
(48.6769 0.429564 1.33825e-19)
(48.7473 0.438424 6.64269e-20)
(48.8177 0.444233 -6.50581e-20)
(48.8877 0.447032 1.26578e-19)
(48.9573 0.446879 -6.23217e-20)
(49.0263 0.443842 6.09677e-20)
(49.0944 0.438001 -1.19363e-19)
(49.1617 0.429449 5.83183e-20)
(49.2278 0.418284 0)
(49.2928 0.404615 5.57815e-20)
(49.3564 0.388558 -5.57244e-20)
(49.4185 0.370232 0)
(49.4791 0.349761 0)
(49.538 0.327268 -5.3002e-20)
(49.5951 0.302881 0)
(49.6505 0.276727 0)
(49.7039 0.248932 -9.8843e-20)
(49.7555 0.219623 4.73673e-20)
(49.8051 0.188926 -4.65495e-20)
(49.8527 0.156965 -2.78283e-21)
(49.8983 0.123861 -4.50815e-20)
(49.9418 0.0897317 0)
(49.9834 0.0546911 -4.69268e-20)
(50.0229 0.0188484 0)
(50.0605 -0.0176926 0)
(50.0961 -0.0548333 -4.56741e-20)
(50.1297 -0.0924788 0)
(50.1615 -0.130544 4.16665e-20)
(50.1913 -0.168942 -4.13842e-20)
(50.2193 -0.207605 8.57373e-20)
(50.2455 -0.246452 -4.09583e-20)
(50.27 -0.285438 0)
(50.2927 -0.324476 4.41803e-20)
(50.3138 -0.363558 0)
(50.3332 -0.402578 0)
(50.3512 -0.441579 4.40868e-20)
(50.3675 -0.480412 0)
(50.3826 -0.519195 4.07355e-20)
(50.396 -0.55771 0)
(50.4085 -0.596167 4.43971e-20)
(50.4189 -0.634292 0)
(50.4292 -0.672319 0)
(50.4367 -0.710111 0)
(48.3646 -0.495537 0)
(48.3872 -0.511727 2.69478e-21)
(48.4057 -0.528058 -3.42728e-20)
(48.4218 -0.544127 -3.46733e-20)
(48.4365 -0.55995 0)
(48.449 -0.575417 -7.38604e-20)
(48.4595 -0.59036 0)
(48.4678 -0.604612 0)
(48.474 -0.617992 -2.52496e-21)
(48.4781 -0.630301 0)
(48.4802 -0.641337 0)
(48.4803 -0.650891 4.19287e-20)
(48.4784 -0.658763 4.07461e-20)
(48.4748 -0.664755 -4.34556e-20)
(48.4696 -0.668687 0)
(48.463 -0.670398 8.90107e-20)
(48.4552 -0.669745 0)
(48.4464 -0.666617 -4.68593e-20)
(48.4368 -0.660927 -4.74471e-20)
(48.4268 -0.65262 4.86663e-20)
(48.4165 -0.641674 0)
(48.4063 -0.628096 -1.01649e-19)
(48.3964 -0.611923 0)
(48.3871 -0.593222 0)
(48.3786 -0.572086 5.31429e-20)
(48.3712 -0.548634 1.95551e-21)
(48.3651 -0.523009 0)
(48.3605 -0.495373 0)
(48.3575 -0.465909 1.15391e-19)
(48.3565 -0.434813 -5.69971e-20)
(48.3574 -0.402295 0)
(48.3606 -0.368575 6.16347e-20)
(48.3659 -0.333878 5.87622e-20)
(48.3736 -0.298437 -5.92388e-20)
(48.3837 -0.262487 6.34594e-20)
(48.3962 -0.226261 0)
(48.4112 -0.189992 0)
(48.4286 -0.153909 6.44908e-20)
(48.4484 -0.118233 -6.07045e-20)
(48.4707 -0.0831796 0)
(48.4952 -0.0489541 6.08554e-20)
(48.522 -0.0157518 -6.46311e-20)
(48.551 0.0162434 -6.07663e-20)
(48.5821 0.0468602 0)
(48.615 0.0759403 -3.4318e-21)
(48.6499 0.10334 0)
(48.6864 0.128928 -5.99317e-20)
(48.7245 0.15259 -6.25161e-20)
(48.7639 0.174225 5.92296e-20)
(48.8047 0.193746 0)
(48.8465 0.211082 -1.19029e-19)
(48.8893 0.226174 0)
(48.9329 0.238979 5.73886e-20)
(48.9771 0.249467 0)
(49.0218 0.257621 -1.13963e-19)
(49.0669 0.263438 0)
(49.1121 0.266926 5.51592e-20)
(49.1573 0.268104 -5.51953e-20)
(49.2024 0.267003 -5.39717e-20)
(49.2473 0.26366 0)
(49.2918 0.25812 5.27013e-20)
(49.3359 0.250439 0)
(49.3793 0.240674 -5.15863e-20)
(49.422 0.228892 0)
(49.4638 0.215164 9.99515e-20)
(49.5048 0.199568 0)
(49.5448 0.182183 -4.93419e-20)
(49.5837 0.163097 4.7348e-20)
(49.6215 0.142398 4.83206e-20)
(49.6581 0.120176 0)
(49.6935 0.0965257 -1.94089e-21)
(49.7276 0.0715391 0)
(49.7604 0.0453093 4.65512e-20)
(49.7918 0.0179294 4.38529e-20)
(49.8219 -0.0105102 -4.58231e-20)
(49.8506 -0.0399189 0)
(49.878 -0.0702106 8.78024e-20)
(49.9039 -0.101299 0)
(49.9285 -0.133104 -4.47107e-20)
(49.9518 -0.165545 4.16767e-20)
(49.9737 -0.198549 0)
(49.9942 -0.232041 0)
(50.0135 -0.265958 -4.4072e-20)
(50.0315 -0.300232 -4.09733e-20)
(50.0482 -0.334811 4.39293e-20)
(50.0638 -0.369631 0)
(50.0781 -0.404654 -8.47146e-20)
(50.0913 -0.439816 0)
(50.1034 -0.475098 0)
(50.1145 -0.51043 -4.09431e-20)
(50.1244 -0.545818 -4.41771e-20)
(50.1336 -0.581174 0)
(50.1414 -0.616552 -4.44731e-20)
(50.1489 -0.651813 -4.15249e-20)
(50.1546 -0.687103 -4.48698e-20)
(50.1609 -0.722166 0)
(50.1643 -0.757344 -4.38673e-20)
(48.7762 -0.45805 0)
(48.7749 -0.468235 -3.03109e-20)
(48.7724 -0.478365 0)
(48.7687 -0.488176 0)
(48.764 -0.497662 0)
(48.7582 -0.506733 3.18176e-20)
(48.7513 -0.515276 0)
(48.7434 -0.523187 -1.71812e-20)
(48.7344 -0.530358 3.32948e-20)
(48.7244 -0.53668 0)
(48.7135 -0.542041 0)
(48.7017 -0.546333 -3.5084e-20)
(48.6891 -0.549452 1.83982e-20)
(48.6759 -0.5513 3.64392e-20)
(48.662 -0.551787 0)
(48.6476 -0.550834 -3.79045e-20)
(48.6329 -0.548375 0)
(48.618 -0.544355 3.94545e-20)
(48.6031 -0.538735 0)
(48.5882 -0.531492 -4.10573e-20)
(48.5736 -0.522617 0)
(48.5595 -0.512119 4.26767e-20)
(48.5458 -0.500024 0)
(48.533 -0.486373 0)
(48.5209 -0.471223 -4.50524e-20)
(48.51 -0.454645 4.58108e-20)
(48.5001 -0.436725 0)
(48.4916 -0.417561 0)
(48.4845 -0.397261 -4.79232e-20)
(48.4789 -0.375946 4.85598e-20)
(48.4749 -0.353743 0)
(48.4726 -0.330787 0)
(48.4721 -0.307219 -5.02202e-20)
(48.4734 -0.283186 5.06819e-20)
(48.4766 -0.258834 0)
(48.4817 -0.234314 0)
(48.4887 -0.209776 0)
(48.4976 -0.185368 0)
(48.5085 -0.161238 5.22309e-20)
(48.5212 -0.137528 0)
(48.5358 -0.114377 -5.2487e-20)
(48.5522 -0.0919203 0)
(48.5703 -0.070284 5.25409e-20)
(48.5902 -0.0495896 0)
(48.6117 -0.0299504 -5.24036e-20)
(48.6347 -0.0114723 0)
(48.6592 0.00574773 5.20903e-20)
(48.6851 0.0216209 0)
(48.7122 0.036068 -2.67691e-20)
(48.7405 0.0490183 0)
(48.7699 0.0604111 5.10148e-20)
(48.8002 0.0701944 0)
(48.8314 0.0783257 -5.02975e-20)
(48.8633 0.0847714 0)
(48.8959 0.089507 4.94931e-20)
(48.929 0.0925165 0)
(48.9625 0.0937924 -4.86262e-20)
(48.9963 0.0933349 0)
(49.0303 0.0911521 4.77211e-20)
(49.0644 0.0872593 0)
(49.0985 0.0816783 0)
(49.1326 0.0744375 0)
(49.1665 0.0655712 4.58889e-20)
(49.2001 0.0551189 0)
(49.2334 0.0431251 -4.50037e-20)
(49.2663 0.0296385 0)
(49.2987 0.0147115 4.41637e-20)
(49.3306 -0.00160051 0)
(49.3619 -0.0192393 -4.33846e-20)
(49.3925 -0.0381446 0)
(49.4225 -0.0582545 4.26798e-20)
(49.4517 -0.0795059 0)
(49.4801 -0.101835 -4.20602e-20)
(49.5078 -0.125177 0)
(49.5346 -0.149468 4.15345e-20)
(49.5605 -0.174644 0)
(49.5856 -0.200641 -4.11093e-20)
(49.6098 -0.227399 0)
(49.6332 -0.254855 4.0789e-20)
(49.6556 -0.282951 0)
(49.6771 -0.311631 0)
(49.6978 -0.340836 0)
(49.7176 -0.370518 6.20119e-20)
(49.7365 -0.40062 0)
(49.7546 -0.431103 -4.0477e-20)
(49.7719 -0.461909 0)
(49.7883 -0.49301 4.05894e-20)
(49.8039 -0.524346 0)
(49.8187 -0.555905 0)
(49.8329 -0.587617 0)
(49.8462 -0.619498 4.11298e-20)
(49.8589 -0.651456 0)
(49.8707 -0.683543 4.15536e-20)
(49.8822 -0.715637 0)
(49.8926 -0.747832 4.20772e-20)
(49.903 -0.779979 0)
(49.9118 -0.812189 4.12803e-20)
(48.7173 -0.435425 0)
(48.712 -0.442551 1.74525e-20)
(48.7064 -0.449424 0)
(48.7004 -0.455967 1.77551e-20)
(48.6939 -0.462143 0)
(48.6869 -0.467893 0)
(48.6795 -0.473161 0)
(48.6716 -0.477888 -5.04479e-22)
(48.6633 -0.482016 0)
(48.6547 -0.485489 0)
(48.6457 -0.488251 0)
(48.6365 -0.490247 0)
(48.627 -0.491427 -1.91249e-20)
(48.6173 -0.491744 0)
(48.6075 -0.491157 0)
(48.5977 -0.489629 0)
(48.588 -0.487131 0)
(48.5783 -0.48364 0)
(48.5689 -0.479141 0)
(48.5597 -0.473629 0)
(48.551 -0.467104 0)
(48.5427 -0.459578 0)
(48.535 -0.451071 0)
(48.528 -0.44161 0)
(48.5217 -0.431233 0)
(48.5163 -0.419984 0)
(48.5117 -0.407916 0)
(48.5082 -0.395089 0)
(48.5057 -0.381571 0)
(48.5044 -0.367434 0)
(48.5043 -0.352756 0)
(48.5054 -0.337621 0)
(48.5078 -0.322117 0)
(48.5115 -0.306333 0)
(48.5165 -0.290363 0)
(48.523 -0.274302 0)
(48.5308 -0.258245 0)
(48.54 -0.242288 0)
(48.5506 -0.226526 0)
(48.5626 -0.211055 0)
(48.576 -0.195967 0)
(48.5907 -0.18135 0)
(48.6066 -0.167294 0)
(48.6239 -0.153881 0)
(48.6424 -0.141191 0)
(48.662 -0.129298 0)
(48.6828 -0.118275 0)
(48.7047 -0.108185 0)
(48.7275 -0.0990903 -2.49278e-20)
(48.7513 -0.091044 0)
(48.7759 -0.0840955 0)
(48.8013 -0.0782883 0)
(48.8275 -0.0736594 0)
(48.8543 -0.0702407 0)
(48.8816 -0.0680579 0)
(48.9095 -0.067131 0)
(48.9378 -0.0674745 0)
(48.9664 -0.0690975 0)
(48.9953 -0.0720038 0)
(49.0244 -0.0761922 0)
(49.0536 -0.0816567 0)
(49.0829 -0.0883869 2.32487e-20)
(49.1121 -0.0963678 0)
(49.1413 -0.105581 2.30427e-20)
(49.1704 -0.116004 0)
(49.1993 -0.12761 2.28407e-20)
(49.2279 -0.140371 0)
(49.2563 -0.154254 2.26476e-20)
(49.2842 -0.169225 0)
(49.3118 -0.185247 2.24679e-20)
(49.339 -0.202282 0)
(49.3657 -0.220288 2.2306e-20)
(49.3919 -0.239225 0)
(49.4176 -0.25905 2.21653e-20)
(49.4427 -0.279719 0)
(49.4672 -0.301189 2.2049e-20)
(49.4911 -0.323415 0)
(49.5144 -0.346354 2.19598e-20)
(49.5371 -0.369962 0)
(49.5592 -0.394195 2.18999e-20)
(49.5806 -0.419013 0)
(49.6013 -0.444372 2.1871e-20)
(49.6214 -0.470233 -2.072e-20)
(49.6408 -0.496555 2.18745e-20)
(49.6596 -0.523303 0)
(49.6777 -0.550437 0)
(49.6951 -0.577924 0)
(49.712 -0.605729 2.19827e-20)
(49.7281 -0.633821 0)
(49.7437 -0.662171 2.20888e-20)
(49.7587 -0.690742 0)
(49.773 -0.719526 2.22303e-20)
(49.7868 -0.748459 0)
(49.8 -0.77759 2.24077e-20)
(49.8125 -0.806765 0)
(49.8247 -0.83619 2.26217e-20)
(49.8359 -0.865461 0)
(48.6777 -0.407439 0)
(48.674 -0.412437 -1.75085e-20)
(48.6702 -0.417168 0)
(48.6662 -0.421614 -1.7793e-20)
(48.662 -0.425742 0)
(48.6575 -0.42952 0)
(48.6529 -0.432918 0)
(48.6481 -0.435904 1.84334e-20)
(48.6431 -0.438448 0)
(48.638 -0.440518 -1.90548e-20)
(48.6328 -0.442086 0)
(48.6276 -0.443125 0)
(48.6223 -0.443609 0)
(48.617 -0.443514 -1.96847e-20)
(48.6118 -0.442821 0)
(48.6067 -0.441514 0)
(48.6017 -0.439579 0)
(48.597 -0.437007 0)
(48.5924 -0.433795 -2.05075e-20)
(48.5882 -0.429943 0)
(48.5844 -0.425455 0)
(48.581 -0.420342 0)
(48.578 -0.414618 0)
(48.5756 -0.408305 0)
(48.5738 -0.401427 -2.14717e-20)
(48.5725 -0.394015 0)
(48.572 -0.386102 0)
(48.5722 -0.377729 0)
(48.5732 -0.368938 0)
(48.5749 -0.359777 -2.21795e-20)
(48.5775 -0.350297 0)
(48.581 -0.340552 0)
(48.5854 -0.330598 0)
(48.5908 -0.320495 0)
(48.5971 -0.310304 -2.27372e-20)
(48.6043 -0.300087 0)
(48.6125 -0.289907 0)
(48.6217 -0.279829 0)
(48.6319 -0.269917 0)
(48.6431 -0.260235 -2.31047e-20)
(48.6552 -0.250847 0)
(48.6683 -0.241814 0)
(48.6823 -0.233197 0)
(48.6972 -0.225055 0)
(48.713 -0.217445 0)
(48.7297 -0.210421 -2.32774e-20)
(48.7471 -0.204035 0)
(48.7654 -0.198336 0)
(48.7844 -0.193368 0)
(48.8041 -0.189175 0)
(48.8244 -0.185794 -2.32168e-20)
(48.8454 -0.183262 0)
(48.8669 -0.181609 0)
(48.889 -0.180862 0)
(48.9115 -0.181046 0)
(48.9344 -0.18218 -2.30129e-20)
(48.9576 -0.18428 0)
(48.9812 -0.187359 0)
(49.005 -0.191425 0)
(49.029 -0.196484 0)
(49.0532 -0.202535 0)
(49.0775 -0.209578 -2.24411e-20)
(49.1018 -0.217607 0)
(49.1262 -0.226614 -2.22121e-20)
(49.1505 -0.236588 0)
(49.1747 -0.247514 -2.19868e-20)
(49.1988 -0.259376 0)
(49.2227 -0.272156 -2.177e-20)
(49.2464 -0.285831 0)
(49.2699 -0.300381 5.98016e-22)
(49.2931 -0.315777 0)
(49.316 -0.331996 -2.13786e-20)
(49.3386 -0.349009 0)
(49.3608 -0.366788 -2.12113e-20)
(49.3826 -0.385303 0)
(49.404 -0.404522 -2.1067e-20)
(49.425 -0.424417 0)
(49.4455 -0.444953 -2.0948e-20)
(49.4656 -0.466101 0)
(49.4852 -0.487828 -2.08564e-20)
(49.5043 -0.510103 0)
(49.5229 -0.532894 -2.07936e-20)
(49.541 -0.556169 0)
(49.5585 -0.579898 -2.07609e-20)
(49.5756 -0.604051 0)
(49.5921 -0.628596 2.18525e-20)
(49.6081 -0.653508 0)
(49.6236 -0.678755 -2.07886e-20)
(49.6385 -0.70431 0)
(49.6529 -0.730152 -2.08501e-20)
(49.6667 -0.756238 0)
(49.6801 -0.782581 -2.09438e-20)
(49.6929 -0.809086 0)
(49.7052 -0.835858 -2.10699e-20)
(49.7169 -0.862651 0)
(49.7282 -0.889826 -2.12289e-20)
(49.7387 -0.916724 -2.17775e-20)
(48.6515 -0.39859 0)
(48.6493 -0.402777 -9.16617e-21)
(48.6471 -0.406748 0)
(48.6448 -0.410484 0)
(48.6424 -0.413967 9.32318e-21)
(48.6399 -0.417176 0)
(48.6373 -0.420093 0)
(48.6348 -0.4227 0)
(48.6321 -0.424979 -9.54726e-21)
(48.6295 -0.426913 9.40593e-21)
(48.6269 -0.428486 9.66462e-21)
(48.6243 -0.429685 0)
(48.6218 -0.430496 0)
(48.6193 -0.430909 1.95906e-20)
(48.617 -0.430915 0)
(48.6148 -0.430507 0)
(48.6128 -0.429681 1.00293e-20)
(48.611 -0.428435 0)
(48.6094 -0.42677 2.03431e-20)
(48.6081 -0.42469 0)
(48.6071 -0.422202 1.02727e-20)
(48.6064 -0.419315 0)
(48.6061 -0.416041 0)
(48.6062 -0.412398 0)
(48.6068 -0.408402 3.1719e-20)
(48.6078 -0.404077 0)
(48.6093 -0.399445 1.06137e-20)
(48.6113 -0.394536 0)
(48.6139 -0.389377 0)
(48.6171 -0.384002 2.18391e-20)
(48.6209 -0.378445 1.08099e-20)
(48.6253 -0.372742 1.08538e-20)
(48.6304 -0.366931 1.08953e-20)
(48.6361 -0.361052 1.09345e-20)
(48.6425 -0.355147 2.23127e-20)
(48.6496 -0.349257 1.10051e-20)
(48.6573 -0.343425 -1.10364e-20)
(48.6658 -0.337696 1.1065e-20)
(48.675 -0.332111 1.10909e-20)
(48.6848 -0.326716 3.37117e-20)
(48.6953 -0.321554 0)
(48.7065 -0.316668 -1.1152e-20)
(48.7184 -0.3121 1.11668e-20)
(48.731 -0.307892 1.1179e-20)
(48.7441 -0.304084 1.11884e-20)
(48.7579 -0.300714 3.38718e-20)
(48.7723 -0.297821 0)
(48.7873 -0.295439 -1.12014e-20)
(48.8028 -0.293603 1.12009e-20)
(48.8188 -0.292343 1.11981e-20)
(48.8354 -0.29169 3.37366e-20)
(48.8523 -0.291669 0)
(48.8698 -0.292308 1.11775e-20)
(48.8876 -0.293626 -1.1167e-20)
(48.9057 -0.295646 1.11549e-20)
(48.9242 -0.298384 3.3413e-20)
(48.943 -0.301855 1.11265e-20)
(48.962 -0.30607 0)
(48.9812 -0.311042 1.10937e-20)
(49.0007 -0.316776 -1.10759e-20)
(49.0202 -0.323278 0)
(49.0399 -0.330549 0)
(49.0596 -0.338593 0)
(49.0794 -0.347403 0)
(49.0991 -0.35698 0)
(49.1189 -0.367314 0)
(49.1385 -0.3784 0)
(49.1581 -0.390225 0)
(49.1775 -0.40278 0)
(49.1968 -0.41605 -2.12425e-20)
(49.2159 -0.430022 0)
(49.2348 -0.444679 0)
(49.2534 -0.460003 0)
(49.2717 -0.475977 0)
(49.2898 -0.492581 0)
(49.3076 -0.509794 0)
(49.325 -0.527596 0)
(49.3421 -0.545964 0)
(49.3589 -0.564878 0)
(49.3752 -0.584312 0)
(49.3912 -0.604247 -1.0794e-20)
(49.4067 -0.624654 0)
(49.4218 -0.645518 0)
(49.4365 -0.666805 0)
(49.4508 -0.688502 0)
(49.4646 -0.710572 -9.85612e-21)
(49.4779 -0.733012 0)
(49.4908 -0.75577 0)
(49.5032 -0.778857 -1.0871e-20)
(49.515 -0.80221 0)
(49.5265 -0.825852 0)
(49.5373 -0.849712 1.09391e-20)
(49.5478 -0.873806 0)
(49.5575 -0.898102 0)
(49.567 -0.922519 0)
(49.5756 -0.947232 1.10664e-20)
(49.5841 -0.971753 3.11469e-20)
(48.6305 -0.38465 0)
(48.6296 -0.388255 9.18183e-21)
(48.6287 -0.39169 -9.35176e-21)
(48.6278 -0.394934 0)
(48.6268 -0.397982 -9.32174e-21)
(48.6259 -0.400821 9.47517e-21)
(48.625 -0.403441 -9.51748e-21)
(48.6241 -0.405834 0)
(48.6232 -0.407989 -8.20776e-23)
(48.6223 -0.409899 9.5735e-21)
(48.6215 -0.411556 -1.93175e-20)
(48.6208 -0.412954 0)
(48.6202 -0.414087 0)
(48.6196 -0.414952 -9.82521e-21)
(48.6192 -0.415546 -9.87005e-21)
(48.6189 -0.415867 0)
(48.6188 -0.415916 -1.99093e-20)
(48.6188 -0.415695 1.00042e-20)
(48.619 -0.415206 0)
(48.6195 -0.414456 -1.00924e-20)
(48.6202 -0.413451 -2.02995e-20)
(48.6211 -0.4122 -1.01787e-20)
(48.6223 -0.410714 0)
(48.6238 -0.409006 -1.02623e-20)
(48.6256 -0.40709 -2.06679e-20)
(48.6278 -0.404982 -1.03424e-20)
(48.6303 -0.4027 -1.04579e-20)
(48.6332 -0.400265 -1.04182e-20)
(48.6365 -0.397697 -1.04543e-20)
(48.6401 -0.395019 0)
(48.6442 -0.392256 -2.11442e-20)
(48.6487 -0.389433 -2.12118e-20)
(48.6537 -0.386577 -2.12755e-20)
(48.6591 -0.383716 -1.07222e-20)
(48.6649 -0.380878 -1.06398e-20)
(48.6712 -0.378094 -2.14418e-20)
(48.678 -0.375392 1.08e-20)
(48.6852 -0.372805 -1.08207e-20)
(48.6929 -0.370362 -2.15686e-20)
(48.701 -0.368095 -2.16019e-20)
(48.7096 -0.366033 -1.07642e-20)
(48.7187 -0.364209 1.08762e-20)
(48.7282 -0.362652 -2.16745e-20)
(48.7381 -0.361392 -2.16898e-20)
(48.7484 -0.360458 -1.08898e-20)
(48.7591 -0.359879 -2.17074e-20)
(48.7702 -0.359681 -1.08239e-20)
(48.7817 -0.359892 5.2689e-23)
(48.7935 -0.360536 -1.08728e-20)
(48.8057 -0.361637 -2.16942e-20)
(48.8182 -0.363218 -2.16818e-20)
(48.8309 -0.365299 -1.08291e-20)
(48.8439 -0.367901 -1.08214e-20)
(48.8571 -0.371041 -1.78394e-23)
(48.8705 -0.374734 -2.16018e-20)
(48.8842 -0.378997 -1.07649e-20)
(48.8979 -0.383841 -2.15468e-20)
(48.9118 -0.389278 -1.07956e-20)
(48.9258 -0.395316 -2.14846e-20)
(48.9398 -0.401963 1.06733e-20)
(48.9539 -0.409226 1.07687e-20)
(48.968 -0.417106 0)
(48.9821 -0.425608 0)
(48.9961 -0.434731 0)
(49.01 -0.444475 1.07289e-20)
(49.0238 -0.454835 0)
(49.0375 -0.465809 0)
(49.051 -0.47739 0)
(49.0643 -0.489572 -1.06911e-20)
(49.0774 -0.502345 0)
(49.0902 -0.5157 0)
(49.1028 -0.529625 0)
(49.1151 -0.54411 -1.06617e-20)
(49.127 -0.559138 0)
(49.1386 -0.574699 -1.06521e-20)
(49.1498 -0.590773 0)
(49.1607 -0.60735 1.06467e-20)
(49.1711 -0.624406 0)
(49.1811 -0.641931 -1.06461e-20)
(49.1906 -0.659899 0)
(49.1996 -0.678301 1.02533e-20)
(49.2082 -0.697105 0)
(49.2162 -0.716306 -1.06613e-20)
(49.2238 -0.735868 0)
(49.2307 -0.755788 0)
(49.2371 -0.776023 -1.02458e-20)
(49.243 -0.796581 -1.07012e-20)
(49.2482 -0.817401 1.07151e-20)
(49.2529 -0.838516 1.02675e-20)
(49.2568 -0.859828 0)
(49.2604 -0.881419 -1.07684e-20)
(49.2629 -0.903124 -1.03095e-20)
(49.2654 -0.92511 0)
(49.2663 -0.947109 0)
(49.2678 -0.969393 -1.08657e-20)
(49.2667 -0.991625 -1.03991e-20)
(49.2676 -1.01401 -1.00936e-20)
(48.5715 -0.391669 0)
(48.5684 -0.395596 -4.67048e-21)
(48.5655 -0.399383 9.25119e-21)
(48.5626 -0.402986 -4.69988e-21)
(48.5595 -0.406414 0)
(48.5564 -0.409666 -9.35945e-21)
(48.5533 -0.412735 9.39662e-21)
(48.5501 -0.415619 0)
(48.5469 -0.418313 9.47232e-21)
(48.5436 -0.420816 0)
(48.5403 -0.423124 9.54947e-21)
(48.537 -0.425236 0)
(48.5337 -0.427151 0)
(48.5305 -0.42887 9.66689e-21)
(48.5272 -0.430391 9.7062e-21)
(48.5239 -0.431718 0)
(48.5207 -0.432852 9.78461e-21)
(48.5176 -0.433798 -9.82353e-21)
(48.5145 -0.434559 0)
(48.5115 -0.435142 4.9466e-21)
(48.5085 -0.435553 9.93807e-21)
(48.5057 -0.435801 9.9752e-21)
(48.503 -0.435894 0)
(48.5004 -0.435844 5.03229e-21)
(48.4979 -0.43566 1.00821e-20)
(48.4955 -0.435357 1.01159e-20)
(48.4933 -0.434948 0)
(48.4913 -0.434447 5.10852e-21)
(48.4894 -0.43387 1.02105e-20)
(48.4878 -0.433234 0)
(48.4862 -0.432557 1.02672e-20)
(48.4849 -0.431857 1.02934e-20)
(48.4838 -0.431153 1.03181e-20)
(48.4829 -0.430465 0)
(48.4821 -0.429813 1.03627e-20)
(48.4816 -0.429218 1.03825e-20)
(48.4812 -0.428701 0)
(48.4811 -0.428284 0)
(48.4811 -0.427988 1.04316e-20)
(48.4814 -0.427836 1.04445e-20)
(48.4818 -0.427848 1.04556e-20)
(48.4824 -0.428046 0)
(48.4832 -0.428452 1.04727e-20)
(48.4841 -0.429087 1.04787e-20)
(48.4852 -0.42997 0)
(48.4864 -0.431123 1.04857e-20)
(48.4878 -0.432565 1.04868e-20)
(48.4892 -0.434314 1.04863e-20)
(48.4908 -0.436388 0)
(48.4924 -0.438804 1.04811e-20)
(48.4941 -0.44158 1.04764e-20)
(48.4958 -0.444729 1.04705e-20)
(48.4976 -0.448266 0)
(48.4994 -0.452205 1.04553e-20)
(48.5011 -0.456556 1.04462e-20)
(48.5029 -0.461332 0)
(48.5045 -0.466541 1.04253e-20)
(48.5061 -0.472193 1.04138e-20)
(48.5076 -0.478293 1.04017e-20)
(48.5089 -0.484849 0)
(48.5101 -0.491865 -1.03761e-20)
(48.5111 -0.499345 -5.24896e-21)
(48.512 -0.50729 0)
(48.5126 -0.515702 -5.24739e-21)
(48.513 -0.524581 -1.03225e-20)
(48.5131 -0.533925 -5.24593e-21)
(48.5129 -0.543732 0)
(48.5124 -0.553999 -5.24487e-21)
(48.5116 -0.564721 1.02712e-20)
(48.5105 -0.575892 -5.24448e-21)
(48.5089 -0.587506 0)
(48.507 -0.599555 -5.24502e-21)
(48.5047 -0.612031 1.02283e-20)
(48.5019 -0.624925 -5.24673e-21)
(48.4987 -0.638226 1.02117e-20)
(48.495 -0.651924 -5.24984e-21)
(48.4908 -0.666007 -4.94722e-21)
(48.4861 -0.680463 -5.25456e-21)
(48.4809 -0.695279 1.01913e-20)
(48.4752 -0.710443 -5.26107e-21)
(48.4689 -0.725938 0)
(48.4621 -0.741754 -5.26952e-21)
(48.4547 -0.757872 1.01912e-20)
(48.4467 -0.77428 -5.28006e-21)
(48.4381 -0.790959 -5.28614e-21)
(48.4289 -0.807898 -5.29279e-21)
(48.4192 -0.825074 1.02145e-20)
(48.4087 -0.842476 -1.5532e-20)
(48.3977 -0.860086 0)
(48.3859 -0.877881 -5.32517e-21)
(48.3737 -0.895861 1.02635e-20)
(48.3604 -0.913968 -5.34486e-21)
(48.3473 -0.932264 5.35626e-21)
(48.3322 -0.950584 -5.36675e-21)
(48.3185 -0.969165 1.03408e-20)
(48.3007 -0.987565 5.39034e-21)
(48.2878 -1.00642 0)
(47.8642 -0.372452 0)
(47.8492 -0.37565 5.66539e-21)
(47.8346 -0.378756 0)
(47.82 -0.381696 5.67407e-21)
(47.8052 -0.384487 0)
(47.7903 -0.387135 0)
(47.7753 -0.389634 0)
(47.7602 -0.391982 0)
(47.745 -0.394179 1.14632e-20)
(47.7297 -0.396225 0)
(47.7144 -0.39812 0)
(47.699 -0.399864 0)
(47.6835 -0.401458 0)
(47.668 -0.402905 0)
(47.6524 -0.404206 0)
(47.6369 -0.405364 0)
(47.6213 -0.406384 0)
(47.6056 -0.40727 0)
(47.59 -0.408026 0)
(47.5744 -0.408659 5.75859e-21)
(47.5588 -0.409175 0)
(47.5433 -0.409581 0)
(47.5278 -0.409886 0)
(47.5123 -0.410099 5.77513e-21)
(47.4969 -0.410229 1.15418e-20)
(47.4815 -0.410286 -1.15441e-20)
(47.4662 -0.410282 0)
(47.451 -0.410228 5.78574e-21)
(47.4359 -0.410137 0)
(47.4208 -0.410021 -1.15471e-20)
(47.4059 -0.409894 0)
(47.391 -0.409771 -1.15446e-20)
(47.3763 -0.409665 0)
(47.3616 -0.409591 -1.15391e-20)
(47.3471 -0.409565 0)
(47.3327 -0.409603 -1.15306e-20)
(47.3184 -0.409719 0)
(47.3042 -0.40993 -1.15189e-20)
(47.2901 -0.410252 0)
(47.2761 -0.4107 -1.1504e-20)
(47.2622 -0.411292 0)
(47.2484 -0.412041 0)
(47.2347 -0.412966 0)
(47.2211 -0.41408 -1.14651e-20)
(47.2076 -0.415399 0)
(47.1942 -0.416938 0)
(47.1808 -0.418711 0)
(47.1675 -0.420733 -1.14147e-20)
(47.1542 -0.423016 0)
(47.1409 -0.425574 -1.13858e-20)
(47.1277 -0.428419 0)
(47.1145 -0.431562 -1.13549e-20)
(47.1013 -0.435015 0)
(47.0881 -0.438787 -1.13222e-20)
(47.0748 -0.442889 0)
(47.0615 -0.447328 0)
(47.0481 -0.452113 0)
(47.0346 -0.457251 -1.12532e-20)
(47.0211 -0.462747 0)
(47.0074 -0.468608 0)
(46.9936 -0.474836 0)
(46.9797 -0.481437 -5.65057e-21)
(46.9656 -0.488413 0)
(46.9514 -0.495765 -5.64259e-21)
(46.9369 -0.503494 0)
(46.9222 -0.511602 -5.63508e-21)
(46.9073 -0.520086 0)
(46.8922 -0.528946 -5.62812e-21)
(46.8768 -0.538179 0)
(46.8611 -0.547782 -5.62182e-21)
(46.8451 -0.557751 0)
(46.8288 -0.568082 -5.61626e-21)
(46.8122 -0.578769 0)
(46.7953 -0.589806 5.37584e-21)
(46.7779 -0.601187 0)
(46.7602 -0.612905 1.63151e-20)
(46.7421 -0.624951 -5.34331e-21)
(46.7236 -0.637317 5.33332e-21)
(46.7047 -0.649994 0)
(46.6854 -0.662972 5.31472e-21)
(46.6656 -0.676242 0)
(46.6453 -0.689792 5.2981e-21)
(46.6246 -0.703612 0)
(46.6034 -0.71769 5.28356e-21)
(46.5817 -0.732013 5.2771e-21)
(46.5595 -0.746572 5.27118e-21)
(46.5367 -0.761347 0)
(46.5135 -0.776335 5.26104e-21)
(46.4897 -0.791506 0)
(46.4653 -0.80687 5.25315e-21)
(46.4404 -0.822378 0)
(46.4148 -0.83806 5.24748e-21)
(46.3889 -0.85384 -5.24605e-21)
(46.3618 -0.869774 5.24387e-21)
(46.3354 -0.885777 0)
(46.306 -0.901834 -5.24178e-21)
(46.2804 -0.918137 0)
(46.1943 -0.323612 1.4258e-20)
(46.1732 -0.326545 0)
(46.153 -0.329409 1.43589e-20)
(46.1331 -0.332158 -1.43917e-20)
(46.1129 -0.334797 1.44273e-20)
(46.0927 -0.33733 0)
(46.0725 -0.339754 -1.44994e-20)
(46.0523 -0.342067 -1.45358e-20)
(46.032 -0.344268 5.26511e-23)
(46.0117 -0.346359 0)
(45.9915 -0.348339 0)
(45.9712 -0.35021 1.46837e-20)
(45.951 -0.351973 0)
(45.9307 -0.35363 1.47587e-20)
(45.9105 -0.355185 0)
(45.8903 -0.35664 1.4834e-20)
(45.8702 -0.358 -1.48716e-20)
(45.85 -0.359268 1.49092e-20)
(45.83 -0.360449 0)
(45.81 -0.361549 1.49841e-20)
(45.79 -0.362574 0)
(45.7701 -0.36353 1.50583e-20)
(45.7503 -0.364424 0)
(45.7306 -0.365264 1.51314e-20)
(45.711 -0.366057 -1.51714e-20)
(45.6914 -0.366813 3.04124e-20)
(45.6719 -0.367539 0)
(45.6525 -0.368246 0)
(45.6333 -0.368944 1.53075e-20)
(45.6141 -0.369642 1.21749e-23)
(45.595 -0.370351 1.53745e-20)
(45.576 -0.371083 1.54205e-20)
(45.5572 -0.371847 1.54392e-20)
(45.5384 -0.372657 1.54839e-20)
(45.5198 -0.373523 1.55014e-20)
(45.5012 -0.374458 1.55433e-20)
(45.4827 -0.375473 0)
(45.4644 -0.37658 8.97782e-24)
(45.4461 -0.377792 1.56178e-20)
(45.4279 -0.379121 1.56499e-20)
(45.4098 -0.380578 1.56719e-20)
(45.3918 -0.382175 0)
(45.3738 -0.383925 1.57234e-20)
(45.3559 -0.385838 1.57399e-20)
(45.338 -0.387926 1.57723e-20)
(45.3202 -0.3902 0)
(45.3024 -0.39267 0)
(45.2846 -0.395348 3.16558e-20)
(45.2668 -0.398241 0)
(45.249 -0.401361 3.17314e-20)
(45.2312 -0.404715 -1.59055e-20)
(45.2133 -0.408313 3.18023e-20)
(45.1954 -0.412161 0)
(45.1774 -0.416268 3.18694e-20)
(45.1593 -0.42064 0)
(45.1411 -0.425282 1.60054e-20)
(45.1227 -0.4302 0)
(45.1042 -0.435399 3.19956e-20)
(45.0856 -0.440882 -1.60629e-20)
(45.0667 -0.446654 1.60821e-20)
(45.0477 -0.452716 0)
(45.0284 -0.45907 3.21177e-20)
(45.0088 -0.465718 0)
(44.989 -0.47266 3.21798e-20)
(44.9689 -0.479895 0)
(44.9485 -0.487424 3.22439e-20)
(44.9277 -0.495243 0)
(44.9066 -0.503352 3.23112e-20)
(44.8851 -0.511746 1.62631e-20)
(44.8631 -0.520423 3.23825e-20)
(44.8408 -0.529378 1.63079e-20)
(44.818 -0.538606 1.61275e-20)
(44.7947 -0.548101 1.63552e-20)
(44.771 -0.557858 1.638e-20)
(44.7467 -0.56787 1.64054e-20)
(44.7219 -0.57813 2.33708e-22)
(44.6965 -0.588629 1.64588e-20)
(44.6706 -0.59936 1.64867e-20)
(44.644 -0.610314 1.65156e-20)
(44.6169 -0.621483 0)
(44.5891 -0.632855 0)
(44.5607 -0.644422 1.66076e-20)
(44.5316 -0.656173 1.66401e-20)
(44.5018 -0.668097 1.66736e-20)
(44.4713 -0.680184 1.67081e-20)
(44.4401 -0.692422 1.67435e-20)
(44.4082 -0.704799 0)
(44.3756 -0.717305 0)
(44.3422 -0.729924 1.68555e-20)
(44.308 -0.742651 1.68946e-20)
(44.2731 -0.75546 0)
(44.2374 -0.768361 1.69753e-20)
(44.2011 -0.7813 0)
(44.1636 -0.794329 1.70588e-20)
(44.126 -0.807341 0)
(44.0864 -0.820414 0)
(44.0485 -0.83357 -1.68767e-20)
(44.581 -0.296144 -1.75924e-20)
(44.5603 -0.299114 0)
(44.5405 -0.301993 -1.77177e-20)
(44.521 -0.304778 1.77587e-20)
(44.5013 -0.307462 -1.78031e-20)
(44.4815 -0.310045 0)
(44.4617 -0.312528 1.78931e-20)
(44.4419 -0.31491 2.69354e-20)
(44.4221 -0.317192 -1.79843e-20)
(44.4022 -0.319374 0)
(44.3823 -0.321459 0)
(44.3624 -0.323447 -1.81232e-20)
(44.3425 -0.325341 0)
(44.3226 -0.327145 -1.82169e-20)
(44.3027 -0.32886 0)
(44.2827 -0.33049 -1.8311e-20)
(44.2628 -0.332039 1.83581e-20)
(44.2429 -0.333511 -1.84051e-20)
(44.223 -0.33491 0)
(44.2031 -0.336243 -1.84989e-20)
(44.1832 -0.337512 0)
(44.1633 -0.338725 -1.85919e-20)
(44.1435 -0.339887 0)
(44.1236 -0.341005 -1.86837e-20)
(44.1038 -0.342085 0)
(44.084 -0.343134 -1.87739e-20)
(44.0642 -0.34416 0)
(44.0444 -0.345169 0)
(44.0247 -0.346171 -1.89054e-20)
(44.0049 -0.347172 1.89481e-20)
(43.9852 -0.348182 -1.89901e-20)
(43.9655 -0.349208 0)
(43.9458 -0.35026 -1.90721e-20)
(43.926 -0.351346 0)
(43.9063 -0.352475 -1.91512e-20)
(43.8866 -0.353657 0)
(43.8668 -0.354899 0)
(43.847 -0.356212 1.92641e-20)
(43.8272 -0.357605 -1.93001e-20)
(43.8073 -0.359086 0)
(43.7874 -0.360664 -1.93699e-20)
(43.7673 -0.362348 0)
(43.7472 -0.364147 -2.91621e-20)
(43.7271 -0.366068 0)
(43.7067 -0.368121 -1.95004e-20)
(43.6863 -0.370314 0)
(43.6657 -0.372653 0)
(43.645 -0.375146 -1.9591e-20)
(43.624 -0.3778 0)
(43.6029 -0.380622 -1.96485e-20)
(43.5816 -0.383618 1.96765e-20)
(43.56 -0.386794 -1.97041e-20)
(43.5381 -0.390155 0)
(43.516 -0.393706 -1.97583e-20)
(43.4936 -0.397451 0)
(43.4709 -0.401395 -1.98114e-20)
(43.4478 -0.405542 0)
(43.4244 -0.409893 -1.98639e-20)
(43.4005 -0.414451 1.98902e-20)
(43.3763 -0.41922 -1.99165e-20)
(43.3516 -0.424199 0)
(43.3265 -0.42939 -3.00074e-20)
(43.3009 -0.434793 0)
(43.2748 -0.440409 -2.00238e-20)
(43.2481 -0.446237 -1.00877e-20)
(43.221 -0.452276 -3.01843e-20)
(43.1933 -0.458525 -1.01221e-20)
(43.1649 -0.464982 -9.99767e-21)
(43.136 -0.471645 -3.03249e-20)
(43.1065 -0.478511 -3.03737e-20)
(43.0763 -0.485578 -3.04237e-20)
(43.0455 -0.492842 0)
(43.0139 -0.500299 -2.02945e-20)
(42.9817 -0.507946 -3.0581e-20)
(42.9488 -0.515779 -3.06361e-20)
(42.9152 -0.523794 -3.06927e-20)
(42.8808 -0.531984 -2.04364e-20)
(42.8457 -0.540347 -3.08104e-20)
(42.8098 -0.548876 -3.08717e-20)
(42.7731 -0.557567 -1.03805e-20)
(42.7357 -0.566414 0)
(42.6975 -0.575413 -3.10652e-20)
(42.6585 -0.584558 -2.06819e-20)
(42.6187 -0.593843 -3.12027e-20)
(42.5781 -0.603263 -2.07731e-20)
(42.5368 -0.612812 -3.13468e-20)
(42.4946 -0.622486 -1.05524e-20)
(42.4516 -0.63228 -1.05789e-20)
(42.4079 -0.642186 -2.09695e-20)
(42.3633 -0.652203 -3.16547e-20)
(42.318 -0.662319 -1.06613e-20)
(42.2719 -0.672541 -3.18175e-20)
(42.2251 -0.682842 0)
(42.1773 -0.693253 -3.19849e-20)
(42.1293 -0.703717 -1.07769e-20)
(42.0796 -0.714276 -1.08048e-20)
(42.0312 -0.725009 2.10781e-20)
(43.0457 -0.266103 0)
(43.0252 -0.268953 0)
(43.0056 -0.271706 -1.0972e-20)
(42.9863 -0.274372 1.09939e-20)
(42.9666 -0.276945 0)
(42.9469 -0.279424 0)
(42.9272 -0.28181 0)
(42.9074 -0.284105 2.02531e-23)
(42.8875 -0.286309 -1.11154e-20)
(42.8675 -0.288423 0)
(42.8475 -0.29045 -1.11657e-20)
(42.8274 -0.292392 0)
(42.8072 -0.294251 0)
(42.787 -0.29603 -1.12429e-20)
(42.7667 -0.297731 0)
(42.7463 -0.299358 1.12954e-20)
(42.7258 -0.300914 0)
(42.7052 -0.302401 -1.13484e-20)
(42.6845 -0.303825 0)
(42.6638 -0.305188 0)
(42.643 -0.306495 -1.14287e-20)
(42.6221 -0.30775 -1.14556e-20)
(42.601 -0.308959 0)
(42.5799 -0.310125 0)
(42.5587 -0.311253 0)
(42.5373 -0.31235 -1.15633e-20)
(42.5159 -0.31342 -1.15902e-20)
(42.4943 -0.314468 0)
(42.4725 -0.315501 0)
(42.4506 -0.316524 1.16703e-20)
(42.4286 -0.317543 -1.16968e-20)
(42.4064 -0.318565 0)
(42.384 -0.319595 0)
(42.3615 -0.320641 -1.17755e-20)
(42.3387 -0.321707 -1.18014e-20)
(42.3157 -0.322802 0)
(42.2925 -0.32393 1.18528e-20)
(42.2691 -0.3251 1.18782e-20)
(42.2454 -0.326317 0)
(42.2215 -0.327588 0)
(42.1972 -0.328919 -1.19535e-20)
(42.1727 -0.330317 -1.19782e-20)
(42.1479 -0.331788 -4.57175e-24)
(42.1227 -0.333337 0)
(42.0972 -0.334973 -1.20514e-20)
(42.0713 -0.336699 0)
(42.045 -0.338522 0)
(42.0183 -0.340448 -1.21234e-20)
(41.9913 -0.342481 -1.21471e-20)
(41.9637 -0.344628 -1.21708e-20)
(41.9358 -0.346893 -1.21944e-20)
(41.9074 -0.349281 0)
(41.8785 -0.351797 0)
(41.8491 -0.354445 -1.22649e-20)
(41.8192 -0.357229 0)
(41.7887 -0.360153 -1.23119e-20)
(41.7578 -0.363221 -1.23355e-20)
(41.7262 -0.366437 -1.23591e-20)
(41.6941 -0.369802 0)
(41.6614 -0.373321 0)
(41.6281 -0.376996 0)
(41.5943 -0.38083 1.24152e-20)
(41.5597 -0.384824 0)
(41.5246 -0.38898 0)
(41.4888 -0.393301 1.24819e-20)
(41.4524 -0.397788 1.25046e-20)
(41.4154 -0.402442 1.25277e-20)
(41.3776 -0.407265 -1.2551e-20)
(41.3393 -0.412256 -5.60441e-23)
(41.3002 -0.417418 1.25987e-20)
(41.2605 -0.422749 1.26232e-20)
(41.2201 -0.428251 0)
(41.179 -0.433923 1.27388e-20)
(41.1372 -0.439766 1.26992e-20)
(41.0948 -0.445779 1.27254e-20)
(41.0517 -0.451961 -7.22536e-23)
(41.0079 -0.458312 0)
(40.9635 -0.464829 1.28073e-20)
(40.9184 -0.471513 1.28357e-20)
(40.8726 -0.478362 1.28646e-20)
(40.8261 -0.485374 0)
(40.7791 -0.492547 1.29241e-20)
(40.7313 -0.499881 -1.30419e-20)
(40.683 -0.507372 1.29859e-20)
(40.634 -0.515018 0)
(40.5844 -0.522819 1.30499e-20)
(40.5342 -0.53077 1.30828e-20)
(40.4834 -0.538872 1.31162e-20)
(40.432 -0.54712 0)
(40.38 -0.555514 -1.00314e-22)
(40.3275 -0.564047 1.32193e-20)
(40.2744 -0.572727 1.32545e-20)
(40.2208 -0.581534 0)
(40.1666 -0.5905 1.33259e-20)
(40.1122 -0.599563 1.3363e-20)
(40.0566 -0.608807 1.33977e-20)
(40.0021 -0.618224 1.33663e-20)
(41.5869 -0.245714 0)
(41.566 -0.248479 0)
(41.5459 -0.251123 1.34473e-20)
(41.5259 -0.253665 -1.34747e-20)
(41.5056 -0.256102 0)
(41.4851 -0.258434 0)
(41.4644 -0.260663 0)
(41.4436 -0.262791 -1.35961e-20)
(41.4226 -0.264819 -1.87234e-23)
(41.4014 -0.26675 0)
(41.38 -0.268585 1.36908e-20)
(41.3584 -0.270326 0)
(41.3366 -0.271976 0)
(41.3146 -0.273536 1.37884e-20)
(41.2923 -0.275008 0)
(41.2698 -0.276395 -1.38548e-20)
(41.2471 -0.277698 0)
(41.2241 -0.278921 1.39222e-20)
(41.2008 -0.280065 0)
(41.1773 -0.281134 0)
(41.1535 -0.282131 1.40245e-20)
(41.1294 -0.283058 1.40588e-20)
(41.105 -0.283919 0)
(41.0802 -0.284718 0)
(41.0552 -0.285457 0)
(41.0298 -0.286141 1.41967e-20)
(41.0041 -0.286774 1.42312e-20)
(40.978 -0.28736 0)
(40.9516 -0.287903 0)
(40.9248 -0.288407 -1.43342e-20)
(40.8976 -0.288879 1.43684e-20)
(40.87 -0.289321 0)
(40.8421 -0.28974 0)
(40.8137 -0.290141 1.447e-20)
(40.7848 -0.29053 1.45035e-20)
(40.7556 -0.290912 0)
(40.7259 -0.291294 -1.45699e-20)
(40.6957 -0.291681 -1.46028e-20)
(40.6651 -0.292081 0)
(40.6341 -0.292498 0)
(40.6025 -0.29294 1.47002e-20)
(40.5705 -0.293413 1.47322e-20)
(40.538 -0.293924 1.4764e-20)
(40.505 -0.29448 0)
(40.4715 -0.295087 1.48269e-20)
(40.4375 -0.295752 0)
(40.403 -0.296483 0)
(40.3679 -0.297285 1.49196e-20)
(40.3324 -0.298166 1.49502e-20)
(40.2963 -0.299132 1.49805e-20)
(40.2598 -0.30019 1.50108e-20)
(40.2227 -0.301347 0)
(40.1851 -0.302609 0)
(40.1469 -0.303983 1.51007e-20)
(40.1083 -0.305474 0)
(40.0691 -0.30709 1.51603e-20)
(40.0294 -0.308836 1.51901e-20)
(39.9892 -0.310716 1.52198e-20)
(39.9485 -0.312738 0)
(39.9073 -0.314906 0)
(39.8656 -0.317225 0)
(39.8234 -0.3197 0)
(39.7806 -0.322335 0)
(39.7374 -0.325134 0)
(39.6937 -0.328102 0)
(39.6495 -0.331242 0)
(39.6048 -0.334556 0)
(39.5597 -0.338048 0)
(39.514 -0.341719 1.55554e-20)
(39.4679 -0.345573 0)
(39.4214 -0.34961 0)
(39.3744 -0.353834 0)
(39.3269 -0.358246 -1.56859e-20)
(39.279 -0.362846 0)
(39.2307 -0.367635 0)
(39.1819 -0.372613 1.57885e-20)
(39.1326 -0.377781 0)
(39.083 -0.383137 0)
(39.0329 -0.388681 0)
(38.9825 -0.394413 0)
(38.9316 -0.40033 0)
(38.8803 -0.406433 0)
(38.8286 -0.412718 1.6046e-20)
(38.7765 -0.419185 0)
(38.724 -0.425832 0)
(38.6712 -0.432657 0)
(38.6179 -0.439659 1.62751e-20)
(38.5643 -0.446836 0)
(38.5103 -0.454185 -1.63617e-20)
(38.4559 -0.461708 1.63307e-20)
(38.4012 -0.469398 0)
(38.3461 -0.477263 0)
(38.2906 -0.485288 0)
(38.2348 -0.493503 0)
(38.1788 -0.501846 0)
(38.122 -0.510425 0)
(38.066 -0.519169 8.58134e-23)
(40.1852 -0.223352 0)
(40.1622 -0.225777 0)
(40.14 -0.228046 0)
(40.1177 -0.230185 0)
(40.0948 -0.2322 0)
(40.0717 -0.234089 0)
(40.0482 -0.235855 0)
(40.0243 -0.237502 0)
(40.0001 -0.239031 1.66651e-20)
(39.9754 -0.240445 -1.6713e-20)
(39.9504 -0.241746 0)
(39.9249 -0.242935 0)
(39.899 -0.244015 0)
(39.8727 -0.244987 0)
(39.8459 -0.245853 0)
(39.8187 -0.246615 0)
(39.791 -0.247276 0)
(39.7628 -0.247836 0)
(39.7341 -0.2483 0)
(39.705 -0.24867 0)
(39.6754 -0.24895 1.71487e-20)
(39.6452 -0.249142 0)
(39.6146 -0.249251 1.72318e-20)
(39.5834 -0.249282 0)
(39.5518 -0.249237 -1.73155e-20)
(39.5196 -0.249122 0)
(39.4869 -0.248941 1.73994e-20)
(39.4537 -0.2487 0)
(39.42 -0.248403 1.74832e-20)
(39.3857 -0.248058 0)
(39.351 -0.247669 1.75669e-20)
(39.3158 -0.247242 1.76086e-20)
(39.28 -0.246785 1.76501e-20)
(39.2438 -0.246305 1.76915e-20)
(39.207 -0.245808 -1.77328e-20)
(39.1698 -0.245303 1.77738e-20)
(39.1321 -0.244797 1.78146e-20)
(39.0939 -0.244298 1.78552e-20)
(39.0553 -0.243813 1.78956e-20)
(39.0162 -0.243351 1.79358e-20)
(38.9767 -0.242921 1.79757e-20)
(38.9367 -0.24253 1.80154e-20)
(38.8963 -0.242186 1.80548e-20)
(38.8555 -0.241899 1.8094e-20)
(38.8143 -0.241675 -1.81329e-20)
(38.7727 -0.241523 1.81716e-20)
(38.7308 -0.241451 1.82101e-20)
(38.6885 -0.241466 1.82483e-20)
(38.6458 -0.241576 1.82864e-20)
(38.6027 -0.241789 1.83243e-20)
(38.5594 -0.242111 1.8362e-20)
(38.5157 -0.242551 1.83996e-20)
(38.4717 -0.243115 1.8437e-20)
(38.4274 -0.24381 1.84743e-20)
(38.3828 -0.244643 1.85116e-20)
(38.3379 -0.245618 -1.85487e-20)
(38.2927 -0.246742 1.85859e-20)
(38.2473 -0.24802 1.8623e-20)
(38.2016 -0.249457 1.86601e-20)
(38.1556 -0.251058 1.86973e-20)
(38.1094 -0.252826 -1.87346e-20)
(38.0629 -0.254767 0)
(38.0162 -0.256882 0)
(37.9693 -0.259177 0)
(37.9221 -0.261652 0)
(37.8747 -0.264311 0)
(37.8271 -0.267155 0)
(37.7792 -0.270186 0)
(37.7311 -0.273405 0)
(37.6828 -0.276814 0)
(37.6342 -0.280413 1.91185e-20)
(37.5855 -0.284204 0)
(37.5364 -0.288187 1.91995e-20)
(37.4872 -0.292364 0)
(37.4377 -0.296733 0)
(37.388 -0.301293 0)
(37.3381 -0.306044 0)
(37.2879 -0.310985 0)
(37.2375 -0.316112 0)
(37.1868 -0.321426 0)
(37.1359 -0.326925 0)
(37.0847 -0.332605 0)
(37.0332 -0.338467 1.96361e-20)
(36.9815 -0.344508 0)
(36.9295 -0.350725 0)
(36.8772 -0.357118 0)
(36.8247 -0.363684 5.37457e-23)
(36.7718 -0.370423 0)
(36.7187 -0.377332 1.98696e-20)
(36.6653 -0.384411 0)
(36.6115 -0.391657 0)
(36.5575 -0.399077 0)
(36.5031 -0.406655 2.01325e-20)
(36.4484 -0.414425 0)
(36.3935 -0.422321 0)
(36.3381 -0.430467 0)
(36.2829 -0.438748 7.10207e-23)
(38.8103 -0.20134 0)
(38.7832 -0.203187 0)
(38.7566 -0.204828 0)
(38.7298 -0.206304 0)
(38.7021 -0.20763 0)
(38.674 -0.208804 1.00748e-20)
(38.6453 -0.209831 0)
(38.6159 -0.210717 0)
(38.5861 -0.211467 1.01394e-20)
(38.5556 -0.212083 3.04814e-20)
(38.5245 -0.21257 -1.01842e-20)
(38.4928 -0.212931 1.02071e-20)
(38.4605 -0.21317 0)
(38.4276 -0.213289 1.02536e-20)
(38.3941 -0.213293 0)
(38.36 -0.213185 0)
(38.3254 -0.212968 1.03249e-20)
(38.2901 -0.212648 0)
(38.2542 -0.212229 0)
(38.2178 -0.211718 1.03975e-20)
(38.1808 -0.211118 -2.08561e-20)
(38.1433 -0.210438 0)
(38.1053 -0.209681 -2.09564e-20)
(38.0667 -0.208856 0)
(38.0276 -0.207967 2.10565e-20)
(37.988 -0.207023 0)
(37.9479 -0.206029 -2.1156e-20)
(37.9074 -0.204993 0)
(37.8665 -0.203922 -3.18717e-20)
(37.8251 -0.202823 1.06411e-20)
(37.7834 -0.201704 -3.20172e-20)
(37.7412 -0.200572 -2.14004e-20)
(37.6987 -0.199434 -2.14483e-20)
(37.6559 -0.1983 -2.14957e-20)
(37.6127 -0.197179 2.15427e-20)
(37.5693 -0.196078 -3.23717e-20)
(37.5256 -0.195005 -3.24407e-20)
(37.4816 -0.19397 -2.1681e-20)
(37.4373 -0.19298 -3.25767e-20)
(37.3929 -0.192043 -3.26437e-20)
(37.3482 -0.191167 -2.18148e-20)
(37.3034 -0.19036 -2.18584e-20)
(37.2584 -0.189629 -2.19015e-20)
(37.2132 -0.188982 -2.19441e-20)
(37.168 -0.188427 1.10048e-20)
(37.1226 -0.187968 -2.20279e-20)
(37.077 -0.187614 -3.30926e-20)
(37.0314 -0.187369 -3.31541e-20)
(36.9857 -0.187239 -2.21502e-20)
(36.9399 -0.187231 -3.32754e-20)
(36.8941 -0.187352 -2.22298e-20)
(36.8482 -0.187607 -3.33948e-20)
(36.8022 -0.188002 -2.23081e-20)
(36.7562 -0.188541 -2.23468e-20)
(36.7101 -0.189229 -2.23853e-20)
(36.664 -0.190069 2.24236e-20)
(36.6178 -0.191066 -3.36869e-20)
(36.5716 -0.192223 -3.37446e-20)
(36.5254 -0.193544 -2.25377e-20)
(36.4791 -0.195031 -3.38597e-20)
(36.4328 -0.196687 2.26135e-20)
(36.3865 -0.198514 0)
(36.34 -0.200515 0)
(36.2936 -0.202693 0)
(36.247 -0.205047 1.13833e-20)
(36.2004 -0.207579 1.14034e-20)
(36.1537 -0.21029 1.14236e-20)
(36.107 -0.213179 1.14441e-20)
(36.0601 -0.216246 0)
(36.0132 -0.219492 0)
(35.9661 -0.222918 -2.30028e-20)
(35.9189 -0.226527 0)
(35.8716 -0.230319 -2.30854e-20)
(35.8241 -0.234295 1.15716e-20)
(35.7765 -0.238451 0)
(35.7287 -0.242787 1.16163e-20)
(35.6808 -0.247299 0)
(35.6326 -0.251987 1.16624e-20)
(35.5843 -0.256848 0)
(35.5357 -0.261881 0)
(35.4869 -0.267084 1.1734e-20)
(35.4379 -0.272455 1.17587e-20)
(35.3886 -0.277991 -1.17528e-20)
(35.3391 -0.283693 1.18091e-20)
(35.2893 -0.289557 -1.18348e-20)
(35.2391 -0.295583 1.1861e-20)
(35.1887 -0.301769 -2.37378e-20)
(35.138 -0.308114 0)
(35.0869 -0.314616 1.19419e-20)
(35.0355 -0.321278 1.19696e-20)
(34.9837 -0.328093 1.19977e-20)
(34.9316 -0.335073 1.20262e-20)
(34.8791 -0.342199 -1.20077e-20)
(34.8261 -0.349511 1.20842e-20)
(34.7729 -0.356936 1.21136e-20)
(34.7191 -0.364615 0)
(34.6651 -0.372398 -2.40438e-20)
(37.4382 -0.174473 0)
(37.405 -0.17549 -1.20786e-20)
(37.3724 -0.17626 -1.21014e-20)
(37.3392 -0.176854 -1.21226e-20)
(37.3052 -0.177295 0)
(37.2705 -0.177578 -1.33303e-24)
(37.2351 -0.177713 -1.2194e-20)
(37.1991 -0.17771 -1.22185e-20)
(37.1624 -0.177576 -1.22476e-20)
(37.1251 -0.177316 -2.4542e-20)
(37.0871 -0.176938 6.02749e-24)
(37.0486 -0.176446 -2.46457e-20)
(37.0094 -0.175848 -1.23452e-20)
(36.9697 -0.175149 -1.23796e-20)
(36.9294 -0.174355 1.23972e-20)
(36.8886 -0.173472 -1.24234e-20)
(36.8473 -0.172505 -2.49099e-20)
(36.8055 -0.171462 0)
(36.7633 -0.17035 -1.25022e-20)
(36.7206 -0.169177 -1.27262e-23)
(36.6776 -0.16795 0)
(36.6341 -0.166677 0)
(36.5904 -0.165364 0)
(36.5463 -0.16402 1.2633e-20)
(36.5019 -0.16265 0)
(36.4573 -0.161263 0)
(36.4124 -0.159865 0)
(36.3673 -0.158463 -1.27353e-20)
(36.3221 -0.157065 1.27771e-20)
(36.2767 -0.155676 -2.55874e-20)
(36.2311 -0.154303 1.72777e-23)
(36.1855 -0.152952 0)
(36.1398 -0.151631 0)
(36.094 -0.150349 0)
(36.0482 -0.149113 -1.29055e-20)
(36.0024 -0.147929 1.29464e-20)
(35.9565 -0.146804 1.29694e-20)
(35.9107 -0.145745 0)
(35.865 -0.144758 1.75291e-23)
(35.8192 -0.143849 1.30361e-20)
(35.7736 -0.143024 0)
(35.728 -0.142288 0)
(35.6825 -0.141648 -1.30831e-20)
(35.6371 -0.141108 0)
(35.5918 -0.140674 1.31407e-20)
(35.5467 -0.14035 0)
(35.5016 -0.14014 1.31805e-20)
(35.4566 -0.140046 1.48494e-23)
(35.4118 -0.140073 0)
(35.3671 -0.140225 1.32383e-20)
(35.3224 -0.14051 0)
(35.278 -0.140932 2.65389e-20)
(35.2336 -0.141494 0)
(35.1893 -0.142199 0)
(35.1451 -0.143048 0)
(35.1011 -0.144045 1.3339e-20)
(35.0571 -0.145191 1.33673e-20)
(35.0132 -0.146488 1.33854e-20)
(34.9693 -0.147937 0)
(34.9255 -0.149542 1.34215e-20)
(34.8818 -0.151303 0)
(34.838 -0.153222 1.34516e-20)
(34.7943 -0.1553 1.34706e-20)
(34.7506 -0.157538 1.34897e-20)
(34.7069 -0.159938 -1.35128e-20)
(34.6632 -0.1625 -3.01938e-24)
(34.6194 -0.165223 -2.24197e-24)
(34.5755 -0.168106 -1.46211e-24)
(34.5316 -0.171148 1.3588e-20)
(34.4876 -0.174348 0)
(34.4435 -0.177712 1.36292e-20)
(34.3993 -0.181242 1.36504e-20)
(34.3549 -0.184936 1.36719e-20)
(34.3104 -0.188792 -1.36906e-20)
(34.2657 -0.192805 1.37161e-20)
(34.2208 -0.196975 4.82735e-24)
(34.1757 -0.201298 1.37619e-20)
(34.1303 -0.205773 6.32831e-24)
(34.0847 -0.210399 0)
(34.0388 -0.215175 1.38337e-20)
(33.9927 -0.220099 8.51262e-24)
(33.9462 -0.225169 9.22492e-24)
(33.8994 -0.230385 9.92863e-24)
(33.8522 -0.235745 -1.39254e-20)
(33.8047 -0.241247 2.79144e-20)
(33.7568 -0.246891 1.20056e-23)
(33.7084 -0.252674 1.4018e-20)
(33.6597 -0.258599 0)
(33.6105 -0.264659 1.40486e-23)
(33.5609 -0.270862 1.47536e-23)
(33.5108 -0.277197 1.54306e-23)
(33.4601 -0.283683 1.61852e-23)
(33.409 -0.29029 -1.41791e-20)
(33.3574 -0.297077 1.77348e-23)
(33.3051 -0.303946 1.83096e-23)
(33.2524 -0.311075 1.42921e-20)
(33.1991 -0.318268 -1.41786e-20)
(36.0612 -0.14461 -1.44208e-20)
(36.0219 -0.144832 1.44734e-20)
(35.9831 -0.144779 4.48049e-24)
(35.9438 -0.144581 1.45205e-20)
(35.9037 -0.144254 -1.4539e-20)
(35.863 -0.14379 -2.91338e-20)
(35.8218 -0.143205 1.45959e-20)
(35.78 -0.142512 1.46214e-20)
(35.7376 -0.141718 1.46367e-20)
(35.6948 -0.140832 1.46729e-20)
(35.6516 -0.139861 1.20272e-23)
(35.6079 -0.138813 1.27777e-23)
(35.5638 -0.137696 2.94878e-20)
(35.5194 -0.136515 -1.47624e-20)
(35.4747 -0.135279 -2.95901e-20)
(35.4297 -0.133992 1.54129e-23)
(35.3845 -0.132661 1.5985e-23)
(35.339 -0.131294 -1.48629e-20)
(35.2934 -0.129897 1.70011e-23)
(35.2476 -0.128481 -2.98428e-20)
(35.2017 -0.12705 0)
(35.1558 -0.125612 0)
(35.1097 -0.124171 0)
(35.0637 -0.122735 -3.00389e-20)
(35.0176 -0.121309 0)
(34.9716 -0.119898 -1.50572e-20)
(34.9256 -0.118509 0)
(34.8797 -0.117146 1.97008e-23)
(34.8339 -0.115815 0)
(34.7882 -0.114522 3.03158e-20)
(34.7426 -0.113268 1.51897e-20)
(34.6972 -0.112059 0)
(34.652 -0.110901 0)
(34.6069 -0.109803 0)
(34.5621 -0.10877 1.52736e-20)
(34.5174 -0.107808 0)
(34.473 -0.10692 0)
(34.4288 -0.10611 0)
(34.3848 -0.105382 1.53515e-20)
(34.341 -0.10474 0)
(34.2975 -0.104189 0)
(34.2543 -0.103732 0)
(34.2112 -0.103372 1.54237e-20)
(34.1684 -0.103114 -1.54233e-20)
(34.1259 -0.102961 0)
(34.0835 -0.102917 0)
(34.0414 -0.102984 0)
(33.9995 -0.103161 1.55069e-20)
(33.9578 -0.10345 0)
(33.9163 -0.10386 0)
(33.8751 -0.104395 0)
(33.8339 -0.105058 -1.55699e-20)
(33.793 -0.105848 0)
(33.7522 -0.106766 0)
(33.7116 -0.107812 0)
(33.671 -0.108987 -1.56312e-20)
(33.6306 -0.110294 0)
(33.5903 -0.111733 0)
(33.55 -0.113307 0)
(33.5098 -0.115016 0)
(33.4696 -0.116862 -1.56994e-20)
(33.4294 -0.118846 -1.57235e-20)
(33.3892 -0.120969 -7.19709e-24)
(33.3489 -0.123232 -1.57552e-20)
(33.3087 -0.125636 1.57656e-20)
(33.2683 -0.128181 -1.5788e-20)
(33.2279 -0.130868 -4.64494e-24)
(33.1874 -0.133694 -1.5822e-20)
(33.1467 -0.136656 -3.33487e-24)
(33.1059 -0.139753 0)
(33.0649 -0.142991 -2.01528e-24)
(33.0237 -0.146373 -1.58954e-20)
(32.9822 -0.149897 -7.43693e-25)
(32.9406 -0.153558 0)
(32.8986 -0.157351 -3.19118e-20)
(32.8564 -0.161277 -1.59768e-20)
(32.8138 -0.165333 1.59497e-24)
(32.7709 -0.169519 -1.60205e-20)
(32.7277 -0.173834 1.6046e-20)
(32.684 -0.178276 -1.60666e-20)
(32.64 -0.182846 -1.60906e-20)
(32.5955 -0.187542 -1.61151e-20)
(32.5506 -0.192362 4.81087e-24)
(32.5052 -0.197307 0)
(32.4593 -0.202372 -3.23912e-20)
(32.4129 -0.20756 -1.62199e-20)
(32.3659 -0.212865 6.79663e-24)
(32.3184 -0.218294 0)
(32.2703 -0.223835 -1.63054e-20)
(32.2216 -0.229503 -1.63353e-20)
(32.1722 -0.235276 8.74124e-24)
(32.1222 -0.24119 -1.6397e-20)
(32.0715 -0.247191 1.64386e-20)
(32.0202 -0.253373 -1.64615e-20)
(31.968 -0.259592 1.07748e-23)
(31.9152 -0.266087 -3.30694e-20)
(31.8614 -0.272594 1.63931e-20)
(34.6933 -0.113593 8.73485e-24)
(34.6494 -0.113254 0)
(34.6064 -0.112617 1.71613e-20)
(34.563 -0.111905 0)
(34.5191 -0.111105 1.71999e-20)
(34.4747 -0.110207 1.41383e-23)
(34.4301 -0.109231 1.7226e-20)
(34.3852 -0.108189 0)
(34.34 -0.107087 -1.63206e-23)
(34.2946 -0.105933 0)
(34.2491 -0.104735 1.75311e-23)
(34.2034 -0.103499 1.80677e-23)
(34.1576 -0.102232 -1.85618e-23)
(34.1118 -0.10094 1.90151e-23)
(34.0659 -0.0996292 1.74051e-20)
(34.0201 -0.0983036 1.74251e-20)
(33.9743 -0.0969666 2.01586e-23)
(33.9285 -0.0956244 1.74646e-20)
(33.8829 -0.0942854 2.07324e-23)
(33.8374 -0.0929567 1.75033e-20)
(33.792 -0.0916427 -1.75012e-20)
(33.7468 -0.0903478 0)
(33.7018 -0.0890754 0)
(33.657 -0.0878298 2.15294e-23)
(33.6124 -0.0866145 0)
(33.5681 -0.0854339 1.76127e-20)
(33.524 -0.0842917 0)
(33.4802 -0.0831927 1.76464e-20)
(33.4367 -0.0821407 -1.76411e-20)
(33.3935 -0.0811395 -3.53357e-20)
(33.3506 -0.0801886 0)
(33.308 -0.0792919 0)
(33.2657 -0.0784574 -1.77032e-20)
(33.2238 -0.0776928 -1.77181e-20)
(33.1822 -0.0769981 -1.77326e-20)
(33.1409 -0.0763755 0)
(33.0999 -0.0758259 0)
(33.0593 -0.0753531 0)
(33.019 -0.0749586 0)
(32.9789 -0.0746466 0)
(32.9392 -0.074419 -1.7813e-20)
(32.8998 -0.0742795 0)
(32.8607 -0.0742301 0)
(32.8218 -0.0742744 1.78672e-20)
(32.7832 -0.0744145 0)
(32.7448 -0.0746539 -1.78726e-20)
(32.7067 -0.0749931 -1.78839e-20)
(32.6688 -0.0754311 -1.78951e-20)
(32.6312 -0.0759671 0)
(32.5937 -0.0766083 0)
(32.5564 -0.0773602 0)
(32.5193 -0.0782228 0)
(32.4822 -0.0791938 0)
(32.4453 -0.080273 -1.79629e-20)
(32.4085 -0.0814607 0)
(32.3718 -0.0827583 0)
(32.3351 -0.0841671 0)
(32.2985 -0.0856886 0)
(32.2618 -0.0873241 -1.80201e-20)
(32.2251 -0.0890748 -1.80319e-20)
(32.1884 -0.0909419 1.80534e-20)
(32.1517 -0.0929264 0)
(32.1148 -0.0950293 -8.36789e-24)
(32.0778 -0.0972514 0)
(32.0407 -0.0995935 -1.81027e-20)
(32.0035 -0.102056 0)
(31.966 -0.10464 -1.81296e-20)
(31.9283 -0.107341 0)
(31.8905 -0.110156 -1.81587e-20)
(31.8523 -0.113083 0)
(31.8139 -0.11613 -4.20524e-24)
(31.7751 -0.119299 0)
(31.736 -0.122585 -1.82256e-20)
(31.6966 -0.125982 0)
(31.6567 -0.12949 1.82623e-20)
(31.6164 -0.133108 0)
(31.5757 -0.136837 -1.83014e-20)
(31.5345 -0.140675 0)
(31.4929 -0.144622 -1.83434e-20)
(31.4507 -0.148678 0)
(31.4079 -0.152841 0)
(31.3646 -0.15711 0)
(31.3207 -0.161484 -1.84363e-20)
(31.2762 -0.165962 0)
(31.2311 -0.170541 1.84875e-20)
(31.1852 -0.175224 0)
(31.1387 -0.180002 1.6853e-24)
(31.0915 -0.184886 0)
(31.0435 -0.189858 1.8602e-20)
(30.9947 -0.194943 0)
(30.9451 -0.200102 -1.8661e-20)
(30.8948 -0.205397 0)
(30.8435 -0.210734 -1.87255e-20)
(30.7914 -0.216263 0)
(30.7382 -0.221768 3.91167e-24)
(30.6844 -0.22758 1.88291e-20)
(30.6291 -0.233337 0)
(33.359 -0.0848834 2.99281e-20)
(33.3133 -0.0843014 0)
(33.2689 -0.0833757 9.99681e-21)
(33.2243 -0.0824695 0)
(33.1793 -0.0815084 1.00052e-20)
(33.1343 -0.0804872 2.0038e-20)
(33.0893 -0.0794287 -1.00334e-20)
(33.0443 -0.0783404 1.00195e-20)
(32.9992 -0.0772265 -2.00683e-20)
(32.9543 -0.0760935 0)
(32.9094 -0.0749468 3.01227e-20)
(32.8647 -0.0737913 3.01376e-20)
(32.8201 -0.0726319 -2.01086e-20)
(32.7757 -0.0714733 3.01673e-20)
(32.7315 -0.07032 0)
(32.6876 -0.0691745 1.00583e-20)
(32.6439 -0.0680372 3.02105e-20)
(32.6005 -0.0669154 1.00677e-20)
(32.5574 -0.0658174 3.0239e-20)
(32.5145 -0.0647469 1.00771e-20)
(32.4721 -0.0637034 2.0185e-20)
(32.4299 -0.0626897 1.00862e-20)
(32.3881 -0.0617075 0)
(32.3466 -0.0607607 3.03059e-20)
(32.3055 -0.0598515 0)
(32.2648 -0.058984 1.01029e-20)
(32.2245 -0.0581602 0)
(32.1845 -0.0573848 1.01106e-20)
(32.1449 -0.0566604 2.02494e-20)
(32.1056 -0.0559902 3.03739e-20)
(32.0668 -0.0553718 0)
(32.0283 -0.0548083 0)
(31.9902 -0.0543045 2.02758e-20)
(31.9525 -0.0538675 2.02822e-20)
(31.9151 -0.0534951 2.02883e-20)
(31.8781 -0.0531886 0)
(31.8414 -0.0529467 0)
(31.805 -0.0527735 0)
(31.769 -0.0526693 0)
(31.7333 -0.0526385 0)
(31.6978 -0.0526812 2.03203e-20)
(31.6626 -0.0528019 0)
(31.6277 -0.0530004 0)
(31.5931 -0.0532809 0)
(31.5586 -0.0536441 0)
(31.5244 -0.054094 2.03424e-20)
(31.4904 -0.0546294 2.03466e-20)
(31.4565 -0.0552487 2.03509e-20)
(31.4228 -0.0559498 0)
(31.3892 -0.0567407 0)
(31.3557 -0.057624 0)
(31.3223 -0.0585973 0)
(31.289 -0.0596586 0)
(31.2557 -0.0608092 2.03809e-20)
(31.2224 -0.0620499 0)
(31.1891 -0.0633825 0)
(31.1557 -0.0648079 0)
(31.1223 -0.0663277 0)
(31.0888 -0.0679426 2.04091e-20)
(31.0552 -0.0696541 2.04155e-20)
(31.0214 -0.0714628 0)
(30.9875 -0.0733698 1.02101e-20)
(30.9534 -0.075376 -3.06513e-20)
(30.9191 -0.077482 -1.02184e-20)
(30.8845 -0.0796885 -1.02229e-20)
(30.8497 -0.0819958 -1.02277e-20)
(30.8145 -0.0844034 -1.02329e-20)
(30.7791 -0.086908 -1.02384e-20)
(30.7432 -0.0895049 -1.02443e-20)
(30.707 -0.0921935 -1.02507e-20)
(30.6704 -0.0949817 -2.05212e-20)
(30.6333 -0.0978733 -1.02648e-20)
(30.5958 -0.100862 -1.02722e-20)
(30.5577 -0.103943 -1.02799e-20)
(30.5192 -0.107117 -1.02879e-20)
(30.4801 -0.110382 -1.02963e-20)
(30.4404 -0.113738 -1.03051e-20)
(30.4001 -0.117187 -1.03143e-20)
(30.3592 -0.120726 -1.0324e-20)
(30.3177 -0.124356 1.0334e-20)
(30.2754 -0.128075 -1.03445e-20)
(30.2325 -0.131883 -1.03555e-20)
(30.1888 -0.135777 -1.03669e-20)
(30.1443 -0.139758 -1.03788e-20)
(30.099 -0.14382 0)
(30.053 -0.147969 -1.04039e-20)
(30.006 -0.152192 -3.12547e-20)
(29.9582 -0.156507 -1.0431e-20)
(29.9094 -0.160883 -2.08933e-20)
(29.8598 -0.165363 -1.046e-20)
(29.8091 -0.169882 -1.0475e-20)
(29.7574 -0.174538 -1.04909e-20)
(29.7047 -0.179188 -1.05067e-20)
(29.651 -0.184047 -1.05237e-20)
(29.5959 -0.188813 -3.16229e-20)
(29.5402 -0.193925 1.05588e-20)
(29.4825 -0.1989 0)
(32.0807 -0.0603995 -1.14632e-20)
(32.0358 -0.0598198 0)
(31.9925 -0.0588194 -1.14748e-20)
(31.9492 -0.0579498 1.14608e-20)
(31.9058 -0.057036 -1.14676e-20)
(31.8626 -0.056099 0)
(31.8196 -0.0551537 -1.14619e-20)
(31.7768 -0.0542024 -2.29082e-20)
(31.7342 -0.0532462 0)
(31.6919 -0.0522901 0)
(31.6499 -0.0513379 -1.1452e-20)
(31.6082 -0.0503931 -1.14498e-20)
(31.5668 -0.0494589 0)
(31.5258 -0.0485394 -1.14455e-20)
(31.4851 -0.0476375 0)
(31.4447 -0.0467549 -1.14415e-20)
(31.4048 -0.0458911 -1.14396e-20)
(31.3652 -0.0450518 -1.14378e-20)
(31.3261 -0.0442416 -1.14362e-20)
(31.2873 -0.0434634 -1.14346e-20)
(31.2489 -0.0427154 -1.14227e-20)
(31.211 -0.0419997 -1.14314e-20)
(31.1734 -0.0413168 0)
(31.1363 -0.0406708 -1.14282e-20)
(31.0995 -0.0400622 -1.14165e-20)
(31.0632 -0.0394956 -1.14249e-20)
(31.0272 -0.0389712 0)
(30.9917 -0.0384943 -1.14214e-20)
(30.9565 -0.0380656 -1.141e-20)
(30.9218 -0.0376883 -1.14178e-20)
(30.8874 -0.0373577 -1.14068e-20)
(30.8534 -0.0370776 -1.14053e-20)
(30.8197 -0.0368499 0)
(30.7864 -0.0366803 -1.14029e-20)
(30.7534 -0.0365627 -1.14015e-20)
(30.7207 -0.0365013 0)
(30.6883 -0.0364936 0)
(30.6562 -0.0365456 0)
(30.6244 -0.0366554 -1.13956e-20)
(30.5928 -0.0368287 0)
(30.5615 -0.0370633 -1.13925e-20)
(30.5303 -0.0373646 -1.1391e-20)
(30.4994 -0.0377305 -1.13896e-20)
(30.4686 -0.0381663 0)
(30.438 -0.0386705 -1.13867e-20)
(30.4075 -0.039248 -1.13853e-20)
(30.3772 -0.0398951 0)
(30.3469 -0.0406102 -1.1383e-20)
(30.3167 -0.0413901 -1.13823e-20)
(30.2865 -0.0422434 0)
(30.2563 -0.0431725 0)
(30.2261 -0.044176 0)
(30.1959 -0.045251 -1.13805e-20)
(30.1656 -0.0463993 0)
(30.1352 -0.0476211 -1.138e-20)
(30.1047 -0.0489187 -1.13799e-20)
(30.0741 -0.0502925 -1.138e-20)
(30.0433 -0.0517444 0)
(30.0123 -0.0532747 -1.13807e-20)
(29.9811 -0.0548848 -1.13814e-20)
(29.9496 -0.0565753 0)
(29.9179 -0.0583471 -1.13882e-20)
(29.8858 -0.0602009 2.27745e-20)
(29.8534 -0.0621372 1.13912e-20)
(29.8207 -0.0641562 1.13932e-20)
(29.7876 -0.066258 1.13956e-20)
(29.754 -0.0684408 1.13984e-20)
(29.72 -0.0707014 1.14016e-20)
(29.6855 -0.0730358 1.14054e-20)
(29.6505 -0.0754465 1.14097e-20)
(29.615 -0.0779422 0)
(29.5789 -0.0805255 1.14195e-20)
(29.5422 -0.08319 1.14248e-20)
(29.5049 -0.0859307 1.14306e-20)
(29.4669 -0.0887462 1.14367e-20)
(29.4282 -0.0916367 1.14432e-20)
(29.3889 -0.0946025 2.28969e-20)
(29.3488 -0.0976437 1.14577e-20)
(29.3079 -0.10076 1.14656e-20)
(29.2663 -0.103951 -1.1474e-20)
(29.2238 -0.107214 2.29623e-20)
(29.1805 -0.110551 1.14923e-20)
(29.1363 -0.113956 1.15022e-20)
(29.0911 -0.117433 1.15127e-20)
(29.0451 -0.120973 0)
(28.998 -0.124585 1.1535e-20)
(28.9499 -0.128251 1.1547e-20)
(28.9008 -0.131996 2.31152e-20)
(28.8506 -0.135778 0)
(28.7994 -0.139658 2.31679e-20)
(28.7469 -0.143543 1.15996e-20)
(28.6934 -0.147569 1.16142e-20)
(28.6385 -0.151541 1.16288e-20)
(28.5825 -0.155744 1.16444e-20)
(28.525 -0.159782 1.16594e-20)
(28.4667 -0.164208 -3.91142e-24)
(28.4061 -0.168405 0)
(30.871 -0.0409168 -1.29439e-20)
(30.8288 -0.0404902 -1.2952e-20)
(30.7885 -0.0395383 1.29348e-20)
(30.7482 -0.0388347 -1.2931e-20)
(30.7081 -0.0380716 -1.29083e-20)
(30.6683 -0.0373141 -1.28957e-20)
(30.6289 -0.0365599 0)
(30.5898 -0.0358136 1.28819e-20)
(30.551 -0.0350736 1.28605e-20)
(30.5126 -0.034344 0)
(30.4746 -0.0336268 -1.28386e-20)
(30.437 -0.0329243 -1.2828e-20)
(30.3999 -0.0322387 0)
(30.3631 -0.0315735 -1.28078e-20)
(30.3267 -0.0309302 -1.27981e-20)
(30.2908 -0.0303099 -1.27886e-20)
(30.2553 -0.0297113 0)
(30.2202 -0.029139 -1.27709e-20)
(30.1855 -0.0285942 0)
(30.1513 -0.0280784 -1.27544e-20)
(30.1174 -0.0275894 1.27556e-20)
(30.084 -0.0271312 -1.27384e-20)
(30.051 -0.0267031 -1.27306e-20)
(30.0184 -0.02631 -1.27229e-20)
(29.9861 -0.0259509 1.27242e-20)
(29.9543 -0.0256305 -1.2708e-20)
(29.9228 -0.0253474 -1.27007e-20)
(29.8917 -0.0251075 -1.26935e-20)
(29.861 -0.0249092 8.33277e-24)
(29.8306 -0.0247559 -1.26797e-20)
(29.8005 -0.0246401 1.26812e-20)
(29.7707 -0.0245665 1.26748e-20)
(29.7413 -0.0245345 -1.26611e-20)
(29.7121 -0.0245518 1.26628e-20)
(29.6832 -0.0246107 7.50458e-24)
(29.6545 -0.0247172 0)
(29.626 -0.0248667 0)
(29.5978 -0.0250667 0)
(29.5698 -0.0253131 7.00419e-24)
(29.5419 -0.0256132 0)
(29.5142 -0.0259625 1.26217e-20)
(29.4866 -0.0263681 1.26161e-20)
(29.4591 -0.0268254 1.26107e-20)
(29.4317 -0.0273412 -1.25991e-20)
(29.4044 -0.0279118 1.26003e-20)
(29.3771 -0.0285424 1.25953e-20)
(29.3498 -0.0292267 0)
(29.3225 -0.0299642 1.2586e-20)
(29.2951 -0.0307522 1.25819e-20)
(29.2677 -0.0316023 0)
(29.2402 -0.0325154 0)
(29.2126 -0.03349 -1.25651e-20)
(29.1849 -0.0345212 1.25669e-20)
(29.157 -0.0356118 -1.25582e-20)
(29.1289 -0.0367611 1.25601e-20)
(29.1005 -0.0379721 1.2557e-20)
(29.072 -0.0392451 1.2554e-20)
(29.0431 -0.0405819 0)
(29.014 -0.0419828 1.25489e-20)
(28.9845 -0.043449 1.25467e-20)
(28.9547 -0.044981 0)
(28.9245 -0.0465797 0)
(28.8939 -0.0482454 -1.2542e-20)
(28.8628 -0.0499782 -1.25365e-20)
(28.8313 -0.0517783 0)
(28.7992 -0.0536449 0)
(28.7666 -0.0555761 0)
(28.7335 -0.0575688 0)
(28.6997 -0.0596209 0)
(28.6653 -0.0617368 -1.25407e-20)
(28.6302 -0.0639256 0)
(28.5945 -0.0661891 0)
(28.5581 -0.0685193 0)
(28.5209 -0.0709113 0)
(28.4829 -0.073364 0)
(28.4442 -0.0758773 0)
(28.4046 -0.078452 -1.25693e-20)
(28.3641 -0.081088 1.25699e-20)
(28.3227 -0.0837848 0)
(28.2805 -0.0865421 0)
(28.2372 -0.0893575 -2.51815e-20)
(28.193 -0.0922323 0)
(28.1477 -0.0951604 0)
(28.1014 -0.098147 0)
(28.054 -0.10118 0)
(28.0055 -0.104273 1.26289e-20)
(27.9558 -0.107402 0)
(27.905 -0.1106 -1.2654e-20)
(27.8529 -0.113812 -1.26589e-20)
(27.7996 -0.117118 -1.26757e-20)
(27.7449 -0.120399 0)
(27.6891 -0.123828 0)
(27.6317 -0.127158 0)
(27.5731 -0.130742 0)
(27.5128 -0.134097 0)
(27.4517 -0.137871 -6.49165e-24)
(27.3878 -0.141324 -1.26353e-20)
(29.7321 -0.0261821 2.88262e-20)
(29.6937 -0.0259687 1.4416e-20)
(29.6574 -0.0251156 -1.43875e-20)
(29.6211 -0.0246215 0)
(29.5852 -0.0240325 1.43401e-20)
(29.5497 -0.0234755 1.43177e-20)
(29.5145 -0.0229227 0)
(29.4798 -0.0223844 -1.42656e-20)
(29.4455 -0.0218572 -9.05563e-24)
(29.4115 -0.0213449 -1.4225e-20)
(29.378 -0.0208481 1.42146e-20)
(29.345 -0.0203682 1.41956e-20)
(29.3123 -0.0199066 0)
(29.2801 -0.019466 1.41594e-20)
(29.2483 -0.0190467 1.41421e-20)
(29.2169 -0.0186487 1.41252e-20)
(29.186 -0.0182695 0)
(29.1554 -0.017913 1.40936e-20)
(29.1253 -0.0175791 0)
(29.0955 -0.0172711 1.4064e-20)
(29.0661 -0.0169858 0)
(29.0371 -0.0167283 1.40355e-20)
(29.0084 -0.0164962 1.40218e-20)
(28.9802 -0.0162955 1.40082e-20)
(28.9522 -0.016123 0)
(28.9246 -0.0159846 1.39822e-20)
(28.8973 -0.015877 1.39697e-20)
(28.8703 -0.0158069 1.39574e-20)
(28.8436 -0.0157699 1.39455e-20)
(28.8172 -0.0157696 1.39339e-20)
(28.791 -0.0157958 0)
(28.765 -0.0158569 0)
(28.7393 -0.0159514 1.39019e-20)
(28.7137 -0.0160891 0)
(28.6884 -0.0162586 1.38816e-20)
(28.6632 -0.0164672 0)
(28.6382 -0.016708 0)
(28.6132 -0.0169908 0)
(28.5884 -0.0173094 1.38425e-20)
(28.5637 -0.0176731 0)
(28.539 -0.0180748 0)
(28.5144 -0.0185235 0)
(28.4898 -0.0190124 0)
(28.4652 -0.0195497 1.37977e-20)
(28.4405 -0.0201292 0)
(28.4158 -0.0207569 0)
(28.391 -0.0214241 0)
(28.3661 -0.0221327 0)
(28.341 -0.0228804 0)
(28.3158 -0.0236818 0)
(28.2904 -0.0245354 0)
(28.2648 -0.0254397 1.37382e-20)
(28.2389 -0.0263882 0)
(28.2128 -0.0273849 1.37251e-20)
(28.1864 -0.0284279 0)
(28.1597 -0.0295212 0)
(28.1326 -0.0306642 0)
(28.1052 -0.0318593 0)
(28.0774 -0.033106 0)
(28.0491 -0.0344058 0)
(28.0204 -0.035759 -1.36817e-20)
(27.9912 -0.037166 0)
(27.9614 -0.0386272 0)
(27.9312 -0.0401424 1.36742e-20)
(27.9003 -0.0417113 0)
(27.8688 -0.0433332 0)
(27.8367 -0.045006 0)
(27.8039 -0.0467279 0)
(27.7704 -0.0484989 0)
(27.7362 -0.0503243 1.36616e-20)
(27.7012 -0.0522109 0)
(27.6654 -0.0541586 0)
(27.6288 -0.0561602 1.36557e-20)
(27.5913 -0.0582115 0)
(27.5529 -0.0603117 0)
(27.5136 -0.0624607 0)
(27.4734 -0.0646592 0)
(27.4322 -0.0669068 -1.36676e-20)
(27.39 -0.0692031 0)
(27.3467 -0.0715477 0)
(27.3024 -0.0739377 1.36771e-20)
(27.2569 -0.076375 0)
(27.2103 -0.0788527 0)
(27.1625 -0.0813771 0)
(27.1135 -0.0839343 0)
(27.0633 -0.0865411 -1.37018e-20)
(27.0117 -0.089168 0)
(26.9589 -0.0918557 0)
(26.9047 -0.0945402 1.37212e-20)
(26.8492 -0.0973149 0)
(26.7921 -0.100041 0)
(26.7338 -0.10292 0)
(26.6738 -0.105665 0)
(26.6126 -0.10868 0)
(26.5493 -0.111417 0)
(26.4853 -0.11459 -1.37764e-20)
(26.4183 -0.117359 9.07212e-24)
(28.6587 -0.015502 -1.58468e-20)
(28.6245 -0.0154967 0)
(28.5928 -0.0147515 0)
(28.5608 -0.0144585 0)
(28.5294 -0.0140276 0)
(28.4983 -0.0136527 -7.84449e-21)
(28.4677 -0.013278 0)
(28.4374 -0.0129223 7.82189e-21)
(28.4076 -0.0125786 -1.5607e-20)
(28.3782 -0.0122503 1.55787e-20)
(28.3493 -0.0119369 0)
(28.3207 -0.0116392 -7.75875e-21)
(28.2925 -0.0113581 7.74612e-21)
(28.2648 -0.0110957 0)
(28.2374 -0.0108504 -7.72187e-21)
(28.2104 -0.0106217 0)
(28.1838 -0.0104058 -7.69936e-21)
(28.1575 -0.0102099 0)
(28.1315 -0.0100336 0)
(28.1059 -0.00987972 0)
(28.0807 -0.00974294 7.65864e-21)
(28.0557 -0.00962954 0)
(28.031 -0.00953572 -7.63981e-21)
(28.0067 -0.00946881 0)
(27.9826 -0.00942381 0)
(27.9587 -0.00940809 -7.61331e-21)
(27.9351 -0.00941606 0)
(27.9117 -0.00945548 0)
(27.8886 -0.00951896 -7.58912e-21)
(27.8656 -0.00961119 0)
(27.8428 -0.00972023 0)
(27.8201 -0.00985841 7.56705e-21)
(27.7975 -0.0100234 0)
(27.7751 -0.0102267 0)
(27.7528 -0.0104528 -7.5467e-21)
(27.7305 -0.0107113 0)
(27.7084 -0.0109928 -7.53356e-21)
(27.6862 -0.0113094 0)
(27.6641 -0.0116524 0)
(27.6419 -0.0120331 0)
(27.6197 -0.0124423 -7.50864e-21)
(27.5975 -0.0128907 0)
(27.5752 -0.0133691 7.49686e-21)
(27.5528 -0.0138873 0)
(27.5303 -0.0144368 0)
(27.5076 -0.0150242 -7.48007e-21)
(27.4848 -0.01564 0)
(27.4617 -0.0162889 0)
(27.4384 -0.0169695 0)
(27.4149 -0.0176961 0)
(27.3911 -0.0184641 0)
(27.367 -0.0192737 -7.4499e-21)
(27.3426 -0.0201173 0)
(27.3178 -0.0210002 7.44042e-21)
(27.2926 -0.0219194 0)
(27.267 -0.0228797 0)
(27.241 -0.0238794 0)
(27.2146 -0.0249213 -7.42261e-21)
(27.1876 -0.0260044 0)
(27.1602 -0.0271302 -7.41439e-21)
(27.1321 -0.0282986 2.2236e-20)
(27.1035 -0.0295102 0)
(27.0743 -0.0307649 0)
(27.0445 -0.0320625 0)
(27.0139 -0.0334026 -7.39651e-21)
(26.9827 -0.0347847 0)
(26.9507 -0.0362069 0)
(26.9179 -0.037669 0)
(26.8844 -0.039172 -7.38561e-21)
(26.85 -0.0407211 0)
(26.8148 -0.0423202 0)
(26.7787 -0.0439681 0)
(26.7416 -0.0456588 -1.47604e-20)
(26.7036 -0.0473892 7.37582e-21)
(26.6646 -0.0491586 -7.37436e-21)
(26.6246 -0.0509669 0)
(26.5835 -0.0528145 -7.37202e-21)
(26.5414 -0.054701 0)
(26.4981 -0.0566256 0)
(26.4537 -0.0585883 0)
(26.4081 -0.0605858 -7.36952e-21)
(26.3613 -0.0626202 0)
(26.3132 -0.0646843 -7.36931e-21)
(26.2638 -0.0667851 0)
(26.2132 -0.0689079 7.36969e-21)
(26.1611 -0.0710711 0)
(26.1077 -0.0732431 7.37054e-21)
(26.0529 -0.0754684 0)
(25.9966 -0.0776777 0)
(25.9389 -0.0799733 0)
(25.8795 -0.0822028 0)
(25.8188 -0.0845894 7.374e-21)
(25.7563 -0.0868156 0)
(25.6926 -0.0893222 0)
(25.6266 -0.0915176 -7.3754e-21)
(25.5599 -0.094149 0)
(25.4899 -0.0963067 2.19622e-20)
(27.6405 -0.00803472 0)
(27.6107 -0.00820232 -8.61498e-21)
(27.5834 -0.00756247 -8.58914e-21)
(27.5558 -0.0074404 0)
(27.5288 -0.00714168 0)
(27.5022 -0.00692038 3.30465e-24)
(27.476 -0.00669335 8.50853e-21)
(27.4501 -0.00648582 8.49294e-21)
(27.4247 -0.00628759 0)
(27.3996 -0.00610179 0)
(27.3749 -0.00592842 0)
(27.3506 -0.00576748 8.42445e-21)
(27.3266 -0.00561987 -2.971e-24)
(27.303 -0.00548679 0)
(27.2797 -0.00536546 8.37935e-21)
(27.2567 -0.00525525 -8.36238e-21)
(27.2339 -0.00515247 8.35195e-21)
(27.2115 -0.00506723 0)
(27.1894 -0.00499855 0)
(27.1675 -0.00494932 -8.31141e-21)
(27.1459 -0.00491165 -8.30234e-21)
(27.1245 -0.00489348 0)
(27.1033 -0.00488911 8.27962e-21)
(27.0824 -0.00490759 0)
(27.0616 -0.00494181 0)
(27.041 -0.00500079 2.38324e-24)
(27.0206 -0.00507655 0)
(27.0003 -0.00517821 0)
(26.9802 -0.00529538 1.64356e-20)
(26.9601 -0.00543511 0)
(26.9401 -0.00558455 0)
(26.9202 -0.00576025 -8.19235e-21)
(26.9004 -0.00595611 0)
(26.8806 -0.00618497 0)
(26.8608 -0.00642888 8.16777e-21)
(26.8409 -0.00670026 0)
(26.8211 -0.0069869 1.63017e-20)
(26.8012 -0.00730324 0)
(26.7813 -0.00763821 8.13442e-21)
(26.7612 -0.00800491 0)
(26.7411 -0.00839197 8.12153e-21)
(26.7208 -0.00881167 0)
(26.7003 -0.00925289 -8.10707e-21)
(26.6797 -0.00972645 0)
(26.6589 -0.0102224 0)
(26.6378 -0.0107481 8.08623e-21)
(26.6165 -0.0112942 0)
(26.5949 -0.0118679 0)
(26.5729 -0.0124674 0)
(26.5507 -0.0131057 0)
(26.5281 -0.013776 0)
(26.5052 -0.0144801 8.04742e-21)
(26.4818 -0.0152099 0)
(26.458 -0.0159718 -8.03491e-21)
(26.4337 -0.0167621 0)
(26.409 -0.0175857 0)
(26.3838 -0.0184404 0)
(26.358 -0.019329 8.0108e-21)
(26.3316 -0.02025 0)
(26.3047 -0.0212049 7.99931e-21)
(26.2771 -0.0221934 -2.22226e-24)
(26.2488 -0.023216 7.98601e-21)
(26.2199 -0.0242726 7.98064e-21)
(26.1902 -0.025363 0)
(26.1598 -0.0264867 7.97274e-21)
(26.1286 -0.0276437 0)
(26.0965 -0.0288326 0)
(26.0637 -0.0300541 0)
(26.0299 -0.0313096 7.95422e-21)
(25.9952 -0.0326031 7.94726e-21)
(25.9597 -0.0339365 0)
(25.9231 -0.0353084 7.93888e-21)
(25.8855 -0.0367136 0)
(25.8469 -0.03815 -7.93391e-21)
(25.8072 -0.0396173 1.58574e-20)
(25.7664 -0.0411151 7.92358e-21)
(25.7244 -0.0426437 7.92326e-21)
(25.6813 -0.0442026 7.9167e-21)
(25.637 -0.045791 0)
(25.5915 -0.0474086 0)
(25.5446 -0.0490524 7.91078e-21)
(25.4965 -0.0507246 0)
(25.447 -0.052418 7.90512e-21)
(25.3962 -0.0541399 0)
(25.3439 -0.0558755 -7.8997e-21)
(25.2902 -0.0576441 7.89297e-21)
(25.2351 -0.0594134 -7.89435e-21)
(25.1784 -0.0612294 7.88739e-21)
(25.1202 -0.0630212 0)
(25.0606 -0.0648944 7.88162e-21)
(24.9992 -0.0666916 0)
(24.9364 -0.0686446 -1.57557e-20)
(24.8717 -0.070423 0)
(24.8057 -0.0724837 0)
(24.7374 -0.0742153 7.8697e-21)
(24.6685 -0.0763711 0)
(24.596 -0.077998 -7.80522e-21)
(26.6647 -0.00301518 0)
(26.639 -0.00331273 9.32756e-21)
(26.616 -0.00277276 9.29765e-21)
(26.5927 -0.00278449 0)
(26.5699 -0.00259093 0)
(26.5475 -0.00248857 9.22598e-21)
(26.5253 -0.00237358 -9.20378e-21)
(26.5036 -0.0022759 9.17956e-21)
(26.4822 -0.00218398 0)
(26.4611 -0.00210018 0)
(26.4403 -0.00202593 0)
(26.4199 -0.00195985 0)
(26.3996 -0.00190362 -9.08663e-21)
(26.3797 -0.00185696 0)
(26.36 -0.00181697 0)
(26.3406 -0.00178366 9.03741e-21)
(26.3213 -0.00175467 0)
(26.3023 -0.0017413 0)
(26.2835 -0.00174045 0)
(26.2649 -0.00175581 8.97992e-21)
(26.2464 -0.00177805 0)
(26.2281 -0.00181682 0)
(26.2099 -0.0018641 0)
(26.1919 -0.00193104 0)
(26.174 -0.00200795 0)
(26.1563 -0.00210594 8.90597e-21)
(26.1385 -0.00221425 0)
(26.1209 -0.00234403 0)
(26.1032 -0.0024818 -8.87389e-21)
(26.0857 -0.00263852 0)
(26.068 -0.00279971 0)
(26.0505 -0.00298563 0)
(26.0328 -0.00318493 0)
(26.0152 -0.00341301 0)
(25.9975 -0.00364915 0)
(25.9797 -0.00390948 0)
(25.9617 -0.00417847 -8.79792e-21)
(25.9437 -0.00447341 0)
(25.9255 -0.00478008 -8.7802e-21)
(25.9072 -0.00511409 0)
(25.8887 -0.00546137 0)
(25.87 -0.0058362 0)
(25.851 -0.00622536 0)
(25.8318 -0.00664098 0)
(25.8124 -0.00707185 -8.72773e-21)
(25.7926 -0.00752636 -8.71953e-21)
(25.7725 -0.00799571 0)
(25.752 -0.00848872 -8.70348e-21)
(25.7312 -0.00900254 -8.69552e-21)
(25.71 -0.00954835 0)
(25.6883 -0.0101183 -8.67965e-21)
(25.6663 -0.0107156 -8.67174e-21)
(25.6437 -0.0113318 0)
(25.6207 -0.0119746 -8.65593e-21)
(25.5971 -0.012639 -8.64805e-21)
(25.573 -0.0133306 0)
(25.5483 -0.0140463 -8.63246e-21)
(25.523 -0.014789 0)
(25.4971 -0.0155565 -8.61705e-21)
(25.4705 -0.0163508 -8.60943e-21)
(25.4432 -0.017171 -1.72059e-20)
(25.4152 -0.018018 -8.59656e-21)
(25.3864 -0.0188915 -8.5892e-21)
(25.3568 -0.0197916 0)
(25.3264 -0.0207176 -8.57242e-21)
(25.2952 -0.02167 -8.5653e-21)
(25.2631 -0.0226477 8.55827e-21)
(25.23 -0.0236521 0)
(25.1961 -0.0246842 0)
(25.1611 -0.0257469 -8.54031e-21)
(25.1252 -0.0268406 8.53086e-21)
(25.0882 -0.0279642 -8.52696e-21)
(25.0501 -0.0291135 8.51746e-21)
(25.0109 -0.030287 0)
(24.9706 -0.0314846 -8.50736e-21)
(24.9291 -0.0327057 -8.50095e-21)
(24.8864 -0.0339506 8.49134e-21)
(24.8424 -0.0352186 -8.48826e-21)
(24.7972 -0.0365091 8.47853e-21)
(24.7507 -0.0378218 0)
(24.7028 -0.0391535 0)
(24.6536 -0.040507 0)
(24.6029 -0.041875 8.45292e-21)
(24.5508 -0.0432652 0)
(24.4973 -0.044663 0)
(24.4422 -0.0460876 -8.4374e-21)
(24.3857 -0.047508 8.42631e-21)
(24.3276 -0.0489688 -8.42386e-21)
(24.2679 -0.0504016 0)
(24.2067 -0.0519094 -8.4096e-21)
(24.1436 -0.0533378 0)
(24.0792 -0.0549164 8.39437e-21)
(24.0128 -0.0563157 8.38079e-21)
(23.9452 -0.0579921 0)
(23.8751 -0.0593341 8.36333e-21)
(23.8044 -0.0610815 8.35443e-21)
(23.7301 -0.0622572 0)
(25.7168 0.000187431 1.00857e-20)
(25.6951 -0.000194796 0)
(25.6762 0.000253583 0)
(25.6568 0.000146346 1.00111e-20)
(25.6379 0.000259719 0)
(25.6193 0.000277545 0)
(25.6009 0.000314509 0)
(25.583 0.000338142 -9.91316e-21)
(25.5651 0.000358602 0)
(25.5477 0.000375743 0)
(25.5303 0.0003854 0)
(25.5133 0.000391473 0)
(25.4963 0.000390575 9.80848e-21)
(25.4797 0.000384988 9.79027e-21)
(25.4631 0.00037626 9.77294e-21)
(25.4468 0.000363866 0)
(25.4305 0.000348807 0)
(25.4145 0.000320076 0)
(25.3985 0.000282949 -9.7095e-21)
(25.3827 0.000232352 0)
(25.3669 0.00017887 0)
(25.3513 0.000110894 0)
(25.3357 3.91143e-05 0)
(25.3203 -5.01112e-05 9.64071e-21)
(25.3047 -0.000143964 0)
(25.2893 -0.000256369 0)
(25.2738 -0.000373091 0)
(25.2584 -0.000508439 0)
(25.2429 -0.000645469 9.58151e-21)
(25.2274 -0.000800151 9.57028e-21)
(25.2118 -0.000954845 0)
(25.1962 -0.00113364 0)
(25.1804 -0.00131897 0)
(25.1646 -0.00153032 0)
(25.1485 -0.00174336 0)
(25.1324 -0.00197884 0)
(25.1161 -0.00221707 0)
(25.0997 -0.002479 0)
(25.083 -0.00274636 0)
(25.0661 -0.00303821 0)
(25.0489 -0.00333694 0)
(25.0315 -0.00365967 9.44874e-21)
(25.0138 -0.00399047 0)
(24.9958 -0.00434355 9.4295e-21)
(24.9774 -0.00470611 9.4215e-21)
(24.9587 -0.00508822 9.41187e-21)
(24.9396 -0.00548101 9.40089e-21)
(24.9201 -0.00589438 9.39288e-21)
(24.9002 -0.00632384 9.38338e-21)
(24.8798 -0.00677948 0)
(24.859 -0.0072528 9.36425e-21)
(24.8377 -0.00774814 9.35466e-21)
(24.8158 -0.00825699 0)
(24.7934 -0.00878791 9.33533e-21)
(24.7705 -0.00933496 9.32561e-21)
(24.7469 -0.00990409 0)
(24.7227 -0.0104916 1.86106e-20)
(24.6978 -0.0111003 0)
(24.6723 -0.0117277 9.28676e-21)
(24.646 -0.0123758 9.27704e-21)
(24.619 -0.0130437 9.26731e-21)
(24.5912 -0.0137324 0)
(24.5626 -0.0144417 -9.24575e-21)
(24.5331 -0.0151716 0)
(24.5028 -0.0159216 9.22857e-21)
(24.4716 -0.0166925 2.32499e-24)
(24.4394 -0.0174835 -1.84163e-20)
(24.4063 -0.0182959 0)
(24.3722 -0.0191302 0)
(24.3371 -0.0199887 0)
(24.301 -0.0208708 -9.1709e-21)
(24.2637 -0.0217759 0)
(24.2253 -0.0227004 -9.15153e-21)
(24.1857 -0.0236435 0)
(24.145 -0.0246049 9.12901e-21)
(24.103 -0.0255842 0)
(24.0597 -0.0265816 -3.2097e-24)
(24.0152 -0.0275963 0)
(23.9693 -0.0286278 -9.09246e-21)
(23.9221 -0.029676 -9.07883e-21)
(23.8735 -0.0307377 0)
(23.8235 -0.031816 0)
(23.7721 -0.0329039 -9.05122e-21)
(23.7192 -0.0340088 0)
(23.6647 -0.0351175 0)
(23.6088 -0.0362479 0)
(23.5512 -0.0373714 -9.00689e-21)
(23.4922 -0.0385295 0)
(23.4315 -0.0396587 0)
(23.3693 -0.0408559 0)
(23.3052 -0.0419749 0)
(23.2398 -0.0432348 0)
(23.1722 -0.044319 -8.93057e-21)
(23.1036 -0.0456685 -8.91161e-21)
(23.0323 -0.0466886 -5.36237e-24)
(22.9606 -0.0480926 -8.88661e-21)
(22.8851 -0.0488911 -8.81509e-21)
(24.7816 0.0020709 -1.63572e-20)
(24.7636 0.00164659 5.444e-21)
(24.7484 0.00201421 0)
(24.7326 0.00184765 -1.08258e-20)
(24.7172 0.00190458 0)
(24.7021 0.00186945 5.38462e-21)
(24.6871 0.0018573 5.37174e-21)
(24.6725 0.00183674 -5.35969e-21)
(24.6577 0.00181384 0)
(24.6435 0.00179236 5.33697e-21)
(24.6291 0.00176419 5.32621e-21)
(24.6151 0.00173702 -5.31618e-21)
(24.6009 0.0017045 -1.06139e-20)
(24.5872 0.00167166 -1.05954e-20)
(24.5732 0.00163732 -1.58651e-20)
(24.5597 0.00160125 5.27947e-21)
(24.5459 0.00156342 0)
(24.5325 0.00151394 -5.26308e-21)
(24.5189 0.00145974 1.05115e-20)
(24.5056 0.00139412 0)
(24.492 0.00132901 0)
(24.4788 0.00125059 0)
(24.4653 0.00117252 0)
(24.452 0.0010783 -1.56601e-20)
(24.4385 0.000984374 -5.21309e-21)
(24.4252 0.00087319 0)
(24.4115 0.000763208 0)
(24.3981 0.000635793 5.19443e-21)
(24.3843 0.000512012 -1.55666e-20)
(24.3706 0.000370156 -1.5549e-20)
(24.3566 0.000232683 -5.17694e-21)
(24.3427 7.10126e-05 -5.17121e-21)
(24.3285 -9.04527e-05 0)
(24.3142 -0.000276753 -5.15998e-21)
(24.2996 -0.000458715 0)
(24.285 -0.000662904 -5.14886e-21)
(24.27 -0.000864113 0)
(24.2549 -0.00108824 -5.13781e-21)
(24.2395 -0.00131179 -5.13244e-21)
(24.2238 -0.0015585 0)
(24.2078 -0.00180603 -5.12148e-21)
(24.1916 -0.0020757 -1.0233e-20)
(24.1749 -0.00234762 0)
(24.1579 -0.0026395 -1.5316e-20)
(24.1406 -0.00293584 -5.09947e-21)
(24.1228 -0.00324939 0)
(24.1046 -0.00356995 -1.0178e-20)
(24.086 -0.00390875 -5.08274e-21)
(24.0669 -0.00425912 0)
(24.0473 -0.00463089 -5.07146e-21)
(24.0272 -0.00501507 -5.06572e-21)
(24.0066 -0.00541713 0)
(23.9854 -0.00582827 -5.05414e-21)
(23.9636 -0.00625777 0)
(23.9413 -0.00669902 0)
(23.9182 -0.00715813 -5.03645e-21)
(23.8945 -0.00763086 -1.50931e-20)
(23.8701 -0.00812005 -5.02445e-21)
(23.845 -0.00862297 0)
(23.8191 -0.00914152 -5.01229e-21)
(23.7925 -0.00967511 0)
(23.765 -0.0102246 0)
(23.7366 -0.0107901 9.98955e-21)
(23.7074 -0.0113714 0)
(23.6773 -0.011968 0)
(23.6463 -0.0125812 9.95214e-21)
(23.6143 -0.0132099 9.93954e-21)
(23.5813 -0.0138555 0)
(23.5473 -0.014518 0)
(23.5122 -0.0151992 0)
(23.4761 -0.015898 0)
(23.4388 -0.0166143 0)
(23.4003 -0.017345 -4.92954e-21)
(23.3607 -0.0180897 0)
(23.3198 -0.018848 -9.83489e-21)
(23.2776 -0.0196197 0)
(23.2342 -0.020405 -9.80734e-21)
(23.1895 -0.0212029 0)
(23.1434 -0.0220133 0)
(23.0959 -0.0228359 9.76449e-21)
(23.047 -0.0236682 4.87312e-21)
(22.9967 -0.0245128 0)
(22.9449 -0.0253636 0)
(22.8917 -0.0262275 0)
(22.8369 -0.0270928 0)
(22.7806 -0.0279755 0)
(22.7227 -0.0288505 0)
(22.6633 -0.0297545 0)
(22.6022 -0.0306312 4.80737e-21)
(22.5396 -0.0315677 0)
(22.4752 -0.0324312 0)
(22.4094 -0.0334233 0)
(22.3414 -0.0342495 0)
(22.2726 -0.0353239 9.52228e-21)
(22.2008 -0.036082 -9.50086e-21)
(22.1289 -0.0372016 0)
(22.0531 -0.0376901 9.40958e-21)
(23.8426 0.00302458 5.91773e-21)
(23.8281 0.00259164 -5.91012e-21)
(23.8161 0.00289082 0)
(23.8036 0.00269649 0)
(23.7913 0.0027178 0)
(23.7793 0.0026558 -5.8491e-21)
(23.7672 0.0026171 -5.83567e-21)
(23.7555 0.00257513 5.82382e-21)
(23.7434 0.00252966 5.81107e-21)
(23.732 0.00249012 -5.80087e-21)
(23.7201 0.00244337 -5.78962e-21)
(23.7088 0.00240192 5.77994e-21)
(23.697 0.0023554 0)
(23.6858 0.00231215 0)
(23.674 0.00226753 5.75107e-21)
(23.6629 0.00222252 -5.74296e-21)
(23.6512 0.0021763 0)
(23.6401 0.00212036 5.7264e-21)
(23.6285 0.00206276 0)
(23.6173 0.0019951 0)
(23.6056 0.00193073 -5.70244e-21)
(23.5944 0.00185366 0)
(23.5827 0.00178053 -5.68823e-21)
(23.5713 0.00169178 5.68224e-21)
(23.5594 0.00160775 4.21591e-25)
(23.5479 0.00150677 0)
(23.5359 0.00141191 -5.66177e-21)
(23.5241 0.0012994 -5.65616e-21)
(23.5118 0.00119521 5.6497e-21)
(23.4997 0.00107142 5.64377e-21)
(23.4871 0.000956603 4.33973e-25)
(23.4747 0.000816769 4.33456e-25)
(23.4618 0.00068368 0)
(23.449 0.000525515 4.42952e-25)
(23.4356 0.000377466 0)
(23.4223 0.00020615 4.55483e-25)
(23.4085 4.35034e-05 0)
(23.3946 -0.000142594 5.59548e-21)
(23.3803 -0.000322224 4.83007e-25)
(23.3658 -0.000525049 0)
(23.3508 -0.000722805 5.01846e-25)
(23.3356 -0.000942415 -5.57061e-21)
(23.3199 -0.00115867 -5.56448e-21)
(23.3039 -0.00139424 5.55872e-21)
(23.2875 -0.00162952 5.49329e-25)
(23.2706 -0.00188124 -5.54554e-21)
(23.2533 -0.00213612 0)
(23.2355 -0.00240773 5.90768e-25)
(23.2173 -0.00268652 0)
(23.1985 -0.00298311 6.23252e-25)
(23.1792 -0.00328777 6.4371e-25)
(23.1593 -0.0036071 -5.50601e-21)
(23.1388 -0.00393195 5.49979e-21)
(23.1177 -0.00427206 0)
(23.096 -0.00462052 -5.48512e-21)
(23.0736 -0.00498319 7.40338e-25)
(23.0505 -0.0053558 7.65594e-25)
(23.0267 -0.00574082 5.46436e-21)
(23.0021 -0.00613566 -5.45622e-21)
(22.9767 -0.0065421 8.39352e-25)
(22.9506 -0.00695987 0)
(22.9236 -0.00738969 0)
(22.8958 -0.00783177 5.42601e-21)
(22.867 -0.00828571 -5.41826e-21)
(22.8373 -0.00875118 0)
(22.8067 -0.00922951 -5.40253e-21)
(22.7751 -0.00971959 5.39454e-21)
(22.7425 -0.0102228 -5.38647e-21)
(22.7089 -0.0107386 5.37828e-21)
(22.6742 -0.0112686 -5.37e-21)
(22.6383 -0.0118115 0)
(22.6014 -0.0123675 0)
(22.5632 -0.0129339 5.3457e-21)
(22.5238 -0.0135105 -5.33565e-21)
(22.4832 -0.0140972 0)
(22.4414 -0.0146937 0)
(22.3982 -0.0153002 0)
(22.3537 -0.0159157 0)
(22.3079 -0.0165404 0)
(22.2607 -0.0171739 -5.27978e-21)
(22.2121 -0.0178141 -5.27146e-21)
(22.162 -0.0184635 -5.25966e-21)
(22.1105 -0.0191169 5.24926e-21)
(22.0575 -0.0197802 -5.23864e-21)
(22.003 -0.0204435 0)
(21.947 -0.0211209 -5.21658e-21)
(21.8894 -0.0217906 5.20507e-21)
(21.8303 -0.0224844 -5.19339e-21)
(21.7695 -0.0231536 -2.04771e-24)
(21.7073 -0.0238745 0)
(21.6432 -0.0245295 0)
(21.5779 -0.0252991 0)
(21.5104 -0.0259169 0)
(21.442 -0.0267617 -5.11584e-21)
(21.3707 -0.02731 0)
(21.2994 -0.0281964 0)
(21.2241 -0.0284351 0)
(22.8819 0.00334088 6.46572e-21)
(22.8703 0.00292687 0)
(22.8613 0.00317114 6.43886e-21)
(22.8516 0.0029741 0)
(22.8419 0.00297636 -6.41048e-21)
(22.8326 0.0029068 6.39817e-21)
(22.8229 0.00285765 6.38424e-21)
(22.8137 0.00280996 6.37316e-21)
(22.804 0.00275621 -6.36074e-21)
(22.7949 0.00271237 0)
(22.7852 0.00265993 6.33874e-21)
(22.7761 0.00261642 -6.32994e-21)
(22.7664 0.00256717 0)
(22.7573 0.00252387 -6.31101e-21)
(22.7475 0.00247847 6.30068e-21)
(22.7383 0.00243372 0)
(22.7285 0.0023881 0)
(22.7193 0.00233455 6.27702e-21)
(22.7094 0.00228157 -6.2678e-21)
(22.7 0.00221953 6.2615e-21)
(22.69 0.00216283 6.2531e-21)
(22.6805 0.00209381 6.2468e-21)
(22.6703 0.00203161 1.24774e-20)
(22.6606 0.00195397 0)
(22.6502 0.00188474 6.22522e-21)
(22.6402 0.00179824 -6.21922e-21)
(22.6295 0.00172208 6.21203e-21)
(22.6192 0.00162716 0)
(22.6082 0.00154479 -6.19882e-21)
(22.5976 0.00144073 0)
(22.5862 0.0013503 3.36218e-25)
(22.5752 0.00123351 6.18066e-21)
(22.5634 0.00112952 0)
(22.5519 0.000999257 6.16785e-21)
(22.5397 0.000884479 6.16069e-21)
(22.5275 0.000744672 3.65086e-25)
(22.5148 0.000618931 0)
(22.5021 0.000468403 -6.14137e-21)
(22.4888 0.000329936 6.13498e-21)
(22.4754 0.000167222 6.12802e-21)
(22.4614 1.52192e-05 4.17073e-25)
(22.4472 -0.000159524 1.22293e-20)
(22.4325 -0.000325556 4.40442e-25)
(22.4175 -0.000511542 6.10048e-21)
(22.402 -0.000692542 4.66987e-25)
(22.3861 -0.000890339 6.08665e-21)
(22.3697 -0.00108729 6.07886e-21)
(22.3528 -0.00130021 5.08915e-25)
(22.3354 -0.00151606 6.06395e-21)
(22.3175 -0.00174727 5.41643e-25)
(22.299 -0.00198288 1.20977e-20)
(22.28 -0.00223077 5.77008e-25)
(22.2603 -0.00248125 0)
(22.24 -0.0027445 6.02464e-21)
(22.2191 -0.00301342 6.38838e-25)
(22.1975 -0.00329344 1.20168e-20)
(22.1751 -0.00358054 6.82056e-25)
(22.1521 -0.00387674 5.99101e-21)
(22.1283 -0.00417973 5.98302e-21)
(22.1037 -0.0044912 5.97421e-21)
(22.0783 -0.00481111 5.96447e-21)
(22.052 -0.00513999 5.95537e-21)
(22.0249 -0.00547808 -5.94697e-21)
(21.9969 -0.00582488 1.18744e-20)
(21.9679 -0.00618003 5.92728e-21)
(21.9381 -0.00654509 5.9186e-21)
(21.9072 -0.00691873 -5.90887e-21)
(21.8753 -0.00730238 5.899e-21)
(21.8424 -0.00769508 -5.88897e-21)
(21.8084 -0.0080984 5.87879e-21)
(21.7733 -0.00851083 0)
(21.7371 -0.00893301 0)
(21.6997 -0.00936248 0)
(21.6611 -0.00979917 5.83622e-21)
(21.6212 -0.0102433 0)
(21.5802 -0.0106941 5.81246e-21)
(21.5378 -0.0111525 5.80084e-21)
(21.4941 -0.0116169 0)
(21.4491 -0.0120882 0)
(21.4027 -0.0125656 5.76593e-21)
(21.355 -0.0130476 0)
(21.3058 -0.0135365 5.74041e-21)
(21.2552 -0.0140278 -5.72718e-21)
(21.2032 -0.0145267 5.71366e-21)
(21.1496 -0.0150249 5.69807e-21)
(21.0946 -0.0155343 5.68557e-21)
(21.0381 -0.0160368 -5.67091e-21)
(20.9801 -0.0165588 5.65603e-21)
(20.9204 -0.0170598 -5.64054e-21)
(20.8594 -0.0176042 0)
(20.7965 -0.0180913 0)
(20.7325 -0.0186778 0)
(20.6662 -0.0191296 0)
(20.5993 -0.0197837 5.55769e-21)
(20.5292 -0.0201672 0)
(20.4596 -0.0208628 0)
(20.3856 -0.0209058 0)
(21.8786 0.00323908 -2.02135e-25)
(21.8694 0.00286685 0)
(21.863 0.00306842 -2.63143e-25)
(21.8555 0.00288605 0)
(21.8482 0.00288108 1.41604e-20)
(21.8411 0.00281636 -1.41382e-20)
(21.8335 0.00276718 -7.05474e-21)
(21.8263 0.00272325 -2.13176e-25)
(21.8187 0.0026702 -7.03131e-21)
(21.8114 0.00263026 0)
(21.8036 0.00257999 -1.40207e-20)
(21.7963 0.00254144 1.40059e-20)
(21.7884 0.00249596 0)
(21.781 0.0024583 1.39692e-20)
(21.7729 0.00241739 -6.97344e-21)
(21.7654 0.00237811 6.96742e-21)
(21.7572 0.00233798 0)
(21.7495 0.00229173 -2.04495e-25)
(21.7412 0.00224723 2.08845e-25)
(21.7333 0.00219477 -2.06765e-25)
(21.7247 0.00214878 0)
(21.7167 0.00209103 -2.09908e-25)
(21.7079 0.00204202 -6.9125e-21)
(21.6995 0.00197783 6.9076e-21)
(21.6904 0.00192478 0)
(21.6818 0.001854 1.37881e-20)
(21.6724 0.00179686 0)
(21.6634 0.00171969 0)
(21.6536 0.00165856 6.87252e-21)
(21.6442 0.00157383 -6.86717e-21)
(21.634 0.00150691 6.85945e-21)
(21.6241 0.00141227 0)
(21.6136 0.00133555 0)
(21.6031 0.00123108 0)
(21.592 0.00114672 -6.83288e-21)
(21.581 0.0010354 6.8268e-21)
(21.5694 0.000942944 0)
(21.5577 0.000824047 6.81268e-21)
(21.5455 0.000722229 0)
(21.5331 0.000594619 -6.79822e-21)
(21.5202 0.00048285 6.79052e-21)
(21.507 0.000346804 -6.78334e-21)
(21.4933 0.000224423 6.77553e-21)
(21.4794 8.06895e-05 -6.76796e-21)
(21.4648 -5.35645e-05 6.75997e-21)
(21.4499 -0.000205582 0)
(21.4345 -0.000352782 -6.74382e-21)
(21.4186 -0.000515759 6.73558e-21)
(21.4022 -0.000677761 -6.72711e-21)
(21.3853 -0.000853541 6.71857e-21)
(21.3678 -0.00103067 -6.70978e-21)
(21.3497 -0.00121826 6.70092e-21)
(21.3311 -0.00140617 0)
(21.3117 -0.00160478 -6.68259e-21)
(21.2918 -0.00180692 6.67316e-21)
(21.2712 -0.00201763 -6.66363e-21)
(21.2498 -0.00223316 6.65389e-21)
(21.2277 -0.0024552 -6.64403e-21)
(21.2049 -0.00268171 0)
(21.1813 -0.00291436 0)
(21.1569 -0.0031532 -6.61329e-21)
(21.1317 -0.0033985 -6.60269e-21)
(21.1057 -0.00365064 -6.59116e-21)
(21.0787 -0.00390876 -7.64611e-25)
(21.0509 -0.00417283 -1.31388e-20)
(21.0221 -0.00444427 0)
(20.9923 -0.00472189 0)
(20.9616 -0.00500682 0)
(20.9298 -0.00529813 0)
(20.897 -0.00559721 0)
(20.8631 -0.00590243 -6.49773e-21)
(20.828 -0.00621485 6.48505e-21)
(20.7919 -0.0065321 -6.47208e-21)
(20.7545 -0.00685436 6.45888e-21)
(20.716 -0.00718188 -6.44537e-21)
(20.6763 -0.00751392 -6.43274e-21)
(20.6353 -0.00785146 -1.28362e-20)
(20.593 -0.0081928 6.40307e-21)
(20.5495 -0.00853941 -6.3883e-21)
(20.5046 -0.00889004 6.3732e-21)
(20.4584 -0.00924383 -6.35772e-21)
(20.4108 -0.0096028 6.3419e-21)
(20.3618 -0.00996299 -6.32564e-21)
(20.3115 -0.010329 0)
(20.2597 -0.0106942 -1.51913e-24)
(20.2065 -0.0110681 6.2745e-21)
(20.1518 -0.0114361 -6.25647e-21)
(20.0958 -0.0118196 6.23819e-21)
(20.0381 -0.0121858 -6.21916e-21)
(19.9791 -0.0125875 0)
(19.9183 -0.0129408 0)
(19.8565 -0.0133782 0)
(19.7923 -0.0136996 0)
(19.7278 -0.0141965 0)
(19.6599 -0.014453 -6.09562e-21)
(19.5929 -0.0149924 6.07257e-21)
(19.5212 -0.0148892 6.02982e-21)
(20.8074 0.00288231 -7.97173e-21)
(20.8001 0.0025697 3.98507e-21)
(20.7958 0.00273692 -1.19218e-20)
(20.7901 0.00257931 0)
(20.7848 0.00257437 -1.18822e-20)
(20.7793 0.00252091 3.9561e-21)
(20.7736 0.00247775 3.94842e-21)
(20.768 0.00244206 -7.88882e-21)
(20.762 0.00239507 7.87468e-21)
(20.7563 0.00236272 0)
(20.7501 0.00231918 3.92732e-21)
(20.7442 0.00228848 -1.17734e-20)
(20.7379 0.00225018 3.918e-21)
(20.7317 0.00222037 -7.83152e-21)
(20.7252 0.00218652 -3.90949e-21)
(20.7189 0.00215492 -1.17228e-20)
(20.7123 0.00212246 -3.90155e-21)
(20.7058 0.00208548 -7.79982e-21)
(20.6989 0.00205064 3.89421e-21)
(20.6921 0.00200918 -1.16777e-20)
(20.685 0.00197425 -3.88697e-21)
(20.678 0.0019288 -1.16565e-20)
(20.6705 0.0018926 -3.88015e-21)
(20.6633 0.00184234 -1.1636e-20)
(20.6555 0.00180422 0)
(20.6479 0.00174898 -7.74389e-21)
(20.6398 0.00170883 -3.86696e-21)
(20.6318 0.00164844 -3.86514e-21)
(20.6232 0.00160611 -3.86041e-21)
(20.6149 0.0015393 3.85856e-21)
(20.6059 0.0014932 -3.85383e-21)
(20.597 0.00141871 -3.85157e-21)
(20.5876 0.00136583 -3.84713e-21)
(20.5782 0.00128411 -3.84459e-21)
(20.5683 0.00122602 -3.84022e-21)
(20.5583 0.00113944 -3.83739e-21)
(20.5478 0.0010755 3.83307e-21)
(20.5371 0.000983773 0)
(20.526 0.00091303 -3.82566e-21)
(20.5147 0.000815275 -3.82226e-21)
(20.5028 0.000737352 -3.81796e-21)
(20.4907 0.000633823 -3.81428e-21)
(20.4781 0.000547955 0)
(20.4652 0.000439396 -3.80596e-21)
(20.4518 0.000344157 -3.80152e-21)
(20.438 0.000230097 -3.79729e-21)
(20.4236 0.000124511 -3.79273e-21)
(20.4089 2.95688e-06 0)
(20.3936 -0.000114136 -3.78358e-21)
(20.3778 -0.000244056 -3.7789e-21)
(20.3614 -0.000372821 0)
(20.3445 -0.000510661 -3.76913e-21)
(20.327 -0.000647154 -3.76407e-21)
(20.3089 -0.000792509 -3.75895e-21)
(20.2901 -0.000939891 -3.75369e-21)
(20.2707 -0.00109357 -3.74836e-21)
(20.2506 -0.00125053 -3.7429e-21)
(20.2297 -0.00141187 -3.73735e-21)
(20.2082 -0.00157615 -3.73167e-21)
(20.1859 -0.00174464 0)
(20.1628 -0.00191772 3.71998e-21)
(20.139 -0.00209512 0)
(20.1143 -0.00227754 3.70847e-21)
(20.0888 -0.00246371 -7.40384e-21)
(20.0624 -0.00265395 3.6959e-21)
(20.035 -0.00284953 0)
(20.0068 -0.00304942 -3.6821e-21)
(19.9776 -0.00325448 3.67536e-21)
(19.9474 -0.00346386 -3.66846e-21)
(19.9163 -0.00367882 0)
(19.8841 -0.00389759 3.65509e-21)
(19.8508 -0.0041217 -3.64778e-21)
(19.8164 -0.0043487 3.64029e-21)
(19.7809 -0.00457912 -7.26434e-21)
(19.7443 -0.00481307 3.6248e-21)
(19.7065 -0.00504999 3.61578e-21)
(19.6675 -0.00529075 7.2161e-21)
(19.6273 -0.00553383 -3.60017e-21)
(19.5858 -0.00578075 3.59154e-21)
(19.5432 -0.00603034 -7.16426e-21)
(19.4992 -0.00628191 3.57363e-21)
(19.454 -0.00653738 -7.12748e-21)
(19.4074 -0.00679336 3.55481e-21)
(19.3596 -0.00705377 0)
(19.3103 -0.00731322 -7.06864e-21)
(19.2598 -0.00757943 -7.04811e-21)
(19.2078 -0.00784088 3.51413e-21)
(19.1545 -0.00811413 -7.00529e-21)
(19.0997 -0.00837386 3.49216e-21)
(19.0437 -0.00866158 0)
(18.9859 -0.00891005 -3.46749e-21)
(18.9272 -0.00922723 0)
(18.8662 -0.00944759 -3.44314e-21)
(18.805 -0.00981574 0)
(18.7404 -0.00997694 6.8371e-21)
(18.677 -0.0103877 -1.0214e-20)
(18.6086 -0.0101841 -6.76318e-21)
(19.6358 0.00239051 0)
(19.6296 0.00214858 -9.06252e-21)
(19.6271 0.00228483 9.03898e-21)
(19.6227 0.00215649 4.51585e-21)
(19.619 0.00215502 9.0142e-21)
(19.6147 0.00211485 4.50337e-21)
(19.6105 0.00208054 -8.99089e-21)
(19.606 0.00205409 4.49236e-21)
(19.6015 0.00201589 0)
(19.5968 0.00199184 0)
(19.5921 0.00195711 4.47543e-21)
(19.5871 0.00193454 4.47373e-21)
(19.5823 0.00190476 -2.46353e-26)
(19.577 0.00188281 0)
(19.572 0.00185687 4.45885e-21)
(19.5665 0.00183314 4.458e-21)
(19.5612 0.00180884 4.45145e-21)
(19.5555 0.00178113 4.45081e-21)
(19.55 0.00175552 3.30781e-26)
(19.544 0.00172479 4.444e-21)
(19.5382 0.00169982 4.43784e-21)
(19.532 0.00166615 4.43741e-21)
(19.5259 0.00164098 4.43146e-21)
(19.5194 0.00160383 4.43096e-21)
(19.5129 0.0015781 0)
(19.5061 0.00153716 0)
(19.4992 0.00151077 4.41898e-21)
(19.4921 0.00146568 8.83603e-21)
(19.4848 0.00143847 4.41269e-21)
(19.4772 0.00138786 4.41144e-21)
(19.4695 0.00135875 4.40631e-21)
(19.4615 0.0013021 4.40472e-21)
(19.4532 0.00126862 4.39976e-21)
(19.4448 0.00120649 4.39777e-21)
(19.436 0.0011697 4.39293e-21)
(19.4269 0.00110419 4.39053e-21)
(19.4176 0.00106322 -4.38578e-21)
(19.4079 0.000994409 0)
(19.3979 0.000948603 4.37829e-21)
(19.3876 0.000875833 4.37511e-21)
(19.3769 0.000824942 4.37045e-21)
(19.3659 0.000748344 4.36687e-21)
(19.3545 0.000691688 0)
(19.3427 0.000611967 4.35822e-21)
(19.3304 0.000548053 4.35346e-21)
(19.3178 0.000464929 4.34913e-21)
(19.3047 0.00039302 4.34427e-21)
(19.2912 0.0003051 0)
(19.2771 0.000224352 4.33463e-21)
(19.2626 0.000131465 4.32971e-21)
(19.2475 4.17186e-05 0)
(19.2319 -5.60605e-05 4.31932e-21)
(19.2158 -0.000151332 4.31391e-21)
(19.199 -0.000253849 4.30844e-21)
(19.1816 -0.000357333 4.3028e-21)
(19.1636 -0.000465171 4.29707e-21)
(19.145 -0.000575328 4.29119e-21)
(19.1257 -0.000688092 4.2852e-21)
(19.1057 -0.000802852 4.27906e-21)
(19.085 -0.000920353 0)
(19.0636 -0.0010412 -4.26637e-21)
(19.0414 -0.00116466 0)
(19.0184 -0.00129171 4.25314e-21)
(18.9947 -0.00142089 4.24603e-21)
(18.9701 -0.00155249 4.23932e-21)
(18.9447 -0.00168807 4.23191e-21)
(18.9184 -0.00182632 3.13089e-25)
(18.8912 -0.00196831 -4.21749e-21)
(18.8631 -0.0021129 4.20987e-21)
(18.834 -0.00226146 0)
(18.804 -0.00241208 8.38788e-21)
(18.773 -0.00256667 -3.77234e-25)
(18.7409 -0.00272269 8.3548e-21)
(18.7078 -0.00288095 4.16863e-21)
(18.6737 -0.00304152 8.32006e-21)
(18.6385 -0.00320385 -4.3448e-25)
(18.6021 -0.00336877 -4.14154e-21)
(18.5647 -0.00353498 -4.65001e-25)
(18.5261 -0.00370394 4.12276e-21)
(18.4863 -0.00387456 0)
(18.4454 -0.0040463 4.1025e-21)
(18.4032 -0.00422094 4.09145e-21)
(18.3599 -0.00439571 4.08113e-21)
(18.3153 -0.0045736 4.06949e-21)
(18.2695 -0.00475076 4.05802e-21)
(18.2224 -0.00493277 0)
(18.174 -0.00511137 4.03482e-21)
(18.1244 -0.00529833 0)
(18.0734 -0.00547542 4.00974e-21)
(18.0213 -0.0056735 0)
(17.9675 -0.00584106 3.98333e-21)
(17.913 -0.00606265 0)
(17.8561 -0.00620645 7.19299e-25)
(17.7993 -0.0064701 0)
(17.739 -0.00656207 -3.92567e-21)
(17.6803 -0.00686634 7.82108e-21)
(17.6163 -0.00660484 0)
(18.3183 0.00185023 -2.63451e-21)
(18.3125 0.0016809 5.27187e-21)
(18.3115 0.00178575 -5.2595e-21)
(18.3078 0.00168742 -5.25702e-21)
(18.3054 0.00169001 -7.872e-21)
(18.3017 0.00166239 -2.62262e-21)
(18.2989 0.0016375 5.23707e-21)
(18.2949 0.00161931 -5.23499e-21)
(18.2918 0.00159073 -2.61364e-21)
(18.2875 0.00157404 0)
(18.2842 0.00154845 -2.60928e-21)
(18.2797 0.00153292 0)
(18.2761 0.00151156 -7.81609e-21)
(18.2713 0.00149639 -2.60529e-21)
(18.2676 0.00147798 -2.60179e-21)
(18.2625 0.00146127 0)
(18.2586 0.00144445 -2.59848e-21)
(18.2533 0.00142498 -7.79619e-21)
(18.2491 0.00140734 5.19081e-21)
(18.2435 0.00138598 -2.59572e-21)
(18.239 0.00136927 -2.59248e-21)
(18.2332 0.00134586 0)
(18.2284 0.00132942 -2.58968e-21)
(18.2223 0.0013037 -2.58999e-21)
(18.2171 0.00128743 -2.58692e-21)
(18.2108 0.00125893 -2.58713e-21)
(18.2052 0.00124278 0)
(18.1985 0.00121106 -5.16846e-21)
(18.1925 0.00119499 0)
(18.1855 0.00115864 -2.58122e-21)
(18.179 0.00114208 0)
(18.1717 0.00110104 -2.57812e-21)
(18.1647 0.00108201 0)
(18.1569 0.00103665 -2.57487e-21)
(18.1493 0.00101582 0)
(18.1411 0.000968086 0)
(18.1329 0.000944318 -2.56895e-21)
(18.1241 0.000894652 0)
(18.1153 0.000867597 0)
(18.106 0.000815472 0)
(18.0965 0.00078495 -2.56163e-21)
(18.0865 0.000730419 0)
(18.0763 0.000695856 0)
(18.0657 0.000639548 -2.55577e-21)
(18.0547 0.000599589 0)
(18.0433 0.00054135 -2.55125e-21)
(18.0314 0.000495498 0)
(18.0192 0.000434423 0)
(18.0065 0.000381998 0)
(17.9933 0.000318317 -2.54153e-21)
(17.9797 0.000259125 0)
(17.9655 0.00019271 0)
(17.9509 0.000129632 -2.53353e-21)
(17.9356 6.0542e-05 0)
(17.9199 -8.56859e-06 0)
(17.9035 -8.06439e-05 0)
(17.8865 -0.000154292 -2.52193e-21)
(17.869 -0.000229293 -2.51886e-21)
(17.8508 -0.000305679 0)
(17.8319 -0.000383743 0)
(17.8124 -0.00046414 2.50914e-21)
(17.7922 -0.000545856 0)
(17.7713 -0.000630076 2.50229e-21)
(17.7496 -0.0007153 -2.49896e-21)
(17.7272 -0.000801708 2.49509e-21)
(17.704 -0.000891033 -4.983e-21)
(17.6801 -0.000981772 7.46295e-21)
(17.6553 -0.0010753 2.48367e-21)
(17.6297 -0.00117002 0)
(17.6032 -0.00126761 2.47559e-21)
(17.5758 -0.00136592 -4.94307e-21)
(17.5476 -0.00146728 -2.46739e-21)
(17.5184 -0.00156898 -2.46297e-21)
(17.4882 -0.00167201 -4.91656e-21)
(17.4571 -0.00177667 -2.45379e-21)
(17.4251 -0.00188197 -2.44901e-21)
(17.392 -0.00198914 7.33151e-21)
(17.3579 -0.00209669 -4.87769e-21)
(17.3228 -0.00220639 2.43343e-21)
(17.2867 -0.00231677 2.42808e-21)
(17.2495 -0.00242783 0)
(17.2112 -0.00254092 -4.83422e-21)
(17.1718 -0.00265391 0)
(17.1313 -0.00276901 -2.40553e-21)
(17.0897 -0.0028835 -2.39934e-21)
(17.047 -0.00300137 2.39253e-21)
(17.0031 -0.00311691 0)
(16.9581 -0.00323794 2.37929e-21)
(16.9118 -0.00335228 0)
(16.8646 -0.00348139 0)
(16.8157 -0.00358806 2.35785e-21)
(16.7663 -0.00373497 2.35049e-21)
(16.7146 -0.00382243 7.02844e-21)
(16.6633 -0.00400233 0)
(16.6083 -0.00404652 6.98033e-21)
(16.5554 -0.00426238 -4.63675e-21)
(16.4968 -0.00398283 0)
(16.7854 0.00132071 3.16711e-21)
(16.7796 0.00121631 0)
(16.7797 0.00128799 3.16306e-21)
(16.776 0.00121839 0)
(16.7746 0.00122392 3.15775e-21)
(16.771 0.0012065 6.31356e-21)
(16.7691 0.0011903 -3.15272e-21)
(16.7653 0.00117849 0)
(16.7632 0.00115899 -1.44749e-26)
(16.759 0.00114805 0)
(16.7567 0.00113081 6.28888e-21)
(16.7522 0.00112074 0)
(16.7498 0.00110674 -1.19914e-26)
(16.745 0.00109686 6.28291e-21)
(16.7423 0.00108499 3.1381e-21)
(16.7373 0.00107387 0)
(16.7345 0.0010633 6.27085e-21)
(16.7292 0.00105049 6.27229e-21)
(16.7261 0.00103936 0)
(16.7206 0.00102544 6.2676e-21)
(16.7172 0.00101516 6.26147e-21)
(16.7115 0.00100002 0)
(16.7078 0.000990089 3.12861e-21)
(16.7018 0.000973542 6.2589e-21)
(16.6978 0.000964033 6.25307e-21)
(16.6916 0.000945767 3.12729e-21)
(16.6872 0.000936505 3.12444e-21)
(16.6807 0.000915973 3.12506e-21)
(16.6759 0.000907281 0)
(16.6692 0.000883096 3.12274e-21)
(16.6638 0.000874739 3.12006e-21)
(16.6569 0.000847101 6.24057e-21)
(16.651 0.000837554 0)
(16.6437 0.000806622 6.23532e-21)
(16.6373 0.000796337 3.11518e-21)
(16.6296 0.000763726 0)
(16.6226 0.000751566 1.29514e-26)
(16.6146 0.000717829 3.11181e-21)
(16.6069 0.000703723 3.10947e-21)
(16.5984 0.000668481 0)
(16.5901 0.000652195 6.21254e-21)
(16.5811 0.00061545 3.10506e-21)
(16.572 0.000596584 0)
(16.5624 0.000558935 3.10131e-21)
(16.5527 0.0005363 3.099e-21)
(16.5424 0.000497651 6.1945e-21)
(16.5319 0.000471004 0)
(16.521 0.000430797 3.09294e-21)
(16.5096 0.00039947 3.09059e-21)
(16.4979 0.000358247 3.08843e-21)
(16.4857 0.00032199 0)
(16.473 0.000279404 3.08356e-21)
(16.4599 0.000240599 6.16206e-21)
(16.4463 0.000196774 0)
(16.4322 0.000153659 3.07575e-21)
(16.4176 0.000108517 3.07302e-21)
(16.4024 6.24986e-05 3.07024e-21)
(16.3867 1.57984e-05 3.06736e-21)
(16.3704 -3.18503e-05 3.0643e-21)
(16.3536 -8.03397e-05 3.06125e-21)
(16.3362 -0.000130412 -3.05818e-21)
(16.3181 -0.000180866 3.05489e-21)
(16.2995 -0.000233095 -3.05166e-21)
(16.2802 -0.00028546 -8.69354e-26)
(16.2602 -0.000338454 -3.04481e-21)
(16.2395 -0.000393368 3.04116e-21)
(16.2182 -0.000448811 -1.00145e-25)
(16.1962 -0.000506285 -1.04474e-25)
(16.1734 -0.000564053 3.02991e-21)
(16.1498 -0.000623873 -1.13995e-25)
(16.1255 -0.000683453 3.02191e-21)
(16.1005 -0.000745416 -1.23993e-25)
(16.0746 -0.000807066 -1.29371e-25)
(16.0478 -0.000869366 3.00903e-21)
(16.0203 -0.000932838 -3.0046e-21)
(15.9919 -0.000996138 -1.45285e-25)
(15.9626 -0.00106092 -2.9951e-21)
(15.9325 -0.00112531 2.98998e-21)
(15.9015 -0.00119145 -2.98499e-21)
(15.8696 -0.00125758 -1.6834e-25)
(15.8367 -0.00132411 2.97406e-21)
(15.803 -0.00139196 2.96845e-21)
(15.7683 -0.00145952 2.96261e-21)
(15.7326 -0.00152857 -1.92784e-25)
(15.6959 -0.00159687 -2.95062e-21)
(15.6584 -0.00166757 -2.05531e-25)
(15.6197 -0.00173664 2.93744e-21)
(15.5802 -0.00180906 -2.18613e-25)
(15.5395 -0.00187727 0)
(15.498 -0.00195499 2.91651e-21)
(15.455 -0.00201757 -2.90913e-21)
(15.4117 -0.00210766 -2.45903e-25)
(15.3663 -0.00215559 -2.89349e-21)
(15.3213 -0.00226967 2.88526e-21)
(15.2728 -0.00228364 -2.66802e-25)
(15.2269 -0.00242678 2.86784e-21)
(15.1748 -0.0021653 -2.85184e-21)
(14.9178 0.000839207 -2.00241e-21)
(14.9114 0.000784797 -2.00406e-21)
(14.912 0.000823909 -6.00214e-21)
(14.9079 0.000780341 -2.00055e-21)
(14.9069 0.000786513 0)
(14.9031 0.000776708 -5.99387e-21)
(14.9017 0.000767453 1.99601e-21)
(14.8975 0.000760229 0)
(14.8959 0.000748279 3.98823e-21)
(14.8915 0.00074154 0)
(14.8897 0.000731153 -3.98513e-21)
(14.8849 0.000725011 -1.9928e-21)
(14.883 0.000716876 3.9826e-21)
(14.8779 0.0007108 -3.98334e-21)
(14.8758 0.000704115 -1.99028e-21)
(14.8706 0.000697125 1.99076e-21)
(14.8683 0.000691354 -3.97886e-21)
(14.8628 0.000683478 -5.97e-21)
(14.8603 0.000677248 0)
(14.8546 0.000668897 -3.97875e-21)
(14.8519 0.000663221 -3.97635e-21)
(14.8459 0.000654331 0)
(14.8429 0.000648857 0)
(14.8368 0.000639297 -1.98837e-21)
(14.8335 0.000634176 -5.96175e-21)
(14.8272 0.000623718 0)
(14.8235 0.000618816 -3.97361e-21)
(14.817 0.000606882 -3.97482e-21)
(14.813 0.000602764 0)
(14.8062 0.000588134 0)
(14.8018 0.000584612 -5.95752e-21)
(14.7949 0.000567742 -3.97259e-21)
(14.7899 0.000563819 0)
(14.7828 0.000544592 -5.95686e-21)
(14.7773 0.000540433 -5.95393e-21)
(14.7699 0.000520264 0)
(14.7638 0.000514893 5.95166e-21)
(14.7562 0.000494127 -3.96789e-21)
(14.7495 0.000487818 -5.94904e-21)
(14.7415 0.000466165 -1.98292e-21)
(14.7342 0.000458689 -3.96404e-21)
(14.7258 0.000436068 -3.96356e-21)
(14.7178 0.000427368 -1.98088e-21)
(14.7091 0.000404156 0)
(14.7004 0.000393171 -5.93878e-21)
(14.6911 0.000369425 -5.93712e-21)
(14.6818 0.000356042 0)
(14.6719 0.000331463 -5.93242e-21)
(14.6618 0.000314942 -5.92974e-21)
(14.6513 0.000290369 0)
(14.6404 0.000270436 0)
(14.6292 0.000245271 -5.92189e-21)
(14.6175 0.000223771 -3.94597e-21)
(14.6054 0.000198316 -1.97199e-21)
(14.593 0.000173873 -5.91287e-21)
(14.58 0.000148172 -3.93981e-21)
(14.5666 0.000122071 -1.96877e-21)
(14.5528 9.56132e-05 0)
(14.5385 6.85379e-05 -5.89939e-21)
(14.5236 4.12661e-05 -3.93053e-21)
(14.5083 1.28908e-05 0)
(14.4925 -1.52189e-05 -3.92546e-21)
(14.4762 -4.45576e-05 0)
(14.4593 -7.35556e-05 -3.9201e-21)
(14.4418 -0.000103092 0)
(14.4238 -0.000133779 -3.91442e-21)
(14.4052 -0.000164315 -3.91147e-21)
(14.3861 -0.000196255 -3.90846e-21)
(14.3663 -0.000227958 -3.90533e-21)
(14.3459 -0.000261173 -3.90214e-21)
(14.3249 -0.000293555 -3.89883e-21)
(14.3032 -0.000327786 -3.89543e-21)
(14.2809 -0.000361442 -3.8919e-21)
(14.2579 -0.000395234 -3.88828e-21)
(14.2342 -0.00042985 0)
(14.2098 -0.000463909 -3.88066e-21)
(14.1847 -0.000499088 0)
(14.1589 -0.000533397 -3.87249e-21)
(14.1324 -0.000569175 0)
(14.1051 -0.000604599 -3.86373e-21)
(14.0771 -0.000640103 -3.8591e-21)
(14.0484 -0.000676459 -3.85434e-21)
(14.0189 -0.000712389 -3.84935e-21)
(13.9886 -0.000749369 -3.84424e-21)
(13.9575 -0.000785472 1.91935e-21)
(13.9256 -0.000823248 -3.83338e-21)
(13.8929 -0.000859876 -3.82755e-21)
(13.8595 -0.000898353 -3.82169e-21)
(13.8251 -0.000934459 0)
(13.7901 -0.00097585 -3.80912e-21)
(13.7538 -0.00100831 0)
(13.7174 -0.00105711 -3.79558e-21)
(13.679 -0.00107943 0)
(13.6414 -0.00114352 -3.78093e-21)
(13.6003 -0.00114123 -3.77275e-21)
(13.5622 -0.00122653 -3.76477e-21)
(13.5178 -0.00101333 3.74694e-21)
(12.4801 0.000419101 2.73066e-21)
(12.4729 0.000394932 -1.78892e-26)
(12.473 0.000407082 5.45857e-21)
(12.468 0.000385162 2.72919e-21)
(12.4667 0.000389758 0)
(12.462 0.000385236 2.72661e-21)
(12.4602 0.000380645 2.72478e-21)
(12.4554 0.000376737 0)
(12.4534 0.000370395 0)
(12.4483 0.000366731 -2.72327e-21)
(12.4462 0.000361346 -2.72194e-21)
(12.4407 0.000357918 2.72228e-21)
(12.4385 0.000354022 -2.72114e-21)
(12.4328 0.000350501 2.72168e-21)
(12.4305 0.000347476 2.72065e-21)
(12.4246 0.000343495 -2.72133e-21)
(12.4221 0.000340978 2.72045e-21)
(12.416 0.000336646 -1.56826e-26)
(12.4133 0.000333675 0)
(12.4071 0.000329382 -2.72134e-21)
(12.4042 0.000326553 0)
(12.3977 0.000322183 0)
(12.3946 0.000319443 2.72094e-21)
(12.388 0.00031489 -2.72192e-21)
(12.3846 0.00031233 5.44264e-21)
(12.3778 0.000307363 0)
(12.3742 0.000305034 2.72173e-21)
(12.3673 0.000299086 2.7227e-21)
(12.3633 0.000297576 0)
(12.3562 0.000289885 0)
(12.3519 0.000288889 2.72251e-21)
(12.3447 0.000279961 0)
(12.34 0.000278903 2.72288e-21)
(12.3326 0.000268565 5.44731e-21)
(12.3274 0.000267435 5.44627e-21)
(12.3199 0.000256725 0)
(12.3141 0.000254868 8.83949e-27)
(12.3064 0.000243999 0)
(12.3002 0.000241713 5.44666e-21)
(12.2923 0.000230366 2.72374e-21)
(12.2855 0.000227584 2.72326e-21)
(12.2773 0.000215683 0)
(12.2699 0.000212507 2.72304e-21)
(12.2615 0.000200197 2.72315e-21)
(12.2535 0.000196097 5.44535e-21)
(12.2447 0.000183302 2.72262e-21)
(12.2361 0.000178113 0)
(12.227 0.000164823 5.44396e-21)
(12.2177 0.000157801 2.72154e-21)
(12.208 0.000144864 0)
(12.1982 0.000135815 2.72079e-21)
(12.1879 0.000122761 5.44078e-21)
(12.1774 0.000112765 2.71989e-21)
(12.1665 9.99381e-05 5.43883e-21)
(12.1553 8.8059e-05 5.43775e-21)
(12.1438 7.56178e-05 2.71833e-21)
(12.1319 6.27853e-05 2.71775e-21)
(12.1196 5.01048e-05 0)
(12.1069 3.68011e-05 5.43302e-21)
(12.0939 2.38768e-05 0)
(12.0805 1.00305e-05 0)
(12.0666 -2.96373e-06 0)
(12.0524 -1.67013e-05 0)
(12.0377 -3.01287e-05 0)
(12.0226 -4.42893e-05 2.71219e-21)
(12.0071 -5.94011e-05 0)
(11.9912 -7.36399e-05 2.71059e-21)
(11.9748 -8.8802e-05 0)
(11.9579 -0.000103301 2.70893e-21)
(11.9406 -0.000119058 0)
(11.9228 -0.000133726 0)
(11.9045 -0.000149737 0)
(11.8857 -0.000165167 0)
(11.8664 -0.000180404 0)
(11.8465 -0.000196329 0)
(11.8262 -0.000211456 2.70219e-21)
(11.8054 -0.000227535 0)
(11.784 -0.000242493 0)
(11.7621 -0.000258677 0)
(11.7396 -0.000274341 0)
(11.7166 -0.00028985 0)
(11.6931 -0.00030604 0)
(11.669 -0.000321601 0)
(11.6443 -0.000337991 0)
(11.6191 -0.000353471 -5.38007e-21)
(11.5932 -0.000370091 0)
(11.5668 -0.000385776 2.68651e-21)
(11.5398 -0.000402459 0)
(11.5122 -0.000418046 0)
(11.4841 -0.000435747 0)
(11.4551 -0.000449456 0)
(11.426 -0.000470643 0)
(11.3953 -0.000478386 0)
(11.3656 -0.000507335 2.67116e-21)
(11.3327 -0.000499778 0)
(11.3031 -0.000541613 -2.66531e-21)
(11.2672 -0.000396166 -2.65527e-21)
(8.98259 0.000100281 1.93408e-21)
(8.97463 9.48492e-05 3.87068e-21)
(8.97325 9.25325e-05 -5.79822e-21)
(8.96696 8.54654e-05 1.93232e-21)
(8.96424 8.75471e-05 0)
(8.95832 8.62681e-05 1.93014e-21)
(8.95532 8.43649e-05 0)
(8.94926 8.29795e-05 0)
(8.94611 8.03401e-05 0)
(8.93983 7.90242e-05 3.85406e-21)
(8.93653 7.68637e-05 1.92611e-21)
(8.93004 7.55359e-05 0)
(8.92663 7.41624e-05 5.77554e-21)
(8.91995 7.26223e-05 -3.85028e-21)
(8.91642 7.16825e-05 1.92447e-21)
(8.90959 7.00224e-05 -1.92452e-21)
(8.90594 6.92501e-05 -3.84783e-21)
(8.89896 6.75611e-05 1.92404e-21)
(8.89517 6.64377e-05 0)
(8.88804 6.49783e-05 5.77119e-21)
(8.88408 6.3723e-05 0)
(8.87682 6.23931e-05 0)
(8.8727 6.12138e-05 -3.84618e-21)
(8.86532 5.98404e-05 0)
(8.86101 5.87424e-05 -3.84596e-21)
(8.85352 5.72047e-05 0)
(8.84901 5.63266e-05 -3.84578e-21)
(8.84141 5.4191e-05 -5.76953e-21)
(8.83667 5.3873e-05 1.92282e-21)
(8.82897 5.09248e-05 -1.9231e-21)
(8.82396 5.08734e-05 1.92274e-21)
(8.81617 4.74553e-05 0)
(8.81086 4.74302e-05 -1.92264e-21)
(8.80297 4.34067e-05 -3.84574e-21)
(8.79731 4.33935e-05 -1.9225e-21)
(8.78932 3.92516e-05 0)
(8.78326 3.88507e-05 -3.84464e-21)
(8.77518 3.48514e-05 1.92244e-21)
(8.76872 3.41499e-05 -3.84414e-21)
(8.76052 3.00439e-05 1.92213e-21)
(8.75363 2.92225e-05 -3.84353e-21)
(8.74531 2.49166e-05 1.92177e-21)
(8.73796 2.40738e-05 0)
(8.7295 1.95388e-05 -1.9213e-21)
(8.72169 1.8625e-05 -3.84189e-21)
(8.71305 1.36254e-05 0)
(8.70477 1.24419e-05 1.92043e-21)
(8.69589 7.17248e-06 -3.84042e-21)
(8.68713 5.27112e-06 1.91988e-21)
(8.67794 2.26107e-07 0)
(8.66869 -2.5124e-06 -1.91926e-21)
(8.65914 -7.4587e-06 -3.83793e-21)
(8.64941 -1.06842e-05 -1.9186e-21)
(8.63944 -1.53101e-05 -3.83655e-21)
(8.62924 -1.94655e-05 -3.83582e-21)
(8.6188 -2.36204e-05 -1.91756e-21)
(8.60811 -2.83164e-05 0)
(8.59717 -3.2415e-05 1.91683e-21)
(8.58597 -3.72097e-05 -3.83289e-21)
(8.57452 -4.13796e-05 1.91608e-21)
(8.5628 -4.62581e-05 0)
(8.55082 -5.02115e-05 0)
(8.53856 -5.45676e-05 1.91495e-21)
(8.52603 -5.89142e-05 1.91456e-21)
(8.51322 -6.38002e-05 -3.82831e-21)
(8.50013 -6.92857e-05 1.91379e-21)
(8.48675 -7.38432e-05 -3.8269e-21)
(8.47307 -7.89363e-05 1.91313e-21)
(8.4591 -8.33983e-05 -3.82562e-21)
(8.44482 -8.86664e-05 1.91251e-21)
(8.43023 -9.31873e-05 0)
(8.41532 -9.83243e-05 1.91191e-21)
(8.40012 -0.00010316 1.91161e-21)
(8.38458 -0.000107735 0)
(8.36874 -0.000112835 1.91105e-21)
(8.35257 -0.000117198 -3.82158e-21)
(8.33608 -0.000122255 1.91051e-21)
(8.31927 -0.000126471 0)
(8.30213 -0.000131382 0)
(8.28467 -0.000135933 1.90972e-21)
(8.26689 -0.00014031 -1.90945e-21)
(8.24877 -0.000145138 1.90919e-21)
(8.23033 -0.000149394 -1.90891e-21)
(8.21153 -0.000154187 0)
(8.19242 -0.000158381 3.81669e-21)
(8.17294 -0.000163123 0)
(8.15315 -0.000167291 -5.72315e-21)
(8.133 -0.000171879 0)
(8.1125 -0.000176181 0)
(8.09171 -0.000180761 0)
(8.0704 -0.000184468 0)
(8.0491 -0.000189984 0)
(8.02678 -0.000191245 0)
(8.00528 -0.000199024 -3.80999e-21)
(7.98153 -0.000193545 1.90406e-21)
(7.96065 -0.000206542 1.9038e-21)
(7.93465 -0.000138606 3.7972e-21)
(4.29571 -1.85144e-05 -2.35964e-21)
(4.28894 -2.44693e-05 0)
(4.28638 -3.12715e-05 2.3531e-21)
(4.28053 -2.94986e-05 -2.3499e-21)
(4.2771 -3.00386e-05 0)
(4.27156 -2.96325e-05 -2.34237e-21)
(4.26796 -3.01353e-05 0)
(4.26235 -3.00897e-05 0)
(4.25866 -3.05705e-05 0)
(4.25293 -3.05635e-05 0)
(4.24915 -3.08835e-05 2.32548e-21)
(4.24332 -3.09698e-05 0)
(4.23947 -3.10501e-05 -2.31936e-21)
(4.23354 -3.12874e-05 0)
(4.22963 -3.12444e-05 -2.31349e-21)
(4.22361 -3.14895e-05 2.31078e-21)
(4.21963 -3.14301e-05 0)
(4.21353 -3.16049e-05 2.30521e-21)
(4.20948 -3.17093e-05 0)
(4.20331 -3.1722e-05 -2.29978e-21)
(4.19916 -3.1965e-05 0)
(4.19292 -3.18793e-05 0)
(4.18868 -3.20922e-05 0)
(4.18239 -3.2021e-05 0)
(4.17805 -3.22043e-05 0)
(4.1717 -3.21587e-05 0)
(4.16726 -3.22377e-05 0)
(4.16087 -3.2406e-05 2.27885e-21)
(4.15631 -3.22767e-05 -2.27613e-21)
(4.14986 -3.26452e-05 2.27368e-21)
(4.14516 -3.24371e-05 -2.27095e-21)
(4.13868 -3.28487e-05 0)
(4.13381 -3.26253e-05 -2.26576e-21)
(4.12729 -3.31341e-05 0)
(4.12223 -3.28879e-05 -2.2605e-21)
(4.11568 -3.33932e-05 0)
(4.11042 -3.32873e-05 0)
(4.10383 -3.36458e-05 -2.25256e-21)
(4.09834 -3.36899e-05 0)
(4.0917 -3.3994e-05 -2.24711e-21)
(4.08598 -3.40312e-05 0)
(4.07931 -3.43484e-05 -2.24158e-21)
(4.07334 -3.43736e-05 0)
(4.06662 -3.4726e-05 -2.23597e-21)
(4.0604 -3.46368e-05 0)
(4.05363 -3.52033e-05 0)
(4.04714 -3.50327e-05 -2.22739e-21)
(4.04027 -3.57112e-05 0)
(4.03353 -3.55985e-05 -2.22164e-21)
(4.02652 -3.62208e-05 0)
(4.01953 -3.62371e-05 -2.21583e-21)
(4.01235 -3.67983e-05 0)
(4.00511 -3.69162e-05 -2.20997e-21)
(3.99773 -3.73442e-05 0)
(3.99025 -3.76867e-05 0)
(3.98265 -3.78908e-05 -2.20112e-21)
(3.97493 -3.84155e-05 0)
(3.96708 -3.85438e-05 -2.19518e-21)
(3.95911 -3.90472e-05 0)
(3.95102 -3.91927e-05 -2.18924e-21)
(3.9428 -3.96404e-05 0)
(3.93446 -3.96302e-05 0)
(3.926 -3.96635e-05 -2.18036e-21)
(3.91745 -3.97064e-05 -2.17741e-21)
(3.90877 -4.01344e-05 0)
(3.89991 -4.09544e-05 -2.17155e-21)
(3.89091 -4.12279e-05 0)
(3.88177 -4.16196e-05 -2.1658e-21)
(3.8725 -4.17138e-05 0)
(3.86309 -4.20879e-05 -2.16013e-21)
(3.85354 -4.21877e-05 0)
(3.84384 -4.24758e-05 -2.15454e-21)
(3.83402 -4.26976e-05 -2.15177e-21)
(3.82404 -4.27833e-05 0)
(3.81393 -4.30941e-05 -2.1463e-21)
(3.80368 -4.30699e-05 0)
(3.79329 -4.33348e-05 -2.14093e-21)
(3.78276 -4.32838e-05 0)
(3.77211 -4.3442e-05 0)
(3.76131 -4.34999e-05 -2.13304e-21)
(3.75038 -4.34643e-05 2.13045e-21)
(3.7393 -4.36255e-05 -2.12789e-21)
(3.7281 -4.35078e-05 2.12534e-21)
(3.71675 -4.36189e-05 0)
(3.70527 -4.3497e-05 0)
(3.69365 -4.35462e-05 0)
(3.6819 -4.34044e-05 2.11535e-21)
(3.67001 -4.33382e-05 0)
(3.65799 -4.33438e-05 0)
(3.64585 -4.3041e-05 0)
(3.6335 -4.31503e-05 0)
(3.62119 -4.2687e-05 0)
(3.60842 -4.26607e-05 0)
(3.59613 -4.19618e-05 0)
(3.58272 -4.14077e-05 -2.09568e-21)
(3.57094 -4.07546e-05 2.09378e-21)
(3.55647 -2.50808e-05 0)
(18.5832 -1.06917 -1.10016e-20)
(18.7456 -1.06514 0)
(18.9014 -1.05094 0)
(19.0953 -1.02573 -2.13439e-20)
(19.3142 -0.983867 0)
(19.5729 -0.921087 -4.37146e-20)
(19.8779 -0.82828 4.19337e-20)
(20.2491 -0.696161 -7.97721e-20)
(20.712 -0.517537 1.4825e-19)
(21.3079 -0.291276 0)
(22.1019 -0.049488 0)
(23.113 0.105554 0)
(24.2842 0.111589 1.09339e-21)
(25.5453 -0.0965901 0)
(26.7675 -0.530637 -8.91994e-20)
(27.8759 -1.13356 4.16481e-19)
(28.817 -1.7979 0)
(29.697 -2.39467 7.41141e-20)
(30.5863 -2.8179 2.30417e-19)
(31.6029 -2.97434 0)
(32.8259 -2.92017 0)
(34.3072 -2.69083 0)
(35.877 -2.38647 0)
(37.6129 -1.96122 3.39837e-20)
(39.173 -1.5091 0)
(40.8839 -0.945947 7.55561e-18)
(42.1177 -0.439401 0)
(43.6262 -0.0430636 0)
(44.2779 0.292138 0)
(45.8121 0.392507 -1.96311e-17)
(45.9955 0.543348 1.2079e-17)
(47.3858 0.682021 1.64376e-17)
(48.9792 0.818831 0)
(19.4611 -1.09909 1.07688e-20)
(19.6265 -1.0967 0)
(19.7866 -1.08317 0)
(19.985 -1.05965 5.04647e-22)
(20.2098 -1.0198 0)
(20.4754 -0.960255 0)
(20.7887 -0.872622 -4.15862e-20)
(21.1692 -0.748803 7.90462e-20)
(21.6415 -0.582671 -7.25448e-20)
(22.244 -0.375062 0)
(23.0344 -0.154872 0)
(24.0328 -0.0140405 0)
(25.193 -0.0102727 -3.51759e-20)
(26.4543 -0.206533 0)
(27.6973 -0.61703 8.8705e-20)
(28.8471 -1.19136 -2.01821e-19)
(29.8433 -1.83165 0)
(30.7664 -2.41531 4.53442e-20)
(31.6792 -2.83554 2.47306e-19)
(32.7034 -2.99763 1.0851e-18)
(33.9112 -2.95387 0)
(35.3613 -2.73151 0)
(36.8946 -2.43038 0)
(38.5869 -2.00212 4.20281e-18)
(40.1086 -1.5455 0)
(41.7786 -0.972863 7.61859e-18)
(42.9713 -0.458329 0)
(44.4447 -0.0496142 0)
(45.0762 0.288616 -9.76513e-18)
(46.6163 0.398198 -1.0165e-17)
(46.6739 0.550812 0)
(48.2851 0.667078 0)
(49.7555 0.836098 0)
(20.3886 -1.12842 0)
(20.5559 -1.12753 1.87677e-20)
(20.7194 -1.11499 -2.01361e-20)
(20.9212 -1.09328 5.14498e-22)
(21.1506 -1.05571 4.13959e-20)
(21.4214 -0.999668 -4.12242e-20)
(21.7413 -0.917516 8.08225e-20)
(22.1287 -0.802247 0)
(22.6077 -0.648653 -7.00669e-20)
(23.2134 -0.459141 1.20364e-19)
(23.9977 -0.259764 9.2579e-20)
(24.9808 -0.133137 0)
(26.1251 -0.132716 0)
(27.3788 -0.318777 0)
(28.632 -0.707378 0)
(29.811 -1.25413 0)
(30.8523 -1.86967 2.5517e-19)
(31.8139 -2.43815 -7.69568e-20)
(32.7499 -2.85341 -2.55407e-19)
(33.7828 -3.01946 -1.68586e-22)
(34.978 -2.98465 -1.57766e-18)
(36.3988 -2.76854 0)
(37.8965 -2.47023 0)
(39.5445 -2.03894 0)
(41.027 -1.57793 0)
(42.6542 -0.995901 -1.58361e-17)
(43.8032 -0.473695 0)
(45.239 -0.0534488 1.29534e-17)
(45.8532 0.287235 1.03364e-17)
(47.3766 0.407037 2.17992e-17)
(47.288 0.554711 0)
(49.2145 0.654042 -1.91417e-17)
(50.345 0.848752 0)
(21.3705 -1.1562 9.98087e-21)
(21.5388 -1.15674 -1.89018e-20)
(21.7049 -1.14552 2.03785e-20)
(21.9087 -1.12577 2.0699e-20)
(22.1415 -1.0908 -1.07699e-21)
(22.416 -1.03856 1.07595e-21)
(22.7405 -0.962197 -8.25825e-20)
(23.1326 -0.855705 0)
(23.6154 -0.714677 7.16962e-20)
(24.2212 -0.542768 -1.23174e-19)
(24.9968 -0.363492 -9.46883e-20)
(25.962 -0.250954 1.129e-19)
(27.0862 -0.254709 0)
(28.3255 -0.432061 0)
(29.5793 -0.800323 0)
(30.7763 -1.32058 0)
(31.8525 -1.91114 -2.62252e-19)
(32.847 -2.46281 3.12285e-20)
(33.8048 -2.87136 -2.80969e-19)
(34.8459 -3.03986 -1.16738e-18)
(36.0296 -3.0126 1.64166e-18)
(37.4213 -2.80204 0)
(38.8828 -2.50618 0)
(40.4845 -2.07189 4.44062e-18)
(41.9256 -1.60664 0)
(43.5064 -1.01532 8.29877e-18)
(44.6076 -0.485815 1.40273e-17)
(46.0043 -0.0549553 -1.38112e-17)
(46.6031 0.288212 0)
(48.0733 0.418491 0)
(47.8564 0.554455 1.51254e-17)
(50.1551 0.646727 4.26009e-17)
(50.6978 0.858445 0)
(22.4125 -1.18141 -1.97451e-20)
(22.5808 -1.1834 0)
(22.7485 -1.17383 0)
(22.9532 -1.1562 0)
(23.188 -1.12414 -1.09592e-21)
(23.4647 -1.07602 8.29687e-20)
(23.7921 -1.00574 0)
(24.1866 -0.908201 -7.568e-20)
(24.6704 -0.779755 0)
(25.2735 -0.624979 0)
(26.0376 -0.465098 0)
(26.9822 -0.366471 -2.1398e-21)
(28.0825 -0.375069 0)
(29.3013 -0.545052 0)
(30.5472 -0.894506 0)
(31.7521 -1.3895 0)
(32.8531 -1.95524 -2.17781e-19)
(33.8742 -2.48892 5.0909e-21)
(34.8507 -2.88928 5.93133e-19)
(35.8982 -3.05878 0)
(37.0693 -3.03777 0)
(38.4309 -2.83205 0)
(39.8537 -2.53827 0)
(41.4052 -2.10112 -4.67194e-18)
(42.8015 -1.63185 -8.80089e-18)
(44.3306 -1.03145 8.62417e-18)
(45.3791 -0.4952 -1.49997e-17)
(46.7366 -0.0547416 0)
(47.3177 0.291654 1.18876e-17)
(48.686 0.4307 2.61764e-17)
(48.4124 0.550194 -3.45898e-17)
(51.0661 0.646469 2.4142e-17)
(50.7638 0.865282 0)
(23.5204 -1.20291 2.71489e-22)
(23.6877 -1.20644 0)
(23.8561 -1.19881 -1.91879e-20)
(24.0606 -1.18351 -3.96039e-20)
(24.296 -1.15471 -8.23567e-20)
(24.5734 -1.11101 -4.19481e-20)
(24.9018 -1.04711 -7.94587e-20)
(25.2966 -0.958662 7.75534e-20)
(25.7788 -0.842743 1.37387e-19)
(26.3762 -0.704614 0)
(27.126 -0.563439 9.11258e-20)
(28.0472 -0.478511 -1.16533e-19)
(29.12 -0.492487 0)
(30.3129 -0.656318 0)
(31.5434 -0.98846 0)
(32.7471 -1.45952 1.46929e-19)
(33.863 -2.00091 2.82984e-20)
(34.9035 -2.51585 -3.12954e-20)
(35.8944 -2.90677 -3.13914e-19)
(36.9445 -3.076 0)
(38.1006 -3.06002 0)
(39.4287 -2.8585 0)
(40.8085 -2.56649 0)
(42.3045 -2.12676 0)
(43.6516 -1.65375 9.36355e-18)
(45.1219 -1.04462 -1.83877e-17)
(46.1124 -0.502403 0)
(47.4326 -0.0532799 0)
(47.9833 0.29764 -1.32209e-17)
(49.1988 0.440819 -2.98371e-17)
(49.0041 0.545142 2.06169e-17)
(51.8478 0.651127 -1.11246e-16)
(50.5205 0.870562 0)
(24.7 -1.21948 9.51445e-21)
(24.8655 -1.22466 0)
(25.0337 -1.21926 1.94194e-20)
(25.2367 -1.20653 1.00179e-21)
(25.4716 -1.18131 4.15383e-20)
(25.7481 -1.14237 8.13232e-20)
(26.0756 -1.08509 2.30435e-21)
(26.4685 -1.00584 7.48863e-20)
(26.9465 -0.902371 -2.77928e-19)
(27.5351 -0.780379 0)
(28.2678 -0.657217 -9.3848e-20)
(29.163 -0.585765 -1.16175e-19)
(30.205 -0.605565 -4.79286e-20)
(31.3671 -0.764368 0)
(32.5756 -1.08066 0)
(33.7696 -1.52914 -1.67555e-20)
(34.8906 -2.04689 3.76291e-19)
(35.9424 -2.54273 2.70648e-20)
(36.9419 -2.92324 0)
(37.9892 -3.0911 0)
(39.1253 -3.07908 0)
(40.415 -2.88122 0)
(41.7455 -2.59079 0)
(43.1789 -2.14893 -1.02111e-17)
(44.4714 -1.67254 -9.79942e-18)
(45.8742 -1.05524 9.89494e-18)
(46.8028 -0.508056 -1.71708e-17)
(48.0883 -0.0508424 0)
(48.5785 0.30578 0)
(49.6131 0.445196 0)
(49.6828 0.544815 0)
(52.3069 0.653739 3.34371e-19)
(49.9878 0.874975 -7.81909e-18)
(25.9568 -1.22979 -1.81371e-20)
(26.1194 -1.23676 -1.71785e-20)
(26.2864 -1.23386 0)
(26.4871 -1.22397 9.51062e-22)
(26.72 -1.20266 0)
(26.9941 -1.1688 -8.30302e-20)
(27.3188 -1.11837 8.09288e-20)
(27.7074 -1.04839 -2.2925e-21)
(28.1785 -0.95722 2.77053e-19)
(28.7556 -0.850861 0)
(29.4685 -0.745054 0)
(30.335 -0.68684 1.20063e-19)
(31.3431 -0.712837 -2.28094e-21)
(32.4701 -0.867639 0)
(33.6503 -1.1695 0)
(34.8267 -1.5968 -1.39382e-19)
(35.9432 -2.09183 -1.79622e-19)
(36.9973 -2.56855 0)
(37.9976 -2.93797 0)
(39.0348 -3.10354 0)
(40.1439 -3.09461 3.90002e-18)
(41.388 -2.9 4.73007e-18)
(42.6609 -2.61112 0)
(44.0237 -2.16783 2.17618e-17)
(45.2555 -1.68848 1.05853e-17)
(46.5808 -1.06383 0)
(47.4463 -0.512814 1.90768e-17)
(48.697 -0.0474547 0)
(49.074 0.314393 0)
(49.9676 0.442841 4.34209e-17)
(50.3942 0.55083 -2.99321e-17)
(52.2889 0.648915 1.20194e-16)
(49.2291 0.877735 6.66235e-18)
(27.2948 -1.23251 3.80053e-22)
(27.4538 -1.24143 1.73005e-20)
(27.6186 -1.24128 0)
(27.8157 -1.2345 3.98595e-20)
(28.0453 -1.21743 0)
(28.3155 -1.18893 0)
(28.6353 -1.14556 0)
(29.0174 -1.08489 -7.66462e-20)
(29.4791 -1.00586 -1.40489e-19)
(30.0419 -0.914637 0)
(30.7324 -0.825527 -1.84631e-19)
(31.5679 -0.780296 0)
(32.539 -0.8128 -2.8008e-21)
(33.6266 -0.964552 0)
(34.7725 -1.25339 0)
(35.9235 -1.66092 0)
(37.0259 -2.13427 0)
(38.0724 -2.59216 -1.06717e-19)
(39.0642 -2.95007 8.32011e-19)
(40.0817 -3.1127 0)
(41.1546 -3.10623 -4.1432e-18)
(42.3438 -2.91467 -4.61467e-20)
(43.5489 -2.62752 -5.44042e-18)
(44.8325 -2.18375 -2.31682e-17)
(45.9971 -1.70191 0)
(47.2345 -1.07109 0)
(48.0401 -0.517233 2.09735e-17)
(49.2447 -0.0431045 2.28531e-17)
(49.4431 0.320431 0)
(50.33 0.436286 -5.35046e-17)
(50.913 0.556546 1.20132e-19)
(51.8172 0.640819 -2.76526e-19)
(48.3241 0.877258 0)
(28.7165 -1.22634 1.7927e-20)
(28.871 -1.23736 0)
(29.0327 -1.24019 0)
(29.2252 -1.23681 0)
(29.4501 -1.22431 -4.02828e-20)
(29.7146 -1.20141 0)
(30.0276 -1.16525 7.81525e-20)
(30.401 -1.11392 0)
(30.8507 -1.04688 -1.36408e-19)
(31.3965 -0.970296 -1.18144e-19)
(32.0622 -0.897245 1.91601e-19)
(32.8639 -0.864729 1.26141e-19)
(33.7951 -0.904006 5.89705e-20)
(34.8394 -1.05358 0)
(35.945 -1.33076 0)
(37.0629 -1.71993 1.80181e-19)
(38.1413 -2.17276 -8.41282e-20)
(39.1692 -2.61235 -2.96203e-20)
(40.1412 -2.95863 3.3388e-20)
(41.1273 -3.11793 0)
(42.1525 -3.11355 0)
(43.2755 -2.92511 -5.35109e-18)
(44.4012 -2.64017 5.85339e-18)
(45.5974 -2.19712 2.47614e-17)
(46.6887 -1.71327 1.21093e-17)
(47.8288 -1.0778 -2.52553e-17)
(48.582 -0.521552 -2.41427e-17)
(49.7068 -0.0381837 -2.77356e-17)
(49.6858 0.320498 5.28205e-17)
(50.6951 0.428585 0)
(51.0943 0.555769 2.53327e-17)
(51.0752 0.636715 -3.84527e-17)
(47.3376 0.872674 0)
(30.222 -1.21009 0)
(30.371 -1.22336 -1.70224e-20)
(30.5286 -1.22937 -3.70791e-20)
(30.7154 -1.22965 -3.94326e-20)
(30.9342 -1.222 4.08579e-20)
(31.1914 -1.20494 7.98548e-20)
(31.4956 -1.17616 -8.00294e-20)
(31.8579 -1.13419 1.48925e-19)
(32.2931 -1.07896 2.77871e-19)
(32.8191 -1.01655 1.22454e-19)
(33.4574 -0.958942 0)
(34.2228 -0.938872 7.41992e-23)
(35.111 -0.985144 1.38958e-19)
(36.1079 -1.13335 0)
(37.1674 -1.40017 0)
(38.2443 -1.77241 -1.88993e-19)
(39.2883 -2.20592 4.28146e-20)
(40.2854 -2.62794 1.49939e-19)
(41.2245 -2.96274 -9.67173e-19)
(42.1653 -3.11861 1.7211e-18)
(43.1293 -3.11633 -4.64573e-18)
(44.1735 -2.93134 0)
(45.2079 -2.64944 0)
(46.3106 -2.2085 -1.84443e-19)
(47.3231 -1.7231 -1.33742e-17)
(48.36 -1.08478 2.86178e-17)
(49.068 -0.525169 2.78188e-17)
(50.0542 -0.0349222 -3.2838e-17)
(49.8171 0.313584 -4.7617e-17)
(50.98 0.419574 0)
(50.9575 0.551524 0)
(50.1825 0.639094 0)
(46.3031 0.863801 0)
(31.8078 -1.1828 1.77309e-20)
(31.9505 -1.19845 1.7245e-20)
(32.1029 -1.20782 2.38931e-22)
(32.2828 -1.21208 3.99924e-20)
(32.4939 -1.20948 0)
(32.7421 -1.19847 -1.48355e-21)
(33.0354 -1.1772 7.81973e-20)
(33.3842 -1.14463 -1.53129e-19)
(33.8023 -1.10103 -2.79603e-19)
(34.3059 -1.05235 0)
(34.9139 -1.00961 -1.95747e-19)
(35.6403 -1.00171 -2.7614e-19)
(36.4822 -1.05517 -1.45762e-19)
(37.4274 -1.20274 0)
(38.4347 -1.46044 0)
(39.4621 -1.81713 9.8228e-20)
(40.4608 -2.23258 4.8047e-20)
(41.4139 -2.63792 0)
(42.3053 -2.96162 -1.11176e-18)
(43.1853 -3.11434 -1.83663e-18)
(44.0736 -3.11446 4.9739e-18)
(45.0256 -2.9336 0)
(45.9583 -2.65591 0)
(46.9654 -2.21848 -2.85391e-17)
(47.8951 -1.7319 1.44337e-17)
(48.8282 -1.09267 3.1927e-17)
(49.4905 -0.527702 -5.33167e-19)
(50.2342 -0.0363709 2.99812e-17)
(49.8777 0.301446 0)
(51.1907 0.411798 0)
(50.5509 0.547581 0)
(49.1955 0.646878 -2.2271e-17)
(45.235 0.850496 -4.37383e-18)
(33.4657 -1.14414 1.49759e-22)
(33.6009 -1.16224 0)
(33.7471 -1.17503 -1.26785e-22)
(33.9189 -1.18357 0)
(34.1208 -1.18617 0)
(34.358 -1.18141 -1.07719e-21)
(34.6383 -1.16779 -8.17333e-20)
(34.9713 -1.14462 0)
(35.3694 -1.1125 2.95906e-21)
(35.8476 -1.07715 0)
(36.4224 -1.04874 4.16508e-19)
(37.1068 -1.05276 -1.99586e-21)
(37.8988 -1.11355 0)
(38.7876 -1.26117 0)
(39.7362 -1.51091 0)
(40.7052 -1.85338 -5.87208e-20)
(41.6467 -2.252 -5.33666e-20)
(42.5417 -2.64164 0)
(43.3691 -2.95484 1.21335e-18)
(44.1721 -3.10494 -2.0343e-18)
(44.9705 -3.10807 0)
(45.8188 -2.93227 0)
(46.6437 -2.66023 0)
(47.5585 -2.22755 1.57879e-17)
(48.4035 -1.74017 -3.27775e-17)
(49.236 -1.10093 -3.83681e-17)
(49.8049 -0.530903 -3.09695e-17)
(50.2495 -0.0438287 0)
(49.9551 0.288461 0)
(51.2911 0.406149 -4.06533e-17)
(49.913 0.546598 4.10383e-17)
(48.1402 0.657355 1.81708e-17)
(44.1423 0.832546 4.10208e-18)
(35.3156 -1.08948 -1.75704e-20)
(35.4409 -1.11013 0)
(35.5784 -1.12713 3.70839e-20)
(35.7393 -1.14039 0)
(35.9285 -1.14879 0)
(36.1507 -1.15097 -8.00755e-20)
(36.4133 -1.14575 0)
(36.7249 -1.13275 0)
(37.097 -1.11285 2.88604e-19)
(37.5427 -1.09143 2.56328e-19)
(38.0765 -1.07786 -5.94503e-22)
(38.71 -1.09435 -3.90766e-21)
(39.4419 -1.1631 0)
(40.2625 -1.31134 0)
(41.1383 -1.55367 0)
(42.0324 -1.88229 -5.05551e-20)
(42.8971 -2.26432 5.78968e-20)
(43.7118 -2.63847 -7.38938e-19)
(44.4513 -2.94147 0)
(45.1546 -3.08987 2.19875e-18)
(45.8439 -3.09708 0)
(46.573 -2.92795 -6.96603e-18)
(47.2848 -2.66331 0)
(48.1111 -2.23656 1.69546e-17)
(48.8645 -1.74824 1.86775e-17)
(49.5823 -1.1097 0)
(49.9628 -0.536989 0)
(50.2 -0.0542522 0)
(50.0741 0.277344 0)
(51.2178 0.403094 7.68154e-17)
(49.0843 0.551102 -1.925e-19)
(47.0291 0.668518 -1.53953e-17)
(43.0312 0.810181 4.00922e-18)
(37.3309 -1.01856 0)
(37.4444 -1.04194 0)
(37.5707 -1.06332 0)
(37.7179 -1.08174 0)
(37.891 -1.09638 0)
(38.0942 -1.10607 8.02067e-20)
(38.3342 -1.10988 0)
(38.619 -1.10767 0)
(38.9585 -1.10052 -1.47498e-19)
(39.3643 -1.09345 -2.66311e-19)
(39.8488 -1.09503 -2.24755e-19)
(40.422 -1.12443 1.70861e-19)
(41.083 -1.20173 0)
(41.8227 -1.35131 0)
(42.6103 -1.58704 0)
(43.4109 -1.90251 0)
(44.1774 -2.26854 0)
(44.8885 -2.62778 -1.20721e-19)
(45.5165 -2.9213 -1.60938e-18)
(46.1011 -3.06924 2.40875e-18)
(46.6689 -3.08171 6.21143e-18)
(47.2725 -2.92101 8.48531e-20)
(47.8783 -2.66541 0)
(48.625 -2.2451 -3.78432e-17)
(49.2723 -1.75514 0)
(49.8084 -1.11949 -3.15514e-17)
(50.0043 -0.544501 -2.56287e-17)
(50.1522 -0.0654556 4.89969e-17)
(50.1974 0.268993 0)
(50.9301 0.403252 -1.61819e-19)
(48.1093 0.562452 -2.52318e-17)
(45.8694 0.67815 2.70972e-17)
(41.9018 0.783333 -7.78788e-18)
(39.3472 -0.93701 -2.01021e-20)
(39.4479 -0.963445 0)
(39.5615 -0.98902 0)
(39.6934 -1.01256 0)
(39.8483 -1.03345 -7.94511e-20)
(40.0301 -1.0507 -7.88843e-20)
(40.2446 -1.06358 0)
(40.4989 -1.07215 0)
(40.8018 -1.07763 0)
(41.1631 -1.08463 0)
(41.5934 -1.10097 0)
(42.1009 -1.14311 0)
(42.6847 -1.22912 2.81166e-19)
(43.3359 -1.38062 0)
(44.0258 -1.61069 0)
(44.7217 -1.91413 -2.08977e-19)
(45.3773 -2.26527 -3.09807e-19)
(45.9728 -2.61064 9.66211e-19)
(46.4808 -2.89577 1.69906e-18)
(46.9469 -3.04447 -2.54935e-18)
(47.3992 -3.06301 -6.60879e-18)
(47.889 -2.91227 9.17023e-20)
(48.4117 -2.66682 0)
(49.085 -2.25212 1.90576e-17)
(49.5712 -1.76197 1.62598e-17)
(49.901 -1.13084 3.0085e-17)
(49.9911 -0.552261 2.47871e-17)
(50.1337 -0.077245 -4.75891e-17)
(50.2675 0.263426 0)
(50.4119 0.407027 -3.53029e-17)
(47.04 0.579571 0)
(44.6714 0.684239 -1.22778e-17)
(40.76 0.7516 3.8269e-18)
(41.293 -0.850733 1.89376e-20)
(41.3798 -0.880253 -1.88637e-20)
(41.4787 -0.909863 0)
(41.5936 -0.938415 3.9237e-20)
(41.7281 -0.965405 7.67791e-20)
(41.8859 -0.990082 0)
(42.072 -1.0119 0)
(42.2925 -1.03108 0)
(42.5548 -1.04889 0)
(42.8674 -1.06956 0)
(43.2389 -1.10013 2.45082e-19)
(43.676 -1.1547 -2.04847e-19)
(44.1773 -1.24938 -2.88237e-19)
(44.7343 -1.40317 0)
(45.3206 -1.62829 3.44485e-19)
(45.9058 -1.92054 -1.007e-19)
(46.4467 -2.2576 3.22893e-19)
(46.9265 -2.58988 0)
(47.3216 -2.86747 1.95963e-18)
(47.6848 -3.01757 0)
(48.0377 -3.04236 0)
(48.4345 -2.90284 9.9283e-20)
(48.8986 -2.66736 0)
(49.4675 -2.25731 -1.74291e-17)
(49.7246 -1.7689 -1.54235e-17)
(49.9158 -1.14188 0)
(49.9712 -0.559462 0)
(50.1376 -0.0881355 0)
(50.2189 0.26157 0)
(49.6795 0.416627 -3.37091e-17)
(45.8905 0.60076 0)
(43.4371 0.685731 1.13417e-17)
(39.6081 0.71508 0)
(43.0747 -0.767078 2.06318e-20)
(43.147 -0.799712 1.77498e-20)
(43.2302 -0.833192 0)
(43.3267 -0.866553 -7.67988e-20)
(43.4395 -0.899411 0)
(43.5719 -0.931231 0)
(43.7279 -0.961653 0)
(43.9128 -0.991016 0)
(44.1328 -1.02063 1.50265e-19)
(44.3949 -1.05429 0)
(44.7061 -1.09831 -2.44068e-19)
(45.0719 -1.16466 -1.32817e-20)
(45.4906 -1.26757 0)
(45.9545 -1.42355 0)
(46.4399 -1.64392 -3.51584e-19)
(46.9201 -1.92532 3.26238e-19)
(47.3568 -2.24858 0)
(47.7367 -2.56807 -1.49823e-18)
(48.0417 -2.83835 1.0151e-19)
(48.3261 -2.9896 5.90368e-18)
(48.5978 -3.02037 0)
(48.9265 -2.89321 1.7103e-17)
(49.3346 -2.66568 0)
(49.7133 -2.26094 1.64841e-17)
(49.758 -1.77574 0)
(49.9037 -1.15252 0)
(49.9624 -0.566252 0)
(50.1292 -0.0977875 0)
(50.0045 0.263846 0)
(48.7586 0.43348 5.84522e-17)
(44.6673 0.623494 0)
(42.1703 0.681558 -1.07366e-17)
(38.4484 0.673667 7.7632e-18)
(44.5965 -0.69615 1.82376e-21)
(44.6555 -0.731515 0)
(44.7238 -0.768372 0)
(44.8032 -0.806005 3.72348e-20)
(44.8958 -0.844135 -8.01559e-20)
(45.0044 -0.882423 0)
(45.1325 -0.920689 -1.59373e-19)
(45.2844 -0.959359 0)
(45.4652 -0.999741 -2.96753e-19)
(45.681 -1.04518 0)
(45.9374 -1.1013 0)
(46.239 -1.17817 -1.57219e-20)
(46.5843 -1.28824 3.95176e-19)
(46.9669 -1.4457 0)
(47.3665 -1.66094 0)
(47.7607 -1.93132 -5.52133e-19)
(48.1161 -2.24056 0)
(48.4222 -2.54709 1.55012e-18)
(48.6646 -2.80956 1.11374e-19)
(48.89 -2.96092 -6.25059e-18)
(49.0953 -2.998 0)
(49.3736 -2.88247 -8.21139e-18)
(49.6699 -2.66123 0)
(49.8004 -2.26294 0)
(49.7275 -1.78207 0)
(49.9024 -1.16265 2.48095e-17)
(49.9597 -0.572225 0)
(50.0629 -0.105008 0)
(49.5944 0.27162 -3.17902e-17)
(47.6811 0.459096 -2.31562e-17)
(43.3821 0.64524 -1.18177e-17)
(40.8735 0.670781 -1.02801e-17)
(37.2825 0.627241 -1.57564e-17)
(45.814 -0.646565 -4.10006e-20)
(45.8634 -0.683926 3.97684e-20)
(45.9209 -0.723324 0)
(45.9876 -0.764289 0)
(46.0651 -0.806647 7.5468e-20)
(46.156 -0.85023 0)
(46.2629 -0.895016 3.1129e-19)
(46.3897 -0.941496 1.5707e-19)
(46.5406 -0.990946 1.45049e-19)
(46.7208 -1.0463 0)
(46.9348 -1.1125 -2.69924e-19)
(47.1868 -1.198 -2.62723e-19)
(47.4757 -1.31357 -3.89158e-19)
(47.7966 -1.4713 0)
(48.1324 -1.68065 0)
(48.4646 -1.93954 5.57819e-19)
(48.7627 -2.23429 -7.64505e-19)
(49.0183 -2.52742 0)
(49.2166 -2.78107 -4.88959e-18)
(49.3892 -2.93186 0)
(49.5383 -2.97492 -7.06499e-18)
(49.7489 -2.86893 7.57756e-18)
(49.8413 -2.65291 0)
(49.7666 -2.26326 0)
(49.6922 -1.78895 -2.50088e-17)
(49.9236 -1.17252 -2.38731e-17)
(49.935 -0.576789 0)
(49.8919 -0.108298 3.81998e-17)
(48.9781 0.286404 3.00405e-17)
(46.4764 0.492497 -1.78906e-17)
(42.0384 0.664559 1.0226e-17)
(39.5481 0.65228 1.45057e-20)
(36.111 0.57535 7.65961e-18)
(46.78 -0.619721 1.99569e-20)
(46.8238 -0.65819 -3.70755e-20)
(46.8747 -0.699129 4.09345e-20)
(46.9337 -0.742275 0)
(47.0019 -0.787569 0)
(47.0815 -0.834999 0)
(47.1747 -0.884701 -1.52164e-19)
(47.2849 -0.937216 9.25645e-21)
(47.4156 -0.993777 1.55403e-19)
(47.5711 -1.05694 0)
(47.7554 -1.13103 2.63765e-19)
(47.9722 -1.22308 4.82161e-19)
(48.2205 -1.3424 0)
(48.4968 -1.49917 0)
(48.7858 -1.70194 -8.07553e-19)
(49.0722 -1.94901 0)
(49.3266 -2.22914 7.92019e-19)
(49.5425 -2.509 2.12973e-18)
(49.6966 -2.753 -1.14653e-19)
(49.813 -2.90312 0)
(49.9066 -2.95077 6.99689e-18)
(49.9718 -2.85177 -7.47939e-18)
(49.8458 -2.64147 0)
(49.6817 -2.26393 -1.40852e-17)
(49.6923 -1.79672 2.57099e-17)
(49.9495 -1.18113 2.32342e-17)
(49.855 -0.579044 0)
(49.6004 -0.105881 -3.97124e-17)
(48.2163 0.307646 0)
(45.2566 0.529612 1.42744e-17)
(40.7619 0.679081 8.6317e-18)
(38.3262 0.62921 8.43337e-18)
(35.0566 0.524321 0)
(47.5914 -0.611233 -2.26076e-20)
(47.632 -0.650064 0)
(47.6793 -0.691692 -3.82491e-20)
(47.7339 -0.736018 4.18987e-20)
(47.7967 -0.783117 0)
(47.8694 -0.833111 0)
(47.9542 -0.886258 0)
(48.0536 -0.943158 1.06556e-20)
(48.1707 -1.005 -1.49048e-19)
(48.3091 -1.07401 0)
(48.4719 -1.15395 0)
(48.6622 -1.25066 0)
(48.8789 -1.37214 0)
(49.1189 -1.52693 4.87962e-19)
(49.3681 -1.72275 8.06766e-19)
(49.6133 -1.9583 0)
(49.8257 -2.22444 0)
(49.9974 -2.49039 -2.05787e-18)
(50.0953 -2.72544 2.509e-18)
(50.1569 -2.87446 0)
(50.1405 -2.92393 0)
(50.0135 -2.83088 0)
(49.7516 -2.62873 0)
(49.6161 -2.26645 1.39214e-17)
(49.7309 -1.80476 0)
(49.9457 -1.1875 -2.29344e-17)
(49.6995 -0.577942 0)
(49.2052 -0.0976398 -3.84895e-17)
(47.3806 0.332954 0)
(44.0917 0.565767 -1.18195e-17)
(39.6135 0.688589 -1.50411e-17)
(37.2662 0.604909 0)
(34.1659 0.478389 -6.3812e-18)
(48.3267 -0.61466 2.10035e-20)
(48.3652 -0.653353 -4.28482e-20)
(48.4099 -0.695076 0)
(48.4613 -0.739883 3.60599e-21)
(48.5201 -0.787963 -8.56162e-20)
(48.5876 -0.839565 0)
(48.6658 -0.895059 -1.69066e-19)
(48.7565 -0.955098 -3.2214e-19)
(48.8623 -1.02082 -1.64076e-19)
(48.9858 -1.09419 0)
(49.1294 -1.17848 -3.08008e-19)
(49.2951 -1.27852 0)
(49.4816 -1.40111 -5.53112e-19)
(49.6853 -1.55328 -4.65298e-19)
(49.8934 -1.74183 9.96775e-19)
(50.0926 -1.96574 0)
(50.2558 -2.21815 0)
(50.372 -2.47111 0)
(50.4065 -2.69717 -2.64137e-18)
(50.3744 -2.84249 -5.98347e-18)
(50.1911 -2.89218 0)
(49.9243 -2.8062 6.94178e-18)
(49.6371 -2.617 0)
(49.6004 -2.27185 -1.31628e-17)
(49.7832 -1.81272 0)
(49.8828 -1.19169 0)
(49.4612 -0.573142 0)
(48.7025 -0.0838451 5.8112e-19)
(46.4617 0.36248 0)
(42.9371 0.600877 2.04953e-17)
(38.5295 0.694165 6.81736e-18)
(36.2973 0.578943 0)
(33.3655 0.434893 1.20139e-17)
(49.0226 -0.626672 -2.36237e-20)
(49.0581 -0.664913 8.35857e-20)
(49.0992 -0.706357 0)
(49.1463 -0.751188 3.71276e-21)
(49.1996 -0.799689 7.98071e-20)
(49.2605 -0.852189 0)
(49.3303 -0.909153 -1.31874e-20)
(49.4104 -0.971249 1.56048e-19)
(49.5024 -1.03955 1.53303e-19)
(49.6084 -1.1158 0)
(49.7296 -1.20281 2.88503e-19)
(49.8672 -1.30466 -3.00868e-19)
(50.0187 -1.42712 5.22201e-19)
(50.1811 -1.57618 0)
(50.3417 -1.75784 -9.48065e-19)
(50.4878 -1.97127 0)
(50.591 -2.21034 0)
(50.632 -2.45033 0)
(50.5712 -2.66574 5.15776e-18)
(50.3972 -2.80526 -1.09922e-19)
(50.085 -2.85566 0)
(49.7818 -2.78126 -6.85248e-18)
(49.5577 -2.60902 0)
(49.6364 -2.28005 3.30013e-19)
(49.8123 -1.81928 0)
(49.7384 -1.19206 2.05503e-17)
(49.1312 -0.563326 -1.8231e-17)
(48.088 -0.0635864 3.42397e-17)
(45.4682 0.396275 0)
(41.7895 0.634149 -9.15378e-18)
(37.5001 0.696168 -6.29053e-18)
(35.4077 0.552187 6.5427e-18)
(32.6416 0.394109 -1.14022e-17)
(49.6573 -0.643445 2.17597e-20)
(49.6883 -0.681028 -4.05176e-20)
(49.7239 -0.721929 0)
(49.7645 -0.76645 3.73332e-21)
(49.81 -0.814925 0)
(49.8615 -0.86778 -8.72837e-20)
(49.9198 -0.925528 2.45523e-19)
(49.9858 -0.988875 0)
(50.0603 -1.05888 0)
(50.1447 -1.13709 3.2735e-19)
(50.239 -1.22599 -3.1844e-19)
(50.3436 -1.32894 5.90677e-19)
(50.4549 -1.45085 -5.9432e-19)
(50.5688 -1.59651 5.7351e-19)
(50.6709 -1.77121 0)
(50.7471 -1.97392 0)
(50.7645 -2.1994 1.13794e-18)
(50.7033 -2.4253 0)
(50.5246 -2.62786 1.09865e-19)
(50.2491 -2.76225 5.7706e-18)
(49.9101 -2.81824 6.33043e-18)
(49.6639 -2.7597 0)
(49.5421 -2.60604 0)
(49.6964 -2.28975 1.25779e-17)
(49.7726 -1.82295 -2.13525e-17)
(49.4964 -1.18772 -6.7777e-19)
(48.7005 -0.547855 1.8441e-17)
(47.3578 -0.0369816 0)
(44.4052 0.433498 0)
(40.6424 0.664831 8.37105e-18)
(36.5156 0.694686 8.00497e-21)
(34.5861 0.525049 -1.24068e-17)
(31.9821 0.356015 8.60884e-21)
(50.1769 -0.668671 2.40975e-20)
(50.2016 -0.705336 0)
(50.2297 -0.745387 -4.49376e-20)
(50.2613 -0.789192 -4.10627e-20)
(50.2962 -0.837119 8.89371e-20)
(50.335 -0.889635 1.69354e-19)
(50.3779 -0.947335 -8.03844e-20)
(50.4252 -1.01093 0)
(50.477 -1.08147 0)
(50.5332 -1.16033 -3.05827e-19)
(50.5929 -1.24975 2.97889e-19)
(50.6547 -1.35244 -2.88733e-19)
(50.7138 -1.47257 -5.26108e-20)
(50.764 -1.61387 5.35448e-20)
(50.7908 -1.78056 0)
(50.7803 -1.97126 0)
(50.7051 -2.18172 -1.09077e-18)
(50.5565 -2.39255 0)
(50.3173 -2.58458 1.09113e-19)
(50.0386 -2.71939 0)
(49.7643 -2.78513 -6.22673e-18)
(49.6143 -2.7441 0)
(49.576 -2.60758 0)
(49.7264 -2.29851 -1.17536e-17)
(49.6233 -1.82183 1.09288e-17)
(49.1458 -1.17757 -3.92905e-17)
(48.1584 -0.525678 0)
(46.5071 -0.0029441 0)
(43.2664 0.473362 0)
(39.4887 0.692342 -7.85493e-18)
(35.5662 0.689718 7.03608e-21)
(33.8223 0.497801 1.19088e-17)
(31.3761 0.320494 5.27541e-18)
(50.4757 -0.70284 -4.65708e-20)
(50.4915 -0.738178 -2.27372e-20)
(50.5088 -0.776932 4.17574e-20)
(50.5278 -0.819481 -4.51441e-20)
(50.5479 -0.866201 6.98911e-21)
(50.5694 -0.917591 6.85918e-21)
(50.5917 -0.974258 0)
(50.6146 -1.03692 0)
(50.6374 -1.10658 1.71011e-19)
(50.6592 -1.18447 0)
(50.6781 -1.27248 0)
(50.692 -1.37285 -3.21506e-19)
(50.6963 -1.48896 1.20437e-18)
(50.6859 -1.62375 5.18938e-20)
(50.6498 -1.7809 0)
(50.5805 -1.95951 0)
(50.4618 -2.15681 0)
(50.298 -2.3569 0)
(50.086 -2.54374 1.08794e-19)
(49.8793 -2.68257 2.93999e-18)
(49.6986 -2.75884 0)
(49.6233 -2.73415 0)
(49.6086 -2.61103 -1.2119e-17)
(49.6635 -2.30318 3.51263e-19)
(49.3365 -1.81361 1.00676e-17)
(48.6789 -1.16088 3.84372e-17)
(47.488 -0.49594 1.54554e-17)
(45.527 0.0394317 0)
(42.0402 0.51494 1.17398e-17)
(38.3218 0.716082 7.4856e-18)
(34.6422 0.681128 6.52245e-21)
(33.1075 0.470598 -5.7772e-18)
(30.8133 0.28735 0)
(50.4446 -0.745379 2.26285e-20)
(50.4519 -0.778889 4.41883e-20)
(50.4592 -0.815693 4.57866e-20)
(50.4666 -0.856137 4.22256e-20)
(50.4737 -0.900637 -8.39805e-20)
(50.4802 -0.949701 -8.33584e-20)
(50.4856 -1.00395 0)
(50.4893 -1.06409 0)
(50.4907 -1.1311 -1.61013e-19)
(50.4888 -1.20613 0)
(50.4822 -1.29092 0)
(50.4697 -1.38745 6.3472e-19)
(50.4484 -1.49873 -5.97394e-19)
(50.4159 -1.62734 -5.86781e-19)
(50.3663 -1.7767 0)
(50.2974 -1.94622 0)
(50.2004 -2.13417 1.28004e-18)
(50.0829 -2.32704 0)
(49.9415 -2.51079 -2.66724e-18)
(49.8137 -2.65378 -2.86884e-18)
(49.6934 -2.73858 0)
(49.6351 -2.72724 -6.16085e-18)
(49.5666 -2.61225 2.35753e-17)
(49.4495 -2.30046 1.11033e-17)
(48.8989 -1.79674 0)
(48.0811 -1.13654 -1.92418e-17)
(46.6646 -0.457586 -2.80339e-17)
(44.4027 0.090085 -2.01677e-17)
(40.7168 0.557482 -1.1043e-17)
(37.1337 0.735297 -1.45767e-17)
(33.7342 0.668646 1.102e-17)
(32.4327 0.443434 0)
(30.2846 0.256368 -2.53676e-18)
(50.1696 -0.790152 0)
(50.1746 -0.821433 -4.46432e-20)
(50.1795 -0.855815 -8.9112e-20)
(50.1844 -0.893631 0)
(50.1891 -0.935356 4.57086e-20)
(50.1932 -0.98154 9.07828e-20)
(50.1965 -1.03283 -9.00017e-20)
(50.1988 -1.09001 1.78166e-19)
(50.1995 -1.15403 0)
(50.1984 -1.22608 0)
(50.1948 -1.30776 0)
(50.1882 -1.40092 -3.1331e-19)
(50.1771 -1.50817 0)
(50.1608 -1.63187 0)
(50.1356 -1.77495 0)
(50.1001 -1.93724 0)
(50.0474 -2.11743 8.55693e-20)
(49.9799 -2.30425 0)
(49.8894 -2.48481 0)
(49.7935 -2.63005 0)
(49.6746 -2.72035 0)
(49.567 -2.71852 6.03496e-18)
(49.3714 -2.60591 -2.32689e-19)
(49.0444 -2.2867 0)
(48.2991 -1.77058 0)
(47.3289 -1.10312 -1.65846e-17)
(45.6588 -0.408406 1.28036e-17)
(43.1036 0.148767 1.88e-17)
(39.2884 0.600225 0)
(35.9166 0.749077 2.06457e-20)
(32.8326 0.651875 -5.54701e-21)
(31.7891 0.416134 -5.67842e-18)
(29.7817 0.227351 2.5438e-18)
(49.9208 -0.842578 0)
(49.9288 -0.871646 2.16666e-20)
(49.9375 -0.903639 8.94249e-20)
(49.947 -0.938878 4.60135e-20)
(49.957 -0.977859 -4.29273e-20)
(49.9676 -1.02115 -8.53265e-20)
(49.9785 -1.06941 8.46697e-20)
(49.9897 -1.12344 -3.47066e-19)
(50.0009 -1.18419 0)
(50.0119 -1.25285 0)
(50.022 -1.33092 -3.47136e-19)
(50.0309 -1.42018 0)
(50.037 -1.52296 6.78588e-19)
(50.0393 -1.64151 0)
(50.0337 -1.77831 0)
(50.0179 -1.9336 0)
(49.9835 -2.10603 -1.26636e-18)
(49.9275 -2.28631 0)
(49.8386 -2.46173 0)
(49.7184 -2.60672 0)
(49.5485 -2.69899 0)
(49.3283 -2.70176 0)
(48.9583 -2.58676 -1.10706e-17)
(48.4269 -2.26049 0)
(47.5168 -1.73398 0)
(46.3884 -1.05805 1.56821e-17)
(44.4329 -0.34555 1.11683e-17)
(41.5976 0.214928 -8.67118e-18)
(37.7478 0.641794 9.93622e-18)
(34.6623 0.756323 7.25469e-18)
(31.9282 0.630317 -5.70333e-18)
(31.1678 0.388389 5.74187e-18)
(29.2967 0.200113 0)
(49.8463 -0.893599 -2.44137e-20)
(49.8552 -0.920599 -2.29328e-20)
(49.8651 -0.950363 -4.31411e-20)
(49.8761 -0.983198 -4.30324e-20)
(49.8877 -1.01958 0)
(49.9001 -1.06007 0)
(49.913 -1.10532 0)
(49.9262 -1.15612 1.68283e-19)
(49.9392 -1.21344 0)
(49.9518 -1.27843 1.76331e-19)
(49.9626 -1.35257 3.27297e-19)
(49.9713 -1.43758 0)
(49.9753 -1.53558 -2.98385e-19)
(49.9735 -1.64873 -6.84381e-19)
(49.9602 -1.77916 0)
(49.9331 -1.92745 0)
(49.8812 -2.0919 0)
(49.7996 -2.2653 0)
(49.671 -2.43421 0)
(49.4866 -2.57711 0)
(49.2183 -2.66655 0)
(48.8341 -2.66955 5.7039e-18)
(48.284 -2.55126 0)
(47.5705 -2.22048 0)
(46.5225 -1.6856 -7.95412e-18)
(45.215 -0.997576 6.75035e-18)
(42.9411 -0.266285 -3.62751e-19)
(39.8586 0.28791 8.34866e-18)
(36.0849 0.679998 -8.82236e-20)
(33.3619 0.755656 0)
(31.0127 0.60342 0)
(30.5595 0.359788 0)
(28.8218 0.174457 0)
(49.7483 -0.94293 2.28047e-20)
(49.756 -0.968103 2.14253e-20)
(49.7647 -0.995824 -2.26429e-20)
(49.7741 -1.02638 0)
(49.7839 -1.06022 -4.51184e-20)
(49.794 -1.09788 0)
(49.8041 -1.14 -8.95896e-20)
(49.8136 -1.18736 0)
(49.822 -1.24094 -1.77401e-19)
(49.8285 -1.30187 -1.6601e-19)
(49.8316 -1.37163 1.75477e-19)
(49.8302 -1.45189 0)
(49.821 -1.54471 -3.25873e-19)
(49.8024 -1.65212 6.49775e-19)
(49.767 -1.77603 0)
(49.7119 -1.91713 0)
(49.6212 -2.07334 0)
(49.489 -2.23847 1.41585e-18)
(49.2849 -2.39814 0)
(48.9969 -2.5338 0)
(48.579 -2.61395 0)
(48.0164 -2.61578 -5.66673e-18)
(47.3051 -2.49766 0)
(46.4405 -2.16628 0)
(45.2759 -1.6225 4.39699e-19)
(43.7439 -0.915672 -6.43405e-18)
(41.1128 -0.168367 -3.49766e-19)
(37.8595 0.36639 0)
(34.2897 0.711832 -9.65402e-18)
(32.0054 0.745217 7.68072e-18)
(30.0788 0.570608 0)
(29.9539 0.329847 0)
(28.3482 0.150189 -2.74474e-18)
(49.591 -0.995742 0)
(49.5957 -1.01875 -2.22563e-20)
(49.6008 -1.04397 2.1178e-20)
(49.6061 -1.07167 -4.45019e-20)
(49.6108 -1.10228 4.22582e-20)
(49.6146 -1.13633 0)
(49.617 -1.17445 8.40635e-20)
(49.6172 -1.21742 -8.83721e-20)
(49.6138 -1.26623 1.66862e-19)
(49.6057 -1.322 0)
(49.5904 -1.38624 -1.65592e-19)
(49.5658 -1.46047 3.50823e-19)
(49.5272 -1.54681 -3.5091e-19)
(49.471 -1.64685 0)
(49.3879 -1.7626 0)
(49.2717 -1.8939 0)
(49.1026 -2.03883 0)
(48.8727 -2.19101 -1.36977e-18)
(48.5425 -2.33632 0)
(48.1109 -2.45998 2.92602e-18)
(47.5252 -2.53023 0)
(46.8166 -2.53765 0)
(45.9754 -2.42557 0)
(45.0039 -2.09662 0)
(43.7069 -1.53904 4.39062e-19)
(41.8689 -0.805216 0)
(38.8587 -0.0494513 -8.93798e-18)
(35.5794 0.446594 7.64462e-18)
(32.3533 0.73335 0)
(30.5807 0.722838 -2.0596e-20)
(29.1204 0.531133 0)
(29.3394 0.298062 0)
(27.866 0.127132 2.92902e-18)
(49.2645 -1.03554 0)
(49.2586 -1.05606 4.26399e-20)
(49.2515 -1.07837 -2.18235e-20)
(49.2424 -1.10267 6.3572e-20)
(49.2303 -1.12939 0)
(49.2144 -1.15898 -4.36996e-20)
(49.1937 -1.19209 0)
(49.1666 -1.22942 1.7078e-19)
(49.1311 -1.27198 0)
(49.0851 -1.3208 0)
(49.0251 -1.37742 0)
(48.9476 -1.4432 -3.33618e-19)
(48.8467 -1.52031 3.34756e-19)
(48.7174 -1.61 0)
(48.549 -1.71448 0)
(48.3353 -1.83292 7.27421e-19)
(48.0557 -1.96427 0)
(47.7064 -2.10186 1.48277e-18)
(47.2484 -2.23391 0)
(46.6957 -2.34924 -2.92191e-18)
(45.9884 -2.41681 -2.97476e-18)
(45.1896 -2.43792 2.90222e-18)
(44.2562 -2.33605 -5.0603e-18)
(43.1906 -2.0073 0)
(41.6822 -1.42249 1.21736e-17)
(39.4254 -0.656732 5.06408e-18)
(36.1027 0.0890165 0)
(33.0029 0.521814 -1.2145e-19)
(30.2642 0.739293 0)
(29.0811 0.686232 -8.7318e-18)
(28.1284 0.48395 0)
(28.7022 0.263935 0)
(27.3626 0.10486 0)
(48.2677 -1.02405 -1.15388e-20)
(48.2441 -1.04081 -9.8931e-21)
(48.2171 -1.05894 2.06599e-20)
(48.1853 -1.07867 -4.223e-20)
(48.1474 -1.10032 0)
(48.1022 -1.12436 4.15876e-20)
(48.0482 -1.15136 0)
(47.9835 -1.18204 3.68513e-21)
(47.9059 -1.21739 8.77485e-20)
(47.8125 -1.25848 -8.83272e-20)
(47.6997 -1.30694 0)
(47.5636 -1.36414 -1.79817e-19)
(47.3987 -1.43255 0)
(47.1996 -1.51327 0)
(46.9576 -1.60914 0)
(46.6662 -1.71862 -1.47381e-18)
(46.3096 -1.84181 0)
(45.8821 -1.97095 -3.03031e-18)
(45.3511 -2.09691 0)
(44.7264 -2.20904 1.5677e-18)
(43.9453 -2.27848 3.04151e-18)
(43.0884 -2.31765 -2.88353e-18)
(42.0575 -2.22381 4.92986e-18)
(40.8423 -1.88343 -3.70359e-18)
(38.9645 -1.25217 -5.84141e-18)
(36.2062 -0.460437 -9.6647e-18)
(32.7875 0.239356 -3.80689e-18)
(30.1199 0.581416 -7.71443e-18)
(28.0023 0.723526 0)
(27.5099 0.632635 4.75171e-18)
(27.0863 0.427824 4.09978e-18)
(28.025 0.226944 0)
(26.8213 0.0825492 1.74763e-18)
(46.2496 -0.933373 1.12192e-20)
(46.2159 -0.947911 -2.09756e-20)
(46.1775 -0.963682 0)
(46.1327 -0.980909 2.07776e-20)
(46.0801 -0.999881 0)
(46.0184 -1.021 0)
(45.9459 -1.04484 0)
(45.8605 -1.07207 -4.07063e-20)
(45.7597 -1.10368 -8.53879e-20)
(45.6403 -1.14075 8.60989e-20)
(45.4989 -1.18493 0)
(45.3309 -1.23766 -8.73148e-21)
(45.1316 -1.30155 0)
(44.8941 -1.37764 0)
(44.6127 -1.46896 0)
(44.2769 -1.57312 7.47169e-19)
(43.8777 -1.69046 0)
(43.399 -1.81198 1.53034e-18)
(42.8232 -1.93106 0)
(42.1359 -2.03741 -1.51635e-18)
(41.305 -2.11052 0)
(40.368 -2.16655 0)
(39.1566 -2.07016 -2.24118e-18)
(37.6253 -1.69385 3.5314e-18)
(35.1651 -0.998925 2.32428e-18)
(32.0234 -0.217386 6.28797e-18)
(28.8774 0.384563 3.53083e-18)
(26.9084 0.611862 0)
(25.5655 0.678389 0)
(25.8621 0.558919 -4.85089e-18)
(25.9706 0.362048 -6.51208e-18)
(27.2825 0.187827 0)
(26.2174 0.06957 -1.90034e-18)
(44.0092 -0.845856 0)
(43.9686 -0.857563 -3.11263e-22)
(43.9217 -0.870176 0)
(43.867 -0.883899 0)
(43.8029 -0.898999 3.40454e-20)
(43.7278 -0.915861 -3.41725e-20)
(43.6397 -0.935026 6.86394e-20)
(43.5361 -0.957197 -6.75297e-20)
(43.4144 -0.983361 6.93851e-20)
(43.271 -1.01467 0)
(43.1023 -1.05288 -1.40713e-19)
(42.9034 -1.0996 5.59387e-19)
(42.6697 -1.15779 0)
(42.395 -1.22868 -2.8709e-19)
(42.0743 -1.31558 -5.7506e-19)
(41.699 -1.4155 0)
(41.2614 -1.52855 0)
(40.7448 -1.64561 0)
(40.1376 -1.75996 1.05703e-18)
(39.4055 -1.86461 0)
(38.5349 -1.9373 0)
(37.4007 -1.98733 3.28385e-18)
(35.8589 -1.86273 2.49685e-18)
(33.8305 -1.43488 1.69794e-18)
(30.8401 -0.714302 -4.34547e-18)
(27.7561 -0.00909279 -1.7691e-18)
(25.198 0.466886 1.42523e-18)
(24.0318 0.596882 0)
(23.4406 0.609475 0)
(24.4358 0.479035 0)
(24.9587 0.298666 -9.89477e-21)
(26.5707 0.151998 0)
(25.5821 0.0551807 0)
(41.983 -0.73502 0)
(41.9342 -0.744632 3.15725e-20)
(41.8781 -0.755021 0)
(41.813 -0.766407 0)
(41.7374 -0.779089 -8.45842e-20)
(41.6496 -0.793475 -5.40287e-22)
(41.5475 -0.810138 -8.41565e-20)
(41.4289 -0.829819 8.54253e-20)
(41.2909 -0.85357 -8.42426e-20)
(41.1303 -0.882599 -1.71425e-19)
(40.9435 -0.918867 1.68551e-19)
(40.7263 -0.964067 -3.36789e-19)
(40.4741 -1.0217 0)
(40.1829 -1.09291 6.75236e-19)
(39.8469 -1.18142 6.5993e-19)
(39.4615 -1.2827 0)
(39.0142 -1.39672 0)
(38.4926 -1.51317 0)
(37.8701 -1.62412 -1.13464e-18)
(37.1052 -1.72385 0)
(36.1157 -1.77484 0)
(34.6585 -1.79731 -3.28461e-18)
(32.7735 -1.64658 0)
(30.3361 -1.19007 -1.56358e-18)
(27.1426 -0.492787 1.81223e-18)
(24.3658 0.120924 0)
(22.3662 0.494336 -1.19387e-18)
(21.8969 0.560839 -2.56369e-18)
(21.8623 0.541988 0)
(23.3708 0.411778 1.89172e-18)
(24.1595 0.248351 1.81481e-18)
(25.9694 0.124158 0)
(25.0055 0.0398892 -9.02402e-19)
(39.9493 -0.627134 0)
(39.8966 -0.635789 -1.31377e-20)
(39.8364 -0.645248 0)
(39.7667 -0.655732 0)
(39.6862 -0.667534 2.58503e-20)
(39.5934 -0.681055 5.1974e-20)
(39.4861 -0.696862 -5.22677e-20)
(39.3622 -0.715684 -1.03021e-19)
(39.219 -0.738601 0)
(39.0533 -0.766815 3.06664e-19)
(38.8616 -0.80249 -2.04805e-19)
(38.6401 -0.847296 2.03088e-19)
(38.384 -0.905466 0)
(38.0902 -0.97775 6.804e-21)
(37.7531 -1.06843 0)
(37.3681 -1.17057 0)
(36.9186 -1.28457 7.07003e-19)
(36.3902 -1.39746 0)
(35.7342 -1.50004 0)
(34.8804 -1.5798 -1.1173e-18)
(33.6276 -1.5895 0)
(31.7965 -1.58529 -1.62039e-18)
(29.6226 -1.42282 1.10737e-18)
(26.8995 -0.960083 -1.3441e-18)
(23.7355 -0.313295 0)
(21.3884 0.205879 0)
(19.9481 0.491617 0)
(20.1203 0.512618 1.14382e-18)
(20.5427 0.474912 0)
(22.4749 0.350645 -1.75639e-18)
(23.4497 0.204985 -8.78497e-19)
(25.4062 0.10102 -2.10254e-18)
(24.4384 0.0302863 9.07909e-19)
(38.0127 -0.527559 0)
(37.96 -0.535787 0)
(37.8998 -0.544875 0)
(37.8303 -0.555043 0)
(37.7501 -0.566559 -1.9107e-22)
(37.6578 -0.579808 0)
(37.5514 -0.595341 6.24131e-20)
(37.4285 -0.613861 0)
(37.2865 -0.636465 0)
(37.1223 -0.664326 -1.19777e-19)
(36.9321 -0.699798 2.35367e-19)
(36.7117 -0.744522 -2.30627e-19)
(36.4567 -0.803526 0)
(36.1632 -0.877105 -4.36592e-19)
(35.8263 -0.96981 0)
(35.4375 -1.07207 0)
(34.9783 -1.18455 -7.49023e-19)
(34.4204 -1.28999 6.99695e-19)
(33.6846 -1.37546 -1.27948e-18)
(32.6383 -1.41859 1.13768e-18)
(31.0266 -1.38334 0)
(28.906 -1.36888 1.53361e-18)
(26.5372 -1.20943 -1.02719e-18)
(23.6547 -0.758605 1.20509e-18)
(20.6767 -0.177159 0)
(18.7882 0.254194 4.98883e-19)
(17.9067 0.468788 -8.92078e-19)
(18.6314 0.458696 1.0288e-18)
(19.4306 0.411504 -7.90287e-19)
(21.7123 0.296324 -1.65865e-18)
(22.8105 0.168162 -4.27475e-21)
(24.8732 0.0818132 3.15496e-18)
(23.8794 0.0226983 -9.11059e-19)
(36.2311 -0.446757 1.113e-20)
(36.1802 -0.454625 0)
(36.1221 -0.463357 0)
(36.0547 -0.47317 1.94614e-20)
(35.9769 -0.484306 7.65198e-20)
(35.8871 -0.497128 3.76976e-20)
(35.7833 -0.512172 3.69941e-20)
(35.6632 -0.530094 0)
(35.5238 -0.552002 -7.08214e-20)
(35.3617 -0.579022 0)
(35.1732 -0.613645 0)
(34.9529 -0.657548 1.30259e-19)
(34.6966 -0.716519 0)
(34.3987 -0.790437 0)
(34.0547 -0.883689 0)
(33.6503 -0.98432 0)
(33.1642 -1.09194 0)
(32.5364 -1.1832 -1.44386e-18)
(31.6501 -1.24032 1.29974e-18)
(30.3201 -1.23897 -1.13828e-18)
(28.3779 -1.17335 -9.37355e-19)
(26.1066 -1.16635 0)
(23.6128 -1.01715 0)
(20.6701 -0.590331 0)
(17.9664 -0.0791123 0)
(16.529 0.274985 -4.44483e-19)
(16.184 0.433665 1.19533e-18)
(17.3748 0.403942 -9.42133e-19)
(18.4846 0.353355 7.33739e-19)
(21.0546 0.248828 1.5735e-18)
(22.2271 0.137214 1.67181e-18)
(24.3637 0.065976 -1.06019e-18)
(23.3275 0.0167288 1.84162e-18)
(34.6151 -0.379967 -1.33614e-20)
(34.566 -0.387382 -1.19897e-20)
(34.5097 -0.39564 2.35342e-20)
(34.4443 -0.404952 -4.60307e-20)
(34.3686 -0.415535 -6.7408e-20)
(34.2808 -0.427729 -4.3735e-20)
(34.1789 -0.442051 1.39745e-22)
(34.0602 -0.459096 8.2646e-20)
(33.9218 -0.479971 7.95729e-20)
(33.7597 -0.505744 -7.70384e-20)
(33.5697 -0.538976 1.48127e-19)
(33.3452 -0.581457 8.58324e-22)
(33.082 -0.639591 0)
(32.7716 -0.712956 0)
(32.4104 -0.805378 0)
(31.9753 -0.902523 0)
(31.4357 -1.00056 -4.0874e-19)
(30.6837 -1.06992 -3.0469e-21)
(29.5803 -1.09196 0)
(27.9491 -1.05232 1.09735e-18)
(25.7939 -0.977413 1.73631e-18)
(23.4832 -0.986878 6.45761e-19)
(20.8986 -0.849245 0)
(17.9688 -0.45411 0)
(15.5762 -0.0118495 0)
(14.5769 0.276561 -3.88127e-19)
(14.7213 0.392004 -4.56626e-22)
(16.3059 0.351407 8.71127e-19)
(17.6719 0.301165 0)
(20.4793 0.207801 7.59474e-19)
(21.6876 0.111421 -8.25757e-19)
(23.8724 0.0530011 1.07829e-18)
(22.7816 0.012147 -9.3316e-19)
(33.1499 -0.325301 -1.58589e-20)
(33.1018 -0.332129 1.41659e-20)
(33.0465 -0.339753 -2.75753e-20)
(32.9819 -0.34837 -4.46641e-23)
(32.9069 -0.358174 5.18288e-20)
(32.8195 -0.369478 0)
(32.7175 -0.382779 -4.80154e-20)
(32.598 -0.398603 -9.20511e-20)
(32.4578 -0.418049 0)
(32.2923 -0.442114 -2.61853e-22)
(32.0966 -0.47336 -1.59296e-19)
(31.8628 -0.513772 -1.50907e-19)
(31.5858 -0.570181 1.43087e-19)
(31.2543 -0.642084 2.68252e-19)
(30.865 -0.73224 0)
(30.3814 -0.823205 2.28393e-19)
(29.7528 -0.905934 8.28695e-19)
(28.8239 -0.947937 7.35606e-19)
(27.4776 -0.936742 0)
(25.6064 -0.873824 0)
(23.3659 -0.805902 -7.91489e-19)
(21.0744 -0.832245 -1.34426e-21)
(18.4122 -0.705259 0)
(15.5478 -0.346178 3.97126e-19)
(13.4718 0.0316519 -2.02104e-19)
(12.8935 0.265527 5.25428e-19)
(13.4703 0.348056 4.00041e-22)
(15.3888 0.302726 0)
(16.9663 0.255055 0)
(19.9686 0.172696 2.29728e-21)
(21.1827 0.0900684 0)
(23.3947 0.0424249 -2.20105e-18)
(22.2412 0.00868075 0)
(31.8121 -0.279019 1.84632e-20)
(31.764 -0.285165 1.65216e-20)
(31.7084 -0.292081 0)
(31.6432 -0.299908 3.06068e-20)
(31.5672 -0.30883 -2.93129e-20)
(31.4783 -0.319127 2.8007e-20)
(31.3741 -0.331266 0)
(31.2514 -0.345701 0)
(31.1066 -0.363506 0)
(30.9343 -0.385594 1.80044e-19)
(30.729 -0.414484 -8.47535e-20)
(30.481 -0.452328 0)
(30.1839 -0.506252 -1.48184e-19)
(29.8235 -0.575983 -4.13107e-19)
(29.3956 -0.662256 0)
(28.8419 -0.743592 -2.30427e-19)
(28.0869 -0.806303 -4.15097e-19)
(26.9525 -0.820723 -3.60919e-19)
(25.3911 -0.78526 0)
(23.3752 -0.71421 0)
(21.1417 -0.661396 3.57418e-19)
(18.8865 -0.700421 -1.4215e-21)
(16.1527 -0.583218 0)
(13.3905 -0.261988 -3.58807e-19)
(11.6198 0.0575636 1.84247e-19)
(11.4394 0.246757 -1.59391e-19)
(12.3934 0.304714 -3.08117e-19)
(14.5949 0.258668 -3.88683e-19)
(16.3474 0.214793 0)
(19.5085 0.142878 -7.23477e-19)
(20.7049 0.0724883 0)
(22.9264 0.0338412 5.64579e-19)
(21.7053 0.00609829 0)
(30.5785 -0.239117 0)
(30.5294 -0.244527 -1.8933e-20)
(30.4723 -0.250713 0)
(30.4052 -0.257707 1.72105e-20)
(30.3268 -0.265702 3.26265e-20)
(30.2348 -0.274933 -6.1609e-20)
(30.1266 -0.28583 2.9001e-20)
(29.9985 -0.298785 0)
(29.8467 -0.314818 0)
(29.6647 -0.33477 -9.4967e-20)
(29.4466 -0.361045 8.84314e-20)
(29.1804 -0.395929 0)
(28.8581 -0.446851 0)
(28.4631 -0.513727 1.4007e-19)
(27.9852 -0.594085 0)
(27.338 -0.662428 0)
(26.4296 -0.703404 0)
(25.097 -0.695163 3.46775e-19)
(23.383 -0.646521 0)
(21.3098 -0.577964 0)
(19.1347 -0.541967 -3.24995e-19)
(16.9122 -0.58839 -7.32446e-19)
(14.1105 -0.4806 0)
(11.4749 -0.197116 1.5981e-19)
(9.9903 0.0709536 0)
(10.1789 0.223785 1.46674e-19)
(11.4603 0.26374 0)
(13.9014 0.219474 3.71222e-19)
(15.7985 0.179956 0)
(19.0876 0.117703 0)
(20.2481 0.0580825 0)
(22.4639 0.0269014 5.8454e-19)
(21.1735 0.00421108 -2.46317e-19)
(29.4299 -0.204035 0)
(29.379 -0.208697 0)
(29.3194 -0.214194 1.01045e-20)
(29.2495 -0.220369 -1.90326e-20)
(29.1675 -0.227462 -3.57081e-20)
(29.0712 -0.235643 3.33748e-20)
(28.9575 -0.245301 -3.10926e-20)
(28.8225 -0.256777 0)
(28.6618 -0.271001 -5.35454e-20)
(28.4682 -0.288775 0)
(28.235 -0.312291 -9.14542e-20)
(27.9472 -0.34396 -8.43236e-20)
(27.5963 -0.391599 0)
(27.1623 -0.454811 0)
(26.6221 -0.527042 -1.28579e-19)
(25.8616 -0.58033 0)
(24.7939 -0.60138 0)
(23.3005 -0.577989 0)
(21.5024 -0.525449 0)
(19.434 -0.464945 0)
(17.3394 -0.44402 0)
(15.1395 -0.493231 4.48292e-19)
(12.2724 -0.394817 0)
(9.77768 -0.147623 -1.47063e-19)
(8.55665 0.0757602 0)
(9.08186 0.199106 -1.37079e-19)
(10.6467 0.226098 1.3921e-19)
(13.2901 0.185053 0)
(15.3066 0.150029 0)
(18.6968 0.0965533 -3.61149e-19)
(19.8071 0.0463268 0)
(22.0038 0.0213111 6.08541e-19)
(20.6447 0.00286451 2.52597e-19)
(28.3509 -0.172912 0)
(28.2976 -0.176857 0)
(28.235 -0.181729 -1.11296e-20)
(28.1616 -0.187134 0)
(28.0754 -0.19338 1.9271e-20)
(27.9739 -0.20056 0)
(27.8539 -0.209023 0)
(27.7111 -0.219063 -3.03086e-20)
(27.5405 -0.2315 5.56961e-20)
(27.334 -0.247129 0)
(27.0841 -0.26782 4.67818e-20)
(26.773 -0.296198 8.55914e-20)
(26.3918 -0.340417 0)
(25.9149 -0.398984 0)
(25.3006 -0.461273 2.55585e-19)
(24.417 -0.499419 -1.12321e-19)
(23.2057 -0.504827 0)
(21.6019 -0.473603 0)
(19.7765 -0.423239 0)
(17.7511 -0.372745 -1.77773e-19)
(15.7417 -0.363812 0)
(13.5524 -0.412359 -4.14688e-19)
(10.6234 -0.323386 0)
(8.27604 -0.110172 0)
(7.29528 0.0749348 0)
(8.12307 0.174415 -6.49894e-20)
(9.93289 0.192216 7.08645e-22)
(12.7467 0.155128 0)
(14.861 0.124473 0)
(18.3284 0.0788597 3.65117e-19)
(19.3774 0.0367702 0)
(21.5428 0.0168237 -6.36265e-19)
(20.1181 0.00193276 -2.59661e-19)
(27.3298 -0.145234 0)
(27.2738 -0.148521 0)
(27.2079 -0.152845 0)
(27.1307 -0.157551 -1.11684e-20)
(27.04 -0.163024 -4.11226e-20)
(26.9331 -0.169274 0)
(26.8065 -0.176615 0)
(26.6554 -0.185289 3.15202e-20)
(26.4745 -0.196011 0)
(26.2547 -0.209573 0)
(25.9876 -0.227465 4.75822e-20)
(25.6529 -0.252625 4.32056e-20)
(25.2411 -0.29328 -7.83354e-20)
(24.7172 -0.346212 0)
(24.0207 -0.397672 -1.26309e-19)
(23.0174 -0.422397 2.18289e-19)
(21.6926 -0.417208 0)
(20.0269 -0.38378 1.42334e-19)
(18.2144 -0.338816 0)
(16.2528 -0.298199 1.63932e-19)
(14.3247 -0.298006 0)
(12.1335 -0.343626 9.71566e-20)
(9.14901 -0.264085 0)
(6.94919 -0.0820244 0)
(6.18549 0.0706216 -3.37286e-20)
(7.28193 0.150798 6.20559e-20)
(9.30297 0.162182 -6.47507e-20)
(12.2593 0.129317 0)
(14.4527 0.102755 0)
(17.9759 0.0641118 0)
(18.955 0.0290297 0)
(21.0778 0.0132344 0)
(19.5922 0.00131449 4.02194e-19)
(26.3574 -0.120705 -7.96655e-21)
(26.2988 -0.123417 0)
(26.2296 -0.127265 0)
(26.1487 -0.131349 1.19107e-20)
(26.0536 -0.136127 2.17382e-20)
(25.9414 -0.141527 0)
(25.8082 -0.147829 1.79509e-20)
(25.6492 -0.155224 3.25387e-20)
(25.4579 -0.164337 -2.94576e-20)
(25.2254 -0.175943 0)
(24.9412 -0.191155 -4.81552e-20)
(24.5839 -0.213268 -8.6903e-20)
(24.1424 -0.250161 7.83151e-20)
(23.5681 -0.296697 0)
(22.787 -0.337513 0)
(21.6786 -0.351591 -1.05456e-19)
(20.2755 -0.340367 -8.59901e-20)
(18.5875 -0.308364 -1.33171e-19)
(16.8138 -0.270048 0)
(14.9244 -0.238171 0)
(13.071 -0.243839 0)
(10.8661 -0.285236 2.80973e-22)
(7.83498 -0.21498 0)
(5.7785 -0.0609812 0)
(5.20926 0.0643389 3.22174e-20)
(6.54162 0.128898 0)
(8.74395 0.135871 -6.41024e-20)
(11.8182 0.1072 0)
(14.0742 0.08438 1.52854e-19)
(17.6335 0.0518598 0)
(18.5361 0.0227828 0)
(20.6055 0.0103742 0)
(19.0654 0.000929082 -2.78012e-19)
(25.4263 -0.0991262 8.59119e-21)
(25.3653 -0.101356 0)
(25.2932 -0.10479 0)
(25.2089 -0.108332 0)
(25.1097 -0.11249 1.14047e-20)
(24.9927 -0.117115 0)
(24.8535 -0.122464 -1.85999e-20)
(24.687 -0.128676 -1.6762e-20)
(24.4863 -0.136314 6.02646e-20)
(24.2419 -0.146102 0)
(23.9418 -0.158829 4.86985e-20)
(23.5642 -0.178106 4.36531e-20)
(23.0941 -0.211024 0)
(22.4682 -0.250801 6.95797e-20)
(21.6065 -0.282038 -6.08239e-20)
(20.4146 -0.288488 0)
(18.9666 -0.274712 8.1679e-20)
(17.2855 -0.246117 -6.22993e-20)
(15.5649 -0.214485 0)
(13.7493 -0.189899 7.11076e-20)
(11.9631 -0.199099 0)
(9.73508 -0.235688 8.66338e-20)
(6.66804 -0.17441 0)
(4.7475 -0.0453108 0)
(4.35109 0.0571315 -3.10855e-20)
(5.88836 0.109046 0)
(8.2452 0.113039 0)
(11.4155 0.0883515 0)
(13.7193 0.0688916 -1.55766e-19)
(17.2959 0.0417129 2.02235e-19)
(18.1168 0.0177605 1.27211e-19)
(20.1224 0.0081045 0)
(18.5354 0.000713251 2.89725e-19)
(24.5302 -0.0803313 0)
(24.4672 -0.0821689 0)
(24.3925 -0.085241 7.35168e-21)
(24.3055 -0.0883156 6.62922e-21)
(24.2029 -0.0919158 -1.19377e-20)
(24.0817 -0.0958385 1.07112e-20)
(23.9373 -0.10032 9.60429e-21)
(23.7643 -0.105455 -1.72148e-20)
(23.5552 -0.111765 -1.54181e-20)
(23.3006 -0.119895 2.75251e-20)
(22.9865 -0.130388 0)
(22.5917 -0.147033 2.19302e-20)
(22.0949 -0.175826 -3.90973e-20)
(21.4186 -0.208931 -6.9129e-20)
(20.4863 -0.232146 8.67537e-23)
(19.2352 -0.233687 4.88506e-20)
(17.7699 -0.219695 0)
(16.1153 -0.195308 5.91049e-20)
(14.4546 -0.169789 0)
(12.7103 -0.151074 -6.76821e-20)
(10.9844 -0.16204 0)
(8.72729 -0.193716 4.14459e-20)
(5.63575 -0.140959 0)
(3.84174 -0.0336705 0)
(3.59764 0.0496956 -3.93901e-23)
(5.31081 0.0913592 0)
(7.79787 0.0933789 3.21888e-20)
(11.0441 0.0723649 0)
(13.3821 0.0558831 0)
(16.9579 0.0333348 -2.13385e-19)
(17.6932 0.0137392 -1.35295e-19)
(19.6245 0.00631208 0)
(17.9992 0.000617849 -3.03681e-19)
(23.6626 -0.0641493 0)
(23.5982 -0.065677 0)
(23.5217 -0.0684301 -7.78027e-21)
(23.4327 -0.071098 -6.97317e-21)
(23.3274 -0.0741937 0)
(23.203 -0.077478 -7.87387e-24)
(23.0542 -0.0811772 -9.94172e-21)
(22.8761 -0.0853527 0)
(22.6602 -0.0904878 -1.57833e-20)
(22.3972 -0.0971368 -2.80888e-20)
(22.0719 -0.105665 -2.49641e-20)
(21.6634 -0.119864 -2.21509e-20)
(21.1423 -0.144507 3.9285e-20)
(20.4202 -0.171405 0)
(19.4313 -0.188294 5.86109e-20)
(18.1442 -0.187063 -4.74079e-20)
(16.6831 -0.174227 0)
(15.0672 -0.154132 0)
(13.4683 -0.133913 0)
(11.7915 -0.11982 0)
(10.1197 -0.131287 0)
(7.83116 -0.158247 -4.02976e-20)
(4.72649 -0.113427 0)
(3.04865 -0.025033 0)
(2.93754 0.042475 2.98824e-20)
(4.79961 0.0758167 0)
(7.3945 0.0765625 -6.52353e-20)
(10.6981 0.0588627 0)
(13.0574 0.044995 0)
(16.6142 0.0264383 -1.14082e-19)
(17.2609 0.010534 -7.27129e-20)
(19.1075 0.00490497 0)
(17.4533 0.000605784 1.60222e-19)
(22.8166 -0.0503919 -2.61541e-21)
(22.7515 -0.0516806 0)
(22.674 -0.0541475 4.11364e-21)
(22.5839 -0.0564556 0)
(22.4769 -0.05909 0)
(22.3502 -0.0617972 -1.16205e-20)
(22.1984 -0.0648013 -1.03148e-20)
(22.0165 -0.0681368 0)
(21.7957 -0.0722511 0)
(21.5269 -0.0776017 0)
(21.1934 -0.0844347 2.5498e-20)
(20.7753 -0.0963628 0)
(20.2334 -0.116976 0)
(19.4726 -0.138379 0)
(18.4431 -0.150512 0)
(17.1407 -0.148027 0)
(15.6992 -0.137021 0)
(14.1292 -0.120913 0)
(12.5913 -0.105137 0)
(10.9778 -0.0946322 -3.17156e-20)
(9.35511 -0.105747 0)
(7.03637 -0.128356 -3.94082e-20)
(3.92957 -0.0907986 0)
(2.35729 -0.0186216 0)
(2.36111 0.035735 0)
(4.34694 0.0623104 0)
(7.02865 0.0622612 3.34424e-20)
(10.3719 0.0475031 0)
(12.7399 0.0359135 0)
(16.2591 0.0207802 -7.98885e-23)
(16.815 0.00799261 7.88444e-20)
(18.566 0.00380892 0)
(16.8929 0.000649321 0)
(21.9844 -0.0388533 2.79859e-21)
(21.9194 -0.0399606 0)
(21.8417 -0.0421644 -4.37177e-21)
(21.7513 -0.0441463 0)
(21.6437 -0.0463568 0)
(21.516 -0.0485473 0)
(21.3625 -0.0509439 1.07887e-20)
(21.1785 -0.0535589 0)
(20.9551 -0.0567999 0)
(20.6831 -0.0610338 0)
(20.3451 -0.066423 -1.31125e-20)
(19.9215 -0.0762543 0)
(19.3634 -0.0930947 0)
(18.5737 -0.109818 -1.73505e-20)
(17.52 -0.118514 0)
(16.2196 -0.115752 0)
(14.8087 -0.106793 -1.78097e-20)
(13.2884 -0.0941875 0)
(11.8095 -0.0820593 0)
(10.2555 -0.0743138 3.15279e-20)
(8.67799 -0.0845417 0)
(6.33356 -0.10325 3.92174e-20)
(3.23518 -0.0722271 0)
(1.7582 -0.0138543 0)
(1.8601 0.0296178 0)
(3.94617 0.0506839 0)
(6.69464 0.0501626 0)
(10.0603 0.0379821 -5.06379e-20)
(12.4244 0.0283669 0)
(15.8863 0.0161554 1.34984e-19)
(16.3495 0.00599021 8.65e-20)
(17.9936 0.00296392 0)
(16.312 0.000728487 -9.13907e-20)
(21.1561 -0.0293168 0)
(21.0921 -0.0302859 0)
(21.0152 -0.0322401 -4.67441e-21)
(20.9256 -0.0339199 -4.13458e-21)
(20.8182 -0.035742 3.65366e-21)
(20.6907 -0.0374769 6.45122e-21)
(20.5372 -0.0393522 -5.69052e-21)
(20.3532 -0.0413609 0)
(20.1296 -0.0438662 -8.83615e-21)
(19.8573 -0.0471559 0)
(19.5187 -0.0513278 1.36654e-20)
(19.0943 -0.0592477 0)
(18.526 -0.0726695 0)
(17.7185 -0.085528 1.7732e-20)
(16.6566 -0.09181 0)
(15.3725 -0.0893335 0)
(14.0002 -0.0823643 1.78566e-20)
(12.5317 -0.0727274 0)
(11.1097 -0.0635523 0)
(9.61178 -0.0579127 0)
(8.07694 -0.0669586 0)
(5.71412 -0.0822372 0)
(2.63439 -0.057005 0)
(1.24319 -0.0102986 0)
(1.42749 0.024182 7.73346e-21)
(3.59157 0.0407576 0)
(6.38722 0.039978 1.83857e-20)
(9.75774 0.0300323 5.41636e-20)
(12.1047 0.0221214 -5.17216e-20)
(15.4877 0.0123918 0)
(15.8568 0.00442454 -4.79877e-20)
(17.382 0.00232256 0)
(15.7028 0.000830165 1.48636e-19)
(20.3193 -0.0215618 -1.63513e-21)
(20.2572 -0.0224221 0)
(20.1821 -0.0241322 7.585e-21)
(20.0942 -0.0255291 8.91868e-21)
(19.9885 -0.0269988 -3.93055e-21)
(19.8626 -0.0283396 -6.92199e-21)
(19.7107 -0.029776 2.99411e-24)
(19.5288 -0.0312839 0)
(19.3078 -0.0331786 9.40513e-21)
(19.0385 -0.0356822 0)
(18.7036 -0.0388379 0)
(18.2833 -0.0450456 -1.25801e-20)
(17.7121 -0.0554605 -1.08943e-20)
(16.8992 -0.065197 0)
(15.8443 -0.0698118 0)
(14.5886 -0.067889 0)
(13.2607 -0.0627071 -1.82073e-20)
(11.8455 -0.0555245 1.38268e-20)
(10.4789 -0.0487131 -1.07248e-20)
(9.03462 -0.0446723 0)
(7.54128 -0.0524108 0)
(5.1699 -0.0647212 2.01728e-20)
(2.11912 -0.0445463 0)
(0.805153 -0.00763494 -6.79906e-21)
(1.05727 0.0194328 -8.02739e-21)
(3.27803 0.0323457 8.25879e-21)
(6.10128 0.0314464 4.37919e-23)
(9.45848 0.0234212 0)
(11.7741 0.0169775 5.71476e-20)
(15.0537 0.00934561 8.46511e-20)
(15.3271 0.00321232 -5.40368e-20)
(16.7208 0.00184697 0)
(15.0552 0.00094664 -5.4397e-20)
(19.4576 -0.0153712 1.80222e-21)
(19.3985 -0.0161388 0)
(19.3262 -0.0176058 -2.77545e-21)
(19.2412 -0.0187381 -4.88424e-21)
(19.1383 -0.0198933 0)
(19.0155 -0.0209006 0)
(18.8674 -0.0219744 3.31369e-21)
(18.6898 -0.023076 0)
(18.4744 -0.0244716 0)
(18.2117 -0.0263302 -8.9114e-21)
(17.885 -0.0286472 7.77747e-21)
(17.4743 -0.0333537 2.02719e-20)
(16.9088 -0.0411936 1.16351e-20)
(16.1042 -0.0484457 0)
(15.0708 -0.0519097 0)
(13.8544 -0.0506165 0)
(12.5762 -0.0469554 2.85819e-20)
(11.2159 -0.0417612 -1.57987e-23)
(9.90394 -0.0368242 1.12978e-20)
(8.51225 -0.0339907 0)
(7.06072 -0.0404125 0)
(4.69294 -0.0501844 -2.11093e-20)
(1.68202 -0.0343668 0)
(0.437963 -0.00562855 7.12768e-21)
(0.744273 0.0153414 0)
(3.00079 0.0252671 -8.82583e-21)
(5.83149 0.0243357 -3.21829e-20)
(9.15548 0.0179482 0)
(11.4234 0.0127658 0)
(14.5711 0.00689738 -9.73105e-20)
(14.7471 0.0022859 0)
(15.9956 0.00150867 0)
(14.3552 0.00107434 -3.03191e-20)
(18.5489 -0.0105376 0)
(18.4938 -0.0112169 0)
(18.4254 -0.0124409 0)
(18.3444 -0.0133291 0)
(18.2458 -0.014209 -2.39426e-21)
(18.1279 -0.0149411 4.20073e-21)
(17.9857 -0.0157206 3.68234e-21)
(17.8151 -0.0164991 0)
(17.6086 -0.0174935 0)
(17.3563 -0.0188305 4.9323e-21)
(17.0429 -0.0204653 -8.58687e-21)
(16.6481 -0.0238884 -7.437e-21)
(16.0983 -0.0295769 0)
(15.3164 -0.0348695 0)
(14.3192 -0.0375208 0)
(13.1527 -0.0368162 0)
(11.9299 -0.0343938 -2.05098e-20)
(10.6276 -0.0307813 -1.56649e-20)
(9.37099 -0.0273157 0)
(8.03238 -0.0253881 0)
(6.62466 -0.0305583 0)
(4.27507 -0.038181 0)
(1.31641 -0.0260686 0)
(0.136306 -0.00410738 7.62983e-21)
(0.484009 0.0118603 4.59797e-21)
(2.75514 0.0193519 -4.84367e-21)
(5.57177 0.018442 1.19803e-20)
(8.83971 0.0134421 0)
(11.0404 0.00934338 0)
(14.0217 0.00494835 0)
(14.0983 0.00159075 0)
(15.1868 0.00128654 0)
(13.5832 0.00121637 3.4442e-20)
(17.5617 -0.00686648 0)
(17.5117 -0.00745346 0)
(17.4483 -0.00843684 1.7825e-21)
(17.3725 -0.00910497 0)
(17.2799 -0.00974969 6.48996e-25)
(17.1688 -0.0102608 -4.80716e-21)
(17.0351 -0.0108061 0)
(16.8743 -0.0113329 0)
(16.6804 -0.0120111 -3.21647e-21)
(16.4429 -0.0129333 1.77396e-24)
(16.1483 -0.014025 0)
(15.7765 -0.0163828 0)
(15.2542 -0.0203173 7.18801e-21)
(14.5111 -0.0240704 5.92121e-21)
(13.5656 -0.0261183 0)
(12.4611 -0.025897 0)
(11.3012 -0.0244411 1.14581e-20)
(10.0622 -0.0220614 0)
(8.86361 -0.0197365 0)
(7.58093 -0.0184825 1.06244e-20)
(6.22118 -0.02251 0)
(3.90741 -0.028329 0)
(1.01602 -0.0193253 0)
(-0.104404 -0.00294588 -8.40218e-21)
(0.272512 0.00893284 -5.09824e-21)
(2.53604 0.0144456 5.4478e-21)
(5.31439 0.0135892 0)
(8.49829 0.00975785 0)
(10.6069 0.00659041 0)
(13.3783 0.00341751 6.91464e-20)
(13.3528 0.00108322 0)
(14.2655 0.0011689 0)
(12.7108 0.00138151 0)
(16.4488 -0.00417858 1.38054e-21)
(16.4049 -0.00466339 1.20461e-21)
(16.3476 -0.00541451 -2.11507e-21)
(16.2787 -0.00589074 0)
(16.1939 -0.00633936 3.25001e-21)
(16.0919 -0.00667839 0)
(15.9694 -0.00704205 0)
(15.8217 -0.00737811 4.35865e-21)
(15.6446 -0.00781356 3.80729e-21)
(15.4267 -0.008413 6.64479e-21)
(15.1573 -0.00908498 0)
(14.8167 -0.0105897 0)
(14.3356 -0.0131338 -8.47816e-21)
(13.6497 -0.0156806 -1.39127e-20)
(12.7743 -0.0172465 0)
(11.7472 -0.017372 0)
(10.6611 -0.0166322 -6.71175e-21)
(9.49435 -0.0151881 0)
(8.35994 -0.0137313 0)
(7.13946 -0.0129709 -6.28023e-21)
(5.8351 -0.015986 0)
(3.57932 -0.0203044 0)
(0.774671 -0.0138705 0)
(-0.28805 -0.00205263 -4.79754e-21)
(0.106241 0.00649999 2.9366e-21)
(2.3374 0.0104107 6.38906e-21)
(5.04828 0.00962662 -8.29101e-21)
(8.11108 0.00677447 0)
(10.0937 0.00440779 2.79579e-20)
(12.5986 0.00223943 -4.32778e-20)
(12.4676 0.000729585 2.6726e-20)
(13.1871 0.00115352 0)
(11.6938 0.00158934 0)
(15.1347 -0.00230976 -1.71115e-21)
(15.0979 -0.00268185 -2.98707e-21)
(15.048 -0.00321613 0)
(14.9874 -0.00353197 -1.14945e-21)
(14.9126 -0.00382322 -2.01456e-21)
(14.8222 -0.0040333 1.76509e-21)
(14.7142 -0.00426008 3.09033e-21)
(14.5833 -0.00445712 -5.41254e-21)
(14.4275 -0.0047127 -2.36523e-21)
(14.2349 -0.00506924 -4.13248e-21)
(13.9979 -0.00543182 0)
(13.6984 -0.00628597 -6.22256e-21)
(13.2743 -0.0077687 0)
(12.6681 -0.00937749 8.68074e-21)
(11.8863 -0.0105274 0)
(10.9583 -0.010854 5.38499e-21)
(9.96326 -0.0106046 8.41462e-21)
(8.8846 -0.00984153 0)
(7.82605 -0.0090252 -5.08637e-21)
(6.67983 -0.00861643 -7.90945e-21)
(5.4437 -0.0107572 -6.21734e-21)
(3.27631 -0.0138366 -8.85132e-21)
(0.585574 -0.00949106 0)
(-0.417683 -0.00136137 2.88933e-21)
(-0.017995 0.00450473 -3.55537e-21)
(2.15079 0.00712861 -7.89996e-21)
(4.75532 0.00642978 1.05541e-20)
(7.64284 0.00439388 0)
(9.44925 0.0027151 -3.70856e-20)
(11.6113 0.00136315 3.21001e-24)
(11.3707 0.000505915 -6.90242e-20)
(11.8781 0.0012568 0)
(10.46 0.0018788 0)
(13.4866 -0.00111061 1.12544e-21)
(13.4578 -0.00136369 1.96641e-21)
(13.4168 -0.00170554 0)
(13.3663 -0.00189507 1.51544e-21)
(13.3038 -0.00206598 1.32929e-21)
(13.2279 -0.00218393 -1.90407e-25)
(13.1378 -0.00231237 -4.08817e-21)
(13.0279 -0.00241375 0)
(12.8984 -0.00254371 3.14131e-21)
(12.7374 -0.00272738 5.50294e-21)
(12.541 -0.00287968 0)
(12.2941 -0.00327468 4.17401e-21)
(11.946 -0.00399665 0)
(11.4476 -0.00489347 0)
(10.7917 -0.00566659 -4.72161e-21)
(9.99628 -0.00605317 -7.38929e-21)
(9.12169 -0.00609277 0)
(8.15949 -0.00578945 0)
(7.19936 -0.00541864 7.04755e-21)
(6.15062 -0.00524614 0)
(5.0063 -0.00665057 8.59985e-21)
(2.9747 -0.00871585 1.19247e-20)
(0.439848 -0.00603916 0)
(-0.494928 -0.000825673 3.77568e-21)
(-0.102984 0.00289789 0)
(1.96222 0.00450459 0)
(4.40096 0.00390282 7.36265e-21)
(7.02381 0.00254075 0)
(8.57346 0.00144739 0)
(10.2865 0.000751094 -1.18602e-19)
(9.93367 0.000398464 4.70356e-20)
(10.2094 0.00151358 6.03368e-20)
(8.88792 0.00228823 0)
(11.2454 -0.000437089 -2.39654e-21)
(11.2252 -0.000577404 0)
(11.1944 -0.000760686 0)
(11.1559 -0.000857697 0)
(11.1084 -0.000943393 9.47877e-22)
(11.0501 -0.000999467 -3.33105e-21)
(10.9814 -0.00106096 0)
(10.8969 -0.00110203 0)
(10.7991 -0.00115261 0)
(10.6766 -0.00122505 1.98949e-21)
(10.5297 -0.00125543 0)
(10.3482 -0.00136886 6.10974e-21)
(10.098 -0.00160649 5.26732e-21)
(9.74246 -0.00199646 -4.40818e-21)
(9.25856 -0.00242927 3.5968e-21)
(8.64931 -0.00275229 0)
(7.94775 -0.00290548 0)
(7.15634 -0.00286806 7.0506e-21)
(6.34069 -0.00277224 0)
(5.43739 -0.00274043 0)
(4.43305 -0.00354581 0)
(2.62575 -0.00479959 0)
(0.321524 -0.00339826 5.99249e-21)
(-0.5177 -0.000413442 2.8318e-21)
(-0.150527 0.00165116 0)
(1.74243 0.00247644 0)
(3.90641 0.0019706 -1.76141e-20)
(6.09626 0.00114876 0)
(7.25295 0.000544912 0)
(8.37862 0.000377944 5.77499e-20)
(7.92666 0.000403142 0)
(7.96766 0.00195028 -8.05772e-20)
(6.8055 0.00279138 -1.26978e-20)
(7.92136 -0.000126191 1.14517e-21)
(7.90966 -0.000179152 5.00867e-22)
(7.89028 -0.000246222 -4.40227e-22)
(7.86567 -0.000280679 -7.73597e-22)
(7.83531 -0.000310377 6.80001e-22)
(7.79756 -0.00032846 -1.19612e-21)
(7.75368 -0.000348395 -1.0528e-21)
(7.69895 -0.000357791 -9.27864e-22)
(7.63743 -0.000367674 0)
(7.56001 -0.000382128 -4.33763e-21)
(7.47038 -0.000367936 0)
(7.36467 -0.000359974 2.25501e-21)
(7.22956 -0.000368035 -7.89988e-21)
(7.04777 -0.000452532 6.78076e-21)
(6.78684 -0.000601011 5.70641e-21)
(6.43707 -0.000762972 0)
(5.99486 -0.000877624 0)
(5.47393 -0.000928654 -1.22687e-20)
(4.89745 -0.000950907 -4.95949e-21)
(4.24311 -0.000973593 0)
(3.48719 -0.00129675 6.26573e-21)
(2.10059 -0.00188428 -4.30137e-21)
(0.193453 -0.00131046 -9.37273e-21)
(-0.470042 -8.33695e-05 -5.25593e-21)
(-0.158157 0.000726065 1.63457e-21)
(1.41214 0.000948133 0)
(3.06234 0.000527962 1.07218e-20)
(4.50148 0.000163333 0)
(5.09384 -2.9404e-05 0)
(5.56996 0.000221511 0)
(5.12868 0.000482403 0)
(5.03077 0.00238495 -2.3999e-20)
(4.20489 0.00307844 1.44143e-20)
(3.5496 -1.78214e-05 0)
(3.54412 -1.68457e-05 -5.51567e-22)
(3.53471 -2.14529e-05 4.81765e-22)
(3.52279 -2.52845e-05 8.41964e-22)
(3.50811 -2.77942e-05 7.36709e-22)
(3.4898 -2.906e-05 1.29085e-21)
(3.46877 -3.01883e-05 1.13275e-21)
(3.44242 -2.93289e-05 9.95852e-22)
(3.41364 -2.75537e-05 0)
(3.3775 -2.50203e-05 1.54914e-21)
(3.33733 -1.5441e-05 0)
(3.29276 2.18296e-06 -2.43087e-21)
(3.24236 3.04023e-05 0)
(3.18327 4.97411e-05 0)
(3.09602 5.25835e-05 0)
(2.97434 3.66591e-05 0)
(2.80307 1.81246e-05 0)
(2.59688 -2.75323e-06 0)
(2.34588 -2.30552e-05 6.70074e-21)
(2.05783 -3.39721e-05 0)
(1.70953 -5.48551e-05 -9.09817e-21)
(1.07801 -0.000149851 6.88301e-21)
(0.0185304 9.91266e-05 -2.65128e-21)
(-0.279835 9.05609e-05 0)
(-0.102297 0.000131355 -3.02436e-21)
(0.747252 3.53059e-05 0)
(1.47023 -0.000165161 0)
(1.96853 -0.000174002 0)
(2.11714 -0.000141307 0)
(2.22743 0.000103812 0)
(1.99635 0.000281739 0)
(1.92164 0.0013351 1.89228e-20)
(1.56338 0.00160855 0)
)
;

boundaryField
{
    inlet
    {
        type            fixedValue;
        value           uniform (44.2 0 0);
    }
    outlet
    {
        type            zeroGradient;
    }
    lowerWallStartup
    {
        type            symmetryPlane;
    }
    upperWallStartup
    {
        type            symmetryPlane;
    }
    upperWall
    {
        type            noSlip;
    }
    lowerWall
    {
        type            noSlip;
    }
    front
    {
        type            empty;
    }
    back
    {
        type            empty;
    }
}


// ************************************************************************* //
